IDs,company_short,company_short_refs,n
20030716-0209; 20060628-0012; 20040902-0041; 20040824-0164; 20040813-0002; 20040716-0159; 20040716-0158; 20040712-0075; 20040712-0074; 20040618-0006; 20030220-0083; 20021104-0076; 20021008-0089; 20021008-0081; 20021008-0062; 20021008-0059; 20020923-0162; 20020702-0042; 20020625-0063; 20020610-0326; 20020604-0437; 20020524-0456; 20020524-0455; 20020521-0017; 20020510-0257; 20020506-0181; 20020419-0157; 20020403-0764; 20020403-0762; 20020403-0567; 20020304-0355; 20020304-0353; 20020304-0245; 20020304-0244; 20020215-0229; 20020215-0228; 20020214-0732; 20020214-0727; 20030221-0291,Enron,Enron; Enron Corporation; Enron Co.; Enron Corp,85
20151124-0021; 20150507-0015; 20150430-0037; 20180731-0107; 20180726-5029; 20180720-0008; 20180515-0006; 20180511-0008; 20180330-0012; 20180216-0014; 20180111-0006; 20170921-0021; 20170915-0007; 20170714-4014(partial); 20170214-0133; 20151211-0026; 20141112-0113; 20141104-0024; 20141020-4009; 20170802-0031; 20170609-0037; 20170508-0009(partial); 20160826-0009; 20160617-0025; 20160406-0022; 20160329-0031; 20160325-0008; 20151203-0012(partial); 20150826-0036; 20150826-0031; 20150603-0088; 20150504-0007; 20150410-0009; 20150311-0008; 20150311-0007; 20150303-0016,Atlanticst,"Atlantic Coast Pipeline,; Atlantic Coast Pipeline; Atlantic Coast Pipeline Project; Atlantic Coast Pipeline project",64
20020509-0028; 20020509-0027; 20020506-0005,Regional Transmission Organization West,Regional Transmission Organization West,60
20080619-0123; 20150126-0033; 20150115-0028; 20141229-0090; 20130108-0016; 20030305-0180; 20021206-0098; 20021018-0239; 20020610-0153; 20020610-0152; 20020610-0151; 20020610-0149; 20020610-0148; 20020610-0147; 20020610-0146; 20020610-0145; 20020610-0144; 20020610-0143; 20020610-0142; 20020610-0141; 20020524-0542; 20020521-0016; 20020521-0015; 20020521-0014; 20020521-0013; 20020521-0012; 20020521-0011; 20020521-0010; 20020509-0097; 20020423-0285; 20020423-0283; 20020423-0282; 20020423-0281; 20020423-0280; 20020423-0279; 20020423-0278; 20020423-0120; 20020423-0119; 20020423-0118; 20020423-0117; 20020423-0116; 20020423-0115; 20020423-0114; 20020423-0106; 20020403-0672; 20020403-0671; 20020403-0669; 20020403-0668; 20020403-0667; 20020403-0666; 20020403-0653; 20020403-0651; 20020403-0649; 20020318-0738; 20020315-0080; 20020311-0007; 20011010-0217; 20011005-0099; 20010806-0443,Dominion Transmission,"Dominion Transmission,; Dominion Transmission",59
20171208-0016; 20160523-0008; 20021008-0082; 20020617-0403; 20001229-0112; 20170508-0011(partial); 20110302-0023; 20101119-0024; 20100804-0015; 20100525-0030; 20100525-0021; 20080522-0130; 20080522-0129; 20061011-0271(partial); 20061010-0221; 20041018-0033; 20021206-0130; 20021206-0098; 20021018-0239; 20021008-0087; 20021008-0068; 20021008-0066; 20021008-0060; 20020813-0003; 20020730-0177; 20020520-1521; 20020503-0166; 20020423-0284; 20011004-0504; 20011004-0498; 20011002-0352; 20010709-0593; 20010709-0410; 20010703-0111; 20011018-0219; 20010820-0097,Duke,"Duke; Duke, Dynergy, Mirant, Reliant, AES and Williams",56
20180411-0025; 20171020-0018; 20170918-0007; 20170802-0031; 20170609-0037; 20150826-0036; 20150826-0031; 20060622-0070; 20030123-0074; 20021023-0211; 20021001-0192; 20021001-0191; 20020930-0236; 20020930-0230; 20020930-0229; 20020930-0228; 20020930-0227; 20020930-0226; 20020930-0220; 20020926-0397; 20020924-0059; 20020910-0166; 20020910-0164; 20020909-0633; 20020909-0178; 20020823-0296; 20020815-0648; 20020815-0640; 20020813-0319; 20020813-0007; 20020716-0149; 20020716-0145; 20020716-0141; 20020716-0140; 20020702-0076; 20020702-0068; 20020702-0061; 20020625-0315; 20020625-0314; 20020625-0313; 20020625-0312; 20020625-0311; 20020625-0310; 20020625-0309; 20020621-0230; 20020617-0409; 20020610-0156; 20020610-0155; 20020610-0154; 20010709-0426,Dominion,"Dominion; Dominion, Duke, Piedmont NEnural Qas, and  AGL Resources.; Dominion Gas; Dominion Corp; Dominion Pipeline Corp; Dominion Gas Pipeline project",51
20171129-0011; 20171012-0012; 20170615-0007; 20160506-0033; 20160315-0013; 20160119-0008; 20151103-0008; 20151103-0007; 20040305-0198; 20130124-0015; 20120712-0003; 20090908-0068; 20090812-0016; 20090527-0015; 20090508-0077; 20081222-0201; 20081113-0083; 20081001-0013; 20081001-0012; 20080731-0190; 20020807-3146; 20020204-0078; 20020129-0194; 20020117-0167; 20020117-0166; 20020117-0098; 20020102-0245; 20020102-0240; 20020102-0093; 20020102-0092; 20020102-0090; 20020102-0089; 20020102-0088; 20011108-0078; 20010815-0584; 20150129-0016; 20010820-0130,Columbia Gas Transmission,"Columbia Gas Transmission,; Columbia Gas Transmission; Columbia Gas Transmission Corporation; Columbia Gas Transmission Corp; Columbia Gas Transmission Pipeline",51
20170809-0032; 20170802-0032; 20170728-0018; 20170712-0125; 20170712-0119; 20170707-0013; 20160519-0010; 20160419-0011; 20160419-0010; 20160411-0008; 20150402-0007; 20150115-0026; 20141229-0087; 20120816-0006; 20091028-0041; 20150420-0007; 20150204-0013; 20060907-0127; 20060823-0271,Pacificnector,Pacific Connector Gas Pipeline project; Pacific Connector Gas Pipeline Project; Pacific Connector Pipeline project; Pacific Connector Project; Pacific Connector Gas Pipeline; Pacific Connector Pipeline Projects,51
20030623-0120; 20030320-0389; 20030320-0395; 20030320-0394; 20030313-0205; 20021104-0114; 20040525-0094; 20030612-0044; 20031120-0108; 20030813-0102; 20030602-0112; 20030326-0285; 20030305-0180; 20021023-0211; 20020919-0119; 20020610-0153; 20020610-0152; 20020610-0151; 20020610-0149; 20020610-0148; 20020610-0147; 20020610-0146; 20020610-0145; 20020610-0144; 20020610-0143; 20020610-0142; 20020610-0141; 20020524-0542; 20020521-0016; 20020521-0015; 20020521-0014; 20020521-0013; 20020521-0012; 20020521-0011; 20020521-0010; 20020403-0672; 20020403-0671; 20020403-0669; 20020403-0668; 20020403-0667; 20020403-0666; 20020403-0655; 20020403-0653; 20020403-0651; 20020403-0649; 20020318-0738; 20020315-0080; 20020311-0007; 20010709-0426,Greenbrier,Greenbrier Pipeline Corporation; Greenbrier Pipeline; Greenbrier Pipeline Co.; Greenbrier Pipeline Project; Greenbrier Pipeline Project.,50
20150402-0009; 20160105-0021; 20150518-0133; 20150430-0038; 20150204-0011; 20160510-0011; 20160510-0010; 20160428-0006; 20160405-0074; 20160401-0060; 20160329-0033; 20160325-0007; 20160309-0119; 20160226-0015; 20160212-0013; 20151216-0008; 20151103-0009; 20151022-0040; 20151020-0012; 20151019-0007; 20150914-0025; 20150914-0007; 20150908-0011; 20150812-0015; 20150804-0057; 20150730-0012; 20150728-0017; 20150715-0058; 20150505-0193; 20150311-0006; 20141107-0007,Northeast,Northeast,46
20141121-0009; 20040312-0255,NO,NO,44
20040322-0258; 20040312-0255,Regional Transmission Organization,Regional Transmission Organization,42
20150204-0011; 20141229-0090; 20160624-0017; 20160510-0011; 20160428-0006; 20160329-0033; 20160325-0007; 20160309-0119; 20160226-0015; 20160212-0013; 20151216-0008; 20151103-0009; 20151022-0040; 20151019-0007; 20150914-0025; 20150914-0007; 20150908-0011; 20150908-0010; 20150908-0009; 20150812-0015; 20150730-0012; 20150728-0017; 20150610-0008; 20090113-0362(partial); 20081204-0022(partial); 20080102-0300; 20000811-0256,Kinder Morgan,"Kinder Morgan; Kinder Morgan,",40
20061130-0116; 20061120-0032; 20061106-0188; 20060802-0114; 20020521-0105; 20011019-0105; 20011004-0492; 20010806-0447; 20010709-0369; 20000828-0333; 20020604-0424; 20020604-0087; 20020509-0111; 20020403-0652; 20020129-0194; 20020102-0245; 20020102-0093; 20020102-0090; 20020102-0089; 20020102-0088; 20011221-0270; 20010806-0440; 20010716-0099; 20010705-0289; 20001005-0097; 20000828-0319,Millenium,Millenium Pipeline; Millenium; Millenium Pipeline Project; Millenium Pipeline/Columbia Gas Project,40
20021001-0192; 20021001-0191; 20021001-0190; 20020930-0236; 20020930-0230; 20020930-0229; 20020930-0228; 20020930-0227; 20020930-0226; 20020930-0220; 20020926-0397; 20020924-0059; 20020910-0166; 20020910-0164; 20020909-0633; 20020909-0178; 20020823-0296; 20020815-0648; 20020815-0640; 20020813-0319; 20020813-0007; 20020716-0149; 20020716-0145; 20020716-0141; 20020716-0140; 20020702-0076; 20020702-0068; 20020702-0061; 20020625-0315; 20020625-0314; 20020625-0313; 20020625-0312; 20020625-0311; 20020625-0310; 20020625-0309; 20020621-0230; 20020617-0409; 20020610-0156; 20020610-0155; 20020610-0154,Dominion's Greenbrier,Dominion's Greenbrier Pipeline Project,40
20040716-0364; 20100830-0005; 20080722-0015; 20080611-0073; 20041018-0032; 20040928-0117; 20040928-0110; 20040928-0108; 20040922-0114; 20040726-0299; 20040720-0182; 20041001-0011; 20040922-0115; 20040304-0096,Weaver'se,"Weaver's Cove; Weaver's Cove,",39
20011019-0270; 20010111-0319; 20020807-3143; 20010329-0009; 20010329-0005; 20010329-0003; 20010329-0002,ISO New England,"ISO New England; ISO New England,Inc.; ISO New England,Inc",39
20160629-0006; 20150602-0300; 20180814-0008; 20180731-0107; 20180726-5029; 20180330-0012; 20180111-0006; 20171020-0014; 20160909-0033; 20151211-0026; 20181207-0010; 20181204-0008; 20180619-0011; 20180124-0062; 20170619-0007; 20170214-0132; 20170111-0035; 20161216-0006; 20160921-0011; 20160818-0006; 20160808-0034; 20151029-0040; 20151026-0085; 20150824-0015; 20150729-0052; 20150702-0024,Mountain Valley,"Mountain Valley Pipeline; Mountain Valley Pipeline,; Mountain Valley Pipeline Project; Mountain Valley Pipeline project; Mountain Valley Pipeline - Southgate",37
20160908-0008; 20160602-0013; 20151223-0021; 20150302-0021; 20131009-0016; 20120210-0001; 20120113-0002; 20180223-0007; 20170405-0192; 20170201-0010; 20170109-0048; 20161216-0007; 20161004-0075; 20160805-0007; 20160729-0015; 20160729-0014; 20160614-0011; 20160601-0006; 20150625-0023; 20150408-0006; 20140424-0016; 20100318-0018; 20090908-0072(partial); 20080919-0123(partial); 20080731-0186(partial); 20080424-0053; 20071217-0183,Spectra,"Spectra, Energy.; Spectra",36
20150430-0038; 20141006-0054; 20180111-0007; 20170428-0009; 20170421-0006; 20161014-0011; 20160926-0009; 20160624-0017; 20160510-0011; 20160510-0010; 20160405-0074; 20160309-0119; 20160212-0008; 20151020-0012; 20150908-0010; 20150908-0009; 20150902-0023; 20150715-0058; 20150518-0133; 20141107-0007; 20120712-0011; 20020318-0734; 20010709-0434; 20010709-0433; 20000828-0095; 20020315-0274; 20020301-0098,Tennessee,Tennessee Gas Pipeline; Tennessee Gas Pipeline Co; Tennessee Gas,35
20171020-0019; 20110816-0036; 20000828-0092; 20000828-0051; 20180516-0006; 20180326-0009; 20160926-0008; 20160301-0012; 20130625-0010; 20080929-0011; 20080919-0131; 20080820-0006; 20080310-0104; 20070402-0017; 20070312-0037; 20070308-0146; 20030813-0100; 20020117-0079; 20010806-0434; 20010806-0433; 20010709-0367; 20010627-0095; 20010622-0220; 20010329-0065; 20000911-0352; 20070402-0018,Transcontinental,Transcontinental Gas Pipe Line; Transcontinental Gas Pipeline; Transcontinental Gas Pipeline Corporation; Transcontinental Pipeline Corporation; Transcontinental Pipeline; Transcontinental Gas; Transcontinental Gas Pipe Line Corporation; Transcontinental Gas Pipe Line Corp.; Transcontinental Gas Pipe Line compressor station 206; Transcontinental Gas Pipeline / Williams Sentinel Expansion Project,30
20160519-0010; 20160419-0011; 20160419-0010; 20160413-0017; 20160411-0008; 20150402-0007; 20150115-0026; 20170809-0032; 20120816-0006; 20091028-0041,Jordane,Jordan Cove,29
20101028-0010; 20151223-0021; 20150126-0032; 20161103-0022; 20161004-0075; 20160805-0007; 20160729-0015; 20150625-0023; 20150514-0028; 20150408-0006; 20150210-0059; 20150203-0051; 20140930-0027,Algonquin,Algonquin,27
20080215-0206; 20070529-0063; 20070222-0304; 20070116-4005; 20021211-0322; 20021209-0156; 20020910-0161; 20011004-0483; 20010806-0426; 20010328-0070; 20000828-0331; 20000828-0324; 20000828-0316; 20000803-0321; 20071107-0186; 20020524-0537; 20020509-0094; 20001229-0055; 20001228-0403; 20000918-0275; 20000918-0271; 20000828-0075,Guardian,"Guardian Pipeline; Guardian Pipeline Co; Guardian; Guardian Pipeline,; Guardian Pipeline Project; Guardian Pipeline project",26
20090629-0037; 20090908-0069; 20090702-0125; 20090618-0095; 20080611-0154; 20080522-0154; 20080515-0182(partial); 20080512-0256; 20080411-0032; 20071107-0195(partial); 20070807-0083; 20070709-0238(partial); 20070709-0237; 20070507-0290; 20060725-0018; 20080310-0102; 20080207-0113; 20080201-0205; 20080130-0121; 20080130-0107; 20061030-0178(partial); 20060817-0093(partial),Rockies Express,"Rockies Express Pipeline; Rockies Express,; Rockies Express Pipeline,; Rockies Express Gas; Rockies Express; Rockies Express Pipeline, East; Rockies Express Pipeline - East; Rockies Express - East Pipeline; Rockies Express Pipeline / REX East Project; Rockies Express Pipeline - East Project",25
20020117-0096; 20020102-0239; 20020102-0086; 20100910-0033(partial); 20100910-0029(partial); 20020813-0004; 20020716-0143; 20020716-0136; 20020521-0106; 20011221-0268; 20011019-0102; 20010830-0761; 20010806-0485; 20010806-0446; 20010726-0102; 20010726-0100,Florida Gas Transmission,Florida Gas Transmission,24
20130725-0017; 20080626-0022; 20040702-0082; 20031120-0152; 20031105-0382,Nevada Power,Nevada Power,22
20011019-0286,West,"West, Midwest, Northeast and Southeast Regional Transmission Organizations",22
20070223-0069; 20070119-0213; 20070112-4005,Broadwater Liquefied Natural,Broadwater Liquefied Natural Gas,21
20180511-0007; 20020102-0046; 20180611-0032; 20131009-0015; 20110411-0044; 20080522-0156,PJM Interconnection,"PJM Interconnection; PJM Interconnection,; PJM Interconnection,LLC",20
20160715-0011; 20160309-0012; 20151022-0039; 20180405-0013; 20141218-0006; 20160921-0008; 20160913-0008; 20160801-0067; 20170324-0041; 20170125-0013; 20170105-0016; 20160801-0065; 20160713-0006; 20160606-0198; 20150129-0019; 20150129-0017; 20141021-0036,PennEast,"PennEast; PennEast Pipeline; PennEast Pipeline Project; PennEast Pipeline Project, Docket No. CP15-558-000; PennEast Pipelinne; PennEast Pipelinne Project",20
20040212-0120; 20161011-0018; 20110328-0003; 20081029-0112; 20081016-4009; 20080602-0040; 20040217-0007; 20021218-0422; 20020815-0660; 20020813-0008; 20020808-0147; 20020521-0110; 20020509-0114; 20020509-0093; 20020503-0218; 20020423-0105; 20010709-0593; 20001229-0058; 20020813-0022,Williams,Williams; Williams Pipeline; Williams Gas; Williams Gas Pipeline West; Williams Gas Pipeline Group; Williams Pipeline Co's pipeline through Thurston County,20
20160523-0008,CatawbaWateree Hydroelectric,CatawbaWateree Hydroelectric Project,20
20020204-0160; 20011221-0264; 20011221-0259; 20011019-0074; 20011011-0121; 20011005-0027; 20011005-0019; 20011005-0005; 20081001-0002; 20080919-0118; 20080820-0004; 20011018-0036; 20010621-0007,California Independent System Operator,California Independent System Operator,19
20140416-0025; 20100910-0040; 20040701-0068; 20150603-0093; 20141024-0020; 20040423-0053,Cheniere,Cheniere,16
20031120-0152; 20031105-0382; 20060725-0057; 20060714-0060; 20040928-0125,Enron Power Marketing,"Enron Power Marketing,; Enron Power Marketing",16
20000828-0070; 20000828-0062; 20000814-0220; 20020503-0167; 20020129-0185; 20020117-0160; 20020117-0097; 20011129-0078; 20010709-0367; 20010614-0075; 20180326-0010; 20010830-0773,Independence Energy Group,Independence Pipeline; Independence; Independence Pipeline Project,16
20130102-0018; 20021206-0127; 20021204-0085; 20020509-0108; 20011018-0299; 20040423-0304; 20020423-0090; 20020423-0089,El Paso Natural,"El Paso Natural Gas, a subsidiary of Kinder Morgan; El Paso Natural Gas; El Paso Natural Gas Pipeline",16
20010917-0262; 20020204-0078; 20020117-0167; 20020117-0166; 20020117-0098; 20020102-0240; 20020102-0092; 20011217-0093; 20011206-0243; 20011108-0078; 20010917-0242; 20010917-0213; 20010917-0212; 20010815-0584; 20010806-0486; 20010806-0435,Millenium Natural,Millenium Natural Gas Pipeline Project; Millenium Natural Gas Pipeline,16
20100830-0007; 20070719-0017; 20070716-0290; 20070702-0202(partial); 20061130-0149; 20070921-0070; 20070815-0122; 20110128-0004; 20070716-0291; 20070709-0236; 20070625-0093; 20061130-0152; 20061019-0137,Southeast Supply Header,"Southeast Supply Header; Southeast Supply Header,; Southeast Supply Header Project",15
20020423-0283; 20020423-0282; 20020423-0281; 20020423-0280; 20020423-0279; 20020423-0278; 20020423-0120; 20020423-0119; 20020423-0118; 20020423-0117; 20020423-0116; 20020423-0115; 20020423-0114; 20020423-0106; 20010806-0443,Greenbier,Greenbier Pipeline Project,15
20130812-0005; 20020716-0467; 20000330-0181; 20110328-0005; 20110210-0022; 20090501-0034; 20090427-0061; 20010831-0155; 20010820-0203; 20010412-0107; 20010329-0094; 20001229-0113; 20000828-0130,Alabama Power,Alabama Power,14
20071003-0168; 20071001-0199; 20101028-0019; 20100910-0038; 20100804-0017; 20100318-0025; 20100128-0009; 20091013-0082; 20090716-0033; 20010713-0306,PPL Montana,PPL Montana,14
20180430-0020; 20180426-0012,Driftwood LNG terminal and the Driftwood,Driftwood LNG terminal and the Driftwood Pipeline,14
20120925-0047,Trunklme,Trunklme Gas,14
20020102-0289; 20011221-0109; 20011016-0207; 20010928-0114; 20010917-0169; 20010917-0158; 20010820-0181; 20010820-0177; 20010820-0174; 20010820-0145; 20010806-0619; 20010726-0428; 20010709-0275; 20010709-0274,Clean Water Act,Clean Water Act,14
20170809-0029; 20170807-0007; 20170802-0028; 20160826-0013; 20160803-0011; 20160729-0009; 20150804-0014,Grand River Dam Authority,Grand River Dam Authority,13
20010713-0475; 20020604-0215; 20020424-0435; 20010928-0061; 20010918-0029; 20010806-0329; 20010709-0562; 20170621-0007; 20161021-0011; 20161021-0010; 20101006-0002,FERC,FERC; FERC Project No. 12569; FERC Project No. 10482; FERC Project No. 2114,13
20170807-0007; 20170802-0028; 20160808-0032; 20170619-0036,Pensacola,Pensacola Project; Pensacola Project No 1494,13
20171211-0012; 20171206-0007; 20170907-0010; 20090929-0093; 20090723-0126; 20090629-0030; 20090629-0029; 20090626-0020; 20090618-0100; 20090618-0099; 20090617-0058(partial); 20090610-5055,Nevada Hydro,Nevada Hydro,12
20110922-0009; 20110913-0012; 20000228-0775,Union Electric,Union Electric,12
20040610-0026; 20040604-0114; 20170613-4008(partial); 20170217-0007; 20110719-0003; 20100910-0037; 20100525-0023; 20091123-0150; 20091013-0008; 20080310-0107; 20040806-0024,Appalachian Power,Appalachian Power Corporation; Appalachian Power,12
20031120-0152; 20031105-0382,Sierra Pacific power,Sierra Pacific power,12
20031120-0152; 20031105-0382,Morgan Stanley Capital Group,Morgan Stanley Capital Group,12
20031120-0152; 20031105-0382,BP,BP,12
20031120-0152; 20031105-0382,Allegheny,Allegheny,12
20081204-0029; 20080611-0072; 20080515-0156,AES Sparrows Point LNG,"AES Sparrows Point LNG,",12
20041018-0032; 20040928-0117; 20040928-0108; 20040928-0110,Mill River,Mill River Pipeline Liquefied Natural Gas; Mill River Pipeline Liquefied Natural &as,12
20021008-0144; 20020716-0239; 20020625-0459; 20010709-0249,New York Power Authority,New York Power Authority,12
20040922-0213; 20101028-0009; 20041018-0032; 20040922-0114,Weaver'se LNG project,Weaver's Cove LNG project,12
20110331-0028; 20030313-0197; 20091224-0051; 20071010-0098; 20070927-0098; 20021127-0043; 20070918-0205,Northern Natural,Northern Natural Gas; Northern Natural Gas Co.,11
20170201-0009; 20150730-0011,Midcontinent Independent System Operator,"Midcontinent Independent System Operator,; Midcontinent Independent System Operator",11
20061117-5153,Iron Gate,Iron Gate,11
20061117-5153,Copco I,Copco I,11
20061117-5153,Copco II,Copco II,11
20061117-5153,J.C. Boyle,J.C. Boyle,11
20180622-0007; 20180411-0024; 20170404-0473,Denver Water,Denver Water,10
20020716-0369; 20020621-0220; 20010709-0593; 20000606-0554; 20000526-0062; 20040211-0313; 20031107-0014,Reliant,Reliant,10
20181214-0008; 20181207-0009; 20181204-0007; 20180531-0008,Rio Grande LNG,Rio Grande LNG Project,10
20031223-0419,Conservation Voltage Regulation,Conservation Voltage Regulation,10
20031107-0044; 20031030-0032; 20031030-0030; 20031030-0010,St. Lawrence and Niagara Power,St. Lawrence and Niagara Power Projects,10
20021018-0377; 20020716-0239; 20020625-0459,St Lawrence/FDR & Niagara,St Lawrence/FDR & Niagara Project,10
20090929-0093; 20090723-0126; 20090629-0030; 20090629-0029; 20090626-0020; 20090618-0100; 20090618-0099; 20090617-0058(partial); 20090610-5055; 20020509-0176,River Mountain Pumped Storage,River Mountain Pumped Storage Project,10
20070119-0137; 20070119-0136; 20070111-4011; 20061024-0158; 20061024-0156; 20061013-0060; 20061004-0166; 20060922-0025; 20060823-0235; 20060810-0085,Two Birde,Two Bird Cove,10
20180424-0006; 20020204-0160; 20011221-0264; 20011221-0259; 20011019-0074; 20011011-0121; 20011005-0027; 20011005-0019; 20011005-0005,California Department of Water Resources,California Department of Water Resources,9
20180227-0006; 20180209-0006; 20170912-0089; 20110629-0001,Woodland Pulp,Woodland Pulp,9
20160222-0007; 20160209-0024; 20160129-0008; 20150320-0022; 20150311-0010; 20140710-0007,Magnolia LNG,"Magnolia LNG; Magnolia LNG,; Magnolia LNG Project",9
20150508-0016; 20090508-0083; 20100628-5039; 20081113-0086; 20071121-0079; 20070430-0070; 20030407-0272; 20021024-0006; 20010629-0053,Pacific Gas and Electric,Pacific Gas and Electric,9
20140416-0024; 20160601-0010; 20151026-0167; 20150929-0018; 20150115-0029; 20141112-0033,Sabal Trail Transmission,"Sabal Trail Transmission,; Sabal Trail Transmission; Sabal Trail Transmission,LLC",9
20040318-0001,Wisconsin's business,"Wisconsin's business,",9
20020318-0146; 20030716-0221; 20020702-0070; 20011221-0261,Islander East,Islander East Pipeline; Islander East; Islander East Pipeline Project,9
20011019-0136; 20011019-0104; 20010928-0082; 20011018-0219; 20011011-0254; 20010917-0275; 20010820-0096; 20010709-0431; 20010709-0430,East Tennesse Natural,East Tennesse Natural Gas,9
20000828-0119; 20001228-0304; 20000918-0110; 20090114-0023(partial); 20070531-0028; 20020816-0007; 20020816-0006; 20020816-0004; 20020815-0580,Yadkin,Yadkin; Yadkin Project,9
20170928-0006; 20020522-0216; 20020521-0383; 20020521-0223; 20020521-0202; 20020403-0720; 20010716-0135; 20010629-0180; 20010612-0180,Sabine River Authority,Sabine River Authority,9
20080813-0285; 20080616-0014; 20080611-0084(partial); 20080522-0150; 20080522-0149; 20080207-0113; 20080102-0300; 20090918-0094; 20080602-0021,REX,REX; REX Pipeline,9
20160602-0013; 20180928-0014; 20170201-0010; 20160729-0014; 20160601-0006; 20160121-0095,Atlantic Bridge,Atlantic Bridge Project,9
20021008-0144,St. Lawrence FDR,St. Lawrence FDR,9
20021008-0144,Niagara Hydroelectric,Niagara Hydroelectric Project,9
20020617-0403; 20011019-0104; 20020520-1521; 20011011-0254; 20011004-0504; 20011004-0498; 20010709-0431; 20010709-0430; 20010709-0410,Patriot Extension,Patriot Extension Project; Patriot Extension; Patriot Extension Pipeline,9
20081113-0081; 20081107-0109; 20080806-0193; 20080702-0285; 20080702-0280; 20080702-0278; 20080702-0277; 20080613-0038,Bradwood Landing liquefied natural gas terminal,Bradwood Landing liquefied natural gas terminal,9
20180523-0014; 20180515-4002; 20180223-0008,Spire STL,Spire STL Pipeline; Spire STL Pipeline Project,8
20161018-0008; 20011019-0492; 20000301-0117; 20090219-0244(partial),PacifiCorp,PacifiCorp,8
20100525-0024; 20040507-0108; 20090526-0032; 20090508-0035; 20090506-0163; 20090108-0122,Alcoa Powerrating,"Alcoa Power Generating; Alcoa Power Generating,Inc.; Alcoa Power Generating,",8
20040702-0083; 20040701-0067; 20040625-0012,N/A,N/A,8
20011019-0138; 20011002-0661; 20010917-0265; 20060810-0081(partial); 20060613-0027(partial); 20060613-0025; 20060613-0024,Maritimes and Northeast,"Maritimes and Northeast Pipeline, L.L.C./Algonquin Gas Transmission; Maritimes and Northeast Pipeline, L.L.C.; Maritimes and Northeast Pipeline,; Maritimes and Northeast Pipeline",8
20010329-0003; 20010111-0319,Bangor Hydro-Electric,Bangor Hydro-Electric,8
20010329-0003; 20010111-0319,Industrial,Industrial,8
20000828-0077; 20031205-0074; 20040322-0269; 20000828-0070; 20080327-0152; 20040211-0390; 20011221-0261; 20011004-0483,Natural,Natural Gas; Natural Gas Pipeline Project; Natural Gas Pipeline,8
20180928-0017; 20011005-0030,NEPOOL,NEPOOL,8
20170525-0008(partial); 20160928-0010; 20150930-0014; 20021219-0195; 20020815-0654; 20001229-0054,Transco,Transco; Transco Gas Pipeline Corp.; Transco Pipeline; Transco Pipeline Arrangement; Transco Pipe Expansion Project,8
20180511-0006; 20151020-0010,Venture Global Calcasieu Pass,Venture Global Calcasieu Pass; Venture Global Calcasieu Pass Project,8
20140424-0009,Catawba-Wateree Hydroelectric,Catawba-Wateree Hydroelectric Project,8
20121119-0001,Astoriaratingnany,"Astoria Generating Comnany, L.P.",8
20121119-0001,TC Ravenswood.,TC Ravenswood.,8
20110927-0125; 20110719-0004; 20040202-0157; 20040116-0240; 20040115-0081,Wells Hydroelectric,Wells Hydroelectric Project; Wells Hydroelectric Projects,8
20080911-0064; 20080422-0001; 20071016-0043,Carmen-Smith Hydroelectric,Carmen-Smith Hydroelectric Project No.2242; Carmen-Smith Hydroelectric Project,8
20011019-0270,Northeast Regional Transmission Organization,Northeast Regional Transmission Organization,8
20121119-0001,Astoriaratingnanv and TC Ravenswood.,Astoria Generating Comnanv L.P. and TC Ravenswood.,8
20090908-0068; 20090812-0016; 20090527-0015; 20090508-0077; 20081222-0201; 20081113-0083; 20081001-0013; 20081001-0012,Ohio Storage Expansion,Ohio Storage Expansion Project; Ohio Storage Expansion Project docket number CP08-431-000,8
20171031-0017; 20020503-0302; 20060714-0050; 20010820-0101,Colonial,Colonial Pipeline; Colonial Pipeline System's pipeline expantion,7
20150625-0019; 20030313-0211; 20160105-0023; 20110119-0081; 20071128-0175; 20030313-0210; 20171020-0020,Algonquin Gas Transmission,"Algonquin Gas Transmission; Algonquin Gas Transmission,; Algonquin Gas Transmission Pipeline.",7
20100318-0017; 20100830-0012(partial); 20100830-0010(partial); 20100830-0008(partial); 20090928-0073,Ruby,Ruby Pipeline; Ruby Pipeline Project,7
20061006-0193; 20061006-0191; 20060714-0049; 20060628-0147; 20060622-0084; 20060621-0127; 20061030-0133,Straight Creek Gathering,"Straight Creek Gathering, LP; Straight Creek Gathering LP; Straight Creek Gathering Project",7
20041018-0032; 20020117-0167; 20020117-0166; 20020102-0092,Army,Army Corps of Engineer; Army Corps of Engineers,7
20040728-0271; 20040525-0113; 20040511-0052; 20040511-0051,Oklahoma Gas and Electric,Oklahoma Gas and Electric,7
20000918-0279; 20000811-0276; 20121012-0033; 20000918-0272; 20000718-0775; 20000718-0774; 20020521-0105,Millennium,Millennium Pipeline; Millennium Pipeline Project; Millennium Pipeline project,7
20040702-0082; 20040630-0105; 20040625-0048,ENRON,ENRON,7
20180511-0006,TransCameron pipeline project,TransCameron pipeline project,7
20170802-0032; 20170712-0125; 20170712-0119; 20170707-0013,Jordane project,Jordan Cove project,7
20100910-0040,Expansion Sabine Pass LNG,Expansion Sabine Pass LNG,7
20080424-0031; 20070507-0107; 20060918-0297; 20060810-0070; 20060802-0124; 20060725-0049; 20060613-0021(partial),Meldahl Hydroelectric,Meldahl Hydroelectric Project; Meldahl Hydroelectric Project under P-10395,7
20080215-0197,Broadwater Liquified Natural,Broadwater Liquified Natural Gas,7
20180418-0021; 20160831-0049; 20100308-0002; 20161013-0030; 20130618-0011; 20110302-0021,Boyce Hydro,Boyce Hydro,6
20170621-0008; 20170404-0472,Hydro Renewable,Hydro Renewable,6
20070706-0135,Calnev,Calnev Pipe Line; Calnev Pipeline Expansion,6
20040728-0251; 20040723-0183; 20031010-0098; 20040513-0093; 20040511-0203; 20020509-0108,El Paso,El Paso Corporation; El Paso Pipeline,6
20040525-0113; 20040511-0052; 20040511-0051,NRG McClain,NRG McClain,6
20040206-0074; 20040202-0154; 20091218-4021; 20091209-0036,PPL,"PPL Corporation; PPL; PPL, Montana",6
20020930-0275; 20020910-0211; 20020903-2100; 20020820-0004,Nebraska Public Power District,"Nebraska Public Power District; Nebraska Public Power District, Project 1835",6
20010709-0250,South Carolins Electric and,South Carolins Electric and Gas,6
20170807-0009; 20150727-0012; 20171020-0011; 20141205-0019,Rover,Rover Pipeline; Rover Pipeline project; Rover Pipeline Project,6
20151201-0086(partial); 20110321-0050; 20071231-0079; 20020923-0167; 20010709-0422; 20031205-0040,Duke Power,Duke Power; Duke Power Co.,6
20101229-0017(partial); 20080619-0124; 20080618-0080; 20080616-0089,Midcontinent Express,"Midcontinent Express Pipeline; Midcontinent Express Pipeline,",6
20100625-0005; 20100617-0022; 20021126-0236; 20020815-0588; 20020815-0585; 20020815-0584,South Carolina Electric &,South Carolina Electric & Gas; South Carolina Electric & Gas Co.,6
20091013-0003; 20070614-0167; 20061115-0318; 20061103-0139; 20010329-0058; 20000331-0104,Texas Eastern Transmission,"Texas Eastern Transmission, LP; Texas Eastern Transmission Corp.; Texas Eastern Transmission Corporation",6
20090716-0039; 20080422-0015; 20080408-0167,New York Regional Interconnect,"New York Regional Interconnect,",6
20090114-0023(partial); 20070531-0028; 20020816-0007; 20020816-0006; 20020816-0004; 20020815-0580,Alcoa,Alcoa,6
20080130-0121; 20080408-0164; 20071107-0105; 20070709-0238(partial); 20070709-0237; 20070508-0195,REX East,REX East; REX East Project; REX East Pipeline Project; REX East Pipeline,6
20030123-0076; 20030123-0075; 20030220-0028; 20021104-0114; 20020509-0097; 20020423-0285,Dominion Greenbrier,Dominion Greenbrier Pipeline; Dominion Greenbrier Pipeline Project,6
20010712-0179; 20010709-0593; 20010709-0265; 20010622-0315; 20010621-0392; 20010402-0103,Southern,Southern,6
20180125-0007,Lake Powell,Lake Powell Pipeline Project,6
20170621-0008; 20170404-0472,Northern Pass Transmission Line,Northern Pass Transmission Line,6
20100826-0010; 20100810-0027,Baker's Falls Hydroelectric,Baker's Falls Hydroelectric Project reactivation,6
20071003-0168; 20071001-0199,Mystic Lake Hydroelectric,Mystic Lake Hydroelectric Project,6
20040423-0071; 20040423-0012; 20040305-0128; 20020815-0570; 20141117-0036,Housatonic River,Housatonic River Project,6
20020930-0222; 20020702-0067; 20020604-0497; 20020813-0003; 20020515-0591; 20020423-0284,Patriot,Patriot Project; Patriot Pipeline Envionmental Impact Report; Patriot Pipeline,6
20150218-0150; 20150115-0027; 20141024-0020,Atlantic Sunrise Natural,Atlantic Sunrise Natural Gas Pipeline Project; Atlantic Sunrise Natural Gas Pipeline Expansion project.,6
20100830-0006,Bulk electric system NOPR,Bulk electric system NOPR,6
20090526-0032; 20090508-0035; 20090506-0163; 20000828-0133,Yadkin Hydroelectric,Yadkin Hydroelectric Project No. 2197-073; Yadkin Hydroelectric Project,6
20021206-0096; 20021204-0094,Standard Market Design NOPR,Standard Market Design NOPR,6
20010806-0434; 20010806-0433; 20010627-0095; 20010622-0220; 20010329-0065; 20000918-0273,Sundance Expansion,Sundance Expansion Project,6
20181109-0007; 20181105-0012; 20181105-0011,Tellurian,Tellurian,5
20171004-0007; 20160621-0020,Eastern Shore Natural,Eastern Shore Natural Gas,5
20160921-0014; 20091002-0056; 20021008-0143; 20021008-0142; 20020927-0220,Exelon,Exelon Corp.; Exelon Corporation,5
20150224-0014; 20020403-0770; 20081029-0059; 20070921-0098; 20020604-0424,Columbia Energy,Columbia Gas,5
20140716-0028; 20140416-0023; 20140409-0026; 20140304-0041,American Midstream Partners,"American Midstream Partners; American Midstream Partners LP, (AMP); American Midstream Partners,",5
20090716-0033; 20101028-0019; 20100910-0038; 20100804-0017; 20091013-0082,Missouri-Madison Hydroelectric,"Missouri-Madison Hydroelectric Project; Missouri-Madison Hydroelectric Project, FERC Docker No. P-2188",5
20070507-0107; 20060810-0070; 20060802-0124; 20060725-0049; 20060714-0019,City of Hamilton,City of Hamilton,5
20040630-0105; 20020503-0201; 20000811-0196; 20000811-0189,Niagara Mohawk Power,Niagara Mohawk Power Corp.; Niagara Mohawk Power Corporation,5
20040512-0200; 20040616-0041; 20040604-0024; 20040206-0074,Hydroelectric project,Hydroelectric project,5
20031120-0105; 20031030-0046; 20031010-0098; 20031010-0079,Cheyenne Plains,Cheyenne Plains Gas Pipeline,5
20030716-0211; 20030801-0141; 20030707-0319; 20030609-0158; 20030602-0161,Automated Power Exchange,"Automated Power Exchange; Automated Power Exchange,",5
20020102-0089,Congressional Black Caucus,Congressional Black Caucus,5
20010712-0179; 20010709-0265; 20010622-0315; 20010621-0392; 20010402-0103,Woodstone Toronto Development,"Woodstone Toronto Development,; Woodstone Toronto Development",5
20010328-0460; 20010126-0263; 20010402-0063; 20010329-0064; 20001228-0404,Trunkline,Trunkline Gas; Trunkline Pipeline,5
20130603-0010,Enterprise TE Products,Enterprise TE Products Pipe Line Co,5
20090528-0146; 20090527-0014; 20090515-0076; 20030609-0252; 20010928-0102,Wisconsin Valley Improvement,Wisconsin Valley Improvement,5
20081222-0222; 20081125-0042; 20080611-0072; 20060619-0249,Mid-Atlantic Express,"Mid-Atlantic Express,; Mid-Atlantic Express",5
20080619-0124; 20080618-0080; 20080616-0089,Enogex,"Enogex,",5
20080515-0156,Mid-Atlantic,Mid-Atlantic,5
20080306-0212,AEG Sparrows Point LNG,"AEG Sparrows Point LNG,",5
20021230-0157; 20020403-0663; 20020403-0646; 20020117-0095; 20011221-0262,Iroquois Gas Transmission System,"Iroquois Gas Transmission System LP; Iroquois Gas Transmission System, L.P.",5
20020730-0175; 20000918-0274; 20010801-0128; 20010629-0135,Alliance,Alliance Pipeline; Alliance Pipeline Project,5
20010622-0217; 20010328-0460; 20010126-0263; 20001228-0404,Centennial,Centennial Pipeline; Centennial Pipeline Project; Centennial Pipeline's Project,5
20181108-0011; 20181105-0011; 20181105-0010; 20181031-0010,Driftwood LNG project,Driftwood LNG project,5
20170404-0473,Gross Reservoir Expansion,Gross Reservoir Expansion Project,5
20110823-4001,MARC I,MARC I Pipeline project,5
20110621-0056,Multi-Value,Multi-Value Projects,5
20080626-0022,Purchase of Bighornrating Facility,Purchase of Bighorn Generating Facility,5
20040625-0012; 20040618-0014; 20040610-0033; 20020509-0159; 20020509-0157,Box Canyon,Box Canyon Projects; Box Canyon Project,5
20020522-0216; 20020521-0383; 20020521-0223; 20020521-0202; 20020403-0706,Toledo Bend Dam,Toledo Bend Dam,5
20011019-0492,Condit Hydroelectric,Condit Hydroelectric Project,5
20001004-0353,MarketLink,MarketLink Project,5
20180111-0007; 20170428-0009; 20170421-0006,Connecticut Expansion,Connecticut Expansion Project,5
20150914-0025; 20150914-0007,Lynnfield Lateral pipeline.,Lynnfield Lateral pipeline.,5
20150908-0010; 20150908-0009; 20150902-0023,North East,North East,5
20120712-0003,Line MB Loop Extension,Line MB Loop Extension Project  Proposed Project,5
20090908-0066; 20090702-0126; 20090515-0057; 20090508-0078,Gas storage cavern One Blanche Island,Gas storage cavern On Cote Blanche Island,5
20080929-0011; 20080919-0131,Sentinel Expansion,Sentinel Expansion Project,5
20171108-0007,FFP Missouri/Rye Development,FFP Missouri/Rye Development,4
20160111-0040; 20151224-0006; 20150713-0038; 20150415-0067,UGI Sunbury,"UGI Sunbury; UGI Sunbury,LLC",4
20151211-0026; 20150729-0052,NextEra,NextEra,4
20150805-0046; 20150805-0045,Texas LNG Brownsville,Texas LNG Brownsville,4
20150602-0302; 20130222-0006; 20090515-0077; 20080118-0300,Gulf South,Gulf South Pipeline; Gulf South Pipelines,4
20140801-0009; 20140724-0012; 20140724-0011,Puerto Rico Electric Power Authority,Puerto Rico Electric Power Authority,4
20140723-0052,Tranco / Williams,Tranco / Williams,4
20140429-0017; 20030716-0209,Southern California Edison,Southern California Edison,4
20110218-0026; 20110218-0024; 20110214-5117; 20110214-5104,FreePort LNG,FreePort LNG,4
20100923-0018(partial); 20110315-0013(partial); 20101006-0005(partial); 20060918-0296,AmerenUE,AmerenUE,4
20080227-0019; 20080208-5076; 20070614-0162; 20010917-0269,Colorado Interstate,Colorado Interstate Gas,4
20071231-0066; 20020923-0130; 20010705-0049,New York Independent System Operator,"New York Independent System Operator,; New York Independent System Operator",4
20070720-0066; 20040928-0125; 20040506-0119,Nevadapanies,Nevada Companies,4
20041018-0032,Environmental Protection Agency,Environmental Protection Agency,4
20041018-0032,Department of Interior,Department of Interior,4
20040223-0049,Ca]pine,Ca]pine Corporation,4
20031010-0044,Central Miane Powers,Central Miane Power Co's,4
20030313-0298; 20090526-0034; 20080324-0266; 20020806-2276,PG&E,PG&E Corp.; PG&E,4
20020930-0222; 20021206-0128; 20021206-0126; 20021204-0086,East Tennessee Natural,East Tennessee Natural Gas Co.; East Tennessee Natural Gas,4
20020521-0018; 20021001-0190; 20020919-0119,Dominion Resources,Dominion Resources,4
20020117-0189; 20080522-0161; 20010806-0610; 20010705-0262,Wisconsin Public Service,Wisconsin Public Service Corporation; Wisconsin Public Service Corporate; Wisconsin Public Service,4
20010329-0003,The Maine Public Utilitiesmission,The Maine Public Utilities Commission,4
20010111-0319,Maine Public Utilitiesmission,Maine Public Utilities Commission,4
20180725-0463,MoGas,MoGas Pipeline,4
20180622-0008; 20150928-0009,PJM,PJM,4
20161116-0018; 20130807-0011; 20130624-0005,Elba Liquefaction,Elba Liquefaction; Elba Liquefaction Project,4
20160831-0008; 20160323-0045,Arlington Storage,Arlington Storage,4
20160729-0015; 20140930-0027,Algonquin Transmission,"Algonquin Transmission,",4
20100910-0035; 20100318-0024; 20030220-0076; 20021230-0232,Xcel,Xcel,4
20090507-0004; 20040902-0031,Weavere,Weaver Cove,4
20081113-0081; 20081107-0109; 20080806-0193; 20080702-0285,Bradwood Landing,Bradwood Landing,4
20081113-0081; 20081107-0109; 20080806-0193; 20080702-0285,NorthernStar,NorthernStar,4
20080306-0218; 20071231-0066; 20071228-0077,Cross Hudson,Cross Hudson; Cross Hudson Project,4
20040702-0083,Cross Sound Cable,Cross Sound Cable,4
20030327-0038; 20030326-0251; 20030415-0319,Pittsfield Hydroelectric,Pittsfield Hydroelectric Project.,4
20020215-0113; 20010801-0265; 20010709-0365; 20010627-0096,ANR,ANR Pipeline,4
20001228-0399; 20001026-0067; 20001026-0065; 20001229-0057,Buccaneer,Buccaneer Gas Pipeline; Buccaneer Gas Pipeline Project,4
20180905-0006,Bellows Falls,Bellows Falls Project,4
20180905-0006,Wilder,Wilder Project,4
20180905-0006,Vernon,Vernon Project,4
20180905-0006,Northfield Mountain,Northfield Mountain Project,4
20180905-0006,Turners Falls,Turners Falls Project,4
20180702-0006,Fields Point Liquefaction,Fields Point Liquefaction Project,4
20160602-0013; 20160519-0043; 20160512-0009; 20160428-0011,Access Northeast,Access Northeast Project,4
20160129-0074; 20030606-0057; 20000811-0292; 20030407-0272,Hydroelectric,Hydroelectric Project No. 10489-014; Hydroelectric Project,4
20150720-0043,Sardis Lake Hydroelectric,Sardis Lake Hydroelectric Project,4
20150720-0043,Grenada Lake Hydroelectric,Grenada Lake Hydroelectric Project,4
20150720-0043,Enid Lake Hydroelectric,Enid Lake Hydroelectric Project,4
20150720-0043,Arkabutla Lake Hydroelectric,Arkabutla Lake Hydroelectric Project,4
20140820-0011; 20180607-4003; 20160304-0017(partial); 20151102-0008,Atlantic Sunrise,Atlantic Sunrise Project; Atlantic Sunrise Pipeline Project; Atlantic Sunrise Pipeline,4
20140716-0028; 20140416-0023; 20140409-0026,American Midstream,American Midstream Pipeline,4
20130528-0028; 20000828-0102; 20000728-0317; 20070521-0663,Niagara Power,Niagara Power Project,4
20110218-0026; 20110218-0024; 20110214-5117; 20110214-5104,Expansion of Freeport LNG on Quintana Island,"Expansion of Freeport LNG on Quintana Island, Texas",4
20040726-0299,Keyspan project,Keyspan project,4
20040720-0182; 20040922-0115,Keyspan,Keyspan Project; Keyspan Projects,4
20040223-0049,Mountainview,Mountainview Project,4
20031030-0025; 20031030-0004,St.Lawrence and Niagara Hydroelectric,St.Lawrence and Niagara Hydroelectric Projects,4
20031010-0044,grant the Maine Public Utilitiesmission's and Central Miane Powers request for rehearing,grant the Maine Public Utilities Commission's and Central Miane Power Co's request for rehearing,4
20021008-0082; 20030114-0297; 20021230-0160; 20021018-0239,The Patriot,The Patriot Project; The Patriot  Project,4
20020919-0204; 20040813-0029; 20040625-0021; 20020117-0184,Holyoke,Holyoke Project; Holyoke Project No. 2004,4
20010712-0179; 20010709-0265; 20010622-0315; 20010621-0392,Swinging Bridge,Swinging Bridge Project,4
20180516-0006; 20170214-0131; 20160928-0010; 20160926-0008,Northeast Supply Enhancement,Northeast Supply Enhancement Project,4
20170405-0192; 20160614-0011; 20160105-0023,Atlantic Bridge project,Atlantic Bridge project,4
20100830-0005,Offshore berthing and LNG unloading facility in Mount Hope Bay,Offshore berthing and LNG unloading facility in Mount Hope Bay,4
20080422-0015; 20080408-0167,Electric Transmission Line,Electric Transmission Line,4
20070706-0178; 20061207-0028; 20061207-0027; 20061201-0218,Klamath Hydroelectric,Klamath Hydroelectric Project,4
20061222-0058,Brookhaven Lateral,Brookhaven Lateral Project,4
20040202-0258,large-scale LNG,large-scale LNG,4
20020815-0588; 20020815-0585; 20020815-0584; 20020716-0240,Lake Murray draw down,Lake Murray draw down,4
20180124-0063; 20180105-0007; 20170303-0012,Oroville Dam,Oroville Dam,3
20170621-0008,Northern Pass Transmission,Northern Pass Transmission,3
20170605-0048; 20151103-0010,Loup River Public Power District,Loup River Public Power District,3
20160921-0014; 20060613-0022; 20020521-0111,Entergy,Entergy Corp.; Entergy; Entergy Corp,3
20160115-0006; 20160111-0039; 20140619-0006,GB,GB,3
20151211-0026,Dominion Virginia Power,Dominion Virginia Power,3
20150916-0017,Alaska Village Electricperative,"Alaska Village Electric Cooperative,",3
20150723-0030,TransCanada,TransCanada,3
20140716-0024; 20140714-0073; 20140707-0015,Erie Power,"Erie Power,",3
20140429-0017,Arizona Public Service,Arizona Public Service,3
20130425-0009,Carbon Zero,"Carbon Zero,",3
20101223-0003(partial); 20091026-0249; 20090716-0034,Placernty Water Agency,Placer County Water Agency,3
20100525-0022,Domtar Maine,Domtar Maine,3
20090928-0063; 20090811-0007; 20090716-0037,Gundersen Lutheran Hydro,"Gundersen Lutheran Hydro,",3
20080722-0163(partial); 20080709-0043; 20080611-0082(partial),Essex Hydro,Essex Hydro,3
20071026-0169; 20150923-0029,Oregon LNG,Oregon LNG; Oregon LNG Project,3
20061130-0105; 20061127-0105; 20061106-0120,Shangri-La Marina Group,"Shangri-La Marina Group,",3
20060628-0052; 20060615-0257; 20060613-0067,Classis Development,Classis Development Corporation,3
20060628-0052; 20060615-0257; 20060613-0067,Biron Licensee Group,"Biron Licensee Group,",3
20040720-0182,Keyspan Liquefied Natural,Keyspan Liquefied Natural Gas,3
20040423-0012; 20040813-0028,Northeastration Services,Northeast Generation Services,3
20040322-0257; 20040312-0256,Oklahoma Gas and Electic,Oklahoma Gas and Electic,3
20030418-0059; 20011108-0110,Idaho Power,Idaho Power,3
20021206-0099; 20020919-0204; 20040813-0029,Holyoke Gas & Electric,Holyoke Gas & Electric,3
20020808-0152; 20150310-0056,Tenessee,Tenessee Gas Pipeline Co.; Tenessee Pipelines,3
20020506-0070; 20020509-0112,SCG,SCG Pipeline,3
20020117-0169; 20020129-0189; 20010611-0560,Tennesse,Tennesse Gas Pipeline,3
20010918-0081; 20011011-0189; 20001005-0099,Iroquois,Iroquois Pipeline; Iroquois Pipeline Eastchester Project; Iroquois Pipeline Project,3
20010209-0376,Kodiak Electric Association,Kodiak Electric Association,3
20010209-0376,Copper Valley Electric Association,Copper Valley Electric Association,3
20010116-0155; 20000828-0353; 20011025-0442,Connecticut Light and Power,Connecticut Light and Power,3
20001229-0026; 20040211-0289; 20040204-0126,Dynegy,Dynegy,3
20000803-0322; 20000802-0343; 20000728-0161,Petal Gas Storage,Petal Gas Storage,3
20170919-0007,Enel Green Power,Enel Green Power,3
20170908-0009; 20170829-0011; 20110329-0014(partial),Enbridge,"Enbridge,; Enbridge Pipeline",3
20161021-0011; 20161021-0010; 20160503-0017,Eagle Creek Renewable,Eagle Creek Renewable,3
20160302-0013; 20150310-0056,Constitution,Constitution Pipeline; Constitution  Pipeline,3
20150505-0193,Kinder Morgan's,Kinder Morgan's,3
20150311-0008; 20150311-0007; 20150303-0016,Dominion Atlanticst,Dominion Atlantic Coast Pipeline,3
20141230-0008,Portland Natural Gas Transmission System,Portland Natural Gas Transmission System,3
20141222-4039; 20141211-0030,ET Rover,"ET Rover Pipeline,LLC; ET Rover Project",3
20140311-0010; 20140428-0006,Dominione Point LNG,Dominion Cove Point LNG; Dominion Cove Point LNG Project,3
20130515-0002; 20111108-0046,Na,Na,3
20101006-0003; 20100617-0023,AER NY-Gen,"AER NY-Gen,",3
20100910-0039; 20031030-0017; 20020118-0015,American Electric Power,American Electric Power,3
20100826-0012,Emera,Emera,3
20100826-0012,Maine and Maritimes,Maine and Maritimes Corporation,3
20090908-0070; 20020521-0282; 20001228-0432,Florida Power & Light,Florida Power & Light,3
20090609-0052; 20090406-0082(partial); 20080801-0029(partial),NIPSCO,NIPSCO,3
20080806-0185(partial); 20080730-0141(partial),Steckman Ridge,"Steckman Ridge, LP; Steckman Ridge Project",3
20071107-0187(partial); 20070625-0111; 20060802-0104,Transwestern,"Transwestern Pipeline; Transwestern Pipeline,",3
20040521-0049; 20040217-0006; 20040217-0004,Liquid Natural,Liquid Natural Gas,3
20031205-0039; 20031205-0038; 20031205-0037,Marina,Marina,3
20021218-0413; 20021216-0241; 20021206-0202,El Paso Global LNG,El Paso Global LNG Co.,3
20020815-0571; 20020301-0126; 20020214-0512,Orion Power,Orion Power,3
20020423-0102; 20020214-0533; 20011129-0057,Northwest,Northwest Pipeline Corporation; Northwest Pipeline Corp.,3
20011108-0110; 20010629-0165,National Marine Fisheries Service,National Marine Fisheries Service,3
20011001-0598; 20010801-0268; 20010709-0251,Birch Power,Birch Power,3
20000918-0275,Granite State Transmission,Granite State Transmission,3
20180928-0018; 20170428-0017(partial); 20171214-0013,Wallace Dam,Wallace Dam Project; Wallace Dam,3
20180418-0021; 20180110-0006; 20150416-0047,Edenville Hydroelectric,Edenville Hydroelectric Project No. 10808; Edenville Hydroelectric Project,3
20180227-0006,Forest City,Forest City Project,3
20180209-0006; 20170824-0015; 20170824-0012,Forest City Dam,Forest City Dam,3
20171211-0012; 20171206-0007; 20170907-0010,Lake Elsinore Advanced Pumped Storage,Lake Elsinore Advanced Pumped Storage Project,3
20171031-0018; 20151026-0089,Northern Access,Northern Access Project,3
20170912-0089,Forest City dam,Forest City dam,3
20160621-0020,System Reliability,System Reliability Project,3
20160524-0022,Artificial Island Transmission Line,Artificial Island Transmission Line Project,3
20160506-0008; 20160419-0022,Allegheny Lock and Dam No. 2 Hydroelectric project,Allegheny Lock and Dam No. 2 Hydroelectric project,3
20160506-0008; 20160419-0022,Emsworth Locks and Dam Hydroelectric,Emsworth Locks and Dam Hydroelectric Project,3
20160506-0008; 20160419-0022,Emsworth Back Channel Hydroelectric project,Emsworth Back Channel Hydroelectric project,3
20160506-0008; 20160419-0022,Montgomery,"Montgomery, Locks and Dam Hydroelectric Project",3
20160315-0013; 20151103-0007,Mountaineer XPress project,Mountaineer XPress project,3
20160222-0007; 20160129-0008; 20130723-0066,Magnolia LNG project,Magnolia LNG project,3
20160111-0040; 20151224-0006; 20150415-0067,Sunbury,Sunbury Pipeline Project,3
20151216-0007,Elba Liquefaction Proiect,Elba Liquefaction Proiect,3
20151216-0007,Pineline Unurade Proiects,Pineline Unurade Proiects,3
20150923-0029; 20121026-0003,Washington Expansion,Washington Expansion Project,3
20150916-0017,Old Harbor's Hydroelectric,Village of Old Harbor's Hydroelectric Project,3
20150723-0030,Project No. 1892 New Hampshire-Vermont,Project No. 1892 New Hampshire-Vermont,3
20150723-0030,Project No. 1855 New Hampshire—Vermont,Project No. 1855 New Hampshire—Vermont,3
20150723-0030,Project No. 1904 New Hampshire  Vermont,Project No. 1904 New Hampshire  Vermont,3
20140724-0012; 20140724-0011,Aguirre Offshore Gasport,Aguirre Offshore Gasport Project,3
20140716-0024; 20140714-0073; 20140707-0015,North Easteneration Plant,North East Cogeneration Plant,3
20130425-0009,Vermont Tissue hydroelectric plant,Vermont Tissue hydroelectric plant,3
20100525-0022,Jurisdictional Pettition DI10-9,Jurisdictional Pettition DI10-9,3
20080227-0019; 20080208-5076; 20070614-0162,High Plains Expansion,High Plains Expansion Project,3
20061130-0105; 20061127-0105; 20061106-0120,Shangri-La Resort,Shangri-La Resort,3
20060628-0052; 20060615-0257; 20060613-0067,Biron Hydroelectric,Biron Hydroelectric Project,3
20040507-0108; 20040630-0139; 20040630-0138(partial),Tapoco,Tapoco Project,3
20020716-0563; 20020702-0063; 20020621-0396,Proposed pipelines innecticut,Proposed pipelines in Connecticut,3
20010329-0123; 20001229-0111; 20001228-0439,White River Hydroelectric,White River Hydroelectric Project,3
20010209-0376,Four Dam Pool,Four Dam Pool Project,3
20010209-0376,Swan Lake-Lake,Swan Lake-Lake Project,3
20000828-0354; 20000828-0125; 20000828-0122,Hydroelectric Power,Hydroelectric Power Project,3
20150928-0009,Artificial Island solution project,Artificial Island solution project,3
20100830-0012(partial); 20100830-0010(partial); 20100830-0008(partial),Transportation of natural gas from southwestern Wyoming through Utah and Nevada to Malin,"Transportation of natural gas from southwestern Wyoming through Utah and Nevada to Malin, Oregon",3
20100525-0023; 20091123-0150; 20091013-0008,Smith Mountain Pumped Storage,Smith Mountain Pumped Storage Project,3
20090528-0146; 20090527-0014; 20090515-0076,Project No. 2113-022,Project No. 2113-022,3
20090507-0004,LNG import terminal,LNG import terminal,3
20080820-0006; 20080602-0040; 20080310-0104,Sentinel,Sentinel Project; Sentinel Pipeline Expansion; Sentinel Pipeline Expansion Project,3
20070719-0017; 20070716-0290; 20070702-0202(partial),Southeast Supply Header project,Southeast Supply Header project,3
20070402-0017; 20070312-0037; 20070308-0146,Potomac Expansion,Potomac Expansion Project,3
20070223-0072; 20070221-0022; 20070207-4005,Broadwater,Broadwater,3
20040701-0067,Keyspan Liquefied Natural Gas Facility Upgrade,Keyspan Liquefied Natural Gas Facility Upgrade Project,3
20031201-0209,PPL's FERC-Licensed hydroelectric,PPL's FERC-Licensed hydroelectric Project,3
20021104-0057; 20021028-0166; 20021024-0359,Lake Level Toledo Bend Reservoir,Lake Level Toledo Bend Reservoir; Lake Level Toledo Bend Reservoir Project No. P-2305,3
20021008-0065; 20021008-0064; 20021008-0063,SMD NOPR,SMD NOPR,3
20020813-0004; 20020716-0143; 20020716-0136,Gaspression Station 27,Gas Compression Station 27,3
20011001-0598; 20010801-0268; 20010709-0251,Marsh Valley Development,Marsh Valley Development,3
20001228-0405; 20000926-0305; 20000911-0352,Transco Sundance Expansion,Transco Sundance Expansion Project,3
20181226-0008,Pasadena Water and Power,Pasadena Water and Power,2
20181130-0007; 20181016-0023,RH energytrans,"RH energytrans,; RH energytrans",2
20181016-0022,Adelphia Gateway,"Adelphia Gateway,; Adelphia Gateway Project",2
20180208-0007; 20180202-0013,Sugar River Power,Sugar River Power,2
20180110-0006; 20181002-0041,Boyce Hydro Power,"Boyce Hydro Power,",2
20171114-0047; 20161018-0008,Klamath River Renewal,Klamath River Renewal Corporation,2
20171020-0015; 20160908-0008,DTE,DTE,2
20170824-0015; 20170824-0012,Woodland Pulp ILC,Woodland Pulp ILC,2
20170428-0017(partial); 20171214-0013,Georgia Power,Georgia Power,2
20170310-0079; 20020815-0653,Southern Natural,"Southern Natural Gas,; Southern Natural Gas",2
20170203-0029; 20150302-0021,NEXUS,NEXUS; NEXUS Pipeline,2
20160120-0069; 20150625-0024,Golden Pass Products,"Golden Pass Products,; Golden Pass Products",2
20160120-0069; 20150625-0024,Golden Pass,"Golden Pass Pipeline,",2
20151202-0029; 20150625-0029,Pacific,Pacific Corps; Pacific Corp.,2
20150126-0187; 20150126-0158,Juneau Hydropower,Juneau Hydropower,2
20140501-0007,"American Midstream Partners
American Midstream","American Midstream Partners, LP 
American Midstream Pipeline",2
20110315-0004,Great River Hydropower,Great River Hydropower,2
20110315-0004,Mississippi River Number 21 Hydropower,Mississippi River Number 21 Hydropower,2
20100915-0003(partial); 20100901-0018(partial),Greenwoodnty,"Greenwood County, SC",2
20080814-0227; 20080814-0224,The City of Holyoke Gas & Electric,The City of Holyoke Gas & Electric,2
20080731-0201,Erie Boulevard Hydropower,"Erie Boulevard Hydropower, L.P",2
20080702-0298; 20070430-0068,Hydro Green,Hydro Green,2
20061215-0203,Snohomishnty Public Utility District,Snohomish County Public Utility District,2
20061214-0113; 20061207-0024,Shangri-La Group,"Shangri-La Group,",2
20040824-0164; 20040813-0003,Snohomish Public Utility District,Snohomish Public Utility District,2
20040813-0003; 20031201-0210,Energy,"Energy,; Energy Projects",2
20040728-0251; 20040723-0183,Royal Dutch/Shell Group,Royal Dutch/Shell Group,2
20040513-0025; 20080611-0072,Liquefied Natural,Liquefied Natural Gas,2
20040312-0257; 20040305-0197,Natural Gas Market Transparency,Natural Gas Market Transparency,2
20031201-0211; 20020403-0726,Ponderay Newsprint,Ponderay Newsprint,2
20020930-0281; 20020923-0196,ALCOA,ALCOA,2
20020930-0281; 20020923-0196,CP&I,CP&I,2
20020815-0574; 20180406-0006,New York State Electric and,New York State Electric and Gas Corp; New York State Electric and Gas Corporation,2
20020813-0050; 20020813-0047,P-12164-000 proposed power generation facility ontage grove dam,P-12164-000 proposed power generation facility on Cottage grove dam,2
20020716-0142; 20020702-0064,SG Resources Mississippi,"SG Resources Mississippi,",2
20020509-0159; 20020509-0157,Public Utility District No. 1,Public Utility District No. 1,2
20011206-0032; 20011129-0008,Bonneville Power Administration,Bonneville Power Administration,2
20010831-0155; 20010820-0203,HOBO,HOBO,2
20010820-0173; 20010806-0336,Cascade Power,Cascade Power,2
20010806-0366; 20010710-0042,Niagara Mohawk Pension Club,Niagara Mohawk Pension Club,2
20010801-0270; 20010710-0040,Wing Municipalization,"Wing Municipalization; Wing Municipalization, L.L.C.",2
20010801-0270; 20010710-0040,Alliance for Municipal Power,Alliance for Municipal Power,2
20010709-0365; 20010627-0096,WEPCO,WEPCO,2
20010705-0049; 20180406-0006,Con Edison,Con Edison,2
20000828-0136; 20021126-0244,Hydro,Hydro Project; Hydro -  PacifiCorp,2
20000802-0343; 20000728-0161,Destin,Destin Gas Pipeline,2
20171004-0006; 20170214-0131,Williams Transco,Williams Transco,2
20170126-4015,Penn East,Penn East; Penn East Pipeline,2
20161214-4004; 20161213-0031,Jersey Central 'Power and Light,Jersey Central 'Power and Light,2
20160729-0014,Natural Resource Group,Natural Resource Group,2
20150929-0033,LNG Development,LNG Development,2
20150323-0071; 20150317-0070,Merced River Hydroelectric,Merced River Hydroelectric Project,2
20150130-0007; 20150126-0033,Dominion's New Market project,Dominion's New Market project,2
20141124-0010,First Light Power Resources,First Light Power Resources,2
20110803-0010; 20110816-0032,Sabine,Sabine Pipeline; Sabine Pipe Line,2
20110328-0001; 20091224-0037,First Light Power,First Light Power,2
20110218-0028(partial); 20100910-0031(partial),AEP Appalachian Power,AEP Appalachian Power,2
20110119-0081; 20060804-0134,Iroquois Gas Transmission,"Iroquois Gas Transmission; Iroquois Gas Transmission, L.P.",2
20101028-0010,New Brunswick Power,New Brunswick Power Corporation,2
20100915-0009; 20030220-0076,Northern States Power,"Northern States Power; Northern States Power, Company",2
20100617-0026; 20010622-0160,Pacific Gas & Electric,Pacific Gas & Electric,2
20100528-0014(partial); 20091013-0002,Centerpoint,Centerpoint,2
20100308-0001; 20080522-0128,FPL,FPL,2
20090629-0033; 20020621-0395,American Transmission,American Transmission,2
20090209-0096,Florida Power and Light,Florida Power and Light,2
20080722-0158(partial); 20040716-0158,Portlandral Electric,Portland General Electric,2
20080407-0122; 20070905-0024,Ameren,Ameren,2
20080201-0218; 20080118-0302,Broadwalk,Broadwalk Pipeline,2
20080201-0218; 20080118-0302,ABL Land Services,ABL Land Services,2
20080118-0301; 20080118-0302,Gulf Crossing,Gulf Crossing Gas Pipeline Co.; Gulf Crossing Pipeline,2
20070716-0289; 20140606-0010,Dominione Point,Dominion Cove Point; Dominion Cove Point Project,2
20070521-0608; 20070514-0285,Northern Maine Independent System Administrator,Northern Maine Independent System Administrator,2
20060929-0107; 20060922-0026,Bangor-Pacific Hydro Associates Power,Bangor-Pacific Hydro Associates Power,2
20060913-0061; 20060913-0059,Midwestern Gas Transmission,Midwestern Gas Transmission,2
20060628-0020; 20060628-0019,Mystic Developmpent,Mystic Developmpent,2
20040922-0114,Fall River,"Fall River,",2
20040825-0052; 20030221-0290,Enron energy,Enron energy,2
20040604-0047,Enron's Westst Trading,Enron's West Coast Trading,2
20040402-0055; 20040402-0054,Mountainview Power,Mountainview Power,2
20040304-0122,Rough and Ready Hydro,Rough and Ready Hydro,2
20040304-0122,Elaine Hitclicock,"Elaine Hitclicock, Project No. 10058-007 94",2
20030624-0391; 20030623-0174,White River,White River Project,2
20030320-0427; 20020716-0240,SCE&G,SCE&G,2
20020930-0293; 20020930-0272,Northwest Power Services,Northwest Power Services,2
20020930-0231,Sun,Sun Pipe Line Co; Sun Pipe Line Co.right-of-way line project,2
20020813-0022; 20020509-0093,William,William Pipeline; William Gas Pipeline,2
20020717-0161; 20020621-0394,Columbia Gas service,Columbia Gas service,2
20020716-0369; 20020621-0220,Perot Systems,Perot Systems,2
20020716-0144; 20020625-0307,Williamson,Williamson Gas Pipeline co,2
20020510-0250; 20020509-0164,SC Electric and,SC Electric and Gas,2
20020509-0176; 20020403-0704,JDJ,JDJ,2
20020117-0269; 20011221-0257,Federa,Federa,2
20011019-0269; 20011011-0126,California State Power Authority,California State Power Authority,2
20010918-0234; 20011026-0451,Southeastern Regional Transmission Organization,Southeastern Regional Transmission Organization,2
20010821-0203; 20010730-0232,Northwestern,Northwestern Pipeline,2
20010820-0051; 20010710-0048,Midwestration,Midwest Generation,2
20010806-0366; 20010710-0042,National Grid USA,National Grid USA,2
20010716-0189; 20010709-0593,Dynergy,Dynergy,2
20000811-0196; 20000811-0189,Municipal Electric Powe,Municipal Electric Powe,2
20000606-0554; 20000526-0062,Parent companies Enron,Parent companies Enron Corp.,2
20000606-0554; 20000526-0062,el Paso,el Paso Corp.,2
20000606-0554; 20000526-0062,kinder Morgan,kinder Morgan Corp.,2
20000224-0095,Mineral Management Service,Mineral Management Service,2
20181226-0008,Azusa Hydroelectric Power,Azusa Hydroelectric Power Project,2
20181207-0008,Gator Express,Gator Express Pipeline Project,2
20181130-0007; 20181016-0023,Risberg Line,Risberg Line,2
20181109-0007,Driftwood LNG Terminal and,Driftwood LNG Terminal and Pipeline Project,2
20180926-0011; 20181002-0041,Edenville,Edenville Project,2
20180912-0018; 20100617-0022,Saluda Hydroelectric,Saluda Hydroelectric Project; Saluda Hydroelectric Project No. 516,2
20180716-0016; 20180709-0006,Yuba River Development,Yuba River Development Project.; Yuba River Development Project,2
20180411-0025; 20170918-0007,Cove Point's Eastern Market Access,Cove Point's Eastern Market Access Project,2
20180208-0007; 20180202-0013,Lower Village,Lower Village Project,2
20171129-0011; 20171020-0016,Mountaineer Xpress,Mountaineer Xpress Pipeline; Mountaineer Xpress Project,2
20171114-0043,Southeast Market,Southeast Market Pipelines Project,2
20171031-0017,Line 25 pipeline,Line 25 pipeline,2
20171020-0017; 20160614-0010,Gulf Xpress,Gulf Xpress; Gulf Xpress Project,2
20171020-0015; 20160908-0008,NEXUS Gas Transmission pipeline project,NEXUS Gas Transmission pipeline project,2
20160831-0049; 20160719-0029,Smallwood Dam,Smallwood Dam; Smallwood Dam Project,2
20160729-0009; 20160803-0011,Grand Lake's rule curve,Grand Lake's rule curve,2
20151103-0010,Project Number 1256-031,Project Number 1256-031,2
20151103-0008,WB XPress project,WB XPress project,2
20150625-0019; 20180926-0012,AIM,AIM Project,2
20150126-0187; 20150126-0158,Sweet Lake Hydroelectric,Sweet Lake Hydroelectric Project,2
20141229-0087; 20150420-0007,Jordane Liquefaction,Jordan Cove Liquefaction,2
20141218-0037,Clark Canyon Dam,Clark Canyon Dam Project,2
20140618-0037; 20030707-0234,Hydropower,Hydropower Project at Pike Island Locks and Dam; Hydropower Projects,2
20140416-0025,Corpus Christi Liquefaction,Corpus Christi Liquefaction Project,2
20140416-0024; 20140424-0016,Sabal Trail,Sabal Trail Project; Sabal Trail Pipeline,2
20130812-0005,Martin Dam,Martin Dam Project,2
20121024-4003; 20121024-4001,Cove Point Liquefaction,Cove Point Liquefaction Project,2
20120214-0005,Blue Heron Hydro,Blue Heron Hydro,2
20110315-0004,Hydropower project at Mississippi River Lok and Dam No.21,Hydropower project at Mississippi River Lok and Dam No.21,2
20091026-0268; 20090716-0035,Expansion of raw water intake system from Lake Rhodhiss,Expansion of raw water intake system from Lake Rhodhiss,2
20090811-0007; 20090716-0037,Lock and Dam No. 7 Hydro,Lock and Dam No. 7 Hydro Project,2
20090508-0081; 20090507-0210,Silverocke on Lewis Smith Lake,Silverock Cove on Lewis Smith Lake,2
20080814-0227; 20080814-0224,Amendment of,Amendment of Project Boundary for Holyoke Project FERC 2004-249,2
20061214-0111; 20061213-0029,Stayton Hydroelectric,Stayton Hydroelectric Project,2
20061002-0055,Lake Chelan Hydroelectric,Lake Chelan Hydroelectric Project,2
20060630-0079; 20060628-0011,Rulemaking under section 1233 of the,Rulemaking under section 1233 of the,2
20040617-0076; 20040528-0075,Central New Jersey Expansion,Central New Jersey Expansion Project,2
20040217-0025; 20040202-0228,MountainView,MountainView Project,2
20040202-0154,Hydroelctric,Hydroelctric Project,2
20030801-0129; 20030801-0125,Elba Island Expansion,Elba Island Expansion Project,2
20020716-0142; 20020702-0064,Proposed Southern Pines,Proposed Southern Pines,2
20020509-0158,St. Lawrence,St. Lawrence - FDR Project,2
20020117-0169; 20020129-0189,Gaspressor Station,Gas Compressor Station,2
20011019-0138; 20011002-0661,Phase III,Phase III Project / HubLine Project,2
20010917-0265,Maritimes and Northeast Phase III/Hubline,Maritimes and Northeast Phase III/Hubline Project,2
20010815-0633; 20010806-0611,A.J. Allen Power Plant,A.J. Allen Power Plant,2
20010806-0727; 20010917-0159,Idols Hydrostation,Idols Hydrostation,2
20000828-0105,Traftsville Hydroelectric project,Traftsville Hydroelectric project,2
20000515-0097; 20000828-0134,Beaverton Hydro,Beaverton Hydro Project No.5308; Beaverton Hydro Project,2
20000331-0267; 20000323-0126,Hydroelectic Power,Hydroelectic Power Project,2
20000331-0267; 20000323-0126,Pennsylvania,Pennsylvania(project No.7041),2
20171004-0006; 20170829-0016,Northeast Supply Enhancement project,Northeast Supply Enhancement project,2
20170714-0111,Rover natural gas pipeline,Rover natural gas pipeline,2
20170622-0013,Jordane LNG and Pacificnector,Jordan Cove LNG and Pacific Connector Gas Pipeline projects,2
20170109-0048,Atlantic Bridge pipeline project,Atlantic Bridge pipeline project,2
20161014-0011; 20150610-0008,Broad Run Expansion project,Broad Run Expansion project,2
20160926-0009; 20160624-0017,Broad Run Expansion,Broad Run Expansion Project,2
20160831-0008,underground natural gas storage project,underground natural gas storage project,2
20150402-0009,Proposed NorthEast,Proposed NorthEast,2
20150323-0071; 20150317-0070,Flow proposal on the Merced River below the new Exchequer Hydroelectric,Flow proposal on the Merced River below the new Exchequer Hydroelectric Project,2
20141124-0010,Housatomic River,Housatomic River Project,2
20140311-0010,Dominione Point Liquefaction,Dominion Cove Point Liquefaction Project,2
20131217-0024,Admiralty Inlet Pilot Tidal,Admiralty Inlet Pilot Tidal Project,2
20121212-0004,Independent System Operator,Independent System Operator,2
20121212-0004,AES Huntington Beach,AES Huntington Beach,2
20101006-0003,10482-014,10482-014,2
20101006-0003,10481-064,10481-064,2
20101006-0003,9690-106,9690-106,2
20100915-0009; 20100910-0035,Chippewa Reservoir,"Chippewa Reservoir Project, FERC No. 8286; Chippewa Reservoir Project",2
20100910-0037,Smith Mountain,Smith Mountain Project P-2210,2
20091002-0056; 20090812-0014,Conowingo Hydroelectric,Conowingo Hydroelectric Project; Conowingo Hydroelectric Project No. 405-087,2
20090209-0096,Gulf Island,Gulf Island - Deep Rips Hydro Project FERC number 2283 Recreation Plan and Land and Trails Management Plan,2
20081029-0112; 20081016-4009,Sentinel Explansion,Sentinel Explansion Project,2
20080813-0281; 20080523-0045,Bradwood Landing LNG project,Bradwood Landing LNG project,2
20080730-0132; 20080623-0130,Fort Necessity Gas Storage,Fort Necessity Gas Storage Project,2
20080102-0299; 20071217-0183,Algonquin Gas Transmission Proposed,Algonquin Gas Transmission Proposed Project,2
20070726-0009; 20070614-0167,Texas Eastern Times II,Texas Eastern Times II Project,2
20070625-0111; 20060802-0104,Phoenix Expansion,Phoenix Expansion Project,2
20070306-0125; 20070130-4006,Williams/Transco Sentinel Expansion,Williams/Transco Sentinel Expansion Project,2
20070119-0214; 20070112-4004,Broadwater Floating Storage Regasification Unit,Broadwater Floating Storage Regasification Unit,2
20061115-0318; 20061103-0139,Heidlersberg Gaspressor Station,Heidlersberg Gas Compressor Station,2
20060913-0061; 20060913-0059,Eastern Extension,Eastern Extension Project,2
20060628-0020; 20060628-0019,Eligibility for a Reliability Must Run,Eligibility for a Reliability Must Run,2
20060616-0246(partial); 20060616-0245(partial),Williams NW,Williams NW Pipeline,2
20060613-0025; 20060613-0024,Gas compression station on the Simone Farm,Gas compression station on the Simone Farm,2
20040625-0018; 20040625-0013,Upper American River,Upper American River Project,2
20040206-0193; 20030821-0051,Weaver'ser LNG,Weaver's Cover LNG Project,2
20031030-0022; 20031030-0018,hydroelectric project,hydroelectric project,2
20030929-0019; 20030905-0168,Megawatt Box Canyon,Megawatt Box Canyon Project,2
20030822-0320; 20030822-0319,experiencing difficulties with the restoration of his property re the Guardian,experiencing difficulties with the restoration of his property re the Guardian Pipeline and requests FERC's,2
20030507-0265; 20030313-0209,Grasslands,Grasslands Pipeline project; Grasslands Pipeline Project,2
20030320-0395; 20030320-0394,Green,Green Pipeline Project,2
20030220-0077; 20030211-0007,Low Line Midway Hydroelectric,Low Line Midway Hydroelectric Project,2
20021218-0413; 20021216-0241,Proposed pipeline of El Paso Global LNG,Proposed pipeline of El Paso Global LNG Co.,2
20021206-0098; 20021204-0086,The Patriot Extension,The Patriot Extension Project,2
20020930-0293; 20020930-0272,Sardis Lake Hydro,Sardis Lake Hydro Project,2
20020910-0260; 20020903-2095,Louisiana Public Servicemission's proposal to equalize all the energy charges over the Entergy system,Louisiana Public Service Commission's proposal to equalize all the energy charges over the Entergy system,2
20020910-0160; 20020910-0109,Florida Gaspressor Station #27,Florida Gas Compressor Station #27,2
20020717-0161; 20020621-0394,Columbia Gas pipeline upgrading,Columbia Gas pipeline upgrading,2
20020716-0144; 20020625-0307,Proposed gas pipeline in  Juniper Hillsntry Club Property,Proposed gas pipeline in  Juniper Hills Country Club Property,2
20020117-0156; 20011129-0056,Cove Point liquefied natural gas facility,Cove Point liquefied natural gas facility,2
20010726-0102; 20010726-0100,FGT,FGT,2
20010709-0434; 20010709-0433,Granite Ridge Facility,Granite Ridge Facility,2
20010709-0365; 20010627-0096,Badgerrating Plant,Badger Generating Plant,2
20001024-0436; 20001017-0122,Sabine River Authority of Texas,Sabine River Authority of Texas Project,2
20181204-0007,Next Decade,Next Decade,1
20181119-0028(partial),St. Germain ATV Club,St. Germain ATV Club,1
20181002-0041,The Lake Associations,The Lake Associations,1
20180926-0011,Lake Association's,Lake Association's,1
20180725-0462,ALLETE,ALLETE,1
20180716-0016,Yubanty Water Agency',Yuba County Water Agency',1
20180709-0006,Yubanty Water Agency,Yuba County Water Agency,1
20180309-0011,Columbia Basin Electricperative,Columbia Basin Electric Cooperative,1
20180226-0015(partial),Redland Sand,Redland Sand,1
20180124-0067,Murray,Murray,1
20180110-4005(partial),ABC Solar,ABC Solar,1
20171108-0006,Advanced Hydropower,"Advanced Hydropower,",1
20171106-0035,Boym Hydro.,Boym Hydro.,1
20171020-0016,TransCanada/Columbia,TransCanada/Columbia Pipeline Group,1
20171020-0011,Energy Transfer Partners,Energy Transfer Partners,1
20171017-0012,Eagle LNG Partners Jacksonville,Eagle LNG Partners Jacksonville,1
20171017-0008,Eagle LNG,Eagle LNG,1
20171010-0009,Big Rivers Electric,Big Rivers Electric Corporation,1
20170927-0025,Empire,Empire Pipeline,1
20170809-0032,Jordane LNG,Jordan Cove LNG,1
20170802-0030,Pacific Gas and Electric Co,Pacific Gas and Electric Co,1
20170714-4014(partial),The Frazier Quarry,"The Frazier Quarry,",1
20170508-0011(partial),Lake Norman Touchless Boaters,Lake Norman Touchless Boat Covers,1
20170201-0008,Santeeper Electricperative,Santee Cooper Electric Cooperative,1
20170125-0026,Alaska Federal Land Fees Group,Alaska Federal Land Fees Group,1
20160927-0010,Bear island Paper WB,Bear island Paper WB,1
20160713-0007,Curry Water Authority,Curry Water Authority,1
20160519-0010,Veresen,"Veresen,",1
20160506-0006,Modesto Irrigation District,Modesto Irrigation District,1
20160506-0006,Turlock Irrigation District,Turlock Irrigation District,1
20160106-0021,Absaroka,Absaroka,1
20151029-0040,Blue Ridge Landdservancy,Blue Ridge Landd Conservancy,1
20150828-0039,Dominium,Dominium,1
20150727-0012,DB Farms,"DB Farms,",1
20150625-0019,Algonquinstruction,Algonquin Construction,1
20150204-0010,Grand River Power,Grand River Power,1
20150129-0031,Spectra Energey,Spectra Energey,1
20140701-0018,ISO NE,ISO NE,1
20140618-0037,Pike Island,Pike Island,1
20140425-0014,Trunkline LNG Export,"Trunkline LNG Export,",1
20140425-0014,BG Group,BG Group,1
20140425-0014,Lake Charles Export,"Lake Charles Export,",1
20140416-0019,Arclight Capital Partners,"Arclight Capital Partners,",1
20130905-0009,Minor Hydro Power,Minor Hydro Power,1
20130725-0017,Silver Merger Sub,"Silver Merger Sub,",1
20130725-0017,NV,NV,1
20130725-0017,Sierra Pacific Powerr,Sierra Pacific Powerr,1
20130624-0010,Aignn&tuin Power,Aignn&tuin Power,1
20130528-0023,Cameron LNG,Cameron LNG,1
20120619-0018,Fairlawn Hydroelectric,Fairlawn Hydroelectric,1
20110328-0002,The Atlantic Windnection,The Atlantic Wind Connection,1
20101119-0026,Portland Electric,Portland Electric,1
20101119-0025,North Carolinamunity Sailing and Rowing,North Carolina Community Sailing and Rowing,1
20101119-0024,Overlook Neighborhood,Overlook Neighborhood,1
20101028-0006,Southern LNG,Southern LNG,1
20100826-0004,Evergreen Shasta Power,Evergreen Shasta Power,1
20100804-0016,Glen Falls Hydro,Glen Falls Hydro,1
20100525-0027,L.S. Starrett,L.S. Starrett,1
20100525-0025,Northern Illinois Hydropower,"Northern Illinois Hydropower,",1
20100128-0128,Tres Amigas,Tres Amigas,1
20091125-0034(partial),Green Island Power Authority,Green Island Power Authority,1
20091123-0149,Gresham,Village of Gresham,1
20090918-0147(partial),Nelson,Nelson,1
20090629-0036,NC Flatwater Outfitters,NC Flatwater Outfitters,1
20090629-0028,Brazos River Authority,Brazos River Authority,1
20090526-0034,Davis Hydro,Davis Hydro,1
20090515-0054,Riverbank Power,Riverbank Power Corporation,1
20090421-0311,El Dorado Irrigation District,El Dorado Irrigation District,1
20090320-0047,Southwestern Electrical Power,Southwestern Electrical Power,1
20090306-0069,Brookfield Renewable Power,Brookfield Renewable Power,1
20081125-0050,Bangor Water District,Bangor Water District,1
20081113-0085,Prairie Power,"Prairie Power,",1
20080930-0178(partial),Lake Murray Docks,"Lake Murray Docks,",1
20080919-0132,Somerset Gas Gathering of Pennsylvania,Somerset Gas Gathering of Pennsylvania,1
20080806-0190,Crane and,Crane and,1
20080806-0185(partial),Clearville Landowners Property Group,Clearville Landowners Property Group,1
20080731-0199,Delawarenty Electricperative,Delaware County Electric Cooperative,1
20080702-0298,City of Hastings,City of Hastings,1
20080626-0001,Energie Group,Energie Group,1
20070530-0035,Continentaleneration Services,Continental Cogeneration Services,1
20061218-0053,Red Shield Environmental,"Red Shield Environmental, L.L.C.",1
20060613-0020(partial),Electric Plant Board of the City of Augusta,Electric Plant Board of the City of Augusta,1
20060613-0018(partial),Saludanty Water & Sewer Authority,Saluda County Water & Sewer Authority,1
20040723-0066,Pan American Power Solutions,Pan American Power Solutions,1
20040720-0242,Sellers of,Sellers of,1
20040709-0058,WYRULEC,WYRULEC,1
20040610-0115,Portersville Rival Group,Portersville Rival Group,1
20040610-0027,William Skea dba Batavia Development,William Skea dba Batavia Development Corporation,1
20040512-0211,Liquid natural gas terminal,Liquid natural gas terminal,1
20040423-0071,Northeastration Service,Northeast Generation Service,1
20040305-0198,Cranberry,Cranberry Pipeline Corporation,1
20040225-0057,Edison,Edison,1
20031224-0160,Local,Local Gas,1
20031223-0684,Regional Tranmission Organization,Regional Tranmission Organization,1
20031205-0131,Galeton,"Galeton, Co.",1
20031125-0036(partial),Grand Harbour LTD.,Grand Harbour LTD.,1
20031125-0034,Questsultants,"Quest Consultants,",1
20030801-0191,M&J Developers,"M&J Developers,",1
20030313-0209,Williston Basin Interstate,Williston Basin Interstate Pipeline,1
20030313-0197,Natura Manufacturing,Natura Manufacturing,1
20030313-0144,Central Maine Prower,Central Maine Prower,1
20021018-0222,Bedford,Bedford,1
20021008-0082,East Tennesse,East Tennesse,1
20020815-0570,Lake Lillinonah Authority,Lake Lillinonah Authority,1
20020807-3145,Kelly Springfield Plant,Kelly Springfield Plant,1
20020716-0237,Eerie Hydropower,Eerie Hydropower LP,1
20020625-0460,Upper Peninsula Power,Upper Peninsula Power,1
20020604-0222,Arrowhead Yach Club,Arrowhead Yach Club,1
20020509-0091,CMS Trunkline LNG,CMS Trunkline LNG,1
20020419-0155,Delawareral Assembly,Delaware General Assembly,1
20020403-0701,Pine Bluff Sand & Gravel,Pine Bluff Sand & Gravel,1
20020214-0732,Westst,West Coast,1
20020214-0730,Mecklenburg Electricperative,Mecklenburg Electric Cooperative,1
20020214-0728,American Ref-Fuel,American Ref-Fuel,1
20020205-0552,Niobrara Electric Association,Niobrara Electric Association,1
20020129-0194,Warwick Town Board,Warwick Town Board,1
20020129-0053,Maritimes & Northeast,"Maritimes & Northeast Pipeline, L.L.C. and Algonquin Gas Transmission",1
20011221-0261,Revezzi Farm,Revezzi Farm,1
20011217-0221,Louisiana Public Servicemission,Louisiana Public Service Commission,1
20011019-0304,Maryland Public Servicemission,Maryland Public Service Commission,1
20011018-0299,PNM,PNM,1
20011016-0225,St Lawrence Power,St Lawrence Power,1
20010918-0234,North Carolina Utilitiesmission,North Carolina Utilities Commission,1
20010917-0159,JLH Hydro,JLH Hydro,1
20010820-0019,Utah Associated Municipal Power Systems,Utah Associated Municipal Power Systems,1
20010709-0377,Algonquin and Texas Eastern Authority,Algonquin and Texas Eastern Authority,1
20010709-0367,Ohio Pennsylvania Landowners Association,Ohio Pennsylvania Landowners Association,1
20010709-0272,Pascoag Electric,Pascoag Electric,1
20010705-0187,Delta Power,"Delta Power,",1
20010705-0046,Norton,Norton,1
20010627-0136,Reynolds Plantation,Reynolds Plantation,1
20010116-0155,Northeast Utilities,Northeast Utilities,1
20010116-0155,Northeastration,Northeast Generation,1
20001229-0113,Lay Lake home Owners & Boat Owners,Lay Lake home Owners & Boat Owners,1
20001229-0060,Carolina Power & Light,Carolina Power & Light,1
20001229-0057,Gulf Trace Homeowners Association,Gulf Trace Homeowners Association,1
20001228-0438,South Carolina Electric and gas,South Carolina Electric and gas,1
20000926-0368,Kootznoowoo,Kootznoowoo,1
20000918-0277,Pennsylvania Landowners Association,Pennsylvania Landowners Association,1
20000828-0229,Flo Rida Progress,Flo Rida Progress,1
20000828-0027,Carolina Power& Light,Carolina Power& Light,1
20000811-0314,Montana Power,Montana Power,1
20000811-0256,Burkhalter Engineering,"Burkhalter Engineering,Inc.",1
20000803-0321,Winsconsin,Winsconsin Gas,1
20000330-0181,U.S Army,U.S Army Corp.,1
20000228-0775,Lake of Ozark's,Lake of Ozark's,1
20181107-0007,Brookfield Renewable Partners,Brookfield Renewable Partners,1
20181031-0011,GridLiance Heartland,GridLiance Heartland,1
20180926-0013,Boyce Hydro Power.,Boyce Hydro Power.,1
20180622-0006,NGRID,NGRID,1
20180424-0007,DWR,DWR,1
20180223-0006,Ampersand Ogdensburg Hydro,"Ampersand Ogdensburg Hydro,",1
20180216-0016,AmerenUE/AmerenMO,AmerenUE/AmerenMO,1
20171020-0020,Avangrid and Eversource,Avangrid and Eversource,1
20170927-0027,Consumer's,Consumer's,1
20170906-0012(partial),Panhandle Eastern,Panhandle Eastern Pipe Line,1
20170829-0016,Transcontinental pipeline,Transcontinental pipeline,1
20170802-0027,Cameron Gas and Electric,Cameron Gas and Electric,1
20161229-0053,Jersey Central Power & Light,Jersey Central Power & Light,1
20161005-0007,Southern Star Central,"Southern Star Central Gas Pipeline,",1
20160921-0011,MVP,MVP,1
20160617-0008,FirstLight,FirstLight,1
20160526-0013,Consumers,Consumers,1
20160406-0022,Dominion Power,Dominion Power,1
20160224-0019,Plains Pipeline,"Plains Pipeline, LP",1
20160107-0018,Southern California,Southern California Gas Co.,1
20160106-0022,Constitution & Kinder Morgan,Constitution & Kinder Morgan,1
20151230-0012,GE,GE,1
20151118-0010,Transco/Williams,Transco/Williams,1
20151102-0008,TransCo,TransCo,1
20151005-0009,Rover pipeland,Rover pipeland,1
20150729-0052,EQT,EQT,1
20150520-0074,NIPSCO/USFWS,NIPSCO/USFWS,1
20150504-0011,William Partners,William Partners,1
20150311-0006,NED,NED,1
20150303-0030,Central Nebraska Public Power & Irrigation District,Central Nebraska Public Power & Irrigation District,1
20141229-0088,Energy Rover,Energy Rover Pipeline Project,1
20130222-0006,Boardwork,Boardwork Pipelines,1
20130108-0016,Allegheny Storage,Allegheny Storage Project,1
20120113-0004,Wyco Power and Water,"Wyco Power and Water,",1
20110428-0041(partial),Suburban Propane,Suburban Propane,1
20110411-0044,PJM Power Producers Group,PJM Power Producers Group,1
20110405-0001,FirstLight Power,FirstLight Power,1
20110405-0001,Connecticut Hydro,Connecticut Hydro,1
20101006-0002,Grantnty Public Utility District,Grant County Public Utility District,1
20100910-0041,Henry Gas Storage,Henry Gas Storage,1
20100310-0007,NSTAR,NSTAR,1
20091026-0267,Midwest Independent Transmission System Operator,Midwest Independent Transmission System Operator,1
20091013-0004,Williams Northwest,Williams Northwest Pipeline,1
20090508-0038,Bangor-Pacific Hydro and Associates Power,Bangor-Pacific Hydro and Associates Power,1
20090427-0059(partial),SC DNR,SC DNR,1
20090414-0029,New York Regional Interconnection,New York Regional Interconnection,1
20090320-0046,California Independent Operator,California Independent Operator Corporation,1
20090128-0141,AES,AES,1
20090128-0139,Northwest Natural,Northwest Natural Gas,1
20090128-0139,Gas Transmission Northwest,Gas Transmission Northwest Corporation,1
20081125-0051(partial),Hudson River-Black River Regulating District,Hudson River-Black River Regulating District,1
20081020-0178(partial),Rockie Mountain Express,Rockie Mountain Express,1
20081020-0172,Seneca Falls Power,Seneca Falls Power Corporation,1
20081001-0014,Kern River Gas Transmission,Kern River Gas Transmission,1
20080919-0135(partial),Hudson River-Black River Water Regulating District,Hudson River-Black River Water Regulating District,1
20080919-0123(partial),New Jersey Resources,New Jersey Resources,1
20080911-0063,PacificCorp,PacificCorp,1
20080813-0274,Consolidated Water Power,Consolidated Water Power,1
20080722-0166,Golden Lotus,Golden Lotus,1
20080722-0025,Marseilles Land and Water,Marseilles Land and Water,1
20080619-0125,NiSource &umbia Gas Transmission,NiSource & Columbia Gas Transmission,1
20080522-0161,WPSC,WPSC,1
20080522-0154,Rocket Expres,Rocket Expres Gas,1
20080515-0185(partial),Florida,Florida,1
20080327-0152,Williamspnay,Williams Compnay,1
20080306-0218,PSEG,PSEG,1
20080306-0218,PSEG Fossil,PSEG Fossil,1
20080306-0217,Vermont Electric Power,Vermont Electric Power,1
20080215-0204,AEP,AEP,1
20080215-0203,Progress,Progress,1
20070508-0195,Rockies Express Piepline,Rockies Express Piepline,1
20070307-0156(partial),Hardy Storage,Hardy Storage,1
20061130-0153,Northbrook Lyson Falls,"Northbrook Lyson Falls,",1
20061109-0051,New England Independent System Operator,New England Independent System Operator,1
20060817-0093(partial),Rocky Mountain Express,Rocky Mountain Express,1
20060810-0068,PPL Holtwood,"PPL Holtwood,",1
20060725-0077(partial),Quoddy Bay LNG,Quoddy Bay LNG Corp.,1
20060615-0253,Ware River Power,Ware River Power,1
20060615-0199,Midland Powerperative,Midland Power Cooperative,1
20040907-0363,Dominione,Dominion Cove,1
20040813-0003,Enron Power marketing,Enron Power marketing,1
20040720-0242,Enron Power Marketing.,Enron Power Marketing.,1
20040720-0242,American Electric Power Service,American Electric Power Service Corp.,1
20040720-0242,San Diego Gas & Electric,San Diego Gas & Electric Co.,1
20040610-0115,Freeport- Mcmoran,Freeport- Mcmoran,1
20040610-0115,Compass Port,"Compass Port,",1
20040528-0075,Williams Transcontinental,Williams Transcontinental Pipeline,1
20040521-0267,Rancho,Rancho Pipeline,1
20040513-0077,Trunline,Trunline Gas,1
20040504-0565,Wisconsin's electricity markets,Wisconsin's electricity markets,1
20040318-0002,Mid West Independent System Operator,Mid West Independent System Operator,1
20040305-0196,Concoco Phillps and TransCanada,Concoco Phillps and TransCanada Pipelines,1
20040217-0126,HydroPowerpoany,HydroPower Compoany,1
20040206-0193,Green Future,Green Future,1
20040202-0230,Virginia Sate,Virginia Sate Corporation,1
20040202-0218,Virginia State,Virginia State Corporation,1
20040202-0164,Lake Murray Association,Lake Murray Association,1
20040102-0139,LNG Terminal,LNG Terminal,1
20040102-0128,natural gas market,natural gas market,1
20031223-0081,Mississippi Whitewater park Development,Mississippi Whitewater park Development Corporation,1
20031120-0138,American Hydro Power,American Hydro Power,1
20031030-0019,American energy,American energy,1
20031030-0019,Commonwealth Power,Commonwealth Power,1
20031030-0017,M&J,"M&J Holdings,",1
20030929-0018,Northwestern Wisconsin Electric,Northwestern Wisconsin Electric,1
20030801-0191,Smith  Mountain Lake management,Smith  Mountain Lake management,1
20030609-0252,Mr. Lawrence Heath,"Mr. Lawrence Heath, Corporation",1
20030326-0246,Central Maine Power,Central Maine Power,1
20030321-0215,California Electric &,California Electric & Gas,1
20030220-0077,Twin Falls Canal,Twin Falls Canal,1
20030220-0076,Wisconsin corporation,Wisconsin corporation,1
20030211-0007,Canal,Canal,1
20021203-0359,Clark Public UtilityDistrict,Clark Public UtilityDistrict,1
20021127-0044,Ensign Operating,Ensign Operating Co.,1
20021127-0003,Mirant,Mirant Corp.,1
20021104-0116,Maritimes and Northerast,Maritimes and Northerast Pipelines,1
20021018-0249,CMS/Truckline Liquified Natural,CMS/Truckline Liquified Natural Gas,1
20020923-0131,Citizen's for a Better Thonotosassa,Citizen's for a Better Thonotosassa,1
20020813-0049,Eugene Water and Electric Board,Eugene Water and Electric Board,1
20020807-3143,New York Independent System Operator ISO,New York Independent System Operator ISO,1
20020604-0435,Express,Express Pipeline,1
20020604-0402,California's Public Utilitiesmission,California's Public Utilities Commission,1
20020528-0404,MidAmerican,MidAmerican,1
20020521-0282,Androscoggin Reservoir,Androscoggin Reservoir,1
20020503-0166,Duke Resources,Duke Resources,1
20020403-0770,Nisource,Nisource,1
20020403-0706,Sabine River Actionlition,Sabine River Action Coalition,1
20020214-0730,John Kerr Dam,John Kerr Dam,1
20020117-0184,Holyoke Water Power,Holyoke Water Power,1
20020117-0094,Enron/Exxon/Chevron Florida,Enron/Exxon/Chevron Florida Gas,1
20010917-0159,Northbrook,Northbrook,1
20010917-0156,Symbiotics,"Symbiotics,",1
20010820-0048,GridFlorida,GridFlorida,1
20010801-0270,Niagara Mohawk,Niagara Mohawk Corporation,1
20010801-0270,New York Public Servicemission,New York Public Service Commission,1
20010716-0189,Standish,Standish,1
20010716-0183,Wisconsin Electric,Wisconsin Electric,1
20010702-0115,Elkem Metals,Elkem Metals,1
20010622-0316,Kennebac Water Power,Kennebac Water Power Co.,1
20010622-0160,Edison International,Edison International,1
20010614-0074,Tennesse Gasline,Tennesse Gasline,1
20010614-0036,National Grid Group,National Grid Group,1
20010329-0117,Georgia Pacific,Georgia Pacific Corp.,1
20010329-0062,Cypress Natural,Cypress Natural Gas,1
20010329-0060,Trans-Union Interstate,"Trans-Union Interstate Pipeline, L.P.",1
20010328-0460,Marathon Ashland,Marathon Ashland,1
20010328-0460,CMS,CMS,1
20001229-0261,Portland Natural Gas Transmmision System,Portland Natural Gas Transmmision System,1
20001228-0405,Transcontenental,Transcontenental Gas Pipeline,1
20000918-0271,Wisconsin,Wisconsin Gas Corporation,1
20000828-0358,Wincosin Valley Improvement,Wincosin Valley Improvement,1
20000609-0058,Pinnacle Oil and,Pinnacle Oil and Gas Corp.,1
20000609-0029,Cleco,Cleco Corporation,1
20000609-0029,Clapine,Clapine Corporation,1
20000522-0074,Williams Brothers Natural,Williams Brothers Natural Gas Co.,1
20181207-0011,Next Decades Rio Grande,Next Decades Rio Grande Project,1
20181119-0028(partial),ATC/UTV trail,ATC/UTV trail,1
20181105-0012,Driftwood LNG terminal and Driftwood,Driftwood LNG terminal and Driftwood Pipeline,1
20181105-0009,Driftwood Liquid Natural,Driftwood Liquid Natural Gas Project,1
20180814-0007,Drifhvood LNG terminal and the Drifhvood,Drifhvood LNG terminal and the Drifhvood Pipeline,1
20180725-0462,Sylvan Hydroelectric project,Sylvan Hydroelectric project,1
20180424-0006,project No. 2100,project No. 2100,1
20180411-0024,Gross Reservoir Expansion project,Gross Reservoir Expansion project,1
20180102-0006(partial),Atlantic Sunrise pipeline project,Atlantic Sunrise pipeline project,1
20171208-0016,Catawba-Wateree Recreation Management Plan,Catawba-Wateree Recreation Management Plan,1
20171114-0047,Klamath Hydropower,Klamath Hydropower Project,1
20171108-0006,McNary Dam,McNary Dam Project,1
20171026-0031,WB XPress pipeline project.,WB XPress pipeline project.,1
20171020-0021(partial),Toledo Bend,Toledo Bend Project,1
20171020-0019,Atlantic Sunrise project,Atlantic Sunrise project,1
20171020-0018,Supply Header,Supply Header Project,1
20171020-0013,Leach XPress,Leach XPress Project,1
20171020-0012,WB XPress,WB XPress Project,1
20171017-0008,Eagle LNG Partners Jacksonville project,Eagle LNG Partners Jacksonville project,1
20171012-0013,Drifiwood LNG project,Drifiwood LNG project,1
20171012-0012,WB Xpress pipeline project,WB Xpress pipeline project,1
20170927-0025,STAMP business park,STAMP business park,1
20170810-0007,Net Zero,Net Zero,1
20170802-0030,Potter Valley,Potter Valley Project,1
20170619-0037,Woodland Pulp mill,Woodland Pulp mill,1
20170615-0007,Eastern Panhandle Expansion project,Eastern Panhandle Expansion project,1
20170310-0079,Fairburn Expansion,Fairburn Expansion Project,1
20170307-0135,Blenheim-Gilboa Pumped Storage Power,Blenheim-Gilboa Pumped Storage Power Project,1
20170203-0029,Nexus Natural,Nexus Natural Gas Pipeline Project,1
20160921-0014,James A. Fitzpatrick Nuclear Power Plant,James A. Fitzpatrick Nuclear Power Plant,1
20160805-0009,Gordon Butte,Gordon Butte Project,1
20160713-0007,Warrior River Hydroelectric,Warrior River Hydroelectric Project,1
20160524-0021,Muskeget Channel Tidal,Muskeget Channel Tidal,1
20160506-0033,"""B-System"" modernization project","""B-System"" modernization project",1
20160506-0006,La Grange and Don Pedro projects,La Grange and Don Pedro projects,1
20160119-0008,Mountaineer XPpress,Mountaineer XPpress Project,1
20160115-0006,Gordon Butte Closed Loop Pumped Storage,Gordon Butte Closed Loop Pumped Storage Project,1
20160111-0039,Gordon Butte Closed Loop Pumped Storage Hydro,Gordon Butte Closed Loop Pumped Storage Hydro Project,1
20160106-0021,Gordon Butte Pumped Storage,Gordon Butte Pumped Storage Project,1
20151022-0039,PennEast pipeline project,PennEast pipeline project,1
20151020-0010,TransCameron,TransCameron Pipeline,1
20150828-0039,Pillsbury A-Mill,Pillsbury A-Mill,1
20150625-0024,LNG Export,LNG Export Project,1
20150508-0016,Mokelumne River,Mokelumne River Project,1
20150323-0006,Environmental Impact Statement,Environmental Impact Statement(EIS) for the Jordan Cove Project,1
20150226-0032,atlanticst,atlantic Coast Pipeline Project,1
20150224-0014,Leach Xpress,Leach Xpress Project,1
20150129-0031,NEXUS Gas Transmission,NEXUS Gas Transmission Project,1
20141229-0090,MidContinent Express,MidContinent Express Pipeline,1
20141024-0023,Proposed Atlanticst,Proposed Atlantic Coast Pipeline,1
20141006-0054,Tennessee proposed Northeast,Tennessee proposed Northeast,1
20140815-0009,Williams Dam Hydro,Williams Dam Hydro Project,1
20140801-0009,Aguirre Gasport,Aguirre Gasport Project,1
20140619-0007,San Vicente Dam Pumped Storage,San Vicente Dam Pumped Storage Project,1
20140619-0006,Gordon Butte Pumped Storage Hydro,Gordon Butte Pumped Storage Hydro Project,1
20140425-0014,Trunkline LNG's Lake Charles LNG Export project,Trunkline LNG's Lake Charles LNG Export project(Lake Charles Project),1
20140416-0019,American Mildstream,American Mildstream Pipeline,1
20131009-0016,Ohio pipeline,Ohio pipeline,1
20130905-0009,Angelo Dam project,Angelo Dam project,1
20130614-0003,Boundary Hydroelectric,Boundary Hydroelectric Project,1
20130528-0032,Stagecoach Hydroelectric,"Stagecoach Hydroelectric Project,",1
20130102-0022,Angelo Dam Hydropower,Angelo Dam Hydropower Project,1
20121026-0003,Oregon LNG Export project,Oregon LNG Export project,1
20120919-0029,Tennessee Gas Northeast Upgrade,Tennessee Gas Northeast Upgrade Project,1
20120703-0014,Great Lakes Hydro America,"Great Lakes Hydro America,",1
20120703-0013,Augusta Canal,Augusta Canal Project,1
20120619-0018,Jennings Randolph Hydroelectric,Jennings Randolph Hydroelectric Project,1
20120210-0001,New Jersey-New York Expansion project,New Jersey-New York Expansion project,1
20120113-0002,New-Jersey-New York Expansion,New-Jersey-New York Expansion Project,1
20111108-0046,Allegheny storage,Allegheny storage Project,1
20110927-0131,Puerto Rico EcoEIectrica Terminal Modification,Puerto Rico EcoEIectrica Terminal Modification Project,1
20110922-0004,MARC 1 Hub Line,"MARC 1 Hub Line Project,",1
20110913-0012,Osage Hydroelectric,Osage Hydroelectric Project,1
20110518-0032,DF SUEZ Solar,DF SUEZ Solar Project,1
20110328-0002,Atlantic Windnection,Atlantic Wind Connection Project,1
20101119-0026,Clackamas River Hydroelectric,Clackamas River Hydroelectric Project,1
20101119-0025,Project Lands for a recreational facility,Project Lands for a recreational facility,1
20101004-0006,Kilarc-Cow Creek Hydroelectric,Kilarc-Cow Creek Hydroelectric Project,1
20100923-0018(partial),AmerenUE Shoreline Management Plan,AmerenUE Shoreline Management Plan,1
20100910-0036,Killarc-Cow Creek Hydroelectric project,Killarc-Cow Creek Hydroelectric project,1
20100826-0004,Killarc-Cow Creek,Killarc-Cow Creek Project,1
20100525-0025,Dresden Island and Brandon Road Hydroelectric,Dresden Island and Brandon Road Hydroelectric Projects,1
20100525-0024,Yadkin Hydro Electric,Yadkin Hydro Electric Project,1
20091125-0034(partial),School Street,School Street Project,1
20091123-0149,Gresham Municipal Utilities Hydro,Gresham Municipal Utilities Hydro,1
20090928-0063,Lock and Dam No.7 Hydro,Lock and Dam No.7 Hydro Project,1
20090918-0147(partial),36 MW project in Pella Iowa,36 MW project in Pella Iowa,1
20090918-0104,Project 7 Water Authority,Project 7 Water Authority,1
20090723-0128,San Luis Rey River Water Rights Settlement,San Luis Rey River Water Rights Settlement,1
20090526-0034,Kilarc-Cow Creek,Kilarc-Cow Creek Project FERC 606,1
20090421-0311,Project 184,Project 184,1
20090320-0047,Power supply agreement docket No. ER08-1501,Power supply agreement docket No. ER08-1501,1
20090306-0069,Melvin Price Lock and Dam hydroelectric project,Melvin Price Lock and Dam hydroelectric project,1
20081125-0050,Veazie Recovery,Veazie Recovery Project,1
20081113-0085,Hydroelectric generating unit at the Lake Shelbyville Dam,Hydroelectric generating unit at the Lake Shelbyville Dam,1
20080930-0178(partial),Windward Point Yacht Club & Marina,Windward Point Yacht Club & Marina,1
20080806-0190,Rehabilitation of Byron Weston Hydroelectric Dam,Rehabilitation of Byron Weston Hydroelectric Dam,1
20080731-0199,Western Catskills Hydro,Western Catskills Hydro Project,1
20080702-0298,Mississippi River Lock and Dam No. 2,Mississippi River Lock and Dam No. 2 Project,1
20080626-0001,Reinstatement FERC project No. 12454,Reinstatement FERC project No. 12454,1
20080515-0162,Hydroelectric Powered Dam,Hydroelectric Powered Dam,1
20080313-0062,Castle Creek Hydroelectric Plant,Castle Creek Hydroelectric Plant,1
20061220-0058,Strayton Hydroelectric,Strayton Hydroelectric Project,1
20061024-0157,West Valley A&B Hydroelectric,West Valley A&B Hydroelectric Project,1
20060922-0098,Big Sandy,Big Sandy Pipeline Project,1
20060714-0019,Meldahl,Meldahl Project,1
20060614-0211(partial),FERC expemptions for Upper Turnbull,"FERC expemptions for Upper Turnbull - FERC #12598, Lower Turnbull - FERC #12597, Mill Coulee - Ferc #12599",1
20060606-0272,Liquefied natural gas terminal near Lake Charles,Liquefied natural gas terminal near Lake Charles,1
20040701-0070,Keyspan LNG Facility,Keyspan LNG Facility Project,1
20040617-0028,Housatonic River Hydroelectric,Housatonic River Hydroelectric Project,1
20040525-0076,Klamath Hydro,Klamath Hydro Project,1
20040521-0270,LICAP,LICAP,1
20040512-0211,CheniereProject,CheniereProject,1
20040505-0442,Energy Markets Tariff,Energy Markets Tariff,1
20040331-0123,Pelton Round Butte,Pelton Round Butte Project,1
20040323-0226(partial),Sabine Pass LNG &,Sabine Pass LNG & Pipeline Project,1
20040225-0057,Power Plan,Power Plan Project,1
20031201-0324(partial),Grand Harbour,Grand Harbour Project,1
20031201-0211,Box Canyon Hydroelectric,Box Canyon Hydroelectric Project,1
20031107-0042,concerning a complaint re the Hawk's Nest Dam in West Virginia under,concerning a complaint re the Hawk's Nest Dam in West Virginia under,1
20031007-0272,consideration to allowing the Franklinnty Board of Supervisors to intervene in,consideration to allowing the Franklin County Board of Supervisors to intervene in Project No. P-2210-090.,1
20030801-0140,several provisions that are included in the lastest draft of the energy bill that will be considered by the Senate next week,several provisions that are included in the lastest draft of the energy bill that will be considered by the Senate next week,1
20030516-0040,Hydroelectric projects,Hydroelectric projects,1
20030313-0332(partial),Childs-lrving Hydropower,Childs-lrving Hydropower Project,1
20030313-0212,"Grasslands
Project","Grasslands Pipeline
Project",1
20030313-0211,Algonquin Hubline Phase II,Algonquin Hubline Phase II Project,1
20030313-0197,Natura,Natura Project,1
20021230-0232,Small access roadway to retirement property of constituent Mr. Adolphson,Small access roadway to retirement property of constituent Mr. Adolphson,1
20021206-0099,FERC Holyoke,FERC Holyoke Project,1
20021018-0222,Project nos  3218,"Project nos  3218, 6901 and 6902",1
20020923-0130,Islander East Natural,Islander East Natural Gas Pipeline,1
20020909-0485,Midwest Independent System Operator for a Regional Transmission Organization,Midwest Independent System Operator for a Regional Transmission Organization,1
20020830-0139,Islander East pipeline,Islander East pipeline,1
20020815-0653,South System Expansion II,South System Expansion II Project,1
20020815-0574,Saranac River hydro electric project,Saranac River hydro electric project,1
20020815-0545,High Falls Proj-2595,High Falls Proj-2595,1
20020808-0152,Stagecoach,Stagecoach Project,1
20020716-0467,Lay Lake HOBO project,Lay Lake HOBO project,1
20020716-0237,Middle Raquette River,Middle Raquette River Project,1
20020702-0070,CP01-384-000 and CP02-52-000,CP01-384-000 and CP02-52-000,1
20020604-0535,Greenup Dam,Greenup Dam,1
20020524-0418,Columbia Hydroelectric,Columbia Hydroelectric Project,1
20020521-0019,Comm. Nora Brownell,Comm. Nora Brownell,1
20020509-0091,CMS Trunkline LNG Facility,CMS Trunkline LNG Facility,1
20020503-0225,Condit Dam,Condit Dam,1
20020503-0201,Mechanicville Hydroelectric Station,Mechanicville Hydroelectric Station,1
20020403-0726,Box Canyon Dam,Box Canyon Dam,1
20020214-0728,Delaware Valley Resource Recovery Facility,Delaware Valley Resource Recovery Facility,1
20020214-0541,Union Center Re-route Variation along the NYSEG Powerlineridor,Union Center Re-route Variation along the NYSEG Powerline Corridor,1
20020129-0053,Phase III / Hubline,Phase III / Hubline Project,1
20011221-0115,Lay Lake Hydroelectric Reservoir,Lay Lake Hydroelectric Reservoir,1
20011217-0221,Participant Funded Expansion,Participant Funded Expansion,1
20011108-0109,West Winterport Hydroelectric Dam,West Winterport Hydroelectric Dam,1
20011018-0138,Vermilion Valley,Vermilion Valley Project,1
20011016-0225,St. Lawrence and Niagara,St. Lawrence and Niagara Projects,1
20010918-0081,Eastchester,Eastchester Project,1
20010710-0044,Clifton Mill,Clifton Mill,1
20010709-0377,Compressor facilities,Compressor facilities,1
20010709-0268,Forks of Butte,Forks of Butte Project,1
20010705-0046,Compressed air energy storage project,Compressed air energy storage project,1
20010622-0310,Dead River Hydroelectric,Dead River Hydroelectric Project,1
20001229-0060,Blewwet Falls,Blewwet Falls Project,1
20001229-0060,Yadkin-Pee Dee River,Yadkin-Pee Dee River Project,1
20001229-0060,Blewett falls,Blewett falls Project,1
20001020-0258,Centenial,Centenial Pipeline Project,1
20000926-0368,Angoon Power,Angoon Power Project,1
20000918-0278,Transco Sundance expansion,Transco Sundance expansion Project,1
20000828-0353,Housatonic,Housatonic Project No. 2576-CT,1
20000828-0132,North Umpqua Hydroelectric project,North Umpqua Hydroelectric project,1
20000828-0115,Yadkin Hydroelectri cProject,Yadkin Hydroelectri cProject,1
20000828-0115,SMP project,SMP project,1
20000828-0104,Niagara Mohawk/Orion's Black River hydroelectric project,Niagara Mohawk/Orion's Black River hydroelectric project,1
20000828-0103,St. Lawrence-FDR project,St. Lawrence-FDR project,1
20000828-0057,Vector,Vector Pipeline Project,1
20000828-0051,MarketLink Expansion,MarketLink Expansion Project,1
20000803-0419,Toledo Bend Bi-State Alliance,"Toledo Bend Bi-State Alliance,Project No.2305-016,",1
20000803-0414,Lundy Hydroelecric project,Lundy Hydroelecric project,1
20000503-0151,Waltervile hydroelectric project,Waltervile hydroelectric project,1
20000301-0117,North Umqua Hydroelectric,North Umqua Hydroelectric Project,1
20181107-0007,Holtwood,Holtwood Project,1
20180926-0013,Edenville Hydropower,Edenville Hydropower Project,1
20180622-0006,Fields Point liquefaction project,Fields Point liquefaction project,1
20180328-0010,Fields National,Fields National Gas,1
20180223-0006,Ogdensburg,Ogdensburg Project No. 9821,1
20180216-0016,Project 459-128,Project 459-128,1
20170928-0006,Toledo Bend Spillway Operation,Toledo Bend Spillway Operation,1
20170927-0027,Calkins Bridge project No 785,Calkins Bridge project No 785,1
20170829-0011,Spectra Burrillville compressor station,Spectra Burrillville compressor station,1
20170802-0027,Project No. 11150-101,Project No. 11150-101,1
20170510-0025,Pensacola Hydroelectric,Pensacola Hydroelectric Project No. 1494,1
20170307-0136,Nexus gas transmission line,Nexus gas transmission line,1
20170207-0019,Nexus Gas Transmission Line,Nexus Gas Transmission Line,1
20161229-0053,Monmouthnty Reliability project,Monmouth County Reliability project,1
20161216-0007,West Roxbury Lateral,West Roxbury Lateral Pipeline,1
20161213-0031,Monmouthnty Reliability,Monmouth County Reliability Project,1
20161116-0018,Elba,Elba Project,1
20161103-0022,Algonquin Atlantic,"Algonquin Atlantic, Bridge Project",1
20161013-0030,Smallwood Hydro project,Smallwood Hydro project,1
20161011-0018,Conestoga Alternative,Conestoga Alternative,1
20161005-0007,Line RI,Line RI,1
20160926-0009,Abandonment and Capacity Restoration,Abandonment and Capacity Restoration Project,1
20160810-0044,PennEast pipeline,PennEast pipeline,1
20160801-0069,Cowlitz Falls Hydroelectric,Cowlitz Falls Hydroelectric Project,1
20160624-0006,Wilder Dam,Wilder Dam,1
20160617-0008,P-2485 and P-1889,P-2485 and P-1889,1
20160301-0012,compressor station No.203,compressor station No.203,1
20160224-0019,Line 901 pipeline,Line 901 pipeline,1
20160219-4017,Highland,"Highland,  NY  compressor station",1
20160212-0008,Market Path Tailpressor Station,Market Path Tail Compressor Station,1
20160107-0018,Aliso Canyon Storage Facility,Aliso Canyon Storage Facility,1
20151201-0086(partial),Keowee-Toxaway Hydroelectric,Keowee-Toxaway Hydroelectric Project,1
20151020-0015,Liquefied Natural Gas Export Terminals,Liquefied Natural Gas Export Terminals,1
20151008-0013,Newburgh Hydroelectric,Newburgh Hydroelectric Project,1
20151005-0009,Rover pipeland project Docket Cp15-93-000,Rover pipeland project Docket Cp15-93-000,1
20151001-0033,PF14-22,PF14-22,1
20150930-0014,Central,Central Pipeline North,1
20150928-0015,Edenville Dam,Edenville Dam,1
20150923-0006,PennEast natural gas pipeline,PennEast natural gas pipeline,1
20150520-0074,Norway-Oakdale Hydmelectric,Norway-Oakdale Hydmelectric Project,1
20150515-0008,Merced River Hydroeclectric,Merced River Hydroeclectric Project,1
20150504-0011,Williams Partners Atlantic Sunrise Interstate,Williams Partners Atlantic Sunrise Interstate Pipeline Project,1
20150303-0030,J-2 Regulating Reservoir,J-2 Regulating Reservoir,1
20150204-0012,Proposed Liquefied Natural Gas Terminals,Proposed Liquefied Natural Gas Terminals,1
20141229-0088,Energy Transfer Rover,Energy Transfer Rover Pipeline Project,1
20141218-0035,Columbia Gas Transmission's East Side Expansion,Columbia Gas Transmission's East Side Expansion Project,1
20141121-0015,Delta Hydro Electric,Delta Hydro Electric Project,1
20141103-0033,Energy Transfer Roverc,Energy Transfer Roverc  Pipeline,1
20141027-0017,Dominion New Market,Dominion New Market Project,1
20140820-0010,Pinnacles Hydroelectric Plant,Pinnacles Hydroelectric Plant,1
20140617-0271,Dominione point Liquefaction project,Dominion Cove point Liquefaction project,1
20140416-0045,Buzzard Roost Hydroelectric,Buzzard Roost Hydroelectric Project,1
20140324-0048,Wright Interconnect,Wright Interconnect Project,1
20140304-0041,Arclight Capital Partners.,Arclight Capital Partners.,1
20140304-0041,American Midstream Ptpeline,American Midstream Ptpeline,1
20130703-0037,Northeast Supply,Northeast Supply Project,1
20130625-0010,Leidy Southeast Expansion,Leidy Southeast Expansion Project,1
20130516-0002,Boyce hydro Power,"Boyce hydro Power,",1
20130102-0018,Proposed Sasabe Lateral Natural,Proposed Sasabe Lateral Natural Gas Pipeline,1
20110719-0003,Claytor Hydroelectric,Claytor Hydroelectric Project,1
20110328-0005,Martin Dam Hydroelectric,Martin Dam Hydroelectric Project,1
20110210-0022,Coosa River,Coosa River Project,1
20100915-0007,Missouri-Madison,Missouri-Madison Project,1
20100910-0039,Claytor Hydro Relicensing project,Claytor Hydro Relicensing project,1
20100910-0031(partial),Claytor Hydro Relicensing,Claytor Hydro Relicensing,1
20100830-0007,SESH undersground natural gas pipeline project,SESH undersground natural gas pipeline project,1
20100804-0015,Lookout Shoals development of the Catawba Wateree,Lookout Shoals development of the Catawba Wateree Project,1
20100628-5039,Decommission of the Kilarc hydropower project,Decommission of the Kilarc hydropower project,1
20100625-0005,Revision of license for,Revision of license for Project 516,1
20100617-0026,Humboldt WaveConnect,Humboldt WaveConnect Project,1
20100617-0023,Transfer of licenses for the Swinging Bridge,"Transfer of licenses for the Swinging Bridge, Mongaup Falls and Rio Projects",1
20100525-0021,P-2232-522,P-2232-522,1
20100318-0026(partial),Jackson Bluff Spillway,Jackson Bluff Spillway Project,1
20100318-0025,Madison-Missouri project 2188,Madison-Missouri project 2188,1
20100310-0007,Sale of the Medical Areal Total,Sale of the Medical Areal Total,1
20100308-0001,Removal of the Fort Halifax Dam,Removal of the Fort Halifax Dam,1
20091224-0052,Oregon LNG project,Oregon LNG project,1
20091224-0051,Expansion of Northern Cunningham storage field,Expansion of Northern Cunningham storage field,1
20091224-0037,Full River Reconnaissance,Full River Reconnaissance - 2008,1
20091013-0004,Blue Bridge,Blue Bridge Pipeline Project,1
20091013-0003,Texas Eastern Market Area Crossing,Texas Eastern Market Area Crossing,1
20091013-0003,Texas Eastern,Texas Eastern,1
20091013-0001,docket No. PF08-28-000,docket No. PF08-28-000,1
20091002-0065,Centerway Dam,Centerway Dam,1
20090908-0070,Fort Halifax Dam removal,Fort Halifax Dam removal,1
20090529-0038,Whitewater Access for the Rainbow Falls Hydroelectric,Whitewater Access for the Rainbow Falls Hydroelectric Project,1
20090508-0038,West Enfield Hydroelectric Dam,West Enfield Hydroelectric Dam,1
20090219-0244(partial),Lewis River Hydroelectric,"Lewis River Hydroelectric Projects numbers 935, 2071, 2111,2213",1
20090128-0141,Liquefied Natural Gas project,Liquefied Natural Gas project,1
20090128-0139,Palomar gas transmission system,Palomar gas transmission system,1
20090109-0124,AES/Mid-Atlantic,AES/Mid-Atlantic Pipeline Project,1
20081204-0029,Sparrows Point LNG and,Sparrows Point LNG and Pipeline project,1
20081125-0051(partial),Great Sacandaga Lake,Great Sacandaga Lake Project,1
20081125-0042,Mid-Atlantic Express pipeline,Mid-Atlantic Express pipeline,1
20081113-0086,Spring Gap-Stanislaus Hydroelectric,Spring Gap-Stanislaus Hydroelectric Project,1
20081029-0059,Docket No. CP08-431-000,Docket No. CP08-431-000,1
20081020-0178(partial),Rockie Express East,Rockie Express East Pipeline,1
20081020-0172,Seneca Falls,"Seneca Falls Project, No.2438",1
20081020-0165,EIS for Jordane liquefied natural gas terminal,EIS for Jordan Cove liquefied natural gas terminal,1
20080919-0123(partial),Stockmann Ridge,Stockmann Ridge Project,1
20080820-0005,PJM Interconnection Reliability Pricing Model,PJM Interconnection Reliability Pricing Model,1
20080813-0274,Stevens Point Dam,Stevens Point Dam,1
20080731-0190,Boundary extension of Weaver Storage Field,Boundary extension of Weaver Storage Field,1
20080722-0166,Lansing Club Hydroelectric,Lansing Club Hydroelectric Project,1
20080707-0163,Sparrows Point LNG Terminal and,Sparrows Point LNG Terminal and Pipeline project,1
20080702-0282,Jeffersonpressor Station,Jefferson Compressor Station,1
20080702-0281,Williams Sentinel expansion project,Williams Sentinel expansion project,1
20080616-0029,Guardian II gas line project,Guardian II gas line project,1
20080616-0010,REX-East project,REX-East project,1
20080522-0161,Wisconsin Alexander Hydro,Wisconsin Alexander Hydro Project,1
20080522-0149,REX EAST,REX EAST,1
20080515-0182(partial),Rockies Express Eastern,Rockies Express Eastern Gas Pipeline,1
20080512-0256,Natual gas Line,Natual gas Line,1
20080424-0053,Natural Gas Storage Field,Natural Gas Storage Field,1
20080411-0034(partial),Rainbow Falls,Rainbow Falls Project,1
20080404-0198(partial),Steckman Ridge Storage,Steckman Ridge Storage Project,1
20080403-0164,Rockie Express,Rockie Express Pipeline,1
20080324-0266,Project 606 Kilarc-Cow Creek,Project 606 Kilarc-Cow Creek,1
20080320-0039,Boradwater LNG Facility,Boradwater LNG Facility,1
20080306-0218,Cross Hudson Line,Cross Hudson Line Project,1
20080215-0204,Smith Mountain Lake,Smith Mountain Lake Project,1
20080215-0203,Tillery / Blewett Falls Hydro,Tillery / Blewett Falls Hydro Project,1
20080110-0271,Oroville Facilities Hydroelectric,Oroville Facilities Hydroelectric Project,1
20080102-0300,REX East Natural,REX East Natural Gas Pipeline,1
20071128-0175,East to West Hubline Extension,East to West Hubline Extension Project,1
20071121-0079,Kilarc,Kilarc - Cow Creek Hydroelectric Project,1
20071029-0202,Shoreline Management Plan,Shoreline Management Plan,1
20071026-0169,Oregon LNG Terminal and,Oregon LNG Terminal and Pipeline Project,1
20070815-0102,Oroville Facilities,Oroville Facilities Project,1
20070807-0092,Liquified Natural Gas Facility,Liquified Natural Gas Facility,1
20070604-0167,Tacoma Hydroelectric,Tacoma Hydroelectric Project,1
20070430-0070,Kilarc and Creek Hydroelectrci Facilities,Kilarc and Cow Creek Hydroelectrci Facilities,1
20070322-0107,Candlewood Lake,Candlewood Lake Project,1
20070307-0156(partial),Hardy Storage Field,Hardy Storage Field,1
20061130-0153,Lyson Falls Hydroelectric,Lyson Falls Hydroelectric Project,1
20061120-0032,NorthEast,NorthEast - 07,1
20061106-0156,Kern River,Kern River Pipeline Project,1
20060804-0134,Compressor Station,Compressor Station,1
20060802-0114,NYSEG Tioga-Broome Variation,NYSEG Tioga-Broome Variation,1
20060707-0238,Approval of a Forward Capacity Market,Approval of a Forward Capacity Market,1
20060707-0158,New York Interconnect,New York Interconnect Project,1
20060630-0085,Lake Oroville License Renewal,Lake Oroville License Renewal,1
20060630-0076,California ISO's proposal called the Market Redesign and Technology Upgrade,California ISO's proposal called the Market Redesign and Technology Upgrade,1
20060628-0012,Settlement between Enron and the FERC Trial Staff,Settlement between Enron and the FERC Trial Staff,1
20060622-0070,Expansion to thee Point LNG terminal in Calvertnty,Expansion to the Cove Point LNG terminal in Calvert County,1
20060622-0065,Abandonment of facilites by CenterPoint,Abandonment of facilites by CenterPoint,1
20060619-0249,Natural gas pipeline through Southern Lancasternty,Natural gas pipeline through Southern Lancaster County,1
20060615-0253,North Village Dam,North Village Dam,1
20060614-0212(partial),Greefield Irrigation Canal New Hydroelectric,Greefield Irrigation Canal New Hydroelectric Project under P-12539,1
20060613-0028(partial),Compressor Station in Methuan,"Compressor Station in Methuan, MA under PF05-17",1
20060613-0027(partial),Maritimes and Northeast natural gas pumping station location on the Rogers Spring Hill Farm,Maritimes and Northeast natural gas pumping station location on the Rogers Spring Hill Farm,1
20060606-0273,FERC Administrative Law Judge on interstate natural gas pipeline rates of return on equity,FERC Administrative Law Judge on interstate natural gas pipeline rates of return on equity,1
20041018-0033,Texas Eastern Gas Line Expansion,Texas Eastern Gas Line Expansion,1
20041001-0011,Keyspan projects,Keyspan projects,1
20040806-0024,Smith Mountain Lake Pumped Storage,Smith Mountain Lake Pumped Storage Project,1
20040630-0120,Community Environmental Justice,Community Environmental Justice Project,1
20040324-0230,Cushman Hydro,Cushman Hydro Project,1
20040304-0122,Harvell Dam,Harvell Dam Project,1
20040224-0238,Housatonic River Proj-2576,Housatonic River Proj-2576,1
20040217-0126,Warriors Ridge hydroelectric dam,Warriors Ridge hydroelectric dam,1
20040204-0245,Alliance pipeline,Alliance pipeline,1
20040202-0229,Mountain View,Mountain View,1
20040102-0132,Nooksack Falls Hydroelectric,Nooksack Falls Hydroelectric Project,1
20031223-0407,First Chemical,First Chemical Corporation,1
20031223-0081,Hydorelectric,Hydorelectric Project,1
20031030-0044,Everett Delta,Everett Delta Project,1
20031030-0019,Michigan Irving Dam Wator Power,Michigan Irving Dam Wator Power,1
20031030-0019,Middleville Hydroelectric Dam,Middleville Hydroelectric Dam,1
20031030-0019,LaBarge Dam Water power,LaBarge Dam Water power Projects,1
20031030-0016,Weed Dam,Weed Dam Project,1
20031007-0301,letter from Dee Stryker,"letter from Dee Stryker, resident concerning Enron overcharging the State of California",1
20031007-0275,requesting an extension on the comment time period on the Smith Mountain Lake Shoreline Management Plan,requesting an extension on the comment time period on the Smith Mountain Lake Shoreline Management Plan,1
20030929-0018,Concerns with flooding on the Clam River re Northwestern Wisconsin Electric Co,Concerns with flooding on the Clam River re Northwestern Wisconsin Electric Co,1
20030917-0019,protection of the critical energy generation assets Remedying Undue Discrimination through Open Access Transmission,protection of the critical energy generation assets Remedying Undue Discrimination through Open Access Transmission,1
20030916-0234,letter concerning the hydropower relicensing process,letter concerning the hydropower relicensing process,1
20030916-0223,concerning the Management Plan for SmShoreline ith Mountain Lake,concerning the Management Plan for SmShoreline ith Mountain Lake,1
20030905-0159,investigation into the unprecedented 8/14/03,"investigation into the unprecedented 8/14/03, electricity blackout in the Northeast United States.",1
20030905-0121,concerning the AEP Shoreline Management proposal for the Smith Mountain,concerning the AEP Shoreline Management proposal for the Smith Mountain,1
20030903-0370,expressing concerns with filing fees charged to a regulated monopoly and to a small business enterprise,expressing concerns with filing fees charged to a regulated monopoly and to a small business enterprise,1
20030903-0369,the electricity blackout in August,"the electricity blackout in August, 2003 in Michigan",1
20030903-0367,concerning the most recent power outage in New York for FERC's review and response,concerning the most recent power outage in New York for FERC's review and response,1
20030903-0356,approval of the Transcontinental,approval of the Transcontinental Gas Pipeline Corp's application to construct the Trenton-Woodbury Expansion Loop,1
20030822-0338,concerns with FERC placing a halt on the sale of fringe land etc under,concerns with FERC placing a halt on the sale of fringe land etc under,1
20030822-0325,commenting on the AEP Shoreline Management Plan,commenting on the AEP Shoreline Management Plan,1
20030822-0156,monitor the electricity,"monitor the electricity, natural gas & gasoline markets in order to identify any irregularities that may occur in the wake of 8/14/03 electric power blackouts",1
20030516-0037,Power,Power Project,1
20030507-0272,ANR-EI Paso West Log,ANR-EI Paso West Log Project,1
20030423-0157,Danbury hydroelectric,Danbury hydroelectric Project,1
20030418-0061,Carry both natural gas produced from coalbeds in Montana and Wyoming and con~ntional natural gas production from other Rocky Mountain producers. The Grasslands,"Carry both natural gas produced from coalbeds in Montana and Wyoming and con~ntional natural gas production from other Rocky Mountain producers. The Grasslands Pipeline is designed to be bi-directional, so gas can move either direction within the pipeline.",1
20030407-0256,Grenbier,Grenbier Pipeline Project,1
20030321-0215,Lake Murray,Lake Murray Project,1
20030220-0076,Holcombe,Holcombe Project,1
20021230-0232,Holcombe Hydro,Holcombe Hydro Project,1
20021230-0197,Federal Power Act,Federal Power Act,1
20021230-0157,Brookfieldpressor Station,Brookfield Compressor Station,1
20021206-0202,Proposed pipeline failure to operate at or near MAOP,Proposed pipeline failure to operate at or near MAOP,1
20021206-0128,The Patriot Natural Gasline,The Patriot Natural Gasline Project,1
20021206-0126,Proposed interstate pipeline,Proposed interstate pipeline,1
20021126-0236,Saluda Hydro,Saluda Hydro Project #516,1
20021115-0364,Standard Market rate design,Standard Market rate design,1
20021028-0167,Cataract,Cataract Project # 2528,1
20021018-0249,Pending application on increase of  LNG vessels sailing in Calcasieu River Ship Channel,Pending application on increase of  LNG vessels sailing in Calcasieu River Ship Channel,1
20021018-0212,Standard Market Design,Standard Market Design,1
20021008-0149,Wisoconsin,Wisoconsin Project #9974,1
20021008-0088,Gaspressor Station #27,Gas Compressor Station #27,1
20021008-0087,Draft Environmental Impact Statement,Draft Environmental Impact Statement,1
20021001-0058,FERC's proposed plan that deals with purchase/sale of energy across nation,FERC's proposed plan that deals with purchase/sale of energy across nation,1
20020930-0282,Upper Dam Wisconsin,Upper Dam Wisconsin Project #9974,1
20020923-0198,St. Lawrence Facility Cement,St. Lawrence Facility Cement,1
20020923-0167,Duke's energy gas transmission plant and line above Foster Falls,Duke's energy gas transmission plant and line above Foster Falls,1
20020923-0131,Florida Gas Transmissionpressor Station #27,Florida Gas Transmission Compressor Station #27,1
20020815-0660,Williams proposed pipeline construction,Williams Co. proposed pipeline construction,1
20020815-0654,Pipeline construction on Cedar Lane,Pipeline construction on Cedar Lane,1
20020815-0571,Kamargo Canal/power project,Kamargo Canal/power project,1
20020813-0049,Project No. 2496 for the Leaburg-Walterville Hydroelectric,Project No. 2496 for the Leaburg-Walterville Hydroelectric Project,1
20020621-0395,Arrowhead-Weston Transmission Line,Arrowhead-Weston Transmission Line,1
20020621-0261,Relicensing of Box Canyon Dam Proj. No 2042,Relicensing of Box Canyon Dam Proj. No 2042,1
20020617-0413,Alliance PIpeline,Alliance PIpeline Project,1
20020604-0437,Hugo Sitepressor Station,Hugo Site Compressor Station,1
20020524-0538,Florida Gas Transmissionpression Station 27,Florida Gas Transmission Compression Station 27,1
20020521-0282,Aziscohos Hydroelectric Facility,Aziscohos Hydroelectric Facility,1
20020521-0019,Comm. William Massey,Comm. William Massey,1
20020403-0704,River Mountain Pumped Storage Hydroelectric,River Mountain Pumped Storage Hydroelectric Project No. 10455,1
20020403-0663,Brookfield Expansion,Brookfield Expansion Project,1
20020215-0489,Fort Halifax Dam,Fort Halifax Dam,1
20020214-0512,Kamargo/Canal Power,Kamargo/Canal Power Project,1
20020205-0552,Federal Hydro Program,Federal Hydro Program,1
20020129-0195,Mandate large regional transmission organizations,Mandate large regional transmission organizations,1
20020102-0100,Duke Patriot,Duke Patriot Pipeline,1
20011217-0221,Rate-funded,Rate-funded,1
20011129-0057,Rockies Expansion,Rockies Expansion Project,1
20011107-0341,Cove Point Facility,Cove Point Facility,1
20011025-0442,Corridorstruction,Corridor Construction Project,1
20011019-0304,Northeastern Regional Transmission Organization,Northeastern Regional Transmission Organization,1
20011019-0105,Taconic Off-set route,Taconic Off-set route,1
20011019-0102,Interstate natural gas pipeline into Florida /struction ofpressor Station #31,Interstate natural gas pipeline into Florida / Construction of Compressor Station #31,1
20011002-0352,Patriot Extension Natural,Patriot Extension Natural Gas Pipeline,1
20010928-0102,Lac Vieux Desert Dam,Lac Vieux Desert Dam,1
20010917-0275,FGT Phase V Expansion,FGT Phase V Expansion Project,1
20010917-0269,CIG Valley Line Expansion,CIG Valley Line Expansion Project,1
20010917-0156,Willwood Dam,Willwood Dam,1
20010830-0763,Amoco,Amoco Pipeline Project,1
20010830-0761,Gaspressor station,Gas Compressor station,1
20010806-0485,Gaspressor station No. 31,Gas Compressor station No. 31,1
20010806-0446,Phase II Expansion,Phase II Expansion Project,1
20010709-0386,AES Granite Ridge,AES Granite Ridge,1
20010329-0058,World War II,World War II Project,1
20001229-0058,Cross-Bay,Cross-Bay Pipeline Project,1
20001228-0432,Flagstaff Lake,Flagstaff Lake Project,1
20001024-0269,Power Plant,Power Plant Project,1
20000828-0123,St. Laurence,St. Laurence -FDR Power Project,1
20000828-0067,Indepence,Indepence Pipeline Project,1
20000828-0062,Independence Natural,"Independence Natural Gas Pipeline Project,",1
20000828-0054,Cinergy-Wabash River,Cinergy-Wabash River Project,1
20000803-0418,St.Lawrence/F.D.R Power,St.Lawrence/F.D.R Power Project,1
20000803-0324,Market Link project,Market Link project,1
20000609-0029,Acadia power project,Acadia power project,1
20000331-0104,VLP,VLP Project,1
