GEO.id,GEO.id2,GEO.display-label,HC01_EST_VC01,HC01_MOE_VC01,HC02_EST_VC01,HC02_MOE_VC01,HC03_EST_VC01,HC03_MOE_VC01,HC01_EST_VC03,HC01_MOE_VC03,HC02_EST_VC03,HC02_MOE_VC03,HC03_EST_VC03,HC03_MOE_VC03,HC01_EST_VC04,HC01_MOE_VC04,HC02_EST_VC04,HC02_MOE_VC04,HC03_EST_VC04,HC03_MOE_VC04,HC01_EST_VC05,HC01_MOE_VC05,HC02_EST_VC05,HC02_MOE_VC05,HC03_EST_VC05,HC03_MOE_VC05,HC01_EST_VC06,HC01_MOE_VC06,HC02_EST_VC06,HC02_MOE_VC06,HC03_EST_VC06,HC03_MOE_VC06,HC01_EST_VC07,HC01_MOE_VC07,HC02_EST_VC07,HC02_MOE_VC07,HC03_EST_VC07,HC03_MOE_VC07,HC01_EST_VC09,HC01_MOE_VC09,HC02_EST_VC09,HC02_MOE_VC09,HC03_EST_VC09,HC03_MOE_VC09,HC01_EST_VC10,HC01_MOE_VC10,HC02_EST_VC10,HC02_MOE_VC10,HC03_EST_VC10,HC03_MOE_VC10,HC01_EST_VC12,HC01_MOE_VC12,HC02_EST_VC12,HC02_MOE_VC12,HC03_EST_VC12,HC03_MOE_VC12,HC01_EST_VC13,HC01_MOE_VC13,HC02_EST_VC13,HC02_MOE_VC13,HC03_EST_VC13,HC03_MOE_VC13,HC01_EST_VC14,HC01_MOE_VC14,HC02_EST_VC14,HC02_MOE_VC14,HC03_EST_VC14,HC03_MOE_VC14,HC01_EST_VC15,HC01_MOE_VC15,HC02_EST_VC15,HC02_MOE_VC15,HC03_EST_VC15,HC03_MOE_VC15,HC01_EST_VC16,HC01_MOE_VC16,HC02_EST_VC16,HC02_MOE_VC16,HC03_EST_VC16,HC03_MOE_VC16,HC01_EST_VC18,HC01_MOE_VC18,HC02_EST_VC18,HC02_MOE_VC18,HC03_EST_VC18,HC03_MOE_VC18,HC01_EST_VC19,HC01_MOE_VC19,HC02_EST_VC19,HC02_MOE_VC19,HC03_EST_VC19,HC03_MOE_VC19,HC01_EST_VC20,HC01_MOE_VC20,HC02_EST_VC20,HC02_MOE_VC20,HC03_EST_VC20,HC03_MOE_VC20,HC01_EST_VC21,HC01_MOE_VC21,HC02_EST_VC21,HC02_MOE_VC21,HC03_EST_VC21,HC03_MOE_VC21,HC01_EST_VC22,HC01_MOE_VC22,HC02_EST_VC22,HC02_MOE_VC22,HC03_EST_VC22,HC03_MOE_VC22,HC01_EST_VC23,HC01_MOE_VC23,HC02_EST_VC23,HC02_MOE_VC23,HC03_EST_VC23,HC03_MOE_VC23,HC01_EST_VC24,HC01_MOE_VC24,HC02_EST_VC24,HC02_MOE_VC24,HC03_EST_VC24,HC03_MOE_VC24,HC01_EST_VC25,HC01_MOE_VC25,HC02_EST_VC25,HC02_MOE_VC25,HC03_EST_VC25,HC03_MOE_VC25,HC01_EST_VC26,HC01_MOE_VC26,HC02_EST_VC26,HC02_MOE_VC26,HC03_EST_VC26,HC03_MOE_VC26,HC01_EST_VC27,HC01_MOE_VC27,HC02_EST_VC27,HC02_MOE_VC27,HC03_EST_VC27,HC03_MOE_VC27,HC01_EST_VC29,HC01_MOE_VC29,HC02_EST_VC29,HC02_MOE_VC29,HC03_EST_VC29,HC03_MOE_VC29,HC01_EST_VC30,HC01_MOE_VC30,HC02_EST_VC30,HC02_MOE_VC30,HC03_EST_VC30,HC03_MOE_VC30,HC01_EST_VC31,HC01_MOE_VC31,HC02_EST_VC31,HC02_MOE_VC31,HC03_EST_VC31,HC03_MOE_VC31,HC01_EST_VC33,HC01_MOE_VC33,HC02_EST_VC33,HC02_MOE_VC33,HC03_EST_VC33,HC03_MOE_VC33,HC01_EST_VC34,HC01_MOE_VC34,HC02_EST_VC34,HC02_MOE_VC34,HC03_EST_VC34,HC03_MOE_VC34,HC01_EST_VC35,HC01_MOE_VC35,HC02_EST_VC35,HC02_MOE_VC35,HC03_EST_VC35,HC03_MOE_VC35,HC01_EST_VC36,HC01_MOE_VC36,HC02_EST_VC36,HC02_MOE_VC36,HC03_EST_VC36,HC03_MOE_VC36,HC01_EST_VC37,HC01_MOE_VC37,HC02_EST_VC37,HC02_MOE_VC37,HC03_EST_VC37,HC03_MOE_VC37,HC01_EST_VC39,HC01_MOE_VC39,HC02_EST_VC39,HC02_MOE_VC39,HC03_EST_VC39,HC03_MOE_VC39,HC01_EST_VC40,HC01_MOE_VC40,HC02_EST_VC40,HC02_MOE_VC40,HC03_EST_VC40,HC03_MOE_VC40,HC01_EST_VC41,HC01_MOE_VC41,HC02_EST_VC41,HC02_MOE_VC41,HC03_EST_VC41,HC03_MOE_VC41,HC01_EST_VC42,HC01_MOE_VC42,HC02_EST_VC42,HC02_MOE_VC42,HC03_EST_VC42,HC03_MOE_VC42,HC01_EST_VC44,HC01_MOE_VC44,HC02_EST_VC44,HC02_MOE_VC44,HC03_EST_VC44,HC03_MOE_VC44,HC01_EST_VC45,HC01_MOE_VC45,HC02_EST_VC45,HC02_MOE_VC45,HC03_EST_VC45,HC03_MOE_VC45,HC01_EST_VC47,HC01_MOE_VC47,HC02_EST_VC47,HC02_MOE_VC47,HC03_EST_VC47,HC03_MOE_VC47,HC01_EST_VC48,HC01_MOE_VC48,HC02_EST_VC48,HC02_MOE_VC48,HC03_EST_VC48,HC03_MOE_VC48,HC01_EST_VC50,HC01_MOE_VC50,HC02_EST_VC50,HC02_MOE_VC50,HC03_EST_VC50,HC03_MOE_VC50,HC01_EST_VC51,HC01_MOE_VC51,HC02_EST_VC51,HC02_MOE_VC51,HC03_EST_VC51,HC03_MOE_VC51
Id,Id2,Geography,Total; Estimate; Civilian population 18 years and over,Total; Margin of Error; Civilian population 18 years and over,Veterans; Estimate; Civilian population 18 years and over,Veterans; Margin of Error; Civilian population 18 years and over,Nonveterans; Estimate; Civilian population 18 years and over,Nonveterans; Margin of Error; Civilian population 18 years and over,Total; Estimate; Civilian population 18 years and over - PERIOD OF SERVICE - Gulf War (9/2001 or later) veterans,Total; Margin of Error; Civilian population 18 years and over - PERIOD OF SERVICE - Gulf War (9/2001 or later) veterans,Veterans; Estimate; Civilian population 18 years and over - PERIOD OF SERVICE - Gulf War (9/2001 or later) veterans,Veterans; Margin of Error; Civilian population 18 years and over - PERIOD OF SERVICE - Gulf War (9/2001 or later) veterans,Nonveterans; Estimate; Civilian population 18 years and over - PERIOD OF SERVICE - Gulf War (9/2001 or later) veterans,Nonveterans; Margin of Error; Civilian population 18 years and over - PERIOD OF SERVICE - Gulf War (9/2001 or later) veterans,Total; Estimate; Civilian population 18 years and over - PERIOD OF SERVICE - Gulf War (8/1990 to 8/2001) veterans,Total; Margin of Error; Civilian population 18 years and over - PERIOD OF SERVICE - Gulf War (8/1990 to 8/2001) veterans,Veterans; Estimate; Civilian population 18 years and over - PERIOD OF SERVICE - Gulf War (8/1990 to 8/2001) veterans,Veterans; Margin of Error; Civilian population 18 years and over - PERIOD OF SERVICE - Gulf War (8/1990 to 8/2001) veterans,Nonveterans; Estimate; Civilian population 18 years and over - PERIOD OF SERVICE - Gulf War (8/1990 to 8/2001) veterans,Nonveterans; Margin of Error; Civilian population 18 years and over - PERIOD OF SERVICE - Gulf War (8/1990 to 8/2001) veterans,Total; Estimate; Civilian population 18 years and over - PERIOD OF SERVICE - Vietnam era veterans,Total; Margin of Error; Civilian population 18 years and over - PERIOD OF SERVICE - Vietnam era veterans,Veterans; Estimate; Civilian population 18 years and over - PERIOD OF SERVICE - Vietnam era veterans,Veterans; Margin of Error; Civilian population 18 years and over - PERIOD OF SERVICE - Vietnam era veterans,Nonveterans; Estimate; Civilian population 18 years and over - PERIOD OF SERVICE - Vietnam era veterans,Nonveterans; Margin of Error; Civilian population 18 years and over - PERIOD OF SERVICE - Vietnam era veterans,Total; Estimate; Civilian population 18 years and over - PERIOD OF SERVICE - Korean War veterans,Total; Margin of Error; Civilian population 18 years and over - PERIOD OF SERVICE - Korean War veterans,Veterans; Estimate; Civilian population 18 years and over - PERIOD OF SERVICE - Korean War veterans,Veterans; Margin of Error; Civilian population 18 years and over - PERIOD OF SERVICE - Korean War veterans,Nonveterans; Estimate; Civilian population 18 years and over - PERIOD OF SERVICE - Korean War veterans,Nonveterans; Margin of Error; Civilian population 18 years and over - PERIOD OF SERVICE - Korean War veterans,Total; Estimate; Civilian population 18 years and over - PERIOD OF SERVICE - World War II veterans,Total; Margin of Error; Civilian population 18 years and over - PERIOD OF SERVICE - World War II veterans,Veterans; Estimate; Civilian population 18 years and over - PERIOD OF SERVICE - World War II veterans,Veterans; Margin of Error; Civilian population 18 years and over - PERIOD OF SERVICE - World War II veterans,Nonveterans; Estimate; Civilian population 18 years and over - PERIOD OF SERVICE - World War II veterans,Nonveterans; Margin of Error; Civilian population 18 years and over - PERIOD OF SERVICE - World War II veterans,Total; Estimate; Civilian population 18 years and over - SEX - Male,Total; Margin of Error; Civilian population 18 years and over - SEX - Male,Veterans; Estimate; Civilian population 18 years and over - SEX - Male,Veterans; Margin of Error; Civilian population 18 years and over - SEX - Male,Nonveterans; Estimate; Civilian population 18 years and over - SEX - Male,Nonveterans; Margin of Error; Civilian population 18 years and over - SEX - Male,Total; Estimate; Civilian population 18 years and over - SEX - Female,Total; Margin of Error; Civilian population 18 years and over - SEX - Female,Veterans; Estimate; Civilian population 18 years and over - SEX - Female,Veterans; Margin of Error; Civilian population 18 years and over - SEX - Female,Nonveterans; Estimate; Civilian population 18 years and over - SEX - Female,Nonveterans; Margin of Error; Civilian population 18 years and over - SEX - Female,Total; Estimate; Civilian population 18 years and over - AGE - 18 to 34 years,Total; Margin of Error; Civilian population 18 years and over - AGE - 18 to 34 years,Veterans; Estimate; Civilian population 18 years and over - AGE - 18 to 34 years,Veterans; Margin of Error; Civilian population 18 years and over - AGE - 18 to 34 years,Nonveterans; Estimate; Civilian population 18 years and over - AGE - 18 to 34 years,Nonveterans; Margin of Error; Civilian population 18 years and over - AGE - 18 to 34 years,Total; Estimate; Civilian population 18 years and over - AGE - 35 to 54 years,Total; Margin of Error; Civilian population 18 years and over - AGE - 35 to 54 years,Veterans; Estimate; Civilian population 18 years and over - AGE - 35 to 54 years,Veterans; Margin of Error; Civilian population 18 years and over - AGE - 35 to 54 years,Nonveterans; Estimate; Civilian population 18 years and over - AGE - 35 to 54 years,Nonveterans; Margin of Error; Civilian population 18 years and over - AGE - 35 to 54 years,Total; Estimate; Civilian population 18 years and over - AGE - 55 to 64 years,Total; Margin of Error; Civilian population 18 years and over - AGE - 55 to 64 years,Veterans; Estimate; Civilian population 18 years and over - AGE - 55 to 64 years,Veterans; Margin of Error; Civilian population 18 years and over - AGE - 55 to 64 years,Nonveterans; Estimate; Civilian population 18 years and over - AGE - 55 to 64 years,Nonveterans; Margin of Error; Civilian population 18 years and over - AGE - 55 to 64 years,Total; Estimate; Civilian population 18 years and over - AGE - 65 to 74 years,Total; Margin of Error; Civilian population 18 years and over - AGE - 65 to 74 years,Veterans; Estimate; Civilian population 18 years and over - AGE - 65 to 74 years,Veterans; Margin of Error; Civilian population 18 years and over - AGE - 65 to 74 years,Nonveterans; Estimate; Civilian population 18 years and over - AGE - 65 to 74 years,Nonveterans; Margin of Error; Civilian population 18 years and over - AGE - 65 to 74 years,Total; Estimate; Civilian population 18 years and over - AGE - 75 years and over,Total; Margin of Error; Civilian population 18 years and over - AGE - 75 years and over,Veterans; Estimate; Civilian population 18 years and over - AGE - 75 years and over,Veterans; Margin of Error; Civilian population 18 years and over - AGE - 75 years and over,Nonveterans; Estimate; Civilian population 18 years and over - AGE - 75 years and over,Nonveterans; Margin of Error; Civilian population 18 years and over - AGE - 75 years and over,Total; Estimate; Civilian population 18 years and over - RACE AND HISPANIC OR LATINO ORIGIN - One race,Total; Margin of Error; Civilian population 18 years and over - RACE AND HISPANIC OR LATINO ORIGIN - One race,Veterans; Estimate; Civilian population 18 years and over - RACE AND HISPANIC OR LATINO ORIGIN - One race,Veterans; Margin of Error; Civilian population 18 years and over - RACE AND HISPANIC OR LATINO ORIGIN - One race,Nonveterans; Estimate; Civilian population 18 years and over - RACE AND HISPANIC OR LATINO ORIGIN - One race,Nonveterans; Margin of Error; Civilian population 18 years and over - RACE AND HISPANIC OR LATINO ORIGIN - One race,Total; Estimate; Civilian population 18 years and over - RACE AND HISPANIC OR LATINO ORIGIN - One race - White,Total; Margin of Error; Civilian population 18 years and over - RACE AND HISPANIC OR LATINO ORIGIN - One race - White,Veterans; Estimate; Civilian population 18 years and over - RACE AND HISPANIC OR LATINO ORIGIN - One race - White,Veterans; Margin of Error; Civilian population 18 years and over - RACE AND HISPANIC OR LATINO ORIGIN - One race - White,Nonveterans; Estimate; Civilian population 18 years and over - RACE AND HISPANIC OR LATINO ORIGIN - One race - White,Nonveterans; Margin of Error; Civilian population 18 years and over - RACE AND HISPANIC OR LATINO ORIGIN - One race - White,Total; Estimate; Civilian population 18 years and over - RACE AND HISPANIC OR LATINO ORIGIN - One race - Black or African American,Total; Margin of Error; Civilian population 18 years and over - RACE AND HISPANIC OR LATINO ORIGIN - One race - Black or African American,Veterans; Estimate; Civilian population 18 years and over - RACE AND HISPANIC OR LATINO ORIGIN - One race - Black or African American,Veterans; Margin of Error; Civilian population 18 years and over - RACE AND HISPANIC OR LATINO ORIGIN - One race - Black or African American,Nonveterans; Estimate; Civilian population 18 years and over - RACE AND HISPANIC OR LATINO ORIGIN - One race - Black or African American,Nonveterans; Margin of Error; Civilian population 18 years and over - RACE AND HISPANIC OR LATINO ORIGIN - One race - Black or African American,Total; Estimate; Civilian population 18 years and over - RACE AND HISPANIC OR LATINO ORIGIN - One race - American Indian and Alaska Native,Total; Margin of Error; Civilian population 18 years and over - RACE AND HISPANIC OR LATINO ORIGIN - One race - American Indian and Alaska Native,Veterans; Estimate; Civilian population 18 years and over - RACE AND HISPANIC OR LATINO ORIGIN - One race - American Indian and Alaska Native,Veterans; Margin of Error; Civilian population 18 years and over - RACE AND HISPANIC OR LATINO ORIGIN - One race - American Indian and Alaska Native,Nonveterans; Estimate; Civilian population 18 years and over - RACE AND HISPANIC OR LATINO ORIGIN - One race - American Indian and Alaska Native,Nonveterans; Margin of Error; Civilian population 18 years and over - RACE AND HISPANIC OR LATINO ORIGIN - One race - American Indian and Alaska Native,Total; Estimate; Civilian population 18 years and over - RACE AND HISPANIC OR LATINO ORIGIN - One race - Asian,Total; Margin of Error; Civilian population 18 years and over - RACE AND HISPANIC OR LATINO ORIGIN - One race - Asian,Veterans; Estimate; Civilian population 18 years and over - RACE AND HISPANIC OR LATINO ORIGIN - One race - Asian,Veterans; Margin of Error; Civilian population 18 years and over - RACE AND HISPANIC OR LATINO ORIGIN - One race - Asian,Nonveterans; Estimate; Civilian population 18 years and over - RACE AND HISPANIC OR LATINO ORIGIN - One race - Asian,Nonveterans; Margin of Error; Civilian population 18 years and over - RACE AND HISPANIC OR LATINO ORIGIN - One race - Asian,Total; Estimate; Civilian population 18 years and over - RACE AND HISPANIC OR LATINO ORIGIN - One race - Native Hawaiian and Other Pacific Islander,Total; Margin of Error; Civilian population 18 years and over - RACE AND HISPANIC OR LATINO ORIGIN - One race - Native Hawaiian and Other Pacific Islander,Veterans; Estimate; Civilian population 18 years and over - RACE AND HISPANIC OR LATINO ORIGIN - One race - Native Hawaiian and Other Pacific Islander,Veterans; Margin of Error; Civilian population 18 years and over - RACE AND HISPANIC OR LATINO ORIGIN - One race - Native Hawaiian and Other Pacific Islander,Nonveterans; Estimate; Civilian population 18 years and over - RACE AND HISPANIC OR LATINO ORIGIN - One race - Native Hawaiian and Other Pacific Islander,Nonveterans; Margin of Error; Civilian population 18 years and over - RACE AND HISPANIC OR LATINO ORIGIN - One race - Native Hawaiian and Other Pacific Islander,Total; Estimate; Civilian population 18 years and over - RACE AND HISPANIC OR LATINO ORIGIN - One race - Some other race,Total; Margin of Error; Civilian population 18 years and over - RACE AND HISPANIC OR LATINO ORIGIN - One race - Some other race,Veterans; Estimate; Civilian population 18 years and over - RACE AND HISPANIC OR LATINO ORIGIN - One race - Some other race,Veterans; Margin of Error; Civilian population 18 years and over - RACE AND HISPANIC OR LATINO ORIGIN - One race - Some other race,Nonveterans; Estimate; Civilian population 18 years and over - RACE AND HISPANIC OR LATINO ORIGIN - One race - Some other race,Nonveterans; Margin of Error; Civilian population 18 years and over - RACE AND HISPANIC OR LATINO ORIGIN - One race - Some other race,Total; Estimate; Civilian population 18 years and over - RACE AND HISPANIC OR LATINO ORIGIN - Two or more races,Total; Margin of Error; Civilian population 18 years and over - RACE AND HISPANIC OR LATINO ORIGIN - Two or more races,Veterans; Estimate; Civilian population 18 years and over - RACE AND HISPANIC OR LATINO ORIGIN - Two or more races,Veterans; Margin of Error; Civilian population 18 years and over - RACE AND HISPANIC OR LATINO ORIGIN - Two or more races,Nonveterans; Estimate; Civilian population 18 years and over - RACE AND HISPANIC OR LATINO ORIGIN - Two or more races,Nonveterans; Margin of Error; Civilian population 18 years and over - RACE AND HISPANIC OR LATINO ORIGIN - Two or more races,Total; Estimate; Civilian population 18 years and over - RACE AND HISPANIC OR LATINO ORIGIN - Hispanic or Latino (of any race),Total; Margin of Error; Civilian population 18 years and over - RACE AND HISPANIC OR LATINO ORIGIN - Hispanic or Latino (of any race),Veterans; Estimate; Civilian population 18 years and over - RACE AND HISPANIC OR LATINO ORIGIN - Hispanic or Latino (of any race),Veterans; Margin of Error; Civilian population 18 years and over - RACE AND HISPANIC OR LATINO ORIGIN - Hispanic or Latino (of any race),Nonveterans; Estimate; Civilian population 18 years and over - RACE AND HISPANIC OR LATINO ORIGIN - Hispanic or Latino (of any race),Nonveterans; Margin of Error; Civilian population 18 years and over - RACE AND HISPANIC OR LATINO ORIGIN - Hispanic or Latino (of any race),"Total; Estimate; Civilian population 18 years and over - RACE AND HISPANIC OR LATINO ORIGIN - White alone, not Hispanic or Latino","Total; Margin of Error; Civilian population 18 years and over - RACE AND HISPANIC OR LATINO ORIGIN - White alone, not Hispanic or Latino","Veterans; Estimate; Civilian population 18 years and over - RACE AND HISPANIC OR LATINO ORIGIN - White alone, not Hispanic or Latino","Veterans; Margin of Error; Civilian population 18 years and over - RACE AND HISPANIC OR LATINO ORIGIN - White alone, not Hispanic or Latino","Nonveterans; Estimate; Civilian population 18 years and over - RACE AND HISPANIC OR LATINO ORIGIN - White alone, not Hispanic or Latino","Nonveterans; Margin of Error; Civilian population 18 years and over - RACE AND HISPANIC OR LATINO ORIGIN - White alone, not Hispanic or Latino",Total; Estimate; MEDIAN INCOME IN THE PAST 12 MONTHS (In 2009 Inflation-Adjusted Dollars) - Civilian population 18 years and over with income,Total; Margin of Error; MEDIAN INCOME IN THE PAST 12 MONTHS (In 2009 Inflation-Adjusted Dollars) - Civilian population 18 years and over with income,Veterans; Estimate; MEDIAN INCOME IN THE PAST 12 MONTHS (In 2009 Inflation-Adjusted Dollars) - Civilian population 18 years and over with income,Veterans; Margin of Error; MEDIAN INCOME IN THE PAST 12 MONTHS (In 2009 Inflation-Adjusted Dollars) - Civilian population 18 years and over with income,Nonveterans; Estimate; MEDIAN INCOME IN THE PAST 12 MONTHS (In 2009 Inflation-Adjusted Dollars) - Civilian population 18 years and over with income,Nonveterans; Margin of Error; MEDIAN INCOME IN THE PAST 12 MONTHS (In 2009 Inflation-Adjusted Dollars) - Civilian population 18 years and over with income,Total; Estimate; MEDIAN INCOME IN THE PAST 12 MONTHS (In 2009 Inflation-Adjusted Dollars) - Civilian population 18 years and over with income - Male,Total; Margin of Error; MEDIAN INCOME IN THE PAST 12 MONTHS (In 2009 Inflation-Adjusted Dollars) - Civilian population 18 years and over with income - Male,Veterans; Estimate; MEDIAN INCOME IN THE PAST 12 MONTHS (In 2009 Inflation-Adjusted Dollars) - Civilian population 18 years and over with income - Male,Veterans; Margin of Error; MEDIAN INCOME IN THE PAST 12 MONTHS (In 2009 Inflation-Adjusted Dollars) - Civilian population 18 years and over with income - Male,Nonveterans; Estimate; MEDIAN INCOME IN THE PAST 12 MONTHS (In 2009 Inflation-Adjusted Dollars) - Civilian population 18 years and over with income - Male,Nonveterans; Margin of Error; MEDIAN INCOME IN THE PAST 12 MONTHS (In 2009 Inflation-Adjusted Dollars) - Civilian population 18 years and over with income - Male,Total; Estimate; MEDIAN INCOME IN THE PAST 12 MONTHS (In 2009 Inflation-Adjusted Dollars) - Civilian population 18 years and over with income - Female,Total; Margin of Error; MEDIAN INCOME IN THE PAST 12 MONTHS (In 2009 Inflation-Adjusted Dollars) - Civilian population 18 years and over with income - Female,Veterans; Estimate; MEDIAN INCOME IN THE PAST 12 MONTHS (In 2009 Inflation-Adjusted Dollars) - Civilian population 18 years and over with income - Female,Veterans; Margin of Error; MEDIAN INCOME IN THE PAST 12 MONTHS (In 2009 Inflation-Adjusted Dollars) - Civilian population 18 years and over with income - Female,Nonveterans; Estimate; MEDIAN INCOME IN THE PAST 12 MONTHS (In 2009 Inflation-Adjusted Dollars) - Civilian population 18 years and over with income - Female,Nonveterans; Margin of Error; MEDIAN INCOME IN THE PAST 12 MONTHS (In 2009 Inflation-Adjusted Dollars) - Civilian population 18 years and over with income - Female,Total; Estimate; EDUCATIONAL ATTAINMENT - Civilian population 25 years and over,Total; Margin of Error; EDUCATIONAL ATTAINMENT - Civilian population 25 years and over,Veterans; Estimate; EDUCATIONAL ATTAINMENT - Civilian population 25 years and over,Veterans; Margin of Error; EDUCATIONAL ATTAINMENT - Civilian population 25 years and over,Nonveterans; Estimate; EDUCATIONAL ATTAINMENT - Civilian population 25 years and over,Nonveterans; Margin of Error; EDUCATIONAL ATTAINMENT - Civilian population 25 years and over,Total; Estimate; EDUCATIONAL ATTAINMENT - Civilian population 25 years and over - Less than high school graduate,Total; Margin of Error; EDUCATIONAL ATTAINMENT - Civilian population 25 years and over - Less than high school graduate,Veterans; Estimate; EDUCATIONAL ATTAINMENT - Civilian population 25 years and over - Less than high school graduate,Veterans; Margin of Error; EDUCATIONAL ATTAINMENT - Civilian population 25 years and over - Less than high school graduate,Nonveterans; Estimate; EDUCATIONAL ATTAINMENT - Civilian population 25 years and over - Less than high school graduate,Nonveterans; Margin of Error; EDUCATIONAL ATTAINMENT - Civilian population 25 years and over - Less than high school graduate,Total; Estimate; EDUCATIONAL ATTAINMENT - Civilian population 25 years and over - High school graduate (includes equivalency),Total; Margin of Error; EDUCATIONAL ATTAINMENT - Civilian population 25 years and over - High school graduate (includes equivalency),Veterans; Estimate; EDUCATIONAL ATTAINMENT - Civilian population 25 years and over - High school graduate (includes equivalency),Veterans; Margin of Error; EDUCATIONAL ATTAINMENT - Civilian population 25 years and over - High school graduate (includes equivalency),Nonveterans; Estimate; EDUCATIONAL ATTAINMENT - Civilian population 25 years and over - High school graduate (includes equivalency),Nonveterans; Margin of Error; EDUCATIONAL ATTAINMENT - Civilian population 25 years and over - High school graduate (includes equivalency),Total; Estimate; EDUCATIONAL ATTAINMENT - Civilian population 25 years and over - Some college or associate's degree,Total; Margin of Error; EDUCATIONAL ATTAINMENT - Civilian population 25 years and over - Some college or associate's degree,Veterans; Estimate; EDUCATIONAL ATTAINMENT - Civilian population 25 years and over - Some college or associate's degree,Veterans; Margin of Error; EDUCATIONAL ATTAINMENT - Civilian population 25 years and over - Some college or associate's degree,Nonveterans; Estimate; EDUCATIONAL ATTAINMENT - Civilian population 25 years and over - Some college or associate's degree,Nonveterans; Margin of Error; EDUCATIONAL ATTAINMENT - Civilian population 25 years and over - Some college or associate's degree,Total; Estimate; EDUCATIONAL ATTAINMENT - Civilian population 25 years and over - Bachelor's degree or higher,Total; Margin of Error; EDUCATIONAL ATTAINMENT - Civilian population 25 years and over - Bachelor's degree or higher,Veterans; Estimate; EDUCATIONAL ATTAINMENT - Civilian population 25 years and over - Bachelor's degree or higher,Veterans; Margin of Error; EDUCATIONAL ATTAINMENT - Civilian population 25 years and over - Bachelor's degree or higher,Nonveterans; Estimate; EDUCATIONAL ATTAINMENT - Civilian population 25 years and over - Bachelor's degree or higher,Nonveterans; Margin of Error; EDUCATIONAL ATTAINMENT - Civilian population 25 years and over - Bachelor's degree or higher,Total; Estimate; EMPLOYMENT STATUS - Civilian population 18 to 64 years,Total; Margin of Error; EMPLOYMENT STATUS - Civilian population 18 to 64 years,Veterans; Estimate; EMPLOYMENT STATUS - Civilian population 18 to 64 years,Veterans; Margin of Error; EMPLOYMENT STATUS - Civilian population 18 to 64 years,Nonveterans; Estimate; EMPLOYMENT STATUS - Civilian population 18 to 64 years,Nonveterans; Margin of Error; EMPLOYMENT STATUS - Civilian population 18 to 64 years,Total; Estimate; EMPLOYMENT STATUS - Civilian population 18 to 64 years - Labor force participation rate,Total; Margin of Error; EMPLOYMENT STATUS - Civilian population 18 to 64 years - Labor force participation rate,Veterans; Estimate; EMPLOYMENT STATUS - Civilian population 18 to 64 years - Labor force participation rate,Veterans; Margin of Error; EMPLOYMENT STATUS - Civilian population 18 to 64 years - Labor force participation rate,Nonveterans; Estimate; EMPLOYMENT STATUS - Civilian population 18 to 64 years - Labor force participation rate,Nonveterans; Margin of Error; EMPLOYMENT STATUS - Civilian population 18 to 64 years - Labor force participation rate,Total; Estimate; EMPLOYMENT STATUS - Civilian labor force 18 to 64 years,Total; Margin of Error; EMPLOYMENT STATUS - Civilian labor force 18 to 64 years,Veterans; Estimate; EMPLOYMENT STATUS - Civilian labor force 18 to 64 years,Veterans; Margin of Error; EMPLOYMENT STATUS - Civilian labor force 18 to 64 years,Nonveterans; Estimate; EMPLOYMENT STATUS - Civilian labor force 18 to 64 years,Nonveterans; Margin of Error; EMPLOYMENT STATUS - Civilian labor force 18 to 64 years,Total; Estimate; EMPLOYMENT STATUS - Civilian labor force 18 to 64 years - Unemployment rate,Total; Margin of Error; EMPLOYMENT STATUS - Civilian labor force 18 to 64 years - Unemployment rate,Veterans; Estimate; EMPLOYMENT STATUS - Civilian labor force 18 to 64 years - Unemployment rate,Veterans; Margin of Error; EMPLOYMENT STATUS - Civilian labor force 18 to 64 years - Unemployment rate,Nonveterans; Estimate; EMPLOYMENT STATUS - Civilian labor force 18 to 64 years - Unemployment rate,Nonveterans; Margin of Error; EMPLOYMENT STATUS - Civilian labor force 18 to 64 years - Unemployment rate,Total; Estimate; POVERTY STATUS IN THE PAST 12 MONTHS - Civilian population 18 years and over,Total; Margin of Error; POVERTY STATUS IN THE PAST 12 MONTHS - Civilian population 18 years and over,Veterans; Estimate; POVERTY STATUS IN THE PAST 12 MONTHS - Civilian population 18 years and over,Veterans; Margin of Error; POVERTY STATUS IN THE PAST 12 MONTHS - Civilian population 18 years and over,Nonveterans; Estimate; POVERTY STATUS IN THE PAST 12 MONTHS - Civilian population 18 years and over,Nonveterans; Margin of Error; POVERTY STATUS IN THE PAST 12 MONTHS - Civilian population 18 years and over,Total; Estimate; POVERTY STATUS IN THE PAST 12 MONTHS - Civilian population 18 years and over - Below poverty in the past 12 months,Total; Margin of Error; POVERTY STATUS IN THE PAST 12 MONTHS - Civilian population 18 years and over - Below poverty in the past 12 months,Veterans; Estimate; POVERTY STATUS IN THE PAST 12 MONTHS - Civilian population 18 years and over - Below poverty in the past 12 months,Veterans; Margin of Error; POVERTY STATUS IN THE PAST 12 MONTHS - Civilian population 18 years and over - Below poverty in the past 12 months,Nonveterans; Estimate; POVERTY STATUS IN THE PAST 12 MONTHS - Civilian population 18 years and over - Below poverty in the past 12 months,Nonveterans; Margin of Error; POVERTY STATUS IN THE PAST 12 MONTHS - Civilian population 18 years and over - Below poverty in the past 12 months,Total; Estimate; DISABILITY STATUS - Civilian population 18 years and over,Total; Margin of Error; DISABILITY STATUS - Civilian population 18 years and over,Veterans; Estimate; DISABILITY STATUS - Civilian population 18 years and over,Veterans; Margin of Error; DISABILITY STATUS - Civilian population 18 years and over,Nonveterans; Estimate; DISABILITY STATUS - Civilian population 18 years and over,Nonveterans; Margin of Error; DISABILITY STATUS - Civilian population 18 years and over,Total; Estimate; DISABILITY STATUS - Civilian population 18 years and over - With any disability,Total; Margin of Error; DISABILITY STATUS - Civilian population 18 years and over - With any disability,Veterans; Estimate; DISABILITY STATUS - Civilian population 18 years and over - With any disability,Veterans; Margin of Error; DISABILITY STATUS - Civilian population 18 years and over - With any disability,Nonveterans; Estimate; DISABILITY STATUS - Civilian population 18 years and over - With any disability,Nonveterans; Margin of Error; DISABILITY STATUS - Civilian population 18 years and over - With any disability,Total; Estimate; PERCENT IMPUTED - Veteran status for the population 18 years and over,Total; Margin of Error; PERCENT IMPUTED - Veteran status for the population 18 years and over,Veterans; Estimate; PERCENT IMPUTED - Veteran status for the population 18 years and over,Veterans; Margin of Error; PERCENT IMPUTED - Veteran status for the population 18 years and over,Nonveterans; Estimate; PERCENT IMPUTED - Veteran status for the population 18 years and over,Nonveterans; Margin of Error; PERCENT IMPUTED - Veteran status for the population 18 years and over,Total; Estimate; PERCENT IMPUTED - Period of service for the civilian veteran population 18 years and over,Total; Margin of Error; PERCENT IMPUTED - Period of service for the civilian veteran population 18 years and over,Veterans; Estimate; PERCENT IMPUTED - Period of service for the civilian veteran population 18 years and over,Veterans; Margin of Error; PERCENT IMPUTED - Period of service for the civilian veteran population 18 years and over,Nonveterans; Estimate; PERCENT IMPUTED - Period of service for the civilian veteran population 18 years and over,Nonveterans; Margin of Error; PERCENT IMPUTED - Period of service for the civilian veteran population 18 years and over
5001100US0101,0101,"Congressional District 1 (111th Congress), Alabama",498407,679,62343,1507,436064,1626,(X),(X),8.4,0.9,(X),(X),(X),(X),16.4,1.1,(X),(X),(X),(X),33.5,1.1,(X),(X),(X),(X),13.5,0.8,(X),(X),(X),(X),11.2,0.6,(X),(X),47.3,0.1,93.2,0.6,40.7,0.2,52.7,0.1,6.8,0.6,59.3,0.2,29.2,0.1,9.4,0.9,32.0,0.2,36.8,0.1,27.7,1.0,38.1,0.2,15.5,0.1,24.2,0.8,14.2,0.1,10.0,0.1,19.9,0.8,8.6,0.1,8.5,0.1,18.8,0.6,7.0,0.1,99.1,0.1,99.2,0.3,99.1,0.1,70.5,0.1,78.4,1.1,69.4,0.2,25.8,0.1,19.7,1.0,26.6,0.2,0.9,0.1,0.5,0.2,0.9,0.1,1.3,0.1,0.3,0.2,1.5,0.1,0.0,0.1,0.0,0.1,0.0,0.1,0.6,0.1,0.1,0.1,0.6,0.1,0.9,0.1,0.8,0.3,0.9,0.1,1.6,0.1,1.0,0.3,1.7,0.1,69.5,0.1,77.5,1.0,68.4,0.2,22170,223,34042,965,20763,248,(X),(X),34983,920,29140,615,(X),(X),21658,2998,16648,297,438008,767,61591,1482,376417,1622,17.4,0.4,10.5,0.7,18.5,0.5,34.0,0.5,31.5,1.3,34.4,0.5,28.3,0.5,35.7,1.3,27.1,0.5,20.4,0.5,22.2,1.0,20.1,0.5,406077,635,38217,1286,367860,1439,71.9,0.5,76.0,1.6,71.4,0.6,291850,2058,29029,1236,262821,2369,7.3,0.4,5.3,1.1,7.6,0.4,(X),(X),(X),(X),(X),(X),(X),(X),(X),(X),(X),(X),(X),(X),(X),(X),(X),(X),(X),(X),(X),(X),(X),(X),2.8,(X),(X),(X),(X),(X),5.0,(X),(X),(X),(X),(X)
5001100US0102,0102,"Congressional District 2 (111th Congress), Alabama",485914,1831,66572,1445,419342,1990,(X),(X),12.8,0.8,(X),(X),(X),(X),22.8,1.1,(X),(X),(X),(X),35.2,0.9,(X),(X),(X),(X),12.5,0.7,(X),(X),(X),(X),9.4,0.6,(X),(X),47.3,0.2,91.1,0.7,40.3,0.3,52.7,0.2,8.9,0.7,59.7,0.3,29.6,0.2,10.2,0.8,32.7,0.3,36.9,0.2,32.0,0.8,37.7,0.2,15.0,0.1,23.6,0.8,13.7,0.2,9.7,0.1,17.5,0.6,8.5,0.1,8.7,0.1,16.7,0.5,7.4,0.1,99.2,0.1,99.2,0.2,99.2,0.1,68.1,0.2,77.7,1.0,66.6,0.3,29.2,0.2,20.1,1.0,30.7,0.2,0.5,0.1,0.6,0.1,0.5,0.1,0.8,0.1,0.2,0.1,0.9,0.1,0.0,0.1,0.0,0.1,0.0,0.1,0.5,0.1,0.5,0.2,0.5,0.1,0.8,0.1,0.8,0.2,0.8,0.1,1.7,0.1,1.1,0.2,1.8,0.1,67.0,0.2,77.1,1.0,65.5,0.2,20892,237,36266,964,18976,250,(X),(X),37267,967,25149,489,(X),(X),26755,3220,15995,258,423361,1308,65104,1362,358257,1668,20.3,0.4,9.9,0.5,22.1,0.5,33.4,0.5,30.1,1.0,34.1,0.6,27.4,0.5,36.2,1.1,25.8,0.5,18.9,0.4,23.8,0.9,18.0,0.4,396246,1855,43821,1327,352425,1977,71.5,0.6,76.3,1.3,70.9,0.6,283213,2627,33438,1182,249775,2750,7.2,0.3,5.0,0.9,7.5,0.3,(X),(X),(X),(X),(X),(X),(X),(X),(X),(X),(X),(X),(X),(X),(X),(X),(X),(X),(X),(X),(X),(X),(X),(X),3.4,(X),(X),(X),(X),(X),6.5,(X),(X),(X),(X),(X)
5001100US0103,0103,"Congressional District 3 (111th Congress), Alabama",496972,1375,57437,1505,439535,1887,(X),(X),9.5,0.9,(X),(X),(X),(X),20.7,1.2,(X),(X),(X),(X),35.8,1.2,(X),(X),(X),(X),13.0,1.0,(X),(X),(X),(X),9.3,0.7,(X),(X),47.1,0.2,92.2,0.8,41.2,0.3,52.9,0.2,7.8,0.8,58.8,0.3,32.7,0.2,9.4,0.8,35.8,0.3,34.9,0.2,30.3,1.3,35.5,0.2,14.8,0.1,25.6,0.9,13.4,0.2,9.6,0.1,17.7,0.7,8.5,0.1,8.0,0.1,17.0,0.7,6.8,0.2,99.1,0.1,98.4,0.4,99.2,0.1,66.7,0.2,71.8,1.3,66.0,0.2,30.7,0.2,25.9,1.3,31.3,0.2,0.3,0.1,0.3,0.1,0.3,0.1,1.0,0.1,0.1,0.1,1.1,0.1,0.0,0.1,0.0,0.1,0.0,0.1,0.4,0.1,0.2,0.1,0.5,0.1,0.9,0.1,1.6,0.4,0.8,0.1,1.4,0.1,1.2,0.3,1.4,0.1,65.9,0.2,71.1,1.3,65.2,0.2,20006,272,32473,983,18511,274,(X),(X),33029,1083,24274,585,(X),(X),26860,2779,15280,271,413988,1131,56451,1511,357537,1775,22.4,0.4,12.2,1.0,24.0,0.4,32.6,0.5,29.7,1.2,33.0,0.6,25.8,0.5,36.9,1.1,24.1,0.5,19.2,0.4,21.3,1.0,18.9,0.5,409847,1516,37534,1323,372313,1885,70.0,0.6,73.5,1.4,69.7,0.6,286916,2756,27582,1174,259334,2580,9.2,0.5,6.4,1.3,9.5,0.5,(X),(X),(X),(X),(X),(X),(X),(X),(X),(X),(X),(X),(X),(X),(X),(X),(X),(X),(X),(X),(X),(X),(X),(X),3.2,(X),(X),(X),(X),(X),6.6,(X),(X),(X),(X),(X)
5001100US0104,0104,"Congressional District 4 (111th Congress), Alabama",492275,1005,53046,1315,439229,1411,(X),(X),7.3,0.8,(X),(X),(X),(X),13.4,0.9,(X),(X),(X),(X),34.8,1.0,(X),(X),(X),(X),14.4,1.0,(X),(X),(X),(X),11.0,0.7,(X),(X),48.2,0.1,94.8,0.8,42.6,0.2,51.8,0.1,5.2,0.8,57.4,0.2,26.8,0.1,6.4,0.8,29.3,0.2,36.9,0.1,27.6,1.2,38.1,0.2,16.2,0.1,26.5,0.8,15.0,0.1,11.0,0.1,20.0,0.9,9.9,0.1,9.0,0.1,19.5,0.6,7.8,0.1,99.1,0.1,98.7,0.5,99.1,0.1,92.3,0.2,93.6,0.8,92.2,0.2,4.9,0.1,4.4,0.6,5.0,0.1,0.5,0.1,0.6,0.2,0.5,0.1,0.3,0.1,0.0,0.1,0.4,0.1,0.1,0.1,0.0,0.1,0.1,0.1,0.9,0.1,0.1,0.1,1.0,0.1,0.9,0.1,1.3,0.5,0.9,0.1,3.8,0.1,0.7,0.3,4.2,0.1,89.6,0.1,93.1,0.8,89.2,0.1,20196,284,29161,832,19205,288,(X),(X),29829,794,26167,406,(X),(X),12422,3098,14795,247,441467,988,52322,1298,389145,1474,25.6,0.5,14.7,0.9,27.1,0.5,34.1,0.4,34.4,1.3,34.0,0.5,27.4,0.5,35.8,1.4,26.3,0.5,12.9,0.4,15.2,1.0,12.6,0.4,393544,1016,32083,1081,361461,1312,70.2,0.6,69.1,1.9,70.3,0.6,276399,2460,22169,1000,254230,2262,7.0,0.4,7.7,1.2,6.9,0.4,(X),(X),(X),(X),(X),(X),(X),(X),(X),(X),(X),(X),(X),(X),(X),(X),(X),(X),(X),(X),(X),(X),(X),(X),3.3,(X),(X),(X),(X),(X),6.5,(X),(X),(X),(X),(X)
5001100US0105,0105,"Congressional District 5 (111th Congress), Alabama",515933,1623,63306,1535,452627,2084,(X),(X),9.8,0.8,(X),(X),(X),(X),17.6,1.0,(X),(X),(X),(X),33.8,1.0,(X),(X),(X),(X),14.2,0.7,(X),(X),(X),(X),9.3,0.5,(X),(X),47.7,0.2,93.1,0.7,41.3,0.3,52.3,0.2,6.9,0.7,58.7,0.3,28.7,0.2,7.3,0.8,31.7,0.2,38.6,0.1,31.6,1.1,39.6,0.2,14.9,0.1,23.8,0.9,13.6,0.1,9.9,0.1,19.1,0.8,8.6,0.1,7.9,0.1,18.1,0.5,6.5,0.1,98.5,0.1,98.6,0.3,98.5,0.1,78.8,0.1,82.8,0.9,78.3,0.2,16.9,0.1,14.4,0.8,17.3,0.2,0.8,0.1,0.7,0.2,0.8,0.1,1.3,0.1,0.5,0.2,1.4,0.1,0.1,0.1,0.1,0.1,0.1,0.1,0.7,0.1,0.1,0.1,0.8,0.1,1.5,0.1,1.4,0.3,1.5,0.1,2.4,0.1,1.1,0.2,2.5,0.1,77.3,0.1,82.0,1.0,76.7,0.2,24163,399,39926,1076,22035,310,(X),(X),40927,1118,30099,556,(X),(X),25276,2439,17664,356,454680,1187,62544,1560,392136,1892,17.2,0.5,9.3,0.8,18.5,0.5,29.2,0.4,26.1,1.2,29.6,0.4,27.3,0.5,32.8,1.1,26.4,0.5,26.4,0.4,31.8,1.2,25.5,0.5,424013,1645,39716,1333,384297,1963,73.9,0.6,77.1,1.3,73.6,0.6,313439,2831,30605,1224,282834,2730,7.1,0.4,4.7,0.9,7.3,0.4,(X),(X),(X),(X),(X),(X),(X),(X),(X),(X),(X),(X),(X),(X),(X),(X),(X),(X),(X),(X),(X),(X),(X),(X),4.2,(X),(X),(X),(X),(X),6.8,(X),(X),(X),(X),(X)
5001100US0106,0106,"Congressional District 6 (111th Congress), Alabama",541343,1938,58445,1412,482898,2056,(X),(X),7.2,0.7,(X),(X),(X),(X),15.3,1.1,(X),(X),(X),(X),34.0,1.2,(X),(X),(X),(X),13.4,0.9,(X),(X),(X),(X),12.9,0.8,(X),(X),48.0,0.2,94.1,0.7,42.5,0.2,52.0,0.2,5.9,0.7,57.5,0.2,29.3,0.2,6.3,0.8,32.1,0.3,39.1,0.2,27.0,1.3,40.6,0.3,15.1,0.1,25.9,1.0,13.8,0.2,8.7,0.1,19.4,0.7,7.4,0.1,7.8,0.1,21.4,0.8,6.1,0.1,99.3,0.1,99.3,0.2,99.3,0.1,86.8,0.3,89.9,0.9,86.5,0.3,10.1,0.3,9.0,0.9,10.3,0.3,0.2,0.1,0.2,0.1,0.2,0.1,1.4,0.1,0.2,0.2,1.5,0.1,0.0,0.1,0.0,0.1,0.0,0.1,0.8,0.1,0.1,0.1,0.9,0.1,0.7,0.1,0.7,0.2,0.7,0.1,2.3,0.1,1.0,0.4,2.5,0.1,85.3,0.2,89.1,1.0,84.9,0.3,30643,293,38671,985,29519,334,(X),(X),39457,1035,39541,675,(X),(X),26622,2905,22801,416,482440,1889,57594,1377,424846,2038,12.2,0.3,9.9,0.9,12.5,0.4,27.4,0.5,26.6,1.2,27.5,0.5,27.1,0.5,33.5,1.3,26.2,0.5,33.4,0.5,30.0,1.3,33.8,0.5,451965,1633,34622,1188,417343,1892,77.1,0.5,79.6,1.7,76.9,0.5,348630,2490,27549,1179,321081,2723,4.8,0.3,3.4,0.7,5.0,0.3,(X),(X),(X),(X),(X),(X),(X),(X),(X),(X),(X),(X),(X),(X),(X),(X),(X),(X),(X),(X),(X),(X),(X),(X),2.6,(X),(X),(X),(X),(X),5.7,(X),(X),(X),(X),(X)
5001100US0107,0107,"Congressional District 7 (111th Congress), Alabama",460550,1979,42813,1490,417737,2088,(X),(X),8.1,1.1,(X),(X),(X),(X),15.9,1.4,(X),(X),(X),(X),32.6,1.3,(X),(X),(X),(X),11.7,0.9,(X),(X),(X),(X),11.2,0.9,(X),(X),45.7,0.2,91.1,1.1,41.0,0.3,54.3,0.2,8.9,1.1,59.0,0.3,34.6,0.3,9.1,1.1,37.2,0.3,35.1,0.3,33.4,1.7,35.2,0.3,13.6,0.2,24.1,1.2,12.5,0.2,8.4,0.2,14.6,1.0,7.8,0.2,8.3,0.1,18.8,0.9,7.2,0.2,99.4,0.1,99.0,0.5,99.5,0.1,37.8,0.3,44.3,1.2,37.1,0.3,60.0,0.4,54.1,1.3,60.6,0.4,0.2,0.1,0.3,0.2,0.2,0.1,0.7,0.1,0.1,0.1,0.8,0.1,0.0,0.1,0.0,0.1,0.0,0.1,0.7,0.1,0.1,0.1,0.8,0.1,0.6,0.1,1.0,0.5,0.5,0.1,2.0,0.2,0.7,0.4,2.1,0.2,36.7,0.3,44.2,1.2,35.9,0.3,17904,285,27635,1207,16987,239,(X),(X),28018,1282,20619,496,(X),(X),22455,6558,15038,277,382395,2098,41905,1440,340490,2130,20.8,0.5,12.2,1.0,21.9,0.6,33.9,0.6,34.8,1.6,33.8,0.6,28.4,0.5,37.0,1.6,27.3,0.6,16.9,0.5,16.0,1.2,17.1,0.5,383571,1751,28525,1334,355046,1947,69.1,0.6,70.1,1.9,69.0,0.6,264902,2385,19995,1099,244907,2433,10.9,0.5,8.4,1.8,11.1,0.5,(X),(X),(X),(X),(X),(X),(X),(X),(X),(X),(X),(X),(X),(X),(X),(X),(X),(X),(X),(X),(X),(X),(X),(X),4.3,(X),(X),(X),(X),(X),7.5,(X),(X),(X),(X),(X)
5001100US0200,0200,"Congressional District (at Large) (111th Congress), Alaska",483337,1273,72494,1875,410843,1886,(X),(X),18.7,1.2,(X),(X),(X),(X),28.0,1.3,(X),(X),(X),(X),36.8,1.2,(X),(X),(X),(X),6.6,0.4,(X),(X),(X),(X),4.5,0.4,(X),(X),51.1,0.1,88.1,0.8,44.5,0.3,48.9,0.1,11.9,0.8,55.5,0.3,34.1,0.2,14.7,0.9,37.6,0.3,41.3,0.1,39.0,1.1,41.7,0.2,14.7,0.1,26.1,0.8,12.7,0.2,6.1,0.1,12.4,0.6,5.0,0.1,3.7,0.1,7.8,0.4,3.0,0.1,95.0,0.2,96.8,0.4,94.7,0.3,71.4,0.2,81.0,0.8,69.7,0.2,3.5,0.2,5.7,0.6,3.1,0.2,12.8,0.3,7.0,0.5,13.9,0.3,5.0,0.1,1.5,0.3,5.6,0.1,0.6,0.1,0.4,0.1,0.6,0.1,1.7,0.1,1.1,0.4,1.8,0.1,5.0,0.2,3.2,0.4,5.3,0.3,4.9,0.1,3.1,0.4,5.2,0.1,69.0,0.1,79.4,0.7,67.1,0.2,29895,387,46700,1281,27304,402,(X),(X),48270,1211,34063,707,(X),(X),37963,2932,22960,479,409201,911,70295,1855,338906,1865,9.5,0.4,6.2,0.6,10.2,0.4,28.9,0.5,27.1,1.2,29.3,0.5,35.1,0.5,42.0,1.3,33.7,0.6,26.5,0.6,24.7,1.2,26.9,0.6,435701,1260,57846,1799,377855,1746,78.2,0.5,81.3,1.0,77.7,0.5,340518,2387,47014,1690,293504,2366,8.5,0.3,6.0,0.7,9.0,0.3,(X),(X),(X),(X),(X),(X),(X),(X),(X),(X),(X),(X),(X),(X),(X),(X),(X),(X),(X),(X),(X),(X),(X),(X),2.1,(X),(X),(X),(X),(X),4.4,(X),(X),(X),(X),(X)
5001100US0401,0401,"Congressional District 1 (111th Congress), Arizona",544164,1563,71542,1657,472622,2087,(X),(X),5.0,0.6,(X),(X),(X),(X),10.6,0.9,(X),(X),(X),(X),35.8,1.2,(X),(X),(X),(X),16.0,0.9,(X),(X),(X),(X),12.9,0.8,(X),(X),50.5,0.1,93.7,0.6,43.9,0.2,49.5,0.1,6.3,0.6,56.1,0.2,28.3,0.2,5.5,0.7,31.8,0.2,34.6,0.2,23.7,1.1,36.3,0.2,16.8,0.1,26.6,1.0,15.3,0.2,11.2,0.1,21.2,0.8,9.7,0.1,9.0,0.1,23.0,0.8,6.9,0.1,98.3,0.1,98.5,0.4,98.2,0.2,71.7,0.3,86.0,0.8,69.6,0.4,1.4,0.1,1.4,0.3,1.4,0.1,17.9,0.2,7.6,0.6,19.5,0.2,0.8,0.1,0.3,0.1,0.9,0.1,0.2,0.1,0.1,0.1,0.2,0.1,6.2,0.3,3.1,0.5,6.7,0.3,1.7,0.1,1.5,0.4,1.8,0.2,16.2,0.2,8.9,0.6,17.3,0.2,62.6,0.2,80.5,0.9,59.9,0.3,21436,288,30667,680,20123,306,(X),(X),31143,702,25328,653,(X),(X),21985,3436,16750,328,467775,1649,70761,1619,397014,2041,17.7,0.4,10.1,0.7,19.0,0.4,29.4,0.6,26.1,1.3,30.0,0.7,34.1,0.5,41.4,1.4,32.8,0.6,18.9,0.5,22.5,1.0,18.2,0.5,434052,1475,39953,1316,394099,1861,65.9,0.6,65.3,1.8,66.0,0.6,286028,2458,26106,1105,259922,2356,7.9,0.4,6.7,1.3,8.0,0.5,(X),(X),(X),(X),(X),(X),(X),(X),(X),(X),(X),(X),(X),(X),(X),(X),(X),(X),(X),(X),(X),(X),(X),(X),3.5,(X),(X),(X),(X),(X),5.6,(X),(X),(X),(X),(X)
5001100US0402,0402,"Congressional District 2 (111th Congress), Arizona",664075,2729,101145,1922,562930,3229,(X),(X),6.6,0.7,(X),(X),(X),(X),14.3,0.8,(X),(X),(X),(X),31.1,1.1,(X),(X),(X),(X),16.8,0.8,(X),(X),(X),(X),15.6,0.7,(X),(X),48.1,0.2,92.9,0.7,40.0,0.2,51.9,0.2,7.1,0.7,60.0,0.2,27.0,0.4,7.5,0.7,30.5,0.4,34.1,0.3,23.1,0.9,36.1,0.4,15.6,0.2,22.7,0.8,14.4,0.3,11.6,0.2,20.9,0.7,9.9,0.2,11.7,0.2,25.8,0.8,9.1,0.2,98.1,0.1,98.9,0.2,98.0,0.2,85.0,0.4,91.4,0.6,83.9,0.4,2.9,0.2,3.2,0.4,2.9,0.2,1.9,0.1,1.1,0.2,2.1,0.1,2.4,0.2,0.9,0.2,2.6,0.2,0.1,0.1,0.2,0.1,0.1,0.1,5.7,0.3,2.1,0.4,6.4,0.4,1.9,0.1,1.1,0.2,2.0,0.2,16.5,0.4,7.2,0.7,18.1,0.5,75.2,0.4,86.7,0.8,73.2,0.5,27936,374,35962,736,26352,378,(X),(X),36551,755,34313,652,(X),(X),28547,2480,21448,386,599149,2498,99991,1870,499158,2811,13.1,0.4,7.8,0.6,14.2,0.4,29.3,0.5,26.2,1.0,29.9,0.5,36.3,0.6,41.2,1.1,35.3,0.6,21.3,0.4,24.8,1.0,20.6,0.4,509742,2632,53884,1590,455858,3126,74.6,0.5,74.3,1.2,74.6,0.5,380292,3615,40032,1227,340260,3819,6.6,0.3,5.8,0.9,6.7,0.4,(X),(X),(X),(X),(X),(X),(X),(X),(X),(X),(X),(X),(X),(X),(X),(X),(X),(X),(X),(X),(X),(X),(X),(X),2.6,(X),(X),(X),(X),(X),4.8,(X),(X),(X),(X),(X)
5001100US0403,0403,"Congressional District 3 (111th Congress), Arizona",551543,4621,57403,1681,494140,4509,(X),(X),7.0,0.9,(X),(X),(X),(X),14.9,1.1,(X),(X),(X),(X),34.1,1.5,(X),(X),(X),(X),11.9,0.7,(X),(X),(X),(X),12.2,1.0,(X),(X),49.7,0.4,93.1,0.7,44.6,0.4,50.3,0.4,6.9,0.7,55.4,0.4,31.6,0.6,9.3,1.1,34.2,0.6,40.0,0.5,26.9,1.2,41.5,0.5,14.2,0.3,26.3,1.2,12.7,0.3,7.2,0.2,17.2,0.9,6.1,0.2,7.0,0.3,20.3,1.1,5.5,0.2,98.8,0.1,99.1,0.3,98.8,0.1,85.9,0.6,92.1,0.9,85.1,0.6,2.9,0.3,2.8,0.6,2.9,0.3,1.4,0.2,1.2,0.4,1.5,0.2,3.0,0.2,1.0,0.3,3.2,0.3,0.2,0.1,0.2,0.2,0.2,0.1,5.4,0.4,1.7,0.5,5.8,0.4,1.2,0.1,0.9,0.3,1.2,0.1,17.0,0.5,7.0,0.9,18.2,0.6,74.7,0.6,87.2,1.2,73.3,0.6,31208,432,39259,1136,30241,453,(X),(X),39574,1193,35459,807,(X),(X),32907,3251,25745,534,489820,4189,56406,1701,433414,4008,11.6,0.5,5.8,0.7,12.3,0.5,23.2,0.6,23.3,1.4,23.1,0.6,32.9,0.6,37.9,1.5,32.2,0.7,32.4,0.6,33.0,1.5,32.3,0.6,473117,4444,35869,1441,437248,4312,80.4,0.4,81.7,1.7,80.3,0.5,380218,3980,29297,1395,350921,3968,5.6,0.3,5.1,1.2,5.6,0.3,(X),(X),(X),(X),(X),(X),(X),(X),(X),(X),(X),(X),(X),(X),(X),(X),(X),(X),(X),(X),(X),(X),(X),(X),3.1,(X),(X),(X),(X),(X),5.6,(X),(X),(X),(X),(X)
5001100US0404,0404,"Congressional District 4 (111th Congress), Arizona",499697,4210,30869,1266,468828,4340,(X),(X),8.0,1.4,(X),(X),(X),(X),14.9,1.4,(X),(X),(X),(X),36.1,1.7,(X),(X),(X),(X),10.8,1.0,(X),(X),(X),(X),8.9,1.0,(X),(X),53.1,0.4,91.8,1.1,50.6,0.5,46.9,0.4,8.2,1.1,49.4,0.5,44.8,0.6,10.6,1.7,47.1,0.6,37.2,0.5,32.9,1.6,37.5,0.6,9.4,0.3,25.4,1.5,8.4,0.3,4.7,0.2,15.5,1.3,3.9,0.2,3.9,0.2,15.6,1.2,3.2,0.2,98.5,0.1,97.7,0.7,98.5,0.1,71.2,0.7,75.1,1.8,71.0,0.8,7.6,0.3,11.0,1.1,7.4,0.3,2.6,0.2,3.0,0.7,2.6,0.2,1.7,0.2,0.9,0.4,1.8,0.2,0.2,0.1,0.2,0.2,0.2,0.1,15.1,0.6,7.4,1.3,15.6,0.6,1.5,0.1,2.3,0.7,1.5,0.1,59.6,0.7,22.0,1.7,62.0,0.7,28.1,0.5,61.5,2.0,25.9,0.5,21945,237,29609,1714,21603,247,(X),(X),29656,1837,24042,381,(X),(X),29298,3565,18213,438,419455,3845,30230,1262,389225,3930,36.3,0.6,12.9,1.2,38.1,0.7,28.1,0.7,28.2,1.9,28.1,0.7,23.0,0.5,40.9,2.1,21.6,0.5,12.6,0.4,18.0,1.5,12.2,0.4,456790,4004,21265,1096,435525,4151,71.0,0.5,71.3,2.7,70.9,0.6,324144,3550,15163,959,308981,3581,7.8,0.4,5.4,1.3,7.9,0.5,(X),(X),(X),(X),(X),(X),(X),(X),(X),(X),(X),(X),(X),(X),(X),(X),(X),(X),(X),(X),(X),(X),(X),(X),3.6,(X),(X),(X),(X),(X),8.4,(X),(X),(X),(X),(X)
5001100US0405,0405,"Congressional District 5 (111th Congress), Arizona",549316,2911,53532,1313,495784,3173,(X),(X),7.0,0.9,(X),(X),(X),(X),13.1,1.1,(X),(X),(X),(X),33.0,1.4,(X),(X),(X),(X),14.4,1.0,(X),(X),(X),(X),14.1,1.0,(X),(X),50.3,0.3,93.5,0.8,45.6,0.4,49.7,0.3,6.5,0.8,54.4,0.4,35.0,0.5,8.9,1.0,37.8,0.6,36.2,0.6,24.1,1.3,37.5,0.6,13.9,0.3,24.6,1.2,12.8,0.3,7.8,0.2,19.0,1.2,6.6,0.2,7.2,0.2,23.4,1.1,5.4,0.2,98.7,0.1,98.9,0.3,98.7,0.2,85.7,0.4,90.8,1.0,85.1,0.4,3.1,0.2,3.7,0.5,3.0,0.2,2.4,0.2,1.9,0.5,2.5,0.2,4.4,0.2,0.8,0.3,4.8,0.2,0.1,0.1,0.1,0.1,0.1,0.1,3.0,0.3,1.6,0.4,3.2,0.3,1.3,0.1,1.1,0.3,1.3,0.2,14.6,0.5,6.5,0.8,15.4,0.5,74.8,0.5,86.2,1.0,73.5,0.5,32288,414,42653,1523,31185,419,(X),(X),43994,1720,37234,667,(X),(X),33938,2782,26660,521,469043,2859,52697,1312,416346,3325,8.1,0.5,4.7,0.8,8.5,0.5,18.2,0.5,17.6,1.1,18.2,0.5,31.5,0.6,35.4,1.5,31.0,0.6,42.3,0.6,42.3,1.4,42.3,0.7,467279,2906,30842,1106,436437,3138,79.7,0.4,81.8,1.8,79.6,0.4,372526,2733,25226,1034,347300,3054,5.0,0.3,4.3,0.9,5.1,0.4,(X),(X),(X),(X),(X),(X),(X),(X),(X),(X),(X),(X),(X),(X),(X),(X),(X),(X),(X),(X),(X),(X),(X),(X),3.4,(X),(X),(X),(X),(X),5.2,(X),(X),(X),(X),(X)
5001100US0406,0406,"Congressional District 6 (111th Congress), Arizona",660044,3487,78312,1921,581732,3721,(X),(X),7.2,0.8,(X),(X),(X),(X),16.7,1.0,(X),(X),(X),(X),30.7,1.1,(X),(X),(X),(X),15.2,0.8,(X),(X),(X),(X),13.7,0.7,(X),(X),49.0,0.3,92.8,0.6,43.1,0.4,51.0,0.3,7.2,0.6,56.9,0.4,31.7,0.4,8.4,0.8,34.9,0.5,37.6,0.4,27.7,1.1,39.0,0.4,12.7,0.2,21.9,0.8,11.4,0.2,9.3,0.2,18.7,0.7,8.0,0.2,8.7,0.2,23.3,1.0,6.7,0.2,98.4,0.1,98.8,0.2,98.3,0.2,86.0,0.4,91.9,0.7,85.2,0.5,2.5,0.2,3.0,0.5,2.5,0.2,0.9,0.1,0.7,0.2,1.0,0.1,3.1,0.2,0.7,0.2,3.4,0.2,0.2,0.1,0.1,0.1,0.2,0.1,5.6,0.3,2.3,0.4,6.0,0.3,1.6,0.1,1.2,0.2,1.7,0.2,17.5,0.4,6.5,0.7,18.9,0.5,74.9,0.5,88.1,0.9,73.1,0.5,31025,308,39780,1026,29896,390,(X),(X),40396,899,38558,559,(X),(X),32345,2375,23453,391,587912,3369,77310,1887,510602,3596,11.3,0.4,5.7,0.5,12.1,0.4,25.1,0.4,25.1,1.0,25.1,0.5,35.6,0.5,40.7,1.2,34.9,0.5,28.0,0.5,28.5,1.0,27.9,0.6,541678,3313,45373,1574,496305,3597,79.4,0.4,81.2,1.2,79.2,0.4,429985,3248,36822,1414,393163,3514,5.1,0.3,4.6,0.8,5.1,0.3,(X),(X),(X),(X),(X),(X),(X),(X),(X),(X),(X),(X),(X),(X),(X),(X),(X),(X),(X),(X),(X),(X),(X),(X),3.0,(X),(X),(X),(X),(X),4.9,(X),(X),(X),(X),(X)
5001100US0407,0407,"Congressional District 7 (111th Congress), Arizona",581987,3814,61502,1665,520485,3646,(X),(X),9.7,1.1,(X),(X),(X),(X),19.2,1.4,(X),(X),(X),(X),31.9,1.3,(X),(X),(X),(X),15.4,1.0,(X),(X),(X),(X),12.1,0.8,(X),(X),49.2,0.3,93.6,0.7,43.9,0.3,50.8,0.3,6.4,0.7,56.1,0.3,36.0,0.4,11.1,1.2,38.9,0.4,35.4,0.3,28.4,1.3,36.2,0.4,12.6,0.2,21.5,1.0,11.5,0.2,8.4,0.2,17.8,0.9,7.3,0.2,7.6,0.1,21.3,0.9,6.0,0.2,98.2,0.2,98.4,0.4,98.2,0.2,68.6,0.7,81.0,1.1,67.1,0.7,3.6,0.3,5.4,0.7,3.4,0.3,5.3,0.2,3.2,0.4,5.5,0.3,1.9,0.1,1.2,0.3,2.0,0.1,0.2,0.1,0.3,0.3,0.2,0.1,18.6,0.6,7.3,0.8,20.0,0.7,1.8,0.2,1.6,0.4,1.8,0.2,49.1,0.5,20.5,1.2,52.5,0.5,40.0,0.5,69.1,1.3,36.6,0.5,21201,274,32157,880,19953,266,(X),(X),32469,1049,24343,454,(X),(X),26725,4701,16527,303,493904,3440,60136,1608,433768,3437,26.4,0.6,10.5,0.8,28.6,0.6,29.3,0.6,30.0,1.5,29.2,0.6,29.0,0.5,41.3,1.5,27.3,0.6,15.3,0.4,18.2,1.1,14.9,0.5,488431,3678,37458,1530,450973,3457,72.1,0.6,75.1,1.6,71.9,0.6,352282,3429,28136,1319,324146,3382,9.3,0.5,4.5,1.0,9.7,0.5,(X),(X),(X),(X),(X),(X),(X),(X),(X),(X),(X),(X),(X),(X),(X),(X),(X),(X),(X),(X),(X),(X),(X),(X),3.4,(X),(X),(X),(X),(X),5.5,(X),(X),(X),(X),(X)
5001100US0408,0408,"Congressional District 8 (111th Congress), Arizona",581146,3234,96376,1704,484770,3335,(X),(X),9.6,0.6,(X),(X),(X),(X),18.0,0.8,(X),(X),(X),(X),35.2,0.9,(X),(X),(X),(X),15.6,0.6,(X),(X),(X),(X),14.6,0.6,(X),(X),47.5,0.2,90.2,0.6,39.0,0.3,52.5,0.2,9.8,0.6,61.0,0.3,26.0,0.3,7.3,0.6,29.8,0.4,34.1,0.3,26.4,0.9,35.6,0.4,16.8,0.2,22.7,0.7,15.6,0.2,11.5,0.1,19.4,0.6,10.0,0.2,11.5,0.1,24.2,0.6,9.0,0.2,98.1,0.2,98.6,0.3,98.0,0.2,85.5,0.4,90.4,0.6,84.5,0.4,3.1,0.1,4.2,0.4,2.9,0.2,0.9,0.1,0.6,0.2,1.0,0.1,2.9,0.1,0.9,0.2,3.3,0.1,0.1,0.1,0.2,0.1,0.1,0.1,5.6,0.3,2.2,0.3,6.2,0.4,1.9,0.2,1.4,0.3,2.0,0.2,17.5,0.3,8.9,0.6,19.3,0.4,74.5,0.3,84.3,0.8,72.6,0.4,27286,325,39702,882,24899,381,(X),(X),40977,1001,32482,683,(X),(X),30116,2158,20704,365,522448,2703,95019,1658,427429,2902,9.1,0.3,4.7,0.4,10.1,0.4,22.4,0.4,19.9,0.8,22.9,0.5,35.0,0.4,40.0,1.1,33.9,0.5,33.5,0.5,35.4,1.1,33.1,0.5,447047,3156,54354,1384,392693,3198,73.3,0.5,74.9,1.3,73.1,0.6,327575,3175,40692,1271,286883,3148,5.5,0.4,4.2,0.7,5.6,0.4,(X),(X),(X),(X),(X),(X),(X),(X),(X),(X),(X),(X),(X),(X),(X),(X),(X),(X),(X),(X),(X),(X),(X),(X),2.6,(X),(X),(X),(X),(X),4.4,(X),(X),(X),(X),(X)
5001100US0501,0501,"Congressional District 1 (111th Congress), Arkansas",506514,366,60582,1064,445932,1062,(X),(X),7.2,0.6,(X),(X),(X),(X),13.8,1.0,(X),(X),(X),(X),34.3,1.2,(X),(X),(X),(X),13.6,0.7,(X),(X),(X),(X),12.4,0.7,(X),(X),47.6,0.1,94.2,0.6,41.3,0.2,52.4,0.1,5.8,0.6,58.7,0.2,28.1,0.1,7.7,0.7,30.9,0.2,35.5,0.1,25.8,1.1,36.8,0.2,15.9,0.1,25.5,0.9,14.6,0.1,10.9,0.1,20.6,0.8,9.6,0.1,9.6,0.1,20.4,0.6,8.1,0.1,99.1,0.1,98.8,0.3,99.1,0.1,83.0,0.1,88.0,0.8,82.3,0.2,14.7,0.1,10.1,0.8,15.4,0.1,0.4,0.1,0.3,0.1,0.4,0.1,0.4,0.1,0.1,0.1,0.5,0.1,0.0,0.1,0.0,0.1,0.0,0.1,0.5,0.1,0.3,0.2,0.5,0.1,0.9,0.1,1.2,0.3,0.9,0.1,1.9,0.1,1.1,0.3,2.0,0.1,81.7,0.1,87.3,0.8,81.0,0.1,19120,276,26934,527,17937,297,(X),(X),27299,553,23799,528,(X),(X),21787,1886,14593,245,449129,643,59561,1054,389568,1262,22.0,0.4,16.7,1.1,22.8,0.5,38.5,0.5,37.9,1.0,38.6,0.5,26.1,0.5,31.8,1.3,25.2,0.5,13.4,0.4,13.7,0.9,13.4,0.4,402747,440,35766,973,366981,991,70.7,0.6,67.6,1.5,71.0,0.6,284825,2508,24168,820,260657,2319,8.2,0.4,6.9,1.2,8.3,0.4,(X),(X),(X),(X),(X),(X),(X),(X),(X),(X),(X),(X),(X),(X),(X),(X),(X),(X),(X),(X),(X),(X),(X),(X),2.5,(X),(X),(X),(X),(X),5.1,(X),(X),(X),(X),(X)
5001100US0502,0502,"Congressional District 2 (111th Congress), Arkansas",537081,623,65515,1416,471566,1501,(X),(X),9.8,0.8,(X),(X),(X),(X),16.7,1.0,(X),(X),(X),(X),34.5,1.1,(X),(X),(X),(X),13.1,0.7,(X),(X),(X),(X),10.9,0.6,(X),(X),47.4,0.1,92.4,0.7,41.2,0.2,52.6,0.1,7.6,0.7,58.8,0.2,32.0,0.1,9.6,0.9,35.1,0.2,36.7,0.1,29.0,1.1,37.7,0.2,14.6,0.1,25.2,1.1,13.1,0.2,8.8,0.1,18.0,0.6,7.5,0.1,8.0,0.1,18.2,0.6,6.6,0.1,98.8,0.1,98.7,0.3,98.8,0.1,77.0,0.2,82.0,1.1,76.3,0.2,19.0,0.1,15.7,1.1,19.4,0.2,0.4,0.1,0.4,0.1,0.4,0.1,1.2,0.1,0.2,0.1,1.4,0.1,0.0,0.1,0.0,0.1,0.0,0.1,1.1,0.1,0.3,0.1,1.2,0.2,1.2,0.1,1.3,0.3,1.2,0.1,3.2,0.1,0.9,0.3,3.5,0.1,75.0,0.1,81.5,1.2,74.1,0.2,23720,371,33559,851,22220,297,(X),(X),34394,919,27546,769,(X),(X),25976,3160,19022,338,462855,641,64042,1438,398813,1500,13.9,0.4,9.4,0.7,14.6,0.4,32.3,0.5,31.3,1.1,32.4,0.5,28.1,0.5,35.1,1.2,27.0,0.5,25.7,0.4,24.1,1.0,25.9,0.5,447015,622,41799,1275,405216,1385,76.4,0.5,76.9,1.3,76.3,0.6,341389,2535,32131,1164,309258,2625,6.3,0.3,5.1,1.0,6.5,0.4,(X),(X),(X),(X),(X),(X),(X),(X),(X),(X),(X),(X),(X),(X),(X),(X),(X),(X),(X),(X),(X),(X),(X),(X),2.1,(X),(X),(X),(X),(X),4.6,(X),(X),(X),(X),(X)
5001100US0503,0503,"Congressional District 3 (111th Congress), Arkansas",585924,303,66248,1461,519676,1535,(X),(X),6.9,0.6,(X),(X),(X),(X),14.0,0.9,(X),(X),(X),(X),34.7,1.2,(X),(X),(X),(X),14.1,0.9,(X),(X),(X),(X),11.8,0.8,(X),(X),48.9,0.1,94.0,0.7,43.2,0.2,51.1,0.1,6.0,0.7,56.8,0.2,32.6,0.1,7.7,0.7,35.8,0.1,36.2,0.1,26.7,1.1,37.4,0.2,14.2,0.1,25.3,1.0,12.8,0.1,9.1,0.1,19.8,0.7,7.7,0.1,7.9,0.1,20.5,0.7,6.3,0.1,98.2,0.1,98.4,0.3,98.2,0.1,88.8,0.3,94.6,0.5,88.1,0.3,2.4,0.1,1.9,0.5,2.4,0.1,1.0,0.1,0.9,0.2,1.1,0.1,1.9,0.1,0.5,0.1,2.0,0.1,0.3,0.1,0.0,0.1,0.3,0.1,3.9,0.3,0.5,0.2,4.3,0.3,1.8,0.1,1.6,0.3,1.8,0.1,8.1,0.1,1.4,0.3,8.9,0.1,84.8,0.1,93.8,0.6,83.7,0.1,21992,218,30305,704,21127,224,(X),(X),30754,712,26657,399,(X),(X),25136,3501,17336,314,509804,497,64971,1429,444833,1548,18.8,0.5,12.7,1.0,19.6,0.5,33.1,0.5,32.2,1.5,33.2,0.5,27.0,0.5,34.3,1.3,26.0,0.5,21.2,0.5,20.8,1.0,21.2,0.5,486555,404,39570,1344,446985,1410,74.9,0.4,74.2,1.4,75.0,0.4,364552,1774,29352,1189,335200,1880,5.6,0.3,5.5,1.0,5.7,0.3,(X),(X),(X),(X),(X),(X),(X),(X),(X),(X),(X),(X),(X),(X),(X),(X),(X),(X),(X),(X),(X),(X),(X),(X),2.3,(X),(X),(X),(X),(X),4.0,(X),(X),(X),(X),(X)
5001100US0504,0504,"Congressional District 4 (111th Congress), Arkansas",500188,435,59074,1290,441114,1381,(X),(X),7.6,0.8,(X),(X),(X),(X),13.8,1.1,(X),(X),(X),(X),34.8,1.0,(X),(X),(X),(X),14.2,0.9,(X),(X),(X),(X),13.2,0.7,(X),(X),48.3,0.1,94.4,0.5,42.1,0.2,51.7,0.1,5.6,0.5,57.9,0.2,27.6,0.1,7.8,0.9,30.2,0.2,35.4,0.1,26.0,1.3,36.7,0.2,16.0,0.1,24.9,0.9,14.8,0.1,10.9,0.1,19.3,0.7,9.8,0.1,10.1,0.1,21.9,0.7,8.5,0.1,98.9,0.1,98.9,0.3,98.9,0.1,73.2,0.1,82.4,0.9,72.0,0.2,22.8,0.1,15.2,0.9,23.8,0.1,0.6,0.1,0.7,0.2,0.6,0.1,0.6,0.1,0.3,0.2,0.6,0.1,0.0,0.1,0.0,0.1,0.0,0.1,1.8,0.1,0.3,0.2,2.0,0.1,1.1,0.1,1.1,0.3,1.1,0.1,3.3,0.1,1.3,0.3,3.6,0.1,71.8,0.1,81.5,1.0,70.5,0.1,19024,312,27819,872,17821,333,(X),(X),28214,817,23536,640,(X),(X),22297,2690,14760,251,438965,788,57704,1240,381261,1526,20.3,0.5,13.4,0.9,21.4,0.6,38.6,0.5,37.8,1.2,38.7,0.6,26.4,0.5,31.3,1.2,25.6,0.5,14.7,0.4,17.4,1.2,14.3,0.4,395136,518,34716,1122,360420,1272,70.3,0.6,68.7,1.7,70.5,0.7,277850,2555,23851,998,253999,2535,8.8,0.4,7.0,1.2,9.0,0.4,(X),(X),(X),(X),(X),(X),(X),(X),(X),(X),(X),(X),(X),(X),(X),(X),(X),(X),(X),(X),(X),(X),(X),(X),2.6,(X),(X),(X),(X),(X),5.3,(X),(X),(X),(X),(X)
5001100US0601,0601,"Congressional District 1 (111th Congress), California",526570,1746,53069,1351,473501,2073,(X),(X),4.0,0.7,(X),(X),(X),(X),9.8,1.1,(X),(X),(X),(X),37.5,1.2,(X),(X),(X),(X),14.2,0.9,(X),(X),(X),(X),14.9,0.8,(X),(X),49.1,0.1,93.0,0.8,44.2,0.2,50.9,0.1,7.0,0.8,55.8,0.2,32.1,0.2,5.6,1.0,35.1,0.2,35.5,0.2,22.5,1.1,37.0,0.2,15.5,0.1,28.7,1.0,14.0,0.2,8.6,0.1,19.7,1.0,7.4,0.1,8.2,0.1,23.6,0.8,6.5,0.1,97.2,0.2,97.8,0.4,97.1,0.2,80.3,0.4,90.3,0.9,79.2,0.4,1.7,0.1,1.7,0.4,1.7,0.1,2.4,0.1,2.0,0.4,2.5,0.1,5.7,0.1,1.3,0.3,6.2,0.1,0.4,0.1,0.3,0.2,0.4,0.1,6.6,0.4,2.3,0.5,7.1,0.4,2.8,0.2,2.2,0.4,2.9,0.2,17.9,0.2,6.0,0.7,19.2,0.2,70.0,0.2,87.2,1.0,68.1,0.3,24971,385,37354,1293,23456,420,(X),(X),38064,1440,29328,727,(X),(X),28621,4154,19589,412,433274,1472,52271,1336,381003,1863,15.0,0.4,7.5,0.7,16.0,0.4,24.4,0.5,23.6,1.2,24.5,0.5,32.3,0.5,39.7,1.4,31.3,0.6,28.3,0.5,29.2,1.0,28.2,0.5,437744,1531,30101,1157,407643,1872,72.7,0.6,70.4,1.8,72.9,0.7,318316,2849,21193,877,297123,2762,7.3,0.4,6.2,1.2,7.3,0.4,(X),(X),(X),(X),(X),(X),(X),(X),(X),(X),(X),(X),(X),(X),(X),(X),(X),(X),(X),(X),(X),(X),(X),(X),3.1,(X),(X),(X),(X),(X),5.7,(X),(X),(X),(X),(X)
5001100US0602,0602,"Congressional District 2 (111th Congress), California",527698,1799,65793,1270,461905,2088,(X),(X),5.6,0.7,(X),(X),(X),(X),11.8,0.9,(X),(X),(X),(X),35.6,1.0,(X),(X),(X),(X),14.4,1.0,(X),(X),(X),(X),14.1,0.6,(X),(X),48.6,0.1,93.2,0.7,42.3,0.2,51.4,0.1,6.8,0.7,57.7,0.2,29.7,0.2,6.9,0.8,33.0,0.2,35.1,0.2,23.2,1.1,36.8,0.2,16.2,0.1,27.6,1.0,14.6,0.2,10.0,0.1,20.6,0.8,8.5,0.1,8.9,0.1,21.8,0.6,7.1,0.1,96.6,0.2,97.3,0.4,96.5,0.2,82.9,0.3,91.1,0.8,81.7,0.4,1.2,0.1,1.6,0.3,1.2,0.1,1.7,0.1,1.4,0.3,1.8,0.1,4.1,0.1,1.5,0.3,4.5,0.1,0.2,0.1,0.2,0.1,0.2,0.1,6.4,0.3,1.5,0.4,7.1,0.3,3.4,0.2,2.7,0.4,3.5,0.2,14.3,0.2,4.3,0.4,15.7,0.2,76.0,0.2,88.3,0.8,74.2,0.2,22061,293,33394,1101,20530,322,(X),(X),34007,1119,26391,547,(X),(X),26325,2038,16959,300,446185,1328,64713,1300,381472,1674,16.3,0.4,8.4,0.7,17.7,0.4,26.0,0.5,24.8,1.1,26.2,0.6,37.4,0.5,45.2,1.2,36.1,0.5,20.3,0.4,21.6,1.1,20.0,0.5,427795,1748,37894,1114,389901,1981,71.1,0.5,69.0,1.6,71.3,0.5,304168,2694,26129,1101,278039,2470,10.1,0.5,7.8,1.4,10.3,0.5,(X),(X),(X),(X),(X),(X),(X),(X),(X),(X),(X),(X),(X),(X),(X),(X),(X),(X),(X),(X),(X),(X),(X),(X),2.8,(X),(X),(X),(X),(X),4.7,(X),(X),(X),(X),(X)
5001100US0603,0603,"Congressional District 3 (111th Congress), California",561464,2632,67342,1492,494122,2710,(X),(X),6.1,0.7,(X),(X),(X),(X),13.9,1.0,(X),(X),(X),(X),38.6,1.4,(X),(X),(X),(X),14.2,0.8,(X),(X),(X),(X),11.5,0.7,(X),(X),49.1,0.2,92.0,0.6,43.2,0.3,50.9,0.2,8.0,0.6,56.8,0.3,27.9,0.3,7.1,0.8,30.8,0.4,40.5,0.3,28.2,1.3,42.2,0.4,14.9,0.2,26.0,1.1,13.4,0.3,8.9,0.2,19.1,0.8,7.5,0.2,7.8,0.1,19.6,0.8,6.2,0.2,97.4,0.2,97.8,0.4,97.4,0.2,74.5,0.5,85.0,1.0,73.0,0.5,5.7,0.3,6.0,0.7,5.6,0.3,1.0,0.1,1.0,0.3,1.0,0.1,9.8,0.3,2.6,0.4,10.8,0.3,0.5,0.1,0.3,0.2,0.5,0.1,6.0,0.3,2.8,0.6,6.5,0.3,2.6,0.2,2.2,0.4,2.6,0.2,11.8,0.3,6.5,0.7,12.5,0.4,69.4,0.4,81.4,1.0,67.8,0.4,33130,405,45455,1371,31274,405,(X),(X),45814,1387,39114,794,(X),(X),41754,2677,26613,385,500354,2204,66530,1466,433824,2307,10.6,0.4,6.0,0.6,11.3,0.4,23.2,0.4,21.1,1.2,23.5,0.5,37.2,0.5,43.1,1.4,36.3,0.5,29.0,0.5,29.9,1.2,28.9,0.5,467822,2554,41279,1326,426543,2516,76.0,0.5,76.8,1.3,75.9,0.5,355333,2615,31717,1193,323616,2636,7.2,0.3,7.2,1.1,7.2,0.3,(X),(X),(X),(X),(X),(X),(X),(X),(X),(X),(X),(X),(X),(X),(X),(X),(X),(X),(X),(X),(X),(X),(X),(X),2.5,(X),(X),(X),(X),(X),3.8,(X),(X),(X),(X),(X)
5001100US0604,0604,"Congressional District 4 (111th Congress), California",573805,1430,75340,1533,498465,1834,(X),(X),5.2,0.7,(X),(X),(X),(X),10.7,0.7,(X),(X),(X),(X),37.0,1.1,(X),(X),(X),(X),14.7,0.8,(X),(X),(X),(X),12.7,0.7,(X),(X),50.3,0.1,94.4,0.6,43.6,0.2,49.7,0.1,5.6,0.6,56.4,0.2,24.1,0.1,6.6,0.7,26.7,0.2,39.7,0.2,23.1,1.0,42.3,0.2,17.3,0.1,27.2,0.9,15.8,0.2,10.4,0.1,21.6,0.8,8.7,0.1,8.5,0.1,21.5,0.7,6.6,0.2,97.8,0.1,98.2,0.3,97.8,0.1,87.0,0.2,91.9,0.6,86.3,0.3,1.6,0.1,1.7,0.4,1.6,0.1,1.2,0.1,0.9,0.2,1.2,0.1,4.0,0.1,1.8,0.3,4.4,0.1,0.2,0.1,0.2,0.1,0.2,0.1,3.7,0.2,1.6,0.3,4.1,0.3,2.2,0.1,1.8,0.3,2.2,0.1,9.3,0.1,4.6,0.5,10.0,0.1,82.1,0.1,89.4,0.6,81.0,0.2,31773,414,43088,926,29822,494,(X),(X),43513,917,40605,790,(X),(X),35294,4031,23195,506,512162,1344,74139,1534,438023,1819,9.0,0.3,5.8,0.5,9.6,0.4,23.5,0.5,21.1,1.0,23.9,0.5,37.9,0.5,44.2,1.2,36.9,0.5,29.5,0.5,28.9,1.1,29.7,0.5,465305,1220,42871,1370,422434,1666,74.5,0.5,73.5,1.5,74.6,0.5,346830,2336,31514,1226,315316,2397,6.6,0.3,6.3,1.1,6.6,0.3,(X),(X),(X),(X),(X),(X),(X),(X),(X),(X),(X),(X),(X),(X),(X),(X),(X),(X),(X),(X),(X),(X),(X),(X),3.0,(X),(X),(X),(X),(X),4.4,(X),(X),(X),(X),(X)
5001100US0605,0605,"Congressional District 5 (111th Congress), California",506140,2636,45815,1144,460325,2682,(X),(X),7.1,1.0,(X),(X),(X),(X),13.3,1.2,(X),(X),(X),(X),35.6,1.4,(X),(X),(X),(X),12.8,1.0,(X),(X),(X),(X),12.1,0.8,(X),(X),47.9,0.3,91.6,0.9,43.5,0.3,52.1,0.3,8.4,0.9,56.5,0.3,37.2,0.3,9.9,1.0,39.9,0.4,35.8,0.3,30.1,1.3,36.4,0.4,12.6,0.2,22.7,1.2,11.7,0.3,7.4,0.2,17.3,0.9,6.4,0.2,7.0,0.1,20.0,0.9,5.7,0.1,96.4,0.2,96.3,0.6,96.4,0.2,55.7,0.5,68.5,1.4,54.4,0.5,13.0,0.3,15.3,1.2,12.8,0.3,1.2,0.1,1.1,0.3,1.2,0.1,16.1,0.3,7.0,0.8,17.0,0.3,1.1,0.1,0.4,0.2,1.1,0.1,9.3,0.4,4.0,0.6,9.9,0.5,3.6,0.2,3.7,0.6,3.6,0.2,22.0,0.4,10.4,0.9,23.2,0.4,44.3,0.4,63.4,1.5,42.5,0.5,25266,328,38074,1208,23970,373,(X),(X),38560,1189,26841,511,(X),(X),32620,3286,21621,371,433800,2243,44950,1134,388850,2415,19.7,0.6,8.7,0.9,21.0,0.7,23.5,0.5,21.6,1.2,23.7,0.5,31.5,0.5,42.8,1.6,30.1,0.5,25.3,0.5,26.9,1.1,25.1,0.6,433397,2470,28710,978,404687,2562,74.7,0.4,74.4,1.6,74.7,0.4,323539,2909,21349,846,302190,2874,10.0,0.4,9.0,1.3,10.1,0.4,(X),(X),(X),(X),(X),(X),(X),(X),(X),(X),(X),(X),(X),(X),(X),(X),(X),(X),(X),(X),(X),(X),(X),(X),3.2,(X),(X),(X),(X),(X),6.3,(X),(X),(X),(X),(X)
5001100US0606,0606,"Congressional District 6 (111th Congress), California",500622,1139,44919,1084,455703,1483,(X),(X),3.4,0.6,(X),(X),(X),(X),6.8,0.8,(X),(X),(X),(X),38.0,1.5,(X),(X),(X),(X),16.5,1.1,(X),(X),(X),(X),18.1,1.0,(X),(X),49.1,0.1,94.1,0.7,44.7,0.2,50.9,0.1,5.9,0.7,55.3,0.2,25.6,0.1,3.9,0.8,27.7,0.2,39.1,0.1,17.4,1.2,41.2,0.2,17.7,0.1,27.9,1.3,16.7,0.2,8.8,0.1,21.9,0.9,7.5,0.1,8.9,0.1,28.9,1.0,6.9,0.1,97.9,0.2,98.8,0.4,97.8,0.2,82.9,0.4,92.2,0.8,81.9,0.5,2.2,0.1,2.2,0.5,2.2,0.1,0.8,0.1,1.2,0.3,0.7,0.1,5.0,0.1,2.1,0.5,5.3,0.1,0.2,0.1,0.2,0.1,0.2,0.1,6.8,0.4,0.8,0.3,7.4,0.4,2.1,0.2,1.2,0.4,2.2,0.2,15.6,0.2,4.0,0.6,16.7,0.2,74.8,0.2,89.3,0.8,73.4,0.2,35070,469,46436,1514,33697,495,(X),(X),47019,1585,41750,740,(X),(X),39641,4611,28091,567,446054,1083,44610,1042,401444,1448,11.4,0.3,5.0,0.6,12.1,0.4,18.3,0.4,18.2,1.2,18.3,0.4,30.1,0.6,33.6,1.5,29.7,0.6,40.2,0.5,43.2,1.5,39.9,0.5,412233,987,22078,994,390155,1304,77.5,0.5,74.5,1.9,77.7,0.5,319511,2065,16454,849,303057,2064,5.9,0.3,4.5,1.2,5.9,0.3,(X),(X),(X),(X),(X),(X),(X),(X),(X),(X),(X),(X),(X),(X),(X),(X),(X),(X),(X),(X),(X),(X),(X),(X),3.7,(X),(X),(X),(X),(X),5.8,(X),(X),(X),(X),(X)
5001100US0607,0607,"Congressional District 7 (111th Congress), California",491652,2270,46384,1272,445268,2410,(X),(X),6.4,0.9,(X),(X),(X),(X),14.6,1.1,(X),(X),(X),(X),37.7,1.5,(X),(X),(X),(X),11.6,0.9,(X),(X),(X),(X),11.4,1.0,(X),(X),49.2,0.3,92.3,0.8,44.7,0.3,50.8,0.3,7.7,0.8,55.3,0.3,30.5,0.3,6.5,0.9,33.0,0.4,40.5,0.4,30.5,1.5,41.5,0.5,14.7,0.3,26.7,1.1,13.4,0.3,7.3,0.2,18.7,1.0,6.2,0.2,6.9,0.2,17.5,1.1,5.8,0.2,96.7,0.2,97.0,0.5,96.7,0.2,53.5,0.6,65.7,1.4,52.3,0.6,14.7,0.3,16.6,1.1,14.5,0.4,0.6,0.1,0.9,0.3,0.6,0.1,16.2,0.3,9.2,1.0,16.9,0.4,0.7,0.1,1.1,0.5,0.6,0.1,11.0,0.4,3.4,0.6,11.8,0.5,3.3,0.2,3.0,0.5,3.3,0.2,22.7,0.4,8.4,0.9,24.2,0.4,42.6,0.4,61.6,1.4,40.6,0.4,31152,440,45058,1461,29809,551,(X),(X),46185,1636,35119,932,(X),(X),31875,7019,25390,591,429742,1971,45993,1237,383749,2206,16.7,0.5,8.0,0.8,17.7,0.6,24.8,0.6,24.6,1.5,24.8,0.6,33.1,0.5,43.0,1.5,32.0,0.6,25.4,0.6,24.4,1.3,25.5,0.6,421505,2127,29590,1024,391915,2268,75.5,0.6,75.9,1.8,75.5,0.6,318274,2778,22454,987,295820,2740,8.2,0.4,5.1,1.1,8.5,0.4,(X),(X),(X),(X),(X),(X),(X),(X),(X),(X),(X),(X),(X),(X),(X),(X),(X),(X),(X),(X),(X),(X),(X),(X),3.9,(X),(X),(X),(X),(X),6.9,(X),(X),(X),(X),(X)
5001100US0608,0608,"Congressional District 8 (111th Congress), California",563085,2229,27813,1269,535272,2553,(X),(X),4.7,1.1,(X),(X),(X),(X),12.8,1.8,(X),(X),(X),(X),30.6,1.7,(X),(X),(X),(X),14.3,1.5,(X),(X),(X),(X),15.2,1.4,(X),(X),51.1,0.2,95.0,1.0,48.8,0.2,48.9,0.2,5.0,1.0,51.2,0.2,35.3,0.2,8.2,1.5,36.7,0.3,36.4,0.2,23.0,1.9,37.1,0.2,12.4,0.1,22.7,1.3,11.9,0.2,7.8,0.1,21.0,1.4,7.1,0.1,8.1,0.1,25.2,1.4,7.2,0.2,97.6,0.2,97.8,0.6,97.6,0.2,56.9,0.4,64.2,1.8,56.6,0.4,6.9,0.1,15.1,1.4,6.4,0.2,0.5,0.1,1.1,0.5,0.5,0.1,28.7,0.3,13.9,1.5,29.4,0.3,0.4,0.1,0.6,0.3,0.4,0.1,4.3,0.3,2.8,0.9,4.4,0.3,2.4,0.2,2.2,0.6,2.4,0.2,14.4,0.1,8.6,1.4,14.7,0.1,47.6,0.3,59.5,1.9,46.9,0.3,34996,642,35804,1943,34934,711,(X),(X),36307,2045,40053,848,(X),(X),28554,5010,30395,692,515883,2245,27624,1267,488259,2562,15.1,0.4,7.2,1.1,15.5,0.4,15.0,0.4,19.6,1.8,14.7,0.4,19.9,0.5,32.0,2.3,19.2,0.5,50.1,0.5,41.2,2.0,50.6,0.6,473596,2053,14958,883,458638,2171,80.4,0.4,72.1,2.8,80.7,0.5,380740,2777,10786,795,369954,2874,6.8,0.4,11.2,2.6,6.7,0.4,(X),(X),(X),(X),(X),(X),(X),(X),(X),(X),(X),(X),(X),(X),(X),(X),(X),(X),(X),(X),(X),(X),(X),(X),5.0,(X),(X),(X),(X),(X),9.5,(X),(X),(X),(X),(X)
5001100US0609,0609,"Congressional District 9 (111th Congress), California",497692,2026,29600,1047,468092,1998,(X),(X),3.5,0.8,(X),(X),(X),(X),9.9,1.4,(X),(X),(X),(X),34.5,1.9,(X),(X),(X),(X),13.0,1.3,(X),(X),(X),(X),17.1,1.2,(X),(X),48.1,0.3,93.2,1.0,45.3,0.3,51.9,0.3,6.8,1.0,54.7,0.3,34.7,0.4,5.0,1.0,36.6,0.5,37.5,0.4,23.0,1.9,38.4,0.4,13.9,0.3,25.2,1.4,13.2,0.3,7.0,0.1,19.6,1.3,6.2,0.2,6.9,0.2,27.1,1.4,5.6,0.2,96.9,0.2,97.1,0.7,96.9,0.2,48.9,0.7,55.8,1.8,48.5,0.7,20.9,0.3,33.0,1.6,20.1,0.4,0.5,0.1,0.5,0.3,0.5,0.1,17.7,0.4,5.8,1.0,18.4,0.4,0.5,0.1,0.2,0.1,0.6,0.1,8.4,0.5,1.9,0.6,8.8,0.5,3.1,0.2,2.9,0.7,3.1,0.2,18.6,0.4,6.7,1.1,19.3,0.4,39.6,0.5,51.6,1.9,38.8,0.5,30014,501,39269,1344,29256,596,(X),(X),39554,1463,32549,717,(X),(X),35171,6136,26052,649,432143,2484,29431,1060,402712,2313,16.6,0.5,8.9,1.2,17.2,0.5,17.9,0.5,19.7,1.6,17.7,0.6,23.4,0.5,35.3,2.0,22.5,0.5,42.2,0.6,36.0,1.9,42.6,0.6,428527,2106,15766,795,412761,2211,74.9,0.6,71.4,2.7,75.1,0.6,321147,3107,11261,694,309886,3157,8.4,0.4,9.1,2.0,8.4,0.4,(X),(X),(X),(X),(X),(X),(X),(X),(X),(X),(X),(X),(X),(X),(X),(X),(X),(X),(X),(X),(X),(X),(X),(X),3.2,(X),(X),(X),(X),(X),7.0,(X),(X),(X),(X),(X)
5001100US0610,0610,"Congressional District 10 (111th Congress), California",506296,2652,49123,1271,457173,3012,(X),(X),6.8,0.9,(X),(X),(X),(X),12.6,1.2,(X),(X),(X),(X),35.9,1.4,(X),(X),(X),(X),13.8,1.1,(X),(X),(X),(X),14.9,0.9,(X),(X),48.5,0.3,92.5,0.7,43.8,0.4,51.5,0.3,7.5,0.7,56.2,0.4,27.2,0.4,6.2,0.8,29.4,0.5,41.7,0.4,28.0,1.3,43.2,0.4,14.7,0.3,23.7,1.2,13.7,0.3,8.2,0.2,18.7,1.0,7.1,0.2,8.3,0.2,23.4,1.2,6.7,0.2,97.2,0.2,97.5,0.4,97.2,0.2,68.2,0.5,80.7,1.4,66.8,0.6,6.8,0.3,7.5,0.9,6.7,0.3,0.4,0.1,0.6,0.2,0.4,0.1,12.7,0.4,5.7,0.6,13.4,0.4,0.4,0.1,0.6,0.2,0.4,0.1,8.7,0.5,2.4,0.5,9.4,0.5,2.8,0.2,2.5,0.4,2.8,0.2,17.2,0.4,7.2,0.7,18.3,0.4,60.3,0.4,76.6,1.4,58.6,0.5,38704,494,52991,1742,36836,582,(X),(X),54492,1832,48584,945,(X),(X),31427,4302,28900,585,446871,2289,48435,1238,398436,2714,10.1,0.4,5.5,0.7,10.6,0.5,19.4,0.5,18.4,1.3,19.5,0.6,31.3,0.6,38.9,1.5,30.4,0.6,39.2,0.6,37.2,1.3,39.5,0.6,422882,2506,28444,1026,394438,2800,78.4,0.5,79.8,1.6,78.2,0.5,331341,2697,22708,971,308633,2881,6.4,0.3,5.5,1.2,6.5,0.3,(X),(X),(X),(X),(X),(X),(X),(X),(X),(X),(X),(X),(X),(X),(X),(X),(X),(X),(X),(X),(X),(X),(X),(X),2.8,(X),(X),(X),(X),(X),4.6,(X),(X),(X),(X),(X)
5001100US0611,0611,"Congressional District 11 (111th Congress), California",539864,3182,46622,1412,493242,3465,(X),(X),6.2,0.9,(X),(X),(X),(X),11.8,1.1,(X),(X),(X),(X),35.7,1.3,(X),(X),(X),(X),13.4,0.8,(X),(X),(X),(X),11.8,1.1,(X),(X),49.0,0.3,94.9,0.8,44.6,0.4,51.0,0.3,5.1,0.8,55.4,0.4,29.0,0.3,6.7,1.0,31.1,0.3,42.5,0.4,26.3,1.4,44.0,0.4,14.1,0.2,27.2,1.2,12.9,0.3,7.7,0.2,20.0,1.1,6.6,0.1,6.6,0.2,19.8,1.0,5.4,0.2,97.2,0.2,97.8,0.4,97.1,0.2,70.1,0.6,83.1,1.2,68.9,0.7,4.6,0.2,4.4,0.7,4.6,0.2,0.6,0.1,0.6,0.2,0.6,0.1,13.7,0.3,6.1,0.7,14.4,0.4,0.4,0.1,0.3,0.2,0.4,0.1,7.8,0.5,3.3,0.6,8.3,0.6,2.8,0.2,2.2,0.4,2.9,0.2,21.5,0.5,10.8,1.2,22.5,0.5,57.8,0.5,76.5,1.5,56.0,0.5,35708,516,50610,1599,33956,592,(X),(X),51195,1371,46724,1074,(X),(X),33345,11697,25082,573,474384,3050,46122,1378,428262,3364,13.6,0.5,6.8,0.9,14.4,0.5,22.9,0.5,24.0,1.9,22.8,0.6,32.0,0.6,39.8,1.8,31.2,0.6,31.4,0.5,29.4,1.3,31.7,0.6,462450,2810,28070,1183,434380,3081,76.2,0.4,80.9,1.5,75.9,0.5,352556,3055,22712,1027,329844,3189,7.3,0.4,4.1,1.0,7.5,0.4,(X),(X),(X),(X),(X),(X),(X),(X),(X),(X),(X),(X),(X),(X),(X),(X),(X),(X),(X),(X),(X),(X),(X),(X),3.2,(X),(X),(X),(X),(X),5.1,(X),(X),(X),(X),(X)
5001100US0612,0612,"Congressional District 12 (111th Congress), California",508661,2754,33768,972,474893,2817,(X),(X),4.0,0.7,(X),(X),(X),(X),8.1,1.0,(X),(X),(X),(X),31.8,1.5,(X),(X),(X),(X),15.3,1.2,(X),(X),(X),(X),19.3,1.2,(X),(X),48.8,0.3,94.5,0.9,45.6,0.3,51.2,0.3,5.5,0.9,54.4,0.3,27.8,0.3,4.3,0.9,29.4,0.3,39.4,0.3,20.3,1.7,40.7,0.4,15.1,0.2,25.2,1.5,14.3,0.3,8.5,0.2,20.7,1.5,7.6,0.2,9.3,0.2,29.4,1.5,7.9,0.2,97.6,0.2,97.7,0.5,97.6,0.2,55.0,0.4,75.4,1.6,53.6,0.5,2.5,0.2,3.8,0.7,2.4,0.2,0.3,0.1,0.6,0.3,0.3,0.1,33.7,0.4,15.2,1.4,35.0,0.4,1.0,0.1,0.8,0.4,1.0,0.1,5.0,0.3,1.9,0.6,5.2,0.3,2.4,0.2,2.3,0.5,2.4,0.2,14.8,0.3,8.8,1.0,15.2,0.3,46.0,0.3,69.3,1.6,44.3,0.4,40004,565,46627,2101,39292,643,(X),(X),47067,2105,47238,1189,(X),(X),42275,6052,32435,686,458834,2672,33649,967,425185,2669,10.1,0.4,7.1,1.1,10.3,0.4,17.3,0.5,20.3,1.4,17.0,0.5,26.6,0.5,33.5,1.6,26.1,0.5,46.1,0.5,39.0,1.7,46.6,0.6,418141,2562,16840,837,401301,2601,80.3,0.5,76.0,2.0,80.4,0.5,335563,2512,12793,828,322770,2602,5.8,0.3,6.6,1.6,5.8,0.3,(X),(X),(X),(X),(X),(X),(X),(X),(X),(X),(X),(X),(X),(X),(X),(X),(X),(X),(X),(X),(X),(X),(X),(X),4.3,(X),(X),(X),(X),(X),6.8,(X),(X),(X),(X),(X)
5001100US0613,0613,"Congressional District 13 (111th Congress), California",479545,2126,31989,1202,447556,2239,(X),(X),5.7,1.0,(X),(X),(X),(X),12.8,1.5,(X),(X),(X),(X),35.1,1.8,(X),(X),(X),(X),13.6,1.3,(X),(X),(X),(X),14.6,1.4,(X),(X),49.2,0.3,93.6,0.9,46.0,0.3,50.8,0.3,6.4,0.9,54.0,0.3,30.9,0.5,7.2,1.2,32.6,0.5,40.7,0.5,25.4,1.8,41.8,0.5,13.7,0.3,26.4,1.5,12.8,0.3,7.3,0.2,18.1,1.3,6.6,0.2,7.3,0.3,22.8,1.3,6.2,0.2,97.0,0.2,97.2,0.6,96.9,0.2,42.8,0.6,69.6,2.1,40.9,0.6,6.8,0.3,10.2,1.4,6.6,0.3,0.6,0.1,0.6,0.3,0.5,0.1,35.2,0.5,12.0,1.3,36.9,0.5,1.0,0.1,0.8,0.4,1.0,0.1,10.6,0.4,4.1,0.7,11.1,0.5,3.0,0.2,2.8,0.6,3.1,0.2,21.0,0.4,11.4,1.2,21.6,0.5,33.6,0.5,63.0,2.0,31.5,0.5,35072,658,43397,1124,34355,566,(X),(X),43253,1079,41865,773,(X),(X),47855,7897,28348,730,432796,2482,31475,1210,401321,2511,14.1,0.5,8.2,1.0,14.5,0.5,23.8,0.6,27.8,2.0,23.5,0.6,25.7,0.5,37.7,1.8,24.8,0.5,36.4,0.6,26.2,1.5,37.2,0.6,409298,2238,18911,987,390387,2394,78.8,0.5,79.7,2.2,78.8,0.5,322612,2674,15075,872,307537,2769,7.3,0.3,6.9,1.4,7.4,0.3,(X),(X),(X),(X),(X),(X),(X),(X),(X),(X),(X),(X),(X),(X),(X),(X),(X),(X),(X),(X),(X),(X),(X),(X),3.2,(X),(X),(X),(X),(X),6.7,(X),(X),(X),(X),(X)
5001100US0614,0614,"Congressional District 14 (111th Congress), California",486698,2614,33775,1190,452923,2619,(X),(X),3.7,0.8,(X),(X),(X),(X),7.1,1.0,(X),(X),(X),(X),33.4,1.6,(X),(X),(X),(X),15.1,1.3,(X),(X),(X),(X),21.4,1.4,(X),(X),50.8,0.4,93.7,0.9,47.6,0.5,49.2,0.4,6.3,0.9,52.4,0.5,29.5,0.4,3.7,0.8,31.4,0.4,40.2,0.4,19.2,1.7,41.7,0.5,14.1,0.3,23.9,1.1,13.4,0.3,8.2,0.2,21.4,1.3,7.2,0.2,8.0,0.3,31.7,1.6,6.2,0.3,98.1,0.2,98.8,0.4,98.0,0.2,68.2,0.6,86.7,1.2,66.8,0.6,3.0,0.2,5.4,1.0,2.8,0.2,0.4,0.1,0.7,0.3,0.4,0.1,19.9,0.4,4.7,0.7,21.1,0.5,0.6,0.1,0.3,0.2,0.7,0.1,5.9,0.4,1.0,0.4,6.2,0.5,1.9,0.2,1.2,0.4,2.0,0.2,16.8,0.5,5.2,0.8,17.6,0.5,57.8,0.6,82.8,1.3,55.9,0.6,42702,790,51533,2787,41849,864,(X),(X),52924,2466,56518,1836,(X),(X),33429,10077,31793,752,433485,2384,33474,1203,400011,2312,9.8,0.4,4.3,0.7,10.2,0.5,12.9,0.5,15.4,1.4,12.7,0.5,21.3,0.5,31.2,1.7,20.4,0.5,56.1,0.7,49.2,1.9,56.7,0.7,407895,2745,15820,937,392075,2685,77.4,0.5,76.3,2.9,77.4,0.4,315642,2575,12077,759,303565,2493,5.8,0.3,6.9,1.7,5.8,0.3,(X),(X),(X),(X),(X),(X),(X),(X),(X),(X),(X),(X),(X),(X),(X),(X),(X),(X),(X),(X),(X),(X),(X),(X),3.0,(X),(X),(X),(X),(X),5.1,(X),(X),(X),(X),(X)
5001100US0615,0615,"Congressional District 15 (111th Congress), California",499800,2741,30283,1074,469517,2795,(X),(X),4.3,0.8,(X),(X),(X),(X),9.3,1.2,(X),(X),(X),(X),35.3,1.7,(X),(X),(X),(X),17.4,1.4,(X),(X),(X),(X),14.0,1.1,(X),(X),50.3,0.3,94.6,0.9,47.4,0.3,49.7,0.3,5.4,0.9,52.6,0.3,31.0,0.4,5.0,1.0,32.6,0.5,42.2,0.5,22.5,1.6,43.5,0.5,12.8,0.3,26.7,1.5,11.9,0.3,7.1,0.2,21.2,1.3,6.2,0.2,6.9,0.2,24.6,1.3,5.8,0.2,97.7,0.2,98.2,0.4,97.7,0.2,52.4,0.5,80.0,1.4,50.6,0.6,2.5,0.2,3.4,0.6,2.5,0.2,0.5,0.1,1.0,0.4,0.5,0.1,34.4,0.4,10.2,1.0,36.0,0.4,0.3,0.1,0.3,0.2,0.3,0.1,7.6,0.4,3.3,0.7,7.8,0.4,2.3,0.2,1.8,0.4,2.3,0.2,16.8,0.4,11.1,1.5,17.2,0.4,43.9,0.4,73.2,1.8,42.0,0.4,39471,610,48328,1682,38750,664,(X),(X),48929,1809,50869,1268,(X),(X),40388,5617,29524,797,446501,2901,29884,1073,416617,3028,11.4,0.5,6.5,1.0,11.8,0.5,17.0,0.4,17.3,1.4,16.9,0.4,26.5,0.4,37.7,1.6,25.7,0.4,45.1,0.6,38.5,1.8,45.6,0.7,429529,2725,16419,822,413110,2734,78.0,0.5,75.7,2.5,78.1,0.5,335238,2903,12435,735,322803,2826,6.9,0.4,7.3,1.7,6.9,0.4,(X),(X),(X),(X),(X),(X),(X),(X),(X),(X),(X),(X),(X),(X),(X),(X),(X),(X),(X),(X),(X),(X),(X),(X),3.3,(X),(X),(X),(X),(X),6.3,(X),(X),(X),(X),(X)
5001100US0616,0616,"Congressional District 16 (111th Congress), California",492240,3068,26466,1118,465774,3119,(X),(X),6.1,1.3,(X),(X),(X),(X),12.6,1.4,(X),(X),(X),(X),34.6,1.9,(X),(X),(X),(X),13.1,1.2,(X),(X),(X),(X),12.1,1.3,(X),(X),51.5,0.3,95.3,0.8,49.0,0.4,48.5,0.3,4.7,0.8,51.0,0.4,35.8,0.4,7.7,1.3,37.4,0.4,39.7,0.5,26.5,1.9,40.5,0.5,12.0,0.3,25.2,1.6,11.3,0.3,6.8,0.2,20.6,1.5,6.1,0.2,5.6,0.2,20.1,1.6,4.8,0.2,97.8,0.2,97.1,0.8,97.8,0.2,51.0,0.7,71.7,2.1,49.8,0.7,3.1,0.2,5.9,1.0,2.9,0.2,0.6,0.1,1.0,0.5,0.6,0.1,28.3,0.4,10.6,1.2,29.3,0.4,0.4,0.1,0.8,0.3,0.4,0.1,14.3,0.6,7.1,1.2,14.8,0.6,2.2,0.2,2.9,0.8,2.2,0.2,35.4,0.4,22.1,2.0,36.1,0.4,31.2,0.4,58.6,2.4,29.7,0.4,31607,461,45755,1797,30799,473,(X),(X),46123,1908,37546,909,(X),(X),35357,9287,23899,631,427479,2815,26076,1089,401403,2941,21.1,0.5,8.7,1.1,21.9,0.6,21.4,0.6,22.2,1.8,21.3,0.6,26.0,0.5,39.5,2.0,25.2,0.5,31.5,0.5,29.7,1.8,31.6,0.5,430784,3118,15719,920,415065,3069,76.8,0.5,77.6,2.7,76.8,0.4,330905,2872,12200,817,318705,2751,7.8,0.4,7.2,1.6,7.8,0.4,(X),(X),(X),(X),(X),(X),(X),(X),(X),(X),(X),(X),(X),(X),(X),(X),(X),(X),(X),(X),(X),(X),(X),(X),3.9,(X),(X),(X),(X),(X),7.5,(X),(X),(X),(X),(X)
5001100US0617,0617,"Congressional District 17 (111th Congress), California",469485,1135,36133,961,433352,1404,(X),(X),6.5,1.0,(X),(X),(X),(X),12.3,1.2,(X),(X),(X),(X),37.0,1.5,(X),(X),(X),(X),14.0,1.0,(X),(X),(X),(X),15.4,0.9,(X),(X),50.9,0.1,92.8,0.9,47.4,0.2,49.1,0.1,7.2,0.9,52.6,0.2,35.4,0.2,7.3,1.1,37.8,0.2,37.1,0.2,23.3,1.5,38.2,0.2,13.5,0.1,26.8,1.3,12.4,0.2,6.9,0.1,18.6,1.1,6.0,0.1,7.0,0.1,23.9,1.0,5.6,0.1,97.0,0.2,96.3,0.6,97.0,0.2,72.8,0.6,81.4,1.3,72.0,0.7,2.7,0.1,4.8,0.8,2.6,0.1,0.7,0.1,0.8,0.3,0.7,0.1,6.0,0.1,5.3,0.7,6.1,0.2,0.3,0.1,0.6,0.3,0.3,0.1,14.4,0.6,3.6,0.6,15.3,0.7,3.0,0.2,3.7,0.6,3.0,0.2,41.2,0.1,13.3,1.2,43.5,0.2,47.4,0.2,73.2,1.4,45.2,0.2,24978,362,44282,1654,23609,322,(X),(X),45270,1881,27267,557,(X),(X),33053,5182,20362,478,389032,924,35689,935,353343,1230,26.1,0.6,6.5,0.8,28.1,0.6,20.1,0.4,18.9,1.3,20.3,0.4,27.2,0.5,38.2,1.7,26.1,0.6,26.5,0.5,36.4,1.8,25.5,0.5,404077,1138,20756,858,383321,1340,75.9,0.6,76.4,2.2,75.9,0.6,306867,2603,15852,850,291015,2446,8.9,0.5,4.8,1.2,9.1,0.5,(X),(X),(X),(X),(X),(X),(X),(X),(X),(X),(X),(X),(X),(X),(X),(X),(X),(X),(X),(X),(X),(X),(X),(X),2.9,(X),(X),(X),(X),(X),5.0,(X),(X),(X),(X),(X)
5001100US0618,0618,"Congressional District 18 (111th Congress), California",473674,3395,35563,1349,438111,3301,(X),(X),7.3,1.0,(X),(X),(X),(X),13.6,1.4,(X),(X),(X),(X),34.5,1.7,(X),(X),(X),(X),13.7,1.0,(X),(X),(X),(X),11.3,0.8,(X),(X),50.0,0.3,93.3,0.9,46.5,0.3,50.0,0.3,6.7,0.9,53.5,0.3,36.8,0.3,10.1,1.2,38.9,0.4,37.7,0.3,28.0,1.9,38.5,0.3,12.0,0.2,25.4,1.6,11.0,0.2,7.2,0.2,17.4,1.0,6.4,0.2,6.3,0.2,19.1,1.0,5.3,0.2,97.1,0.2,96.4,0.8,97.1,0.2,64.5,0.6,77.0,1.3,63.5,0.7,5.8,0.2,6.8,0.8,5.7,0.2,1.1,0.1,1.9,0.5,1.0,0.1,9.4,0.3,4.2,0.8,9.8,0.3,0.5,0.1,0.5,0.3,0.4,0.1,15.9,0.6,6.1,0.8,16.7,0.6,2.9,0.2,3.6,0.8,2.9,0.2,44.4,0.4,19.3,1.4,46.5,0.5,37.9,0.4,65.1,1.7,35.7,0.4,19926,253,33219,1373,18962,293,(X),(X),33991,1621,23755,584,(X),(X),26132,3479,15121,299,399752,2961,34722,1281,365030,3022,33.8,0.7,12.8,1.1,35.8,0.7,27.1,0.6,27.4,1.5,27.1,0.7,28.4,0.6,44.2,1.7,26.9,0.6,10.7,0.4,15.7,1.2,10.3,0.4,409632,3242,22570,1134,387062,3153,69.4,0.5,72.8,2.1,69.2,0.6,284254,2670,16430,953,267824,2629,13.1,0.6,7.7,1.6,13.4,0.6,(X),(X),(X),(X),(X),(X),(X),(X),(X),(X),(X),(X),(X),(X),(X),(X),(X),(X),(X),(X),(X),(X),(X),(X),3.0,(X),(X),(X),(X),(X),5.7,(X),(X),(X),(X),(X)
5001100US0619,0619,"Congressional District 19 (111th Congress), California",533886,3135,47712,1322,486174,3692,(X),(X),5.4,0.8,(X),(X),(X),(X),11.3,1.2,(X),(X),(X),(X),35.1,1.4,(X),(X),(X),(X),13.5,1.0,(X),(X),(X),(X),14.3,0.9,(X),(X),48.8,0.3,94.6,0.6,44.3,0.3,51.2,0.3,5.4,0.6,55.7,0.3,32.5,0.3,7.7,1.0,34.9,0.4,37.4,0.4,23.5,1.4,38.8,0.4,14.3,0.2,26.8,1.3,13.1,0.2,8.3,0.1,20.5,0.9,7.2,0.2,7.4,0.2,21.5,1.0,6.0,0.2,97.4,0.2,98.1,0.4,97.3,0.2,77.7,0.5,87.5,1.0,76.7,0.5,3.6,0.2,3.3,0.6,3.6,0.2,1.2,0.1,1.0,0.3,1.2,0.2,5.5,0.2,1.9,0.4,5.8,0.3,0.3,0.1,0.2,0.1,0.3,0.1,9.2,0.4,4.2,0.7,9.7,0.4,2.6,0.2,1.9,0.4,2.7,0.2,29.6,0.4,12.2,1.1,31.3,0.4,58.7,0.4,80.3,1.2,56.6,0.4,25476,336,39540,1183,24152,338,(X),(X),40232,1192,30254,681,(X),(X),28866,3961,19911,412,461284,2943,47084,1329,414200,3421,19.8,0.5,9.1,0.8,21.0,0.5,26.0,0.6,23.7,1.6,26.3,0.6,32.9,0.6,41.6,1.7,31.9,0.6,21.3,0.4,25.7,1.2,20.8,0.5,449715,2987,27660,1125,422055,3598,73.2,0.5,74.4,1.9,73.1,0.5,329122,3233,20567,1003,308555,3432,8.7,0.4,5.8,1.2,8.8,0.4,(X),(X),(X),(X),(X),(X),(X),(X),(X),(X),(X),(X),(X),(X),(X),(X),(X),(X),(X),(X),(X),(X),(X),(X),2.4,(X),(X),(X),(X),(X),5.0,(X),(X),(X),(X),(X)
5001100US0620,0620,"Congressional District 20 (111th Congress), California",459344,3692,27938,1125,431406,3564,(X),(X),13.7,1.8,(X),(X),(X),(X),17.5,2.0,(X),(X),(X),(X),31.0,1.9,(X),(X),(X),(X),9.2,1.1,(X),(X),(X),(X),10.6,1.1,(X),(X),55.2,0.3,94.2,0.9,52.6,0.3,44.8,0.3,5.8,0.9,47.4,0.3,41.6,0.4,14.8,1.5,43.3,0.4,37.1,0.4,32.0,2.1,37.4,0.4,10.3,0.2,22.2,1.5,9.5,0.2,6.1,0.2,14.7,1.2,5.5,0.2,5.0,0.2,16.2,1.5,4.2,0.2,97.9,0.2,97.8,0.6,97.9,0.2,57.9,0.7,67.1,2.0,57.3,0.7,7.3,0.3,13.3,1.7,6.9,0.3,1.1,0.1,1.5,0.4,1.1,0.1,5.5,0.3,4.3,0.7,5.6,0.3,0.1,0.1,0.3,0.2,0.1,0.1,26.0,0.7,11.5,1.5,26.9,0.7,2.1,0.2,2.2,0.6,2.1,0.2,64.1,0.5,28.1,2.0,66.5,0.5,21.6,0.4,52.0,2.1,19.6,0.4,16301,266,31813,1675,15653,271,(X),(X),32709,1556,18475,385,(X),(X),19286,4977,12683,313,378701,3078,26807,1082,351894,2920,45.1,0.6,16.2,1.7,47.3,0.6,25.6,0.6,28.7,1.9,25.4,0.7,22.2,0.5,42.3,2.0,20.6,0.5,7.1,0.4,12.9,1.3,6.6,0.4,408498,3504,19284,995,389214,3381,63.9,0.7,64.7,2.6,63.8,0.7,260960,3252,12478,833,248482,3273,13.7,0.5,9.1,2.1,13.9,0.6,(X),(X),(X),(X),(X),(X),(X),(X),(X),(X),(X),(X),(X),(X),(X),(X),(X),(X),(X),(X),(X),(X),(X),(X),3.5,(X),(X),(X),(X),(X),8.3,(X),(X),(X),(X),(X)
5001100US0621,0621,"Congressional District 21 (111th Congress), California",509216,2733,39366,1069,469850,2840,(X),(X),6.7,0.9,(X),(X),(X),(X),10.2,1.1,(X),(X),(X),(X),36.7,1.5,(X),(X),(X),(X),12.5,0.9,(X),(X),(X),(X),12.7,1.0,(X),(X),49.3,0.2,94.0,0.8,45.6,0.3,50.7,0.2,6.0,0.8,54.4,0.3,35.8,0.3,8.0,0.9,38.1,0.3,36.9,0.3,24.4,1.4,37.9,0.3,12.8,0.2,28.2,1.2,11.6,0.2,7.5,0.1,18.6,1.0,6.6,0.1,7.0,0.2,20.7,1.0,5.8,0.2,97.5,0.2,97.8,0.4,97.4,0.2,73.0,0.6,83.7,1.2,72.2,0.6,2.3,0.1,2.8,0.7,2.3,0.1,1.2,0.1,1.3,0.3,1.2,0.1,6.3,0.2,3.0,0.5,6.6,0.2,0.1,0.1,0.1,0.1,0.1,0.1,14.5,0.5,7.0,1.0,15.1,0.5,2.5,0.2,2.2,0.4,2.6,0.2,42.8,0.4,18.0,1.5,44.9,0.4,46.2,0.3,73.4,1.5,43.9,0.3,21552,304,36581,1412,20514,333,(X),(X),37228,1503,25226,601,(X),(X),26839,4208,16927,358,429374,2270,38721,1060,390653,2358,27.0,0.5,10.9,1.1,28.6,0.6,24.4,0.5,25.0,1.5,24.3,0.5,31.0,0.5,42.8,1.3,29.8,0.6,17.6,0.4,21.4,1.1,17.2,0.4,435454,2613,23872,932,411582,2737,73.0,0.6,73.0,2.1,73.0,0.6,318051,2831,17437,703,300614,2887,9.4,0.4,7.4,1.5,9.5,0.4,(X),(X),(X),(X),(X),(X),(X),(X),(X),(X),(X),(X),(X),(X),(X),(X),(X),(X),(X),(X),(X),(X),(X),(X),3.0,(X),(X),(X),(X),(X),6.8,(X),(X),(X),(X),(X)
5001100US0622,0622,"Congressional District 22 (111th Congress), California",534480,3125,60117,1622,474363,3440,(X),(X),9.8,1.0,(X),(X),(X),(X),15.3,1.3,(X),(X),(X),(X),34.3,1.4,(X),(X),(X),(X),12.2,0.7,(X),(X),(X),(X),10.9,0.6,(X),(X),50.5,0.3,93.3,0.7,45.1,0.3,49.5,0.3,6.7,0.7,54.9,0.3,31.8,0.3,10.9,1.1,34.4,0.4,39.7,0.3,28.8,1.2,41.1,0.4,13.8,0.2,24.7,1.1,12.4,0.2,8.0,0.2,17.7,0.8,6.8,0.2,6.7,0.2,17.8,0.8,5.3,0.2,97.2,0.2,97.1,0.4,97.2,0.2,74.1,0.5,84.4,1.1,72.8,0.5,5.7,0.2,5.5,0.7,5.8,0.2,1.1,0.1,1.1,0.3,1.1,0.1,3.8,0.2,1.9,0.4,4.0,0.2,0.1,0.1,0.1,0.1,0.1,0.1,12.4,0.4,4.2,0.6,13.4,0.5,2.8,0.2,2.9,0.4,2.8,0.2,25.2,0.4,10.6,0.9,27.0,0.4,62.5,0.4,78.9,1.1,60.5,0.4,26126,333,40948,1243,24247,383,(X),(X),41674,1351,32963,768,(X),(X),32796,4376,19195,379,458052,2635,58614,1572,399438,2832,18.3,0.6,7.8,0.6,19.8,0.6,27.4,0.5,24.6,1.2,27.8,0.6,34.3,0.6,44.9,1.6,32.8,0.6,20.0,0.4,22.7,1.0,19.7,0.4,455865,3094,38772,1412,417093,3349,69.6,0.5,74.7,1.4,69.1,0.6,317136,3188,28945,1269,288191,3278,8.0,0.3,5.9,1.0,8.2,0.3,(X),(X),(X),(X),(X),(X),(X),(X),(X),(X),(X),(X),(X),(X),(X),(X),(X),(X),(X),(X),(X),(X),(X),(X),2.5,(X),(X),(X),(X),(X),4.7,(X),(X),(X),(X),(X)
5001100US0623,0623,"Congressional District 23 (111th Congress), California",498614,2624,42125,1564,456489,2804,(X),(X),9.4,1.2,(X),(X),(X),(X),13.2,1.2,(X),(X),(X),(X),32.0,1.3,(X),(X),(X),(X),17.0,1.0,(X),(X),(X),(X),17.6,1.1,(X),(X),50.3,0.2,94.1,0.7,46.2,0.3,49.7,0.2,5.9,0.7,53.8,0.3,38.0,0.4,9.4,1.1,40.7,0.4,33.3,0.4,21.3,1.5,34.4,0.4,12.7,0.2,22.1,1.1,11.9,0.2,7.6,0.2,20.2,1.0,6.5,0.2,8.3,0.2,27.1,1.1,6.6,0.2,97.3,0.2,97.8,0.5,97.2,0.2,73.5,0.6,83.3,1.4,72.6,0.6,2.1,0.2,3.8,0.6,1.9,0.2,1.4,0.2,1.1,0.4,1.4,0.2,6.1,0.2,4.9,0.7,6.2,0.2,0.2,0.1,0.2,0.1,0.2,0.1,13.9,0.5,4.6,0.7,14.8,0.5,2.7,0.2,2.2,0.5,2.8,0.2,38.8,0.3,14.1,1.3,41.1,0.4,51.0,0.4,74.9,1.5,48.8,0.4,23328,405,41970,1662,21878,334,(X),(X),42729,1567,25483,598,(X),(X),26871,4758,18849,496,384913,2115,40752,1472,344161,2401,23.5,0.6,6.1,0.8,25.5,0.6,19.4,0.5,19.1,1.1,19.4,0.6,29.7,0.6,40.0,1.4,28.5,0.6,27.4,0.5,34.8,1.6,26.5,0.6,418928,2447,22207,1177,396721,2450,75.0,0.5,79.3,1.9,74.7,0.6,314113,2549,17621,986,296492,2502,6.7,0.4,5.4,1.3,6.8,0.4,(X),(X),(X),(X),(X),(X),(X),(X),(X),(X),(X),(X),(X),(X),(X),(X),(X),(X),(X),(X),(X),(X),(X),(X),3.0,(X),(X),(X),(X),(X),5.3,(X),(X),(X),(X),(X)
5001100US0624,0624,"Congressional District 24 (111th Congress), California",490408,2196,48715,1112,441693,2354,(X),(X),5.9,0.8,(X),(X),(X),(X),11.4,0.9,(X),(X),(X),(X),37.1,1.4,(X),(X),(X),(X),14.8,0.8,(X),(X),(X),(X),14.6,0.8,(X),(X),49.1,0.2,94.2,0.6,44.1,0.3,50.9,0.2,5.8,0.6,55.9,0.3,26.6,0.3,6.0,0.8,28.9,0.4,41.3,0.3,23.3,1.4,43.3,0.3,15.3,0.2,27.5,1.4,13.9,0.2,8.7,0.1,20.2,1.0,7.5,0.1,8.0,0.2,23.1,1.0,6.3,0.2,97.8,0.2,98.5,0.4,97.7,0.2,76.9,0.5,87.8,0.9,75.8,0.5,1.6,0.1,3.0,0.6,1.5,0.1,0.7,0.1,0.8,0.2,0.7,0.1,6.1,0.2,2.3,0.4,6.5,0.2,0.2,0.1,0.4,0.2,0.2,0.1,12.3,0.5,4.2,0.7,13.2,0.5,2.2,0.2,1.5,0.4,2.3,0.2,23.2,0.3,10.3,1.0,24.6,0.4,67.2,0.4,82.0,1.1,65.6,0.4,34531,508,50243,1222,32422,493,(X),(X),51161,1201,44168,1002,(X),(X),32774,4819,24871,576,430136,2014,48074,1099,382062,2133,12.2,0.4,4.3,0.6,13.2,0.4,20.6,0.5,18.7,1.2,20.8,0.5,33.4,0.5,41.7,1.5,32.3,0.5,33.9,0.5,35.2,1.5,33.7,0.5,408331,2023,27635,1003,380696,2166,78.3,0.5,80.3,1.5,78.1,0.5,319694,2683,22182,916,297512,2662,5.4,0.3,4.2,1.0,5.5,0.3,(X),(X),(X),(X),(X),(X),(X),(X),(X),(X),(X),(X),(X),(X),(X),(X),(X),(X),(X),(X),(X),(X),(X),(X),2.4,(X),(X),(X),(X),(X),3.8,(X),(X),(X),(X),(X)
5001100US0625,0625,"Congressional District 25 (111th Congress), California",535381,3056,48294,1550,487087,2924,(X),(X),9.1,1.0,(X),(X),(X),(X),15.4,1.2,(X),(X),(X),(X),37.4,1.4,(X),(X),(X),(X),10.5,0.9,(X),(X),(X),(X),8.2,0.8,(X),(X),50.0,0.3,92.5,0.9,45.8,0.3,50.0,0.3,7.5,0.9,54.2,0.3,33.1,0.5,10.6,1.2,35.3,0.5,42.7,0.5,30.9,1.4,43.9,0.5,12.7,0.3,28.2,1.3,11.1,0.3,6.7,0.2,16.2,1.1,5.7,0.2,4.8,0.2,14.0,1.0,3.9,0.2,96.9,0.2,97.1,0.5,96.9,0.2,65.8,0.7,78.0,1.3,64.6,0.7,8.7,0.5,10.3,1.1,8.6,0.5,1.2,0.1,1.2,0.4,1.2,0.1,5.8,0.3,2.6,0.5,6.2,0.3,0.2,0.1,0.3,0.2,0.2,0.1,15.1,0.6,4.7,0.8,16.1,0.7,3.1,0.2,2.9,0.5,3.1,0.2,32.9,0.6,14.0,1.2,34.8,0.7,49.6,0.6,69.4,1.5,47.6,0.6,27324,444,43780,1106,25939,461,(X),(X),44390,1231,34055,924,(X),(X),37703,4762,20469,452,461312,3247,47192,1557,414120,3029,19.2,0.5,7.7,0.8,20.5,0.6,26.9,0.5,25.6,1.3,27.1,0.5,33.1,0.6,45.1,1.6,31.7,0.6,20.8,0.5,21.5,1.2,20.7,0.6,473864,2960,33680,1320,440184,2833,72.0,0.5,76.0,1.7,71.7,0.6,341142,3333,25601,1015,315541,3460,8.5,0.4,5.6,1.0,8.8,0.4,(X),(X),(X),(X),(X),(X),(X),(X),(X),(X),(X),(X),(X),(X),(X),(X),(X),(X),(X),(X),(X),(X),(X),(X),3.0,(X),(X),(X),(X),(X),5.8,(X),(X),(X),(X),(X)
5001100US0626,0626,"Congressional District 26 (111th Congress), California",521374,2540,38904,1423,482470,2623,(X),(X),5.5,0.9,(X),(X),(X),(X),9.9,1.3,(X),(X),(X),(X),33.7,1.5,(X),(X),(X),(X),12.4,1.0,(X),(X),(X),(X),15.0,1.2,(X),(X),48.0,0.4,94.8,1.0,44.2,0.4,52.0,0.4,5.2,1.0,55.8,0.4,29.2,0.5,8.5,1.2,30.8,0.5,41.1,0.5,23.9,1.7,42.4,0.5,14.4,0.3,26.3,1.5,13.4,0.3,8.2,0.3,18.7,1.4,7.4,0.3,7.2,0.2,22.6,1.3,6.0,0.2,97.3,0.2,97.8,0.6,97.2,0.3,61.9,0.7,80.7,1.5,60.4,0.7,4.5,0.3,6.5,1.0,4.3,0.3,0.8,0.2,0.5,0.3,0.8,0.2,18.1,0.4,4.4,0.7,19.2,0.4,0.3,0.1,0.3,0.2,0.3,0.1,11.8,0.5,5.3,0.8,12.3,0.6,2.7,0.2,2.2,0.6,2.8,0.3,26.2,0.5,15.8,1.4,27.1,0.6,49.2,0.6,71.2,1.8,47.5,0.6,34070,542,48284,1832,32931,552,(X),(X),49342,1789,43083,825,(X),(X),25299,4019,25861,610,453169,2639,38354,1379,414815,2583,10.9,0.4,5.8,0.8,11.4,0.4,20.4,0.5,19.7,1.3,20.5,0.6,32.4,0.6,40.7,2.0,31.7,0.6,36.2,0.6,33.8,1.9,36.4,0.6,441060,2480,22829,1339,418231,2568,77.4,0.4,79.6,2.2,77.2,0.4,341178,2431,18165,1139,323013,2302,6.2,0.3,6.0,1.3,6.3,0.3,(X),(X),(X),(X),(X),(X),(X),(X),(X),(X),(X),(X),(X),(X),(X),(X),(X),(X),(X),(X),(X),(X),(X),(X),3.1,(X),(X),(X),(X),(X),5.2,(X),(X),(X),(X),(X)
5001100US0627,0627,"Congressional District 27 (111th Congress), California",507570,4630,27096,959,480474,4585,(X),(X),5.3,0.9,(X),(X),(X),(X),11.2,1.4,(X),(X),(X),(X),30.3,1.8,(X),(X),(X),(X),14.0,1.1,(X),(X),(X),(X),18.5,1.3,(X),(X),49.1,0.4,93.7,0.9,46.5,0.4,50.9,0.4,6.3,0.9,53.5,0.4,32.9,0.5,8.6,1.2,34.2,0.5,39.3,0.5,20.5,1.6,40.3,0.6,13.3,0.3,24.0,1.8,12.7,0.3,7.3,0.3,19.7,1.5,6.6,0.2,7.3,0.3,27.1,1.6,6.1,0.3,97.7,0.2,98.3,0.5,97.7,0.2,58.8,0.7,81.1,1.7,57.5,0.7,4.5,0.3,6.5,1.1,4.4,0.3,0.4,0.1,0.4,0.2,0.4,0.1,13.0,0.4,4.3,0.8,13.5,0.4,0.2,0.1,0.2,0.2,0.2,0.1,20.9,0.7,5.9,1.1,21.8,0.7,2.3,0.2,1.7,0.5,2.3,0.2,36.4,0.6,13.9,1.3,37.7,0.6,44.6,0.5,73.9,1.8,42.9,0.5,27421,401,39802,2014,26840,379,(X),(X),40344,2247,30664,588,(X),(X),33313,4224,23339,478,444721,4048,26841,975,417880,3988,19.7,0.6,6.4,1.1,20.5,0.6,22.8,0.6,22.5,1.8,22.9,0.6,28.2,0.6,41.5,2.0,27.4,0.6,29.2,0.7,29.6,1.9,29.2,0.7,433461,4180,14401,707,419060,4268,78.1,0.5,79.5,2.2,78.1,0.5,338682,3110,11449,688,327233,3142,6.4,0.3,6.3,1.6,6.4,0.3,(X),(X),(X),(X),(X),(X),(X),(X),(X),(X),(X),(X),(X),(X),(X),(X),(X),(X),(X),(X),(X),(X),(X),(X),2.9,(X),(X),(X),(X),(X),6.5,(X),(X),(X),(X),(X)
5001100US0628,0628,"Congressional District 28 (111th Congress), California",482199,4420,18613,965,463586,4153,(X),(X),7.4,1.4,(X),(X),(X),(X),11.8,2.1,(X),(X),(X),(X),23.4,1.8,(X),(X),(X),(X),12.6,1.5,(X),(X),(X),(X),20.0,2.0,(X),(X),49.9,0.4,95.0,1.1,48.1,0.4,50.1,0.4,5.0,1.1,51.9,0.4,37.4,0.6,11.0,1.8,38.5,0.6,38.9,0.4,20.2,2.4,39.6,0.5,11.1,0.3,18.1,1.8,10.8,0.3,6.5,0.2,21.6,2.0,5.9,0.2,6.1,0.3,29.1,2.4,5.2,0.3,97.9,0.2,98.0,0.8,97.9,0.2,57.4,0.9,77.0,2.3,56.6,0.9,3.8,0.3,8.1,1.6,3.6,0.3,0.5,0.1,1.1,0.5,0.5,0.1,7.6,0.4,3.5,0.7,7.8,0.4,0.2,0.1,0.6,0.5,0.2,0.1,28.5,0.8,7.7,1.5,29.3,0.8,2.1,0.2,2.0,0.8,2.1,0.2,51.5,0.6,16.8,2.3,52.9,0.6,35.7,0.6,69.5,2.7,34.3,0.6,23884,414,36503,1713,23361,422,(X),(X),36797,1903,27015,480,(X),(X),31577,6112,19566,445,418366,4058,18261,963,400105,3716,29.6,0.7,7.7,1.2,30.6,0.7,20.6,0.6,21.7,2.6,20.5,0.6,23.1,0.5,37.8,2.6,22.4,0.6,26.7,0.6,32.8,2.5,26.5,0.6,421179,4121,9182,626,411997,4055,78.1,0.5,81.2,3.1,78.0,0.5,328984,3964,7459,570,321525,3962,8.2,0.4,8.9,2.4,8.2,0.4,(X),(X),(X),(X),(X),(X),(X),(X),(X),(X),(X),(X),(X),(X),(X),(X),(X),(X),(X),(X),(X),(X),(X),(X),3.0,(X),(X),(X),(X),(X),6.2,(X),(X),(X),(X),(X)
5001100US0629,0629,"Congressional District 29 (111th Congress), California",518990,2628,23762,990,495228,2880,(X),(X),6.0,1.3,(X),(X),(X),(X),11.1,1.4,(X),(X),(X),(X),27.3,2.0,(X),(X),(X),(X),15.5,1.3,(X),(X),(X),(X),18.0,1.5,(X),(X),47.4,0.4,93.9,1.0,45.2,0.4,52.6,0.4,6.1,1.0,54.8,0.4,29.5,0.4,9.7,1.3,30.5,0.5,39.2,0.5,20.2,2.0,40.2,0.5,13.5,0.4,19.9,1.8,13.1,0.4,8.9,0.3,21.4,1.9,8.3,0.3,8.9,0.3,28.7,1.8,8.0,0.4,98.2,0.2,97.3,0.8,98.2,0.2,55.2,0.5,70.2,2.3,54.5,0.5,5.3,0.3,11.7,1.7,5.0,0.3,0.3,0.1,0.7,0.5,0.3,0.1,27.0,0.5,8.7,1.2,27.9,0.5,0.2,0.1,0.5,0.3,0.2,0.1,10.1,0.4,5.5,1.2,10.4,0.4,1.8,0.2,2.7,0.8,1.8,0.2,22.9,0.6,16.7,1.8,23.2,0.6,43.2,0.5,60.2,2.4,42.4,0.5,27596,505,42012,2043,26942,422,(X),(X),42513,2057,32255,694,(X),(X),38101,4596,22825,634,465266,3071,23493,985,441773,3202,16.7,0.5,5.9,0.9,17.3,0.5,20.3,0.6,18.7,1.9,20.3,0.6,25.2,0.6,36.4,2.1,24.6,0.6,37.8,0.6,39.0,2.1,37.7,0.6,426591,2501,11844,803,414747,2607,76.6,0.5,79.4,2.7,76.5,0.5,326795,2823,9400,716,317395,2867,6.6,0.3,8.5,2.1,6.6,0.3,(X),(X),(X),(X),(X),(X),(X),(X),(X),(X),(X),(X),(X),(X),(X),(X),(X),(X),(X),(X),(X),(X),(X),(X),3.0,(X),(X),(X),(X),(X),6.1,(X),(X),(X),(X),(X)
5001100US0630,0630,"Congressional District 30 (111th Congress), California",542258,4644,34295,1376,507963,4651,(X),(X),3.5,0.8,(X),(X),(X),(X),6.1,1.0,(X),(X),(X),(X),28.6,1.8,(X),(X),(X),(X),16.6,1.4,(X),(X),(X),(X),23.3,1.8,(X),(X),48.2,0.4,94.7,0.9,45.1,0.4,51.8,0.4,5.3,0.9,54.9,0.4,30.4,0.5,4.6,1.0,32.2,0.5,36.8,0.6,14.6,1.8,38.3,0.6,14.5,0.3,22.3,1.6,13.9,0.3,8.4,0.2,22.5,1.6,7.5,0.2,9.9,0.3,36.0,1.8,8.1,0.4,97.8,0.2,98.0,0.5,97.8,0.2,80.2,0.5,89.0,1.3,79.6,0.5,3.1,0.3,5.1,1.0,3.0,0.3,0.3,0.1,0.3,0.2,0.3,0.1,10.2,0.4,2.2,0.6,10.8,0.4,0.1,0.1,0.0,0.1,0.1,0.1,4.0,0.3,1.4,0.5,4.1,0.3,2.2,0.2,2.0,0.5,2.2,0.2,8.8,0.4,4.1,0.7,9.1,0.4,75.9,0.5,86.5,1.5,75.1,0.5,42877,726,54278,2211,42146,695,(X),(X),55347,2603,55513,1243,(X),(X),34959,9800,32530,954,482339,4137,34107,1355,448232,4181,5.4,0.4,3.8,1.0,5.5,0.4,12.7,0.4,13.9,1.3,12.6,0.5,23.5,0.5,29.5,1.7,23.1,0.5,58.4,0.6,52.8,1.7,58.9,0.7,443051,4134,14228,1208,428823,4169,77.6,0.7,74.8,3.3,77.7,0.7,343936,3175,10640,815,333296,3351,6.1,0.4,5.6,1.3,6.2,0.4,(X),(X),(X),(X),(X),(X),(X),(X),(X),(X),(X),(X),(X),(X),(X),(X),(X),(X),(X),(X),(X),(X),(X),(X),2.3,(X),(X),(X),(X),(X),4.5,(X),(X),(X),(X),(X)
5001100US0631,0631,"Congressional District 31 (111th Congress), California",466487,4256,12558,1075,453929,3965,(X),(X),13.0,2.6,(X),(X),(X),(X),15.3,2.5,(X),(X),(X),(X),25.0,2.7,(X),(X),(X),(X),11.5,1.9,(X),(X),(X),(X),11.6,1.7,(X),(X),51.5,0.5,94.7,1.9,50.3,0.5,48.5,0.5,5.3,1.9,49.7,0.5,39.9,0.6,15.8,2.7,40.5,0.6,38.3,0.6,28.6,3.3,38.6,0.6,10.7,0.3,20.5,2.8,10.5,0.3,5.7,0.2,13.7,2.2,5.5,0.2,5.3,0.3,21.3,2.4,4.9,0.3,98.4,0.2,95.5,1.5,98.5,0.2,40.8,0.7,51.4,3.7,40.5,0.7,4.7,0.3,14.7,2.4,4.4,0.3,0.7,0.1,1.4,0.7,0.7,0.1,16.2,0.5,14.3,2.4,16.2,0.5,0.3,0.1,0.5,0.4,0.3,0.1,35.8,0.8,13.2,2.4,36.5,0.8,1.6,0.2,4.5,1.5,1.5,0.2,64.6,0.7,31.5,3.5,65.5,0.7,13.5,0.4,36.0,4.4,12.8,0.4,17348,242,26347,1893,17190,239,(X),(X),26993,1864,19588,430,(X),(X),17981,6160,14697,275,398099,3793,12109,1030,385990,3508,40.5,0.7,13.1,2.5,41.3,0.7,22.1,0.6,27.6,4.3,21.9,0.6,18.5,0.5,34.5,2.7,18.0,0.5,19.0,0.5,24.8,3.1,18.8,0.5,414949,4015,8155,915,406794,3830,76.2,0.6,73.0,5.4,76.2,0.6,316077,3557,5954,738,310123,3418,8.7,0.3,11.8,3.6,8.6,0.3,(X),(X),(X),(X),(X),(X),(X),(X),(X),(X),(X),(X),(X),(X),(X),(X),(X),(X),(X),(X),(X),(X),(X),(X),3.7,(X),(X),(X),(X),(X),10.1,(X),(X),(X),(X),(X)
5001100US0632,0632,"Congressional District 32 (111th Congress), California",470322,2935,20326,862,449996,2956,(X),(X),7.5,1.3,(X),(X),(X),(X),12.3,1.7,(X),(X),(X),(X),31.0,2.4,(X),(X),(X),(X),13.7,1.5,(X),(X),(X),(X),13.8,1.6,(X),(X),49.0,0.4,93.8,1.4,47.0,0.4,51.0,0.4,6.2,1.4,53.0,0.4,35.9,0.5,10.8,1.7,37.0,0.5,37.9,0.5,23.2,1.9,38.6,0.5,12.2,0.3,25.9,2.4,11.5,0.4,7.4,0.2,17.8,1.8,6.9,0.2,6.7,0.3,22.3,2.0,5.9,0.3,98.3,0.2,97.5,0.7,98.3,0.2,40.7,0.8,61.8,2.4,39.8,0.8,2.5,0.3,5.5,1.4,2.4,0.3,0.7,0.1,2.1,0.8,0.6,0.1,23.1,0.5,9.5,1.4,23.7,0.5,0.1,0.1,0.8,0.6,0.1,0.1,31.2,0.8,17.7,2.2,31.8,0.9,1.7,0.2,2.5,0.7,1.7,0.2,59.6,0.6,41.6,2.7,60.4,0.6,13.9,0.4,40.6,2.3,12.7,0.4,21282,275,34363,2635,20829,280,(X),(X),35109,2532,24911,554,(X),(X),26669,3702,16836,343,400357,3364,19955,850,380402,3459,33.7,0.6,12.0,1.6,34.8,0.6,25.9,0.6,29.3,2.0,25.8,0.6,24.0,0.5,39.5,2.5,23.2,0.5,16.4,0.5,19.2,1.8,16.2,0.5,404223,3045,12183,736,392040,3017,73.7,0.5,74.4,2.9,73.6,0.5,297783,3142,9063,577,288720,3083,7.9,0.5,9.0,2.1,7.8,0.5,(X),(X),(X),(X),(X),(X),(X),(X),(X),(X),(X),(X),(X),(X),(X),(X),(X),(X),(X),(X),(X),(X),(X),(X),3.3,(X),(X),(X),(X),(X),6.1,(X),(X),(X),(X),(X)
5001100US0633,0633,"Congressional District 33 (111th Congress), California",504024,5158,21779,970,482245,4966,(X),(X),6.6,1.4,(X),(X),(X),(X),11.4,1.9,(X),(X),(X),(X),28.3,2.3,(X),(X),(X),(X),14.3,1.6,(X),(X),(X),(X),14.5,1.8,(X),(X),48.2,0.4,92.6,1.3,46.2,0.5,51.8,0.4,7.4,1.3,53.8,0.5,38.3,0.6,9.1,1.5,39.6,0.6,36.9,0.5,22.5,2.0,37.5,0.5,11.8,0.3,23.0,2.0,11.3,0.3,6.8,0.2,21.0,1.6,6.1,0.2,6.3,0.2,24.5,2.3,5.4,0.2,97.7,0.2,97.8,0.8,97.7,0.2,36.7,0.7,30.1,1.9,37.0,0.7,27.0,0.5,54.3,2.2,25.8,0.5,0.5,0.1,1.6,0.8,0.4,0.1,14.0,0.5,7.6,1.1,14.3,0.5,0.2,0.1,0.2,0.2,0.2,0.1,19.3,0.7,4.0,1.0,20.0,0.7,2.3,0.2,2.2,0.8,2.3,0.2,32.1,0.7,8.0,1.3,33.2,0.7,24.9,0.5,26.4,1.8,24.9,0.5,23263,427,33903,2447,22749,429,(X),(X),34375,2484,25345,508,(X),(X),26938,9183,20636,499,432423,4157,21530,985,410893,3873,22.5,0.5,8.0,1.2,23.2,0.5,20.0,0.5,20.8,2.1,19.9,0.5,25.0,0.5,39.8,2.8,24.2,0.5,32.6,0.6,31.4,2.3,32.6,0.6,438277,4800,11873,914,426404,4735,76.4,0.6,74.6,3.1,76.5,0.6,334978,3737,8862,811,326116,3602,9.2,0.4,5.8,1.7,9.3,0.4,(X),(X),(X),(X),(X),(X),(X),(X),(X),(X),(X),(X),(X),(X),(X),(X),(X),(X),(X),(X),(X),(X),(X),(X),3.2,(X),(X),(X),(X),(X),6.7,(X),(X),(X),(X),(X)
5001100US0634,0634,"Congressional District 34 (111th Congress), California",443805,4205,15294,974,428511,4080,(X),(X),9.3,2.0,(X),(X),(X),(X),15.2,2.4,(X),(X),(X),(X),31.2,2.8,(X),(X),(X),(X),9.7,1.4,(X),(X),(X),(X),13.6,1.7,(X),(X),51.6,0.4,93.9,1.3,50.1,0.5,48.4,0.4,6.1,1.3,49.9,0.5,40.8,0.6,14.3,2.4,41.7,0.6,36.9,0.6,26.7,2.4,37.2,0.6,10.7,0.4,24.6,2.6,10.2,0.4,5.8,0.2,13.9,2.0,5.5,0.2,5.8,0.2,20.5,1.9,5.3,0.2,98.3,0.2,98.0,0.9,98.3,0.2,47.6,0.7,57.7,2.7,47.2,0.8,5.2,0.4,17.0,2.5,4.8,0.3,0.9,0.2,1.4,0.7,0.9,0.2,7.3,0.4,6.9,1.3,7.3,0.4,0.2,0.1,0.3,0.2,0.2,0.1,37.1,0.7,14.8,2.3,37.9,0.7,1.7,0.2,2.0,0.9,1.7,0.2,76.0,0.6,34.8,3.0,77.5,0.6,10.5,0.4,39.4,2.5,9.5,0.3,18189,306,28323,2267,17886,313,(X),(X),28597,2264,20755,387,(X),(X),23333,9533,14749,292,373446,3737,15000,965,358446,3581,45.2,0.7,12.8,2.0,46.6,0.7,24.7,0.7,27.8,2.4,24.6,0.7,19.1,0.5,41.3,2.7,18.1,0.5,11.0,0.4,18.1,2.5,10.7,0.4,392306,4159,10035,824,382271,4177,69.9,0.7,64.3,3.5,70.0,0.7,274031,3593,6453,619,267578,3612,7.9,0.4,8.5,2.2,7.9,0.4,(X),(X),(X),(X),(X),(X),(X),(X),(X),(X),(X),(X),(X),(X),(X),(X),(X),(X),(X),(X),(X),(X),(X),(X),3.7,(X),(X),(X),(X),(X),8.1,(X),(X),(X),(X),(X)
5001100US0635,0635,"Congressional District 35 (111th Congress), California",461318,3680,22789,1083,438529,3731,(X),(X),5.9,1.3,(X),(X),(X),(X),9.1,1.4,(X),(X),(X),(X),30.8,1.8,(X),(X),(X),(X),14.0,1.3,(X),(X),(X),(X),12.4,1.5,(X),(X),47.9,0.4,93.6,1.2,45.5,0.4,52.1,0.4,6.4,1.2,54.5,0.4,38.9,0.5,7.4,1.4,40.5,0.6,38.1,0.5,27.1,2.2,38.7,0.6,11.3,0.4,23.8,1.9,10.6,0.4,6.7,0.2,20.8,1.5,5.9,0.2,5.1,0.2,20.8,1.6,4.3,0.2,98.3,0.2,98.0,0.6,98.3,0.2,34.9,0.8,32.6,2.0,35.0,0.8,31.3,0.6,53.2,2.4,30.2,0.6,0.3,0.1,0.3,0.2,0.3,0.1,6.8,0.3,6.4,0.9,6.8,0.3,0.4,0.1,0.4,0.3,0.4,0.1,24.6,0.7,5.1,1.1,25.6,0.7,1.7,0.2,2.0,0.6,1.7,0.2,48.8,0.6,13.6,1.8,50.7,0.6,11.7,0.3,25.4,1.8,11.0,0.3,21141,275,31564,1528,20710,283,(X),(X),31242,1551,22997,541,(X),(X),35354,5006,18337,435,389431,3156,22567,1081,366864,3134,32.4,0.6,10.9,1.2,33.7,0.6,24.7,0.5,28.0,1.9,24.5,0.5,26.6,0.5,42.3,1.7,25.7,0.6,16.3,0.4,18.8,1.6,16.2,0.5,407094,3552,13306,858,393788,3586,73.2,0.6,74.4,3.1,73.1,0.6,297953,3113,9899,751,288054,3025,8.8,0.4,6.6,1.7,8.9,0.4,(X),(X),(X),(X),(X),(X),(X),(X),(X),(X),(X),(X),(X),(X),(X),(X),(X),(X),(X),(X),(X),(X),(X),(X),3.9,(X),(X),(X),(X),(X),9.9,(X),(X),(X),(X),(X)
5001100US0636,0636,"Congressional District 36 (111th Congress), California",505653,3028,34501,1279,471152,3013,(X),(X),5.9,1.0,(X),(X),(X),(X),13.1,1.6,(X),(X),(X),(X),33.4,1.6,(X),(X),(X),(X),14.8,1.1,(X),(X),(X),(X),15.2,1.2,(X),(X),49.2,0.4,93.9,0.9,45.9,0.4,50.8,0.4,6.1,0.9,54.1,0.4,32.1,0.5,7.8,1.3,33.9,0.5,40.5,0.5,22.3,1.7,41.8,0.5,13.2,0.3,24.9,1.4,12.4,0.3,7.1,0.2,19.0,1.2,6.2,0.2,7.0,0.2,25.9,1.4,5.6,0.2,97.0,0.2,97.9,0.5,96.9,0.2,64.2,0.5,79.1,1.5,63.1,0.6,4.3,0.3,5.8,1.2,4.2,0.3,0.6,0.1,0.5,0.3,0.6,0.1,16.1,0.4,7.1,0.8,16.7,0.4,0.4,0.1,0.8,0.4,0.4,0.1,11.4,0.5,4.6,0.9,11.9,0.5,3.0,0.2,2.1,0.5,3.1,0.2,28.2,0.6,13.9,1.2,29.3,0.6,49.2,0.5,70.9,1.5,47.6,0.5,35442,573,46277,2873,34538,606,(X),(X),47540,2969,41511,879,(X),(X),35182,8618,28809,603,457576,2997,34199,1290,423377,2916,13.7,0.4,5.7,0.9,14.3,0.4,18.1,0.4,20.3,1.5,17.9,0.5,25.8,0.5,38.2,1.8,24.8,0.5,42.4,0.6,35.8,1.7,43.0,0.7,434221,2919,19000,966,415221,2962,80.4,0.4,79.5,2.4,80.5,0.4,349318,2858,15097,849,334221,2968,6.0,0.3,5.1,1.2,6.0,0.3,(X),(X),(X),(X),(X),(X),(X),(X),(X),(X),(X),(X),(X),(X),(X),(X),(X),(X),(X),(X),(X),(X),(X),(X),2.1,(X),(X),(X),(X),(X),4.4,(X),(X),(X),(X),(X)
5001100US0637,0637,"Congressional District 37 (111th Congress), California",448561,3535,25832,1117,422729,3723,(X),(X),8.8,1.4,(X),(X),(X),(X),15.7,1.8,(X),(X),(X),(X),29.5,1.9,(X),(X),(X),(X),11.4,1.2,(X),(X),(X),(X),12.1,1.1,(X),(X),48.1,0.4,93.1,1.0,45.4,0.5,51.9,0.4,6.9,1.0,54.6,0.5,38.4,0.5,12.3,1.7,40.0,0.6,38.9,0.5,29.4,1.9,39.4,0.6,11.0,0.3,22.9,1.5,10.3,0.3,6.4,0.2,16.2,1.5,5.8,0.2,5.2,0.2,19.1,1.4,4.4,0.2,96.9,0.3,96.1,0.9,96.9,0.3,36.0,0.8,44.1,1.8,35.5,0.8,23.3,0.5,35.1,2.0,22.5,0.5,0.6,0.1,0.7,0.3,0.6,0.1,13.5,0.5,8.5,1.2,13.8,0.5,1.0,0.2,1.0,0.7,1.0,0.2,22.6,0.7,6.7,1.3,23.6,0.8,3.1,0.3,3.9,0.9,3.1,0.3,42.5,0.5,15.5,1.6,44.2,0.5,17.8,0.5,36.7,1.7,16.7,0.5,22136,338,33108,1575,21626,341,(X),(X),33032,1692,24766,596,(X),(X),33681,6421,18931,429,379390,2946,25053,1067,354337,3168,28.8,0.6,10.6,1.3,30.1,0.7,23.6,0.6,25.1,1.9,23.5,0.6,28.8,0.6,42.5,1.9,27.9,0.6,18.8,0.5,21.9,1.7,18.6,0.5,396257,3410,16692,933,379565,3570,74.6,0.5,76.6,2.3,74.5,0.5,295437,3059,12779,823,282658,3214,9.6,0.4,9.1,1.8,9.7,0.4,(X),(X),(X),(X),(X),(X),(X),(X),(X),(X),(X),(X),(X),(X),(X),(X),(X),(X),(X),(X),(X),(X),(X),(X),3.2,(X),(X),(X),(X),(X),6.7,(X),(X),(X),(X),(X)
5001100US0638,0638,"Congressional District 38 (111th Congress), California",454161,2852,22152,1048,432009,2717,(X),(X),6.8,1.1,(X),(X),(X),(X),9.4,1.5,(X),(X),(X),(X),30.5,1.9,(X),(X),(X),(X),14.2,1.4,(X),(X),(X),(X),15.4,1.4,(X),(X),49.2,0.4,95.4,0.9,46.9,0.4,50.8,0.4,4.6,0.9,53.1,0.4,36.6,0.4,9.8,1.5,38.0,0.4,37.3,0.5,24.3,2.1,37.9,0.5,11.9,0.3,23.9,1.9,11.2,0.3,7.5,0.2,18.0,1.6,6.9,0.2,6.8,0.3,24.1,1.6,5.9,0.3,98.0,0.2,98.2,0.5,97.9,0.2,51.7,0.9,64.5,2.2,51.1,0.9,3.5,0.3,6.7,1.2,3.3,0.3,0.8,0.1,1.0,0.4,0.8,0.1,12.7,0.4,7.2,1.2,12.9,0.4,0.1,0.1,0.4,0.3,0.1,0.1,29.2,0.8,18.3,2.0,29.8,0.9,2.0,0.2,1.8,0.5,2.1,0.2,70.7,0.6,51.6,2.6,71.7,0.6,12.3,0.3,33.7,2.2,11.2,0.3,21949,315,31201,1791,21519,325,(X),(X),31845,1831,25808,479,(X),(X),23005,4962,17515,424,384818,2667,21683,1012,363135,2503,34.2,0.7,15.7,1.6,35.3,0.7,27.0,0.7,27.7,2.0,26.9,0.7,24.4,0.6,40.6,2.1,23.4,0.6,14.5,0.5,16.0,1.6,14.4,0.5,389513,2841,12832,786,376681,2830,74.3,0.5,75.3,3.1,74.3,0.6,289561,2897,9668,669,279893,2894,7.9,0.4,6.7,1.9,8.0,0.4,(X),(X),(X),(X),(X),(X),(X),(X),(X),(X),(X),(X),(X),(X),(X),(X),(X),(X),(X),(X),(X),(X),(X),(X),3.4,(X),(X),(X),(X),(X),6.8,(X),(X),(X),(X),(X)
5001100US0639,0639,"Congressional District 39 (111th Congress), California",453632,3140,23393,999,430239,3119,(X),(X),6.4,1.2,(X),(X),(X),(X),13.1,1.4,(X),(X),(X),(X),31.6,2.3,(X),(X),(X),(X),12.2,1.3,(X),(X),(X),(X),13.2,1.2,(X),(X),48.1,0.4,95.2,0.9,45.6,0.4,51.9,0.4,4.8,0.9,54.4,0.4,36.8,0.5,9.8,1.5,38.3,0.5,38.7,0.5,24.8,1.8,39.4,0.5,12.1,0.4,26.1,2.3,11.3,0.3,6.6,0.2,18.1,1.7,6.0,0.2,5.8,0.2,21.1,1.5,5.0,0.2,97.7,0.2,97.5,0.7,97.7,0.2,46.7,1.0,69.0,1.9,45.5,1.0,5.6,0.3,9.5,1.4,5.4,0.3,0.8,0.1,1.1,0.5,0.8,0.1,11.6,0.4,5.7,1.0,11.9,0.4,0.4,0.1,0.5,0.4,0.4,0.1,32.7,0.9,11.7,1.4,33.8,0.9,2.3,0.2,2.5,0.7,2.3,0.2,60.9,0.5,30.9,2.1,62.6,0.5,20.3,0.4,51.0,2.1,18.7,0.4,23448,423,35863,1543,22651,420,(X),(X),36084,1681,27317,567,(X),(X),27955,12272,18674,514,383569,3288,22992,976,360577,3187,31.6,0.6,12.8,1.6,32.8,0.6,25.9,0.5,28.3,1.7,25.7,0.5,25.6,0.6,40.0,2.2,24.7,0.6,16.9,0.5,18.9,1.7,16.8,0.5,397197,2739,14220,831,382977,2801,73.7,0.6,75.2,2.9,73.7,0.6,292763,2747,10694,633,282069,2715,7.4,0.4,8.1,2.1,7.3,0.4,(X),(X),(X),(X),(X),(X),(X),(X),(X),(X),(X),(X),(X),(X),(X),(X),(X),(X),(X),(X),(X),(X),(X),(X),2.8,(X),(X),(X),(X),(X),6.4,(X),(X),(X),(X),(X)
5001100US0640,0640,"Congressional District 40 (111th Congress), California",490322,2376,36045,958,454277,2469,(X),(X),6.3,1.3,(X),(X),(X),(X),9.2,1.0,(X),(X),(X),(X),33.2,1.6,(X),(X),(X),(X),15.2,0.9,(X),(X),(X),(X),15.0,1.1,(X),(X),49.0,0.3,94.9,0.7,45.3,0.4,51.0,0.3,5.1,0.7,54.7,0.4,32.3,0.5,8.1,1.3,34.3,0.5,39.4,0.4,19.6,1.2,40.9,0.5,13.0,0.3,26.6,1.5,11.9,0.3,7.9,0.2,21.0,1.2,6.9,0.2,7.4,0.2,24.7,1.1,6.0,0.2,98.0,0.2,98.2,0.5,98.0,0.2,60.0,0.8,80.9,1.5,58.3,0.8,2.4,0.2,4.0,0.7,2.3,0.2,0.6,0.1,1.7,0.6,0.6,0.1,20.0,0.5,6.9,0.7,21.0,0.5,0.3,0.1,0.2,0.1,0.4,0.1,14.7,0.6,4.5,0.9,15.5,0.7,2.0,0.2,1.8,0.5,2.0,0.2,29.4,0.5,12.0,1.3,30.8,0.6,46.2,0.5,74.3,1.8,44.0,0.5,30045,444,43725,1178,28760,535,(X),(X),44537,1267,34466,664,(X),(X),23389,8753,23463,729,426013,2577,35444,940,390569,2631,17.4,0.5,6.9,0.8,18.4,0.5,21.4,0.6,20.0,1.4,21.5,0.6,30.8,0.5,41.7,1.9,29.8,0.6,30.4,0.6,31.4,1.8,30.3,0.6,415171,2234,19570,796,395601,2343,78.2,0.4,81.6,2.0,78.1,0.4,324868,2412,15976,795,308892,2641,6.4,0.4,5.9,2.0,6.4,0.4,(X),(X),(X),(X),(X),(X),(X),(X),(X),(X),(X),(X),(X),(X),(X),(X),(X),(X),(X),(X),(X),(X),(X),(X),3.2,(X),(X),(X),(X),(X),5.6,(X),(X),(X),(X),(X)
5001100US0641,0641,"Congressional District 41 (111th Congress), California",535989,3289,64100,1562,471889,3448,(X),(X),8.3,0.8,(X),(X),(X),(X),14.2,1.2,(X),(X),(X),(X),35.4,1.3,(X),(X),(X),(X),14.0,0.9,(X),(X),(X),(X),12.0,0.9,(X),(X),47.9,0.3,93.5,0.7,41.7,0.4,52.1,0.3,6.5,0.7,58.3,0.4,30.4,0.4,9.6,1.0,33.2,0.5,37.5,0.5,27.2,1.1,38.9,0.5,14.2,0.3,24.6,1.1,12.8,0.3,9.4,0.2,18.7,0.8,8.2,0.3,8.4,0.2,19.8,1.0,6.8,0.2,97.6,0.2,97.9,0.5,97.5,0.2,74.1,0.6,83.6,1.1,72.8,0.6,5.5,0.3,6.7,0.7,5.4,0.3,1.3,0.1,1.4,0.4,1.3,0.1,4.7,0.2,1.4,0.3,5.1,0.2,0.2,0.1,0.3,0.2,0.2,0.1,11.8,0.5,4.4,0.7,12.8,0.5,2.4,0.2,2.1,0.5,2.5,0.2,27.6,0.6,12.5,1.2,29.6,0.6,59.8,0.6,76.4,1.3,57.5,0.7,25230,371,36623,1077,23387,454,(X),(X),37034,1084,32108,826,(X),(X),28210,3655,18296,431,464698,3139,62571,1502,402127,3141,17.7,0.5,7.7,0.7,19.2,0.5,28.1,0.5,25.0,1.2,28.5,0.5,34.8,0.5,45.4,1.5,33.1,0.6,19.5,0.5,21.8,1.2,19.1,0.5,440447,3234,39425,1318,401022,3399,71.2,0.5,74.2,1.4,70.9,0.5,313477,3299,29255,1050,284222,3312,9.4,0.4,7.4,1.2,9.6,0.5,(X),(X),(X),(X),(X),(X),(X),(X),(X),(X),(X),(X),(X),(X),(X),(X),(X),(X),(X),(X),(X),(X),(X),(X),2.6,(X),(X),(X),(X),(X),5.3,(X),(X),(X),(X),(X)
5001100US0642,0642,"Congressional District 42 (111th Congress), California",497835,2702,34830,1023,463005,2830,(X),(X),5.2,0.8,(X),(X),(X),(X),11.1,1.2,(X),(X),(X),(X),36.3,1.6,(X),(X),(X),(X),13.2,1.2,(X),(X),(X),(X),13.0,1.0,(X),(X),49.4,0.3,95.7,0.7,45.9,0.4,50.6,0.3,4.3,0.7,54.1,0.4,29.0,0.5,7.7,1.0,30.6,0.5,43.3,0.4,23.5,1.8,44.8,0.5,14.5,0.3,28.6,1.6,13.4,0.3,7.2,0.2,19.9,1.4,6.3,0.2,5.9,0.2,20.4,1.4,4.9,0.2,97.8,0.2,97.4,0.6,97.8,0.2,63.8,0.5,81.8,1.2,62.4,0.5,2.8,0.2,3.9,0.7,2.8,0.2,0.6,0.1,0.5,0.2,0.6,0.1,19.4,0.4,5.6,0.8,20.5,0.5,0.1,0.1,0.0,0.1,0.2,0.1,11.0,0.5,5.6,0.9,11.4,0.6,2.2,0.2,2.6,0.6,2.2,0.2,25.0,0.5,16.3,1.5,25.6,0.6,51.0,0.5,72.4,1.5,49.4,0.5,39136,526,53317,1581,37841,559,(X),(X),54172,1714,49725,831,(X),(X),37073,4980,28866,716,440172,2584,34403,1035,405769,2722,10.4,0.3,5.1,0.7,10.8,0.4,19.1,0.4,17.1,1.6,19.3,0.5,32.3,0.5,41.0,1.6,31.6,0.5,38.2,0.5,36.7,1.6,38.3,0.6,432304,2636,20819,831,411485,2768,77.3,0.5,82.4,1.6,77.0,0.5,334119,2554,17151,766,316968,2709,5.4,0.3,5.5,1.1,5.4,0.3,(X),(X),(X),(X),(X),(X),(X),(X),(X),(X),(X),(X),(X),(X),(X),(X),(X),(X),(X),(X),(X),(X),(X),(X),2.6,(X),(X),(X),(X),(X),4.4,(X),(X),(X),(X),(X)
5001100US0643,0643,"Congressional District 43 (111th Congress), California",473370,2879,27413,1294,445957,2706,(X),(X),10.2,1.5,(X),(X),(X),(X),18.4,1.8,(X),(X),(X),(X),35.2,2.0,(X),(X),(X),(X),9.7,1.0,(X),(X),(X),(X),7.9,0.9,(X),(X),49.7,0.3,93.3,1.1,47.0,0.3,50.3,0.3,6.7,1.1,53.0,0.3,40.7,0.4,12.5,2.0,42.5,0.5,39.9,0.4,33.6,2.2,40.3,0.4,10.5,0.3,26.3,1.8,9.5,0.3,5.1,0.2,14.5,1.2,4.5,0.2,3.8,0.1,13.1,1.1,3.2,0.1,97.3,0.2,97.3,0.7,97.3,0.2,54.1,0.9,60.8,2.1,53.7,1.0,11.4,0.4,19.4,2.1,10.9,0.4,0.9,0.2,1.3,0.9,0.9,0.2,4.5,0.2,2.6,0.6,4.6,0.3,0.3,0.1,0.6,0.5,0.3,0.1,26.0,0.9,12.6,1.5,26.8,0.9,2.7,0.2,2.7,0.7,2.7,0.2,62.2,0.6,30.5,2.1,64.1,0.6,20.4,0.5,44.6,2.1,18.9,0.5,22002,237,38913,1695,21336,246,(X),(X),39192,1712,25937,444,(X),(X),34058,6598,17084,333,388045,2838,26867,1273,361178,2666,33.9,0.7,10.4,1.2,35.6,0.7,28.0,0.6,29.3,2.1,27.9,0.6,26.8,0.6,43.4,2.2,25.6,0.6,11.3,0.3,16.9,1.6,10.9,0.4,431477,2589,19840,1153,411637,2509,73.1,0.5,79.6,2.0,72.8,0.5,315581,3132,15795,1045,299786,2892,9.3,0.5,5.9,1.2,9.5,0.5,(X),(X),(X),(X),(X),(X),(X),(X),(X),(X),(X),(X),(X),(X),(X),(X),(X),(X),(X),(X),(X),(X),(X),(X),2.7,(X),(X),(X),(X),(X),4.6,(X),(X),(X),(X),(X)
5001100US0644,0644,"Congressional District 44 (111th Congress), California",559970,2624,43352,1273,516618,2920,(X),(X),8.5,1.2,(X),(X),(X),(X),14.3,1.3,(X),(X),(X),(X),34.2,1.3,(X),(X),(X),(X),12.5,1.0,(X),(X),(X),(X),9.9,1.0,(X),(X),50.0,0.3,94.5,0.7,46.3,0.3,50.0,0.3,5.5,0.7,53.7,0.3,34.3,0.4,9.9,1.2,36.3,0.5,42.0,0.4,30.0,1.5,43.1,0.4,12.0,0.2,25.8,1.2,10.9,0.3,6.5,0.2,17.2,1.0,5.6,0.2,5.1,0.2,17.2,1.2,4.1,0.2,97.4,0.2,98.1,0.5,97.3,0.2,65.9,0.6,78.2,1.5,64.9,0.6,5.8,0.2,9.1,1.0,5.5,0.2,0.8,0.1,1.1,0.4,0.8,0.1,7.5,0.2,3.1,0.5,7.9,0.2,0.3,0.1,0.4,0.3,0.2,0.1,17.1,0.6,6.3,0.9,18.0,0.6,2.6,0.2,1.9,0.5,2.7,0.2,37.8,0.4,17.2,1.4,39.5,0.4,46.8,0.4,68.1,1.6,45.0,0.4,29651,428,47808,1770,28047,419,(X),(X),48577,1703,35933,735,(X),(X),34899,7803,21876,359,477684,2475,42569,1234,435115,2788,19.6,0.5,7.0,0.9,20.9,0.6,23.7,0.5,21.0,1.2,23.9,0.5,31.2,0.5,42.9,1.7,30.0,0.5,25.5,0.5,29.1,1.5,25.2,0.5,494833,2862,28448,1110,466385,3029,76.1,0.4,81.1,1.7,75.8,0.5,376799,2908,23077,1110,353722,3129,7.9,0.4,5.5,1.2,8.0,0.4,(X),(X),(X),(X),(X),(X),(X),(X),(X),(X),(X),(X),(X),(X),(X),(X),(X),(X),(X),(X),(X),(X),(X),(X),2.9,(X),(X),(X),(X),(X),5.8,(X),(X),(X),(X),(X)
5001100US0645,0645,"Congressional District 45 (111th Congress), California",614777,2966,68176,1331,546601,2737,(X),(X),6.6,0.8,(X),(X),(X),(X),14.4,1.0,(X),(X),(X),(X),29.8,1.1,(X),(X),(X),(X),16.3,0.8,(X),(X),(X),(X),16.4,0.7,(X),(X),49.6,0.2,93.6,0.8,44.1,0.3,50.4,0.2,6.4,0.8,55.9,0.3,30.0,0.4,7.2,0.8,32.8,0.4,36.1,0.4,24.0,1.1,37.7,0.4,13.7,0.2,20.9,0.8,12.8,0.2,10.4,0.2,20.9,0.9,9.1,0.2,9.7,0.2,26.9,0.7,7.6,0.2,97.8,0.2,98.2,0.3,97.7,0.2,69.6,0.6,81.7,1.0,68.2,0.7,6.0,0.2,8.2,0.8,5.7,0.2,0.8,0.1,0.6,0.2,0.9,0.1,4.5,0.2,2.8,0.4,4.8,0.2,0.3,0.1,0.3,0.2,0.3,0.1,16.5,0.6,4.7,0.7,17.9,0.6,2.2,0.2,1.8,0.3,2.3,0.2,36.3,0.4,12.8,1.0,39.2,0.5,50.3,0.4,74.3,1.3,47.4,0.5,25725,357,40679,1000,23957,383,(X),(X),41378,1030,30475,568,(X),(X),32127,4838,19621,436,538704,2870,67355,1310,471349,2781,20.8,0.5,6.4,0.6,22.9,0.6,26.3,0.5,21.6,1.2,27.0,0.5,31.9,0.5,40.8,1.3,30.6,0.5,21.0,0.5,31.2,1.1,19.6,0.5,491001,2600,35544,1132,455457,2459,73.1,0.4,75.3,1.7,73.0,0.4,359104,2933,26778,1092,332326,2780,8.7,0.4,6.4,1.1,8.9,0.5,(X),(X),(X),(X),(X),(X),(X),(X),(X),(X),(X),(X),(X),(X),(X),(X),(X),(X),(X),(X),(X),(X),(X),(X),2.8,(X),(X),(X),(X),(X),5.8,(X),(X),(X),(X),(X)
5001100US0646,0646,"Congressional District 46 (111th Congress), California",507009,2799,42920,1270,464089,2779,(X),(X),4.5,0.8,(X),(X),(X),(X),9.7,1.1,(X),(X),(X),(X),32.1,1.3,(X),(X),(X),(X),16.5,1.0,(X),(X),(X),(X),18.2,1.1,(X),(X),49.0,0.3,95.0,0.6,44.7,0.4,51.0,0.3,5.0,0.6,55.3,0.4,28.3,0.5,5.7,0.8,30.3,0.5,38.6,0.5,18.2,1.2,40.5,0.5,14.7,0.4,25.0,1.2,13.7,0.3,9.4,0.2,22.5,1.1,8.2,0.2,9.1,0.2,28.5,1.2,7.3,0.2,98.1,0.2,98.5,0.4,98.1,0.2,70.9,0.6,88.5,1.1,69.3,0.6,1.6,0.2,2.2,0.5,1.6,0.2,0.4,0.1,0.6,0.3,0.4,0.1,17.8,0.4,4.6,0.7,19.0,0.4,0.4,0.1,0.4,0.3,0.4,0.1,6.9,0.5,2.1,0.5,7.3,0.5,1.9,0.2,1.5,0.4,1.9,0.2,16.9,0.6,7.4,0.8,17.7,0.6,61.5,0.6,83.7,1.2,59.5,0.6,36117,561,51525,1032,34504,545,(X),(X),52213,1144,44444,1041,(X),(X),36429,9148,27737,584,454441,2910,42733,1268,411708,2795,10.7,0.4,4.2,0.6,11.4,0.5,18.1,0.5,16.6,1.3,18.3,0.6,31.2,0.5,36.3,1.3,30.7,0.5,39.9,0.6,42.9,1.4,39.6,0.6,413375,2519,21004,924,392371,2522,79.0,0.5,82.0,1.9,78.9,0.5,326755,2975,17215,858,309540,3035,5.7,0.3,4.9,1.1,5.7,0.3,(X),(X),(X),(X),(X),(X),(X),(X),(X),(X),(X),(X),(X),(X),(X),(X),(X),(X),(X),(X),(X),(X),(X),(X),2.8,(X),(X),(X),(X),(X),4.7,(X),(X),(X),(X),(X)
5001100US0647,0647,"Congressional District 47 (111th Congress), California",437523,2713,16081,690,421442,2709,(X),(X),9.3,2.0,(X),(X),(X),(X),12.7,1.9,(X),(X),(X),(X),31.8,1.9,(X),(X),(X),(X),13.9,1.6,(X),(X),(X),(X),14.1,2.0,(X),(X),52.3,0.4,94.6,1.3,50.7,0.4,47.7,0.4,5.4,1.3,49.3,0.4,41.2,0.6,11.4,1.9,42.3,0.6,38.7,0.5,23.0,2.5,39.3,0.5,9.9,0.3,26.7,2.0,9.2,0.3,5.4,0.2,15.8,1.6,5.0,0.2,4.8,0.2,23.2,2.3,4.1,0.2,98.6,0.2,97.4,0.9,98.6,0.2,47.9,0.9,70.8,2.4,47.1,0.9,1.7,0.2,6.0,1.3,1.6,0.2,0.5,0.1,0.3,0.2,0.5,0.1,16.9,0.4,9.9,1.5,17.2,0.4,0.5,0.1,0.5,0.4,0.5,0.1,31.0,0.9,9.9,1.7,31.8,0.9,1.4,0.2,2.6,0.9,1.4,0.2,63.0,0.7,24.6,2.4,64.5,0.7,17.0,0.5,57.4,2.7,15.5,0.5,20787,268,33583,1453,20429,273,(X),(X),34117,1657,23453,336,(X),(X),25407,5714,16616,310,367911,2722,15561,688,352350,2610,43.1,0.7,10.9,1.6,44.5,0.7,23.8,0.6,26.8,2.6,23.7,0.6,20.4,0.6,42.1,2.6,19.4,0.6,12.8,0.4,20.3,1.9,12.4,0.4,392527,2546,9812,531,382715,2606,77.0,0.5,74.6,2.4,77.0,0.5,302079,2714,7322,455,294757,2783,8.2,0.4,6.6,2.2,8.2,0.4,(X),(X),(X),(X),(X),(X),(X),(X),(X),(X),(X),(X),(X),(X),(X),(X),(X),(X),(X),(X),(X),(X),(X),(X),4.2,(X),(X),(X),(X),(X),8.6,(X),(X),(X),(X),(X)
5001100US0648,0648,"Congressional District 48 (111th Congress), California",546186,2232,42665,1219,503521,2529,(X),(X),5.4,0.9,(X),(X),(X),(X),11.0,1.0,(X),(X),(X),(X),34.6,1.5,(X),(X),(X),(X),14.3,1.0,(X),(X),(X),(X),19.7,1.1,(X),(X),48.6,0.3,94.9,0.8,44.7,0.4,51.4,0.3,5.1,0.8,55.3,0.4,29.8,0.5,6.7,1.0,31.7,0.5,39.4,0.5,18.1,1.2,41.2,0.5,14.4,0.3,25.6,1.2,13.4,0.3,8.3,0.2,20.3,1.2,7.2,0.2,8.2,0.2,29.3,1.1,6.4,0.2,98.4,0.1,98.8,0.4,98.3,0.1,72.1,0.6,90.1,1.0,70.6,0.6,1.7,0.2,2.7,0.7,1.6,0.2,0.4,0.1,0.3,0.2,0.4,0.1,17.4,0.4,3.5,0.5,18.6,0.4,0.2,0.1,0.2,0.1,0.2,0.1,6.6,0.4,2.0,0.5,7.0,0.4,1.6,0.1,1.2,0.4,1.7,0.1,14.1,0.4,6.7,0.9,14.8,0.5,64.9,0.6,85.6,1.2,63.1,0.6,43362,581,55855,2326,42230,582,(X),(X),56831,2294,57169,1277,(X),(X),37564,5165,32904,772,481281,2714,42151,1201,439130,2946,6.4,0.3,2.6,0.5,6.8,0.3,14.0,0.4,12.6,1.2,14.1,0.4,27.6,0.5,33.6,1.3,27.0,0.5,52.0,0.6,51.3,1.6,52.1,0.6,456281,2054,21484,933,434797,2390,77.3,0.4,83.6,1.8,77.0,0.4,352866,2416,17956,876,334910,2590,4.9,0.3,4.6,1.2,4.9,0.3,(X),(X),(X),(X),(X),(X),(X),(X),(X),(X),(X),(X),(X),(X),(X),(X),(X),(X),(X),(X),(X),(X),(X),(X),2.6,(X),(X),(X),(X),(X),3.4,(X),(X),(X),(X),(X)
5001100US0649,0649,"Congressional District 49 (111th Congress), California",511817,3476,61938,1818,449879,3401,(X),(X),15.5,1.7,(X),(X),(X),(X),21.3,1.2,(X),(X),(X),(X),27.9,1.4,(X),(X),(X),(X),13.6,0.9,(X),(X),(X),(X),13.3,0.9,(X),(X),48.2,0.4,91.2,0.7,42.3,0.5,51.8,0.4,8.8,0.7,57.7,0.5,32.3,0.5,15.3,1.5,34.6,0.5,38.8,0.5,28.9,1.3,40.2,0.5,12.5,0.3,19.0,1.1,11.7,0.3,7.9,0.2,15.6,0.8,6.8,0.2,8.4,0.3,21.2,1.0,6.7,0.2,97.4,0.2,97.6,0.4,97.3,0.2,70.5,0.6,79.1,1.3,69.3,0.7,4.1,0.3,7.8,0.8,3.5,0.3,1.2,0.1,1.3,0.3,1.2,0.1,5.5,0.3,2.9,0.5,5.9,0.3,0.5,0.1,0.8,0.3,0.4,0.1,15.6,0.6,5.8,0.7,16.9,0.6,2.6,0.2,2.4,0.4,2.7,0.2,30.8,0.5,12.5,0.9,33.4,0.6,56.9,0.5,73.8,1.4,54.5,0.6,27543,410,44551,1134,25637,365,(X),(X),45819,1342,33907,843,(X),(X),29511,2852,20204,395,443190,3113,58676,1548,384514,3114,18.1,0.5,5.5,0.7,20.0,0.5,25.0,0.6,22.4,1.3,25.4,0.6,33.5,0.5,42.0,1.5,32.2,0.5,23.5,0.5,30.1,1.4,22.5,0.5,428180,3117,39100,1664,389080,3081,76.0,0.6,81.6,2.6,75.4,0.6,325446,3355,31908,1218,293538,3488,8.0,0.4,5.1,0.8,8.3,0.4,(X),(X),(X),(X),(X),(X),(X),(X),(X),(X),(X),(X),(X),(X),(X),(X),(X),(X),(X),(X),(X),(X),(X),(X),2.7,(X),(X),(X),(X),(X),4.3,(X),(X),(X),(X),(X)
5001100US0650,0650,"Congressional District 50 (111th Congress), California",536407,3353,56595,1591,479812,3718,(X),(X),10.8,1.1,(X),(X),(X),(X),19.4,1.1,(X),(X),(X),(X),34.4,1.3,(X),(X),(X),(X),12.4,0.9,(X),(X),(X),(X),14.0,0.8,(X),(X),48.7,0.4,92.7,0.6,43.5,0.3,51.3,0.4,7.3,0.6,56.5,0.3,28.3,0.4,10.7,1.1,30.4,0.4,41.3,0.4,26.7,1.4,43.1,0.4,14.3,0.3,23.4,1.2,13.2,0.3,7.9,0.2,17.0,0.9,6.8,0.2,8.2,0.2,22.3,1.2,6.5,0.2,97.9,0.2,98.4,0.4,97.9,0.2,76.9,0.5,84.9,1.0,75.9,0.6,1.7,0.2,3.5,0.6,1.5,0.2,0.5,0.1,0.6,0.2,0.4,0.1,13.4,0.3,7.2,0.6,14.2,0.4,0.2,0.1,0.3,0.2,0.2,0.1,5.2,0.3,1.8,0.4,5.7,0.4,2.1,0.2,1.6,0.4,2.1,0.2,18.1,0.4,6.6,0.8,19.5,0.5,64.8,0.5,80.6,1.1,62.9,0.6,36673,524,51062,1436,34560,555,(X),(X),52459,1393,45967,1064,(X),(X),34480,3297,27236,557,480176,3199,55491,1511,424685,3416,10.4,0.4,2.6,0.4,11.4,0.4,16.1,0.4,16.9,1.1,16.0,0.4,28.0,0.5,35.6,1.4,27.0,0.5,45.6,0.5,45.0,1.3,45.7,0.5,450228,3297,34382,1415,415846,3382,78.5,0.7,81.9,1.6,78.2,0.7,353489,3411,28163,1181,325326,3327,5.3,0.3,4.5,0.9,5.4,0.3,(X),(X),(X),(X),(X),(X),(X),(X),(X),(X),(X),(X),(X),(X),(X),(X),(X),(X),(X),(X),(X),(X),(X),(X),3.0,(X),(X),(X),(X),(X),5.0,(X),(X),(X),(X),(X)
5001100US0651,0651,"Congressional District 51 (111th Congress), California",488469,3863,46225,1346,442244,3673,(X),(X),16.1,1.4,(X),(X),(X),(X),25.6,1.5,(X),(X),(X),(X),32.9,1.3,(X),(X),(X),(X),10.9,0.8,(X),(X),(X),(X),8.8,0.8,(X),(X),49.0,0.3,91.5,0.9,44.6,0.4,51.0,0.3,8.5,0.9,55.4,0.4,34.2,0.4,14.4,1.2,36.2,0.4,38.6,0.4,34.8,1.3,39.0,0.4,12.4,0.3,20.6,1.1,11.5,0.3,7.7,0.2,14.7,0.9,7.0,0.2,7.2,0.2,15.4,1.0,6.3,0.2,97.5,0.2,97.5,0.5,97.5,0.2,60.1,0.7,57.5,1.4,60.4,0.7,8.0,0.3,14.3,1.1,7.4,0.3,0.8,0.1,0.4,0.2,0.8,0.1,13.7,0.3,18.3,1.1,13.2,0.4,0.7,0.2,1.2,0.4,0.7,0.2,14.2,0.5,5.9,0.8,15.1,0.5,2.5,0.2,2.5,0.5,2.5,0.2,56.4,0.4,21.6,1.4,60.1,0.4,19.8,0.4,42.9,1.4,17.4,0.4,22728,436,42220,1407,20766,396,(X),(X),43065,1456,25929,544,(X),(X),31383,3491,17248,392,416379,3447,44593,1331,371786,3302,28.7,0.6,8.6,1.3,31.1,0.7,23.8,0.6,24.1,1.4,23.7,0.6,30.1,0.6,46.9,1.7,28.1,0.6,17.4,0.5,20.4,1.2,17.1,0.5,415833,3585,32291,1157,383542,3404,70.2,0.5,78.7,1.4,69.4,0.6,291715,3305,25398,1021,266317,3160,8.4,0.4,4.6,0.9,8.8,0.5,(X),(X),(X),(X),(X),(X),(X),(X),(X),(X),(X),(X),(X),(X),(X),(X),(X),(X),(X),(X),(X),(X),(X),(X),3.2,(X),(X),(X),(X),(X),6.8,(X),(X),(X),(X),(X)
5001100US0652,0652,"Congressional District 52 (111th Congress), California",481560,3132,64067,1402,417493,2896,(X),(X),13.0,1.1,(X),(X),(X),(X),21.1,1.1,(X),(X),(X),(X),36.5,1.2,(X),(X),(X),(X),13.0,0.8,(X),(X),(X),(X),11.2,0.7,(X),(X),47.5,0.4,90.7,0.9,40.8,0.4,52.5,0.4,9.3,0.9,59.2,0.4,28.4,0.5,11.5,1.1,31.0,0.5,40.6,0.4,29.0,1.3,42.4,0.5,15.0,0.3,25.0,1.1,13.4,0.3,8.2,0.2,16.2,1.0,7.0,0.2,7.8,0.2,18.3,0.9,6.2,0.2,97.4,0.2,98.1,0.4,97.3,0.3,81.4,0.4,85.9,1.0,80.7,0.5,3.8,0.3,5.6,0.7,3.6,0.3,0.7,0.1,0.8,0.2,0.7,0.1,7.4,0.3,3.7,0.6,8.0,0.3,0.4,0.1,0.4,0.2,0.4,0.1,3.6,0.3,1.7,0.4,3.9,0.3,2.6,0.2,1.9,0.4,2.7,0.3,15.2,0.5,8.3,0.7,16.2,0.5,70.8,0.5,80.0,1.1,69.4,0.6,33271,483,46240,1843,31238,489,(X),(X),47732,2423,40710,1031,(X),(X),35632,2899,25981,493,426740,2656,62606,1368,364134,2385,10.4,0.4,5.1,0.7,11.3,0.5,21.7,0.5,19.0,1.0,22.2,0.6,35.4,0.5,42.1,1.2,34.2,0.6,32.5,0.5,33.8,1.4,32.3,0.6,404395,2919,41976,1278,362419,2792,77.8,0.6,81.8,1.5,77.3,0.5,314493,3054,34334,1247,280159,2718,6.4,0.3,4.9,0.9,6.6,0.3,(X),(X),(X),(X),(X),(X),(X),(X),(X),(X),(X),(X),(X),(X),(X),(X),(X),(X),(X),(X),(X),(X),(X),(X),2.4,(X),(X),(X),(X),(X),4.8,(X),(X),(X),(X),(X)
5001100US0653,0653,"Congressional District 53 (111th Congress), California",501892,4080,52862,2169,449030,4001,(X),(X),16.6,1.7,(X),(X),(X),(X),25.2,1.7,(X),(X),(X),(X),30.7,1.8,(X),(X),(X),(X),10.5,0.8,(X),(X),(X),(X),10.6,1.0,(X),(X),50.0,0.5,89.2,1.3,45.4,0.5,50.0,0.5,10.8,1.3,54.6,0.5,43.3,0.5,18.8,1.8,46.1,0.6,33.4,0.4,29.8,1.5,33.8,0.4,11.0,0.3,20.7,1.5,9.9,0.3,6.0,0.2,13.4,1.1,5.2,0.2,6.3,0.2,17.3,1.3,5.0,0.2,97.4,0.2,98.0,0.4,97.4,0.2,73.7,0.6,79.9,1.5,73.0,0.7,6.1,0.3,10.2,1.1,5.6,0.3,0.8,0.1,0.9,0.3,0.8,0.1,9.7,0.3,4.1,0.6,10.4,0.4,0.4,0.1,0.7,0.3,0.4,0.1,6.7,0.4,2.2,0.4,7.3,0.4,2.6,0.2,2.0,0.4,2.6,0.2,25.7,0.4,10.6,0.9,27.4,0.5,56.1,0.6,72.7,1.6,54.2,0.6,27513,577,39192,1457,26273,488,(X),(X),40438,1740,30641,757,(X),(X),28390,4881,22485,636,410539,3941,50515,2094,360024,3626,15.3,0.4,5.5,0.8,16.7,0.5,18.5,0.5,20.4,1.7,18.3,0.6,27.3,0.6,38.4,1.7,25.7,0.6,38.9,0.6,35.8,1.8,39.3,0.6,439907,4079,36659,1983,403248,3953,74.9,0.6,77.7,1.7,74.7,0.6,329501,3714,28467,1582,301034,3646,6.9,0.4,8.4,1.7,6.8,0.4,(X),(X),(X),(X),(X),(X),(X),(X),(X),(X),(X),(X),(X),(X),(X),(X),(X),(X),(X),(X),(X),(X),(X),(X),3.4,(X),(X),(X),(X),(X),5.4,(X),(X),(X),(X),(X)
5001100US0801,0801,"Congressional District 1 (111th Congress), Colorado",498320,841,40821,1149,457499,1366,(X),(X),6.6,1.1,(X),(X),(X),(X),14.4,1.3,(X),(X),(X),(X),32.5,1.4,(X),(X),(X),(X),12.5,1.0,(X),(X),(X),(X),14.4,1.0,(X),(X),50.3,0.1,92.4,0.8,46.5,0.2,49.7,0.1,7.6,0.8,53.5,0.2,39.1,0.2,9.2,1.3,41.8,0.2,35.0,0.1,26.8,1.5,35.8,0.2,12.2,0.1,24.6,1.1,11.1,0.1,6.4,0.1,16.9,1.0,5.5,0.1,7.2,0.1,22.5,1.0,5.9,0.1,98.0,0.2,98.5,0.5,98.0,0.2,77.2,0.5,80.2,1.3,77.0,0.5,9.0,0.2,12.9,1.0,8.6,0.2,1.1,0.1,1.0,0.4,1.1,0.1,3.3,0.1,0.6,0.3,3.6,0.1,0.1,0.1,0.1,0.1,0.1,0.1,7.2,0.4,3.6,0.7,7.5,0.4,2.0,0.2,1.5,0.5,2.0,0.2,27.1,0.1,15.2,1.2,28.1,0.2,58.6,0.2,69.7,1.5,57.6,0.2,28013,380,33931,1555,27464,369,(X),(X),34851,1602,30325,524,(X),(X),26113,5840,24918,512,439854,863,40305,1080,399549,1306,16.3,0.5,8.2,0.8,17.2,0.5,21.4,0.5,24.9,1.5,21.1,0.6,23.2,0.5,31.9,1.9,22.4,0.5,39.0,0.6,35.0,1.7,39.4,0.6,430146,772,24748,1094,405398,1228,80.4,0.5,79.2,1.8,80.5,0.5,345780,2135,19599,1018,326181,2145,6.8,0.4,7.8,1.5,6.7,0.4,(X),(X),(X),(X),(X),(X),(X),(X),(X),(X),(X),(X),(X),(X),(X),(X),(X),(X),(X),(X),(X),(X),(X),(X),3.0,(X),(X),(X),(X),(X),5.4,(X),(X),(X),(X),(X)
5001100US0802,0802,"Congressional District 2 (111th Congress), Colorado",540061,1306,47050,1244,493011,1758,(X),(X),7.0,1.0,(X),(X),(X),(X),17.5,1.3,(X),(X),(X),(X),36.1,1.6,(X),(X),(X),(X),9.9,0.8,(X),(X),(X),(X),9.2,0.7,(X),(X),51.2,0.2,93.6,0.9,47.2,0.3,48.8,0.2,6.4,0.9,52.8,0.3,36.3,0.3,9.1,1.0,38.9,0.3,40.5,0.3,31.3,1.3,41.3,0.3,13.3,0.2,28.2,1.3,11.9,0.2,5.8,0.1,16.5,0.9,4.8,0.1,4.1,0.1,15.0,0.8,3.0,0.1,98.0,0.2,97.8,0.5,98.0,0.2,87.7,0.4,91.5,0.9,87.4,0.4,1.1,0.1,1.7,0.4,1.0,0.1,0.6,0.1,0.5,0.2,0.6,0.1,3.7,0.2,1.3,0.5,3.9,0.2,0.0,0.1,0.0,0.1,0.0,0.1,4.8,0.3,2.8,0.5,5.0,0.4,2.0,0.2,2.2,0.5,2.0,0.2,15.6,0.3,9.1,1.0,16.2,0.3,77.8,0.3,86.0,1.0,77.0,0.3,32672,412,43693,947,31596,439,(X),(X),44440,1024,38175,662,(X),(X),32559,4531,25836,580,453669,1497,46008,1225,407661,1835,9.3,0.4,4.6,0.7,9.9,0.4,21.4,0.5,23.0,1.5,21.3,0.5,28.0,0.5,36.2,1.8,27.1,0.5,41.2,0.5,36.2,1.5,41.8,0.6,486481,1474,32245,1168,454236,1856,81.7,0.5,83.2,1.5,81.6,0.5,397444,2319,26826,1126,370618,2502,5.6,0.3,5.0,0.8,5.6,0.3,(X),(X),(X),(X),(X),(X),(X),(X),(X),(X),(X),(X),(X),(X),(X),(X),(X),(X),(X),(X),(X),(X),(X),(X),2.5,(X),(X),(X),(X),(X),4.3,(X),(X),(X),(X),(X)
5001100US0803,0803,"Congressional District 3 (111th Congress), Colorado",517120,760,63469,1281,453651,1496,(X),(X),5.4,0.6,(X),(X),(X),(X),12.9,0.8,(X),(X),(X),(X),37.5,1.1,(X),(X),(X),(X),13.3,0.8,(X),(X),(X),(X),12.5,0.9,(X),(X),49.5,0.1,93.2,0.7,43.4,0.2,50.5,0.1,6.8,0.7,56.6,0.2,28.8,0.1,7.1,0.8,31.8,0.2,36.6,0.1,24.5,0.9,38.2,0.2,16.6,0.1,28.3,0.9,15.0,0.1,9.7,0.1,19.8,0.7,8.3,0.1,8.3,0.1,20.4,0.8,6.7,0.1,97.8,0.1,98.0,0.3,97.8,0.1,89.1,0.3,91.3,0.7,88.7,0.3,0.8,0.1,1.0,0.3,0.8,0.1,1.8,0.1,1.5,0.4,1.8,0.1,0.7,0.1,0.5,0.2,0.7,0.1,0.1,0.1,0.1,0.1,0.1,0.1,5.4,0.3,3.6,0.5,5.7,0.3,2.2,0.1,2.0,0.3,2.2,0.1,19.7,0.1,14.2,0.7,20.4,0.1,76.3,0.1,81.8,0.8,75.5,0.1,24674,301,33404,1063,23380,301,(X),(X),34137,1104,31031,497,(X),(X),24548,3681,18361,362,449788,897,62773,1234,387015,1535,12.8,0.3,9.3,0.6,13.3,0.4,29.2,0.4,28.0,0.9,29.4,0.4,31.7,0.5,36.6,1.2,31.0,0.6,26.3,0.5,26.1,1.1,26.3,0.5,423736,757,37978,1133,385758,1348,77.4,0.5,74.2,1.4,77.7,0.5,327779,2161,28184,1010,299595,2120,5.9,0.3,6.2,1.2,5.8,0.3,(X),(X),(X),(X),(X),(X),(X),(X),(X),(X),(X),(X),(X),(X),(X),(X),(X),(X),(X),(X),(X),(X),(X),(X),3.3,(X),(X),(X),(X),(X),5.6,(X),(X),(X),(X),(X)
5001100US0804,0804,"Congressional District 4 (111th Congress), Colorado",529570,948,53405,1334,476165,1468,(X),(X),7.3,0.9,(X),(X),(X),(X),15.6,1.0,(X),(X),(X),(X),36.6,1.2,(X),(X),(X),(X),11.3,0.8,(X),(X),(X),(X),10.7,0.7,(X),(X),50.1,0.1,93.7,0.6,45.2,0.2,49.9,0.1,6.3,0.6,54.8,0.2,34.7,0.2,8.8,1.0,37.6,0.2,37.5,0.2,27.3,1.1,38.6,0.2,13.7,0.1,27.5,1.0,12.2,0.1,7.5,0.1,18.4,0.8,6.2,0.1,6.7,0.1,17.9,0.8,5.4,0.1,98.3,0.1,98.5,0.4,98.3,0.2,90.1,0.3,92.8,0.9,89.8,0.3,1.0,0.1,1.6,0.5,0.9,0.1,0.7,0.1,1.1,0.4,0.7,0.1,1.4,0.1,0.6,0.2,1.5,0.1,0.1,0.1,0.1,0.1,0.1,0.1,5.0,0.3,2.3,0.6,5.3,0.3,1.7,0.1,1.5,0.4,1.7,0.2,16.2,0.2,7.8,1.0,17.1,0.2,79.8,0.2,88.0,1.1,78.9,0.2,25646,364,37037,1134,24300,358,(X),(X),38400,1235,31469,512,(X),(X),22059,3007,19207,381,438951,1076,52337,1303,386614,1544,12.7,0.4,8.5,1.0,13.2,0.4,25.6,0.4,26.6,1.3,25.5,0.5,30.2,0.4,34.6,1.3,29.6,0.5,31.5,0.5,30.3,1.1,31.7,0.5,454791,912,34013,1177,420778,1305,78.1,0.5,79.0,2.0,78.1,0.5,355300,2579,26881,1105,328419,2569,5.8,0.3,5.0,0.8,5.9,0.3,(X),(X),(X),(X),(X),(X),(X),(X),(X),(X),(X),(X),(X),(X),(X),(X),(X),(X),(X),(X),(X),(X),(X),(X),3.7,(X),(X),(X),(X),(X),5.1,(X),(X),(X),(X),(X)
5001100US0805,0805,"Congressional District 5 (111th Congress), Colorado",492425,1087,88931,1455,403494,1754,(X),(X),16.5,0.9,(X),(X),(X),(X),34.5,1.0,(X),(X),(X),(X),35.6,1.0,(X),(X),(X),(X),9.5,0.5,(X),(X),(X),(X),5.5,0.3,(X),(X),49.0,0.1,88.5,0.6,40.3,0.2,51.0,0.1,11.5,0.6,59.7,0.2,29.5,0.2,12.3,0.9,33.3,0.2,41.3,0.2,40.1,0.8,41.5,0.2,15.0,0.1,22.7,0.7,13.3,0.2,8.1,0.1,14.4,0.5,6.7,0.1,6.1,0.1,10.5,0.3,5.1,0.1,97.6,0.2,98.1,0.4,97.5,0.2,83.9,0.3,84.6,0.9,83.7,0.4,5.4,0.2,8.2,0.5,4.8,0.2,1.0,0.1,1.0,0.2,1.0,0.1,2.7,0.1,1.4,0.3,3.0,0.1,0.2,0.1,0.3,0.1,0.2,0.1,4.4,0.3,2.6,0.5,4.8,0.3,2.4,0.2,1.9,0.4,2.5,0.2,11.2,0.1,7.3,0.6,12.1,0.2,78.0,0.1,80.7,0.9,77.4,0.2,27742,324,44381,1029,24786,368,(X),(X),45967,1143,31228,633,(X),(X),35519,2617,20944,318,430479,1009,86758,1402,343721,1710,9.1,0.4,4.5,0.8,10.2,0.4,24.7,0.5,20.4,0.9,25.8,0.6,33.7,0.5,39.1,1.1,32.3,0.5,32.6,0.4,36.0,1.0,31.7,0.5,422672,1028,66826,1455,355846,1654,75.9,0.5,79.0,1.2,75.3,0.5,320646,2135,52806,1392,267840,2250,6.5,0.3,4.9,0.6,6.8,0.3,(X),(X),(X),(X),(X),(X),(X),(X),(X),(X),(X),(X),(X),(X),(X),(X),(X),(X),(X),(X),(X),(X),(X),(X),4.4,(X),(X),(X),(X),(X),5.5,(X),(X),(X),(X),(X)
5001100US0806,0806,"Congressional District 6 (111th Congress), Colorado",552077,1887,62092,1587,489985,2096,(X),(X),7.7,0.9,(X),(X),(X),(X),20.7,1.1,(X),(X),(X),(X),37.6,1.5,(X),(X),(X),(X),9.7,0.6,(X),(X),(X),(X),8.2,0.7,(X),(X),49.1,0.2,91.6,0.6,43.7,0.3,50.9,0.2,8.4,0.6,56.3,0.3,25.7,0.3,8.1,0.8,28.0,0.3,46.8,0.3,33.3,1.2,48.5,0.3,15.7,0.2,27.8,1.2,14.2,0.2,7.0,0.1,16.8,0.8,5.7,0.1,4.8,0.1,14.0,0.7,3.7,0.1,98.5,0.1,98.8,0.2,98.5,0.1,90.0,0.3,92.7,0.6,89.7,0.3,2.5,0.1,3.6,0.5,2.3,0.1,0.5,0.1,0.7,0.2,0.5,0.1,3.6,0.1,0.6,0.2,4.0,0.1,0.0,0.1,0.1,0.1,0.0,0.1,1.9,0.1,1.1,0.2,2.0,0.2,1.5,0.1,1.2,0.2,1.5,0.1,7.0,0.2,4.5,0.6,7.3,0.2,85.3,0.3,89.6,0.8,84.8,0.3,42019,378,54895,1044,40335,407,(X),(X),56131,1108,54980,700,(X),(X),41518,3154,31290,441,499080,1702,61580,1541,437500,1845,4.0,0.2,2.3,0.4,4.2,0.3,17.3,0.4,17.0,1.1,17.3,0.5,30.6,0.5,34.8,1.4,30.0,0.6,48.2,0.5,45.9,1.4,48.5,0.5,487023,1794,42995,1345,444028,2033,82.6,0.4,86.2,1.0,82.3,0.4,402288,2738,37059,1217,365229,2784,4.7,0.2,3.8,0.6,4.8,0.2,(X),(X),(X),(X),(X),(X),(X),(X),(X),(X),(X),(X),(X),(X),(X),(X),(X),(X),(X),(X),(X),(X),(X),(X),1.7,(X),(X),(X),(X),(X),2.7,(X),(X),(X),(X),(X)
5001100US0807,0807,"Congressional District 7 (111th Congress), Colorado",489862,2198,55634,1306,434228,2272,(X),(X),5.7,0.7,(X),(X),(X),(X),14.5,1.0,(X),(X),(X),(X),36.5,1.1,(X),(X),(X),(X),13.3,0.8,(X),(X),(X),(X),10.6,0.6,(X),(X),49.4,0.3,91.2,0.7,44.0,0.3,50.6,0.3,8.8,0.7,56.0,0.3,32.7,0.3,7.7,0.8,35.9,0.4,38.8,0.4,30.0,1.3,39.9,0.4,13.7,0.2,24.9,1.1,12.2,0.3,7.9,0.2,18.4,0.9,6.6,0.2,7.0,0.2,19.0,0.7,5.4,0.2,98.1,0.2,98.1,0.4,98.1,0.2,79.9,0.5,86.8,1.0,79.0,0.5,6.2,0.2,6.6,0.8,6.1,0.2,1.0,0.1,0.9,0.3,1.0,0.1,3.0,0.2,0.9,0.3,3.2,0.2,0.1,0.1,0.0,0.1,0.1,0.1,7.9,0.4,2.7,0.5,8.6,0.4,1.9,0.2,1.9,0.4,1.9,0.2,22.4,0.4,9.7,0.9,24.0,0.4,66.5,0.4,80.4,1.2,64.7,0.5,29021,315,40326,846,27445,324,(X),(X),40989,884,31890,531,(X),(X),31912,3217,23609,395,428589,2210,54780,1296,373809,2042,15.2,0.5,5.9,0.7,16.5,0.5,27.5,0.5,25.7,1.1,27.8,0.6,30.1,0.5,38.1,1.2,29.0,0.5,27.1,0.5,30.4,1.1,26.7,0.5,416971,2038,34840,1135,382131,2230,80.5,0.4,82.9,1.2,80.3,0.5,335731,2442,28888,1104,306843,2616,6.4,0.3,5.1,0.9,6.6,0.3,(X),(X),(X),(X),(X),(X),(X),(X),(X),(X),(X),(X),(X),(X),(X),(X),(X),(X),(X),(X),(X),(X),(X),(X),2.4,(X),(X),(X),(X),(X),4.3,(X),(X),(X),(X),(X)
5001100US0901,0901,"Congressional District 1 (111th Congress), Connecticut",532845,1223,48219,1147,484626,1690,(X),(X),4.9,0.7,(X),(X),(X),(X),8.6,1.0,(X),(X),(X),(X),31.5,1.2,(X),(X),(X),(X),13.8,0.9,(X),(X),(X),(X),16.9,1.0,(X),(X),47.0,0.2,93.7,0.7,42.3,0.2,53.0,0.2,6.3,0.7,57.7,0.2,27.4,0.3,5.8,0.9,29.5,0.3,38.8,0.2,23.1,1.1,40.4,0.3,15.2,0.2,25.2,1.1,14.2,0.2,8.8,0.1,19.8,0.8,7.8,0.1,9.8,0.2,26.2,1.1,8.2,0.2,98.7,0.1,99.0,0.3,98.7,0.1,75.9,0.4,88.3,1.0,74.7,0.4,12.8,0.2,8.6,0.9,13.3,0.3,0.2,0.1,0.1,0.1,0.2,0.1,3.6,0.1,0.4,0.2,3.9,0.1,0.0,0.1,0.0,0.1,0.0,0.1,6.1,0.3,1.6,0.4,6.6,0.3,1.3,0.1,1.0,0.3,1.3,0.1,11.2,0.2,3.9,0.6,11.9,0.3,71.4,0.3,86.2,1.1,70.0,0.3,32266,333,41201,878,31337,365,(X),(X),41815,918,40378,766,(X),(X),31744,4682,25945,416,470976,1370,47579,1139,423397,1752,13.2,0.4,10.2,0.8,13.5,0.4,29.8,0.4,31.5,1.2,29.6,0.5,25.2,0.4,31.0,1.3,24.6,0.4,31.8,0.5,27.3,1.1,32.3,0.5,433421,1331,26077,1070,407344,1729,81.2,0.5,80.2,1.6,81.3,0.5,352025,2249,20924,990,331101,2398,7.1,0.3,5.2,1.1,7.2,0.4,(X),(X),(X),(X),(X),(X),(X),(X),(X),(X),(X),(X),(X),(X),(X),(X),(X),(X),(X),(X),(X),(X),(X),(X),2.7,(X),(X),(X),(X),(X),5.1,(X),(X),(X),(X),(X)
5001100US0902,0902,"Congressional District 2 (111th Congress), Connecticut",548861,926,65289,1236,483572,1508,(X),(X),7.0,0.6,(X),(X),(X),(X),13.7,0.9,(X),(X),(X),(X),35.7,1.1,(X),(X),(X),(X),12.9,0.8,(X),(X),(X),(X),12.2,0.7,(X),(X),49.1,0.1,93.7,0.6,43.1,0.2,50.9,0.1,6.3,0.6,56.9,0.2,27.0,0.2,6.4,0.6,29.8,0.2,40.8,0.2,27.6,1.0,42.6,0.2,15.2,0.1,26.2,0.9,13.7,0.2,8.9,0.1,19.9,0.6,7.4,0.1,8.1,0.1,20.0,0.6,6.5,0.1,98.5,0.1,98.7,0.3,98.4,0.1,89.4,0.2,94.8,0.5,88.7,0.2,3.7,0.1,2.4,0.4,3.9,0.1,0.4,0.1,0.4,0.1,0.4,0.1,2.4,0.1,0.4,0.2,2.7,0.1,0.0,0.1,0.0,0.1,0.1,0.1,2.5,0.2,0.7,0.3,2.7,0.2,1.5,0.1,1.3,0.3,1.6,0.1,4.8,0.1,1.8,0.4,5.2,0.1,87.5,0.2,93.9,0.5,86.6,0.2,32959,336,45177,801,31100,355,(X),(X),46056,897,42109,548,(X),(X),31186,3839,24827,399,474000,971,64331,1245,409669,1595,10.1,0.3,8.6,0.7,10.3,0.3,30.8,0.5,33.8,1.2,30.4,0.6,26.7,0.4,29.1,1.1,26.3,0.5,32.4,0.5,28.4,1.1,33.0,0.6,455591,908,39282,1088,416309,1397,79.5,0.4,81.5,1.2,79.3,0.5,362179,2143,32008,992,330171,2286,5.5,0.3,4.7,0.9,5.6,0.3,(X),(X),(X),(X),(X),(X),(X),(X),(X),(X),(X),(X),(X),(X),(X),(X),(X),(X),(X),(X),(X),(X),(X),(X),2.5,(X),(X),(X),(X),(X),3.8,(X),(X),(X),(X),(X)
5001100US0903,0903,"Congressional District 3 (111th Congress), Connecticut",542338,1979,48218,1246,494120,2226,(X),(X),4.4,0.7,(X),(X),(X),(X),7.7,0.9,(X),(X),(X),(X),32.5,1.3,(X),(X),(X),(X),14.2,1.0,(X),(X),(X),(X),18.3,0.9,(X),(X),47.4,0.2,94.2,0.6,42.8,0.2,52.6,0.2,5.8,0.6,57.2,0.2,30.1,0.2,5.4,0.8,32.5,0.3,37.8,0.3,21.3,1.0,39.4,0.3,14.6,0.2,25.4,1.2,13.5,0.2,8.4,0.1,20.6,0.9,7.3,0.2,9.1,0.3,27.3,1.0,7.4,0.2,98.8,0.1,99.2,0.2,98.8,0.1,79.9,0.3,89.2,1.0,79.0,0.3,11.6,0.2,8.9,1.0,11.9,0.3,0.2,0.1,0.1,0.1,0.2,0.1,3.6,0.1,0.3,0.1,4.0,0.2,0.0,0.1,0.0,0.1,0.0,0.1,3.4,0.2,0.8,0.3,3.7,0.2,1.2,0.1,0.8,0.2,1.2,0.1,9.0,0.2,3.4,0.6,9.5,0.3,74.8,0.3,86.9,1.1,73.6,0.3,32017,317,39474,1280,31315,315,(X),(X),39468,1312,40718,575,(X),(X),39592,7761,25549,444,470785,1989,47689,1202,423096,2169,11.3,0.3,12.2,0.8,11.2,0.3,31.4,0.5,34.2,1.3,31.1,0.5,24.9,0.5,29.7,1.3,24.3,0.5,32.4,0.5,23.9,1.3,33.4,0.5,447019,1464,25124,915,421895,1728,80.5,0.5,79.8,1.8,80.5,0.6,359675,2754,20056,882,339619,2810,6.6,0.3,5.6,1.1,6.7,0.3,(X),(X),(X),(X),(X),(X),(X),(X),(X),(X),(X),(X),(X),(X),(X),(X),(X),(X),(X),(X),(X),(X),(X),(X),3.0,(X),(X),(X),(X),(X),5.8,(X),(X),(X),(X),(X)
5001100US0904,0904,"Congressional District 4 (111th Congress), Connecticut",510031,1233,35244,935,474787,1555,(X),(X),4.2,0.8,(X),(X),(X),(X),5.7,0.9,(X),(X),(X),(X),30.2,1.5,(X),(X),(X),(X),15.9,1.0,(X),(X),(X),(X),21.0,1.1,(X),(X),47.8,0.2,96.7,0.6,44.1,0.2,52.2,0.2,3.3,0.6,55.9,0.2,25.7,0.2,4.6,0.9,27.3,0.3,42.3,0.2,13.9,1.1,44.4,0.2,14.5,0.2,24.5,1.3,13.8,0.2,8.7,0.1,24.0,1.1,7.5,0.1,8.8,0.2,33.0,1.1,7.0,0.2,99.2,0.1,99.8,0.1,99.1,0.1,78.2,0.4,90.0,1.0,77.3,0.4,10.8,0.2,7.9,0.9,11.0,0.2,0.1,0.1,0.2,0.2,0.1,0.1,4.1,0.2,0.7,0.3,4.3,0.2,0.0,0.1,0.0,0.1,0.0,0.1,6.0,0.3,1.1,0.4,6.4,0.4,0.8,0.1,0.2,0.1,0.9,0.1,14.3,0.2,4.1,0.7,15.1,0.2,69.7,0.3,87.1,1.1,68.4,0.3,37129,580,48233,2352,36232,598,(X),(X),48954,2364,50988,995,(X),(X),19873,11372,27420,562,453295,1422,34965,947,418330,1649,11.5,0.4,8.6,0.9,11.7,0.4,22.7,0.5,26.5,1.5,22.4,0.5,20.2,0.4,22.4,1.5,20.0,0.4,45.7,0.5,42.4,1.6,45.9,0.5,420811,1190,15146,735,405665,1415,78.5,0.5,80.7,2.2,78.4,0.5,330255,2322,12230,650,318025,2316,6.7,0.4,5.2,1.2,6.8,0.4,(X),(X),(X),(X),(X),(X),(X),(X),(X),(X),(X),(X),(X),(X),(X),(X),(X),(X),(X),(X),(X),(X),(X),(X),2.9,(X),(X),(X),(X),(X),6.1,(X),(X),(X),(X),(X)
5001100US0905,0905,"Congressional District 5 (111th Congress), Connecticut",531209,1743,47730,1089,483479,1874,(X),(X),3.5,0.6,(X),(X),(X),(X),7.9,0.7,(X),(X),(X),(X),32.5,1.2,(X),(X),(X),(X),14.0,0.8,(X),(X),(X),(X),17.4,1.1,(X),(X),48.1,0.3,94.6,0.6,43.5,0.3,51.9,0.3,5.4,0.6,56.5,0.3,26.1,0.4,4.9,0.6,28.2,0.4,40.4,0.4,21.2,1.2,42.3,0.4,15.1,0.3,26.3,1.1,14.0,0.3,8.8,0.2,20.9,0.9,7.6,0.2,9.5,0.3,26.6,1.1,7.8,0.3,98.6,0.1,99.0,0.4,98.6,0.2,85.7,0.4,93.3,0.7,85.0,0.4,5.3,0.3,4.1,0.5,5.4,0.3,0.2,0.1,0.1,0.1,0.2,0.1,2.7,0.2,0.3,0.2,3.0,0.2,0.1,0.1,0.1,0.1,0.1,0.1,4.6,0.2,1.2,0.3,5.0,0.3,1.4,0.1,1.0,0.4,1.4,0.2,11.5,0.3,3.6,0.6,12.3,0.4,79.3,0.4,90.9,0.8,78.1,0.4,32457,420,41396,1181,31649,413,(X),(X),42086,1266,42494,774,(X),(X),31218,3962,25019,467,470900,2046,47426,1078,423474,1994,12.9,0.4,11.3,0.9,13.0,0.4,29.1,0.5,31.8,1.3,28.8,0.6,24.6,0.4,27.3,1.2,24.3,0.5,33.5,0.4,29.7,1.1,33.9,0.5,433647,1748,25018,972,408629,1893,80.3,0.4,81.4,1.8,80.2,0.4,348078,2365,20353,885,327725,2377,6.6,0.4,5.3,1.0,6.7,0.4,(X),(X),(X),(X),(X),(X),(X),(X),(X),(X),(X),(X),(X),(X),(X),(X),(X),(X),(X),(X),(X),(X),(X),(X),2.5,(X),(X),(X),(X),(X),5.1,(X),(X),(X),(X),(X)
5001100US1000,1000,"Congressional District (at Large) (111th Congress), Delaware",655226,456,78336,1526,576890,1632,(X),(X),8.3,0.7,(X),(X),(X),(X),14.5,0.9,(X),(X),(X),(X),33.6,1.0,(X),(X),(X),(X),14.0,0.6,(X),(X),(X),(X),12.5,0.5,(X),(X),47.6,0.1,92.8,0.6,41.4,0.2,52.4,0.1,7.2,0.6,58.6,0.2,29.3,0.1,7.3,0.7,32.3,0.1,37.5,0.1,27.1,0.9,38.9,0.1,15.1,0.1,25.1,0.7,13.7,0.1,9.6,0.1,19.3,0.6,8.3,0.1,8.5,0.1,21.3,0.5,6.8,0.1,98.9,0.1,99.0,0.2,98.9,0.1,74.8,0.1,81.2,0.7,73.9,0.2,19.3,0.1,16.4,0.7,19.7,0.1,0.3,0.1,0.3,0.1,0.3,0.1,2.8,0.1,0.6,0.2,3.1,0.1,0.0,0.1,0.0,0.1,0.0,0.1,1.7,0.1,0.5,0.2,1.9,0.1,1.1,0.1,1.0,0.2,1.1,0.1,5.4,0.1,1.6,0.3,5.9,0.1,71.4,0.1,80.3,0.7,70.2,0.1,29711,271,38417,761,28254,305,(X),(X),38962,799,36259,602,(X),(X),31615,2119,23595,375,574775,333,77085,1546,497690,1578,13.5,0.3,10.1,0.7,14.1,0.4,32.3,0.4,33.8,1.1,32.1,0.5,26.6,0.4,31.8,1.1,25.8,0.4,27.5,0.5,24.3,1.0,28.0,0.6,536377,480,46600,1252,489777,1394,77.4,0.4,79.4,1.1,77.3,0.5,415386,2290,36983,1163,378403,2666,6.2,0.3,4.8,0.8,6.3,0.3,(X),(X),(X),(X),(X),(X),(X),(X),(X),(X),(X),(X),(X),(X),(X),(X),(X),(X),(X),(X),(X),(X),(X),(X),2.4,(X),(X),(X),(X),(X),4.5,(X),(X),(X),(X),(X)
5001100US1198,1198,"Delegate District (at Large) (111th Congress), District of Columbia",471582,390,34551,988,437031,1036,(X),(X),9.7,1.0,(X),(X),(X),(X),13.8,1.5,(X),(X),(X),(X),29.5,1.6,(X),(X),(X),(X),12.2,1.2,(X),(X),(X),(X),12.6,1.0,(X),(X),46.1,0.1,91.9,0.9,42.5,0.1,53.9,0.1,8.1,0.9,57.5,0.1,36.9,0.1,9.2,1.2,39.1,0.1,34.7,0.1,28.8,1.8,35.2,0.2,13.6,0.1,21.5,1.3,13.0,0.1,7.7,0.1,18.9,1.2,6.8,0.1,7.0,0.1,21.6,1.0,5.9,0.1,98.6,0.1,98.6,0.5,98.6,0.1,38.9,0.3,35.5,1.8,39.2,0.3,52.6,0.2,60.9,1.8,52.0,0.2,0.3,0.1,0.3,0.3,0.3,0.1,3.2,0.1,1.0,0.5,3.3,0.1,0.1,0.1,0.1,0.1,0.1,0.1,3.6,0.3,0.9,0.4,3.8,0.3,1.4,0.1,1.4,0.5,1.4,0.1,7.8,0.1,2.1,0.6,8.2,0.1,35.0,0.1,34.6,1.8,35.1,0.2,34439,510,40698,1519,34046,527,(X),(X),40610,1645,38607,927,(X),(X),42577,7909,31126,527,402381,453,33970,994,368411,1168,14.6,0.4,11.8,1.4,14.8,0.4,20.8,0.5,24.7,1.8,20.4,0.5,17.6,0.5,23.4,1.8,17.1,0.4,47.0,0.5,40.1,1.8,47.7,0.5,402033,385,20551,869,381482,910,75.8,0.5,74.9,2.5,75.9,0.5,304768,2164,15402,811,289366,2140,9.2,0.4,8.5,1.6,9.2,0.4,(X),(X),(X),(X),(X),(X),(X),(X),(X),(X),(X),(X),(X),(X),(X),(X),(X),(X),(X),(X),(X),(X),(X),(X),5.8,(X),(X),(X),(X),(X),9.3,(X),(X),(X),(X),(X)
5001100US1201,1201,"Congressional District 1 (111th Congress), Florida",510586,1680,96607,1825,413979,2328,(X),(X),16.0,0.9,(X),(X),(X),(X),27.9,0.9,(X),(X),(X),(X),38.3,1.1,(X),(X),(X),(X),12.5,0.6,(X),(X),(X),(X),8.3,0.5,(X),(X),48.0,0.2,88.1,0.7,38.7,0.3,52.0,0.2,11.9,0.7,61.3,0.3,29.2,0.2,12.1,0.9,33.2,0.3,37.1,0.2,34.1,1.0,37.8,0.3,15.4,0.1,22.5,0.8,13.8,0.2,9.8,0.1,16.4,0.5,8.3,0.1,8.5,0.1,14.8,0.5,7.0,0.1,97.9,0.1,98.5,0.3,97.8,0.2,80.4,0.1,86.0,0.9,79.1,0.3,13.3,0.1,10.1,0.7,14.0,0.2,0.8,0.1,0.8,0.2,0.8,0.1,2.4,0.1,1.1,0.2,2.8,0.1,0.1,0.1,0.1,0.1,0.2,0.1,0.9,0.1,0.4,0.1,1.0,0.1,2.1,0.1,1.5,0.3,2.2,0.2,3.6,0.1,2.7,0.3,3.8,0.1,77.9,0.1,84.0,0.9,76.5,0.3,23683,295,37954,933,20715,290,(X),(X),39337,929,26475,597,(X),(X),28203,2301,17901,320,444752,1333,93073,1735,351679,2217,14.2,0.4,5.7,0.5,16.4,0.4,30.9,0.5,26.6,0.9,32.1,0.6,32.5,0.5,39.4,1.0,30.7,0.5,22.3,0.5,28.2,1.0,20.8,0.5,417301,1660,66401,1682,350900,2209,73.1,0.6,77.9,1.2,72.2,0.6,305125,2530,51694,1745,253431,2491,7.6,0.4,4.9,0.7,8.2,0.5,(X),(X),(X),(X),(X),(X),(X),(X),(X),(X),(X),(X),(X),(X),(X),(X),(X),(X),(X),(X),(X),(X),(X),(X),3.1,(X),(X),(X),(X),(X),4.8,(X),(X),(X),(X),(X)
5001100US1202,1202,"Congressional District 2 (111th Congress), Florida",548351,1664,73482,1482,474869,2045,(X),(X),9.5,0.9,(X),(X),(X),(X),18.6,1.1,(X),(X),(X),(X),36.4,1.1,(X),(X),(X),(X),12.2,0.7,(X),(X),(X),(X),9.6,0.6,(X),(X),49.3,0.1,92.1,0.8,42.6,0.3,50.7,0.1,7.9,0.8,57.4,0.3,34.6,0.2,8.2,1.0,38.7,0.3,34.3,0.2,31.8,1.1,34.7,0.3,14.6,0.1,25.2,0.9,13.0,0.2,8.7,0.1,17.5,0.8,7.4,0.1,7.7,0.1,17.4,0.6,6.2,0.1,98.7,0.1,98.5,0.6,98.7,0.1,73.8,0.2,83.1,1.0,72.4,0.3,21.5,0.2,14.0,0.8,22.7,0.2,0.5,0.1,0.4,0.2,0.5,0.1,1.6,0.1,0.4,0.1,1.7,0.1,0.0,0.1,0.0,0.1,0.1,0.1,1.2,0.1,0.5,0.2,1.4,0.2,1.3,0.1,1.5,0.6,1.3,0.1,4.1,0.1,1.9,0.3,4.4,0.1,71.3,0.2,81.8,1.0,69.6,0.2,22570,368,36685,1077,20676,334,(X),(X),37716,961,24617,775,(X),(X),27442,3619,18358,391,442535,1446,71861,1417,370674,1773,16.0,0.5,8.2,0.9,17.5,0.5,31.0,0.5,28.5,1.3,31.5,0.6,28.5,0.5,36.7,1.2,27.0,0.5,24.4,0.6,26.6,1.2,24.0,0.6,458025,1593,47875,1428,410150,1942,70.4,0.6,73.0,1.3,70.1,0.7,322306,3206,34953,1185,287353,3310,7.4,0.4,5.0,1.1,7.7,0.5,(X),(X),(X),(X),(X),(X),(X),(X),(X),(X),(X),(X),(X),(X),(X),(X),(X),(X),(X),(X),(X),(X),(X),(X),3.9,(X),(X),(X),(X),(X),7.0,(X),(X),(X),(X),(X)
5001100US1203,1203,"Congressional District 3 (111th Congress), Florida",479854,4776,51471,1581,428383,4744,(X),(X),10.0,1.2,(X),(X),(X),(X),18.0,1.4,(X),(X),(X),(X),31.5,1.7,(X),(X),(X),(X),12.7,0.9,(X),(X),(X),(X),9.9,0.8,(X),(X),47.6,0.4,91.5,0.9,42.4,0.5,52.4,0.4,8.5,0.9,57.6,0.5,35.6,0.5,11.9,1.4,38.5,0.6,36.5,0.5,33.9,1.8,36.8,0.5,13.1,0.3,22.4,1.4,11.9,0.3,7.7,0.2,14.5,0.9,6.9,0.2,7.1,0.2,17.3,1.0,5.9,0.2,98.9,0.1,99.1,0.2,98.8,0.1,43.8,0.6,59.2,1.9,41.9,0.6,48.3,0.5,37.3,1.7,49.6,0.6,0.4,0.1,0.5,0.2,0.4,0.1,2.0,0.2,0.7,0.3,2.2,0.2,0.1,0.1,0.1,0.1,0.1,0.1,4.3,0.4,1.3,0.4,4.7,0.4,1.1,0.1,0.9,0.2,1.2,0.1,9.4,0.4,4.1,0.6,10.1,0.5,38.9,0.6,56.8,1.9,36.8,0.6,20332,305,29458,1029,19383,320,(X),(X),29718,1050,21745,455,(X),(X),24727,3914,17627,346,403640,4294,50397,1444,353243,4153,21.9,0.5,12.2,1.2,23.2,0.5,36.2,0.7,34.7,1.6,36.4,0.7,27.3,0.6,37.9,1.4,25.7,0.6,14.7,0.5,15.3,1.0,14.6,0.5,408592,4409,35135,1383,373457,4383,73.7,0.7,75.3,1.8,73.5,0.7,301116,3872,26465,1258,274651,3845,10.7,0.5,8.5,1.4,10.9,0.6,(X),(X),(X),(X),(X),(X),(X),(X),(X),(X),(X),(X),(X),(X),(X),(X),(X),(X),(X),(X),(X),(X),(X),(X),5.8,(X),(X),(X),(X),(X),8.9,(X),(X),(X),(X),(X)
5001100US1204,1204,"Congressional District 4 (111th Congress), Florida",539605,2410,76770,1820,462835,2849,(X),(X),12.0,0.8,(X),(X),(X),(X),24.3,1.2,(X),(X),(X),(X),33.2,1.1,(X),(X),(X),(X),9.9,0.5,(X),(X),(X),(X),10.0,0.7,(X),(X),49.0,0.2,91.1,0.7,42.1,0.3,51.0,0.2,8.9,0.7,57.9,0.3,31.2,0.3,11.8,1.0,34.4,0.4,38.6,0.3,33.4,1.1,39.5,0.4,14.8,0.2,24.0,0.8,13.3,0.2,8.0,0.1,14.7,0.7,6.8,0.1,7.4,0.2,16.0,0.6,6.0,0.2,98.9,0.1,98.8,0.3,98.9,0.1,80.2,0.3,83.9,1.1,79.6,0.3,13.4,0.3,12.6,0.9,13.5,0.3,0.4,0.1,0.4,0.2,0.4,0.1,3.4,0.1,1.1,0.2,3.8,0.2,0.1,0.1,0.1,0.1,0.1,0.1,1.5,0.2,0.7,0.2,1.6,0.2,1.1,0.1,1.2,0.3,1.1,0.1,5.4,0.2,3.2,0.5,5.8,0.2,76.5,0.3,81.7,1.1,75.6,0.3,29251,394,39113,896,27312,372,(X),(X),40229,938,33524,614,(X),(X),31220,1703,23417,430,472739,2022,74591,1770,398148,2512,12.2,0.4,7.0,0.6,13.2,0.4,30.3,0.6,28.2,1.1,30.7,0.7,30.2,0.6,38.6,1.3,28.7,0.6,27.3,0.5,26.2,1.1,27.5,0.6,456634,2276,53172,1599,403462,2626,76.9,0.6,80.1,1.1,76.5,0.6,351378,3318,42573,1358,308805,3366,6.3,0.4,6.3,0.8,6.3,0.4,(X),(X),(X),(X),(X),(X),(X),(X),(X),(X),(X),(X),(X),(X),(X),(X),(X),(X),(X),(X),(X),(X),(X),(X),5.1,(X),(X),(X),(X),(X),6.9,(X),(X),(X),(X),(X)
5001100US1205,1205,"Congressional District 5 (111th Congress), Florida",693207,3221,115501,2185,577706,3398,(X),(X),4.0,0.5,(X),(X),(X),(X),10.1,0.7,(X),(X),(X),(X),31.2,0.9,(X),(X),(X),(X),19.2,0.7,(X),(X),(X),(X),17.2,0.8,(X),(X),48.7,0.2,94.4,0.4,39.5,0.3,51.3,0.2,5.6,0.4,60.5,0.3,21.1,0.2,4.2,0.5,24.4,0.3,32.3,0.2,19.5,0.8,34.8,0.3,17.7,0.2,23.0,0.7,16.6,0.2,15.3,0.2,24.6,0.6,13.5,0.2,13.6,0.2,28.7,0.7,10.6,0.2,99.0,0.1,99.4,0.2,98.9,0.1,89.6,0.3,94.8,0.5,88.6,0.3,5.4,0.2,3.1,0.3,5.9,0.2,0.4,0.1,0.3,0.1,0.4,0.1,1.5,0.1,0.4,0.1,1.7,0.1,0.1,0.1,0.1,0.1,0.1,0.1,2.0,0.2,0.7,0.2,2.3,0.2,1.0,0.1,0.6,0.2,1.1,0.1,8.5,0.2,3.8,0.4,9.4,0.2,83.4,0.2,91.8,0.6,81.7,0.3,23156,286,30731,605,21531,260,(X),(X),31098,630,29202,459,(X),(X),22411,3374,17594,309,637307,3073,115062,2154,522245,3142,15.0,0.4,11.1,0.6,15.8,0.4,36.0,0.6,34.1,1.1,36.4,0.6,30.5,0.5,34.3,1.0,29.7,0.5,18.5,0.4,20.6,0.8,18.1,0.4,492302,2865,53921,1550,438381,3082,70.2,0.5,65.3,1.5,70.8,0.5,345739,2885,35213,1329,310526,2818,8.1,0.4,7.1,1.1,8.2,0.4,(X),(X),(X),(X),(X),(X),(X),(X),(X),(X),(X),(X),(X),(X),(X),(X),(X),(X),(X),(X),(X),(X),(X),(X),3.2,(X),(X),(X),(X),(X),5.5,(X),(X),(X),(X),(X)
5001100US1206,1206,"Congressional District 6 (111th Congress), Florida",609217,2963,96558,1698,512659,3446,(X),(X),9.4,0.7,(X),(X),(X),(X),19.2,0.9,(X),(X),(X),(X),31.6,0.9,(X),(X),(X),(X),14.6,0.8,(X),(X),(X),(X),12.6,0.7,(X),(X),48.3,0.3,91.2,0.6,40.2,0.3,51.7,0.3,8.8,0.6,59.8,0.3,30.8,0.2,8.0,0.7,35.0,0.3,33.4,0.3,28.6,0.9,34.3,0.3,14.6,0.2,21.5,0.7,13.3,0.2,11.2,0.2,19.8,0.7,9.6,0.2,10.1,0.2,22.0,0.8,7.8,0.2,98.6,0.1,98.8,0.2,98.6,0.1,81.3,0.4,86.7,0.7,80.3,0.4,12.4,0.3,10.2,0.7,12.8,0.3,0.3,0.1,0.4,0.1,0.3,0.1,2.8,0.1,0.9,0.3,3.2,0.1,0.1,0.1,0.1,0.1,0.1,0.1,1.7,0.2,0.5,0.2,1.9,0.2,1.4,0.1,1.2,0.2,1.4,0.1,6.8,0.2,3.1,0.4,7.5,0.2,76.6,0.4,84.3,0.8,75.1,0.4,24272,294,35376,707,21974,275,(X),(X),35808,680,27929,590,(X),(X),31110,2651,18804,309,506748,2370,94908,1618,411840,2920,13.0,0.4,8.5,0.6,14.0,0.5,33.0,0.4,30.9,1.0,33.4,0.5,30.6,0.5,36.5,1.1,29.3,0.5,23.4,0.4,24.1,1.0,23.3,0.4,479519,3019,56148,1601,423371,3517,72.2,0.5,76.9,1.2,71.6,0.6,346247,3387,43166,1444,303081,3412,6.9,0.4,6.6,1.0,6.9,0.4,(X),(X),(X),(X),(X),(X),(X),(X),(X),(X),(X),(X),(X),(X),(X),(X),(X),(X),(X),(X),(X),(X),(X),(X),4.7,(X),(X),(X),(X),(X),5.8,(X),(X),(X),(X),(X)
5001100US1207,1207,"Congressional District 7 (111th Congress), Florida",610358,3106,83815,1715,526543,3176,(X),(X),5.3,0.5,(X),(X),(X),(X),13.3,0.9,(X),(X),(X),(X),34.4,0.9,(X),(X),(X),(X),16.3,0.8,(X),(X),(X),(X),16.4,0.7,(X),(X),48.2,0.2,93.7,0.6,41.0,0.3,51.8,0.2,6.3,0.6,59.0,0.3,25.2,0.3,6.0,0.6,28.2,0.3,36.6,0.3,24.4,1.1,38.5,0.3,16.2,0.2,24.0,0.8,14.9,0.2,10.9,0.2,19.7,0.8,9.5,0.2,11.2,0.2,25.9,0.8,8.9,0.2,98.9,0.1,99.2,0.2,98.8,0.1,85.2,0.3,91.0,0.6,84.3,0.3,8.6,0.2,6.1,0.5,9.0,0.2,0.3,0.1,0.5,0.2,0.3,0.1,2.3,0.1,0.8,0.2,2.6,0.1,0.0,0.1,0.0,0.1,0.0,0.1,2.4,0.2,0.9,0.2,2.6,0.3,1.1,0.1,0.8,0.2,1.2,0.1,9.0,0.2,4.4,0.5,9.7,0.2,78.9,0.3,87.7,0.7,77.5,0.3,26379,296,35128,933,25014,353,(X),(X),35735,1017,31897,592,(X),(X),27302,3698,20462,378,545142,2698,83046,1686,462096,2710,11.3,0.4,8.6,0.7,11.8,0.4,29.5,0.5,28.3,1.4,29.7,0.5,31.6,0.5,34.0,1.2,31.2,0.5,27.5,0.5,29.1,1.2,27.2,0.6,475657,2764,45607,1481,430050,3048,75.0,0.5,76.2,1.4,74.9,0.6,356869,3107,34735,1426,322134,3360,6.2,0.3,5.4,0.9,6.3,0.3,(X),(X),(X),(X),(X),(X),(X),(X),(X),(X),(X),(X),(X),(X),(X),(X),(X),(X),(X),(X),(X),(X),(X),(X),4.4,(X),(X),(X),(X),(X),6.2,(X),(X),(X),(X),(X)
5001100US1208,1208,"Congressional District 8 (111th Congress), Florida",592222,4534,61989,1628,530233,3781,(X),(X),6.2,0.7,(X),(X),(X),(X),14.1,0.9,(X),(X),(X),(X),33.3,1.2,(X),(X),(X),(X),15.9,1.0,(X),(X),(X),(X),13.5,1.0,(X),(X),48.4,0.3,92.7,0.9,43.2,0.3,51.6,0.3,7.3,0.9,56.8,0.3,32.7,0.3,7.5,0.8,35.6,0.4,37.5,0.4,27.7,1.2,38.6,0.4,13.1,0.2,23.2,1.0,11.9,0.3,8.3,0.1,17.8,0.8,7.2,0.2,8.5,0.2,23.8,0.9,6.7,0.2,98.6,0.1,99.2,0.2,98.5,0.2,79.2,0.5,88.3,1.0,78.1,0.5,8.8,0.3,6.9,0.7,9.0,0.3,0.3,0.1,0.6,0.3,0.3,0.1,4.0,0.2,0.8,0.3,4.4,0.2,0.1,0.1,0.1,0.1,0.1,0.1,6.2,0.3,2.6,0.5,6.6,0.3,1.4,0.1,0.8,0.2,1.5,0.2,20.6,0.3,9.9,0.7,21.8,0.4,65.3,0.4,81.4,1.1,63.4,0.4,26636,298,34973,993,25761,310,(X),(X),35833,1019,31396,527,(X),(X),24252,3935,21502,353,523728,4121,61199,1603,462529,3351,12.1,0.4,8.8,0.8,12.5,0.5,28.7,0.5,28.1,1.3,28.8,0.5,30.0,0.5,36.5,1.5,29.1,0.5,29.2,0.6,26.5,1.4,29.6,0.6,492681,3803,36239,1214,456442,3362,79.7,0.6,78.7,1.8,79.8,0.6,392774,3719,28525,1085,364249,3487,6.8,0.3,5.8,1.3,6.8,0.3,(X),(X),(X),(X),(X),(X),(X),(X),(X),(X),(X),(X),(X),(X),(X),(X),(X),(X),(X),(X),(X),(X),(X),(X),4.1,(X),(X),(X),(X),(X),6.7,(X),(X),(X),(X),(X)
5001100US1209,1209,"Congressional District 9 (111th Congress), Florida",574258,3548,78140,1721,496118,3373,(X),(X),5.3,0.7,(X),(X),(X),(X),13.2,0.8,(X),(X),(X),(X),30.8,1.0,(X),(X),(X),(X),15.9,0.8,(X),(X),(X),(X),19.2,0.9,(X),(X),47.9,0.3,93.6,0.6,40.7,0.4,52.1,0.3,6.4,0.6,59.3,0.4,24.6,0.4,6.0,0.7,27.5,0.4,37.7,0.4,23.3,1.1,40.0,0.4,15.4,0.2,23.0,0.9,14.2,0.3,9.8,0.2,19.0,0.8,8.3,0.2,12.5,0.3,28.8,1.0,9.9,0.3,99.0,0.1,99.2,0.2,99.0,0.1,89.6,0.4,94.0,0.7,88.9,0.4,4.6,0.3,4.0,0.6,4.7,0.3,0.3,0.1,0.3,0.1,0.3,0.1,2.9,0.2,0.4,0.2,3.2,0.2,0.1,0.1,0.1,0.1,0.1,0.1,1.6,0.2,0.5,0.2,1.8,0.2,1.0,0.1,0.8,0.2,1.0,0.1,9.8,0.3,3.9,0.5,10.7,0.3,81.7,0.4,90.6,0.8,80.3,0.4,27660,404,34981,1028,26470,385,(X),(X),35471,1176,34245,752,(X),(X),29668,2859,21694,328,517957,3376,77409,1745,440548,3009,11.4,0.4,9.0,0.8,11.8,0.4,29.7,0.5,29.3,1.3,29.8,0.5,29.9,0.6,34.8,1.3,29.0,0.6,29.0,0.5,26.9,1.2,29.4,0.5,446156,3008,40763,1494,405393,3131,77.2,0.5,76.0,1.5,77.3,0.5,344441,2772,30993,1209,313448,3038,6.2,0.4,6.5,1.1,6.2,0.4,(X),(X),(X),(X),(X),(X),(X),(X),(X),(X),(X),(X),(X),(X),(X),(X),(X),(X),(X),(X),(X),(X),(X),(X),2.2,(X),(X),(X),(X),(X),4.6,(X),(X),(X),(X),(X)
5001100US1210,1210,"Congressional District 10 (111th Congress), Florida",515854,2453,76025,1899,439829,2807,(X),(X),5.3,0.7,(X),(X),(X),(X),10.7,0.9,(X),(X),(X),(X),32.2,1.1,(X),(X),(X),(X),16.8,0.8,(X),(X),(X),(X),19.0,0.9,(X),(X),47.4,0.3,92.8,0.7,39.6,0.4,52.6,0.3,7.2,0.7,60.4,0.4,22.3,0.3,6.0,0.7,25.1,0.3,35.3,0.3,22.7,1.0,37.4,0.3,16.3,0.2,23.2,0.7,15.1,0.2,11.1,0.1,18.8,0.7,9.8,0.2,15.0,0.2,29.3,0.8,12.5,0.2,99.0,0.1,98.9,0.2,99.0,0.1,90.1,0.3,93.9,0.8,89.5,0.3,4.4,0.3,3.6,0.6,4.5,0.3,0.3,0.1,0.5,0.2,0.2,0.1,3.1,0.1,0.5,0.1,3.6,0.1,0.0,0.1,0.0,0.1,0.1,0.1,1.1,0.1,0.5,0.2,1.2,0.2,1.0,0.1,1.1,0.2,1.0,0.1,5.7,0.2,2.7,0.4,6.3,0.2,85.8,0.3,91.9,0.8,84.7,0.4,26734,300,33413,779,25678,317,(X),(X),33563,780,31395,580,(X),(X),31212,3146,22126,352,471921,2282,75480,1910,396441,2604,12.0,0.4,8.8,0.7,12.6,0.4,30.6,0.5,28.1,1.2,31.1,0.6,30.9,0.5,34.3,1.2,30.3,0.5,26.5,0.5,28.8,1.2,26.1,0.6,381160,2208,39453,1419,341707,2479,76.8,0.5,75.0,1.8,77.0,0.6,292764,2610,29575,1092,263189,2573,6.0,0.3,5.8,1.0,6.0,0.3,(X),(X),(X),(X),(X),(X),(X),(X),(X),(X),(X),(X),(X),(X),(X),(X),(X),(X),(X),(X),(X),(X),(X),(X),3.4,(X),(X),(X),(X),(X),5.7,(X),(X),(X),(X),(X)
5001100US1211,1211,"Congressional District 11 (111th Congress), Florida",503742,3226,50505,1437,453237,3355,(X),(X),8.5,1.1,(X),(X),(X),(X),18.5,1.5,(X),(X),(X),(X),32.3,1.1,(X),(X),(X),(X),11.8,0.9,(X),(X),(X),(X),11.1,1.0,(X),(X),47.8,0.3,90.2,0.8,43.1,0.4,52.2,0.3,9.8,0.8,56.9,0.4,34.8,0.4,11.4,1.3,37.4,0.5,36.9,0.4,31.6,1.6,37.5,0.5,12.8,0.2,23.1,1.2,11.7,0.3,7.6,0.2,15.7,0.9,6.7,0.2,7.9,0.2,18.2,1.1,6.7,0.2,98.5,0.2,98.7,0.4,98.5,0.2,66.2,0.5,73.5,1.4,65.4,0.5,25.7,0.4,23.0,1.3,26.0,0.4,0.3,0.1,0.3,0.1,0.3,0.1,2.7,0.2,0.7,0.3,2.9,0.2,0.1,0.1,0.0,0.1,0.1,0.1,3.4,0.3,1.2,0.4,3.7,0.3,1.5,0.2,1.3,0.4,1.5,0.2,23.3,0.4,10.7,1.0,24.7,0.5,47.8,0.5,65.1,1.5,45.8,0.5,22947,344,32106,824,22000,289,(X),(X),32136,977,25590,467,(X),(X),31944,2213,19431,399,433370,2909,49729,1392,383641,2976,18.7,0.5,10.2,1.1,19.8,0.5,31.1,0.6,29.9,1.3,31.3,0.6,26.3,0.5,35.9,1.4,25.1,0.6,23.8,0.5,24.0,1.3,23.8,0.6,425671,3211,33359,1271,392312,3300,77.4,0.5,79.2,1.8,77.2,0.5,329383,3084,26406,1202,302977,3114,8.7,0.4,6.7,1.5,8.8,0.5,(X),(X),(X),(X),(X),(X),(X),(X),(X),(X),(X),(X),(X),(X),(X),(X),(X),(X),(X),(X),(X),(X),(X),(X),3.2,(X),(X),(X),(X),(X),6.7,(X),(X),(X),(X),(X)
5001100US1212,1212,"Congressional District 12 (111th Congress), Florida",579519,2680,74369,1563,505150,2783,(X),(X),6.6,0.7,(X),(X),(X),(X),15.6,1.2,(X),(X),(X),(X),30.8,0.9,(X),(X),(X),(X),15.4,0.7,(X),(X),(X),(X),15.5,0.7,(X),(X),48.4,0.2,92.3,0.5,42.0,0.2,51.6,0.2,7.7,0.5,58.0,0.2,29.5,0.3,8.0,0.7,32.6,0.3,35.2,0.3,25.1,1.0,36.7,0.4,14.4,0.2,22.6,0.7,13.2,0.2,10.5,0.2,19.2,0.8,9.2,0.2,10.5,0.2,25.1,0.8,8.3,0.2,98.4,0.1,98.9,0.3,98.3,0.1,79.0,0.4,87.5,0.8,77.7,0.4,13.3,0.3,9.4,0.7,13.9,0.3,0.3,0.1,0.3,0.1,0.3,0.1,1.6,0.1,0.4,0.1,1.8,0.2,0.0,0.1,0.0,0.1,0.0,0.1,4.2,0.2,1.3,0.3,4.6,0.3,1.6,0.1,1.1,0.3,1.7,0.1,16.1,0.3,5.7,0.6,17.6,0.4,67.8,0.3,83.6,1.0,65.4,0.4,25150,252,34960,872,23560,321,(X),(X),35125,899,29010,521,(X),(X),32725,3402,19816,331,512606,2331,73703,1556,438903,2503,17.5,0.4,9.8,0.6,18.8,0.4,34.9,0.5,32.3,1.0,35.3,0.6,27.9,0.5,34.2,1.2,26.8,0.5,19.7,0.4,23.8,1.0,19.1,0.4,458169,2717,41422,1374,416747,2869,75.3,0.5,74.7,1.4,75.3,0.5,344874,2789,30958,1202,313916,2943,6.6,0.3,4.8,0.6,6.8,0.3,(X),(X),(X),(X),(X),(X),(X),(X),(X),(X),(X),(X),(X),(X),(X),(X),(X),(X),(X),(X),(X),(X),(X),(X),2.5,(X),(X),(X),(X),(X),4.5,(X),(X),(X),(X),(X)
5001100US1213,1213,"Congressional District 13 (111th Congress), Florida",600706,1579,91313,1589,509393,2102,(X),(X),3.1,0.4,(X),(X),(X),(X),7.2,0.6,(X),(X),(X),(X),26.9,0.8,(X),(X),(X),(X),19.3,0.8,(X),(X),(X),(X),25.2,0.8,(X),(X),48.5,0.1,94.6,0.6,40.3,0.2,51.5,0.1,5.4,0.6,59.7,0.2,20.1,0.1,3.8,0.5,23.0,0.2,30.6,0.1,15.7,0.8,33.3,0.2,17.0,0.1,20.1,0.7,16.4,0.2,14.7,0.1,22.0,0.6,13.4,0.1,17.6,0.1,38.5,0.8,13.9,0.2,99.2,0.1,99.4,0.2,99.2,0.1,90.9,0.3,96.3,0.5,90.0,0.3,4.4,0.1,2.3,0.3,4.8,0.2,0.2,0.1,0.1,0.1,0.2,0.1,1.4,0.1,0.2,0.1,1.6,0.1,0.0,0.1,0.1,0.1,0.0,0.1,2.3,0.3,0.4,0.2,2.6,0.3,0.8,0.1,0.6,0.2,0.8,0.1,8.7,0.1,2.1,0.3,9.9,0.2,84.7,0.2,94.7,0.5,82.9,0.2,26443,254,35024,713,24945,288,(X),(X),35816,786,31776,563,(X),(X),22608,2091,20400,254,552248,1407,90725,1525,461523,1886,12.8,0.4,8.3,0.7,13.7,0.5,31.4,0.5,27.8,1.1,32.2,0.6,29.2,0.4,32.0,1.0,28.7,0.5,26.6,0.5,31.9,1.0,25.5,0.5,406699,1313,36054,1285,370645,1770,75.4,0.5,73.0,1.8,75.6,0.6,306468,2408,26321,1147,280147,2629,7.1,0.4,5.9,1.0,7.2,0.4,(X),(X),(X),(X),(X),(X),(X),(X),(X),(X),(X),(X),(X),(X),(X),(X),(X),(X),(X),(X),(X),(X),(X),(X),2.9,(X),(X),(X),(X),(X),5.3,(X),(X),(X),(X),(X)
5001100US1214,1214,"Congressional District 14 (111th Congress), Florida",657454,1932,99489,1471,557965,2392,(X),(X),2.7,0.4,(X),(X),(X),(X),6.5,0.5,(X),(X),(X),(X),28.3,0.9,(X),(X),(X),(X),20.6,0.7,(X),(X),(X),(X),22.7,0.8,(X),(X),49.0,0.1,95.1,0.3,40.7,0.2,51.0,0.1,4.9,0.3,59.3,0.2,20.9,0.2,3.7,0.4,24.0,0.2,30.9,0.2,14.8,0.8,33.8,0.2,17.2,0.1,19.7,0.7,16.8,0.2,15.5,0.1,24.9,0.7,13.8,0.2,15.5,0.1,36.9,0.8,11.6,0.1,99.2,0.1,99.4,0.2,99.2,0.1,89.4,0.3,96.2,0.5,88.1,0.3,5.2,0.1,2.2,0.3,5.8,0.2,0.3,0.1,0.2,0.1,0.3,0.1,1.2,0.1,0.2,0.1,1.4,0.1,0.0,0.1,0.0,0.1,0.0,0.1,3.1,0.3,0.6,0.2,3.6,0.3,0.8,0.1,0.6,0.2,0.8,0.1,12.5,0.2,3.1,0.4,14.2,0.3,80.4,0.2,93.8,0.6,78.0,0.3,28379,327,38696,651,26571,309,(X),(X),39185,668,33898,599,(X),(X),27274,2892,21648,282,603109,1706,99048,1442,504061,2103,12.2,0.3,7.1,0.6,13.2,0.4,31.0,0.5,26.9,0.8,31.8,0.6,29.1,0.4,32.4,0.9,28.4,0.4,27.7,0.4,33.5,0.9,26.6,0.5,454042,1983,38008,1271,416034,2290,75.4,0.6,71.7,1.6,75.8,0.6,342524,2932,27249,1154,315275,2954,6.8,0.3,7.2,1.3,6.8,0.3,(X),(X),(X),(X),(X),(X),(X),(X),(X),(X),(X),(X),(X),(X),(X),(X),(X),(X),(X),(X),(X),(X),(X),(X),4.1,(X),(X),(X),(X),(X),5.8,(X),(X),(X),(X),(X)
5001100US1215,1215,"Congressional District 15 (111th Congress), Florida",606537,2145,91996,1524,514541,2521,(X),(X),5.7,0.5,(X),(X),(X),(X),13.9,0.8,(X),(X),(X),(X),32.3,0.9,(X),(X),(X),(X),18.8,0.7,(X),(X),(X),(X),17.9,0.7,(X),(X),48.5,0.1,93.2,0.5,40.5,0.2,51.5,0.1,6.8,0.5,59.5,0.2,24.5,0.2,4.8,0.6,28.1,0.3,35.6,0.2,25.0,0.9,37.5,0.2,15.1,0.2,20.9,0.8,14.1,0.2,12.0,0.1,20.5,0.6,10.5,0.1,12.7,0.1,28.9,0.6,9.8,0.2,98.3,0.2,99.0,0.2,98.2,0.2,84.5,0.3,92.0,0.6,83.2,0.4,7.9,0.2,5.1,0.5,8.4,0.2,0.3,0.1,0.4,0.2,0.3,0.1,2.3,0.1,0.3,0.1,2.6,0.1,0.0,0.1,0.1,0.1,0.0,0.1,3.2,0.2,1.1,0.3,3.6,0.3,1.7,0.2,1.0,0.2,1.8,0.2,15.2,0.2,6.3,0.6,16.8,0.2,73.5,0.2,87.4,0.7,71.0,0.3,25141,290,36759,800,23257,343,(X),(X),37369,817,29972,530,(X),(X),28307,2601,19634,341,543897,1906,91416,1544,452481,2242,12.3,0.4,7.4,0.6,13.3,0.4,31.0,0.5,27.6,1.0,31.7,0.6,31.8,0.4,34.9,0.9,31.1,0.5,24.9,0.5,30.1,1.1,23.8,0.6,456818,1900,46558,1153,410260,2179,76.7,0.5,76.1,1.4,76.8,0.5,350460,2668,35440,1091,315020,2685,7.4,0.4,5.2,0.8,7.7,0.5,(X),(X),(X),(X),(X),(X),(X),(X),(X),(X),(X),(X),(X),(X),(X),(X),(X),(X),(X),(X),(X),(X),(X),(X),3.0,(X),(X),(X),(X),(X),5.1,(X),(X),(X),(X),(X)
5001100US1216,1216,"Congressional District 16 (111th Congress), Florida",599510,2111,88393,1602,511117,2524,(X),(X),3.3,0.5,(X),(X),(X),(X),7.3,0.6,(X),(X),(X),(X),28.0,1.0,(X),(X),(X),(X),20.2,0.9,(X),(X),(X),(X),23.1,0.8,(X),(X),49.2,0.2,94.7,0.5,41.3,0.3,50.8,0.2,5.3,0.5,58.7,0.3,21.0,0.2,4.3,0.6,23.9,0.3,33.7,0.3,16.3,0.9,36.7,0.3,15.8,0.2,20.2,0.9,15.0,0.2,14.0,0.1,23.4,0.7,12.4,0.2,15.5,0.2,35.7,0.9,12.0,0.2,99.0,0.1,99.2,0.2,99.0,0.1,86.9,0.4,95.0,0.6,85.5,0.5,7.1,0.3,2.6,0.4,7.9,0.3,0.4,0.1,0.4,0.2,0.4,0.1,1.5,0.1,0.4,0.2,1.7,0.1,0.0,0.1,0.0,0.1,0.0,0.1,3.1,0.4,0.7,0.3,3.5,0.4,1.0,0.1,0.8,0.2,1.0,0.1,12.5,0.3,3.6,0.5,14.0,0.3,78.0,0.3,92.3,0.7,75.6,0.3,24850,345,33453,641,23009,413,(X),(X),33811,668,29990,534,(X),(X),24738,4810,19035,325,546101,1986,87922,1570,458179,2283,15.7,0.4,10.7,0.6,16.7,0.4,32.7,0.5,31.7,1.0,32.9,0.5,29.6,0.5,32.1,1.1,29.2,0.6,22.0,0.4,25.5,1.1,21.3,0.4,422623,2154,36113,1192,386510,2537,75.2,0.5,72.1,1.9,75.5,0.5,317750,2721,26040,1135,291710,2865,7.9,0.4,7.2,1.1,8.0,0.4,(X),(X),(X),(X),(X),(X),(X),(X),(X),(X),(X),(X),(X),(X),(X),(X),(X),(X),(X),(X),(X),(X),(X),(X),3.5,(X),(X),(X),(X),(X),5.0,(X),(X),(X),(X),(X)
5001100US1217,1217,"Congressional District 17 (111th Congress), Florida",484613,4905,23248,1048,461365,4815,(X),(X),9.4,1.5,(X),(X),(X),(X),16.6,1.9,(X),(X),(X),(X),27.1,1.9,(X),(X),(X),(X),10.1,1.3,(X),(X),(X),(X),11.2,1.5,(X),(X),45.8,0.4,91.3,1.2,43.5,0.4,54.2,0.4,8.7,1.2,56.5,0.4,34.7,0.5,10.2,1.7,35.9,0.5,37.1,0.5,34.5,2.4,37.2,0.5,13.2,0.4,22.0,2.2,12.7,0.4,7.8,0.2,14.5,1.5,7.5,0.2,7.3,0.3,18.8,1.9,6.7,0.3,98.4,0.2,98.6,0.6,98.4,0.2,35.8,0.6,48.1,2.6,35.1,0.7,56.1,0.5,47.5,2.6,56.5,0.5,0.2,0.1,0.3,0.3,0.2,0.1,1.9,0.2,0.8,0.5,1.9,0.2,0.0,0.1,0.1,0.1,0.0,0.1,4.5,0.3,1.8,0.6,4.6,0.4,1.6,0.2,1.4,0.6,1.6,0.2,26.1,0.6,12.0,1.5,26.9,0.6,16.6,0.6,39.6,2.3,15.5,0.6,20031,285,30895,1493,19572,331,(X),(X),30885,1608,21926,357,(X),(X),30979,5398,17275,334,413258,4441,22925,1041,390333,4341,24.9,0.5,11.4,1.5,25.7,0.6,33.7,0.7,35.6,2.6,33.6,0.8,24.8,0.6,35.3,2.5,24.2,0.6,16.6,0.4,17.7,1.8,16.5,0.4,411519,4419,15501,838,396018,4358,74.7,0.7,76.4,2.7,74.7,0.7,307553,3716,11841,802,295712,3651,10.6,0.5,6.7,1.7,10.7,0.5,(X),(X),(X),(X),(X),(X),(X),(X),(X),(X),(X),(X),(X),(X),(X),(X),(X),(X),(X),(X),(X),(X),(X),(X),4.1,(X),(X),(X),(X),(X),8.0,(X),(X),(X),(X),(X)
5001100US1218,1218,"Congressional District 18 (111th Congress), Florida",556867,4382,25439,1215,531428,4059,(X),(X),9.0,1.5,(X),(X),(X),(X),13.6,1.5,(X),(X),(X),(X),32.1,2.1,(X),(X),(X),(X),13.9,1.6,(X),(X),(X),(X),12.6,1.3,(X),(X),49.3,0.4,93.8,1.0,47.1,0.4,50.7,0.4,6.2,1.0,52.9,0.4,28.9,0.4,9.0,1.6,29.8,0.4,35.5,0.4,25.3,1.9,36.0,0.5,14.1,0.3,24.0,1.7,13.6,0.3,10.3,0.3,18.6,1.3,9.9,0.3,11.2,0.3,23.0,1.5,10.7,0.3,98.6,0.1,98.3,0.6,98.6,0.2,86.5,0.5,88.5,1.5,86.4,0.6,6.5,0.3,7.7,1.1,6.5,0.3,0.1,0.1,0.2,0.2,0.1,0.1,1.4,0.2,0.5,0.4,1.4,0.2,0.0,0.1,0.0,0.1,0.0,0.1,4.1,0.3,1.3,0.8,4.2,0.3,1.4,0.1,1.7,0.6,1.4,0.2,65.5,0.5,25.3,1.9,67.5,0.5,27.6,0.4,66.4,1.9,25.7,0.4,20525,276,40661,3194,19855,310,(X),(X),40918,3513,23198,578,(X),(X),36895,9374,16478,369,497908,3956,24922,1210,472986,3726,23.7,0.5,7.6,1.2,24.6,0.5,25.2,0.7,20.5,1.9,25.5,0.7,20.5,0.5,31.0,2.4,19.9,0.5,30.6,0.6,41.0,2.3,30.0,0.6,436922,4009,14860,953,422062,3789,75.9,0.6,78.1,2.1,75.8,0.5,331415,3790,11612,818,319803,3522,5.9,0.3,4.0,1.4,6.0,0.4,(X),(X),(X),(X),(X),(X),(X),(X),(X),(X),(X),(X),(X),(X),(X),(X),(X),(X),(X),(X),(X),(X),(X),(X),3.1,(X),(X),(X),(X),(X),7.0,(X),(X),(X),(X),(X)
5001100US1219,1219,"Congressional District 19 (111th Congress), Florida",563021,3463,69044,1613,493977,3505,(X),(X),2.9,0.5,(X),(X),(X),(X),5.6,0.6,(X),(X),(X),(X),19.4,1.0,(X),(X),(X),(X),19.6,1.0,(X),(X),(X),(X),34.5,1.1,(X),(X),45.9,0.3,95.6,0.5,39.0,0.4,54.1,0.3,4.4,0.5,61.0,0.4,21.2,0.4,3.8,0.7,23.6,0.4,32.3,0.4,12.2,0.8,35.1,0.4,14.2,0.3,15.8,0.9,14.0,0.3,11.7,0.2,18.7,0.9,10.8,0.2,20.5,0.3,49.5,1.0,16.5,0.3,99.1,0.1,99.5,0.2,99.0,0.1,83.2,0.4,95.3,0.6,81.6,0.5,8.6,0.4,2.8,0.5,9.4,0.4,0.2,0.1,0.2,0.1,0.2,0.1,2.8,0.2,0.4,0.2,3.1,0.2,0.0,0.1,0.2,0.1,0.0,0.1,4.2,0.3,0.8,0.3,4.7,0.4,0.9,0.1,0.5,0.2,1.0,0.1,16.5,0.4,4.6,0.6,18.2,0.5,71.2,0.5,91.5,0.8,68.3,0.6,27430,304,34226,769,26434,322,(X),(X),34556,825,34053,701,(X),(X),29395,3259,21914,349,515934,3317,68705,1584,447229,3376,11.3,0.3,7.7,0.6,11.9,0.4,29.5,0.4,27.1,1.1,29.9,0.5,28.7,0.5,32.5,1.3,28.1,0.5,30.4,0.5,32.6,1.2,30.1,0.6,381285,3417,21950,1035,359335,3336,79.7,0.5,78.3,2.1,79.8,0.5,303873,3700,17193,978,286680,3541,6.9,0.4,5.5,1.3,6.9,0.4,(X),(X),(X),(X),(X),(X),(X),(X),(X),(X),(X),(X),(X),(X),(X),(X),(X),(X),(X),(X),(X),(X),(X),(X),3.5,(X),(X),(X),(X),(X),4.8,(X),(X),(X),(X),(X)
5001100US1220,1220,"Congressional District 20 (111th Congress), Florida",535956,3914,44352,1320,491604,3873,(X),(X),5.0,0.8,(X),(X),(X),(X),11.2,1.2,(X),(X),(X),(X),27.8,1.5,(X),(X),(X),(X),14.6,1.0,(X),(X),(X),(X),21.4,1.4,(X),(X),47.9,0.3,93.6,0.7,43.8,0.3,52.1,0.3,6.4,0.7,56.2,0.3,26.5,0.4,6.3,1.0,28.3,0.5,39.8,0.4,23.1,1.5,41.3,0.5,14.1,0.3,21.0,1.4,13.5,0.3,8.4,0.3,18.1,1.3,7.5,0.3,11.2,0.3,31.4,1.4,9.4,0.3,98.2,0.2,99.2,0.3,98.1,0.2,80.9,0.5,90.5,1.2,80.0,0.6,9.8,0.4,5.9,1.1,10.2,0.4,0.3,0.1,0.3,0.2,0.3,0.1,2.8,0.2,0.6,0.3,3.0,0.2,0.0,0.1,0.0,0.1,0.0,0.1,4.3,0.4,1.8,0.6,4.6,0.4,1.8,0.2,0.8,0.3,1.9,0.2,26.7,0.4,10.7,1.2,28.2,0.4,59.6,0.4,82.1,1.6,57.5,0.5,31128,386,37331,1535,30594,396,(X),(X),37781,1545,38332,741,(X),(X),33902,2663,25163,505,486699,3953,44027,1341,442672,3814,10.3,0.4,9.3,1.1,10.4,0.4,25.7,0.6,26.2,1.6,25.6,0.7,28.2,0.5,34.1,1.7,27.6,0.5,35.9,0.6,30.5,1.6,36.4,0.7,430895,3457,22411,1045,408484,3443,79.9,0.5,81.2,2.4,79.8,0.5,344283,3054,18208,996,326075,3104,6.1,0.3,4.6,1.3,6.2,0.3,(X),(X),(X),(X),(X),(X),(X),(X),(X),(X),(X),(X),(X),(X),(X),(X),(X),(X),(X),(X),(X),(X),(X),(X),2.9,(X),(X),(X),(X),(X),5.7,(X),(X),(X),(X),(X)
5001100US1221,1221,"Congressional District 21 (111th Congress), Florida",516342,3743,16870,986,499472,3827,(X),(X),10.8,2.0,(X),(X),(X),(X),16.1,2.2,(X),(X),(X),(X),25.1,2.5,(X),(X),(X),(X),10.2,1.5,(X),(X),(X),(X),10.3,1.7,(X),(X),47.1,0.4,93.7,1.2,45.6,0.4,52.9,0.4,6.3,1.2,54.4,0.4,27.7,0.5,13.5,2.1,28.2,0.5,39.2,0.5,34.8,2.5,39.4,0.5,13.5,0.4,18.5,2.0,13.3,0.4,9.7,0.2,14.8,1.8,9.6,0.2,9.8,0.3,18.4,1.6,9.5,0.3,98.6,0.2,98.6,0.6,98.6,0.2,83.3,0.6,81.7,2.2,83.4,0.6,8.1,0.4,13.0,2.0,8.0,0.5,0.1,0.1,0.2,0.2,0.1,0.1,2.5,0.3,1.1,0.7,2.6,0.3,0.0,0.1,0.1,0.1,0.0,0.1,4.6,0.4,2.6,0.9,4.7,0.4,1.4,0.2,1.4,0.6,1.4,0.2,75.1,0.5,42.6,2.7,76.2,0.5,15.1,0.4,43.2,2.5,14.2,0.4,21553,252,42097,2354,21111,264,(X),(X),43050,2622,25126,525,(X),(X),25583,11261,17345,311,459384,3654,16438,972,442946,3777,21.8,0.6,7.3,1.5,22.4,0.6,26.5,0.6,23.0,2.7,26.6,0.6,24.6,0.5,36.7,2.8,24.1,0.5,27.1,0.6,33.0,2.8,26.9,0.6,415244,3515,11266,846,403978,3583,77.4,0.6,85.9,2.6,77.1,0.7,321330,3744,9674,803,311656,3771,6.7,0.3,6.5,2.1,6.7,0.3,(X),(X),(X),(X),(X),(X),(X),(X),(X),(X),(X),(X),(X),(X),(X),(X),(X),(X),(X),(X),(X),(X),(X),(X),2.4,(X),(X),(X),(X),(X),6.6,(X),(X),(X),(X),(X)
5001100US1222,1222,"Congressional District 22 (111th Congress), Florida",565308,4537,64262,1432,501046,4586,(X),(X),3.0,0.6,(X),(X),(X),(X),7.3,0.8,(X),(X),(X),(X),27.9,1.3,(X),(X),(X),(X),17.8,0.9,(X),(X),(X),(X),23.9,1.1,(X),(X),48.8,0.3,94.9,0.6,42.9,0.3,51.2,0.3,5.1,0.6,57.1,0.3,21.4,0.4,3.6,0.7,23.7,0.4,37.9,0.4,17.3,1.1,40.5,0.5,16.4,0.3,20.5,1.1,15.8,0.3,10.7,0.2,21.5,0.9,9.3,0.2,13.7,0.3,37.1,1.2,10.7,0.3,98.9,0.2,99.4,0.2,98.9,0.2,88.8,0.5,95.2,0.6,87.9,0.5,4.9,0.4,2.5,0.5,5.2,0.4,0.2,0.1,0.2,0.1,0.2,0.1,2.3,0.2,0.5,0.2,2.6,0.2,0.1,0.1,0.2,0.2,0.0,0.1,2.7,0.3,0.7,0.3,2.9,0.3,1.1,0.2,0.6,0.2,1.1,0.2,13.3,0.4,3.9,0.5,14.5,0.5,78.5,0.6,92.1,0.7,76.8,0.6,32739,434,44208,1181,31568,391,(X),(X),44904,1127,40432,715,(X),(X),30770,3431,25738,424,518320,3596,63769,1441,454551,3695,9.1,0.3,6.5,0.7,9.5,0.4,24.6,0.5,22.6,1.1,24.8,0.5,28.7,0.4,29.8,1.3,28.5,0.4,37.7,0.6,41.1,1.3,37.2,0.6,427768,4251,26564,1022,401204,4322,79.0,0.5,79.8,1.7,78.9,0.5,337778,3826,21204,1040,316574,3818,5.7,0.3,5.5,1.0,5.8,0.3,(X),(X),(X),(X),(X),(X),(X),(X),(X),(X),(X),(X),(X),(X),(X),(X),(X),(X),(X),(X),(X),(X),(X),(X),3.6,(X),(X),(X),(X),(X),5.8,(X),(X),(X),(X),(X)
5001100US1223,1223,"Congressional District 23 (111th Congress), Florida",502224,4258,32398,1417,469826,4485,(X),(X),6.2,1.1,(X),(X),(X),(X),15.4,1.7,(X),(X),(X),(X),25.8,1.8,(X),(X),(X),(X),11.3,1.2,(X),(X),(X),(X),15.2,1.6,(X),(X),49.8,0.4,92.4,1.1,46.9,0.4,50.2,0.4,7.6,1.1,53.1,0.4,34.3,0.5,9.3,1.5,36.1,0.5,38.5,0.5,32.2,1.9,38.9,0.5,12.1,0.3,20.5,1.7,11.5,0.3,7.3,0.2,14.9,1.4,6.8,0.2,7.8,0.3,23.1,1.9,6.7,0.3,98.6,0.2,98.9,0.5,98.6,0.2,40.0,0.6,61.5,1.7,38.5,0.6,51.3,0.6,34.8,1.7,52.5,0.6,0.2,0.1,0.4,0.2,0.2,0.1,1.7,0.2,0.7,0.3,1.8,0.2,0.1,0.1,0.2,0.2,0.1,0.1,5.3,0.4,1.2,0.4,5.6,0.5,1.4,0.2,1.1,0.5,1.4,0.2,17.1,0.6,6.7,1.0,17.9,0.6,29.1,0.6,56.7,1.8,27.1,0.6,21067,245,31256,892,20553,250,(X),(X),31179,945,22643,438,(X),(X),31840,2043,18221,458,431556,4029,32042,1409,399514,4265,25.0,0.6,10.8,1.2,26.2,0.7,33.4,0.5,31.7,1.8,33.6,0.6,25.2,0.6,34.5,1.9,24.4,0.6,16.4,0.6,23.0,1.7,15.9,0.6,426415,3906,20065,1201,406350,4054,75.6,0.6,73.9,2.0,75.6,0.6,322224,4146,14830,936,307394,4279,10.7,0.5,6.0,1.6,11.0,0.5,(X),(X),(X),(X),(X),(X),(X),(X),(X),(X),(X),(X),(X),(X),(X),(X),(X),(X),(X),(X),(X),(X),(X),(X),4.6,(X),(X),(X),(X),(X),9.1,(X),(X),(X),(X),(X)
5001100US1224,1224,"Congressional District 24 (111th Congress), Florida",586341,3901,77767,1915,508574,3899,(X),(X),6.6,0.7,(X),(X),(X),(X),15.9,1.1,(X),(X),(X),(X),32.0,1.0,(X),(X),(X),(X),14.9,0.8,(X),(X),(X),(X),13.7,0.9,(X),(X),49.4,0.3,92.2,0.7,42.8,0.3,50.6,0.3,7.8,0.7,57.2,0.3,30.1,0.4,7.9,0.8,33.5,0.5,37.0,0.4,27.5,1.1,38.5,0.4,14.3,0.3,22.9,0.8,13.0,0.3,9.4,0.2,19.5,0.9,7.9,0.2,9.2,0.3,22.3,1.0,7.2,0.2,98.6,0.2,98.9,0.3,98.5,0.2,84.4,0.5,90.1,1.0,83.5,0.5,7.6,0.3,6.1,0.8,7.9,0.4,0.3,0.1,0.4,0.1,0.3,0.1,2.9,0.2,0.8,0.2,3.3,0.2,0.1,0.1,0.0,0.1,0.1,0.1,3.3,0.3,1.5,0.4,3.6,0.3,1.4,0.2,1.1,0.3,1.5,0.2,13.2,0.4,7.1,0.7,14.1,0.4,75.0,0.4,84.8,1.2,73.5,0.5,27275,356,36192,726,26043,379,(X),(X),36807,762,33134,724,(X),(X),27968,3354,21531,385,513280,3449,76887,1871,436393,3494,10.2,0.4,7.3,0.6,10.7,0.4,28.8,0.6,27.2,1.1,29.1,0.6,32.9,0.6,38.9,1.2,31.9,0.7,28.1,0.5,26.7,1.1,28.3,0.5,477312,3781,45312,1582,432000,3741,77.2,0.6,77.5,1.5,77.2,0.7,368692,3874,35100,1393,333592,3692,6.1,0.3,5.7,1.0,6.1,0.3,(X),(X),(X),(X),(X),(X),(X),(X),(X),(X),(X),(X),(X),(X),(X),(X),(X),(X),(X),(X),(X),(X),(X),(X),4.2,(X),(X),(X),(X),(X),6.3,(X),(X),(X),(X),(X)
5001100US1225,1225,"Congressional District 25 (111th Congress), Florida",574701,4235,25618,1212,549083,4158,(X),(X),8.9,1.4,(X),(X),(X),(X),16.9,2.1,(X),(X),(X),(X),31.9,2.3,(X),(X),(X),(X),8.7,1.1,(X),(X),(X),(X),8.2,1.2,(X),(X),50.3,0.4,93.6,1.1,48.3,0.4,49.7,0.4,6.4,1.1,51.7,0.4,32.4,0.5,10.3,1.7,33.4,0.5,41.4,0.4,37.0,2.4,41.6,0.4,12.6,0.4,24.7,2.1,12.0,0.3,7.5,0.2,14.2,1.3,7.2,0.2,6.2,0.2,13.8,1.4,5.9,0.2,98.4,0.2,97.8,0.7,98.5,0.2,80.2,0.5,81.5,2.2,80.1,0.6,10.6,0.4,12.0,1.8,10.5,0.4,0.2,0.1,0.3,0.2,0.2,0.1,1.9,0.2,1.3,0.5,2.0,0.2,0.0,0.1,0.0,0.2,0.0,0.1,5.5,0.4,2.6,0.8,5.7,0.4,1.6,0.2,2.2,0.7,1.5,0.2,67.8,0.6,33.1,2.5,69.4,0.6,19.7,0.4,52.9,2.7,18.1,0.5,24439,417,42820,1991,23681,418,(X),(X),43737,2098,27417,556,(X),(X),33452,6279,20133,406,499156,4314,25201,1194,473955,4246,21.8,0.7,8.1,1.5,22.6,0.7,28.0,0.6,26.8,2.2,28.1,0.6,26.1,0.6,36.4,2.4,25.5,0.6,24.1,0.6,28.7,2.2,23.8,0.6,495974,3996,18437,1019,477537,3913,74.3,0.7,75.3,2.9,74.2,0.7,368448,4423,13890,845,354558,4488,7.0,0.4,4.3,1.3,7.1,0.4,(X),(X),(X),(X),(X),(X),(X),(X),(X),(X),(X),(X),(X),(X),(X),(X),(X),(X),(X),(X),(X),(X),(X),(X),2.5,(X),(X),(X),(X),(X),5.9,(X),(X),(X),(X),(X)
5001100US1301,1301,"Congressional District 1 (111th Congress), Georgia",484195,1583,67221,1588,416974,1990,(X),(X),16.3,1.2,(X),(X),(X),(X),27.3,1.2,(X),(X),(X),(X),33.5,1.0,(X),(X),(X),(X),9.7,0.7,(X),(X),(X),(X),7.2,0.5,(X),(X),47.8,0.2,88.9,0.8,41.2,0.3,52.2,0.2,11.1,0.8,58.8,0.3,32.4,0.2,14.1,1.2,35.3,0.3,37.2,0.2,34.4,1.2,37.7,0.3,14.6,0.1,23.6,0.9,13.1,0.2,9.0,0.1,14.9,0.6,8.1,0.1,6.8,0.1,13.0,0.6,5.8,0.1,99.1,0.1,98.8,0.3,99.2,0.1,71.8,0.3,75.1,1.1,71.2,0.3,23.9,0.2,22.2,1.1,24.2,0.3,0.3,0.1,0.4,0.2,0.2,0.1,1.1,0.1,0.4,0.1,1.2,0.1,0.1,0.1,0.1,0.1,0.1,0.1,2.0,0.1,0.7,0.2,2.2,0.2,0.9,0.1,1.2,0.3,0.8,0.1,4.0,0.1,1.8,0.3,4.3,0.2,69.9,0.2,74.0,1.1,69.2,0.3,22294,283,36540,1058,20325,323,(X),(X),37871,1020,26166,540,(X),(X),27614,1855,16566,311,411587,1373,64282,1539,347305,1834,18.6,0.5,9.2,0.7,20.3,0.6,35.2,0.6,32.0,1.4,35.8,0.7,26.8,0.5,37.0,1.1,25.0,0.6,19.4,0.5,21.8,1.2,18.9,0.5,407514,1430,48458,1521,359056,1826,71.4,0.7,74.9,1.2,70.9,0.7,290843,2855,36302,1199,254541,3024,6.9,0.4,4.4,0.9,7.2,0.5,(X),(X),(X),(X),(X),(X),(X),(X),(X),(X),(X),(X),(X),(X),(X),(X),(X),(X),(X),(X),(X),(X),(X),(X),2.9,(X),(X),(X),(X),(X),5.4,(X),(X),(X),(X),(X)
5001100US1302,1302,"Congressional District 2 (111th Congress), Georgia",452754,1995,50758,1302,401996,2248,(X),(X),11.2,1.4,(X),(X),(X),(X),21.8,1.3,(X),(X),(X),(X),35.4,1.4,(X),(X),(X),(X),12.0,0.9,(X),(X),(X),(X),8.4,0.7,(X),(X),46.3,0.2,90.3,0.9,40.7,0.3,53.7,0.2,9.7,0.9,59.3,0.3,31.3,0.3,10.2,1.3,33.9,0.3,36.8,0.3,35.4,1.3,37.0,0.3,14.8,0.1,22.5,1.0,13.9,0.2,9.2,0.1,16.9,0.9,8.2,0.2,7.9,0.1,15.1,0.8,7.0,0.2,99.3,0.1,99.2,0.3,99.3,0.1,50.2,0.2,58.1,1.2,49.2,0.2,46.6,0.2,40.1,1.2,47.4,0.2,0.3,0.1,0.4,0.2,0.3,0.1,0.7,0.1,0.1,0.1,0.8,0.1,0.1,0.1,0.3,0.2,0.0,0.1,1.3,0.1,0.3,0.1,1.4,0.2,0.7,0.1,0.8,0.3,0.7,0.1,2.5,0.1,1.2,0.3,2.7,0.1,49.3,0.2,57.3,1.3,48.3,0.2,19597,303,32082,1184,18169,313,(X),(X),32837,1190,22871,592,(X),(X),25394,6584,15625,323,386724,1605,49335,1161,337389,1998,23.9,0.6,11.9,1.1,25.7,0.6,34.7,0.7,33.6,1.4,34.9,0.8,26.6,0.6,37.4,1.4,25.1,0.6,14.7,0.5,17.1,1.2,14.3,0.5,375278,1837,34537,1270,340741,2076,67.5,1.0,71.1,2.3,67.1,1.0,253275,4020,24567,1090,228708,3826,9.5,0.5,5.8,1.2,9.9,0.5,(X),(X),(X),(X),(X),(X),(X),(X),(X),(X),(X),(X),(X),(X),(X),(X),(X),(X),(X),(X),(X),(X),(X),(X),3.3,(X),(X),(X),(X),(X),6.4,(X),(X),(X),(X),(X)
5001100US1303,1303,"Congressional District 3 (111th Congress), Georgia",554128,2528,70665,1592,483463,2886,(X),(X),9.9,0.7,(X),(X),(X),(X),22.9,1.1,(X),(X),(X),(X),36.3,1.1,(X),(X),(X),(X),10.5,0.6,(X),(X),(X),(X),7.3,0.5,(X),(X),47.2,0.2,91.0,0.7,40.8,0.2,52.8,0.2,9.0,0.7,59.2,0.2,27.9,0.2,8.7,0.8,30.8,0.3,42.0,0.2,34.8,1.2,43.1,0.3,15.2,0.1,27.1,0.9,13.4,0.2,8.5,0.1,16.8,0.7,7.3,0.1,6.4,0.1,12.7,0.5,5.4,0.1,99.0,0.1,98.6,0.3,99.0,0.1,74.0,0.2,79.5,0.9,73.2,0.3,21.8,0.2,17.9,0.9,22.4,0.3,0.2,0.1,0.3,0.1,0.2,0.1,1.8,0.1,0.4,0.1,2.0,0.1,0.0,0.1,0.0,0.1,0.1,0.1,1.2,0.1,0.6,0.2,1.3,0.1,1.0,0.1,1.4,0.3,1.0,0.1,3.1,0.1,1.9,0.4,3.3,0.1,72.2,0.2,78.4,0.9,71.3,0.2,27913,335,42450,795,25799,327,(X),(X),42966,810,34662,671,(X),(X),37426,2432,20348,376,488151,1965,69504,1523,418647,2348,15.0,0.3,8.6,0.6,16.1,0.4,32.9,0.6,29.5,1.1,33.4,0.7,28.0,0.4,34.7,1.3,26.9,0.5,24.1,0.5,27.2,1.0,23.6,0.5,471676,2323,49827,1469,421849,2783,76.6,0.4,80.8,1.2,76.1,0.5,361459,2758,40251,1402,321208,2907,7.1,0.3,4.5,0.7,7.5,0.4,(X),(X),(X),(X),(X),(X),(X),(X),(X),(X),(X),(X),(X),(X),(X),(X),(X),(X),(X),(X),(X),(X),(X),(X),2.8,(X),(X),(X),(X),(X),5.5,(X),(X),(X),(X),(X)
5001100US1304,1304,"Congressional District 4 (111th Congress), Georgia",498953,3262,41652,1649,457301,3420,(X),(X),8.9,1.2,(X),(X),(X),(X),22.0,2.0,(X),(X),(X),(X),32.5,1.7,(X),(X),(X),(X),7.9,0.9,(X),(X),(X),(X),6.7,0.7,(X),(X),48.5,0.3,87.5,1.3,44.9,0.4,51.5,0.3,12.5,1.3,55.1,0.4,36.5,0.4,10.5,1.4,38.8,0.5,41.1,0.3,41.4,2.0,41.1,0.4,12.8,0.2,24.5,1.3,11.7,0.2,5.6,0.1,12.0,1.0,5.0,0.1,4.1,0.1,11.6,0.9,3.4,0.1,99.0,0.1,99.0,0.3,99.0,0.1,33.5,0.5,39.7,1.8,33.0,0.5,53.5,0.4,58.1,1.7,53.1,0.5,0.3,0.1,0.2,0.1,0.3,0.1,4.8,0.2,0.3,0.2,5.2,0.2,0.0,0.1,0.0,0.1,0.0,0.1,6.9,0.4,0.8,0.4,7.5,0.5,1.0,0.1,1.0,0.3,1.0,0.1,13.4,0.4,2.0,0.6,14.5,0.4,27.6,0.4,38.9,1.8,26.6,0.4,26616,412,37626,1033,25518,455,(X),(X),38059,1197,26126,647,(X),(X),35297,3220,24945,514,435140,2751,41111,1647,394029,2879,16.3,0.6,6.2,1.0,17.3,0.7,26.6,0.6,26.1,2.0,26.7,0.6,27.9,0.5,39.1,2.1,26.7,0.5,29.2,0.6,28.6,1.9,29.3,0.6,450718,3190,31808,1582,418910,3442,80.2,0.5,79.4,1.9,80.3,0.5,361478,3390,25261,1503,336217,3535,10.5,0.5,8.4,1.5,10.6,0.5,(X),(X),(X),(X),(X),(X),(X),(X),(X),(X),(X),(X),(X),(X),(X),(X),(X),(X),(X),(X),(X),(X),(X),(X),3.6,(X),(X),(X),(X),(X),7.0,(X),(X),(X),(X),(X)
5001100US1305,1305,"Congressional District 5 (111th Congress), Georgia",589585,3353,40166,1459,549419,3768,(X),(X),9.2,1.4,(X),(X),(X),(X),15.4,1.7,(X),(X),(X),(X),34.0,2.1,(X),(X),(X),(X),9.7,1.0,(X),(X),(X),(X),9.9,1.0,(X),(X),49.6,0.3,91.9,1.3,46.5,0.4,50.4,0.3,8.1,1.3,53.5,0.4,39.2,0.5,9.0,1.4,41.4,0.5,37.6,0.4,33.8,1.9,37.9,0.4,12.1,0.3,24.3,1.6,11.2,0.3,5.8,0.1,16.0,1.2,5.1,0.2,5.3,0.2,16.9,1.1,4.4,0.2,99.1,0.1,99.0,0.4,99.1,0.1,46.2,0.5,45.1,2.0,46.3,0.5,45.6,0.4,52.8,2.0,45.0,0.4,0.2,0.1,0.1,0.1,0.2,0.1,3.3,0.2,0.7,0.3,3.5,0.2,0.0,0.1,0.0,0.1,0.0,0.1,3.7,0.4,0.3,0.3,4.0,0.4,0.9,0.1,1.0,0.4,0.9,0.1,7.1,0.3,1.3,0.5,7.5,0.3,43.3,0.4,44.5,2.0,43.2,0.4,27504,466,34159,2239,27038,417,(X),(X),34814,2204,31988,753,(X),(X),29219,5295,24037,745,503228,3010,39287,1516,463941,3198,14.6,0.6,8.7,1.0,15.1,0.7,21.2,0.6,22.5,1.6,21.1,0.6,19.5,0.5,28.9,1.7,18.7,0.5,44.7,0.7,39.9,1.9,45.1,0.7,524177,3147,26953,1400,497224,3469,75.4,0.7,74.6,2.4,75.5,0.7,395362,4288,20098,1199,375264,4247,9.0,0.5,8.6,2.0,9.1,0.5,(X),(X),(X),(X),(X),(X),(X),(X),(X),(X),(X),(X),(X),(X),(X),(X),(X),(X),(X),(X),(X),(X),(X),(X),3.9,(X),(X),(X),(X),(X),7.4,(X),(X),(X),(X),(X)
5001100US1306,1306,"Congressional District 6 (111th Congress), Georgia",513583,2985,45154,1356,468429,3181,(X),(X),7.0,0.8,(X),(X),(X),(X),17.1,1.1,(X),(X),(X),(X),38.5,1.5,(X),(X),(X),(X),10.0,0.8,(X),(X),(X),(X),9.3,0.9,(X),(X),48.9,0.3,93.5,0.8,44.6,0.3,51.1,0.3,6.5,0.8,55.4,0.3,28.8,0.4,8.5,1.1,30.8,0.4,44.7,0.4,28.7,1.5,46.2,0.5,15.1,0.3,29.2,1.2,13.7,0.3,6.7,0.2,17.8,0.9,5.6,0.2,4.8,0.2,15.8,0.9,3.7,0.2,99.1,0.1,99.1,0.4,99.1,0.1,81.3,0.5,88.4,1.3,80.7,0.5,8.1,0.3,7.9,1.1,8.1,0.3,0.2,0.1,0.6,0.3,0.2,0.1,6.1,0.2,1.3,0.5,6.5,0.3,0.1,0.1,0.1,0.1,0.1,0.1,3.3,0.4,0.7,0.4,3.5,0.4,0.9,0.1,0.9,0.4,0.9,0.1,7.8,0.3,1.5,0.6,8.4,0.4,76.7,0.5,87.7,1.4,75.6,0.5,39682,469,52024,1734,38532,520,(X),(X),53405,1841,50901,1044,(X),(X),31556,3021,30333,640,464076,2805,44737,1332,419339,3009,7.1,0.4,3.6,0.6,7.5,0.4,16.9,0.5,15.9,1.2,17.0,0.5,24.6,0.5,31.7,1.6,23.8,0.5,51.4,0.6,48.9,1.8,51.7,0.6,454741,2656,29942,1192,424799,2817,80.8,0.4,85.6,1.4,80.4,0.4,367220,3103,25628,1098,341592,3104,4.8,0.3,5.3,0.8,4.8,0.3,(X),(X),(X),(X),(X),(X),(X),(X),(X),(X),(X),(X),(X),(X),(X),(X),(X),(X),(X),(X),(X),(X),(X),(X),4.4,(X),(X),(X),(X),(X),6.2,(X),(X),(X),(X),(X)
5001100US1307,1307,"Congressional District 7 (111th Congress), Georgia",610707,2478,54873,1521,555834,2755,(X),(X),8.9,1.0,(X),(X),(X),(X),22.2,1.3,(X),(X),(X),(X),33.9,1.1,(X),(X),(X),(X),8.7,0.7,(X),(X),(X),(X),6.5,0.5,(X),(X),49.1,0.1,91.5,0.9,44.9,0.2,50.9,0.1,8.5,0.9,55.1,0.2,31.0,0.2,10.0,1.0,33.1,0.3,45.8,0.2,37.8,1.3,46.6,0.3,12.8,0.1,25.8,1.0,11.5,0.2,6.1,0.1,14.1,0.8,5.3,0.1,4.3,0.1,12.3,0.6,3.5,0.1,98.9,0.2,98.8,0.4,98.9,0.2,68.3,0.3,78.3,1.3,67.3,0.3,18.1,0.2,18.6,1.3,18.0,0.2,0.3,0.1,0.6,0.2,0.3,0.1,7.7,0.1,0.9,0.2,8.4,0.2,0.1,0.1,0.1,0.1,0.1,0.1,4.3,0.3,0.4,0.2,4.7,0.3,1.1,0.2,1.2,0.4,1.1,0.2,9.0,0.2,2.6,0.5,9.7,0.2,63.9,0.3,76.6,1.4,62.6,0.3,31991,348,44295,1163,30850,362,(X),(X),45319,1206,38835,858,(X),(X),34320,4813,25099,436,539968,2206,54154,1541,485814,2377,12.3,0.3,6.1,0.8,13.0,0.3,25.4,0.5,25.9,1.3,25.4,0.6,28.6,0.5,35.7,1.3,27.8,0.5,33.6,0.5,32.3,1.3,33.8,0.5,546977,2373,40395,1321,506582,2774,80.1,0.5,84.2,1.3,79.8,0.5,438313,3180,33994,1289,404319,3427,6.8,0.4,6.9,1.2,6.8,0.4,(X),(X),(X),(X),(X),(X),(X),(X),(X),(X),(X),(X),(X),(X),(X),(X),(X),(X),(X),(X),(X),(X),(X),(X),2.8,(X),(X),(X),(X),(X),6.4,(X),(X),(X),(X),(X)
5001100US1308,1308,"Congressional District 8 (111th Congress), Georgia",506061,1516,62318,1865,443743,2297,(X),(X),11.2,1.0,(X),(X),(X),(X),21.4,1.0,(X),(X),(X),(X),34.5,1.2,(X),(X),(X),(X),10.9,0.7,(X),(X),(X),(X),8.0,0.5,(X),(X),47.2,0.2,90.1,0.9,41.1,0.3,52.8,0.2,9.9,0.9,58.9,0.3,30.7,0.2,9.5,0.9,33.7,0.3,38.1,0.3,35.2,1.3,38.5,0.4,14.6,0.1,24.8,0.9,13.2,0.2,9.0,0.1,15.9,0.6,8.0,0.2,7.6,0.1,14.7,0.6,6.5,0.1,99.3,0.1,99.2,0.2,99.3,0.1,64.3,0.3,73.5,1.3,63.0,0.3,31.8,0.2,24.6,1.2,32.9,0.3,0.3,0.1,0.3,0.1,0.2,0.1,1.1,0.1,0.3,0.2,1.2,0.1,0.0,0.1,0.0,0.1,0.0,0.1,1.9,0.2,0.5,0.2,2.0,0.2,0.7,0.1,0.8,0.2,0.7,0.1,3.3,0.1,1.1,0.3,3.6,0.1,62.9,0.2,72.8,1.3,61.5,0.2,22793,465,36480,1200,21129,341,(X),(X),37365,1264,26793,603,(X),(X),30506,2187,17715,411,438917,1393,61322,1770,377595,2184,20.9,0.7,10.5,0.9,22.6,0.7,34.9,0.6,33.4,1.2,35.2,0.6,26.1,0.6,35.5,1.3,24.6,0.6,18.0,0.4,20.6,1.0,17.6,0.5,422212,1555,43232,1581,378980,2119,71.3,0.7,76.7,1.6,70.6,0.7,300881,3031,33165,1467,267716,2819,7.7,0.4,4.8,1.1,8.0,0.5,(X),(X),(X),(X),(X),(X),(X),(X),(X),(X),(X),(X),(X),(X),(X),(X),(X),(X),(X),(X),(X),(X),(X),(X),3.9,(X),(X),(X),(X),(X),6.8,(X),(X),(X),(X),(X)
5001100US1309,1309,"Congressional District 9 (111th Congress), Georgia",571347,1150,57563,1367,513784,1776,(X),(X),4.8,0.7,(X),(X),(X),(X),12.8,0.9,(X),(X),(X),(X),38.1,1.3,(X),(X),(X),(X),12.4,0.9,(X),(X),(X),(X),9.7,0.6,(X),(X),49.1,0.1,94.7,0.7,44.0,0.2,50.9,0.1,5.3,0.7,56.0,0.2,29.4,0.1,6.6,0.8,31.9,0.2,39.5,0.1,26.0,1.2,41.0,0.2,15.2,0.1,29.0,1.0,13.6,0.2,9.5,0.1,21.1,0.8,8.2,0.1,6.5,0.1,17.3,0.6,5.3,0.1,99.0,0.1,99.2,0.3,99.0,0.1,89.8,0.3,94.1,0.8,89.3,0.4,3.4,0.1,3.6,0.6,3.3,0.1,0.4,0.1,0.5,0.2,0.4,0.1,1.4,0.1,0.3,0.2,1.5,0.1,0.0,0.1,0.1,0.1,0.0,0.1,4.1,0.3,0.5,0.3,4.5,0.3,1.0,0.1,0.8,0.3,1.0,0.1,10.3,0.1,1.3,0.4,11.3,0.1,83.9,0.1,93.4,0.8,82.8,0.2,25196,299,34209,908,24208,349,(X),(X),34580,909,30095,485,(X),(X),24575,2705,18988,399,507309,1079,57021,1350,450288,1681,22.5,0.5,12.0,0.9,23.9,0.5,31.4,0.5,31.0,1.3,31.4,0.5,25.7,0.5,32.9,1.3,24.8,0.5,20.4,0.4,24.0,1.0,19.9,0.4,480142,1160,35463,1207,444679,1655,75.3,0.5,74.6,1.6,75.3,0.5,361371,2493,26455,1138,334916,2549,6.2,0.3,5.1,1.0,6.3,0.3,(X),(X),(X),(X),(X),(X),(X),(X),(X),(X),(X),(X),(X),(X),(X),(X),(X),(X),(X),(X),(X),(X),(X),(X),2.4,(X),(X),(X),(X),(X),4.8,(X),(X),(X),(X),(X)
5001100US1310,1310,"Congressional District 10 (111th Congress), Georgia",527623,1291,57235,1542,470388,1960,(X),(X),10.1,0.9,(X),(X),(X),(X),17.0,1.0,(X),(X),(X),(X),36.0,1.3,(X),(X),(X),(X),12.5,0.8,(X),(X),(X),(X),10.1,0.7,(X),(X),47.0,0.4,90.9,0.8,41.6,0.4,53.0,0.4,9.1,0.8,58.4,0.4,33.1,0.4,8.3,0.9,36.2,0.4,35.0,0.4,28.1,1.4,35.8,0.5,15.0,0.1,26.0,1.0,13.6,0.2,9.4,0.1,19.6,0.9,8.2,0.1,7.5,0.1,18.0,0.7,6.3,0.1,99.2,0.1,99.2,0.2,99.2,0.1,77.5,0.2,81.1,1.2,77.0,0.3,18.4,0.2,16.8,1.1,18.6,0.2,0.2,0.1,0.5,0.2,0.2,0.1,1.9,0.1,0.6,0.2,2.1,0.1,0.0,0.1,0.0,0.1,0.0,0.1,1.1,0.1,0.2,0.1,1.3,0.2,0.8,0.1,0.8,0.2,0.8,0.1,3.6,0.1,1.1,0.2,3.9,0.1,75.1,0.2,80.2,1.2,74.4,0.2,22172,304,36082,805,20787,329,(X),(X),36459,852,27342,569,(X),(X),31394,2868,16728,398,438272,2528,56020,1494,382252,2558,19.7,0.5,11.0,0.9,20.9,0.5,31.8,0.5,30.5,1.4,32.0,0.5,23.9,0.5,31.1,1.3,22.9,0.5,24.6,0.5,27.4,1.3,24.2,0.6,438293,1277,35711,1417,402582,1816,71.1,0.6,77.0,1.9,70.5,0.6,311442,2738,27498,1382,283944,2862,6.8,0.3,5.7,0.8,6.9,0.3,(X),(X),(X),(X),(X),(X),(X),(X),(X),(X),(X),(X),(X),(X),(X),(X),(X),(X),(X),(X),(X),(X),(X),(X),2.9,(X),(X),(X),(X),(X),5.4,(X),(X),(X),(X),(X)
5001100US1311,1311,"Congressional District 11 (111th Congress), Georgia",561107,1875,55937,1342,505170,2380,(X),(X),7.9,0.9,(X),(X),(X),(X),19.3,1.3,(X),(X),(X),(X),34.9,1.4,(X),(X),(X),(X),11.1,0.8,(X),(X),(X),(X),8.2,0.7,(X),(X),48.5,0.2,92.6,0.6,43.6,0.3,51.5,0.2,7.4,0.6,56.4,0.3,32.4,0.3,9.2,1.0,34.9,0.3,40.8,0.3,33.1,1.4,41.7,0.3,13.1,0.2,25.2,1.1,11.8,0.2,7.6,0.1,17.2,0.9,6.5,0.1,6.1,0.1,15.3,0.8,5.1,0.1,99.1,0.1,99.1,0.3,99.1,0.1,80.1,0.4,84.6,1.3,79.6,0.5,13.7,0.3,13.0,1.2,13.8,0.3,0.2,0.1,0.3,0.2,0.2,0.1,1.8,0.1,0.3,0.2,1.9,0.1,0.0,0.1,0.0,0.1,0.0,0.1,3.2,0.3,0.8,0.4,3.5,0.3,0.9,0.1,0.9,0.3,0.9,0.1,6.4,0.2,2.5,0.5,6.8,0.2,76.9,0.3,83.0,1.3,76.3,0.4,26866,331,38451,1150,25533,352,(X),(X),39224,1281,32674,643,(X),(X),31188,2497,20411,294,489718,1808,55261,1321,434457,2167,17.8,0.5,11.8,1.0,18.6,0.5,31.5,0.4,30.6,1.4,31.7,0.5,25.9,0.4,33.2,1.6,25.0,0.5,24.8,0.5,24.4,1.2,24.8,0.5,484112,1910,37730,1248,446382,2383,77.6,0.6,81.1,1.4,77.3,0.6,375504,3114,30585,1173,344919,3220,7.1,0.4,6.2,1.1,7.2,0.4,(X),(X),(X),(X),(X),(X),(X),(X),(X),(X),(X),(X),(X),(X),(X),(X),(X),(X),(X),(X),(X),(X),(X),(X),5.7,(X),(X),(X),(X),(X),8.3,(X),(X),(X),(X),(X)
5001100US1312,1312,"Congressional District 12 (111th Congress), Georgia",495409,2234,54533,1533,440876,2640,(X),(X),11.6,1.1,(X),(X),(X),(X),23.5,1.2,(X),(X),(X),(X),33.7,1.3,(X),(X),(X),(X),10.3,0.7,(X),(X),(X),(X),7.6,0.6,(X),(X),47.5,0.2,88.4,0.9,42.5,0.3,52.5,0.2,11.6,0.9,57.5,0.3,35.4,0.3,10.4,1.0,38.5,0.3,35.5,0.3,37.4,1.2,35.3,0.4,13.7,0.2,22.8,1.1,12.6,0.2,8.4,0.1,15.9,0.9,7.5,0.1,7.0,0.1,13.5,0.7,6.2,0.1,99.2,0.1,99.0,0.3,99.2,0.1,54.5,0.3,59.1,1.4,53.9,0.4,42.0,0.3,38.4,1.3,42.4,0.3,0.3,0.1,0.6,0.2,0.2,0.1,1.2,0.1,0.2,0.1,1.3,0.1,0.0,0.1,0.1,0.1,0.0,0.1,1.2,0.2,0.5,0.2,1.3,0.2,0.8,0.1,1.0,0.3,0.8,0.1,3.1,0.1,1.8,0.4,3.3,0.1,52.9,0.2,58.2,1.4,52.3,0.3,19686,277,32780,888,18000,299,(X),(X),33905,940,22672,659,(X),(X),26762,1775,15442,272,405661,2099,53513,1464,352148,2255,22.1,0.5,10.3,0.8,23.9,0.6,36.8,0.6,36.6,1.6,36.9,0.6,25.4,0.5,36.8,1.5,23.6,0.5,15.7,0.4,16.4,1.1,15.6,0.5,419187,2042,38506,1359,380681,2396,68.0,0.7,76.0,1.3,67.2,0.7,285100,3368,29249,1117,255851,3152,8.3,0.5,5.4,1.0,8.6,0.6,(X),(X),(X),(X),(X),(X),(X),(X),(X),(X),(X),(X),(X),(X),(X),(X),(X),(X),(X),(X),(X),(X),(X),(X),3.5,(X),(X),(X),(X),(X),6.6,(X),(X),(X),(X),(X)
5001100US1313,1313,"Congressional District 13 (111th Congress), Georgia",557513,3800,59780,1555,497733,4027,(X),(X),11.7,1.1,(X),(X),(X),(X),26.2,1.3,(X),(X),(X),(X),28.2,1.2,(X),(X),(X),(X),7.9,0.7,(X),(X),(X),(X),6.0,0.7,(X),(X),47.2,0.3,87.8,1.2,42.3,0.4,52.8,0.3,12.2,1.2,57.7,0.4,36.5,0.5,11.5,1.4,39.5,0.5,41.6,0.4,43.4,1.6,41.4,0.5,11.7,0.3,22.3,1.1,10.4,0.3,5.8,0.2,11.9,0.8,5.0,0.2,4.4,0.1,11.0,0.7,3.7,0.1,99.0,0.1,99.1,0.2,99.0,0.1,39.7,0.4,49.4,1.3,38.6,0.5,50.2,0.4,48.2,1.3,50.4,0.4,0.2,0.1,0.3,0.2,0.2,0.1,3.4,0.2,0.3,0.1,3.8,0.2,0.1,0.1,0.1,0.1,0.1,0.1,5.4,0.4,1.0,0.3,5.9,0.4,1.0,0.1,0.9,0.2,1.0,0.1,9.1,0.3,2.0,0.4,10.0,0.3,36.2,0.3,48.5,1.2,34.8,0.4,28208,356,38854,1068,26863,314,(X),(X),39507,1120,29947,614,(X),(X),34210,3370,24760,563,486134,2976,58649,1483,427485,3160,14.9,0.4,7.0,0.8,16.0,0.4,30.8,0.5,31.1,1.6,30.7,0.6,29.0,0.5,39.5,1.6,27.6,0.5,25.3,0.5,22.5,1.1,25.7,0.5,500662,3779,46114,1408,454548,3808,80.1,0.5,82.9,1.5,79.9,0.6,401207,4138,38211,1409,362996,4247,9.3,0.4,6.7,1.1,9.6,0.4,(X),(X),(X),(X),(X),(X),(X),(X),(X),(X),(X),(X),(X),(X),(X),(X),(X),(X),(X),(X),(X),(X),(X),(X),4.7,(X),(X),(X),(X),(X),7.8,(X),(X),(X),(X),(X)
5001100US1501,1501,"Congressional District 1 (111th Congress), Hawaii",477105,2256,60466,1606,416639,2175,(X),(X),20.0,1.5,(X),(X),(X),(X),21.8,1.4,(X),(X),(X),(X),29.1,1.4,(X),(X),(X),(X),13.9,0.7,(X),(X),(X),(X),11.8,0.7,(X),(X),48.3,0.2,90.1,0.9,42.3,0.3,51.7,0.2,9.9,0.9,57.7,0.3,28.0,0.3,15.2,1.3,29.8,0.3,35.6,0.3,26.5,1.2,37.0,0.3,15.1,0.2,19.4,1.0,14.5,0.2,9.6,0.1,17.0,0.9,8.5,0.2,11.7,0.1,22.0,0.8,10.2,0.2,86.2,0.5,89.6,0.8,85.7,0.5,19.4,0.3,32.6,1.3,17.4,0.3,2.4,0.2,8.4,1.0,1.5,0.2,0.2,0.1,0.4,0.2,0.2,0.1,57.6,0.5,42.9,1.3,59.8,0.6,5.8,0.3,3.9,0.6,6.0,0.3,0.8,0.1,1.3,0.4,0.7,0.1,13.8,0.5,10.4,0.8,14.3,0.5,4.8,0.2,5.1,0.7,4.7,0.2,18.2,0.3,30.9,1.3,16.3,0.3,30477,282,43531,1126,28562,360,(X),(X),44120,1092,33828,616,(X),(X),38234,3528,24944,394,426335,2101,58068,1447,368267,2089,11.2,0.4,6.0,0.6,12.0,0.4,27.4,0.5,28.5,1.1,27.2,0.6,29.3,0.5,33.7,1.5,28.6,0.5,32.2,0.5,31.8,1.1,32.2,0.6,375615,2228,36896,1393,338719,2112,78.3,0.5,80.0,1.2,78.1,0.6,294036,2752,29530,1183,264506,2580,4.1,0.3,3.5,0.7,4.1,0.3,(X),(X),(X),(X),(X),(X),(X),(X),(X),(X),(X),(X),(X),(X),(X),(X),(X),(X),(X),(X),(X),(X),(X),(X),3.8,(X),(X),(X),(X),(X),6.6,(X),(X),(X),(X),(X)
5001100US1502,1502,"Congressional District 2 (111th Congress), Hawaii",469474,2040,55744,1439,413730,2465,(X),(X),13.9,1.6,(X),(X),(X),(X),16.6,1.3,(X),(X),(X),(X),36.1,1.3,(X),(X),(X),(X),11.6,0.8,(X),(X),(X),(X),9.3,0.8,(X),(X),48.7,0.2,91.4,0.8,42.9,0.3,51.3,0.2,8.6,0.8,57.1,0.3,30.0,0.3,12.3,1.4,32.4,0.3,37.3,0.2,26.1,1.2,38.8,0.3,15.9,0.2,27.3,1.1,14.3,0.2,8.6,0.1,17.2,0.8,7.5,0.2,8.2,0.1,17.1,0.9,7.0,0.2,79.6,0.5,84.4,0.9,79.0,0.6,35.0,0.3,42.5,1.2,33.9,0.3,1.2,0.1,4.4,0.9,0.8,0.1,0.3,0.1,0.6,0.2,0.3,0.1,30.2,0.4,26.4,1.1,30.7,0.5,11.5,0.3,8.9,0.8,11.8,0.3,1.4,0.2,1.5,0.4,1.3,0.2,20.4,0.5,15.6,0.9,21.0,0.6,8.5,0.2,6.5,0.7,8.8,0.2,32.5,0.3,40.3,1.2,31.5,0.3,28551,337,40067,1118,27139,275,(X),(X),41058,1067,32777,599,(X),(X),30486,2953,23328,468,412680,1820,54042,1295,358638,2283,10.5,0.3,6.8,0.8,11.0,0.4,32.1,0.6,30.5,1.3,32.3,0.6,31.6,0.6,36.3,1.2,30.9,0.6,25.8,0.6,26.3,1.3,25.7,0.6,390378,1974,36660,1415,353718,2281,78.3,0.5,77.2,1.4,78.4,0.5,305722,2380,28310,1350,277412,2517,5.5,0.3,5.0,1.0,5.6,0.3,(X),(X),(X),(X),(X),(X),(X),(X),(X),(X),(X),(X),(X),(X),(X),(X),(X),(X),(X),(X),(X),(X),(X),(X),3.3,(X),(X),(X),(X),(X),6.6,(X),(X),(X),(X),(X)
5001100US1601,1601,"Congressional District 1 (111th Congress), Idaho",580782,1320,75508,1599,505274,2014,(X),(X),7.2,0.7,(X),(X),(X),(X),15.4,0.8,(X),(X),(X),(X),36.4,0.9,(X),(X),(X),(X),12.9,0.6,(X),(X),(X),(X),11.0,0.7,(X),(X),49.6,0.1,93.4,0.5,43.1,0.2,50.4,0.1,6.6,0.5,56.9,0.2,30.4,0.2,7.5,0.7,33.8,0.2,37.4,0.2,28.7,1.0,38.7,0.2,15.5,0.1,27.1,0.8,13.8,0.2,9.1,0.1,18.9,0.6,7.6,0.1,7.6,0.1,17.9,0.6,6.1,0.1,98.1,0.1,98.3,0.3,98.1,0.1,93.6,0.2,96.2,0.4,93.2,0.2,0.5,0.1,0.5,0.2,0.4,0.1,0.9,0.1,0.6,0.1,1.0,0.1,1.1,0.1,0.3,0.1,1.2,0.1,0.2,0.1,0.1,0.1,0.2,0.1,1.8,0.2,0.5,0.2,2.0,0.2,1.9,0.1,1.7,0.3,1.9,0.1,7.2,0.1,2.2,0.3,8.0,0.1,88.6,0.1,94.8,0.5,87.7,0.2,24047,281,31572,552,22666,326,(X),(X),32208,567,31012,410,(X),(X),21715,1991,17329,295,509953,1235,74302,1544,435651,1829,12.2,0.3,9.1,0.6,12.7,0.4,30.7,0.4,29.1,1.1,31.0,0.5,34.3,0.5,39.5,1.2,33.5,0.5,22.8,0.4,22.4,1.0,22.9,0.5,483854,1241,47765,1422,436089,1914,76.2,0.5,74.3,1.3,76.4,0.5,368771,2328,35481,1350,333290,2483,6.6,0.3,6.5,0.9,6.6,0.3,(X),(X),(X),(X),(X),(X),(X),(X),(X),(X),(X),(X),(X),(X),(X),(X),(X),(X),(X),(X),(X),(X),(X),(X),1.8,(X),(X),(X),(X),(X),4.0,(X),(X),(X),(X),(X)
5001100US1602,1602,"Congressional District 2 (111th Congress), Idaho",500351,1503,55901,1154,444450,1798,(X),(X),10.9,1.1,(X),(X),(X),(X),15.4,1.0,(X),(X),(X),(X),32.7,1.3,(X),(X),(X),(X),13.0,0.9,(X),(X),(X),(X),13.1,0.7,(X),(X),49.7,0.2,92.8,0.7,44.3,0.2,50.3,0.2,7.2,0.7,55.7,0.2,35.7,0.2,11.3,1.1,38.7,0.3,34.9,0.2,25.6,1.0,36.1,0.3,13.7,0.1,23.8,0.8,12.5,0.2,8.1,0.1,18.1,0.7,6.9,0.1,7.5,0.1,21.2,0.9,5.8,0.1,98.6,0.1,98.9,0.3,98.5,0.1,93.0,0.2,96.3,0.5,92.6,0.2,0.5,0.1,0.6,0.3,0.5,0.1,1.4,0.1,1.0,0.3,1.5,0.1,1.2,0.1,0.3,0.2,1.3,0.1,0.1,0.1,0.0,0.1,0.1,0.1,2.4,0.2,0.7,0.2,2.7,0.2,1.4,0.1,1.1,0.3,1.5,0.1,9.1,0.1,3.0,0.5,9.8,0.1,86.9,0.2,94.3,0.7,86.0,0.2,22741,298,32741,671,21517,254,(X),(X),33334,727,29232,502,(X),(X),24544,3019,15677,286,413615,1358,54226,1066,359389,1634,12.5,0.4,8.1,0.6,13.2,0.4,27.6,0.5,28.4,1.1,27.5,0.5,34.9,0.5,39.1,1.3,34.3,0.5,24.9,0.4,24.5,1.1,25.0,0.5,421931,1430,33949,1024,387982,1708,78.0,0.6,78.9,1.5,77.9,0.6,328938,2754,26801,950,302137,2631,5.4,0.3,5.2,0.9,5.4,0.3,(X),(X),(X),(X),(X),(X),(X),(X),(X),(X),(X),(X),(X),(X),(X),(X),(X),(X),(X),(X),(X),(X),(X),(X),1.7,(X),(X),(X),(X),(X),3.6,(X),(X),(X),(X),(X)
5001100US1701,1701,"Congressional District 1 (111th Congress), Illinois",461093,4156,37551,1215,423542,4028,(X),(X),6.1,1.0,(X),(X),(X),(X),10.2,1.0,(X),(X),(X),(X),29.1,1.4,(X),(X),(X),(X),13.6,1.1,(X),(X),(X),(X),14.4,1.1,(X),(X),44.3,0.4,93.6,0.8,39.9,0.5,55.7,0.4,6.4,0.8,60.1,0.5,32.3,0.5,7.4,0.9,34.5,0.5,36.4,0.5,26.6,1.7,37.3,0.5,13.8,0.3,23.4,1.4,12.9,0.3,9.0,0.3,18.3,1.1,8.1,0.2,8.6,0.3,24.4,1.3,7.2,0.3,99.2,0.1,99.4,0.2,99.2,0.1,30.8,0.5,34.4,1.4,30.5,0.5,63.5,0.5,63.5,1.5,63.4,0.5,0.1,0.1,0.2,0.2,0.1,0.1,1.7,0.2,0.4,0.3,1.9,0.2,0.0,0.1,0.0,0.1,0.0,0.1,3.0,0.4,0.8,0.3,3.2,0.4,0.8,0.1,0.6,0.2,0.8,0.1,6.4,0.4,2.4,0.6,6.7,0.4,27.7,0.5,32.9,1.4,27.2,0.5,22916,528,29680,1319,22210,506,(X),(X),29703,1283,27494,762,(X),(X),27429,8629,19667,501,396925,3592,37050,1198,359875,3465,17.4,0.5,12.6,1.1,17.9,0.6,30.3,0.6,33.5,1.9,30.0,0.6,30.9,0.6,34.9,1.8,30.4,0.6,21.5,0.5,19.0,1.3,21.7,0.5,380196,4230,21539,1076,358657,4090,72.6,0.8,73.1,2.5,72.5,0.8,275839,3745,15745,867,260094,3671,14.4,0.6,10.8,1.6,14.6,0.6,(X),(X),(X),(X),(X),(X),(X),(X),(X),(X),(X),(X),(X),(X),(X),(X),(X),(X),(X),(X),(X),(X),(X),(X),3.7,(X),(X),(X),(X),(X),6.8,(X),(X),(X),(X),(X)
5001100US1702,1702,"Congressional District 2 (111th Congress), Illinois",448684,3740,41631,1402,407053,3884,(X),(X),5.2,0.9,(X),(X),(X),(X),13.5,1.4,(X),(X),(X),(X),28.4,1.7,(X),(X),(X),(X),11.7,0.9,(X),(X),(X),(X),12.2,0.9,(X),(X),44.7,0.4,92.4,1.0,39.9,0.4,55.3,0.4,7.6,1.0,60.1,0.4,30.7,0.5,8.4,1.4,33.0,0.5,38.1,0.4,30.1,1.3,38.9,0.5,14.1,0.3,22.4,1.3,13.3,0.4,9.5,0.2,19.3,1.3,8.5,0.2,7.6,0.2,19.8,1.1,6.3,0.2,99.0,0.1,99.3,0.3,99.0,0.1,26.6,0.4,32.5,1.4,26.0,0.5,66.5,0.5,64.7,1.5,66.7,0.5,0.1,0.1,0.2,0.2,0.1,0.1,0.6,0.1,0.0,0.1,0.7,0.1,0.0,0.1,0.0,0.1,0.0,0.1,5.2,0.4,1.9,0.6,5.5,0.4,1.0,0.1,0.7,0.3,1.0,0.1,10.7,0.4,4.9,0.9,11.3,0.4,21.6,0.4,29.7,1.4,20.8,0.4,25244,418,33724,1038,24073,447,(X),(X),33310,1048,27822,669,(X),(X),39548,3092,21627,473,391315,3335,41128,1381,350187,3441,16.1,0.5,11.1,1.1,16.7,0.6,29.5,0.7,31.4,1.8,29.3,0.7,33.5,0.6,38.9,1.8,32.9,0.7,20.9,0.5,18.5,1.4,21.2,0.6,371886,3558,25352,1266,346534,3655,74.2,0.7,75.8,1.9,74.1,0.7,275969,3431,19225,1205,256744,3481,14.3,0.5,12.0,2.0,14.5,0.5,(X),(X),(X),(X),(X),(X),(X),(X),(X),(X),(X),(X),(X),(X),(X),(X),(X),(X),(X),(X),(X),(X),(X),(X),3.7,(X),(X),(X),(X),(X),8.7,(X),(X),(X),(X),(X)
5001100US1703,1703,"Congressional District 3 (111th Congress), Illinois",475303,4114,35373,1165,439930,4242,(X),(X),4.2,0.9,(X),(X),(X),(X),7.1,1.1,(X),(X),(X),(X),32.1,1.5,(X),(X),(X),(X),15.0,1.1,(X),(X),(X),(X),19.2,1.5,(X),(X),48.3,0.3,95.9,0.6,44.5,0.4,51.7,0.3,4.1,0.6,55.5,0.4,30.9,0.5,5.3,1.1,32.9,0.5,37.8,0.6,19.8,1.5,39.2,0.6,14.0,0.3,26.8,1.3,13.0,0.3,8.2,0.2,18.8,1.4,7.3,0.2,9.2,0.3,29.2,1.6,7.5,0.2,98.9,0.1,99.2,0.3,98.9,0.1,73.0,0.6,89.9,1.1,71.7,0.7,6.7,0.4,6.4,1.0,6.7,0.4,0.2,0.1,0.0,0.1,0.2,0.1,3.5,0.2,0.6,0.3,3.7,0.2,0.0,0.1,0.0,0.1,0.0,0.1,15.5,0.5,2.2,0.6,16.5,0.6,1.1,0.1,0.8,0.3,1.1,0.1,26.3,0.5,6.5,0.9,27.9,0.5,62.8,0.6,85.8,1.3,60.9,0.6,28741,445,38630,1272,27887,453,(X),(X),39217,1340,35846,790,(X),(X),28598,5627,22319,363,419232,3233,34929,1206,384303,3405,19.4,0.5,12.8,1.2,20.0,0.6,30.6,0.6,34.5,1.6,30.2,0.6,26.8,0.5,34.3,1.8,26.1,0.5,23.2,0.5,18.4,1.2,23.7,0.5,392932,4113,18399,872,374533,4205,78.1,0.5,76.9,2.4,78.2,0.5,306874,3398,14155,778,292719,3517,7.8,0.4,7.9,1.6,7.8,0.4,(X),(X),(X),(X),(X),(X),(X),(X),(X),(X),(X),(X),(X),(X),(X),(X),(X),(X),(X),(X),(X),(X),(X),(X),2.7,(X),(X),(X),(X),(X),4.7,(X),(X),(X),(X),(X)
5001100US1704,1704,"Congressional District 4 (111th Congress), Illinois",439033,3952,12229,776,426804,4051,(X),(X),12.7,2.7,(X),(X),(X),(X),16.0,2.5,(X),(X),(X),(X),29.3,2.6,(X),(X),(X),(X),10.9,2.0,(X),(X),(X),(X),9.0,1.6,(X),(X),51.9,0.4,93.3,1.9,50.7,0.5,48.1,0.4,6.7,1.9,49.3,0.5,46.0,0.5,15.9,2.8,46.9,0.6,35.3,0.5,30.7,2.9,35.4,0.5,9.9,0.3,23.5,2.3,9.5,0.3,4.8,0.2,11.6,1.9,4.6,0.2,4.0,0.2,18.4,2.5,3.6,0.2,98.8,0.2,98.7,0.6,98.8,0.2,47.8,0.9,65.7,3.7,47.3,0.9,4.9,0.3,11.1,2.0,4.7,0.3,0.3,0.1,0.9,0.6,0.3,0.1,2.9,0.3,2.5,1.0,2.9,0.3,0.0,0.1,0.0,0.3,0.0,0.1,42.8,1.0,18.5,3.1,43.5,1.0,1.2,0.2,1.3,0.6,1.2,0.2,66.5,0.6,33.5,3.0,67.5,0.6,25.2,0.5,51.3,3.3,24.4,0.5,21678,328,27529,2146,21527,336,(X),(X),28605,2602,24745,613,(X),(X),19163,2874,17644,421,370092,3457,11719,772,358373,3463,36.8,0.7,15.6,2.0,37.5,0.7,24.6,0.6,29.1,3.4,24.5,0.6,17.4,0.6,32.5,3.3,16.9,0.6,21.2,0.5,22.8,2.7,21.1,0.5,400493,3846,8562,636,391931,3953,76.8,0.5,75.7,3.3,76.8,0.5,307566,3867,6485,498,301081,3905,8.9,0.4,8.9,2.9,8.9,0.4,(X),(X),(X),(X),(X),(X),(X),(X),(X),(X),(X),(X),(X),(X),(X),(X),(X),(X),(X),(X),(X),(X),(X),(X),2.6,(X),(X),(X),(X),(X),6.5,(X),(X),(X),(X),(X)
5001100US1705,1705,"Congressional District 5 (111th Congress), Illinois",539444,4151,26357,1145,513087,4387,(X),(X),8.0,1.6,(X),(X),(X),(X),11.1,1.3,(X),(X),(X),(X),29.9,1.7,(X),(X),(X),(X),13.8,1.6,(X),(X),(X),(X),17.8,1.4,(X),(X),49.1,0.4,94.6,1.1,46.7,0.4,50.9,0.4,5.4,1.1,53.3,0.4,38.9,0.5,9.7,1.5,40.4,0.5,36.1,0.5,20.3,1.3,36.9,0.5,11.6,0.3,23.4,1.5,11.0,0.3,6.7,0.2,19.5,1.5,6.0,0.2,6.8,0.2,27.1,1.5,5.7,0.2,98.8,0.1,98.9,0.5,98.8,0.2,74.7,0.6,85.0,1.7,74.2,0.6,2.9,0.3,3.9,0.9,2.8,0.3,0.3,0.1,0.6,0.4,0.3,0.1,6.7,0.3,3.3,0.6,6.8,0.4,0.1,0.1,0.1,0.1,0.1,0.1,14.2,0.5,6.0,1.3,14.6,0.5,1.2,0.1,1.1,0.5,1.2,0.2,22.9,0.5,11.1,1.6,23.5,0.6,66.5,0.6,80.2,2.0,65.8,0.6,31515,430,34653,2284,31380,440,(X),(X),35876,2616,37438,802,(X),(X),23276,5221,26309,517,471014,3484,25964,1117,445050,3663,15.7,0.5,12.1,1.4,15.9,0.5,22.8,0.5,29.3,1.8,22.4,0.5,21.3,0.5,33.2,1.8,20.6,0.5,40.2,0.6,25.4,1.9,41.0,0.6,466809,3912,14074,923,452735,4090,82.7,0.5,77.9,2.8,82.9,0.5,386232,3820,10968,833,375264,3963,6.6,0.4,7.2,1.6,6.6,0.4,(X),(X),(X),(X),(X),(X),(X),(X),(X),(X),(X),(X),(X),(X),(X),(X),(X),(X),(X),(X),(X),(X),(X),(X),2.9,(X),(X),(X),(X),(X),7.7,(X),(X),(X),(X),(X)
5001100US1706,1706,"Congressional District 6 (111th Congress), Illinois",487676,1926,34583,1225,453093,2108,(X),(X),4.8,0.8,(X),(X),(X),(X),9.1,1.2,(X),(X),(X),(X),35.1,1.5,(X),(X),(X),(X),14.7,1.2,(X),(X),(X),(X),15.4,1.1,(X),(X),49.2,0.3,95.9,0.8,45.6,0.3,50.8,0.3,4.1,0.8,54.4,0.3,30.1,0.4,5.6,0.9,32.0,0.4,41.2,0.4,20.0,1.7,42.9,0.4,13.7,0.3,27.9,1.4,12.6,0.3,7.5,0.2,21.2,1.3,6.5,0.2,7.4,0.2,25.3,1.4,6.1,0.2,99.0,0.1,99.4,0.3,99.0,0.1,80.4,0.4,92.4,1.3,79.5,0.5,3.0,0.2,3.7,1.0,2.9,0.2,0.2,0.1,0.2,0.1,0.2,0.1,9.8,0.3,2.1,0.6,10.4,0.3,0.1,0.1,0.2,0.3,0.1,0.1,5.5,0.4,1.0,0.4,5.8,0.4,1.0,0.1,0.6,0.3,1.0,0.1,14.3,0.4,3.9,0.8,15.1,0.4,72.0,0.4,89.8,1.4,70.6,0.4,34113,433,43305,1626,33288,473,(X),(X),43746,1659,42940,755,(X),(X),34522,4187,25964,567,428871,1996,34162,1238,394709,2074,11.3,0.4,7.1,0.8,11.7,0.4,24.7,0.5,25.4,1.5,24.6,0.6,27.3,0.5,34.5,1.8,26.7,0.5,36.8,0.5,33.0,1.5,37.1,0.5,414782,1944,18500,1033,396282,2023,82.1,0.4,84.7,1.6,82.0,0.4,340719,2434,15673,932,325046,2478,6.0,0.3,7.1,1.5,5.9,0.3,(X),(X),(X),(X),(X),(X),(X),(X),(X),(X),(X),(X),(X),(X),(X),(X),(X),(X),(X),(X),(X),(X),(X),(X),2.5,(X),(X),(X),(X),(X),3.9,(X),(X),(X),(X),(X)
5001100US1707,1707,"Congressional District 7 (111th Congress), Illinois",489973,5375,28790,1074,461183,5132,(X),(X),6.1,1.1,(X),(X),(X),(X),12.5,1.8,(X),(X),(X),(X),31.7,2.0,(X),(X),(X),(X),11.0,1.3,(X),(X),(X),(X),11.7,1.1,(X),(X),47.1,0.4,93.5,0.8,44.2,0.4,52.9,0.4,6.5,0.8,55.8,0.4,38.4,0.5,8.0,1.5,40.3,0.6,35.2,0.4,28.7,1.9,35.6,0.5,13.1,0.3,24.0,1.7,12.4,0.4,7.4,0.2,18.2,1.5,6.8,0.2,5.9,0.2,21.1,1.6,5.0,0.2,99.0,0.1,99.2,0.4,99.0,0.1,39.1,0.5,40.9,2.1,39.0,0.5,49.8,0.5,55.8,2.2,49.4,0.6,0.2,0.1,0.3,0.2,0.1,0.1,6.0,0.3,0.8,0.3,6.3,0.3,0.0,0.1,0.0,0.1,0.0,0.1,4.0,0.3,1.4,0.6,4.2,0.3,1.0,0.1,0.8,0.4,1.0,0.1,7.5,0.4,3.5,0.8,7.7,0.4,35.8,0.6,39.2,2.1,35.6,0.6,28895,592,31870,1930,28679,586,(X),(X),31661,2039,34133,1312,(X),(X),35621,5458,25476,549,421594,4156,28434,1053,393160,3976,16.9,0.5,13.1,1.3,17.2,0.5,21.7,0.6,26.7,1.6,21.4,0.6,22.3,0.6,29.0,1.8,21.8,0.6,39.0,0.6,31.2,1.5,39.6,0.6,424538,5062,17487,918,407051,4746,72.5,0.5,70.1,2.9,72.6,0.6,307769,3943,12263,805,295506,3764,11.4,0.5,15.7,3.8,11.2,0.5,(X),(X),(X),(X),(X),(X),(X),(X),(X),(X),(X),(X),(X),(X),(X),(X),(X),(X),(X),(X),(X),(X),(X),(X),4.3,(X),(X),(X),(X),(X),8.0,(X),(X),(X),(X),(X)
5001100US1708,1708,"Congressional District 8 (111th Congress), Illinois",520001,1951,40028,1196,479973,2357,(X),(X),6.3,0.9,(X),(X),(X),(X),14.8,1.2,(X),(X),(X),(X),35.8,1.4,(X),(X),(X),(X),11.2,1.0,(X),(X),(X),(X),10.8,0.9,(X),(X),49.2,0.3,93.5,0.8,45.5,0.3,50.8,0.3,6.5,0.8,54.5,0.3,29.3,0.4,7.1,1.1,31.1,0.4,44.0,0.4,26.8,1.3,45.5,0.4,14.0,0.3,28.8,1.1,12.8,0.3,7.0,0.2,19.0,1.1,6.1,0.2,5.6,0.2,18.4,1.0,4.6,0.2,99.0,0.1,99.2,0.3,99.0,0.1,82.8,0.4,92.0,1.0,82.0,0.5,3.4,0.2,4.4,0.8,3.3,0.2,0.1,0.1,0.2,0.2,0.1,0.1,7.6,0.3,1.2,0.4,8.1,0.3,0.0,0.1,0.0,0.1,0.0,0.1,5.2,0.4,1.4,0.5,5.5,0.4,1.0,0.1,0.8,0.3,1.0,0.1,12.6,0.3,3.5,0.8,13.3,0.4,75.6,0.4,89.9,1.1,74.4,0.4,35975,434,44943,1408,35020,481,(X),(X),45947,1610,46604,882,(X),(X),27917,4915,26618,500,459019,2178,39492,1176,419527,2496,10.4,0.3,5.4,0.8,10.9,0.3,24.9,0.4,28.9,1.3,24.5,0.4,29.1,0.4,38.7,1.5,28.2,0.4,35.6,0.5,27.1,1.5,36.4,0.6,454131,1961,25058,1101,429073,2128,82.6,0.4,84.4,1.4,82.5,0.4,374980,2565,21148,969,353832,2665,6.4,0.3,5.2,1.1,6.4,0.3,(X),(X),(X),(X),(X),(X),(X),(X),(X),(X),(X),(X),(X),(X),(X),(X),(X),(X),(X),(X),(X),(X),(X),(X),2.0,(X),(X),(X),(X),(X),4.1,(X),(X),(X),(X),(X)
5001100US1709,1709,"Congressional District 9 (111th Congress), Illinois",502098,3297,28815,1077,473283,3385,(X),(X),6.2,1.1,(X),(X),(X),(X),8.8,1.2,(X),(X),(X),(X),26.3,1.6,(X),(X),(X),(X),14.7,1.3,(X),(X),(X),(X),23.3,1.5,(X),(X),48.6,0.4,95.7,0.8,45.8,0.4,51.4,0.4,4.3,0.8,54.2,0.4,31.7,0.5,6.8,1.0,33.2,0.6,36.3,0.5,16.8,1.7,37.5,0.5,13.8,0.3,20.9,1.6,13.3,0.3,8.6,0.2,20.6,1.3,7.9,0.2,9.7,0.2,34.9,1.8,8.1,0.2,98.6,0.2,98.6,0.5,98.6,0.2,70.4,0.6,83.2,2.1,69.6,0.6,9.7,0.4,11.3,1.8,9.7,0.4,0.2,0.1,0.0,0.1,0.2,0.1,13.0,0.4,2.8,0.6,13.6,0.4,0.0,0.1,0.0,0.1,0.0,0.1,5.2,0.3,1.3,0.5,5.4,0.4,1.4,0.2,1.4,0.5,1.4,0.2,10.0,0.4,4.0,0.8,10.4,0.4,65.8,0.5,80.3,2.0,64.9,0.5,30332,456,37084,1693,29894,556,(X),(X),37742,1924,36047,843,(X),(X),25982,4630,25263,653,440609,3155,28449,1049,412160,3247,11.8,0.4,8.4,1.2,12.0,0.4,20.2,0.5,22.4,1.7,20.0,0.6,23.7,0.5,33.6,1.8,23.0,0.5,44.3,0.6,35.5,1.9,44.9,0.6,410526,3220,12834,813,397692,3253,78.0,0.5,71.6,3.0,78.2,0.6,320078,2820,9184,660,310894,2735,6.6,0.4,7.2,1.8,6.6,0.4,(X),(X),(X),(X),(X),(X),(X),(X),(X),(X),(X),(X),(X),(X),(X),(X),(X),(X),(X),(X),(X),(X),(X),(X),2.6,(X),(X),(X),(X),(X),5.9,(X),(X),(X),(X),(X)
5001100US1710,1710,"Congressional District 10 (111th Congress), Illinois",478248,1824,37871,1077,440377,1775,(X),(X),5.5,0.9,(X),(X),(X),(X),8.9,1.1,(X),(X),(X),(X),31.2,1.6,(X),(X),(X),(X),16.8,1.1,(X),(X),(X),(X),20.3,1.2,(X),(X),48.4,0.3,95.3,0.7,44.3,0.3,51.6,0.3,4.7,0.7,55.7,0.3,24.0,0.4,5.4,0.9,25.6,0.4,41.7,0.4,16.0,1.4,43.9,0.5,15.7,0.3,23.6,1.4,15.0,0.3,9.4,0.2,22.8,1.1,8.3,0.2,9.2,0.2,32.3,1.3,7.2,0.2,99.1,0.1,99.4,0.2,99.1,0.1,81.4,0.5,89.1,1.1,80.7,0.5,4.5,0.2,7.5,1.1,4.3,0.2,0.1,0.1,0.0,0.1,0.1,0.1,7.8,0.2,1.7,0.5,8.3,0.2,0.0,0.1,0.0,0.1,0.0,0.1,5.3,0.4,1.1,0.4,5.7,0.4,0.9,0.1,0.6,0.2,0.9,0.1,13.0,0.3,3.3,0.7,13.8,0.3,73.9,0.4,87.1,1.2,72.7,0.4,38161,580,50242,2457,36901,683,(X),(X),51834,2385,51600,1061,(X),(X),27994,7449,27349,556,427324,1654,37155,1074,390169,1650,9.8,0.3,4.6,0.7,10.2,0.4,17.7,0.4,19.4,1.4,17.5,0.4,21.7,0.5,28.3,1.4,21.1,0.5,50.9,0.5,47.6,1.7,51.2,0.5,389245,1741,17035,837,372210,1623,78.6,0.4,83.4,1.6,78.4,0.4,305857,2144,14209,772,291648,2112,5.6,0.3,4.8,1.0,5.6,0.3,(X),(X),(X),(X),(X),(X),(X),(X),(X),(X),(X),(X),(X),(X),(X),(X),(X),(X),(X),(X),(X),(X),(X),(X),2.2,(X),(X),(X),(X),(X),3.8,(X),(X),(X),(X),(X)
5001100US1711,1711,"Congressional District 11 (111th Congress), Illinois",559622,1894,52118,953,507504,2097,(X),(X),5.5,0.7,(X),(X),(X),(X),10.8,0.9,(X),(X),(X),(X),34.2,1.2,(X),(X),(X),(X),13.1,0.8,(X),(X),(X),(X),12.1,0.7,(X),(X),48.9,0.2,95.3,0.6,44.1,0.2,51.1,0.2,4.7,0.6,55.9,0.2,31.7,0.3,7.4,0.9,34.2,0.3,39.5,0.3,24.7,1.3,41.0,0.3,13.7,0.2,28.0,1.0,12.2,0.2,8.0,0.1,19.7,0.9,6.8,0.1,7.1,0.2,20.3,0.7,5.7,0.2,98.9,0.1,99.0,0.3,98.8,0.1,86.9,0.3,91.1,0.9,86.5,0.4,7.6,0.2,6.6,0.8,7.7,0.2,0.1,0.1,0.2,0.1,0.1,0.1,1.2,0.1,0.3,0.2,1.2,0.1,0.0,0.1,0.0,0.1,0.0,0.1,3.1,0.2,0.7,0.2,3.3,0.3,1.1,0.1,1.0,0.3,1.2,0.1,8.4,0.2,2.8,0.5,8.9,0.2,81.9,0.3,89.3,1.0,81.1,0.3,27662,374,38107,1042,26442,344,(X),(X),38623,1047,38338,744,(X),(X),26904,5223,19658,320,475101,1759,51233,964,423868,2079,12.1,0.3,10.6,0.9,12.3,0.4,34.6,0.5,37.3,1.2,34.2,0.6,32.3,0.5,35.2,1.2,31.9,0.6,21.1,0.5,16.9,1.0,21.6,0.5,475056,1720,31285,816,443771,1910,79.3,0.4,78.8,1.3,79.4,0.4,376821,2550,24649,809,352172,2472,7.5,0.3,7.1,1.0,7.6,0.3,(X),(X),(X),(X),(X),(X),(X),(X),(X),(X),(X),(X),(X),(X),(X),(X),(X),(X),(X),(X),(X),(X),(X),(X),2.6,(X),(X),(X),(X),(X),5.1,(X),(X),(X),(X),(X)
5001100US1712,1712,"Congressional District 12 (111th Congress), Illinois",497178,973,65375,1239,431803,1412,(X),(X),12.0,0.9,(X),(X),(X),(X),20.3,1.1,(X),(X),(X),(X),33.1,1.0,(X),(X),(X),(X),11.9,0.6,(X),(X),(X),(X),11.7,0.6,(X),(X),47.9,0.1,91.2,0.7,41.3,0.2,52.1,0.1,8.8,0.7,58.7,0.2,30.9,0.2,11.1,0.9,33.8,0.2,36.4,0.2,29.4,0.9,37.4,0.2,14.1,0.1,24.7,1.0,12.5,0.2,9.3,0.1,15.9,0.6,8.3,0.1,9.4,0.1,18.9,0.6,8.0,0.1,99.2,0.1,99.3,0.2,99.1,0.1,82.1,0.2,86.4,0.8,81.4,0.2,15.1,0.1,12.0,0.8,15.5,0.2,0.3,0.1,0.4,0.1,0.3,0.1,1.0,0.1,0.1,0.1,1.2,0.1,0.0,0.1,0.1,0.1,0.0,0.1,0.6,0.1,0.4,0.2,0.7,0.1,0.8,0.1,0.7,0.2,0.9,0.1,1.9,0.1,1.2,0.2,2.1,0.1,80.9,0.1,85.6,0.8,80.2,0.2,23519,294,34380,702,21716,298,(X),(X),34595,680,30020,451,(X),(X),31627,2370,17732,306,426614,834,63967,1239,362647,1366,14.7,0.4,10.7,0.7,15.4,0.4,32.8,0.5,31.5,1.2,33.0,0.6,32.7,0.5,35.7,1.3,32.2,0.5,19.8,0.4,22.2,1.1,19.4,0.4,404321,959,42649,1071,361672,1243,74.1,0.5,76.0,1.4,73.9,0.5,299558,2265,32411,968,267147,2096,8.7,0.4,7.0,0.8,8.9,0.4,(X),(X),(X),(X),(X),(X),(X),(X),(X),(X),(X),(X),(X),(X),(X),(X),(X),(X),(X),(X),(X),(X),(X),(X),2.4,(X),(X),(X),(X),(X),4.7,(X),(X),(X),(X),(X)
5001100US1713,1713,"Congressional District 13 (111th Congress), Illinois",551231,2043,39756,1121,511475,2241,(X),(X),4.6,0.9,(X),(X),(X),(X),10.8,1.1,(X),(X),(X),(X),36.3,1.6,(X),(X),(X),(X),11.7,1.1,(X),(X),(X),(X),14.0,1.2,(X),(X),48.8,0.3,95.4,0.7,45.2,0.3,51.2,0.3,4.6,0.7,54.8,0.3,28.1,0.3,5.7,1.0,29.9,0.3,43.7,0.4,21.9,1.6,45.4,0.4,14.5,0.3,29.2,1.4,13.4,0.3,7.3,0.2,20.8,1.1,6.2,0.2,6.4,0.2,22.3,1.1,5.1,0.2,99.1,0.1,99.0,0.3,99.1,0.1,81.2,0.4,90.5,1.0,80.5,0.5,5.9,0.2,6.0,0.8,5.9,0.2,0.2,0.1,0.2,0.2,0.2,0.1,8.5,0.2,1.1,0.3,9.0,0.3,0.0,0.1,0.1,0.1,0.0,0.1,3.4,0.3,1.1,0.5,3.5,0.3,0.9,0.1,1.0,0.3,0.9,0.1,8.0,0.3,3.3,0.8,8.3,0.3,76.9,0.4,88.4,1.2,76.0,0.4,39174,501,48006,1632,38321,509,(X),(X),48591,1733,53859,677,(X),(X),37351,10548,28040,512,488914,2319,39266,1122,449648,2503,6.9,0.3,5.6,0.7,7.0,0.3,20.9,0.5,26.4,1.7,20.4,0.5,27.1,0.6,35.3,1.7,26.3,0.6,45.1,0.6,32.7,1.6,46.2,0.7,476048,2096,22608,995,453440,2264,81.1,0.4,81.4,1.9,81.1,0.4,386037,2376,18405,906,367632,2511,5.7,0.3,4.1,0.9,5.8,0.3,(X),(X),(X),(X),(X),(X),(X),(X),(X),(X),(X),(X),(X),(X),(X),(X),(X),(X),(X),(X),(X),(X),(X),(X),2.2,(X),(X),(X),(X),(X),4.2,(X),(X),(X),(X),(X)
5001100US1714,1714,"Congressional District 14 (111th Congress), Illinois",573382,1150,44864,1166,528518,1535,(X),(X),5.4,0.7,(X),(X),(X),(X),12.0,1.0,(X),(X),(X),(X),36.3,1.4,(X),(X),(X),(X),11.7,0.8,(X),(X),(X),(X),11.1,0.8,(X),(X),50.1,0.1,95.4,0.6,46.3,0.1,49.9,0.1,4.6,0.6,53.7,0.1,33.1,0.2,8.3,0.8,35.2,0.2,40.9,0.2,24.7,1.2,42.2,0.2,13.5,0.1,30.0,1.1,12.1,0.1,7.0,0.1,18.9,0.8,5.9,0.1,5.6,0.1,18.2,0.7,4.5,0.1,98.9,0.1,99.3,0.2,98.9,0.1,83.1,0.4,92.4,1.0,82.3,0.4,4.6,0.1,4.0,0.6,4.6,0.1,0.2,0.1,0.3,0.2,0.2,0.1,3.0,0.1,1.0,0.3,3.2,0.1,0.0,0.1,0.1,0.1,0.0,0.1,8.1,0.4,1.6,0.5,8.6,0.4,1.1,0.1,0.7,0.2,1.1,0.1,18.8,0.1,4.4,0.8,20.0,0.2,72.8,0.2,89.6,1.1,71.4,0.2,30189,312,42857,1439,29030,367,(X),(X),43730,1499,38316,651,(X),(X),29662,3070,21754,334,486307,1116,44153,1159,442154,1457,14.8,0.4,8.1,0.8,15.5,0.5,27.0,0.6,29.8,1.4,26.7,0.6,28.5,0.5,36.2,1.4,27.8,0.5,29.6,0.5,25.9,1.3,30.0,0.5,501343,1076,28236,948,473107,1440,80.6,0.5,82.5,1.6,80.5,0.5,404277,2745,23292,791,380985,2671,6.6,0.3,5.6,1.0,6.7,0.3,(X),(X),(X),(X),(X),(X),(X),(X),(X),(X),(X),(X),(X),(X),(X),(X),(X),(X),(X),(X),(X),(X),(X),(X),2.6,(X),(X),(X),(X),(X),4.5,(X),(X),(X),(X),(X)
5001100US1715,1715,"Congressional District 15 (111th Congress), Illinois",518495,1583,53261,1254,465234,1986,(X),(X),6.7,0.8,(X),(X),(X),(X),11.8,0.8,(X),(X),(X),(X),34.8,1.0,(X),(X),(X),(X),15.1,0.7,(X),(X),(X),(X),13.6,0.9,(X),(X),49.3,0.2,95.2,0.5,44.1,0.2,50.7,0.2,4.8,0.5,55.9,0.2,34.8,0.2,8.0,0.8,37.9,0.2,33.8,0.2,22.4,1.0,35.1,0.2,13.6,0.1,27.5,0.9,12.0,0.2,8.8,0.1,19.5,0.6,7.6,0.1,9.0,0.1,22.7,0.9,7.4,0.1,99.1,0.1,99.4,0.2,99.1,0.1,88.7,0.2,94.3,0.8,88.0,0.2,5.9,0.1,4.0,0.7,6.1,0.2,0.2,0.1,0.4,0.1,0.2,0.1,3.3,0.1,0.4,0.2,3.6,0.1,0.0,0.1,0.0,0.1,0.0,0.1,1.1,0.1,0.3,0.1,1.1,0.1,0.9,0.1,0.6,0.2,0.9,0.1,2.6,0.1,1.0,0.2,2.7,0.1,87.3,0.1,93.7,0.8,86.6,0.2,23714,311,34839,826,22170,283,(X),(X),35388,804,30028,504,(X),(X),25239,2156,17729,383,412026,1028,51958,1255,360068,1630,11.3,0.4,9.1,0.7,11.6,0.4,33.7,0.5,38.3,1.3,33.1,0.5,29.1,0.4,32.3,1.1,28.6,0.5,25.9,0.5,20.4,0.9,26.7,0.5,425898,1625,30810,1020,395088,1928,75.4,0.6,78.1,1.5,75.2,0.6,321307,2493,24071,953,297236,2543,6.7,0.3,5.1,0.8,6.8,0.3,(X),(X),(X),(X),(X),(X),(X),(X),(X),(X),(X),(X),(X),(X),(X),(X),(X),(X),(X),(X),(X),(X),(X),(X),4.0,(X),(X),(X),(X),(X),5.3,(X),(X),(X),(X),(X)
5001100US1716,1716,"Congressional District 16 (111th Congress), Illinois",532773,1045,54060,1287,478713,1700,(X),(X),4.7,0.6,(X),(X),(X),(X),11.4,0.9,(X),(X),(X),(X),34.3,1.1,(X),(X),(X),(X),13.6,0.8,(X),(X),(X),(X),12.8,0.7,(X),(X),49.0,0.1,94.6,0.6,43.9,0.2,51.0,0.1,5.4,0.6,56.1,0.2,26.8,0.2,6.8,0.7,29.0,0.2,40.9,0.2,24.8,0.9,42.7,0.2,15.0,0.1,27.3,0.9,13.7,0.2,9.1,0.1,19.5,0.7,7.9,0.1,8.2,0.1,21.6,0.7,6.7,0.1,99.2,0.1,99.2,0.3,99.2,0.1,89.5,0.2,93.6,0.7,89.0,0.2,5.0,0.1,4.1,0.5,5.2,0.1,0.2,0.1,0.3,0.1,0.2,0.1,2.0,0.1,0.6,0.2,2.1,0.1,0.0,0.1,0.0,0.1,0.0,0.1,2.5,0.2,0.6,0.2,2.7,0.2,0.8,0.1,0.8,0.3,0.8,0.1,7.7,0.1,1.9,0.4,8.3,0.1,84.5,0.1,92.5,0.7,83.6,0.2,27963,375,36874,826,26824,333,(X),(X),37848,922,38012,661,(X),(X),23010,3653,20240,325,473001,1146,53460,1276,419541,1758,12.8,0.5,9.3,0.8,13.2,0.6,33.5,0.5,36.1,1.2,33.2,0.6,30.1,0.4,34.5,1.1,29.5,0.4,23.6,0.4,20.1,0.9,24.1,0.5,440735,1053,31820,1058,408915,1445,79.9,0.5,80.2,1.4,79.9,0.6,352065,2451,25515,972,326550,2491,7.3,0.3,8.8,1.1,7.2,0.3,(X),(X),(X),(X),(X),(X),(X),(X),(X),(X),(X),(X),(X),(X),(X),(X),(X),(X),(X),(X),(X),(X),(X),(X),2.1,(X),(X),(X),(X),(X),4.1,(X),(X),(X),(X),(X)
5001100US1717,1717,"Congressional District 17 (111th Congress), Illinois",487030,1710,58483,1236,428547,1805,(X),(X),5.9,0.7,(X),(X),(X),(X),11.6,1.0,(X),(X),(X),(X),33.2,0.9,(X),(X),(X),(X),14.1,0.6,(X),(X),(X),(X),15.1,0.7,(X),(X),48.3,0.1,94.8,0.5,42.0,0.2,51.7,0.1,5.2,0.5,58.0,0.2,29.0,0.2,8.0,0.8,31.9,0.3,34.8,0.2,23.2,0.9,36.3,0.3,15.2,0.1,25.9,0.8,13.8,0.1,10.2,0.1,18.8,0.7,9.0,0.1,10.8,0.1,24.0,0.6,9.0,0.2,99.0,0.1,99.4,0.2,98.9,0.1,89.5,0.2,94.4,0.5,88.8,0.2,6.7,0.2,4.1,0.5,7.0,0.2,0.2,0.1,0.1,0.1,0.2,0.1,1.0,0.1,0.3,0.2,1.1,0.1,0.1,0.1,0.0,0.1,0.1,0.1,1.6,0.1,0.5,0.2,1.8,0.1,1.0,0.1,0.6,0.2,1.1,0.1,3.8,0.1,1.7,0.3,4.1,0.1,87.6,0.2,93.3,0.6,86.8,0.2,22046,231,31474,657,20660,260,(X),(X),31947,660,28931,485,(X),(X),21973,3149,16603,236,418799,1576,57494,1253,361305,1806,14.8,0.4,13.1,0.7,15.1,0.5,37.1,0.5,38.8,1.1,36.8,0.6,30.6,0.4,32.7,1.2,30.3,0.4,17.5,0.4,15.3,0.8,17.8,0.4,384827,1592,33410,1052,351417,1717,75.5,0.5,75.4,1.4,75.5,0.5,290582,2422,25190,855,265392,2372,7.4,0.3,6.7,1.1,7.5,0.4,(X),(X),(X),(X),(X),(X),(X),(X),(X),(X),(X),(X),(X),(X),(X),(X),(X),(X),(X),(X),(X),(X),(X),(X),2.5,(X),(X),(X),(X),(X),4.6,(X),(X),(X),(X),(X)
5001100US1718,1718,"Congressional District 18 (111th Congress), Illinois",502789,1567,58486,1186,444303,2001,(X),(X),6.6,0.6,(X),(X),(X),(X),12.4,0.7,(X),(X),(X),(X),34.8,1.0,(X),(X),(X),(X),13.6,0.8,(X),(X),(X),(X),13.6,0.7,(X),(X),48.5,0.2,94.8,0.5,42.4,0.2,51.5,0.2,5.2,0.5,57.6,0.2,27.8,0.2,7.9,0.7,30.4,0.2,36.6,0.2,22.3,0.9,38.5,0.3,15.7,0.1,28.3,0.9,14.0,0.2,9.9,0.1,18.9,0.8,8.7,0.1,10.1,0.1,22.6,0.6,8.5,0.1,99.1,0.1,99.5,0.1,99.1,0.1,90.7,0.4,95.6,0.5,90.0,0.4,6.5,0.4,3.2,0.4,6.9,0.4,0.1,0.1,0.2,0.1,0.1,0.1,1.2,0.1,0.2,0.1,1.3,0.1,0.0,0.1,0.0,0.1,0.0,0.1,0.7,0.1,0.3,0.1,0.8,0.1,0.9,0.1,0.5,0.1,0.9,0.1,1.9,0.1,0.8,0.2,2.0,0.1,89.6,0.4,95.1,0.5,88.8,0.4,27235,278,36925,950,25930,322,(X),(X),37615,956,35873,700,(X),(X),26368,2859,20354,336,443593,1957,57545,1161,386048,2260,11.1,0.5,9.5,0.7,11.3,0.6,33.8,0.5,36.7,1.0,33.3,0.6,31.1,0.5,33.8,1.0,30.7,0.6,24.0,0.5,20.0,0.9,24.6,0.5,402368,1535,34198,1103,368170,1963,77.5,0.6,78.6,1.2,77.4,0.6,311696,2294,26892,964,284804,2337,5.7,0.3,5.6,0.8,5.7,0.3,(X),(X),(X),(X),(X),(X),(X),(X),(X),(X),(X),(X),(X),(X),(X),(X),(X),(X),(X),(X),(X),(X),(X),(X),2.2,(X),(X),(X),(X),(X),3.9,(X),(X),(X),(X),(X)
5001100US1719,1719,"Congressional District 19 (111th Congress), Illinois",508298,1803,62248,1245,446050,2085,(X),(X),6.1,0.6,(X),(X),(X),(X),13.9,1.0,(X),(X),(X),(X),34.7,1.0,(X),(X),(X),(X),14.1,0.7,(X),(X),(X),(X),13.3,0.6,(X),(X),48.9,0.2,94.6,0.5,42.6,0.2,51.1,0.2,5.4,0.5,57.4,0.2,27.3,0.2,6.5,0.7,30.3,0.3,37.0,0.3,24.7,1.0,38.8,0.3,15.3,0.2,27.3,0.8,13.7,0.2,10.3,0.1,19.1,0.7,9.1,0.1,10.0,0.1,22.4,0.7,8.3,0.1,99.2,0.1,99.3,0.1,99.2,0.1,94.5,0.2,96.1,0.5,94.2,0.2,3.4,0.2,2.4,0.4,3.6,0.2,0.2,0.1,0.3,0.1,0.2,0.1,0.7,0.1,0.3,0.1,0.8,0.1,0.0,0.1,0.0,0.1,0.0,0.1,0.4,0.1,0.3,0.1,0.4,0.1,0.8,0.1,0.7,0.1,0.8,0.1,1.3,0.1,0.9,0.3,1.3,0.1,93.6,0.2,95.4,0.5,93.3,0.2,25498,274,32944,744,24198,310,(X),(X),33431,749,33461,579,(X),(X),24581,2860,18889,296,448237,1628,61542,1231,386695,1877,12.9,0.3,12.5,0.6,13.0,0.3,34.4,0.4,36.1,1.0,34.1,0.5,32.3,0.4,33.0,1.0,32.2,0.5,20.4,0.4,18.4,0.8,20.7,0.5,405171,1629,36412,1122,368759,1955,77.1,0.4,75.7,1.2,77.2,0.5,312220,1963,27555,956,284665,2225,6.0,0.3,6.0,0.8,6.0,0.3,(X),(X),(X),(X),(X),(X),(X),(X),(X),(X),(X),(X),(X),(X),(X),(X),(X),(X),(X),(X),(X),(X),(X),(X),2.3,(X),(X),(X),(X),(X),4.7,(X),(X),(X),(X),(X)
5001100US1801,1801,"Congressional District 1 (111th Congress), Indiana",513853,341,54042,1300,459811,1338,(X),(X),4.5,0.7,(X),(X),(X),(X),11.3,0.8,(X),(X),(X),(X),33.4,1.2,(X),(X),(X),(X),12.3,0.7,(X),(X),(X),(X),12.0,0.7,(X),(X),47.6,0.1,95.0,0.6,42.0,0.1,52.4,0.1,5.0,0.6,58.0,0.1,28.6,0.1,7.1,0.8,31.1,0.1,39.0,0.1,28.1,1.3,40.3,0.2,15.0,0.1,27.0,1.0,13.6,0.1,9.0,0.1,17.4,0.8,8.0,0.1,8.3,0.1,20.5,0.6,6.9,0.1,98.8,0.1,99.3,0.2,98.8,0.2,74.9,0.2,78.4,1.3,74.5,0.2,17.2,0.1,17.5,1.1,17.2,0.2,0.3,0.1,0.4,0.2,0.3,0.1,1.2,0.1,0.2,0.1,1.3,0.1,0.0,0.1,0.1,0.1,0.0,0.1,5.2,0.2,2.8,0.6,5.5,0.2,1.2,0.1,0.7,0.2,1.2,0.2,10.4,0.1,6.8,0.8,10.8,0.1,70.2,0.1,74.6,1.3,69.7,0.1,26036,281,35439,1021,24661,352,(X),(X),36325,1067,36791,599,(X),(X),23309,1760,18039,323,452627,420,53502,1275,399125,1351,13.4,0.4,12.1,0.8,13.6,0.4,38.0,0.5,40.7,1.5,37.7,0.5,29.4,0.5,32.7,1.7,28.9,0.5,19.2,0.4,14.4,0.9,19.8,0.4,424892,331,33551,1138,391341,1198,76.5,0.4,76.9,1.5,76.5,0.4,325128,1582,25789,1058,299339,1638,8.2,0.3,7.2,1.1,8.3,0.3,(X),(X),(X),(X),(X),(X),(X),(X),(X),(X),(X),(X),(X),(X),(X),(X),(X),(X),(X),(X),(X),(X),(X),(X),3.1,(X),(X),(X),(X),(X),6.1,(X),(X),(X),(X),(X)
5001100US1802,1802,"Congressional District 2 (111th Congress), Indiana",506893,1195,54082,1294,452811,1810,(X),(X),4.9,0.6,(X),(X),(X),(X),12.0,0.9,(X),(X),(X),(X),33.6,1.1,(X),(X),(X),(X),13.2,0.6,(X),(X),(X),(X),13.1,0.8,(X),(X),48.8,0.1,94.3,0.6,43.3,0.2,51.2,0.1,5.7,0.6,56.7,0.2,30.0,0.2,6.7,0.7,32.8,0.2,37.4,0.2,26.5,1.2,38.8,0.2,14.8,0.1,27.2,1.0,13.3,0.2,8.8,0.1,17.9,0.8,7.7,0.1,9.0,0.1,21.7,0.8,7.5,0.2,98.8,0.1,99.2,0.2,98.7,0.1,87.0,0.2,92.3,0.7,86.4,0.2,7.6,0.1,5.9,0.6,7.8,0.1,0.4,0.1,0.3,0.1,0.4,0.1,1.1,0.1,0.2,0.1,1.2,0.1,0.0,0.1,0.0,0.1,0.0,0.1,2.7,0.2,0.5,0.3,3.0,0.2,1.2,0.1,0.8,0.2,1.3,0.1,5.8,0.1,1.6,0.4,6.3,0.1,84.2,0.1,91.4,0.8,83.4,0.2,24077,296,32686,712,22906,328,(X),(X),33144,732,31602,476,(X),(X),25559,4112,17883,318,441640,1093,53429,1273,388211,1753,16.3,0.4,12.7,1.0,16.8,0.4,38.2,0.5,41.5,1.5,37.8,0.5,26.5,0.4,29.9,1.4,26.1,0.4,18.9,0.4,15.9,1.0,19.4,0.4,416979,1173,32645,1077,384334,1650,76.6,0.5,76.7,1.4,76.6,0.6,319443,2239,25031,968,294412,2516,8.0,0.4,7.6,1.0,8.0,0.4,(X),(X),(X),(X),(X),(X),(X),(X),(X),(X),(X),(X),(X),(X),(X),(X),(X),(X),(X),(X),(X),(X),(X),(X),3.7,(X),(X),(X),(X),(X),6.6,(X),(X),(X),(X),(X)
5001100US1803,1803,"Congressional District 3 (111th Congress), Indiana",516699,984,49654,1244,467045,1603,(X),(X),5.7,0.7,(X),(X),(X),(X),12.5,1.0,(X),(X),(X),(X),35.0,1.1,(X),(X),(X),(X),12.4,0.8,(X),(X),(X),(X),11.5,0.7,(X),(X),49.0,0.1,94.9,0.6,44.1,0.2,51.0,0.1,5.1,0.6,55.9,0.2,30.6,0.2,7.3,0.8,33.0,0.2,38.3,0.2,27.1,1.1,39.5,0.2,14.8,0.1,28.0,1.1,13.4,0.1,8.4,0.1,17.7,0.8,7.4,0.1,7.9,0.1,19.8,0.8,6.6,0.1,98.7,0.2,99.0,0.2,98.6,0.2,89.1,0.2,93.6,0.7,88.6,0.3,5.3,0.1,4.2,0.6,5.4,0.1,0.2,0.1,0.3,0.1,0.2,0.1,1.4,0.1,0.3,0.2,1.5,0.1,0.0,0.1,0.1,0.1,0.0,0.1,2.6,0.2,0.5,0.2,2.8,0.2,1.3,0.2,1.0,0.2,1.4,0.2,5.1,0.1,1.4,0.4,5.5,0.1,86.8,0.2,92.9,0.7,86.1,0.2,26766,242,34153,816,25935,261,(X),(X),34539,850,34805,443,(X),(X),26127,3317,19914,287,454281,868,49107,1224,405174,1476,15.4,0.4,9.5,0.7,16.1,0.4,35.6,0.6,38.4,1.4,35.3,0.6,28.1,0.5,32.9,1.4,27.5,0.5,21.0,0.5,19.2,1.1,21.2,0.5,432615,1052,31007,1110,401608,1477,80.5,0.5,80.7,1.4,80.5,0.5,348234,2234,25031,997,323203,2027,7.5,0.3,7.3,1.0,7.5,0.4,(X),(X),(X),(X),(X),(X),(X),(X),(X),(X),(X),(X),(X),(X),(X),(X),(X),(X),(X),(X),(X),(X),(X),(X),2.3,(X),(X),(X),(X),(X),4.6,(X),(X),(X),(X),(X)
5001100US1804,1804,"Congressional District 4 (111th Congress), Indiana",573256,1592,58125,1230,515131,1953,(X),(X),6.7,0.8,(X),(X),(X),(X),14.3,1.0,(X),(X),(X),(X),32.9,0.9,(X),(X),(X),(X),11.6,0.8,(X),(X),(X),(X),11.9,0.7,(X),(X),49.3,0.1,94.7,0.6,44.2,0.2,50.7,0.1,5.3,0.6,55.8,0.2,32.8,0.2,8.1,0.9,35.5,0.2,38.1,0.2,29.7,1.2,39.0,0.2,13.7,0.1,25.6,0.8,12.4,0.1,8.1,0.1,17.5,0.8,7.0,0.1,7.3,0.1,19.0,0.7,6.0,0.1,99.2,0.1,99.1,0.3,99.2,0.1,93.5,0.2,95.4,0.6,93.3,0.2,2.5,0.1,2.7,0.5,2.5,0.1,0.2,0.1,0.3,0.2,0.2,0.1,2.0,0.1,0.3,0.2,2.2,0.1,0.0,0.1,0.0,0.1,0.0,0.1,1.0,0.1,0.5,0.2,1.0,0.1,0.8,0.1,0.9,0.3,0.8,0.1,3.3,0.1,0.9,0.2,3.6,0.1,91.2,0.2,95.0,0.6,90.8,0.2,27051,304,36646,880,25734,310,(X),(X),37273,908,34352,455,(X),(X),27541,3790,20270,311,480963,1604,57360,1251,423603,2030,11.3,0.4,9.0,0.7,11.6,0.4,35.8,0.5,38.5,1.4,35.4,0.6,27.6,0.4,32.9,1.3,26.9,0.5,25.3,0.5,19.5,0.9,26.1,0.5,484949,1434,36873,1206,448076,1833,77.7,0.5,81.7,1.3,77.4,0.5,376893,2837,30108,1161,346785,2866,6.0,0.3,5.9,1.0,6.1,0.3,(X),(X),(X),(X),(X),(X),(X),(X),(X),(X),(X),(X),(X),(X),(X),(X),(X),(X),(X),(X),(X),(X),(X),(X),2.1,(X),(X),(X),(X),(X),4.2,(X),(X),(X),(X),(X)
5001100US1805,1805,"Congressional District 5 (111th Congress), Indiana",570896,1775,58230,1124,512666,1943,(X),(X),5.4,0.6,(X),(X),(X),(X),14.0,1.0,(X),(X),(X),(X),33.6,1.0,(X),(X),(X),(X),12.4,0.8,(X),(X),(X),(X),11.8,0.7,(X),(X),48.5,0.2,94.2,0.6,43.4,0.2,51.5,0.2,5.8,0.6,56.6,0.2,28.2,0.2,6.2,0.7,30.7,0.2,41.2,0.2,28.7,1.2,42.6,0.3,14.5,0.2,26.0,0.9,13.2,0.2,8.5,0.1,19.2,0.8,7.3,0.1,7.5,0.1,19.9,0.7,6.1,0.2,99.2,0.1,99.1,0.2,99.2,0.1,92.3,0.2,94.2,0.6,92.1,0.2,3.7,0.2,3.9,0.6,3.7,0.2,0.3,0.1,0.4,0.2,0.3,0.1,2.0,0.1,0.3,0.2,2.2,0.1,0.0,0.1,0.0,0.1,0.0,0.1,0.8,0.1,0.3,0.2,0.9,0.1,0.8,0.1,0.9,0.2,0.8,0.1,2.3,0.1,1.4,0.3,2.4,0.1,91.0,0.2,93.3,0.7,90.8,0.2,31418,287,39380,903,30409,302,(X),(X),39729,933,41842,667,(X),(X),30666,3464,22516,394,508826,1641,57677,1115,451149,1810,8.8,0.3,7.5,0.7,9.0,0.3,29.7,0.5,33.6,1.3,29.2,0.5,26.6,0.5,32.0,1.2,25.9,0.5,34.9,0.5,26.9,1.2,35.9,0.5,479224,1700,35447,975,443777,1879,80.5,0.4,80.1,1.3,80.5,0.4,385587,2459,28407,967,357180,2486,5.5,0.3,5.1,0.8,5.5,0.3,(X),(X),(X),(X),(X),(X),(X),(X),(X),(X),(X),(X),(X),(X),(X),(X),(X),(X),(X),(X),(X),(X),(X),(X),2.7,(X),(X),(X),(X),(X),4.1,(X),(X),(X),(X),(X)
5001100US1806,1806,"Congressional District 6 (111th Congress), Indiana",512329,1220,56584,1261,455745,1653,(X),(X),4.7,0.7,(X),(X),(X),(X),11.2,0.8,(X),(X),(X),(X),33.4,1.0,(X),(X),(X),(X),13.8,0.9,(X),(X),(X),(X),13.4,0.7,(X),(X),48.7,0.1,95.3,0.6,42.9,0.2,51.3,0.1,4.7,0.6,57.1,0.2,28.6,0.2,5.9,0.7,31.4,0.2,36.7,0.2,26.7,1.1,37.9,0.2,15.5,0.1,26.2,0.9,14.1,0.2,10.0,0.1,19.1,0.8,8.9,0.1,9.3,0.1,22.0,0.8,7.7,0.1,98.8,0.1,98.7,0.3,98.8,0.1,93.6,0.2,95.4,0.5,93.4,0.2,3.5,0.1,2.9,0.4,3.6,0.2,0.2,0.1,0.2,0.1,0.2,0.1,0.8,0.1,0.1,0.1,0.8,0.1,0.0,0.1,0.0,0.1,0.0,0.1,0.7,0.1,0.3,0.2,0.8,0.1,1.2,0.1,1.3,0.3,1.2,0.1,1.7,0.1,0.6,0.2,1.8,0.1,92.7,0.1,95.1,0.5,92.4,0.2,23582,303,30705,565,22336,269,(X),(X),31106,563,31077,480,(X),(X),24130,2922,17367,271,442993,1237,55757,1239,387236,1724,15.3,0.3,13.2,0.7,15.6,0.4,42.0,0.5,44.7,1.1,41.6,0.5,26.1,0.5,29.0,1.2,25.7,0.5,16.6,0.3,13.1,0.8,17.1,0.4,413479,1034,33282,1120,380197,1506,75.9,0.4,74.4,1.4,76.1,0.5,313914,1897,24752,977,289162,1933,8.4,0.4,7.7,1.0,8.4,0.4,(X),(X),(X),(X),(X),(X),(X),(X),(X),(X),(X),(X),(X),(X),(X),(X),(X),(X),(X),(X),(X),(X),(X),(X),2.8,(X),(X),(X),(X),(X),5.3,(X),(X),(X),(X),(X)
5001100US1807,1807,"Congressional District 7 (111th Congress), Indiana",494627,2040,47311,1204,447316,2270,(X),(X),6.8,0.9,(X),(X),(X),(X),14.2,1.0,(X),(X),(X),(X),31.8,1.4,(X),(X),(X),(X),11.5,0.8,(X),(X),(X),(X),11.0,0.8,(X),(X),47.3,0.2,92.2,0.8,42.5,0.2,52.7,0.2,7.8,0.8,57.5,0.2,36.5,0.2,7.7,1.0,39.5,0.3,36.7,0.2,33.9,1.4,37.1,0.3,12.4,0.2,25.1,1.3,11.1,0.2,7.2,0.1,15.4,0.8,6.3,0.1,7.2,0.2,17.9,0.9,6.0,0.2,98.4,0.2,98.4,0.4,98.4,0.2,64.9,0.3,69.7,1.4,64.4,0.3,28.4,0.2,27.6,1.4,28.5,0.3,0.2,0.1,0.3,0.1,0.2,0.1,1.5,0.1,0.4,0.2,1.6,0.1,0.0,0.1,0.0,0.1,0.0,0.1,3.3,0.2,0.4,0.2,3.6,0.3,1.6,0.2,1.6,0.4,1.6,0.2,6.3,0.2,1.1,0.3,6.9,0.2,62.1,0.2,69.3,1.4,61.4,0.3,23480,340,30791,823,22615,379,(X),(X),31226,805,26785,517,(X),(X),26152,1650,20075,394,427464,1958,46588,1181,380876,2249,18.9,0.5,11.3,1.0,19.9,0.5,31.9,0.5,36.1,1.5,31.4,0.5,25.8,0.5,33.7,1.4,24.8,0.5,23.4,0.4,18.9,1.1,23.9,0.5,423699,1697,31540,1083,392159,1969,78.5,0.5,76.7,1.7,78.7,0.5,332781,2496,24189,1032,308592,2387,10.6,0.6,8.3,1.1,10.8,0.6,(X),(X),(X),(X),(X),(X),(X),(X),(X),(X),(X),(X),(X),(X),(X),(X),(X),(X),(X),(X),(X),(X),(X),(X),2.8,(X),(X),(X),(X),(X),5.7,(X),(X),(X),(X),(X)
5001100US1808,1808,"Congressional District 8 (111th Congress), Indiana",522952,464,59889,1180,463063,1228,(X),(X),6.0,0.6,(X),(X),(X),(X),12.0,0.8,(X),(X),(X),(X),34.3,1.1,(X),(X),(X),(X),12.6,0.8,(X),(X),(X),(X),12.8,0.5,(X),(X),48.7,0.1,94.8,0.5,42.7,0.2,51.3,0.1,5.2,0.5,57.3,0.2,29.8,0.1,6.4,0.6,32.8,0.1,36.6,0.1,26.9,1.0,37.9,0.2,15.0,0.1,27.4,0.8,13.4,0.1,9.4,0.1,18.6,0.7,8.2,0.1,9.2,0.1,20.6,0.6,7.7,0.1,99.2,0.1,99.4,0.2,99.2,0.1,93.8,0.1,95.5,0.5,93.6,0.1,3.8,0.1,3.1,0.5,3.9,0.1,0.3,0.1,0.4,0.2,0.2,0.1,0.8,0.1,0.2,0.1,0.8,0.1,0.0,0.1,0.0,0.1,0.0,0.1,0.5,0.1,0.2,0.1,0.6,0.1,0.8,0.1,0.6,0.2,0.8,0.1,1.1,0.1,0.6,0.2,1.2,0.1,93.3,0.1,95.1,0.6,93.0,0.1,23316,280,31561,724,22129,237,(X),(X),31915,714,31514,445,(X),(X),20836,3150,17115,273,451122,544,58890,1172,392232,1320,14.8,0.3,11.6,0.8,15.3,0.4,38.6,0.4,41.6,1.2,38.2,0.5,29.1,0.4,31.7,1.0,28.7,0.4,17.5,0.4,15.1,0.9,17.8,0.4,425981,509,36398,965,389583,1095,75.0,0.5,76.2,1.4,74.9,0.5,319462,2113,27726,816,291736,2178,6.0,0.3,6.6,1.0,6.0,0.3,(X),(X),(X),(X),(X),(X),(X),(X),(X),(X),(X),(X),(X),(X),(X),(X),(X),(X),(X),(X),(X),(X),(X),(X),2.8,(X),(X),(X),(X),(X),5.1,(X),(X),(X),(X),(X)
5001100US1809,1809,"Congressional District 9 (111th Congress), Indiana",539452,1107,55634,1132,483818,1631,(X),(X),5.5,0.7,(X),(X),(X),(X),12.2,1.0,(X),(X),(X),(X),33.5,1.2,(X),(X),(X),(X),13.0,0.8,(X),(X),(X),(X),11.9,0.6,(X),(X),48.7,0.1,95.0,0.6,43.4,0.2,51.3,0.1,5.0,0.6,56.6,0.2,32.1,0.2,6.5,0.9,35.1,0.2,36.8,0.2,29.1,1.1,37.7,0.2,14.4,0.1,26.1,0.9,13.1,0.1,9.0,0.1,18.1,0.9,7.9,0.1,7.7,0.1,20.2,0.6,6.2,0.1,99.1,0.1,99.2,0.3,99.1,0.1,94.4,0.1,95.4,0.6,94.3,0.1,2.4,0.1,2.8,0.5,2.4,0.1,0.2,0.1,0.4,0.2,0.2,0.1,1.3,0.1,0.3,0.1,1.5,0.1,0.0,0.1,0.0,0.1,0.0,0.1,0.7,0.1,0.2,0.1,0.8,0.1,0.9,0.1,0.8,0.3,0.9,0.1,1.8,0.1,0.6,0.2,2.0,0.1,93.3,0.1,95.0,0.6,93.1,0.1,24366,260,32664,681,23204,277,(X),(X),33064,676,30355,509,(X),(X),22600,2934,18413,339,455028,1017,54771,1054,400257,1543,15.6,0.3,13.5,0.9,15.9,0.3,39.9,0.5,40.7,1.1,39.8,0.5,25.9,0.5,30.6,1.2,25.2,0.5,18.7,0.4,15.3,1.0,19.1,0.4,449739,1012,34325,1005,415414,1360,75.8,0.5,76.5,1.6,75.8,0.5,340937,2211,26242,987,314695,2185,6.9,0.3,6.5,1.1,6.9,0.3,(X),(X),(X),(X),(X),(X),(X),(X),(X),(X),(X),(X),(X),(X),(X),(X),(X),(X),(X),(X),(X),(X),(X),(X),2.7,(X),(X),(X),(X),(X),4.5,(X),(X),(X),(X),(X)
5001100US1901,1901,"Congressional District 1 (111th Congress), Iowa",446190,189,50513,964,395677,968,(X),(X),5.3,0.7,(X),(X),(X),(X),11.1,0.7,(X),(X),(X),(X),34.7,1.1,(X),(X),(X),(X),13.5,0.8,(X),(X),(X),(X),14.3,0.7,(X),(X),48.2,0.1,94.6,0.6,42.3,0.1,51.8,0.1,5.4,0.6,57.7,0.1,29.3,0.1,6.2,0.7,32.2,0.1,36.1,0.1,24.9,1.0,37.6,0.1,15.0,0.1,27.4,0.8,13.4,0.1,9.5,0.1,18.4,0.6,8.4,0.1,10.0,0.1,23.1,0.7,8.4,0.1,99.1,0.1,99.2,0.2,99.1,0.1,93.8,0.1,96.6,0.5,93.4,0.1,3.3,0.1,1.9,0.4,3.5,0.1,0.2,0.1,0.2,0.1,0.2,0.1,1.1,0.1,0.3,0.1,1.2,0.1,0.0,0.1,0.0,0.1,0.1,0.1,0.7,0.1,0.3,0.1,0.7,0.1,0.9,0.1,0.8,0.2,0.9,0.1,2.1,0.1,0.8,0.2,2.2,0.1,92.5,0.1,96.1,0.5,92.1,0.1,25221,222,33224,779,24029,276,(X),(X),33737,801,32631,387,(X),(X),22073,3781,18734,306,380368,398,49869,976,330499,1030,10.6,0.3,10.2,0.8,10.7,0.3,36.7,0.5,41.3,1.2,36.0,0.5,29.6,0.4,30.2,1.2,29.5,0.4,23.1,0.4,18.3,1.0,23.9,0.5,358841,219,29582,798,329259,830,81.5,0.5,77.9,1.2,81.8,0.5,292383,1646,23051,759,269332,1710,4.9,0.4,4.7,0.9,4.9,0.4,(X),(X),(X),(X),(X),(X),(X),(X),(X),(X),(X),(X),(X),(X),(X),(X),(X),(X),(X),(X),(X),(X),(X),(X),2.8,(X),(X),(X),(X),(X),3.9,(X),(X),(X),(X),(X)
5001100US1902,1902,"Congressional District 2 (111th Congress), Iowa",466832,341,47621,998,419211,1099,(X),(X),6.8,0.8,(X),(X),(X),(X),12.5,1.1,(X),(X),(X),(X),34.6,1.1,(X),(X),(X),(X),14.0,0.8,(X),(X),(X),(X),13.5,0.7,(X),(X),48.7,0.1,94.5,0.6,43.5,0.2,51.3,0.1,5.5,0.6,56.5,0.2,32.9,0.1,7.2,0.8,35.9,0.1,35.5,0.1,25.2,1.2,36.7,0.1,14.3,0.1,26.3,0.9,12.9,0.1,8.5,0.1,18.4,0.8,7.4,0.1,8.8,0.1,22.8,0.6,7.2,0.1,99.1,0.1,99.3,0.2,99.1,0.1,93.5,0.1,96.6,0.5,93.2,0.1,2.2,0.1,1.4,0.3,2.3,0.1,0.2,0.1,0.3,0.2,0.2,0.1,2.0,0.1,0.4,0.3,2.2,0.1,0.0,0.1,0.0,0.1,0.0,0.1,1.1,0.1,0.6,0.2,1.2,0.1,0.9,0.1,0.7,0.2,0.9,0.1,3.0,0.1,1.4,0.3,3.2,0.1,91.7,0.1,95.8,0.6,91.3,0.1,25643,258,33546,767,24603,295,(X),(X),34033,735,32007,352,(X),(X),24144,3683,19820,286,391766,495,46874,1004,344892,1197,9.7,0.3,8.8,0.8,9.8,0.3,31.6,0.4,36.5,1.3,31.0,0.4,31.1,0.5,33.2,1.2,30.8,0.5,27.6,0.4,21.5,1.3,28.4,0.4,386342,418,27969,868,358373,993,81.4,0.4,80.9,1.3,81.5,0.5,314552,1771,22635,779,291917,2038,5.3,0.3,4.4,0.8,5.3,0.3,(X),(X),(X),(X),(X),(X),(X),(X),(X),(X),(X),(X),(X),(X),(X),(X),(X),(X),(X),(X),(X),(X),(X),(X),1.9,(X),(X),(X),(X),(X),3.9,(X),(X),(X),(X),(X)
5001100US1903,1903,"Congressional District 3 (111th Congress), Iowa",469306,222,47389,919,421917,926,(X),(X),6.6,0.8,(X),(X),(X),(X),12.9,0.9,(X),(X),(X),(X),32.6,1.1,(X),(X),(X),(X),16.0,0.7,(X),(X),(X),(X),12.9,0.8,(X),(X),48.4,0.1,94.2,0.7,43.2,0.1,51.6,0.1,5.8,0.7,56.8,0.1,30.8,0.1,7.4,0.8,33.4,0.1,38.0,0.1,26.0,1.1,39.3,0.1,14.0,0.1,25.2,0.8,12.7,0.1,8.4,0.1,18.1,0.8,7.4,0.1,8.8,0.1,23.3,0.8,7.2,0.1,99.2,0.1,99.2,0.2,99.2,0.1,91.9,0.1,95.3,0.6,91.5,0.2,3.2,0.1,2.5,0.4,3.3,0.1,0.4,0.1,0.4,0.2,0.4,0.1,2.2,0.1,0.6,0.2,2.3,0.1,0.0,0.1,0.0,0.1,0.0,0.1,1.6,0.1,0.4,0.2,1.7,0.1,0.8,0.1,0.8,0.2,0.8,0.1,3.8,0.1,1.4,0.3,4.0,0.1,89.8,0.1,94.5,0.5,89.3,0.1,29465,288,35171,722,28778,318,(X),(X),35487,756,36243,397,(X),(X),29250,4450,23506,309,414212,298,46736,943,367476,967,9.6,0.3,8.5,0.6,9.7,0.3,32.2,0.4,36.6,1.2,31.6,0.5,30.1,0.4,32.4,1.3,29.8,0.5,28.2,0.5,22.5,1.2,28.9,0.5,388189,227,27763,874,360426,887,83.9,0.4,79.4,1.4,84.3,0.4,325778,1567,22048,802,303730,1647,4.6,0.3,4.6,1.0,4.6,0.3,(X),(X),(X),(X),(X),(X),(X),(X),(X),(X),(X),(X),(X),(X),(X),(X),(X),(X),(X),(X),(X),(X),(X),(X),1.9,(X),(X),(X),(X),(X),3.8,(X),(X),(X),(X),(X)
5001100US1904,1904,"Congressional District 4 (111th Congress), Iowa",455103,232,49986,1007,405117,1031,(X),(X),6.5,0.7,(X),(X),(X),(X),11.7,0.9,(X),(X),(X),(X),32.4,1.1,(X),(X),(X),(X),16.5,0.8,(X),(X),(X),(X),14.8,0.7,(X),(X),49.3,0.1,95.8,0.4,43.5,0.2,50.7,0.1,4.2,0.4,56.5,0.2,29.7,0.1,7.0,0.7,32.5,0.1,35.2,0.1,22.0,1.0,36.8,0.2,14.5,0.1,25.4,0.9,13.1,0.1,9.6,0.1,20.0,0.7,8.4,0.1,11.0,0.1,25.7,0.6,9.2,0.1,99.4,0.1,99.3,0.2,99.4,0.1,95.7,0.1,98.2,0.4,95.4,0.2,1.0,0.1,0.5,0.2,1.0,0.1,0.2,0.1,0.1,0.1,0.2,0.1,1.4,0.1,0.2,0.2,1.5,0.1,0.0,0.1,0.0,0.1,0.0,0.1,1.2,0.1,0.3,0.2,1.3,0.1,0.6,0.1,0.7,0.2,0.6,0.1,3.0,0.1,1.0,0.3,3.2,0.1,94.1,0.1,97.5,0.4,93.6,0.1,24948,250,32872,845,23903,277,(X),(X),33319,834,31691,436,(X),(X),21380,2629,19069,291,382312,402,49027,975,333285,957,9.6,0.3,10.4,0.8,9.4,0.3,35.2,0.5,40.3,1.1,34.4,0.5,32.1,0.4,31.8,1.2,32.2,0.4,23.1,0.4,17.5,0.8,24.0,0.4,361321,290,27163,827,334158,858,83.1,0.5,83.2,1.3,83.0,0.5,300080,1738,22594,772,277486,1882,4.3,0.3,3.7,0.8,4.4,0.3,(X),(X),(X),(X),(X),(X),(X),(X),(X),(X),(X),(X),(X),(X),(X),(X),(X),(X),(X),(X),(X),(X),(X),(X),2.5,(X),(X),(X),(X),(X),4.1,(X),(X),(X),(X),(X)
5001100US1905,1905,"Congressional District 5 (111th Congress), Iowa",429147,275,50144,858,379003,899,(X),(X),5.6,0.7,(X),(X),(X),(X),9.6,0.8,(X),(X),(X),(X),34.1,1.0,(X),(X),(X),(X),15.7,0.8,(X),(X),(X),(X),14.4,0.6,(X),(X),48.7,0.1,94.7,0.6,42.6,0.2,51.3,0.1,5.3,0.6,57.4,0.2,25.6,0.1,5.8,0.8,28.2,0.1,36.8,0.1,22.9,0.9,38.6,0.2,15.3,0.1,26.9,0.8,13.8,0.1,10.3,0.1,19.4,0.6,9.1,0.1,12.0,0.1,25.0,0.7,10.3,0.1,99.3,0.1,99.5,0.2,99.3,0.1,95.4,0.2,98.2,0.4,95.0,0.2,0.7,0.1,0.6,0.3,0.8,0.1,0.4,0.1,0.3,0.2,0.4,0.1,0.9,0.1,0.2,0.1,1.0,0.1,0.0,0.1,0.0,0.1,0.0,0.1,1.8,0.2,0.3,0.2,2.0,0.2,0.7,0.1,0.5,0.2,0.7,0.1,4.1,0.1,0.8,0.3,4.5,0.1,93.3,0.1,97.7,0.5,92.8,0.1,24544,286,31253,544,23585,314,(X),(X),31703,540,31740,357,(X),(X),22917,1734,18489,259,377814,404,49453,847,328361,887,12.5,0.3,12.3,0.7,12.6,0.3,39.0,0.5,43.3,1.1,38.4,0.5,30.1,0.5,29.3,1.1,30.2,0.5,18.4,0.4,15.1,0.9,18.8,0.5,333149,354,27885,817,305264,919,83.3,0.5,82.5,1.4,83.4,0.5,277506,1664,23007,790,254499,1737,4.4,0.2,4.7,0.8,4.4,0.2,(X),(X),(X),(X),(X),(X),(X),(X),(X),(X),(X),(X),(X),(X),(X),(X),(X),(X),(X),(X),(X),(X),(X),(X),2.1,(X),(X),(X),(X),(X),3.6,(X),(X),(X),(X),(X)
5001100US2001,2001,"Congressional District 1 (111th Congress), Kansas",485507,790,55463,1136,430044,1211,(X),(X),8.1,1.0,(X),(X),(X),(X),12.4,0.7,(X),(X),(X),(X),33.5,1.0,(X),(X),(X),(X),14.1,0.7,(X),(X),(X),(X),15.3,0.8,(X),(X),49.1,0.1,93.8,0.7,43.4,0.2,50.9,0.1,6.2,0.7,56.6,0.2,28.0,0.2,7.3,0.9,30.7,0.2,35.6,0.1,22.8,0.9,37.3,0.2,14.8,0.1,26.1,0.9,13.4,0.1,9.9,0.1,18.9,0.5,8.8,0.1,11.6,0.1,24.9,0.7,9.9,0.1,98.6,0.1,98.8,0.3,98.5,0.1,91.9,0.3,94.0,0.6,91.7,0.3,2.0,0.1,3.1,0.4,1.9,0.1,0.6,0.1,0.7,0.2,0.6,0.1,1.1,0.1,0.4,0.2,1.2,0.1,0.0,0.1,0.1,0.1,0.0,0.1,2.9,0.2,0.6,0.2,3.2,0.2,1.4,0.1,1.2,0.3,1.5,0.1,10.4,0.1,3.5,0.5,11.3,0.1,84.8,0.1,91.4,0.8,84.0,0.1,23132,214,29654,667,22269,225,(X),(X),30186,616,29417,425,(X),(X),20367,3040,17200,255,418323,945,54123,994,364200,1300,14.9,0.3,10.0,0.6,15.6,0.4,33.2,0.4,37.5,1.1,32.6,0.4,32.3,0.4,35.2,1.0,31.9,0.4,19.6,0.5,17.4,1.0,19.9,0.5,380982,830,31168,961,349814,1214,81.3,0.4,80.2,1.3,81.4,0.4,309714,1856,24984,853,284730,1941,3.9,0.3,4.6,0.8,3.8,0.3,(X),(X),(X),(X),(X),(X),(X),(X),(X),(X),(X),(X),(X),(X),(X),(X),(X),(X),(X),(X),(X),(X),(X),(X),2.2,(X),(X),(X),(X),(X),4.5,(X),(X),(X),(X),(X)
5001100US2002,2002,"Congressional District 2 (111th Congress), Kansas",519430,1229,64894,1437,454536,1597,(X),(X),10.1,0.9,(X),(X),(X),(X),17.1,0.9,(X),(X),(X),(X),35.8,1.0,(X),(X),(X),(X),12.6,0.7,(X),(X),(X),(X),11.6,0.6,(X),(X),48.7,0.2,92.7,0.6,42.4,0.2,51.3,0.2,7.3,0.6,57.6,0.2,32.4,0.2,8.4,0.7,35.8,0.2,35.4,0.1,28.4,1.1,36.3,0.2,14.6,0.1,26.7,0.8,12.9,0.1,8.8,0.1,16.9,0.6,7.7,0.1,8.9,0.1,19.6,0.6,7.3,0.1,98.0,0.2,98.6,0.3,97.9,0.2,89.7,0.2,91.7,0.7,89.4,0.3,4.4,0.1,4.9,0.5,4.4,0.2,1.0,0.1,1.1,0.2,1.0,0.1,1.4,0.1,0.3,0.1,1.5,0.1,0.0,0.1,0.0,0.1,0.1,0.1,1.4,0.1,0.6,0.2,1.6,0.1,2.0,0.2,1.4,0.3,2.1,0.2,3.7,0.1,2.1,0.3,3.9,0.1,87.8,0.2,90.3,0.8,87.4,0.3,23905,280,34258,733,22288,262,(X),(X),34796,795,28711,453,(X),(X),29202,2029,18658,318,429436,1208,63259,1296,366177,1720,10.0,0.3,7.7,0.6,10.3,0.3,33.6,0.5,33.9,1.1,33.5,0.6,30.6,0.5,33.1,1.1,30.1,0.5,25.9,0.4,25.3,1.0,26.0,0.5,427481,1201,41225,1287,386256,1555,77.8,0.5,78.1,1.3,77.7,0.6,332414,2407,32205,1184,300209,2548,5.2,0.3,4.3,0.8,5.3,0.4,(X),(X),(X),(X),(X),(X),(X),(X),(X),(X),(X),(X),(X),(X),(X),(X),(X),(X),(X),(X),(X),(X),(X),(X),2.0,(X),(X),(X),(X),(X),4.0,(X),(X),(X),(X),(X)
5001100US2003,2003,"Congressional District 3 (111th Congress), Kansas",556377,982,51075,1024,505302,1490,(X),(X),8.7,0.8,(X),(X),(X),(X),16.1,1.1,(X),(X),(X),(X),33.9,1.1,(X),(X),(X),(X),11.7,0.7,(X),(X),(X),(X),14.1,0.7,(X),(X),48.6,0.1,94.7,0.7,43.9,0.2,51.4,0.1,5.3,0.7,56.1,0.2,34.4,0.1,10.4,0.9,36.8,0.2,38.5,0.1,25.6,1.3,39.8,0.2,13.4,0.1,26.0,1.0,12.1,0.1,6.8,0.1,16.6,0.7,5.8,0.1,6.8,0.1,21.3,0.7,5.3,0.1,98.6,0.1,98.6,0.3,98.6,0.1,84.0,0.2,88.7,0.7,83.5,0.3,7.9,0.1,8.2,0.6,7.9,0.1,0.6,0.1,0.4,0.1,0.6,0.1,3.4,0.1,0.5,0.2,3.7,0.1,0.1,0.1,0.1,0.1,0.1,0.1,2.7,0.2,0.7,0.3,2.9,0.2,1.4,0.1,1.4,0.3,1.4,0.1,7.7,0.1,2.6,0.4,8.2,0.1,79.3,0.1,87.1,0.8,78.5,0.1,31478,311,41518,1083,30451,373,(X),(X),42023,1124,39162,577,(X),(X),31270,3848,24829,509,476169,711,49917,987,426252,1273,8.1,0.3,5.5,0.7,8.4,0.3,21.6,0.5,23.8,1.1,21.4,0.5,27.4,0.5,34.1,1.4,26.6,0.5,42.9,0.5,36.5,1.2,43.6,0.6,480434,989,31677,964,448757,1541,82.5,0.4,84.7,1.4,82.3,0.4,396144,1871,26820,977,369324,1996,5.7,0.3,5.5,1.1,5.7,0.3,(X),(X),(X),(X),(X),(X),(X),(X),(X),(X),(X),(X),(X),(X),(X),(X),(X),(X),(X),(X),(X),(X),(X),(X),2.8,(X),(X),(X),(X),(X),4.6,(X),(X),(X),(X),(X)
5001100US2004,2004,"Congressional District 4 (111th Congress), Kansas",504141,445,59283,1127,444858,1049,(X),(X),8.3,0.9,(X),(X),(X),(X),15.9,0.9,(X),(X),(X),(X),35.2,1.0,(X),(X),(X),(X),11.5,0.7,(X),(X),(X),(X),12.2,0.7,(X),(X),48.6,0.1,92.3,0.7,42.8,0.1,51.4,0.1,7.7,0.7,57.2,0.1,30.5,0.1,8.4,0.7,33.4,0.1,37.7,0.1,29.1,1.0,38.8,0.1,14.3,0.1,25.6,0.8,12.8,0.1,8.6,0.1,16.8,0.6,7.5,0.1,8.9,0.1,20.2,0.6,7.4,0.1,97.9,0.1,98.1,0.3,97.9,0.2,84.7,0.2,89.1,0.8,84.1,0.2,6.3,0.1,6.6,0.7,6.2,0.2,0.9,0.1,0.6,0.1,0.9,0.1,2.8,0.1,0.5,0.2,3.1,0.1,0.1,0.1,0.0,0.1,0.1,0.1,3.2,0.2,1.3,0.3,3.5,0.2,2.1,0.1,1.9,0.3,2.1,0.2,7.0,0.1,3.3,0.4,7.5,0.1,81.4,0.1,87.3,0.8,80.6,0.1,26313,248,36816,741,24859,295,(X),(X),37473,750,33331,452,(X),(X),29007,3726,19524,278,441881,557,58364,1120,383517,1228,11.6,0.3,7.7,0.7,12.2,0.4,30.7,0.5,30.9,1.1,30.7,0.6,32.5,0.4,37.7,1.3,31.7,0.5,25.2,0.5,23.7,1.1,25.4,0.5,416052,459,37382,979,378670,993,80.7,0.4,81.6,1.4,80.6,0.4,335566,1650,30505,999,305061,1822,6.2,0.3,5.6,0.9,6.3,0.3,(X),(X),(X),(X),(X),(X),(X),(X),(X),(X),(X),(X),(X),(X),(X),(X),(X),(X),(X),(X),(X),(X),(X),(X),1.6,(X),(X),(X),(X),(X),3.1,(X),(X),(X),(X),(X)
5001100US2101,2101,"Congressional District 1 (111th Congress), Kentucky",517269,1025,58610,1339,458659,1569,(X),(X),8.5,1.1,(X),(X),(X),(X),13.5,0.9,(X),(X),(X),(X),33.6,1.1,(X),(X),(X),(X),12.6,0.9,(X),(X),(X),(X),11.7,0.6,(X),(X),47.8,0.1,93.6,0.6,41.9,0.2,52.2,0.1,6.4,0.6,58.1,0.2,27.8,0.2,9.6,1.1,30.1,0.3,36.2,0.2,25.3,1.1,37.6,0.2,16.1,0.1,25.4,0.9,14.9,0.2,10.6,0.1,19.9,0.8,9.4,0.1,9.3,0.1,19.8,0.7,7.9,0.1,99.3,0.1,99.3,0.2,99.3,0.1,91.3,0.1,90.5,0.8,91.4,0.2,6.6,0.2,7.5,0.7,6.5,0.2,0.2,0.1,0.4,0.2,0.2,0.1,0.5,0.1,0.2,0.1,0.6,0.1,0.1,0.1,0.3,0.2,0.0,0.1,0.6,0.1,0.4,0.2,0.6,0.1,0.7,0.1,0.7,0.2,0.7,0.1,1.6,0.2,0.9,0.3,1.6,0.2,90.4,0.1,89.9,0.9,90.5,0.2,19887,249,27681,716,18845,249,(X),(X),28466,712,26093,415,(X),(X),17465,2976,14671,208,454497,1142,57084,1235,397413,1596,22.3,0.4,17.5,0.9,23.0,0.5,38.1,0.5,37.6,1.3,38.1,0.6,25.6,0.4,30.9,1.3,24.9,0.4,14.0,0.4,14.0,1.0,14.0,0.4,414591,1062,35338,1134,379253,1349,69.7,0.5,67.1,1.9,70.0,0.5,289147,2383,23721,1060,265426,2310,8.0,0.4,6.8,1.3,8.1,0.4,(X),(X),(X),(X),(X),(X),(X),(X),(X),(X),(X),(X),(X),(X),(X),(X),(X),(X),(X),(X),(X),(X),(X),(X),2.6,(X),(X),(X),(X),(X),4.5,(X),(X),(X),(X),(X)
5001100US2102,2102,"Congressional District 2 (111th Congress), Kentucky",542722,1347,64808,1490,477914,1782,(X),(X),11.1,1.0,(X),(X),(X),(X),20.0,1.1,(X),(X),(X),(X),36.2,1.2,(X),(X),(X),(X),10.4,0.7,(X),(X),(X),(X),8.5,0.6,(X),(X),48.0,0.1,92.1,0.7,42.0,0.2,52.0,0.1,7.9,0.7,58.0,0.2,29.4,0.2,10.2,1.1,32.1,0.2,38.8,0.1,31.9,1.0,39.7,0.2,15.3,0.1,27.1,0.9,13.7,0.1,9.2,0.1,15.9,0.6,8.3,0.1,7.3,0.1,14.9,0.6,6.3,0.1,99.3,0.1,99.0,0.2,99.3,0.1,92.1,0.2,91.9,0.7,92.1,0.2,5.4,0.1,6.2,0.6,5.3,0.2,0.3,0.1,0.4,0.2,0.2,0.1,0.8,0.1,0.1,0.1,0.9,0.1,0.1,0.1,0.1,0.1,0.1,0.1,0.7,0.1,0.2,0.2,0.8,0.1,0.7,0.1,1.0,0.2,0.7,0.1,1.9,0.1,1.5,0.4,1.9,0.1,91.0,0.1,90.7,0.7,91.1,0.2,22677,323,33636,926,21304,288,(X),(X),34668,970,29094,515,(X),(X),24142,4119,16989,301,473150,1075,63097,1253,410053,1501,18.7,0.3,14.3,0.7,19.4,0.4,38.4,0.5,34.2,1.3,39.1,0.5,26.7,0.5,35.9,1.4,25.3,0.5,16.2,0.4,15.6,1.0,16.2,0.5,453244,1375,44865,1352,408379,1738,73.4,0.6,74.0,1.5,73.3,0.6,332585,2602,33221,1092,299364,2828,7.0,0.3,5.3,0.9,7.2,0.3,(X),(X),(X),(X),(X),(X),(X),(X),(X),(X),(X),(X),(X),(X),(X),(X),(X),(X),(X),(X),(X),(X),(X),(X),2.2,(X),(X),(X),(X),(X),4.6,(X),(X),(X),(X),(X)
5001100US2103,2103,"Congressional District 3 (111th Congress), Kentucky",528100,829,56613,1126,471487,1318,(X),(X),5.9,0.6,(X),(X),(X),(X),15.4,1.0,(X),(X),(X),(X),31.8,1.0,(X),(X),(X),(X),13.3,0.8,(X),(X),(X),(X),13.6,0.6,(X),(X),47.0,0.1,92.9,0.6,41.5,0.1,53.0,0.1,7.1,0.6,58.5,0.1,30.0,0.1,7.7,0.7,32.7,0.1,37.8,0.1,28.2,1.1,38.9,0.2,14.5,0.1,24.4,1.0,13.3,0.1,8.7,0.1,17.1,0.6,7.7,0.1,9.0,0.1,22.5,0.6,7.3,0.1,99.0,0.1,99.1,0.2,98.9,0.1,78.0,0.1,80.5,0.8,77.7,0.2,18.2,0.1,17.8,0.8,18.2,0.1,0.1,0.1,0.2,0.1,0.1,0.1,1.8,0.1,0.3,0.2,2.0,0.1,0.1,0.1,0.0,0.1,0.1,0.1,0.7,0.1,0.3,0.1,0.8,0.1,1.0,0.1,0.9,0.2,1.1,0.1,2.6,0.1,1.4,0.3,2.7,0.1,76.3,0.1,79.6,0.8,75.9,0.1,26360,256,33386,810,25381,295,(X),(X),34092,819,31871,468,(X),(X),26856,2334,21425,286,469381,739,56112,1083,413269,1237,13.3,0.4,10.6,0.8,13.6,0.4,29.0,0.5,29.5,1.2,29.0,0.5,29.1,0.4,34.3,1.3,28.4,0.4,28.6,0.4,25.6,1.2,29.0,0.4,434921,810,34146,968,400775,1230,78.3,0.4,75.8,1.3,78.5,0.5,340428,1843,25876,888,314552,2142,7.7,0.3,6.5,1.1,7.8,0.3,(X),(X),(X),(X),(X),(X),(X),(X),(X),(X),(X),(X),(X),(X),(X),(X),(X),(X),(X),(X),(X),(X),(X),(X),2.2,(X),(X),(X),(X),(X),4.4,(X),(X),(X),(X),(X)
5001100US2104,2104,"Congressional District 4 (111th Congress), Kentucky",544556,582,55959,1275,488597,1503,(X),(X),5.7,0.6,(X),(X),(X),(X),14.2,1.0,(X),(X),(X),(X),35.6,1.2,(X),(X),(X),(X),11.6,0.8,(X),(X),(X),(X),10.1,0.7,(X),(X),48.9,0.1,94.6,0.7,43.6,0.2,51.1,0.1,5.4,0.7,56.4,0.2,29.0,0.1,6.1,0.7,31.6,0.2,40.3,0.1,30.8,1.1,41.3,0.2,14.9,0.1,27.7,1.0,13.4,0.1,8.7,0.1,17.3,0.7,7.7,0.1,7.1,0.1,18.0,0.6,5.9,0.1,99.3,0.1,99.2,0.2,99.3,0.1,95.0,0.1,95.8,0.6,94.9,0.1,2.7,0.1,2.7,0.5,2.7,0.1,0.2,0.1,0.2,0.1,0.2,0.1,0.8,0.1,0.2,0.1,0.8,0.1,0.1,0.1,0.1,0.1,0.1,0.1,0.6,0.1,0.3,0.2,0.6,0.1,0.7,0.1,0.8,0.2,0.7,0.1,1.4,0.1,1.1,0.3,1.5,0.1,94.2,0.1,95.2,0.6,94.1,0.1,25812,282,33812,879,24725,303,(X),(X),34083,889,33158,534,(X),(X),28659,3524,19237,306,484032,808,55306,1237,428726,1587,16.6,0.4,15.3,0.9,16.7,0.4,35.1,0.5,35.7,1.3,35.1,0.5,26.8,0.5,31.1,1.2,26.3,0.5,21.4,0.4,17.9,0.9,21.9,0.4,458389,571,36193,1032,422196,1241,75.3,0.5,73.1,1.2,75.5,0.5,345041,2445,26474,935,318567,2545,6.4,0.3,6.2,1.1,6.5,0.3,(X),(X),(X),(X),(X),(X),(X),(X),(X),(X),(X),(X),(X),(X),(X),(X),(X),(X),(X),(X),(X),(X),(X),(X),2.0,(X),(X),(X),(X),(X),3.7,(X),(X),(X),(X),(X)
5001100US2105,2105,"Congressional District 5 (111th Congress), Kentucky",519798,661,43716,1230,476082,1299,(X),(X),7.2,1.0,(X),(X),(X),(X),11.0,1.0,(X),(X),(X),(X),36.8,1.3,(X),(X),(X),(X),13.7,1.1,(X),(X),(X),(X),11.4,1.0,(X),(X),48.5,0.1,95.5,0.8,44.2,0.1,51.5,0.1,4.5,0.8,55.8,0.1,29.2,0.1,8.2,1.0,31.1,0.1,37.6,0.1,24.0,1.4,38.8,0.2,15.7,0.1,28.1,1.3,14.6,0.1,10.0,0.1,20.0,1.1,9.1,0.1,7.5,0.1,19.7,1.0,6.4,0.1,99.4,0.1,99.5,0.2,99.4,0.1,97.2,0.1,97.4,0.5,97.1,0.2,1.4,0.1,1.3,0.4,1.4,0.1,0.2,0.1,0.4,0.2,0.2,0.1,0.4,0.1,0.1,0.1,0.4,0.1,0.1,0.1,0.2,0.2,0.1,0.1,0.3,0.1,0.2,0.1,0.3,0.1,0.6,0.1,0.5,0.2,0.6,0.1,0.7,0.1,0.8,0.3,0.7,0.1,96.8,0.1,96.9,0.5,96.8,0.1,15549,250,23008,965,14766,205,(X),(X),23108,992,19066,496,(X),(X),21028,4083,12293,199,457854,624,43161,1226,414693,1265,32.0,0.6,24.5,1.4,32.8,0.6,36.8,0.6,40.2,1.6,36.4,0.7,19.8,0.5,23.6,1.5,19.5,0.5,11.4,0.4,11.7,1.1,11.3,0.5,428920,798,26394,1039,402526,1255,56.8,0.7,55.6,2.2,56.9,0.7,243679,2957,14682,837,228997,2921,10.0,0.5,7.0,1.3,10.1,0.5,(X),(X),(X),(X),(X),(X),(X),(X),(X),(X),(X),(X),(X),(X),(X),(X),(X),(X),(X),(X),(X),(X),(X),(X),2.2,(X),(X),(X),(X),(X),5.0,(X),(X),(X),(X),(X)
5001100US2106,2106,"Congressional District 6 (111th Congress), Kentucky",571836,669,54759,1398,517077,1575,(X),(X),7.4,0.8,(X),(X),(X),(X),15.5,1.0,(X),(X),(X),(X),34.1,1.2,(X),(X),(X),(X),11.9,0.9,(X),(X),(X),(X),11.3,0.8,(X),(X),48.3,0.1,93.5,0.7,43.5,0.2,51.7,0.1,6.5,0.7,56.5,0.2,34.3,0.1,7.8,0.8,37.1,0.1,36.9,0.1,29.1,1.3,37.7,0.1,13.9,0.1,26.4,1.0,12.5,0.1,8.1,0.1,17.7,0.7,7.1,0.1,6.8,0.1,19.0,0.9,5.5,0.1,99.1,0.1,99.1,0.3,99.1,0.1,88.1,0.1,90.1,0.8,87.9,0.2,7.9,0.1,8.2,0.8,7.9,0.1,0.2,0.1,0.4,0.2,0.2,0.1,1.6,0.1,0.3,0.2,1.7,0.1,0.0,0.1,0.0,0.1,0.0,0.1,1.2,0.1,0.1,0.1,1.3,0.1,0.9,0.1,0.9,0.3,0.9,0.1,2.9,0.1,0.7,0.2,3.1,0.1,86.6,0.1,89.5,0.9,86.3,0.1,23744,317,34808,995,22380,299,(X),(X),35513,936,28373,487,(X),(X),25070,2667,18696,414,477260,794,54050,1389,423210,1543,16.2,0.5,12.6,1.0,16.7,0.5,30.1,0.6,31.5,1.4,29.9,0.6,25.6,0.4,31.3,1.4,24.9,0.4,28.0,0.4,24.7,1.0,28.5,0.5,486215,702,34663,1356,451552,1551,75.7,0.5,75.5,1.7,75.7,0.5,367944,2352,26174,1220,341770,2600,6.2,0.3,3.8,0.7,6.4,0.3,(X),(X),(X),(X),(X),(X),(X),(X),(X),(X),(X),(X),(X),(X),(X),(X),(X),(X),(X),(X),(X),(X),(X),(X),2.6,(X),(X),(X),(X),(X),4.3,(X),(X),(X),(X),(X)
5001100US2201,2201,"Congressional District 1 (111th Congress), Louisiana",507154,2299,54357,1497,452797,2472,(X),(X),8.7,1.0,(X),(X),(X),(X),13.8,1.1,(X),(X),(X),(X),34.1,1.4,(X),(X),(X),(X),13.2,0.9,(X),(X),(X),(X),13.0,0.8,(X),(X),47.5,0.2,94.2,0.7,41.9,0.3,52.5,0.2,5.8,0.7,58.1,0.3,28.5,0.2,9.0,1.0,30.8,0.3,38.2,0.2,24.3,1.1,39.9,0.3,15.8,0.2,26.1,1.1,14.6,0.2,9.0,0.1,18.7,0.9,7.8,0.1,8.5,0.1,21.9,0.8,6.9,0.1,99.1,0.1,99.3,0.3,99.1,0.1,81.7,0.3,87.0,1.0,81.1,0.4,14.0,0.3,11.0,0.9,14.3,0.3,0.2,0.1,0.3,0.2,0.2,0.1,1.7,0.1,0.3,0.1,1.9,0.2,0.0,0.1,0.0,0.1,0.0,0.1,1.4,0.2,0.8,0.3,1.5,0.2,0.9,0.1,0.7,0.3,0.9,0.1,5.5,0.2,3.0,0.4,5.8,0.2,77.8,0.3,84.7,1.1,77.0,0.4,26296,400,34934,1223,25195,431,(X),(X),35558,1370,34547,720,(X),(X),25144,7859,19610,415,448037,2224,53356,1451,394681,2232,14.0,0.4,9.9,0.9,14.6,0.5,29.8,0.5,28.0,1.2,30.1,0.5,27.4,0.5,34.7,1.4,26.4,0.5,28.8,0.5,27.4,1.1,28.9,0.5,418380,2052,32267,1192,386113,2250,74.8,0.6,76.4,2.2,74.6,0.6,312810,3165,24636,1024,288174,3102,5.9,0.4,4.8,1.0,6.0,0.4,(X),(X),(X),(X),(X),(X),(X),(X),(X),(X),(X),(X),(X),(X),(X),(X),(X),(X),(X),(X),(X),(X),(X),(X),2.9,(X),(X),(X),(X),(X),5.6,(X),(X),(X),(X),(X)
5001100US2202,2202,"Congressional District 2 (111th Congress), Louisiana",370517,2227,30165,1234,340352,2539,(X),(X),8.5,1.4,(X),(X),(X),(X),16.4,2.1,(X),(X),(X),(X),36.3,2.0,(X),(X),(X),(X),9.5,1.0,(X),(X),(X),(X),10.4,1.1,(X),(X),46.3,0.3,92.1,1.0,42.2,0.3,53.7,0.3,7.9,1.0,57.8,0.3,33.3,0.3,9.7,1.4,35.4,0.3,37.3,0.3,28.5,2.0,38.1,0.3,15.0,0.2,28.3,1.8,13.8,0.3,7.9,0.2,16.5,1.3,7.1,0.2,6.5,0.2,17.0,1.3,5.5,0.2,99.1,0.2,99.2,0.3,99.1,0.2,36.4,0.5,46.4,1.9,35.5,0.5,56.9,0.4,50.5,2.0,57.4,0.4,0.4,0.1,0.7,0.3,0.4,0.1,3.4,0.2,0.7,0.3,3.7,0.2,0.1,0.1,0.0,0.1,0.1,0.1,1.9,0.3,0.8,0.4,2.0,0.3,0.9,0.2,0.8,0.3,0.9,0.2,5.3,0.2,2.7,0.7,5.5,0.2,33.6,0.4,44.9,1.9,32.6,0.4,19439,445,27646,1566,18725,454,(X),(X),27491,1466,22505,792,(X),(X),29792,5660,16242,437,315059,2178,29583,1214,285476,2428,21.4,0.7,13.9,1.6,22.2,0.7,32.5,0.8,30.8,1.9,32.7,0.8,25.0,0.6,33.1,2.1,24.2,0.7,21.0,0.6,22.1,1.7,20.9,0.6,317347,2026,20059,1118,297288,2293,71.4,0.9,72.2,2.6,71.4,0.9,226648,3005,14482,886,212166,2972,11.8,0.7,9.3,2.2,12.0,0.7,(X),(X),(X),(X),(X),(X),(X),(X),(X),(X),(X),(X),(X),(X),(X),(X),(X),(X),(X),(X),(X),(X),(X),(X),5.5,(X),(X),(X),(X),(X),9.4,(X),(X),(X),(X),(X)
5001100US2203,2203,"Congressional District 3 (111th Congress), Louisiana",457239,1195,39301,1245,417938,1540,(X),(X),9.6,1.1,(X),(X),(X),(X),15.4,1.4,(X),(X),(X),(X),33.0,1.5,(X),(X),(X),(X),11.8,0.9,(X),(X),(X),(X),10.5,0.9,(X),(X),47.9,0.1,93.9,1.0,43.6,0.2,52.1,0.1,6.1,1.0,56.4,0.2,31.0,0.2,12.0,1.4,32.8,0.2,39.4,0.2,25.0,1.5,40.7,0.2,14.2,0.1,26.1,1.3,13.1,0.2,8.5,0.1,18.5,1.0,7.6,0.1,6.9,0.1,18.4,1.0,5.8,0.1,99.3,0.1,99.1,0.4,99.3,0.1,71.4,0.2,77.4,1.7,70.9,0.2,24.4,0.2,20.2,1.7,24.8,0.2,1.5,0.1,0.8,0.4,1.6,0.1,1.1,0.1,0.2,0.2,1.1,0.1,0.0,0.1,0.0,0.1,0.0,0.1,0.8,0.1,0.4,0.2,0.9,0.1,0.7,0.1,0.9,0.4,0.7,0.1,2.8,0.1,2.0,0.5,2.9,0.1,69.5,0.2,75.7,1.7,68.9,0.2,22308,352,31602,1119,21381,359,(X),(X),32130,1130,32352,686,(X),(X),23571,3505,15526,310,397030,1194,38238,1227,358792,1541,24.4,0.6,16.3,1.4,25.3,0.6,40.4,0.7,41.5,1.9,40.3,0.8,21.8,0.6,29.4,1.8,21.0,0.6,13.3,0.3,12.8,1.2,13.4,0.4,386802,1229,24829,1092,361973,1391,71.7,0.7,76.7,1.8,71.4,0.8,277470,2972,19043,961,258427,3025,5.9,0.4,4.3,1.2,6.0,0.4,(X),(X),(X),(X),(X),(X),(X),(X),(X),(X),(X),(X),(X),(X),(X),(X),(X),(X),(X),(X),(X),(X),(X),(X),2.9,(X),(X),(X),(X),(X),6.0,(X),(X),(X),(X),(X)
5001100US2204,2204,"Congressional District 4 (111th Congress), Louisiana",469853,732,60304,1445,409549,1579,(X),(X),12.5,1.0,(X),(X),(X),(X),19.8,1.0,(X),(X),(X),(X),35.2,1.0,(X),(X),(X),(X),12.9,0.7,(X),(X),(X),(X),9.8,0.6,(X),(X),46.9,0.1,91.5,0.7,40.3,0.2,53.1,0.1,8.5,0.7,59.7,0.2,31.2,0.1,13.2,0.9,33.9,0.2,35.8,0.1,28.6,1.0,36.8,0.2,14.8,0.1,23.1,0.8,13.6,0.1,9.7,0.1,17.3,0.7,8.6,0.1,8.5,0.1,17.7,0.5,7.1,0.1,98.9,0.1,99.0,0.2,98.9,0.1,64.2,0.1,73.5,1.2,62.8,0.2,32.1,0.1,23.7,1.2,33.3,0.2,0.8,0.1,0.7,0.2,0.8,0.1,1.0,0.1,0.5,0.2,1.1,0.1,0.1,0.1,0.1,0.1,0.1,0.1,0.7,0.1,0.5,0.2,0.8,0.1,1.1,0.1,1.0,0.2,1.1,0.1,2.5,0.1,2.4,0.4,2.5,0.1,62.7,0.1,71.8,1.1,61.4,0.2,21165,273,32115,644,19472,281,(X),(X),32821,769,27158,646,(X),(X),22999,3453,15834,239,405139,650,57981,1242,347158,1323,18.2,0.4,9.2,0.6,19.8,0.4,37.2,0.6,35.2,1.2,37.5,0.6,26.1,0.5,35.5,1.3,24.5,0.5,18.5,0.4,20.1,1.1,18.2,0.5,384216,736,39171,1390,345045,1485,71.6,0.6,74.7,1.6,71.3,0.6,275238,2280,29252,1248,245986,2205,8.2,0.4,5.9,0.8,8.5,0.4,(X),(X),(X),(X),(X),(X),(X),(X),(X),(X),(X),(X),(X),(X),(X),(X),(X),(X),(X),(X),(X),(X),(X),(X),2.8,(X),(X),(X),(X),(X),6.6,(X),(X),(X),(X),(X)
5001100US2205,2205,"Congressional District 5 (111th Congress), Louisiana",473042,1160,45520,1163,427522,1478,(X),(X),9.9,1.0,(X),(X),(X),(X),14.6,1.0,(X),(X),(X),(X),34.9,1.2,(X),(X),(X),(X),13.7,0.9,(X),(X),(X),(X),11.5,0.7,(X),(X),47.9,0.1,93.8,0.7,43.0,0.2,52.1,0.1,6.2,0.7,57.0,0.2,32.2,0.2,9.9,0.9,34.6,0.2,35.4,0.2,24.9,1.2,36.6,0.2,14.4,0.1,25.5,1.0,13.2,0.1,9.5,0.1,19.3,0.9,8.5,0.1,8.5,0.1,20.3,0.7,7.2,0.1,99.3,0.1,99.1,0.3,99.3,0.1,65.8,0.2,74.8,1.1,64.8,0.2,31.9,0.2,23.3,1.0,32.8,0.2,0.4,0.1,0.4,0.1,0.4,0.1,0.6,0.1,0.1,0.1,0.6,0.1,0.0,0.1,0.0,0.1,0.0,0.1,0.6,0.1,0.4,0.2,0.6,0.1,0.7,0.1,0.9,0.3,0.7,0.1,1.7,0.1,1.4,0.4,1.7,0.1,64.8,0.1,73.9,1.1,63.8,0.2,19165,277,29188,817,17887,284,(X),(X),29318,856,25551,529,(X),(X),27529,3549,14146,225,402169,1252,44433,1138,357736,1534,22.8,0.5,13.9,1.0,23.9,0.5,36.7,0.5,37.1,1.4,36.6,0.6,23.4,0.5,31.3,1.4,22.4,0.5,17.1,0.4,17.8,1.2,17.0,0.4,388003,1100,27476,1022,360527,1458,68.3,0.6,71.9,2.0,68.1,0.6,265183,2257,19754,869,245429,2209,8.6,0.4,6.2,1.1,8.8,0.5,(X),(X),(X),(X),(X),(X),(X),(X),(X),(X),(X),(X),(X),(X),(X),(X),(X),(X),(X),(X),(X),(X),(X),(X),2.6,(X),(X),(X),(X),(X),5.7,(X),(X),(X),(X),(X)
5001100US2206,2206,"Congressional District 6 (111th Congress), Louisiana",518428,1010,45901,1202,472527,1541,(X),(X),9.6,1.3,(X),(X),(X),(X),15.2,1.3,(X),(X),(X),(X),32.8,1.4,(X),(X),(X),(X),10.8,0.9,(X),(X),(X),(X),11.9,0.9,(X),(X),48.5,0.1,93.8,0.8,44.0,0.2,51.5,0.1,6.2,0.8,56.0,0.2,36.0,0.1,11.3,1.2,38.4,0.2,36.6,0.1,25.7,1.4,37.7,0.2,13.6,0.1,26.4,1.2,12.4,0.1,7.5,0.1,18.0,0.9,6.5,0.1,6.2,0.1,18.6,0.7,5.0,0.1,99.2,0.1,99.3,0.3,99.1,0.1,64.1,0.2,72.2,1.3,63.3,0.2,32.6,0.2,26.0,1.2,33.2,0.2,0.2,0.1,0.4,0.2,0.2,0.1,1.7,0.1,0.4,0.2,1.8,0.1,0.0,0.1,0.0,0.1,0.0,0.1,0.6,0.1,0.3,0.2,0.6,0.1,0.8,0.1,0.7,0.3,0.9,0.1,2.4,0.1,1.2,0.4,2.5,0.1,62.5,0.1,71.4,1.2,61.6,0.2,24448,401,35763,1233,23018,450,(X),(X),36665,1287,31793,545,(X),(X),28862,5226,18478,352,418737,928,44516,1199,374221,1476,15.3,0.4,8.5,0.8,16.1,0.4,32.6,0.6,33.2,1.9,32.5,0.6,26.3,0.5,32.7,1.6,25.5,0.5,25.9,0.6,25.7,1.4,25.9,0.6,447095,998,29098,1143,417997,1543,74.3,0.5,76.0,1.6,74.2,0.6,332275,2495,22105,1034,310170,2743,6.6,0.4,5.1,1.1,6.7,0.4,(X),(X),(X),(X),(X),(X),(X),(X),(X),(X),(X),(X),(X),(X),(X),(X),(X),(X),(X),(X),(X),(X),(X),(X),2.6,(X),(X),(X),(X),(X),5.6,(X),(X),(X),(X),(X)
5001100US2207,2207,"Congressional District 7 (111th Congress), Louisiana",483291,685,46735,1310,436556,1503,(X),(X),8.0,0.8,(X),(X),(X),(X),16.5,1.2,(X),(X),(X),(X),33.5,1.4,(X),(X),(X),(X),12.3,0.9,(X),(X),(X),(X),12.7,0.8,(X),(X),47.6,0.1,94.1,0.7,42.6,0.2,52.4,0.1,5.9,0.7,57.4,0.2,32.7,0.1,10.8,1.0,35.0,0.2,37.1,0.1,25.3,1.4,38.4,0.2,13.7,0.1,25.1,1.0,12.5,0.1,8.9,0.1,18.7,0.9,7.8,0.1,7.7,0.1,20.2,0.8,6.3,0.1,99.4,0.1,99.3,0.2,99.4,0.1,73.8,0.1,78.9,1.3,73.2,0.2,23.8,0.1,19.5,1.2,24.2,0.2,0.3,0.1,0.3,0.1,0.3,0.1,0.9,0.1,0.2,0.1,1.0,0.1,0.0,0.1,0.0,0.1,0.0,0.1,0.7,0.1,0.5,0.2,0.7,0.1,0.6,0.1,0.7,0.2,0.6,0.1,1.8,0.1,1.4,0.3,1.9,0.1,72.7,0.1,77.8,1.3,72.1,0.2,21633,306,31730,1004,20640,295,(X),(X),32295,1088,30676,648,(X),(X),24120,3713,15576,303,417855,718,45463,1319,372392,1470,21.7,0.5,12.7,0.9,22.8,0.5,35.9,0.6,36.5,1.5,35.8,0.6,23.8,0.5,32.7,1.3,22.7,0.5,18.6,0.4,18.0,1.2,18.6,0.4,403370,685,28569,1065,374801,1261,73.2,0.5,76.7,1.7,73.0,0.5,295368,2058,21926,909,273442,2243,6.2,0.4,4.0,1.1,6.4,0.4,(X),(X),(X),(X),(X),(X),(X),(X),(X),(X),(X),(X),(X),(X),(X),(X),(X),(X),(X),(X),(X),(X),(X),(X),2.7,(X),(X),(X),(X),(X),6.9,(X),(X),(X),(X),(X)
5001100US2301,2301,"Congressional District 1 (111th Congress), Maine",523423,667,69826,1523,453597,1563,(X),(X),6.3,0.6,(X),(X),(X),(X),13.3,0.9,(X),(X),(X),(X),34.8,1.0,(X),(X),(X),(X),13.5,0.7,(X),(X),(X),(X),12.9,0.6,(X),(X),47.8,0.1,93.0,0.7,40.9,0.2,52.2,0.1,7.0,0.7,59.1,0.2,24.9,0.1,6.5,0.6,27.7,0.2,39.8,0.1,28.3,0.9,41.6,0.2,16.6,0.1,25.5,0.8,15.2,0.1,9.5,0.1,18.9,0.7,8.1,0.1,9.2,0.1,20.9,0.6,7.4,0.1,99.2,0.1,99.4,0.2,99.1,0.1,96.7,0.1,97.9,0.3,96.5,0.1,0.9,0.1,0.8,0.2,0.9,0.1,0.2,0.1,0.3,0.1,0.2,0.1,1.0,0.1,0.2,0.1,1.1,0.1,0.0,0.1,0.0,0.1,0.0,0.1,0.3,0.1,0.2,0.1,0.3,0.1,0.8,0.1,0.6,0.2,0.9,0.1,1.1,0.1,1.1,0.3,1.1,0.1,96.0,0.1,97.0,0.4,95.8,0.1,27137,248,35558,666,25916,276,(X),(X),36106,679,34275,547,(X),(X),26902,2527,21044,323,467453,582,68940,1543,398513,1479,8.7,0.3,9.0,0.8,8.7,0.3,31.8,0.4,32.8,1.3,31.6,0.4,27.6,0.5,31.4,0.9,27.0,0.5,31.9,0.4,26.8,1.0,32.7,0.5,425343,721,42075,1333,383268,1493,80.8,0.4,79.2,1.3,80.9,0.5,343531,1823,33334,1168,310197,2032,5.0,0.3,5.2,0.8,5.0,0.3,(X),(X),(X),(X),(X),(X),(X),(X),(X),(X),(X),(X),(X),(X),(X),(X),(X),(X),(X),(X),(X),(X),(X),(X),1.9,(X),(X),(X),(X),(X),4.0,(X),(X),(X),(X),(X)
5001100US2302,2302,"Congressional District 2 (111th Congress), Maine",509665,458,69584,1114,440081,1228,(X),(X),6.1,0.6,(X),(X),(X),(X),13.1,0.7,(X),(X),(X),(X),35.6,1.0,(X),(X),(X),(X),13.5,0.6,(X),(X),(X),(X),11.9,0.5,(X),(X),48.2,0.1,93.1,0.5,41.1,0.2,51.8,0.1,6.9,0.5,58.9,0.2,26.1,0.1,6.7,0.7,29.2,0.2,37.8,0.1,28.7,0.9,39.2,0.2,16.7,0.1,26.0,0.8,15.2,0.1,10.2,0.1,19.2,0.7,8.8,0.1,9.3,0.1,19.5,0.6,7.7,0.1,98.3,0.1,98.4,0.3,98.3,0.2,96.0,0.2,97.1,0.4,95.8,0.2,0.7,0.1,0.3,0.1,0.7,0.1,0.8,0.1,0.6,0.1,0.8,0.1,0.6,0.1,0.1,0.1,0.7,0.1,0.0,0.1,0.0,0.1,0.0,0.1,0.3,0.1,0.2,0.1,0.3,0.1,1.7,0.1,1.6,0.3,1.7,0.2,0.9,0.1,0.7,0.2,0.9,0.1,95.5,0.2,96.8,0.4,95.3,0.2,21372,197,29916,681,20129,218,(X),(X),30309,596,26889,371,(X),(X),25326,1950,16371,213,448041,617,68787,1140,379254,1352,12.7,0.3,12.4,0.7,12.8,0.4,39.5,0.4,39.8,1.1,39.4,0.4,27.6,0.3,30.1,0.9,27.1,0.4,20.2,0.4,17.6,0.8,20.7,0.5,410480,521,42675,977,367805,1072,75.6,0.4,73.3,1.3,75.9,0.4,310469,1732,31285,837,279184,1830,6.8,0.3,5.8,0.7,6.9,0.3,(X),(X),(X),(X),(X),(X),(X),(X),(X),(X),(X),(X),(X),(X),(X),(X),(X),(X),(X),(X),(X),(X),(X),(X),2.5,(X),(X),(X),(X),(X),3.7,(X),(X),(X),(X),(X)
5001100US2401,2401,"Congressional District 1 (111th Congress), Maryland",549205,2313,68954,1446,480251,2326,(X),(X),7.2,0.9,(X),(X),(X),(X),13.4,0.9,(X),(X),(X),(X),34.8,1.0,(X),(X),(X),(X),13.0,0.8,(X),(X),(X),(X),11.8,0.5,(X),(X),48.2,0.2,93.5,0.5,41.7,0.2,51.8,0.2,6.5,0.5,58.3,0.2,25.0,0.3,6.5,0.7,27.7,0.3,39.3,0.3,25.9,1.1,41.2,0.3,16.7,0.2,26.6,0.9,15.3,0.2,10.5,0.1,20.6,0.8,9.0,0.1,8.5,0.1,20.4,0.7,6.8,0.1,99.2,0.1,99.4,0.2,99.1,0.1,85.3,0.2,88.2,0.8,84.9,0.2,11.0,0.2,9.9,0.7,11.2,0.2,0.2,0.1,0.3,0.1,0.2,0.1,1.8,0.1,0.5,0.2,1.9,0.1,0.1,0.1,0.2,0.2,0.1,0.1,0.7,0.1,0.3,0.1,0.8,0.1,0.8,0.1,0.6,0.2,0.9,0.1,2.1,0.1,1.0,0.2,2.3,0.1,84.0,0.2,87.6,0.8,83.5,0.2,33259,385,45516,1105,31444,353,(X),(X),46267,1116,42366,604,(X),(X),33720,5669,24906,477,488783,1857,67998,1419,420785,1953,11.3,0.3,9.0,0.7,11.6,0.4,31.1,0.5,30.7,1.2,31.2,0.6,26.9,0.5,29.5,1.0,26.5,0.5,30.7,0.6,30.8,1.2,30.7,0.6,444915,2126,40685,1220,404230,2208,79.3,0.6,78.9,1.5,79.4,0.6,352986,2828,32081,1079,320905,2739,4.9,0.3,4.3,0.8,4.9,0.3,(X),(X),(X),(X),(X),(X),(X),(X),(X),(X),(X),(X),(X),(X),(X),(X),(X),(X),(X),(X),(X),(X),(X),(X),2.6,(X),(X),(X),(X),(X),5.0,(X),(X),(X),(X),(X)
5001100US2402,2402,"Congressional District 2 (111th Congress), Maryland",509744,3975,63209,1757,446535,4115,(X),(X),13.1,1.3,(X),(X),(X),(X),20.1,1.0,(X),(X),(X),(X),27.8,1.1,(X),(X),(X),(X),9.7,0.6,(X),(X),(X),(X),11.6,0.7,(X),(X),46.3,0.3,89.0,1.0,40.2,0.4,53.7,0.3,11.0,1.0,59.8,0.4,32.2,0.4,12.9,1.3,35.0,0.5,38.4,0.4,33.1,1.3,39.2,0.5,13.5,0.3,21.7,0.9,12.4,0.3,8.0,0.2,14.8,0.7,7.1,0.2,7.8,0.2,17.5,0.7,6.4,0.2,98.6,0.1,98.3,0.4,98.6,0.1,64.7,0.5,69.0,1.4,64.1,0.5,29.3,0.5,27.7,1.4,29.6,0.5,0.3,0.1,0.3,0.1,0.3,0.1,3.2,0.2,0.7,0.2,3.5,0.2,0.0,0.1,0.0,0.1,0.0,0.1,1.1,0.2,0.5,0.2,1.2,0.2,1.4,0.1,1.7,0.4,1.4,0.1,2.8,0.2,2.2,0.4,2.9,0.2,63.2,0.5,67.9,1.4,62.5,0.5,31210,290,41125,872,29982,361,(X),(X),41482,821,36518,668,(X),(X),36338,4978,26064,371,443604,3052,61977,1724,381627,3184,15.1,0.4,13.0,0.7,15.5,0.5,32.6,0.5,31.2,1.4,32.8,0.5,28.4,0.4,35.2,1.3,27.3,0.5,23.9,0.4,20.6,1.0,24.4,0.5,429094,3529,42804,1506,386290,3722,81.1,0.5,82.5,1.2,81.0,0.5,348122,3618,35331,1322,312791,3792,6.6,0.4,4.3,0.9,6.9,0.4,(X),(X),(X),(X),(X),(X),(X),(X),(X),(X),(X),(X),(X),(X),(X),(X),(X),(X),(X),(X),(X),(X),(X),(X),3.1,(X),(X),(X),(X),(X),5.7,(X),(X),(X),(X),(X)
5001100US2403,2403,"Congressional District 3 (111th Congress), Maryland",545826,3485,57450,1440,488376,3563,(X),(X),14.7,1.2,(X),(X),(X),(X),19.7,1.1,(X),(X),(X),(X),30.9,1.2,(X),(X),(X),(X),12.0,0.7,(X),(X),(X),(X),11.6,0.7,(X),(X),47.7,0.3,89.9,0.9,42.8,0.3,52.3,0.3,10.1,0.9,57.2,0.3,33.1,0.4,13.5,1.2,35.4,0.5,37.3,0.4,28.1,1.3,38.4,0.4,14.0,0.2,22.5,0.9,13.0,0.3,8.0,0.2,16.6,1.0,7.0,0.2,7.6,0.2,19.3,0.9,6.2,0.2,98.6,0.2,98.8,0.4,98.6,0.2,73.7,0.5,79.2,0.9,73.1,0.6,18.5,0.4,17.3,0.9,18.6,0.5,0.3,0.1,0.2,0.1,0.3,0.1,4.3,0.2,1.1,0.3,4.7,0.2,0.1,0.1,0.1,0.1,0.1,0.1,1.7,0.2,0.8,0.3,1.8,0.2,1.4,0.2,1.2,0.4,1.4,0.2,4.5,0.2,2.2,0.4,4.7,0.2,71.2,0.5,78.0,1.0,70.4,0.6,36308,503,49494,1361,34756,526,(X),(X),49814,1557,42876,798,(X),(X),47479,2732,29821,609,477156,2913,55160,1314,421996,2941,12.2,0.5,9.7,0.9,12.6,0.6,22.9,0.5,22.2,1.1,22.9,0.5,23.3,0.5,31.4,1.3,22.3,0.5,41.6,0.6,36.7,1.3,42.2,0.6,460960,3648,36804,1354,424156,3528,79.6,0.7,79.8,1.5,79.6,0.7,366912,3888,29371,1096,337541,3687,5.1,0.3,3.2,0.8,5.2,0.3,(X),(X),(X),(X),(X),(X),(X),(X),(X),(X),(X),(X),(X),(X),(X),(X),(X),(X),(X),(X),(X),(X),(X),(X),3.4,(X),(X),(X),(X),(X),4.3,(X),(X),(X),(X),(X)
5001100US2404,2404,"Congressional District 4 (111th Congress), Maryland",504034,2473,46953,1517,457081,2873,(X),(X),13.2,1.2,(X),(X),(X),(X),19.7,1.3,(X),(X),(X),(X),33.5,1.7,(X),(X),(X),(X),8.5,0.9,(X),(X),(X),(X),7.1,0.6,(X),(X),46.7,0.3,87.3,0.9,42.5,0.4,53.3,0.3,12.7,0.9,57.5,0.4,31.0,0.4,10.7,1.1,33.1,0.4,42.2,0.4,37.5,1.5,42.6,0.4,14.8,0.3,24.2,1.2,13.8,0.3,7.2,0.1,15.2,0.8,6.4,0.2,4.8,0.2,12.4,0.8,4.0,0.2,98.4,0.1,98.2,0.4,98.4,0.2,29.3,0.4,33.3,1.2,28.9,0.5,55.8,0.4,62.0,1.3,55.1,0.4,0.2,0.1,0.4,0.2,0.2,0.1,7.3,0.3,1.6,0.4,7.9,0.3,0.0,0.1,0.1,0.1,0.0,0.1,5.8,0.4,0.9,0.3,6.3,0.4,1.6,0.1,1.8,0.4,1.6,0.2,10.8,0.4,2.9,0.6,11.6,0.4,24.9,0.3,31.7,1.2,24.2,0.4,38373,430,52074,1205,36711,429,(X),(X),51590,1408,39249,763,(X),(X),55314,3878,34861,537,441487,2230,46110,1468,395377,2687,12.5,0.4,5.5,0.8,13.3,0.4,25.3,0.5,25.8,1.3,25.2,0.5,26.7,0.4,34.5,1.7,25.8,0.4,35.5,0.5,34.2,1.6,35.7,0.5,443282,2576,33989,1322,409293,2826,83.5,0.4,83.7,1.2,83.5,0.4,370100,2690,28439,1165,341661,2771,7.1,0.3,5.7,1.0,7.2,0.4,(X),(X),(X),(X),(X),(X),(X),(X),(X),(X),(X),(X),(X),(X),(X),(X),(X),(X),(X),(X),(X),(X),(X),(X),3.1,(X),(X),(X),(X),(X),6.5,(X),(X),(X),(X),(X)
5001100US2405,2405,"Congressional District 5 (111th Congress), Maryland",546258,2103,74115,1726,472143,2593,(X),(X),16.0,1.1,(X),(X),(X),(X),28.7,1.2,(X),(X),(X),(X),31.1,1.1,(X),(X),(X),(X),9.0,0.6,(X),(X),(X),(X),6.2,0.5,(X),(X),47.8,0.2,87.2,0.8,41.6,0.3,52.2,0.2,12.8,0.8,58.4,0.3,30.0,0.3,11.1,1.0,32.9,0.4,42.7,0.3,40.0,1.1,43.1,0.4,14.4,0.2,22.5,0.9,13.1,0.2,7.7,0.1,15.0,0.7,6.5,0.2,5.3,0.1,11.3,0.5,4.3,0.1,98.4,0.1,98.2,0.4,98.5,0.1,57.2,0.3,62.6,1.2,56.3,0.4,34.6,0.3,33.1,1.3,34.8,0.4,0.4,0.1,0.4,0.2,0.4,0.1,4.0,0.2,1.0,0.2,4.5,0.2,0.1,0.1,0.0,0.1,0.1,0.1,2.2,0.2,1.1,0.3,2.4,0.2,1.6,0.1,1.8,0.4,1.5,0.1,5.4,0.2,2.5,0.4,5.9,0.3,54.3,0.3,61.4,1.1,53.2,0.3,40391,477,59909,1359,37188,510,(X),(X),60455,1430,43718,795,(X),(X),54494,5181,32499,585,472742,1670,73065,1698,399677,2288,9.9,0.3,6.1,0.6,10.6,0.4,29.1,0.5,25.4,1.1,29.7,0.6,28.9,0.5,36.2,1.4,27.5,0.5,32.1,0.6,32.3,1.1,32.1,0.6,475538,2100,54605,1590,420933,2435,81.5,0.4,85.7,1.0,81.0,0.5,387722,2587,46788,1576,340934,2830,4.8,0.3,2.4,0.5,5.1,0.3,(X),(X),(X),(X),(X),(X),(X),(X),(X),(X),(X),(X),(X),(X),(X),(X),(X),(X),(X),(X),(X),(X),(X),(X),2.9,(X),(X),(X),(X),(X),4.4,(X),(X),(X),(X),(X)
5001100US2406,2406,"Congressional District 6 (111th Congress), Maryland",547001,984,62235,1189,484766,1576,(X),(X),7.7,0.8,(X),(X),(X),(X),15.7,0.9,(X),(X),(X),(X),34.4,1.0,(X),(X),(X),(X),11.3,0.7,(X),(X),(X),(X),11.7,0.6,(X),(X),49.2,0.1,92.9,0.6,43.5,0.2,50.8,0.1,7.1,0.6,56.5,0.2,26.0,0.2,7.1,0.7,28.4,0.2,42.4,0.2,29.2,1.2,44.1,0.2,15.0,0.1,26.6,0.8,13.5,0.1,8.7,0.1,18.0,0.8,7.6,0.1,7.9,0.1,19.2,0.7,6.4,0.1,99.1,0.1,99.1,0.2,99.1,0.1,89.8,0.1,91.1,0.9,89.7,0.2,6.1,0.1,6.6,0.8,6.0,0.1,0.2,0.1,0.2,0.1,0.2,0.1,2.0,0.1,0.6,0.3,2.1,0.1,0.1,0.1,0.1,0.1,0.1,0.1,1.0,0.1,0.5,0.2,1.0,0.1,0.9,0.1,0.9,0.2,0.9,0.1,2.7,0.1,2.1,0.4,2.7,0.1,88.3,0.1,89.9,0.9,88.1,0.1,32424,333,43940,938,31164,335,(X),(X),44328,1033,42277,563,(X),(X),38534,3336,24010,425,481868,1003,61297,1169,420571,1608,11.8,0.3,10.8,0.8,11.9,0.4,32.8,0.5,34.2,1.2,32.6,0.6,27.2,0.4,30.5,1.2,26.7,0.5,28.2,0.5,24.5,1.1,28.8,0.5,455998,1078,39117,1049,416881,1468,79.4,0.5,80.8,1.2,79.2,0.5,361837,2371,31595,1038,330242,2416,4.6,0.3,4.3,0.6,4.6,0.3,(X),(X),(X),(X),(X),(X),(X),(X),(X),(X),(X),(X),(X),(X),(X),(X),(X),(X),(X),(X),(X),(X),(X),(X),2.3,(X),(X),(X),(X),(X),3.7,(X),(X),(X),(X),(X)
5001100US2407,2407,"Congressional District 7 (111th Congress), Maryland",504698,3204,47554,1398,457144,3452,(X),(X),8.8,1.1,(X),(X),(X),(X),16.0,1.3,(X),(X),(X),(X),30.9,1.3,(X),(X),(X),(X),12.5,1.0,(X),(X),(X),(X),10.7,0.8,(X),(X),45.9,0.3,89.1,1.0,41.4,0.4,54.1,0.3,10.9,1.0,58.6,0.4,31.6,0.4,8.9,1.1,34.0,0.4,38.3,0.3,32.0,1.5,38.9,0.3,14.4,0.2,24.3,1.2,13.3,0.2,8.1,0.2,15.5,0.9,7.3,0.2,7.6,0.2,19.3,0.9,6.4,0.2,98.7,0.1,98.1,0.5,98.8,0.2,36.3,0.4,40.7,1.4,35.9,0.4,56.1,0.4,55.9,1.5,56.2,0.4,0.3,0.1,0.3,0.1,0.3,0.1,5.2,0.2,0.8,0.3,5.7,0.2,0.0,0.1,0.0,0.1,0.0,0.1,0.7,0.1,0.4,0.2,0.8,0.1,1.3,0.1,1.9,0.5,1.2,0.2,2.1,0.2,1.8,0.4,2.1,0.2,35.1,0.4,39.7,1.4,34.6,0.4,27419,399,37853,1514,26366,404,(X),(X),38517,1767,30753,854,(X),(X),33967,3862,23682,541,432244,2650,46620,1394,385624,2828,17.3,0.5,14.5,1.2,17.6,0.5,26.7,0.5,26.8,1.6,26.7,0.6,23.5,0.6,29.8,1.6,22.7,0.6,32.5,0.5,28.9,1.5,32.9,0.6,425182,3067,31003,1222,394179,3275,73.7,0.6,75.9,1.8,73.6,0.6,313548,3242,23543,1111,290005,3101,8.5,0.4,6.5,1.3,8.7,0.5,(X),(X),(X),(X),(X),(X),(X),(X),(X),(X),(X),(X),(X),(X),(X),(X),(X),(X),(X),(X),(X),(X),(X),(X),4.4,(X),(X),(X),(X),(X),8.4,(X),(X),(X),(X),(X)
5001100US2408,2408,"Congressional District 8 (111th Congress), Maryland",536770,2538,41152,1225,495618,2784,(X),(X),10.6,1.1,(X),(X),(X),(X),16.3,1.4,(X),(X),(X),(X),30.0,1.4,(X),(X),(X),(X),13.0,1.0,(X),(X),(X),(X),18.6,1.1,(X),(X),47.3,0.2,89.8,0.9,43.8,0.3,52.7,0.2,10.2,0.9,56.2,0.3,28.2,0.3,7.9,1.1,29.9,0.3,39.8,0.3,23.6,1.5,41.1,0.3,15.0,0.2,21.6,1.1,14.4,0.2,8.5,0.1,18.9,1.0,7.6,0.1,8.5,0.1,28.0,1.2,6.9,0.2,98.3,0.2,98.2,0.4,98.3,0.2,60.5,0.5,77.0,1.6,59.2,0.5,16.7,0.3,16.8,1.5,16.7,0.4,0.2,0.1,0.2,0.1,0.2,0.1,12.8,0.2,2.7,0.5,13.7,0.2,0.1,0.1,0.0,0.1,0.1,0.1,8.0,0.4,1.6,0.5,8.5,0.5,1.7,0.2,1.8,0.4,1.7,0.2,15.7,0.3,4.2,0.8,16.7,0.3,53.4,0.3,74.5,1.5,51.6,0.3,41607,467,67239,2291,39685,465,(X),(X),68195,2059,48051,1186,(X),(X),56969,7445,34235,625,478119,2175,40510,1184,437609,2415,10.9,0.4,3.9,0.7,11.6,0.4,14.9,0.4,14.0,1.2,15.0,0.4,18.8,0.4,21.6,1.4,18.6,0.4,55.3,0.5,60.5,1.7,54.9,0.5,445388,2482,21836,1074,423552,2715,83.2,0.4,86.1,2.0,83.1,0.4,370785,2904,18795,1023,351990,2923,4.9,0.2,2.4,0.7,5.1,0.3,(X),(X),(X),(X),(X),(X),(X),(X),(X),(X),(X),(X),(X),(X),(X),(X),(X),(X),(X),(X),(X),(X),(X),(X),3.1,(X),(X),(X),(X),(X),4.5,(X),(X),(X),(X),(X)
5001100US2501,2501,"Congressional District 1 (111th Congress), Massachusetts",505109,1376,54042,1219,451067,1554,(X),(X),4.7,0.7,(X),(X),(X),(X),10.8,0.9,(X),(X),(X),(X),33.5,1.3,(X),(X),(X),(X),13.7,0.9,(X),(X),(X),(X),15.4,0.9,(X),(X),48.2,0.2,94.3,0.7,42.6,0.3,51.8,0.2,5.7,0.7,57.4,0.3,28.1,0.3,5.4,0.8,30.8,0.3,38.8,0.4,25.5,1.2,40.4,0.4,15.4,0.2,26.1,1.2,14.1,0.2,8.5,0.2,18.3,0.9,7.3,0.2,9.3,0.2,24.6,1.0,7.5,0.2,99.1,0.1,99.4,0.2,99.0,0.1,93.1,0.3,96.8,0.5,92.6,0.3,2.0,0.2,1.5,0.4,2.1,0.2,0.2,0.1,0.2,0.1,0.2,0.1,2.0,0.1,0.2,0.1,2.2,0.1,0.0,0.1,0.0,0.1,0.0,0.1,1.7,0.2,0.7,0.3,1.8,0.2,0.9,0.1,0.6,0.2,1.0,0.1,5.8,0.2,2.1,0.5,6.2,0.2,89.2,0.3,95.6,0.6,88.5,0.3,26748,359,35227,1186,25564,374,(X),(X),35816,1274,34081,685,(X),(X),26769,3018,20635,339,427671,1400,53302,1209,374369,1666,11.4,0.3,11.9,0.9,11.4,0.4,32.5,0.6,36.5,1.5,31.9,0.6,27.0,0.4,29.5,1.4,26.6,0.5,29.1,0.6,22.1,1.1,30.1,0.6,415351,1348,30851,1011,384500,1446,77.5,0.6,77.3,1.6,77.6,0.6,322094,2542,23861,937,298233,2304,7.3,0.4,6.4,1.0,7.4,0.5,(X),(X),(X),(X),(X),(X),(X),(X),(X),(X),(X),(X),(X),(X),(X),(X),(X),(X),(X),(X),(X),(X),(X),(X),3.7,(X),(X),(X),(X),(X),5.4,(X),(X),(X),(X),(X)
5001100US2502,2502,"Congressional District 2 (111th Congress), Massachusetts",501590,1353,51709,1360,449881,1939,(X),(X),6.0,0.7,(X),(X),(X),(X),11.9,1.0,(X),(X),(X),(X),32.9,1.3,(X),(X),(X),(X),12.1,0.8,(X),(X),(X),(X),14.7,0.9,(X),(X),47.1,0.2,93.5,0.8,41.7,0.3,52.9,0.2,6.5,0.8,58.3,0.3,27.6,0.3,7.3,0.8,29.9,0.4,40.1,0.4,25.3,1.2,41.8,0.4,15.2,0.2,27.1,1.1,13.9,0.2,8.4,0.2,18.8,0.9,7.2,0.2,8.8,0.2,21.6,1.0,7.3,0.2,98.7,0.1,98.8,0.4,98.7,0.2,86.1,0.3,93.6,0.8,85.2,0.3,5.6,0.1,3.9,0.7,5.8,0.2,0.2,0.1,0.2,0.1,0.2,0.1,1.7,0.1,0.3,0.2,1.8,0.1,0.0,0.1,0.0,0.1,0.0,0.1,5.3,0.3,0.8,0.3,5.8,0.3,1.3,0.1,1.2,0.4,1.3,0.2,9.6,0.2,2.4,0.5,10.4,0.2,82.1,0.3,92.1,0.9,81.0,0.3,28384,390,36743,1278,27266,364,(X),(X),37570,1279,37318,708,(X),(X),26645,3388,21486,343,436877,1717,51062,1388,385815,2312,14.2,0.5,12.2,0.9,14.5,0.5,32.7,0.6,37.2,1.3,32.1,0.6,25.9,0.4,28.5,1.2,25.5,0.5,27.2,0.5,22.1,1.1,27.9,0.5,415542,1417,30832,1155,384710,1691,78.3,0.5,80.7,1.6,78.1,0.5,325381,2378,24872,1064,300509,2345,7.2,0.5,5.8,1.5,7.3,0.4,(X),(X),(X),(X),(X),(X),(X),(X),(X),(X),(X),(X),(X),(X),(X),(X),(X),(X),(X),(X),(X),(X),(X),(X),4.7,(X),(X),(X),(X),(X),6.2,(X),(X),(X),(X),(X)
5001100US2503,2503,"Congressional District 3 (111th Congress), Massachusetts",499977,1541,44465,1210,455512,2070,(X),(X),6.0,1.2,(X),(X),(X),(X),9.4,1.0,(X),(X),(X),(X),31.8,1.4,(X),(X),(X),(X),13.6,1.1,(X),(X),(X),(X),17.3,1.1,(X),(X),48.3,0.3,94.1,0.7,43.8,0.4,51.7,0.3,5.9,0.7,56.2,0.4,27.6,0.4,6.5,1.2,29.6,0.5,42.2,0.4,24.0,1.4,44.0,0.4,13.8,0.2,25.0,1.2,12.7,0.2,7.9,0.2,19.5,1.2,6.8,0.2,8.6,0.2,25.0,1.0,6.9,0.2,99.0,0.1,99.3,0.2,98.9,0.1,88.9,0.4,95.9,0.6,88.2,0.4,3.2,0.2,1.9,0.5,3.3,0.2,0.1,0.1,0.3,0.2,0.1,0.1,4.4,0.2,0.8,0.3,4.7,0.2,0.1,0.1,0.0,0.1,0.1,0.1,2.3,0.3,0.4,0.2,2.5,0.3,1.0,0.1,0.7,0.2,1.1,0.1,6.6,0.3,2.1,0.6,7.0,0.3,84.7,0.4,94.4,0.8,83.8,0.4,31698,376,38283,1351,30982,395,(X),(X),39086,1305,42768,789,(X),(X),25236,5874,23419,538,439045,1749,43697,1191,395348,1896,13.1,0.5,12.8,1.2,13.1,0.5,26.7,0.6,30.0,1.7,26.4,0.6,24.1,0.4,30.1,1.5,23.4,0.5,36.1,0.6,27.0,1.5,37.1,0.6,417714,1817,24666,1065,393048,2309,79.6,0.6,80.8,1.8,79.5,0.6,332394,2609,19931,954,312463,2842,6.4,0.3,7.3,1.5,6.4,0.3,(X),(X),(X),(X),(X),(X),(X),(X),(X),(X),(X),(X),(X),(X),(X),(X),(X),(X),(X),(X),(X),(X),(X),(X),2.7,(X),(X),(X),(X),(X),5.5,(X),(X),(X),(X),(X)
5001100US2504,2504,"Congressional District 4 (111th Congress), Massachusetts",496651,1877,40898,1341,455753,2320,(X),(X),4.9,0.8,(X),(X),(X),(X),8.4,1.0,(X),(X),(X),(X),32.5,1.4,(X),(X),(X),(X),15.1,1.1,(X),(X),(X),(X),16.9,1.1,(X),(X),47.2,0.3,94.9,0.8,42.9,0.4,52.8,0.3,5.1,0.8,57.1,0.4,28.6,0.4,5.7,1.0,30.7,0.5,38.6,0.4,21.4,1.4,40.2,0.4,15.2,0.2,25.0,1.3,14.3,0.3,8.7,0.2,20.9,1.1,7.6,0.2,8.8,0.2,27.0,1.3,7.2,0.2,98.7,0.1,99.1,0.4,98.7,0.1,89.3,0.3,94.1,0.8,88.8,0.3,3.0,0.2,2.3,0.5,3.0,0.2,0.2,0.1,0.2,0.1,0.2,0.1,4.1,0.2,1.0,0.3,4.4,0.2,0.0,0.1,0.0,0.1,0.1,0.1,2.1,0.2,1.5,0.4,2.2,0.2,1.3,0.1,0.9,0.4,1.3,0.1,3.7,0.2,1.6,0.5,3.9,0.2,87.1,0.3,93.1,0.8,86.6,0.3,31977,483,39165,1526,31287,507,(X),(X),39572,1522,43693,878,(X),(X),31142,7584,23746,541,427988,2659,40366,1329,387622,2816,13.9,0.4,13.4,1.0,14.0,0.4,25.4,0.4,30.3,1.4,24.9,0.5,21.2,0.5,25.8,1.4,20.7,0.5,39.4,0.5,30.6,1.4,40.4,0.5,409781,1894,21303,991,388478,2206,77.5,0.6,77.2,1.8,77.5,0.6,317712,2613,16448,869,301264,2619,6.0,0.3,6.9,1.5,6.0,0.3,(X),(X),(X),(X),(X),(X),(X),(X),(X),(X),(X),(X),(X),(X),(X),(X),(X),(X),(X),(X),(X),(X),(X),(X),3.2,(X),(X),(X),(X),(X),5.6,(X),(X),(X),(X),(X)
5001100US2505,2505,"Congressional District 5 (111th Congress), Massachusetts",479078,1803,39925,1119,439153,1507,(X),(X),4.9,0.8,(X),(X),(X),(X),9.6,1.0,(X),(X),(X),(X),34.6,1.3,(X),(X),(X),(X),14.6,1.0,(X),(X),(X),(X),15.4,1.1,(X),(X),48.7,0.3,94.0,0.8,44.6,0.4,51.3,0.3,6.0,0.8,55.4,0.4,26.3,0.4,5.6,0.8,28.2,0.4,43.3,0.4,23.4,1.5,45.1,0.4,14.9,0.3,26.3,1.4,13.8,0.3,7.8,0.2,20.0,1.3,6.7,0.2,7.8,0.3,24.7,1.2,6.2,0.2,98.9,0.1,99.3,0.4,98.9,0.1,81.1,0.4,95.1,0.9,79.8,0.5,2.5,0.2,2.0,0.6,2.6,0.2,0.2,0.1,0.3,0.2,0.1,0.1,6.7,0.3,0.7,0.3,7.3,0.3,0.1,0.1,0.1,0.1,0.1,0.1,8.3,0.3,1.0,0.4,9.0,0.3,1.1,0.1,0.7,0.4,1.1,0.1,11.5,0.2,2.3,0.6,12.4,0.3,78.3,0.4,94.0,1.0,76.8,0.5,33628,435,40222,1253,32980,473,(X),(X),40378,1382,44669,816,(X),(X),37000,9596,25024,447,425804,2041,39438,1097,386366,1913,12.8,0.4,10.8,1.1,13.0,0.4,26.6,0.5,32.2,1.5,26.1,0.5,23.2,0.5,27.1,1.3,22.8,0.5,37.3,0.5,29.9,1.4,38.1,0.5,404648,1625,22069,1018,382579,1599,78.8,0.5,77.8,1.9,78.9,0.5,318872,2281,17168,904,301704,2179,5.8,0.3,5.8,1.2,5.8,0.3,(X),(X),(X),(X),(X),(X),(X),(X),(X),(X),(X),(X),(X),(X),(X),(X),(X),(X),(X),(X),(X),(X),(X),(X),2.7,(X),(X),(X),(X),(X),6.7,(X),(X),(X),(X),(X)
5001100US2506,2506,"Congressional District 6 (111th Congress), Massachusetts",498606,1241,48163,1213,450443,1373,(X),(X),4.3,0.8,(X),(X),(X),(X),7.0,0.8,(X),(X),(X),(X),32.6,1.3,(X),(X),(X),(X),16.4,1.0,(X),(X),(X),(X),18.4,1.0,(X),(X),47.5,0.2,94.1,0.6,42.5,0.3,52.5,0.2,5.9,0.6,57.5,0.3,23.5,0.3,3.5,0.7,25.6,0.3,41.7,0.3,20.1,1.2,44.0,0.4,15.9,0.2,25.4,1.2,14.9,0.2,9.2,0.1,22.5,1.0,7.8,0.2,9.7,0.1,28.5,1.1,7.7,0.2,99.1,0.1,99.6,0.2,99.0,0.2,91.6,0.3,97.2,0.6,91.0,0.3,2.6,0.1,1.5,0.4,2.7,0.2,0.1,0.1,0.2,0.1,0.1,0.1,2.8,0.2,0.3,0.2,3.1,0.2,0.0,0.1,0.2,0.3,0.0,0.1,2.0,0.2,0.3,0.2,2.2,0.2,0.9,0.1,0.4,0.2,1.0,0.2,5.3,0.2,1.0,0.3,5.8,0.2,88.8,0.2,96.4,0.6,87.9,0.3,34687,413,39491,1012,34043,448,(X),(X),39949,1174,48403,778,(X),(X),27054,3451,25872,478,446500,1345,47799,1204,398701,1557,8.8,0.3,8.6,0.9,8.9,0.4,26.2,0.5,29.7,1.4,25.8,0.5,25.1,0.5,28.3,1.2,24.7,0.5,39.9,0.6,33.4,1.4,40.6,0.6,404059,1198,23597,988,380462,1374,81.2,0.4,80.8,1.6,81.2,0.4,328068,1892,19071,863,308997,1972,5.5,0.3,5.2,1.1,5.5,0.3,(X),(X),(X),(X),(X),(X),(X),(X),(X),(X),(X),(X),(X),(X),(X),(X),(X),(X),(X),(X),(X),(X),(X),(X),2.9,(X),(X),(X),(X),(X),5.0,(X),(X),(X),(X),(X)
5001100US2507,2507,"Congressional District 7 (111th Congress), Massachusetts",504048,1343,37847,1229,466201,1479,(X),(X),5.8,0.9,(X),(X),(X),(X),8.4,1.2,(X),(X),(X),(X),26.6,1.5,(X),(X),(X),(X),17.4,1.2,(X),(X),(X),(X),21.1,1.4,(X),(X),47.6,0.3,95.0,0.7,43.8,0.3,52.4,0.3,5.0,0.7,56.2,0.3,29.4,0.4,6.3,1.1,31.3,0.4,38.5,0.4,16.9,1.5,40.2,0.4,13.7,0.2,22.0,1.2,13.0,0.3,8.8,0.2,22.2,1.4,7.7,0.2,9.6,0.2,32.5,1.4,7.7,0.2,98.9,0.1,99.4,0.3,98.8,0.1,83.1,0.5,94.7,1.0,82.2,0.5,4.5,0.3,2.5,0.6,4.6,0.3,0.2,0.1,0.2,0.1,0.2,0.1,7.7,0.3,0.9,0.3,8.3,0.3,0.0,0.1,0.0,0.1,0.0,0.1,3.4,0.3,1.0,0.6,3.6,0.3,1.1,0.1,0.6,0.3,1.2,0.1,6.4,0.3,2.2,0.8,6.7,0.3,79.7,0.4,93.7,1.0,78.6,0.5,34079,500,38292,1093,33725,518,(X),(X),38709,1097,42360,793,(X),(X),30093,4968,27485,640,447104,2206,37284,1217,409820,2232,10.2,0.5,10.1,0.9,10.2,0.5,25.9,0.5,29.9,1.6,25.6,0.5,20.1,0.4,27.8,1.6,19.3,0.4,43.8,0.6,32.2,1.7,44.9,0.6,411417,1606,17131,956,394286,1872,81.2,0.5,79.8,2.4,81.2,0.5,333988,2597,13679,908,320309,2572,5.8,0.3,7.5,1.8,5.7,0.3,(X),(X),(X),(X),(X),(X),(X),(X),(X),(X),(X),(X),(X),(X),(X),(X),(X),(X),(X),(X),(X),(X),(X),(X),3.5,(X),(X),(X),(X),(X),6.0,(X),(X),(X),(X),(X)
5001100US2508,2508,"Congressional District 8 (111th Congress), Massachusetts",550914,2834,20610,944,530304,2966,(X),(X),9.5,1.9,(X),(X),(X),(X),10.3,1.9,(X),(X),(X),(X),28.9,2.3,(X),(X),(X),(X),14.3,1.7,(X),(X),(X),(X),15.1,1.5,(X),(X),48.4,0.3,94.1,1.2,46.6,0.3,51.6,0.3,5.9,1.2,53.4,0.3,50.1,0.4,11.2,1.9,51.6,0.4,28.6,0.3,21.8,2.4,28.8,0.3,10.0,0.2,23.3,2.1,9.5,0.2,5.8,0.2,19.7,1.5,5.2,0.2,5.6,0.2,24.0,2.0,4.8,0.2,96.6,0.3,98.2,0.6,96.6,0.3,61.3,0.4,72.5,2.1,60.9,0.4,18.4,0.3,20.1,1.9,18.3,0.4,0.4,0.1,1.1,0.6,0.3,0.1,9.2,0.2,2.1,0.7,9.5,0.3,0.1,0.1,0.0,0.1,0.1,0.1,7.2,0.4,2.5,0.9,7.4,0.4,3.4,0.3,1.8,0.6,3.4,0.3,14.9,0.3,4.4,1.1,15.3,0.3,55.1,0.4,70.9,2.2,54.5,0.4,26859,438,32926,2072,26591,461,(X),(X),33060,1973,29459,604,(X),(X),31346,7754,23908,716,443766,2837,20254,927,423512,2914,15.8,0.4,14.2,1.7,15.9,0.4,21.4,0.6,29.5,2.2,21.1,0.6,16.1,0.4,22.8,2.6,15.7,0.4,46.7,0.6,33.5,2.6,47.3,0.6,488377,2846,11590,842,476787,2806,76.4,0.6,71.6,3.5,76.5,0.6,373100,3694,8303,790,364797,3702,7.8,0.4,7.4,2.3,7.8,0.4,(X),(X),(X),(X),(X),(X),(X),(X),(X),(X),(X),(X),(X),(X),(X),(X),(X),(X),(X),(X),(X),(X),(X),(X),6.2,(X),(X),(X),(X),(X),13.0,(X),(X),(X),(X),(X)
5001100US2509,2509,"Congressional District 9 (111th Congress), Massachusetts",503447,2631,42557,1240,460890,2896,(X),(X),4.9,0.7,(X),(X),(X),(X),10.2,1.3,(X),(X),(X),(X),29.8,1.4,(X),(X),(X),(X),16.6,1.0,(X),(X),(X),(X),19.0,1.2,(X),(X),47.2,0.3,95.1,0.6,42.8,0.3,52.8,0.3,4.9,0.6,57.2,0.3,28.3,0.5,6.3,1.0,30.4,0.5,40.2,0.4,20.8,1.4,42.0,0.4,14.1,0.3,23.7,1.2,13.2,0.3,8.2,0.2,20.7,1.0,7.0,0.2,9.2,0.3,28.5,1.2,7.4,0.3,99.0,0.1,99.1,0.3,99.0,0.1,80.3,0.5,92.7,0.9,79.1,0.5,11.0,0.3,4.9,0.8,11.6,0.4,0.2,0.1,0.1,0.2,0.2,0.1,4.3,0.2,0.6,0.3,4.6,0.3,0.0,0.1,0.0,0.1,0.0,0.1,3.2,0.3,0.7,0.4,3.4,0.3,1.0,0.1,0.9,0.3,1.0,0.1,5.0,0.2,1.7,0.6,5.4,0.2,78.2,0.4,91.7,1.1,76.9,0.4,34498,544,41028,1219,33808,541,(X),(X),41554,1243,43138,771,(X),(X),30962,5318,28124,482,449709,2860,42247,1233,407462,2963,10.0,0.3,8.4,0.9,10.2,0.4,27.1,0.6,35.7,1.5,26.2,0.6,23.9,0.5,26.7,1.5,23.6,0.6,39.0,0.6,29.1,1.5,40.1,0.6,415837,2903,21603,949,394234,3104,81.1,0.5,79.8,2.1,81.1,0.5,337146,3044,17237,934,319909,2938,6.4,0.5,6.9,1.4,6.4,0.5,(X),(X),(X),(X),(X),(X),(X),(X),(X),(X),(X),(X),(X),(X),(X),(X),(X),(X),(X),(X),(X),(X),(X),(X),3.6,(X),(X),(X),(X),(X),6.1,(X),(X),(X),(X),(X)
5001100US2510,2510,"Congressional District 10 (111th Congress), Massachusetts",515188,1155,60516,1366,454672,1751,(X),(X),4.3,0.7,(X),(X),(X),(X),8.0,0.6,(X),(X),(X),(X),32.1,1.3,(X),(X),(X),(X),17.1,0.8,(X),(X),(X),(X),17.8,0.9,(X),(X),47.2,0.2,94.3,0.6,40.9,0.3,52.8,0.2,5.7,0.6,59.1,0.3,21.5,0.3,4.4,0.7,23.8,0.3,39.2,0.3,18.4,1.0,41.9,0.3,17.4,0.2,25.0,1.1,16.4,0.2,11.1,0.2,23.4,0.9,9.5,0.2,10.8,0.2,28.8,0.8,8.4,0.2,99.1,0.1,98.9,0.3,99.2,0.1,92.0,0.3,96.8,0.5,91.3,0.3,2.0,0.2,1.1,0.3,2.1,0.2,0.3,0.1,0.2,0.1,0.3,0.1,3.9,0.2,0.6,0.2,4.3,0.2,0.0,0.1,0.0,0.1,0.0,0.1,1.0,0.2,0.1,0.1,1.1,0.2,0.9,0.1,1.1,0.3,0.8,0.1,1.4,0.1,0.6,0.2,1.5,0.2,91.1,0.3,96.3,0.5,90.4,0.4,34236,446,41495,1002,33075,511,(X),(X),42501,985,45458,885,(X),(X),26551,2097,26279,458,466634,1705,59956,1341,406678,2109,6.8,0.3,6.3,0.6,6.8,0.3,27.4,0.4,29.0,1.1,27.1,0.5,27.3,0.4,28.4,1.1,27.2,0.5,38.5,0.5,36.4,1.2,38.8,0.5,402172,1433,28908,1181,373264,1841,81.1,0.5,81.1,1.6,81.1,0.5,326351,2289,23455,1101,302896,2342,5.8,0.3,4.8,0.9,5.9,0.4,(X),(X),(X),(X),(X),(X),(X),(X),(X),(X),(X),(X),(X),(X),(X),(X),(X),(X),(X),(X),(X),(X),(X),(X),2.7,(X),(X),(X),(X),(X),4.0,(X),(X),(X),(X),(X)
5001100US2601,2601,"Congressional District 1 (111th Congress), Michigan",519797,648,73678,1102,446119,1233,(X),(X),4.4,0.5,(X),(X),(X),(X),9.4,0.5,(X),(X),(X),(X),35.2,0.6,(X),(X),(X),(X),15.1,0.6,(X),(X),(X),(X),14.5,0.6,(X),(X),50.3,0.1,95.0,0.4,42.9,0.2,49.7,0.1,5.0,0.4,57.1,0.2,23.5,0.1,4.7,0.5,26.6,0.2,35.8,0.1,23.1,0.7,37.9,0.2,17.6,0.1,26.9,0.5,16.1,0.1,12.4,0.1,21.6,0.5,10.9,0.1,10.7,0.1,23.8,0.6,8.5,0.1,98.6,0.1,98.9,0.2,98.5,0.1,94.1,0.1,96.1,0.3,93.7,0.1,1.6,0.1,0.8,0.2,1.7,0.2,2.0,0.1,1.7,0.2,2.1,0.1,0.5,0.1,0.1,0.1,0.6,0.1,0.0,0.1,0.0,0.1,0.0,0.1,0.3,0.1,0.1,0.1,0.4,0.1,1.4,0.1,1.1,0.2,1.5,0.1,1.0,0.1,0.6,0.2,1.1,0.1,93.5,0.1,95.7,0.4,93.1,0.1,21237,216,29030,470,19792,264,(X),(X),29418,496,27868,443,(X),(X),21171,1875,15547,222,458368,754,72721,1065,385647,1231,12.6,0.3,12.4,0.6,12.6,0.4,39.0,0.4,38.3,0.8,39.2,0.4,30.5,0.4,33.0,0.8,30.0,0.4,17.9,0.3,16.4,0.6,18.2,0.3,399615,665,40293,934,359322,1001,71.8,0.5,65.4,1.1,72.6,0.5,287069,1784,26366,765,260703,1882,9.4,0.3,9.8,0.8,9.3,0.3,(X),(X),(X),(X),(X),(X),(X),(X),(X),(X),(X),(X),(X),(X),(X),(X),(X),(X),(X),(X),(X),(X),(X),(X),2.3,(X),(X),(X),(X),(X),4.6,(X),(X),(X),(X),(X)
5001100US2602,2602,"Congressional District 2 (111th Congress), Michigan",519849,619,56335,1130,463514,1079,(X),(X),5.6,0.7,(X),(X),(X),(X),10.8,0.7,(X),(X),(X),(X),35.0,0.9,(X),(X),(X),(X),14.1,0.6,(X),(X),(X),(X),12.6,0.7,(X),(X),49.1,0.1,94.3,0.5,43.6,0.2,50.9,0.1,5.7,0.5,56.4,0.2,29.5,0.1,7.0,0.7,32.3,0.1,38.0,0.1,25.5,0.8,39.5,0.2,15.0,0.1,27.9,0.8,13.4,0.1,9.3,0.1,18.4,0.7,8.2,0.1,8.2,0.1,21.2,0.6,6.7,0.1,98.9,0.1,98.9,0.2,98.9,0.1,90.6,0.2,94.2,0.5,90.2,0.2,4.1,0.1,3.2,0.4,4.2,0.1,0.6,0.1,0.7,0.2,0.6,0.1,1.1,0.1,0.1,0.1,1.2,0.1,0.0,0.1,0.0,0.1,0.0,0.1,2.4,0.2,0.6,0.2,2.7,0.2,1.1,0.1,1.1,0.2,1.1,0.1,4.8,0.1,1.8,0.4,5.2,0.1,88.5,0.1,93.2,0.6,87.9,0.2,23612,249,31590,613,22420,239,(X),(X),32056,628,32083,397,(X),(X),22997,3949,17082,247,453513,785,55494,1104,398019,1146,12.4,0.3,11.5,0.7,12.5,0.4,35.1,0.5,35.9,1.1,35.0,0.5,31.4,0.5,35.3,1.2,30.9,0.5,21.1,0.4,17.3,0.9,21.6,0.4,428734,615,34027,970,394707,990,76.9,0.4,74.1,1.1,77.1,0.4,329566,1623,25223,851,304343,1765,9.2,0.4,10.4,1.2,9.1,0.4,(X),(X),(X),(X),(X),(X),(X),(X),(X),(X),(X),(X),(X),(X),(X),(X),(X),(X),(X),(X),(X),(X),(X),(X),2.3,(X),(X),(X),(X),(X),5.7,(X),(X),(X),(X),(X)
5001100US2603,2603,"Congressional District 3 (111th Congress), Michigan",511408,510,45140,1081,466268,1112,(X),(X),5.3,0.7,(X),(X),(X),(X),12.2,1.0,(X),(X),(X),(X),32.8,1.2,(X),(X),(X),(X),12.6,0.9,(X),(X),(X),(X),13.9,0.6,(X),(X),49.3,0.1,94.6,0.6,44.9,0.2,50.7,0.1,5.4,0.6,55.1,0.2,33.1,0.1,6.7,0.9,35.7,0.2,39.0,0.1,27.6,1.2,40.1,0.2,13.4,0.1,26.1,0.9,12.1,0.1,7.3,0.1,17.4,0.8,6.3,0.1,7.2,0.1,22.2,0.7,5.8,0.1,98.6,0.1,99.0,0.3,98.5,0.1,86.1,0.2,92.6,0.8,85.5,0.3,7.2,0.1,5.1,0.6,7.4,0.1,0.4,0.1,0.4,0.1,0.4,0.1,1.8,0.1,0.3,0.2,1.9,0.1,0.0,0.1,0.0,0.1,0.0,0.1,3.0,0.3,0.6,0.2,3.3,0.3,1.4,0.1,1.0,0.3,1.5,0.1,6.7,0.1,1.8,0.4,7.2,0.1,82.9,0.1,91.7,0.8,82.0,0.2,25773,278,33563,817,24929,296,(X),(X),34021,885,32957,513,(X),(X),25149,3086,19659,325,443966,639,44598,1065,399368,1121,12.3,0.3,9.7,0.7,12.6,0.3,29.1,0.5,32.7,1.4,28.7,0.5,31.3,0.5,36.2,1.4,30.8,0.5,27.3,0.4,21.4,1.0,27.9,0.5,437183,538,27246,920,409937,960,79.7,0.4,77.9,1.9,79.9,0.4,348575,1684,21238,890,327337,1765,8.2,0.3,8.3,1.3,8.2,0.3,(X),(X),(X),(X),(X),(X),(X),(X),(X),(X),(X),(X),(X),(X),(X),(X),(X),(X),(X),(X),(X),(X),(X),(X),1.8,(X),(X),(X),(X),(X),5.0,(X),(X),(X),(X),(X)
5001100US2604,2604,"Congressional District 4 (111th Congress), Michigan",524669,635,58162,977,466507,1204,(X),(X),4.4,0.5,(X),(X),(X),(X),10.7,0.7,(X),(X),(X),(X),34.0,1.0,(X),(X),(X),(X),14.1,0.7,(X),(X),(X),(X),13.5,0.6,(X),(X),49.1,0.1,95.3,0.5,43.3,0.2,50.9,0.1,4.7,0.5,56.7,0.2,29.2,0.2,5.9,0.6,32.1,0.2,36.0,0.1,24.7,0.8,37.4,0.2,15.7,0.1,27.5,0.8,14.2,0.2,10.4,0.1,19.9,0.6,9.2,0.1,8.8,0.1,21.9,0.6,7.1,0.1,98.8,0.1,98.7,0.3,98.8,0.1,94.0,0.1,95.6,0.5,93.9,0.2,2.3,0.1,1.4,0.3,2.4,0.1,0.8,0.1,1.1,0.3,0.7,0.1,0.9,0.1,0.1,0.1,1.0,0.1,0.0,0.1,0.0,0.1,0.0,0.1,0.7,0.1,0.5,0.2,0.7,0.1,1.2,0.1,1.3,0.3,1.2,0.1,2.3,0.1,1.6,0.3,2.4,0.1,92.7,0.1,94.7,0.5,92.4,0.2,21901,207,31022,444,20638,228,(X),(X),31322,465,28807,418,(X),(X),23503,3844,16187,250,443952,890,57467,921,386485,1270,12.0,0.3,11.2,0.6,12.1,0.3,35.5,0.4,36.8,1.0,35.3,0.4,31.6,0.4,34.6,1.0,31.1,0.4,21.0,0.4,17.4,0.8,21.5,0.4,424344,576,33823,915,390521,1069,73.4,0.4,69.2,1.4,73.7,0.4,311358,1709,23405,932,287953,1931,10.2,0.4,10.0,1.0,10.2,0.4,(X),(X),(X),(X),(X),(X),(X),(X),(X),(X),(X),(X),(X),(X),(X),(X),(X),(X),(X),(X),(X),(X),(X),(X),2.3,(X),(X),(X),(X),(X),4.0,(X),(X),(X),(X),(X)
5001100US2605,2605,"Congressional District 5 (111th Congress), Michigan",483033,702,50347,1188,432686,1289,(X),(X),4.1,0.5,(X),(X),(X),(X),12.1,0.8,(X),(X),(X),(X),35.7,1.3,(X),(X),(X),(X),12.3,0.8,(X),(X),(X),(X),12.5,0.7,(X),(X),47.0,0.1,94.0,0.7,41.6,0.2,53.0,0.1,6.0,0.7,58.4,0.2,28.1,0.1,5.3,0.7,30.8,0.2,38.8,0.1,27.2,1.2,40.2,0.2,15.2,0.1,28.5,1.1,13.7,0.2,9.4,0.1,18.5,0.8,8.3,0.1,8.4,0.1,20.5,0.8,7.0,0.1,98.6,0.1,98.7,0.3,98.6,0.1,80.1,0.1,85.0,0.9,79.6,0.2,16.1,0.1,12.4,0.9,16.5,0.2,0.5,0.1,0.5,0.1,0.5,0.1,0.9,0.1,0.0,0.1,1.0,0.1,0.0,0.1,0.0,0.1,0.0,0.1,1.0,0.1,0.9,0.2,1.0,0.1,1.4,0.1,1.3,0.3,1.4,0.1,3.2,0.1,2.3,0.3,3.3,0.1,78.3,0.1,83.7,0.9,77.7,0.2,24135,307,33027,632,22597,309,(X),(X),33475,652,31084,481,(X),(X),22522,4941,17973,350,428336,741,49814,1185,378522,1314,13.6,0.4,12.8,0.9,13.7,0.4,36.0,0.5,36.7,1.4,35.9,0.6,33.0,0.5,36.6,1.3,32.5,0.5,17.4,0.4,13.9,0.8,17.8,0.4,397038,669,30706,1014,366332,1112,71.8,0.5,67.2,1.7,72.2,0.6,285195,2159,20641,887,264554,1967,11.5,0.4,10.7,1.6,11.6,0.4,(X),(X),(X),(X),(X),(X),(X),(X),(X),(X),(X),(X),(X),(X),(X),(X),(X),(X),(X),(X),(X),(X),(X),(X),3.4,(X),(X),(X),(X),(X),6.0,(X),(X),(X),(X),(X)
5001100US2606,2606,"Congressional District 6 (111th Congress), Michigan",509500,491,52888,997,456612,1148,(X),(X),5.1,0.6,(X),(X),(X),(X),10.6,0.8,(X),(X),(X),(X),35.0,1.0,(X),(X),(X),(X),13.4,0.8,(X),(X),(X),(X),13.4,0.6,(X),(X),48.3,0.1,94.7,0.5,42.9,0.1,51.7,0.1,5.3,0.5,57.1,0.1,30.2,0.1,6.3,0.6,33.0,0.1,37.2,0.1,26.0,1.1,38.4,0.2,15.2,0.1,28.2,1.0,13.8,0.1,9.1,0.1,18.2,0.7,8.1,0.1,8.2,0.1,21.4,0.6,6.7,0.1,98.8,0.1,99.1,0.2,98.7,0.1,87.8,0.2,92.3,0.6,87.3,0.2,7.4,0.1,5.5,0.5,7.6,0.1,0.5,0.1,0.5,0.1,0.5,0.1,1.4,0.1,0.4,0.2,1.6,0.1,0.0,0.1,0.1,0.1,0.0,0.1,1.5,0.2,0.4,0.2,1.7,0.2,1.2,0.1,0.9,0.2,1.3,0.1,3.5,0.1,1.1,0.3,3.8,0.1,86.0,0.1,91.6,0.6,85.3,0.1,23039,314,32473,804,21940,267,(X),(X),33055,843,30190,492,(X),(X),21298,2408,17437,263,428405,599,52049,940,376356,1094,12.4,0.3,9.7,0.7,12.7,0.4,32.5,0.4,35.0,1.2,32.2,0.4,31.1,0.4,34.9,1.2,30.6,0.4,23.9,0.5,20.4,1.0,24.4,0.5,420934,546,31947,797,388987,980,77.6,0.4,77.7,1.4,77.6,0.4,326488,1723,24817,751,301671,1768,9.9,0.4,9.0,0.9,9.9,0.4,(X),(X),(X),(X),(X),(X),(X),(X),(X),(X),(X),(X),(X),(X),(X),(X),(X),(X),(X),(X),(X),(X),(X),(X),2.8,(X),(X),(X),(X),(X),4.9,(X),(X),(X),(X),(X)
5001100US2607,2607,"Congressional District 7 (111th Congress), Michigan",515843,545,57494,1087,458349,1183,(X),(X),4.6,0.6,(X),(X),(X),(X),12.5,0.9,(X),(X),(X),(X),35.7,1.0,(X),(X),(X),(X),11.9,0.6,(X),(X),(X),(X),11.9,0.6,(X),(X),49.5,0.1,94.7,0.5,43.8,0.1,50.5,0.1,5.3,0.5,56.2,0.1,26.8,0.2,6.4,0.6,29.4,0.2,39.8,0.2,27.3,1.1,41.4,0.2,15.9,0.1,29.2,0.9,14.3,0.1,9.3,0.1,18.2,0.7,8.1,0.1,8.2,0.1,18.9,0.6,6.8,0.1,98.8,0.1,99.1,0.3,98.7,0.1,90.7,0.2,93.3,0.6,90.4,0.2,5.5,0.1,4.8,0.5,5.6,0.1,0.4,0.1,0.2,0.1,0.4,0.1,1.2,0.1,0.2,0.1,1.3,0.1,0.0,0.1,0.0,0.1,0.0,0.1,1.0,0.2,0.6,0.3,1.0,0.2,1.2,0.1,0.9,0.3,1.3,0.1,3.1,0.1,1.9,0.4,3.2,0.1,88.9,0.1,92.0,0.7,88.6,0.1,26133,284,33854,683,24939,316,(X),(X),34297,722,33174,513,(X),(X),26038,4380,19777,341,455393,965,56876,1066,398517,1239,11.1,0.3,9.2,0.7,11.4,0.3,33.7,0.5,34.0,1.1,33.6,0.6,33.1,0.4,38.5,1.1,32.4,0.4,22.1,0.4,18.3,0.9,22.6,0.5,425793,615,36124,998,389669,1217,75.8,0.5,73.3,1.5,76.0,0.5,322549,2126,26470,969,296079,2006,8.6,0.3,8.9,1.2,8.6,0.3,(X),(X),(X),(X),(X),(X),(X),(X),(X),(X),(X),(X),(X),(X),(X),(X),(X),(X),(X),(X),(X),(X),(X),(X),2.1,(X),(X),(X),(X),(X),4.3,(X),(X),(X),(X),(X)
5001100US2608,2608,"Congressional District 8 (111th Congress), Michigan",529240,924,46327,1141,482913,1412,(X),(X),5.4,0.9,(X),(X),(X),(X),10.8,0.8,(X),(X),(X),(X),38.3,1.2,(X),(X),(X),(X),10.6,0.7,(X),(X),(X),(X),11.3,0.7,(X),(X),48.8,0.1,94.9,0.6,44.3,0.2,51.2,0.1,5.1,0.6,55.7,0.2,31.5,0.2,6.1,0.8,34.0,0.2,40.0,0.2,28.0,1.1,41.2,0.2,14.9,0.1,30.3,1.0,13.4,0.2,7.5,0.1,17.8,0.8,6.5,0.1,6.1,0.1,17.9,0.9,4.9,0.1,98.6,0.1,98.8,0.3,98.5,0.1,90.5,0.1,93.4,0.8,90.2,0.2,4.5,0.1,4.0,0.7,4.5,0.1,0.4,0.1,0.4,0.1,0.4,0.1,2.3,0.1,0.3,0.1,2.4,0.1,0.0,0.1,0.0,0.1,0.0,0.1,1.0,0.1,0.6,0.2,1.0,0.1,1.4,0.1,1.2,0.3,1.5,0.1,3.3,0.1,1.8,0.4,3.4,0.1,88.4,0.1,92.2,0.9,88.0,0.2,28972,312,39177,853,27559,357,(X),(X),39584,924,37833,671,(X),(X),31656,4956,20942,326,435496,960,45620,1105,389876,1381,7.9,0.3,8.3,0.7,7.9,0.3,27.0,0.5,26.8,1.2,27.0,0.5,33.3,0.5,40.0,1.2,32.5,0.5,31.8,0.5,24.9,1.2,32.6,0.5,457554,1012,29778,949,427776,1196,76.6,0.4,75.7,1.5,76.7,0.5,350640,2043,22553,858,328087,2092,7.5,0.3,8.1,1.3,7.5,0.3,(X),(X),(X),(X),(X),(X),(X),(X),(X),(X),(X),(X),(X),(X),(X),(X),(X),(X),(X),(X),(X),(X),(X),(X),1.8,(X),(X),(X),(X),(X),3.6,(X),(X),(X),(X),(X)
5001100US2609,2609,"Congressional District 9 (111th Congress), Michigan",502178,1250,39855,1001,462323,1573,(X),(X),3.6,0.6,(X),(X),(X),(X),8.1,0.9,(X),(X),(X),(X),32.9,1.3,(X),(X),(X),(X),14.7,1.0,(X),(X),(X),(X),19.0,1.0,(X),(X),48.5,0.2,95.6,0.6,44.4,0.2,51.5,0.2,4.4,0.6,55.6,0.2,26.3,0.3,4.3,0.6,28.2,0.3,40.7,0.3,19.2,1.3,42.5,0.3,15.6,0.2,26.8,1.1,14.7,0.2,8.7,0.2,20.8,1.0,7.6,0.2,8.7,0.1,28.9,1.1,7.0,0.1,98.9,0.1,99.4,0.3,98.9,0.1,81.2,0.3,90.9,0.8,80.4,0.3,9.2,0.2,7.0,0.6,9.4,0.3,0.3,0.1,0.2,0.2,0.3,0.1,7.0,0.2,0.7,0.3,7.6,0.2,0.0,0.1,0.0,0.1,0.0,0.1,1.2,0.1,0.6,0.3,1.3,0.1,1.1,0.1,0.6,0.3,1.1,0.1,3.2,0.1,1.7,0.5,3.3,0.1,79.4,0.3,89.8,0.8,78.5,0.3,36319,485,42605,1449,35485,526,(X),(X),43416,1604,51836,817,(X),(X),26644,6077,25658,497,449926,1457,39560,993,410366,1732,7.8,0.3,7.1,0.8,7.8,0.3,19.7,0.4,23.4,1.4,19.3,0.4,25.7,0.4,31.7,1.3,25.1,0.5,46.9,0.5,37.8,1.3,47.8,0.6,414805,1553,20039,826,394766,1659,78.7,0.4,76.8,1.6,78.8,0.4,326618,1936,15384,756,311234,2065,7.3,0.3,7.0,1.3,7.3,0.3,(X),(X),(X),(X),(X),(X),(X),(X),(X),(X),(X),(X),(X),(X),(X),(X),(X),(X),(X),(X),(X),(X),(X),(X),2.2,(X),(X),(X),(X),(X),4.2,(X),(X),(X),(X),(X)
5001100US2610,2610,"Congressional District 10 (111th Congress), Michigan",538978,1003,55336,1168,483642,1490,(X),(X),5.2,0.6,(X),(X),(X),(X),11.7,0.7,(X),(X),(X),(X),36.1,1.1,(X),(X),(X),(X),13.3,0.7,(X),(X),(X),(X),11.0,0.6,(X),(X),49.4,0.2,95.5,0.5,44.2,0.2,50.6,0.2,4.5,0.5,55.8,0.2,25.8,0.2,6.0,0.7,28.1,0.3,41.6,0.3,24.4,1.0,43.6,0.3,15.9,0.2,30.5,0.9,14.2,0.2,9.1,0.1,19.8,0.7,7.9,0.1,7.6,0.2,19.3,0.7,6.2,0.2,99.1,0.1,99.1,0.2,99.1,0.1,94.0,0.2,95.9,0.6,93.7,0.2,2.4,0.1,2.4,0.5,2.4,0.2,0.3,0.1,0.3,0.1,0.3,0.1,1.8,0.1,0.2,0.1,2.0,0.1,0.0,0.1,0.0,0.1,0.0,0.1,0.6,0.1,0.3,0.1,0.6,0.1,0.9,0.1,0.9,0.2,0.9,0.1,2.2,0.1,1.4,0.3,2.2,0.1,92.6,0.2,95.0,0.7,92.3,0.2,28453,334,37653,857,27028,312,(X),(X),38133,891,39525,544,(X),(X),28533,3336,19723,338,482852,1203,54819,1160,428033,1623,11.7,0.3,10.9,0.8,11.8,0.3,33.7,0.4,33.7,1.2,33.7,0.4,33.8,0.4,39.1,1.1,33.2,0.5,20.8,0.4,16.3,0.9,21.4,0.4,449027,1222,33691,1004,415336,1625,77.2,0.4,74.1,1.4,77.4,0.4,346492,2012,24980,991,321512,2054,9.6,0.4,9.0,1.1,9.6,0.4,(X),(X),(X),(X),(X),(X),(X),(X),(X),(X),(X),(X),(X),(X),(X),(X),(X),(X),(X),(X),(X),(X),(X),(X),2.3,(X),(X),(X),(X),(X),4.5,(X),(X),(X),(X),(X)
5001100US2611,2611,"Congressional District 11 (111th Congress), Michigan",507017,1579,46592,1330,460425,2017,(X),(X),4.4,0.8,(X),(X),(X),(X),10.0,1.0,(X),(X),(X),(X),33.8,1.2,(X),(X),(X),(X),12.7,0.8,(X),(X),(X),(X),13.4,0.8,(X),(X),48.6,0.3,94.7,0.7,43.9,0.4,51.4,0.3,5.3,0.7,56.1,0.4,26.4,0.4,5.6,0.9,28.5,0.4,43.5,0.3,27.0,1.5,45.2,0.4,14.5,0.2,28.0,1.0,13.1,0.2,7.7,0.2,17.6,1.1,6.7,0.2,7.9,0.2,21.8,1.0,6.5,0.2,99.1,0.1,98.9,0.6,99.2,0.1,88.5,0.4,93.1,1.5,88.0,0.4,5.2,0.3,4.0,0.7,5.3,0.3,0.2,0.1,0.4,0.3,0.2,0.1,4.5,0.2,0.8,0.4,4.9,0.2,0.0,0.1,0.0,0.1,0.0,0.1,0.6,0.1,0.6,0.3,0.6,0.1,0.9,0.1,1.1,0.6,0.8,0.1,2.2,0.2,1.8,0.4,2.2,0.2,86.9,0.4,91.9,1.4,86.4,0.4,33642,460,41142,1105,32603,487,(X),(X),41815,997,46699,955,(X),(X),25812,5812,24181,468,456083,1945,46020,1350,410063,2335,9.2,0.3,9.8,0.8,9.1,0.3,27.2,0.4,30.5,1.2,26.8,0.4,30.2,0.4,36.5,1.4,29.5,0.4,33.4,0.5,23.2,1.2,34.6,0.5,427764,1807,28228,1227,399536,2207,79.8,0.5,76.0,2.4,80.1,0.5,341567,2508,21442,923,320125,2510,7.5,0.3,8.2,1.1,7.5,0.3,(X),(X),(X),(X),(X),(X),(X),(X),(X),(X),(X),(X),(X),(X),(X),(X),(X),(X),(X),(X),(X),(X),(X),(X),2.3,(X),(X),(X),(X),(X),5.1,(X),(X),(X),(X),(X)
5001100US2612,2612,"Congressional District 12 (111th Congress), Michigan",502000,1556,47959,1204,454041,1809,(X),(X),4.8,0.7,(X),(X),(X),(X),10.5,1.0,(X),(X),(X),(X),31.3,1.4,(X),(X),(X),(X),14.5,1.0,(X),(X),(X),(X),16.8,0.8,(X),(X),47.3,0.2,95.4,0.6,42.2,0.2,52.7,0.2,4.6,0.6,57.8,0.2,28.8,0.3,6.3,0.9,31.2,0.4,37.9,0.3,23.2,1.2,39.5,0.4,14.1,0.2,24.8,1.3,12.9,0.2,8.8,0.1,19.4,1.0,7.7,0.2,10.4,0.3,26.3,0.9,8.7,0.3,98.8,0.1,99.4,0.2,98.8,0.1,79.2,0.3,85.4,1.0,78.6,0.4,16.0,0.3,12.9,1.0,16.3,0.3,0.3,0.1,0.2,0.1,0.3,0.1,2.8,0.1,0.6,0.2,3.0,0.2,0.0,0.1,0.0,0.1,0.0,0.1,0.5,0.1,0.3,0.1,0.5,0.1,1.2,0.1,0.6,0.2,1.2,0.1,1.4,0.1,1.1,0.3,1.5,0.1,78.3,0.3,84.6,1.0,77.7,0.4,27826,313,35422,896,26871,328,(X),(X),35720,892,34801,642,(X),(X),30078,4363,21803,307,450502,1676,47582,1217,402920,1956,13.7,0.4,12.5,1.0,13.8,0.4,31.8,0.5,32.3,1.0,31.8,0.6,32.3,0.5,38.7,1.2,31.5,0.5,22.2,0.5,16.5,1.1,22.9,0.5,405503,1605,26055,1018,379448,1726,79.5,0.5,75.4,1.8,79.8,0.5,322363,2434,19657,989,302706,2390,10.6,0.4,11.6,1.6,10.5,0.4,(X),(X),(X),(X),(X),(X),(X),(X),(X),(X),(X),(X),(X),(X),(X),(X),(X),(X),(X),(X),(X),(X),(X),(X),2.7,(X),(X),(X),(X),(X),5.1,(X),(X),(X),(X),(X)
5001100US2613,2613,"Congressional District 13 (111th Congress), Michigan",451301,3030,34643,1325,416658,3481,(X),(X),5.0,1.1,(X),(X),(X),(X),10.8,1.4,(X),(X),(X),(X),31.9,1.6,(X),(X),(X),(X),10.5,1.1,(X),(X),(X),(X),14.6,1.1,(X),(X),47.0,0.4,93.3,1.1,43.1,0.4,53.0,0.4,6.7,1.1,56.9,0.4,32.5,0.4,5.2,1.0,34.7,0.5,39.3,0.4,32.2,1.8,39.9,0.4,13.4,0.2,25.0,1.5,12.5,0.3,7.1,0.2,15.9,1.3,6.4,0.2,7.6,0.3,21.8,1.4,6.5,0.2,98.7,0.2,98.9,0.4,98.7,0.2,36.5,0.5,44.4,1.8,35.8,0.5,55.2,0.4,52.3,2.0,55.5,0.5,0.3,0.1,0.4,0.2,0.3,0.1,1.7,0.2,0.2,0.1,1.8,0.2,0.0,0.1,0.1,0.1,0.0,0.1,5.0,0.3,1.4,0.6,5.3,0.3,1.3,0.2,1.1,0.4,1.3,0.2,9.3,0.2,3.2,0.7,9.8,0.3,32.7,0.4,42.8,1.9,31.9,0.4,18538,365,28008,1066,17662,405,(X),(X),28609,1237,21115,512,(X),(X),20959,3143,15678,397,393376,2768,34453,1340,358923,3165,24.3,0.7,16.9,1.5,25.1,0.7,33.5,0.6,34.0,2.0,33.4,0.6,27.1,0.6,33.8,1.9,26.5,0.6,15.1,0.4,15.3,1.4,15.1,0.5,384660,2976,21607,1140,363053,3366,65.8,0.6,64.2,2.5,65.9,0.6,253229,2961,13875,964,239354,3133,18.9,0.7,17.4,2.9,19.0,0.7,(X),(X),(X),(X),(X),(X),(X),(X),(X),(X),(X),(X),(X),(X),(X),(X),(X),(X),(X),(X),(X),(X),(X),(X),3.9,(X),(X),(X),(X),(X),7.3,(X),(X),(X),(X),(X)
5001100US2614,2614,"Congressional District 14 (111th Congress), Michigan",458499,3004,40056,1333,418443,3330,(X),(X),3.7,0.7,(X),(X),(X),(X),9.6,1.2,(X),(X),(X),(X),32.1,1.5,(X),(X),(X),(X),12.9,1.1,(X),(X),(X),(X),16.0,1.1,(X),(X),45.6,0.4,94.4,0.8,41.0,0.4,54.4,0.4,5.6,0.8,59.0,0.4,29.9,0.4,5.1,0.9,32.3,0.4,38.1,0.4,25.4,1.5,39.3,0.5,14.8,0.3,27.5,1.2,13.6,0.3,8.6,0.2,17.3,1.2,7.7,0.2,8.6,0.2,24.7,1.1,7.1,0.2,98.9,0.2,98.8,0.3,98.9,0.2,35.9,0.4,40.6,1.6,35.5,0.4,60.2,0.4,57.4,1.7,60.5,0.4,0.3,0.1,0.3,0.2,0.3,0.1,1.8,0.2,0.1,0.1,2.0,0.2,0.0,0.1,0.0,0.1,0.0,0.1,0.7,0.1,0.4,0.2,0.7,0.1,1.1,0.2,1.2,0.3,1.1,0.2,1.6,0.2,1.3,0.3,1.7,0.2,35.1,0.4,39.9,1.5,34.6,0.4,20756,331,30274,1003,19617,386,(X),(X),30480,1072,23481,766,(X),(X),26979,2842,17414,402,402275,2620,39696,1328,362579,2960,19.2,0.6,14.3,1.2,19.7,0.6,34.1,0.6,35.5,1.7,33.9,0.6,31.3,0.6,35.6,1.7,30.8,0.6,15.4,0.4,14.6,1.2,15.5,0.4,379833,3064,23223,1066,356610,3253,68.3,0.7,66.4,2.5,68.4,0.7,259421,2899,15429,1015,243992,2705,18.0,0.7,12.7,2.4,18.3,0.7,(X),(X),(X),(X),(X),(X),(X),(X),(X),(X),(X),(X),(X),(X),(X),(X),(X),(X),(X),(X),(X),(X),(X),(X),3.9,(X),(X),(X),(X),(X),7.5,(X),(X),(X),(X),(X)
5001100US2615,2615,"Congressional District 15 (111th Congress), Michigan",520987,1420,46436,1303,474551,1906,(X),(X),6.3,1.3,(X),(X),(X),(X),12.5,1.1,(X),(X),(X),(X),34.2,1.2,(X),(X),(X),(X),10.6,0.7,(X),(X),(X),(X),12.3,0.9,(X),(X),49.1,0.2,94.0,0.7,44.7,0.2,50.9,0.2,6.0,0.7,55.3,0.2,35.3,0.3,7.7,1.2,37.9,0.3,37.4,0.3,27.5,1.2,38.3,0.4,13.6,0.2,28.6,1.1,12.2,0.2,7.2,0.2,17.2,0.8,6.2,0.2,6.5,0.2,19.0,1.1,5.3,0.1,98.5,0.1,99.2,0.2,98.5,0.2,82.1,0.3,88.7,1.0,81.5,0.3,10.5,0.2,8.9,0.7,10.6,0.2,0.3,0.1,0.5,0.2,0.3,0.1,4.6,0.1,0.7,0.3,5.0,0.1,0.0,0.1,0.0,0.1,0.0,0.1,1.0,0.1,0.5,0.2,1.0,0.1,1.5,0.1,0.8,0.2,1.5,0.2,2.9,0.1,1.8,0.4,3.0,0.1,80.2,0.3,87.4,1.0,79.5,0.3,26371,352,36860,1002,24994,403,(X),(X),37445,913,34063,621,(X),(X),28368,2414,19593,397,424740,1484,45441,1148,379299,1804,11.9,0.4,11.6,0.9,12.0,0.4,29.6,0.4,31.7,1.2,29.4,0.5,29.5,0.4,36.1,1.5,28.7,0.4,28.9,0.4,20.6,1.1,29.9,0.5,449464,1470,29620,1124,419844,1842,73.7,0.7,72.0,1.7,73.8,0.7,331126,3286,21332,914,309794,3306,9.1,0.4,8.4,1.1,9.2,0.4,(X),(X),(X),(X),(X),(X),(X),(X),(X),(X),(X),(X),(X),(X),(X),(X),(X),(X),(X),(X),(X),(X),(X),(X),2.7,(X),(X),(X),(X),(X),5.0,(X),(X),(X),(X),(X)
5001100US2701,2701,"Congressional District 1 (111th Congress), Minnesota",480528,265,51684,917,428844,955,(X),(X),5.2,0.7,(X),(X),(X),(X),9.4,0.7,(X),(X),(X),(X),34.3,1.0,(X),(X),(X),(X),14.9,0.7,(X),(X),(X),(X),14.9,0.7,(X),(X),49.1,0.1,94.7,0.6,43.6,0.1,50.9,0.1,5.3,0.6,56.4,0.1,29.6,0.1,5.5,0.7,32.5,0.1,36.2,0.1,22.7,0.8,37.8,0.1,14.3,0.1,26.8,0.8,12.8,0.1,9.3,0.1,20.0,0.6,8.0,0.1,10.6,0.1,25.0,0.7,8.9,0.1,99.3,0.1,99.5,0.2,99.3,0.1,94.8,0.1,98.1,0.4,94.4,0.1,1.3,0.1,0.6,0.2,1.4,0.1,0.2,0.1,0.2,0.1,0.2,0.1,2.1,0.1,0.4,0.2,2.3,0.1,0.0,0.1,0.0,0.1,0.0,0.1,0.9,0.1,0.2,0.1,1.0,0.1,0.7,0.1,0.5,0.2,0.7,0.1,2.9,0.1,0.8,0.3,3.2,0.1,92.8,0.1,97.5,0.5,92.3,0.1,26424,221,34293,509,25503,246,(X),(X),34748,547,33359,413,(X),(X),25069,3344,20237,214,406899,489,50890,897,356009,1052,10.6,0.3,11.7,0.7,10.4,0.3,32.4,0.3,38.1,1.1,31.6,0.4,32.4,0.4,31.1,1.0,32.6,0.4,24.6,0.4,19.1,0.8,25.4,0.4,385055,312,28419,791,356636,808,84.3,0.4,82.2,1.3,84.4,0.4,324447,1549,23373,687,301074,1694,4.3,0.2,3.9,0.7,4.3,0.2,(X),(X),(X),(X),(X),(X),(X),(X),(X),(X),(X),(X),(X),(X),(X),(X),(X),(X),(X),(X),(X),(X),(X),(X),2.5,(X),(X),(X),(X),(X),4.4,(X),(X),(X),(X),(X)
5001100US2702,2702,"Congressional District 2 (111th Congress), Minnesota",516977,759,49497,1027,467480,1358,(X),(X),6.5,0.8,(X),(X),(X),(X),14.4,0.9,(X),(X),(X),(X),37.0,1.0,(X),(X),(X),(X),11.8,0.7,(X),(X),(X),(X),8.0,0.5,(X),(X),49.7,0.1,94.6,0.6,44.9,0.1,50.3,0.1,5.4,0.6,55.1,0.1,30.0,0.1,7.2,0.8,32.5,0.2,45.0,0.2,30.1,1.2,46.6,0.2,13.2,0.1,29.2,1.1,11.5,0.1,6.6,0.1,17.8,0.7,5.4,0.1,5.2,0.1,15.7,0.6,4.1,0.1,99.2,0.1,99.1,0.3,99.2,0.1,91.5,0.2,95.9,0.5,91.0,0.2,2.6,0.1,1.5,0.4,2.7,0.1,0.4,0.1,0.5,0.1,0.4,0.1,3.6,0.1,0.8,0.2,3.9,0.1,0.0,0.1,0.0,0.1,0.0,0.1,1.1,0.1,0.3,0.2,1.1,0.1,0.8,0.1,0.9,0.3,0.8,0.1,3.0,0.1,1.0,0.3,3.2,0.1,89.6,0.2,95.4,0.6,88.9,0.2,36773,275,45672,1026,35734,285,(X),(X),46037,1132,46178,507,(X),(X),39482,5049,28065,377,453278,814,48775,992,404503,1301,6.4,0.3,6.1,0.6,6.4,0.3,25.3,0.4,29.2,1.2,24.8,0.4,33.0,0.4,35.8,1.1,32.7,0.4,35.3,0.5,28.8,1.2,36.1,0.5,456390,796,32935,956,423455,1242,85.9,0.4,85.4,1.1,86.0,0.4,392128,1994,28122,956,364006,2215,4.7,0.2,5.0,0.7,4.7,0.3,(X),(X),(X),(X),(X),(X),(X),(X),(X),(X),(X),(X),(X),(X),(X),(X),(X),(X),(X),(X),(X),(X),(X),(X),1.9,(X),(X),(X),(X),(X),4.1,(X),(X),(X),(X),(X)
5001100US2703,2703,"Congressional District 3 (111th Congress), Minnesota",479535,1534,45592,1106,433943,1721,(X),(X),4.3,0.6,(X),(X),(X),(X),9.8,0.8,(X),(X),(X),(X),37.0,1.3,(X),(X),(X),(X),13.3,0.8,(X),(X),(X),(X),14.2,0.8,(X),(X),48.3,0.3,95.9,0.5,43.3,0.3,51.7,0.3,4.1,0.5,56.7,0.3,27.2,0.3,5.0,0.7,29.6,0.4,42.2,0.4,22.1,1.2,44.4,0.4,15.2,0.2,29.5,1.2,13.6,0.2,8.0,0.1,20.4,0.9,6.7,0.2,7.4,0.2,22.9,0.8,5.7,0.2,99.1,0.1,99.4,0.2,99.1,0.1,86.2,0.3,95.5,0.7,85.2,0.3,5.4,0.2,2.8,0.6,5.7,0.2,0.4,0.1,0.2,0.1,0.4,0.1,5.6,0.2,0.6,0.2,6.1,0.2,0.1,0.1,0.0,0.1,0.1,0.1,1.4,0.2,0.3,0.2,1.5,0.2,0.9,0.1,0.6,0.2,0.9,0.1,2.7,0.2,0.8,0.2,2.9,0.2,85.0,0.3,95.0,0.7,83.9,0.3,38164,399,45727,1066,37291,394,(X),(X),46418,1068,49657,683,(X),(X),29594,4584,30151,413,433003,2008,45228,1106,387775,2010,5.5,0.3,5.2,0.6,5.5,0.3,20.8,0.4,24.2,1.1,20.4,0.5,30.5,0.5,34.4,1.3,30.1,0.5,43.2,0.6,36.1,1.1,44.1,0.6,405736,1395,25817,862,379919,1623,84.9,0.4,84.6,1.2,84.9,0.4,344421,1956,21836,754,322585,2042,4.7,0.3,4.8,0.9,4.7,0.3,(X),(X),(X),(X),(X),(X),(X),(X),(X),(X),(X),(X),(X),(X),(X),(X),(X),(X),(X),(X),(X),(X),(X),(X),1.8,(X),(X),(X),(X),(X),3.8,(X),(X),(X),(X),(X)
5001100US2704,2704,"Congressional District 4 (111th Congress), Minnesota",461266,653,42327,1193,418939,1273,(X),(X),5.5,0.8,(X),(X),(X),(X),8.7,0.9,(X),(X),(X),(X),33.4,1.1,(X),(X),(X),(X),13.5,1.0,(X),(X),(X),(X),16.9,0.9,(X),(X),47.5,0.1,94.8,0.7,42.7,0.2,52.5,0.1,5.2,0.7,57.3,0.2,33.6,0.2,6.2,0.9,36.3,0.2,36.2,0.2,23.5,1.2,37.5,0.2,13.7,0.1,25.5,0.9,12.5,0.2,7.7,0.1,18.9,0.9,6.6,0.1,8.8,0.1,25.9,0.8,7.1,0.1,98.5,0.1,98.9,0.4,98.5,0.1,82.7,0.2,93.3,0.7,81.6,0.2,6.8,0.1,3.1,0.6,7.2,0.1,0.6,0.1,0.6,0.2,0.6,0.1,6.6,0.1,1.2,0.3,7.1,0.1,0.0,0.1,0.0,0.1,0.0,0.1,1.8,0.2,0.8,0.3,1.9,0.2,1.5,0.1,1.1,0.4,1.5,0.1,5.3,0.1,2.3,0.4,5.6,0.1,79.5,0.1,91.8,0.8,78.2,0.2,30211,335,37668,1158,29351,390,(X),(X),38013,1207,35846,588,(X),(X),31625,9779,25098,368,396245,844,41667,1134,354578,1315,9.5,0.3,7.9,0.8,9.6,0.3,25.1,0.5,29.0,1.5,24.6,0.5,28.1,0.5,32.7,1.6,27.6,0.6,37.3,0.5,30.5,1.3,38.1,0.6,385094,733,23361,947,361733,1082,81.9,0.4,79.0,1.8,82.1,0.4,315546,1729,18453,835,297093,1737,6.7,0.3,6.8,1.3,6.7,0.3,(X),(X),(X),(X),(X),(X),(X),(X),(X),(X),(X),(X),(X),(X),(X),(X),(X),(X),(X),(X),(X),(X),(X),(X),2.1,(X),(X),(X),(X),(X),5.0,(X),(X),(X),(X),(X)
5001100US2705,2705,"Congressional District 5 (111th Congress), Minnesota",481427,1361,37930,1076,443497,1548,(X),(X),5.8,0.9,(X),(X),(X),(X),9.9,1.1,(X),(X),(X),(X),34.3,1.4,(X),(X),(X),(X),12.6,1.0,(X),(X),(X),(X),16.7,1.0,(X),(X),49.7,0.2,94.6,0.6,45.9,0.3,50.3,0.2,5.4,0.6,54.1,0.3,39.6,0.3,6.9,0.9,42.4,0.3,34.9,0.4,25.1,1.3,35.7,0.4,12.0,0.2,25.5,1.1,10.8,0.2,6.1,0.1,17.5,1.0,5.1,0.1,7.4,0.2,24.9,1.2,5.9,0.2,98.2,0.1,98.8,0.4,98.2,0.1,78.2,0.4,89.9,1.0,77.2,0.4,11.4,0.2,6.9,0.8,11.8,0.3,1.1,0.1,0.8,0.3,1.1,0.1,4.5,0.2,0.9,0.3,4.8,0.2,0.0,0.1,0.0,0.1,0.1,0.1,3.0,0.3,0.4,0.2,3.2,0.3,1.8,0.1,1.2,0.4,1.8,0.1,6.7,0.2,1.9,0.4,7.1,0.2,74.7,0.3,88.5,1.0,73.5,0.3,28530,328,34573,958,27938,370,(X),(X),34472,950,31964,552,(X),(X),37761,6029,24434,439,411000,1917,37311,1046,373689,1773,10.7,0.3,7.9,0.8,10.9,0.4,21.7,0.5,28.8,1.6,21.0,0.6,26.8,0.4,33.4,1.2,26.2,0.5,40.8,0.5,29.9,1.5,41.9,0.5,416298,1171,21823,935,394475,1411,82.9,0.4,76.8,2.1,83.2,0.4,345154,1909,16757,777,328397,1953,7.3,0.3,7.6,1.4,7.3,0.3,(X),(X),(X),(X),(X),(X),(X),(X),(X),(X),(X),(X),(X),(X),(X),(X),(X),(X),(X),(X),(X),(X),(X),(X),2.3,(X),(X),(X),(X),(X),5.1,(X),(X),(X),(X),(X)
5001100US2706,2706,"Congressional District 6 (111th Congress), Minnesota",534080,896,52811,1211,481269,1189,(X),(X),7.0,0.7,(X),(X),(X),(X),12.7,0.9,(X),(X),(X),(X),37.3,1.1,(X),(X),(X),(X),10.6,0.7,(X),(X),(X),(X),8.4,0.5,(X),(X),50.3,0.1,94.3,0.7,45.5,0.2,49.7,0.1,5.7,0.7,54.5,0.2,31.7,0.2,7.5,0.7,34.4,0.3,42.9,0.2,29.5,1.1,44.4,0.2,13.5,0.1,30.5,1.1,11.6,0.1,6.9,0.1,17.4,0.8,5.7,0.1,5.0,0.1,15.1,0.6,3.9,0.1,99.2,0.1,99.3,0.3,99.2,0.1,94.1,0.2,96.9,0.5,93.8,0.2,1.6,0.1,1.0,0.3,1.7,0.1,0.4,0.1,0.7,0.2,0.4,0.1,2.5,0.1,0.4,0.2,2.7,0.1,0.0,0.1,0.0,0.1,0.0,0.1,0.6,0.1,0.3,0.1,0.6,0.1,0.8,0.1,0.7,0.3,0.8,0.1,1.4,0.1,0.7,0.2,1.5,0.1,93.2,0.2,96.4,0.5,92.9,0.2,33726,310,42009,793,32609,346,(X),(X),42538,764,43451,369,(X),(X),32654,3910,24961,394,459161,1058,51750,1138,407411,1349,6.9,0.3,8.2,0.7,6.7,0.3,29.6,0.4,32.9,1.0,29.2,0.5,35.0,0.4,37.2,1.2,34.7,0.5,28.5,0.5,21.8,1.0,29.4,0.5,470644,863,35665,1103,434979,1081,83.8,0.4,81.0,1.3,84.1,0.4,394507,1866,28891,1008,365616,1927,5.1,0.2,5.4,0.8,5.0,0.2,(X),(X),(X),(X),(X),(X),(X),(X),(X),(X),(X),(X),(X),(X),(X),(X),(X),(X),(X),(X),(X),(X),(X),(X),2.2,(X),(X),(X),(X),(X),3.5,(X),(X),(X),(X),(X)
5001100US2707,2707,"Congressional District 7 (111th Congress), Minnesota",469113,478,55073,965,414040,1018,(X),(X),4.7,0.5,(X),(X),(X),(X),8.4,0.6,(X),(X),(X),(X),34.8,0.8,(X),(X),(X),(X),16.2,0.6,(X),(X),(X),(X),13.9,0.6,(X),(X),49.3,0.1,95.3,0.4,43.2,0.1,50.7,0.1,4.7,0.4,56.8,0.1,26.4,0.1,4.6,0.6,29.4,0.1,35.9,0.1,21.4,0.8,37.9,0.1,15.3,0.1,27.6,0.8,13.7,0.1,10.6,0.1,21.7,0.6,9.1,0.1,11.7,0.1,24.8,0.6,10.0,0.1,99.2,0.1,99.3,0.2,99.2,0.1,94.9,0.1,96.8,0.5,94.6,0.2,0.5,0.1,0.3,0.2,0.6,0.1,2.3,0.1,2.0,0.3,2.3,0.1,0.6,0.1,0.2,0.1,0.7,0.1,0.1,0.1,0.0,0.1,0.1,0.1,0.8,0.1,0.1,0.1,0.9,0.1,0.8,0.1,0.7,0.2,0.8,0.1,2.4,0.1,0.8,0.2,2.6,0.1,93.5,0.1,96.2,0.5,93.1,0.1,24344,244,31262,492,23364,259,(X),(X),31601,510,32111,305,(X),(X),23885,2433,17892,262,406471,554,54481,970,351990,968,12.3,0.3,14.5,0.8,11.9,0.3,35.1,0.4,39.0,0.9,34.5,0.4,33.3,0.4,29.7,1.0,33.9,0.4,19.3,0.4,16.8,0.7,19.7,0.4,364579,473,29474,773,335105,871,83.3,0.4,79.0,1.2,83.7,0.4,303726,1601,23295,691,280431,1619,5.1,0.2,5.8,1.0,5.0,0.2,(X),(X),(X),(X),(X),(X),(X),(X),(X),(X),(X),(X),(X),(X),(X),(X),(X),(X),(X),(X),(X),(X),(X),(X),1.8,(X),(X),(X),(X),(X),4.3,(X),(X),(X),(X),(X)
5001100US2708,2708,"Congressional District 8 (111th Congress), Minnesota",499806,327,66060,1162,433746,1214,(X),(X),5.1,0.6,(X),(X),(X),(X),9.5,0.6,(X),(X),(X),(X),35.8,0.6,(X),(X),(X),(X),14.3,0.5,(X),(X),(X),(X),13.5,0.5,(X),(X),49.7,0.1,94.3,0.5,42.9,0.1,50.3,0.1,5.7,0.5,57.1,0.1,25.8,0.1,4.9,0.6,29.0,0.1,37.0,0.1,24.4,0.8,38.9,0.1,16.4,0.1,27.3,0.6,14.7,0.1,10.9,0.1,20.9,0.5,9.4,0.1,9.9,0.1,22.4,0.5,8.0,0.1,99.1,0.1,99.2,0.2,99.1,0.1,95.3,0.1,96.1,0.4,95.2,0.1,0.8,0.1,0.6,0.2,0.8,0.1,2.2,0.1,2.2,0.3,2.2,0.1,0.6,0.1,0.1,0.1,0.6,0.1,0.0,0.1,0.0,0.1,0.0,0.1,0.3,0.1,0.2,0.1,0.3,0.1,0.9,0.1,0.8,0.2,0.9,0.1,0.9,0.1,0.8,0.2,1.0,0.1,94.8,0.1,95.6,0.4,94.6,0.1,24301,248,32336,509,22862,286,(X),(X),32753,589,32353,421,(X),(X),24819,2854,17723,230,434515,474,64993,1131,369522,1159,9.9,0.2,11.3,0.5,9.7,0.3,35.0,0.5,36.2,1.0,34.8,0.5,34.8,0.4,34.8,0.9,34.9,0.5,20.3,0.4,17.7,0.6,20.7,0.4,395872,324,37452,936,358420,950,77.9,0.5,71.9,1.2,78.5,0.5,308354,1819,26921,787,281433,1797,7.0,0.3,7.4,0.7,6.9,0.3,(X),(X),(X),(X),(X),(X),(X),(X),(X),(X),(X),(X),(X),(X),(X),(X),(X),(X),(X),(X),(X),(X),(X),(X),2.0,(X),(X),(X),(X),(X),4.2,(X),(X),(X),(X),(X)
5001100US2801,2801,"Congressional District 1 (111th Congress), Mississippi",564259,541,52927,1413,511332,1500,(X),(X),7.8,0.8,(X),(X),(X),(X),14.1,1.2,(X),(X),(X),(X),33.7,1.3,(X),(X),(X),(X),13.3,1.0,(X),(X),(X),(X),11.8,0.6,(X),(X),47.3,0.1,94.4,0.7,42.4,0.2,52.7,0.1,5.6,0.7,57.6,0.2,31.0,0.1,7.8,0.9,33.4,0.2,36.9,0.1,27.6,1.3,37.8,0.2,14.7,0.1,25.4,1.1,13.6,0.1,9.5,0.1,19.1,0.9,8.5,0.1,7.9,0.1,20.2,0.8,6.7,0.1,99.4,0.1,99.3,0.2,99.4,0.1,72.4,0.1,83.7,1.1,71.3,0.2,25.4,0.1,14.9,1.0,26.5,0.1,0.2,0.1,0.4,0.2,0.2,0.1,0.6,0.1,0.1,0.1,0.6,0.1,0.0,0.1,0.0,0.1,0.0,0.1,0.7,0.1,0.1,0.2,0.8,0.1,0.6,0.1,0.7,0.2,0.6,0.1,2.0,0.1,1.1,0.4,2.1,0.1,71.3,0.1,82.8,1.0,70.1,0.1,20564,262,29783,923,19661,269,(X),(X),30276,828,26510,363,(X),(X),21043,4349,15551,319,487491,625,51887,1416,435604,1487,22.6,0.5,14.1,0.8,23.6,0.5,32.8,0.5,33.0,1.4,32.7,0.6,27.8,0.6,35.8,1.5,26.9,0.6,16.8,0.4,17.1,0.9,16.8,0.4,465767,583,32163,1303,433604,1440,73.1,0.5,74.5,1.8,73.0,0.6,340412,2634,23947,1065,316465,2733,8.5,0.4,5.7,1.1,8.7,0.4,(X),(X),(X),(X),(X),(X),(X),(X),(X),(X),(X),(X),(X),(X),(X),(X),(X),(X),(X),(X),(X),(X),(X),(X),2.5,(X),(X),(X),(X),(X),4.8,(X),(X),(X),(X),(X)
5001100US2802,2802,"Congressional District 2 (111th Congress), Mississippi",493544,1517,38095,1247,455449,1892,(X),(X),9.3,1.3,(X),(X),(X),(X),16.4,1.5,(X),(X),(X),(X),29.6,1.4,(X),(X),(X),(X),11.9,1.0,(X),(X),(X),(X),11.2,1.0,(X),(X),46.6,0.1,91.1,1.0,42.9,0.2,53.4,0.1,8.9,1.0,57.1,0.2,34.0,0.2,9.0,1.3,36.1,0.2,36.4,0.2,32.1,1.5,36.7,0.2,13.7,0.1,22.5,1.3,13.0,0.1,8.2,0.1,17.3,0.9,7.4,0.1,7.7,0.1,19.1,1.1,6.8,0.1,99.4,0.1,99.1,0.4,99.4,0.1,36.0,0.2,53.0,1.5,34.5,0.2,62.0,0.2,45.1,1.5,63.4,0.3,0.2,0.1,0.4,0.2,0.2,0.1,0.6,0.1,0.3,0.2,0.6,0.1,0.0,0.1,0.0,0.1,0.0,0.1,0.6,0.1,0.3,0.2,0.6,0.1,0.6,0.1,0.9,0.4,0.6,0.1,1.3,0.2,1.1,0.4,1.3,0.2,35.5,0.2,52.5,1.5,34.0,0.2,17316,248,27153,1046,16543,247,(X),(X),27492,1085,20275,442,(X),(X),24970,3246,14472,243,417306,1371,37241,1223,380065,1711,24.6,0.5,13.5,1.3,25.6,0.5,29.5,0.6,31.5,1.8,29.3,0.6,27.7,0.5,34.6,1.5,27.0,0.5,18.3,0.5,20.4,1.3,18.1,0.5,415166,1295,24238,1140,390928,1684,68.5,0.5,73.2,1.9,68.2,0.5,284296,2286,17738,964,266558,2376,12.0,0.5,10.7,1.7,12.1,0.5,(X),(X),(X),(X),(X),(X),(X),(X),(X),(X),(X),(X),(X),(X),(X),(X),(X),(X),(X),(X),(X),(X),(X),(X),3.6,(X),(X),(X),(X),(X),8.1,(X),(X),(X),(X),(X)
5001100US2803,2803,"Congressional District 3 (111th Congress), Mississippi",549755,2398,51846,1434,497909,2763,(X),(X),9.7,0.9,(X),(X),(X),(X),15.8,1.1,(X),(X),(X),(X),32.4,1.4,(X),(X),(X),(X),13.2,0.9,(X),(X),(X),(X),13.8,0.8,(X),(X),47.2,0.2,93.8,0.7,42.3,0.2,52.8,0.2,6.2,0.7,57.7,0.2,31.6,0.2,9.6,1.2,33.9,0.3,36.1,0.2,26.6,1.4,37.1,0.3,14.5,0.1,23.8,1.0,13.5,0.2,9.1,0.1,17.7,0.9,8.2,0.1,8.7,0.1,22.4,1.0,7.3,0.1,99.6,0.1,99.4,0.2,99.6,0.1,65.2,0.2,74.9,1.5,64.2,0.3,32.4,0.2,23.7,1.5,33.3,0.3,0.8,0.1,0.4,0.2,0.8,0.1,0.7,0.1,0.3,0.2,0.8,0.1,0.0,0.1,0.0,0.1,0.0,0.1,0.5,0.1,0.1,0.1,0.5,0.1,0.4,0.1,0.6,0.2,0.4,0.1,1.5,0.1,0.5,0.3,1.6,0.1,64.3,0.2,74.6,1.5,63.3,0.3,20715,252,30631,998,19709,276,(X),(X),31041,979,26830,647,(X),(X),24464,2693,15721,303,472161,1803,50553,1459,421608,2365,19.0,0.4,12.3,0.9,19.8,0.5,30.2,0.5,30.3,1.3,30.1,0.5,28.1,0.5,34.0,1.4,27.3,0.5,22.7,0.4,23.4,1.3,22.7,0.4,451938,2169,31072,1197,420866,2511,71.5,0.6,74.1,1.6,71.3,0.6,323213,3153,23037,1085,300176,3133,7.5,0.4,4.6,1.0,7.7,0.4,(X),(X),(X),(X),(X),(X),(X),(X),(X),(X),(X),(X),(X),(X),(X),(X),(X),(X),(X),(X),(X),(X),(X),(X),2.8,(X),(X),(X),(X),(X),5.9,(X),(X),(X),(X),(X)
5001100US2804,2804,"Congressional District 4 (111th Congress), Mississippi",535229,1770,70233,1477,464996,2150,(X),(X),13.0,1.3,(X),(X),(X),(X),21.3,1.3,(X),(X),(X),(X),33.8,1.3,(X),(X),(X),(X),13.1,0.8,(X),(X),(X),(X),9.3,0.6,(X),(X),48.0,0.1,90.9,0.9,41.5,0.2,52.0,0.1,9.1,0.9,58.5,0.2,31.6,0.2,10.7,1.2,34.7,0.3,36.7,0.2,30.7,1.2,37.6,0.3,14.9,0.1,23.0,0.8,13.7,0.1,9.4,0.1,18.9,0.7,8.0,0.2,7.4,0.1,16.6,0.6,6.0,0.1,99.1,0.1,98.9,0.4,99.1,0.1,74.6,0.2,80.2,1.1,73.8,0.3,21.7,0.1,17.5,1.1,22.4,0.2,0.3,0.1,0.4,0.2,0.3,0.1,1.5,0.1,0.4,0.1,1.6,0.1,0.1,0.1,0.1,0.1,0.1,0.1,0.9,0.1,0.4,0.2,1.0,0.1,0.9,0.1,1.1,0.4,0.9,0.1,2.5,0.1,1.7,0.4,2.6,0.1,73.2,0.1,79.0,1.2,72.4,0.2,20970,312,32450,801,19348,402,(X),(X),33283,969,26384,548,(X),(X),25269,1742,15211,345,457020,1002,67921,1358,389099,1595,18.8,0.5,10.7,0.9,20.2,0.6,32.5,0.6,30.3,1.4,32.9,0.6,30.5,0.6,38.5,1.6,29.1,0.5,18.2,0.5,20.5,1.0,17.8,0.5,445243,1781,45261,1350,399982,2036,70.6,0.6,74.8,1.7,70.1,0.6,314137,2911,33866,1322,280271,2868,8.0,0.4,6.1,1.1,8.2,0.5,(X),(X),(X),(X),(X),(X),(X),(X),(X),(X),(X),(X),(X),(X),(X),(X),(X),(X),(X),(X),(X),(X),(X),(X),2.9,(X),(X),(X),(X),(X),5.6,(X),(X),(X),(X),(X)
5001100US2901,2901,"Congressional District 1 (111th Congress), Missouri",448485,2708,46634,1388,401851,2728,(X),(X),6.3,1.0,(X),(X),(X),(X),13.5,1.3,(X),(X),(X),(X),31.3,1.3,(X),(X),(X),(X),14.5,1.0,(X),(X),(X),(X),13.0,0.7,(X),(X),45.2,0.3,91.8,0.9,39.8,0.4,54.8,0.3,8.2,0.9,60.2,0.4,31.5,0.3,7.0,1.0,34.3,0.4,36.9,0.4,29.7,1.4,37.7,0.4,14.0,0.2,24.4,1.1,12.8,0.3,8.6,0.2,16.8,1.0,7.7,0.2,9.0,0.3,22.1,0.8,7.5,0.3,98.9,0.1,99.0,0.3,98.9,0.1,46.0,0.3,52.4,1.5,45.2,0.4,50.0,0.3,46.1,1.6,50.4,0.4,0.2,0.1,0.2,0.1,0.2,0.1,2.2,0.1,0.2,0.2,2.4,0.2,0.0,0.1,0.0,0.1,0.0,0.1,0.6,0.1,0.2,0.1,0.7,0.1,1.1,0.1,1.0,0.3,1.1,0.1,1.9,0.1,0.4,0.2,2.0,0.2,44.8,0.3,52.1,1.5,44.0,0.4,23786,419,31857,882,22671,447,(X),(X),32383,906,27273,742,(X),(X),27811,2154,20450,373,389266,2567,46199,1374,343067,2627,16.5,0.6,11.9,0.9,17.1,0.7,28.8,0.6,31.3,1.5,28.4,0.6,30.0,0.6,35.3,1.7,29.3,0.7,24.8,0.6,21.6,1.3,25.2,0.6,369380,2439,28502,1164,340878,2453,76.5,0.6,75.7,1.6,76.5,0.6,282476,2614,21568,1042,260908,2487,10.7,0.4,9.2,1.3,10.8,0.5,(X),(X),(X),(X),(X),(X),(X),(X),(X),(X),(X),(X),(X),(X),(X),(X),(X),(X),(X),(X),(X),(X),(X),(X),3.2,(X),(X),(X),(X),(X),6.7,(X),(X),(X),(X),(X)
5001100US2902,2902,"Congressional District 2 (111th Congress), Missouri",510261,1606,55934,1202,454327,1909,(X),(X),5.0,0.6,(X),(X),(X),(X),11.3,0.9,(X),(X),(X),(X),36.3,1.2,(X),(X),(X),(X),13.4,0.7,(X),(X),(X),(X),12.8,0.8,(X),(X),48.1,0.2,94.6,0.6,42.3,0.2,51.9,0.2,5.4,0.6,57.7,0.2,26.4,0.2,6.4,0.7,28.9,0.3,41.4,0.3,23.6,1.1,43.6,0.3,15.5,0.2,29.1,1.1,13.8,0.2,8.6,0.1,19.2,0.9,7.3,0.2,8.1,0.2,21.6,0.8,6.4,0.1,99.2,0.1,99.4,0.1,99.1,0.1,93.1,0.2,96.1,0.6,92.8,0.2,2.6,0.1,2.1,0.4,2.7,0.2,0.2,0.1,0.2,0.1,0.2,0.1,2.7,0.1,0.5,0.2,2.9,0.1,0.0,0.1,0.1,0.1,0.0,0.1,0.5,0.1,0.4,0.3,0.6,0.1,0.8,0.1,0.6,0.1,0.9,0.1,1.8,0.1,1.2,0.3,1.8,0.1,91.9,0.2,95.3,0.6,91.5,0.2,35357,364,43814,1051,34146,386,(X),(X),44466,1192,49376,793,(X),(X),27823,8456,25856,403,454084,1701,55208,1215,398876,1973,7.3,0.3,7.7,0.7,7.2,0.3,23.2,0.4,25.0,1.2,23.0,0.5,28.4,0.5,32.2,1.1,27.8,0.5,41.1,0.5,35.2,1.2,41.9,0.6,425089,1624,33085,1024,392004,1828,81.7,0.5,82.7,1.3,81.6,0.6,347219,2534,27352,1059,319867,2637,4.4,0.3,3.7,0.8,4.5,0.3,(X),(X),(X),(X),(X),(X),(X),(X),(X),(X),(X),(X),(X),(X),(X),(X),(X),(X),(X),(X),(X),(X),(X),(X),1.8,(X),(X),(X),(X),(X),4.3,(X),(X),(X),(X),(X)
5001100US2903,2903,"Congressional District 3 (111th Congress), Missouri",498896,2589,51859,1405,447037,2496,(X),(X),6.2,0.8,(X),(X),(X),(X),12.3,0.9,(X),(X),(X),(X),34.7,1.2,(X),(X),(X),(X),11.4,0.9,(X),(X),(X),(X),13.0,0.8,(X),(X),48.1,0.2,94.6,0.7,42.7,0.3,51.9,0.2,5.4,0.7,57.3,0.3,31.2,0.3,8.6,0.9,33.8,0.4,39.0,0.3,26.2,1.1,40.5,0.4,13.8,0.2,27.7,1.1,12.2,0.2,7.7,0.1,17.6,0.9,6.6,0.2,8.2,0.2,20.0,0.9,6.9,0.2,99.0,0.1,99.0,0.3,99.0,0.1,88.1,0.3,90.8,0.8,87.8,0.3,8.1,0.3,7.4,0.8,8.2,0.3,0.2,0.1,0.4,0.2,0.2,0.1,2.0,0.1,0.2,0.1,2.2,0.2,0.1,0.1,0.0,0.1,0.1,0.1,0.5,0.1,0.2,0.1,0.6,0.1,1.0,0.1,1.0,0.3,1.0,0.1,2.1,0.1,1.4,0.4,2.2,0.1,86.6,0.3,89.8,0.8,86.2,0.3,27486,356,33853,995,26734,342,(X),(X),34611,1036,34614,571,(X),(X),23119,2236,22013,375,441344,2539,51289,1379,390055,2450,14.2,0.4,13.7,0.9,14.3,0.5,29.2,0.5,33.1,1.3,28.6,0.6,28.9,0.5,33.8,1.4,28.3,0.5,27.7,0.4,19.4,1.2,28.8,0.5,419363,2291,32363,1103,387000,2410,80.1,0.5,77.7,1.7,80.3,0.5,336066,2473,25140,1060,310926,2545,6.3,0.3,5.8,1.0,6.4,0.4,(X),(X),(X),(X),(X),(X),(X),(X),(X),(X),(X),(X),(X),(X),(X),(X),(X),(X),(X),(X),(X),(X),(X),(X),2.2,(X),(X),(X),(X),(X),3.7,(X),(X),(X),(X),(X)
5001100US2904,2904,"Congressional District 4 (111th Congress), Missouri",483805,1470,67493,1561,416312,1699,(X),(X),9.8,1.0,(X),(X),(X),(X),15.5,1.0,(X),(X),(X),(X),34.9,1.0,(X),(X),(X),(X),13.5,0.8,(X),(X),(X),(X),11.4,0.6,(X),(X),48.3,0.3,93.0,0.6,41.0,0.3,51.7,0.3,7.0,0.6,59.0,0.3,27.6,0.2,7.6,0.9,30.8,0.3,36.5,0.2,26.7,0.8,38.1,0.3,15.9,0.1,25.8,0.7,14.3,0.2,10.7,0.1,20.0,0.6,9.2,0.1,9.2,0.1,19.9,0.7,7.5,0.1,98.6,0.1,98.7,0.2,98.5,0.1,93.6,0.2,94.4,0.7,93.4,0.2,2.8,0.1,2.7,0.6,2.8,0.1,0.6,0.1,0.8,0.2,0.6,0.1,0.7,0.1,0.3,0.1,0.8,0.1,0.1,0.1,0.1,0.1,0.1,0.1,0.8,0.1,0.3,0.2,0.9,0.1,1.4,0.1,1.3,0.2,1.5,0.1,1.9,0.1,1.0,0.3,2.1,0.1,92.6,0.2,93.9,0.7,92.4,0.2,22014,228,29948,634,20793,245,(X),(X),30375,672,27296,417,(X),(X),22605,3085,16804,306,422371,1583,66147,1446,356224,1630,16.0,0.4,12.2,0.8,16.7,0.5,39.9,0.6,38.5,1.1,40.1,0.6,27.0,0.4,32.2,1.2,26.0,0.5,17.1,0.4,17.1,0.8,17.1,0.5,387356,1244,40557,1413,346799,1562,74.9,0.6,73.5,1.3,75.0,0.6,290051,2352,29794,1194,260257,2384,6.2,0.3,5.9,1.1,6.2,0.3,(X),(X),(X),(X),(X),(X),(X),(X),(X),(X),(X),(X),(X),(X),(X),(X),(X),(X),(X),(X),(X),(X),(X),(X),2.3,(X),(X),(X),(X),(X),5.3,(X),(X),(X),(X),(X)
5001100US2905,2905,"Congressional District 5 (111th Congress), Missouri",489792,1063,53358,1423,436434,1770,(X),(X),6.2,0.6,(X),(X),(X),(X),14.3,1.2,(X),(X),(X),(X),32.9,1.1,(X),(X),(X),(X),13.6,0.8,(X),(X),(X),(X),13.8,0.6,(X),(X),47.4,0.1,94.0,0.7,41.7,0.2,52.6,0.1,6.0,0.7,58.3,0.2,31.5,0.2,7.7,0.9,34.5,0.2,37.7,0.2,28.5,1.2,38.8,0.2,13.9,0.1,24.3,0.9,12.7,0.2,8.5,0.1,17.7,0.9,7.3,0.1,8.4,0.1,21.8,0.8,6.8,0.1,98.3,0.2,98.6,0.3,98.3,0.2,71.5,0.3,79.3,1.1,70.6,0.3,22.0,0.1,17.3,1.0,22.5,0.2,0.4,0.1,0.5,0.2,0.4,0.1,1.6,0.1,0.4,0.2,1.8,0.1,0.1,0.1,0.1,0.1,0.1,0.1,2.7,0.2,1.0,0.4,2.9,0.2,1.7,0.2,1.4,0.3,1.7,0.2,6.6,0.1,2.7,0.4,7.1,0.1,68.1,0.1,77.9,1.1,66.9,0.2,26219,278,33274,998,25273,311,(X),(X),33903,1035,30870,468,(X),(X),26279,1025,21900,376,432694,1097,52580,1423,380114,1613,13.6,0.4,9.9,0.8,14.1,0.5,31.0,0.5,32.1,1.3,30.9,0.5,29.1,0.5,34.7,1.5,28.3,0.5,26.3,0.5,23.2,1.4,26.7,0.5,407148,1010,32288,1286,374860,1626,79.1,0.5,79.5,1.4,79.0,0.5,321982,2165,25674,1167,296308,2349,8.5,0.5,5.7,1.0,8.7,0.5,(X),(X),(X),(X),(X),(X),(X),(X),(X),(X),(X),(X),(X),(X),(X),(X),(X),(X),(X),(X),(X),(X),(X),(X),2.2,(X),(X),(X),(X),(X),5.3,(X),(X),(X),(X),(X)
5001100US2906,2906,"Congressional District 6 (111th Congress), Missouri",512627,1030,61394,1334,451233,1597,(X),(X),7.6,0.7,(X),(X),(X),(X),14.0,0.9,(X),(X),(X),(X),33.5,1.1,(X),(X),(X),(X),12.3,0.6,(X),(X),(X),(X),11.6,0.6,(X),(X),48.7,0.1,93.9,0.7,42.6,0.2,51.3,0.1,6.1,0.7,57.4,0.2,29.6,0.1,7.8,0.7,32.6,0.2,38.3,0.2,27.9,1.1,39.7,0.2,14.9,0.1,27.1,0.8,13.2,0.1,8.7,0.1,18.0,0.7,7.5,0.1,8.5,0.1,19.2,0.7,7.0,0.1,98.4,0.1,98.5,0.3,98.4,0.1,93.1,0.1,94.6,0.5,92.9,0.1,2.9,0.1,2.8,0.4,2.9,0.1,0.3,0.1,0.4,0.1,0.3,0.1,1.1,0.1,0.2,0.1,1.2,0.1,0.1,0.1,0.1,0.1,0.1,0.1,0.7,0.1,0.4,0.1,0.8,0.1,1.6,0.1,1.5,0.3,1.6,0.1,2.9,0.1,1.7,0.3,3.0,0.1,91.2,0.1,93.5,0.6,90.9,0.1,27414,219,35194,707,26325,233,(X),(X),35620,756,34416,533,(X),(X),29866,3901,20919,292,449422,1048,60287,1324,389135,1575,10.8,0.3,9.6,0.7,11.0,0.3,35.6,0.6,36.6,1.2,35.4,0.6,28.8,0.4,33.4,1.0,28.1,0.5,24.8,0.5,20.4,1.0,25.5,0.5,424348,983,38596,1253,385752,1490,79.5,0.4,79.9,1.3,79.5,0.4,337505,1907,30839,1132,306666,2214,5.0,0.3,4.2,0.8,5.1,0.3,(X),(X),(X),(X),(X),(X),(X),(X),(X),(X),(X),(X),(X),(X),(X),(X),(X),(X),(X),(X),(X),(X),(X),(X),1.7,(X),(X),(X),(X),(X),4.2,(X),(X),(X),(X),(X)
5001100US2907,2907,"Congressional District 7 (111th Congress), Missouri",524368,789,62829,1225,461539,1390,(X),(X),7.2,0.8,(X),(X),(X),(X),12.1,0.8,(X),(X),(X),(X),36.0,1.1,(X),(X),(X),(X),15.0,0.9,(X),(X),(X),(X),12.7,0.7,(X),(X),48.1,0.1,94.1,0.6,41.8,0.2,51.9,0.1,5.9,0.6,58.2,0.2,32.0,0.1,7.8,0.8,35.3,0.2,34.9,0.1,24.4,0.8,36.4,0.2,14.6,0.1,26.7,0.7,12.9,0.1,9.8,0.1,20.1,0.7,8.4,0.1,8.7,0.1,21.0,0.7,7.0,0.1,97.9,0.2,97.8,0.4,97.9,0.2,93.6,0.2,95.3,0.5,93.4,0.2,1.4,0.1,1.1,0.3,1.4,0.1,0.8,0.1,0.8,0.2,0.8,0.1,0.9,0.1,0.1,0.1,1.0,0.1,0.0,0.1,0.0,0.1,0.1,0.1,1.1,0.1,0.3,0.1,1.2,0.1,2.1,0.2,2.2,0.4,2.1,0.2,3.0,0.1,1.2,0.3,3.3,0.1,91.9,0.2,94.5,0.6,91.5,0.2,21291,205,30124,756,20191,243,(X),(X),30681,733,26578,366,(X),(X),19982,3003,16334,224,442808,810,61811,1210,380997,1353,14.7,0.4,11.6,0.8,15.1,0.4,34.1,0.5,32.4,1.1,34.3,0.5,29.9,0.4,34.1,1.0,29.2,0.5,21.4,0.4,21.9,1.0,21.4,0.5,427469,810,36980,1069,390489,1277,77.2,0.4,76.0,1.7,77.3,0.4,329886,1892,28119,1012,301767,2029,6.3,0.3,6.2,1.1,6.3,0.3,(X),(X),(X),(X),(X),(X),(X),(X),(X),(X),(X),(X),(X),(X),(X),(X),(X),(X),(X),(X),(X),(X),(X),(X),2.3,(X),(X),(X),(X),(X),4.5,(X),(X),(X),(X),(X)
5001100US2908,2908,"Congressional District 8 (111th Congress), Missouri",482933,584,61683,1184,421250,1256,(X),(X),6.1,0.8,(X),(X),(X),(X),12.5,0.8,(X),(X),(X),(X),35.2,1.0,(X),(X),(X),(X),14.9,0.6,(X),(X),(X),(X),12.0,0.6,(X),(X),48.5,0.1,94.7,0.6,41.7,0.2,51.5,0.1,5.3,0.6,58.3,0.2,27.7,0.1,7.3,0.9,30.7,0.2,35.6,0.1,26.4,1.0,37.0,0.2,15.7,0.1,27.0,0.8,14.0,0.1,11.1,0.1,18.8,0.7,9.9,0.1,9.9,0.1,20.5,0.6,8.4,0.1,98.9,0.1,98.9,0.3,98.9,0.1,93.2,0.1,95.6,0.6,92.9,0.1,4.1,0.1,2.4,0.4,4.3,0.1,0.8,0.1,0.6,0.2,0.8,0.1,0.6,0.1,0.1,0.1,0.6,0.1,0.0,0.1,0.0,0.1,0.0,0.1,0.3,0.1,0.1,0.1,0.3,0.1,1.1,0.1,1.1,0.3,1.1,0.1,1.1,0.1,0.8,0.2,1.2,0.1,92.4,0.1,95.1,0.6,92.0,0.1,18638,258,26562,636,17394,275,(X),(X),26830,661,23687,446,(X),(X),21270,2432,14085,239,422120,633,60499,1131,361621,1294,23.3,0.4,17.7,0.9,24.2,0.5,39.8,0.5,40.4,1.0,39.7,0.5,23.2,0.4,27.6,1.0,22.5,0.4,13.7,0.4,14.3,0.8,13.6,0.4,381631,661,37427,1126,344204,1126,70.1,0.7,70.1,1.5,70.1,0.7,267654,2577,26252,1026,241402,2558,7.8,0.4,7.7,1.4,7.8,0.4,(X),(X),(X),(X),(X),(X),(X),(X),(X),(X),(X),(X),(X),(X),(X),(X),(X),(X),(X),(X),(X),(X),(X),(X),2.2,(X),(X),(X),(X),(X),4.8,(X),(X),(X),(X),(X)
5001100US2909,2909,"Congressional District 9 (111th Congress), Missouri",504075,719,56519,1344,447556,1449,(X),(X),5.5,0.6,(X),(X),(X),(X),12.0,0.9,(X),(X),(X),(X),35.1,1.1,(X),(X),(X),(X),12.7,0.8,(X),(X),(X),(X),12.2,0.6,(X),(X),48.6,0.1,94.5,0.7,42.8,0.2,51.4,0.1,5.5,0.7,57.2,0.2,31.8,0.1,6.5,0.6,35.0,0.2,36.6,0.2,26.3,1.1,37.9,0.2,14.3,0.1,27.8,0.9,12.6,0.2,9.1,0.1,18.9,0.8,7.8,0.1,8.2,0.1,20.4,0.7,6.7,0.1,98.7,0.1,98.8,0.3,98.7,0.1,93.1,0.1,95.1,0.6,92.9,0.1,3.7,0.1,3.2,0.6,3.8,0.1,0.3,0.1,0.4,0.2,0.3,0.1,1.1,0.1,0.1,0.1,1.2,0.1,0.1,0.1,0.0,0.1,0.1,0.1,0.4,0.1,0.0,0.1,0.4,0.1,1.3,0.1,1.2,0.3,1.3,0.1,1.3,0.1,0.6,0.2,1.4,0.1,92.4,0.1,94.6,0.6,92.1,0.1,23104,262,31341,725,22016,243,(X),(X),31772,727,29021,462,(X),(X),24143,2081,17724,271,420641,893,55400,1216,365241,1360,14.7,0.4,13.0,0.8,15.0,0.4,36.1,0.5,38.7,1.1,35.7,0.5,26.3,0.4,28.0,1.1,26.0,0.4,23.0,0.4,20.3,1.0,23.4,0.5,416780,773,34308,1123,382472,1292,76.8,0.6,75.8,1.4,76.9,0.6,319937,2418,25998,1052,293939,2447,6.0,0.3,6.5,1.3,6.0,0.3,(X),(X),(X),(X),(X),(X),(X),(X),(X),(X),(X),(X),(X),(X),(X),(X),(X),(X),(X),(X),(X),(X),(X),(X),2.5,(X),(X),(X),(X),(X),5.1,(X),(X),(X),(X),(X)
5001100US3000,3000,"Congressional District (at Large) (111th Congress), Montana",732802,492,100259,1713,632543,1783,(X),(X),8.3,0.7,(X),(X),(X),(X),14.1,0.8,(X),(X),(X),(X),36.5,0.8,(X),(X),(X),(X),12.8,0.6,(X),(X),(X),(X),11.6,0.5,(X),(X),49.4,0.1,92.8,0.5,42.5,0.2,50.6,0.1,7.2,0.5,57.5,0.2,29.0,0.1,8.4,0.7,32.3,0.1,36.3,0.1,25.5,0.8,38.0,0.1,16.3,0.1,27.5,0.7,14.5,0.1,9.5,0.1,19.0,0.5,8.0,0.1,8.9,0.1,19.6,0.5,7.2,0.1,98.4,0.1,98.6,0.2,98.4,0.1,91.5,0.1,94.0,0.5,91.1,0.1,0.4,0.1,0.5,0.2,0.4,0.1,5.2,0.1,3.5,0.3,5.5,0.1,0.6,0.1,0.2,0.1,0.7,0.1,0.1,0.1,0.1,0.1,0.1,0.1,0.6,0.1,0.4,0.2,0.7,0.1,1.6,0.1,1.4,0.2,1.6,0.1,2.2,0.1,1.4,0.3,2.4,0.1,90.2,0.1,93.1,0.5,89.7,0.1,22248,192,30734,566,21045,211,(X),(X),31290,575,28301,485,(X),(X),23469,1671,17059,239,631078,858,97833,1683,533245,1755,9.6,0.2,9.1,0.6,9.7,0.3,32.0,0.3,33.8,1.0,31.7,0.4,31.4,0.4,32.6,1.0,31.1,0.4,27.0,0.4,24.5,0.8,27.5,0.4,598030,607,61525,1606,536505,1697,77.8,0.4,76.1,1.1,78.0,0.5,465106,2498,46844,1478,418262,3070,5.4,0.2,5.6,0.7,5.3,0.2,(X),(X),(X),(X),(X),(X),(X),(X),(X),(X),(X),(X),(X),(X),(X),(X),(X),(X),(X),(X),(X),(X),(X),(X),2.7,(X),(X),(X),(X),(X),5.2,(X),(X),(X),(X),(X)
5001100US3101,3101,"Congressional District 1 (111th Congress), Nebraska",454554,650,48247,1080,406307,1290,(X),(X),8.5,0.9,(X),(X),(X),(X),14.4,0.9,(X),(X),(X),(X),32.8,1.1,(X),(X),(X),(X),14.5,0.8,(X),(X),(X),(X),13.1,0.7,(X),(X),49.5,0.1,94.4,0.7,44.1,0.2,50.5,0.1,5.6,0.7,55.9,0.2,33.4,0.1,8.0,0.9,36.4,0.2,35.6,0.1,25.6,0.9,36.8,0.2,13.9,0.1,25.5,0.8,12.5,0.1,8.3,0.1,18.7,0.7,7.1,0.1,8.7,0.1,22.2,0.7,7.1,0.1,99.1,0.1,99.3,0.2,99.1,0.1,93.2,0.2,96.2,0.6,92.9,0.2,1.7,0.1,1.4,0.3,1.7,0.1,1.0,0.1,0.8,0.2,1.0,0.1,1.7,0.1,0.4,0.2,1.9,0.1,0.1,0.1,0.1,0.1,0.1,0.1,1.4,0.1,0.4,0.2,1.5,0.1,0.9,0.1,0.7,0.2,0.9,0.1,4.5,0.1,1.5,0.4,4.9,0.1,90.4,0.1,95.1,0.7,89.8,0.1,25444,187,35081,840,24293,239,(X),(X),35828,901,31344,417,(X),(X),25386,2438,19508,302,374064,666,47210,1054,326854,1364,9.9,0.3,8.0,0.7,10.2,0.3,30.5,0.4,36.4,1.2,29.6,0.5,32.4,0.4,33.6,1.1,32.2,0.4,27.2,0.4,22.0,1.1,28.0,0.5,376998,625,28495,932,348503,1102,83.2,0.4,84.3,1.3,83.1,0.5,313772,1820,24023,873,289749,1912,4.5,0.2,3.5,0.7,4.6,0.3,(X),(X),(X),(X),(X),(X),(X),(X),(X),(X),(X),(X),(X),(X),(X),(X),(X),(X),(X),(X),(X),(X),(X),(X),1.8,(X),(X),(X),(X),(X),4.3,(X),(X),(X),(X),(X)
5001100US3102,3102,"Congressional District 2 (111th Congress), Nebraska",448638,743,53121,1175,395517,1256,(X),(X),11.6,1.0,(X),(X),(X),(X),22.4,1.0,(X),(X),(X),(X),32.9,1.2,(X),(X),(X),(X),11.8,0.7,(X),(X),(X),(X),9.9,0.6,(X),(X),48.3,0.1,90.5,0.8,42.6,0.2,51.7,0.1,9.5,0.8,57.4,0.2,35.0,0.1,10.5,1.0,38.2,0.2,37.7,0.1,33.1,1.1,38.3,0.2,13.2,0.1,23.5,1.0,11.8,0.2,7.3,0.1,15.9,0.7,6.2,0.1,6.8,0.1,16.9,0.6,5.5,0.1,98.5,0.1,98.7,0.3,98.4,0.1,83.7,0.2,87.0,0.9,83.2,0.3,8.8,0.1,9.6,0.8,8.7,0.2,0.4,0.1,0.5,0.2,0.4,0.1,2.3,0.1,0.5,0.2,2.5,0.1,0.1,0.1,0.1,0.1,0.2,0.1,3.2,0.2,1.0,0.2,3.5,0.2,1.5,0.1,1.3,0.3,1.6,0.1,7.2,0.1,3.3,0.4,7.8,0.1,79.8,0.1,84.9,0.9,79.1,0.1,28399,324,39608,996,26842,286,(X),(X),40436,908,32546,537,(X),(X),30839,2472,22864,429,388592,593,51924,1165,336668,1210,9.7,0.3,5.6,0.6,10.3,0.4,25.0,0.5,25.6,1.2,24.9,0.5,31.1,0.5,36.5,1.4,30.3,0.5,34.2,0.5,32.2,1.2,34.5,0.5,385206,756,35695,1012,349511,1101,82.5,0.5,82.9,1.2,82.5,0.5,317851,1869,29600,880,288251,1892,5.6,0.3,4.4,1.0,5.8,0.3,(X),(X),(X),(X),(X),(X),(X),(X),(X),(X),(X),(X),(X),(X),(X),(X),(X),(X),(X),(X),(X),(X),(X),(X),2.1,(X),(X),(X),(X),(X),4.4,(X),(X),(X),(X),(X)
5001100US3103,3103,"Congressional District 3 (111th Congress), Nebraska",416523,532,48587,900,367936,1063,(X),(X),4.0,0.5,(X),(X),(X),(X),9.9,0.8,(X),(X),(X),(X),32.5,0.8,(X),(X),(X),(X),18.0,0.8,(X),(X),(X),(X),15.9,0.7,(X),(X),48.7,0.1,95.0,0.5,42.6,0.2,51.3,0.1,5.0,0.5,57.4,0.2,25.6,0.1,5.9,0.7,28.2,0.2,35.9,0.1,19.6,0.9,38.1,0.2,15.6,0.1,25.4,0.7,14.4,0.1,10.5,0.1,21.1,0.6,9.1,0.1,12.3,0.1,28.1,0.6,10.2,0.1,99.0,0.1,99.2,0.2,99.0,0.1,94.9,0.2,96.9,0.5,94.6,0.2,0.5,0.1,0.3,0.2,0.5,0.1,0.7,0.1,0.9,0.3,0.7,0.1,0.6,0.1,0.3,0.2,0.6,0.1,0.0,0.1,0.0,0.1,0.0,0.1,2.3,0.2,0.7,0.2,2.6,0.2,1.0,0.1,0.8,0.2,1.0,0.1,6.4,0.1,1.8,0.4,7.1,0.1,91.1,0.1,95.9,0.5,90.5,0.1,23023,259,30338,548,22069,242,(X),(X),30864,537,30158,387,(X),(X),20748,3031,16922,236,363861,701,47998,871,315863,1144,11.5,0.3,11.4,0.7,11.6,0.3,36.0,0.5,42.6,1.1,35.0,0.5,33.3,0.5,30.1,1.0,33.8,0.5,19.1,0.3,16.0,0.8,19.6,0.3,321403,571,24684,737,296719,881,83.6,0.5,83.1,1.1,83.6,0.5,268676,1611,20521,683,248155,1793,3.6,0.3,4.2,0.9,3.6,0.3,(X),(X),(X),(X),(X),(X),(X),(X),(X),(X),(X),(X),(X),(X),(X),(X),(X),(X),(X),(X),(X),(X),(X),(X),2.0,(X),(X),(X),(X),(X),4.8,(X),(X),(X),(X),(X)
5001100US3201,3201,"Congressional District 1 (111th Congress), Nevada",564912,2909,61794,1619,503118,3071,(X),(X),9.8,0.9,(X),(X),(X),(X),20.6,1.2,(X),(X),(X),(X),35.4,1.2,(X),(X),(X),(X),11.4,0.9,(X),(X),(X),(X),8.6,0.8,(X),(X),51.1,0.2,92.5,0.6,46.0,0.3,48.9,0.2,7.5,0.6,54.0,0.3,34.9,0.4,10.0,1.1,38.0,0.4,38.7,0.4,31.8,1.2,39.5,0.4,13.2,0.3,24.8,1.1,11.7,0.3,7.6,0.2,17.3,0.8,6.4,0.2,5.7,0.2,16.1,0.8,4.4,0.2,97.7,0.2,98.0,0.4,97.6,0.2,70.5,0.5,76.9,1.1,69.7,0.6,12.4,0.3,14.1,0.9,12.2,0.3,0.8,0.1,0.8,0.2,0.7,0.1,6.1,0.2,3.5,0.5,6.4,0.3,0.5,0.1,0.8,0.2,0.5,0.1,7.3,0.4,1.9,0.4,8.0,0.4,2.3,0.2,2.0,0.4,2.4,0.2,31.2,0.3,7.5,0.8,34.1,0.4,47.6,0.4,71.8,1.1,44.6,0.4,27038,251,39970,1199,26017,252,(X),(X),40567,1237,29251,417,(X),(X),32747,2861,22884,437,494369,2681,60706,1610,433663,2856,22.7,0.5,7.7,0.7,24.8,0.5,30.9,0.6,28.5,1.2,31.2,0.7,29.5,0.4,42.7,1.4,27.6,0.5,17.0,0.4,21.1,1.0,16.4,0.4,490271,2910,41126,1413,449145,2764,78.0,0.5,79.3,1.5,77.8,0.5,382189,2970,32623,1226,349566,2900,7.9,0.3,6.2,1.0,8.1,0.4,(X),(X),(X),(X),(X),(X),(X),(X),(X),(X),(X),(X),(X),(X),(X),(X),(X),(X),(X),(X),(X),(X),(X),(X),2.5,(X),(X),(X),(X),(X),5.7,(X),(X),(X),(X),(X)
5001100US3202,3202,"Congressional District 2 (111th Congress), Nevada",601170,1897,83778,1710,517392,2561,(X),(X),6.2,0.8,(X),(X),(X),(X),13.2,0.9,(X),(X),(X),(X),38.3,1.0,(X),(X),(X),(X),13.5,0.8,(X),(X),(X),(X),10.5,0.7,(X),(X),50.8,0.1,93.6,0.5,43.9,0.2,49.2,0.1,6.4,0.5,56.1,0.2,28.8,0.2,7.5,1.0,32.2,0.3,37.2,0.2,25.0,1.2,39.2,0.3,16.5,0.1,28.5,1.0,14.6,0.2,10.0,0.1,21.3,0.6,8.2,0.1,7.5,0.1,17.7,0.8,5.8,0.1,97.9,0.2,98.3,0.3,97.8,0.2,83.8,0.3,91.3,0.6,82.6,0.4,2.4,0.1,2.6,0.4,2.4,0.1,2.2,0.1,1.8,0.3,2.2,0.1,4.0,0.1,1.2,0.2,4.4,0.2,0.4,0.1,0.2,0.1,0.4,0.1,5.2,0.3,1.1,0.2,5.9,0.4,2.1,0.2,1.7,0.3,2.2,0.2,15.8,0.1,4.4,0.5,17.7,0.2,73.9,0.2,88.5,0.7,71.6,0.2,28373,314,37081,985,27050,277,(X),(X),37957,987,33850,610,(X),(X),25575,2309,22114,355,530147,2054,82656,1668,447491,2619,14.8,0.4,7.3,0.6,16.2,0.5,29.6,0.6,28.6,1.1,29.8,0.7,33.8,0.6,41.8,1.3,32.4,0.6,21.7,0.4,22.3,1.1,21.6,0.4,495902,1733,51117,1647,444785,2310,77.2,0.5,74.8,1.6,77.5,0.5,382863,2961,38253,1547,344610,2970,6.9,0.4,6.4,1.3,7.0,0.3,(X),(X),(X),(X),(X),(X),(X),(X),(X),(X),(X),(X),(X),(X),(X),(X),(X),(X),(X),(X),(X),(X),(X),(X),2.5,(X),(X),(X),(X),(X),4.8,(X),(X),(X),(X),(X)
5001100US3203,3203,"Congressional District 3 (111th Congress), Nevada",712169,3310,85554,1987,626615,3633,(X),(X),7.9,0.6,(X),(X),(X),(X),17.3,0.9,(X),(X),(X),(X),35.2,1.0,(X),(X),(X),(X),12.9,0.6,(X),(X),(X),(X),9.5,0.5,(X),(X),49.9,0.2,92.8,0.6,44.1,0.2,50.1,0.2,7.2,0.6,55.9,0.2,31.6,0.3,8.8,0.7,34.7,0.3,38.6,0.3,29.2,0.9,39.9,0.3,14.8,0.2,26.0,1.0,13.3,0.2,8.7,0.1,19.2,0.7,7.3,0.1,6.3,0.1,16.8,0.6,4.8,0.1,97.8,0.1,97.9,0.3,97.8,0.1,75.9,0.3,84.6,0.8,74.8,0.4,6.8,0.2,7.2,0.5,6.7,0.2,0.7,0.1,0.7,0.2,0.6,0.1,9.4,0.2,3.3,0.4,10.3,0.2,0.6,0.1,0.4,0.2,0.6,0.1,4.4,0.2,1.7,0.3,4.8,0.3,2.2,0.1,2.1,0.3,2.2,0.1,17.8,0.3,6.9,0.6,19.3,0.3,63.3,0.3,80.1,0.8,61.1,0.4,32270,286,42188,935,31244,268,(X),(X),42682,862,37915,510,(X),(X),36079,3047,26596,256,633137,3031,84439,2014,548698,3418,12.6,0.3,6.2,0.6,13.6,0.4,29.6,0.5,28.0,1.1,29.9,0.5,33.1,0.5,40.2,1.2,32.0,0.5,24.7,0.5,25.5,0.9,24.5,0.5,605607,3228,54756,1664,550851,3335,79.8,0.4,79.7,1.1,79.8,0.4,483034,3551,43667,1402,439367,3593,6.4,0.3,5.3,0.8,6.5,0.3,(X),(X),(X),(X),(X),(X),(X),(X),(X),(X),(X),(X),(X),(X),(X),(X),(X),(X),(X),(X),(X),(X),(X),(X),2.5,(X),(X),(X),(X),(X),5.1,(X),(X),(X),(X),(X)
5001100US3301,3301,"Congressional District 1 (111th Congress), New Hampshire",508788,1001,61721,1359,447067,1663,(X),(X),6.0,0.7,(X),(X),(X),(X),12.6,0.8,(X),(X),(X),(X),35.6,1.3,(X),(X),(X),(X),12.9,0.9,(X),(X),(X),(X),11.8,0.7,(X),(X),48.5,0.2,92.7,0.7,42.4,0.2,51.5,0.2,7.3,0.7,57.6,0.2,27.6,0.2,6.4,0.8,30.6,0.3,41.1,0.3,28.2,1.3,42.9,0.3,15.3,0.2,27.1,1.0,13.7,0.2,8.3,0.1,19.2,0.7,6.8,0.1,7.6,0.1,19.1,0.8,6.0,0.1,99.3,0.1,99.4,0.2,99.3,0.1,95.7,0.2,97.8,0.4,95.4,0.2,1.1,0.1,0.8,0.3,1.1,0.1,0.2,0.1,0.4,0.1,0.2,0.1,1.7,0.1,0.3,0.2,1.9,0.1,0.0,0.1,0.0,0.1,0.0,0.1,0.6,0.1,0.2,0.1,0.7,0.1,0.7,0.1,0.6,0.2,0.7,0.1,2.1,0.1,0.9,0.3,2.3,0.1,94.2,0.2,97.0,0.5,93.8,0.2,31221,278,40769,903,29847,328,(X),(X),41647,896,40635,714,(X),(X),30688,2792,23199,351,441839,1218,61128,1354,380711,1857,9.4,0.3,9.8,0.8,9.3,0.4,29.7,0.5,31.1,1.1,29.5,0.6,28.6,0.5,31.6,1.1,28.1,0.5,32.3,0.5,27.5,1.1,33.0,0.5,427615,1127,38091,1240,389524,1655,81.9,0.4,84.3,1.2,81.7,0.4,350351,1975,32104,1186,318247,2282,5.1,0.3,3.8,0.7,5.2,0.3,(X),(X),(X),(X),(X),(X),(X),(X),(X),(X),(X),(X),(X),(X),(X),(X),(X),(X),(X),(X),(X),(X),(X),(X),2.9,(X),(X),(X),(X),(X),5.6,(X),(X),(X),(X),(X)
5001100US3302,3302,"Congressional District 2 (111th Congress), New Hampshire",506884,1037,62967,1177,443917,1655,(X),(X),6.2,0.7,(X),(X),(X),(X),12.2,0.9,(X),(X),(X),(X),33.8,1.4,(X),(X),(X),(X),12.8,0.6,(X),(X),(X),(X),12.8,0.7,(X),(X),48.9,0.2,93.0,0.6,42.6,0.2,51.1,0.2,7.0,0.6,57.4,0.2,26.6,0.2,6.6,0.6,29.4,0.3,40.4,0.3,28.2,1.1,42.1,0.3,15.7,0.2,25.4,0.9,14.3,0.2,9.0,0.1,19.2,0.7,7.6,0.1,8.3,0.1,20.6,0.8,6.6,0.1,99.2,0.1,99.2,0.2,99.2,0.1,95.6,0.2,97.7,0.4,95.3,0.2,0.8,0.1,0.7,0.2,0.8,0.1,0.3,0.1,0.5,0.2,0.3,0.1,1.9,0.1,0.3,0.1,2.1,0.1,0.0,0.1,0.0,0.1,0.0,0.1,0.6,0.1,0.1,0.1,0.7,0.1,0.8,0.1,0.8,0.2,0.8,0.1,2.1,0.1,1.4,0.4,2.2,0.1,94.2,0.2,96.6,0.5,93.8,0.2,30130,293,37800,899,29012,304,(X),(X),38538,892,39002,655,(X),(X),28429,3649,22815,391,446492,1173,62306,1161,384186,1729,9.7,0.3,9.4,0.8,9.7,0.3,30.6,0.6,32.9,1.4,30.2,0.6,27.2,0.5,28.7,1.1,26.9,0.5,32.6,0.5,29.0,1.1,33.2,0.6,419098,1153,37911,1043,381187,1512,81.2,0.5,82.6,1.3,81.1,0.5,340376,2205,31324,1015,309052,2263,5.0,0.3,4.3,0.8,5.0,0.3,(X),(X),(X),(X),(X),(X),(X),(X),(X),(X),(X),(X),(X),(X),(X),(X),(X),(X),(X),(X),(X),(X),(X),(X),2.5,(X),(X),(X),(X),(X),4.5,(X),(X),(X),(X),(X)
5001100US3401,3401,"Congressional District 1 (111th Congress), New Jersey",506547,866,47581,1211,458966,1290,(X),(X),5.8,0.8,(X),(X),(X),(X),11.1,1.1,(X),(X),(X),(X),34.8,1.3,(X),(X),(X),(X),13.1,0.9,(X),(X),(X),(X),13.0,0.7,(X),(X),47.6,0.2,94.6,0.7,42.7,0.2,52.4,0.2,5.4,0.7,57.3,0.2,30.5,0.2,6.4,0.9,33.0,0.2,39.3,0.2,25.6,1.4,40.8,0.3,14.2,0.1,27.0,1.1,12.9,0.2,8.2,0.1,19.7,0.9,7.0,0.2,7.8,0.1,21.3,0.9,6.4,0.2,98.7,0.1,99.0,0.4,98.7,0.1,73.3,0.2,79.6,1.0,72.7,0.2,16.4,0.2,16.8,1.0,16.4,0.2,0.2,0.1,0.3,0.1,0.2,0.1,3.5,0.1,0.9,0.3,3.8,0.1,0.0,0.1,0.0,0.1,0.0,0.1,5.1,0.2,1.4,0.4,5.5,0.2,1.3,0.1,1.0,0.4,1.3,0.1,8.6,0.1,3.4,0.5,9.2,0.1,70.5,0.2,77.9,1.1,69.7,0.2,30294,382,38342,1189,29284,441,(X),(X),38820,1203,39117,870,(X),(X),30120,5295,23299,384,443655,824,47191,1193,396464,1377,14.9,0.3,14.4,1.0,14.9,0.4,34.6,0.5,38.0,1.3,34.1,0.5,25.9,0.5,29.0,1.4,25.5,0.6,24.7,0.5,18.6,1.0,25.4,0.6,425810,1042,28095,1049,397715,1265,79.3,0.4,80.4,1.6,79.2,0.4,337597,2116,22597,1001,315000,2174,7.7,0.3,8.2,1.4,7.6,0.3,(X),(X),(X),(X),(X),(X),(X),(X),(X),(X),(X),(X),(X),(X),(X),(X),(X),(X),(X),(X),(X),(X),(X),(X),2.8,(X),(X),(X),(X),(X),6.1,(X),(X),(X),(X),(X)
5001100US3402,3402,"Congressional District 2 (111th Congress), New Jersey",520026,1842,51681,1476,468345,2328,(X),(X),6.1,1.4,(X),(X),(X),(X),9.0,0.8,(X),(X),(X),(X),33.9,1.4,(X),(X),(X),(X),14.4,0.9,(X),(X),(X),(X),13.4,0.8,(X),(X),48.9,0.2,94.7,0.6,43.8,0.3,51.1,0.2,5.3,0.6,56.2,0.3,27.0,0.2,7.0,1.5,29.2,0.3,39.3,0.2,22.7,1.2,41.1,0.2,15.4,0.1,26.8,1.2,14.1,0.2,9.7,0.1,21.4,1.2,8.4,0.1,8.6,0.1,22.0,1.0,7.1,0.1,98.5,0.1,99.1,0.3,98.5,0.2,76.6,0.4,85.2,0.9,75.6,0.4,13.4,0.2,11.6,0.9,13.5,0.2,0.4,0.1,0.4,0.1,0.4,0.1,3.1,0.1,0.5,0.2,3.4,0.1,0.0,0.1,0.0,0.1,0.0,0.1,5.1,0.3,1.4,0.4,5.5,0.4,1.5,0.1,0.9,0.3,1.5,0.2,10.9,0.3,3.9,0.6,11.6,0.4,71.5,0.3,82.7,1.0,70.2,0.3,28655,387,40105,1066,27343,335,(X),(X),40439,1022,35979,782,(X),(X),34394,4384,22085,317,461987,1524,50502,1276,411485,1914,16.4,0.4,13.0,0.9,16.9,0.5,36.6,0.6,37.3,1.4,36.5,0.6,24.9,0.5,29.6,1.3,24.4,0.5,22.0,0.4,20.2,1.1,22.2,0.5,424641,1846,29222,1411,395419,2340,76.7,0.6,77.8,1.7,76.6,0.6,325830,3419,22743,1345,303087,3552,8.0,0.4,6.0,1.1,8.1,0.4,(X),(X),(X),(X),(X),(X),(X),(X),(X),(X),(X),(X),(X),(X),(X),(X),(X),(X),(X),(X),(X),(X),(X),(X),2.9,(X),(X),(X),(X),(X),5.3,(X),(X),(X),(X),(X)
5001100US3403,3403,"Congressional District 3 (111th Congress), New Jersey",530196,1827,65972,1459,464224,2015,(X),(X),7.2,0.8,(X),(X),(X),(X),12.2,0.9,(X),(X),(X),(X),31.9,1.1,(X),(X),(X),(X),16.4,0.8,(X),(X),(X),(X),16.5,0.8,(X),(X),47.6,0.3,94.1,0.6,41.0,0.3,52.4,0.3,5.9,0.6,59.0,0.3,23.0,0.3,6.5,0.7,25.3,0.3,38.5,0.3,21.0,1.0,41.0,0.3,16.1,0.2,24.1,0.9,15.0,0.2,11.2,0.1,21.5,0.8,9.8,0.1,11.2,0.2,26.9,0.8,8.9,0.2,98.7,0.2,98.9,0.3,98.6,0.2,84.7,0.3,87.3,0.9,84.4,0.3,8.6,0.2,9.7,0.8,8.4,0.2,0.1,0.1,0.1,0.1,0.1,0.1,3.5,0.1,0.9,0.2,3.9,0.1,0.0,0.1,0.0,0.1,0.0,0.1,1.7,0.2,0.8,0.2,1.8,0.2,1.3,0.2,1.1,0.3,1.4,0.2,4.4,0.3,2.9,0.4,4.6,0.3,82.3,0.3,85.6,0.9,81.8,0.4,34454,375,43440,940,32781,386,(X),(X),43854,955,48041,885,(X),(X),36353,2467,24826,440,479356,1783,65246,1435,414110,2157,9.6,0.3,9.2,0.7,9.6,0.3,33.2,0.5,34.9,1.3,32.9,0.5,25.9,0.4,30.5,1.1,25.2,0.4,31.4,0.4,25.5,1.1,32.3,0.4,411444,1906,34052,1182,377392,1958,79.1,0.5,79.2,1.9,79.1,0.5,325346,2359,26953,1085,298393,2226,6.4,0.3,5.0,0.8,6.5,0.3,(X),(X),(X),(X),(X),(X),(X),(X),(X),(X),(X),(X),(X),(X),(X),(X),(X),(X),(X),(X),(X),(X),(X),(X),2.8,(X),(X),(X),(X),(X),4.9,(X),(X),(X),(X),(X)
5001100US3404,3404,"Congressional District 4 (111th Congress), New Jersey",525040,1991,51364,1238,473676,1956,(X),(X),4.5,0.6,(X),(X),(X),(X),8.3,0.8,(X),(X),(X),(X),31.0,1.2,(X),(X),(X),(X),16.8,0.9,(X),(X),(X),(X),18.3,1.0,(X),(X),47.8,0.3,95.4,0.6,42.7,0.3,52.2,0.3,4.6,0.6,57.3,0.3,26.0,0.4,4.8,0.7,28.3,0.4,38.7,0.4,18.2,1.0,40.9,0.4,14.7,0.3,25.0,0.9,13.6,0.3,10.1,0.2,23.2,1.0,8.7,0.2,10.5,0.2,28.8,0.9,8.5,0.2,99.2,0.1,99.6,0.2,99.1,0.1,84.1,0.4,91.0,0.8,83.4,0.4,8.3,0.2,6.8,0.9,8.4,0.3,0.2,0.1,0.1,0.1,0.2,0.1,3.6,0.2,0.9,0.3,3.9,0.2,0.0,0.1,0.0,0.1,0.0,0.1,2.9,0.3,0.8,0.3,3.2,0.3,0.8,0.1,0.4,0.2,0.9,0.1,9.0,0.3,3.6,0.7,9.6,0.3,78.5,0.4,88.1,0.9,77.5,0.5,33003,461,41476,1014,31899,476,(X),(X),42060,1067,44023,867,(X),(X),30603,4194,25252,529,466401,1866,50868,1240,415533,1904,12.0,0.4,12.0,0.8,12.0,0.4,32.3,0.5,35.3,1.5,31.9,0.6,26.1,0.5,29.2,1.3,25.7,0.5,29.7,0.5,23.5,1.2,30.4,0.5,416991,2042,24677,1015,392314,1940,78.4,0.5,78.6,1.5,78.4,0.5,327066,2312,19388,872,307678,2198,5.9,0.3,5.2,1.0,5.9,0.3,(X),(X),(X),(X),(X),(X),(X),(X),(X),(X),(X),(X),(X),(X),(X),(X),(X),(X),(X),(X),(X),(X),(X),(X),2.6,(X),(X),(X),(X),(X),5.4,(X),(X),(X),(X),(X)
5001100US3405,3405,"Congressional District 5 (111th Congress), New Jersey",499602,1450,41794,1059,457808,1658,(X),(X),3.1,0.6,(X),(X),(X),(X),5.6,0.8,(X),(X),(X),(X),32.4,1.2,(X),(X),(X),(X),15.4,1.0,(X),(X),(X),(X),19.3,1.1,(X),(X),48.4,0.2,96.6,0.6,44.0,0.3,51.6,0.2,3.4,0.6,56.0,0.3,21.1,0.3,3.8,0.7,22.7,0.3,44.7,0.3,16.1,1.1,47.3,0.3,15.9,0.2,27.3,1.2,14.8,0.3,9.3,0.2,22.6,1.0,8.1,0.2,9.1,0.2,30.2,1.2,7.2,0.2,99.2,0.1,99.6,0.2,99.2,0.1,86.5,0.3,95.9,0.6,85.7,0.3,1.9,0.1,1.8,0.4,1.9,0.2,0.2,0.1,0.2,0.1,0.2,0.1,8.9,0.2,1.1,0.4,9.6,0.3,0.0,0.1,0.0,0.1,0.0,0.1,1.7,0.2,0.7,0.3,1.8,0.2,0.8,0.1,0.4,0.2,0.8,0.1,5.9,0.3,3.3,0.6,6.2,0.3,82.4,0.3,93.4,0.8,81.4,0.4,41884,397,46902,1395,41322,442,(X),(X),47360,1557,57927,961,(X),(X),30172,5328,29074,726,451504,1404,41497,1080,410007,1741,7.2,0.3,9.5,0.7,7.0,0.3,27.0,0.5,32.9,1.5,26.5,0.5,23.1,0.5,25.3,1.4,22.9,0.5,42.6,0.5,32.3,1.4,43.7,0.6,407755,1702,19722,836,388033,1841,80.5,0.4,82.5,1.7,80.4,0.4,328092,2260,16267,746,311825,2259,5.1,0.3,4.7,1.1,5.1,0.2,(X),(X),(X),(X),(X),(X),(X),(X),(X),(X),(X),(X),(X),(X),(X),(X),(X),(X),(X),(X),(X),(X),(X),(X),3.0,(X),(X),(X),(X),(X),4.8,(X),(X),(X),(X),(X)
5001100US3406,3406,"Congressional District 6 (111th Congress), New Jersey",509271,2443,37277,1567,471994,2500,(X),(X),5.6,1.1,(X),(X),(X),(X),7.4,1.0,(X),(X),(X),(X),33.9,1.8,(X),(X),(X),(X),14.1,1.0,(X),(X),(X),(X),14.9,1.8,(X),(X),48.9,0.3,95.1,0.8,45.2,0.4,51.1,0.3,4.9,0.8,54.8,0.4,32.7,0.4,5.7,1.2,34.8,0.4,38.7,0.4,21.2,1.4,40.1,0.4,13.5,0.2,28.2,1.6,12.3,0.2,7.6,0.2,21.2,1.3,6.6,0.2,7.5,0.2,23.7,2.1,6.2,0.2,98.5,0.2,99.0,0.3,98.5,0.2,66.7,0.5,80.1,1.3,65.6,0.5,14.9,0.4,15.3,1.1,14.8,0.4,0.3,0.1,0.3,0.2,0.3,0.1,10.5,0.2,1.3,0.4,11.2,0.3,0.1,0.1,0.0,0.1,0.1,0.1,6.1,0.4,2.1,0.6,6.4,0.5,1.5,0.2,1.0,0.3,1.5,0.2,13.8,0.3,5.2,0.9,14.5,0.3,59.8,0.4,77.1,1.5,58.5,0.4,32723,532,42582,2058,31870,458,(X),(X),43147,1959,41015,768,(X),(X),29688,4411,25252,652,438444,2451,36785,1517,401659,2589,12.8,0.5,11.4,1.5,12.9,0.5,30.5,0.5,36.8,1.5,30.0,0.6,22.9,0.4,27.6,1.7,22.5,0.5,33.7,0.6,24.2,1.5,34.6,0.7,432301,2249,20543,940,411758,2348,78.8,0.6,79.3,1.9,78.8,0.6,340778,3143,16294,895,324484,3065,6.6,0.3,6.5,1.2,6.6,0.3,(X),(X),(X),(X),(X),(X),(X),(X),(X),(X),(X),(X),(X),(X),(X),(X),(X),(X),(X),(X),(X),(X),(X),(X),2.7,(X),(X),(X),(X),(X),4.6,(X),(X),(X),(X),(X)
5001100US3407,3407,"Congressional District 7 (111th Congress), New Jersey",498123,1806,35956,1244,462167,2192,(X),(X),3.3,0.6,(X),(X),(X),(X),7.1,0.8,(X),(X),(X),(X),30.4,1.2,(X),(X),(X),(X),16.3,1.2,(X),(X),(X),(X),20.0,1.1,(X),(X),48.5,0.2,97.0,0.6,44.8,0.3,51.5,0.2,3.0,0.6,55.2,0.3,23.5,0.3,4.1,0.7,25.0,0.4,44.3,0.3,16.9,1.2,46.5,0.3,15.0,0.2,25.6,1.2,14.2,0.3,8.3,0.2,23.1,1.1,7.1,0.2,8.9,0.2,30.3,1.2,7.2,0.2,99.2,0.1,99.6,0.2,99.2,0.1,80.4,0.4,92.1,1.1,79.5,0.5,5.3,0.3,5.5,1.0,5.3,0.3,0.1,0.1,0.3,0.2,0.1,0.1,10.3,0.3,1.0,0.3,11.0,0.3,0.0,0.1,0.1,0.2,0.0,0.1,3.0,0.3,0.7,0.3,3.2,0.3,0.8,0.1,0.4,0.2,0.8,0.1,9.5,0.3,3.4,0.7,10.0,0.4,74.2,0.5,89.6,1.3,73.0,0.5,43412,499,48856,1357,42904,559,(X),(X),49104,1425,57367,1008,(X),(X),44049,6289,32133,776,451838,1654,35592,1218,416246,1995,8.4,0.4,8.8,1.0,8.3,0.4,24.9,0.6,30.9,1.4,24.4,0.6,21.3,0.4,25.0,1.5,21.0,0.5,45.4,0.6,35.3,1.5,46.3,0.6,412730,1850,16759,908,395971,1983,79.8,0.5,79.9,2.2,79.8,0.5,329498,2370,13389,846,316109,2420,5.1,0.3,5.1,1.3,5.1,0.3,(X),(X),(X),(X),(X),(X),(X),(X),(X),(X),(X),(X),(X),(X),(X),(X),(X),(X),(X),(X),(X),(X),(X),(X),2.4,(X),(X),(X),(X),(X),4.2,(X),(X),(X),(X),(X)
5001100US3408,3408,"Congressional District 8 (111th Congress), New Jersey",475908,1446,25948,857,449960,1624,(X),(X),4.6,0.9,(X),(X),(X),(X),7.0,1.1,(X),(X),(X),(X),27.6,1.6,(X),(X),(X),(X),16.5,1.5,(X),(X),(X),(X),21.5,1.5,(X),(X),47.6,0.2,96.6,0.7,44.7,0.2,52.4,0.2,3.4,0.7,55.3,0.2,29.9,0.2,5.3,0.9,31.3,0.3,39.1,0.3,16.7,1.7,40.4,0.3,14.0,0.2,24.0,1.4,13.4,0.2,8.1,0.1,20.2,1.3,7.4,0.2,8.9,0.1,33.8,1.5,7.4,0.2,98.8,0.2,99.2,0.3,98.7,0.2,62.1,0.5,84.4,1.6,60.8,0.5,13.1,0.2,9.9,1.4,13.3,0.3,0.2,0.1,0.3,0.4,0.2,0.1,6.2,0.2,0.8,0.4,6.5,0.2,0.0,0.1,0.1,0.2,0.0,0.1,17.2,0.5,3.6,0.9,18.0,0.5,1.2,0.2,0.8,0.3,1.3,0.2,28.1,0.3,9.8,1.6,29.1,0.3,52.1,0.3,78.5,2.1,50.6,0.3,30466,390,39746,1623,29866,470,(X),(X),39935,1807,36820,729,(X),(X),31417,8167,23924,589,420162,1443,25671,856,394491,1610,17.2,0.5,13.8,1.5,17.4,0.5,31.6,0.6,35.6,2.3,31.3,0.6,19.5,0.5,22.4,1.7,19.3,0.5,31.8,0.5,28.2,1.8,32.0,0.5,394971,1402,11931,678,383040,1565,76.4,0.6,77.1,2.9,76.4,0.6,301785,2319,9200,599,292585,2253,6.2,0.3,4.4,1.2,6.3,0.4,(X),(X),(X),(X),(X),(X),(X),(X),(X),(X),(X),(X),(X),(X),(X),(X),(X),(X),(X),(X),(X),(X),(X),(X),4.3,(X),(X),(X),(X),(X),8.4,(X),(X),(X),(X),(X)
5001100US3409,3409,"Congressional District 9 (111th Congress), New Jersey",508521,2008,29143,1081,479378,2196,(X),(X),4.1,1.0,(X),(X),(X),(X),7.9,1.3,(X),(X),(X),(X),27.8,1.8,(X),(X),(X),(X),15.8,1.2,(X),(X),(X),(X),22.0,1.3,(X),(X),47.9,0.2,95.9,0.8,45.0,0.3,52.1,0.2,4.1,0.8,55.0,0.3,29.1,0.3,6.8,1.2,30.5,0.4,38.4,0.4,15.3,1.7,39.9,0.4,14.7,0.2,23.0,1.6,14.2,0.2,8.7,0.2,22.0,1.5,7.9,0.2,9.0,0.2,32.9,1.5,7.5,0.2,98.6,0.2,99.2,0.4,98.6,0.2,70.4,0.5,87.3,1.2,69.4,0.5,7.5,0.2,7.4,1.0,7.6,0.2,0.2,0.1,0.1,0.1,0.2,0.1,13.1,0.3,2.1,0.6,13.8,0.3,0.1,0.1,0.0,0.1,0.1,0.1,7.3,0.4,2.3,0.7,7.6,0.4,1.4,0.2,0.8,0.4,1.4,0.2,22.6,0.3,8.6,1.2,23.4,0.4,56.1,0.4,81.5,1.5,54.5,0.4,35234,512,38729,1549,34947,532,(X),(X),39040,1488,42660,754,(X),(X),30773,8290,28276,522,456544,1852,28823,1067,427721,2064,13.9,0.4,14.1,1.2,13.9,0.4,28.5,0.6,35.4,2.3,28.0,0.6,21.8,0.5,25.3,1.4,21.5,0.5,35.9,0.6,25.2,1.7,36.6,0.6,418416,1837,13125,796,405291,2059,79.5,0.5,77.0,3.0,79.6,0.5,332844,2483,10111,774,322733,2564,6.1,0.3,7.2,1.9,6.0,0.3,(X),(X),(X),(X),(X),(X),(X),(X),(X),(X),(X),(X),(X),(X),(X),(X),(X),(X),(X),(X),(X),(X),(X),(X),3.1,(X),(X),(X),(X),(X),6.4,(X),(X),(X),(X),(X)
5001100US3410,3410,"Congressional District 10 (111th Congress), New Jersey",464734,2726,24240,1078,440494,2886,(X),(X),5.9,0.9,(X),(X),(X),(X),9.7,1.4,(X),(X),(X),(X),30.2,2.2,(X),(X),(X),(X),12.1,1.4,(X),(X),(X),(X),14.9,1.5,(X),(X),45.9,0.3,92.6,1.1,43.4,0.3,54.1,0.3,7.4,1.1,56.6,0.3,33.7,0.4,7.1,1.0,35.2,0.4,38.4,0.4,27.3,1.9,39.0,0.4,13.4,0.3,24.1,1.2,12.8,0.3,7.9,0.2,17.7,1.3,7.4,0.2,6.6,0.2,23.8,1.7,5.6,0.2,98.7,0.2,98.7,0.5,98.7,0.2,28.7,0.5,34.0,1.8,28.4,0.5,55.6,0.4,61.0,1.8,55.3,0.5,0.3,0.1,0.2,0.2,0.3,0.1,4.5,0.2,1.5,0.5,4.7,0.3,0.0,0.1,0.0,0.1,0.0,0.1,9.6,0.5,2.1,0.6,10.0,0.5,1.3,0.2,1.3,0.5,1.3,0.2,18.2,0.4,5.5,1.0,18.9,0.5,21.0,0.4,31.3,1.7,20.4,0.4,26057,395,31978,1336,25699,417,(X),(X),32121,1507,29151,580,(X),(X),30578,5551,22986,522,402286,2614,23838,1070,378448,2731,19.8,0.5,13.8,1.6,20.2,0.5,35.1,0.6,40.7,2.4,34.7,0.7,23.8,0.5,28.2,2.3,23.5,0.5,21.3,0.6,17.4,1.8,21.6,0.6,397539,2666,14183,823,383356,2831,76.3,0.5,75.2,2.5,76.3,0.6,303268,2764,10665,721,292603,2706,11.0,0.5,9.9,2.6,11.0,0.5,(X),(X),(X),(X),(X),(X),(X),(X),(X),(X),(X),(X),(X),(X),(X),(X),(X),(X),(X),(X),(X),(X),(X),(X),4.5,(X),(X),(X),(X),(X),11.5,(X),(X),(X),(X),(X)
5001100US3411,3411,"Congressional District 11 (111th Congress), New Jersey",500536,906,38743,1007,461793,1304,(X),(X),3.2,0.7,(X),(X),(X),(X),6.0,0.8,(X),(X),(X),(X),32.0,1.4,(X),(X),(X),(X),16.7,1.2,(X),(X),(X),(X),18.7,1.0,(X),(X),48.4,0.1,95.9,0.6,44.5,0.2,51.6,0.1,4.1,0.6,55.5,0.2,22.6,0.1,3.6,0.7,24.2,0.2,44.3,0.2,14.8,1.4,46.8,0.2,15.8,0.1,26.8,1.4,14.9,0.2,9.0,0.1,25.2,1.1,7.6,0.1,8.4,0.1,29.6,1.2,6.6,0.2,99.1,0.1,99.7,0.2,99.1,0.1,85.3,0.3,95.3,0.8,84.5,0.3,2.8,0.1,3.1,0.8,2.8,0.1,0.2,0.1,0.0,0.1,0.2,0.1,8.3,0.1,0.8,0.3,9.0,0.1,0.1,0.1,0.0,0.1,0.1,0.1,2.4,0.2,0.5,0.2,2.5,0.3,0.9,0.1,0.3,0.2,0.9,0.1,8.7,0.2,3.1,0.6,9.2,0.2,79.4,0.2,92.8,1.0,78.3,0.2,44639,475,50394,1517,44119,509,(X),(X),50867,1567,61650,1035,(X),(X),36474,8108,32299,587,451747,1062,38515,1009,413232,1456,6.9,0.3,6.7,0.9,6.9,0.3,23.0,0.5,29.5,1.6,22.4,0.5,21.0,0.4,24.0,1.3,20.7,0.4,49.1,0.5,39.7,1.3,50.0,0.5,413751,948,17515,828,396236,1207,81.1,0.4,82.9,2.0,81.0,0.4,335478,1621,14512,787,320966,1860,4.5,0.3,5.3,1.2,4.5,0.3,(X),(X),(X),(X),(X),(X),(X),(X),(X),(X),(X),(X),(X),(X),(X),(X),(X),(X),(X),(X),(X),(X),(X),(X),3.0,(X),(X),(X),(X),(X),5.1,(X),(X),(X),(X),(X)
5001100US3412,3412,"Congressional District 12 (111th Congress), New Jersey",522553,1999,38060,1215,484493,2016,(X),(X),3.7,0.7,(X),(X),(X),(X),6.6,0.9,(X),(X),(X),(X),31.2,1.5,(X),(X),(X),(X),17.3,1.2,(X),(X),(X),(X),18.7,1.3,(X),(X),47.9,0.3,94.5,0.8,44.2,0.3,52.1,0.3,5.5,0.8,55.8,0.3,25.7,0.4,3.3,0.7,27.4,0.4,41.9,0.3,17.8,1.4,43.8,0.3,14.7,0.3,24.6,1.4,13.9,0.2,8.8,0.2,22.5,1.0,7.7,0.2,8.9,0.2,31.8,1.5,7.1,0.2,98.9,0.1,98.6,0.5,98.9,0.1,73.0,0.4,84.9,1.4,72.1,0.4,11.1,0.3,11.8,1.2,11.0,0.3,0.1,0.1,0.3,0.1,0.1,0.1,12.6,0.3,0.9,0.3,13.5,0.3,0.0,0.1,0.1,0.1,0.0,0.1,2.0,0.2,0.6,0.3,2.1,0.2,1.1,0.1,1.4,0.5,1.1,0.1,6.0,0.3,2.7,0.5,6.2,0.3,69.4,0.3,83.4,1.4,68.3,0.4,41205,473,47485,1786,40619,502,(X),(X),48336,1456,56206,816,(X),(X),34631,3184,29569,587,466022,2088,37884,1213,428138,2109,8.0,0.3,8.1,0.9,8.0,0.3,23.3,0.4,28.5,1.3,22.8,0.4,21.3,0.4,27.6,1.3,20.8,0.4,47.4,0.5,35.7,1.7,48.4,0.5,429868,2119,17401,844,412467,2066,78.2,0.5,78.7,1.9,78.1,0.5,336009,2623,13695,755,322314,2610,5.9,0.3,5.6,1.3,5.9,0.3,(X),(X),(X),(X),(X),(X),(X),(X),(X),(X),(X),(X),(X),(X),(X),(X),(X),(X),(X),(X),(X),(X),(X),(X),2.3,(X),(X),(X),(X),(X),3.8,(X),(X),(X),(X),(X)
5001100US3413,3413,"Congressional District 13 (111th Congress), New Jersey",506733,2935,17531,946,489202,3139,(X),(X),9.2,1.5,(X),(X),(X),(X),13.0,2.1,(X),(X),(X),(X),24.2,2.2,(X),(X),(X),(X),13.3,1.7,(X),(X),(X),(X),14.7,1.7,(X),(X),50.2,0.3,94.9,1.1,48.6,0.3,49.8,0.3,5.1,1.1,51.4,0.3,38.5,0.3,13.7,2.1,39.4,0.3,37.4,0.4,25.1,2.5,37.8,0.4,11.1,0.2,19.5,2.0,10.8,0.2,6.9,0.2,17.7,1.9,6.5,0.2,6.1,0.2,24.0,2.2,5.4,0.2,97.7,0.3,99.2,0.4,97.6,0.3,59.5,0.6,74.1,2.7,59.0,0.6,13.0,0.4,14.3,1.9,13.0,0.4,0.4,0.1,0.3,0.2,0.4,0.1,7.5,0.3,1.8,0.8,7.7,0.3,0.0,0.1,0.0,0.2,0.0,0.1,17.2,0.5,8.7,2.2,17.6,0.5,2.3,0.3,0.8,0.4,2.4,0.3,45.5,0.5,24.1,2.9,46.3,0.5,34.0,0.4,60.1,3.0,33.0,0.4,26322,385,31477,1850,26138,411,(X),(X),31511,1948,31284,599,(X),(X),31080,11376,20985,417,444525,2729,17031,933,427494,2911,26.1,0.6,17.8,1.7,26.4,0.6,28.9,0.6,35.5,2.4,28.7,0.6,17.9,0.5,27.7,2.7,17.5,0.5,27.1,0.5,18.9,1.9,27.4,0.5,440909,3051,10221,910,430688,3132,77.2,0.5,79.0,3.1,77.2,0.5,340448,2658,8075,766,332373,2705,7.6,0.4,8.1,2.3,7.6,0.4,(X),(X),(X),(X),(X),(X),(X),(X),(X),(X),(X),(X),(X),(X),(X),(X),(X),(X),(X),(X),(X),(X),(X),(X),3.5,(X),(X),(X),(X),(X),9.3,(X),(X),(X),(X),(X)
5001100US3501,3501,"Congressional District 1 (111th Congress), New Mexico",501810,1333,61641,1313,440169,2049,(X),(X),10.5,0.9,(X),(X),(X),(X),18.2,1.1,(X),(X),(X),(X),36.1,1.1,(X),(X),(X),(X),13.4,0.8,(X),(X),(X),(X),11.8,0.6,(X),(X),48.5,0.1,91.7,0.8,42.4,0.2,51.5,0.1,8.3,0.8,57.6,0.2,33.0,0.2,9.4,0.9,36.3,0.2,36.5,0.1,28.2,1.2,37.6,0.2,14.4,0.1,24.8,0.9,13.0,0.2,8.3,0.1,17.8,0.7,6.9,0.1,7.8,0.1,19.8,0.7,6.1,0.1,97.6,0.2,97.1,0.5,97.7,0.2,71.8,0.6,80.9,1.1,70.5,0.6,2.7,0.1,4.0,0.5,2.5,0.1,4.3,0.2,2.5,0.4,4.5,0.2,2.2,0.1,0.6,0.2,2.4,0.1,0.1,0.1,0.1,0.1,0.0,0.1,16.6,0.5,9.1,0.9,17.7,0.6,2.4,0.2,2.9,0.5,2.3,0.2,42.6,0.2,28.4,1.2,44.6,0.2,47.8,0.2,63.1,1.2,45.6,0.3,25425,338,38654,1068,23580,368,(X),(X),39140,1104,28165,557,(X),(X),32027,2670,20427,372,435339,1240,60738,1265,374601,1909,14.9,0.5,6.6,0.7,16.3,0.6,25.0,0.6,22.4,1.2,25.5,0.6,29.6,0.6,36.0,1.2,28.5,0.6,30.4,0.5,35.0,1.3,29.7,0.6,421235,1341,38472,1221,382763,1912,76.6,0.5,75.3,1.6,76.7,0.6,322635,2421,28971,1142,293664,2368,5.8,0.3,4.2,0.8,6.0,0.3,(X),(X),(X),(X),(X),(X),(X),(X),(X),(X),(X),(X),(X),(X),(X),(X),(X),(X),(X),(X),(X),(X),(X),(X),2.6,(X),(X),(X),(X),(X),5.0,(X),(X),(X),(X),(X)
5001100US3502,3502,"Congressional District 2 (111th Congress), New Mexico",467847,1255,59453,1453,408394,1773,(X),(X),8.5,1.0,(X),(X),(X),(X),16.9,1.2,(X),(X),(X),(X),35.2,1.4,(X),(X),(X),(X),14.2,0.8,(X),(X),(X),(X),12.5,0.8,(X),(X),49.0,0.1,92.9,0.8,42.6,0.2,51.0,0.1,7.1,0.8,57.4,0.2,31.5,0.2,9.3,1.3,34.8,0.3,34.5,0.2,26.3,1.2,35.7,0.3,14.9,0.1,25.5,1.2,13.4,0.2,10.2,0.1,18.6,0.8,9.0,0.2,8.8,0.1,20.4,0.8,7.2,0.1,97.4,0.2,97.8,0.4,97.4,0.2,78.7,0.5,84.6,0.9,77.9,0.5,1.7,0.1,2.3,0.5,1.6,0.1,5.6,0.2,3.9,0.6,5.8,0.3,0.8,0.1,0.3,0.1,0.9,0.1,0.0,0.1,0.1,0.1,0.0,0.1,10.6,0.4,6.5,0.7,11.2,0.5,2.6,0.2,2.2,0.4,2.6,0.2,45.8,0.2,27.3,1.2,48.4,0.3,45.4,0.2,65.2,1.2,42.6,0.3,18916,289,31052,875,17290,237,(X),(X),31656,926,21971,477,(X),(X),22042,1920,14636,269,399863,1156,58297,1358,341566,1640,22.6,0.5,11.3,0.9,24.5,0.5,29.1,0.6,27.7,1.1,29.3,0.7,29.8,0.6,38.3,1.5,28.3,0.6,18.5,0.5,22.7,0.9,17.8,0.5,378763,1237,36308,1268,342455,1610,70.3,0.5,70.1,1.9,70.3,0.6,266253,2387,25457,1159,240796,2443,7.5,0.4,5.6,1.0,7.8,0.5,(X),(X),(X),(X),(X),(X),(X),(X),(X),(X),(X),(X),(X),(X),(X),(X),(X),(X),(X),(X),(X),(X),(X),(X),2.7,(X),(X),(X),(X),(X),5.7,(X),(X),(X),(X),(X)
5001100US3503,3503,"Congressional District 3 (111th Congress), New Mexico",482401,1471,53230,1420,429171,1863,(X),(X),9.5,1.1,(X),(X),(X),(X),14.9,1.1,(X),(X),(X),(X),35.5,1.2,(X),(X),(X),(X),12.0,0.7,(X),(X),(X),(X),10.2,0.7,(X),(X),48.7,0.1,92.8,0.7,43.3,0.2,51.3,0.1,7.2,0.7,56.7,0.2,30.2,0.2,9.0,1.1,32.8,0.2,37.7,0.2,28.8,1.1,38.8,0.2,15.8,0.1,25.5,1.1,14.6,0.1,9.0,0.1,18.3,0.8,7.8,0.1,7.4,0.1,18.3,0.8,6.0,0.1,98.1,0.2,97.7,0.5,98.2,0.2,67.6,0.5,75.9,1.4,66.6,0.5,1.5,0.1,2.5,0.4,1.4,0.1,16.2,0.2,9.4,0.9,17.0,0.3,1.1,0.1,0.7,0.3,1.1,0.1,0.0,0.1,0.1,0.1,0.0,0.1,11.7,0.5,9.1,0.8,12.0,0.5,1.9,0.2,2.3,0.5,1.8,0.2,36.6,0.2,29.7,1.0,37.5,0.2,44.2,0.2,57.0,1.4,42.7,0.3,23505,420,35984,1054,22020,332,(X),(X),36475,1079,27091,600,(X),(X),29585,2469,18716,380,417549,1336,52461,1367,365088,1769,16.7,0.4,9.4,0.8,17.8,0.4,28.5,0.6,27.8,1.3,28.6,0.7,29.1,0.6,33.7,1.3,28.5,0.6,25.6,0.5,29.1,1.3,25.1,0.5,403698,1416,33738,1141,369960,1721,73.9,0.6,76.6,1.7,73.7,0.6,298360,2423,25832,1147,272528,2428,6.4,0.4,3.9,0.9,6.6,0.4,(X),(X),(X),(X),(X),(X),(X),(X),(X),(X),(X),(X),(X),(X),(X),(X),(X),(X),(X),(X),(X),(X),(X),(X),2.7,(X),(X),(X),(X),(X),5.0,(X),(X),(X),(X),(X)
5001100US3601,3601,"Congressional District 1 (111th Congress), New York",541404,1625,49967,1421,491437,1963,(X),(X),4.4,0.8,(X),(X),(X),(X),6.6,0.8,(X),(X),(X),(X),34.4,1.3,(X),(X),(X),(X),14.6,1.0,(X),(X),(X),(X),15.3,1.0,(X),(X),48.8,0.2,96.5,0.6,43.9,0.3,51.2,0.2,3.5,0.6,56.1,0.3,25.7,0.4,3.4,0.7,28.0,0.4,41.0,0.4,20.6,1.5,43.1,0.4,15.9,0.2,28.8,1.1,14.6,0.2,9.3,0.2,22.5,1.1,7.9,0.2,8.1,0.2,24.7,1.1,6.4,0.2,99.2,0.1,99.5,0.2,99.1,0.1,89.0,0.3,94.6,0.9,88.4,0.4,3.9,0.2,3.5,0.8,4.0,0.3,0.2,0.1,0.2,0.1,0.2,0.1,3.5,0.2,0.6,0.2,3.8,0.2,0.0,0.1,0.0,0.1,0.0,0.1,2.5,0.3,0.6,0.2,2.7,0.3,0.8,0.1,0.5,0.2,0.9,0.1,8.4,0.3,3.5,0.7,8.8,0.3,83.5,0.4,91.8,1.2,82.7,0.4,36700,475,46492,1297,35501,497,(X),(X),47245,1367,49364,928,(X),(X),29347,5440,27235,484,479129,1893,49654,1417,429475,2041,9.6,0.3,8.4,0.8,9.7,0.4,30.8,0.6,32.6,1.4,30.6,0.6,27.5,0.4,32.2,1.2,26.9,0.4,32.2,0.6,26.8,1.2,32.8,0.6,447275,1656,26401,1291,420874,2223,77.2,0.5,75.4,1.8,77.4,0.5,345461,2906,19908,1128,325553,3200,4.7,0.3,5.3,1.1,4.7,0.4,(X),(X),(X),(X),(X),(X),(X),(X),(X),(X),(X),(X),(X),(X),(X),(X),(X),(X),(X),(X),(X),(X),(X),(X),3.4,(X),(X),(X),(X),(X),5.1,(X),(X),(X),(X),(X)
5001100US3602,3602,"Congressional District 2 (111th Congress), New York",507050,4188,40714,1548,466336,3847,(X),(X),3.3,0.7,(X),(X),(X),(X),8.1,1.4,(X),(X),(X),(X),32.0,1.6,(X),(X),(X),(X),17.2,1.1,(X),(X),(X),(X),15.9,1.1,(X),(X),48.8,0.2,96.5,0.7,44.6,0.3,51.2,0.2,3.5,0.7,55.4,0.3,25.3,0.4,4.5,0.8,27.1,0.4,43.1,0.4,18.9,1.7,45.2,0.4,14.7,0.3,26.5,1.3,13.6,0.3,8.9,0.2,22.9,1.2,7.7,0.2,8.1,0.2,27.2,1.2,6.4,0.2,98.9,0.2,98.8,0.4,98.9,0.2,79.5,0.5,87.2,1.3,78.8,0.5,10.3,0.3,9.1,1.0,10.4,0.3,0.2,0.1,0.2,0.1,0.2,0.1,4.4,0.2,0.6,0.2,4.7,0.2,0.0,0.1,0.0,0.1,0.0,0.1,4.5,0.4,1.7,0.8,4.8,0.4,1.1,0.2,1.2,0.4,1.1,0.2,15.4,0.3,7.0,1.1,16.1,0.4,69.2,0.4,82.7,1.4,68.1,0.5,35660,549,43825,1095,34764,614,(X),(X),44205,1102,47462,1249,(X),(X),36084,3101,26445,479,450707,4035,40435,1537,410272,3660,11.8,0.4,9.0,1.4,12.1,0.4,29.3,0.5,34.3,1.5,28.8,0.6,25.1,0.5,30.1,1.6,24.6,0.5,33.8,0.5,26.7,1.6,34.5,0.6,420992,3742,20320,1187,400672,3585,78.5,0.7,73.2,3.2,78.8,0.6,330669,3457,14875,785,315794,3558,5.1,0.3,3.7,1.0,5.2,0.3,(X),(X),(X),(X),(X),(X),(X),(X),(X),(X),(X),(X),(X),(X),(X),(X),(X),(X),(X),(X),(X),(X),(X),(X),3.5,(X),(X),(X),(X),(X),5.8,(X),(X),(X),(X),(X)
5001100US3603,3603,"Congressional District 3 (111th Congress), New York",511554,4840,43333,1188,468221,4792,(X),(X),3.0,0.6,(X),(X),(X),(X),4.6,0.7,(X),(X),(X),(X),30.3,1.3,(X),(X),(X),(X),19.2,1.1,(X),(X),(X),(X),22.7,1.2,(X),(X),47.6,0.3,97.4,0.5,43.0,0.3,52.4,0.3,2.6,0.5,57.0,0.3,22.9,0.4,3.1,0.6,24.7,0.4,41.4,0.4,12.3,1.2,44.1,0.4,16.0,0.3,26.7,1.1,15.0,0.3,9.5,0.2,23.2,1.0,8.3,0.2,10.2,0.3,34.7,1.2,7.9,0.3,99.4,0.1,99.3,0.3,99.4,0.1,90.0,0.6,95.4,0.9,89.5,0.6,2.4,0.3,2.0,0.7,2.5,0.3,0.2,0.1,0.4,0.4,0.1,0.1,4.3,0.3,0.5,0.2,4.7,0.3,0.0,0.1,0.0,0.1,0.0,0.1,2.4,0.3,0.9,0.4,2.6,0.4,0.6,0.1,0.7,0.3,0.6,0.1,7.1,0.3,3.2,0.7,7.5,0.4,85.4,0.5,93.4,1.1,84.7,0.5,38647,598,46438,1724,37700,608,(X),(X),46666,1774,55145,1142,(X),(X),31382,6446,26850,469,456961,4317,43078,1189,413883,4297,8.2,0.4,9.8,0.9,8.1,0.4,29.8,0.6,34.0,1.5,29.4,0.6,25.8,0.4,28.1,1.3,25.6,0.5,36.1,0.6,28.1,1.5,37.0,0.6,410721,4396,18247,873,392474,4397,78.2,0.7,73.4,2.3,78.4,0.7,321011,3333,13396,706,307615,3307,4.7,0.2,4.4,1.2,4.7,0.2,(X),(X),(X),(X),(X),(X),(X),(X),(X),(X),(X),(X),(X),(X),(X),(X),(X),(X),(X),(X),(X),(X),(X),(X),3.4,(X),(X),(X),(X),(X),4.5,(X),(X),(X),(X),(X)
5001100US3604,3604,"Congressional District 4 (111th Congress), New York",499321,2222,32734,990,466587,2404,(X),(X),3.9,0.8,(X),(X),(X),(X),6.5,0.9,(X),(X),(X),(X),28.0,1.7,(X),(X),(X),(X),17.4,1.2,(X),(X),(X),(X),23.6,1.4,(X),(X),47.8,0.2,96.3,0.6,44.4,0.3,52.2,0.2,3.7,0.6,55.6,0.3,27.1,0.3,3.9,0.8,28.7,0.3,39.9,0.3,15.1,1.4,41.7,0.3,14.8,0.3,23.6,1.6,14.2,0.3,8.6,0.2,21.5,1.3,7.7,0.2,9.6,0.2,36.0,1.5,7.8,0.2,98.7,0.2,99.3,0.3,98.6,0.2,66.3,0.5,83.9,1.4,65.1,0.5,18.7,0.2,12.8,1.2,19.1,0.3,0.2,0.1,0.1,0.1,0.2,0.1,6.6,0.2,0.9,0.5,7.0,0.2,0.0,0.1,0.0,0.1,0.0,0.1,7.0,0.4,1.6,0.6,7.3,0.5,1.3,0.2,0.7,0.3,1.4,0.2,15.3,0.3,4.8,0.8,16.1,0.3,58.6,0.4,80.9,1.4,57.1,0.4,35026,465,46118,1755,34146,467,(X),(X),46201,1805,43559,762,(X),(X),39474,16112,27655,569,436884,1953,32354,988,404530,1990,13.3,0.4,8.9,1.0,13.6,0.4,27.5,0.6,31.6,1.8,27.1,0.6,23.6,0.5,28.6,1.5,23.1,0.5,35.7,0.6,30.9,1.6,36.1,0.6,408337,2228,13930,694,394407,2357,78.7,0.4,75.9,2.7,78.8,0.4,321306,2521,10569,662,310737,2503,5.3,0.3,5.5,1.5,5.3,0.3,(X),(X),(X),(X),(X),(X),(X),(X),(X),(X),(X),(X),(X),(X),(X),(X),(X),(X),(X),(X),(X),(X),(X),(X),3.5,(X),(X),(X),(X),(X),6.8,(X),(X),(X),(X),(X)
5001100US3605,3605,"Congressional District 5 (111th Congress), New York",528324,4437,24011,969,504313,4558,(X),(X),4.4,1.1,(X),(X),(X),(X),4.6,1.1,(X),(X),(X),(X),23.0,2.0,(X),(X),(X),(X),16.8,1.7,(X),(X),(X),(X),30.1,1.9,(X),(X),48.9,0.4,96.8,0.7,46.6,0.4,51.1,0.4,3.2,0.7,53.4,0.4,27.5,0.4,4.4,1.1,28.6,0.4,38.4,0.5,11.4,1.6,39.7,0.5,14.7,0.3,18.8,1.8,14.6,0.3,9.5,0.2,23.0,1.8,8.8,0.2,9.9,0.2,42.4,1.9,8.3,0.2,98.8,0.1,99.3,0.3,98.7,0.1,56.0,0.6,86.4,1.5,54.5,0.6,4.7,0.3,4.7,1.0,4.7,0.3,0.3,0.1,0.6,0.4,0.3,0.1,29.4,0.5,5.0,0.8,30.5,0.5,0.0,0.1,0.0,0.1,0.0,0.1,8.3,0.5,2.6,0.9,8.6,0.5,1.2,0.1,0.7,0.3,1.3,0.1,23.2,0.6,7.8,1.3,24.0,0.6,42.1,0.5,81.5,1.7,40.2,0.5,28982,447,40954,1891,28396,466,(X),(X),41562,1959,33402,685,(X),(X),25410,4739,23203,555,476138,4120,23733,945,452405,4219,18.7,0.5,8.6,1.3,19.2,0.5,25.6,0.5,27.3,1.9,25.5,0.6,18.9,0.5,26.5,1.8,18.5,0.5,36.8,0.6,37.6,1.7,36.8,0.6,426231,4302,8331,722,417900,4409,76.1,0.5,73.9,3.2,76.1,0.5,324203,3772,6160,605,318043,3855,6.8,0.3,6.0,2.1,6.8,0.3,(X),(X),(X),(X),(X),(X),(X),(X),(X),(X),(X),(X),(X),(X),(X),(X),(X),(X),(X),(X),(X),(X),(X),(X),4.0,(X),(X),(X),(X),(X),6.7,(X),(X),(X),(X),(X)
5001100US3606,3606,"Congressional District 6 (111th Congress), New York",502331,3990,21587,991,480744,4068,(X),(X),7.9,1.4,(X),(X),(X),(X),10.8,1.7,(X),(X),(X),(X),26.4,1.8,(X),(X),(X),(X),14.2,1.3,(X),(X),(X),(X),14.6,1.6,(X),(X),45.9,0.3,92.1,1.1,43.9,0.3,54.1,0.3,7.9,1.1,56.1,0.3,31.6,0.3,8.8,1.4,32.6,0.3,38.9,0.3,28.8,2.1,39.3,0.3,14.1,0.2,20.8,1.5,13.8,0.2,8.6,0.2,18.3,1.8,8.2,0.2,6.8,0.2,23.4,1.8,6.1,0.2,97.6,0.2,97.5,0.8,97.6,0.2,18.3,0.3,29.1,1.7,17.8,0.4,53.7,0.6,60.9,2.0,53.4,0.6,0.5,0.1,1.0,0.4,0.5,0.1,12.9,0.4,2.5,0.8,13.3,0.4,0.0,0.1,0.0,0.2,0.0,0.1,12.1,0.6,4.0,1.1,12.5,0.6,2.4,0.2,2.5,0.8,2.4,0.2,16.6,0.5,10.7,1.7,16.9,0.5,12.2,0.3,24.6,1.7,11.6,0.3,27170,373,34378,1347,26885,377,(X),(X),34259,1389,30333,553,(X),(X),36278,9298,23946,598,439751,3565,21330,983,418421,3616,21.5,0.5,14.2,1.8,21.9,0.5,32.0,0.6,36.3,2.3,31.8,0.7,24.5,0.5,33.0,2.1,24.1,0.5,22.0,0.5,16.4,1.8,22.3,0.5,424643,3900,12596,811,412047,3891,76.4,0.5,74.9,2.4,76.4,0.5,324406,3495,9438,702,314968,3454,8.8,0.4,7.8,2.4,8.9,0.4,(X),(X),(X),(X),(X),(X),(X),(X),(X),(X),(X),(X),(X),(X),(X),(X),(X),(X),(X),(X),(X),(X),(X),(X),5.3,(X),(X),(X),(X),(X),11.9,(X),(X),(X),(X),(X)
5001100US3607,3607,"Congressional District 7 (111th Congress), New York",526419,4943,24753,1047,501666,4742,(X),(X),6.6,1.4,(X),(X),(X),(X),10.2,1.7,(X),(X),(X),(X),27.5,1.6,(X),(X),(X),(X),13.6,1.2,(X),(X),(X),(X),17.3,1.7,(X),(X),46.9,0.4,95.5,0.9,44.5,0.4,53.1,0.4,4.5,0.9,55.5,0.4,31.0,0.5,7.1,1.3,32.2,0.5,38.0,0.5,23.9,2.2,38.7,0.5,14.0,0.3,24.5,1.8,13.4,0.3,8.6,0.2,18.7,1.8,8.1,0.3,8.4,0.3,25.8,1.7,7.6,0.3,98.0,0.2,98.8,0.5,97.9,0.2,43.2,0.7,57.8,2.3,42.5,0.7,17.4,0.4,22.2,1.8,17.1,0.5,0.3,0.1,0.4,0.4,0.3,0.1,14.9,0.4,3.0,0.7,15.5,0.5,0.0,0.1,0.1,0.1,0.0,0.1,22.2,0.7,15.2,1.9,22.5,0.7,2.0,0.2,1.2,0.5,2.1,0.2,40.5,0.6,27.7,2.3,41.2,0.6,27.2,0.5,47.8,2.3,26.2,0.5,26069,394,33090,2274,25693,411,(X),(X),33391,2327,29086,579,(X),(X),30460,4146,21939,464,469394,4231,24412,1050,444982,3980,23.8,0.6,14.2,1.4,24.3,0.7,30.9,0.6,39.3,2.2,30.4,0.6,22.4,0.5,28.2,2.2,22.1,0.5,22.9,0.6,18.3,1.6,23.1,0.6,436789,4474,13737,806,423052,4412,73.8,0.6,71.8,3.4,73.9,0.6,322447,4178,9861,754,312586,4199,7.5,0.4,8.0,2.1,7.5,0.4,(X),(X),(X),(X),(X),(X),(X),(X),(X),(X),(X),(X),(X),(X),(X),(X),(X),(X),(X),(X),(X),(X),(X),(X),4.3,(X),(X),(X),(X),(X),8.9,(X),(X),(X),(X),(X)
5001100US3608,3608,"Congressional District 8 (111th Congress), New York",578677,5731,19946,911,558731,5401,(X),(X),4.6,1.6,(X),(X),(X),(X),8.2,1.7,(X),(X),(X),(X),27.6,2.4,(X),(X),(X),(X),13.7,1.4,(X),(X),(X),(X),21.2,2.0,(X),(X),48.6,0.4,94.8,1.6,47.0,0.4,51.4,0.4,5.2,1.6,53.0,0.4,34.2,0.5,4.8,1.2,35.3,0.5,36.2,0.5,15.4,2.1,37.0,0.5,13.1,0.3,23.9,2.2,12.8,0.3,8.3,0.3,23.4,2.2,7.7,0.3,8.1,0.2,32.5,2.4,7.3,0.2,98.8,0.1,98.6,0.5,98.8,0.1,76.6,0.5,84.8,2.1,76.3,0.5,4.9,0.3,7.8,1.5,4.8,0.3,0.2,0.1,0.3,0.3,0.2,0.1,13.3,0.4,2.6,1.0,13.6,0.4,0.0,0.1,0.0,0.2,0.0,0.1,3.8,0.3,3.1,1.2,3.8,0.3,1.2,0.1,1.4,0.5,1.2,0.1,10.5,0.4,10.0,1.5,10.5,0.4,70.7,0.5,78.9,2.4,70.4,0.5,37655,714,38014,2612,37637,755,(X),(X),38433,2539,45265,1288,(X),(X),25500,19335,30583,738,518263,4983,19838,909,498425,4633,13.3,0.4,8.1,1.3,13.5,0.4,17.6,0.5,26.8,2.2,17.2,0.5,14.3,0.4,21.3,2.0,14.0,0.4,54.8,0.5,43.8,2.4,55.3,0.5,483775,5330,8791,792,474984,5146,76.8,0.7,74.4,3.3,76.8,0.7,371323,4104,6540,652,364783,4028,6.2,0.4,7.9,2.8,6.2,0.3,(X),(X),(X),(X),(X),(X),(X),(X),(X),(X),(X),(X),(X),(X),(X),(X),(X),(X),(X),(X),(X),(X),(X),(X),4.7,(X),(X),(X),(X),(X),6.3,(X),(X),(X),(X),(X)
5001100US3609,3609,"Congressional District 9 (111th Congress), New York",534672,4371,25975,1021,508697,4252,(X),(X),4.2,0.8,(X),(X),(X),(X),6.0,1.2,(X),(X),(X),(X),30.7,1.7,(X),(X),(X),(X),16.0,1.3,(X),(X),(X),(X),24.0,1.5,(X),(X),47.0,0.3,95.9,0.8,44.5,0.3,53.0,0.3,4.1,0.8,55.5,0.3,26.9,0.4,4.8,0.9,28.0,0.5,37.4,0.4,13.9,1.8,38.6,0.5,15.4,0.3,24.9,1.6,14.9,0.3,9.3,0.2,20.4,1.5,8.8,0.2,11.0,0.3,36.1,1.6,9.7,0.3,98.8,0.1,99.0,0.4,98.8,0.1,70.7,0.5,89.3,1.3,69.8,0.5,4.5,0.2,3.5,0.7,4.5,0.2,0.3,0.1,0.5,0.3,0.3,0.1,16.9,0.5,2.4,0.5,17.7,0.5,0.0,0.1,0.0,0.1,0.0,0.1,6.4,0.4,3.3,0.9,6.6,0.4,1.2,0.1,1.0,0.4,1.2,0.1,14.7,0.5,10.2,1.3,14.9,0.5,63.3,0.5,83.0,1.4,62.3,0.5,30869,367,37291,1739,30488,396,(X),(X),37561,1742,37743,686,(X),(X),30189,9508,24600,455,484568,3929,25756,1014,458812,3784,14.1,0.5,12.4,1.3,14.2,0.5,28.1,0.6,33.8,1.9,27.7,0.6,21.4,0.5,26.7,1.9,21.1,0.5,36.4,0.5,27.1,2.0,36.9,0.5,426006,4161,11321,754,414685,4034,74.8,0.6,71.9,3.1,74.8,0.6,318465,4029,8138,693,310327,3845,6.7,0.3,6.5,1.8,6.7,0.3,(X),(X),(X),(X),(X),(X),(X),(X),(X),(X),(X),(X),(X),(X),(X),(X),(X),(X),(X),(X),(X),(X),(X),(X),4.0,(X),(X),(X),(X),(X),8.2,(X),(X),(X),(X),(X)
5001100US3610,3610,"Congressional District 10 (111th Congress), New York",490104,4207,16002,790,474102,4192,(X),(X),9.6,1.8,(X),(X),(X),(X),10.7,2.2,(X),(X),(X),(X),29.4,2.7,(X),(X),(X),(X),11.8,1.7,(X),(X),(X),(X),12.1,1.7,(X),(X),43.7,0.3,90.3,1.5,42.1,0.4,56.3,0.3,9.7,1.5,57.9,0.4,35.9,0.4,10.7,2.1,36.8,0.4,36.7,0.4,31.7,2.6,36.9,0.4,13.4,0.3,22.9,2.6,13.1,0.3,7.8,0.2,14.1,1.8,7.6,0.2,6.2,0.2,20.6,2.2,5.7,0.2,98.5,0.1,98.1,0.8,98.5,0.1,23.0,0.5,22.1,2.0,23.0,0.5,62.9,0.5,68.1,2.4,62.7,0.5,0.3,0.1,0.5,0.3,0.3,0.1,3.5,0.3,1.2,0.6,3.6,0.3,0.0,0.1,0.0,0.2,0.0,0.1,8.9,0.4,6.1,1.5,9.0,0.5,1.5,0.1,1.9,0.8,1.5,0.1,16.1,0.5,13.1,1.8,16.2,0.5,17.6,0.4,17.5,1.8,17.6,0.4,24864,513,28702,2682,24677,561,(X),(X),27272,2042,27674,792,(X),(X),38315,3450,22098,413,418213,3721,15752,784,402461,3729,21.8,0.6,15.2,1.9,22.0,0.6,31.4,0.7,34.7,2.8,31.2,0.7,23.3,0.5,32.1,2.5,23.0,0.5,23.5,0.5,18.0,2.0,23.8,0.5,421668,4032,10449,717,411219,4064,69.7,0.5,71.2,3.5,69.7,0.5,294102,3276,7441,646,286661,3255,9.2,0.4,9.7,2.5,9.2,0.4,(X),(X),(X),(X),(X),(X),(X),(X),(X),(X),(X),(X),(X),(X),(X),(X),(X),(X),(X),(X),(X),(X),(X),(X),4.8,(X),(X),(X),(X),(X),10.6,(X),(X),(X),(X),(X)
5001100US3611,3611,"Congressional District 11 (111th Congress), New York",498264,3801,14858,1044,483406,3528,(X),(X),8.8,2.0,(X),(X),(X),(X),10.0,1.8,(X),(X),(X),(X),28.0,2.9,(X),(X),(X),(X),13.0,1.7,(X),(X),(X),(X),12.7,2.4,(X),(X),44.4,0.3,93.1,1.4,42.9,0.3,55.6,0.3,6.9,1.4,57.1,0.3,35.6,0.5,10.5,2.0,36.3,0.5,37.7,0.4,27.6,2.5,38.0,0.4,13.4,0.3,23.6,2.5,13.1,0.3,7.4,0.2,16.9,2.1,7.1,0.2,5.8,0.2,21.4,3.1,5.4,0.2,98.5,0.2,97.6,1.2,98.5,0.2,31.1,0.6,36.7,2.7,30.9,0.6,56.8,0.5,55.9,3.8,56.8,0.5,0.2,0.1,0.2,0.2,0.2,0.1,4.4,0.3,0.7,0.5,4.5,0.3,0.0,0.1,0.0,0.2,0.0,0.1,6.0,0.5,4.1,1.6,6.1,0.5,1.5,0.2,2.4,1.2,1.5,0.2,11.3,0.5,9.0,1.6,11.4,0.5,27.9,0.5,33.3,2.5,27.7,0.5,27408,438,32138,2291,27243,422,(X),(X),31736,2185,30722,651,(X),(X),39754,4756,24846,542,436431,3429,14667,1045,421764,3126,17.4,0.5,14.8,2.7,17.5,0.5,28.9,0.6,28.9,2.5,28.9,0.6,21.3,0.5,28.2,2.3,21.1,0.5,32.3,0.6,28.1,2.9,32.5,0.6,432173,3475,9168,683,423005,3317,75.9,0.5,72.6,3.8,76.0,0.6,328193,3010,6659,627,321534,3022,9.0,0.4,7.7,2.3,9.0,0.4,(X),(X),(X),(X),(X),(X),(X),(X),(X),(X),(X),(X),(X),(X),(X),(X),(X),(X),(X),(X),(X),(X),(X),(X),4.1,(X),(X),(X),(X),(X),11.6,(X),(X),(X),(X),(X)
5001100US3612,3612,"Congressional District 12 (111th Congress), New York",526732,4975,14111,979,512621,5077,(X),(X),9.2,2.1,(X),(X),(X),(X),10.2,1.8,(X),(X),(X),(X),29.4,2.8,(X),(X),(X),(X),14.0,2.2,(X),(X),(X),(X),13.3,2.1,(X),(X),49.3,0.4,94.3,1.5,48.1,0.4,50.7,0.4,5.7,1.5,51.9,0.4,39.4,0.5,11.3,2.3,40.1,0.5,36.0,0.5,22.4,2.2,36.3,0.5,11.7,0.3,25.4,2.4,11.3,0.3,7.0,0.2,15.0,2.2,6.8,0.2,6.0,0.3,25.9,3.0,5.5,0.2,98.4,0.1,97.9,0.9,98.4,0.2,50.6,0.8,61.2,3.0,50.3,0.7,9.3,0.4,17.6,2.3,9.1,0.4,0.4,0.1,1.0,0.5,0.4,0.1,17.7,0.5,6.0,1.8,18.0,0.5,0.0,0.1,0.0,0.2,0.0,0.1,20.4,0.7,12.1,2.3,20.6,0.7,1.6,0.1,2.1,0.9,1.6,0.2,42.7,0.6,32.3,3.3,43.0,0.6,30.2,0.6,44.3,3.1,29.8,0.6,21727,312,29068,2381,21584,307,(X),(X),29599,2207,24951,618,(X),(X),20542,7852,18069,454,460209,4669,13767,970,446442,4723,32.2,0.6,18.3,2.3,32.7,0.6,25.8,0.6,36.6,2.9,25.4,0.6,16.1,0.5,23.8,2.7,15.9,0.5,25.9,0.5,21.3,2.3,26.0,0.5,458263,4634,8344,725,449919,4804,72.1,0.5,66.0,3.6,72.2,0.5,330335,3674,5504,559,324831,3693,7.4,0.4,6.5,2.9,7.4,0.4,(X),(X),(X),(X),(X),(X),(X),(X),(X),(X),(X),(X),(X),(X),(X),(X),(X),(X),(X),(X),(X),(X),(X),(X),3.9,(X),(X),(X),(X),(X),12.1,(X),(X),(X),(X),(X)
5001100US3613,3613,"Congressional District 13 (111th Congress), New York",543895,2550,34903,1080,508992,2846,(X),(X),6.4,1.0,(X),(X),(X),(X),8.0,1.1,(X),(X),(X),(X),32.1,1.5,(X),(X),(X),(X),15.1,1.3,(X),(X),(X),(X),15.8,1.1,(X),(X),47.8,0.2,97.1,0.5,44.4,0.2,52.2,0.2,2.9,0.5,55.6,0.2,28.8,0.3,5.6,1.1,30.4,0.3,38.5,0.3,16.6,1.3,40.0,0.3,14.9,0.2,28.3,1.5,14.0,0.2,9.3,0.2,23.0,1.1,8.3,0.2,8.5,0.1,26.5,1.6,7.3,0.2,99.2,0.1,99.4,0.2,99.1,0.1,76.6,0.4,91.4,1.0,75.6,0.5,6.3,0.1,4.9,0.8,6.4,0.1,0.1,0.1,0.4,0.2,0.1,0.1,11.7,0.3,1.5,0.4,12.4,0.3,0.0,0.1,0.0,0.1,0.0,0.1,4.4,0.4,1.2,0.4,4.6,0.4,0.8,0.1,0.6,0.2,0.9,0.1,12.5,0.3,7.3,1.2,12.9,0.3,69.0,0.4,85.7,1.4,67.9,0.4,32017,563,41204,1341,31173,587,(X),(X),41624,1322,40166,844,(X),(X),25361,6380,23826,651,485687,2330,34592,1048,451095,2594,15.7,0.5,12.1,1.0,15.9,0.5,33.1,0.6,41.1,1.9,32.5,0.6,23.2,0.5,28.4,1.7,22.8,0.5,28.0,0.6,18.5,1.3,28.8,0.6,447269,2504,17612,992,429657,2794,72.3,0.6,72.6,2.1,72.3,0.6,323331,3454,12783,824,310548,3553,6.0,0.3,5.4,1.4,6.1,0.3,(X),(X),(X),(X),(X),(X),(X),(X),(X),(X),(X),(X),(X),(X),(X),(X),(X),(X),(X),(X),(X),(X),(X),(X),3.3,(X),(X),(X),(X),(X),6.3,(X),(X),(X),(X),(X)
5001100US3614,3614,"Congressional District 14 (111th Congress), New York",571530,4250,23553,1002,547977,4216,(X),(X),3.7,0.9,(X),(X),(X),(X),6.4,1.2,(X),(X),(X),(X),26.4,2.0,(X),(X),(X),(X),16.2,1.4,(X),(X),(X),(X),20.0,1.7,(X),(X),46.3,0.4,95.9,0.8,44.2,0.4,53.7,0.4,4.1,0.8,55.8,0.4,36.1,0.5,5.5,1.0,37.4,0.5,35.2,0.4,12.6,1.8,36.1,0.5,13.1,0.3,20.5,1.8,12.8,0.3,8.3,0.2,27.5,1.9,7.5,0.2,7.3,0.2,33.8,2.0,6.2,0.2,98.7,0.1,98.9,0.4,98.7,0.1,78.8,0.5,89.9,1.4,78.3,0.5,3.9,0.2,4.5,1.0,3.9,0.2,0.2,0.1,0.1,0.1,0.2,0.1,11.5,0.4,2.1,0.7,11.9,0.4,0.0,0.1,0.1,0.1,0.0,0.1,4.3,0.3,2.3,0.8,4.4,0.3,1.3,0.1,1.1,0.4,1.3,0.1,12.3,0.4,7.4,1.3,12.5,0.4,71.1,0.4,84.8,1.7,70.5,0.4,51065,705,59308,3586,50738,728,(X),(X),61021,5111,58119,1226,(X),(X),44393,10195,45676,867,524499,4103,23436,1012,501063,3977,9.0,0.4,7.2,1.2,9.0,0.4,12.5,0.4,14.5,1.6,12.4,0.4,13.7,0.4,18.5,1.7,13.5,0.4,64.9,0.5,59.8,2.0,65.1,0.6,482229,4160,9102,754,473127,4105,80.9,0.5,77.3,3.8,81.0,0.5,390322,3804,7037,698,383285,3731,5.8,0.3,4.5,1.2,5.8,0.3,(X),(X),(X),(X),(X),(X),(X),(X),(X),(X),(X),(X),(X),(X),(X),(X),(X),(X),(X),(X),(X),(X),(X),(X),3.5,(X),(X),(X),(X),(X),7.2,(X),(X),(X),(X),(X)
5001100US3615,3615,"Congressional District 15 (111th Congress), New York",524056,4143,17550,965,506506,4032,(X),(X),10.0,2.0,(X),(X),(X),(X),12.7,2.2,(X),(X),(X),(X),28.0,2.5,(X),(X),(X),(X),11.7,1.6,(X),(X),(X),(X),14.4,2.2,(X),(X),47.0,0.4,93.1,1.4,45.4,0.4,53.0,0.4,6.9,1.4,54.6,0.4,38.5,0.4,10.5,1.9,39.5,0.4,34.3,0.4,28.2,2.3,34.5,0.4,12.5,0.2,20.4,2.0,12.2,0.2,7.9,0.2,18.5,2.0,7.5,0.2,6.9,0.2,22.4,2.2,6.3,0.2,96.4,0.3,95.7,1.1,96.5,0.3,34.2,0.6,34.7,2.4,34.2,0.7,31.6,0.5,50.0,2.9,30.9,0.5,0.6,0.1,0.8,0.5,0.6,0.1,3.9,0.2,0.6,0.4,4.0,0.2,0.0,0.1,0.2,0.3,0.0,0.1,26.1,0.7,9.4,2.1,26.7,0.7,3.6,0.3,4.3,1.1,3.5,0.3,42.0,0.4,22.5,2.9,42.7,0.4,24.0,0.5,26.4,2.3,24.0,0.5,21267,412,27831,2270,21048,422,(X),(X),28511,2622,23426,912,(X),(X),20977,5123,18834,539,449764,4033,17175,915,432589,3958,27.2,0.7,14.1,2.1,27.8,0.7,19.8,0.6,26.4,3.4,19.6,0.6,18.1,0.6,28.1,3.0,17.8,0.5,34.8,0.6,31.4,3.2,34.9,0.6,446782,3694,10374,843,436408,3691,69.8,0.6,65.6,4.1,69.9,0.6,311757,3872,6810,715,304947,3978,11.1,0.6,10.2,2.7,11.2,0.6,(X),(X),(X),(X),(X),(X),(X),(X),(X),(X),(X),(X),(X),(X),(X),(X),(X),(X),(X),(X),(X),(X),(X),(X),4.0,(X),(X),(X),(X),(X),9.6,(X),(X),(X),(X),(X)
5001100US3616,3616,"Congressional District 16 (111th Congress), New York",453000,3301,12730,1063,440270,3502,(X),(X),9.4,2.0,(X),(X),(X),(X),13.8,2.2,(X),(X),(X),(X),29.5,3.1,(X),(X),(X),(X),11.3,2.1,(X),(X),(X),(X),9.2,2.5,(X),(X),45.2,0.4,92.1,2.0,43.9,0.5,54.8,0.4,7.9,2.0,56.1,0.5,38.6,0.4,11.9,2.2,39.4,0.4,39.1,0.4,33.4,2.9,39.2,0.4,11.3,0.3,22.9,2.7,10.9,0.3,6.7,0.2,14.1,2.0,6.5,0.2,4.3,0.2,17.7,3.1,3.9,0.2,97.8,0.2,96.8,1.3,97.8,0.2,15.6,0.7,25.1,3.3,15.3,0.6,32.8,0.5,45.1,3.4,32.4,0.5,0.5,0.1,1.5,0.8,0.4,0.1,2.2,0.2,1.2,0.7,2.2,0.2,0.0,0.1,0.2,0.2,0.0,0.1,46.7,0.8,23.8,3.3,47.4,0.8,2.2,0.2,3.2,1.3,2.2,0.2,64.4,0.4,46.2,3.4,64.9,0.4,3.0,0.2,9.0,3.1,2.9,0.2,14699,243,19593,2701,14564,253,(X),(X),19509,2976,17922,431,(X),(X),21932,13190,12006,251,376068,2768,12357,1057,363711,2962,41.2,0.7,23.4,2.9,41.8,0.7,27.6,0.6,32.2,2.5,27.5,0.7,20.8,0.6,31.2,3.9,20.4,0.6,10.4,0.4,13.2,2.4,10.3,0.4,403072,3503,8681,663,394391,3593,66.0,0.6,58.6,3.9,66.2,0.6,266140,3201,5089,478,261051,3282,13.6,0.5,13.6,3.8,13.6,0.5,(X),(X),(X),(X),(X),(X),(X),(X),(X),(X),(X),(X),(X),(X),(X),(X),(X),(X),(X),(X),(X),(X),(X),(X),4.0,(X),(X),(X),(X),(X),11.4,(X),(X),(X),(X),(X)
5001100US3617,3617,"Congressional District 17 (111th Congress), New York",496393,4148,27317,1171,469076,3837,(X),(X),5.9,1.1,(X),(X),(X),(X),8.6,1.3,(X),(X),(X),(X),26.8,1.9,(X),(X),(X),(X),14.8,1.2,(X),(X),(X),(X),16.8,1.4,(X),(X),45.6,0.4,94.1,1.1,42.7,0.4,54.4,0.4,5.9,1.1,57.3,0.4,30.3,0.5,7.2,1.3,31.6,0.5,37.7,0.4,21.0,1.7,38.7,0.5,14.4,0.3,22.0,1.7,14.0,0.3,8.9,0.2,22.2,1.4,8.1,0.2,8.7,0.3,27.6,1.5,7.6,0.3,98.4,0.2,98.1,0.8,98.4,0.1,47.5,0.5,66.1,1.8,46.4,0.5,31.8,0.5,24.3,1.6,32.3,0.5,0.4,0.1,1.0,0.5,0.3,0.1,4.9,0.3,1.0,0.4,5.1,0.3,0.0,0.1,0.1,0.1,0.0,0.1,13.8,0.6,5.6,1.1,14.3,0.6,1.6,0.2,1.9,0.8,1.6,0.1,21.9,0.5,13.4,1.5,22.4,0.5,40.6,0.4,60.4,1.8,39.5,0.4,29537,506,39479,1656,28958,516,(X),(X),39741,1712,33467,859,(X),(X),35380,5805,25532,662,431305,3708,26950,1149,404355,3375,18.1,0.5,12.2,1.1,18.5,0.5,27.1,0.5,29.9,1.9,26.9,0.6,23.5,0.5,28.5,1.8,23.2,0.5,31.3,0.6,29.3,2.1,31.4,0.6,409129,3725,13714,859,395415,3563,75.5,0.6,74.4,3.0,75.5,0.6,308690,3306,10203,730,298487,3096,7.7,0.4,7.0,1.7,7.8,0.4,(X),(X),(X),(X),(X),(X),(X),(X),(X),(X),(X),(X),(X),(X),(X),(X),(X),(X),(X),(X),(X),(X),(X),(X),3.5,(X),(X),(X),(X),(X),8.5,(X),(X),(X),(X),(X)
5001100US3618,3618,"Congressional District 18 (111th Congress), New York",508809,2161,33225,1172,475584,2362,(X),(X),2.5,0.6,(X),(X),(X),(X),5.0,0.9,(X),(X),(X),(X),28.4,1.7,(X),(X),(X),(X),17.2,1.3,(X),(X),(X),(X),22.9,1.3,(X),(X),47.7,0.2,96.6,0.6,44.3,0.3,52.3,0.2,3.4,0.6,55.7,0.3,25.3,0.3,2.8,0.7,26.8,0.3,40.4,0.3,13.4,1.4,42.3,0.3,15.3,0.2,23.5,1.5,14.8,0.2,9.2,0.2,24.4,1.4,8.2,0.2,9.7,0.2,35.9,1.4,7.9,0.2,98.8,0.2,99.3,0.3,98.8,0.2,74.5,0.4,89.3,1.3,73.5,0.5,9.8,0.3,7.3,1.1,10.0,0.3,0.1,0.1,0.2,0.1,0.1,0.1,6.6,0.2,1.1,0.4,6.9,0.2,0.0,0.1,0.0,0.1,0.0,0.1,7.7,0.3,1.4,0.5,8.2,0.4,1.2,0.2,0.7,0.3,1.2,0.2,17.2,0.3,5.5,0.8,18.0,0.4,65.9,0.4,85.5,1.3,64.5,0.4,39726,641,47511,1817,39039,681,(X),(X),48019,1877,52595,869,(X),(X),32243,11743,30330,680,451429,2453,33170,1171,418259,2636,11.8,0.4,7.4,0.7,12.2,0.4,22.1,0.5,29.4,1.9,21.5,0.6,18.3,0.4,20.6,1.5,18.1,0.5,47.8,0.6,42.5,1.6,48.2,0.6,412349,1968,13188,794,399161,2176,76.8,0.6,77.5,3.0,76.8,0.6,316670,2713,10226,772,306444,2751,5.5,0.3,4.9,1.5,5.5,0.3,(X),(X),(X),(X),(X),(X),(X),(X),(X),(X),(X),(X),(X),(X),(X),(X),(X),(X),(X),(X),(X),(X),(X),(X),2.3,(X),(X),(X),(X),(X),5.7,(X),(X),(X),(X),(X)
5001100US3619,3619,"Congressional District 19 (111th Congress), New York",515299,1685,47030,1346,468269,2077,(X),(X),7.7,1.3,(X),(X),(X),(X),8.7,0.9,(X),(X),(X),(X),33.7,1.1,(X),(X),(X),(X),13.6,1.0,(X),(X),(X),(X),13.5,1.0,(X),(X),49.8,0.3,95.4,0.7,45.2,0.3,50.2,0.3,4.6,0.7,54.8,0.3,24.5,0.4,7.3,1.2,26.2,0.4,44.5,0.4,21.6,1.2,46.8,0.4,15.4,0.2,28.9,1.1,14.0,0.2,8.3,0.1,19.7,1.1,7.1,0.2,7.4,0.2,22.5,0.9,5.9,0.2,98.8,0.1,99.1,0.3,98.8,0.1,84.8,0.4,91.1,1.0,84.2,0.4,6.1,0.2,5.6,0.9,6.1,0.3,0.2,0.1,0.2,0.1,0.2,0.1,3.3,0.2,0.8,0.3,3.5,0.2,0.0,0.1,0.0,0.1,0.0,0.1,4.5,0.3,1.3,0.5,4.8,0.3,1.2,0.1,0.9,0.3,1.2,0.1,10.1,0.3,4.9,0.8,10.7,0.3,79.6,0.3,87.9,1.1,78.8,0.3,37898,541,44435,1417,37001,658,(X),(X),45121,1594,50171,919,(X),(X),24427,6710,27585,599,456625,1862,45490,1197,411135,1935,9.9,0.3,7.8,0.8,10.2,0.3,28.1,0.5,35.1,1.8,27.3,0.6,26.2,0.4,29.1,1.4,25.9,0.4,35.8,0.5,28.1,1.6,36.6,0.6,434418,1863,27199,1239,407219,2156,76.7,0.5,73.8,2.3,76.9,0.5,333175,2311,20077,921,313098,2364,5.2,0.3,5.4,1.0,5.2,0.3,(X),(X),(X),(X),(X),(X),(X),(X),(X),(X),(X),(X),(X),(X),(X),(X),(X),(X),(X),(X),(X),(X),(X),(X),2.8,(X),(X),(X),(X),(X),5.5,(X),(X),(X),(X),(X)
5001100US3620,3620,"Congressional District 20 (111th Congress), New York",528210,1352,61437,1153,466773,1930,(X),(X),5.5,0.6,(X),(X),(X),(X),9.6,0.8,(X),(X),(X),(X),34.2,1.2,(X),(X),(X),(X),12.9,0.7,(X),(X),(X),(X),12.8,0.7,(X),(X),49.4,0.2,94.6,0.6,43.4,0.2,50.6,0.2,5.4,0.6,56.6,0.2,24.8,0.2,5.8,0.7,27.3,0.3,40.1,0.2,25.4,1.1,42.0,0.3,16.5,0.1,26.7,1.0,15.2,0.2,10.0,0.1,21.3,0.7,8.5,0.1,8.7,0.1,20.8,0.7,7.1,0.2,99.0,0.1,99.2,0.2,99.0,0.1,94.2,0.2,97.3,0.5,93.8,0.2,2.5,0.1,1.4,0.3,2.7,0.1,0.2,0.1,0.1,0.1,0.2,0.1,1.2,0.1,0.2,0.1,1.3,0.1,0.0,0.1,0.0,0.1,0.0,0.1,0.9,0.1,0.2,0.1,1.0,0.1,1.0,0.1,0.8,0.2,1.0,0.1,2.6,0.1,1.2,0.3,2.7,0.1,92.7,0.2,96.4,0.5,92.2,0.2,28922,339,36256,912,27640,344,(X),(X),36985,940,36915,484,(X),(X),25427,2772,21824,323,465997,1570,60621,1109,405376,1957,11.0,0.4,10.0,0.7,11.2,0.4,32.8,0.4,38.1,1.3,32.1,0.4,28.0,0.5,29.0,1.2,27.8,0.5,28.2,0.5,22.9,1.1,29.0,0.6,429861,1293,35559,1076,394302,1715,77.1,0.5,75.4,1.4,77.2,0.5,331242,2180,26805,941,304437,2271,5.5,0.3,4.8,0.8,5.5,0.3,(X),(X),(X),(X),(X),(X),(X),(X),(X),(X),(X),(X),(X),(X),(X),(X),(X),(X),(X),(X),(X),(X),(X),(X),2.4,(X),(X),(X),(X),(X),4.8,(X),(X),(X),(X),(X)
5001100US3621,3621,"Congressional District 21 (111th Congress), New York",516852,787,52833,1096,464019,1204,(X),(X),5.5,0.7,(X),(X),(X),(X),10.0,0.8,(X),(X),(X),(X),31.0,1.1,(X),(X),(X),(X),13.7,0.8,(X),(X),(X),(X),17.1,0.8,(X),(X),47.7,0.1,93.2,0.7,42.5,0.2,52.3,0.1,6.8,0.7,57.5,0.2,30.1,0.1,6.5,0.7,32.8,0.2,36.5,0.1,24.2,1.1,37.9,0.2,14.9,0.1,24.6,1.0,13.8,0.2,8.5,0.1,18.9,0.8,7.4,0.1,10.0,0.1,25.8,0.8,8.2,0.1,98.7,0.1,99.0,0.3,98.6,0.1,86.4,0.2,92.4,0.7,85.7,0.2,7.2,0.1,5.2,0.6,7.5,0.1,0.3,0.1,0.4,0.1,0.3,0.1,3.0,0.1,0.5,0.2,3.3,0.1,0.0,0.1,0.0,0.1,0.0,0.1,1.7,0.1,0.5,0.3,1.8,0.2,1.3,0.1,1.0,0.3,1.4,0.1,3.4,0.1,1.6,0.3,3.6,0.1,84.7,0.1,91.5,0.7,83.9,0.2,27981,326,35655,831,26937,292,(X),(X),36241,858,34482,614,(X),(X),28761,3531,22428,310,434807,837,52147,1071,382660,1235,11.4,0.3,11.4,0.9,11.4,0.4,31.4,0.5,36.8,1.4,30.7,0.5,27.5,0.4,29.9,1.2,27.2,0.5,29.7,0.5,22.0,1.0,30.8,0.6,421256,777,29220,858,392036,979,77.1,0.6,74.2,1.8,77.3,0.6,324578,2518,21684,866,302894,2426,6.3,0.3,6.0,1.0,6.3,0.3,(X),(X),(X),(X),(X),(X),(X),(X),(X),(X),(X),(X),(X),(X),(X),(X),(X),(X),(X),(X),(X),(X),(X),(X),4.1,(X),(X),(X),(X),(X),5.7,(X),(X),(X),(X),(X)
5001100US3622,3622,"Congressional District 22 (111th Congress), New York",520066,1009,49483,1162,470583,1532,(X),(X),5.7,0.8,(X),(X),(X),(X),10.7,1.1,(X),(X),(X),(X),31.2,1.3,(X),(X),(X),(X),13.2,0.8,(X),(X),(X),(X),15.4,0.7,(X),(X),48.6,0.2,94.0,0.7,43.8,0.2,51.4,0.2,6.0,0.7,56.2,0.2,31.6,0.2,6.1,0.7,34.3,0.3,36.5,0.2,26.0,1.3,37.6,0.3,14.6,0.2,25.1,1.1,13.5,0.1,8.7,0.1,19.8,1.0,7.5,0.2,8.6,0.1,23.0,0.8,7.1,0.1,98.4,0.1,98.8,0.3,98.3,0.2,83.3,0.3,91.2,0.9,82.5,0.3,7.8,0.2,5.8,0.8,8.1,0.2,0.3,0.1,0.3,0.1,0.3,0.1,3.3,0.1,0.4,0.2,3.6,0.1,0.0,0.1,0.0,0.1,0.0,0.1,3.6,0.2,1.1,0.4,3.9,0.3,1.6,0.1,1.2,0.3,1.7,0.2,8.9,0.2,4.8,0.6,9.3,0.2,78.7,0.2,87.9,0.9,77.8,0.3,24888,366,36523,825,23444,415,(X),(X),37050,866,30428,562,(X),(X),29563,3501,19547,344,432977,1227,49029,1154,383948,1615,13.7,0.5,10.2,0.8,14.1,0.5,31.9,0.6,36.4,1.5,31.4,0.6,27.3,0.5,33.1,1.5,26.6,0.5,27.1,0.6,20.3,1.0,27.9,0.6,430217,1217,28292,996,401925,1551,74.6,0.6,76.3,1.7,74.5,0.6,321022,2629,21582,901,299440,2834,6.2,0.3,6.0,1.2,6.2,0.3,(X),(X),(X),(X),(X),(X),(X),(X),(X),(X),(X),(X),(X),(X),(X),(X),(X),(X),(X),(X),(X),(X),(X),(X),3.2,(X),(X),(X),(X),(X),5.4,(X),(X),(X),(X),(X)
5001100US3623,3623,"Congressional District 23 (111th Congress), New York",503362,1037,59470,1073,443892,1324,(X),(X),9.1,0.7,(X),(X),(X),(X),15.2,0.9,(X),(X),(X),(X),32.8,0.9,(X),(X),(X),(X),12.4,0.6,(X),(X),(X),(X),10.4,0.6,(X),(X),49.9,0.1,93.2,0.7,44.1,0.2,50.1,0.1,6.8,0.7,55.9,0.2,30.2,0.2,8.6,0.8,33.1,0.3,37.7,0.2,29.8,1.1,38.8,0.3,15.1,0.1,25.1,0.9,13.7,0.2,9.1,0.1,18.6,0.7,7.9,0.1,8.0,0.1,17.8,0.6,6.6,0.1,99.0,0.1,99.3,0.2,99.0,0.1,93.6,0.1,96.8,0.4,93.2,0.1,2.9,0.1,1.2,0.3,3.1,0.2,0.6,0.1,0.7,0.2,0.6,0.1,0.9,0.1,0.2,0.1,1.0,0.1,0.0,0.1,0.0,0.1,0.0,0.1,1.0,0.1,0.4,0.2,1.1,0.1,1.0,0.1,0.7,0.2,1.0,0.1,2.0,0.1,1.2,0.3,2.1,0.1,92.8,0.1,96.2,0.4,92.3,0.1,22669,301,32675,698,21277,245,(X),(X),33315,728,27826,568,(X),(X),22219,2448,17264,249,424595,1144,58206,1060,366389,1375,14.5,0.3,11.5,0.7,14.9,0.4,39.1,0.4,40.3,1.1,38.9,0.5,28.0,0.5,32.3,1.0,27.3,0.5,18.5,0.4,15.8,0.9,18.9,0.5,417406,948,37805,1018,379601,1365,71.0,0.5,73.8,1.2,70.7,0.5,296263,2154,27901,937,268362,2277,7.4,0.4,5.7,0.9,7.6,0.4,(X),(X),(X),(X),(X),(X),(X),(X),(X),(X),(X),(X),(X),(X),(X),(X),(X),(X),(X),(X),(X),(X),(X),(X),4.4,(X),(X),(X),(X),(X),5.0,(X),(X),(X),(X),(X)
5001100US3624,3624,"Congressional District 24 (111th Congress), New York",503599,848,56590,1082,447009,1328,(X),(X),5.6,0.6,(X),(X),(X),(X),11.2,0.8,(X),(X),(X),(X),33.4,1.1,(X),(X),(X),(X),13.8,0.6,(X),(X),(X),(X),14.4,0.7,(X),(X),49.3,0.1,94.2,0.6,43.6,0.2,50.7,0.1,5.8,0.6,56.4,0.2,28.1,0.2,6.4,0.7,30.8,0.3,37.0,0.2,26.1,1.0,38.3,0.3,15.6,0.1,25.4,0.8,14.3,0.2,9.5,0.1,19.3,0.7,8.3,0.1,9.8,0.1,22.7,0.8,8.2,0.1,99.0,0.1,99.1,0.3,99.0,0.1,92.9,0.1,96.0,0.4,92.5,0.2,3.6,0.1,2.1,0.4,3.8,0.1,0.3,0.1,0.4,0.1,0.3,0.1,1.2,0.1,0.3,0.2,1.4,0.1,0.0,0.1,0.0,0.1,0.0,0.1,0.9,0.1,0.4,0.2,1.0,0.1,1.0,0.1,0.9,0.3,1.0,0.1,2.4,0.1,1.0,0.2,2.6,0.1,91.8,0.1,95.5,0.5,91.3,0.2,23835,257,31386,703,22684,300,(X),(X),31690,694,29075,445,(X),(X),27865,1931,19045,281,428866,1035,55818,1054,373048,1368,13.6,0.3,11.3,0.7,13.9,0.4,34.8,0.5,37.6,1.0,34.4,0.6,29.3,0.4,32.2,1.0,28.8,0.4,22.3,0.4,18.9,0.9,22.8,0.5,406064,1111,32812,929,373252,1305,73.8,0.5,72.9,1.3,73.9,0.6,299651,2347,23920,879,275731,2412,6.1,0.3,6.4,0.8,6.1,0.3,(X),(X),(X),(X),(X),(X),(X),(X),(X),(X),(X),(X),(X),(X),(X),(X),(X),(X),(X),(X),(X),(X),(X),(X),2.6,(X),(X),(X),(X),(X),5.1,(X),(X),(X),(X),(X)
5001100US3625,3625,"Congressional District 25 (111th Congress), New York",497019,922,51296,1120,445723,1449,(X),(X),5.7,0.7,(X),(X),(X),(X),11.0,0.9,(X),(X),(X),(X),32.0,1.1,(X),(X),(X),(X),14.3,0.9,(X),(X),(X),(X),15.9,0.7,(X),(X),47.6,0.1,94.5,0.6,42.2,0.2,52.4,0.1,5.5,0.6,57.8,0.2,26.9,0.1,6.3,0.8,29.3,0.2,39.4,0.2,24.2,1.1,41.1,0.2,15.2,0.1,24.4,1.0,14.1,0.2,9.1,0.1,19.7,0.9,7.8,0.2,9.5,0.1,25.3,0.8,7.6,0.1,99.0,0.1,99.4,0.2,99.0,0.1,89.0,0.1,93.4,0.6,88.5,0.2,6.6,0.1,4.7,0.6,6.8,0.1,0.6,0.1,0.4,0.1,0.6,0.1,2.1,0.1,0.4,0.2,2.3,0.1,0.1,0.1,0.1,0.1,0.1,0.1,0.7,0.1,0.4,0.2,0.7,0.1,1.0,0.1,0.6,0.2,1.0,0.1,2.3,0.1,1.1,0.3,2.4,0.1,87.6,0.1,92.6,0.7,87.0,0.2,27852,272,34748,842,26859,263,(X),(X),35272,1095,35509,675,(X),(X),23650,3102,21876,273,437335,884,50735,1094,386600,1395,11.0,0.3,10.1,0.7,11.1,0.3,28.7,0.4,32.4,1.2,28.2,0.5,29.3,0.4,31.5,1.2,29.0,0.5,31.0,0.5,26.0,1.2,31.7,0.5,404924,894,28179,952,376745,1334,78.4,0.4,77.9,1.5,78.4,0.4,317456,1586,21963,911,295493,1808,5.5,0.3,6.4,1.1,5.5,0.3,(X),(X),(X),(X),(X),(X),(X),(X),(X),(X),(X),(X),(X),(X),(X),(X),(X),(X),(X),(X),(X),(X),(X),(X),2.2,(X),(X),(X),(X),(X),4.3,(X),(X),(X),(X),(X)
5001100US3626,3626,"Congressional District 26 (111th Congress), New York",506554,1378,51971,1198,454583,1691,(X),(X),5.3,0.6,(X),(X),(X),(X),8.4,0.7,(X),(X),(X),(X),33.6,1.1,(X),(X),(X),(X),13.3,1.0,(X),(X),(X),(X),15.3,0.9,(X),(X),48.8,0.2,95.1,0.5,43.5,0.3,51.2,0.2,4.9,0.5,56.5,0.3,27.0,0.4,5.2,0.7,29.5,0.4,39.2,0.3,23.9,1.2,41.0,0.4,15.0,0.3,26.8,0.9,13.7,0.3,9.1,0.2,20.5,1.0,7.8,0.2,9.6,0.2,23.6,0.9,8.1,0.2,99.3,0.1,99.4,0.2,99.3,0.1,92.5,0.3,96.0,0.6,92.1,0.3,3.7,0.2,2.6,0.5,3.8,0.2,0.3,0.1,0.2,0.1,0.3,0.1,2.0,0.1,0.4,0.2,2.1,0.1,0.0,0.1,0.0,0.1,0.0,0.1,0.7,0.1,0.2,0.1,0.8,0.1,0.7,0.1,0.6,0.2,0.7,0.1,2.1,0.1,1.1,0.3,2.3,0.1,91.4,0.3,95.3,0.6,90.9,0.3,27504,355,35646,822,26378,345,(X),(X),35736,810,36684,591,(X),(X),31904,6603,20320,337,437610,1753,51321,1178,386289,1956,10.1,0.3,9.9,0.7,10.1,0.4,32.1,0.6,35.2,1.1,31.7,0.6,29.2,0.5,32.3,1.2,28.8,0.5,28.6,0.5,22.5,1.1,29.4,0.5,411411,1343,29091,1005,382320,1652,76.0,0.5,73.9,1.4,76.1,0.5,312514,2198,21501,925,291013,2220,5.6,0.3,6.1,1.0,5.6,0.3,(X),(X),(X),(X),(X),(X),(X),(X),(X),(X),(X),(X),(X),(X),(X),(X),(X),(X),(X),(X),(X),(X),(X),(X),2.2,(X),(X),(X),(X),(X),4.3,(X),(X),(X),(X),(X)
5001100US3627,3627,"Congressional District 27 (111th Congress), New York",495760,2225,55748,1145,440012,2322,(X),(X),5.7,0.7,(X),(X),(X),(X),9.8,0.9,(X),(X),(X),(X),32.4,1.0,(X),(X),(X),(X),14.2,0.8,(X),(X),(X),(X),15.2,0.8,(X),(X),47.8,0.2,95.4,0.5,41.8,0.3,52.2,0.2,4.6,0.5,58.2,0.3,26.9,0.3,6.6,0.7,29.4,0.3,37.5,0.3,22.5,1.1,39.4,0.3,15.4,0.2,26.0,0.8,14.0,0.2,10.0,0.1,20.9,0.8,8.6,0.1,10.3,0.2,24.0,0.8,8.5,0.2,99.1,0.1,99.5,0.2,99.1,0.1,91.2,0.3,95.1,0.6,90.7,0.3,4.8,0.2,3.0,0.6,5.0,0.2,0.6,0.1,0.6,0.2,0.6,0.1,0.8,0.1,0.2,0.1,0.9,0.1,0.0,0.1,0.0,0.1,0.0,0.1,1.7,0.1,0.6,0.2,1.8,0.1,0.9,0.1,0.5,0.2,0.9,0.1,4.1,0.1,1.8,0.4,4.4,0.1,89.2,0.3,94.1,0.7,88.6,0.3,24797,328,32409,656,23580,353,(X),(X),32643,687,32328,496,(X),(X),27425,3003,19100,353,437887,1957,55128,1129,382759,2132,13.5,0.3,12.8,1.0,13.7,0.4,34.1,0.5,37.2,1.2,33.7,0.5,29.0,0.4,33.2,1.1,28.4,0.5,23.3,0.4,16.8,0.8,24.3,0.4,395368,1914,30693,978,364675,1976,76.7,0.5,72.5,1.3,77.0,0.5,303149,2115,22261,891,280888,2150,6.9,0.4,5.6,1.0,7.0,0.4,(X),(X),(X),(X),(X),(X),(X),(X),(X),(X),(X),(X),(X),(X),(X),(X),(X),(X),(X),(X),(X),(X),(X),(X),2.4,(X),(X),(X),(X),(X),5.0,(X),(X),(X),(X),(X)
5001100US3628,3628,"Congressional District 28 (111th Congress), New York",465060,2337,44371,1184,420689,2300,(X),(X),5.8,0.7,(X),(X),(X),(X),12.0,1.0,(X),(X),(X),(X),32.0,1.2,(X),(X),(X),(X),13.2,0.9,(X),(X),(X),(X),15.3,0.9,(X),(X),46.6,0.3,93.2,0.6,41.7,0.4,53.4,0.3,6.8,0.6,58.3,0.4,31.6,0.4,6.2,0.8,34.3,0.4,36.4,0.4,27.4,1.5,37.3,0.4,14.3,0.3,25.8,1.2,13.0,0.3,8.2,0.2,16.6,0.9,7.4,0.2,9.5,0.2,24.1,1.0,8.0,0.2,98.8,0.1,99.2,0.3,98.8,0.1,68.6,0.4,77.1,1.2,67.7,0.4,26.0,0.3,21.0,1.1,26.5,0.4,0.5,0.1,0.5,0.2,0.5,0.1,1.9,0.1,0.2,0.1,2.1,0.2,0.0,0.1,0.0,0.1,0.0,0.1,1.8,0.2,0.3,0.2,2.0,0.2,1.2,0.1,0.8,0.3,1.2,0.1,5.0,0.2,1.9,0.4,5.3,0.2,66.0,0.4,76.0,1.2,64.9,0.4,22383,260,31043,733,21444,290,(X),(X),31267,834,26377,513,(X),(X),28687,2600,18503,458,398050,2127,43791,1189,354259,2200,15.6,0.4,11.3,1.0,16.1,0.4,31.0,0.6,34.6,1.6,30.5,0.6,29.0,0.5,34.0,1.8,28.4,0.5,24.5,0.5,20.2,1.1,25.0,0.5,382351,2130,26328,961,356023,2119,72.5,0.7,71.5,1.9,72.6,0.8,277317,3022,18834,905,258483,3226,8.7,0.4,8.1,1.2,8.7,0.5,(X),(X),(X),(X),(X),(X),(X),(X),(X),(X),(X),(X),(X),(X),(X),(X),(X),(X),(X),(X),(X),(X),(X),(X),3.1,(X),(X),(X),(X),(X),5.8,(X),(X),(X),(X),(X)
5001100US3629,3629,"Congressional District 29 (111th Congress), New York",505366,955,57256,1165,448110,1214,(X),(X),5.1,0.6,(X),(X),(X),(X),9.6,0.8,(X),(X),(X),(X),35.9,0.9,(X),(X),(X),(X),13.7,0.8,(X),(X),(X),(X),14.9,0.6,(X),(X),48.7,0.2,94.9,0.5,42.8,0.3,51.3,0.2,5.1,0.5,57.2,0.3,26.9,0.2,5.9,0.6,29.6,0.2,37.6,0.2,23.3,1.1,39.5,0.2,16.2,0.2,28.0,0.8,14.7,0.2,9.8,0.1,20.0,0.7,8.5,0.1,9.5,0.1,22.8,0.7,7.8,0.1,99.2,0.1,99.4,0.2,99.2,0.1,93.1,0.2,96.1,0.3,92.7,0.2,3.0,0.1,2.3,0.3,3.1,0.2,0.5,0.1,0.6,0.1,0.4,0.1,2.1,0.1,0.2,0.1,2.3,0.1,0.0,0.1,0.0,0.1,0.0,0.1,0.6,0.1,0.2,0.1,0.6,0.1,0.8,0.1,0.6,0.2,0.8,0.1,1.5,0.1,0.6,0.2,1.6,0.1,92.2,0.2,95.6,0.4,91.8,0.2,25411,313,33243,756,24096,357,(X),(X),33778,737,32606,538,(X),(X),23921,2483,19496,342,434627,1386,56576,1148,378051,1377,10.6,0.3,9.7,0.6,10.8,0.3,32.2,0.4,36.1,0.9,31.6,0.4,28.1,0.4,30.8,1.0,27.7,0.4,29.0,0.4,23.4,1.0,29.9,0.4,407998,901,32767,972,375231,1171,76.5,0.4,74.2,1.3,76.7,0.5,312013,1901,24323,858,287690,1966,6.3,0.3,6.9,0.9,6.2,0.3,(X),(X),(X),(X),(X),(X),(X),(X),(X),(X),(X),(X),(X),(X),(X),(X),(X),(X),(X),(X),(X),(X),(X),(X),2.3,(X),(X),(X),(X),(X),3.7,(X),(X),(X),(X),(X)
5001100US3701,3701,"Congressional District 1 (111th Congress), North Carolina",455358,2780,50240,1132,405118,2688,(X),(X),11.5,1.1,(X),(X),(X),(X),19.1,1.3,(X),(X),(X),(X),33.8,1.2,(X),(X),(X),(X),11.8,0.9,(X),(X),(X),(X),10.2,0.7,(X),(X),45.7,0.2,91.3,0.9,40.0,0.3,54.3,0.2,8.7,0.9,60.0,0.3,28.2,0.3,11.2,1.2,30.3,0.3,36.5,0.3,31.4,1.2,37.1,0.4,15.8,0.2,23.7,1.1,14.8,0.2,10.1,0.2,16.2,0.8,9.4,0.2,9.4,0.1,17.5,0.7,8.4,0.2,99.1,0.1,99.0,0.3,99.1,0.1,47.2,0.3,59.7,1.6,45.6,0.3,48.4,0.3,38.0,1.5,49.7,0.3,0.8,0.1,0.5,0.2,0.8,0.1,0.6,0.1,0.3,0.1,0.6,0.1,0.0,0.1,0.0,0.1,0.0,0.1,2.1,0.2,0.5,0.2,2.3,0.2,0.9,0.1,1.0,0.3,0.9,0.1,3.4,0.1,1.2,0.3,3.6,0.2,46.2,0.3,59.2,1.6,44.6,0.3,18259,297,29606,865,16886,259,(X),(X),30031,939,20964,485,(X),(X),25855,2846,14781,286,394458,2294,48364,1073,346094,2185,24.3,0.5,13.4,0.8,25.8,0.6,34.6,0.6,35.1,1.3,34.5,0.6,28.1,0.6,36.1,1.4,27.0,0.6,13.1,0.4,15.5,0.9,12.7,0.4,366173,2634,33304,943,332869,2598,69.5,0.6,71.6,1.6,69.3,0.7,254668,2996,23862,921,230806,2763,10.5,0.5,7.1,1.3,10.9,0.5,(X),(X),(X),(X),(X),(X),(X),(X),(X),(X),(X),(X),(X),(X),(X),(X),(X),(X),(X),(X),(X),(X),(X),(X),3.3,(X),(X),(X),(X),(X),6.4,(X),(X),(X),(X),(X)
5001100US3702,3702,"Congressional District 2 (111th Congress), North Carolina",506325,2700,60707,1613,445618,2403,(X),(X),15.7,1.7,(X),(X),(X),(X),26.2,1.5,(X),(X),(X),(X),34.3,1.4,(X),(X),(X),(X),9.5,0.7,(X),(X),(X),(X),6.7,0.5,(X),(X),47.8,0.3,87.6,1.0,42.4,0.3,52.2,0.3,12.4,1.0,57.6,0.3,33.7,0.3,13.4,1.5,36.5,0.3,38.3,0.3,35.7,1.2,38.6,0.3,13.9,0.2,24.2,1.1,12.5,0.2,7.9,0.2,14.3,0.8,7.0,0.2,6.2,0.1,12.4,0.7,5.4,0.1,98.7,0.1,98.1,0.5,98.8,0.1,63.7,0.5,67.1,1.3,63.2,0.5,28.6,0.3,29.4,1.3,28.5,0.3,0.5,0.1,0.4,0.1,0.5,0.1,1.1,0.1,0.3,0.1,1.3,0.1,0.1,0.1,0.2,0.1,0.1,0.1,4.8,0.3,0.7,0.2,5.3,0.3,1.3,0.1,1.9,0.5,1.2,0.1,8.3,0.2,2.5,0.5,9.1,0.2,60.4,0.4,65.6,1.3,59.7,0.4,22261,269,34653,995,20830,292,(X),(X),35532,1163,25149,631,(X),(X),28727,2626,17997,333,431317,1892,58764,1335,372553,1876,20.1,0.5,8.8,0.6,21.9,0.6,31.6,0.5,30.7,1.4,31.7,0.6,30.2,0.5,41.7,1.5,28.4,0.5,18.2,0.4,18.8,1.1,18.1,0.5,434894,2659,44500,1627,390394,2310,73.8,0.6,77.7,1.4,73.3,0.6,320868,3219,34576,1525,286292,2763,8.3,0.4,6.9,1.0,8.5,0.5,(X),(X),(X),(X),(X),(X),(X),(X),(X),(X),(X),(X),(X),(X),(X),(X),(X),(X),(X),(X),(X),(X),(X),(X),3.0,(X),(X),(X),(X),(X),5.6,(X),(X),(X),(X),(X)
5001100US3703,3703,"Congressional District 3 (111th Congress), North Carolina",480265,3387,74316,2448,405949,3429,(X),(X),18.9,2.1,(X),(X),(X),(X),24.7,1.0,(X),(X),(X),(X),34.4,1.2,(X),(X),(X),(X),11.0,0.7,(X),(X),(X),(X),7.7,0.5,(X),(X),46.4,0.3,90.0,0.8,38.5,0.4,53.6,0.3,10.0,0.8,61.5,0.4,29.5,0.5,15.6,2.1,32.1,0.4,36.7,0.3,29.7,1.1,38.0,0.4,16.1,0.2,23.6,1.1,14.7,0.2,10.2,0.1,17.1,0.8,9.0,0.2,7.4,0.1,14.1,0.6,6.2,0.2,98.7,0.1,98.3,0.4,98.8,0.1,78.1,0.4,80.6,1.0,77.7,0.4,16.7,0.3,15.6,1.0,16.9,0.4,0.3,0.1,0.4,0.2,0.3,0.1,1.1,0.1,0.5,0.2,1.3,0.1,0.0,0.1,0.0,0.1,0.0,0.1,2.4,0.2,1.2,0.4,2.6,0.2,1.3,0.1,1.7,0.4,1.2,0.1,3.8,0.2,2.5,0.6,4.0,0.2,76.9,0.4,79.4,1.0,76.4,0.4,24254,289,37584,1102,21658,252,(X),(X),38928,1127,28386,626,(X),(X),26235,1949,18108,313,408078,2567,68607,1626,339471,2832,14.8,0.5,7.6,0.7,16.3,0.5,30.2,0.6,30.2,1.2,30.2,0.6,32.5,0.6,39.4,1.5,31.1,0.6,22.5,0.5,22.8,1.1,22.4,0.6,395453,3238,51134,2355,344319,3228,74.3,0.7,76.7,2.9,73.9,0.6,293756,2959,39206,1535,254550,2841,7.0,0.4,5.2,0.9,7.3,0.4,(X),(X),(X),(X),(X),(X),(X),(X),(X),(X),(X),(X),(X),(X),(X),(X),(X),(X),(X),(X),(X),(X),(X),(X),2.2,(X),(X),(X),(X),(X),3.9,(X),(X),(X),(X),(X)
5001100US3704,3704,"Congressional District 4 (111th Congress), North Carolina",569706,2143,48137,1388,521569,2346,(X),(X),8.9,1.1,(X),(X),(X),(X),19.8,1.1,(X),(X),(X),(X),32.9,1.4,(X),(X),(X),(X),10.1,0.8,(X),(X),(X),(X),9.5,0.7,(X),(X),47.7,0.2,91.2,0.9,43.7,0.3,52.3,0.2,8.8,0.9,56.3,0.3,34.4,0.2,9.1,1.1,36.7,0.3,40.7,0.2,33.3,1.3,41.4,0.3,13.1,0.2,24.7,1.1,12.0,0.2,6.4,0.1,16.9,0.8,5.4,0.1,5.4,0.1,15.9,0.8,4.4,0.1,98.7,0.1,98.9,0.3,98.7,0.1,70.4,0.3,76.2,1.3,69.9,0.3,18.8,0.2,20.7,1.3,18.6,0.2,0.3,0.1,0.4,0.2,0.3,0.1,5.7,0.1,1.1,0.3,6.1,0.1,0.0,0.1,0.1,0.1,0.0,0.1,3.6,0.2,0.4,0.2,3.9,0.2,1.3,0.1,1.1,0.3,1.3,0.1,6.1,0.2,1.6,0.5,6.5,0.2,68.1,0.3,75.2,1.4,67.4,0.3,33287,481,44053,1715,32176,412,(X),(X),45331,1530,40804,754,(X),(X),33585,4344,27145,454,492579,2060,47247,1340,445332,2288,8.9,0.3,5.3,0.8,9.3,0.3,16.2,0.4,20.2,1.2,15.8,0.4,23.0,0.4,32.1,1.4,22.0,0.4,51.9,0.5,42.4,1.6,52.9,0.6,502571,2087,32311,1115,470260,2293,78.8,0.5,81.9,1.7,78.6,0.5,396141,2888,26467,1018,369674,2776,5.3,0.3,6.3,1.2,5.2,0.3,(X),(X),(X),(X),(X),(X),(X),(X),(X),(X),(X),(X),(X),(X),(X),(X),(X),(X),(X),(X),(X),(X),(X),(X),2.2,(X),(X),(X),(X),(X),4.4,(X),(X),(X),(X),(X)
5001100US3705,3705,"Congressional District 5 (111th Congress), North Carolina",521340,1886,53047,1321,468293,2488,(X),(X),4.7,0.7,(X),(X),(X),(X),11.4,1.0,(X),(X),(X),(X),36.8,1.1,(X),(X),(X),(X),14.1,0.8,(X),(X),(X),(X),12.2,0.9,(X),(X),47.8,0.1,94.2,0.6,42.5,0.2,52.2,0.1,5.8,0.6,57.5,0.2,26.5,0.2,5.6,0.8,28.8,0.3,38.4,0.2,25.2,1.2,39.8,0.3,16.2,0.2,28.7,1.0,14.8,0.2,10.2,0.1,19.3,1.0,9.2,0.2,8.7,0.1,21.3,0.8,7.3,0.1,99.2,0.1,99.4,0.2,99.2,0.1,88.3,0.4,91.8,0.8,87.9,0.4,7.4,0.2,6.6,0.7,7.5,0.2,0.3,0.1,0.4,0.3,0.3,0.1,0.9,0.1,0.3,0.2,1.0,0.1,0.0,0.1,0.0,0.1,0.0,0.1,2.2,0.3,0.2,0.2,2.5,0.3,0.8,0.1,0.6,0.2,0.8,0.1,4.4,0.3,1.0,0.3,4.8,0.3,86.4,0.4,91.0,0.8,85.8,0.4,23699,295,34044,850,22426,254,(X),(X),34468,893,28713,569,(X),(X),27228,6127,18876,282,461432,1948,52433,1287,408999,2504,18.6,0.5,13.2,0.9,19.2,0.5,31.6,0.6,30.8,1.5,31.7,0.6,27.4,0.5,33.2,1.7,26.6,0.5,22.5,0.5,22.8,1.2,22.5,0.5,422587,1697,31529,1143,391058,2081,77.0,0.5,77.0,1.6,77.0,0.5,325403,2706,24280,1013,301123,2730,6.3,0.3,4.6,1.0,6.5,0.3,(X),(X),(X),(X),(X),(X),(X),(X),(X),(X),(X),(X),(X),(X),(X),(X),(X),(X),(X),(X),(X),(X),(X),(X),2.0,(X),(X),(X),(X),(X),3.9,(X),(X),(X),(X),(X)
5001100US3706,3706,"Congressional District 6 (111th Congress), North Carolina",522558,3616,59364,1553,463194,3050,(X),(X),5.4,0.7,(X),(X),(X),(X),13.1,1.1,(X),(X),(X),(X),34.1,1.4,(X),(X),(X),(X),13.1,0.7,(X),(X),(X),(X),12.8,0.8,(X),(X),48.1,0.2,93.9,0.8,42.2,0.3,51.9,0.2,6.1,0.8,57.8,0.3,26.0,0.3,7.2,0.9,28.4,0.3,38.8,0.3,26.0,1.3,40.5,0.3,16.2,0.2,26.3,1.0,15.0,0.2,9.9,0.1,19.2,0.8,8.7,0.2,9.1,0.2,21.4,0.9,7.5,0.2,99.5,0.1,99.4,0.2,99.5,0.1,85.3,0.5,90.2,0.9,84.7,0.5,9.7,0.4,8.4,0.8,9.9,0.4,0.4,0.1,0.2,0.1,0.4,0.1,1.4,0.1,0.1,0.1,1.6,0.1,0.0,0.1,0.0,0.1,0.0,0.1,2.6,0.2,0.5,0.3,2.8,0.2,0.5,0.1,0.6,0.2,0.5,0.1,4.6,0.2,1.1,0.3,5.0,0.2,83.4,0.5,89.5,0.9,82.6,0.5,26209,363,34628,1153,25210,365,(X),(X),35380,1236,31844,561,(X),(X),27506,4098,20782,360,469580,3366,58749,1532,410831,2897,16.7,0.4,11.1,0.9,17.5,0.5,30.3,0.6,30.3,1.4,30.3,0.6,28.2,0.5,32.3,1.4,27.6,0.5,24.8,0.4,26.3,1.1,24.5,0.5,423522,3423,35263,1385,388259,2970,78.8,0.5,78.2,1.9,78.9,0.5,333924,2942,27569,1081,306355,2815,6.9,0.4,6.9,1.4,6.9,0.4,(X),(X),(X),(X),(X),(X),(X),(X),(X),(X),(X),(X),(X),(X),(X),(X),(X),(X),(X),(X),(X),(X),(X),(X),2.4,(X),(X),(X),(X),(X),4.0,(X),(X),(X),(X),(X)
5001100US3707,3707,"Congressional District 7 (111th Congress), North Carolina",530654,1774,62250,1223,468404,1827,(X),(X),8.0,0.7,(X),(X),(X),(X),17.3,1.2,(X),(X),(X),(X),36.7,1.0,(X),(X),(X),(X),13.1,0.8,(X),(X),(X),(X),9.8,0.6,(X),(X),47.5,0.1,92.9,0.7,41.5,0.2,52.5,0.1,7.1,0.7,58.5,0.2,29.3,0.2,7.3,0.8,32.3,0.2,36.1,0.2,28.6,1.2,37.1,0.2,16.6,0.1,27.3,0.9,15.2,0.2,10.4,0.1,19.0,0.7,9.2,0.1,7.6,0.1,17.8,0.6,6.2,0.1,98.8,0.1,98.9,0.3,98.8,0.1,68.3,0.3,77.2,1.1,67.1,0.3,19.9,0.2,16.9,1.0,20.3,0.3,7.2,0.1,4.2,0.7,7.6,0.2,0.7,0.1,0.3,0.1,0.8,0.1,0.0,0.1,0.0,0.1,0.0,0.1,2.7,0.2,0.3,0.1,3.0,0.2,1.2,0.1,1.1,0.3,1.2,0.1,4.3,0.1,1.1,0.2,4.7,0.2,66.7,0.2,76.5,1.1,65.4,0.3,21140,289,34348,986,19635,318,(X),(X),34936,1047,25049,641,(X),(X),26903,3113,16361,300,459561,1614,61451,1213,398110,1681,19.6,0.5,10.3,0.8,21.0,0.5,30.4,0.5,30.3,1.4,30.4,0.6,29.2,0.5,35.2,1.4,28.3,0.5,20.8,0.4,24.1,1.0,20.3,0.5,435340,1708,39314,1218,396026,1878,71.9,0.5,72.8,1.2,71.8,0.6,313147,2424,28638,1047,284509,2430,7.7,0.4,5.3,0.9,7.9,0.4,(X),(X),(X),(X),(X),(X),(X),(X),(X),(X),(X),(X),(X),(X),(X),(X),(X),(X),(X),(X),(X),(X),(X),(X),3.2,(X),(X),(X),(X),(X),5.8,(X),(X),(X),(X),(X)
5001100US3708,3708,"Congressional District 8 (111th Congress), North Carolina",485621,2660,59395,1524,426226,2542,(X),(X),15.2,1.4,(X),(X),(X),(X),29.1,1.4,(X),(X),(X),(X),30.5,1.2,(X),(X),(X),(X),9.3,0.7,(X),(X),(X),(X),7.2,0.5,(X),(X),47.3,0.2,86.7,0.9,41.8,0.3,52.7,0.2,13.3,0.9,58.2,0.3,33.6,0.3,13.3,1.1,36.5,0.3,38.2,0.2,39.0,1.2,38.1,0.3,13.4,0.2,21.2,1.0,12.3,0.2,7.9,0.2,13.8,0.7,7.1,0.2,6.8,0.1,12.8,0.6,5.9,0.1,98.4,0.2,98.1,0.5,98.5,0.2,64.9,0.4,68.0,1.4,64.5,0.4,26.6,0.4,27.5,1.3,26.5,0.4,1.5,0.1,0.8,0.2,1.7,0.1,1.8,0.1,0.7,0.3,2.0,0.2,0.1,0.1,0.2,0.1,0.1,0.1,3.4,0.3,0.9,0.3,3.8,0.3,1.6,0.2,1.9,0.5,1.5,0.2,7.4,0.3,2.2,0.3,8.1,0.3,61.3,0.4,67.1,1.4,60.4,0.4,22919,276,34940,926,21372,261,(X),(X),36002,972,25691,533,(X),(X),28648,1512,18287,378,416455,2078,57701,1436,358754,2214,18.5,0.5,8.6,0.7,20.0,0.6,31.4,0.6,29.0,1.3,31.8,0.7,30.8,0.6,42.9,1.4,28.8,0.6,19.4,0.4,19.5,1.2,19.3,0.5,414195,2437,43611,1394,370584,2406,75.3,0.6,78.9,1.4,74.9,0.6,311987,3368,34423,1351,277564,3102,8.7,0.4,6.5,0.9,9.0,0.4,(X),(X),(X),(X),(X),(X),(X),(X),(X),(X),(X),(X),(X),(X),(X),(X),(X),(X),(X),(X),(X),(X),(X),(X),2.6,(X),(X),(X),(X),(X),4.2,(X),(X),(X),(X),(X)
5001100US3709,3709,"Congressional District 9 (111th Congress), North Carolina",586855,2791,56829,1253,530026,2982,(X),(X),5.7,0.8,(X),(X),(X),(X),16.2,1.2,(X),(X),(X),(X),33.7,1.4,(X),(X),(X),(X),10.7,0.7,(X),(X),(X),(X),10.7,0.7,(X),(X),48.0,0.2,94.5,0.7,43.0,0.2,52.0,0.2,5.5,0.7,57.0,0.2,29.2,0.3,7.6,0.9,31.6,0.4,43.3,0.3,30.3,1.5,44.7,0.3,14.0,0.2,26.8,1.2,12.6,0.2,7.3,0.1,17.6,0.7,6.2,0.1,6.2,0.1,17.7,0.8,5.0,0.1,99.2,0.1,99.5,0.2,99.2,0.1,80.7,0.4,85.1,1.2,80.3,0.4,12.9,0.3,12.5,1.0,13.0,0.3,0.3,0.1,0.6,0.2,0.3,0.1,2.7,0.1,0.4,0.2,2.9,0.1,0.0,0.1,0.1,0.1,0.0,0.1,2.5,0.3,0.8,0.3,2.6,0.3,0.8,0.1,0.5,0.2,0.8,0.1,5.7,0.2,1.9,0.4,6.1,0.3,77.7,0.3,83.9,1.2,77.0,0.4,33100,353,42367,1088,32116,311,(X),(X),43074,1006,42021,603,(X),(X),29585,2686,25840,416,531698,2520,56277,1243,475421,2733,10.6,0.3,7.3,0.8,11.0,0.3,21.5,0.5,24.6,1.4,21.1,0.5,28.6,0.5,34.5,1.5,27.9,0.5,39.3,0.6,33.7,1.3,40.0,0.6,507637,2699,36755,1112,470882,2827,81.5,0.4,84.5,1.3,81.2,0.4,413595,2870,31040,1097,382555,3017,6.2,0.3,6.0,1.0,6.3,0.4,(X),(X),(X),(X),(X),(X),(X),(X),(X),(X),(X),(X),(X),(X),(X),(X),(X),(X),(X),(X),(X),(X),(X),(X),2.4,(X),(X),(X),(X),(X),4.4,(X),(X),(X),(X),(X)
5001100US3710,3710,"Congressional District 10 (111th Congress), North Carolina",506765,1501,53163,1332,453602,1959,(X),(X),5.5,0.8,(X),(X),(X),(X),10.3,1.0,(X),(X),(X),(X),36.4,1.3,(X),(X),(X),(X),13.7,0.9,(X),(X),(X),(X),10.9,0.7,(X),(X),48.6,0.1,94.9,0.7,43.1,0.2,51.4,0.1,5.1,0.7,56.9,0.2,26.1,0.2,6.6,0.8,28.4,0.2,39.2,0.2,25.1,1.3,40.9,0.2,16.1,0.1,28.0,1.2,14.6,0.2,10.3,0.1,20.5,0.8,9.1,0.1,8.4,0.1,19.7,0.7,7.0,0.1,99.3,0.1,99.3,0.2,99.3,0.1,86.9,0.3,91.7,0.8,86.3,0.3,8.4,0.2,6.8,0.8,8.6,0.2,0.3,0.1,0.3,0.2,0.3,0.1,1.3,0.1,0.2,0.1,1.5,0.1,0.0,0.1,0.0,0.1,0.0,0.1,2.4,0.2,0.4,0.2,2.6,0.2,0.7,0.1,0.7,0.2,0.7,0.1,4.4,0.1,1.4,0.4,4.7,0.1,85.1,0.2,91.0,0.9,84.4,0.2,22011,211,29969,764,21240,222,(X),(X),30362,707,26851,320,(X),(X),23392,2628,17418,258,453674,1468,52691,1330,400983,1955,21.5,0.5,14.3,0.9,22.5,0.5,32.6,0.6,32.4,1.3,32.6,0.6,28.9,0.5,35.7,1.2,28.0,0.6,17.0,0.4,17.7,1.2,16.9,0.4,412360,1418,31755,1155,380605,1688,74.6,0.6,73.1,1.8,74.8,0.6,307795,2562,23208,1045,284587,2597,8.5,0.4,6.3,1.0,8.7,0.4,(X),(X),(X),(X),(X),(X),(X),(X),(X),(X),(X),(X),(X),(X),(X),(X),(X),(X),(X),(X),(X),(X),(X),(X),2.5,(X),(X),(X),(X),(X),4.2,(X),(X),(X),(X),(X)
5001100US3711,3711,"Congressional District 11 (111th Congress), North Carolina",527906,828,67141,1578,460765,1784,(X),(X),4.1,0.6,(X),(X),(X),(X),10.0,1.0,(X),(X),(X),(X),35.0,1.3,(X),(X),(X),(X),16.4,0.9,(X),(X),(X),(X),15.5,0.9,(X),(X),47.4,0.1,94.0,0.6,40.6,0.2,52.6,0.1,6.0,0.6,59.4,0.2,24.8,0.2,4.8,0.8,27.7,0.2,34.8,0.2,22.4,1.1,36.6,0.2,17.2,0.1,26.1,1.0,15.9,0.2,12.0,0.1,21.3,0.8,10.7,0.1,11.2,0.1,25.4,0.8,9.2,0.1,99.0,0.1,99.0,0.3,99.0,0.1,91.3,0.2,94.2,0.5,90.9,0.2,4.3,0.1,3.7,0.4,4.4,0.1,1.3,0.1,0.8,0.2,1.3,0.1,0.7,0.1,0.2,0.1,0.8,0.1,0.0,0.1,0.1,0.1,0.0,0.1,1.4,0.1,0.1,0.1,1.6,0.2,1.0,0.1,1.0,0.3,1.0,0.1,3.1,0.1,0.8,0.3,3.4,0.1,89.8,0.1,93.6,0.6,89.2,0.1,22175,271,30352,829,21020,286,(X),(X),30602,814,26379,487,(X),(X),26277,3595,17651,325,473162,968,66504,1574,406658,1788,16.5,0.5,11.7,0.8,17.3,0.6,29.6,0.5,27.7,1.3,30.0,0.5,29.5,0.6,33.6,1.4,28.8,0.6,24.4,0.5,27.0,1.4,23.9,0.5,405191,886,35732,1485,369459,1748,74.1,0.6,72.5,1.8,74.3,0.6,300304,2558,25909,1323,274395,2382,6.2,0.4,5.8,1.0,6.2,0.4,(X),(X),(X),(X),(X),(X),(X),(X),(X),(X),(X),(X),(X),(X),(X),(X),(X),(X),(X),(X),(X),(X),(X),(X),2.7,(X),(X),(X),(X),(X),4.4,(X),(X),(X),(X),(X)
5001100US3712,3712,"Congressional District 12 (111th Congress), North Carolina",507663,3968,46595,1624,461068,3825,(X),(X),7.2,1.0,(X),(X),(X),(X),18.4,1.2,(X),(X),(X),(X),30.5,1.5,(X),(X),(X),(X),9.7,0.8,(X),(X),(X),(X),10.8,0.9,(X),(X),47.6,0.4,91.3,0.8,43.2,0.4,52.4,0.4,8.7,0.8,56.8,0.4,35.4,0.4,9.4,1.2,38.0,0.5,37.9,0.4,36.0,1.6,38.1,0.5,12.6,0.3,23.6,1.2,11.5,0.3,7.3,0.2,13.3,1.0,6.7,0.2,6.8,0.2,17.6,1.1,5.7,0.2,98.8,0.1,98.8,0.4,98.8,0.1,49.5,0.5,55.7,1.7,48.8,0.5,41.6,0.4,41.4,1.6,41.6,0.4,0.5,0.1,0.5,0.2,0.5,0.1,3.0,0.2,0.6,0.3,3.2,0.2,0.1,0.1,0.1,0.1,0.1,0.1,4.2,0.3,0.5,0.2,4.6,0.3,1.2,0.1,1.2,0.4,1.2,0.1,8.7,0.4,1.7,0.4,9.4,0.4,45.2,0.5,55.0,1.7,44.2,0.5,22539,317,31106,796,21716,296,(X),(X),31158,755,25861,451,(X),(X),29620,6219,18732,387,432747,3636,45726,1614,387021,3670,19.9,0.5,13.2,1.0,20.7,0.6,30.3,0.6,31.4,1.5,30.2,0.6,26.9,0.6,35.2,1.6,25.9,0.6,23.0,0.6,20.2,1.5,23.3,0.6,436205,3721,32186,1448,404019,3764,77.2,0.4,80.4,1.6,77.0,0.5,336962,3503,25870,1379,311092,3594,9.7,0.4,9.4,1.5,9.8,0.4,(X),(X),(X),(X),(X),(X),(X),(X),(X),(X),(X),(X),(X),(X),(X),(X),(X),(X),(X),(X),(X),(X),(X),(X),3.4,(X),(X),(X),(X),(X),6.3,(X),(X),(X),(X),(X)
5001100US3713,3713,"Congressional District 13 (111th Congress), North Carolina",546520,3692,50245,1292,496275,3638,(X),(X),6.9,0.9,(X),(X),(X),(X),20.2,1.4,(X),(X),(X),(X),32.1,1.4,(X),(X),(X),(X),10.0,0.7,(X),(X),(X),(X),10.3,0.8,(X),(X),48.4,0.3,91.8,1.0,44.0,0.4,51.6,0.3,8.2,1.0,56.0,0.4,34.4,0.3,8.5,0.9,37.0,0.4,38.8,0.3,33.5,1.4,39.3,0.4,13.0,0.2,25.6,1.2,11.7,0.2,7.4,0.2,15.3,0.8,6.6,0.2,6.5,0.2,17.1,0.8,5.4,0.2,99.1,0.1,99.2,0.3,99.1,0.1,65.8,0.4,73.1,1.6,65.0,0.5,26.2,0.3,24.8,1.5,26.4,0.4,0.4,0.1,0.2,0.1,0.4,0.1,2.4,0.2,0.5,0.2,2.6,0.2,0.1,0.1,0.2,0.3,0.0,0.1,4.2,0.3,0.4,0.2,4.6,0.3,0.9,0.1,0.8,0.3,0.9,0.1,7.6,0.2,1.8,0.5,8.2,0.3,62.6,0.4,71.9,1.6,61.6,0.4,25866,324,35505,818,24849,378,(X),(X),35708,836,28924,555,(X),(X),33275,3512,21405,384,472996,3284,49776,1268,423220,3346,15.8,0.4,9.6,0.8,16.5,0.4,26.0,0.5,27.1,1.4,25.9,0.5,27.2,0.5,34.6,1.6,26.3,0.4,31.0,0.5,28.7,1.3,31.3,0.5,470338,3477,33966,1170,436372,3353,78.3,0.5,80.5,1.4,78.2,0.6,368410,3326,27334,957,341076,3291,6.9,0.3,6.0,0.9,6.9,0.4,(X),(X),(X),(X),(X),(X),(X),(X),(X),(X),(X),(X),(X),(X),(X),(X),(X),(X),(X),(X),(X),(X),(X),(X),3.1,(X),(X),(X),(X),(X),6.0,(X),(X),(X),(X),(X)
5001100US3800,3800,"Congressional District (at Large) (111th Congress), North Dakota",489825,606,55458,1329,434367,1370,(X),(X),13.6,1.1,(X),(X),(X),(X),14.8,1.0,(X),(X),(X),(X),32.8,0.9,(X),(X),(X),(X),12.5,0.6,(X),(X),(X),(X),11.2,0.6,(X),(X),49.4,0.1,92.1,0.7,44.0,0.2,50.6,0.1,7.9,0.7,56.0,0.2,32.8,0.1,12.4,1.1,35.4,0.2,34.1,0.1,23.9,1.0,35.5,0.2,14.0,0.1,25.9,0.8,12.5,0.1,8.8,0.1,17.9,0.6,7.7,0.1,10.3,0.1,19.9,0.7,9.1,0.1,99.2,0.1,98.9,0.4,99.2,0.1,92.6,0.1,93.9,0.6,92.5,0.1,0.7,0.1,1.0,0.3,0.7,0.1,4.3,0.1,3.1,0.4,4.5,0.1,0.8,0.1,0.3,0.2,0.9,0.1,0.1,0.1,0.1,0.1,0.1,0.1,0.6,0.1,0.4,0.2,0.6,0.1,0.8,0.1,1.1,0.4,0.8,0.1,1.6,0.1,1.5,0.3,1.6,0.1,91.8,0.1,92.9,0.7,91.6,0.1,24367,230,33140,902,23060,253,(X),(X),34039,871,31590,344,(X),(X),25679,2581,18075,256,404529,724,52851,1193,351678,1366,11.4,0.3,12.9,0.7,11.2,0.3,28.6,0.4,31.5,0.9,28.2,0.4,34.5,0.4,34.3,1.0,34.5,0.4,25.5,0.4,21.3,0.9,26.1,0.5,396181,632,34484,1110,361697,1216,82.8,0.4,83.0,1.3,82.8,0.4,327943,1653,28606,1118,299337,1811,3.5,0.2,2.9,0.6,3.6,0.2,(X),(X),(X),(X),(X),(X),(X),(X),(X),(X),(X),(X),(X),(X),(X),(X),(X),(X),(X),(X),(X),(X),(X),(X),1.6,(X),(X),(X),(X),(X),3.7,(X),(X),(X),(X),(X)
5001100US3901,3901,"Congressional District 1 (111th Congress), Ohio",475868,2336,45320,1329,430548,2606,(X),(X),4.4,0.8,(X),(X),(X),(X),9.0,0.9,(X),(X),(X),(X),31.8,1.2,(X),(X),(X),(X),14.3,0.9,(X),(X),(X),(X),15.3,1.0,(X),(X),46.8,0.2,94.5,0.7,41.8,0.3,53.2,0.2,5.5,0.7,58.2,0.3,32.0,0.3,5.6,0.9,34.8,0.3,37.4,0.3,27.4,1.4,38.4,0.3,13.5,0.2,24.1,1.2,12.4,0.2,8.5,0.1,18.5,0.9,7.4,0.2,8.6,0.2,24.4,1.1,6.9,0.2,98.9,0.1,99.2,0.3,98.8,0.1,70.3,0.3,75.4,1.1,69.7,0.3,26.5,0.2,23.2,1.2,26.8,0.2,0.1,0.1,0.1,0.1,0.1,0.1,1.3,0.1,0.2,0.1,1.4,0.1,0.0,0.1,0.0,0.1,0.0,0.1,0.7,0.1,0.2,0.1,0.7,0.1,1.1,0.1,0.8,0.3,1.2,0.1,1.7,0.1,0.7,0.3,1.7,0.1,69.4,0.2,75.0,1.1,68.8,0.3,24733,347,32432,976,23795,370,(X),(X),32923,1006,29282,632,(X),(X),25436,3571,20442,353,409836,2148,44679,1278,365157,2239,15.3,0.5,14.0,1.1,15.4,0.5,33.6,0.6,35.6,1.7,33.4,0.6,27.0,0.5,30.1,1.4,26.6,0.5,24.1,0.5,20.4,1.3,24.5,0.6,394570,1949,25897,1026,368673,2259,76.9,0.8,75.5,1.9,77.0,0.8,303525,2583,19544,969,283981,2497,7.8,0.4,7.8,1.4,7.8,0.4,(X),(X),(X),(X),(X),(X),(X),(X),(X),(X),(X),(X),(X),(X),(X),(X),(X),(X),(X),(X),(X),(X),(X),(X),2.8,(X),(X),(X),(X),(X),6.3,(X),(X),(X),(X),(X)
5001100US3902,3902,"Congressional District 2 (111th Congress), Ohio",507949,2414,51315,1366,456634,2604,(X),(X),5.2,0.7,(X),(X),(X),(X),12.6,1.1,(X),(X),(X),(X),34.2,1.3,(X),(X),(X),(X),12.5,0.7,(X),(X),(X),(X),13.3,0.9,(X),(X),48.0,0.2,94.7,0.7,42.8,0.3,52.0,0.2,5.3,0.7,57.2,0.3,28.3,0.3,7.9,0.9,30.6,0.3,39.9,0.3,25.3,1.3,41.5,0.4,14.8,0.2,27.1,1.0,13.4,0.3,8.8,0.1,18.2,0.9,7.8,0.2,8.2,0.2,21.5,1.0,6.7,0.2,99.1,0.1,99.3,0.2,99.1,0.1,92.1,0.3,94.4,0.7,91.9,0.3,4.8,0.2,4.3,0.6,4.8,0.3,0.2,0.1,0.3,0.2,0.2,0.1,1.8,0.1,0.2,0.1,1.9,0.1,0.1,0.1,0.0,0.1,0.1,0.1,0.2,0.1,0.1,0.1,0.2,0.1,0.9,0.1,0.7,0.2,0.9,0.1,1.1,0.1,0.5,0.2,1.2,0.1,91.3,0.2,93.9,0.7,91.0,0.3,29210,346,35558,999,28264,394,(X),(X),35905,1029,38592,750,(X),(X),29115,3988,21605,383,454992,2150,50820,1382,404172,2411,12.7,0.4,11.5,0.8,12.8,0.4,30.5,0.5,33.2,1.5,30.2,0.6,24.4,0.4,29.9,1.2,23.7,0.5,32.4,0.5,25.4,1.2,33.2,0.6,421620,2057,30937,1208,390683,2012,77.6,0.4,77.4,1.6,77.6,0.5,327215,2495,23939,1146,303276,2564,6.7,0.3,5.5,1.0,6.8,0.3,(X),(X),(X),(X),(X),(X),(X),(X),(X),(X),(X),(X),(X),(X),(X),(X),(X),(X),(X),(X),(X),(X),(X),(X),2.1,(X),(X),(X),(X),(X),3.8,(X),(X),(X),(X),(X)
5001100US3903,3903,"Congressional District 3 (111th Congress), Ohio",484695,1476,58390,1661,426305,2072,(X),(X),7.0,0.7,(X),(X),(X),(X),15.6,1.0,(X),(X),(X),(X),31.4,1.1,(X),(X),(X),(X),12.2,0.8,(X),(X),(X),(X),13.0,0.8,(X),(X),48.0,0.2,92.8,0.7,41.8,0.3,52.0,0.2,7.2,0.7,58.2,0.3,28.2,0.2,7.8,0.9,31.0,0.2,38.0,0.3,29.8,1.2,39.1,0.3,15.1,0.2,24.2,1.0,13.8,0.2,9.5,0.1,17.4,0.6,8.4,0.1,9.2,0.1,20.8,0.8,7.6,0.2,99.0,0.1,99.1,0.3,99.0,0.1,81.3,0.2,82.9,0.9,81.1,0.2,15.5,0.2,15.1,0.8,15.5,0.2,0.1,0.1,0.2,0.1,0.1,0.1,1.5,0.1,0.4,0.1,1.7,0.1,0.0,0.1,0.0,0.1,0.0,0.1,0.6,0.1,0.4,0.2,0.6,0.1,1.0,0.1,0.9,0.3,1.0,0.1,1.3,0.1,0.9,0.2,1.4,0.1,80.6,0.2,82.4,0.9,80.4,0.2,26144,265,35408,877,24722,339,(X),(X),35905,914,32910,569,(X),(X),28125,2889,20219,337,427658,1301,57569,1571,370089,1956,12.9,0.3,11.2,0.8,13.1,0.3,32.3,0.5,33.0,1.5,32.2,0.5,29.7,0.4,33.3,1.4,29.2,0.5,25.1,0.4,22.5,1.2,25.5,0.5,393840,1468,36068,1424,357772,1993,76.4,0.5,75.9,1.5,76.5,0.5,300948,2150,27372,1177,273576,2248,8.1,0.4,7.3,1.3,8.2,0.4,(X),(X),(X),(X),(X),(X),(X),(X),(X),(X),(X),(X),(X),(X),(X),(X),(X),(X),(X),(X),(X),(X),(X),(X),2.8,(X),(X),(X),(X),(X),5.4,(X),(X),(X),(X),(X)
5001100US3904,3904,"Congressional District 4 (111th Congress), Ohio",476426,354,55024,1292,421402,1362,(X),(X),6.1,0.8,(X),(X),(X),(X),12.5,1.0,(X),(X),(X),(X),34.4,1.1,(X),(X),(X),(X),12.0,0.7,(X),(X),(X),(X),13.3,0.7,(X),(X),49.5,0.1,94.8,0.6,43.5,0.2,50.5,0.1,5.2,0.6,56.5,0.2,27.9,0.1,7.7,0.9,30.6,0.2,38.0,0.1,26.8,1.0,39.4,0.2,15.2,0.1,27.5,1.1,13.7,0.2,9.7,0.1,17.6,0.7,8.7,0.1,9.1,0.1,20.4,0.8,7.7,0.1,98.8,0.1,99.1,0.3,98.7,0.1,92.4,0.1,93.8,0.7,92.2,0.1,4.7,0.1,4.4,0.6,4.7,0.1,0.2,0.1,0.3,0.1,0.2,0.1,0.8,0.1,0.1,0.1,0.9,0.1,0.0,0.1,0.0,0.1,0.0,0.1,0.6,0.1,0.4,0.2,0.6,0.1,1.2,0.1,0.9,0.3,1.3,0.1,1.3,0.1,0.8,0.3,1.3,0.1,91.8,0.1,93.4,0.7,91.6,0.1,24461,312,31570,694,23158,353,(X),(X),31982,701,31640,408,(X),(X),23423,1791,18045,305,418771,397,54118,1281,364653,1359,13.8,0.4,12.2,0.9,14.0,0.4,44.6,0.5,45.2,1.1,44.5,0.6,26.2,0.5,29.5,1.3,25.7,0.5,15.5,0.4,13.1,0.8,15.8,0.5,386651,450,34100,1165,352551,1250,77.0,0.4,76.3,1.5,77.1,0.5,297801,1589,26007,1113,271794,1900,7.1,0.4,6.1,1.2,7.2,0.4,(X),(X),(X),(X),(X),(X),(X),(X),(X),(X),(X),(X),(X),(X),(X),(X),(X),(X),(X),(X),(X),(X),(X),(X),2.3,(X),(X),(X),(X),(X),4.5,(X),(X),(X),(X),(X)
5001100US3905,3905,"Congressional District 5 (111th Congress), Ohio",475499,769,51871,1054,423628,1260,(X),(X),5.5,0.7,(X),(X),(X),(X),11.5,0.9,(X),(X),(X),(X),33.2,0.9,(X),(X),(X),(X),13.2,0.9,(X),(X),(X),(X),13.6,0.7,(X),(X),48.5,0.1,94.4,0.7,42.8,0.2,51.5,0.1,5.6,0.7,57.2,0.2,28.3,0.1,7.0,0.8,30.9,0.2,38.0,0.1,25.4,1.0,39.5,0.2,15.4,0.1,27.1,0.8,14.0,0.1,9.4,0.1,18.2,0.7,8.3,0.1,8.9,0.1,22.3,0.7,7.3,0.1,99.2,0.1,99.3,0.2,99.2,0.1,95.7,0.1,97.0,0.4,95.6,0.1,1.2,0.1,0.9,0.2,1.2,0.1,0.2,0.1,0.4,0.1,0.2,0.1,0.6,0.1,0.3,0.2,0.7,0.1,0.0,0.1,0.0,0.1,0.0,0.1,1.4,0.1,0.6,0.2,1.5,0.1,0.8,0.1,0.7,0.2,0.8,0.1,3.8,0.1,2.0,0.4,4.0,0.1,93.6,0.1,95.8,0.5,93.4,0.1,25003,265,32338,674,23879,277,(X),(X),32887,695,32941,423,(X),(X),23336,2902,18547,274,407906,832,51084,1029,356822,1333,12.3,0.4,12.6,0.7,12.2,0.5,44.7,0.5,46.7,1.2,44.4,0.5,26.8,0.4,28.5,1.1,26.6,0.5,16.2,0.4,12.3,0.9,16.8,0.4,388390,665,30868,923,357522,1116,80.4,0.6,81.5,1.3,80.4,0.6,312447,2208,25144,882,287303,2315,7.6,0.4,7.5,1.0,7.6,0.4,(X),(X),(X),(X),(X),(X),(X),(X),(X),(X),(X),(X),(X),(X),(X),(X),(X),(X),(X),(X),(X),(X),(X),(X),2.3,(X),(X),(X),(X),(X),4.5,(X),(X),(X),(X),(X)
5001100US3906,3906,"Congressional District 6 (111th Congress), Ohio",482506,1014,56585,1323,425921,1562,(X),(X),4.4,0.6,(X),(X),(X),(X),9.9,0.8,(X),(X),(X),(X),34.9,1.2,(X),(X),(X),(X),14.5,0.8,(X),(X),(X),(X),13.6,0.7,(X),(X),48.3,0.2,95.6,0.6,42.0,0.2,51.7,0.2,4.4,0.6,58.0,0.2,27.8,0.2,5.6,0.7,30.7,0.2,36.3,0.2,22.9,1.0,38.1,0.3,15.9,0.1,28.4,0.9,14.3,0.2,10.4,0.1,20.7,0.8,9.0,0.2,9.7,0.2,22.4,0.8,8.0,0.3,99.0,0.1,98.9,0.3,99.0,0.1,95.5,0.1,95.9,0.5,95.5,0.1,2.4,0.1,2.4,0.4,2.4,0.1,0.2,0.1,0.2,0.1,0.1,0.1,0.6,0.1,0.1,0.1,0.6,0.1,0.1,0.1,0.2,0.2,0.0,0.1,0.3,0.1,0.1,0.1,0.3,0.1,1.0,0.1,1.1,0.3,1.0,0.1,0.9,0.1,0.4,0.1,0.9,0.1,95.0,0.1,95.7,0.5,94.9,0.1,20515,250,28391,679,19242,263,(X),(X),28675,660,27489,541,(X),(X),19708,5211,15059,251,416963,1201,56007,1340,360956,1719,14.2,0.4,14.2,1.0,14.2,0.5,43.5,0.5,45.9,1.1,43.2,0.5,26.2,0.4,27.8,1.1,26.0,0.5,16.0,0.4,12.1,0.8,16.6,0.4,385865,1174,32186,1102,353679,1533,70.3,0.6,67.8,1.7,70.5,0.6,271213,2285,21812,956,249401,2353,7.7,0.4,7.0,1.3,7.7,0.4,(X),(X),(X),(X),(X),(X),(X),(X),(X),(X),(X),(X),(X),(X),(X),(X),(X),(X),(X),(X),(X),(X),(X),(X),2.7,(X),(X),(X),(X),(X),6.1,(X),(X),(X),(X),(X)
5001100US3907,3907,"Congressional District 7 (111th Congress), Ohio",503090,1606,64886,1294,438204,1832,(X),(X),8.1,0.8,(X),(X),(X),(X),17.1,0.9,(X),(X),(X),(X),36.0,1.1,(X),(X),(X),(X),11.5,0.7,(X),(X),(X),(X),9.1,0.6,(X),(X),48.9,0.1,91.7,0.7,42.5,0.2,51.1,0.1,8.3,0.7,57.5,0.2,30.1,0.2,8.0,0.8,33.3,0.2,38.3,0.2,32.2,0.9,39.2,0.2,14.9,0.2,26.6,0.9,13.2,0.2,9.0,0.1,17.0,0.7,7.8,0.1,7.7,0.1,16.1,0.6,6.4,0.1,98.7,0.1,98.8,0.3,98.7,0.1,87.9,0.2,91.3,0.8,87.4,0.2,9.0,0.2,6.8,0.8,9.3,0.2,0.3,0.1,0.2,0.1,0.3,0.1,1.1,0.1,0.3,0.1,1.2,0.1,0.0,0.1,0.1,0.1,0.0,0.1,0.4,0.1,0.1,0.1,0.5,0.1,1.3,0.1,1.2,0.3,1.3,0.1,1.5,0.1,0.9,0.2,1.6,0.1,87.0,0.2,90.6,0.8,86.4,0.3,25730,270,37090,893,23965,280,(X),(X),37361,866,31112,483,(X),(X),33569,3557,19743,303,434569,1586,63692,1311,370877,1830,13.0,0.3,9.5,0.8,13.6,0.4,38.4,0.5,37.1,1.1,38.6,0.5,28.2,0.5,33.1,1.3,27.4,0.5,20.4,0.4,20.3,1.1,20.4,0.5,419187,1523,43400,1172,375787,1696,75.7,0.4,76.5,1.3,75.6,0.5,317159,2390,33196,1023,283963,2351,7.3,0.3,5.8,0.7,7.5,0.4,(X),(X),(X),(X),(X),(X),(X),(X),(X),(X),(X),(X),(X),(X),(X),(X),(X),(X),(X),(X),(X),(X),(X),(X),1.9,(X),(X),(X),(X),(X),3.8,(X),(X),(X),(X),(X)
5001100US3908,3908,"Congressional District 8 (111th Congress), Ohio",489083,1370,54902,1423,434181,2068,(X),(X),7.0,0.7,(X),(X),(X),(X),14.2,1.0,(X),(X),(X),(X),33.7,1.2,(X),(X),(X),(X),12.6,0.7,(X),(X),(X),(X),11.1,0.6,(X),(X),48.1,0.2,93.3,0.7,42.4,0.3,51.9,0.2,6.7,0.7,57.6,0.3,30.6,0.2,8.0,0.9,33.4,0.3,38.2,0.2,29.0,1.3,39.4,0.3,14.5,0.2,25.9,1.0,13.1,0.2,8.9,0.1,18.1,0.9,7.7,0.1,7.8,0.1,19.0,0.7,6.4,0.1,99.1,0.1,99.2,0.2,99.1,0.1,91.7,0.2,93.8,0.7,91.4,0.2,5.0,0.1,4.8,0.6,5.1,0.2,0.2,0.1,0.3,0.1,0.2,0.1,1.6,0.1,0.2,0.1,1.8,0.1,0.0,0.1,0.0,0.1,0.0,0.1,0.6,0.1,0.1,0.1,0.7,0.1,0.9,0.1,0.8,0.2,0.9,0.1,1.7,0.1,0.7,0.2,1.8,0.1,90.6,0.2,93.3,0.7,90.3,0.2,25521,298,34086,838,24210,334,(X),(X),34648,884,32538,587,(X),(X),26370,2267,18992,334,427200,1133,54138,1392,373062,1836,14.5,0.5,12.6,0.7,14.7,0.6,38.4,0.6,38.5,1.3,38.4,0.6,27.4,0.5,32.3,1.4,26.7,0.6,19.8,0.5,16.6,1.1,20.2,0.5,407384,1368,34539,1288,372845,1884,77.7,0.5,78.2,1.6,77.7,0.6,316655,2313,27022,1270,289633,2257,7.3,0.3,7.0,1.3,7.3,0.3,(X),(X),(X),(X),(X),(X),(X),(X),(X),(X),(X),(X),(X),(X),(X),(X),(X),(X),(X),(X),(X),(X),(X),(X),2.1,(X),(X),(X),(X),(X),4.2,(X),(X),(X),(X),(X)
5001100US3909,3909,"Congressional District 9 (111th Congress), Ohio",489088,541,52064,1178,437024,1329,(X),(X),4.7,0.7,(X),(X),(X),(X),11.2,1.0,(X),(X),(X),(X),33.7,1.1,(X),(X),(X),(X),12.6,0.8,(X),(X),(X),(X),14.9,0.7,(X),(X),48.1,0.1,94.6,0.8,42.6,0.2,51.9,0.1,5.4,0.8,57.4,0.2,29.5,0.2,5.9,0.9,32.3,0.2,37.3,0.2,25.8,1.1,38.7,0.2,15.4,0.1,27.1,1.0,14.0,0.2,8.9,0.1,18.1,0.8,7.8,0.1,8.9,0.1,23.1,0.8,7.2,0.1,98.9,0.1,99.0,0.3,98.9,0.1,82.5,0.2,87.0,0.9,81.9,0.3,13.4,0.1,10.7,0.8,13.7,0.1,0.3,0.1,0.3,0.1,0.3,0.1,1.2,0.1,0.3,0.1,1.3,0.1,0.0,0.1,0.0,0.1,0.0,0.1,1.5,0.1,0.7,0.2,1.6,0.2,1.1,0.1,1.0,0.3,1.1,0.1,3.8,0.1,2.3,0.4,4.0,0.1,80.5,0.1,85.8,0.9,79.9,0.2,24141,317,32384,831,22831,330,(X),(X),32703,899,31033,714,(X),(X),24855,6209,18615,302,427673,828,51656,1167,376017,1411,13.4,0.4,11.7,0.8,13.6,0.4,35.2,0.5,37.2,1.4,34.9,0.5,30.5,0.4,34.9,1.4,29.9,0.4,20.9,0.4,16.2,1.0,21.6,0.4,401908,700,30592,1089,371316,1378,76.8,0.5,75.1,1.8,77.0,0.5,308808,2086,22982,995,285826,2451,9.9,0.4,7.9,1.3,10.0,0.5,(X),(X),(X),(X),(X),(X),(X),(X),(X),(X),(X),(X),(X),(X),(X),(X),(X),(X),(X),(X),(X),(X),(X),(X),2.6,(X),(X),(X),(X),(X),4.2,(X),(X),(X),(X),(X)
5001100US3910,3910,"Congressional District 10 (111th Congress), Ohio",464606,2265,48271,1088,416335,2241,(X),(X),4.9,0.7,(X),(X),(X),(X),10.2,0.9,(X),(X),(X),(X),29.7,1.2,(X),(X),(X),(X),14.4,0.8,(X),(X),(X),(X),17.0,0.7,(X),(X),47.2,0.2,94.0,0.7,41.8,0.3,52.8,0.2,6.0,0.7,58.2,0.3,26.7,0.3,6.4,0.6,29.0,0.3,38.9,0.3,24.5,1.2,40.5,0.3,14.6,0.2,24.4,1.1,13.4,0.2,9.2,0.2,18.0,0.9,8.2,0.2,10.6,0.2,26.7,0.9,8.8,0.2,99.1,0.1,99.3,0.2,99.1,0.1,89.1,0.4,92.6,0.9,88.7,0.4,6.1,0.3,5.3,0.8,6.2,0.3,0.2,0.1,0.3,0.1,0.2,0.1,1.9,0.1,0.2,0.1,2.1,0.2,0.0,0.1,0.0,0.1,0.0,0.1,1.7,0.2,0.8,0.3,1.9,0.2,0.9,0.1,0.7,0.2,0.9,0.1,5.4,0.1,2.5,0.5,5.7,0.1,85.8,0.3,90.9,0.9,85.2,0.4,26226,304,32648,979,25301,351,(X),(X),33114,1105,33908,552,(X),(X),24133,4182,20181,328,417761,2152,47855,1059,369906,2111,14.3,0.4,12.1,1.0,14.5,0.4,33.3,0.5,36.5,1.4,32.9,0.5,27.8,0.5,32.1,1.5,27.2,0.5,24.7,0.4,19.3,1.1,25.3,0.5,372239,2161,26697,837,345542,2044,80.1,0.5,79.0,1.7,80.2,0.5,298144,2484,21087,864,277057,2389,8.3,0.4,8.2,1.4,8.3,0.4,(X),(X),(X),(X),(X),(X),(X),(X),(X),(X),(X),(X),(X),(X),(X),(X),(X),(X),(X),(X),(X),(X),(X),(X),2.4,(X),(X),(X),(X),(X),5.2,(X),(X),(X),(X),(X)
5001100US3911,3911,"Congressional District 11 (111th Congress), Ohio",425693,2403,40814,1239,384879,2467,(X),(X),4.7,0.9,(X),(X),(X),(X),9.5,1.1,(X),(X),(X),(X),28.5,1.3,(X),(X),(X),(X),13.5,1.0,(X),(X),(X),(X),17.4,1.0,(X),(X),44.7,0.3,93.2,1.0,39.5,0.3,55.3,0.3,6.8,1.0,60.5,0.3,29.7,0.3,5.8,1.0,32.3,0.4,36.1,0.3,28.3,1.5,36.9,0.3,14.1,0.2,21.4,1.2,13.4,0.3,9.3,0.2,18.3,0.7,8.3,0.2,10.7,0.2,26.2,1.1,9.1,0.2,99.1,0.1,99.1,0.3,99.1,0.1,40.9,0.4,41.4,1.6,40.9,0.4,54.8,0.3,56.6,1.6,54.6,0.4,0.2,0.1,0.2,0.1,0.2,0.1,2.3,0.2,0.5,0.3,2.5,0.2,0.0,0.1,0.1,0.1,0.0,0.1,0.8,0.1,0.2,0.1,0.9,0.1,0.9,0.1,0.9,0.3,0.9,0.1,2.2,0.1,1.0,0.4,2.4,0.2,39.7,0.4,40.8,1.7,39.6,0.4,21765,287,27698,963,21105,322,(X),(X),27750,994,25272,649,(X),(X),27174,3310,18992,374,369820,2156,40356,1186,329464,2316,17.0,0.5,15.2,1.1,17.2,0.5,29.9,0.6,34.1,1.5,29.3,0.6,27.3,0.5,31.9,1.3,26.7,0.5,25.9,0.5,18.8,1.2,26.8,0.5,340385,2225,22625,990,317760,2240,74.7,0.7,73.5,2.2,74.7,0.7,254152,2544,16627,891,237525,2473,12.8,0.5,12.6,2.0,12.8,0.5,(X),(X),(X),(X),(X),(X),(X),(X),(X),(X),(X),(X),(X),(X),(X),(X),(X),(X),(X),(X),(X),(X),(X),(X),2.9,(X),(X),(X),(X),(X),6.5,(X),(X),(X),(X),(X)
5001100US3912,3912,"Congressional District 12 (111th Congress), Ohio",522041,2400,49237,1485,472804,2388,(X),(X),5.8,0.8,(X),(X),(X),(X),15.7,1.2,(X),(X),(X),(X),36.5,1.2,(X),(X),(X),(X),12.1,0.8,(X),(X),(X),(X),10.0,0.7,(X),(X),47.8,0.2,93.3,0.8,43.1,0.3,52.2,0.2,6.7,0.8,56.9,0.3,32.4,0.4,7.1,0.9,35.0,0.4,40.1,0.3,30.1,1.5,41.1,0.3,13.9,0.2,27.0,1.0,12.5,0.2,7.5,0.1,18.4,0.9,6.4,0.1,6.2,0.1,17.4,0.8,5.0,0.1,98.7,0.1,98.7,0.4,98.7,0.1,74.7,0.3,79.8,1.2,74.2,0.4,19.6,0.3,18.0,1.0,19.8,0.4,0.1,0.1,0.1,0.1,0.1,0.1,3.3,0.2,0.4,0.2,3.6,0.2,0.0,0.1,0.1,0.1,0.0,0.1,0.9,0.1,0.4,0.2,1.0,0.1,1.3,0.1,1.3,0.4,1.3,0.1,2.2,0.2,1.4,0.4,2.3,0.2,73.5,0.3,79.1,1.2,72.9,0.4,31429,345,38947,1172,30530,366,(X),(X),39490,1248,39619,630,(X),(X),31485,3382,25165,410,462269,2267,48887,1486,413382,2192,9.0,0.3,7.6,0.8,9.2,0.3,26.8,0.5,30.8,1.4,26.3,0.5,27.1,0.5,32.0,1.4,26.5,0.5,37.1,0.5,29.5,1.2,38.0,0.5,450576,2157,31642,1306,418934,2238,80.4,0.6,80.8,1.6,80.4,0.5,362227,2742,25572,1192,336655,2735,6.1,0.3,4.8,0.9,6.2,0.3,(X),(X),(X),(X),(X),(X),(X),(X),(X),(X),(X),(X),(X),(X),(X),(X),(X),(X),(X),(X),(X),(X),(X),(X),2.3,(X),(X),(X),(X),(X),4.6,(X),(X),(X),(X),(X)
5001100US3913,3913,"Congressional District 13 (111th Congress), Ohio",486927,1798,54246,1203,432681,1897,(X),(X),4.4,0.6,(X),(X),(X),(X),11.0,1.0,(X),(X),(X),(X),32.7,1.3,(X),(X),(X),(X),12.4,0.8,(X),(X),(X),(X),14.1,0.9,(X),(X),47.3,0.2,94.1,0.8,41.4,0.3,52.7,0.2,5.9,0.8,58.6,0.3,25.8,0.3,6.1,0.7,28.3,0.4,40.0,0.3,26.4,1.1,41.7,0.4,15.9,0.2,26.8,1.1,14.5,0.2,9.3,0.2,18.5,0.9,8.2,0.2,9.0,0.2,22.1,0.8,7.3,0.2,99.1,0.1,98.8,0.4,99.1,0.1,85.0,0.3,87.5,0.8,84.7,0.4,11.1,0.2,10.2,0.8,11.2,0.3,0.2,0.1,0.1,0.1,0.3,0.1,1.4,0.1,0.1,0.1,1.6,0.1,0.0,0.1,0.0,0.1,0.0,0.1,1.3,0.2,0.9,0.3,1.4,0.2,0.9,0.1,1.2,0.4,0.9,0.1,3.4,0.1,2.6,0.4,3.5,0.1,83.1,0.3,86.0,0.9,82.8,0.3,26851,302,33190,897,25979,312,(X),(X),33623,879,36473,680,(X),(X),20716,2531,20133,315,436537,1710,53769,1201,382768,1729,11.1,0.3,10.2,0.7,11.3,0.4,34.1,0.5,37.6,1.5,33.6,0.5,28.8,0.5,32.5,1.4,28.3,0.5,25.9,0.4,19.6,1.2,26.8,0.4,397804,1730,32198,1049,365606,1705,79.2,0.4,77.5,1.6,79.4,0.4,315104,2052,24959,962,290145,2119,8.0,0.3,6.8,1.2,8.1,0.3,(X),(X),(X),(X),(X),(X),(X),(X),(X),(X),(X),(X),(X),(X),(X),(X),(X),(X),(X),(X),(X),(X),(X),(X),2.0,(X),(X),(X),(X),(X),5.1,(X),(X),(X),(X),(X)
5001100US3914,3914,"Congressional District 14 (111th Congress), Ohio",492221,1046,55166,1164,437055,1289,(X),(X),3.6,0.5,(X),(X),(X),(X),9.0,0.9,(X),(X),(X),(X),34.6,1.1,(X),(X),(X),(X),13.1,0.8,(X),(X),(X),(X),14.4,0.8,(X),(X),48.6,0.1,95.6,0.6,42.7,0.2,51.4,0.1,4.4,0.6,57.3,0.2,23.3,0.2,4.8,0.6,25.6,0.2,40.9,0.2,22.9,1.1,43.2,0.2,16.6,0.2,28.4,0.9,15.1,0.2,10.0,0.1,20.8,0.8,8.6,0.1,9.3,0.1,23.1,0.9,7.5,0.2,99.3,0.1,99.3,0.3,99.3,0.1,94.2,0.2,95.9,0.6,94.0,0.2,3.0,0.1,3.0,0.4,3.0,0.2,0.1,0.1,0.2,0.1,0.1,0.1,1.5,0.1,0.2,0.1,1.7,0.1,0.0,0.1,0.0,0.1,0.0,0.1,0.4,0.1,0.1,0.1,0.5,0.1,0.7,0.1,0.7,0.3,0.7,0.1,1.6,0.1,0.6,0.2,1.7,0.1,93.2,0.2,95.5,0.6,92.9,0.2,29402,322,34756,972,28413,358,(X),(X),35000,976,39575,672,(X),(X),25385,3959,21587,304,442637,975,54787,1159,387850,1292,9.9,0.3,10.6,0.8,9.7,0.3,33.1,0.6,37.1,1.2,32.5,0.6,27.1,0.4,30.2,1.2,26.7,0.5,30.0,0.5,22.1,0.9,31.1,0.5,397500,1136,30983,913,366517,1466,80.0,0.4,78.0,1.6,80.2,0.4,318038,2062,24179,858,293859,2069,5.8,0.3,5.8,0.8,5.8,0.3,(X),(X),(X),(X),(X),(X),(X),(X),(X),(X),(X),(X),(X),(X),(X),(X),(X),(X),(X),(X),(X),(X),(X),(X),2.2,(X),(X),(X),(X),(X),4.4,(X),(X),(X),(X),(X)
5001100US3915,3915,"Congressional District 15 (111th Congress), Ohio",513405,2637,43800,1226,469605,2874,(X),(X),6.5,1.1,(X),(X),(X),(X),14.8,1.3,(X),(X),(X),(X),34.1,1.3,(X),(X),(X),(X),10.8,0.8,(X),(X),(X),(X),12.4,0.9,(X),(X),49.1,0.2,93.1,0.8,45.0,0.3,50.9,0.2,6.9,0.8,55.0,0.3,39.2,0.4,8.5,1.1,42.1,0.4,36.3,0.3,30.7,1.5,36.8,0.4,11.8,0.2,26.0,1.4,10.5,0.2,6.6,0.1,15.7,0.8,5.7,0.1,6.2,0.2,19.0,0.9,5.0,0.1,98.8,0.1,98.9,0.3,98.8,0.1,85.9,0.3,90.5,0.9,85.5,0.3,7.8,0.3,7.4,0.9,7.8,0.3,0.3,0.1,0.1,0.1,0.3,0.1,3.8,0.2,0.3,0.2,4.1,0.2,0.0,0.1,0.1,0.1,0.0,0.1,1.1,0.2,0.5,0.3,1.1,0.2,1.2,0.1,1.1,0.3,1.2,0.1,3.5,0.2,1.0,0.4,3.7,0.2,83.6,0.3,89.8,0.9,83.0,0.3,28610,346,36671,925,27756,380,(X),(X),36872,873,33212,577,(X),(X),33333,3795,23067,471,440495,2237,43289,1235,397206,2542,11.9,0.4,8.9,0.8,12.2,0.4,28.3,0.6,31.3,1.4,28.0,0.6,24.7,0.5,32.8,1.3,23.8,0.5,35.1,0.6,27.1,1.3,36.0,0.6,448088,2542,28576,1122,419512,2716,77.2,0.5,77.2,1.7,77.2,0.5,346120,2669,22047,997,324073,2698,6.2,0.3,5.8,0.9,6.2,0.3,(X),(X),(X),(X),(X),(X),(X),(X),(X),(X),(X),(X),(X),(X),(X),(X),(X),(X),(X),(X),(X),(X),(X),(X),1.8,(X),(X),(X),(X),(X),3.8,(X),(X),(X),(X),(X)
5001100US3916,3916,"Congressional District 16 (111th Congress), Ohio",491816,647,57042,1137,434774,1306,(X),(X),5.4,0.6,(X),(X),(X),(X),12.0,0.8,(X),(X),(X),(X),33.1,1.0,(X),(X),(X),(X),12.3,0.8,(X),(X),(X),(X),14.8,0.7,(X),(X),47.9,0.1,94.5,0.6,41.8,0.2,52.1,0.1,5.5,0.6,58.2,0.2,26.2,0.1,6.9,0.8,28.7,0.2,38.5,0.1,24.6,1.1,40.3,0.2,15.8,0.1,26.9,0.9,14.3,0.2,9.8,0.1,18.4,0.7,8.7,0.1,9.6,0.1,23.0,0.7,7.9,0.1,99.2,0.1,99.2,0.2,99.2,0.1,93.5,0.1,94.4,0.7,93.4,0.1,4.4,0.1,4.3,0.6,4.4,0.1,0.2,0.1,0.3,0.2,0.2,0.1,0.9,0.1,0.1,0.1,1.0,0.1,0.0,0.1,0.0,0.1,0.0,0.1,0.3,0.1,0.1,0.1,0.3,0.1,0.8,0.1,0.8,0.2,0.8,0.1,1.0,0.1,0.5,0.2,1.1,0.1,92.8,0.1,94.0,0.7,92.6,0.1,24769,322,31692,796,23603,335,(X),(X),32051,829,33831,558,(X),(X),25313,3166,18023,310,434315,730,56266,1062,378049,1200,12.4,0.4,11.6,0.8,12.5,0.4,40.8,0.5,43.1,1.4,40.4,0.6,25.6,0.4,28.5,1.3,25.1,0.5,21.3,0.4,16.8,0.9,22.0,0.5,396121,640,33384,964,362737,1165,79.0,0.5,78.2,1.4,79.0,0.5,312833,1769,26114,877,286719,1900,6.8,0.4,7.0,1.1,6.8,0.4,(X),(X),(X),(X),(X),(X),(X),(X),(X),(X),(X),(X),(X),(X),(X),(X),(X),(X),(X),(X),(X),(X),(X),(X),2.1,(X),(X),(X),(X),(X),5.2,(X),(X),(X),(X),(X)
5001100US3917,3917,"Congressional District 17 (111th Congress), Ohio",474449,1432,55586,1086,418863,1657,(X),(X),5.2,0.7,(X),(X),(X),(X),10.1,0.8,(X),(X),(X),(X),32.9,1.0,(X),(X),(X),(X),12.7,0.8,(X),(X),(X),(X),15.3,0.7,(X),(X),47.8,0.2,95.5,0.6,41.5,0.2,52.2,0.2,4.5,0.6,58.5,0.2,29.1,0.3,6.5,0.8,32.1,0.3,36.4,0.3,24.2,1.0,38.0,0.3,15.4,0.2,27.4,0.9,13.8,0.2,9.4,0.1,18.2,0.8,8.3,0.1,9.7,0.1,23.8,0.8,7.8,0.1,99.1,0.1,99.5,0.1,99.1,0.1,86.5,0.2,89.6,0.7,86.1,0.2,10.9,0.2,9.2,0.7,11.2,0.2,0.2,0.1,0.3,0.1,0.2,0.1,1.0,0.1,0.2,0.1,1.1,0.1,0.0,0.1,0.0,0.1,0.0,0.1,0.5,0.1,0.2,0.1,0.5,0.1,0.9,0.1,0.5,0.1,0.9,0.1,1.8,0.1,1.1,0.2,1.9,0.1,85.4,0.2,88.8,0.7,84.9,0.3,22150,250,30397,705,20967,273,(X),(X),30770,734,29333,573,(X),(X),20524,2894,16666,304,407433,1303,54740,1033,352693,1596,13.9,0.4,13.8,0.8,13.9,0.5,42.6,0.6,44.6,1.3,42.3,0.6,25.8,0.4,27.3,1.1,25.6,0.4,17.7,0.4,14.4,1.0,18.3,0.4,383793,1501,32268,907,351525,1516,75.6,0.5,73.4,1.5,75.8,0.5,290071,2072,23697,902,266374,2092,8.8,0.4,8.1,1.5,8.9,0.4,(X),(X),(X),(X),(X),(X),(X),(X),(X),(X),(X),(X),(X),(X),(X),(X),(X),(X),(X),(X),(X),(X),(X),(X),2.5,(X),(X),(X),(X),(X),5.0,(X),(X),(X),(X),(X)
5001100US3918,3918,"Congressional District 18 (111th Congress), Ohio",484030,1077,56505,1318,427525,1425,(X),(X),4.9,0.7,(X),(X),(X),(X),12.4,1.0,(X),(X),(X),(X),36.3,1.2,(X),(X),(X),(X),13.3,0.8,(X),(X),(X),(X),12.1,0.6,(X),(X),48.3,0.2,94.7,0.6,42.2,0.3,51.7,0.2,5.3,0.6,57.8,0.3,27.5,0.2,6.9,0.7,30.2,0.2,37.6,0.2,25.3,1.1,39.2,0.2,15.6,0.1,28.6,1.1,13.9,0.2,10.3,0.1,19.8,1.0,9.0,0.1,9.1,0.2,19.5,0.7,7.7,0.3,98.9,0.1,99.0,0.2,98.9,0.1,96.3,0.1,96.5,0.5,96.3,0.1,1.8,0.1,2.2,0.4,1.8,0.1,0.2,0.1,0.2,0.1,0.2,0.1,0.3,0.1,0.1,0.1,0.4,0.1,0.0,0.1,0.0,0.1,0.0,0.1,0.2,0.1,0.1,0.1,0.2,0.1,1.1,0.1,1.0,0.2,1.1,0.1,0.7,0.1,0.6,0.2,0.7,0.1,95.9,0.1,96.1,0.5,95.9,0.1,21461,262,27632,741,20576,271,(X),(X),27868,761,28743,387,(X),(X),22548,3399,15845,227,426018,1051,55777,1333,370241,1418,18.2,0.4,15.1,0.9,18.7,0.5,45.5,0.5,48.5,1.3,45.0,0.5,23.6,0.4,25.8,1.0,23.3,0.4,12.7,0.4,10.6,0.9,13.0,0.4,390389,1300,34306,1128,356083,1624,74.2,0.5,71.6,1.4,74.4,0.5,289551,2057,24576,966,264975,2056,8.5,0.4,7.1,1.2,8.6,0.4,(X),(X),(X),(X),(X),(X),(X),(X),(X),(X),(X),(X),(X),(X),(X),(X),(X),(X),(X),(X),(X),(X),(X),(X),2.5,(X),(X),(X),(X),(X),5.3,(X),(X),(X),(X),(X)
5001100US4001,4001,"Congressional District 1 (111th Congress), Oklahoma",539986,739,60529,1395,479457,1593,(X),(X),7.9,0.7,(X),(X),(X),(X),15.0,1.0,(X),(X),(X),(X),33.4,1.1,(X),(X),(X),(X),12.8,0.8,(X),(X),(X),(X),12.7,0.7,(X),(X),48.1,0.1,93.3,0.6,42.4,0.2,51.9,0.1,6.7,0.6,57.6,0.2,31.8,0.1,9.7,0.8,34.6,0.2,37.3,0.1,25.9,1.1,38.8,0.2,14.4,0.1,26.4,1.0,12.9,0.1,8.5,0.1,17.7,0.7,7.3,0.1,8.0,0.1,20.3,0.7,6.5,0.1,95.5,0.2,95.8,0.5,95.5,0.2,78.4,0.2,83.8,0.8,77.7,0.3,8.3,0.1,6.4,0.6,8.5,0.1,4.5,0.2,4.1,0.4,4.6,0.2,1.8,0.1,0.6,0.2,1.9,0.1,0.1,0.1,0.0,0.1,0.1,0.1,2.5,0.2,0.8,0.3,2.7,0.2,4.5,0.2,4.2,0.5,4.5,0.2,7.0,0.1,2.3,0.5,7.6,0.1,74.2,0.1,82.7,0.9,73.1,0.1,26002,296,35633,968,24836,323,(X),(X),36502,969,32028,434,(X),(X),24829,2393,20138,310,472371,733,59512,1371,412859,1560,12.3,0.3,8.0,0.7,12.9,0.4,28.7,0.5,26.1,1.1,29.1,0.5,31.4,0.5,37.4,1.2,30.5,0.6,27.6,0.5,28.5,1.2,27.5,0.5,450853,722,37515,1201,413338,1414,78.2,0.5,79.3,1.2,78.1,0.5,352446,2099,29747,1039,322699,2247,5.2,0.3,4.5,0.7,5.3,0.3,(X),(X),(X),(X),(X),(X),(X),(X),(X),(X),(X),(X),(X),(X),(X),(X),(X),(X),(X),(X),(X),(X),(X),(X),2.3,(X),(X),(X),(X),(X),3.9,(X),(X),(X),(X),(X)
5001100US4002,4002,"Congressional District 2 (111th Congress), Oklahoma",533662,709,67274,1262,466388,1489,(X),(X),5.3,0.6,(X),(X),(X),(X),11.4,0.7,(X),(X),(X),(X),37.6,1.1,(X),(X),(X),(X),14.2,0.7,(X),(X),(X),(X),12.5,0.6,(X),(X),48.7,0.1,94.3,0.5,42.1,0.2,51.3,0.1,5.7,0.5,57.9,0.2,28.3,0.1,6.8,0.6,31.4,0.1,35.1,0.1,23.3,0.8,36.8,0.2,16.1,0.1,28.5,0.9,14.3,0.1,11.2,0.1,21.1,0.7,9.8,0.1,9.3,0.1,20.3,0.6,7.7,0.1,91.8,0.2,92.9,0.6,91.6,0.2,73.6,0.1,80.6,0.8,72.6,0.2,3.9,0.1,3.2,0.3,4.0,0.1,12.8,0.2,9.0,0.6,13.3,0.2,0.4,0.1,0.1,0.1,0.5,0.1,0.1,0.1,0.0,0.1,0.1,0.1,1.1,0.1,0.1,0.1,1.2,0.1,8.2,0.2,7.1,0.6,8.4,0.2,2.8,0.1,1.0,0.3,3.0,0.1,72.2,0.1,79.8,0.8,71.1,0.1,19530,217,27720,767,18319,253,(X),(X),28055,832,24388,566,(X),(X),23329,2207,14815,211,466277,1148,66175,1217,400102,1550,19.3,0.4,14.4,0.8,20.2,0.4,38.3,0.4,35.5,1.1,38.8,0.5,27.5,0.4,34.2,1.1,26.4,0.5,14.8,0.4,16.0,0.9,14.6,0.4,423950,746,39404,1086,384546,1389,67.9,0.5,64.1,1.3,68.3,0.5,287857,2193,25259,865,262598,2200,7.1,0.4,5.7,1.0,7.2,0.4,(X),(X),(X),(X),(X),(X),(X),(X),(X),(X),(X),(X),(X),(X),(X),(X),(X),(X),(X),(X),(X),(X),(X),(X),2.1,(X),(X),(X),(X),(X),4.7,(X),(X),(X),(X),(X)
5001100US4003,4003,"Congressional District 3 (111th Congress), Oklahoma",530565,835,61994,1173,468571,1392,(X),(X),9.2,0.9,(X),(X),(X),(X),14.5,0.9,(X),(X),(X),(X),36.5,1.1,(X),(X),(X),(X),13.7,0.7,(X),(X),(X),(X),11.8,0.6,(X),(X),49.5,0.1,94.4,0.6,43.6,0.2,50.5,0.1,5.6,0.6,56.4,0.2,30.7,0.1,9.6,1.0,33.5,0.2,35.7,0.2,24.2,0.8,37.3,0.2,14.7,0.1,26.9,0.8,13.1,0.2,9.8,0.1,19.3,0.7,8.6,0.1,9.0,0.1,20.0,0.6,7.5,0.1,96.4,0.2,96.9,0.4,96.4,0.2,83.6,0.2,87.8,0.7,83.0,0.2,3.8,0.1,3.5,0.4,3.8,0.1,5.2,0.2,4.1,0.4,5.4,0.2,1.0,0.1,0.4,0.2,1.1,0.1,0.1,0.1,0.1,0.1,0.1,0.1,2.7,0.2,1.0,0.2,3.0,0.2,3.6,0.2,3.1,0.4,3.6,0.2,5.8,0.1,2.0,0.3,6.3,0.1,81.1,0.1,87.0,0.7,80.3,0.1,21567,232,32131,689,20350,260,(X),(X),32637,720,27670,471,(X),(X),21696,3384,15861,245,448499,809,60467,1099,388032,1268,15.6,0.3,10.9,0.6,16.3,0.4,36.3,0.5,34.2,1.0,36.7,0.5,28.5,0.4,34.7,1.1,27.6,0.4,19.6,0.3,20.3,0.9,19.5,0.4,430564,903,37579,1097,392985,1351,72.8,0.5,73.4,1.4,72.7,0.6,313322,2351,27567,932,285755,2444,5.2,0.3,4.5,1.0,5.2,0.3,(X),(X),(X),(X),(X),(X),(X),(X),(X),(X),(X),(X),(X),(X),(X),(X),(X),(X),(X),(X),(X),(X),(X),(X),2.6,(X),(X),(X),(X),(X),4.8,(X),(X),(X),(X),(X)
5001100US4004,4004,"Congressional District 4 (111th Congress), Oklahoma",543454,1256,74656,1697,468798,1817,(X),(X),14.0,1.1,(X),(X),(X),(X),21.4,1.0,(X),(X),(X),(X),36.5,1.1,(X),(X),(X),(X),12.2,0.6,(X),(X),(X),(X),9.1,0.5,(X),(X),47.9,0.1,91.0,0.7,41.0,0.2,52.1,0.1,9.0,0.7,59.0,0.2,32.8,0.2,12.4,1.0,36.1,0.2,35.9,0.2,29.3,1.0,36.9,0.2,14.5,0.1,24.8,0.7,12.9,0.1,9.2,0.1,17.8,0.6,7.8,0.1,7.5,0.1,15.7,0.5,6.3,0.1,95.7,0.2,96.6,0.4,95.5,0.2,81.3,0.2,83.7,0.8,80.9,0.3,5.9,0.2,7.5,0.6,5.7,0.2,4.8,0.1,3.4,0.3,5.0,0.1,2.0,0.1,0.7,0.2,2.3,0.1,0.1,0.1,0.1,0.1,0.1,0.1,1.5,0.1,1.2,0.3,1.6,0.1,4.3,0.2,3.4,0.4,4.5,0.2,5.0,0.1,3.9,0.4,5.1,0.1,78.6,0.2,81.4,0.8,78.2,0.2,23467,275,36021,741,21596,246,(X),(X),37105,761,27758,601,(X),(X),26485,3095,18044,297,456539,1077,72161,1531,384378,1635,13.5,0.4,10.0,0.7,14.1,0.4,33.7,0.5,28.7,1.0,34.6,0.5,30.8,0.5,39.1,1.1,29.3,0.5,22.0,0.4,22.3,1.0,22.0,0.4,452443,1248,49646,1557,402797,1749,74.9,0.5,76.8,1.2,74.7,0.5,338933,2235,38125,1441,300808,2320,4.9,0.3,3.8,0.6,5.1,0.3,(X),(X),(X),(X),(X),(X),(X),(X),(X),(X),(X),(X),(X),(X),(X),(X),(X),(X),(X),(X),(X),(X),(X),(X),2.3,(X),(X),(X),(X),(X),4.4,(X),(X),(X),(X),(X)
5001100US4005,4005,"Congressional District 5 (111th Congress), Oklahoma",540725,955,61651,1444,479074,1712,(X),(X),9.3,1.0,(X),(X),(X),(X),17.1,1.1,(X),(X),(X),(X),34.6,1.0,(X),(X),(X),(X),12.8,0.7,(X),(X),(X),(X),12.2,0.7,(X),(X),47.6,0.1,92.3,0.7,41.8,0.2,52.4,0.1,7.7,0.7,58.2,0.2,34.3,0.1,9.8,1.1,37.4,0.2,35.2,0.1,27.6,1.3,36.2,0.2,13.6,0.1,24.7,0.8,12.2,0.1,8.6,0.1,18.0,0.7,7.4,0.1,8.3,0.1,19.9,0.7,6.8,0.1,95.4,0.3,96.9,0.5,95.2,0.3,73.4,0.3,81.2,1.0,72.4,0.4,12.2,0.2,11.7,0.8,12.2,0.2,3.4,0.1,2.6,0.3,3.6,0.1,2.9,0.1,0.6,0.2,3.2,0.1,0.1,0.1,0.1,0.1,0.1,0.1,3.4,0.2,0.7,0.2,3.8,0.3,4.6,0.3,3.1,0.5,4.8,0.3,9.6,0.1,2.8,0.6,10.5,0.1,68.3,0.1,79.5,1.0,66.9,0.2,23408,296,33826,957,22070,249,(X),(X),34345,989,27292,470,(X),(X),28589,2584,18772,317,467709,779,60673,1410,407036,1465,15.7,0.3,9.7,0.7,16.6,0.3,27.1,0.4,24.3,1.1,27.5,0.4,29.8,0.5,36.8,1.2,28.7,0.5,27.4,0.5,29.2,1.3,27.2,0.5,449241,902,38294,1287,410947,1654,76.2,0.5,78.1,1.5,76.0,0.5,342141,2242,29902,1122,312239,2441,6.1,0.3,6.3,1.1,6.1,0.4,(X),(X),(X),(X),(X),(X),(X),(X),(X),(X),(X),(X),(X),(X),(X),(X),(X),(X),(X),(X),(X),(X),(X),(X),2.7,(X),(X),(X),(X),(X),5.5,(X),(X),(X),(X),(X)
5001100US4101,4101,"Congressional District 1 (111th Congress), Oregon",587958,1370,62575,1696,525383,1939,(X),(X),6.3,0.8,(X),(X),(X),(X),15.5,0.9,(X),(X),(X),(X),35.6,1.2,(X),(X),(X),(X),10.5,0.7,(X),(X),(X),(X),12.1,0.7,(X),(X),49.8,0.1,93.3,0.7,44.6,0.2,50.2,0.1,6.7,0.7,55.4,0.2,32.5,0.1,9.1,0.9,35.3,0.2,39.4,0.1,28.1,1.2,40.7,0.2,14.4,0.1,27.4,0.8,12.9,0.1,7.1,0.1,17.4,0.7,5.8,0.1,6.7,0.1,17.9,0.7,5.3,0.1,97.8,0.2,97.9,0.3,97.8,0.2,84.3,0.3,93.9,0.6,83.1,0.3,1.3,0.1,1.5,0.4,1.3,0.1,1.3,0.2,0.7,0.2,1.4,0.2,6.2,0.1,0.9,0.3,6.9,0.1,0.3,0.1,0.1,0.1,0.3,0.1,4.4,0.3,0.7,0.2,4.8,0.4,2.2,0.2,2.1,0.3,2.2,0.2,10.0,0.1,2.8,0.5,10.8,0.1,79.9,0.1,92.2,0.7,78.4,0.2,29522,353,39335,1146,28142,397,(X),(X),40085,1123,37143,762,(X),(X),28391,3511,22418,336,520584,1253,61918,1664,458666,1874,9.8,0.3,5.5,0.6,10.4,0.4,21.3,0.4,22.6,1.0,21.2,0.5,32.1,0.5,41.7,1.3,30.7,0.5,36.8,0.5,30.2,1.1,37.7,0.5,507350,1358,40488,1533,466862,1815,79.5,0.4,81.5,1.2,79.4,0.4,403564,2185,32992,1360,370572,2473,7.2,0.3,8.0,1.6,7.1,0.3,(X),(X),(X),(X),(X),(X),(X),(X),(X),(X),(X),(X),(X),(X),(X),(X),(X),(X),(X),(X),(X),(X),(X),(X),2.2,(X),(X),(X),(X),(X),3.6,(X),(X),(X),(X),(X)
5001100US4102,4102,"Congressional District 2 (111th Congress), Oregon",571230,711,83337,1532,487893,1568,(X),(X),4.7,0.5,(X),(X),(X),(X),10.7,0.8,(X),(X),(X),(X),37.0,1.0,(X),(X),(X),(X),13.7,0.7,(X),(X),(X),(X),13.9,0.7,(X),(X),49.0,0.1,93.4,0.6,41.5,0.2,51.0,0.1,6.6,0.6,58.5,0.2,25.9,0.1,5.7,0.6,29.3,0.2,35.9,0.1,23.9,1.0,38.0,0.2,17.5,0.1,27.7,0.8,15.8,0.2,10.9,0.1,21.0,0.6,9.2,0.1,9.8,0.1,21.7,0.7,7.7,0.1,97.7,0.1,97.8,0.3,97.6,0.1,92.4,0.2,95.0,0.4,91.9,0.2,0.5,0.1,0.6,0.2,0.4,0.1,1.7,0.1,1.2,0.2,1.8,0.1,1.0,0.1,0.5,0.2,1.1,0.1,0.2,0.1,0.1,0.1,0.2,0.1,2.0,0.2,0.5,0.2,2.2,0.2,2.3,0.1,2.2,0.3,2.4,0.1,7.9,0.1,2.3,0.4,8.8,0.1,87.2,0.1,93.5,0.5,86.1,0.1,23378,268,31449,669,22091,233,(X),(X),32158,742,29474,561,(X),(X),19701,2087,18170,282,508879,726,82420,1494,426459,1476,12.8,0.3,9.1,0.6,13.6,0.4,30.3,0.4,27.9,1.0,30.7,0.5,35.3,0.5,40.5,1.1,34.3,0.6,21.6,0.4,22.5,0.9,21.5,0.5,453229,744,47742,1362,405487,1583,75.4,0.4,69.5,1.5,76.1,0.4,341695,1856,33177,1156,308518,2153,7.7,0.3,7.4,0.9,7.7,0.4,(X),(X),(X),(X),(X),(X),(X),(X),(X),(X),(X),(X),(X),(X),(X),(X),(X),(X),(X),(X),(X),(X),(X),(X),2.6,(X),(X),(X),(X),(X),4.9,(X),(X),(X),(X),(X)
5001100US4103,4103,"Congressional District 3 (111th Congress), Oregon",564000,2024,54505,1255,509495,2295,(X),(X),5.8,0.6,(X),(X),(X),(X),13.1,1.2,(X),(X),(X),(X),36.1,1.3,(X),(X),(X),(X),10.2,0.8,(X),(X),(X),(X),13.2,0.9,(X),(X),48.7,0.2,92.6,0.8,44.0,0.2,51.3,0.2,7.4,0.8,56.0,0.2,33.9,0.2,7.7,1.0,36.7,0.3,38.8,0.2,29.2,1.3,39.8,0.3,13.8,0.1,26.9,1.1,12.4,0.2,6.7,0.1,17.3,0.8,5.6,0.1,6.8,0.1,19.0,0.8,5.5,0.1,97.4,0.2,97.6,0.5,97.4,0.2,83.0,0.3,90.0,0.8,82.2,0.3,4.7,0.1,4.2,0.5,4.8,0.1,1.2,0.2,1.1,0.2,1.2,0.2,5.8,0.1,1.6,0.3,6.2,0.1,0.4,0.1,0.3,0.2,0.4,0.1,2.4,0.2,0.3,0.1,2.6,0.2,2.6,0.2,2.4,0.5,2.6,0.2,8.4,0.2,2.2,0.5,9.1,0.2,78.1,0.2,88.5,0.9,77.0,0.3,26728,294,34866,990,25888,312,(X),(X),35337,949,31630,544,(X),(X),26936,3761,21906,290,501863,1851,53777,1223,448086,2136,12.2,0.4,7.9,0.9,12.8,0.4,24.5,0.5,26.0,1.2,24.4,0.5,32.7,0.4,41.5,1.4,31.7,0.4,30.5,0.5,24.5,1.1,31.2,0.6,487646,1858,34769,1100,452877,2059,80.0,0.4,77.3,1.6,80.2,0.4,390041,2483,26887,1010,363154,2563,7.7,0.3,7.7,1.3,7.7,0.3,(X),(X),(X),(X),(X),(X),(X),(X),(X),(X),(X),(X),(X),(X),(X),(X),(X),(X),(X),(X),(X),(X),(X),(X),2.3,(X),(X),(X),(X),(X),5.0,(X),(X),(X),(X),(X)
5001100US4104,4104,"Congressional District 4 (111th Congress), Oregon",566668,1262,81281,1411,485387,1812,(X),(X),4.3,0.6,(X),(X),(X),(X),10.6,0.8,(X),(X),(X),(X),37.8,0.9,(X),(X),(X),(X),13.7,0.6,(X),(X),(X),(X),14.1,0.8,(X),(X),48.4,0.1,93.6,0.5,40.8,0.2,51.6,0.1,6.4,0.5,59.2,0.2,27.9,0.1,5.7,0.7,31.6,0.2,34.3,0.1,24.1,1.0,36.0,0.2,17.3,0.1,28.3,0.7,15.5,0.2,10.7,0.1,20.0,0.6,9.1,0.1,9.8,0.1,21.9,0.7,7.8,0.1,97.8,0.1,98.1,0.3,97.7,0.1,92.1,0.1,95.3,0.5,91.6,0.2,0.6,0.1,0.6,0.2,0.6,0.1,1.4,0.1,1.0,0.2,1.4,0.1,2.0,0.1,0.5,0.2,2.3,0.1,0.1,0.1,0.0,0.1,0.2,0.1,1.5,0.2,0.6,0.2,1.7,0.2,2.2,0.1,1.9,0.3,2.3,0.1,4.4,0.1,2.0,0.3,4.8,0.1,89.6,0.1,94.1,0.5,88.9,0.1,22014,218,30303,699,20587,250,(X),(X),30913,718,28281,636,(X),(X),22366,1981,16488,267,482935,998,80493,1381,402442,1642,11.8,0.4,9.8,0.8,12.1,0.4,29.2,0.5,28.3,1.1,29.3,0.5,36.1,0.5,39.7,1.2,35.3,0.5,23.0,0.5,22.1,1.0,23.2,0.5,450585,1148,47211,1275,403374,1558,73.3,0.5,69.3,1.7,73.7,0.5,330094,2288,32696,1154,297398,2361,8.1,0.3,7.9,0.9,8.1,0.4,(X),(X),(X),(X),(X),(X),(X),(X),(X),(X),(X),(X),(X),(X),(X),(X),(X),(X),(X),(X),(X),(X),(X),(X),2.1,(X),(X),(X),(X),(X),4.7,(X),(X),(X),(X),(X)
5001100US4105,4105,"Congressional District 5 (111th Congress), Oregon",569751,1703,67923,1599,501828,1978,(X),(X),5.2,0.7,(X),(X),(X),(X),12.5,1.0,(X),(X),(X),(X),36.8,1.3,(X),(X),(X),(X),12.0,0.7,(X),(X),(X),(X),14.1,1.1,(X),(X),49.4,0.1,93.3,0.7,43.5,0.2,50.6,0.1,6.7,0.7,56.5,0.2,29.7,0.2,6.5,0.8,32.9,0.3,36.3,0.2,25.3,1.2,37.8,0.3,16.4,0.1,27.9,1.1,14.8,0.2,8.9,0.1,19.4,0.7,7.5,0.1,8.6,0.1,20.8,1.3,7.0,0.2,97.7,0.2,98.3,0.3,97.7,0.2,89.0,0.3,95.3,0.5,88.2,0.4,0.8,0.1,0.6,0.2,0.9,0.1,1.6,0.2,1.0,0.2,1.6,0.2,2.4,0.1,0.6,0.2,2.6,0.1,0.3,0.1,0.1,0.1,0.4,0.1,3.6,0.3,0.6,0.2,4.0,0.3,2.3,0.2,1.7,0.3,2.3,0.2,10.3,0.1,2.2,0.4,11.4,0.2,83.4,0.2,93.7,0.6,82.0,0.3,25724,311,36254,1096,24122,366,(X),(X),37034,1115,31524,527,(X),(X),25270,2160,19839,295,489921,1492,67232,1554,422689,2051,12.2,0.3,6.8,0.7,13.1,0.4,24.8,0.4,23.5,1.1,25.0,0.5,34.0,0.5,40.8,1.1,33.0,0.6,28.9,0.5,28.9,1.0,28.9,0.5,469908,1627,40604,1177,429304,1644,75.9,0.5,75.5,1.6,76.0,0.5,356707,2302,30642,1162,326065,2237,7.4,0.3,6.5,1.0,7.5,0.4,(X),(X),(X),(X),(X),(X),(X),(X),(X),(X),(X),(X),(X),(X),(X),(X),(X),(X),(X),(X),(X),(X),(X),(X),1.8,(X),(X),(X),(X),(X),3.8,(X),(X),(X),(X),(X)
5001100US4201,4201,"Congressional District 1 (111th Congress), Pennsylvania",478795,3705,32708,1713,446087,4126,(X),(X),5.7,1.2,(X),(X),(X),(X),12.0,1.5,(X),(X),(X),(X),31.9,2.2,(X),(X),(X),(X),12.6,1.3,(X),(X),(X),(X),11.3,1.2,(X),(X),45.4,0.4,92.3,1.2,41.9,0.4,54.6,0.4,7.7,1.2,58.1,0.4,36.9,0.5,8.9,1.5,39.0,0.6,36.0,0.5,30.3,1.8,36.4,0.5,12.6,0.3,25.3,1.7,11.6,0.3,7.6,0.2,16.0,1.4,7.0,0.2,7.0,0.3,19.5,1.6,6.0,0.3,98.7,0.2,98.9,0.4,98.7,0.2,38.0,0.7,42.0,2.0,37.7,0.7,45.6,0.6,51.2,1.9,45.2,0.6,0.3,0.1,0.3,0.2,0.3,0.1,5.5,0.3,0.7,0.3,5.9,0.3,0.1,0.1,0.0,0.1,0.1,0.1,9.2,0.5,4.8,1.2,9.6,0.5,1.3,0.2,1.1,0.4,1.3,0.2,15.7,0.4,7.8,1.4,16.3,0.4,32.6,0.5,39.5,1.9,32.1,0.5,19034,365,26057,1559,18492,373,(X),(X),25779,1556,21803,567,(X),(X),30390,4675,16073,491,408282,3210,32222,1675,376060,3581,24.8,0.7,18.5,1.6,25.4,0.8,36.8,0.8,38.6,2.4,36.6,0.8,20.4,0.6,27.7,2.2,19.7,0.6,18.0,0.5,15.1,1.2,18.3,0.6,409147,3804,21095,1568,388052,4256,68.4,0.7,66.4,2.6,68.5,0.7,279667,3880,14012,1044,265655,4007,13.2,0.6,11.0,2.4,13.4,0.6,(X),(X),(X),(X),(X),(X),(X),(X),(X),(X),(X),(X),(X),(X),(X),(X),(X),(X),(X),(X),(X),(X),(X),(X),6.9,(X),(X),(X),(X),(X),13.4,(X),(X),(X),(X),(X)
5001100US4202,4202,"Congressional District 2 (111th Congress), Pennsylvania",482686,4082,37796,1569,444890,3947,(X),(X),5.1,0.9,(X),(X),(X),(X),10.6,1.3,(X),(X),(X),(X),32.4,1.7,(X),(X),(X),(X),11.2,1.0,(X),(X),(X),(X),14.4,1.3,(X),(X),44.4,0.4,93.8,0.8,40.2,0.4,55.6,0.4,6.2,0.8,59.8,0.4,37.0,0.6,5.7,1.0,39.7,0.6,33.1,0.5,30.5,2.1,33.4,0.5,13.0,0.3,24.6,1.6,12.0,0.3,8.4,0.2,16.8,1.3,7.7,0.2,8.4,0.2,22.4,1.4,7.2,0.2,98.7,0.2,98.9,0.3,98.7,0.2,36.7,0.5,34.9,1.9,36.9,0.5,55.2,0.5,62.5,1.9,54.5,0.6,0.2,0.1,0.3,0.3,0.2,0.1,5.1,0.3,0.6,0.3,5.5,0.3,0.0,0.1,0.0,0.1,0.0,0.1,1.4,0.2,0.7,0.3,1.5,0.2,1.3,0.2,1.1,0.3,1.3,0.2,3.2,0.3,1.5,0.4,3.3,0.3,35.3,0.5,34.5,1.8,35.4,0.5,22133,318,28469,1690,21652,330,(X),(X),28160,1707,25312,872,(X),(X),31967,3851,19908,459,404925,3130,37418,1562,367507,2967,17.7,0.4,18.2,1.6,17.7,0.5,31.1,0.6,35.0,1.8,30.7,0.6,21.6,0.7,26.6,1.6,21.1,0.7,29.6,0.5,20.1,1.7,30.5,0.5,401530,3984,22967,1326,378563,3813,69.6,0.6,65.5,4.0,69.9,0.6,279522,3404,15048,873,264474,3249,11.3,0.5,10.7,2.1,11.4,0.6,(X),(X),(X),(X),(X),(X),(X),(X),(X),(X),(X),(X),(X),(X),(X),(X),(X),(X),(X),(X),(X),(X),(X),(X),6.0,(X),(X),(X),(X),(X),11.1,(X),(X),(X),(X),(X)
5001100US4203,4203,"Congressional District 3 (111th Congress), Pennsylvania",497395,991,59887,1218,437508,1600,(X),(X),5.2,0.5,(X),(X),(X),(X),11.2,0.7,(X),(X),(X),(X),33.0,0.9,(X),(X),(X),(X),14.1,0.7,(X),(X),(X),(X),15.4,0.7,(X),(X),48.3,0.1,94.1,0.5,42.0,0.2,51.7,0.1,5.9,0.5,58.0,0.2,27.6,0.1,6.3,0.5,30.6,0.2,36.7,0.2,23.3,0.9,38.6,0.2,15.4,0.1,26.4,0.7,13.9,0.2,9.8,0.1,19.9,0.7,8.4,0.1,10.5,0.1,24.2,0.7,8.6,0.2,99.4,0.1,99.5,0.2,99.4,0.1,94.9,0.1,97.1,0.4,94.6,0.1,3.2,0.1,1.9,0.3,3.3,0.1,0.2,0.1,0.3,0.1,0.2,0.1,0.6,0.1,0.1,0.1,0.7,0.1,0.0,0.1,0.0,0.1,0.0,0.1,0.5,0.1,0.1,0.1,0.5,0.1,0.6,0.1,0.5,0.2,0.6,0.1,1.3,0.1,0.6,0.2,1.4,0.1,94.2,0.1,96.7,0.4,93.9,0.1,22033,213,29514,542,20907,243,(X),(X),29965,625,29646,479,(X),(X),20710,3182,16159,260,432361,876,59311,1209,373050,1507,12.1,0.3,12.0,0.7,12.2,0.3,44.7,0.4,46.7,1.2,44.4,0.4,22.7,0.4,25.4,1.1,22.3,0.4,20.5,0.4,16.0,0.7,21.2,0.4,396688,970,33507,959,363181,1332,74.5,0.5,72.8,1.5,74.7,0.5,295542,2029,24407,890,271135,1992,6.7,0.3,6.6,1.0,6.7,0.3,(X),(X),(X),(X),(X),(X),(X),(X),(X),(X),(X),(X),(X),(X),(X),(X),(X),(X),(X),(X),(X),(X),(X),(X),2.5,(X),(X),(X),(X),(X),4.5,(X),(X),(X),(X),(X)
5001100US4204,4204,"Congressional District 4 (111th Congress), Pennsylvania",493050,1287,57333,1089,435717,1533,(X),(X),4.6,0.7,(X),(X),(X),(X),9.5,0.8,(X),(X),(X),(X),31.6,1.0,(X),(X),(X),(X),15.9,0.9,(X),(X),(X),(X),19.2,0.7,(X),(X),47.1,0.2,95.1,0.5,40.8,0.3,52.9,0.2,4.9,0.5,59.2,0.3,22.2,0.3,4.7,0.7,24.5,0.4,39.5,0.3,19.2,0.9,42.2,0.4,15.9,0.2,25.1,0.8,14.7,0.2,10.2,0.1,21.0,0.8,8.8,0.1,12.1,0.4,30.1,0.8,9.8,0.4,99.4,0.1,99.6,0.1,99.4,0.1,94.9,0.2,95.9,0.5,94.8,0.2,3.1,0.2,3.4,0.5,3.1,0.2,0.1,0.1,0.1,0.1,0.1,0.1,1.1,0.1,0.1,0.1,1.2,0.1,0.0,0.1,0.0,0.1,0.0,0.1,0.2,0.1,0.1,0.1,0.2,0.1,0.6,0.1,0.4,0.1,0.6,0.1,0.8,0.1,0.7,0.3,0.8,0.1,94.4,0.2,95.5,0.6,94.2,0.2,27544,320,32168,701,26699,328,(X),(X),32463,798,39965,488,(X),(X),25861,4106,19753,361,449240,1342,56854,1077,392386,1594,8.6,0.3,11.3,0.8,8.2,0.3,35.3,0.5,40.4,1.1,34.6,0.5,24.2,0.4,26.3,1.2,23.9,0.4,31.8,0.6,22.0,1.0,33.2,0.6,382854,1664,28081,927,354773,1852,78.7,0.5,78.3,1.5,78.7,0.5,301344,2518,21974,878,279370,2405,5.2,0.3,4.8,0.8,5.2,0.3,(X),(X),(X),(X),(X),(X),(X),(X),(X),(X),(X),(X),(X),(X),(X),(X),(X),(X),(X),(X),(X),(X),(X),(X),2.7,(X),(X),(X),(X),(X),4.8,(X),(X),(X),(X),(X)
5001100US4205,4205,"Congressional District 5 (111th Congress), Pennsylvania",510503,696,60954,1113,449549,1313,(X),(X),5.7,0.6,(X),(X),(X),(X),10.7,0.7,(X),(X),(X),(X),31.5,0.9,(X),(X),(X),(X),14.1,0.6,(X),(X),(X),(X),15.6,0.7,(X),(X),49.6,0.1,95.0,0.4,43.4,0.2,50.4,0.1,5.0,0.4,56.6,0.2,31.0,0.1,7.3,0.6,34.2,0.2,34.4,0.1,23.9,0.8,35.8,0.2,14.6,0.1,23.9,0.7,13.3,0.1,10.1,0.1,20.4,0.7,8.7,0.1,10.0,0.1,24.4,0.6,8.0,0.1,99.4,0.1,99.6,0.1,99.4,0.1,95.5,0.1,98.3,0.4,95.1,0.1,1.9,0.1,0.8,0.3,2.1,0.1,0.1,0.1,0.2,0.1,0.1,0.1,1.4,0.1,0.2,0.1,1.6,0.1,0.0,0.1,0.1,0.1,0.0,0.1,0.4,0.1,0.1,0.1,0.4,0.1,0.6,0.1,0.4,0.1,0.6,0.1,1.1,0.1,0.5,0.2,1.2,0.1,94.8,0.1,98.0,0.4,94.3,0.1,20186,187,28181,445,18897,216,(X),(X),28587,453,26702,371,(X),(X),20755,2082,14800,184,419870,798,60049,1112,359821,1345,13.1,0.3,13.1,0.8,13.1,0.4,46.6,0.4,47.8,1.2,46.4,0.5,21.3,0.4,24.1,0.8,20.9,0.4,19.0,0.3,15.0,0.7,19.6,0.4,407935,769,33623,912,374312,1147,71.2,0.5,75.7,1.1,70.8,0.5,290482,2173,25447,808,265035,2163,6.7,0.2,6.1,0.7,6.8,0.3,(X),(X),(X),(X),(X),(X),(X),(X),(X),(X),(X),(X),(X),(X),(X),(X),(X),(X),(X),(X),(X),(X),(X),(X),4.4,(X),(X),(X),(X),(X),4.7,(X),(X),(X),(X),(X)
5001100US4206,4206,"Congressional District 6 (111th Congress), Pennsylvania",534400,1874,52522,1220,481878,2277,(X),(X),4.4,0.7,(X),(X),(X),(X),9.3,0.8,(X),(X),(X),(X),32.3,1.1,(X),(X),(X),(X),14.3,0.8,(X),(X),(X),(X),17.0,0.7,(X),(X),48.2,0.3,95.1,0.5,43.1,0.3,51.8,0.3,4.9,0.5,56.9,0.3,27.4,0.3,5.3,0.7,29.9,0.4,40.3,0.3,21.8,1.1,42.3,0.4,14.6,0.2,25.8,0.9,13.4,0.2,8.6,0.2,20.2,0.8,7.4,0.2,9.0,0.2,26.9,0.9,7.0,0.2,99.1,0.1,99.1,0.3,99.1,0.1,87.0,0.3,91.0,0.8,86.6,0.3,6.8,0.2,7.2,0.8,6.8,0.3,0.1,0.1,0.1,0.1,0.1,0.1,3.0,0.1,0.4,0.2,3.3,0.1,0.0,0.1,0.0,0.1,0.0,0.1,2.2,0.2,0.5,0.2,2.3,0.2,0.9,0.1,0.9,0.3,0.9,0.1,5.0,0.2,1.9,0.4,5.3,0.2,84.4,0.3,89.9,0.9,83.7,0.3,33446,399,39235,1225,32676,437,(X),(X),39889,1268,44347,581,(X),(X),28059,2759,25241,371,469670,2299,51915,1239,417755,2534,10.4,0.4,11.3,0.8,10.2,0.4,29.8,0.5,34.6,1.3,29.2,0.5,20.9,0.4,24.7,1.1,20.4,0.4,38.9,0.5,29.4,1.2,40.1,0.5,440263,1824,27783,915,412480,2193,80.1,0.5,80.2,1.9,80.0,0.5,352469,2660,22286,831,330183,2858,5.2,0.2,6.8,1.1,5.1,0.2,(X),(X),(X),(X),(X),(X),(X),(X),(X),(X),(X),(X),(X),(X),(X),(X),(X),(X),(X),(X),(X),(X),(X),(X),2.2,(X),(X),(X),(X),(X),4.2,(X),(X),(X),(X),(X)
5001100US4207,4207,"Congressional District 7 (111th Congress), Pennsylvania",511340,1637,49217,1145,462123,2018,(X),(X),4.3,0.6,(X),(X),(X),(X),8.6,0.8,(X),(X),(X),(X),31.8,1.2,(X),(X),(X),(X),14.8,1.0,(X),(X),(X),(X),19.7,0.8,(X),(X),47.9,0.2,95.6,0.5,42.8,0.3,52.1,0.2,4.4,0.5,57.2,0.3,28.0,0.3,4.8,0.7,30.5,0.3,38.3,0.2,18.2,1.0,40.4,0.3,14.7,0.2,25.1,1.1,13.6,0.2,8.8,0.1,21.7,0.9,7.4,0.1,10.2,0.1,30.2,0.7,8.1,0.1,99.4,0.1,99.6,0.2,99.3,0.1,86.9,0.2,92.7,0.8,86.3,0.3,7.3,0.2,5.8,0.7,7.4,0.2,0.1,0.1,0.1,0.1,0.1,0.1,4.6,0.1,0.9,0.3,5.0,0.1,0.0,0.1,0.0,0.1,0.0,0.1,0.4,0.1,0.1,0.1,0.5,0.1,0.6,0.1,0.4,0.2,0.7,0.1,1.7,0.1,0.8,0.3,1.8,0.1,85.7,0.2,92.0,0.8,85.0,0.2,34728,413,41103,992,33842,440,(X),(X),41197,994,46132,1005,(X),(X),37586,8196,26222,358,448488,1733,48903,1138,399585,2036,8.1,0.3,9.3,0.9,8.0,0.3,28.6,0.5,32.4,1.2,28.2,0.5,22.5,0.4,25.6,1.2,22.1,0.4,40.7,0.6,32.7,1.3,41.7,0.6,414145,1564,23670,920,390475,1746,79.7,0.5,80.4,1.8,79.7,0.5,330250,2162,19040,901,311210,2345,5.0,0.3,5.3,1.0,5.0,0.3,(X),(X),(X),(X),(X),(X),(X),(X),(X),(X),(X),(X),(X),(X),(X),(X),(X),(X),(X),(X),(X),(X),(X),(X),4.2,(X),(X),(X),(X),(X),5.8,(X),(X),(X),(X),(X)
5001100US4208,4208,"Congressional District 8 (111th Congress), Pennsylvania",512228,1257,49609,975,462619,1449,(X),(X),4.5,0.6,(X),(X),(X),(X),7.3,0.8,(X),(X),(X),(X),35.2,1.2,(X),(X),(X),(X),14.7,0.8,(X),(X),(X),(X),16.5,0.8,(X),(X),48.6,0.1,95.5,0.6,43.6,0.2,51.4,0.1,4.5,0.6,56.4,0.2,24.3,0.1,4.2,0.6,26.4,0.1,41.8,0.1,17.6,1.1,44.4,0.2,15.8,0.1,29.7,1.1,14.3,0.1,9.2,0.1,22.1,0.8,7.8,0.1,9.0,0.1,26.4,0.8,7.1,0.1,99.3,0.1,99.3,0.2,99.3,0.1,91.9,0.2,95.7,0.6,91.4,0.2,3.5,0.1,2.9,0.5,3.6,0.1,0.1,0.1,0.1,0.1,0.1,0.1,3.1,0.1,0.3,0.1,3.4,0.1,0.0,0.1,0.0,0.1,0.0,0.1,0.7,0.1,0.2,0.1,0.8,0.2,0.7,0.1,0.7,0.2,0.7,0.1,2.9,0.1,0.8,0.3,3.2,0.1,89.7,0.1,95.0,0.7,89.1,0.2,34162,445,41005,1042,33353,466,(X),(X),41520,1030,45724,903,(X),(X),27240,5800,25151,407,457975,1248,49222,974,408753,1513,9.0,0.4,9.8,0.8,8.9,0.4,32.5,0.5,34.7,1.2,32.2,0.5,25.4,0.4,27.9,1.2,25.1,0.5,33.2,0.5,27.6,1.2,33.9,0.6,419359,1088,25556,752,393803,1299,80.6,0.7,81.3,1.5,80.6,0.8,338039,3232,20778,750,317261,3231,5.0,0.3,5.8,1.0,5.0,0.3,(X),(X),(X),(X),(X),(X),(X),(X),(X),(X),(X),(X),(X),(X),(X),(X),(X),(X),(X),(X),(X),(X),(X),(X),2.1,(X),(X),(X),(X),(X),3.6,(X),(X),(X),(X),(X)
5001100US4209,4209,"Congressional District 9 (111th Congress), Pennsylvania",511647,1582,63163,1131,448484,1931,(X),(X),6.5,0.6,(X),(X),(X),(X),11.8,0.7,(X),(X),(X),(X),33.9,1.0,(X),(X),(X),(X),13.6,0.7,(X),(X),(X),(X),14.3,0.6,(X),(X),49.0,0.2,94.0,0.6,42.6,0.3,51.0,0.2,6.0,0.6,57.4,0.3,25.6,0.2,6.4,0.6,28.3,0.2,37.2,0.2,24.6,0.9,39.0,0.2,16.0,0.1,26.6,0.8,14.4,0.1,10.7,0.1,19.3,0.7,9.4,0.1,10.6,0.1,23.0,0.6,8.8,0.1,99.5,0.1,99.5,0.2,99.5,0.1,96.7,0.1,97.3,0.4,96.6,0.1,1.9,0.1,1.8,0.3,1.9,0.1,0.1,0.1,0.2,0.1,0.1,0.1,0.5,0.1,0.1,0.1,0.5,0.1,0.0,0.1,0.0,0.1,0.0,0.1,0.3,0.1,0.1,0.1,0.4,0.1,0.5,0.1,0.5,0.2,0.5,0.1,1.2,0.1,0.7,0.1,1.2,0.1,95.9,0.1,96.7,0.4,95.7,0.1,22797,212,30703,692,21610,215,(X),(X),31079,726,30208,332,(X),(X),25226,1497,16296,249,455843,1484,62296,1134,393547,1697,15.7,0.3,13.4,0.8,16.1,0.3,48.3,0.4,48.8,1.1,48.2,0.5,20.7,0.3,24.3,0.8,20.1,0.3,15.3,0.4,13.5,0.7,15.6,0.4,403002,1547,36436,975,366566,1663,75.0,0.5,74.8,1.1,75.1,0.5,302388,2193,27245,871,275143,2110,5.9,0.3,6.2,1.0,5.9,0.3,(X),(X),(X),(X),(X),(X),(X),(X),(X),(X),(X),(X),(X),(X),(X),(X),(X),(X),(X),(X),(X),(X),(X),(X),2.0,(X),(X),(X),(X),(X),4.7,(X),(X),(X),(X),(X)
5001100US4210,4210,"Congressional District 10 (111th Congress), Pennsylvania",512587,974,63862,1069,448725,1368,(X),(X),5.0,0.6,(X),(X),(X),(X),10.3,0.8,(X),(X),(X),(X),31.5,1.0,(X),(X),(X),(X),13.6,0.8,(X),(X),(X),(X),14.8,0.7,(X),(X),49.1,0.2,94.6,0.4,42.6,0.2,50.9,0.2,5.4,0.4,57.4,0.2,24.3,0.2,6.0,0.7,26.9,0.3,37.7,0.2,24.5,0.8,39.6,0.2,16.6,0.1,24.5,0.8,15.4,0.2,10.7,0.1,22.0,0.8,9.1,0.1,10.7,0.1,23.1,0.8,9.0,0.1,99.3,0.1,99.7,0.1,99.3,0.1,95.8,0.1,97.2,0.5,95.6,0.2,2.2,0.1,1.8,0.4,2.3,0.1,0.2,0.1,0.2,0.1,0.2,0.1,0.6,0.1,0.2,0.1,0.7,0.1,0.0,0.1,0.0,0.1,0.0,0.1,0.5,0.1,0.2,0.1,0.5,0.1,0.7,0.1,0.3,0.1,0.7,0.1,1.8,0.1,0.9,0.3,1.9,0.1,94.6,0.1,96.6,0.6,94.4,0.1,23022,253,30001,571,21983,239,(X),(X),30316,548,30697,426,(X),(X),22418,2488,17071,273,455655,1084,63172,1066,392483,1533,13.3,0.3,12.2,0.8,13.5,0.4,43.1,0.4,44.7,1.2,42.8,0.5,23.4,0.4,27.0,1.1,22.9,0.4,20.1,0.4,16.1,0.7,20.8,0.4,402775,1070,35099,953,367676,1309,74.3,0.5,74.3,1.5,74.3,0.5,299228,1894,26068,906,273160,1885,6.1,0.3,6.2,0.9,6.1,0.3,(X),(X),(X),(X),(X),(X),(X),(X),(X),(X),(X),(X),(X),(X),(X),(X),(X),(X),(X),(X),(X),(X),(X),(X),2.6,(X),(X),(X),(X),(X),5.0,(X),(X),(X),(X),(X)
5001100US4211,4211,"Congressional District 11 (111th Congress), Pennsylvania",522173,768,63067,1160,459106,1313,(X),(X),4.8,0.6,(X),(X),(X),(X),9.1,0.7,(X),(X),(X),(X),31.7,1.0,(X),(X),(X),(X),14.4,0.8,(X),(X),(X),(X),15.6,0.7,(X),(X),47.9,0.1,95.8,0.5,41.3,0.2,52.1,0.1,4.2,0.5,58.7,0.2,26.9,0.2,6.0,0.6,29.7,0.2,36.9,0.2,22.8,1.0,38.9,0.2,15.1,0.1,25.7,0.8,13.6,0.2,10.1,0.1,20.8,0.8,8.6,0.1,11.0,0.1,24.6,0.7,9.1,0.1,99.2,0.1,99.4,0.3,99.2,0.1,92.5,0.2,95.3,0.5,92.1,0.2,4.0,0.1,3.2,0.5,4.1,0.1,0.1,0.1,0.1,0.1,0.1,0.1,1.2,0.1,0.2,0.1,1.3,0.1,0.0,0.1,0.0,0.1,0.0,0.1,1.4,0.1,0.6,0.2,1.5,0.1,0.8,0.1,0.6,0.3,0.8,0.1,4.5,0.1,2.0,0.5,4.9,0.1,89.9,0.1,94.0,0.7,89.3,0.1,22490,268,28649,642,21575,260,(X),(X),28989,646,30265,433,(X),(X),21980,3150,16970,241,455050,904,62054,1111,392996,1484,13.9,0.4,13.5,0.8,13.9,0.4,42.5,0.5,46.4,1.2,41.9,0.6,24.4,0.5,25.6,1.1,24.3,0.5,19.1,0.4,14.5,0.9,19.9,0.5,412093,862,34425,1046,377668,1247,74.9,0.6,73.8,1.5,75.0,0.6,308819,2331,25404,934,283415,2205,6.8,0.3,5.1,1.1,7.0,0.3,(X),(X),(X),(X),(X),(X),(X),(X),(X),(X),(X),(X),(X),(X),(X),(X),(X),(X),(X),(X),(X),(X),(X),(X),2.5,(X),(X),(X),(X),(X),5.0,(X),(X),(X),(X),(X)
5001100US4212,4212,"Congressional District 12 (111th Congress), Pennsylvania",495151,1903,62848,1097,432303,2060,(X),(X),5.1,0.6,(X),(X),(X),(X),9.9,0.8,(X),(X),(X),(X),32.2,1.0,(X),(X),(X),(X),15.1,0.7,(X),(X),(X),(X),17.2,0.7,(X),(X),48.0,0.2,94.9,0.5,41.2,0.3,52.0,0.2,5.1,0.5,58.8,0.3,25.2,0.3,6.3,0.6,28.0,0.3,36.2,0.3,21.0,0.9,38.4,0.4,15.7,0.2,25.7,0.8,14.3,0.2,10.6,0.2,19.7,0.7,9.3,0.2,12.3,0.2,27.3,0.7,10.1,0.3,99.4,0.1,99.3,0.2,99.4,0.1,95.2,0.1,96.4,0.4,95.0,0.2,3.5,0.1,2.8,0.4,3.6,0.1,0.1,0.1,0.1,0.1,0.1,0.1,0.5,0.1,0.0,0.1,0.6,0.1,0.0,0.1,0.0,0.1,0.0,0.1,0.1,0.1,0.1,0.1,0.1,0.1,0.6,0.1,0.7,0.2,0.6,0.1,0.7,0.1,0.5,0.1,0.7,0.1,94.7,0.1,96.0,0.4,94.5,0.2,20798,242,27468,665,19560,302,(X),(X),27777,720,27880,471,(X),(X),20370,2254,15330,249,436114,1917,61883,1061,374231,2103,13.8,0.4,14.2,0.8,13.7,0.4,47.1,0.5,49.9,1.1,46.7,0.5,22.6,0.4,23.1,0.8,22.5,0.4,16.4,0.3,12.9,0.8,17.0,0.4,381905,1978,33310,984,348595,1878,71.6,0.5,70.4,1.5,71.7,0.5,273317,2264,23447,902,249870,2083,7.3,0.3,6.0,0.8,7.4,0.4,(X),(X),(X),(X),(X),(X),(X),(X),(X),(X),(X),(X),(X),(X),(X),(X),(X),(X),(X),(X),(X),(X),(X),(X),2.0,(X),(X),(X),(X),(X),4.8,(X),(X),(X),(X),(X)
5001100US4213,4213,"Congressional District 13 (111th Congress), Pennsylvania",523424,3487,49351,1582,474073,3456,(X),(X),5.0,0.6,(X),(X),(X),(X),9.1,1.0,(X),(X),(X),(X),30.8,1.1,(X),(X),(X),(X),13.7,0.9,(X),(X),(X),(X),19.8,1.0,(X),(X),47.3,0.4,94.6,0.7,42.4,0.4,52.7,0.4,5.4,0.7,57.6,0.4,26.5,0.5,5.8,0.9,28.7,0.5,38.9,0.4,19.8,1.2,40.8,0.4,14.2,0.3,25.0,1.1,13.1,0.3,8.8,0.2,19.7,1.1,7.7,0.2,11.6,0.3,29.7,1.2,9.7,0.3,99.1,0.1,99.5,0.2,99.1,0.1,83.1,0.4,91.5,1.0,82.3,0.5,7.9,0.3,6.2,0.9,8.1,0.3,0.1,0.1,0.1,0.1,0.1,0.1,5.7,0.3,0.7,0.3,6.2,0.3,0.0,0.1,0.0,0.1,0.0,0.1,2.3,0.2,1.0,0.3,2.4,0.2,0.9,0.1,0.5,0.2,0.9,0.1,4.5,0.3,2.1,0.5,4.8,0.3,81.0,0.4,90.5,1.1,80.1,0.5,31039,368,36620,1016,30375,391,(X),(X),36705,1027,39939,651,(X),(X),31701,11209,23833,521,473519,3501,48929,1576,424590,3428,12.2,0.4,13.1,1.1,12.1,0.4,33.5,0.5,36.0,1.6,33.2,0.6,22.1,0.4,25.1,1.2,21.8,0.5,32.2,0.5,25.8,1.2,32.9,0.6,416537,3177,24982,1250,391555,3186,78.6,0.5,78.4,1.6,78.6,0.6,327366,3152,19578,1061,307788,3175,6.8,0.3,7.0,1.3,6.8,0.3,(X),(X),(X),(X),(X),(X),(X),(X),(X),(X),(X),(X),(X),(X),(X),(X),(X),(X),(X),(X),(X),(X),(X),(X),3.3,(X),(X),(X),(X),(X),5.2,(X),(X),(X),(X),(X)
5001100US4214,4214,"Congressional District 14 (111th Congress), Pennsylvania",486831,1475,52326,1340,434505,1817,(X),(X),5.4,0.7,(X),(X),(X),(X),10.3,0.9,(X),(X),(X),(X),30.7,1.1,(X),(X),(X),(X),14.5,0.8,(X),(X),(X),(X),18.1,1.0,(X),(X),46.3,0.3,93.5,1.0,40.6,0.3,53.7,0.3,6.5,1.0,59.4,0.3,32.7,0.3,6.7,0.9,35.9,0.3,33.5,0.3,22.9,1.2,34.7,0.4,13.6,0.2,24.3,1.0,12.3,0.2,8.9,0.1,18.2,0.9,7.8,0.2,11.3,0.3,27.9,1.1,9.3,0.3,98.8,0.1,98.7,0.4,98.8,0.1,75.9,0.3,79.4,1.2,75.5,0.3,19.9,0.2,18.1,1.0,20.1,0.3,0.1,0.1,0.4,0.3,0.1,0.1,2.3,0.1,0.4,0.2,2.5,0.1,0.0,0.1,0.0,0.1,0.0,0.1,0.6,0.1,0.4,0.2,0.6,0.1,1.2,0.1,1.3,0.4,1.2,0.1,1.6,0.1,1.5,0.5,1.6,0.1,75.0,0.3,78.3,1.2,74.6,0.3,21611,271,26977,616,20820,276,(X),(X),27271,625,25943,479,(X),(X),20426,4792,17803,348,415325,1594,51852,1321,363473,1689,11.7,0.3,12.6,1.0,11.5,0.3,35.8,0.5,42.1,1.4,34.9,0.6,25.7,0.4,27.8,1.2,25.4,0.4,26.9,0.5,17.5,1.1,28.2,0.5,388191,1728,28179,1106,360012,1930,74.3,0.5,71.2,1.9,74.5,0.6,288423,2323,20076,972,268347,2314,7.9,0.4,7.7,1.3,8.0,0.4,(X),(X),(X),(X),(X),(X),(X),(X),(X),(X),(X),(X),(X),(X),(X),(X),(X),(X),(X),(X),(X),(X),(X),(X),4.5,(X),(X),(X),(X),(X),6.5,(X),(X),(X),(X),(X)
5001100US4215,4215,"Congressional District 15 (111th Congress), Pennsylvania",539126,596,58978,1259,480148,1410,(X),(X),5.1,0.7,(X),(X),(X),(X),9.3,0.9,(X),(X),(X),(X),33.1,1.1,(X),(X),(X),(X),13.6,0.7,(X),(X),(X),(X),16.3,0.8,(X),(X),48.1,0.1,95.3,0.6,42.3,0.2,51.9,0.1,4.7,0.6,57.7,0.2,26.9,0.1,5.7,0.7,29.5,0.2,38.8,0.1,22.8,0.8,40.7,0.2,14.9,0.1,26.6,0.9,13.4,0.1,9.0,0.1,19.2,0.7,7.8,0.1,10.4,0.1,25.7,0.7,8.6,0.1,99.1,0.1,99.2,0.3,99.1,0.1,88.6,0.2,95.2,0.6,87.7,0.3,3.7,0.1,2.8,0.4,3.9,0.1,0.1,0.1,0.1,0.1,0.1,0.1,2.2,0.1,0.2,0.1,2.5,0.1,0.0,0.1,0.0,0.1,0.0,0.1,4.4,0.2,0.9,0.3,4.8,0.2,0.9,0.1,0.8,0.3,0.9,0.1,9.0,0.1,3.4,0.5,9.7,0.1,84.5,0.1,93.1,0.7,83.5,0.1,28206,263,35735,803,27094,247,(X),(X),36213,776,38078,504,(X),(X),27037,2896,20885,252,475318,647,58228,1227,417090,1332,13.6,0.3,12.6,0.9,13.7,0.4,35.4,0.5,39.1,1.2,34.9,0.5,24.7,0.4,27.1,1.1,24.4,0.4,26.3,0.5,21.2,1.1,27.0,0.5,434212,672,32512,958,401700,1163,79.0,0.5,81.6,1.6,78.8,0.5,342957,2087,26544,923,316413,2234,5.8,0.3,4.5,0.8,5.9,0.3,(X),(X),(X),(X),(X),(X),(X),(X),(X),(X),(X),(X),(X),(X),(X),(X),(X),(X),(X),(X),(X),(X),(X),(X),2.4,(X),(X),(X),(X),(X),4.4,(X),(X),(X),(X),(X)
5001100US4216,4216,"Congressional District 16 (111th Congress), Pennsylvania",514256,1466,48447,1266,465809,1699,(X),(X),5.2,0.7,(X),(X),(X),(X),10.3,1.1,(X),(X),(X),(X),31.7,1.3,(X),(X),(X),(X),13.4,0.7,(X),(X),(X),(X),16.3,1.0,(X),(X),48.4,0.1,94.2,0.7,43.6,0.2,51.6,0.1,5.8,0.7,56.4,0.2,29.6,0.2,7.0,1.0,31.9,0.2,37.9,0.2,23.4,1.1,39.4,0.2,14.2,0.2,25.0,1.1,13.1,0.2,8.8,0.1,18.8,0.8,7.7,0.1,9.6,0.1,25.9,1.0,7.9,0.1,99.2,0.1,99.5,0.2,99.2,0.1,89.6,0.3,94.7,0.7,89.1,0.3,4.3,0.2,3.5,0.6,4.4,0.2,0.1,0.1,0.1,0.1,0.1,0.1,1.6,0.1,0.3,0.1,1.8,0.1,0.0,0.1,0.1,0.1,0.0,0.1,3.5,0.3,0.9,0.4,3.8,0.3,0.8,0.1,0.5,0.2,0.8,0.1,9.0,0.2,2.5,0.5,9.6,0.2,84.7,0.2,93.2,0.8,83.8,0.2,27308,287,37460,1116,26361,297,(X),(X),38146,1049,37181,557,(X),(X),26078,4106,19486,298,444409,1540,48009,1268,396400,1819,18.0,0.4,11.4,0.8,18.8,0.4,36.1,0.5,39.5,1.4,35.7,0.5,19.5,0.4,24.8,1.3,18.9,0.4,26.3,0.5,24.3,1.2,26.6,0.5,419946,1264,26827,913,393119,1412,79.0,0.5,81.8,1.5,78.8,0.5,331893,2003,21941,877,309952,2106,5.3,0.3,4.3,0.9,5.3,0.3,(X),(X),(X),(X),(X),(X),(X),(X),(X),(X),(X),(X),(X),(X),(X),(X),(X),(X),(X),(X),(X),(X),(X),(X),2.4,(X),(X),(X),(X),(X),4.9,(X),(X),(X),(X),(X)
5001100US4217,4217,"Congressional District 17 (111th Congress), Pennsylvania",515181,859,62073,1210,453108,1360,(X),(X),6.1,0.6,(X),(X),(X),(X),13.1,0.8,(X),(X),(X),(X),32.4,0.9,(X),(X),(X),(X),13.5,0.7,(X),(X),(X),(X),14.7,0.8,(X),(X),48.7,0.1,93.5,0.6,42.5,0.2,51.3,0.1,6.5,0.6,57.5,0.2,25.6,0.1,6.4,0.6,28.2,0.2,38.7,0.2,26.2,1.0,40.4,0.2,15.6,0.1,25.5,0.8,14.3,0.1,9.7,0.1,18.8,0.6,8.4,0.1,10.4,0.1,23.1,0.7,8.7,0.1,99.1,0.1,99.3,0.2,99.1,0.1,89.0,0.2,92.2,0.6,88.6,0.2,6.9,0.1,6.2,0.6,7.0,0.1,0.1,0.1,0.2,0.1,0.1,0.1,1.3,0.1,0.3,0.1,1.5,0.1,0.0,0.1,0.0,0.1,0.0,0.1,1.8,0.2,0.4,0.2,2.0,0.2,0.9,0.1,0.7,0.2,0.9,0.1,3.6,0.1,1.0,0.2,4.0,0.1,87.4,0.1,91.6,0.6,86.8,0.1,27060,254,33359,716,26116,280,(X),(X),33714,753,34458,461,(X),(X),28879,2559,20703,303,462006,880,61459,1199,400547,1325,15.0,0.4,12.1,0.8,15.4,0.4,43.1,0.5,45.8,1.2,42.7,0.5,22.0,0.4,26.3,1.0,21.4,0.4,19.9,0.4,15.9,0.8,20.5,0.5,411672,786,36074,1036,375598,1190,79.1,0.4,79.1,1.4,79.1,0.4,325745,1613,28544,1001,297201,1733,5.4,0.3,5.0,0.7,5.4,0.3,(X),(X),(X),(X),(X),(X),(X),(X),(X),(X),(X),(X),(X),(X),(X),(X),(X),(X),(X),(X),(X),(X),(X),(X),2.4,(X),(X),(X),(X),(X),5.5,(X),(X),(X),(X),(X)
5001100US4218,4218,"Congressional District 18 (111th Congress), Pennsylvania",506826,1762,60287,1462,446539,2236,(X),(X),4.3,0.6,(X),(X),(X),(X),9.4,0.9,(X),(X),(X),(X),32.4,1.1,(X),(X),(X),(X),15.9,0.7,(X),(X),(X),(X),18.7,0.9,(X),(X),47.8,0.2,95.8,0.5,41.3,0.3,52.2,0.2,4.2,0.5,58.7,0.3,23.1,0.3,4.8,0.6,25.6,0.4,38.4,0.3,17.7,1.1,41.2,0.4,16.4,0.2,26.7,1.1,15.0,0.3,10.2,0.2,21.0,0.8,8.8,0.2,11.8,0.3,29.8,1.1,9.4,0.3,99.5,0.1,99.6,0.1,99.5,0.1,95.2,0.2,96.7,0.5,95.0,0.3,2.3,0.2,2.5,0.4,2.3,0.2,0.1,0.1,0.1,0.1,0.1,0.1,1.6,0.1,0.1,0.1,1.9,0.2,0.0,0.1,0.1,0.1,0.0,0.1,0.3,0.1,0.1,0.1,0.3,0.1,0.5,0.1,0.4,0.1,0.5,0.1,0.8,0.1,0.8,0.3,0.8,0.1,94.6,0.3,96.1,0.5,94.4,0.3,28375,315,34042,761,27388,299,(X),(X),34382,745,39794,624,(X),(X),23913,3875,20672,349,458978,1826,59839,1447,399139,2371,7.3,0.3,9.7,0.7,7.0,0.3,34.2,0.4,38.4,1.2,33.6,0.5,25.6,0.5,27.3,1.0,25.3,0.5,32.9,0.5,24.6,1.0,34.2,0.5,394874,1714,29656,1104,365218,1829,79.3,0.4,77.8,1.4,79.4,0.4,313177,1815,23072,921,290105,1899,4.9,0.2,5.3,1.0,4.9,0.2,(X),(X),(X),(X),(X),(X),(X),(X),(X),(X),(X),(X),(X),(X),(X),(X),(X),(X),(X),(X),(X),(X),(X),(X),1.9,(X),(X),(X),(X),(X),4.1,(X),(X),(X),(X),(X)
5001100US4219,4219,"Congressional District 19 (111th Congress), Pennsylvania",545848,637,65495,1360,480353,1427,(X),(X),7.0,0.8,(X),(X),(X),(X),14.4,0.9,(X),(X),(X),(X),32.5,0.9,(X),(X),(X),(X),12.8,0.7,(X),(X),(X),(X),13.0,0.7,(X),(X),48.6,0.1,93.6,0.6,42.4,0.2,51.4,0.1,6.4,0.6,57.6,0.2,27.5,0.1,7.9,0.9,30.2,0.1,38.7,0.1,26.8,0.9,40.3,0.2,15.3,0.1,25.7,0.7,13.9,0.1,9.3,0.1,18.9,0.7,8.0,0.1,9.2,0.1,20.6,0.6,7.7,0.1,99.2,0.1,99.4,0.2,99.2,0.1,92.9,0.1,95.7,0.5,92.5,0.2,3.5,0.1,3.0,0.5,3.6,0.1,0.1,0.1,0.2,0.1,0.1,0.1,1.4,0.1,0.3,0.1,1.6,0.1,0.0,0.1,0.0,0.1,0.0,0.1,1.2,0.1,0.3,0.1,1.4,0.1,0.8,0.1,0.6,0.2,0.8,0.1,3.1,0.1,1.1,0.3,3.3,0.1,91.3,0.1,94.9,0.6,90.8,0.1,28624,290,38918,736,27155,276,(X),(X),39446,721,36986,650,(X),(X),29840,2925,21113,248,479757,728,64658,1309,415099,1371,13.1,0.3,11.2,0.8,13.4,0.4,39.9,0.5,38.8,1.1,40.0,0.5,23.0,0.4,27.4,1.0,22.3,0.4,24.1,0.4,22.7,1.1,24.3,0.5,444755,537,39602,1239,405153,1275,79.9,0.5,82.3,1.3,79.7,0.5,355555,2086,32590,1161,322965,2096,5.1,0.3,3.8,0.6,5.2,0.3,(X),(X),(X),(X),(X),(X),(X),(X),(X),(X),(X),(X),(X),(X),(X),(X),(X),(X),(X),(X),(X),(X),(X),(X),1.8,(X),(X),(X),(X),(X),3.7,(X),(X),(X),(X),(X)
5001100US4401,4401,"Congressional District 1 (111th Congress), Rhode Island",408808,1606,40467,1100,368341,1970,(X),(X),6.5,0.8,(X),(X),(X),(X),11.3,1.2,(X),(X),(X),(X),31.0,1.0,(X),(X),(X),(X),14.9,0.9,(X),(X),(X),(X),16.9,1.1,(X),(X),47.0,0.2,93.5,0.7,41.9,0.3,53.0,0.2,6.5,0.7,58.1,0.3,30.0,0.3,6.4,0.9,32.6,0.4,36.8,0.3,23.1,1.4,38.3,0.4,14.1,0.2,24.8,1.0,12.9,0.2,8.8,0.2,19.6,1.2,7.6,0.2,10.3,0.2,26.0,1.1,8.6,0.2,98.7,0.1,98.9,0.4,98.6,0.2,86.8,0.4,94.2,0.8,85.9,0.5,5.5,0.3,3.1,0.6,5.7,0.3,0.2,0.1,0.2,0.1,0.2,0.1,2.3,0.2,0.4,0.2,2.5,0.2,0.0,0.1,0.0,0.1,0.0,0.1,4.0,0.3,1.0,0.4,4.3,0.3,1.3,0.1,1.1,0.4,1.4,0.2,8.0,0.3,1.9,0.5,8.6,0.3,82.7,0.4,92.9,0.9,81.6,0.4,26969,369,36807,1175,25907,405,(X),(X),37075,1119,33965,699,(X),(X),31434,8239,21145,348,355635,1465,40017,1110,315618,1860,18.1,0.6,14.7,1.0,18.6,0.7,28.1,0.5,29.7,1.3,27.9,0.6,23.8,0.6,26.9,1.2,23.4,0.6,30.0,0.5,28.8,1.5,30.1,0.6,330658,1594,22006,921,308652,1842,78.7,0.5,80.6,1.9,78.6,0.5,260194,1926,17744,943,242450,2063,6.3,0.4,6.4,1.3,6.3,0.4,(X),(X),(X),(X),(X),(X),(X),(X),(X),(X),(X),(X),(X),(X),(X),(X),(X),(X),(X),(X),(X),(X),(X),(X),3.3,(X),(X),(X),(X),(X),5.3,(X),(X),(X),(X),(X)
5001100US4402,4402,"Congressional District 2 (111th Congress), Rhode Island",411273,1560,41127,1215,370146,1935,(X),(X),7.6,1.0,(X),(X),(X),(X),10.7,1.0,(X),(X),(X),(X),34.4,1.7,(X),(X),(X),(X),15.0,1.1,(X),(X),(X),(X),14.3,0.9,(X),(X),48.0,0.2,95.2,0.7,42.8,0.3,52.0,0.2,4.8,0.7,57.2,0.3,28.6,0.3,7.2,1.0,30.9,0.4,39.5,0.3,23.7,1.5,41.3,0.4,14.9,0.2,27.3,1.2,13.5,0.2,8.3,0.2,18.5,0.9,7.2,0.2,8.8,0.2,23.3,0.9,7.2,0.2,98.6,0.2,99.0,0.4,98.5,0.2,83.8,0.4,93.7,0.8,82.7,0.5,4.2,0.3,3.0,0.6,4.3,0.3,0.5,0.1,0.6,0.2,0.5,0.1,2.9,0.2,0.7,0.2,3.2,0.2,0.0,0.1,0.0,0.1,0.0,0.1,7.1,0.3,1.1,0.5,7.8,0.4,1.4,0.2,1.0,0.4,1.5,0.2,10.7,0.3,1.6,0.5,11.7,0.3,80.9,0.4,93.3,0.8,79.5,0.4,28399,431,38787,1446,27144,340,(X),(X),39066,1476,35696,696,(X),(X),35062,3920,21824,376,355091,1332,40384,1170,314707,1726,15.2,0.5,13.2,1.1,15.5,0.5,29.5,0.6,31.4,1.6,29.3,0.6,26.0,0.5,30.0,1.4,25.5,0.5,29.3,0.6,25.5,1.4,29.8,0.6,340974,1592,23934,1074,317040,1872,78.9,0.6,77.7,1.9,79.0,0.6,268995,2318,18605,1022,250390,2545,7.3,0.4,5.2,1.0,7.5,0.5,(X),(X),(X),(X),(X),(X),(X),(X),(X),(X),(X),(X),(X),(X),(X),(X),(X),(X),(X),(X),(X),(X),(X),(X),3.2,(X),(X),(X),(X),(X),5.0,(X),(X),(X),(X),(X)
5001100US4501,4501,"Congressional District 1 (111th Congress), South Carolina",610816,2505,90192,1927,520624,2947,(X),(X),10.4,0.9,(X),(X),(X),(X),20.7,0.9,(X),(X),(X),(X),36.2,1.1,(X),(X),(X),(X),11.9,0.6,(X),(X),(X),(X),8.9,0.5,(X),(X),47.4,0.2,92.1,0.7,39.6,0.3,52.6,0.2,7.9,0.7,60.4,0.3,30.9,0.2,10.6,1.0,34.4,0.3,35.9,0.2,29.7,1.0,37.0,0.3,15.8,0.1,25.3,0.9,14.2,0.2,9.9,0.1,18.0,0.6,8.5,0.1,7.4,0.1,16.4,0.5,5.9,0.1,99.3,0.1,99.4,0.2,99.3,0.1,76.8,0.2,82.5,1.0,75.8,0.3,19.0,0.2,15.4,0.9,19.6,0.3,0.3,0.1,0.4,0.1,0.3,0.1,1.6,0.1,0.7,0.2,1.8,0.1,0.1,0.1,0.0,0.1,0.1,0.1,1.5,0.2,0.4,0.2,1.7,0.2,0.7,0.1,0.6,0.2,0.7,0.1,3.1,0.1,1.1,0.3,3.5,0.1,75.2,0.2,81.7,1.0,74.0,0.3,26345,244,36867,619,24364,304,(X),(X),37710,758,30528,530,(X),(X),27978,2040,20696,314,537615,1990,88282,1864,449333,2514,11.9,0.4,7.5,0.6,12.8,0.5,29.7,0.5,29.0,1.2,29.8,0.5,30.2,0.5,36.5,1.2,28.9,0.5,28.2,0.5,27.1,1.1,28.5,0.5,504808,2360,59178,1805,445630,2831,77.2,0.4,78.6,1.2,77.0,0.5,389534,2904,46494,1658,343040,3172,6.7,0.4,5.4,0.7,6.9,0.4,(X),(X),(X),(X),(X),(X),(X),(X),(X),(X),(X),(X),(X),(X),(X),(X),(X),(X),(X),(X),(X),(X),(X),(X),3.7,(X),(X),(X),(X),(X),6.3,(X),(X),(X),(X),(X)
5001100US4502,4502,"Congressional District 2 (111th Congress), South Carolina",560869,2228,75957,1484,484912,2609,(X),(X),11.8,0.8,(X),(X),(X),(X),20.9,1.1,(X),(X),(X),(X),35.4,1.1,(X),(X),(X),(X),12.0,0.7,(X),(X),(X),(X),10.2,0.6,(X),(X),47.5,0.2,91.4,0.7,40.6,0.3,52.5,0.2,8.6,0.7,59.4,0.3,29.2,0.2,9.9,0.9,32.2,0.2,38.0,0.2,29.8,1.1,39.3,0.3,15.6,0.1,25.0,0.8,14.2,0.2,9.5,0.1,18.1,0.6,8.1,0.1,7.7,0.1,17.2,0.6,6.2,0.2,99.1,0.1,99.1,0.3,99.0,0.1,70.5,0.3,74.4,1.0,69.9,0.3,25.5,0.3,23.5,1.0,25.8,0.3,0.3,0.1,0.2,0.1,0.3,0.1,1.4,0.1,0.3,0.1,1.5,0.1,0.0,0.1,0.0,0.1,0.0,0.1,1.5,0.1,0.5,0.2,1.6,0.1,0.9,0.1,0.9,0.3,1.0,0.1,4.0,0.1,1.9,0.3,4.4,0.1,68.0,0.3,73.2,1.0,67.2,0.3,28049,303,40627,897,26153,284,(X),(X),41723,926,32350,568,(X),(X),28362,2319,22183,297,495853,1958,74290,1474,421563,2276,12.4,0.4,7.3,0.6,13.3,0.4,27.2,0.4,24.2,1.0,27.8,0.5,28.6,0.5,35.7,1.4,27.3,0.5,31.8,0.5,32.8,1.3,31.6,0.5,464525,2293,49134,1406,415391,2694,77.4,0.5,79.2,1.4,77.1,0.5,359314,2522,38918,1258,320396,2749,6.4,0.3,5.1,0.8,6.5,0.4,(X),(X),(X),(X),(X),(X),(X),(X),(X),(X),(X),(X),(X),(X),(X),(X),(X),(X),(X),(X),(X),(X),(X),(X),2.4,(X),(X),(X),(X),(X),5.1,(X),(X),(X),(X),(X)
5001100US4503,4503,"Congressional District 3 (111th Congress), South Carolina",538442,1184,60960,1212,477482,1639,(X),(X),5.0,0.7,(X),(X),(X),(X),12.3,0.9,(X),(X),(X),(X),35.6,1.0,(X),(X),(X),(X),13.5,0.9,(X),(X),(X),(X),12.6,0.7,(X),(X),48.1,0.1,94.3,0.6,42.3,0.2,51.9,0.1,5.7,0.6,57.7,0.2,28.6,0.1,6.3,0.7,31.5,0.2,36.1,0.1,24.5,1.2,37.6,0.2,16.0,0.1,26.8,0.9,14.6,0.1,10.4,0.1,21.4,0.8,9.0,0.1,8.8,0.1,21.0,0.8,7.3,0.1,99.3,0.1,99.1,0.3,99.3,0.1,78.0,0.2,85.0,1.1,77.1,0.2,19.0,0.1,13.5,1.0,19.7,0.2,0.2,0.1,0.2,0.1,0.2,0.1,0.8,0.1,0.2,0.1,0.8,0.1,0.1,0.1,0.1,0.1,0.1,0.1,1.2,0.1,0.1,0.1,1.3,0.1,0.7,0.1,0.9,0.3,0.7,0.1,2.7,0.1,0.8,0.3,2.9,0.1,76.6,0.1,84.5,1.0,75.6,0.2,21612,224,31918,755,20454,242,(X),(X),32138,785,27072,445,(X),(X),28174,3307,16440,307,467112,1109,60123,1177,406989,1473,20.3,0.4,13.8,1.0,21.3,0.5,32.9,0.6,30.6,1.3,33.2,0.7,26.8,0.5,32.2,1.0,26.0,0.5,20.0,0.4,23.4,1.2,19.5,0.4,434813,1152,35112,1155,399701,1591,72.0,0.7,72.5,1.7,71.9,0.8,312982,3117,25461,1140,287521,3051,8.5,0.4,6.0,0.9,8.8,0.4,(X),(X),(X),(X),(X),(X),(X),(X),(X),(X),(X),(X),(X),(X),(X),(X),(X),(X),(X),(X),(X),(X),(X),(X),3.5,(X),(X),(X),(X),(X),6.5,(X),(X),(X),(X),(X)
5001100US4504,4504,"Congressional District 4 (111th Congress), South Carolina",557915,707,57334,1448,500581,1575,(X),(X),7.3,0.9,(X),(X),(X),(X),14.7,1.1,(X),(X),(X),(X),33.9,1.2,(X),(X),(X),(X),12.7,0.8,(X),(X),(X),(X),11.3,0.7,(X),(X),48.1,0.1,93.8,0.7,42.8,0.2,51.9,0.1,6.2,0.7,57.2,0.2,29.6,0.1,8.2,0.8,32.0,0.1,38.6,0.1,28.8,1.3,39.7,0.1,15.0,0.1,25.5,1.0,13.8,0.1,8.9,0.1,18.5,0.9,7.8,0.1,7.9,0.1,19.1,0.7,6.6,0.1,99.2,0.1,99.3,0.2,99.2,0.1,77.2,0.2,82.8,1.0,76.6,0.2,18.5,0.1,15.5,1.0,18.9,0.1,0.2,0.1,0.3,0.1,0.2,0.1,1.7,0.1,0.3,0.2,1.9,0.1,0.1,0.1,0.1,0.1,0.1,0.1,1.4,0.2,0.2,0.1,1.6,0.2,0.8,0.1,0.7,0.2,0.8,0.1,5.1,0.1,1.4,0.3,5.5,0.1,73.7,0.1,81.8,1.0,72.8,0.1,23743,319,34033,750,22484,314,(X),(X),34785,814,29726,561,(X),(X),22298,2066,18071,312,491259,585,56328,1408,434931,1511,19.0,0.5,12.4,0.9,19.8,0.5,29.5,0.5,29.3,1.4,29.6,0.5,26.7,0.5,32.3,1.4,26.0,0.5,24.8,0.5,26.0,1.2,24.6,0.5,464172,707,35784,1290,428388,1447,75.2,0.4,78.2,1.5,74.9,0.4,348907,1926,27976,1116,320931,2249,7.8,0.4,7.1,1.2,7.9,0.4,(X),(X),(X),(X),(X),(X),(X),(X),(X),(X),(X),(X),(X),(X),(X),(X),(X),(X),(X),(X),(X),(X),(X),(X),4.1,(X),(X),(X),(X),(X),7.3,(X),(X),(X),(X),(X)
5001100US4505,4505,"Congressional District 5 (111th Congress), South Carolina",547883,1204,60643,1592,487240,1895,(X),(X),8.6,0.9,(X),(X),(X),(X),16.6,1.0,(X),(X),(X),(X),35.8,1.2,(X),(X),(X),(X),12.1,0.8,(X),(X),(X),(X),9.2,0.6,(X),(X),47.5,0.1,92.8,0.7,41.8,0.2,52.5,0.1,7.2,0.7,58.2,0.2,28.4,0.1,9.5,1.0,30.7,0.2,38.8,0.1,29.4,1.2,40.0,0.2,15.7,0.1,26.3,0.9,14.4,0.1,9.3,0.1,17.3,0.8,8.3,0.1,7.9,0.1,17.5,0.6,6.7,0.1,99.2,0.1,98.9,0.3,99.2,0.1,67.2,0.2,76.2,1.1,66.1,0.2,29.7,0.2,21.9,1.2,30.7,0.2,0.5,0.1,0.4,0.2,0.5,0.1,0.7,0.1,0.3,0.2,0.8,0.1,0.0,0.1,0.0,0.1,0.0,0.1,1.0,0.1,0.1,0.1,1.1,0.2,0.8,0.1,1.1,0.3,0.8,0.1,2.6,0.1,0.8,0.3,2.8,0.1,65.8,0.1,75.7,1.1,64.6,0.2,22241,231,32673,1050,21148,251,(X),(X),33589,1044,27356,420,(X),(X),21982,2173,17358,299,483244,1118,59378,1572,423866,1825,22.3,0.5,13.1,0.8,23.6,0.6,34.4,0.6,32.1,1.4,34.7,0.6,25.5,0.5,35.1,1.3,24.1,0.5,17.8,0.4,19.7,1.3,17.5,0.5,453762,1199,39512,1469,414250,1741,73.3,0.6,76.3,1.3,73.0,0.6,332470,2826,30134,1219,302336,2699,9.5,0.4,7.8,1.2,9.7,0.5,(X),(X),(X),(X),(X),(X),(X),(X),(X),(X),(X),(X),(X),(X),(X),(X),(X),(X),(X),(X),(X),(X),(X),(X),3.0,(X),(X),(X),(X),(X),5.4,(X),(X),(X),(X),(X)
5001100US4506,4506,"Congressional District 6 (111th Congress), South Carolina",504533,3360,53254,1421,451279,3457,(X),(X),9.0,1.0,(X),(X),(X),(X),18.5,1.1,(X),(X),(X),(X),36.1,1.2,(X),(X),(X),(X),11.7,0.9,(X),(X),(X),(X),9.2,0.7,(X),(X),46.8,0.3,91.3,0.9,41.6,0.3,53.2,0.3,8.7,0.9,58.4,0.3,32.6,0.3,10.1,1.0,35.3,0.4,34.9,0.3,30.5,1.1,35.5,0.4,15.5,0.2,25.4,1.1,14.3,0.2,9.1,0.1,17.4,0.9,8.2,0.1,7.8,0.1,16.6,0.8,6.8,0.2,99.3,0.1,99.0,0.3,99.3,0.1,44.7,0.4,53.6,1.3,43.7,0.4,52.8,0.3,44.6,1.3,53.8,0.4,0.3,0.1,0.3,0.2,0.3,0.1,0.8,0.1,0.2,0.1,0.8,0.1,0.0,0.1,0.1,0.1,0.0,0.1,0.6,0.1,0.3,0.2,0.7,0.1,0.7,0.1,1.0,0.3,0.7,0.1,1.9,0.1,1.4,0.3,2.0,0.1,43.6,0.3,52.6,1.3,42.6,0.4,18339,307,29664,982,17069,238,(X),(X),30375,947,20935,416,(X),(X),25420,1417,15127,285,423143,2800,52019,1384,371124,2757,23.0,0.5,12.7,0.9,24.5,0.5,36.5,0.5,34.7,1.4,36.8,0.6,24.2,0.5,35.0,1.5,22.7,0.5,16.2,0.4,17.6,1.1,16.0,0.5,418877,3120,35157,1206,383720,3152,68.7,0.6,72.5,1.5,68.4,0.6,287972,2896,25487,1122,262485,2954,11.2,0.5,9.0,1.3,11.4,0.6,(X),(X),(X),(X),(X),(X),(X),(X),(X),(X),(X),(X),(X),(X),(X),(X),(X),(X),(X),(X),(X),(X),(X),(X),3.9,(X),(X),(X),(X),(X),7.7,(X),(X),(X),(X),(X)
5001100US4600,4600,"Congressional District (at Large) (111th Congress), South Dakota",597020,530,71811,1196,525209,1260,(X),(X),8.5,0.7,(X),(X),(X),(X),13.9,0.7,(X),(X),(X),(X),33.8,0.9,(X),(X),(X),(X),15.5,0.8,(X),(X),(X),(X),12.9,0.6,(X),(X),49.2,0.1,93.0,0.6,43.3,0.1,50.8,0.1,7.0,0.6,56.7,0.1,30.4,0.1,8.0,0.8,33.5,0.2,35.8,0.1,25.2,1.0,37.2,0.2,14.7,0.1,25.8,0.8,13.1,0.1,9.1,0.1,18.3,0.6,7.8,0.1,10.1,0.1,22.7,0.6,8.3,0.1,98.9,0.1,99.1,0.2,98.9,0.1,89.9,0.1,92.9,0.5,89.4,0.1,0.8,0.1,0.8,0.2,0.8,0.1,6.6,0.1,4.9,0.4,6.9,0.1,0.8,0.1,0.3,0.1,0.9,0.1,0.0,0.1,0.0,0.1,0.0,0.1,0.8,0.1,0.2,0.1,0.8,0.1,1.1,0.1,0.9,0.2,1.1,0.1,2.0,0.1,0.9,0.2,2.1,0.1,88.9,0.1,92.4,0.5,88.5,0.1,24406,248,31258,600,23390,276,(X),(X),31823,601,30273,331,(X),(X),24657,2146,19288,258,511785,701,70314,1187,441471,1314,11.2,0.3,11.4,0.7,11.2,0.3,33.4,0.4,35.0,1.0,33.1,0.4,30.8,0.4,31.4,0.9,30.7,0.5,24.6,0.4,22.2,0.9,25.0,0.4,482801,636,42364,1121,440437,1225,82.3,0.4,80.1,1.2,82.5,0.4,397223,1955,33917,1011,363306,2148,4.3,0.2,4.4,0.7,4.3,0.2,(X),(X),(X),(X),(X),(X),(X),(X),(X),(X),(X),(X),(X),(X),(X),(X),(X),(X),(X),(X),(X),(X),(X),(X),1.9,(X),(X),(X),(X),(X),3.8,(X),(X),(X),(X),(X)
5001100US4701,4701,"Congressional District 1 (111th Congress), Tennessee",523935,943,63398,1513,460537,1803,(X),(X),5.7,0.8,(X),(X),(X),(X),12.4,0.9,(X),(X),(X),(X),36.8,1.2,(X),(X),(X),(X),13.2,0.7,(X),(X),(X),(X),11.3,0.6,(X),(X),48.3,0.1,94.8,0.6,41.9,0.2,51.7,0.1,5.2,0.6,58.1,0.2,26.5,0.1,7.3,0.9,29.1,0.2,36.8,0.1,24.6,1.1,38.4,0.2,16.6,0.1,27.9,0.9,15.0,0.2,11.2,0.1,20.8,0.9,9.9,0.1,9.0,0.1,19.4,0.6,7.6,0.1,99.3,0.1,99.2,0.2,99.3,0.1,95.7,0.1,96.3,0.5,95.6,0.2,2.2,0.1,2.3,0.4,2.2,0.1,0.3,0.1,0.5,0.2,0.3,0.1,0.5,0.1,0.0,0.1,0.6,0.1,0.0,0.1,0.0,0.1,0.0,0.1,0.6,0.1,0.1,0.1,0.7,0.1,0.7,0.1,0.8,0.2,0.7,0.1,2.0,0.1,0.5,0.3,2.2,0.1,94.3,0.1,96.0,0.6,94.1,0.1,20133,227,28893,895,18992,269,(X),(X),29169,910,25047,432,(X),(X),25542,3804,15401,282,469680,948,62465,1494,407215,1879,21.7,0.5,16.1,1.0,22.5,0.5,37.0,0.5,35.6,1.2,37.2,0.5,24.5,0.4,29.8,1.1,23.6,0.4,16.9,0.4,18.5,1.0,16.6,0.4,418044,1008,37916,1232,380128,1614,71.6,0.4,69.7,1.7,71.8,0.5,299490,1879,26443,1184,273047,2051,7.8,0.4,7.4,1.2,7.9,0.4,(X),(X),(X),(X),(X),(X),(X),(X),(X),(X),(X),(X),(X),(X),(X),(X),(X),(X),(X),(X),(X),(X),(X),(X),2.5,(X),(X),(X),(X),(X),4.7,(X),(X),(X),(X),(X)
5001100US4702,4702,"Congressional District 2 (111th Congress), Tennessee",548085,765,59789,1122,488296,1337,(X),(X),5.9,0.7,(X),(X),(X),(X),13.7,1.1,(X),(X),(X),(X),34.9,1.3,(X),(X),(X),(X),12.6,0.9,(X),(X),(X),(X),11.2,0.6,(X),(X),47.8,0.1,94.3,0.7,42.1,0.2,52.2,0.1,5.7,0.7,57.9,0.2,29.6,0.1,6.7,0.8,32.4,0.1,36.9,0.1,27.7,1.1,38.0,0.2,15.6,0.1,26.9,0.9,14.2,0.1,9.8,0.1,19.2,0.8,8.6,0.1,8.2,0.1,19.5,0.7,6.8,0.1,99.1,0.1,99.1,0.2,99.1,0.1,91.1,0.1,93.5,0.7,90.8,0.1,6.0,0.1,4.8,0.7,6.2,0.1,0.2,0.1,0.4,0.2,0.2,0.1,1.3,0.1,0.2,0.1,1.4,0.1,0.0,0.1,0.0,0.1,0.0,0.1,0.5,0.1,0.2,0.1,0.6,0.1,0.9,0.1,0.9,0.2,0.9,0.1,1.8,0.1,1.1,0.3,1.9,0.1,89.9,0.1,92.6,0.8,89.5,0.1,23666,276,34663,1080,22257,237,(X),(X),35332,1090,29865,480,(X),(X),24598,2723,17933,295,468976,779,59189,1172,409787,1394,15.2,0.4,12.0,1.0,15.7,0.5,31.7,0.5,30.3,1.1,31.8,0.5,26.6,0.5,32.0,1.3,25.8,0.5,26.6,0.5,25.7,1.2,26.7,0.5,449674,753,36665,1088,413009,1314,75.4,0.5,77.2,1.5,75.2,0.5,338949,2411,28317,968,310632,2593,6.4,0.3,5.3,1.1,6.5,0.3,(X),(X),(X),(X),(X),(X),(X),(X),(X),(X),(X),(X),(X),(X),(X),(X),(X),(X),(X),(X),(X),(X),(X),(X),2.3,(X),(X),(X),(X),(X),4.3,(X),(X),(X),(X),(X)
5001100US4703,4703,"Congressional District 3 (111th Congress), Tennessee",523372,815,59128,1325,464244,1570,(X),(X),5.6,0.7,(X),(X),(X),(X),12.2,0.9,(X),(X),(X),(X),36.3,1.2,(X),(X),(X),(X),12.8,0.7,(X),(X),(X),(X),11.5,0.6,(X),(X),47.5,0.1,94.1,0.7,41.6,0.2,52.5,0.1,5.9,0.7,58.4,0.2,28.0,0.1,6.2,0.8,30.8,0.1,36.8,0.1,24.9,1.0,38.3,0.2,16.2,0.1,28.7,1.0,14.7,0.2,10.2,0.1,20.1,0.9,9.0,0.1,8.7,0.1,20.2,0.7,7.2,0.1,99.1,0.1,99.3,0.2,99.1,0.1,86.4,0.1,89.6,1.0,86.0,0.2,10.4,0.1,8.8,0.9,10.6,0.1,0.3,0.1,0.4,0.2,0.3,0.1,1.1,0.1,0.2,0.1,1.2,0.1,0.1,0.1,0.2,0.2,0.1,0.1,0.8,0.1,0.1,0.1,0.9,0.1,0.9,0.1,0.7,0.2,0.9,0.1,2.0,0.1,0.9,0.3,2.2,0.1,85.3,0.1,88.9,1.0,84.8,0.1,22312,221,32436,696,21226,229,(X),(X),32999,793,27396,509,(X),(X),23862,3765,17151,278,464260,750,58481,1285,405779,1528,19.6,0.4,13.7,1.0,20.4,0.4,32.4,0.5,33.0,1.4,32.3,0.5,26.7,0.4,30.8,1.3,26.1,0.4,21.3,0.5,22.5,1.0,21.1,0.5,424422,728,35320,1267,389102,1539,74.0,0.5,75.1,1.4,73.9,0.5,313926,2345,26514,1160,287412,2542,7.9,0.4,6.5,1.2,8.0,0.5,(X),(X),(X),(X),(X),(X),(X),(X),(X),(X),(X),(X),(X),(X),(X),(X),(X),(X),(X),(X),(X),(X),(X),(X),2.5,(X),(X),(X),(X),(X),5.0,(X),(X),(X),(X),(X)
5001100US4704,4704,"Congressional District 4 (111th Congress), Tennessee",514912,965,58680,1406,456232,1511,(X),(X),5.6,0.9,(X),(X),(X),(X),12.3,1.0,(X),(X),(X),(X),37.8,1.1,(X),(X),(X),(X),14.1,0.9,(X),(X),(X),(X),10.8,0.7,(X),(X),48.2,0.1,94.0,0.6,42.4,0.2,51.8,0.1,6.0,0.6,57.6,0.2,26.2,0.1,5.6,0.9,28.8,0.2,36.8,0.2,25.1,1.2,38.3,0.2,16.5,0.1,28.3,1.1,15.0,0.2,11.5,0.1,21.7,0.8,10.2,0.1,9.0,0.1,19.3,0.8,7.7,0.1,98.5,0.1,98.7,0.3,98.5,0.1,93.3,0.2,94.3,0.7,93.2,0.2,3.9,0.1,3.5,0.6,4.0,0.1,0.3,0.1,0.6,0.2,0.3,0.1,0.3,0.1,0.1,0.1,0.3,0.1,0.0,0.1,0.0,0.1,0.0,0.1,0.7,0.1,0.2,0.1,0.7,0.2,1.5,0.1,1.3,0.3,1.5,0.1,2.0,0.1,1.2,0.3,2.1,0.1,92.0,0.2,93.6,0.6,91.8,0.2,20202,261,28940,781,19062,299,(X),(X),29399,786,25287,519,(X),(X),23014,4075,14948,257,461693,1060,58052,1382,403641,1534,23.6,0.5,16.9,1.0,24.5,0.6,39.9,0.6,36.0,1.3,40.5,0.6,22.7,0.5,29.6,1.4,21.7,0.5,13.8,0.4,17.5,1.0,13.3,0.4,409040,1017,34647,1107,374393,1299,69.9,0.6,69.0,1.6,70.0,0.6,286005,2272,23897,928,262108,2273,8.2,0.3,7.3,1.1,8.3,0.4,(X),(X),(X),(X),(X),(X),(X),(X),(X),(X),(X),(X),(X),(X),(X),(X),(X),(X),(X),(X),(X),(X),(X),(X),2.7,(X),(X),(X),(X),(X),4.9,(X),(X),(X),(X),(X)
5001100US4705,4705,"Congressional District 5 (111th Congress), Tennessee",534803,1361,48595,1347,486208,1676,(X),(X),7.3,0.8,(X),(X),(X),(X),15.5,1.2,(X),(X),(X),(X),34.8,1.2,(X),(X),(X),(X),12.3,1.0,(X),(X),(X),(X),11.8,0.8,(X),(X),47.9,0.1,92.6,0.9,43.5,0.2,52.1,0.1,7.4,0.9,56.5,0.2,35.9,0.2,8.6,0.9,38.6,0.2,37.3,0.2,29.6,1.4,38.1,0.2,12.8,0.1,26.0,1.1,11.5,0.1,7.2,0.1,16.1,0.8,6.3,0.1,6.7,0.1,19.8,0.9,5.4,0.1,99.2,0.1,98.8,0.3,99.3,0.1,71.4,0.2,75.7,1.2,70.9,0.3,23.0,0.1,21.9,1.2,23.1,0.2,0.3,0.1,0.3,0.2,0.3,0.1,2.6,0.1,0.4,0.2,2.8,0.1,0.1,0.1,0.0,0.1,0.1,0.1,1.8,0.2,0.5,0.3,1.9,0.2,0.8,0.1,1.2,0.3,0.7,0.1,5.8,0.1,1.4,0.4,6.2,0.1,67.5,0.1,74.8,1.2,66.8,0.2,26431,302,35152,1223,25604,310,(X),(X),35883,1238,29640,564,(X),(X),27996,2320,22599,392,463025,1306,47991,1353,415034,1728,15.1,0.4,10.9,1.0,15.6,0.5,27.7,0.6,28.3,1.3,27.6,0.6,26.5,0.5,34.6,1.5,25.6,0.6,30.6,0.6,26.1,1.6,31.1,0.6,460230,1215,31187,1250,429043,1538,78.1,0.6,81.6,1.4,77.8,0.6,359303,2618,25452,1067,333851,2805,6.8,0.4,5.3,1.0,6.9,0.4,(X),(X),(X),(X),(X),(X),(X),(X),(X),(X),(X),(X),(X),(X),(X),(X),(X),(X),(X),(X),(X),(X),(X),(X),2.6,(X),(X),(X),(X),(X),5.2,(X),(X),(X),(X),(X)
5001100US4706,4706,"Congressional District 6 (111th Congress), Tennessee",558283,945,56671,1445,501612,1747,(X),(X),7.5,1.1,(X),(X),(X),(X),17.2,1.2,(X),(X),(X),(X),36.6,1.0,(X),(X),(X),(X),11.3,0.8,(X),(X),(X),(X),8.7,0.6,(X),(X),48.9,0.1,93.9,0.7,43.8,0.2,51.1,0.1,6.1,0.7,56.2,0.2,31.9,0.1,8.6,1.0,34.5,0.2,38.7,0.1,30.3,1.3,39.7,0.2,14.3,0.1,27.1,1.1,12.8,0.1,8.5,0.1,17.8,0.9,7.5,0.1,6.6,0.1,16.1,0.6,5.5,0.1,99.0,0.1,98.8,0.3,99.1,0.1,89.2,0.2,92.1,0.7,88.9,0.2,6.8,0.1,5.8,0.7,6.9,0.1,0.2,0.1,0.4,0.2,0.2,0.1,1.2,0.1,0.2,0.1,1.3,0.1,0.0,0.1,0.0,0.1,0.0,0.1,1.5,0.2,0.4,0.2,1.7,0.2,1.0,0.1,1.2,0.3,0.9,0.1,3.9,0.1,1.0,0.3,4.3,0.1,87.0,0.1,91.5,0.7,86.5,0.1,24564,332,33970,826,23193,369,(X),(X),34369,852,29363,426,(X),(X),27854,3899,18699,380,486690,962,55804,1463,430886,1847,18.7,0.5,13.1,0.9,19.5,0.5,36.3,0.6,35.5,1.5,36.4,0.6,25.4,0.5,32.1,1.2,24.5,0.5,19.6,0.4,19.3,1.1,19.6,0.5,473818,919,37465,1283,436353,1612,76.2,0.6,79.9,1.4,75.9,0.6,361215,3130,29953,1204,331262,3279,7.1,0.4,5.9,1.0,7.2,0.4,(X),(X),(X),(X),(X),(X),(X),(X),(X),(X),(X),(X),(X),(X),(X),(X),(X),(X),(X),(X),(X),(X),(X),(X),2.4,(X),(X),(X),(X),(X),5.0,(X),(X),(X),(X),(X)
5001100US4707,4707,"Congressional District 7 (111th Congress), Tennessee",531352,2301,66433,1585,464919,2567,(X),(X),12.1,0.9,(X),(X),(X),(X),24.7,1.2,(X),(X),(X),(X),34.9,1.0,(X),(X),(X),(X),10.2,0.6,(X),(X),(X),(X),7.8,0.6,(X),(X),47.6,0.2,90.1,0.7,41.6,0.3,52.4,0.2,9.9,0.7,58.4,0.3,27.6,0.3,11.2,0.9,29.9,0.3,41.8,0.3,33.7,1.1,43.0,0.3,15.8,0.2,25.3,0.8,14.4,0.2,8.4,0.1,15.8,0.6,7.3,0.2,6.4,0.1,14.0,0.6,5.3,0.1,99.1,0.1,99.1,0.2,99.1,0.1,82.9,0.3,83.7,0.9,82.8,0.3,12.7,0.3,13.6,0.9,12.6,0.3,0.2,0.1,0.5,0.2,0.2,0.1,2.3,0.1,0.6,0.2,2.6,0.1,0.1,0.1,0.0,0.1,0.1,0.1,0.8,0.1,0.7,0.2,0.8,0.1,0.9,0.1,0.9,0.2,0.9,0.1,2.6,0.1,2.1,0.3,2.7,0.2,81.4,0.3,82.4,0.9,81.2,0.3,29928,268,42441,880,27809,311,(X),(X),43404,886,39015,696,(X),(X),32242,3515,21282,387,474561,1922,65007,1501,409554,2273,11.8,0.4,8.3,0.7,12.4,0.4,27.5,0.5,26.9,1.1,27.6,0.5,27.3,0.5,34.9,1.1,26.0,0.5,33.4,0.5,29.9,1.3,34.0,0.5,452600,2274,46615,1288,405985,2384,76.1,0.5,80.9,1.3,75.6,0.5,344524,2719,37728,1278,306796,2584,6.0,0.3,4.6,0.7,6.2,0.4,(X),(X),(X),(X),(X),(X),(X),(X),(X),(X),(X),(X),(X),(X),(X),(X),(X),(X),(X),(X),(X),(X),(X),(X),3.2,(X),(X),(X),(X),(X),4.7,(X),(X),(X),(X),(X)
5001100US4708,4708,"Congressional District 8 (111th Congress), Tennessee",481717,2613,56736,1665,424981,2315,(X),(X),9.2,0.9,(X),(X),(X),(X),17.4,1.1,(X),(X),(X),(X),35.6,1.2,(X),(X),(X),(X),12.4,0.8,(X),(X),(X),(X),9.6,0.6,(X),(X),47.6,0.2,92.6,0.7,41.5,0.2,52.4,0.2,7.4,0.7,58.5,0.2,29.2,0.3,8.6,0.9,32.0,0.3,37.7,0.3,31.2,1.2,38.5,0.3,15.1,0.1,25.8,0.8,13.7,0.2,9.6,0.1,17.6,0.7,8.6,0.1,8.3,0.1,16.8,0.7,7.2,0.1,99.2,0.1,99.0,0.3,99.3,0.1,76.1,0.3,82.2,1.2,75.3,0.4,21.4,0.3,15.7,1.1,22.2,0.4,0.4,0.1,0.5,0.2,0.4,0.1,0.6,0.1,0.3,0.2,0.6,0.1,0.0,0.1,0.1,0.1,0.0,0.1,0.7,0.1,0.2,0.1,0.8,0.1,0.8,0.1,1.0,0.3,0.7,0.1,2.0,0.1,1.0,0.3,2.1,0.1,74.9,0.3,81.5,1.2,74.1,0.3,20868,272,30969,773,19598,309,(X),(X),31233,828,25604,542,(X),(X),26232,3826,15958,326,420674,2543,55711,1611,364963,2125,20.5,0.5,14.9,0.9,21.3,0.6,39.5,0.5,37.9,1.3,39.7,0.5,24.9,0.4,31.8,1.3,23.9,0.4,15.1,0.4,15.5,0.9,15.1,0.4,395138,2618,37183,1401,357955,2349,72.8,0.6,75.9,1.3,72.5,0.7,287641,3057,28222,1223,259419,2924,9.1,0.4,6.7,1.1,9.4,0.4,(X),(X),(X),(X),(X),(X),(X),(X),(X),(X),(X),(X),(X),(X),(X),(X),(X),(X),(X),(X),(X),(X),(X),(X),2.8,(X),(X),(X),(X),(X),5.5,(X),(X),(X),(X),(X)
5001100US4709,4709,"Congressional District 9 (111th Congress), Tennessee",450745,2540,38575,1134,412170,2702,(X),(X),6.6,1.2,(X),(X),(X),(X),14.1,1.4,(X),(X),(X),(X),33.8,1.4,(X),(X),(X),(X),10.1,0.9,(X),(X),(X),(X),11.3,0.9,(X),(X),46.4,0.2,92.4,1.1,42.1,0.3,53.6,0.2,7.6,1.1,57.9,0.3,35.1,0.3,7.0,1.3,37.7,0.3,37.3,0.3,34.6,1.6,37.6,0.4,13.5,0.2,26.1,1.2,12.3,0.2,7.1,0.1,13.4,1.0,6.5,0.1,7.0,0.1,18.9,1.0,5.9,0.2,99.1,0.1,99.3,0.3,99.1,0.2,36.2,0.4,44.7,1.5,35.4,0.4,58.6,0.3,53.8,1.5,59.0,0.3,0.2,0.1,0.1,0.1,0.2,0.1,1.9,0.1,0.3,0.1,2.0,0.1,0.0,0.1,0.0,0.1,0.1,0.1,2.1,0.2,0.4,0.3,2.3,0.2,0.9,0.1,0.7,0.3,0.9,0.2,4.3,0.1,0.9,0.4,4.6,0.1,34.2,0.3,44.2,1.5,33.3,0.4,21825,347,31891,1349,20952,370,(X),(X),32074,1534,23490,748,(X),(X),29575,3229,19227,446,387646,2156,38140,1128,349506,2453,18.6,0.5,9.9,1.1,19.5,0.5,30.2,0.7,31.0,1.9,30.1,0.7,27.9,0.6,38.4,1.9,26.8,0.6,23.3,0.6,20.7,1.3,23.6,0.6,387261,2462,26124,1081,361137,2594,75.4,0.5,73.3,2.3,75.6,0.5,292029,2757,19148,1030,272881,2919,11.1,0.5,8.2,1.5,11.3,0.6,(X),(X),(X),(X),(X),(X),(X),(X),(X),(X),(X),(X),(X),(X),(X),(X),(X),(X),(X),(X),(X),(X),(X),(X),3.5,(X),(X),(X),(X),(X),7.7,(X),(X),(X),(X),(X)
5001100US4801,4801,"Congressional District 1 (111th Congress), Texas",514166,403,57508,1492,456658,1526,(X),(X),6.5,0.8,(X),(X),(X),(X),13.7,1.0,(X),(X),(X),(X),33.1,1.2,(X),(X),(X),(X),15.0,0.9,(X),(X),(X),(X),13.6,0.7,(X),(X),47.9,0.1,94.3,0.7,42.1,0.2,52.1,0.1,5.7,0.7,57.9,0.2,30.8,0.1,9.1,1.0,33.6,0.1,35.3,0.1,23.9,1.1,36.7,0.2,14.8,0.1,25.1,1.1,13.5,0.2,10.0,0.1,19.4,0.8,8.8,0.1,9.1,0.1,22.5,0.7,7.4,0.1,99.1,0.1,99.0,0.3,99.1,0.1,77.1,0.3,84.2,1.0,76.2,0.3,17.2,0.1,13.7,0.9,17.6,0.2,0.4,0.1,0.3,0.2,0.4,0.1,0.7,0.1,0.2,0.1,0.8,0.1,0.0,0.1,0.0,0.1,0.0,0.1,3.7,0.2,0.6,0.2,4.1,0.3,0.9,0.1,1.0,0.3,0.9,0.1,10.2,0.1,2.3,0.4,11.1,0.1,70.8,0.1,82.5,1.0,69.4,0.2,21044,273,31063,803,19905,313,(X),(X),31467,771,26958,512,(X),(X),23784,3037,15894,278,439251,503,56562,1466,382689,1497,18.6,0.4,11.9,1.0,19.6,0.5,31.8,0.5,30.5,1.1,32.0,0.6,30.8,0.5,36.9,1.2,29.9,0.6,18.8,0.5,20.7,1.1,18.5,0.5,415811,488,33400,1224,382411,1304,72.7,0.6,71.9,1.8,72.8,0.6,302275,2550,24012,956,278263,2616,6.8,0.3,7.5,1.2,6.7,0.4,(X),(X),(X),(X),(X),(X),(X),(X),(X),(X),(X),(X),(X),(X),(X),(X),(X),(X),(X),(X),(X),(X),(X),(X),2.4,(X),(X),(X),(X),(X),5.2,(X),(X),(X),(X),(X)
5001100US4802,4802,"Congressional District 2 (111th Congress), Texas",526455,3091,53289,1510,473166,3265,(X),(X),7.8,0.9,(X),(X),(X),(X),17.8,1.1,(X),(X),(X),(X),34.2,1.2,(X),(X),(X),(X),9.3,0.8,(X),(X),(X),(X),9.8,0.7,(X),(X),49.6,0.2,92.1,0.8,44.8,0.3,50.4,0.2,7.9,0.8,55.2,0.3,31.9,0.4,9.6,1.0,34.4,0.4,40.4,0.4,31.5,1.5,41.3,0.4,14.1,0.3,26.2,1.1,12.8,0.3,7.3,0.2,16.6,1.0,6.2,0.2,6.3,0.2,16.0,0.7,5.3,0.2,99.0,0.1,99.0,0.3,99.0,0.1,69.3,0.4,77.2,1.2,68.4,0.5,20.0,0.3,18.9,1.2,20.1,0.3,0.4,0.1,0.4,0.2,0.4,0.1,2.8,0.2,0.4,0.1,3.1,0.2,0.2,0.1,0.2,0.2,0.2,0.1,6.2,0.3,2.0,0.5,6.7,0.3,1.0,0.1,1.0,0.3,1.0,0.1,16.1,0.4,6.9,0.7,17.1,0.4,59.9,0.5,72.7,1.3,58.5,0.6,28866,423,40648,1450,27410,392,(X),(X),41761,1552,37220,771,(X),(X),31681,4090,20900,382,460287,2765,52657,1490,407630,2893,15.4,0.4,8.1,1.0,16.4,0.5,28.2,0.5,28.0,1.6,28.3,0.6,32.0,0.5,39.0,1.6,31.0,0.6,24.4,0.5,24.9,1.1,24.3,0.6,454808,2844,35915,1393,418893,3060,74.1,0.6,78.3,1.5,73.8,0.6,337093,3475,28127,1272,308966,3517,6.2,0.3,5.4,1.1,6.3,0.3,(X),(X),(X),(X),(X),(X),(X),(X),(X),(X),(X),(X),(X),(X),(X),(X),(X),(X),(X),(X),(X),(X),(X),(X),3.3,(X),(X),(X),(X),(X),6.1,(X),(X),(X),(X),(X)
5001100US4803,4803,"Congressional District 3 (111th Congress), Texas",589649,3236,42527,1423,547122,3330,(X),(X),7.8,1.0,(X),(X),(X),(X),19.8,1.3,(X),(X),(X),(X),35.8,1.8,(X),(X),(X),(X),8.7,0.8,(X),(X),(X),(X),8.2,0.9,(X),(X),50.0,0.3,92.6,0.8,46.6,0.3,50.0,0.3,7.4,0.8,53.4,0.3,34.4,0.4,10.9,1.3,36.2,0.4,43.6,0.4,32.0,1.5,44.5,0.4,12.2,0.2,26.8,1.4,11.1,0.2,5.8,0.1,16.3,1.1,4.9,0.1,4.0,0.1,14.0,1.0,3.2,0.1,98.4,0.1,98.6,0.4,98.4,0.2,69.8,0.5,83.7,1.2,68.7,0.5,10.0,0.3,10.2,0.9,9.9,0.4,0.5,0.1,0.6,0.3,0.5,0.1,10.9,0.2,1.9,0.6,11.6,0.3,0.0,0.1,0.0,0.1,0.0,0.1,7.2,0.4,2.2,0.7,7.6,0.4,1.6,0.1,1.4,0.4,1.6,0.2,19.3,0.4,6.8,1.0,20.2,0.5,58.2,0.4,79.4,1.2,56.5,0.5,33924,458,48644,1887,32551,462,(X),(X),49484,1947,40092,941,(X),(X),37708,2693,27135,482,518838,2724,41798,1402,477040,2877,12.7,0.4,4.3,0.7,13.4,0.4,17.5,0.5,15.9,1.3,17.7,0.5,27.7,0.5,36.6,1.6,26.9,0.5,42.1,0.5,43.2,1.6,42.0,0.6,532042,3141,29636,1380,502406,3189,81.3,0.4,86.4,1.4,81.0,0.4,432499,3571,25597,1303,406902,3340,5.2,0.3,5.4,1.1,5.2,0.3,(X),(X),(X),(X),(X),(X),(X),(X),(X),(X),(X),(X),(X),(X),(X),(X),(X),(X),(X),(X),(X),(X),(X),(X),1.8,(X),(X),(X),(X),(X),4.2,(X),(X),(X),(X),(X)
5001100US4804,4804,"Congressional District 4 (111th Congress), Texas",576871,1576,68392,1420,508479,1962,(X),(X),6.1,0.8,(X),(X),(X),(X),16.6,1.0,(X),(X),(X),(X),36.6,1.1,(X),(X),(X),(X),12.3,0.8,(X),(X),(X),(X),11.5,0.6,(X),(X),49.1,0.1,93.4,0.6,43.1,0.2,50.9,0.1,6.6,0.6,56.9,0.2,28.9,0.2,8.8,0.9,31.6,0.3,39.1,0.3,27.8,1.1,40.7,0.3,14.7,0.1,26.0,1.1,13.1,0.2,9.5,0.1,19.0,0.8,8.2,0.1,7.8,0.1,18.5,0.6,6.4,0.1,98.7,0.1,98.5,0.3,98.7,0.1,83.5,0.3,88.6,0.9,82.9,0.4,9.8,0.2,7.9,0.7,10.1,0.2,0.7,0.1,0.9,0.2,0.7,0.1,1.6,0.1,0.3,0.2,1.7,0.1,0.1,0.1,0.1,0.1,0.1,0.1,3.0,0.2,0.8,0.2,3.3,0.2,1.3,0.1,1.5,0.3,1.3,0.1,9.6,0.2,2.9,0.4,10.5,0.2,77.2,0.2,86.6,0.9,75.9,0.2,25207,328,34612,936,23936,370,(X),(X),35077,964,31801,482,(X),(X),24926,5860,18852,372,511413,1451,67354,1423,444059,1810,16.0,0.3,10.2,0.7,16.9,0.3,30.9,0.5,29.0,1.3,31.2,0.5,31.0,0.4,38.3,1.2,29.9,0.5,22.2,0.4,22.5,0.9,22.1,0.5,477182,1451,42792,1204,434390,1768,75.8,0.5,77.0,1.4,75.7,0.5,361681,2523,32930,1200,328751,2512,6.5,0.4,5.3,1.0,6.6,0.4,(X),(X),(X),(X),(X),(X),(X),(X),(X),(X),(X),(X),(X),(X),(X),(X),(X),(X),(X),(X),(X),(X),(X),(X),2.4,(X),(X),(X),(X),(X),4.7,(X),(X),(X),(X),(X)
5001100US4805,4805,"Congressional District 5 (111th Congress), Texas",520645,2661,54169,1457,466476,3052,(X),(X),5.8,0.9,(X),(X),(X),(X),13.5,1.0,(X),(X),(X),(X),34.9,1.4,(X),(X),(X),(X),12.5,0.8,(X),(X),(X),(X),12.3,0.7,(X),(X),50.0,0.3,94.0,0.8,44.9,0.3,50.0,0.3,6.0,0.8,55.1,0.3,30.4,0.5,8.3,1.1,32.9,0.5,39.1,0.4,25.8,1.2,40.7,0.5,13.9,0.2,26.0,1.0,12.5,0.2,9.1,0.1,20.0,1.0,7.8,0.2,7.5,0.2,19.9,0.9,6.1,0.2,98.8,0.1,98.9,0.3,98.8,0.1,78.4,0.4,86.8,0.9,77.5,0.5,12.6,0.3,9.1,0.9,13.0,0.3,0.5,0.1,0.6,0.2,0.5,0.1,1.8,0.1,0.5,0.3,2.0,0.1,0.1,0.1,0.0,0.1,0.1,0.1,5.4,0.4,1.8,0.4,5.8,0.4,1.2,0.1,1.1,0.3,1.2,0.1,16.4,0.4,5.1,0.8,17.7,0.4,67.8,0.4,83.7,1.1,65.9,0.4,24932,324,32967,845,23879,338,(X),(X),33309,858,29392,582,(X),(X),25033,6493,19660,433,457399,2637,53399,1437,404000,2828,20.5,0.5,12.2,1.0,21.6,0.5,31.2,0.5,28.5,1.2,31.5,0.5,28.7,0.5,37.7,1.5,27.5,0.5,19.6,0.4,21.6,1.1,19.3,0.4,434295,2669,32572,1269,401723,2875,74.4,0.6,74.5,1.8,74.4,0.6,323056,3191,24251,1122,298805,3119,6.7,0.4,8.0,1.4,6.6,0.4,(X),(X),(X),(X),(X),(X),(X),(X),(X),(X),(X),(X),(X),(X),(X),(X),(X),(X),(X),(X),(X),(X),(X),(X),2.5,(X),(X),(X),(X),(X),5.2,(X),(X),(X),(X),(X)
5001100US4806,4806,"Congressional District 6 (111th Congress), Texas",551292,2164,55470,1312,495822,2398,(X),(X),9.0,1.1,(X),(X),(X),(X),18.5,1.2,(X),(X),(X),(X),35.8,1.2,(X),(X),(X),(X),11.1,0.9,(X),(X),(X),(X),9.8,0.6,(X),(X),49.5,0.2,92.5,0.8,44.7,0.3,50.5,0.2,7.5,0.8,55.3,0.3,34.0,0.3,10.6,1.1,36.7,0.4,39.9,0.3,31.6,1.5,40.8,0.4,13.1,0.2,25.4,1.0,11.7,0.2,7.2,0.2,16.5,0.8,6.2,0.2,5.8,0.1,15.9,0.7,4.6,0.1,98.6,0.1,98.7,0.4,98.6,0.1,71.4,0.5,80.0,1.2,70.4,0.6,15.0,0.3,15.0,1.1,15.0,0.3,0.7,0.1,0.7,0.2,0.7,0.1,4.1,0.2,0.5,0.3,4.5,0.2,0.1,0.1,0.1,0.1,0.1,0.1,7.3,0.4,2.3,0.5,7.9,0.5,1.4,0.1,1.3,0.4,1.4,0.1,18.5,0.4,6.4,0.8,19.9,0.4,60.8,0.4,76.3,1.3,59.1,0.5,27357,360,39933,1109,26065,368,(X),(X),40342,1185,31776,566,(X),(X),35675,4087,21482,370,475589,2219,54379,1291,421210,2522,16.6,0.4,7.9,0.7,17.7,0.5,27.9,0.5,25.5,1.4,28.2,0.6,31.1,0.5,39.8,1.5,29.9,0.5,24.5,0.5,26.8,1.4,24.2,0.5,479876,2095,37469,1127,442407,2263,79.2,0.5,82.5,1.6,78.9,0.5,379998,2987,30908,1130,349090,2858,6.9,0.3,5.4,1.0,7.1,0.3,(X),(X),(X),(X),(X),(X),(X),(X),(X),(X),(X),(X),(X),(X),(X),(X),(X),(X),(X),(X),(X),(X),(X),(X),2.2,(X),(X),(X),(X),(X),5.3,(X),(X),(X),(X),(X)
5001100US4807,4807,"Congressional District 7 (111th Congress), Texas",584747,4055,43494,1379,541253,4224,(X),(X),6.3,1.0,(X),(X),(X),(X),13.2,1.6,(X),(X),(X),(X),33.9,1.8,(X),(X),(X),(X),10.7,0.8,(X),(X),(X),(X),15.4,1.1,(X),(X),49.0,0.3,93.3,0.9,45.4,0.4,51.0,0.3,6.7,0.9,54.6,0.4,33.1,0.4,8.9,1.2,35.1,0.4,39.7,0.4,23.5,1.5,41.0,0.5,14.0,0.2,26.2,1.3,13.0,0.2,6.9,0.2,17.7,1.3,6.1,0.2,6.3,0.2,23.8,1.3,4.9,0.2,98.9,0.1,98.8,0.4,98.9,0.1,75.7,0.5,86.5,1.4,74.8,0.6,8.2,0.4,8.6,1.0,8.2,0.4,0.3,0.1,0.3,0.2,0.3,0.1,8.4,0.3,1.2,0.4,9.0,0.3,0.1,0.1,0.1,0.1,0.1,0.1,6.2,0.3,2.0,0.5,6.5,0.4,1.1,0.1,1.2,0.4,1.1,0.1,20.3,0.5,7.6,1.0,21.4,0.6,62.0,0.6,81.3,1.7,60.5,0.6,39373,636,52264,1804,38219,689,(X),(X),54240,1970,47732,1159,(X),(X),31175,7404,30731,565,520223,3718,42811,1323,477412,3838,9.1,0.4,3.4,0.7,9.6,0.4,16.0,0.4,14.5,1.2,16.1,0.4,24.7,0.6,29.3,1.7,24.2,0.6,50.3,0.6,52.8,1.8,50.0,0.7,507471,3579,25445,1237,482026,3817,80.5,0.5,84.5,1.6,80.3,0.5,408358,3287,21494,1060,386864,3479,4.3,0.2,4.7,0.9,4.3,0.3,(X),(X),(X),(X),(X),(X),(X),(X),(X),(X),(X),(X),(X),(X),(X),(X),(X),(X),(X),(X),(X),(X),(X),(X),2.3,(X),(X),(X),(X),(X),4.5,(X),(X),(X),(X),(X)
5001100US4808,4808,"Congressional District 8 (111th Congress), Texas",579554,985,65254,1595,514300,1817,(X),(X),5.4,0.7,(X),(X),(X),(X),13.3,1.0,(X),(X),(X),(X),36.5,1.3,(X),(X),(X),(X),13.4,0.9,(X),(X),(X),(X),10.0,0.6,(X),(X),50.4,0.1,95.2,0.6,44.7,0.2,49.6,0.1,4.8,0.6,55.3,0.2,29.3,0.2,8.4,0.8,31.9,0.2,39.1,0.2,26.6,1.2,40.7,0.2,15.5,0.1,26.8,1.0,14.0,0.1,9.4,0.1,20.5,0.8,8.0,0.1,6.7,0.1,17.8,0.6,5.3,0.1,98.9,0.1,99.0,0.3,98.9,0.1,86.0,0.3,90.6,0.9,85.4,0.3,8.3,0.1,6.1,0.7,8.6,0.2,0.4,0.1,0.5,0.2,0.4,0.1,1.2,0.1,0.4,0.2,1.4,0.1,0.0,0.1,0.2,0.2,0.0,0.1,2.9,0.2,1.3,0.4,3.1,0.3,1.1,0.1,1.0,0.3,1.1,0.1,10.9,0.1,4.3,0.6,11.7,0.1,78.3,0.1,87.7,1.0,77.1,0.1,25199,359,34982,1148,23609,413,(X),(X),35644,1266,34360,709,(X),(X),23263,4069,17455,370,506320,1085,64438,1588,441882,1823,16.8,0.4,10.8,0.9,17.6,0.5,33.2,0.5,34.3,1.3,33.0,0.5,28.9,0.4,34.5,1.5,28.1,0.5,21.1,0.4,20.4,0.9,21.2,0.5,486268,845,40285,1299,445983,1472,69.3,0.5,71.8,1.6,69.0,0.5,336840,2459,28941,1083,307899,2458,6.6,0.3,5.4,1.1,6.8,0.3,(X),(X),(X),(X),(X),(X),(X),(X),(X),(X),(X),(X),(X),(X),(X),(X),(X),(X),(X),(X),(X),(X),(X),(X),2.8,(X),(X),(X),(X),(X),5.1,(X),(X),(X),(X),(X)
5001100US4809,4809,"Congressional District 9 (111th Congress), Texas",507382,4517,25048,1255,482334,4418,(X),(X),9.8,1.6,(X),(X),(X),(X),16.7,2.0,(X),(X),(X),(X),33.8,2.4,(X),(X),(X),(X),9.1,1.0,(X),(X),(X),(X),8.5,1.1,(X),(X),49.3,0.5,89.8,1.5,47.2,0.5,50.7,0.5,10.2,1.5,52.8,0.5,40.5,0.5,12.3,1.6,42.0,0.6,38.8,0.6,31.5,2.3,39.2,0.6,11.3,0.3,25.5,1.9,10.6,0.3,5.4,0.2,16.6,1.8,4.8,0.2,3.9,0.2,14.0,1.3,3.4,0.2,99.2,0.1,98.5,0.6,99.2,0.1,39.4,0.7,42.5,2.6,39.3,0.7,35.9,0.6,50.5,2.5,35.1,0.6,0.3,0.1,0.5,0.3,0.3,0.1,11.2,0.4,2.0,0.6,11.6,0.4,0.1,0.1,0.0,0.1,0.1,0.1,12.4,0.6,2.9,0.8,12.9,0.6,0.8,0.1,1.5,0.6,0.8,0.1,36.6,0.6,11.7,1.7,37.9,0.6,16.0,0.4,33.8,2.3,15.0,0.4,21479,238,31313,1743,21149,232,(X),(X),31570,1675,22774,434,(X),(X),27882,5307,18869,425,429839,4053,24500,1230,405339,4033,27.6,0.6,8.2,1.3,28.7,0.7,26.3,0.7,26.8,2.1,26.3,0.7,24.4,0.6,41.2,2.0,23.4,0.6,21.7,0.6,23.7,1.7,21.6,0.6,460082,4531,17380,1077,442702,4435,77.7,0.5,76.7,3.1,77.8,0.5,357701,4283,13339,829,344362,4252,8.2,0.4,6.8,1.9,8.3,0.4,(X),(X),(X),(X),(X),(X),(X),(X),(X),(X),(X),(X),(X),(X),(X),(X),(X),(X),(X),(X),(X),(X),(X),(X),2.8,(X),(X),(X),(X),(X),9.0,(X),(X),(X),(X),(X)
5001100US4810,4810,"Congressional District 10 (111th Congress), Texas",629316,4382,53056,1735,576260,4233,(X),(X),10.3,1.2,(X),(X),(X),(X),21.9,1.3,(X),(X),(X),(X),32.1,1.3,(X),(X),(X),(X),10.1,0.7,(X),(X),(X),(X),9.0,0.7,(X),(X),50.0,0.3,91.9,0.8,46.1,0.3,50.0,0.3,8.1,0.8,53.9,0.3,36.7,0.4,14.1,1.3,38.8,0.5,40.7,0.4,33.2,1.6,41.4,0.4,12.1,0.2,23.0,1.1,11.1,0.3,5.6,0.1,14.5,1.0,4.8,0.1,4.9,0.2,15.2,0.8,4.0,0.2,98.6,0.1,98.4,0.4,98.6,0.1,74.1,0.5,83.4,1.2,73.3,0.6,9.9,0.3,10.8,0.9,9.8,0.3,0.5,0.1,0.6,0.3,0.4,0.1,5.7,0.2,0.9,0.3,6.1,0.2,0.0,0.1,0.0,0.1,0.0,0.1,8.3,0.5,2.7,0.6,8.9,0.5,1.4,0.1,1.6,0.4,1.4,0.1,23.3,0.4,10.1,1.0,24.5,0.5,59.9,0.5,76.5,1.3,58.3,0.5,31850,383,43266,1595,30785,394,(X),(X),44721,1577,37654,596,(X),(X),32369,3207,25488,461,553065,3791,52237,1751,500828,3541,13.6,0.5,6.5,1.0,14.4,0.5,22.6,0.5,20.7,1.2,22.8,0.5,28.5,0.5,40.6,1.5,27.2,0.5,35.3,0.5,32.2,1.3,35.6,0.5,563138,4205,37297,1417,525841,4001,80.4,0.5,85.7,1.2,80.1,0.5,453032,3749,31980,1294,421052,3624,5.5,0.3,5.2,1.1,5.5,0.3,(X),(X),(X),(X),(X),(X),(X),(X),(X),(X),(X),(X),(X),(X),(X),(X),(X),(X),(X),(X),(X),(X),(X),(X),2.3,(X),(X),(X),(X),(X),5.6,(X),(X),(X),(X),(X)
5001100US4811,4811,"Congressional District 11 (111th Congress), Texas",499723,734,56708,1087,443015,1282,(X),(X),8.2,1.0,(X),(X),(X),(X),14.2,1.1,(X),(X),(X),(X),34.2,1.2,(X),(X),(X),(X),13.8,0.8,(X),(X),(X),(X),15.4,0.8,(X),(X),48.4,0.1,93.5,0.7,42.6,0.2,51.6,0.1,6.5,0.7,57.4,0.2,29.2,0.1,8.6,1.0,31.9,0.2,35.2,0.1,22.1,1.0,36.9,0.2,15.1,0.1,24.7,0.9,13.9,0.1,10.5,0.1,20.1,0.8,9.2,0.1,10.0,0.1,24.5,0.8,8.1,0.1,98.5,0.2,98.3,0.4,98.5,0.2,86.1,0.4,91.7,0.8,85.4,0.4,3.9,0.1,3.2,0.5,4.0,0.2,0.7,0.1,0.8,0.3,0.7,0.1,0.7,0.1,0.2,0.1,0.8,0.1,0.0,0.1,0.0,0.1,0.1,0.1,7.0,0.4,2.5,0.4,7.6,0.4,1.5,0.2,1.7,0.4,1.5,0.2,29.5,0.1,11.4,0.9,31.8,0.1,64.6,0.1,83.4,1.1,62.2,0.2,22584,413,32904,792,21277,372,(X),(X),33652,864,30299,670,(X),(X),19695,4278,16036,315,433112,939,55576,1040,377536,1340,22.4,0.4,11.1,0.9,24.0,0.5,31.1,0.5,30.6,1.4,31.2,0.5,28.3,0.4,34.7,1.5,27.4,0.4,18.2,0.4,23.6,1.2,17.4,0.4,397656,816,31399,1024,366257,1254,73.5,0.6,75.7,1.5,73.3,0.6,292232,2287,23760,1002,268472,2341,4.6,0.3,3.4,0.8,4.7,0.3,(X),(X),(X),(X),(X),(X),(X),(X),(X),(X),(X),(X),(X),(X),(X),(X),(X),(X),(X),(X),(X),(X),(X),(X),2.2,(X),(X),(X),(X),(X),4.4,(X),(X),(X),(X),(X)
5001100US4812,4812,"Congressional District 12 (111th Congress), Texas",562168,2696,59490,1519,502678,2810,(X),(X),9.4,0.8,(X),(X),(X),(X),19.2,1.0,(X),(X),(X),(X),36.6,1.2,(X),(X),(X),(X),10.5,0.7,(X),(X),(X),(X),9.3,0.6,(X),(X),49.7,0.3,93.2,0.6,44.6,0.3,50.3,0.3,6.8,0.6,55.4,0.3,34.6,0.3,11.0,0.9,37.4,0.4,39.1,0.3,31.2,1.2,40.0,0.3,13.1,0.2,25.6,1.0,11.6,0.2,7.1,0.1,16.5,0.9,6.0,0.1,6.2,0.1,15.7,0.7,5.0,0.2,98.8,0.1,98.5,0.4,98.8,0.1,78.9,0.5,87.7,0.8,77.9,0.5,6.0,0.3,6.1,0.7,6.0,0.3,0.6,0.1,0.7,0.2,0.6,0.1,2.8,0.2,0.6,0.2,3.0,0.2,0.1,0.1,0.1,0.1,0.0,0.1,10.4,0.4,3.3,0.6,11.2,0.5,1.2,0.1,1.5,0.4,1.2,0.1,23.9,0.4,8.9,0.8,25.7,0.4,66.0,0.4,82.6,1.0,64.0,0.4,27010,301,40923,990,25525,321,(X),(X),41587,1027,31662,517,(X),(X),31276,4018,20727,340,488699,2363,58644,1487,430055,2478,19.9,0.4,8.0,0.8,21.5,0.4,27.6,0.4,26.1,1.4,27.8,0.4,29.0,0.5,40.0,1.6,27.5,0.5,23.5,0.4,25.9,1.1,23.2,0.5,487768,2607,40321,1262,447447,2831,77.0,0.4,82.1,1.4,76.5,0.5,375370,3121,33107,1201,342263,3230,6.6,0.4,4.8,1.0,6.8,0.4,(X),(X),(X),(X),(X),(X),(X),(X),(X),(X),(X),(X),(X),(X),(X),(X),(X),(X),(X),(X),(X),(X),(X),(X),2.2,(X),(X),(X),(X),(X),4.7,(X),(X),(X),(X),(X)
5001100US4813,4813,"Congressional District 13 (111th Congress), Texas",478141,897,53457,1097,424684,1400,(X),(X),10.0,0.9,(X),(X),(X),(X),16.1,1.1,(X),(X),(X),(X),34.4,1.2,(X),(X),(X),(X),14.7,0.9,(X),(X),(X),(X),12.8,0.6,(X),(X),49.8,0.1,91.9,0.8,44.5,0.2,50.2,0.1,8.1,0.8,55.5,0.2,31.0,0.2,9.7,0.9,33.7,0.2,36.2,0.1,26.9,1.0,37.4,0.2,14.2,0.1,23.0,0.9,13.1,0.1,9.5,0.1,18.4,0.5,8.4,0.1,9.0,0.1,22.0,0.8,7.4,0.1,98.4,0.1,98.7,0.3,98.4,0.1,82.8,0.3,89.8,0.8,81.9,0.3,6.0,0.1,5.0,0.7,6.1,0.1,0.8,0.1,1.2,0.3,0.8,0.1,1.5,0.1,0.4,0.2,1.6,0.1,0.1,0.1,0.1,0.1,0.1,0.1,7.3,0.3,2.2,0.4,7.9,0.3,1.6,0.1,1.3,0.3,1.6,0.1,18.1,0.1,6.9,0.7,19.6,0.1,72.5,0.1,85.4,1.0,70.9,0.2,22408,257,32193,756,21224,253,(X),(X),33018,940,28446,566,(X),(X),24852,2509,16613,275,409669,896,51866,1095,357803,1367,19.9,0.4,12.3,0.8,21.0,0.5,31.9,0.6,31.3,1.2,32.0,0.6,29.9,0.4,36.5,1.3,29.0,0.4,18.3,0.4,19.9,1.0,18.0,0.4,389294,926,31854,941,357440,1329,74.1,0.5,76.0,1.3,73.9,0.6,288487,2169,24203,866,264284,2246,5.2,0.3,4.1,0.9,5.3,0.3,(X),(X),(X),(X),(X),(X),(X),(X),(X),(X),(X),(X),(X),(X),(X),(X),(X),(X),(X),(X),(X),(X),(X),(X),2.4,(X),(X),(X),(X),(X),5.4,(X),(X),(X),(X),(X)
5001100US4814,4814,"Congressional District 14 (111th Congress), Texas",536061,1778,56032,1339,480029,2088,(X),(X),6.4,1.0,(X),(X),(X),(X),13.8,1.0,(X),(X),(X),(X),37.9,1.3,(X),(X),(X),(X),11.6,0.9,(X),(X),(X),(X),11.6,0.7,(X),(X),49.7,0.2,94.8,0.5,44.5,0.2,50.3,0.2,5.2,0.5,55.5,0.2,28.7,0.2,8.8,1.0,31.1,0.3,40.9,0.2,26.7,1.2,42.6,0.2,14.7,0.1,27.5,1.2,13.2,0.2,8.7,0.2,18.3,0.8,7.6,0.2,7.0,0.1,18.6,0.9,5.6,0.1,98.5,0.1,98.7,0.3,98.5,0.1,79.3,0.4,87.3,0.9,78.4,0.4,9.2,0.2,7.5,0.7,9.4,0.3,0.5,0.1,0.5,0.2,0.5,0.1,2.7,0.1,0.3,0.2,3.0,0.1,0.0,0.1,0.0,0.1,0.0,0.1,6.8,0.3,3.2,0.6,7.2,0.4,1.5,0.1,1.3,0.3,1.5,0.1,24.8,0.2,12.7,0.9,26.2,0.2,62.2,0.3,78.2,1.1,60.3,0.3,26766,291,38288,1215,25351,299,(X),(X),38835,1313,35648,671,(X),(X),29292,4187,18745,379,471674,1881,55168,1294,416506,2191,17.9,0.5,10.8,1.0,18.8,0.5,27.8,0.6,29.0,1.5,27.7,0.6,31.3,0.5,38.0,1.5,30.4,0.5,23.0,0.4,22.1,1.1,23.1,0.4,452229,1746,35314,1270,416915,1853,74.6,0.6,76.3,1.6,74.5,0.6,337382,2748,26954,1132,310428,2788,6.1,0.3,4.4,0.9,6.3,0.3,(X),(X),(X),(X),(X),(X),(X),(X),(X),(X),(X),(X),(X),(X),(X),(X),(X),(X),(X),(X),(X),(X),(X),(X),2.5,(X),(X),(X),(X),(X),4.8,(X),(X),(X),(X),(X)
5001100US4815,4815,"Congressional District 15 (111th Congress), Texas",498449,2492,36717,1375,461732,2779,(X),(X),6.5,1.0,(X),(X),(X),(X),15.0,1.4,(X),(X),(X),(X),31.9,1.3,(X),(X),(X),(X),13.9,1.2,(X),(X),(X),(X),14.4,1.1,(X),(X),49.5,0.2,94.9,0.9,45.8,0.3,50.5,0.2,5.1,0.9,54.2,0.3,35.6,0.4,9.9,1.2,37.7,0.4,35.2,0.3,24.4,1.6,36.1,0.4,12.4,0.2,23.4,1.2,11.5,0.2,8.4,0.2,18.4,1.0,7.6,0.2,8.4,0.2,23.9,1.1,7.1,0.2,99.0,0.1,99.2,0.3,99.0,0.1,74.9,0.7,84.5,1.5,74.1,0.7,2.2,0.1,2.8,0.8,2.1,0.1,0.4,0.1,0.7,0.3,0.4,0.1,0.9,0.1,0.3,0.2,0.9,0.1,0.0,0.1,0.0,0.1,0.0,0.1,20.6,0.6,11.0,1.1,21.4,0.7,1.0,0.1,0.8,0.3,1.0,0.1,76.0,0.3,48.5,1.7,78.2,0.3,20.4,0.3,47.7,1.6,18.2,0.3,16220,281,30214,1282,15121,295,(X),(X),30535,1383,19213,568,(X),(X),25591,5312,12438,256,423027,2288,36079,1373,386948,2701,35.4,0.6,13.8,1.2,37.4,0.7,27.3,0.5,32.4,1.7,26.9,0.5,22.6,0.5,34.2,2.0,21.5,0.5,14.7,0.4,19.6,1.5,14.3,0.4,414942,2382,21192,1139,393750,2713,65.9,0.8,69.9,2.7,65.7,0.8,273392,3536,14820,961,258572,3508,8.2,0.4,5.6,1.2,8.4,0.5,(X),(X),(X),(X),(X),(X),(X),(X),(X),(X),(X),(X),(X),(X),(X),(X),(X),(X),(X),(X),(X),(X),(X),(X),1.9,(X),(X),(X),(X),(X),4.0,(X),(X),(X),(X),(X)
5001100US4816,4816,"Congressional District 16 (111th Congress), Texas",470398,1451,45516,1729,424882,2109,(X),(X),16.9,2.5,(X),(X),(X),(X),24.9,1.5,(X),(X),(X),(X),33.5,1.5,(X),(X),(X),(X),11.5,0.9,(X),(X),(X),(X),8.8,0.7,(X),(X),46.0,0.1,90.9,1.0,41.2,0.2,54.0,0.1,9.1,1.0,58.8,0.2,34.0,0.2,15.5,1.4,36.0,0.2,37.4,0.1,33.7,1.5,37.8,0.2,12.7,0.1,20.4,1.1,11.9,0.1,8.3,0.1,14.8,0.8,7.6,0.1,7.6,0.1,15.7,0.8,6.7,0.1,98.1,0.2,97.7,0.5,98.1,0.2,77.8,0.6,78.7,1.4,77.7,0.7,2.7,0.1,9.1,0.8,2.0,0.1,0.7,0.1,1.1,0.3,0.6,0.1,1.3,0.1,0.8,0.2,1.3,0.1,0.0,0.1,0.1,0.1,0.0,0.1,15.6,0.6,8.0,1.0,16.4,0.6,1.9,0.2,2.3,0.5,1.9,0.2,79.6,0.1,50.9,1.6,82.7,0.2,15.7,0.1,37.6,1.5,13.3,0.2,17523,280,34546,1216,16060,260,(X),(X),35491,1461,20032,400,(X),(X),28435,3842,13437,247,398941,1268,43258,1567,355683,1820,29.9,0.5,9.4,1.0,32.4,0.6,24.0,0.5,23.8,1.4,24.0,0.5,26.9,0.6,41.1,2.0,25.2,0.6,19.1,0.5,25.7,1.5,18.4,0.5,395832,1371,31655,1569,364177,1923,70.6,0.6,79.0,1.9,69.8,0.6,279361,2454,25001,1577,254360,2409,7.2,0.4,5.3,0.9,7.4,0.4,(X),(X),(X),(X),(X),(X),(X),(X),(X),(X),(X),(X),(X),(X),(X),(X),(X),(X),(X),(X),(X),(X),(X),(X),2.0,(X),(X),(X),(X),(X),4.8,(X),(X),(X),(X),(X)
5001100US4817,4817,"Congressional District 17 (111th Congress), Texas",544610,834,54306,1225,490304,1407,(X),(X),7.2,0.8,(X),(X),(X),(X),13.4,1.0,(X),(X),(X),(X),35.6,1.2,(X),(X),(X),(X),13.7,0.7,(X),(X),(X),(X),12.9,0.7,(X),(X),49.6,0.1,93.8,0.7,44.7,0.2,50.4,0.1,6.2,0.7,55.3,0.2,38.2,0.2,8.8,0.8,41.4,0.2,33.0,0.1,24.8,1.1,33.9,0.2,13.0,0.1,25.1,0.8,11.7,0.1,8.4,0.1,20.2,0.7,7.1,0.1,7.3,0.1,21.2,0.6,5.8,0.1,98.9,0.1,98.8,0.4,98.9,0.1,82.8,0.3,88.3,1.1,82.2,0.3,9.3,0.1,8.5,0.8,9.4,0.1,0.5,0.1,0.4,0.2,0.5,0.1,1.8,0.1,0.2,0.1,2.0,0.1,0.0,0.1,0.1,0.1,0.0,0.1,4.4,0.3,1.3,0.4,4.7,0.3,1.1,0.1,1.2,0.4,1.1,0.1,16.0,0.1,5.8,0.6,17.1,0.2,71.7,0.2,84.0,1.1,70.3,0.2,20717,293,33703,1095,19246,349,(X),(X),34393,1087,24871,502,(X),(X),25304,4044,15567,365,416845,813,52988,1174,363857,1355,19.6,0.4,12.2,1.0,20.7,0.4,30.8,0.6,29.4,1.4,31.0,0.6,28.2,0.5,35.3,1.3,27.2,0.6,21.5,0.5,23.1,1.3,21.2,0.5,458613,897,31861,998,426752,1272,70.7,0.6,74.8,1.9,70.3,0.6,324038,2591,23827,960,300211,2648,6.8,0.4,5.6,1.0,6.9,0.4,(X),(X),(X),(X),(X),(X),(X),(X),(X),(X),(X),(X),(X),(X),(X),(X),(X),(X),(X),(X),(X),(X),(X),(X),2.5,(X),(X),(X),(X),(X),5.1,(X),(X),(X),(X),(X)
5001100US4818,4818,"Congressional District 18 (111th Congress), Texas",495958,5776,30655,1258,465303,5669,(X),(X),7.2,1.3,(X),(X),(X),(X),16.3,1.5,(X),(X),(X),(X),33.1,1.5,(X),(X),(X),(X),10.5,1.1,(X),(X),(X),(X),9.3,1.0,(X),(X),50.0,0.4,91.8,1.1,47.3,0.5,50.0,0.4,8.2,1.1,52.7,0.5,39.1,0.6,11.3,1.3,40.9,0.6,37.9,0.5,29.4,1.9,38.4,0.5,11.6,0.3,27.2,1.5,10.5,0.3,6.4,0.2,15.0,1.5,5.9,0.2,5.0,0.2,17.1,1.4,4.2,0.2,99.0,0.2,98.9,0.4,99.0,0.2,45.4,0.6,43.9,2.5,45.5,0.7,37.7,0.5,49.4,2.2,36.9,0.5,0.4,0.1,0.6,0.3,0.4,0.1,3.5,0.2,1.4,0.4,3.6,0.2,0.1,0.1,0.1,0.2,0.0,0.1,12.0,0.6,3.5,0.9,12.5,0.6,1.0,0.2,1.1,0.4,1.0,0.2,36.6,0.6,13.2,1.6,38.2,0.6,21.5,0.5,35.1,2.2,20.6,0.5,21095,355,28985,1710,20660,388,(X),(X),28949,1901,23634,515,(X),(X),29206,3529,17256,376,419573,4499,30163,1239,389410,4418,31.7,0.7,15.3,1.5,33.0,0.7,28.8,0.6,31.5,1.9,28.6,0.6,21.8,0.5,35.1,2.0,20.7,0.5,17.7,0.5,18.1,1.5,17.7,0.5,439025,5649,20820,1204,418205,5457,74.4,0.6,72.9,2.2,74.5,0.6,326547,4271,15174,896,311373,4116,8.7,0.5,6.5,1.3,8.8,0.5,(X),(X),(X),(X),(X),(X),(X),(X),(X),(X),(X),(X),(X),(X),(X),(X),(X),(X),(X),(X),(X),(X),(X),(X),4.2,(X),(X),(X),(X),(X),10.5,(X),(X),(X),(X),(X)
5001100US4819,4819,"Congressional District 19 (111th Congress), Texas",486872,652,47047,1057,439825,1141,(X),(X),10.3,1.1,(X),(X),(X),(X),16.2,1.0,(X),(X),(X),(X),33.8,1.4,(X),(X),(X),(X),14.5,0.8,(X),(X),(X),(X),14.0,0.8,(X),(X),48.7,0.1,93.6,0.7,43.9,0.2,51.3,0.1,6.4,0.7,56.1,0.2,35.5,0.1,10.7,1.1,38.1,0.2,33.7,0.1,24.5,1.2,34.7,0.2,13.1,0.1,22.7,1.0,12.1,0.1,9.1,0.1,18.9,0.8,8.0,0.1,8.6,0.1,23.3,0.8,7.1,0.1,98.3,0.1,98.3,0.4,98.3,0.1,82.6,0.4,87.7,0.9,82.0,0.4,5.2,0.1,5.1,0.6,5.2,0.1,0.6,0.1,0.8,0.3,0.6,0.1,1.1,0.1,0.4,0.2,1.1,0.1,0.1,0.1,0.1,0.1,0.1,0.1,8.8,0.3,4.1,0.6,9.4,0.4,1.7,0.1,1.7,0.4,1.7,0.1,28.4,0.1,12.9,0.9,30.0,0.1,64.1,0.1,79.7,1.0,62.5,0.2,20672,264,31957,917,19456,283,(X),(X),32565,982,25338,508,(X),(X),25089,2693,15732,289,392456,926,45652,1065,346804,1358,22.3,0.4,12.7,1.0,23.6,0.5,29.6,0.5,28.3,1.3,29.7,0.6,27.7,0.5,36.8,1.4,26.5,0.4,20.4,0.4,22.2,1.1,20.1,0.5,400622,743,27196,951,373426,1055,72.6,0.7,75.8,2.0,72.4,0.7,290912,2608,20624,905,270288,2687,5.4,0.4,6.0,1.3,5.3,0.3,(X),(X),(X),(X),(X),(X),(X),(X),(X),(X),(X),(X),(X),(X),(X),(X),(X),(X),(X),(X),(X),(X),(X),(X),2.3,(X),(X),(X),(X),(X),5.5,(X),(X),(X),(X),(X)
5001100US4820,4820,"Congressional District 20 (111th Congress), Texas",488214,4302,59034,1642,429180,4213,(X),(X),16.2,1.1,(X),(X),(X),(X),24.9,1.2,(X),(X),(X),(X),35.5,1.5,(X),(X),(X),(X),10.8,0.7,(X),(X),(X),(X),7.8,0.6,(X),(X),48.0,0.3,86.6,1.0,42.7,0.4,52.0,0.3,13.4,1.0,57.3,0.4,37.6,0.6,15.5,1.2,40.6,0.6,35.7,0.4,33.6,1.3,36.0,0.5,12.2,0.2,22.4,1.0,10.8,0.3,7.4,0.2,14.0,0.8,6.4,0.2,7.2,0.3,14.6,0.8,6.2,0.3,97.8,0.2,97.2,0.4,97.9,0.2,65.8,0.7,71.4,1.3,65.0,0.7,6.8,0.3,11.7,0.9,6.1,0.3,0.8,0.1,1.0,0.3,0.8,0.1,1.8,0.1,1.0,0.3,2.0,0.2,0.1,0.1,0.1,0.1,0.1,0.1,22.5,0.6,12.0,0.9,23.9,0.7,2.2,0.2,2.8,0.4,2.1,0.2,67.8,0.4,45.4,1.4,70.9,0.5,22.4,0.4,39.8,1.4,20.0,0.5,20049,287,33975,901,18282,314,(X),(X),34290,970,21307,426,(X),(X),31830,1841,15691,369,411814,3447,56814,1609,355000,3537,25.8,0.5,8.9,0.9,28.5,0.5,29.8,0.5,24.1,1.4,30.8,0.6,28.8,0.6,46.1,1.6,26.1,0.6,15.6,0.5,21.0,1.3,14.7,0.5,417170,3789,42190,1464,374980,3820,71.9,0.5,75.5,1.3,71.5,0.6,300102,3208,31866,1236,268236,3222,6.9,0.3,5.5,0.9,7.1,0.4,(X),(X),(X),(X),(X),(X),(X),(X),(X),(X),(X),(X),(X),(X),(X),(X),(X),(X),(X),(X),(X),(X),(X),(X),2.9,(X),(X),(X),(X),(X),5.9,(X),(X),(X),(X),(X)
5001100US4821,4821,"Congressional District 21 (111th Congress), Texas",590824,3806,84720,1709,506104,3847,(X),(X),12.5,0.9,(X),(X),(X),(X),25.1,1.2,(X),(X),(X),(X),38.3,1.1,(X),(X),(X),(X),12.1,0.7,(X),(X),(X),(X),9.7,0.5,(X),(X),47.9,0.3,88.5,0.8,41.1,0.3,52.1,0.3,11.5,0.8,58.9,0.3,30.6,0.4,10.6,0.9,33.9,0.5,38.1,0.4,30.3,1.0,39.4,0.4,15.1,0.2,24.8,0.9,13.5,0.3,8.6,0.2,17.6,0.7,7.1,0.2,7.6,0.2,16.7,0.7,6.0,0.2,98.3,0.1,98.5,0.3,98.2,0.2,82.6,0.5,84.9,0.8,82.2,0.5,6.0,0.2,8.4,0.7,5.6,0.2,0.5,0.1,0.7,0.2,0.5,0.1,3.1,0.2,0.8,0.2,3.5,0.2,0.1,0.1,0.2,0.2,0.1,0.1,6.0,0.4,3.6,0.4,6.4,0.4,1.7,0.1,1.5,0.3,1.8,0.2,23.8,0.4,16.1,1.0,25.1,0.5,65.6,0.3,72.9,1.1,64.4,0.4,30706,363,45103,960,28050,457,(X),(X),46230,1000,36908,721,(X),(X),35768,2603,22821,422,513074,3159,82978,1608,430096,3181,9.0,0.3,4.7,0.6,9.8,0.3,21.0,0.4,17.3,1.0,21.7,0.5,30.3,0.5,37.0,1.1,29.0,0.5,39.7,0.5,41.0,1.0,39.4,0.6,495014,3750,55674,1534,439340,3893,76.8,0.5,80.6,1.1,76.3,0.5,380061,3732,44863,1282,335198,3783,4.9,0.3,4.4,0.9,5.0,0.3,(X),(X),(X),(X),(X),(X),(X),(X),(X),(X),(X),(X),(X),(X),(X),(X),(X),(X),(X),(X),(X),(X),(X),(X),2.3,(X),(X),(X),(X),(X),3.8,(X),(X),(X),(X),(X)
5001100US4822,4822,"Congressional District 22 (111th Congress), Texas",604477,3607,51935,1414,552542,3541,(X),(X),8.3,1.0,(X),(X),(X),(X),17.8,1.4,(X),(X),(X),(X),36.6,1.7,(X),(X),(X),(X),10.0,0.7,(X),(X),(X),(X),8.3,0.7,(X),(X),49.0,0.3,93.3,0.9,44.8,0.3,51.0,0.3,6.7,0.9,55.2,0.3,31.6,0.4,9.4,1.2,33.7,0.4,43.5,0.4,32.9,1.6,44.5,0.4,13.9,0.2,27.3,1.4,12.6,0.2,6.4,0.2,15.8,1.0,5.5,0.2,4.6,0.2,14.6,0.9,3.7,0.1,98.7,0.1,98.8,0.4,98.7,0.1,68.4,0.5,81.7,1.3,67.2,0.5,12.4,0.3,12.5,1.1,12.4,0.3,0.4,0.1,0.5,0.3,0.4,0.1,11.3,0.2,1.9,0.5,12.2,0.2,0.0,0.1,0.0,0.1,0.0,0.1,6.1,0.4,2.2,0.4,6.5,0.4,1.3,0.1,1.2,0.4,1.3,0.1,22.4,0.4,11.7,1.1,23.4,0.5,52.8,0.5,72.7,1.5,51.0,0.5,33886,443,46620,1522,32602,460,(X),(X),47511,1597,41945,772,(X),(X),33878,4844,25965,501,528467,3252,51181,1383,477286,3266,13.0,0.4,6.5,0.8,13.7,0.4,23.0,0.4,24.3,1.5,22.9,0.5,29.6,0.5,38.6,1.6,28.6,0.5,34.4,0.5,30.7,1.4,34.8,0.6,538051,3400,36161,1181,501890,3453,78.7,0.5,85.6,1.1,78.3,0.5,423705,3377,30961,1124,392744,3376,5.8,0.3,4.0,0.7,5.9,0.3,(X),(X),(X),(X),(X),(X),(X),(X),(X),(X),(X),(X),(X),(X),(X),(X),(X),(X),(X),(X),(X),(X),(X),(X),2.2,(X),(X),(X),(X),(X),4.5,(X),(X),(X),(X),(X)
5001100US4823,4823,"Congressional District 23 (111th Congress), Texas",522984,3687,55368,1473,467616,3735,(X),(X),12.8,1.2,(X),(X),(X),(X),24.7,1.2,(X),(X),(X),(X),36.6,1.3,(X),(X),(X),(X),11.0,0.8,(X),(X),(X),(X),9.0,0.9,(X),(X),48.5,0.3,89.9,0.7,43.6,0.4,51.5,0.3,10.1,0.7,56.4,0.4,32.8,0.4,10.5,1.0,35.5,0.5,38.4,0.4,33.5,1.3,39.0,0.4,13.7,0.2,23.9,1.0,12.4,0.3,8.2,0.2,16.6,0.9,7.2,0.2,7.0,0.2,15.6,0.9,6.0,0.2,98.4,0.2,98.1,0.5,98.4,0.2,75.8,0.6,80.8,1.3,75.2,0.7,3.1,0.2,5.8,0.7,2.8,0.2,0.8,0.2,1.0,0.3,0.8,0.2,1.7,0.2,0.9,0.3,1.8,0.2,0.1,0.1,0.0,0.1,0.1,0.1,16.8,0.6,9.5,1.0,17.6,0.6,1.6,0.2,1.9,0.5,1.6,0.2,62.8,0.3,38.4,1.3,65.6,0.4,31.4,0.4,53.5,1.4,28.8,0.4,20881,285,37830,1312,19226,318,(X),(X),38355,1337,23605,597,(X),(X),34758,3161,15714,327,447511,3318,54521,1439,392990,3204,27.0,0.5,10.3,0.8,29.3,0.5,25.7,0.5,23.6,1.2,26.0,0.5,25.3,0.5,34.9,1.3,23.9,0.5,22.0,0.4,31.3,1.3,20.7,0.4,443806,3338,37546,1391,406260,3318,72.3,0.5,76.2,1.8,72.0,0.6,320963,3253,28611,1142,292352,3244,6.9,0.4,3.9,0.9,7.1,0.4,(X),(X),(X),(X),(X),(X),(X),(X),(X),(X),(X),(X),(X),(X),(X),(X),(X),(X),(X),(X),(X),(X),(X),(X),2.6,(X),(X),(X),(X),(X),5.3,(X),(X),(X),(X),(X)
5001100US4824,4824,"Congressional District 24 (111th Congress), Texas",551904,3016,46059,1448,505845,3521,(X),(X),9.8,1.1,(X),(X),(X),(X),20.1,1.4,(X),(X),(X),(X),34.9,1.3,(X),(X),(X),(X),9.7,0.9,(X),(X),(X),(X),7.3,0.6,(X),(X),49.0,0.3,92.7,0.7,45.0,0.4,51.0,0.3,7.3,0.7,55.0,0.4,35.2,0.4,11.6,1.2,37.4,0.5,43.0,0.4,33.7,1.6,43.8,0.4,12.1,0.3,25.9,1.2,10.9,0.2,5.7,0.2,16.5,1.1,4.8,0.2,3.9,0.2,12.3,0.8,3.1,0.2,98.6,0.2,98.2,0.5,98.6,0.2,71.2,0.5,82.9,1.2,70.2,0.5,11.7,0.4,10.8,0.9,11.7,0.4,0.5,0.1,0.5,0.2,0.5,0.1,8.0,0.3,1.4,0.5,8.6,0.3,0.3,0.1,0.3,0.2,0.3,0.1,6.8,0.4,2.3,0.4,7.2,0.4,1.4,0.2,1.8,0.5,1.4,0.2,22.0,0.4,8.2,1.0,23.2,0.5,56.7,0.5,77.4,1.4,54.9,0.5,32963,449,46640,1350,31788,358,(X),(X),47752,1401,37344,769,(X),(X),34922,6882,27212,414,483545,2712,45282,1400,438263,2972,13.0,0.4,4.4,0.6,13.8,0.5,21.4,0.5,21.3,1.3,21.4,0.6,28.8,0.5,39.1,1.7,27.8,0.5,36.8,0.6,35.2,1.4,37.0,0.6,498647,3204,32778,1404,465869,3694,82.6,0.4,86.0,1.3,82.4,0.4,411913,3409,28200,1253,383713,3589,5.9,0.3,5.0,0.9,6.0,0.3,(X),(X),(X),(X),(X),(X),(X),(X),(X),(X),(X),(X),(X),(X),(X),(X),(X),(X),(X),(X),(X),(X),(X),(X),2.0,(X),(X),(X),(X),(X),4.2,(X),(X),(X),(X),(X)
5001100US4825,4825,"Congressional District 25 (111th Congress), Texas",574267,3407,47980,1328,526287,3447,(X),(X),8.7,1.0,(X),(X),(X),(X),18.2,1.2,(X),(X),(X),(X),37.9,1.4,(X),(X),(X),(X),11.2,0.9,(X),(X),(X),(X),9.8,0.7,(X),(X),50.8,0.3,92.8,0.8,47.0,0.3,49.2,0.3,7.2,0.8,53.0,0.3,41.2,0.3,10.9,1.1,44.0,0.3,35.8,0.3,29.0,1.4,36.4,0.3,11.5,0.2,26.4,1.2,10.1,0.2,6.1,0.1,16.8,0.8,5.1,0.1,5.4,0.1,17.0,0.6,4.4,0.1,98.6,0.1,98.4,0.4,98.6,0.1,69.9,0.6,79.6,1.3,69.0,0.6,8.1,0.3,10.6,0.8,7.8,0.3,0.5,0.1,0.5,0.3,0.5,0.1,2.2,0.1,0.4,0.2,2.4,0.2,0.1,0.1,0.1,0.1,0.0,0.1,17.9,0.5,7.2,1.0,18.9,0.5,1.4,0.1,1.6,0.4,1.4,0.1,32.7,0.3,15.9,1.2,34.2,0.3,55.8,0.3,71.6,1.3,54.4,0.3,25561,246,38125,1226,24464,319,(X),(X),39154,1214,28170,498,(X),(X),28295,3503,20660,338,480695,2989,47417,1289,433278,3153,18.9,0.4,9.0,0.9,20.0,0.5,23.8,0.4,23.6,1.3,23.9,0.5,25.6,0.5,36.0,1.5,24.5,0.5,31.6,0.4,31.5,1.2,31.6,0.5,507965,3193,31769,1081,476196,3125,78.8,0.5,79.4,1.6,78.7,0.5,400032,3686,25218,1089,374814,3795,6.3,0.3,5.6,1.3,6.4,0.3,(X),(X),(X),(X),(X),(X),(X),(X),(X),(X),(X),(X),(X),(X),(X),(X),(X),(X),(X),(X),(X),(X),(X),(X),2.4,(X),(X),(X),(X),(X),5.6,(X),(X),(X),(X),(X)
5001100US4826,4826,"Congressional District 26 (111th Congress), Texas",605923,3134,57501,1265,548422,3313,(X),(X),8.0,0.9,(X),(X),(X),(X),20.8,1.2,(X),(X),(X),(X),37.5,1.2,(X),(X),(X),(X),9.7,0.8,(X),(X),(X),(X),7.6,0.8,(X),(X),49.1,0.2,92.6,0.8,44.5,0.3,50.9,0.2,7.4,0.8,55.5,0.3,35.0,0.3,9.9,1.0,37.6,0.4,41.5,0.3,35.5,1.2,42.1,0.4,12.4,0.2,25.6,0.9,11.0,0.2,6.2,0.1,15.2,0.8,5.3,0.1,4.9,0.2,13.8,0.8,4.0,0.2,97.7,0.2,98.6,0.3,97.6,0.2,75.7,0.4,83.2,0.9,75.0,0.4,12.9,0.3,12.9,0.8,12.9,0.3,0.4,0.1,0.5,0.2,0.4,0.1,3.1,0.2,0.5,0.2,3.4,0.2,0.1,0.1,0.1,0.1,0.1,0.1,5.5,0.3,1.5,0.4,5.9,0.3,2.3,0.2,1.4,0.3,2.4,0.2,17.0,0.3,5.6,0.7,18.1,0.4,65.4,0.3,79.7,1.0,63.9,0.4,29257,468,43807,1281,27628,501,(X),(X),44594,1411,34281,738,(X),(X),32100,4714,22492,518,525751,2730,56651,1232,469100,2981,14.5,0.5,6.8,0.8,15.4,0.5,24.2,0.5,21.7,1.3,24.5,0.6,31.2,0.5,40.1,1.4,30.2,0.6,30.1,0.5,31.4,1.2,29.9,0.6,538258,3100,40816,1272,497442,3279,79.1,0.5,82.0,1.4,78.8,0.5,425610,3607,33471,1136,392139,3465,6.5,0.3,3.7,0.7,6.8,0.3,(X),(X),(X),(X),(X),(X),(X),(X),(X),(X),(X),(X),(X),(X),(X),(X),(X),(X),(X),(X),(X),(X),(X),(X),2.5,(X),(X),(X),(X),(X),3.7,(X),(X),(X),(X),(X)
5001100US4827,4827,"Congressional District 27 (111th Congress), Texas",479456,1698,47726,1319,431730,2095,(X),(X),12.5,1.4,(X),(X),(X),(X),18.6,1.4,(X),(X),(X),(X),35.3,1.5,(X),(X),(X),(X),12.0,0.7,(X),(X),(X),(X),10.6,0.8,(X),(X),47.4,0.2,93.1,0.9,42.3,0.3,52.6,0.2,6.9,0.9,57.7,0.3,33.9,0.2,11.9,1.4,36.3,0.3,36.7,0.2,30.5,1.4,37.4,0.3,13.7,0.1,24.3,1.2,12.6,0.2,8.2,0.1,15.6,0.8,7.4,0.1,7.5,0.1,17.7,0.9,6.3,0.1,98.8,0.1,98.4,0.3,98.8,0.2,84.3,0.6,86.6,0.9,84.0,0.6,2.4,0.1,3.9,0.6,2.2,0.1,0.4,0.1,0.7,0.2,0.4,0.1,1.1,0.1,0.7,0.2,1.1,0.1,0.0,0.1,0.1,0.1,0.0,0.1,10.5,0.5,6.4,0.7,11.0,0.5,1.2,0.1,1.6,0.3,1.2,0.2,68.2,0.3,43.2,1.5,70.9,0.3,27.7,0.2,50.7,1.6,25.2,0.3,18144,308,33665,943,16653,261,(X),(X),33838,972,21146,471,(X),(X),30650,4485,13749,241,406122,1391,46340,1283,359782,1659,29.7,0.6,11.7,1.1,32.1,0.6,25.9,0.5,26.8,1.5,25.8,0.6,27.4,0.5,39.5,1.7,25.8,0.5,17.0,0.5,22.1,1.5,16.4,0.4,404444,1665,31855,1286,372589,2056,70.5,0.7,78.2,1.5,69.8,0.7,285058,2663,24910,1068,260148,2449,7.4,0.5,4.2,1.0,7.7,0.5,(X),(X),(X),(X),(X),(X),(X),(X),(X),(X),(X),(X),(X),(X),(X),(X),(X),(X),(X),(X),(X),(X),(X),(X),2.5,(X),(X),(X),(X),(X),5.2,(X),(X),(X),(X),(X)
5001100US4828,4828,"Congressional District 28 (111th Congress), Texas",510403,2100,39119,1307,471284,2395,(X),(X),12.4,1.1,(X),(X),(X),(X),23.9,1.7,(X),(X),(X),(X),34.6,1.5,(X),(X),(X),(X),12.6,1.1,(X),(X),(X),(X),9.3,0.9,(X),(X),47.6,0.2,91.3,1.0,43.9,0.2,52.4,0.2,8.7,1.0,56.1,0.2,35.3,0.3,10.4,1.5,37.3,0.3,37.1,0.3,31.0,1.6,37.6,0.3,12.6,0.2,24.9,1.3,11.6,0.2,8.0,0.2,16.6,1.1,7.3,0.2,7.0,0.2,17.1,1.1,6.2,0.2,99.0,0.1,98.7,0.4,99.1,0.1,78.4,0.6,87.4,1.0,77.7,0.6,1.5,0.1,4.1,0.6,1.3,0.1,0.5,0.1,0.6,0.2,0.5,0.1,0.7,0.1,0.4,0.2,0.7,0.1,0.0,0.1,0.1,0.1,0.0,0.1,18.0,0.6,6.2,0.7,18.9,0.6,1.0,0.1,1.3,0.4,0.9,0.1,75.4,0.2,38.8,1.5,78.4,0.2,22.0,0.2,55.4,1.6,19.3,0.2,16880,244,37148,1797,15757,258,(X),(X),37537,1820,19776,458,(X),(X),33396,5406,12883,295,432392,1919,38271,1251,394121,2148,35.5,0.6,9.9,1.1,38.0,0.6,26.5,0.5,27.8,1.6,26.4,0.6,22.6,0.5,37.4,1.8,21.2,0.5,15.4,0.4,25.0,1.3,14.4,0.4,433983,1870,25945,1257,408038,2190,71.5,0.5,79.8,1.8,71.0,0.5,310429,2500,20693,1194,289736,2701,7.6,0.4,3.8,0.8,7.9,0.4,(X),(X),(X),(X),(X),(X),(X),(X),(X),(X),(X),(X),(X),(X),(X),(X),(X),(X),(X),(X),(X),(X),(X),(X),1.9,(X),(X),(X),(X),(X),4.3,(X),(X),(X),(X),(X)
5001100US4829,4829,"Congressional District 29 (111th Congress), Texas",449367,4117,22742,1143,426625,4334,(X),(X),9.0,1.3,(X),(X),(X),(X),13.0,1.8,(X),(X),(X),(X),33.4,2.0,(X),(X),(X),(X),11.4,1.3,(X),(X),(X),(X),10.7,1.3,(X),(X),51.3,0.4,93.0,1.3,49.0,0.4,48.7,0.4,7.0,1.3,51.0,0.4,41.0,0.6,12.2,1.7,42.5,0.6,37.7,0.6,26.2,2.0,38.3,0.6,11.0,0.3,26.4,2.0,10.2,0.3,5.6,0.2,17.4,1.5,5.0,0.2,4.7,0.2,17.7,1.6,4.0,0.2,99.0,0.1,98.3,0.5,99.1,0.1,60.3,0.7,73.7,2.3,59.6,0.7,9.2,0.4,13.6,1.7,9.0,0.4,0.7,0.2,0.7,0.4,0.7,0.2,1.5,0.2,0.8,0.4,1.5,0.2,0.0,0.1,0.0,0.2,0.0,0.1,27.3,0.7,9.6,1.3,28.3,0.7,1.0,0.1,1.7,0.5,0.9,0.1,70.0,0.5,29.7,2.1,72.2,0.5,18.9,0.4,54.4,2.5,17.0,0.4,19801,276,28774,1622,19363,288,(X),(X),28916,1710,23572,422,(X),(X),27340,7108,14190,334,374288,3352,22037,1150,352251,3539,45.8,0.8,19.4,1.8,47.4,0.8,29.0,0.6,33.0,2.4,28.8,0.6,18.5,0.5,36.3,2.2,17.4,0.6,6.7,0.3,11.2,1.2,6.4,0.3,403081,4046,14761,915,388320,4260,72.6,0.5,76.3,2.4,72.4,0.5,292579,3607,11261,783,281318,3720,9.3,0.4,7.0,2.0,9.4,0.4,(X),(X),(X),(X),(X),(X),(X),(X),(X),(X),(X),(X),(X),(X),(X),(X),(X),(X),(X),(X),(X),(X),(X),(X),3.5,(X),(X),(X),(X),(X),7.8,(X),(X),(X),(X),(X)
5001100US4830,4830,"Congressional District 30 (111th Congress), Texas",508875,4308,32150,1319,476725,4449,(X),(X),8.4,1.2,(X),(X),(X),(X),18.0,1.9,(X),(X),(X),(X),32.0,1.6,(X),(X),(X),(X),10.7,1.0,(X),(X),(X),(X),11.0,1.1,(X),(X),50.8,0.4,92.9,0.9,48.0,0.4,49.2,0.4,7.1,0.9,52.0,0.4,40.5,0.5,11.6,1.5,42.4,0.5,37.3,0.4,31.2,1.6,37.8,0.4,11.3,0.3,25.0,1.5,10.4,0.3,5.9,0.1,14.3,1.1,5.4,0.2,4.9,0.2,17.9,1.1,4.1,0.2,98.5,0.1,98.1,0.6,98.5,0.1,43.3,0.7,44.1,1.7,43.3,0.8,39.2,0.5,49.3,1.6,38.6,0.5,0.4,0.1,0.5,0.2,0.4,0.1,1.4,0.2,0.3,0.2,1.5,0.2,0.1,0.1,0.2,0.2,0.1,0.1,14.0,0.5,3.7,0.8,14.7,0.6,1.5,0.1,1.9,0.6,1.5,0.1,36.0,0.6,10.4,1.4,37.7,0.6,22.2,0.4,37.5,1.5,21.1,0.4,21513,234,29801,1300,21069,255,(X),(X),29903,1338,22608,412,(X),(X),28393,5798,18766,472,432284,3741,31571,1310,400713,3877,32.3,0.6,12.8,1.2,33.9,0.6,26.5,0.5,30.5,1.9,26.2,0.6,22.9,0.5,36.0,1.9,21.9,0.5,18.3,0.4,20.7,1.6,18.1,0.5,453534,4074,21811,1138,431723,4164,72.8,0.6,72.9,2.2,72.8,0.7,330334,3532,15907,978,314427,3502,9.6,0.5,8.9,1.7,9.7,0.5,(X),(X),(X),(X),(X),(X),(X),(X),(X),(X),(X),(X),(X),(X),(X),(X),(X),(X),(X),(X),(X),(X),(X),(X),2.8,(X),(X),(X),(X),(X),9.5,(X),(X),(X),(X),(X)
5001100US4831,4831,"Congressional District 31 (111th Congress), Texas",552437,1807,85423,1910,467014,2162,(X),(X),19.1,1.0,(X),(X),(X),(X),33.2,1.2,(X),(X),(X),(X),30.9,0.9,(X),(X),(X),(X),7.9,0.5,(X),(X),(X),(X),7.2,0.5,(X),(X),47.1,0.1,86.3,0.8,39.9,0.3,52.9,0.1,13.7,0.8,60.1,0.3,34.2,0.2,15.8,1.1,37.5,0.3,39.4,0.2,38.5,0.9,39.5,0.2,12.6,0.1,20.0,0.7,11.2,0.1,7.6,0.1,13.7,0.6,6.4,0.1,6.3,0.1,12.0,0.5,5.2,0.1,98.2,0.2,98.1,0.4,98.3,0.2,77.6,0.4,75.7,1.0,78.0,0.4,11.5,0.1,17.7,0.9,10.4,0.2,0.5,0.1,0.8,0.3,0.5,0.1,3.1,0.1,1.1,0.2,3.5,0.1,0.2,0.1,0.3,0.1,0.2,0.1,5.3,0.3,2.6,0.4,5.8,0.3,1.8,0.2,1.9,0.4,1.7,0.2,17.2,0.1,10.4,0.7,18.5,0.2,66.4,0.2,68.9,1.0,65.9,0.3,27722,326,39885,813,25174,368,(X),(X),41692,978,32212,653,(X),(X),29249,2996,20490,325,469744,1207,82112,1709,387632,1693,12.5,0.4,5.6,0.6,14.0,0.5,26.6,0.5,24.1,1.1,27.1,0.5,33.4,0.6,44.1,1.2,31.1,0.6,27.5,0.5,26.2,1.2,27.8,0.5,475848,1846,63446,1882,412402,2202,76.7,0.5,79.5,1.3,76.2,0.5,364888,2678,50442,1814,314446,2513,6.6,0.4,6.6,0.9,6.6,0.4,(X),(X),(X),(X),(X),(X),(X),(X),(X),(X),(X),(X),(X),(X),(X),(X),(X),(X),(X),(X),(X),(X),(X),(X),2.1,(X),(X),(X),(X),(X),4.5,(X),(X),(X),(X),(X)
5001100US4832,4832,"Congressional District 32 (111th Congress), Texas",497867,3932,33185,1127,464682,4017,(X),(X),6.2,1.1,(X),(X),(X),(X),13.1,1.5,(X),(X),(X),(X),30.4,1.9,(X),(X),(X),(X),14.6,1.0,(X),(X),(X),(X),18.1,1.3,(X),(X),51.3,0.4,93.2,1.2,48.4,0.4,48.7,0.4,6.8,1.2,51.6,0.4,38.5,0.5,8.1,1.1,40.7,0.6,36.4,0.4,20.1,1.6,37.6,0.4,11.6,0.3,21.8,1.5,10.9,0.3,6.6,0.2,22.1,1.5,5.5,0.2,6.8,0.2,28.0,1.6,5.3,0.2,98.8,0.1,98.8,0.4,98.8,0.1,73.2,0.7,87.1,1.5,72.2,0.7,7.5,0.3,6.9,0.9,7.6,0.3,0.6,0.1,1.1,0.5,0.5,0.1,4.6,0.3,1.1,0.6,4.8,0.3,0.1,0.1,0.1,0.1,0.1,0.1,12.9,0.6,2.5,0.7,13.7,0.6,1.2,0.1,1.2,0.4,1.2,0.1,37.2,0.6,9.5,1.3,39.2,0.6,49.7,0.6,80.9,1.6,47.5,0.6,26993,327,44045,1820,26083,328,(X),(X),45463,2192,28431,685,(X),(X),28750,4585,22929,586,431863,3613,32773,1127,399090,3643,24.4,0.6,6.8,0.9,25.9,0.7,17.3,0.5,15.8,1.7,17.4,0.5,21.3,0.5,29.6,1.8,20.6,0.5,37.0,0.5,47.8,1.9,36.1,0.6,430848,3946,16582,916,414266,3938,79.8,0.5,86.3,1.9,79.6,0.5,344009,3846,14308,861,329701,3850,6.2,0.4,5.0,1.2,6.3,0.4,(X),(X),(X),(X),(X),(X),(X),(X),(X),(X),(X),(X),(X),(X),(X),(X),(X),(X),(X),(X),(X),(X),(X),(X),2.2,(X),(X),(X),(X),(X),5.6,(X),(X),(X),(X),(X)
5001100US4901,4901,"Congressional District 1 (111th Congress), Utah",587248,1292,57940,1319,529308,1695,(X),(X),11.9,0.9,(X),(X),(X),(X),20.7,1.2,(X),(X),(X),(X),33.0,1.1,(X),(X),(X),(X),12.3,0.7,(X),(X),(X),(X),11.9,0.7,(X),(X),49.8,0.1,92.9,0.7,45.1,0.2,50.2,0.1,7.1,0.7,54.9,0.2,40.1,0.2,10.0,0.8,43.4,0.2,35.2,0.2,29.1,1.3,35.9,0.2,11.8,0.1,23.9,0.8,10.5,0.1,6.8,0.1,17.2,0.9,5.7,0.1,6.1,0.1,19.8,0.7,4.5,0.1,98.9,0.1,99.0,0.3,98.9,0.1,91.0,0.3,93.3,0.7,90.8,0.3,1.2,0.1,2.2,0.4,1.1,0.1,0.8,0.1,1.0,0.3,0.7,0.1,2.0,0.1,0.8,0.2,2.1,0.1,0.5,0.1,0.1,0.1,0.5,0.1,3.4,0.2,1.5,0.4,3.6,0.3,1.1,0.1,1.0,0.3,1.1,0.1,11.1,0.2,5.2,0.6,11.8,0.2,83.7,0.2,89.9,0.9,83.0,0.2,25771,267,41651,926,24095,334,(X),(X),42366,920,33581,448,(X),(X),32417,3647,17132,306,486121,1277,56827,1304,429294,1711,9.8,0.3,5.3,0.6,10.3,0.3,26.7,0.5,22.6,1.2,27.3,0.5,35.7,0.5,41.5,1.3,34.9,0.5,27.9,0.4,30.5,1.0,27.5,0.5,511787,1413,36512,1351,475275,1830,79.4,0.4,80.4,1.3,79.3,0.4,406418,2161,29364,1275,377054,2451,5.1,0.3,4.2,0.8,5.1,0.3,(X),(X),(X),(X),(X),(X),(X),(X),(X),(X),(X),(X),(X),(X),(X),(X),(X),(X),(X),(X),(X),(X),(X),(X),1.6,(X),(X),(X),(X),(X),3.9,(X),(X),(X),(X),(X)
5001100US4902,4902,"Congressional District 2 (111th Congress), Utah",612042,1834,53617,1164,558425,2096,(X),(X),6.8,0.8,(X),(X),(X),(X),11.7,0.8,(X),(X),(X),(X),32.3,1.1,(X),(X),(X),(X),15.9,0.9,(X),(X),(X),(X),17.6,0.7,(X),(X),49.4,0.2,94.8,0.6,45.0,0.2,50.6,0.2,5.2,0.6,55.0,0.2,37.0,0.2,7.3,0.8,39.9,0.3,34.0,0.3,18.7,1.1,35.5,0.3,13.1,0.2,25.4,0.9,11.9,0.2,8.2,0.1,21.2,0.9,7.0,0.1,7.7,0.1,27.5,0.8,5.8,0.1,99.0,0.1,99.3,0.2,98.9,0.1,91.7,0.3,96.0,0.5,91.3,0.3,0.7,0.1,0.4,0.2,0.7,0.1,1.9,0.1,1.2,0.3,2.0,0.1,2.2,0.1,0.7,0.2,2.3,0.1,0.4,0.1,0.1,0.1,0.4,0.1,2.1,0.2,0.9,0.3,2.2,0.2,1.0,0.1,0.7,0.2,1.1,0.1,6.5,0.3,3.4,0.5,6.8,0.3,87.6,0.3,93.6,0.6,87.1,0.3,26653,274,37405,1086,25651,313,(X),(X),37719,1101,36064,535,(X),(X),26394,4954,18318,384,521682,1878,52861,1132,468821,2221,8.4,0.3,6.6,0.7,8.7,0.3,23.1,0.4,21.4,1.1,23.3,0.5,35.4,0.4,36.7,1.2,35.3,0.4,33.0,0.5,35.3,1.3,32.8,0.5,514796,1824,27539,919,487257,2013,78.1,0.4,76.8,1.7,78.2,0.4,402026,2353,21143,907,380883,2543,4.6,0.3,5.7,1.1,4.5,0.3,(X),(X),(X),(X),(X),(X),(X),(X),(X),(X),(X),(X),(X),(X),(X),(X),(X),(X),(X),(X),(X),(X),(X),(X),2.1,(X),(X),(X),(X),(X),4.6,(X),(X),(X),(X),(X)
5001100US4903,4903,"Congressional District 3 (111th Congress), Utah",620311,1797,39857,1036,580454,2148,(X),(X),10.6,1.0,(X),(X),(X),(X),16.0,1.2,(X),(X),(X),(X),34.0,1.5,(X),(X),(X),(X),12.1,0.8,(X),(X),(X),(X),12.8,0.8,(X),(X),49.7,0.2,94.6,0.7,46.6,0.2,50.3,0.2,5.4,0.7,53.4,0.2,46.6,0.2,9.4,1.0,49.1,0.2,33.1,0.3,26.6,1.2,33.6,0.3,10.3,0.2,25.4,1.3,9.3,0.2,5.6,0.1,18.1,0.9,4.8,0.1,4.3,0.1,20.5,0.8,3.2,0.1,98.7,0.1,98.5,0.4,98.7,0.1,90.0,0.3,94.8,0.8,89.7,0.3,0.6,0.1,0.9,0.4,0.6,0.1,0.7,0.1,0.6,0.3,0.8,0.1,2.3,0.1,0.7,0.3,2.4,0.1,1.2,0.1,0.1,0.2,1.3,0.1,3.8,0.3,1.3,0.3,4.0,0.3,1.3,0.1,1.5,0.4,1.3,0.1,12.2,0.3,5.9,0.9,12.7,0.3,81.9,0.3,90.8,1.1,81.3,0.3,23119,307,37414,1120,22062,241,(X),(X),38371,1161,30750,385,(X),(X),25612,3672,15893,298,472448,1584,38934,1029,433514,1956,10.8,0.3,6.6,0.7,11.2,0.3,26.9,0.5,23.7,1.4,27.2,0.5,37.5,0.5,40.8,1.7,37.2,0.6,24.8,0.4,28.9,1.5,24.4,0.4,558541,1824,24502,947,534039,2139,78.2,0.5,82.8,1.7,78.0,0.5,437009,3146,20280,974,416729,3251,4.9,0.2,3.5,0.8,4.9,0.2,(X),(X),(X),(X),(X),(X),(X),(X),(X),(X),(X),(X),(X),(X),(X),(X),(X),(X),(X),(X),(X),(X),(X),(X),2.6,(X),(X),(X),(X),(X),4.1,(X),(X),(X),(X),(X)
5001100US5000,5000,"Congressional District (at Large) (111th Congress), Vermont",488735,195,53824,1071,434911,1064,(X),(X),5.7,0.6,(X),(X),(X),(X),9.7,0.7,(X),(X),(X),(X),35.9,0.8,(X),(X),(X),(X),13.3,0.7,(X),(X),(X),(X),12.4,0.5,(X),(X),48.5,0.1,93.9,0.6,42.9,0.1,51.5,0.1,6.1,0.6,57.1,0.1,27.7,0.1,5.4,0.7,30.5,0.1,38.3,0.1,26.2,1.0,39.8,0.1,16.4,0.1,27.2,0.7,15.1,0.1,9.1,0.1,20.1,0.7,7.8,0.1,8.4,0.1,21.1,0.4,6.8,0.1,98.9,0.1,99.1,0.2,98.9,0.1,96.6,0.1,97.9,0.3,96.5,0.1,0.7,0.1,0.4,0.2,0.7,0.1,0.3,0.1,0.4,0.1,0.3,0.1,1.0,0.1,0.1,0.1,1.1,0.1,0.0,0.1,0.0,0.1,0.0,0.1,0.3,0.1,0.2,0.1,0.3,0.1,1.1,0.1,0.9,0.2,1.1,0.1,1.2,0.1,0.8,0.2,1.2,0.1,95.8,0.1,97.3,0.4,95.6,0.1,26149,239,33965,676,25155,253,(X),(X),34565,705,31768,389,(X),(X),27290,2052,20967,249,420529,348,53194,1085,367335,1067,9.9,0.3,10.6,0.6,9.8,0.3,32.3,0.5,37.1,1.2,31.6,0.5,24.9,0.3,25.8,0.9,24.7,0.4,32.9,0.4,26.5,1.0,33.8,0.4,403268,299,31626,852,371642,890,80.6,0.3,79.2,1.5,80.7,0.4,325124,1437,25045,860,300079,1497,5.4,0.3,4.5,0.8,5.5,0.3,(X),(X),(X),(X),(X),(X),(X),(X),(X),(X),(X),(X),(X),(X),(X),(X),(X),(X),(X),(X),(X),(X),(X),(X),2.6,(X),(X),(X),(X),(X),4.4,(X),(X),(X),(X),(X)
5001100US5101,5101,"Congressional District 1 (111th Congress), Virginia",544749,3193,93388,1919,451361,3086,(X),(X),20.1,1.0,(X),(X),(X),(X),34.2,1.0,(X),(X),(X),(X),32.0,1.0,(X),(X),(X),(X),9.2,0.6,(X),(X),(X),(X),6.8,0.5,(X),(X),46.8,0.2,86.0,0.8,38.7,0.3,53.2,0.2,14.0,0.8,61.3,0.3,28.4,0.3,12.8,1.1,31.7,0.4,39.9,0.3,39.3,1.1,40.0,0.3,15.1,0.2,21.5,0.7,13.8,0.2,9.3,0.1,14.0,0.6,8.3,0.2,7.3,0.1,12.5,0.6,6.2,0.2,98.6,0.1,98.2,0.3,98.7,0.1,75.4,0.3,76.7,1.0,75.1,0.4,18.4,0.3,19.5,0.9,18.2,0.3,0.3,0.1,0.3,0.1,0.3,0.1,2.5,0.1,0.8,0.2,2.9,0.1,0.1,0.1,0.1,0.1,0.1,0.1,1.9,0.2,0.8,0.2,2.1,0.2,1.4,0.1,1.8,0.3,1.3,0.1,4.5,0.2,3.4,0.5,4.7,0.2,73.1,0.3,74.6,1.0,72.7,0.4,32322,373,53450,1001,28436,442,(X),(X),56158,1018,38334,654,(X),(X),38672,1761,23101,504,473042,2341,90555,1769,382487,2568,11.5,0.3,5.0,0.5,13.0,0.4,28.8,0.5,22.6,0.9,30.3,0.5,29.7,0.5,35.6,1.2,28.3,0.5,30.1,0.5,36.8,1.1,28.5,0.5,454564,3136,68710,1831,385854,3070,78.0,0.5,85.2,1.0,76.7,0.6,354355,3250,58546,1597,295809,3184,4.7,0.3,2.6,0.5,5.1,0.3,(X),(X),(X),(X),(X),(X),(X),(X),(X),(X),(X),(X),(X),(X),(X),(X),(X),(X),(X),(X),(X),(X),(X),(X),2.1,(X),(X),(X),(X),(X),3.5,(X),(X),(X),(X),(X)
5001100US5102,5102,"Congressional District 2 (111th Congress), Virginia",445002,3071,87077,1920,357925,2975,(X),(X),25.9,1.2,(X),(X),(X),(X),37.8,1.1,(X),(X),(X),(X),32.0,1.1,(X),(X),(X),(X),8.2,0.5,(X),(X),(X),(X),5.9,0.4,(X),(X),46.0,0.3,85.1,0.7,36.4,0.5,54.0,0.3,14.9,0.7,63.6,0.5,32.1,0.4,20.4,1.2,35.0,0.5,38.3,0.3,37.2,0.9,38.6,0.4,14.2,0.2,19.3,0.8,13.0,0.2,8.4,0.1,12.4,0.5,7.4,0.1,7.0,0.1,10.7,0.4,6.1,0.1,98.1,0.2,98.3,0.4,98.1,0.2,70.1,0.4,72.0,1.0,69.7,0.5,21.1,0.3,21.2,0.8,21.1,0.4,0.2,0.1,0.2,0.1,0.3,0.1,5.1,0.1,3.6,0.4,5.4,0.2,0.1,0.1,0.2,0.1,0.1,0.1,1.4,0.2,1.1,0.2,1.5,0.2,1.9,0.2,1.7,0.4,1.9,0.2,4.9,0.1,4.7,0.6,5.0,0.2,67.2,0.4,69.5,1.0,66.6,0.5,29705,427,44387,949,25937,400,(X),(X),46782,963,32980,902,(X),(X),32903,1718,22135,391,384852,1787,82244,1644,302608,2292,10.5,0.4,5.0,0.4,12.0,0.4,27.7,0.6,25.8,1.0,28.1,0.6,32.6,0.4,41.0,1.1,30.3,0.5,29.2,0.5,28.2,1.0,29.5,0.6,376758,3078,66985,1891,309773,2855,80.0,0.5,84.7,1.0,79.0,0.5,301416,2884,56740,1622,244676,2609,5.2,0.4,3.6,0.7,5.6,0.4,(X),(X),(X),(X),(X),(X),(X),(X),(X),(X),(X),(X),(X),(X),(X),(X),(X),(X),(X),(X),(X),(X),(X),(X),2.9,(X),(X),(X),(X),(X),4.5,(X),(X),(X),(X),(X)
5001100US5103,5103,"Congressional District 3 (111th Congress), Virginia",487327,3606,69485,1597,417842,3651,(X),(X),19.9,1.2,(X),(X),(X),(X),28.1,1.3,(X),(X),(X),(X),28.7,1.2,(X),(X),(X),(X),8.6,0.6,(X),(X),(X),(X),7.8,0.5,(X),(X),45.3,0.3,84.8,1.0,38.8,0.4,54.7,0.3,15.2,1.0,61.2,0.4,35.6,0.4,18.6,1.2,38.4,0.4,35.8,0.3,36.6,1.2,35.7,0.4,13.0,0.2,19.4,1.1,11.9,0.2,8.0,0.1,12.4,0.6,7.3,0.2,7.6,0.2,13.1,0.6,6.7,0.2,98.6,0.1,98.5,0.4,98.6,0.2,41.2,0.4,46.0,1.3,40.4,0.5,53.9,0.5,49.6,1.3,54.6,0.5,0.4,0.1,0.7,0.2,0.4,0.1,1.9,0.1,1.1,0.3,2.0,0.1,0.1,0.1,0.2,0.1,0.1,0.1,1.0,0.1,0.9,0.2,1.0,0.1,1.4,0.1,1.5,0.4,1.4,0.2,3.1,0.2,2.3,0.4,3.2,0.2,39.5,0.4,44.7,1.3,38.6,0.5,23448,331,35273,748,21206,276,(X),(X),35814,801,26158,545,(X),(X),32234,1915,18553,374,408274,2515,65797,1423,342477,2720,19.2,0.5,11.0,0.8,20.7,0.5,31.3,0.6,32.5,1.4,31.1,0.6,29.4,0.6,37.3,1.2,27.8,0.6,20.2,0.4,19.3,1.0,20.3,0.5,411152,3665,51776,1465,359376,3632,76.2,0.6,81.3,1.4,75.4,0.7,313230,3703,42107,1365,271123,3705,9.2,0.5,5.4,0.7,9.8,0.6,(X),(X),(X),(X),(X),(X),(X),(X),(X),(X),(X),(X),(X),(X),(X),(X),(X),(X),(X),(X),(X),(X),(X),(X),3.7,(X),(X),(X),(X),(X),6.5,(X),(X),(X),(X),(X)
5001100US5104,5104,"Congressional District 4 (111th Congress), Virginia",525246,1694,78240,1712,447006,2490,(X),(X),16.1,1.0,(X),(X),(X),(X),30.0,1.1,(X),(X),(X),(X),31.8,1.0,(X),(X),(X),(X),9.2,0.5,(X),(X),(X),(X),6.7,0.4,(X),(X),48.2,0.1,88.3,0.8,41.1,0.3,51.8,0.1,11.7,0.8,58.9,0.3,28.3,0.3,12.6,1.0,31.0,0.3,42.1,0.2,39.6,1.0,42.5,0.3,14.9,0.1,22.7,0.8,13.5,0.2,8.3,0.1,13.3,0.6,7.4,0.1,6.5,0.1,11.9,0.4,5.6,0.1,99.0,0.1,98.7,0.4,99.0,0.1,62.7,0.3,65.0,1.1,62.3,0.3,33.0,0.3,32.0,1.2,33.2,0.3,0.3,0.1,0.3,0.1,0.3,0.1,1.9,0.1,0.7,0.2,2.1,0.1,0.0,0.1,0.0,0.1,0.0,0.1,1.0,0.1,0.6,0.2,1.1,0.1,1.0,0.1,1.3,0.4,1.0,0.1,2.9,0.1,1.9,0.3,3.0,0.2,61.0,0.3,63.7,1.1,60.5,0.2,29029,362,44150,951,26272,374,(X),(X),45448,1010,33137,760,(X),(X),36253,2069,22089,338,460885,1323,76862,1628,384023,2110,16.7,0.4,9.7,1.0,18.1,0.4,31.6,0.6,29.0,1.1,32.1,0.6,29.4,0.5,39.0,1.1,27.5,0.5,22.3,0.5,22.3,0.9,22.3,0.5,447514,1672,58575,1644,388939,2426,75.3,0.5,79.5,1.8,74.7,0.5,337040,2637,46556,1578,290484,2753,5.8,0.3,3.8,0.6,6.1,0.4,(X),(X),(X),(X),(X),(X),(X),(X),(X),(X),(X),(X),(X),(X),(X),(X),(X),(X),(X),(X),(X),(X),(X),(X),3.3,(X),(X),(X),(X),(X),8.6,(X),(X),(X),(X),(X)
5001100US5105,5105,"Congressional District 5 (111th Congress), Virginia",524355,1202,57441,1434,466914,1862,(X),(X),7.1,0.8,(X),(X),(X),(X),13.4,1.0,(X),(X),(X),(X),34.1,1.2,(X),(X),(X),(X),13.4,1.0,(X),(X),(X),(X),12.6,0.7,(X),(X),48.4,0.1,93.7,0.6,42.8,0.2,51.6,0.1,6.3,0.6,57.2,0.2,27.9,0.2,7.8,0.9,30.4,0.2,36.1,0.2,25.1,1.2,37.5,0.3,16.1,0.1,25.8,0.9,14.9,0.2,10.8,0.1,19.5,0.8,9.7,0.1,9.0,0.1,21.8,0.9,7.4,0.1,99.3,0.1,99.2,0.3,99.3,0.1,74.6,0.2,80.9,1.0,73.8,0.2,22.3,0.1,17.9,1.0,22.8,0.2,0.1,0.1,0.1,0.1,0.1,0.1,1.3,0.1,0.2,0.1,1.5,0.1,0.0,0.1,0.1,0.1,0.0,0.1,1.0,0.1,0.1,0.1,1.1,0.2,0.7,0.1,0.8,0.3,0.7,0.1,2.1,0.1,0.5,0.2,2.3,0.1,73.5,0.1,80.5,1.0,72.7,0.2,22870,298,33380,964,21790,271,(X),(X),34059,1001,27613,506,(X),(X),26223,3742,18131,355,453764,1225,56417,1411,397347,1818,21.2,0.4,15.4,1.1,22.1,0.4,32.7,0.5,33.5,1.5,32.6,0.6,24.7,0.5,28.7,1.5,24.2,0.5,21.3,0.4,22.4,1.2,21.1,0.5,420575,1184,33697,1212,386878,1757,71.4,0.7,72.8,1.4,71.3,0.8,300279,3148,24540,990,275739,3301,6.5,0.3,6.1,1.0,6.5,0.4,(X),(X),(X),(X),(X),(X),(X),(X),(X),(X),(X),(X),(X),(X),(X),(X),(X),(X),(X),(X),(X),(X),(X),(X),2.9,(X),(X),(X),(X),(X),7.5,(X),(X),(X),(X),(X)
5001100US5106,5106,"Congressional District 6 (111th Congress), Virginia",532393,1048,61867,1355,470526,1646,(X),(X),6.6,0.8,(X),(X),(X),(X),12.6,1.0,(X),(X),(X),(X),33.7,1.2,(X),(X),(X),(X),13.8,0.8,(X),(X),(X),(X),14.0,0.7,(X),(X),47.4,0.1,93.7,0.7,41.3,0.2,52.6,0.1,6.3,0.7,58.7,0.2,30.1,0.1,7.0,0.8,33.1,0.2,35.0,0.2,26.1,1.1,36.1,0.2,15.2,0.1,25.2,0.9,13.9,0.2,10.0,0.1,19.3,0.7,8.8,0.1,9.8,0.1,22.3,0.7,8.1,0.1,99.2,0.1,99.6,0.2,99.2,0.1,86.4,0.2,88.1,0.9,86.1,0.2,10.4,0.1,10.4,0.7,10.4,0.2,0.2,0.1,0.3,0.2,0.2,0.1,1.3,0.1,0.4,0.2,1.4,0.1,0.0,0.1,0.0,0.1,0.1,0.1,0.9,0.1,0.5,0.2,0.9,0.1,0.8,0.1,0.4,0.2,0.8,0.1,2.7,0.1,0.8,0.3,2.9,0.1,84.7,0.1,87.6,0.9,84.3,0.2,23895,339,32933,1023,22417,305,(X),(X),33604,1000,29627,512,(X),(X),23993,3064,18555,324,449086,1137,60805,1304,388281,1558,17.7,0.5,13.1,1.0,18.4,0.6,33.2,0.5,33.9,1.2,33.2,0.6,25.1,0.5,29.0,1.2,24.5,0.5,24.0,0.5,24.1,1.3,24.0,0.5,427158,1089,36087,1166,391071,1571,74.2,0.6,76.6,1.7,74.0,0.6,317110,2803,27626,1144,289484,2662,4.9,0.3,5.3,1.1,4.8,0.3,(X),(X),(X),(X),(X),(X),(X),(X),(X),(X),(X),(X),(X),(X),(X),(X),(X),(X),(X),(X),(X),(X),(X),(X),2.7,(X),(X),(X),(X),(X),5.9,(X),(X),(X),(X),(X)
5001100US5107,5107,"Congressional District 7 (111th Congress), Virginia",550855,2133,61721,1298,489134,2420,(X),(X),7.8,0.8,(X),(X),(X),(X),16.9,1.1,(X),(X),(X),(X),34.7,1.1,(X),(X),(X),(X),11.4,0.8,(X),(X),(X),(X),12.5,0.7,(X),(X),47.5,0.2,91.6,0.7,42.0,0.3,52.5,0.2,8.4,0.7,58.0,0.3,28.1,0.2,8.6,0.9,30.6,0.3,40.0,0.2,27.7,1.3,41.5,0.3,15.6,0.2,25.7,0.8,14.3,0.2,8.6,0.1,18.0,0.9,7.4,0.1,7.7,0.1,20.1,0.8,6.2,0.1,98.9,0.1,99.4,0.2,98.9,0.1,77.9,0.3,83.1,1.0,77.2,0.4,16.6,0.3,14.9,1.0,16.8,0.3,0.3,0.1,0.4,0.2,0.3,0.1,3.1,0.1,0.7,0.2,3.4,0.1,0.0,0.1,0.0,0.1,0.0,0.1,1.1,0.1,0.3,0.1,1.1,0.1,1.1,0.1,0.6,0.2,1.1,0.1,3.2,0.1,1.5,0.3,3.4,0.1,75.8,0.3,82.2,1.0,75.0,0.3,33191,340,45292,1115,31711,330,(X),(X),46460,1203,40024,592,(X),(X),34623,2755,26709,456,490616,1901,60826,1332,429790,2154,12.2,0.4,9.4,0.7,12.6,0.4,25.5,0.5,24.9,1.3,25.6,0.5,25.6,0.5,31.8,1.1,24.7,0.5,36.7,0.5,33.8,1.2,37.1,0.5,460898,2102,38221,1160,422677,2440,79.7,0.5,81.7,1.3,79.5,0.5,367270,2899,31213,1051,336057,3029,4.5,0.2,3.4,0.8,4.6,0.2,(X),(X),(X),(X),(X),(X),(X),(X),(X),(X),(X),(X),(X),(X),(X),(X),(X),(X),(X),(X),(X),(X),(X),(X),2.3,(X),(X),(X),(X),(X),5.2,(X),(X),(X),(X),(X)
5001100US5108,5108,"Congressional District 8 (111th Congress), Virginia",525534,3057,53159,1566,472375,3332,(X),(X),21.1,1.5,(X),(X),(X),(X),32.7,1.3,(X),(X),(X),(X),34.3,1.4,(X),(X),(X),(X),8.9,0.7,(X),(X),(X),(X),9.2,0.7,(X),(X),48.5,0.2,86.0,1.0,44.3,0.3,51.5,0.2,14.0,1.0,55.7,0.3,36.9,0.3,14.2,1.3,39.5,0.4,37.7,0.3,33.3,1.3,38.2,0.4,13.3,0.2,22.9,1.1,12.2,0.2,6.5,0.1,15.1,0.9,5.5,0.1,5.7,0.1,14.4,0.8,4.7,0.1,98.1,0.2,98.7,0.3,98.1,0.2,68.2,0.5,81.1,1.1,66.7,0.5,13.3,0.2,13.4,1.0,13.3,0.2,0.3,0.1,0.5,0.2,0.3,0.1,10.0,0.2,2.4,0.4,10.8,0.3,0.1,0.1,0.2,0.1,0.1,0.1,6.3,0.3,1.1,0.4,6.8,0.3,1.9,0.2,1.3,0.3,1.9,0.2,14.7,0.3,4.6,0.8,15.8,0.3,60.6,0.3,78.1,1.3,58.6,0.4,48750,569,78710,2184,45727,619,(X),(X),81585,2959,51090,827,(X),(X),59982,7696,42069,640,470499,2188,52091,1477,418408,2594,9.8,0.4,3.6,0.5,10.5,0.5,13.4,0.4,11.2,0.9,13.6,0.5,17.2,0.4,21.8,1.2,16.7,0.4,59.6,0.5,63.4,1.4,59.2,0.5,461713,2915,37434,1428,424279,3208,84.6,0.4,88.1,1.1,84.3,0.5,390812,2529,32990,1356,357822,2623,3.8,0.3,2.9,0.8,3.9,0.3,(X),(X),(X),(X),(X),(X),(X),(X),(X),(X),(X),(X),(X),(X),(X),(X),(X),(X),(X),(X),(X),(X),(X),(X),3.0,(X),(X),(X),(X),(X),4.7,(X),(X),(X),(X),(X)
5001100US5109,5109,"Congressional District 9 (111th Congress), Virginia",516966,1040,52808,1307,464158,1444,(X),(X),7.7,0.8,(X),(X),(X),(X),12.2,0.9,(X),(X),(X),(X),35.5,1.4,(X),(X),(X),(X),14.8,0.9,(X),(X),(X),(X),11.3,0.8,(X),(X),49.0,0.1,95.1,0.7,43.7,0.2,51.0,0.1,4.9,0.7,56.3,0.2,30.2,0.1,8.4,0.9,32.7,0.2,34.3,0.2,22.8,1.2,35.6,0.2,15.9,0.1,26.3,1.1,14.7,0.2,10.8,0.1,21.6,0.9,9.6,0.1,8.9,0.1,20.9,1.0,7.5,0.1,99.5,0.1,99.3,0.2,99.5,0.1,93.6,0.1,93.9,0.7,93.5,0.1,4.2,0.1,4.9,0.7,4.1,0.2,0.2,0.1,0.3,0.2,0.2,0.1,1.2,0.1,0.2,0.1,1.3,0.1,0.0,0.1,0.1,0.1,0.0,0.1,0.3,0.1,0.1,0.1,0.4,0.1,0.5,0.1,0.7,0.2,0.5,0.1,1.1,0.1,0.5,0.2,1.2,0.1,92.8,0.1,93.5,0.8,92.7,0.1,18701,254,27623,719,17549,288,(X),(X),27632,766,22785,455,(X),(X),27333,6842,14131,226,435562,1108,51611,1278,383951,1406,23.9,0.6,20.2,1.2,24.4,0.6,33.5,0.6,34.2,1.4,33.4,0.6,26.1,0.4,29.6,1.2,25.7,0.4,16.5,0.4,16.0,1.0,16.6,0.4,415137,1091,30382,1050,384755,1416,67.2,0.6,67.0,1.8,67.2,0.6,278966,2419,20367,880,258599,2353,7.0,0.4,4.9,1.2,7.1,0.4,(X),(X),(X),(X),(X),(X),(X),(X),(X),(X),(X),(X),(X),(X),(X),(X),(X),(X),(X),(X),(X),(X),(X),(X),2.9,(X),(X),(X),(X),(X),6.6,(X),(X),(X),(X),(X)
5001100US5110,5110,"Congressional District 10 (111th Congress), Virginia",576426,3036,60550,1573,515876,3193,(X),(X),11.8,0.9,(X),(X),(X),(X),26.0,1.3,(X),(X),(X),(X),35.5,1.3,(X),(X),(X),(X),9.3,0.7,(X),(X),(X),(X),8.2,0.7,(X),(X),49.2,0.2,89.3,0.9,44.5,0.3,50.8,0.2,10.7,0.9,55.5,0.3,29.8,0.3,8.5,0.9,32.3,0.4,45.2,0.3,38.2,1.3,46.0,0.4,13.7,0.2,24.8,1.0,12.4,0.2,6.5,0.1,14.9,0.7,5.5,0.2,4.9,0.1,13.5,0.7,3.9,0.1,98.6,0.1,99.0,0.3,98.6,0.1,76.1,0.4,88.8,1.0,74.7,0.5,7.3,0.3,7.2,0.9,7.4,0.3,0.3,0.1,0.2,0.1,0.3,0.1,10.6,0.2,1.8,0.3,11.6,0.3,0.1,0.1,0.1,0.1,0.1,0.1,4.2,0.3,0.8,0.3,4.6,0.3,1.4,0.1,1.0,0.3,1.4,0.1,10.3,0.3,2.9,0.5,11.1,0.3,70.4,0.4,86.9,1.1,68.5,0.4,43590,585,69816,1772,40955,564,(X),(X),73373,2452,53005,1056,(X),(X),50966,2826,32152,662,513697,2680,59713,1569,453984,2899,10.1,0.4,4.3,0.7,10.8,0.4,19.3,0.5,18.1,1.1,19.5,0.5,22.6,0.5,27.4,1.5,21.9,0.5,48.0,0.6,50.1,1.5,47.7,0.6,510993,2946,43338,1401,467655,3004,82.2,0.4,88.9,1.1,81.6,0.5,420284,3431,38548,1365,381736,3442,3.8,0.2,2.6,0.5,3.9,0.2,(X),(X),(X),(X),(X),(X),(X),(X),(X),(X),(X),(X),(X),(X),(X),(X),(X),(X),(X),(X),(X),(X),(X),(X),2.6,(X),(X),(X),(X),(X),4.5,(X),(X),(X),(X),(X)
5001100US5111,5111,"Congressional District 11 (111th Congress), Virginia",535810,2857,72609,1601,463201,3028,(X),(X),17.3,0.9,(X),(X),(X),(X),37.3,1.3,(X),(X),(X),(X),39.2,1.1,(X),(X),(X),(X),8.6,0.6,(X),(X),(X),(X),6.7,0.5,(X),(X),48.5,0.3,87.3,0.9,42.4,0.3,51.5,0.3,12.7,0.9,57.6,0.3,28.9,0.4,9.1,1.0,32.0,0.4,43.3,0.4,38.4,1.1,44.1,0.4,15.6,0.3,26.3,0.9,14.0,0.3,7.2,0.1,14.6,0.6,6.0,0.2,5.1,0.1,11.7,0.6,4.0,0.1,98.1,0.1,98.6,0.3,98.0,0.2,67.3,0.4,79.5,0.9,65.3,0.4,10.8,0.3,14.5,0.9,10.3,0.3,0.4,0.1,0.5,0.2,0.4,0.1,14.5,0.2,2.7,0.4,16.3,0.3,0.1,0.1,0.2,0.1,0.1,0.1,5.1,0.3,1.2,0.4,5.7,0.3,1.9,0.1,1.4,0.3,2.0,0.2,12.8,0.4,4.9,0.6,14.0,0.4,60.2,0.4,76.5,0.9,57.6,0.5,46350,630,86744,1992,41111,569,(X),(X),91257,1680,50870,939,(X),(X),61642,4844,34047,583,470148,2485,71923,1549,398225,2641,8.0,0.4,2.2,0.4,9.0,0.4,16.7,0.5,11.7,0.8,17.6,0.6,23.4,0.4,24.3,1.2,23.2,0.5,51.9,0.6,61.8,1.1,50.1,0.6,470343,2800,53541,1377,416802,3014,81.9,0.4,89.3,0.8,80.9,0.5,385162,3109,47809,1303,337353,3060,3.9,0.2,2.2,0.5,4.1,0.3,(X),(X),(X),(X),(X),(X),(X),(X),(X),(X),(X),(X),(X),(X),(X),(X),(X),(X),(X),(X),(X),(X),(X),(X),3.2,(X),(X),(X),(X),(X),4.2,(X),(X),(X),(X),(X)
5001100US5301,5301,"Congressional District 1 (111th Congress), Washington",537209,2616,62105,1535,475104,2730,(X),(X),8.8,0.8,(X),(X),(X),(X),18.7,1.0,(X),(X),(X),(X),39.1,1.2,(X),(X),(X),(X),10.3,0.7,(X),(X),(X),(X),10.6,0.7,(X),(X),49.1,0.3,92.4,0.8,43.4,0.3,50.9,0.3,7.6,0.8,56.6,0.3,29.0,0.4,8.8,0.9,31.6,0.5,42.1,0.5,30.7,1.2,43.6,0.5,15.0,0.3,28.2,1.0,13.3,0.3,7.3,0.2,16.1,0.6,6.1,0.2,6.6,0.2,16.1,0.7,5.4,0.2,97.4,0.2,97.4,0.4,97.4,0.2,81.4,0.4,89.0,0.9,80.4,0.4,2.3,0.2,3.1,0.5,2.2,0.2,0.8,0.1,1.0,0.3,0.8,0.1,10.8,0.3,3.0,0.5,11.8,0.3,0.3,0.1,0.4,0.2,0.3,0.1,1.8,0.2,0.8,0.3,2.0,0.2,2.6,0.2,2.6,0.4,2.6,0.2,5.0,0.2,3.3,0.5,5.2,0.3,78.5,0.3,87.0,1.0,77.4,0.4,37341,471,48217,1090,35554,509,(X),(X),49402,1192,48698,987,(X),(X),39516,3670,27585,515,480495,2610,61182,1522,419313,2635,6.6,0.3,3.9,0.5,7.0,0.3,19.1,0.4,19.7,1.2,19.0,0.5,33.8,0.6,40.1,1.5,32.9,0.6,40.4,0.6,36.3,1.5,41.0,0.6,462667,2622,42094,1172,420573,2797,80.6,0.4,81.7,1.2,80.5,0.4,372914,2864,34374,1074,338540,2999,5.2,0.3,4.8,0.7,5.3,0.3,(X),(X),(X),(X),(X),(X),(X),(X),(X),(X),(X),(X),(X),(X),(X),(X),(X),(X),(X),(X),(X),(X),(X),(X),2.1,(X),(X),(X),(X),(X),4.9,(X),(X),(X),(X),(X)
5001100US5302,5302,"Congressional District 2 (111th Congress), Washington",548573,2066,77362,1368,471211,2431,(X),(X),8.9,0.9,(X),(X),(X),(X),17.4,1.0,(X),(X),(X),(X),36.5,0.9,(X),(X),(X),(X),12.3,0.6,(X),(X),(X),(X),10.6,0.6,(X),(X),48.6,0.2,92.0,0.7,41.5,0.3,51.4,0.2,8.0,0.7,58.5,0.3,29.5,0.3,8.8,0.8,32.9,0.3,37.9,0.3,30.6,0.9,39.1,0.3,15.9,0.2,25.8,0.7,14.3,0.2,8.8,0.1,17.6,0.7,7.4,0.1,7.8,0.1,17.2,0.5,6.3,0.1,98.1,0.2,98.7,0.3,98.0,0.2,89.2,0.3,93.3,0.5,88.5,0.3,1.0,0.1,1.7,0.3,0.9,0.1,1.6,0.1,1.0,0.2,1.7,0.1,3.6,0.1,1.6,0.3,3.9,0.2,0.2,0.1,0.2,0.1,0.2,0.1,2.4,0.2,0.9,0.2,2.6,0.2,1.9,0.2,1.3,0.3,2.0,0.2,6.0,0.2,2.8,0.5,6.6,0.2,86.0,0.2,91.8,0.7,85.1,0.3,28221,374,41194,973,26078,321,(X),(X),42633,896,36410,624,(X),(X),26354,3303,20097,330,471603,1757,75583,1354,396020,2120,10.5,0.3,5.9,0.5,11.4,0.4,27.8,0.5,27.2,1.1,28.0,0.6,36.3,0.5,40.6,1.0,35.5,0.5,25.3,0.5,26.3,0.8,25.1,0.5,457061,2106,50383,1299,406678,2412,76.8,0.5,78.4,1.2,76.6,0.6,350979,2908,39519,1255,311460,3019,6.3,0.4,4.7,0.7,6.5,0.4,(X),(X),(X),(X),(X),(X),(X),(X),(X),(X),(X),(X),(X),(X),(X),(X),(X),(X),(X),(X),(X),(X),(X),(X),2.3,(X),(X),(X),(X),(X),4.3,(X),(X),(X),(X),(X)
5001100US5303,5303,"Congressional District 3 (111th Congress), Washington",560949,1256,74958,1518,485991,1791,(X),(X),6.2,0.7,(X),(X),(X),(X),15.3,0.9,(X),(X),(X),(X),37.8,1.1,(X),(X),(X),(X),11.6,0.7,(X),(X),(X),(X),11.0,0.7,(X),(X),48.9,0.1,92.9,0.7,42.1,0.2,51.1,0.1,7.1,0.7,57.9,0.2,28.3,0.2,7.1,0.9,31.6,0.2,38.9,0.1,28.2,1.1,40.6,0.2,16.4,0.1,28.3,0.8,14.6,0.2,9.0,0.1,19.4,0.7,7.4,0.1,7.3,0.1,17.0,0.5,5.8,0.1,97.6,0.1,98.3,0.3,97.5,0.1,90.3,0.2,94.4,0.6,89.6,0.2,1.2,0.1,1.7,0.4,1.2,0.1,1.0,0.1,0.8,0.2,1.0,0.1,3.2,0.1,0.7,0.2,3.5,0.1,0.3,0.1,0.3,0.1,0.3,0.1,1.7,0.2,0.5,0.2,1.9,0.2,2.4,0.1,1.7,0.3,2.5,0.1,5.0,0.1,2.0,0.3,5.4,0.1,87.5,0.1,93.1,0.6,86.6,0.2,28249,416,38651,806,26372,366,(X),(X),39238,749,36294,610,(X),(X),29902,4471,20561,382,498606,1122,74229,1460,424377,1793,10.4,0.3,7.4,0.6,10.9,0.3,27.7,0.5,26.9,1.1,27.8,0.6,37.7,0.5,42.9,1.1,36.8,0.5,24.2,0.5,22.9,1.0,24.4,0.5,469558,1233,47634,1433,421924,1670,76.1,0.6,76.6,1.2,76.1,0.6,357459,2857,36497,1138,320962,2957,8.0,0.3,7.1,0.8,8.1,0.3,(X),(X),(X),(X),(X),(X),(X),(X),(X),(X),(X),(X),(X),(X),(X),(X),(X),(X),(X),(X),(X),(X),(X),(X),1.9,(X),(X),(X),(X),(X),3.7,(X),(X),(X),(X),(X)
5001100US5304,5304,"Congressional District 4 (111th Congress), Washington",515010,423,56593,1291,458417,1369,(X),(X),5.2,0.6,(X),(X),(X),(X),12.5,1.0,(X),(X),(X),(X),37.9,1.2,(X),(X),(X),(X),12.4,0.9,(X),(X),(X),(X),12.3,0.7,(X),(X),49.9,0.1,94.1,0.7,44.5,0.2,50.1,0.1,5.9,0.7,55.5,0.2,31.9,0.1,6.3,0.8,35.1,0.1,36.7,0.1,25.3,1.0,38.1,0.2,14.9,0.1,28.4,1.1,13.3,0.1,8.8,0.1,20.8,0.8,7.3,0.1,7.7,0.1,19.2,0.7,6.3,0.1,98.2,0.1,98.3,0.3,98.2,0.2,81.0,0.4,93.2,0.7,79.5,0.4,0.9,0.1,1.0,0.3,0.9,0.1,2.0,0.1,1.0,0.2,2.1,0.1,1.7,0.1,0.7,0.2,1.8,0.1,0.1,0.1,0.1,0.1,0.1,0.1,12.5,0.4,2.2,0.5,13.8,0.4,1.8,0.1,1.7,0.3,1.8,0.2,24.4,0.1,5.7,0.7,26.8,0.1,69.9,0.1,90.1,0.8,67.4,0.1,22256,259,35810,792,20865,277,(X),(X),36407,844,27082,507,(X),(X),25663,3314,16784,311,439148,546,55990,1267,383158,1398,22.1,0.4,9.8,0.9,23.9,0.5,27.6,0.4,27.7,1.2,27.6,0.5,30.5,0.5,38.5,1.3,29.3,0.5,19.7,0.4,24.0,1.3,19.1,0.4,430347,425,33972,1074,396375,1149,75.4,0.5,75.1,1.4,75.5,0.5,324630,2122,25512,939,299118,2271,8.2,0.4,5.9,1.2,8.4,0.4,(X),(X),(X),(X),(X),(X),(X),(X),(X),(X),(X),(X),(X),(X),(X),(X),(X),(X),(X),(X),(X),(X),(X),(X),2.2,(X),(X),(X),(X),(X),4.3,(X),(X),(X),(X),(X)
5001100US5305,5305,"Congressional District 5 (111th Congress), Washington",532951,618,74677,1235,458274,1489,(X),(X),7.7,0.6,(X),(X),(X),(X),16.5,0.9,(X),(X),(X),(X),36.7,1.1,(X),(X),(X),(X),12.3,0.7,(X),(X),(X),(X),10.7,0.6,(X),(X),48.6,0.1,92.6,0.6,41.5,0.2,51.4,0.1,7.4,0.6,58.5,0.2,31.4,0.1,8.3,0.7,35.2,0.2,35.3,0.1,29.1,0.9,36.3,0.2,15.5,0.1,26.3,0.8,13.7,0.1,9.1,0.1,18.3,0.5,7.6,0.1,8.7,0.1,18.0,0.6,7.1,0.1,97.9,0.1,98.6,0.3,97.8,0.1,90.5,0.1,93.9,0.5,89.9,0.2,1.3,0.1,1.4,0.3,1.3,0.1,1.9,0.1,2.0,0.2,1.9,0.1,2.2,0.1,0.7,0.2,2.4,0.1,0.2,0.1,0.0,0.1,0.2,0.1,1.8,0.1,0.5,0.2,2.0,0.1,2.1,0.1,1.4,0.3,2.2,0.1,4.4,0.1,1.7,0.3,4.8,0.1,88.2,0.1,92.9,0.5,87.4,0.1,22827,281,32677,745,21144,227,(X),(X),33355,835,27903,558,(X),(X),25971,2073,17438,246,451945,466,73337,1234,378608,1355,9.9,0.3,7.2,0.5,10.4,0.3,27.3,0.4,27.1,1.0,27.3,0.5,37.2,0.5,40.9,1.0,36.4,0.5,25.7,0.4,24.8,0.9,25.8,0.4,438191,653,47572,1132,390619,1445,72.8,0.5,73.9,1.4,72.7,0.6,319220,2316,35160,1134,284060,2421,7.4,0.4,6.7,0.9,7.5,0.4,(X),(X),(X),(X),(X),(X),(X),(X),(X),(X),(X),(X),(X),(X),(X),(X),(X),(X),(X),(X),(X),(X),(X),(X),2.2,(X),(X),(X),(X),(X),4.0,(X),(X),(X),(X),(X)
5001100US5306,5306,"Congressional District 6 (111th Congress), Washington",523915,1960,88720,1649,435195,2294,(X),(X),10.3,0.7,(X),(X),(X),(X),17.9,0.9,(X),(X),(X),(X),37.8,1.0,(X),(X),(X),(X),12.6,0.6,(X),(X),(X),(X),10.3,0.6,(X),(X),48.6,0.2,90.4,0.8,40.1,0.3,51.4,0.2,9.6,0.8,59.9,0.3,27.8,0.3,8.8,0.8,31.6,0.3,36.4,0.3,29.6,0.9,37.8,0.4,16.7,0.2,26.6,0.9,14.7,0.2,10.0,0.1,17.8,0.7,8.4,0.2,9.1,0.2,17.2,0.6,7.4,0.2,96.8,0.2,97.9,0.3,96.6,0.2,82.2,0.3,86.5,0.7,81.3,0.4,5.1,0.2,6.3,0.6,4.8,0.2,1.9,0.1,1.2,0.2,2.1,0.1,5.0,0.2,2.3,0.4,5.5,0.2,0.7,0.1,0.5,0.1,0.8,0.1,1.9,0.2,1.0,0.3,2.1,0.2,3.2,0.2,2.1,0.3,3.4,0.2,5.1,0.2,2.8,0.3,5.6,0.2,79.4,0.3,84.8,0.8,78.3,0.3,25771,387,38107,834,22937,411,(X),(X),38883,829,30850,577,(X),(X),30224,2826,19111,373,458068,1682,87075,1536,370993,2015,11.4,0.3,6.1,0.5,12.6,0.4,29.5,0.5,26.8,1.1,30.2,0.6,36.0,0.5,41.7,1.1,34.7,0.5,23.1,0.5,25.5,1.0,22.6,0.5,423953,2007,57663,1504,366290,2227,71.3,0.6,72.5,1.4,71.1,0.6,302254,2533,41814,1375,260440,2241,8.2,0.3,6.3,0.9,8.6,0.4,(X),(X),(X),(X),(X),(X),(X),(X),(X),(X),(X),(X),(X),(X),(X),(X),(X),(X),(X),(X),(X),(X),(X),(X),3.0,(X),(X),(X),(X),(X),4.6,(X),(X),(X),(X),(X)
5001100US5307,5307,"Congressional District 7 (111th Congress), Washington",571653,2594,44057,1205,527596,2921,(X),(X),6.4,0.8,(X),(X),(X),(X),13.2,1.1,(X),(X),(X),(X),36.0,1.7,(X),(X),(X),(X),10.5,1.0,(X),(X),(X),(X),15.3,0.9,(X),(X),49.5,0.3,93.3,0.8,45.9,0.3,50.5,0.3,6.7,0.8,54.1,0.3,37.4,0.4,8.1,1.0,39.8,0.4,36.1,0.4,24.6,1.3,37.1,0.4,13.4,0.3,26.1,1.6,12.4,0.3,6.1,0.2,18.1,1.2,5.0,0.2,7.0,0.2,23.1,1.2,5.7,0.2,96.9,0.2,97.2,0.7,96.8,0.2,72.8,0.4,79.5,1.5,72.2,0.4,7.1,0.2,9.4,1.2,6.9,0.3,0.9,0.1,1.3,0.4,0.9,0.1,13.2,0.3,5.4,0.7,13.8,0.3,0.5,0.1,0.6,0.2,0.5,0.1,2.4,0.2,1.0,0.4,2.5,0.2,3.1,0.2,2.8,0.7,3.2,0.2,5.9,0.3,3.1,0.6,6.2,0.3,69.7,0.4,78.1,1.5,69.0,0.4,32574,501,39013,1174,32054,450,(X),(X),39410,1214,37436,943,(X),(X),31740,4398,28371,537,499351,2353,43596,1205,455755,2560,8.9,0.4,6.6,0.9,9.1,0.4,14.9,0.4,19.3,1.3,14.5,0.5,25.4,0.5,34.1,1.7,24.5,0.5,50.9,0.6,40.0,1.8,51.9,0.6,496855,2738,25897,1188,470958,2901,81.3,0.6,75.4,2.3,81.6,0.5,403933,2990,19534,988,384399,3001,6.0,0.3,5.8,1.2,6.0,0.3,(X),(X),(X),(X),(X),(X),(X),(X),(X),(X),(X),(X),(X),(X),(X),(X),(X),(X),(X),(X),(X),(X),(X),(X),3.3,(X),(X),(X),(X),(X),5.1,(X),(X),(X),(X),(X)
5001100US5308,5308,"Congressional District 8 (111th Congress), Washington",565777,2161,60343,1588,505434,2411,(X),(X),7.7,0.9,(X),(X),(X),(X),19.3,1.1,(X),(X),(X),(X),36.4,1.2,(X),(X),(X),(X),10.6,0.8,(X),(X),(X),(X),10.0,0.8,(X),(X),49.6,0.3,93.0,0.6,44.4,0.3,50.4,0.3,7.0,0.6,55.6,0.3,28.0,0.4,7.9,1.0,30.4,0.4,44.7,0.4,32.0,1.2,46.2,0.4,14.6,0.3,27.3,1.1,13.0,0.3,7.1,0.2,16.9,0.9,6.0,0.2,5.6,0.2,15.9,0.8,4.3,0.1,97.6,0.2,98.2,0.4,97.5,0.2,79.9,0.4,90.2,0.8,78.7,0.4,2.5,0.2,3.6,0.5,2.3,0.2,0.6,0.1,0.6,0.2,0.6,0.1,12.1,0.3,3.0,0.5,13.2,0.3,0.3,0.1,0.3,0.1,0.3,0.1,2.1,0.3,0.6,0.2,2.3,0.3,2.4,0.2,1.8,0.4,2.5,0.2,5.1,0.3,2.8,0.4,5.3,0.3,77.1,0.4,88.3,0.9,75.8,0.5,40128,424,52554,1118,38366,480,(X),(X),53798,1092,54654,893,(X),(X),32560,3192,27685,547,510217,2447,59872,1584,450345,2561,6.6,0.3,4.3,0.5,6.9,0.4,20.7,0.4,22.5,1.1,20.5,0.5,31.3,0.4,36.8,1.4,30.6,0.4,41.4,0.5,36.4,1.2,42.0,0.5,493941,2232,40547,1417,453394,2363,80.2,0.4,84.6,1.0,79.8,0.4,396112,2287,34285,1188,361827,2397,5.2,0.3,4.3,0.8,5.3,0.3,(X),(X),(X),(X),(X),(X),(X),(X),(X),(X),(X),(X),(X),(X),(X),(X),(X),(X),(X),(X),(X),(X),(X),(X),1.7,(X),(X),(X),(X),(X),3.8,(X),(X),(X),(X),(X)
5001100US5309,5309,"Congressional District 9 (111th Congress), Washington",509345,3097,77045,2188,432300,3013,(X),(X),13.5,1.3,(X),(X),(X),(X),23.7,1.0,(X),(X),(X),(X),36.3,1.3,(X),(X),(X),(X),11.0,0.7,(X),(X),(X),(X),8.5,0.7,(X),(X),48.4,0.3,89.4,0.7,41.1,0.4,51.6,0.3,10.6,0.7,58.9,0.4,31.0,0.4,12.2,1.2,34.3,0.5,39.8,0.5,33.3,1.1,40.9,0.5,14.2,0.3,24.6,1.0,12.4,0.3,7.9,0.2,15.3,0.8,6.6,0.2,7.1,0.2,14.6,0.8,5.8,0.2,97.0,0.2,97.4,0.4,96.9,0.2,75.9,0.5,81.9,1.0,74.8,0.6,6.8,0.3,9.0,0.7,6.4,0.3,1.3,0.1,1.0,0.2,1.3,0.1,8.8,0.3,3.5,0.5,9.8,0.3,1.2,0.1,0.9,0.2,1.2,0.1,3.0,0.3,1.1,0.2,3.4,0.3,3.0,0.2,2.6,0.4,3.1,0.2,7.9,0.3,4.6,0.5,8.5,0.3,71.5,0.5,79.1,0.9,70.2,0.6,30600,345,43107,867,28138,438,(X),(X),43914,901,36087,728,(X),(X),34674,3064,23363,413,448874,2865,75154,1804,373720,3028,11.2,0.4,5.6,0.9,12.4,0.5,28.9,0.6,24.9,1.0,29.7,0.7,36.7,0.5,44.0,1.3,35.2,0.6,23.2,0.4,25.4,1.0,22.7,0.5,432724,2810,54016,1971,378708,2811,78.0,0.5,80.5,1.6,77.6,0.5,337427,3127,43505,1780,293922,3037,6.7,0.3,5.0,0.8,7.0,0.4,(X),(X),(X),(X),(X),(X),(X),(X),(X),(X),(X),(X),(X),(X),(X),(X),(X),(X),(X),(X),(X),(X),(X),(X),2.4,(X),(X),(X),(X),(X),5.5,(X),(X),(X),(X),(X)
5001100US5401,5401,"Congressional District 1 (111th Congress), West Virginia",472934,219,57407,1152,415527,1198,(X),(X),5.9,0.7,(X),(X),(X),(X),12.7,0.9,(X),(X),(X),(X),34.7,0.9,(X),(X),(X),(X),14.7,0.9,(X),(X),(X),(X),14.1,0.7,(X),(X),48.3,0.1,94.6,0.6,41.9,0.1,51.7,0.1,5.4,0.6,58.1,0.1,28.7,0.1,7.0,0.8,31.7,0.2,35.2,0.1,23.9,1.1,36.7,0.2,16.0,0.1,26.9,0.8,14.4,0.1,10.2,0.1,19.5,0.8,8.9,0.1,9.9,0.1,22.7,0.7,8.2,0.1,99.1,0.1,99.3,0.2,99.1,0.1,95.9,0.1,97.2,0.4,95.8,0.1,2.1,0.1,1.7,0.3,2.1,0.1,0.2,0.1,0.2,0.1,0.1,0.1,0.7,0.1,0.1,0.1,0.8,0.1,0.0,0.1,0.0,0.1,0.1,0.1,0.2,0.1,0.0,0.1,0.2,0.1,0.9,0.1,0.7,0.2,0.9,0.1,0.9,0.1,0.7,0.3,0.9,0.1,95.3,0.1,96.5,0.4,95.1,0.1,19996,232,28093,689,18594,250,(X),(X),28516,711,26290,468,(X),(X),20655,2512,14589,202,404639,497,56567,1138,348072,1296,14.9,0.4,14.0,0.8,15.1,0.4,41.7,0.5,42.4,1.3,41.6,0.6,24.8,0.4,29.0,1.2,24.1,0.4,18.5,0.5,14.5,0.8,19.2,0.5,377649,301,33184,918,344465,987,69.8,0.5,69.7,1.2,69.9,0.6,263781,1936,23117,801,240664,2080,6.8,0.4,7.3,1.3,6.7,0.4,(X),(X),(X),(X),(X),(X),(X),(X),(X),(X),(X),(X),(X),(X),(X),(X),(X),(X),(X),(X),(X),(X),(X),(X),2.2,(X),(X),(X),(X),(X),5.3,(X),(X),(X),(X),(X)
5001100US5402,5402,"Congressional District 2 (111th Congress), West Virginia",489125,382,61140,1288,427985,1361,(X),(X),7.1,0.6,(X),(X),(X),(X),13.4,0.9,(X),(X),(X),(X),34.5,1.1,(X),(X),(X),(X),13.1,0.7,(X),(X),(X),(X),11.3,0.7,(X),(X),48.5,0.1,94.3,0.5,42.0,0.2,51.5,0.1,5.7,0.5,58.0,0.2,26.5,0.1,7.8,0.7,29.1,0.2,37.9,0.1,26.5,1.1,39.5,0.2,16.5,0.1,26.6,0.9,15.1,0.2,10.3,0.1,19.5,0.8,9.0,0.1,8.8,0.1,19.7,0.7,7.3,0.1,98.6,0.1,98.9,0.3,98.6,0.1,94.1,0.1,94.8,0.5,94.0,0.1,3.3,0.1,3.4,0.4,3.3,0.1,0.2,0.1,0.3,0.2,0.1,0.1,0.7,0.1,0.2,0.1,0.8,0.1,0.0,0.1,0.0,0.1,0.0,0.1,0.3,0.1,0.2,0.1,0.3,0.1,1.4,0.1,1.1,0.3,1.4,0.1,1.2,0.1,0.9,0.3,1.2,0.1,93.3,0.1,94.1,0.6,93.2,0.1,23144,303,30744,685,21961,256,(X),(X),30937,661,29661,575,(X),(X),25143,5719,17628,314,439613,534,60289,1241,379324,1394,16.8,0.5,14.1,1.0,17.2,0.5,41.3,0.5,40.1,1.2,41.5,0.6,23.0,0.4,27.4,0.9,22.2,0.4,19.0,0.4,18.4,1.0,19.0,0.5,395493,442,37194,1185,358299,1278,72.1,0.5,70.6,1.5,72.2,0.5,284959,1843,26256,1035,258703,1951,6.6,0.3,6.4,1.1,6.6,0.3,(X),(X),(X),(X),(X),(X),(X),(X),(X),(X),(X),(X),(X),(X),(X),(X),(X),(X),(X),(X),(X),(X),(X),(X),2.5,(X),(X),(X),(X),(X),5.1,(X),(X),(X),(X),(X)
5001100US5403,5403,"Congressional District 3 (111th Congress), West Virginia",460628,300,52533,1457,408095,1493,(X),(X),6.2,0.7,(X),(X),(X),(X),11.8,1.0,(X),(X),(X),(X),37.1,1.3,(X),(X),(X),(X),13.5,1.0,(X),(X),(X),(X),12.5,0.9,(X),(X),48.0,0.1,95.6,0.6,41.9,0.2,52.0,0.1,4.4,0.6,58.1,0.2,27.6,0.1,8.1,0.8,30.1,0.2,35.5,0.1,22.5,1.2,37.2,0.2,16.8,0.1,29.1,1.1,15.2,0.2,10.4,0.1,19.0,0.9,9.3,0.1,9.7,0.1,21.2,0.9,8.2,0.1,99.4,0.1,99.5,0.2,99.4,0.1,94.6,0.1,95.0,0.5,94.5,0.1,4.0,0.1,3.9,0.4,4.0,0.1,0.2,0.1,0.4,0.2,0.2,0.1,0.5,0.1,0.2,0.1,0.5,0.1,0.0,0.1,0.0,0.1,0.0,0.1,0.2,0.1,0.0,0.1,0.2,0.1,0.6,0.1,0.5,0.2,0.6,0.1,0.7,0.1,0.7,0.2,0.6,0.1,94.1,0.1,94.3,0.6,94.1,0.1,18527,262,27122,666,17187,275,(X),(X),27409,679,23792,661,(X),(X),18644,4731,13709,269,408033,407,51990,1431,356043,1362,23.7,0.5,19.3,1.0,24.3,0.5,41.4,0.6,41.4,1.3,41.4,0.7,21.3,0.5,25.3,1.3,20.8,0.5,13.5,0.4,14.1,1.0,13.5,0.4,368052,346,31426,1224,336626,1299,61.4,0.6,62.1,1.8,61.3,0.7,225861,2311,19508,904,206353,2356,6.4,0.4,4.8,1.1,6.6,0.4,(X),(X),(X),(X),(X),(X),(X),(X),(X),(X),(X),(X),(X),(X),(X),(X),(X),(X),(X),(X),(X),(X),(X),(X),2.0,(X),(X),(X),(X),(X),5.2,(X),(X),(X),(X),(X)
5001100US5501,5501,"Congressional District 1 (111th Congress), Wisconsin",541313,1202,58129,1666,483184,2020,(X),(X),6.1,0.7,(X),(X),(X),(X),13.2,0.9,(X),(X),(X),(X),32.6,1.3,(X),(X),(X),(X),12.6,0.8,(X),(X),(X),(X),13.1,0.7,(X),(X),49.2,0.2,93.8,0.6,43.8,0.2,50.8,0.2,6.2,0.6,56.2,0.2,27.7,0.3,7.4,0.8,30.1,0.3,40.9,0.2,26.7,1.1,42.7,0.3,14.7,0.2,26.4,1.0,13.2,0.2,8.4,0.1,18.2,0.7,7.2,0.1,8.3,0.1,21.3,0.9,6.7,0.1,99.2,0.1,99.1,0.2,99.2,0.1,90.5,0.3,95.0,0.5,90.0,0.3,4.4,0.2,3.0,0.5,4.6,0.2,0.3,0.1,0.2,0.1,0.3,0.1,1.3,0.1,0.3,0.1,1.4,0.1,0.0,0.1,0.0,0.1,0.0,0.1,2.6,0.2,0.7,0.2,2.8,0.2,0.8,0.1,0.9,0.2,0.8,0.1,6.2,0.2,2.4,0.5,6.6,0.2,87.2,0.3,93.3,0.6,86.4,0.3,29779,357,35272,1317,28939,342,(X),(X),35933,1240,39198,600,(X),(X),25716,2429,22665,375,479441,1277,57335,1649,422106,2188,11.2,0.3,10.1,1.2,11.4,0.3,33.6,0.6,36.1,1.4,33.2,0.6,30.3,0.4,35.0,1.2,29.7,0.5,24.9,0.6,18.7,1.1,25.7,0.7,450861,1160,35169,1156,415692,1544,80.7,0.5,78.1,2.0,80.9,0.5,363700,2165,27478,988,336222,2190,6.0,0.3,6.5,1.1,6.0,0.3,(X),(X),(X),(X),(X),(X),(X),(X),(X),(X),(X),(X),(X),(X),(X),(X),(X),(X),(X),(X),(X),(X),(X),(X),2.3,(X),(X),(X),(X),(X),4.4,(X),(X),(X),(X),(X)
5001100US5502,5502,"Congressional District 2 (111th Congress), Wisconsin",571534,815,50500,1170,521034,1446,(X),(X),6.3,0.8,(X),(X),(X),(X),12.8,1.0,(X),(X),(X),(X),35.3,1.1,(X),(X),(X),(X),12.8,0.8,(X),(X),(X),(X),12.7,0.7,(X),(X),49.2,0.1,93.9,0.6,44.9,0.2,50.8,0.1,6.1,0.6,55.1,0.2,35.4,0.2,6.8,0.8,38.2,0.2,36.8,0.1,26.4,1.0,37.8,0.2,13.6,0.1,27.6,0.9,12.2,0.1,7.2,0.1,18.9,0.8,6.0,0.1,7.0,0.1,20.4,0.7,5.7,0.1,98.7,0.1,99.0,0.3,98.7,0.1,90.9,0.2,95.4,0.5,90.5,0.2,3.3,0.1,2.3,0.4,3.4,0.1,0.3,0.1,0.4,0.1,0.3,0.1,2.9,0.1,0.4,0.2,3.1,0.1,0.0,0.1,0.0,0.1,0.0,0.1,1.3,0.1,0.5,0.2,1.4,0.2,1.3,0.1,1.0,0.3,1.3,0.1,3.9,0.1,1.4,0.3,4.1,0.1,88.6,0.1,94.6,0.6,88.0,0.1,29076,233,39070,848,28016,236,(X),(X),39464,919,34832,467,(X),(X),33727,2739,23161,336,465239,970,49753,1130,415486,1453,8.1,0.3,8.1,0.7,8.1,0.3,27.7,0.5,31.0,1.0,27.3,0.5,28.8,0.5,33.1,1.3,28.3,0.5,35.4,0.5,27.8,1.3,36.3,0.5,490315,634,30664,1041,459651,1280,82.6,0.4,82.0,1.3,82.7,0.4,405219,1903,25144,899,380075,1892,4.9,0.2,4.3,0.7,5.0,0.2,(X),(X),(X),(X),(X),(X),(X),(X),(X),(X),(X),(X),(X),(X),(X),(X),(X),(X),(X),(X),(X),(X),(X),(X),2.6,(X),(X),(X),(X),(X),3.9,(X),(X),(X),(X),(X)
5001100US5503,5503,"Congressional District 3 (111th Congress), Wisconsin",544452,611,58114,883,486338,1084,(X),(X),6.7,0.7,(X),(X),(X),(X),11.7,0.6,(X),(X),(X),(X),35.0,0.9,(X),(X),(X),(X),13.1,0.7,(X),(X),(X),(X),11.3,0.6,(X),(X),49.5,0.1,93.7,0.5,44.2,0.1,50.5,0.1,6.3,0.5,55.8,0.1,31.6,0.1,7.1,0.7,34.5,0.1,36.6,0.1,26.7,0.9,37.7,0.1,14.3,0.1,27.0,0.6,12.8,0.1,8.7,0.1,19.7,0.6,7.4,0.1,8.8,0.1,19.6,0.6,7.5,0.1,99.5,0.1,99.4,0.2,99.5,0.1,96.5,0.1,97.5,0.3,96.4,0.1,0.7,0.1,0.6,0.2,0.7,0.1,0.7,0.1,0.8,0.2,0.7,0.1,1.2,0.1,0.3,0.1,1.3,0.1,0.0,0.1,0.1,0.1,0.0,0.1,0.4,0.1,0.2,0.1,0.4,0.1,0.5,0.1,0.6,0.2,0.5,0.1,1.1,0.1,0.6,0.2,1.2,0.1,95.8,0.1,97.1,0.3,95.7,0.1,25083,180,33828,681,23910,217,(X),(X),34596,702,31526,256,(X),(X),23462,1656,19251,217,448650,672,56816,860,391834,1103,10.4,0.3,10.3,0.5,10.4,0.3,36.7,0.3,39.3,0.9,36.3,0.4,30.4,0.4,31.9,0.9,30.2,0.4,22.5,0.4,18.5,0.8,23.1,0.4,448965,567,35286,797,413679,943,82.3,0.4,78.9,1.2,82.6,0.4,369538,1805,27829,833,341709,1694,5.0,0.2,5.1,0.7,5.0,0.2,(X),(X),(X),(X),(X),(X),(X),(X),(X),(X),(X),(X),(X),(X),(X),(X),(X),(X),(X),(X),(X),(X),(X),(X),1.8,(X),(X),(X),(X),(X),3.6,(X),(X),(X),(X),(X)
5001100US5504,5504,"Congressional District 4 (111th Congress), Wisconsin",496879,1297,39520,1235,457359,1230,(X),(X),6.7,0.8,(X),(X),(X),(X),12.9,1.0,(X),(X),(X),(X),31.0,1.4,(X),(X),(X),(X),11.3,0.9,(X),(X),(X),(X),13.2,1.0,(X),(X),47.2,0.2,91.4,0.9,43.4,0.3,52.8,0.2,8.6,0.9,56.6,0.3,38.7,0.3,9.5,1.1,41.2,0.3,35.6,0.2,29.7,1.7,36.2,0.3,12.0,0.2,24.6,1.3,10.9,0.2,6.5,0.1,15.5,1.0,5.7,0.1,7.2,0.1,20.8,1.1,6.0,0.1,98.7,0.1,99.0,0.4,98.7,0.1,59.5,0.4,70.5,1.4,58.6,0.4,29.7,0.3,25.4,1.2,30.1,0.3,0.8,0.1,0.9,0.2,0.7,0.1,2.8,0.1,0.7,0.3,3.0,0.1,0.0,0.1,0.1,0.1,0.0,0.1,5.8,0.3,1.4,0.3,6.2,0.3,1.3,0.1,1.0,0.4,1.3,0.1,12.2,0.2,4.2,0.7,12.9,0.2,53.5,0.3,68.4,1.4,52.2,0.3,22646,308,30282,836,21892,297,(X),(X),30662,877,25998,580,(X),(X),26146,1999,19363,298,420395,1522,38940,1269,381455,1509,18.8,0.5,13.1,1.1,19.4,0.5,32.7,0.5,35.6,1.5,32.4,0.6,27.3,0.5,35.6,1.6,26.5,0.6,21.1,0.5,15.7,1.1,21.7,0.5,428973,1274,25202,1188,403771,1381,76.5,0.5,71.3,2.7,76.8,0.6,328044,2282,17980,864,310064,2331,10.2,0.5,6.6,1.1,10.4,0.6,(X),(X),(X),(X),(X),(X),(X),(X),(X),(X),(X),(X),(X),(X),(X),(X),(X),(X),(X),(X),(X),(X),(X),(X),3.5,(X),(X),(X),(X),(X),6.7,(X),(X),(X),(X),(X)
5001100US5505,5505,"Congressional District 5 (111th Congress), Wisconsin",528783,1132,52077,1183,476706,1611,(X),(X),4.3,0.6,(X),(X),(X),(X),9.1,0.8,(X),(X),(X),(X),32.8,1.2,(X),(X),(X),(X),13.8,0.8,(X),(X),(X),(X),17.1,0.8,(X),(X),48.5,0.1,94.8,0.7,43.5,0.2,51.5,0.1,5.2,0.7,56.5,0.2,24.1,0.2,4.6,0.6,26.2,0.2,41.4,0.2,20.7,0.9,43.6,0.2,15.8,0.2,25.9,1.0,14.7,0.2,9.2,0.1,22.1,0.8,7.8,0.1,9.6,0.1,26.8,0.8,7.7,0.2,99.3,0.1,99.5,0.2,99.3,0.1,94.5,0.2,96.8,0.5,94.3,0.2,1.9,0.1,1.9,0.4,1.9,0.1,0.2,0.1,0.2,0.1,0.2,0.1,2.1,0.1,0.3,0.1,2.3,0.1,0.0,0.1,0.0,0.1,0.0,0.1,0.6,0.1,0.4,0.2,0.6,0.1,0.7,0.1,0.5,0.2,0.7,0.1,2.4,0.1,1.2,0.3,2.6,0.1,92.8,0.2,96.1,0.5,92.5,0.2,34829,354,40334,1099,34190,350,(X),(X),40897,1141,47839,591,(X),(X),30432,4548,25437,445,474553,1364,51553,1156,423000,1728,6.2,0.2,7.9,0.7,6.0,0.3,26.8,0.4,30.7,1.2,26.4,0.5,28.4,0.4,31.5,1.4,28.1,0.4,38.5,0.5,29.9,1.2,39.6,0.5,429524,1182,26635,841,402889,1475,83.6,0.4,81.8,1.5,83.7,0.4,359209,1712,21799,796,337410,1932,4.1,0.2,4.8,0.9,4.1,0.2,(X),(X),(X),(X),(X),(X),(X),(X),(X),(X),(X),(X),(X),(X),(X),(X),(X),(X),(X),(X),(X),(X),(X),(X),2.1,(X),(X),(X),(X),(X),3.9,(X),(X),(X),(X),(X)
5001100US5506,5506,"Congressional District 6 (111th Congress), Wisconsin",531043,485,59889,1071,471154,1057,(X),(X),5.1,0.5,(X),(X),(X),(X),10.5,0.7,(X),(X),(X),(X),32.3,0.8,(X),(X),(X),(X),13.0,0.5,(X),(X),(X),(X),13.1,0.6,(X),(X),50.4,0.1,95.1,0.5,44.7,0.2,49.6,0.1,4.9,0.5,55.3,0.2,27.6,0.1,6.3,0.6,30.4,0.2,39.2,0.1,26.5,1.0,40.8,0.2,14.7,0.1,26.1,0.6,13.3,0.1,9.2,0.1,19.8,0.6,7.9,0.1,9.2,0.1,21.3,0.5,7.7,0.1,99.3,0.1,99.5,0.2,99.3,0.1,95.1,0.1,97.6,0.4,94.7,0.1,1.5,0.1,0.9,0.2,1.6,0.1,0.4,0.1,0.5,0.2,0.4,0.1,1.4,0.1,0.3,0.1,1.5,0.1,0.0,0.1,0.0,0.1,0.0,0.1,0.9,0.1,0.2,0.1,1.0,0.1,0.7,0.1,0.5,0.2,0.7,0.1,2.6,0.1,0.8,0.2,2.8,0.1,93.6,0.1,97.0,0.4,93.1,0.1,26925,233,33969,728,25977,255,(X),(X),34419,771,35676,383,(X),(X),25616,2333,20042,249,468136,742,59024,1021,409112,1168,11.8,0.3,11.8,0.6,11.8,0.3,39.7,0.4,42.6,1.0,39.3,0.4,29.1,0.3,30.6,1.0,28.9,0.3,19.4,0.4,15.1,0.8,20.0,0.4,433005,519,35274,968,397731,1062,81.1,0.5,78.1,1.4,81.4,0.5,351327,2059,27547,830,323780,1910,5.4,0.2,4.5,0.7,5.5,0.2,(X),(X),(X),(X),(X),(X),(X),(X),(X),(X),(X),(X),(X),(X),(X),(X),(X),(X),(X),(X),(X),(X),(X),(X),2.0,(X),(X),(X),(X),(X),4.3,(X),(X),(X),(X),(X)
5001100US5507,5507,"Congressional District 7 (111th Congress), Wisconsin",525504,560,63285,915,462219,1087,(X),(X),4.9,0.5,(X),(X),(X),(X),9.6,0.6,(X),(X),(X),(X),34.0,0.8,(X),(X),(X),(X),14.3,0.6,(X),(X),(X),(X),12.9,0.5,(X),(X),49.5,0.1,94.4,0.5,43.4,0.1,50.5,0.1,5.6,0.5,56.6,0.1,25.6,0.1,5.2,0.5,28.4,0.1,38.1,0.1,24.0,0.7,40.0,0.1,15.9,0.1,27.2,0.6,14.4,0.1,10.3,0.1,21.6,0.5,8.7,0.1,10.1,0.1,21.9,0.5,8.4,0.2,99.3,0.1,99.3,0.1,99.3,0.1,95.9,0.1,97.6,0.3,95.7,0.1,0.4,0.1,0.1,0.1,0.4,0.1,1.4,0.1,1.2,0.2,1.4,0.1,1.3,0.1,0.2,0.1,1.4,0.1,0.0,0.1,0.0,0.1,0.0,0.1,0.3,0.1,0.2,0.1,0.4,0.1,0.7,0.1,0.7,0.1,0.7,0.1,1.0,0.1,0.5,0.2,1.0,0.1,95.4,0.1,97.3,0.3,95.1,0.1,24848,247,30467,491,23920,262,(X),(X),30803,509,32276,404,(X),(X),24861,2207,18653,225,461493,492,62350,854,399143,1029,11.8,0.3,12.6,0.5,11.7,0.3,39.0,0.5,40.7,0.9,38.7,0.5,30.2,0.4,30.6,0.9,30.1,0.4,19.0,0.3,16.1,0.7,19.5,0.3,418550,614,35712,846,382838,963,81.6,0.5,75.9,1.3,82.1,0.5,341562,2084,27122,815,314440,2093,5.9,0.2,6.2,0.7,5.8,0.3,(X),(X),(X),(X),(X),(X),(X),(X),(X),(X),(X),(X),(X),(X),(X),(X),(X),(X),(X),(X),(X),(X),(X),(X),2.0,(X),(X),(X),(X),(X),4.0,(X),(X),(X),(X),(X)
5001100US5508,5508,"Congressional District 8 (111th Congress), Wisconsin",534633,497,61031,1214,473602,1293,(X),(X),4.8,0.6,(X),(X),(X),(X),10.4,0.8,(X),(X),(X),(X),33.8,0.9,(X),(X),(X),(X),13.6,0.7,(X),(X),(X),(X),12.4,0.6,(X),(X),49.5,0.1,94.2,0.6,43.7,0.1,50.5,0.1,5.8,0.6,56.3,0.1,27.2,0.1,5.8,0.7,30.0,0.1,39.1,0.1,25.5,0.9,40.9,0.1,15.1,0.1,26.5,0.7,13.6,0.1,9.7,0.1,21.0,0.7,8.2,0.1,8.9,0.1,21.2,0.6,7.3,0.1,99.3,0.1,99.4,0.2,99.3,0.1,93.6,0.1,96.2,0.5,93.3,0.1,0.8,0.1,0.6,0.2,0.9,0.1,2.3,0.1,2.1,0.3,2.3,0.1,1.3,0.1,0.3,0.1,1.4,0.1,0.0,0.1,0.0,0.1,0.1,0.1,1.2,0.1,0.2,0.1,1.3,0.1,0.7,0.1,0.6,0.2,0.7,0.1,2.5,0.1,0.8,0.3,2.7,0.1,92.4,0.1,95.7,0.5,92.0,0.1,27096,218,33111,549,26304,241,(X),(X),33708,564,35542,344,(X),(X),25088,2271,20127,305,471486,609,60205,1216,411281,1366,10.5,0.3,10.1,0.7,10.5,0.3,38.3,0.4,41.3,1.2,37.9,0.4,29.2,0.4,30.5,1.1,29.0,0.4,22.0,0.3,18.1,0.9,22.6,0.4,435348,502,35274,1013,400074,1110,82.2,0.3,77.9,1.1,82.6,0.3,357782,1444,27473,913,330309,1589,5.7,0.2,5.3,0.8,5.8,0.2,(X),(X),(X),(X),(X),(X),(X),(X),(X),(X),(X),(X),(X),(X),(X),(X),(X),(X),(X),(X),(X),(X),(X),(X),2.3,(X),(X),(X),(X),(X),4.0,(X),(X),(X),(X),(X)
5001100US5600,5600,"Congressional District (at Large) (111th Congress), Wyoming",394226,718,52325,1307,341901,1379,(X),(X),9.8,1.0,(X),(X),(X),(X),15.8,0.9,(X),(X),(X),(X),37.6,1.2,(X),(X),(X),(X),11.9,0.7,(X),(X),(X),(X),10.5,0.6,(X),(X),50.2,0.1,92.9,0.7,43.6,0.2,49.8,0.1,7.1,0.7,56.4,0.2,31.2,0.2,9.8,0.9,34.4,0.2,37.0,0.1,27.1,1.1,38.5,0.2,15.7,0.1,28.4,1.0,13.8,0.2,8.6,0.1,17.3,0.7,7.3,0.1,7.5,0.1,17.4,0.6,6.0,0.1,98.4,0.1,98.7,0.3,98.3,0.1,92.9,0.2,95.1,0.6,92.6,0.2,0.8,0.1,1.0,0.3,0.8,0.1,1.9,0.1,1.3,0.3,2.0,0.1,0.7,0.1,0.2,0.1,0.8,0.1,0.0,0.1,0.0,0.1,0.0,0.1,2.0,0.2,1.1,0.3,2.2,0.2,1.6,0.1,1.3,0.3,1.7,0.1,6.3,0.1,3.9,0.5,6.7,0.1,89.0,0.1,92.6,0.7,88.5,0.2,26775,268,37802,851,25420,299,(X),(X),38704,901,35996,656,(X),(X),27060,2797,19162,352,337662,569,51148,1258,286514,1316,9.0,0.3,7.1,0.7,9.3,0.3,32.0,0.6,30.9,1.2,32.2,0.7,35.8,0.6,39.4,1.3,35.2,0.6,23.2,0.5,22.6,1.2,23.3,0.6,330622,758,34146,1151,296476,1296,80.8,0.4,79.7,1.6,80.9,0.4,267189,1631,27230,1136,239959,1777,4.2,0.3,3.9,1.0,4.2,0.4,(X),(X),(X),(X),(X),(X),(X),(X),(X),(X),(X),(X),(X),(X),(X),(X),(X),(X),(X),(X),(X),(X),(X),(X),1.8,(X),(X),(X),(X),(X),3.6,(X),(X),(X),(X),(X)
5001100US7298,7298,"Resident Commissioner District (at Large) (111th Congress), Puerto Rico",2938181,369,125171,1973,2813010,1967,(X),(X),9.5,0.6,(X),(X),(X),(X),10.2,0.5,(X),(X),(X),(X),28.4,0.7,(X),(X),(X),(X),22.0,0.7,(X),(X),(X),(X),8.2,0.6,(X),(X),46.9,0.1,96.1,0.4,44.7,0.1,53.1,0.1,3.9,0.4,55.3,0.1,32.4,0.1,6.5,0.5,33.5,0.1,35.0,0.1,22.5,0.7,35.5,0.1,14.8,0.1,23.4,0.7,14.4,0.1,10.0,0.1,23.7,0.6,9.4,0.1,7.8,0.1,23.9,0.8,7.1,0.1,93.8,0.1,95.1,0.4,93.7,0.1,75.4,0.2,79.7,0.7,75.2,0.2,7.6,0.1,7.3,0.4,7.6,0.1,0.2,0.1,0.1,0.1,0.2,0.1,0.3,0.1,0.1,0.1,0.3,0.1,0.0,0.1,0.0,0.1,0.0,0.1,10.3,0.2,7.9,0.6,10.4,0.2,6.2,0.1,4.9,0.4,6.3,0.1,98.6,0.1,97.3,0.3,98.7,0.1,1.0,0.1,2.3,0.3,1.0,0.1,11280,53,17665,360,10960,56,(X),(X),17634,358,12039,84,(X),(X),18588,2369,9786,67,2539519,367,123989,1941,2415530,1937,33.4,0.2,15.1,0.6,34.3,0.2,24.9,0.2,29.1,0.8,24.7,0.2,20.8,0.2,27.8,0.8,20.4,0.2,20.9,0.2,28.1,0.8,20.6,0.2,2413974,369,65606,1613,2348368,1632,57.9,0.2,58.3,1.2,57.9,0.2,1398237,5188,38276,1254,1359961,5207,16.2,0.2,9.0,1.1,16.4,0.2,(X),(X),(X),(X),(X),(X),(X),(X),(X),(X),(X),(X),(X),(X),(X),(X),(X),(X),(X),(X),(X),(X),(X),(X),1.9,(X),(X),(X),(X),(X),6.1,(X),(X),(X),(X),(X)
