GEO.id,GEO.id2,GEO.display-label,HC01_EST_VC01,HC01_MOE_VC01,HC02_EST_VC01,HC02_MOE_VC01,HC03_EST_VC01,HC03_MOE_VC01,HC01_EST_VC03,HC01_MOE_VC03,HC02_EST_VC03,HC02_MOE_VC03,HC03_EST_VC03,HC03_MOE_VC03,HC01_EST_VC04,HC01_MOE_VC04,HC02_EST_VC04,HC02_MOE_VC04,HC03_EST_VC04,HC03_MOE_VC04,HC01_EST_VC05,HC01_MOE_VC05,HC02_EST_VC05,HC02_MOE_VC05,HC03_EST_VC05,HC03_MOE_VC05,HC01_EST_VC06,HC01_MOE_VC06,HC02_EST_VC06,HC02_MOE_VC06,HC03_EST_VC06,HC03_MOE_VC06,HC01_EST_VC07,HC01_MOE_VC07,HC02_EST_VC07,HC02_MOE_VC07,HC03_EST_VC07,HC03_MOE_VC07,HC01_EST_VC08,HC01_MOE_VC08,HC02_EST_VC08,HC02_MOE_VC08,HC03_EST_VC08,HC03_MOE_VC08,HC01_EST_VC09,HC01_MOE_VC09,HC02_EST_VC09,HC02_MOE_VC09,HC03_EST_VC09,HC03_MOE_VC09,HC01_EST_VC10,HC01_MOE_VC10,HC02_EST_VC10,HC02_MOE_VC10,HC03_EST_VC10,HC03_MOE_VC10,HC01_EST_VC11,HC01_MOE_VC11,HC02_EST_VC11,HC02_MOE_VC11,HC03_EST_VC11,HC03_MOE_VC11,HC01_EST_VC12,HC01_MOE_VC12,HC02_EST_VC12,HC02_MOE_VC12,HC03_EST_VC12,HC03_MOE_VC12,HC01_EST_VC13,HC01_MOE_VC13,HC02_EST_VC13,HC02_MOE_VC13,HC03_EST_VC13,HC03_MOE_VC13,HC01_EST_VC14,HC01_MOE_VC14,HC02_EST_VC14,HC02_MOE_VC14,HC03_EST_VC14,HC03_MOE_VC14,HC01_EST_VC15,HC01_MOE_VC15,HC02_EST_VC15,HC02_MOE_VC15,HC03_EST_VC15,HC03_MOE_VC15,HC01_EST_VC16,HC01_MOE_VC16,HC02_EST_VC16,HC02_MOE_VC16,HC03_EST_VC16,HC03_MOE_VC16,HC01_EST_VC17,HC01_MOE_VC17,HC02_EST_VC17,HC02_MOE_VC17,HC03_EST_VC17,HC03_MOE_VC17,HC01_EST_VC18,HC01_MOE_VC18,HC02_EST_VC18,HC02_MOE_VC18,HC03_EST_VC18,HC03_MOE_VC18,HC01_EST_VC19,HC01_MOE_VC19,HC02_EST_VC19,HC02_MOE_VC19,HC03_EST_VC19,HC03_MOE_VC19,HC01_EST_VC20,HC01_MOE_VC20,HC02_EST_VC20,HC02_MOE_VC20,HC03_EST_VC20,HC03_MOE_VC20,HC01_EST_VC22,HC01_MOE_VC22,HC02_EST_VC22,HC02_MOE_VC22,HC03_EST_VC22,HC03_MOE_VC22,HC01_EST_VC23,HC01_MOE_VC23,HC02_EST_VC23,HC02_MOE_VC23,HC03_EST_VC23,HC03_MOE_VC23,HC01_EST_VC24,HC01_MOE_VC24,HC02_EST_VC24,HC02_MOE_VC24,HC03_EST_VC24,HC03_MOE_VC24,HC01_EST_VC25,HC01_MOE_VC25,HC02_EST_VC25,HC02_MOE_VC25,HC03_EST_VC25,HC03_MOE_VC25,HC01_EST_VC26,HC01_MOE_VC26,HC02_EST_VC26,HC02_MOE_VC26,HC03_EST_VC26,HC03_MOE_VC26,HC01_EST_VC27,HC01_MOE_VC27,HC02_EST_VC27,HC02_MOE_VC27,HC03_EST_VC27,HC03_MOE_VC27,HC01_EST_VC28,HC01_MOE_VC28,HC02_EST_VC28,HC02_MOE_VC28,HC03_EST_VC28,HC03_MOE_VC28,HC01_EST_VC29,HC01_MOE_VC29,HC02_EST_VC29,HC02_MOE_VC29,HC03_EST_VC29,HC03_MOE_VC29,HC01_EST_VC30,HC01_MOE_VC30,HC02_EST_VC30,HC02_MOE_VC30,HC03_EST_VC30,HC03_MOE_VC30,HC01_EST_VC31,HC01_MOE_VC31,HC02_EST_VC31,HC02_MOE_VC31,HC03_EST_VC31,HC03_MOE_VC31,HC01_EST_VC33,HC01_MOE_VC33,HC02_EST_VC33,HC02_MOE_VC33,HC03_EST_VC33,HC03_MOE_VC33,HC01_EST_VC34,HC01_MOE_VC34,HC02_EST_VC34,HC02_MOE_VC34,HC03_EST_VC34,HC03_MOE_VC34,HC01_EST_VC35,HC01_MOE_VC35,HC02_EST_VC35,HC02_MOE_VC35,HC03_EST_VC35,HC03_MOE_VC35,HC01_EST_VC36,HC01_MOE_VC36,HC02_EST_VC36,HC02_MOE_VC36,HC03_EST_VC36,HC03_MOE_VC36,HC01_EST_VC37,HC01_MOE_VC37,HC02_EST_VC37,HC02_MOE_VC37,HC03_EST_VC37,HC03_MOE_VC37,HC01_EST_VC39,HC01_MOE_VC39,HC02_EST_VC39,HC02_MOE_VC39,HC03_EST_VC39,HC03_MOE_VC39,HC01_EST_VC40,HC01_MOE_VC40,HC02_EST_VC40,HC02_MOE_VC40,HC03_EST_VC40,HC03_MOE_VC40
Id,Id2,Geography,Total; Estimate; Total population,Total; Margin of Error; Total population,Male; Estimate; Total population,Male; Margin of Error; Total population,Female; Estimate; Total population,Female; Margin of Error; Total population,Total; Estimate; Total population - AGE - Under 5 years,Total; Margin of Error; Total population - AGE - Under 5 years,Male; Estimate; Total population - AGE - Under 5 years,Male; Margin of Error; Total population - AGE - Under 5 years,Female; Estimate; Total population - AGE - Under 5 years,Female; Margin of Error; Total population - AGE - Under 5 years,Total; Estimate; Total population - AGE - 5 to 9 years,Total; Margin of Error; Total population - AGE - 5 to 9 years,Male; Estimate; Total population - AGE - 5 to 9 years,Male; Margin of Error; Total population - AGE - 5 to 9 years,Female; Estimate; Total population - AGE - 5 to 9 years,Female; Margin of Error; Total population - AGE - 5 to 9 years,Total; Estimate; Total population - AGE - 10 to 14 years,Total; Margin of Error; Total population - AGE - 10 to 14 years,Male; Estimate; Total population - AGE - 10 to 14 years,Male; Margin of Error; Total population - AGE - 10 to 14 years,Female; Estimate; Total population - AGE - 10 to 14 years,Female; Margin of Error; Total population - AGE - 10 to 14 years,Total; Estimate; Total population - AGE - 15 to 19 years,Total; Margin of Error; Total population - AGE - 15 to 19 years,Male; Estimate; Total population - AGE - 15 to 19 years,Male; Margin of Error; Total population - AGE - 15 to 19 years,Female; Estimate; Total population - AGE - 15 to 19 years,Female; Margin of Error; Total population - AGE - 15 to 19 years,Total; Estimate; Total population - AGE - 20 to 24 years,Total; Margin of Error; Total population - AGE - 20 to 24 years,Male; Estimate; Total population - AGE - 20 to 24 years,Male; Margin of Error; Total population - AGE - 20 to 24 years,Female; Estimate; Total population - AGE - 20 to 24 years,Female; Margin of Error; Total population - AGE - 20 to 24 years,Total; Estimate; Total population - AGE - 25 to 29 years,Total; Margin of Error; Total population - AGE - 25 to 29 years,Male; Estimate; Total population - AGE - 25 to 29 years,Male; Margin of Error; Total population - AGE - 25 to 29 years,Female; Estimate; Total population - AGE - 25 to 29 years,Female; Margin of Error; Total population - AGE - 25 to 29 years,Total; Estimate; Total population - AGE - 30 to 34 years,Total; Margin of Error; Total population - AGE - 30 to 34 years,Male; Estimate; Total population - AGE - 30 to 34 years,Male; Margin of Error; Total population - AGE - 30 to 34 years,Female; Estimate; Total population - AGE - 30 to 34 years,Female; Margin of Error; Total population - AGE - 30 to 34 years,Total; Estimate; Total population - AGE - 35 to 39 years,Total; Margin of Error; Total population - AGE - 35 to 39 years,Male; Estimate; Total population - AGE - 35 to 39 years,Male; Margin of Error; Total population - AGE - 35 to 39 years,Female; Estimate; Total population - AGE - 35 to 39 years,Female; Margin of Error; Total population - AGE - 35 to 39 years,Total; Estimate; Total population - AGE - 40 to 44 years,Total; Margin of Error; Total population - AGE - 40 to 44 years,Male; Estimate; Total population - AGE - 40 to 44 years,Male; Margin of Error; Total population - AGE - 40 to 44 years,Female; Estimate; Total population - AGE - 40 to 44 years,Female; Margin of Error; Total population - AGE - 40 to 44 years,Total; Estimate; Total population - AGE - 45 to 49 years,Total; Margin of Error; Total population - AGE - 45 to 49 years,Male; Estimate; Total population - AGE - 45 to 49 years,Male; Margin of Error; Total population - AGE - 45 to 49 years,Female; Estimate; Total population - AGE - 45 to 49 years,Female; Margin of Error; Total population - AGE - 45 to 49 years,Total; Estimate; Total population - AGE - 50 to 54 years,Total; Margin of Error; Total population - AGE - 50 to 54 years,Male; Estimate; Total population - AGE - 50 to 54 years,Male; Margin of Error; Total population - AGE - 50 to 54 years,Female; Estimate; Total population - AGE - 50 to 54 years,Female; Margin of Error; Total population - AGE - 50 to 54 years,Total; Estimate; Total population - AGE - 55 to 59 years,Total; Margin of Error; Total population - AGE - 55 to 59 years,Male; Estimate; Total population - AGE - 55 to 59 years,Male; Margin of Error; Total population - AGE - 55 to 59 years,Female; Estimate; Total population - AGE - 55 to 59 years,Female; Margin of Error; Total population - AGE - 55 to 59 years,Total; Estimate; Total population - AGE - 60 to 64 years,Total; Margin of Error; Total population - AGE - 60 to 64 years,Male; Estimate; Total population - AGE - 60 to 64 years,Male; Margin of Error; Total population - AGE - 60 to 64 years,Female; Estimate; Total population - AGE - 60 to 64 years,Female; Margin of Error; Total population - AGE - 60 to 64 years,Total; Estimate; Total population - AGE - 65 to 69 years,Total; Margin of Error; Total population - AGE - 65 to 69 years,Male; Estimate; Total population - AGE - 65 to 69 years,Male; Margin of Error; Total population - AGE - 65 to 69 years,Female; Estimate; Total population - AGE - 65 to 69 years,Female; Margin of Error; Total population - AGE - 65 to 69 years,Total; Estimate; Total population - AGE - 70 to 74 years,Total; Margin of Error; Total population - AGE - 70 to 74 years,Male; Estimate; Total population - AGE - 70 to 74 years,Male; Margin of Error; Total population - AGE - 70 to 74 years,Female; Estimate; Total population - AGE - 70 to 74 years,Female; Margin of Error; Total population - AGE - 70 to 74 years,Total; Estimate; Total population - AGE - 75 to 79 years,Total; Margin of Error; Total population - AGE - 75 to 79 years,Male; Estimate; Total population - AGE - 75 to 79 years,Male; Margin of Error; Total population - AGE - 75 to 79 years,Female; Estimate; Total population - AGE - 75 to 79 years,Female; Margin of Error; Total population - AGE - 75 to 79 years,Total; Estimate; Total population - AGE - 80 to 84 years,Total; Margin of Error; Total population - AGE - 80 to 84 years,Male; Estimate; Total population - AGE - 80 to 84 years,Male; Margin of Error; Total population - AGE - 80 to 84 years,Female; Estimate; Total population - AGE - 80 to 84 years,Female; Margin of Error; Total population - AGE - 80 to 84 years,Total; Estimate; Total population - AGE - 85 years and over,Total; Margin of Error; Total population - AGE - 85 years and over,Male; Estimate; Total population - AGE - 85 years and over,Male; Margin of Error; Total population - AGE - 85 years and over,Female; Estimate; Total population - AGE - 85 years and over,Female; Margin of Error; Total population - AGE - 85 years and over,Total; Estimate; Total population - SELECTED AGE CATEGORIES - 5 to 14 years,Total; Margin of Error; Total population - SELECTED AGE CATEGORIES - 5 to 14 years,Male; Estimate; Total population - SELECTED AGE CATEGORIES - 5 to 14 years,Male; Margin of Error; Total population - SELECTED AGE CATEGORIES - 5 to 14 years,Female; Estimate; Total population - SELECTED AGE CATEGORIES - 5 to 14 years,Female; Margin of Error; Total population - SELECTED AGE CATEGORIES - 5 to 14 years,Total; Estimate; Total population - SELECTED AGE CATEGORIES - 15 to 17 years,Total; Margin of Error; Total population - SELECTED AGE CATEGORIES - 15 to 17 years,Male; Estimate; Total population - SELECTED AGE CATEGORIES - 15 to 17 years,Male; Margin of Error; Total population - SELECTED AGE CATEGORIES - 15 to 17 years,Female; Estimate; Total population - SELECTED AGE CATEGORIES - 15 to 17 years,Female; Margin of Error; Total population - SELECTED AGE CATEGORIES - 15 to 17 years,Total; Estimate; Total population - SELECTED AGE CATEGORIES - 18 to 24 years,Total; Margin of Error; Total population - SELECTED AGE CATEGORIES - 18 to 24 years,Male; Estimate; Total population - SELECTED AGE CATEGORIES - 18 to 24 years,Male; Margin of Error; Total population - SELECTED AGE CATEGORIES - 18 to 24 years,Female; Estimate; Total population - SELECTED AGE CATEGORIES - 18 to 24 years,Female; Margin of Error; Total population - SELECTED AGE CATEGORIES - 18 to 24 years,Total; Estimate; Total population - SELECTED AGE CATEGORIES - 15 to 44 years,Total; Margin of Error; Total population - SELECTED AGE CATEGORIES - 15 to 44 years,Male; Estimate; Total population - SELECTED AGE CATEGORIES - 15 to 44 years,Male; Margin of Error; Total population - SELECTED AGE CATEGORIES - 15 to 44 years,Female; Estimate; Total population - SELECTED AGE CATEGORIES - 15 to 44 years,Female; Margin of Error; Total population - SELECTED AGE CATEGORIES - 15 to 44 years,Total; Estimate; Total population - SELECTED AGE CATEGORIES - 16 years and over,Total; Margin of Error; Total population - SELECTED AGE CATEGORIES - 16 years and over,Male; Estimate; Total population - SELECTED AGE CATEGORIES - 16 years and over,Male; Margin of Error; Total population - SELECTED AGE CATEGORIES - 16 years and over,Female; Estimate; Total population - SELECTED AGE CATEGORIES - 16 years and over,Female; Margin of Error; Total population - SELECTED AGE CATEGORIES - 16 years and over,Total; Estimate; Total population - SELECTED AGE CATEGORIES - 18 years and over,Total; Margin of Error; Total population - SELECTED AGE CATEGORIES - 18 years and over,Male; Estimate; Total population - SELECTED AGE CATEGORIES - 18 years and over,Male; Margin of Error; Total population - SELECTED AGE CATEGORIES - 18 years and over,Female; Estimate; Total population - SELECTED AGE CATEGORIES - 18 years and over,Female; Margin of Error; Total population - SELECTED AGE CATEGORIES - 18 years and over,Total; Estimate; Total population - SELECTED AGE CATEGORIES - 60 years and over,Total; Margin of Error; Total population - SELECTED AGE CATEGORIES - 60 years and over,Male; Estimate; Total population - SELECTED AGE CATEGORIES - 60 years and over,Male; Margin of Error; Total population - SELECTED AGE CATEGORIES - 60 years and over,Female; Estimate; Total population - SELECTED AGE CATEGORIES - 60 years and over,Female; Margin of Error; Total population - SELECTED AGE CATEGORIES - 60 years and over,Total; Estimate; Total population - SELECTED AGE CATEGORIES - 62 years and over,Total; Margin of Error; Total population - SELECTED AGE CATEGORIES - 62 years and over,Male; Estimate; Total population - SELECTED AGE CATEGORIES - 62 years and over,Male; Margin of Error; Total population - SELECTED AGE CATEGORIES - 62 years and over,Female; Estimate; Total population - SELECTED AGE CATEGORIES - 62 years and over,Female; Margin of Error; Total population - SELECTED AGE CATEGORIES - 62 years and over,Total; Estimate; Total population - SELECTED AGE CATEGORIES - 65 years and over,Total; Margin of Error; Total population - SELECTED AGE CATEGORIES - 65 years and over,Male; Estimate; Total population - SELECTED AGE CATEGORIES - 65 years and over,Male; Margin of Error; Total population - SELECTED AGE CATEGORIES - 65 years and over,Female; Estimate; Total population - SELECTED AGE CATEGORIES - 65 years and over,Female; Margin of Error; Total population - SELECTED AGE CATEGORIES - 65 years and over,Total; Estimate; Total population - SELECTED AGE CATEGORIES - 75 years and over,Total; Margin of Error; Total population - SELECTED AGE CATEGORIES - 75 years and over,Male; Estimate; Total population - SELECTED AGE CATEGORIES - 75 years and over,Male; Margin of Error; Total population - SELECTED AGE CATEGORIES - 75 years and over,Female; Estimate; Total population - SELECTED AGE CATEGORIES - 75 years and over,Female; Margin of Error; Total population - SELECTED AGE CATEGORIES - 75 years and over,Total; Estimate; Total population - SUMMARY INDICATORS - Median age (years),Total; Margin of Error; Total population - SUMMARY INDICATORS - Median age (years),Male; Estimate; Total population - SUMMARY INDICATORS - Median age (years),Male; Margin of Error; Total population - SUMMARY INDICATORS - Median age (years),Female; Estimate; Total population - SUMMARY INDICATORS - Median age (years),Female; Margin of Error; Total population - SUMMARY INDICATORS - Median age (years),Total; Estimate; Total population - SUMMARY INDICATORS - Sex ratio (males per 100 females),Total; Margin of Error; Total population - SUMMARY INDICATORS - Sex ratio (males per 100 females),Male; Estimate; Total population - SUMMARY INDICATORS - Sex ratio (males per 100 females),Male; Margin of Error; Total population - SUMMARY INDICATORS - Sex ratio (males per 100 females),Female; Estimate; Total population - SUMMARY INDICATORS - Sex ratio (males per 100 females),Female; Margin of Error; Total population - SUMMARY INDICATORS - Sex ratio (males per 100 females),Total; Estimate; Total population - SUMMARY INDICATORS - Age dependency ratio,Total; Margin of Error; Total population - SUMMARY INDICATORS - Age dependency ratio,Male; Estimate; Total population - SUMMARY INDICATORS - Age dependency ratio,Male; Margin of Error; Total population - SUMMARY INDICATORS - Age dependency ratio,Female; Estimate; Total population - SUMMARY INDICATORS - Age dependency ratio,Female; Margin of Error; Total population - SUMMARY INDICATORS - Age dependency ratio,Total; Estimate; Total population - SUMMARY INDICATORS - Old-age dependency ratio,Total; Margin of Error; Total population - SUMMARY INDICATORS - Old-age dependency ratio,Male; Estimate; Total population - SUMMARY INDICATORS - Old-age dependency ratio,Male; Margin of Error; Total population - SUMMARY INDICATORS - Old-age dependency ratio,Female; Estimate; Total population - SUMMARY INDICATORS - Old-age dependency ratio,Female; Margin of Error; Total population - SUMMARY INDICATORS - Old-age dependency ratio,Total; Estimate; Total population - SUMMARY INDICATORS - Child dependency ratio,Total; Margin of Error; Total population - SUMMARY INDICATORS - Child dependency ratio,Male; Estimate; Total population - SUMMARY INDICATORS - Child dependency ratio,Male; Margin of Error; Total population - SUMMARY INDICATORS - Child dependency ratio,Female; Estimate; Total population - SUMMARY INDICATORS - Child dependency ratio,Female; Margin of Error; Total population - SUMMARY INDICATORS - Child dependency ratio,Total; Estimate; Total population - PERCENT IMPUTED - Sex,Total; Margin of Error; Total population - PERCENT IMPUTED - Sex,Male; Estimate; Total population - PERCENT IMPUTED - Sex,Male; Margin of Error; Total population - PERCENT IMPUTED - Sex,Female; Estimate; Total population - PERCENT IMPUTED - Sex,Female; Margin of Error; Total population - PERCENT IMPUTED - Sex,Total; Estimate; Total population - PERCENT IMPUTED - Age,Total; Margin of Error; Total population - PERCENT IMPUTED - Age,Male; Estimate; Total population - PERCENT IMPUTED - Age,Male; Margin of Error; Total population - PERCENT IMPUTED - Age,Female; Estimate; Total population - PERCENT IMPUTED - Age,Female; Margin of Error; Total population - PERCENT IMPUTED - Age
5001100US0101,0101,"Congressional District 1 (111th Congress), Alabama",668448,804,323161,583,345287,708,6.9,0.1,7.3,0.1,6.4,0.1,6.8,0.2,7.1,0.2,6.4,0.2,7.2,0.1,7.6,0.2,6.8,0.2,7.0,0.1,7.4,0.1,6.7,0.1,6.4,0.1,6.7,0.1,6.2,0.1,6.7,0.1,6.8,0.1,6.6,0.1,6.1,0.1,6.1,0.1,6.1,0.1,6.2,0.1,6.2,0.2,6.2,0.2,6.9,0.2,6.8,0.2,6.9,0.2,7.5,0.1,7.4,0.1,7.5,0.1,7.0,0.1,6.9,0.1,7.0,0.1,6.2,0.2,6.0,0.2,6.5,0.2,5.3,0.1,5.3,0.2,5.3,0.2,4.0,0.1,3.9,0.1,4.1,0.1,3.5,0.1,3.2,0.1,3.8,0.1,2.7,0.1,2.4,0.1,3.0,0.2,2.0,0.1,1.6,0.1,2.3,0.2,1.7,0.1,1.0,0.1,2.2,0.2,14.0,0.1,14.8,0.1,13.2,0.1,4.4,0.1,4.7,0.1,4.2,0.1,9.0,0.1,9.4,0.1,8.7,0.1,39.3,0.1,40.1,0.1,38.6,0.1,77.7,0.1,76.3,0.1,79.0,0.1,74.7,0.1,73.2,0.1,76.2,0.1,19.1,0.2,17.4,0.2,20.7,0.2,16.8,0.1,15.1,0.2,18.4,0.1,13.8,0.1,12.1,0.1,15.4,0.1,6.3,0.1,5.0,0.1,7.6,0.1,37.4,0.2,35.8,0.2,38.9,0.2,93.6,0.3,(X),(X),(X),(X),64.1,0.2,(X),(X),(X),(X),22.7,0.1,(X),(X),(X),(X),41.5,0.1,(X),(X),(X),(X),0.2,(X),(X),(X),(X),(X),0.7,(X),(X),(X),(X),(X)
5001100US0102,0102,"Congressional District 2 (111th Congress), Alabama",655471,1794,319827,1234,335644,1324,6.8,0.1,7.3,0.1,6.4,0.1,6.6,0.2,6.8,0.2,6.5,0.2,6.9,0.2,7.4,0.2,6.4,0.2,7.3,0.2,7.9,0.3,6.7,0.1,7.0,0.1,7.4,0.2,6.6,0.1,6.7,0.1,7.0,0.2,6.5,0.1,6.2,0.1,6.3,0.2,6.1,0.1,6.6,0.2,6.7,0.3,6.6,0.2,7.1,0.2,7.3,0.3,6.9,0.2,7.1,0.1,7.1,0.1,7.2,0.1,6.8,0.1,6.6,0.1,6.9,0.1,6.0,0.1,5.8,0.2,6.1,0.2,5.2,0.1,5.1,0.2,5.3,0.2,4.0,0.1,3.8,0.1,4.2,0.1,3.2,0.1,2.9,0.1,3.6,0.1,2.6,0.1,2.3,0.1,2.9,0.1,2.0,0.1,1.5,0.1,2.5,0.1,1.9,0.1,1.0,0.1,2.8,0.2,13.5,0.1,14.2,0.1,12.9,0.1,4.3,0.1,4.5,0.1,4.1,0.1,9.9,0.1,10.7,0.2,9.2,0.2,40.9,0.1,42.5,0.2,39.4,0.2,78.2,0.1,77.0,0.2,79.3,0.2,75.4,0.1,74.0,0.2,76.7,0.2,18.8,0.2,16.5,0.2,21.1,0.2,16.7,0.1,14.3,0.2,18.9,0.2,13.7,0.1,11.4,0.1,15.8,0.1,6.5,0.1,4.7,0.1,8.1,0.1,36.9,0.2,35.0,0.2,38.7,0.2,95.3,0.5,(X),(X),(X),(X),62.1,0.3,(X),(X),(X),(X),22.2,0.2,(X),(X),(X),(X),39.9,0.2,(X),(X),(X),(X),0.2,(X),(X),(X),(X),(X),1.1,(X),(X),(X),(X),(X)
5001100US0103,0103,"Congressional District 3 (111th Congress), Alabama",651344,1760,314091,1254,337253,1258,6.3,0.1,6.7,0.1,5.9,0.1,6.4,0.2,6.8,0.2,6.1,0.2,6.4,0.2,6.7,0.2,6.1,0.2,7.8,0.1,8.3,0.2,7.4,0.1,9.2,0.1,9.5,0.2,8.8,0.1,6.5,0.1,6.6,0.1,6.5,0.1,5.9,0.1,6.0,0.1,5.8,0.1,6.4,0.2,6.5,0.3,6.3,0.2,6.6,0.2,6.7,0.3,6.5,0.2,7.0,0.1,7.0,0.1,7.0,0.1,6.8,0.1,6.8,0.1,6.7,0.1,6.3,0.1,6.2,0.2,6.3,0.2,5.1,0.1,4.9,0.2,5.2,0.2,4.1,0.1,3.9,0.2,4.2,0.2,3.2,0.1,2.9,0.2,3.5,0.1,2.5,0.1,2.2,0.1,2.9,0.1,1.9,0.1,1.3,0.1,2.5,0.2,1.6,0.1,0.9,0.1,2.3,0.2,12.8,0.1,13.5,0.1,12.2,0.1,4.1,0.1,4.4,0.1,3.8,0.1,12.8,0.1,13.3,0.2,12.4,0.2,42.3,0.1,43.5,0.2,41.2,0.2,79.5,0.1,78.3,0.2,80.6,0.2,76.7,0.1,75.3,0.2,78.0,0.2,18.4,0.2,16.2,0.2,20.6,0.2,16.2,0.2,13.9,0.2,18.3,0.2,13.4,0.1,11.2,0.1,15.4,0.2,6.1,0.1,4.4,0.1,7.6,0.2,36.1,0.2,34.5,0.2,37.7,0.2,93.1,0.5,(X),(X),(X),(X),57.8,0.3,(X),(X),(X),(X),21.1,0.2,(X),(X),(X),(X),36.7,0.2,(X),(X),(X),(X),0.2,(X),(X),(X),(X),(X),0.8,(X),(X),(X),(X),(X)
5001100US0104,0104,"Congressional District 4 (111th Congress), Alabama",648061,1313,317684,1003,330377,959,6.6,0.1,6.9,0.1,6.3,0.1,6.5,0.2,6.8,0.2,6.1,0.3,6.7,0.2,6.9,0.3,6.5,0.2,6.4,0.1,6.9,0.2,5.9,0.1,5.6,0.1,6.0,0.1,5.3,0.1,6.4,0.1,6.6,0.1,6.2,0.1,6.1,0.1,6.4,0.1,5.9,0.1,6.6,0.2,6.7,0.3,6.5,0.2,7.1,0.2,7.2,0.3,7.0,0.2,7.4,0.1,7.4,0.1,7.3,0.1,7.0,0.1,7.1,0.1,7.0,0.1,6.4,0.1,6.4,0.2,6.5,0.2,5.9,0.1,5.7,0.2,6.0,0.2,4.7,0.1,4.4,0.1,4.9,0.2,3.7,0.1,3.4,0.1,4.0,0.2,3.0,0.1,2.5,0.1,3.5,0.2,2.1,0.1,1.6,0.1,2.6,0.1,1.7,0.1,1.0,0.1,2.4,0.2,13.2,0.1,13.8,0.1,12.6,0.1,4.2,0.1,4.5,0.1,3.8,0.1,7.9,0.1,8.4,0.1,7.3,0.1,38.3,0.1,39.8,0.2,36.8,0.2,78.8,0.1,77.7,0.2,79.8,0.2,76.0,0.1,74.8,0.2,77.2,0.2,21.1,0.2,18.6,0.2,23.5,0.2,18.7,0.1,16.2,0.2,21.0,0.2,15.2,0.1,12.8,0.1,17.5,0.1,6.9,0.1,5.1,0.1,8.6,0.1,39.2,0.2,37.5,0.2,40.8,0.2,96.2,0.4,(X),(X),(X),(X),64.5,0.2,(X),(X),(X),(X),25.1,0.2,(X),(X),(X),(X),39.4,0.2,(X),(X),(X),(X),0.2,(X),(X),(X),(X),(X),0.8,(X),(X),(X),(X),(X)
5001100US0105,0105,"Congressional District 5 (111th Congress), Alabama",682092,941,332430,710,349662,724,6.2,0.1,6.4,0.1,6.0,0.1,6.8,0.2,7.1,0.2,6.5,0.2,6.6,0.2,6.9,0.2,6.2,0.2,6.9,0.1,7.2,0.1,6.7,0.1,6.4,0.1,6.7,0.1,6.2,0.1,6.7,0.1,6.9,0.1,6.6,0.1,6.3,0.1,6.4,0.1,6.1,0.1,6.9,0.2,7.0,0.2,6.8,0.2,7.5,0.2,7.5,0.2,7.5,0.2,7.9,0.1,8.0,0.1,7.9,0.1,7.0,0.1,7.1,0.1,7.0,0.1,6.0,0.1,5.9,0.2,6.2,0.2,5.2,0.1,5.1,0.2,5.4,0.2,4.1,0.1,3.8,0.1,4.3,0.2,3.4,0.1,3.3,0.1,3.6,0.2,2.7,0.1,2.4,0.1,3.1,0.1,1.8,0.1,1.4,0.1,2.2,0.1,1.4,0.1,0.8,0.1,2.0,0.1,13.3,0.1,14.0,0.1,12.7,0.1,4.2,0.1,4.4,0.1,4.1,0.1,9.1,0.1,9.5,0.1,8.8,0.1,40.8,0.1,41.8,0.1,39.9,0.1,79.0,0.1,78.0,0.1,79.9,0.2,76.3,0.1,75.2,0.1,77.3,0.1,18.7,0.2,16.8,0.2,20.5,0.2,16.4,0.1,14.5,0.2,18.2,0.2,13.5,0.1,11.7,0.1,15.1,0.1,6.0,0.1,4.6,0.1,7.2,0.1,38.1,0.2,36.7,0.2,39.3,0.2,95.1,0.3,(X),(X),(X),(X),59.3,0.2,(X),(X),(X),(X),21.5,0.1,(X),(X),(X),(X),37.8,0.1,(X),(X),(X),(X),0.2,(X),(X),(X),(X),(X),0.8,(X),(X),(X),(X),(X)
5001100US0106,0106,"Congressional District 6 (111th Congress), Alabama",716273,2329,349437,1649,366836,1441,6.8,0.1,7.0,0.2,6.6,0.2,6.7,0.2,7.0,0.3,6.4,0.2,6.7,0.2,7.1,0.2,6.3,0.2,6.4,0.1,6.8,0.2,6.1,0.2,5.9,0.1,6.1,0.2,5.8,0.2,6.9,0.1,7.1,0.2,6.8,0.2,7.0,0.1,7.1,0.2,7.0,0.2,7.3,0.2,7.5,0.3,7.1,0.2,7.5,0.2,7.8,0.3,7.3,0.2,7.7,0.1,7.7,0.2,7.6,0.2,7.1,0.1,7.0,0.1,7.3,0.1,6.4,0.2,6.4,0.2,6.5,0.2,5.0,0.1,4.8,0.2,5.1,0.2,3.8,0.1,3.5,0.2,4.0,0.1,2.8,0.1,2.6,0.1,3.0,0.1,2.4,0.1,2.1,0.1,2.7,0.1,1.9,0.1,1.5,0.1,2.3,0.1,1.6,0.1,1.0,0.1,2.1,0.1,13.3,0.1,14.0,0.2,12.7,0.2,4.1,0.1,4.3,0.1,3.9,0.1,8.2,0.1,8.6,0.2,7.9,0.2,41.1,0.2,42.3,0.3,40.0,0.3,78.5,0.2,77.5,0.3,79.4,0.3,75.7,0.2,74.6,0.3,76.7,0.2,17.4,0.2,15.6,0.3,19.2,0.3,15.2,0.2,13.2,0.2,17.0,0.2,12.5,0.1,10.7,0.1,14.2,0.2,5.9,0.1,4.6,0.1,7.2,0.1,37.5,0.3,36.3,0.3,38.6,0.3,95.3,0.5,(X),(X),(X),(X),58.2,0.4,(X),(X),(X),(X),19.7,0.2,(X),(X),(X),(X),38.4,0.4,(X),(X),(X),(X),0.2,(X),(X),(X),(X),(X),0.7,(X),(X),(X),(X),(X)
5001100US0107,0107,"Congressional District 7 (111th Congress), Alabama",611671,2532,287643,1728,324028,1512,6.8,0.1,7.3,0.2,6.4,0.2,6.5,0.2,6.9,0.3,6.2,0.3,7.0,0.2,7.8,0.3,6.3,0.2,7.9,0.2,8.5,0.3,7.4,0.3,9.2,0.2,9.3,0.3,9.1,0.3,7.2,0.2,7.5,0.2,7.0,0.2,6.1,0.2,6.1,0.2,6.0,0.2,5.9,0.2,6.0,0.3,5.8,0.2,6.4,0.2,6.2,0.3,6.6,0.2,7.0,0.1,6.8,0.2,7.2,0.2,7.1,0.1,7.1,0.2,7.1,0.1,5.7,0.1,5.6,0.2,5.9,0.2,4.5,0.2,4.5,0.2,4.5,0.2,3.5,0.1,3.2,0.2,3.7,0.2,2.8,0.1,2.5,0.2,3.1,0.2,2.7,0.1,2.1,0.1,3.2,0.2,1.9,0.1,1.4,0.1,2.3,0.2,1.7,0.1,1.0,0.1,2.2,0.2,13.5,0.1,14.7,0.2,12.4,0.2,4.3,0.1,4.8,0.2,3.9,0.1,12.8,0.2,13.1,0.3,12.6,0.2,42.8,0.2,43.8,0.3,41.9,0.3,78.2,0.2,76.3,0.3,79.8,0.3,75.4,0.2,73.2,0.3,77.3,0.2,17.1,0.2,14.8,0.3,19.1,0.3,15.0,0.2,12.6,0.2,17.2,0.2,12.6,0.1,10.3,0.1,14.6,0.2,6.2,0.1,4.5,0.1,7.8,0.2,34.4,0.3,32.1,0.4,36.4,0.3,88.8,0.6,(X),(X),(X),(X),59.3,0.5,(X),(X),(X),(X),20.0,0.2,(X),(X),(X),(X),39.2,0.4,(X),(X),(X),(X),0.3,(X),(X),(X),(X),(X),1.4,(X),(X),(X),(X),(X)
5001100US0200,0200,"Congressional District (at Large) (111th Congress), Alaska",683142,*****,355726,436,327416,436,7.6,0.1,7.6,0.1,7.7,0.1,7.1,0.2,7.0,0.2,7.2,0.2,7.3,0.2,7.2,0.2,7.4,0.2,7.9,0.1,8.0,0.1,7.8,0.1,8.7,0.1,9.6,0.1,7.7,0.1,7.8,0.1,8.0,0.1,7.5,0.1,6.4,0.1,6.5,0.1,6.4,0.1,6.6,0.1,6.5,0.2,6.7,0.2,7.5,0.2,7.4,0.2,7.6,0.2,8.0,0.1,7.8,0.1,8.2,0.1,7.6,0.1,7.5,0.1,7.8,0.1,6.3,0.1,6.4,0.2,6.3,0.2,4.1,0.1,4.2,0.2,4.0,0.2,2.5,0.1,2.5,0.1,2.6,0.1,1.8,0.1,1.8,0.1,1.9,0.1,1.2,0.1,1.1,0.1,1.3,0.1,0.8,0.1,0.6,0.1,1.0,0.1,0.6,0.1,0.4,0.1,0.9,0.1,14.4,0.1,14.2,0.1,14.6,0.1,4.8,0.1,4.8,0.1,4.9,0.1,11.8,0.1,12.9,0.1,10.7,0.1,45.0,0.1,46.0,0.1,43.8,0.1,76.4,0.1,76.6,0.1,76.2,0.1,73.2,0.1,73.5,0.1,72.9,0.1,11.1,0.1,10.6,0.2,11.6,0.2,9.1,0.1,8.6,0.1,9.7,0.1,7.0,0.1,6.3,0.1,7.7,0.1,2.6,0.1,2.1,0.1,3.2,0.1,32.7,0.1,32.0,0.2,33.5,0.3,108.6,0.3,(X),(X),(X),(X),51.0,0.1,(X),(X),(X),(X),10.5,0.1,(X),(X),(X),(X),40.5,0.1,(X),(X),(X),(X),0.1,(X),(X),(X),(X),(X),1.0,(X),(X),(X),(X),(X)
5001100US0401,0401,"Congressional District 1 (111th Congress), Arizona",728695,2006,368695,1420,360000,1436,6.9,0.1,6.9,0.1,6.9,0.1,6.5,0.1,6.5,0.2,6.6,0.2,7.2,0.2,7.3,0.2,7.1,0.2,7.7,0.1,7.9,0.2,7.6,0.2,7.4,0.1,7.8,0.2,6.9,0.1,5.5,0.1,6.1,0.1,4.9,0.1,5.2,0.1,5.7,0.1,4.7,0.1,5.9,0.1,6.2,0.2,5.5,0.2,6.0,0.1,6.0,0.2,5.9,0.2,7.1,0.1,7.0,0.1,7.2,0.1,7.0,0.1,6.7,0.1,7.2,0.1,6.7,0.2,6.5,0.2,6.9,0.2,5.8,0.2,5.4,0.2,6.2,0.3,4.6,0.1,4.3,0.1,4.9,0.1,3.8,0.1,3.5,0.1,4.0,0.2,3.1,0.1,3.0,0.2,3.2,0.2,2.1,0.1,2.0,0.2,2.2,0.1,1.5,0.1,1.1,0.1,2.0,0.1,13.8,0.1,13.8,0.1,13.7,0.2,4.6,0.1,4.7,0.1,4.5,0.1,10.5,0.1,11.0,0.2,10.0,0.2,37.7,0.1,39.8,0.2,35.5,0.2,77.9,0.1,77.7,0.2,78.1,0.2,74.7,0.1,74.6,0.2,74.9,0.2,20.9,0.2,19.3,0.2,22.6,0.3,18.4,0.2,16.9,0.2,19.9,0.3,15.1,0.1,13.9,0.1,16.4,0.1,6.8,0.1,6.0,0.1,7.5,0.1,38.0,0.2,36.4,0.3,39.8,0.3,102.4,0.6,(X),(X),(X),(X),67.7,0.4,(X),(X),(X),(X),25.3,0.2,(X),(X),(X),(X),42.3,0.3,(X),(X),(X),(X),0.2,(X),(X),(X),(X),(X),1.2,(X),(X),(X),(X),(X)
5001100US0402,0402,"Congressional District 2 (111th Congress), Arizona",893761,3403,437109,2961,456652,2275,7.3,0.2,7.4,0.2,7.3,0.3,6.8,0.2,7.1,0.2,6.5,0.2,7.1,0.2,7.6,0.3,6.6,0.2,6.3,0.2,6.6,0.3,6.0,0.2,5.2,0.2,5.3,0.2,5.1,0.2,6.6,0.2,6.8,0.2,6.4,0.2,6.3,0.2,6.7,0.3,6.0,0.2,6.3,0.2,6.3,0.3,6.3,0.2,6.6,0.2,6.7,0.3,6.5,0.2,6.6,0.2,6.6,0.2,6.5,0.2,5.9,0.1,5.9,0.2,6.0,0.2,6.0,0.1,5.5,0.2,6.4,0.2,5.7,0.1,5.3,0.2,6.0,0.2,4.7,0.1,4.5,0.2,4.8,0.1,3.9,0.1,3.9,0.1,4.0,0.2,3.8,0.1,3.6,0.2,3.9,0.2,2.7,0.1,2.4,0.1,2.9,0.2,2.2,0.1,1.7,0.1,2.8,0.2,13.9,0.2,14.7,0.3,13.0,0.3,4.1,0.1,4.2,0.2,4.1,0.2,7.4,0.2,7.8,0.3,7.0,0.2,37.4,0.2,38.5,0.3,36.3,0.3,77.4,0.3,76.5,0.3,78.3,0.4,74.7,0.2,73.7,0.3,75.6,0.4,22.9,0.2,21.3,0.3,24.5,0.3,20.6,0.2,19.2,0.3,21.9,0.3,17.3,0.2,16.0,0.2,18.5,0.3,8.7,0.2,7.7,0.2,9.7,0.2,38.4,0.3,36.9,0.4,39.9,0.4,95.7,0.9,(X),(X),(X),(X),74.2,0.7,(X),(X),(X),(X),30.1,0.4,(X),(X),(X),(X),44.2,0.6,(X),(X),(X),(X),0.2,(X),(X),(X),(X),(X),0.8,(X),(X),(X),(X),(X)
5001100US0403,0403,"Congressional District 3 (111th Congress), Arizona",731577,5848,367889,4034,363688,3795,7.3,0.3,7.7,0.3,6.8,0.3,6.7,0.2,6.8,0.3,6.6,0.3,6.6,0.2,6.8,0.3,6.4,0.3,6.2,0.2,6.5,0.3,6.0,0.3,6.2,0.2,6.5,0.4,5.9,0.3,7.7,0.3,8.3,0.4,7.2,0.3,7.7,0.3,7.9,0.3,7.5,0.4,7.6,0.2,7.8,0.4,7.4,0.3,7.5,0.2,7.6,0.3,7.5,0.3,8.0,0.2,7.6,0.3,8.3,0.3,7.1,0.2,6.9,0.3,7.3,0.3,6.0,0.2,6.0,0.2,6.0,0.3,4.6,0.2,4.4,0.2,4.9,0.2,3.1,0.1,3.0,0.2,3.3,0.2,2.3,0.1,2.1,0.2,2.5,0.2,2.2,0.1,1.9,0.1,2.5,0.2,1.7,0.1,1.3,0.1,2.1,0.2,1.4,0.1,1.0,0.1,1.9,0.2,13.3,0.2,13.6,0.4,13.0,0.4,4.0,0.1,4.1,0.2,3.8,0.2,8.5,0.3,8.8,0.4,8.1,0.3,43.0,0.4,44.5,0.5,41.4,0.5,78.1,0.3,77.4,0.5,78.9,0.4,75.5,0.3,74.6,0.5,76.3,0.4,15.4,0.3,13.7,0.4,17.1,0.3,13.3,0.3,11.7,0.3,15.0,0.3,10.7,0.2,9.2,0.3,12.2,0.3,5.3,0.2,4.1,0.2,6.4,0.3,36.0,0.3,34.8,0.4,37.4,0.4,101.2,1.4,(X),(X),(X),(X),54.5,0.8,(X),(X),(X),(X),16.6,0.4,(X),(X),(X),(X),37.9,0.6,(X),(X),(X),(X),0.2,(X),(X),(X),(X),(X),1.2,(X),(X),(X),(X),(X)
5001100US0404,0404,"Congressional District 4 (111th Congress), Arizona",751088,6289,394169,4328,356919,3716,11.4,0.3,10.9,0.4,11.9,0.4,9.2,0.2,9.1,0.4,9.3,0.4,8.2,0.2,8.1,0.3,8.4,0.3,7.4,0.2,7.4,0.3,7.5,0.3,7.9,0.3,8.0,0.4,7.8,0.3,10.0,0.3,10.5,0.4,9.4,0.3,9.1,0.2,9.7,0.4,8.5,0.3,7.6,0.2,7.9,0.3,7.2,0.3,6.7,0.2,7.1,0.3,6.2,0.3,5.7,0.2,6.0,0.2,5.4,0.3,4.7,0.1,4.6,0.2,4.8,0.2,3.6,0.2,3.5,0.2,3.7,0.2,2.7,0.2,2.4,0.2,3.0,0.2,1.7,0.1,1.6,0.1,1.9,0.1,1.4,0.1,1.2,0.1,1.6,0.1,1.1,0.1,0.9,0.1,1.4,0.1,0.8,0.1,0.6,0.1,1.0,0.1,0.7,0.1,0.5,0.1,0.9,0.1,17.4,0.3,17.2,0.4,17.7,0.4,4.6,0.1,4.5,0.2,4.7,0.2,10.7,0.3,10.8,0.4,10.5,0.4,48.7,0.3,50.7,0.5,46.6,0.5,69.5,0.4,70.3,0.6,68.6,0.5,66.6,0.3,67.4,0.5,65.6,0.5,8.4,0.2,7.2,0.2,9.7,0.3,7.1,0.2,6.1,0.2,8.4,0.3,5.7,0.2,4.7,0.2,6.8,0.2,2.6,0.1,2.0,0.1,3.3,0.2,27.9,0.2,28.1,0.3,27.7,0.3,110.4,1.5,(X),(X),(X),(X),64.3,0.9,(X),(X),(X),(X),9.4,0.3,(X),(X),(X),(X),54.9,0.8,(X),(X),(X),(X),0.2,(X),(X),(X),(X),(X),1.4,(X),(X),(X),(X),(X)
5001100US0405,0405,"Congressional District 5 (111th Congress), Arizona",701692,3698,353067,3341,348625,2674,6.1,0.2,6.0,0.3,6.1,0.3,5.9,0.2,5.9,0.3,5.8,0.3,5.9,0.2,5.8,0.3,6.0,0.3,6.7,0.2,6.9,0.3,6.5,0.3,8.6,0.2,9.2,0.4,8.0,0.4,8.9,0.3,9.5,0.4,8.3,0.4,7.0,0.3,7.5,0.3,6.6,0.3,6.8,0.3,7.2,0.3,6.5,0.3,7.3,0.3,7.4,0.4,7.2,0.3,7.4,0.2,7.2,0.3,7.5,0.3,6.8,0.2,6.5,0.2,7.1,0.3,6.0,0.2,6.1,0.3,6.0,0.3,4.9,0.2,4.5,0.2,5.3,0.2,3.5,0.1,3.4,0.2,3.6,0.1,2.6,0.1,2.3,0.2,2.8,0.2,2.4,0.1,2.2,0.2,2.6,0.1,1.7,0.1,1.4,0.1,2.1,0.2,1.5,0.1,1.1,0.1,1.9,0.1,11.7,0.3,11.7,0.4,11.8,0.4,3.9,0.2,3.9,0.2,3.8,0.2,11.5,0.3,12.1,0.5,10.8,0.5,45.4,0.4,47.6,0.5,43.2,0.5,80.9,0.3,80.9,0.5,80.9,0.4,78.3,0.4,78.4,0.5,78.3,0.4,16.6,0.3,14.9,0.3,18.3,0.3,14.4,0.2,12.9,0.3,16.0,0.3,11.7,0.2,10.4,0.2,13.0,0.3,5.6,0.2,4.7,0.2,6.6,0.3,35.6,0.4,34.6,0.4,37.1,0.4,101.3,1.4,(X),(X),(X),(X),50.0,0.8,(X),(X),(X),(X),17.5,0.3,(X),(X),(X),(X),32.5,0.7,(X),(X),(X),(X),0.3,(X),(X),(X),(X),(X),1.3,(X),(X),(X),(X),(X)
5001100US0406,0406,"Congressional District 6 (111th Congress), Arizona",927682,3804,462334,3560,465348,3638,8.9,0.2,9.3,0.3,8.5,0.3,8.1,0.2,8.3,0.3,7.8,0.3,7.7,0.2,7.8,0.3,7.5,0.3,6.2,0.2,6.6,0.3,5.9,0.2,5.7,0.2,6.0,0.3,5.5,0.2,7.4,0.2,7.5,0.3,7.4,0.3,7.4,0.2,7.7,0.3,7.2,0.2,7.7,0.2,7.8,0.3,7.7,0.2,7.0,0.2,7.3,0.3,6.7,0.2,6.6,0.2,6.7,0.2,6.5,0.2,5.5,0.1,5.3,0.2,5.7,0.1,4.7,0.1,4.3,0.2,5.0,0.2,4.4,0.1,4.1,0.2,4.6,0.2,3.6,0.1,3.2,0.1,3.9,0.2,3.0,0.1,2.7,0.1,3.3,0.1,2.8,0.1,2.6,0.1,3.1,0.1,1.9,0.1,1.5,0.1,2.3,0.1,1.4,0.1,1.2,0.1,1.7,0.1,15.7,0.3,16.2,0.4,15.3,0.3,4.2,0.1,4.4,0.2,4.0,0.2,7.8,0.2,8.2,0.4,7.4,0.3,41.6,0.3,42.9,0.5,40.3,0.4,74.0,0.3,73.1,0.4,74.9,0.4,71.2,0.3,70.2,0.4,72.3,0.4,17.1,0.3,15.4,0.3,18.8,0.3,15.3,0.2,13.7,0.3,17.0,0.3,12.8,0.2,11.2,0.2,14.3,0.3,6.2,0.2,5.3,0.2,7.1,0.2,34.1,0.3,32.9,0.4,35.2,0.3,99.4,1.3,(X),(X),(X),(X),71.0,0.9,(X),(X),(X),(X),21.8,0.4,(X),(X),(X),(X),49.2,0.7,(X),(X),(X),(X),0.2,(X),(X),(X),(X),(X),1.0,(X),(X),(X),(X),(X)
5001100US0407,0407,"Congressional District 7 (111th Congress), Arizona",834577,5515,417789,3770,416788,3686,9.0,0.2,9.2,0.3,8.7,0.3,8.0,0.2,7.9,0.3,8.1,0.3,8.1,0.2,8.6,0.3,7.6,0.3,7.9,0.2,8.1,0.2,7.7,0.2,7.6,0.2,7.9,0.3,7.3,0.2,7.8,0.2,8.0,0.3,7.7,0.2,6.9,0.2,6.7,0.2,7.1,0.2,6.8,0.2,7.1,0.3,6.5,0.2,6.4,0.2,6.4,0.2,6.4,0.2,6.1,0.1,6.1,0.2,6.1,0.2,5.5,0.1,5.3,0.2,5.6,0.2,4.7,0.2,4.7,0.2,4.8,0.2,4.0,0.1,3.9,0.2,4.2,0.2,3.3,0.1,3.0,0.1,3.6,0.2,2.6,0.1,2.5,0.1,2.6,0.1,2.6,0.1,2.4,0.1,2.7,0.2,1.6,0.1,1.4,0.1,1.9,0.2,1.1,0.1,0.9,0.1,1.4,0.1,16.1,0.2,16.4,0.3,15.7,0.3,4.6,0.1,4.7,0.2,4.5,0.2,10.9,0.2,11.3,0.3,10.5,0.3,43.4,0.3,44.2,0.4,42.7,0.4,73.5,0.3,72.8,0.5,74.1,0.4,70.3,0.3,69.6,0.4,71.1,0.4,15.2,0.2,14.0,0.3,16.4,0.2,13.5,0.2,12.4,0.2,14.6,0.2,11.2,0.1,10.2,0.2,12.3,0.2,5.3,0.1,4.7,0.1,6.0,0.2,31.2,0.3,30.3,0.4,32.1,0.3,100.2,1.2,(X),(X),(X),(X),69.1,0.9,(X),(X),(X),(X),19.0,0.3,(X),(X),(X),(X),50.2,0.8,(X),(X),(X),(X),0.1,(X),(X),(X),(X),(X),0.9,(X),(X),(X),(X),(X)
5001100US0408,0408,"Congressional District 8 (111th Congress), Arizona",755793,4102,368248,2484,387545,2591,6.3,0.1,6.5,0.2,6.0,0.2,5.8,0.1,5.9,0.2,5.7,0.2,6.0,0.2,6.5,0.2,5.5,0.2,6.1,0.1,6.6,0.2,5.6,0.2,6.0,0.2,6.4,0.2,5.5,0.2,6.9,0.2,7.0,0.2,6.8,0.2,5.8,0.1,6.2,0.2,5.5,0.2,5.7,0.2,5.7,0.2,5.8,0.2,6.5,0.2,6.6,0.3,6.4,0.3,7.2,0.1,7.0,0.2,7.3,0.1,7.1,0.1,6.9,0.2,7.3,0.2,6.7,0.2,6.4,0.3,7.0,0.2,6.2,0.1,6.0,0.2,6.4,0.2,4.9,0.1,4.6,0.1,5.2,0.2,4.0,0.1,3.9,0.1,4.1,0.2,3.8,0.1,3.6,0.2,4.0,0.2,2.7,0.1,2.4,0.1,3.1,0.2,2.3,0.1,1.8,0.1,2.8,0.2,11.7,0.2,12.3,0.3,11.2,0.2,3.9,0.1,4.2,0.1,3.6,0.1,8.2,0.2,8.8,0.3,7.6,0.2,37.0,0.2,38.5,0.4,35.7,0.3,80.7,0.2,79.6,0.3,81.6,0.2,78.1,0.2,76.9,0.3,79.3,0.2,24.0,0.2,22.3,0.3,25.5,0.3,21.4,0.2,19.8,0.2,22.9,0.3,17.7,0.1,16.3,0.2,19.1,0.2,8.9,0.1,7.8,0.1,9.9,0.2,41.1,0.3,39.3,0.3,42.8,0.3,95.0,0.8,(X),(X),(X),(X),65.6,0.6,(X),(X),(X),(X),29.4,0.3,(X),(X),(X),(X),36.2,0.4,(X),(X),(X),(X),0.2,(X),(X),(X),(X),(X),0.9,(X),(X),(X),(X),(X)
5001100US0501,0501,"Congressional District 1 (111th Congress), Arkansas",673394,*****,327327,504,346067,504,6.8,0.1,7.1,0.1,6.4,0.1,6.7,0.1,7.0,0.2,6.4,0.2,6.8,0.1,7.2,0.2,6.4,0.2,6.9,0.1,7.4,0.1,6.4,0.1,6.0,0.1,6.3,0.1,5.8,0.1,6.7,0.1,6.9,0.1,6.5,0.1,6.0,0.1,6.2,0.1,5.9,0.1,6.1,0.2,6.1,0.2,6.1,0.2,6.8,0.2,6.9,0.2,6.8,0.2,7.1,0.1,7.1,0.1,7.1,0.1,6.8,0.1,6.7,0.1,6.9,0.1,6.3,0.1,6.3,0.2,6.2,0.2,5.7,0.1,5.5,0.2,5.9,0.2,4.6,0.1,4.4,0.1,4.7,0.1,3.6,0.1,3.4,0.1,3.9,0.1,3.0,0.1,2.6,0.1,3.4,0.1,2.2,0.1,1.9,0.1,2.5,0.1,2.0,0.1,1.2,0.1,2.7,0.2,13.5,0.1,14.2,0.1,12.8,0.1,4.3,0.1,4.6,0.1,4.1,0.1,8.6,0.1,9.0,0.1,8.1,0.1,38.5,0.1,39.7,0.1,37.3,0.1,78.3,0.1,77.2,0.2,79.4,0.2,75.4,0.1,74.1,0.1,76.7,0.1,21.1,0.1,18.9,0.2,23.2,0.2,18.8,0.1,16.7,0.2,20.7,0.2,15.4,0.1,13.4,0.1,17.3,0.1,7.2,0.1,5.7,0.1,8.7,0.1,38.4,0.1,36.6,0.2,40.1,0.3,94.6,0.3,(X),(X),(X),(X),66.6,0.2,(X),(X),(X),(X),25.7,0.1,(X),(X),(X),(X),40.9,0.1,(X),(X),(X),(X),0.2,(X),(X),(X),(X),(X),0.8,(X),(X),(X),(X),(X)
5001100US0502,0502,"Congressional District 2 (111th Congress), Arkansas",718060,*****,348113,351,369947,351,7.1,0.1,7.4,0.1,6.8,0.1,6.9,0.1,7.3,0.2,6.6,0.2,6.5,0.2,6.9,0.2,6.1,0.2,7.2,0.1,7.6,0.1,6.8,0.1,7.5,0.1,7.6,0.1,7.4,0.1,7.2,0.1,7.2,0.1,7.1,0.1,6.7,0.1,6.7,0.1,6.6,0.1,6.8,0.1,6.9,0.2,6.7,0.2,6.7,0.2,6.8,0.2,6.7,0.2,7.2,0.1,7.3,0.1,7.1,0.1,6.8,0.1,6.7,0.1,6.9,0.1,5.9,0.1,6.0,0.2,5.9,0.2,5.0,0.1,4.8,0.2,5.2,0.2,3.6,0.1,3.4,0.1,3.8,0.1,3.0,0.1,2.8,0.1,3.1,0.1,2.5,0.1,2.1,0.1,2.8,0.1,1.9,0.1,1.5,0.1,2.3,0.1,1.6,0.1,1.0,0.1,2.2,0.2,13.4,0.1,14.1,0.1,12.7,0.1,4.1,0.1,4.3,0.1,3.9,0.1,10.5,0.1,10.8,0.1,10.3,0.1,42.0,0.1,42.8,0.1,41.2,0.1,78.1,0.1,77.0,0.1,79.2,0.1,75.4,0.1,74.1,0.1,76.6,0.1,17.5,0.1,15.6,0.2,19.3,0.2,15.4,0.1,13.5,0.2,17.2,0.2,12.5,0.1,10.8,0.1,14.2,0.1,6.0,0.1,4.6,0.1,7.3,0.1,35.7,0.1,34.5,0.2,36.9,0.2,94.1,0.2,(X),(X),(X),(X),59.1,0.1,(X),(X),(X),(X),20.0,0.1,(X),(X),(X),(X),39.2,0.1,(X),(X),(X),(X),0.2,(X),(X),(X),(X),(X),0.6,(X),(X),(X),(X),(X)
5001100US0503,0503,"Congressional District 3 (111th Congress), Arkansas",788957,*****,390387,485,398570,485,7.6,0.1,7.8,0.1,7.3,0.1,7.3,0.1,7.5,0.2,7.1,0.2,6.7,0.1,6.9,0.2,6.4,0.2,7.1,0.1,7.3,0.1,6.9,0.1,6.7,0.1,6.9,0.1,6.6,0.1,7.8,0.1,7.9,0.1,7.6,0.1,6.8,0.1,7.1,0.1,6.6,0.1,6.6,0.2,6.7,0.2,6.5,0.3,7.0,0.2,7.1,0.2,6.8,0.3,7.0,0.1,7.0,0.1,7.0,0.1,6.3,0.1,6.3,0.1,6.4,0.1,5.7,0.1,5.6,0.2,5.8,0.2,4.8,0.1,4.7,0.2,4.9,0.2,3.7,0.1,3.6,0.1,3.9,0.1,3.0,0.1,2.8,0.1,3.2,0.1,2.5,0.1,2.3,0.1,2.7,0.1,1.8,0.1,1.4,0.1,2.2,0.1,1.5,0.1,1.0,0.1,2.1,0.1,13.9,0.1,14.4,0.1,13.5,0.1,4.1,0.1,4.2,0.1,4.1,0.1,9.7,0.1,9.9,0.1,9.4,0.1,42.0,0.1,42.9,0.1,41.0,0.1,77.2,0.1,76.3,0.1,78.0,0.1,74.4,0.1,73.6,0.1,75.1,0.1,17.4,0.1,15.9,0.2,18.9,0.2,15.3,0.1,13.9,0.1,16.7,0.1,12.6,0.1,11.2,0.1,14.0,0.1,5.8,0.1,4.8,0.1,6.9,0.1,35.1,0.1,34.1,0.2,36.1,0.2,97.9,0.2,(X),(X),(X),(X),61.9,0.1,(X),(X),(X),(X),20.4,0.1,(X),(X),(X),(X),41.5,0.1,(X),(X),(X),(X),0.2,(X),(X),(X),(X),(X),0.6,(X),(X),(X),(X),(X)
5001100US0504,0504,"Congressional District 4 (111th Congress), Arkansas",657732,*****,322918,615,334814,615,6.5,0.1,6.8,0.1,6.1,0.1,6.4,0.1,6.7,0.2,6.0,0.2,6.6,0.1,6.9,0.2,6.4,0.2,7.3,0.1,7.8,0.2,6.9,0.2,6.4,0.1,6.7,0.2,6.2,0.1,6.1,0.1,6.4,0.1,5.7,0.1,5.6,0.1,5.8,0.2,5.4,0.1,6.0,0.2,6.0,0.2,6.1,0.2,6.8,0.2,7.1,0.2,6.5,0.2,7.1,0.1,7.1,0.1,7.1,0.1,7.0,0.1,7.0,0.1,7.0,0.1,6.5,0.2,6.6,0.2,6.5,0.2,5.6,0.1,5.4,0.2,5.8,0.2,4.4,0.1,4.2,0.1,4.7,0.1,3.9,0.1,3.6,0.2,4.1,0.1,3.1,0.1,2.6,0.1,3.6,0.1,2.4,0.1,1.9,0.1,2.9,0.1,2.2,0.1,1.4,0.1,2.9,0.2,13.0,0.1,13.6,0.1,12.4,0.1,4.4,0.1,4.6,0.1,4.2,0.1,9.4,0.1,9.9,0.2,8.9,0.1,38.3,0.1,39.7,0.2,36.8,0.1,79.2,0.1,78.1,0.2,80.2,0.1,76.2,0.1,75.0,0.1,77.3,0.1,21.6,0.2,19.1,0.2,24.0,0.2,19.2,0.2,16.8,0.2,21.6,0.2,16.0,0.1,13.7,0.1,18.2,0.1,7.7,0.1,5.9,0.1,9.4,0.1,39.3,0.2,37.5,0.3,41.0,0.2,96.4,0.4,(X),(X),(X),(X),66.1,0.2,(X),(X),(X),(X),26.5,0.1,(X),(X),(X),(X),39.6,0.1,(X),(X),(X),(X),0.1,(X),(X),(X),(X),(X),0.6,(X),(X),(X),(X),(X)
5001100US0601,0601,"Congressional District 1 (111th Congress), California",682258,2086,339067,1315,343191,1398,6.1,0.1,6.4,0.1,5.9,0.1,5.9,0.2,6.2,0.2,5.6,0.2,6.5,0.2,6.7,0.3,6.4,0.3,8.1,0.1,8.3,0.2,8.0,0.2,9.7,0.1,10.0,0.2,9.5,0.2,5.7,0.1,6.2,0.2,5.3,0.1,5.4,0.1,5.8,0.1,5.1,0.1,6.3,0.2,6.5,0.3,6.1,0.2,6.3,0.2,6.2,0.3,6.4,0.3,7.4,0.1,7.3,0.1,7.4,0.1,7.4,0.1,7.3,0.1,7.6,0.1,6.6,0.1,6.5,0.2,6.7,0.2,5.4,0.2,5.3,0.2,5.4,0.2,3.8,0.1,3.6,0.2,4.0,0.2,2.9,0.1,2.7,0.2,3.0,0.1,2.5,0.1,2.2,0.1,2.7,0.1,2.0,0.1,1.6,0.1,2.3,0.1,1.9,0.1,1.3,0.1,2.5,0.1,12.4,0.1,12.9,0.1,12.0,0.1,4.2,0.1,4.3,0.1,4.0,0.1,13.7,0.1,13.9,0.2,13.5,0.2,41.7,0.1,43.0,0.2,40.4,0.2,80.0,0.1,79.4,0.2,80.7,0.2,77.3,0.1,76.4,0.2,78.1,0.2,18.4,0.2,16.8,0.2,20.0,0.3,16.1,0.1,14.5,0.2,17.6,0.2,13.0,0.1,11.4,0.1,14.6,0.1,6.3,0.1,5.1,0.1,7.6,0.1,36.9,0.2,35.4,0.2,38.5,0.3,98.8,0.5,(X),(X),(X),(X),55.7,0.3,(X),(X),(X),(X),20.3,0.2,(X),(X),(X),(X),35.4,0.2,(X),(X),(X),(X),0.2,(X),(X),(X),(X),(X),0.9,(X),(X),(X),(X),(X)
5001100US0602,0602,"Congressional District 2 (111th Congress), California",702123,2159,347952,1291,354171,1256,6.5,0.1,6.8,0.1,6.2,0.1,6.2,0.2,6.5,0.2,6.0,0.2,7.0,0.1,7.4,0.2,6.7,0.2,7.9,0.1,8.3,0.1,7.5,0.1,8.5,0.1,8.8,0.2,8.2,0.1,5.8,0.1,6.1,0.1,5.5,0.1,5.1,0.1,5.4,0.1,4.9,0.1,5.7,0.2,5.7,0.2,5.6,0.2,6.5,0.2,6.5,0.2,6.4,0.2,7.2,0.1,7.1,0.1,7.4,0.1,7.1,0.1,6.9,0.1,7.3,0.1,6.6,0.2,6.4,0.2,6.9,0.2,5.5,0.2,5.6,0.2,5.5,0.2,4.1,0.1,3.9,0.1,4.3,0.1,3.4,0.1,3.3,0.2,3.6,0.2,2.6,0.1,2.4,0.1,2.9,0.2,2.1,0.1,1.7,0.1,2.5,0.1,2.0,0.1,1.4,0.1,2.5,0.1,13.3,0.1,13.9,0.1,12.7,0.1,4.5,0.1,4.8,0.1,4.3,0.1,11.9,0.1,12.3,0.2,11.5,0.1,39.4,0.1,40.8,0.2,38.2,0.1,78.8,0.1,78.0,0.2,79.5,0.1,75.7,0.1,74.5,0.2,76.8,0.1,19.8,0.2,18.2,0.2,21.3,0.2,17.4,0.1,15.8,0.2,19.0,0.2,14.2,0.1,12.6,0.1,15.8,0.1,6.7,0.1,5.4,0.1,8.0,0.1,37.5,0.2,35.6,0.2,39.4,0.2,98.2,0.4,(X),(X),(X),(X),62.8,0.3,(X),(X),(X),(X),23.2,0.1,(X),(X),(X),(X),39.6,0.2,(X),(X),(X),(X),0.2,(X),(X),(X),(X),(X),0.9,(X),(X),(X),(X),(X)
5001100US0603,0603,"Congressional District 3 (111th Congress), California",755863,3071,375572,2535,380291,2137,6.6,0.2,6.9,0.2,6.3,0.2,6.8,0.2,7.0,0.3,6.6,0.2,7.6,0.2,7.8,0.3,7.3,0.3,7.1,0.2,7.4,0.2,6.8,0.2,5.7,0.1,6.1,0.2,5.4,0.2,6.4,0.2,6.6,0.3,6.3,0.2,6.3,0.1,6.3,0.2,6.2,0.2,7.2,0.2,7.6,0.3,6.9,0.2,7.7,0.2,7.8,0.3,7.6,0.2,8.0,0.2,7.9,0.2,8.0,0.2,7.2,0.1,7.2,0.2,7.2,0.2,6.2,0.2,6.1,0.2,6.3,0.2,4.9,0.2,4.6,0.2,5.1,0.2,3.6,0.1,3.2,0.1,3.9,0.1,3.0,0.1,2.8,0.1,3.3,0.2,2.4,0.1,2.1,0.1,2.7,0.2,1.8,0.1,1.4,0.1,2.2,0.1,1.6,0.1,1.2,0.1,2.0,0.2,14.3,0.2,14.8,0.3,13.9,0.3,4.7,0.1,4.9,0.2,4.6,0.2,8.1,0.2,8.6,0.3,7.6,0.2,40.4,0.3,41.8,0.3,39.1,0.3,77.6,0.2,76.9,0.3,78.3,0.4,74.4,0.2,73.5,0.3,75.2,0.3,17.3,0.2,15.3,0.3,19.2,0.3,15.1,0.2,13.2,0.2,16.9,0.3,12.4,0.2,10.7,0.2,14.1,0.2,5.8,0.1,4.7,0.1,6.9,0.2,37.5,0.2,36.3,0.3,38.8,0.3,98.8,0.9,(X),(X),(X),(X),61.4,0.6,(X),(X),(X),(X),20.0,0.3,(X),(X),(X),(X),41.4,0.5,(X),(X),(X),(X),0.2,(X),(X),(X),(X),(X),0.8,(X),(X),(X),(X),(X)
5001100US0604,0604,"Congressional District 4 (111th Congress), California",750010,1645,379413,1120,370597,1125,5.7,0.1,5.8,0.1,5.6,0.1,6.2,0.2,6.3,0.2,6.0,0.2,7.0,0.1,7.1,0.2,7.0,0.2,6.9,0.1,7.2,0.1,6.7,0.1,5.7,0.1,6.2,0.1,5.3,0.1,5.1,0.1,5.6,0.1,4.5,0.1,5.2,0.1,5.6,0.1,4.8,0.1,6.5,0.2,6.5,0.2,6.4,0.2,7.5,0.2,7.7,0.2,7.3,0.3,8.4,0.1,8.2,0.1,8.6,0.1,8.1,0.1,7.9,0.1,8.2,0.1,7.3,0.2,7.4,0.2,7.3,0.2,5.9,0.2,5.7,0.2,6.1,0.2,4.6,0.1,4.4,0.2,4.9,0.2,3.4,0.1,3.1,0.1,3.6,0.1,2.8,0.1,2.5,0.1,3.0,0.1,2.0,0.1,1.7,0.1,2.3,0.1,1.7,0.1,1.2,0.1,2.2,0.2,13.2,0.1,13.4,0.1,13.0,0.1,4.5,0.1,4.6,0.1,4.3,0.1,8.2,0.1,8.8,0.1,7.7,0.1,36.9,0.1,38.7,0.2,35.1,0.2,79.7,0.2,79.4,0.2,80.1,0.2,76.6,0.1,76.2,0.2,77.0,0.2,20.4,0.2,18.6,0.2,22.2,0.2,17.8,0.2,16.1,0.2,19.6,0.2,14.5,0.1,12.9,0.1,16.1,0.1,6.5,0.1,5.4,0.1,7.6,0.1,41.1,0.2,39.9,0.2,42.6,0.2,102.4,0.4,(X),(X),(X),(X),60.8,0.3,(X),(X),(X),(X),23.3,0.2,(X),(X),(X),(X),37.6,0.2,(X),(X),(X),(X),0.2,(X),(X),(X),(X),(X),1.0,(X),(X),(X),(X),(X)
5001100US0605,0605,"Congressional District 5 (111th Congress), California",684586,3039,333561,2387,351025,2234,8.0,0.2,8.3,0.2,7.8,0.2,6.6,0.2,6.8,0.3,6.3,0.3,7.0,0.2,7.4,0.3,6.7,0.2,7.1,0.2,7.5,0.2,6.7,0.2,7.9,0.2,8.1,0.2,7.6,0.2,9.5,0.2,9.6,0.3,9.3,0.3,7.5,0.1,7.8,0.2,7.2,0.2,6.8,0.2,7.0,0.3,6.6,0.2,6.6,0.2,6.6,0.2,6.5,0.3,6.9,0.2,7.0,0.2,6.8,0.2,6.3,0.1,6.0,0.2,6.5,0.2,5.4,0.1,5.1,0.2,5.5,0.2,4.0,0.2,3.7,0.2,4.3,0.2,3.0,0.1,2.8,0.2,3.2,0.1,2.4,0.1,2.2,0.1,2.7,0.1,2.0,0.1,1.8,0.1,2.2,0.1,1.7,0.1,1.3,0.1,2.1,0.1,1.5,0.1,1.0,0.1,2.0,0.2,13.6,0.2,14.2,0.3,13.0,0.3,4.3,0.1,4.6,0.2,4.1,0.2,10.6,0.2,11.0,0.3,10.2,0.2,45.3,0.3,46.6,0.3,44.0,0.3,76.9,0.3,75.9,0.3,77.9,0.4,74.1,0.3,72.9,0.3,75.2,0.4,14.6,0.2,12.8,0.2,16.4,0.4,12.8,0.2,11.1,0.2,14.5,0.3,10.6,0.2,9.1,0.2,12.1,0.2,5.2,0.1,4.1,0.1,6.2,0.2,32.6,0.2,31.5,0.3,33.8,0.3,95.0,1.0,(X),(X),(X),(X),57.6,0.6,(X),(X),(X),(X),16.7,0.3,(X),(X),(X),(X),40.9,0.5,(X),(X),(X),(X),0.2,(X),(X),(X),(X),(X),1.1,(X),(X),(X),(X),(X)
5001100US0606,0606,"Congressional District 6 (111th Congress), California",640192,1116,318026,876,322166,962,6.1,0.1,6.2,0.1,6.0,0.1,5.6,0.2,5.8,0.2,5.4,0.2,6.0,0.2,6.2,0.2,5.8,0.2,6.5,0.1,6.8,0.1,6.2,0.1,6.0,0.1,6.5,0.1,5.6,0.1,6.0,0.1,6.6,0.1,5.4,0.1,5.6,0.1,6.1,0.1,5.1,0.1,7.0,0.2,7.5,0.3,6.5,0.3,7.3,0.2,7.3,0.3,7.3,0.3,8.2,0.1,8.0,0.1,8.3,0.1,8.2,0.1,7.9,0.1,8.4,0.1,7.8,0.2,7.6,0.2,8.0,0.2,6.0,0.2,5.7,0.2,6.4,0.2,4.1,0.1,3.8,0.1,4.3,0.1,2.8,0.1,2.6,0.2,3.0,0.1,2.7,0.1,2.2,0.1,3.1,0.2,2.1,0.1,1.7,0.1,2.5,0.1,2.1,0.1,1.5,0.1,2.8,0.2,11.6,0.1,12.0,0.1,11.2,0.1,4.0,0.1,4.2,0.1,3.7,0.1,8.5,0.1,9.1,0.1,8.0,0.1,38.3,0.1,40.7,0.2,36.0,0.1,81.0,0.1,80.5,0.2,81.6,0.2,78.3,0.1,77.6,0.1,79.1,0.1,19.8,0.2,17.5,0.3,22.1,0.2,17.0,0.2,14.8,0.2,19.2,0.2,13.8,0.1,11.8,0.1,15.8,0.1,6.9,0.1,5.3,0.1,8.5,0.1,40.8,0.2,38.8,0.3,42.8,0.2,98.7,0.5,(X),(X),(X),(X),55.0,0.3,(X),(X),(X),(X),21.4,0.2,(X),(X),(X),(X),33.6,0.2,(X),(X),(X),(X),0.2,(X),(X),(X),(X),(X),1.2,(X),(X),(X),(X),(X)
5001100US0607,0607,"Congressional District 7 (111th Congress), California",658295,2240,327851,2191,330444,2046,6.9,0.2,7.0,0.3,6.7,0.2,6.6,0.3,6.8,0.3,6.5,0.3,6.9,0.2,7.2,0.3,6.7,0.3,7.3,0.2,7.7,0.3,6.9,0.2,6.8,0.2,7.1,0.3,6.5,0.2,6.9,0.2,7.2,0.3,6.5,0.2,6.7,0.2,6.9,0.2,6.5,0.2,7.2,0.2,7.4,0.3,7.0,0.3,7.6,0.2,7.8,0.3,7.4,0.3,8.1,0.2,8.0,0.3,8.3,0.2,7.4,0.2,7.0,0.2,7.7,0.2,6.3,0.2,6.2,0.2,6.3,0.2,4.7,0.2,4.6,0.2,4.8,0.2,3.2,0.1,3.0,0.2,3.4,0.1,2.3,0.1,2.2,0.1,2.4,0.2,2.0,0.1,1.6,0.1,2.4,0.2,1.7,0.1,1.3,0.1,2.1,0.1,1.4,0.1,0.9,0.1,2.0,0.2,13.6,0.3,13.9,0.4,13.2,0.3,4.5,0.1,4.7,0.2,4.4,0.2,9.5,0.2,10.0,0.3,9.0,0.3,42.4,0.3,44.1,0.5,40.8,0.4,78.1,0.3,77.4,0.4,78.8,0.3,75.1,0.3,74.3,0.4,75.8,0.3,15.4,0.3,13.6,0.3,17.1,0.4,13.2,0.2,11.4,0.3,15.0,0.3,10.7,0.2,9.0,0.2,12.3,0.3,5.2,0.2,3.9,0.2,6.5,0.2,36.5,0.3,35.1,0.3,37.7,0.3,99.2,1.1,(X),(X),(X),(X),55.3,0.6,(X),(X),(X),(X),16.5,0.3,(X),(X),(X),(X),38.7,0.6,(X),(X),(X),(X),0.2,(X),(X),(X),(X),(X),1.3,(X),(X),(X),(X),(X)
5001100US0608,0608,"Congressional District 8 (111th Congress), California",654280,2516,334711,1812,319569,1808,5.0,0.1,5.2,0.1,4.9,0.1,3.3,0.1,3.3,0.2,3.4,0.2,3.3,0.1,3.3,0.2,3.4,0.2,3.7,0.1,3.6,0.1,3.7,0.1,5.8,0.1,5.8,0.2,5.7,0.2,11.5,0.1,11.3,0.2,11.6,0.2,11.7,0.1,11.6,0.2,11.8,0.2,9.8,0.3,10.6,0.3,8.9,0.3,7.9,0.3,8.5,0.3,7.4,0.3,7.1,0.1,7.8,0.1,6.4,0.2,6.6,0.1,6.9,0.1,6.3,0.1,5.9,0.2,6.0,0.2,5.8,0.2,4.8,0.2,4.6,0.2,4.9,0.2,3.8,0.1,3.5,0.2,4.1,0.2,2.9,0.1,2.6,0.2,3.2,0.2,2.7,0.1,2.3,0.1,3.1,0.2,2.2,0.1,1.7,0.1,2.6,0.2,2.2,0.1,1.4,0.1,3.0,0.2,6.6,0.1,6.6,0.1,6.7,0.1,2.2,0.1,2.2,0.1,2.3,0.1,7.2,0.2,7.3,0.2,7.2,0.2,50.3,0.2,51.4,0.2,49.1,0.3,87.6,0.1,87.5,0.2,87.6,0.2,86.1,0.1,86.1,0.2,86.1,0.2,18.4,0.2,16.2,0.2,20.8,0.3,16.2,0.2,13.9,0.2,18.6,0.2,13.7,0.1,11.5,0.1,15.9,0.2,7.0,0.1,5.4,0.1,8.6,0.2,37.7,0.2,37.5,0.3,37.9,0.2,104.7,0.8,(X),(X),(X),(X),38.1,0.3,(X),(X),(X),(X),18.9,0.2,(X),(X),(X),(X),19.2,0.2,(X),(X),(X),(X),0.3,(X),(X),(X),(X),(X),1.5,(X),(X),(X),(X),(X)
5001100US0609,0609,"Congressional District 9 (111th Congress), California",634700,1355,309189,1963,325511,1978,6.9,0.2,7.2,0.2,6.7,0.2,5.5,0.2,5.8,0.3,5.3,0.2,5.5,0.2,5.7,0.3,5.3,0.2,6.6,0.2,6.8,0.3,6.4,0.3,7.2,0.2,7.5,0.3,6.9,0.3,8.7,0.2,9.2,0.3,8.3,0.3,8.2,0.2,8.5,0.3,7.9,0.2,7.8,0.2,8.0,0.4,7.6,0.3,7.6,0.2,7.8,0.3,7.5,0.3,7.1,0.2,7.1,0.3,7.2,0.2,6.9,0.2,6.7,0.2,7.1,0.2,6.3,0.2,5.9,0.2,6.7,0.3,4.6,0.2,4.6,0.2,4.6,0.2,3.1,0.1,3.0,0.2,3.2,0.2,2.4,0.1,2.2,0.2,2.6,0.2,2.1,0.1,1.8,0.1,2.3,0.2,1.7,0.1,1.3,0.1,2.2,0.1,1.6,0.1,1.1,0.1,2.1,0.2,11.0,0.2,11.5,0.3,10.6,0.3,3.5,0.1,3.7,0.2,3.3,0.2,10.3,0.3,10.7,0.4,10.0,0.3,46.2,0.3,47.8,0.4,44.6,0.4,80.9,0.3,80.2,0.4,81.6,0.4,78.5,0.3,77.6,0.4,79.4,0.4,15.5,0.3,13.9,0.3,17.0,0.4,13.5,0.3,11.9,0.3,15.0,0.4,10.9,0.2,9.3,0.2,12.4,0.3,5.4,0.2,4.2,0.2,6.6,0.2,35.7,0.3,34.6,0.3,36.9,0.3,95.0,1.1,(X),(X),(X),(X),47.9,0.6,(X),(X),(X),(X),16.1,0.3,(X),(X),(X),(X),31.8,0.5,(X),(X),(X),(X),0.2,(X),(X),(X),(X),(X),1.6,(X),(X),(X),(X),(X)
5001100US0610,0610,"Congressional District 10 (111th Congress), California",685555,2660,338107,2613,347448,2375,6.8,0.2,7.2,0.3,6.5,0.3,7.0,0.2,7.2,0.3,6.8,0.3,7.3,0.2,7.5,0.3,7.2,0.3,7.1,0.2,7.3,0.3,6.8,0.2,6.3,0.2,6.6,0.3,5.9,0.3,5.8,0.2,6.1,0.2,5.4,0.2,5.8,0.2,6.1,0.3,5.5,0.2,7.1,0.2,7.0,0.3,7.2,0.3,7.9,0.2,7.9,0.3,7.9,0.3,8.4,0.2,8.4,0.3,8.4,0.2,7.5,0.2,7.6,0.2,7.4,0.2,6.0,0.2,6.0,0.2,6.1,0.2,4.8,0.2,4.6,0.2,5.0,0.2,3.4,0.1,3.3,0.2,3.4,0.2,2.7,0.1,2.4,0.2,3.0,0.2,2.4,0.1,2.0,0.1,2.7,0.2,1.9,0.1,1.5,0.1,2.3,0.2,1.9,0.1,1.3,0.1,2.4,0.2,14.3,0.3,14.7,0.4,14.0,0.4,4.6,0.1,4.8,0.2,4.4,0.2,8.8,0.2,9.2,0.3,8.4,0.3,39.9,0.3,41.1,0.5,38.8,0.4,77.3,0.3,76.5,0.5,78.1,0.4,74.3,0.3,73.4,0.5,75.1,0.4,17.0,0.3,15.1,0.3,18.8,0.3,14.9,0.2,13.2,0.3,16.6,0.3,12.2,0.2,10.4,0.3,13.8,0.2,6.1,0.2,4.8,0.2,7.4,0.2,37.9,0.3,36.5,0.4,39.1,0.4,97.3,1.2,(X),(X),(X),(X),61.0,0.8,(X),(X),(X),(X),19.6,0.4,(X),(X),(X),(X),41.4,0.7,(X),(X),(X),(X),0.2,(X),(X),(X),(X),(X),0.7,(X),(X),(X),(X),(X)
5001100US0611,0611,"Congressional District 11 (111th Congress), California",756552,3671,375919,3209,380633,2419,7.5,0.2,7.7,0.2,7.3,0.2,7.8,0.2,7.7,0.3,7.8,0.3,8.3,0.2,9.0,0.3,7.6,0.3,7.9,0.2,8.3,0.2,7.5,0.2,5.8,0.2,6.0,0.2,5.5,0.2,5.9,0.1,5.9,0.2,5.9,0.2,6.2,0.2,6.3,0.2,6.1,0.2,7.2,0.2,7.0,0.2,7.4,0.3,8.2,0.2,8.1,0.3,8.2,0.2,8.0,0.2,8.0,0.2,8.1,0.2,7.0,0.1,7.1,0.2,6.8,0.2,5.6,0.1,5.6,0.2,5.6,0.2,4.5,0.2,4.3,0.2,4.7,0.2,3.0,0.1,3.0,0.2,3.0,0.2,2.5,0.1,2.4,0.1,2.6,0.1,1.7,0.1,1.5,0.2,1.9,0.2,1.4,0.1,1.1,0.1,1.8,0.1,1.5,0.2,1.0,0.2,2.0,0.3,16.0,0.3,16.6,0.4,15.5,0.3,5.0,0.1,5.3,0.2,4.8,0.2,8.7,0.2,9.1,0.3,8.2,0.2,41.1,0.2,41.7,0.4,40.6,0.3,74.8,0.3,74.0,0.4,75.7,0.3,71.4,0.3,70.4,0.4,72.4,0.3,14.7,0.2,13.3,0.3,16.1,0.3,12.8,0.2,11.4,0.2,14.1,0.3,10.2,0.2,9.1,0.2,11.4,0.2,4.7,0.1,3.7,0.1,5.8,0.2,35.5,0.3,34.3,0.3,36.5,0.3,98.8,1.1,(X),(X),(X),(X),63.5,0.7,(X),(X),(X),(X),16.7,0.3,(X),(X),(X),(X),46.7,0.7,(X),(X),(X),(X),0.2,(X),(X),(X),(X),(X),1.1,(X),(X),(X),(X),(X)
5001100US0612,0612,"Congressional District 12 (111th Congress), California",638695,2965,314137,2322,324558,2211,6.1,0.1,6.3,0.2,6.0,0.2,5.5,0.2,5.7,0.2,5.4,0.2,5.4,0.2,5.5,0.2,5.3,0.2,5.3,0.2,5.6,0.2,5.1,0.2,5.7,0.2,5.9,0.2,5.6,0.2,7.1,0.2,7.5,0.3,6.8,0.3,7.2,0.2,7.6,0.3,6.8,0.2,7.9,0.2,8.3,0.3,7.4,0.3,8.0,0.2,8.0,0.3,7.9,0.2,8.0,0.2,8.2,0.2,7.8,0.2,7.5,0.1,7.7,0.2,7.4,0.2,6.8,0.2,6.7,0.3,6.9,0.3,5.2,0.2,5.1,0.2,5.3,0.2,3.7,0.1,3.6,0.2,3.8,0.2,3.1,0.1,2.7,0.2,3.4,0.1,2.8,0.1,2.4,0.1,3.3,0.2,2.3,0.1,1.8,0.1,2.8,0.2,2.3,0.1,1.5,0.1,3.0,0.2,10.9,0.2,11.1,0.3,10.7,0.2,3.3,0.1,3.5,0.1,3.1,0.1,7.8,0.2,8.0,0.3,7.7,0.2,41.2,0.3,43.0,0.4,39.6,0.4,81.9,0.2,81.5,0.3,82.3,0.3,79.7,0.2,79.1,0.3,80.3,0.3,19.3,0.3,17.0,0.3,21.6,0.4,17.0,0.2,14.7,0.3,19.3,0.3,14.2,0.2,11.9,0.2,16.3,0.3,7.4,0.2,5.7,0.2,9.1,0.3,39.8,0.2,38.7,0.3,40.9,0.2,96.8,1.0,(X),(X),(X),(X),52.7,0.5,(X),(X),(X),(X),21.6,0.3,(X),(X),(X),(X),31.0,0.4,(X),(X),(X),(X),0.3,(X),(X),(X),(X),(X),1.3,(X),(X),(X),(X),(X)
5001100US0613,0613,"Congressional District 13 (111th Congress), California",636597,1473,317581,2021,319016,1991,7.3,0.2,7.6,0.3,6.9,0.3,6.8,0.2,7.1,0.3,6.5,0.3,6.5,0.2,6.7,0.2,6.3,0.3,5.7,0.2,6.0,0.2,5.5,0.3,5.6,0.2,5.7,0.3,5.5,0.2,8.1,0.2,8.4,0.3,7.9,0.3,7.9,0.2,8.1,0.3,7.7,0.3,8.0,0.3,8.1,0.3,7.8,0.3,8.0,0.2,8.1,0.3,7.9,0.3,7.8,0.2,7.9,0.3,7.7,0.2,7.0,0.1,7.0,0.2,7.0,0.2,6.1,0.2,6.0,0.3,6.1,0.3,4.2,0.2,4.1,0.2,4.4,0.2,3.0,0.1,2.9,0.2,3.1,0.2,2.5,0.1,2.2,0.1,2.9,0.2,2.2,0.1,1.7,0.1,2.6,0.2,1.7,0.1,1.4,0.1,2.1,0.2,1.6,0.2,1.1,0.2,2.1,0.3,13.3,0.2,13.8,0.3,12.8,0.3,4.0,0.1,4.1,0.2,3.9,0.2,7.4,0.2,7.7,0.3,7.1,0.2,43.3,0.3,44.4,0.4,42.3,0.4,78.2,0.3,77.3,0.4,79.0,0.4,75.5,0.3,74.6,0.4,76.4,0.4,15.3,0.3,13.4,0.4,17.2,0.3,13.3,0.3,11.5,0.3,15.1,0.3,11.0,0.2,9.3,0.2,12.8,0.3,5.5,0.2,4.2,0.2,6.8,0.3,36.2,0.3,35.2,0.3,37.2,0.4,99.6,1.2,(X),(X),(X),(X),55.2,0.7,(X),(X),(X),(X),17.1,0.4,(X),(X),(X),(X),38.0,0.6,(X),(X),(X),(X),0.3,(X),(X),(X),(X),(X),1.1,(X),(X),(X),(X),(X)
5001100US0614,0614,"Congressional District 14 (111th Congress), California",633566,2458,322625,2820,310941,2262,7.2,0.2,7.1,0.3,7.4,0.3,6.1,0.2,6.2,0.3,5.9,0.2,6.0,0.2,6.0,0.3,5.9,0.2,6.2,0.2,6.6,0.2,5.7,0.3,6.1,0.2,6.5,0.3,5.5,0.3,6.9,0.2,7.4,0.3,6.4,0.3,7.4,0.2,7.7,0.3,7.0,0.3,7.7,0.2,7.8,0.3,7.6,0.3,7.9,0.2,8.3,0.3,7.5,0.3,8.1,0.2,8.0,0.3,8.3,0.3,7.2,0.2,7.1,0.3,7.2,0.2,6.1,0.2,6.0,0.3,6.2,0.2,4.7,0.2,4.5,0.2,5.0,0.2,3.7,0.2,3.5,0.2,3.8,0.2,2.6,0.1,2.4,0.1,2.8,0.2,2.3,0.1,2.0,0.1,2.7,0.2,2.0,0.1,1.6,0.2,2.4,0.2,1.8,0.2,1.2,0.1,2.5,0.2,12.1,0.2,12.3,0.3,11.8,0.3,3.8,0.1,4.0,0.2,3.7,0.2,8.4,0.3,9.2,0.4,7.6,0.3,42.1,0.3,44.3,0.5,39.8,0.4,79.4,0.3,79.3,0.4,79.5,0.4,76.9,0.3,76.7,0.4,77.1,0.4,17.2,0.3,15.2,0.3,19.2,0.4,15.1,0.3,13.3,0.3,17.0,0.4,12.4,0.3,10.7,0.3,14.2,0.4,6.2,0.2,4.8,0.2,7.6,0.4,37.7,0.3,36.4,0.3,39.0,0.3,103.8,1.5,(X),(X),(X),(X),55.2,0.8,(X),(X),(X),(X),19.3,0.5,(X),(X),(X),(X),35.9,0.6,(X),(X),(X),(X),0.3,(X),(X),(X),(X),(X),1.3,(X),(X),(X),(X),(X)
5001100US0615,0615,"Congressional District 15 (111th Congress), California",660915,3498,333122,2420,327793,2677,7.7,0.2,7.8,0.3,7.6,0.3,6.7,0.2,6.6,0.3,6.7,0.3,6.4,0.2,6.5,0.3,6.3,0.2,5.9,0.2,6.0,0.2,5.8,0.3,5.8,0.2,6.0,0.3,5.5,0.3,7.3,0.2,7.4,0.3,7.2,0.3,8.1,0.2,8.5,0.3,7.7,0.3,8.8,0.3,9.0,0.3,8.6,0.3,8.4,0.2,8.8,0.3,8.0,0.3,8.0,0.2,8.3,0.2,7.7,0.3,6.7,0.2,6.7,0.2,6.7,0.2,5.6,0.2,5.4,0.2,5.7,0.3,4.1,0.2,3.9,0.2,4.2,0.2,3.0,0.1,2.9,0.2,3.1,0.2,2.4,0.1,2.1,0.1,2.7,0.2,2.2,0.1,1.8,0.1,2.6,0.2,1.6,0.1,1.2,0.1,1.9,0.2,1.5,0.1,1.0,0.1,1.9,0.2,13.1,0.2,13.1,0.3,13.0,0.3,3.6,0.1,3.6,0.2,3.6,0.2,8.1,0.3,8.4,0.4,7.7,0.3,44.3,0.3,45.8,0.4,42.7,0.4,78.0,0.2,77.9,0.3,78.1,0.4,75.7,0.2,75.5,0.3,75.8,0.4,14.7,0.3,13.0,0.3,16.5,0.3,12.9,0.2,11.2,0.3,14.6,0.3,10.6,0.2,9.0,0.3,12.3,0.3,5.2,0.2,4.0,0.2,6.5,0.2,36.2,0.3,35.7,0.3,36.7,0.3,101.6,1.1,(X),(X),(X),(X),53.8,0.6,(X),(X),(X),(X),16.3,0.3,(X),(X),(X),(X),37.4,0.5,(X),(X),(X),(X),0.4,(X),(X),(X),(X),(X),1.3,(X),(X),(X),(X),(X)
5001100US0616,0616,"Congressional District 16 (111th Congress), California",663755,3958,342458,2666,321297,2763,8.2,0.2,8.2,0.3,8.1,0.3,6.6,0.2,6.7,0.3,6.5,0.3,6.9,0.2,6.9,0.3,6.8,0.3,6.8,0.2,6.7,0.2,6.9,0.2,7.1,0.2,7.0,0.3,7.1,0.3,8.4,0.2,8.8,0.3,7.9,0.3,8.4,0.2,8.8,0.3,7.9,0.3,8.3,0.2,8.7,0.3,7.8,0.3,7.6,0.2,7.9,0.3,7.2,0.3,7.4,0.2,7.6,0.2,7.2,0.2,6.2,0.2,6.3,0.2,6.2,0.2,5.0,0.2,4.6,0.2,5.4,0.2,3.9,0.2,3.8,0.2,4.1,0.2,2.8,0.1,2.6,0.2,3.0,0.2,2.3,0.1,2.0,0.1,2.5,0.1,1.8,0.1,1.5,0.1,2.1,0.2,1.3,0.1,1.0,0.1,1.6,0.1,1.1,0.1,0.8,0.1,1.4,0.1,13.5,0.3,13.6,0.4,13.4,0.3,4.1,0.1,4.1,0.2,4.1,0.2,9.8,0.2,9.6,0.3,9.9,0.3,46.5,0.3,48.0,0.4,44.9,0.4,76.9,0.3,76.8,0.4,77.0,0.4,74.2,0.3,74.0,0.4,74.3,0.5,13.2,0.2,11.7,0.3,14.8,0.3,11.4,0.2,9.9,0.3,13.1,0.3,9.3,0.2,7.9,0.2,10.7,0.2,4.2,0.2,3.3,0.2,5.1,0.2,33.7,0.3,33.3,0.3,34.1,0.3,106.6,1.2,(X),(X),(X),(X),54.0,0.8,(X),(X),(X),(X),14.3,0.3,(X),(X),(X),(X),39.8,0.7,(X),(X),(X),(X),0.3,(X),(X),(X),(X),(X),1.9,(X),(X),(X),(X),(X)
5001100US0617,0617,"Congressional District 17 (111th Congress), California",642426,1338,330011,1019,312415,942,8.3,0.1,8.3,0.1,8.2,0.1,6.7,0.2,6.6,0.2,6.8,0.3,6.8,0.2,7.0,0.2,6.6,0.3,8.1,0.1,8.1,0.2,8.0,0.1,9.1,0.1,9.4,0.2,8.8,0.1,6.9,0.1,7.5,0.1,6.3,0.1,6.8,0.1,7.3,0.1,6.2,0.1,6.8,0.2,7.0,0.3,6.6,0.3,7.1,0.2,7.5,0.3,6.6,0.3,6.9,0.1,6.9,0.1,6.8,0.1,6.6,0.1,6.4,0.1,6.8,0.1,5.7,0.1,5.5,0.2,5.8,0.2,4.2,0.1,4.0,0.2,4.5,0.2,2.8,0.1,2.5,0.1,3.0,0.1,2.3,0.1,2.1,0.1,2.5,0.1,1.9,0.1,1.6,0.1,2.3,0.1,1.8,0.1,1.4,0.1,2.1,0.2,1.4,0.1,0.9,0.1,2.0,0.2,13.5,0.1,13.6,0.1,13.4,0.1,4.3,0.1,4.3,0.1,4.2,0.1,12.9,0.1,13.3,0.2,12.5,0.1,44.7,0.1,46.8,0.2,42.5,0.2,76.9,0.1,76.7,0.2,77.0,0.2,74.0,0.1,73.8,0.1,74.1,0.1,14.4,0.1,12.5,0.2,16.4,0.2,12.5,0.1,10.6,0.2,14.5,0.2,10.2,0.1,8.5,0.1,12.0,0.1,5.1,0.1,3.9,0.1,6.4,0.1,33.0,0.2,32.0,0.2,34.2,0.2,105.6,0.5,(X),(X),(X),(X),56.8,0.2,(X),(X),(X),(X),16.0,0.1,(X),(X),(X),(X),40.8,0.2,(X),(X),(X),(X),0.2,(X),(X),(X),(X),(X),0.9,(X),(X),(X),(X),(X)
5001100US0618,0618,"Congressional District 18 (111th Congress), California",700246,4257,352730,2988,347516,2599,9.2,0.2,9.3,0.2,9.1,0.2,8.6,0.2,8.6,0.3,8.7,0.3,8.9,0.2,9.2,0.3,8.6,0.3,8.6,0.1,8.8,0.2,8.3,0.2,7.6,0.2,7.9,0.2,7.3,0.2,7.6,0.2,8.0,0.2,7.1,0.2,6.8,0.1,6.9,0.2,6.6,0.2,6.7,0.2,6.7,0.3,6.6,0.3,6.7,0.2,6.9,0.3,6.5,0.2,6.5,0.1,6.5,0.2,6.5,0.2,5.6,0.1,5.5,0.2,5.7,0.2,4.6,0.2,4.8,0.2,4.5,0.2,3.5,0.1,3.2,0.2,3.8,0.2,2.7,0.1,2.5,0.1,3.0,0.2,2.2,0.1,1.9,0.1,2.4,0.1,1.8,0.1,1.5,0.1,2.1,0.1,1.3,0.1,1.0,0.1,1.6,0.1,1.1,0.1,0.8,0.1,1.5,0.1,17.5,0.2,17.8,0.3,17.3,0.3,5.6,0.1,5.7,0.2,5.4,0.2,10.6,0.2,11.0,0.3,10.2,0.2,43.8,0.2,45.2,0.3,42.4,0.3,71.4,0.3,71.1,0.4,71.8,0.4,67.7,0.3,67.2,0.4,68.2,0.3,12.7,0.2,11.0,0.3,14.4,0.3,11.1,0.2,9.5,0.3,12.8,0.3,9.1,0.2,7.7,0.2,10.6,0.2,4.3,0.1,3.4,0.1,5.2,0.2,29.7,0.2,28.9,0.3,30.6,0.2,101.5,1.1,(X),(X),(X),(X),70.8,0.7,(X),(X),(X),(X),15.6,0.3,(X),(X),(X),(X),55.2,0.6,(X),(X),(X),(X),0.2,(X),(X),(X),(X),(X),1.1,(X),(X),(X),(X),(X)
5001100US0619,0619,"Congressional District 19 (111th Congress), California",736330,4525,364909,2678,371421,3278,7.5,0.2,7.7,0.3,7.3,0.2,7.0,0.2,7.3,0.3,6.7,0.3,8.1,0.2,8.5,0.3,7.7,0.3,7.6,0.2,7.9,0.2,7.4,0.2,7.1,0.2,7.6,0.3,6.6,0.2,7.4,0.2,7.6,0.3,7.1,0.2,6.3,0.2,6.5,0.2,6.1,0.2,6.7,0.2,6.8,0.3,6.7,0.3,6.8,0.2,6.6,0.3,6.9,0.3,7.2,0.1,7.1,0.2,7.3,0.2,6.5,0.1,6.2,0.2,6.8,0.2,5.7,0.2,5.5,0.2,5.9,0.2,4.7,0.1,4.5,0.2,4.8,0.2,3.4,0.1,3.3,0.2,3.6,0.2,2.6,0.1,2.4,0.1,2.8,0.1,2.1,0.1,1.9,0.1,2.4,0.1,1.7,0.1,1.5,0.1,1.8,0.2,1.6,0.1,1.0,0.1,2.1,0.1,15.1,0.2,15.8,0.3,14.4,0.3,4.8,0.1,5.0,0.2,4.7,0.2,9.9,0.2,10.5,0.3,9.3,0.3,41.9,0.3,43.0,0.4,40.8,0.4,75.8,0.3,75.1,0.4,76.6,0.4,72.6,0.2,71.5,0.4,73.6,0.4,16.1,0.2,14.7,0.3,17.5,0.3,14.1,0.2,12.7,0.3,15.4,0.3,11.4,0.2,10.2,0.2,12.7,0.3,5.4,0.1,4.4,0.1,6.3,0.2,34.2,0.3,32.6,0.4,35.8,0.3,98.2,1.0,(X),(X),(X),(X),63.6,0.7,(X),(X),(X),(X),18.7,0.3,(X),(X),(X),(X),44.9,0.6,(X),(X),(X),(X),0.2,(X),(X),(X),(X),(X),1.1,(X),(X),(X),(X),(X)
5001100US0620,0620,"Congressional District 20 (111th Congress), California",698332,4671,378720,2953,319612,2911,10.0,0.2,9.4,0.2,10.7,0.3,9.0,0.2,8.4,0.3,9.6,0.3,9.1,0.2,8.9,0.3,9.4,0.3,8.6,0.2,8.4,0.2,8.9,0.3,8.7,0.2,9.3,0.3,7.9,0.2,8.4,0.2,9.2,0.2,7.4,0.2,7.7,0.2,8.3,0.2,7.0,0.2,7.1,0.2,7.7,0.3,6.3,0.3,6.5,0.2,7.0,0.3,5.9,0.3,5.9,0.1,6.1,0.2,5.8,0.2,5.0,0.1,5.0,0.2,5.0,0.2,3.9,0.2,3.7,0.2,4.1,0.2,2.9,0.1,2.5,0.2,3.3,0.2,2.3,0.1,2.1,0.1,2.5,0.2,1.7,0.1,1.4,0.1,2.1,0.2,1.3,0.1,1.0,0.1,1.7,0.1,1.1,0.1,0.9,0.1,1.3,0.1,0.9,0.1,0.6,0.1,1.2,0.1,18.1,0.2,17.3,0.3,19.0,0.3,5.3,0.1,5.0,0.2,5.7,0.2,11.9,0.2,12.6,0.3,11.1,0.3,46.9,0.3,49.9,0.4,43.4,0.4,70.1,0.3,71.4,0.4,68.5,0.4,66.6,0.3,68.2,0.4,64.7,0.4,10.2,0.2,8.6,0.2,12.1,0.3,8.9,0.2,7.4,0.2,10.8,0.3,7.3,0.2,6.0,0.2,8.8,0.2,3.3,0.1,2.5,0.1,4.2,0.2,27.7,0.2,28.0,0.3,27.3,0.3,118.5,1.2,(X),(X),(X),(X),68.6,0.8,(X),(X),(X),(X),12.3,0.3,(X),(X),(X),(X),56.3,0.7,(X),(X),(X),(X),0.2,(X),(X),(X),(X),(X),1.5,(X),(X),(X),(X),(X)
5001100US0621,0621,"Congressional District 21 (111th Congress), California",743675,3532,370617,2381,373058,2267,9.2,0.2,9.4,0.2,8.9,0.2,8.3,0.2,8.4,0.3,8.2,0.3,8.6,0.2,8.9,0.3,8.4,0.2,8.5,0.1,8.7,0.2,8.3,0.2,7.6,0.1,7.9,0.2,7.3,0.2,7.4,0.1,7.8,0.2,7.1,0.2,6.4,0.1,6.6,0.2,6.1,0.1,6.4,0.2,6.5,0.3,6.3,0.2,6.5,0.2,6.5,0.3,6.4,0.2,6.5,0.1,6.4,0.2,6.6,0.1,5.9,0.1,5.8,0.1,6.0,0.1,4.9,0.1,4.8,0.2,5.0,0.2,3.9,0.1,3.8,0.2,3.9,0.2,2.8,0.1,2.7,0.1,3.0,0.1,2.3,0.1,2.1,0.1,2.4,0.1,1.9,0.1,1.7,0.1,2.1,0.1,1.4,0.1,1.1,0.1,1.8,0.1,1.5,0.2,0.9,0.1,2.0,0.3,16.9,0.2,17.2,0.2,16.6,0.2,5.3,0.1,5.4,0.1,5.3,0.1,10.8,0.1,11.2,0.2,10.4,0.2,42.8,0.2,44.0,0.3,41.6,0.3,72.2,0.2,71.5,0.3,72.8,0.3,68.6,0.2,68.0,0.3,69.2,0.3,13.8,0.2,12.3,0.2,15.2,0.3,12.0,0.2,10.6,0.2,13.4,0.3,9.9,0.2,8.5,0.1,11.3,0.2,4.8,0.1,3.7,0.1,5.9,0.3,30.3,0.2,29.2,0.3,31.4,0.3,99.3,0.8,(X),(X),(X),(X),70.4,0.6,(X),(X),(X),(X),16.9,0.3,(X),(X),(X),(X),53.5,0.5,(X),(X),(X),(X),0.3,(X),(X),(X),(X),(X),2.7,(X),(X),(X),(X),(X)
5001100US0622,0622,"Congressional District 22 (111th Congress), California",747835,3490,380360,2846,367475,2090,7.7,0.1,7.6,0.3,7.7,0.2,7.3,0.2,7.1,0.2,7.6,0.3,7.8,0.2,8.0,0.3,7.6,0.2,8.3,0.2,8.5,0.2,8.2,0.2,7.1,0.2,7.4,0.2,6.8,0.2,6.9,0.1,7.4,0.2,6.4,0.2,5.9,0.1,6.4,0.2,5.4,0.2,6.6,0.2,6.8,0.3,6.4,0.2,7.3,0.2,7.7,0.3,6.9,0.2,7.8,0.1,7.8,0.2,7.7,0.2,6.8,0.1,6.8,0.2,6.8,0.2,5.6,0.2,5.4,0.2,5.8,0.2,4.3,0.1,4.2,0.2,4.4,0.2,3.3,0.1,3.1,0.1,3.5,0.1,2.5,0.1,2.1,0.1,2.8,0.1,1.9,0.1,1.6,0.1,2.2,0.2,1.5,0.1,1.2,0.1,1.8,0.1,1.3,0.1,0.8,0.1,1.8,0.2,15.2,0.2,15.1,0.3,15.2,0.2,5.0,0.1,5.1,0.2,5.0,0.2,10.4,0.2,10.8,0.2,10.0,0.3,42.2,0.3,44.1,0.4,40.1,0.3,75.5,0.2,75.6,0.4,75.4,0.3,72.1,0.2,72.2,0.4,72.1,0.3,14.8,0.2,13.1,0.3,16.6,0.3,13.0,0.2,11.3,0.2,14.8,0.2,10.5,0.2,8.9,0.2,12.2,0.2,4.8,0.1,3.7,0.1,5.9,0.2,34.1,0.2,33.2,0.3,35.2,0.3,103.5,1.0,(X),(X),(X),(X),62.3,0.6,(X),(X),(X),(X),17.1,0.3,(X),(X),(X),(X),45.2,0.5,(X),(X),(X),(X),0.2,(X),(X),(X),(X),(X),0.9,(X),(X),(X),(X),(X)
5001100US0623,0623,"Congressional District 23 (111th Congress), California",658515,2329,334104,2237,324411,1864,7.4,0.2,7.4,0.2,7.4,0.3,6.0,0.2,6.1,0.3,5.9,0.3,6.3,0.2,6.4,0.3,6.3,0.3,8.9,0.2,9.1,0.2,8.7,0.3,12.7,0.2,13.5,0.3,12.0,0.3,5.9,0.2,6.5,0.2,5.2,0.2,5.8,0.1,6.3,0.2,5.3,0.2,6.1,0.2,6.4,0.3,5.9,0.3,6.4,0.2,6.6,0.3,6.2,0.3,6.5,0.2,6.3,0.2,6.6,0.2,6.3,0.1,6.2,0.2,6.4,0.2,5.3,0.2,5.0,0.2,5.6,0.2,4.3,0.2,4.0,0.2,4.6,0.2,3.2,0.1,3.0,0.2,3.5,0.2,2.5,0.1,2.4,0.1,2.7,0.2,2.5,0.1,2.0,0.1,2.9,0.2,2.0,0.1,1.5,0.1,2.4,0.2,1.9,0.1,1.4,0.1,2.4,0.2,12.3,0.2,12.5,0.3,12.2,0.3,4.1,0.1,4.3,0.2,3.9,0.2,17.5,0.3,18.2,0.3,16.8,0.3,45.8,0.3,48.3,0.4,43.3,0.3,78.9,0.3,78.7,0.4,79.1,0.4,76.2,0.3,75.8,0.4,76.6,0.4,16.4,0.2,14.3,0.3,18.6,0.3,14.5,0.2,12.5,0.2,16.5,0.2,12.1,0.1,10.3,0.2,14.0,0.2,6.3,0.1,4.9,0.2,7.8,0.2,32.3,0.3,30.8,0.3,34.3,0.3,103.0,1.1,(X),(X),(X),(X),56.1,0.6,(X),(X),(X),(X),18.9,0.3,(X),(X),(X),(X),37.2,0.5,(X),(X),(X),(X),0.2,(X),(X),(X),(X),(X),1.1,(X),(X),(X),(X),(X)
5001100US0624,0624,"Congressional District 24 (111th Congress), California",664762,2068,330941,1980,333821,1693,6.9,0.2,7.1,0.2,6.7,0.2,6.6,0.2,6.8,0.2,6.3,0.2,7.5,0.2,7.7,0.2,7.4,0.3,7.6,0.1,7.7,0.2,7.4,0.2,6.4,0.2,6.6,0.2,6.2,0.2,5.4,0.1,5.6,0.2,5.2,0.2,5.3,0.1,5.6,0.2,5.0,0.2,6.7,0.2,7.0,0.3,6.5,0.2,7.6,0.2,7.6,0.3,7.7,0.2,8.6,0.1,8.7,0.2,8.5,0.2,7.7,0.1,7.6,0.2,7.8,0.2,6.4,0.2,6.4,0.2,6.5,0.2,4.8,0.2,5.0,0.2,4.7,0.2,3.5,0.1,3.3,0.1,3.8,0.2,2.9,0.1,2.7,0.1,3.1,0.2,2.3,0.1,2.0,0.1,2.6,0.2,1.9,0.1,1.5,0.1,2.4,0.1,1.7,0.1,1.2,0.1,2.2,0.2,14.1,0.2,14.5,0.3,13.7,0.2,4.8,0.1,4.8,0.1,4.7,0.1,9.2,0.2,9.6,0.3,8.9,0.2,39.1,0.2,40.1,0.3,38.1,0.3,77.5,0.2,76.8,0.4,78.2,0.3,74.2,0.2,73.6,0.3,74.9,0.3,17.2,0.2,15.6,0.3,18.8,0.3,14.9,0.2,13.2,0.3,16.7,0.2,12.3,0.1,10.6,0.2,14.0,0.2,5.9,0.1,4.6,0.1,7.1,0.2,38.3,0.2,37.1,0.2,39.5,0.3,99.1,0.9,(X),(X),(X),(X),61.6,0.6,(X),(X),(X),(X),20.0,0.2,(X),(X),(X),(X),41.7,0.5,(X),(X),(X),(X),0.2,(X),(X),(X),(X),(X),0.7,(X),(X),(X),(X),(X)
5001100US0625,0625,"Congressional District 25 (111th Congress), California",784227,3993,397988,2929,386239,3306,8.3,0.3,8.5,0.3,8.1,0.4,8.3,0.2,8.5,0.3,8.1,0.3,9.2,0.3,9.2,0.4,9.2,0.4,8.7,0.2,9.3,0.3,8.0,0.3,6.5,0.2,6.7,0.3,6.2,0.3,6.6,0.2,6.6,0.2,6.5,0.3,6.8,0.2,6.9,0.3,6.7,0.3,7.2,0.2,7.1,0.2,7.2,0.3,7.8,0.2,7.9,0.3,7.6,0.3,8.0,0.2,7.8,0.3,8.2,0.3,6.4,0.2,6.2,0.2,6.6,0.3,4.9,0.2,4.9,0.2,4.8,0.2,3.8,0.1,3.7,0.2,3.9,0.2,2.6,0.1,2.5,0.2,2.7,0.2,2.0,0.1,1.8,0.1,2.2,0.1,1.4,0.1,1.2,0.1,1.6,0.1,1.1,0.1,0.7,0.1,1.4,0.1,0.8,0.1,0.5,0.1,1.1,0.1,17.4,0.3,17.6,0.5,17.2,0.4,5.5,0.2,5.8,0.3,5.2,0.2,9.6,0.2,10.1,0.3,9.0,0.3,43.4,0.3,44.5,0.5,42.2,0.3,72.3,0.3,71.9,0.4,72.8,0.5,68.7,0.3,68.1,0.4,69.4,0.5,11.6,0.2,10.4,0.3,12.9,0.3,10.0,0.2,8.8,0.3,11.3,0.3,7.8,0.2,6.7,0.2,9.0,0.3,3.3,0.1,2.5,0.1,4.1,0.2,31.9,0.3,30.9,0.3,33.0,0.4,103.0,1.3,(X),(X),(X),(X),64.3,0.8,(X),(X),(X),(X),12.9,0.3,(X),(X),(X),(X),51.4,0.7,(X),(X),(X),(X),0.2,(X),(X),(X),(X),(X),0.9,(X),(X),(X),(X),(X)
5001100US0626,0626,"Congressional District 26 (111th Congress), California",698814,2942,341251,2865,357563,3010,6.3,0.2,6.5,0.3,6.1,0.3,6.6,0.2,7.0,0.3,6.3,0.3,7.4,0.2,7.9,0.3,6.9,0.3,8.1,0.2,8.5,0.4,7.7,0.3,6.7,0.2,6.9,0.3,6.5,0.3,6.1,0.2,6.2,0.3,5.9,0.3,6.0,0.2,6.2,0.3,5.7,0.2,7.0,0.2,6.8,0.3,7.2,0.3,7.5,0.2,7.3,0.3,7.7,0.3,8.2,0.2,8.4,0.3,8.1,0.3,7.9,0.2,7.8,0.3,8.0,0.3,6.2,0.2,6.2,0.2,6.3,0.3,4.5,0.2,4.3,0.2,4.6,0.3,3.3,0.1,3.2,0.2,3.4,0.2,2.8,0.1,2.7,0.1,3.0,0.2,2.1,0.1,1.7,0.1,2.5,0.1,1.8,0.1,1.4,0.1,2.2,0.2,1.5,0.1,1.0,0.1,1.9,0.1,14.0,0.3,14.9,0.4,13.2,0.4,5.0,0.2,5.2,0.3,4.9,0.2,9.8,0.2,10.2,0.4,9.4,0.3,41.3,0.3,41.9,0.5,40.8,0.5,78.1,0.3,77.0,0.5,79.2,0.5,74.7,0.3,73.4,0.5,75.9,0.5,16.0,0.3,14.4,0.4,17.5,0.4,13.9,0.3,12.4,0.3,15.3,0.3,11.5,0.2,10.0,0.3,12.9,0.3,5.4,0.2,4.2,0.2,6.5,0.2,37.0,0.3,35.5,0.4,38.4,0.4,95.4,1.4,(X),(X),(X),(X),58.3,0.8,(X),(X),(X),(X),18.2,0.4,(X),(X),(X),(X),40.1,0.6,(X),(X),(X),(X),0.3,(X),(X),(X),(X),(X),1.1,(X),(X),(X),(X),(X)
5001100US0627,0627,"Congressional District 27 (111th Congress), California",671793,5727,335286,3821,336507,3692,6.9,0.2,7.5,0.4,6.4,0.3,6.3,0.2,6.6,0.3,6.0,0.3,7.0,0.2,7.2,0.3,6.7,0.3,6.7,0.2,7.1,0.3,6.3,0.3,6.9,0.3,7.3,0.4,6.4,0.3,7.9,0.3,8.3,0.4,7.5,0.3,7.6,0.3,7.7,0.4,7.4,0.3,7.9,0.2,7.9,0.4,7.9,0.3,7.9,0.3,7.9,0.4,8.0,0.3,7.3,0.3,7.4,0.4,7.2,0.3,6.6,0.2,6.4,0.3,6.7,0.3,5.7,0.2,5.4,0.3,6.1,0.2,4.3,0.2,4.1,0.2,4.5,0.2,3.1,0.1,2.9,0.2,3.4,0.2,2.4,0.1,2.1,0.2,2.8,0.2,2.1,0.1,1.7,0.1,2.4,0.2,1.8,0.1,1.4,0.2,2.2,0.2,1.6,0.1,1.1,0.1,2.1,0.2,13.3,0.2,13.8,0.4,12.8,0.4,4.2,0.2,4.4,0.2,4.0,0.2,9.4,0.3,10.0,0.4,8.8,0.4,44.9,0.4,46.3,0.5,43.5,0.5,78.4,0.3,77.3,0.5,79.4,0.5,75.6,0.3,74.3,0.5,76.9,0.5,15.3,0.3,13.3,0.3,17.3,0.4,13.4,0.3,11.4,0.3,15.4,0.3,11.0,0.2,9.2,0.3,12.9,0.4,5.5,0.2,4.2,0.2,6.7,0.3,35.5,0.3,33.8,0.4,37.0,0.4,99.6,1.4,(X),(X),(X),(X),54.9,0.7,(X),(X),(X),(X),17.1,0.4,(X),(X),(X),(X),37.8,0.5,(X),(X),(X),(X),0.1,(X),(X),(X),(X),(X),1.3,(X),(X),(X),(X),(X)
5001100US0628,0628,"Congressional District 28 (111th Congress), California",654464,5489,327650,3982,326814,3430,8.0,0.2,8.0,0.4,7.9,0.3,6.9,0.2,7.0,0.3,6.7,0.4,7.2,0.2,7.3,0.3,7.2,0.3,6.8,0.2,6.8,0.3,6.9,0.3,7.2,0.3,7.2,0.4,7.1,0.3,9.4,0.3,10.0,0.4,8.7,0.4,8.5,0.3,8.9,0.3,8.0,0.4,8.0,0.2,8.5,0.3,7.6,0.3,7.7,0.2,7.8,0.3,7.6,0.3,6.8,0.3,6.9,0.3,6.7,0.4,6.2,0.2,6.1,0.3,6.2,0.3,4.7,0.2,4.3,0.2,5.0,0.3,3.5,0.2,3.1,0.2,3.8,0.2,2.6,0.1,2.4,0.2,2.8,0.2,2.2,0.1,2.0,0.2,2.4,0.2,1.7,0.1,1.4,0.1,1.9,0.2,1.6,0.1,1.2,0.2,2.1,0.2,1.2,0.1,1.0,0.1,1.5,0.2,14.1,0.3,14.2,0.4,13.9,0.5,4.2,0.2,4.2,0.2,4.3,0.2,9.8,0.3,9.8,0.4,9.7,0.4,47.5,0.4,49.2,0.6,45.8,0.5,76.5,0.3,76.4,0.4,76.6,0.5,73.7,0.3,73.5,0.4,73.9,0.5,12.8,0.3,11.2,0.4,14.4,0.5,11.2,0.3,9.7,0.4,12.8,0.4,9.3,0.3,8.0,0.3,10.6,0.4,4.5,0.2,3.6,0.3,5.5,0.3,32.7,0.3,32.0,0.3,33.5,0.4,100.3,1.5,(X),(X),(X),(X),55.3,0.7,(X),(X),(X),(X),14.5,0.5,(X),(X),(X),(X),40.9,0.6,(X),(X),(X),(X),0.2,(X),(X),(X),(X),(X),1.4,(X),(X),(X),(X),(X)
5001100US0629,0629,"Congressional District 29 (111th Congress), California",654991,2335,315784,2433,339207,2726,5.8,0.3,6.3,0.4,5.3,0.3,5.2,0.2,5.6,0.3,4.8,0.3,5.9,0.2,6.1,0.3,5.8,0.3,6.0,0.2,6.4,0.3,5.7,0.2,6.0,0.2,6.5,0.3,5.6,0.3,7.6,0.3,7.7,0.4,7.5,0.4,7.6,0.3,7.9,0.4,7.2,0.3,8.0,0.2,7.8,0.3,8.1,0.3,7.7,0.3,7.9,0.4,7.6,0.2,8.0,0.3,8.3,0.4,7.7,0.3,7.4,0.2,7.3,0.3,7.5,0.3,6.0,0.2,6.0,0.3,6.0,0.3,4.6,0.2,4.3,0.3,4.9,0.3,3.8,0.2,3.5,0.2,4.0,0.3,3.3,0.2,2.9,0.2,3.6,0.2,2.6,0.1,2.5,0.2,2.8,0.2,2.2,0.1,1.8,0.1,2.5,0.2,2.3,0.2,1.4,0.1,3.1,0.3,11.1,0.3,11.7,0.4,10.6,0.4,3.8,0.2,4.0,0.2,3.6,0.2,8.2,0.2,8.8,0.4,7.7,0.3,42.9,0.4,44.1,0.5,41.8,0.5,81.9,0.3,80.7,0.4,83.0,0.5,79.3,0.3,78.0,0.4,80.5,0.5,18.7,0.4,16.2,0.4,21.1,0.5,16.8,0.3,14.5,0.3,19.0,0.5,14.1,0.3,12.0,0.3,16.1,0.5,7.1,0.3,5.6,0.2,8.4,0.4,38.7,0.3,37.3,0.4,39.9,0.4,93.1,1.3,(X),(X),(X),(X),53.5,0.8,(X),(X),(X),(X),21.7,0.6,(X),(X),(X),(X),31.8,0.6,(X),(X),(X),(X),0.3,(X),(X),(X),(X),(X),1.7,(X),(X),(X),(X),(X)
5001100US0630,0630,"Congressional District 30 (111th Congress), California",659647,5201,321119,3721,338528,3130,5.0,0.2,5.3,0.3,4.7,0.2,4.6,0.2,5.0,0.3,4.3,0.2,5.0,0.2,5.1,0.3,4.9,0.3,5.7,0.2,5.6,0.3,5.8,0.3,6.6,0.2,6.4,0.3,6.8,0.4,8.2,0.3,8.0,0.4,8.3,0.4,7.8,0.2,7.9,0.3,7.7,0.3,7.6,0.3,8.1,0.4,7.1,0.3,7.8,0.3,8.3,0.4,7.3,0.3,7.8,0.3,8.2,0.4,7.5,0.3,7.1,0.2,7.2,0.3,6.9,0.3,6.5,0.2,6.3,0.3,6.7,0.3,5.4,0.2,5.4,0.3,5.4,0.2,3.8,0.2,3.7,0.2,4.0,0.2,3.1,0.1,3.0,0.2,3.2,0.2,2.9,0.1,2.7,0.2,3.1,0.2,2.7,0.1,2.2,0.2,3.3,0.2,2.5,0.2,1.7,0.1,3.2,0.3,9.6,0.3,10.0,0.4,9.1,0.4,3.2,0.1,3.3,0.2,3.2,0.2,9.1,0.3,8.7,0.4,9.5,0.4,43.6,0.4,44.3,0.5,43.0,0.5,84.4,0.3,83.6,0.5,85.1,0.4,82.2,0.3,81.4,0.5,83.0,0.4,20.4,0.4,18.7,0.5,22.1,0.4,18.0,0.3,16.2,0.4,19.8,0.4,15.0,0.3,13.3,0.3,16.7,0.4,8.1,0.3,6.6,0.3,9.6,0.4,39.7,0.4,39.1,0.4,40.3,0.3,94.9,1.3,(X),(X),(X),(X),48.8,0.9,(X),(X),(X),(X),22.4,0.5,(X),(X),(X),(X),26.4,0.6,(X),(X),(X),(X),0.2,(X),(X),(X),(X),(X),0.9,(X),(X),(X),(X),(X)
5001100US0631,0631,"Congressional District 31 (111th Congress), California",634732,5803,327557,4244,307175,3815,8.2,0.2,8.3,0.4,8.0,0.4,6.7,0.2,6.5,0.3,6.9,0.3,7.3,0.2,7.4,0.3,7.1,0.3,7.0,0.2,7.2,0.3,6.8,0.3,8.1,0.3,8.4,0.4,7.8,0.4,9.4,0.3,9.8,0.4,8.9,0.4,9.2,0.3,9.7,0.4,8.6,0.4,8.5,0.3,9.1,0.4,7.9,0.3,7.5,0.3,7.8,0.4,7.1,0.3,6.5,0.2,6.5,0.3,6.4,0.3,5.7,0.2,5.2,0.3,6.2,0.3,4.5,0.2,4.3,0.2,4.7,0.3,3.4,0.1,3.1,0.2,3.7,0.2,2.3,0.1,1.8,0.2,2.8,0.2,1.9,0.1,1.6,0.1,2.2,0.2,1.7,0.1,1.4,0.1,1.9,0.2,1.2,0.1,1.0,0.2,1.4,0.1,1.0,0.1,0.6,0.1,1.5,0.2,13.9,0.3,13.9,0.4,14.0,0.5,4.4,0.1,4.5,0.2,4.2,0.2,10.8,0.3,11.2,0.4,10.4,0.5,49.7,0.4,52.1,0.7,47.1,0.5,76.5,0.4,76.4,0.6,76.6,0.6,73.5,0.4,73.3,0.5,73.7,0.6,11.5,0.3,9.6,0.4,13.5,0.4,10.0,0.3,8.3,0.3,11.9,0.3,8.1,0.3,6.5,0.3,9.8,0.3,3.9,0.2,3.0,0.3,4.8,0.3,31.8,0.4,31.0,0.4,32.6,0.4,106.6,1.9,(X),(X),(X),(X),52.9,0.9,(X),(X),(X),(X),12.4,0.4,(X),(X),(X),(X),40.5,0.8,(X),(X),(X),(X),0.2,(X),(X),(X),(X),(X),1.4,(X),(X),(X),(X),(X)
5001100US0632,0632,"Congressional District 32 (111th Congress), California",649609,2817,321914,2751,327695,2637,7.6,0.3,7.7,0.3,7.5,0.4,7.3,0.2,7.7,0.4,7.0,0.3,7.8,0.3,8.1,0.4,7.6,0.3,7.9,0.3,8.2,0.4,7.6,0.4,7.7,0.2,8.1,0.4,7.3,0.3,7.8,0.3,8.0,0.4,7.5,0.3,7.4,0.3,7.8,0.4,7.1,0.3,7.2,0.2,7.5,0.4,7.0,0.3,7.3,0.2,7.5,0.3,7.0,0.3,7.0,0.2,7.0,0.3,7.1,0.3,6.0,0.3,5.9,0.3,6.0,0.3,5.1,0.2,4.8,0.2,5.4,0.3,3.7,0.2,3.4,0.2,4.0,0.2,2.9,0.1,2.7,0.2,3.0,0.2,2.5,0.1,2.1,0.2,2.9,0.2,2.0,0.1,1.8,0.2,2.2,0.2,1.5,0.1,1.1,0.1,1.9,0.2,1.3,0.1,0.8,0.1,1.9,0.3,15.2,0.3,15.8,0.5,14.6,0.4,4.8,0.2,4.8,0.3,4.8,0.3,10.8,0.3,11.4,0.4,10.1,0.4,45.3,0.4,47.0,0.5,43.6,0.6,75.7,0.4,75.0,0.6,76.3,0.5,72.4,0.4,71.7,0.6,73.2,0.5,13.9,0.3,11.8,0.3,15.9,0.5,12.3,0.3,10.5,0.3,14.1,0.5,10.2,0.3,8.4,0.3,11.9,0.5,4.8,0.2,3.6,0.2,6.0,0.4,32.6,0.3,31.4,0.4,34.0,0.4,98.2,1.4,(X),(X),(X),(X),60.6,1.2,(X),(X),(X),(X),16.3,0.5,(X),(X),(X),(X),44.3,0.9,(X),(X),(X),(X),0.2,(X),(X),(X),(X),(X),1.6,(X),(X),(X),(X),(X)
5001100US0633,0633,"Congressional District 33 (111th Congress), California",644546,5859,313852,3915,330694,3980,6.6,0.2,6.8,0.4,6.3,0.4,5.6,0.2,5.8,0.3,5.3,0.3,6.0,0.2,6.2,0.4,5.7,0.3,6.9,0.3,7.0,0.4,6.8,0.5,7.9,0.3,8.4,0.4,7.4,0.4,10.2,0.3,10.7,0.5,9.7,0.4,8.7,0.3,9.2,0.4,8.2,0.4,8.2,0.3,8.6,0.4,7.7,0.3,7.5,0.2,7.7,0.3,7.4,0.3,6.9,0.3,6.9,0.4,7.0,0.3,6.2,0.2,6.1,0.3,6.3,0.3,5.1,0.2,4.7,0.2,5.5,0.3,4.1,0.2,3.7,0.2,4.4,0.3,2.8,0.1,2.5,0.1,3.2,0.2,2.5,0.1,2.0,0.2,2.9,0.2,1.9,0.1,1.5,0.1,2.3,0.2,1.5,0.1,1.1,0.1,1.9,0.2,1.5,0.1,1.0,0.1,2.0,0.2,11.5,0.3,12.0,0.4,11.1,0.4,3.7,0.2,3.8,0.3,3.6,0.3,11.1,0.4,11.6,0.5,10.6,0.6,49.4,0.4,51.6,0.6,47.2,0.5,80.6,0.3,79.9,0.5,81.2,0.5,78.2,0.3,77.4,0.5,79.0,0.5,14.3,0.3,11.8,0.3,16.6,0.4,12.4,0.3,10.0,0.3,14.7,0.4,10.2,0.2,8.0,0.2,12.3,0.4,4.9,0.2,3.6,0.2,6.1,0.3,34.0,0.3,32.7,0.4,35.3,0.4,94.9,1.6,(X),(X),(X),(X),47.0,0.8,(X),(X),(X),(X),15.0,0.3,(X),(X),(X),(X),32.0,0.6,(X),(X),(X),(X),0.2,(X),(X),(X),(X),(X),1.0,(X),(X),(X),(X),(X)
5001100US0634,0634,"Congressional District 34 (111th Congress), California",640367,4941,330825,3742,309542,2911,9.0,0.3,9.0,0.4,8.9,0.4,7.9,0.2,7.8,0.3,8.0,0.3,8.5,0.2,8.5,0.3,8.5,0.3,8.4,0.3,8.5,0.4,8.1,0.4,8.0,0.3,8.4,0.4,7.5,0.3,8.9,0.3,9.6,0.4,8.1,0.4,8.4,0.3,8.5,0.4,8.3,0.4,7.7,0.2,7.8,0.4,7.5,0.3,6.9,0.2,7.1,0.3,6.7,0.3,6.0,0.2,6.0,0.3,5.9,0.3,5.0,0.2,5.1,0.3,4.9,0.2,4.3,0.2,4.2,0.3,4.4,0.3,3.1,0.2,2.8,0.2,3.4,0.2,2.3,0.1,2.1,0.2,2.4,0.2,1.7,0.1,1.4,0.1,2.0,0.2,1.6,0.1,1.3,0.1,1.9,0.2,1.3,0.1,1.0,0.1,1.7,0.1,1.1,0.1,0.8,0.1,1.5,0.1,16.4,0.3,16.3,0.4,16.5,0.4,5.3,0.2,5.4,0.3,5.2,0.3,11.0,0.3,11.5,0.4,10.5,0.4,48.2,0.3,50.0,0.5,46.3,0.4,72.9,0.4,72.9,0.5,72.9,0.6,69.3,0.4,69.3,0.6,69.4,0.5,11.2,0.3,9.4,0.3,13.0,0.4,9.8,0.2,8.1,0.3,11.6,0.4,8.0,0.2,6.6,0.2,9.6,0.3,4.0,0.2,3.0,0.2,5.2,0.3,29.7,0.3,28.9,0.3,30.5,0.3,106.9,1.5,(X),(X),(X),(X),63.1,1.1,(X),(X),(X),(X),13.1,0.4,(X),(X),(X),(X),50.0,0.9,(X),(X),(X),(X),0.2,(X),(X),(X),(X),(X),1.5,(X),(X),(X),(X),(X)
5001100US0635,0635,"Congressional District 35 (111th Congress), California",661309,4775,324140,3552,337169,3330,9.4,0.3,9.9,0.4,8.9,0.4,7.8,0.3,8.1,0.4,7.5,0.3,8.1,0.3,8.5,0.4,7.7,0.4,8.0,0.3,8.3,0.4,7.8,0.3,7.7,0.3,8.0,0.4,7.5,0.4,8.6,0.3,8.9,0.4,8.3,0.4,7.7,0.2,8.0,0.3,7.5,0.3,7.5,0.2,7.6,0.3,7.4,0.3,7.0,0.2,6.8,0.3,7.1,0.3,6.5,0.2,6.5,0.3,6.6,0.3,5.6,0.2,5.5,0.3,5.7,0.3,4.5,0.2,4.1,0.3,4.8,0.2,3.4,0.2,3.0,0.2,3.8,0.2,2.6,0.1,2.4,0.2,2.8,0.2,2.1,0.1,1.9,0.2,2.3,0.2,1.5,0.1,1.2,0.1,1.8,0.2,1.2,0.1,0.9,0.1,1.4,0.1,0.9,0.1,0.6,0.1,1.1,0.1,15.9,0.4,16.6,0.5,15.2,0.4,4.9,0.2,5.1,0.3,4.6,0.2,10.9,0.3,11.1,0.5,10.7,0.4,46.5,0.3,47.6,0.6,45.6,0.5,73.0,0.4,71.7,0.5,74.3,0.5,69.8,0.4,68.3,0.5,71.3,0.5,11.6,0.3,9.9,0.4,13.2,0.4,10.1,0.3,8.5,0.3,11.6,0.3,8.2,0.2,6.9,0.3,9.4,0.3,3.5,0.1,2.7,0.2,4.3,0.2,30.2,0.3,29.0,0.3,31.6,0.4,96.1,1.4,(X),(X),(X),(X),62.3,0.8,(X),(X),(X),(X),13.3,0.3,(X),(X),(X),(X),49.0,0.8,(X),(X),(X),(X),0.1,(X),(X),(X),(X),(X),1.8,(X),(X),(X),(X),(X)
5001100US0636,0636,"Congressional District 36 (111th Congress), California",656291,3780,325796,3082,330495,3022,7.0,0.3,7.2,0.3,6.9,0.4,5.8,0.2,6.0,0.3,5.7,0.3,6.2,0.2,6.6,0.3,5.9,0.3,5.6,0.2,5.7,0.3,5.6,0.3,5.4,0.2,5.5,0.3,5.4,0.3,8.6,0.3,8.8,0.5,8.5,0.4,8.9,0.3,8.9,0.4,8.8,0.3,8.3,0.2,8.3,0.3,8.2,0.2,8.5,0.3,8.6,0.4,8.3,0.3,7.8,0.3,8.1,0.3,7.6,0.3,6.7,0.2,6.7,0.3,6.6,0.3,5.8,0.2,5.6,0.3,5.9,0.3,4.4,0.2,4.4,0.2,4.5,0.2,3.2,0.1,3.1,0.2,3.2,0.2,2.3,0.1,2.1,0.2,2.6,0.2,2.2,0.1,2.0,0.2,2.5,0.2,1.7,0.1,1.4,0.1,2.0,0.1,1.5,0.1,1.0,0.1,1.9,0.2,12.1,0.3,12.5,0.4,11.6,0.4,3.7,0.2,3.8,0.2,3.7,0.2,7.3,0.2,7.4,0.3,7.2,0.3,45.4,0.4,46.0,0.5,44.8,0.5,79.7,0.3,79.2,0.5,80.3,0.4,77.2,0.3,76.5,0.5,77.8,0.4,15.3,0.3,14.0,0.3,16.7,0.3,13.3,0.2,12.0,0.3,14.7,0.3,10.9,0.2,9.6,0.3,12.2,0.3,5.4,0.2,4.4,0.2,6.4,0.3,36.4,0.3,35.8,0.3,37.1,0.4,98.6,1.4,(X),(X),(X),(X),50.8,0.7,(X),(X),(X),(X),16.4,0.3,(X),(X),(X),(X),34.4,0.6,(X),(X),(X),(X),0.2,(X),(X),(X),(X),(X),0.9,(X),(X),(X),(X),(X)
5001100US0637,0637,"Congressional District 37 (111th Congress), California",646013,3624,315757,2836,330256,3053,8.7,0.3,8.7,0.4,8.7,0.4,8.0,0.3,8.3,0.4,7.7,0.3,8.5,0.2,9.0,0.3,8.1,0.3,8.3,0.3,8.8,0.4,7.9,0.4,7.6,0.3,7.9,0.4,7.4,0.4,8.5,0.3,8.7,0.4,8.3,0.3,7.5,0.3,7.4,0.4,7.5,0.3,7.7,0.3,7.8,0.4,7.6,0.3,7.0,0.2,7.1,0.3,6.9,0.3,6.6,0.2,6.5,0.3,6.8,0.3,5.7,0.2,5.6,0.3,5.7,0.3,4.3,0.2,4.1,0.2,4.4,0.2,3.4,0.2,3.1,0.2,3.6,0.2,2.5,0.1,2.4,0.2,2.6,0.2,2.0,0.1,1.8,0.2,2.2,0.2,1.4,0.1,1.2,0.1,1.7,0.1,1.1,0.1,0.8,0.1,1.3,0.1,1.1,0.1,0.7,0.1,1.5,0.1,16.5,0.3,17.3,0.5,15.8,0.5,5.3,0.2,5.5,0.3,5.0,0.3,10.7,0.3,11.2,0.4,10.3,0.4,46.6,0.4,47.7,0.6,45.6,0.5,72.9,0.4,72.0,0.6,73.8,0.5,69.5,0.4,68.5,0.6,70.5,0.5,11.5,0.3,10.0,0.3,12.9,0.3,10.0,0.2,8.6,0.3,11.3,0.3,8.1,0.2,6.9,0.3,9.2,0.3,3.6,0.2,2.7,0.2,4.5,0.3,30.1,0.3,29.2,0.4,31.1,0.4,95.6,1.4,(X),(X),(X),(X),62.9,1.0,(X),(X),(X),(X),13.2,0.3,(X),(X),(X),(X),49.7,0.9,(X),(X),(X),(X),0.2,(X),(X),(X),(X),(X),1.2,(X),(X),(X),(X),(X)
5001100US0638,0638,"Congressional District 38 (111th Congress), California",638391,2970,316165,2751,322226,2226,7.9,0.2,7.8,0.4,8.1,0.3,7.7,0.2,7.8,0.3,7.6,0.3,8.2,0.3,8.4,0.3,8.0,0.4,8.3,0.3,8.5,0.4,8.0,0.3,7.6,0.2,8.2,0.3,7.0,0.3,7.9,0.3,8.5,0.4,7.4,0.3,7.3,0.3,7.2,0.4,7.3,0.3,7.2,0.2,7.4,0.3,6.9,0.3,6.7,0.2,7.1,0.3,6.3,0.2,6.8,0.3,6.9,0.3,6.7,0.3,5.8,0.2,5.7,0.3,6.0,0.3,4.8,0.2,4.4,0.2,5.1,0.3,3.7,0.2,3.7,0.2,3.7,0.2,2.9,0.1,2.7,0.2,3.1,0.2,2.4,0.1,2.1,0.1,2.7,0.2,2.0,0.1,1.7,0.1,2.3,0.2,1.6,0.1,1.2,0.1,2.0,0.2,1.2,0.1,0.7,0.1,1.8,0.2,15.9,0.3,16.2,0.4,15.5,0.4,5.0,0.2,5.1,0.3,4.8,0.3,10.9,0.3,11.5,0.3,10.3,0.4,45.0,0.3,47.0,0.5,43.1,0.4,74.5,0.3,74.3,0.5,74.7,0.5,71.2,0.3,70.9,0.5,71.5,0.5,13.8,0.2,12.1,0.3,15.5,0.3,12.1,0.2,10.4,0.3,13.9,0.3,10.1,0.2,8.4,0.3,11.8,0.3,4.8,0.2,3.6,0.2,6.0,0.3,31.5,0.3,30.5,0.3,32.5,0.3,98.1,1.2,(X),(X),(X),(X),63.7,0.9,(X),(X),(X),(X),16.6,0.4,(X),(X),(X),(X),47.1,0.8,(X),(X),(X),(X),0.2,(X),(X),(X),(X),(X),1.3,(X),(X),(X),(X),(X)
5001100US0639,0639,"Congressional District 39 (111th Congress), California",647444,3599,318083,2842,329361,2610,8.2,0.2,8.7,0.4,7.7,0.3,7.7,0.2,8.1,0.3,7.4,0.3,8.8,0.3,9.2,0.4,8.5,0.3,8.3,0.2,8.5,0.3,8.1,0.3,7.7,0.3,7.6,0.3,7.7,0.3,7.6,0.2,7.9,0.4,7.3,0.3,7.4,0.2,7.3,0.3,7.6,0.3,7.4,0.2,7.4,0.3,7.4,0.3,7.1,0.2,7.3,0.3,7.0,0.3,6.6,0.2,6.4,0.3,6.7,0.3,6.0,0.2,6.0,0.3,6.0,0.3,4.8,0.2,4.7,0.3,5.0,0.3,3.6,0.2,3.5,0.2,3.7,0.2,2.6,0.1,2.4,0.2,2.8,0.2,2.1,0.1,1.8,0.1,2.3,0.2,1.7,0.1,1.4,0.1,2.0,0.2,1.3,0.1,1.0,0.1,1.6,0.1,1.0,0.1,0.7,0.1,1.4,0.1,16.6,0.3,17.4,0.5,15.8,0.4,5.1,0.2,5.2,0.3,5.0,0.2,10.8,0.3,10.9,0.4,10.8,0.4,45.5,0.3,45.9,0.6,45.1,0.4,73.5,0.3,72.2,0.6,74.7,0.5,70.1,0.3,68.7,0.6,71.4,0.5,12.3,0.3,10.9,0.3,13.8,0.4,10.8,0.2,9.4,0.3,12.2,0.3,8.7,0.2,7.4,0.3,10.0,0.3,4.1,0.2,3.1,0.2,5.0,0.2,31.1,0.3,30.0,0.4,32.1,0.4,96.6,1.2,(X),(X),(X),(X),62.9,0.9,(X),(X),(X),(X),14.2,0.4,(X),(X),(X),(X),48.7,0.8,(X),(X),(X),(X),0.2,(X),(X),(X),(X),(X),1.0,(X),(X),(X),(X),(X)
5001100US0640,0640,"Congressional District 40 (111th Congress), California",660656,2944,327906,2443,332750,3130,7.4,0.2,7.4,0.3,7.3,0.4,6.6,0.2,6.8,0.3,6.3,0.3,7.3,0.2,7.7,0.3,6.9,0.3,7.2,0.2,7.4,0.3,7.0,0.3,7.1,0.2,7.4,0.3,6.8,0.3,7.4,0.2,7.9,0.4,7.0,0.3,6.9,0.3,7.0,0.4,6.8,0.3,7.6,0.2,7.8,0.3,7.4,0.3,7.5,0.2,7.6,0.3,7.3,0.3,7.7,0.2,7.8,0.2,7.6,0.3,6.5,0.2,6.4,0.3,6.6,0.3,5.5,0.2,5.2,0.2,5.8,0.3,4.1,0.2,3.9,0.2,4.4,0.2,3.3,0.1,3.2,0.2,3.3,0.2,2.6,0.1,2.5,0.1,2.8,0.2,2.3,0.1,1.9,0.1,2.7,0.2,1.7,0.1,1.3,0.1,2.1,0.2,1.4,0.1,0.9,0.1,2.0,0.2,13.9,0.2,14.5,0.4,13.2,0.4,4.5,0.2,4.7,0.2,4.2,0.2,9.7,0.3,10.0,0.4,9.5,0.3,43.6,0.3,45.0,0.5,42.2,0.4,77.2,0.3,76.4,0.4,78.0,0.5,74.3,0.3,73.3,0.5,75.2,0.5,15.5,0.3,13.7,0.3,17.3,0.4,13.6,0.2,11.9,0.3,15.3,0.3,11.4,0.2,9.8,0.3,12.9,0.3,5.5,0.2,4.1,0.2,6.8,0.2,35.2,0.3,33.9,0.4,36.4,0.4,98.5,1.4,(X),(X),(X),(X),59.0,0.8,(X),(X),(X),(X),18.1,0.4,(X),(X),(X),(X),40.9,0.6,(X),(X),(X),(X),0.2,(X),(X),(X),(X),(X),1.4,(X),(X),(X),(X),(X)
5001100US0641,0641,"Congressional District 41 (111th Congress), California",761290,4129,375265,3067,386025,3460,7.8,0.2,7.7,0.3,7.8,0.3,7.2,0.2,7.5,0.4,6.9,0.3,8.1,0.2,8.4,0.3,7.8,0.3,8.2,0.2,8.5,0.3,7.9,0.3,7.2,0.2,7.9,0.3,6.5,0.3,6.6,0.2,6.7,0.3,6.5,0.3,5.8,0.2,5.9,0.2,5.7,0.2,6.2,0.2,6.2,0.3,6.2,0.3,6.8,0.2,6.7,0.3,6.8,0.3,7.1,0.2,7.1,0.3,7.1,0.2,6.6,0.2,6.7,0.2,6.5,0.2,5.5,0.2,5.3,0.2,5.7,0.3,4.5,0.2,4.4,0.2,4.6,0.2,3.7,0.1,3.5,0.2,3.9,0.2,2.9,0.1,2.8,0.1,3.1,0.2,2.4,0.1,2.2,0.1,2.6,0.2,1.9,0.1,1.5,0.1,2.3,0.2,1.6,0.1,1.1,0.1,2.1,0.2,15.3,0.3,15.9,0.4,14.7,0.4,5.2,0.2,5.4,0.2,5.0,0.2,10.2,0.2,11.0,0.4,9.4,0.3,40.7,0.3,41.9,0.4,39.6,0.5,75.2,0.3,74.6,0.4,75.7,0.5,71.7,0.3,71.0,0.4,72.5,0.4,17.1,0.3,15.4,0.3,18.7,0.4,15.1,0.2,13.5,0.3,16.7,0.4,12.6,0.2,11.0,0.2,14.0,0.3,5.9,0.2,4.7,0.2,7.0,0.2,34.2,0.4,32.6,0.4,35.7,0.4,97.2,1.3,(X),(X),(X),(X),68.9,0.9,(X),(X),(X),(X),21.2,0.4,(X),(X),(X),(X),47.7,0.8,(X),(X),(X),(X),0.2,(X),(X),(X),(X),(X),0.9,(X),(X),(X),(X),(X)
5001100US0642,0642,"Congressional District 42 (111th Congress), California",669411,2886,332903,2410,336508,2669,6.2,0.2,6.6,0.3,5.9,0.3,6.7,0.2,6.7,0.3,6.6,0.3,7.8,0.2,7.9,0.3,7.8,0.3,7.4,0.2,7.6,0.3,7.3,0.3,6.0,0.2,6.3,0.4,5.8,0.3,6.7,0.3,7.2,0.3,6.3,0.3,6.3,0.2,6.3,0.3,6.2,0.3,7.2,0.3,7.1,0.3,7.2,0.3,8.4,0.2,8.4,0.4,8.4,0.3,8.8,0.2,8.7,0.3,8.9,0.2,7.9,0.2,7.9,0.2,7.9,0.3,6.2,0.2,6.1,0.3,6.3,0.2,4.5,0.2,4.4,0.2,4.6,0.2,3.1,0.1,3.2,0.2,3.1,0.2,2.2,0.1,2.0,0.1,2.4,0.2,1.9,0.1,1.6,0.1,2.2,0.2,1.4,0.1,1.1,0.1,1.7,0.1,1.1,0.1,0.7,0.1,1.4,0.1,14.5,0.3,14.7,0.4,14.4,0.4,4.8,0.2,4.9,0.2,4.8,0.2,8.6,0.3,9.1,0.4,8.2,0.4,42.0,0.3,42.9,0.5,41.1,0.4,77.6,0.3,77.1,0.5,78.1,0.5,74.4,0.3,73.9,0.5,74.9,0.5,14.3,0.3,13.1,0.3,15.5,0.3,12.4,0.2,11.3,0.3,13.5,0.3,9.8,0.2,8.7,0.3,10.9,0.3,4.4,0.2,3.5,0.2,5.4,0.2,37.1,0.3,35.9,0.4,38.1,0.3,98.9,1.2,(X),(X),(X),(X),54.8,0.7,(X),(X),(X),(X),15.2,0.4,(X),(X),(X),(X),39.6,0.6,(X),(X),(X),(X),0.3,(X),(X),(X),(X),(X),1.3,(X),(X),(X),(X),(X)
5001100US0643,0643,"Congressional District 43 (111th Congress), California",717171,3284,360167,2775,357004,2657,9.1,0.2,9.3,0.2,8.8,0.3,9.3,0.2,9.5,0.4,9.1,0.3,9.6,0.2,9.8,0.3,9.5,0.3,9.4,0.2,9.6,0.3,9.1,0.3,8.5,0.2,8.8,0.3,8.1,0.3,7.7,0.2,7.8,0.3,7.6,0.2,7.3,0.2,7.5,0.3,7.1,0.2,7.3,0.2,7.3,0.3,7.3,0.3,7.2,0.2,7.4,0.3,7.1,0.3,6.5,0.2,6.3,0.3,6.7,0.2,5.4,0.2,5.1,0.2,5.6,0.2,4.1,0.2,3.9,0.2,4.2,0.2,2.9,0.1,2.9,0.2,2.9,0.2,1.9,0.1,1.8,0.1,2.0,0.1,1.5,0.1,1.1,0.1,1.8,0.2,1.1,0.1,1.0,0.1,1.2,0.1,0.7,0.1,0.5,0.1,0.9,0.1,0.7,0.1,0.4,0.1,0.9,0.1,18.9,0.3,19.3,0.4,18.5,0.3,5.9,0.2,6.0,0.2,5.9,0.2,11.9,0.2,12.4,0.3,11.4,0.3,47.4,0.3,48.3,0.5,46.4,0.4,70.0,0.3,69.4,0.5,70.5,0.4,66.1,0.3,65.4,0.5,66.8,0.4,8.7,0.2,7.7,0.2,9.8,0.3,7.4,0.2,6.2,0.2,8.5,0.2,5.8,0.2,4.8,0.2,6.9,0.2,2.5,0.1,1.9,0.1,3.1,0.2,27.7,0.3,26.8,0.3,28.6,0.3,100.9,1.2,(X),(X),(X),(X),66.1,0.7,(X),(X),(X),(X),9.7,0.3,(X),(X),(X),(X),56.4,0.7,(X),(X),(X),(X),0.1,(X),(X),(X),(X),(X),1.0,(X),(X),(X),(X),(X)
5001100US0644,0644,"Congressional District 44 (111th Congress), California",795679,3495,401750,2997,393929,2749,7.9,0.2,8.2,0.3,7.6,0.3,8.0,0.2,8.0,0.3,8.0,0.3,8.4,0.2,8.6,0.3,8.2,0.3,8.5,0.2,8.6,0.3,8.3,0.2,7.1,0.2,7.4,0.3,6.9,0.2,7.2,0.2,7.5,0.3,6.8,0.3,6.7,0.2,6.9,0.3,6.5,0.2,8.0,0.2,7.9,0.3,8.1,0.3,8.0,0.2,8.1,0.3,7.8,0.3,7.4,0.2,7.5,0.2,7.4,0.2,6.2,0.2,6.2,0.2,6.2,0.2,4.9,0.2,4.8,0.2,4.9,0.2,3.6,0.1,3.4,0.2,3.8,0.2,2.6,0.1,2.4,0.1,2.8,0.1,2.0,0.1,1.8,0.1,2.2,0.2,1.6,0.1,1.4,0.1,1.8,0.1,1.1,0.1,0.8,0.1,1.3,0.1,0.9,0.1,0.6,0.1,1.3,0.1,16.4,0.2,16.5,0.3,16.2,0.3,5.2,0.2,5.3,0.2,5.1,0.2,10.4,0.2,10.8,0.3,10.0,0.3,45.5,0.3,46.5,0.4,44.5,0.4,74.0,0.3,73.6,0.4,74.5,0.4,70.6,0.2,70.1,0.4,71.1,0.4,11.8,0.2,10.4,0.3,13.2,0.3,10.2,0.2,8.9,0.3,11.6,0.3,8.2,0.2,7.0,0.2,9.4,0.2,3.6,0.1,2.8,0.2,4.4,0.2,32.2,0.3,31.2,0.3,33.4,0.3,102.0,1.2,(X),(X),(X),(X),60.3,0.7,(X),(X),(X),(X),13.1,0.4,(X),(X),(X),(X),47.2,0.5,(X),(X),(X),(X),0.2,(X),(X),(X),(X),(X),1.2,(X),(X),(X),(X),(X)
5001100US0645,0645,"Congressional District 45 (111th Congress), California",863328,3451,433776,2785,429552,2440,7.6,0.2,7.8,0.3,7.4,0.2,7.9,0.2,8.0,0.3,7.8,0.3,8.3,0.2,8.6,0.3,8.0,0.3,7.3,0.2,7.6,0.3,7.0,0.2,6.3,0.2,6.3,0.2,6.2,0.2,6.6,0.2,6.9,0.2,6.3,0.2,6.1,0.2,6.3,0.2,5.9,0.2,6.7,0.2,6.9,0.3,6.5,0.2,6.7,0.2,6.9,0.2,6.5,0.3,6.6,0.2,6.7,0.2,6.4,0.2,5.9,0.1,5.9,0.2,5.9,0.2,5.2,0.1,5.0,0.2,5.3,0.2,4.6,0.1,4.4,0.2,4.8,0.2,3.9,0.1,3.6,0.1,4.3,0.2,3.5,0.1,3.2,0.1,3.8,0.2,3.0,0.1,2.7,0.1,3.3,0.2,2.2,0.1,1.8,0.1,2.6,0.1,1.7,0.1,1.4,0.1,2.1,0.1,16.2,0.2,16.5,0.3,15.8,0.3,4.7,0.1,4.9,0.2,4.6,0.2,8.8,0.2,9.0,0.3,8.7,0.3,39.6,0.2,40.9,0.4,38.4,0.4,74.6,0.2,73.9,0.3,75.3,0.4,71.5,0.3,70.7,0.3,72.2,0.4,18.9,0.2,17.2,0.3,20.8,0.3,17.0,0.2,15.3,0.3,18.6,0.3,14.3,0.2,12.7,0.2,16.0,0.2,6.9,0.1,5.9,0.1,7.9,0.2,35.0,0.3,33.9,0.4,36.0,0.4,101.0,0.9,(X),(X),(X),(X),75.0,0.7,(X),(X),(X),(X),25.1,0.3,(X),(X),(X),(X),49.9,0.6,(X),(X),(X),(X),0.2,(X),(X),(X),(X),(X),1.1,(X),(X),(X),(X),(X)
5001100US0646,0646,"Congressional District 46 (111th Congress), California",645093,3098,318367,2774,326726,2552,5.9,0.2,6.2,0.3,5.7,0.3,5.4,0.2,5.7,0.3,5.2,0.3,6.2,0.2,6.2,0.3,6.1,0.3,5.8,0.2,5.7,0.3,5.9,0.3,6.0,0.2,6.2,0.3,5.9,0.4,7.4,0.3,7.5,0.4,7.2,0.3,6.8,0.2,7.1,0.3,6.5,0.3,7.6,0.3,7.9,0.3,7.4,0.3,7.7,0.2,7.9,0.3,7.5,0.3,8.0,0.2,8.3,0.3,7.7,0.3,7.1,0.2,7.2,0.3,7.1,0.2,6.3,0.2,6.4,0.2,6.2,0.2,5.2,0.2,5.1,0.3,5.4,0.2,4.0,0.1,3.9,0.2,4.1,0.2,3.4,0.1,3.2,0.2,3.6,0.2,2.8,0.1,2.4,0.1,3.1,0.2,2.3,0.1,1.8,0.1,2.8,0.2,2.0,0.1,1.3,0.1,2.7,0.1,11.6,0.2,11.9,0.4,11.3,0.3,3.7,0.1,3.6,0.2,3.7,0.2,8.2,0.3,8.3,0.4,8.0,0.5,41.3,0.3,42.3,0.6,40.3,0.5,81.3,0.3,80.8,0.5,81.7,0.4,78.8,0.3,78.3,0.5,79.2,0.4,19.7,0.3,17.7,0.4,21.7,0.4,17.4,0.3,15.4,0.3,19.3,0.4,14.5,0.2,12.7,0.2,16.3,0.3,7.1,0.2,5.6,0.2,8.6,0.3,39.3,0.3,38.4,0.3,40.1,0.4,97.4,1.3,(X),(X),(X),(X),55.6,0.7,(X),(X),(X),(X),22.6,0.4,(X),(X),(X),(X),33.1,0.6,(X),(X),(X),(X),0.2,(X),(X),(X),(X),(X),1.2,(X),(X),(X),(X),(X)
5001100US0647,0647,"Congressional District 47 (111th Congress), California",635552,3353,330865,2648,304687,2733,9.7,0.2,9.7,0.3,9.8,0.4,8.4,0.2,8.3,0.3,8.6,0.3,8.2,0.3,8.2,0.3,8.2,0.3,7.6,0.2,7.6,0.3,7.6,0.3,8.2,0.2,8.4,0.3,7.9,0.3,9.1,0.3,9.8,0.3,8.5,0.3,8.2,0.3,8.7,0.4,7.8,0.3,8.0,0.2,8.3,0.3,7.7,0.3,7.3,0.2,7.5,0.3,7.0,0.3,6.2,0.2,6.4,0.2,6.0,0.2,5.1,0.2,5.0,0.2,5.2,0.2,3.9,0.2,3.8,0.2,4.1,0.2,2.9,0.2,2.6,0.2,3.1,0.2,2.0,0.1,1.7,0.2,2.3,0.1,1.7,0.1,1.6,0.1,1.9,0.2,1.3,0.1,1.1,0.1,1.5,0.1,1.1,0.1,0.8,0.1,1.5,0.2,0.9,0.1,0.6,0.1,1.2,0.1,16.6,0.3,16.4,0.3,16.8,0.4,4.8,0.2,4.8,0.2,4.8,0.3,11.0,0.3,11.3,0.4,10.6,0.3,48.4,0.3,50.3,0.4,46.4,0.3,72.1,0.3,72.3,0.4,71.8,0.4,68.9,0.3,69.1,0.4,68.5,0.4,9.9,0.2,8.4,0.3,11.7,0.3,8.7,0.2,7.2,0.2,10.3,0.3,7.1,0.2,5.7,0.2,8.5,0.3,3.3,0.1,2.4,0.2,4.3,0.2,29.2,0.2,28.8,0.3,29.6,0.3,108.6,1.4,(X),(X),(X),(X),61.9,0.8,(X),(X),(X),(X),11.5,0.3,(X),(X),(X),(X),50.4,0.6,(X),(X),(X),(X),0.3,(X),(X),(X),(X),(X),1.7,(X),(X),(X),(X),(X)
5001100US0648,0648,"Congressional District 48 (111th Congress), California",701996,2272,346175,2307,355821,2364,6.1,0.2,6.4,0.3,6.0,0.3,6.1,0.2,6.3,0.2,5.9,0.3,6.1,0.2,6.6,0.3,5.7,0.3,6.7,0.3,7.1,0.4,6.2,0.4,6.3,0.2,6.7,0.3,6.0,0.3,7.3,0.2,7.2,0.3,7.3,0.3,6.7,0.2,6.8,0.3,6.6,0.2,7.4,0.2,7.3,0.3,7.4,0.3,8.2,0.2,8.4,0.3,7.9,0.3,8.0,0.2,8.0,0.2,8.1,0.2,7.1,0.2,7.2,0.2,7.1,0.2,6.2,0.2,6.0,0.2,6.3,0.2,5.0,0.2,4.9,0.2,5.1,0.2,3.6,0.1,3.4,0.2,3.8,0.2,2.8,0.1,2.7,0.2,3.0,0.2,2.3,0.1,2.1,0.1,2.6,0.2,2.1,0.1,1.6,0.1,2.5,0.2,2.0,0.1,1.4,0.1,2.6,0.2,12.2,0.2,12.9,0.3,11.6,0.3,3.7,0.2,4.0,0.2,3.5,0.2,9.3,0.4,9.8,0.5,8.7,0.4,42.5,0.3,43.6,0.5,41.4,0.4,80.5,0.3,79.6,0.4,81.4,0.4,77.9,0.3,76.8,0.4,78.9,0.4,17.8,0.3,16.0,0.3,19.6,0.4,15.5,0.2,13.8,0.3,17.3,0.3,12.8,0.2,11.1,0.2,14.5,0.3,6.4,0.2,5.1,0.2,7.7,0.2,38.2,0.3,37.2,0.4,39.3,0.3,97.3,1.1,(X),(X),(X),(X),53.7,0.6,(X),(X),(X),(X),19.7,0.3,(X),(X),(X),(X),34.0,0.5,(X),(X),(X),(X),0.3,(X),(X),(X),(X),(X),1.3,(X),(X),(X),(X),(X)
5001100US0649,0649,"Congressional District 49 (111th Congress), California",748387,4280,377698,4057,370689,3132,8.3,0.3,8.3,0.3,8.2,0.4,7.3,0.2,7.5,0.3,7.0,0.3,7.9,0.2,7.8,0.3,8.0,0.3,7.7,0.2,8.2,0.3,7.3,0.3,8.5,0.3,9.9,0.5,7.1,0.3,7.0,0.2,7.1,0.3,6.8,0.3,6.7,0.2,6.8,0.3,6.6,0.3,6.9,0.2,7.0,0.3,6.7,0.3,6.9,0.2,6.8,0.3,7.0,0.3,7.3,0.2,7.3,0.3,7.3,0.3,5.9,0.2,5.8,0.2,6.0,0.2,4.8,0.2,4.6,0.2,4.9,0.2,3.8,0.2,3.5,0.2,4.1,0.2,3.0,0.1,2.6,0.2,3.4,0.2,2.4,0.1,2.3,0.2,2.5,0.2,2.2,0.1,1.9,0.1,2.6,0.2,2.0,0.1,1.5,0.1,2.5,0.2,1.6,0.1,1.1,0.1,2.0,0.2,15.2,0.3,15.3,0.4,15.0,0.4,4.8,0.1,4.8,0.2,4.8,0.2,11.5,0.3,13.2,0.5,9.7,0.3,43.7,0.3,45.8,0.6,41.5,0.5,75.0,0.3,74.7,0.5,75.3,0.4,71.8,0.3,71.5,0.5,72.1,0.4,15.0,0.3,12.9,0.4,17.2,0.4,13.3,0.3,11.3,0.3,15.3,0.4,11.2,0.2,9.3,0.3,13.0,0.4,5.8,0.2,4.4,0.2,7.2,0.3,32.4,0.4,30.8,0.5,34.3,0.4,101.9,1.6,(X),(X),(X),(X),64.9,0.8,(X),(X),(X),(X),18.4,0.4,(X),(X),(X),(X),46.5,0.7,(X),(X),(X),(X),0.2,(X),(X),(X),(X),(X),1.0,(X),(X),(X),(X),(X)
5001100US0650,0650,"Congressional District 50 (111th Congress), California",726651,3927,361252,2820,365399,3394,7.5,0.2,7.8,0.3,7.2,0.3,6.7,0.2,6.9,0.2,6.6,0.3,6.7,0.2,6.8,0.3,6.5,0.2,6.4,0.2,6.8,0.3,5.9,0.3,6.1,0.2,6.7,0.3,5.5,0.3,6.9,0.2,7.3,0.3,6.6,0.3,6.6,0.2,6.8,0.3,6.4,0.2,7.5,0.2,7.6,0.3,7.5,0.2,7.9,0.2,8.0,0.3,7.9,0.2,8.0,0.2,8.0,0.3,7.9,0.3,7.3,0.2,7.2,0.3,7.5,0.3,5.9,0.2,5.7,0.2,6.1,0.2,4.6,0.2,4.4,0.2,4.9,0.2,3.3,0.1,3.0,0.2,3.5,0.2,2.5,0.1,2.3,0.1,2.8,0.1,2.4,0.1,2.2,0.2,2.7,0.2,1.9,0.1,1.5,0.1,2.2,0.2,1.7,0.1,1.2,0.1,2.2,0.1,13.4,0.2,13.7,0.3,13.1,0.4,4.2,0.1,4.4,0.2,4.0,0.2,8.2,0.3,9.1,0.4,7.4,0.3,41.5,0.3,43.2,0.4,39.8,0.4,77.7,0.3,77.0,0.4,78.4,0.4,74.9,0.3,74.2,0.4,75.6,0.4,16.5,0.2,14.6,0.3,18.4,0.4,14.4,0.2,12.6,0.3,16.2,0.3,11.9,0.2,10.2,0.2,13.5,0.3,6.1,0.2,4.9,0.2,7.2,0.2,37.1,0.2,35.7,0.4,38.5,0.4,98.9,1.3,(X),(X),(X),(X),58.6,0.8,(X),(X),(X),(X),18.8,0.3,(X),(X),(X),(X),39.8,0.6,(X),(X),(X),(X),0.2,(X),(X),(X),(X),(X),0.8,(X),(X),(X),(X),(X)
5001100US0651,0651,"Congressional District 51 (111th Congress), California",706669,4192,354380,3249,352289,2642,8.5,0.2,8.7,0.3,8.4,0.3,7.4,0.2,7.6,0.3,7.2,0.3,8.3,0.2,8.6,0.3,8.0,0.3,8.0,0.2,8.3,0.3,7.7,0.2,7.8,0.2,8.4,0.4,7.1,0.2,7.2,0.2,7.5,0.2,6.8,0.3,6.9,0.2,7.3,0.2,6.4,0.2,7.1,0.2,7.4,0.3,6.7,0.3,7.1,0.2,7.2,0.3,7.1,0.2,6.9,0.2,6.7,0.2,7.1,0.3,6.0,0.1,5.8,0.2,6.2,0.2,4.8,0.2,4.6,0.2,5.0,0.2,3.7,0.2,3.4,0.2,4.1,0.2,2.8,0.1,2.5,0.1,3.1,0.2,2.5,0.1,2.1,0.2,3.0,0.2,2.2,0.1,1.9,0.1,2.6,0.2,1.6,0.1,1.2,0.1,1.9,0.1,1.2,0.1,0.9,0.1,1.5,0.1,15.7,0.2,16.3,0.3,15.2,0.3,5.1,0.1,5.2,0.2,5.1,0.2,10.6,0.3,11.6,0.4,9.7,0.3,44.0,0.3,46.1,0.6,41.9,0.4,74.0,0.3,73.2,0.5,74.7,0.4,70.6,0.3,69.9,0.5,71.3,0.4,14.0,0.3,11.9,0.3,16.1,0.3,12.2,0.2,10.3,0.3,14.2,0.3,10.3,0.2,8.5,0.2,12.0,0.2,5.0,0.1,4.0,0.2,6.0,0.2,32.0,0.3,30.5,0.3,33.7,0.3,100.6,1.2,(X),(X),(X),(X),65.8,0.9,(X),(X),(X),(X),17.0,0.3,(X),(X),(X),(X),48.8,0.8,(X),(X),(X),(X),0.2,(X),(X),(X),(X),(X),1.4,(X),(X),(X),(X),(X)
5001100US0652,0652,"Congressional District 52 (111th Congress), California",657412,3755,321895,3064,335517,2728,7.4,0.2,7.7,0.3,7.1,0.3,6.6,0.2,7.0,0.3,6.2,0.3,6.9,0.2,7.2,0.3,6.6,0.3,6.7,0.2,7.1,0.3,6.3,0.3,6.5,0.3,6.7,0.3,6.2,0.3,6.9,0.2,6.9,0.3,7.0,0.3,6.2,0.2,6.2,0.3,6.2,0.2,6.8,0.2,6.8,0.3,6.8,0.3,7.4,0.2,7.5,0.3,7.4,0.3,8.3,0.2,8.3,0.3,8.4,0.3,7.6,0.2,7.5,0.2,7.6,0.3,6.2,0.2,6.3,0.3,6.2,0.3,4.7,0.2,4.7,0.3,4.7,0.2,3.4,0.1,3.0,0.2,3.7,0.2,2.6,0.1,2.4,0.2,2.9,0.2,2.2,0.1,2.0,0.1,2.5,0.2,1.8,0.1,1.4,0.1,2.2,0.1,1.6,0.1,1.2,0.1,2.0,0.2,13.5,0.2,14.2,0.4,12.8,0.3,4.4,0.1,4.6,0.2,4.3,0.2,8.7,0.3,9.1,0.4,8.3,0.3,40.5,0.4,41.3,0.6,39.9,0.5,77.7,0.3,76.6,0.5,78.6,0.4,74.7,0.3,73.5,0.5,75.8,0.4,16.4,0.3,14.8,0.4,18.0,0.4,14.2,0.2,12.6,0.3,15.8,0.3,11.7,0.2,10.1,0.3,13.3,0.3,5.7,0.2,4.7,0.2,6.7,0.3,37.0,0.4,35.9,0.4,38.2,0.4,95.9,1.3,(X),(X),(X),(X),58.9,0.8,(X),(X),(X),(X),18.7,0.4,(X),(X),(X),(X),40.2,0.6,(X),(X),(X),(X),0.2,(X),(X),(X),(X),(X),1.0,(X),(X),(X),(X),(X)
5001100US0653,0653,"Congressional District 53 (111th Congress), California",646531,4692,331377,3882,315154,3564,6.4,0.3,6.3,0.3,6.5,0.4,5.0,0.2,4.9,0.3,5.1,0.2,4.8,0.2,4.7,0.2,4.9,0.3,7.6,0.3,7.3,0.4,8.0,0.4,11.0,0.3,11.4,0.5,10.6,0.3,11.6,0.3,11.4,0.4,11.9,0.4,8.9,0.2,9.4,0.3,8.4,0.3,7.6,0.3,8.2,0.3,7.1,0.3,6.6,0.2,7.2,0.3,6.1,0.2,6.4,0.2,6.7,0.3,6.0,0.3,5.8,0.2,5.9,0.2,5.7,0.3,4.8,0.2,4.8,0.3,4.8,0.2,3.8,0.2,3.7,0.2,3.9,0.2,2.6,0.1,2.5,0.2,2.8,0.2,2.0,0.1,1.8,0.1,2.2,0.1,1.8,0.1,1.6,0.1,2.1,0.2,1.6,0.1,1.3,0.1,2.1,0.2,1.4,0.1,1.0,0.1,1.9,0.2,9.8,0.2,9.6,0.3,10.0,0.3,2.9,0.1,2.9,0.2,3.0,0.2,15.7,0.4,15.8,0.6,15.6,0.4,53.5,0.4,54.9,0.6,52.0,0.5,82.9,0.3,83.4,0.5,82.4,0.5,80.9,0.3,81.3,0.5,80.5,0.5,13.3,0.3,11.8,0.3,15.0,0.4,11.6,0.2,10.1,0.3,13.2,0.3,9.6,0.2,8.1,0.2,11.1,0.3,4.9,0.2,3.8,0.2,6.1,0.2,31.8,0.2,31.9,0.3,31.7,0.4,105.1,1.9,(X),(X),(X),(X),40.2,0.7,(X),(X),(X),(X),13.4,0.3,(X),(X),(X),(X),26.8,0.5,(X),(X),(X),(X),0.2,(X),(X),(X),(X),(X),1.2,(X),(X),(X),(X),(X)
5001100US0801,0801,"Congressional District 1 (111th Congress), Colorado",645351,893,325902,843,319449,818,8.4,0.1,8.4,0.1,8.5,0.1,6.2,0.2,6.2,0.2,6.1,0.2,5.1,0.2,5.3,0.2,4.9,0.2,5.0,0.1,5.3,0.1,4.8,0.1,7.0,0.1,7.2,0.1,6.9,0.1,11.3,0.1,11.5,0.1,11.1,0.1,9.9,0.1,10.2,0.1,9.5,0.1,8.1,0.2,8.7,0.3,7.5,0.2,6.7,0.2,7.1,0.3,6.3,0.2,6.3,0.1,6.6,0.1,6.1,0.1,6.0,0.1,6.0,0.1,5.9,0.1,5.3,0.2,5.2,0.2,5.4,0.2,4.1,0.2,3.9,0.2,4.3,0.2,2.8,0.1,2.6,0.1,3.1,0.2,2.1,0.1,1.8,0.1,2.5,0.1,2.0,0.1,1.6,0.1,2.4,0.2,1.8,0.1,1.3,0.1,2.3,0.2,1.8,0.1,1.1,0.1,2.5,0.2,11.3,0.1,11.5,0.1,11.0,0.1,3.0,0.1,3.1,0.1,2.9,0.1,9.1,0.1,9.4,0.1,8.8,0.1,48.0,0.1,50.0,0.2,46.0,0.1,79.3,0.1,79.1,0.2,79.5,0.2,77.3,0.1,77.0,0.1,77.6,0.2,14.7,0.2,12.2,0.2,17.2,0.2,12.9,0.1,10.5,0.1,15.3,0.2,10.6,0.1,8.4,0.1,12.8,0.1,5.6,0.1,3.9,0.1,7.3,0.1,33.4,0.1,32.8,0.2,34.1,0.2,102.0,0.4,(X),(X),(X),(X),49.8,0.2,(X),(X),(X),(X),15.8,0.1,(X),(X),(X),(X),34.0,0.2,(X),(X),(X),(X),0.2,(X),(X),(X),(X),(X),0.8,(X),(X),(X),(X),(X)
5001100US0802,0802,"Congressional District 2 (111th Congress), Colorado",710043,1513,363429,1680,346614,1695,7.1,0.1,7.1,0.2,7.1,0.2,6.5,0.2,6.5,0.2,6.6,0.3,6.3,0.2,6.3,0.2,6.2,0.2,7.2,0.1,7.1,0.2,7.2,0.2,8.9,0.2,9.3,0.2,8.6,0.2,7.9,0.2,8.1,0.2,7.6,0.2,7.6,0.2,8.1,0.2,7.2,0.2,8.0,0.2,8.1,0.3,7.9,0.3,7.8,0.2,8.0,0.3,7.5,0.3,7.8,0.2,7.6,0.2,7.9,0.2,7.3,0.1,7.2,0.1,7.4,0.2,6.0,0.2,5.9,0.2,6.1,0.2,4.1,0.1,4.1,0.2,4.1,0.2,2.6,0.1,2.5,0.1,2.7,0.1,1.8,0.1,1.7,0.1,2.0,0.1,1.3,0.1,1.1,0.1,1.5,0.1,1.0,0.1,0.8,0.1,1.2,0.1,0.8,0.1,0.6,0.1,1.1,0.1,12.8,0.2,12.8,0.2,12.8,0.2,3.9,0.1,3.8,0.1,4.0,0.1,12.2,0.2,12.5,0.2,11.8,0.2,47.4,0.2,48.6,0.2,46.1,0.3,78.8,0.2,79.0,0.3,78.7,0.3,76.2,0.2,76.3,0.3,76.0,0.3,11.6,0.2,10.8,0.2,12.6,0.2,9.8,0.2,9.0,0.2,10.7,0.2,7.5,0.1,6.7,0.2,8.4,0.2,3.1,0.1,2.5,0.1,3.7,0.1,33.9,0.2,33.4,0.3,34.5,0.3,104.9,0.9,(X),(X),(X),(X),45.7,0.4,(X),(X),(X),(X),11.0,0.2,(X),(X),(X),(X),34.7,0.3,(X),(X),(X),(X),0.2,(X),(X),(X),(X),(X),1.0,(X),(X),(X),(X),(X)
5001100US0803,0803,"Congressional District 3 (111th Congress), Colorado",680544,286,340488,748,340056,766,6.6,0.1,6.8,0.1,6.4,0.1,6.5,0.2,6.7,0.2,6.3,0.2,6.5,0.2,6.6,0.2,6.5,0.2,7.2,0.2,7.7,0.2,6.8,0.2,7.0,0.2,7.2,0.2,6.8,0.2,6.2,0.1,6.4,0.1,6.1,0.1,5.7,0.1,6.0,0.1,5.5,0.1,6.0,0.2,6.3,0.2,5.8,0.2,6.6,0.2,6.5,0.2,6.8,0.2,7.5,0.1,7.4,0.1,7.5,0.1,7.6,0.1,7.6,0.1,7.7,0.1,7.1,0.2,7.1,0.2,7.0,0.2,5.6,0.1,5.5,0.2,5.6,0.2,4.1,0.1,4.0,0.1,4.2,0.1,3.3,0.1,3.1,0.1,3.5,0.1,2.7,0.1,2.4,0.1,3.0,0.2,2.0,0.1,1.7,0.1,2.3,0.2,1.7,0.1,1.1,0.1,2.2,0.2,13.0,0.1,13.3,0.2,12.8,0.1,4.3,0.1,4.6,0.2,4.1,0.1,9.9,0.1,10.3,0.2,9.5,0.1,38.9,0.1,40.2,0.2,37.7,0.1,78.9,0.1,78.5,0.2,79.4,0.2,76.0,0.1,75.3,0.2,76.8,0.2,19.3,0.2,17.7,0.2,20.9,0.2,16.9,0.1,15.2,0.2,18.5,0.2,13.7,0.1,12.2,0.1,15.2,0.1,6.3,0.1,5.1,0.1,7.5,0.1,38.3,0.3,36.8,0.2,39.9,0.3,100.1,0.4,(X),(X),(X),(X),60.4,0.3,(X),(X),(X),(X),22.0,0.1,(X),(X),(X),(X),38.4,0.2,(X),(X),(X),(X),0.2,(X),(X),(X),(X),(X),1.0,(X),(X),(X),(X),(X)
5001100US0804,0804,"Congressional District 4 (111th Congress), Colorado",702973,1020,354558,984,348415,1088,7.0,0.1,7.1,0.2,7.0,0.1,6.9,0.1,6.8,0.2,7.0,0.2,6.6,0.2,6.9,0.2,6.2,0.2,7.7,0.1,7.9,0.1,7.6,0.1,9.3,0.1,9.4,0.2,9.3,0.2,6.9,0.1,7.2,0.1,6.6,0.1,6.4,0.1,6.9,0.1,5.9,0.1,6.7,0.2,7.0,0.2,6.4,0.2,6.9,0.2,7.0,0.2,6.8,0.2,7.6,0.1,7.6,0.1,7.6,0.1,7.0,0.1,7.1,0.2,7.0,0.1,5.9,0.1,5.9,0.2,5.9,0.2,4.5,0.1,4.3,0.2,4.6,0.2,3.1,0.1,3.0,0.1,3.3,0.1,2.5,0.1,2.2,0.1,2.7,0.2,2.1,0.1,1.7,0.1,2.4,0.1,1.5,0.1,1.1,0.1,1.8,0.1,1.5,0.1,0.9,0.1,2.0,0.1,13.4,0.1,13.6,0.1,13.2,0.1,4.2,0.1,4.3,0.1,4.0,0.1,12.9,0.1,12.9,0.2,12.9,0.2,43.9,0.1,45.3,0.2,42.5,0.2,78.2,0.1,78.0,0.2,78.5,0.2,75.4,0.1,75.0,0.2,75.8,0.2,15.1,0.2,13.4,0.2,16.8,0.2,13.2,0.1,11.5,0.2,14.9,0.2,10.6,0.1,9.1,0.1,12.2,0.1,5.0,0.1,3.8,0.1,6.2,0.1,34.4,0.2,33.5,0.2,35.4,0.2,101.8,0.5,(X),(X),(X),(X),54.4,0.2,(X),(X),(X),(X),16.4,0.1,(X),(X),(X),(X),38.0,0.2,(X),(X),(X),(X),0.1,(X),(X),(X),(X),(X),0.6,(X),(X),(X),(X),(X)
5001100US0805,0805,"Congressional District 5 (111th Congress), Colorado",687775,817,348596,772,339179,743,7.0,0.1,7.1,0.1,7.0,0.1,6.8,0.2,6.9,0.2,6.7,0.2,7.0,0.2,7.0,0.2,7.0,0.2,7.2,0.1,7.6,0.1,6.8,0.1,7.7,0.1,8.4,0.1,6.9,0.1,6.7,0.1,6.9,0.1,6.5,0.1,6.3,0.1,6.5,0.1,6.1,0.1,6.9,0.2,7.1,0.3,6.8,0.2,7.7,0.2,7.9,0.3,7.6,0.2,8.3,0.1,8.2,0.1,8.4,0.1,7.4,0.1,7.3,0.1,7.5,0.1,5.9,0.1,5.8,0.2,6.1,0.2,4.8,0.1,4.6,0.2,5.1,0.2,3.3,0.1,3.0,0.1,3.6,0.1,2.5,0.1,2.3,0.1,2.7,0.1,1.8,0.1,1.7,0.1,2.0,0.1,1.4,0.1,1.0,0.1,1.8,0.1,1.1,0.1,0.7,0.1,1.5,0.1,13.8,0.1,13.9,0.1,13.7,0.1,4.3,0.1,4.4,0.1,4.3,0.1,10.6,0.1,11.6,0.1,9.5,0.1,42.6,0.1,44.4,0.2,40.7,0.1,77.6,0.1,77.4,0.2,77.7,0.1,74.8,0.1,74.6,0.1,75.1,0.1,15.0,0.1,13.3,0.2,16.7,0.2,12.8,0.1,11.3,0.2,14.3,0.2,10.1,0.1,8.7,0.1,11.6,0.1,4.3,0.1,3.4,0.1,5.4,0.1,35.8,0.2,34.6,0.2,37.3,0.2,102.8,0.4,(X),(X),(X),(X),54.6,0.2,(X),(X),(X),(X),15.7,0.1,(X),(X),(X),(X),39.0,0.1,(X),(X),(X),(X),0.2,(X),(X),(X),(X),(X),1.1,(X),(X),(X),(X),(X)
5001100US0806,0806,"Congressional District 6 (111th Congress), Colorado",760304,2548,378068,2089,382236,1691,7.0,0.1,7.3,0.2,6.7,0.2,7.6,0.2,7.7,0.2,7.5,0.2,7.8,0.2,8.0,0.2,7.5,0.2,7.1,0.1,7.5,0.2,6.7,0.2,4.7,0.1,4.9,0.2,4.5,0.2,5.3,0.1,5.4,0.2,5.3,0.1,6.4,0.1,6.4,0.1,6.4,0.1,7.9,0.2,7.8,0.3,8.1,0.2,8.7,0.2,8.5,0.2,9.0,0.2,9.2,0.1,9.0,0.2,9.4,0.2,8.2,0.1,8.0,0.1,8.4,0.1,6.7,0.2,6.7,0.2,6.8,0.2,4.7,0.1,4.9,0.2,4.5,0.2,3.0,0.1,3.0,0.1,3.0,0.1,2.1,0.1,2.1,0.1,2.1,0.1,1.5,0.1,1.4,0.1,1.6,0.1,1.1,0.1,0.9,0.1,1.3,0.1,0.9,0.1,0.6,0.1,1.2,0.1,15.4,0.1,15.7,0.2,15.1,0.2,4.8,0.1,5.0,0.1,4.6,0.1,7.0,0.1,7.4,0.2,6.6,0.2,40.2,0.2,40.5,0.3,40.0,0.2,75.9,0.1,75.2,0.2,76.6,0.2,72.8,0.1,72.0,0.2,73.6,0.2,13.3,0.2,12.8,0.2,13.7,0.2,11.1,0.2,10.6,0.2,11.7,0.2,8.6,0.1,7.9,0.1,9.2,0.2,3.5,0.1,2.9,0.1,4.1,0.1,37.6,0.2,36.8,0.2,38.4,0.2,98.9,0.7,(X),(X),(X),(X),55.6,0.4,(X),(X),(X),(X),13.3,0.2,(X),(X),(X),(X),42.3,0.3,(X),(X),(X),(X),0.2,(X),(X),(X),(X),(X),0.5,(X),(X),(X),(X),(X)
5001100US0807,0807,"Congressional District 7 (111th Congress), Colorado",656221,2358,327062,2287,329159,1980,7.9,0.2,8.1,0.2,7.6,0.3,6.8,0.2,7.0,0.3,6.6,0.2,6.5,0.2,6.6,0.3,6.4,0.3,6.5,0.2,6.7,0.2,6.3,0.2,6.9,0.2,7.0,0.3,6.7,0.2,7.8,0.2,8.3,0.3,7.3,0.2,7.3,0.2,7.6,0.3,7.1,0.2,7.3,0.2,7.7,0.3,6.9,0.3,7.2,0.2,7.3,0.3,7.0,0.3,7.6,0.2,7.6,0.2,7.6,0.2,6.9,0.1,6.9,0.2,6.9,0.2,5.8,0.2,5.7,0.2,5.9,0.2,4.4,0.1,4.1,0.2,4.7,0.2,3.3,0.1,3.1,0.2,3.6,0.2,2.6,0.1,2.3,0.1,2.8,0.1,2.2,0.1,1.9,0.1,2.5,0.1,1.7,0.1,1.3,0.1,2.0,0.1,1.4,0.1,0.8,0.1,1.9,0.2,13.3,0.2,13.6,0.3,13.1,0.3,3.9,0.1,4.0,0.2,3.9,0.2,9.4,0.2,9.7,0.3,9.1,0.2,43.0,0.2,44.6,0.4,41.4,0.3,77.6,0.2,77.1,0.3,78.1,0.3,74.8,0.3,74.3,0.4,75.4,0.4,15.5,0.2,13.5,0.2,17.5,0.3,13.5,0.2,11.6,0.2,15.4,0.3,11.1,0.2,9.4,0.2,12.8,0.3,5.2,0.1,4.0,0.1,6.4,0.2,35.2,0.2,34.1,0.3,36.3,0.3,99.4,1.1,(X),(X),(X),(X),56.9,0.6,(X),(X),(X),(X),17.4,0.3,(X),(X),(X),(X),39.5,0.5,(X),(X),(X),(X),0.1,(X),(X),(X),(X),(X),0.9,(X),(X),(X),(X),(X)
5001100US0901,0901,"Congressional District 1 (111th Congress), Connecticut",694872,930,332792,1346,362080,1493,6.0,0.1,6.3,0.2,5.8,0.2,6.2,0.2,6.7,0.2,5.8,0.2,6.7,0.2,7.0,0.2,6.4,0.2,7.1,0.1,7.6,0.2,6.6,0.2,6.2,0.1,6.6,0.2,5.8,0.1,6.1,0.1,6.5,0.2,5.8,0.2,6.0,0.1,5.9,0.2,6.1,0.2,6.7,0.2,6.7,0.3,6.7,0.2,7.8,0.2,8.0,0.3,7.6,0.2,7.9,0.1,8.0,0.2,7.9,0.2,7.4,0.1,7.4,0.1,7.4,0.1,6.3,0.2,6.2,0.2,6.4,0.2,5.3,0.1,5.2,0.2,5.4,0.2,3.7,0.1,3.5,0.2,3.9,0.2,3.1,0.1,2.8,0.2,3.3,0.2,2.7,0.1,2.3,0.1,3.1,0.1,2.4,0.1,1.9,0.1,2.9,0.2,2.4,0.1,1.5,0.1,3.2,0.2,12.9,0.2,13.7,0.2,12.2,0.2,4.3,0.1,4.6,0.1,4.0,0.1,8.9,0.2,9.5,0.3,8.4,0.1,39.8,0.2,41.3,0.3,38.5,0.2,79.6,0.2,78.4,0.2,80.7,0.2,76.8,0.2,75.4,0.2,78.0,0.2,19.6,0.2,17.1,0.3,21.9,0.3,17.3,0.2,14.9,0.2,19.6,0.3,14.3,0.1,11.9,0.2,16.5,0.2,7.5,0.1,5.7,0.1,9.3,0.2,39.3,0.2,37.7,0.3,40.8,0.2,91.9,0.7,(X),(X),(X),(X),60.1,0.4,(X),(X),(X),(X),22.9,0.3,(X),(X),(X),(X),37.2,0.3,(X),(X),(X),(X),0.2,(X),(X),(X),(X),(X),1.1,(X),(X),(X),(X),(X)
5001100US0902,0902,"Congressional District 2 (111th Congress), Connecticut",713905,710,356146,1044,357759,1119,5.5,0.1,5.7,0.1,5.2,0.1,6.0,0.2,6.1,0.2,5.9,0.2,6.8,0.2,6.9,0.2,6.6,0.2,7.7,0.1,7.9,0.2,7.5,0.2,7.3,0.1,7.8,0.1,6.7,0.1,5.2,0.1,5.5,0.1,5.0,0.1,5.3,0.1,5.5,0.1,5.1,0.1,7.0,0.2,7.0,0.2,6.9,0.2,8.2,0.2,8.3,0.2,8.1,0.2,8.7,0.1,8.8,0.1,8.6,0.1,7.7,0.1,7.8,0.1,7.7,0.1,6.4,0.1,6.5,0.2,6.3,0.2,5.3,0.1,5.1,0.2,5.5,0.2,3.8,0.1,3.7,0.1,4.0,0.2,3.0,0.1,2.8,0.1,3.3,0.2,2.6,0.1,2.2,0.1,2.9,0.1,1.9,0.1,1.5,0.1,2.4,0.1,1.7,0.1,1.0,0.1,2.4,0.2,12.7,0.1,12.9,0.1,12.5,0.1,4.2,0.1,4.3,0.1,4.1,0.1,10.8,0.1,11.5,0.1,10.2,0.2,40.6,0.1,42.0,0.2,39.3,0.2,80.4,0.1,80.0,0.2,80.8,0.2,77.6,0.1,77.1,0.2,78.2,0.2,18.4,0.2,16.3,0.2,20.4,0.2,16.0,0.1,14.0,0.2,18.0,0.2,13.1,0.1,11.2,0.1,14.9,0.2,6.2,0.1,4.7,0.1,7.7,0.1,39.6,0.2,38.4,0.2,40.6,0.2,99.5,0.6,(X),(X),(X),(X),54.9,0.3,(X),(X),(X),(X),20.2,0.2,(X),(X),(X),(X),34.6,0.2,(X),(X),(X),(X),0.1,(X),(X),(X),(X),(X),0.7,(X),(X),(X),(X),(X)
5001100US0903,0903,"Congressional District 3 (111th Congress), Connecticut",697898,1647,337048,1588,360850,1817,5.9,0.1,6.2,0.2,5.6,0.2,5.9,0.1,6.2,0.2,5.5,0.2,6.3,0.2,6.8,0.3,5.9,0.2,7.3,0.1,7.6,0.2,7.0,0.2,7.1,0.1,7.3,0.2,6.9,0.2,6.7,0.1,7.0,0.2,6.5,0.1,6.4,0.1,6.5,0.2,6.2,0.2,7.0,0.2,7.0,0.2,7.1,0.3,7.4,0.2,7.5,0.2,7.3,0.3,7.9,0.1,8.0,0.2,7.8,0.2,7.0,0.2,7.3,0.2,6.8,0.2,6.4,0.1,6.2,0.2,6.5,0.2,5.0,0.1,4.8,0.2,5.1,0.2,3.6,0.1,3.5,0.1,3.8,0.1,2.9,0.1,2.6,0.1,3.2,0.1,2.6,0.1,2.2,0.1,2.9,0.1,2.1,0.1,1.7,0.1,2.6,0.2,2.4,0.1,1.5,0.1,3.2,0.2,12.2,0.2,13.1,0.2,11.4,0.2,4.1,0.1,4.3,0.2,3.9,0.1,10.3,0.2,10.6,0.2,10.0,0.2,41.9,0.2,42.9,0.3,41.0,0.3,80.5,0.2,79.3,0.3,81.6,0.3,77.8,0.2,76.4,0.3,79.0,0.3,18.6,0.2,16.3,0.3,20.8,0.3,16.5,0.2,14.3,0.2,18.6,0.3,13.7,0.2,11.5,0.2,15.7,0.3,7.1,0.2,5.4,0.2,8.7,0.3,38.0,0.3,36.7,0.2,39.4,0.3,93.4,0.8,(X),(X),(X),(X),56.0,0.5,(X),(X),(X),(X),21.3,0.3,(X),(X),(X),(X),34.7,0.4,(X),(X),(X),(X),0.2,(X),(X),(X),(X),(X),1.1,(X),(X),(X),(X),(X)
5001100US0904,0904,"Congressional District 4 (111th Congress), Connecticut",687704,890,335134,1234,352570,1276,6.9,0.1,7.2,0.2,6.6,0.1,7.1,0.2,7.5,0.3,6.6,0.2,7.5,0.2,7.9,0.2,7.1,0.2,7.0,0.1,7.4,0.2,6.7,0.1,5.6,0.1,6.0,0.2,5.2,0.1,5.1,0.1,5.5,0.1,4.8,0.1,5.7,0.1,5.8,0.1,5.5,0.1,7.2,0.2,7.1,0.2,7.2,0.3,8.3,0.2,8.3,0.2,8.4,0.3,8.5,0.1,8.3,0.1,8.6,0.1,7.4,0.1,7.4,0.2,7.4,0.1,6.0,0.1,5.9,0.2,6.0,0.2,4.8,0.1,4.6,0.2,5.0,0.2,3.6,0.1,3.4,0.1,3.8,0.2,2.8,0.1,2.6,0.1,3.0,0.1,2.4,0.1,2.1,0.1,2.7,0.2,2.1,0.1,1.6,0.1,2.6,0.1,2.0,0.1,1.2,0.1,2.7,0.2,14.6,0.1,15.5,0.2,13.7,0.2,4.4,0.1,4.7,0.1,4.1,0.1,8.3,0.1,8.7,0.2,7.8,0.2,39.0,0.1,40.1,0.2,37.9,0.2,77.0,0.2,75.6,0.2,78.3,0.2,74.2,0.1,72.7,0.2,75.6,0.2,17.8,0.2,15.7,0.2,19.8,0.3,15.7,0.2,13.7,0.2,17.5,0.3,13.0,0.2,11.0,0.1,14.8,0.3,6.5,0.2,5.0,0.1,8.0,0.2,38.6,0.2,36.9,0.3,40.1,0.2,95.1,0.6,(X),(X),(X),(X),63.4,0.4,(X),(X),(X),(X),21.2,0.3,(X),(X),(X),(X),42.2,0.3,(X),(X),(X),(X),0.2,(X),(X),(X),(X),(X),1.2,(X),(X),(X),(X),(X)
5001100US0905,0905,"Congressional District 5 (111th Congress), Connecticut",700108,1188,343015,1973,357093,2093,6.2,0.2,6.6,0.3,5.7,0.2,6.5,0.2,6.9,0.3,6.1,0.3,6.9,0.2,7.1,0.3,6.8,0.3,7.1,0.2,7.6,0.2,6.6,0.2,6.0,0.2,6.4,0.3,5.7,0.2,5.5,0.2,5.7,0.3,5.3,0.2,5.7,0.2,5.9,0.2,5.6,0.2,6.8,0.2,6.9,0.3,6.8,0.2,7.9,0.2,7.8,0.3,8.0,0.3,8.3,0.2,8.3,0.2,8.2,0.2,7.7,0.2,7.7,0.2,7.7,0.2,6.3,0.2,6.2,0.2,6.3,0.2,5.2,0.2,5.2,0.2,5.2,0.2,3.6,0.1,3.4,0.2,3.8,0.1,3.1,0.1,2.8,0.1,3.3,0.2,2.5,0.1,2.2,0.1,2.9,0.2,2.2,0.1,1.6,0.1,2.8,0.2,2.5,0.2,1.6,0.1,3.3,0.2,13.4,0.2,14.1,0.3,12.8,0.3,4.4,0.1,4.7,0.2,4.2,0.2,8.6,0.2,9.3,0.4,8.0,0.2,39.0,0.2,40.2,0.4,37.9,0.4,79.0,0.3,77.9,0.4,80.0,0.4,75.9,0.3,74.6,0.4,77.2,0.4,19.1,0.3,16.9,0.3,21.3,0.4,16.9,0.3,14.8,0.3,19.0,0.4,13.9,0.3,11.7,0.2,16.1,0.4,7.2,0.2,5.4,0.2,9.0,0.3,39.4,0.3,37.8,0.3,40.9,0.3,96.1,1.1,(X),(X),(X),(X),61.3,0.7,(X),(X),(X),(X),22.5,0.5,(X),(X),(X),(X),38.8,0.5,(X),(X),(X),(X),0.2,(X),(X),(X),(X),(X),1.0,(X),(X),(X),(X),(X)
5001100US1000,1000,"Congressional District (at Large) (111th Congress), Delaware",863832,*****,419541,143,444291,143,6.7,0.1,7.1,0.1,6.4,0.1,6.4,0.1,6.7,0.2,6.0,0.2,6.5,0.1,6.9,0.2,6.1,0.2,7.1,0.1,7.3,0.1,6.8,0.1,6.5,0.1,6.9,0.1,6.2,0.1,6.8,0.1,7.0,0.1,6.7,0.1,6.2,0.1,6.3,0.1,6.1,0.1,6.8,0.2,6.7,0.2,6.9,0.2,7.3,0.2,7.4,0.2,7.1,0.2,7.6,0.1,7.5,0.1,7.6,0.1,6.9,0.1,6.9,0.1,7.0,0.1,6.0,0.1,6.0,0.2,6.1,0.2,5.4,0.1,5.2,0.2,5.7,0.2,4.0,0.1,3.8,0.1,4.2,0.1,3.3,0.1,3.2,0.1,3.5,0.1,2.8,0.1,2.5,0.1,3.0,0.1,1.9,0.1,1.5,0.1,2.3,0.1,1.8,0.1,1.2,0.1,2.3,0.1,12.9,0.1,13.6,0.1,12.2,0.1,4.2,0.1,4.4,0.1,3.9,0.1,9.4,0.1,9.8,0.1,9.0,0.1,40.7,0.1,41.6,0.1,39.8,0.1,79.0,0.1,77.8,0.1,80.1,0.1,76.2,0.1,74.9,0.1,77.5,0.1,19.2,0.1,17.4,0.2,20.9,0.2,16.9,0.1,15.2,0.2,18.6,0.1,13.8,0.1,12.2,0.1,15.2,0.1,6.5,0.1,5.3,0.1,7.6,0.1,37.8,0.1,36.3,0.2,39.1,0.2,94.4,0.1,(X),(X),(X),(X),60.0,0.1,(X),(X),(X),(X),22.0,0.1,(X),(X),(X),(X),38.0,0.1,(X),(X),(X),(X),0.2,(X),(X),(X),(X),(X),0.9,(X),(X),(X),(X),(X)
5001100US1198,1198,"Delegate District (at Large) (111th Congress), District of Columbia",588433,*****,277522,166,310911,166,6.1,0.1,6.6,0.1,5.6,0.1,4.9,0.2,5.2,0.2,4.6,0.2,5.2,0.2,5.6,0.2,4.7,0.2,7.2,0.1,7.2,0.2,7.2,0.2,8.0,0.1,7.8,0.2,8.2,0.2,9.5,0.1,9.5,0.1,9.5,0.1,8.5,0.1,8.7,0.1,8.3,0.1,7.8,0.2,8.1,0.3,7.6,0.2,6.9,0.2,7.5,0.3,6.4,0.2,6.8,0.1,7.1,0.1,6.5,0.1,6.5,0.1,6.5,0.1,6.5,0.1,6.1,0.2,5.8,0.2,6.4,0.2,4.8,0.2,4.5,0.2,5.0,0.2,3.5,0.1,3.4,0.1,3.6,0.1,2.7,0.1,2.4,0.1,3.0,0.1,2.2,0.1,1.9,0.1,2.4,0.2,1.8,0.1,1.3,0.1,2.2,0.2,1.7,0.1,0.9,0.1,2.3,0.2,10.0,0.1,10.8,0.1,9.3,0.1,3.3,0.1,3.5,0.1,3.1,0.1,11.9,0.1,11.5,0.1,12.2,0.1,47.9,0.1,48.7,0.1,47.1,0.1,82.8,0.1,81.4,0.1,84.0,0.1,80.6,0.1,79.1,0.1,82.0,0.1,16.6,0.2,14.4,0.2,18.6,0.2,14.5,0.1,12.3,0.2,16.4,0.2,11.8,0.1,9.8,0.1,13.6,0.1,5.6,0.1,4.1,0.1,7.0,0.1,35.4,0.1,34.7,0.2,36.2,0.1,89.3,0.1,(X),(X),(X),(X),45.3,0.1,(X),(X),(X),(X),17.2,0.1,(X),(X),(X),(X),28.2,0.1,(X),(X),(X),(X),0.2,(X),(X),(X),(X),(X),1.4,(X),(X),(X),(X),(X)
5001100US1201,1201,"Congressional District 1 (111th Congress), Florida",693451,1112,346639,884,346812,730,6.7,0.1,6.9,0.1,6.4,0.1,5.8,0.2,5.9,0.2,5.7,0.2,6.4,0.2,6.6,0.2,6.2,0.2,7.4,0.1,7.9,0.1,6.9,0.1,8.0,0.1,8.6,0.1,7.4,0.1,7.0,0.1,7.3,0.1,6.8,0.1,5.9,0.1,6.2,0.1,5.6,0.1,6.3,0.2,6.6,0.2,6.1,0.2,7.1,0.2,7.0,0.2,7.1,0.2,7.7,0.1,7.7,0.1,7.7,0.1,6.9,0.1,6.7,0.1,7.1,0.1,6.2,0.2,5.9,0.2,6.4,0.2,5.2,0.1,5.0,0.2,5.4,0.2,4.1,0.1,3.8,0.1,4.4,0.2,3.2,0.1,3.0,0.1,3.4,0.1,2.8,0.1,2.5,0.1,3.2,0.2,1.8,0.1,1.5,0.1,2.2,0.1,1.5,0.1,1.1,0.1,2.0,0.2,12.2,0.1,12.5,0.1,11.9,0.1,4.1,0.1,4.2,0.1,4.0,0.1,11.3,0.1,12.3,0.1,10.3,0.1,41.7,0.1,43.5,0.2,39.9,0.1,79.9,0.1,79.3,0.1,80.4,0.2,77.0,0.1,76.4,0.1,77.7,0.1,18.6,0.1,16.8,0.2,20.5,0.2,16.5,0.1,14.7,0.2,18.2,0.2,13.5,0.1,11.8,0.1,15.1,0.1,6.2,0.1,5.0,0.1,7.4,0.1,37.2,0.2,35.5,0.2,39.1,0.3,100.0,0.3,(X),(X),(X),(X),57.3,0.2,(X),(X),(X),(X),21.2,0.1,(X),(X),(X),(X),36.1,0.2,(X),(X),(X),(X),0.2,(X),(X),(X),(X),(X),0.8,(X),(X),(X),(X),(X)
5001100US1202,1202,"Congressional District 2 (111th Congress), Florida",705117,1464,352326,1346,352791,1209,6.2,0.1,6.2,0.1,6.1,0.1,5.5,0.1,5.6,0.3,5.4,0.2,5.9,0.2,6.1,0.3,5.8,0.2,7.8,0.1,7.8,0.2,7.8,0.2,11.3,0.1,11.5,0.2,11.1,0.1,6.5,0.1,7.2,0.2,5.9,0.1,5.7,0.1,6.0,0.2,5.4,0.1,6.2,0.2,6.6,0.3,5.9,0.3,6.7,0.2,7.0,0.3,6.5,0.3,7.1,0.1,7.1,0.1,7.1,0.1,6.8,0.1,6.7,0.2,7.0,0.1,6.3,0.2,5.8,0.2,6.8,0.2,5.0,0.2,5.1,0.2,5.0,0.2,3.9,0.1,3.8,0.2,4.0,0.2,2.9,0.1,2.6,0.1,3.1,0.2,2.7,0.1,2.6,0.2,2.9,0.2,1.8,0.1,1.4,0.1,2.1,0.1,1.5,0.1,1.0,0.1,2.1,0.1,11.4,0.1,11.6,0.2,11.2,0.1,3.8,0.1,4.0,0.1,3.5,0.1,15.4,0.1,15.4,0.2,15.4,0.2,44.3,0.2,46.1,0.3,42.6,0.2,81.1,0.1,80.8,0.2,81.5,0.2,78.7,0.1,78.1,0.2,79.2,0.2,17.9,0.2,16.4,0.3,19.3,0.2,15.7,0.2,14.3,0.2,17.1,0.2,12.8,0.1,11.4,0.1,14.3,0.1,6.0,0.1,4.9,0.1,7.1,0.1,35.8,0.2,34.7,0.3,37.2,0.2,99.9,0.6,(X),(X),(X),(X),51.8,0.3,(X),(X),(X),(X),19.4,0.2,(X),(X),(X),(X),32.4,0.2,(X),(X),(X),(X),0.2,(X),(X),(X),(X),(X),0.9,(X),(X),(X),(X),(X)
5001100US1203,1203,"Congressional District 3 (111th Congress), Florida",649914,6529,316075,3974,333839,4035,7.8,0.2,8.3,0.4,7.2,0.3,6.7,0.2,6.9,0.4,6.6,0.3,6.9,0.3,7.3,0.4,6.5,0.3,7.6,0.2,7.9,0.3,7.3,0.3,8.7,0.2,9.0,0.4,8.5,0.3,8.1,0.3,8.0,0.4,8.2,0.3,6.6,0.2,6.6,0.3,6.6,0.3,6.4,0.2,6.3,0.3,6.5,0.3,6.8,0.3,7.3,0.5,6.3,0.3,7.4,0.2,7.5,0.3,7.4,0.3,6.4,0.2,6.2,0.3,6.5,0.3,5.5,0.2,5.3,0.3,5.6,0.2,4.2,0.2,4.1,0.2,4.3,0.2,3.3,0.2,2.9,0.2,3.5,0.2,2.5,0.1,2.3,0.2,2.6,0.2,2.3,0.1,1.8,0.2,2.7,0.2,1.7,0.1,1.3,0.1,2.1,0.2,1.3,0.1,0.9,0.1,1.6,0.2,13.6,0.3,14.2,0.4,13.1,0.4,4.5,0.1,4.7,0.2,4.4,0.2,11.8,0.3,12.2,0.5,11.4,0.3,44.2,0.4,45.1,0.6,43.4,0.4,77.2,0.4,76.1,0.6,78.3,0.4,74.1,0.4,72.7,0.6,75.3,0.4,15.1,0.3,13.4,0.3,16.8,0.4,13.2,0.2,11.5,0.3,14.9,0.3,11.0,0.2,9.3,0.3,12.5,0.3,5.3,0.2,4.1,0.2,6.4,0.3,33.0,0.4,31.7,0.5,34.2,0.5,94.7,1.4,(X),(X),(X),(X),58.5,1.0,(X),(X),(X),(X),17.4,0.4,(X),(X),(X),(X),41.1,0.8,(X),(X),(X),(X),0.3,(X),(X),(X),(X),(X),1.8,(X),(X),(X),(X),(X)
5001100US1204,1204,"Congressional District 4 (111th Congress), Florida",712902,3335,355957,2528,356945,1727,6.7,0.2,7.0,0.2,6.5,0.2,6.4,0.2,6.4,0.3,6.3,0.3,6.2,0.2,6.3,0.3,6.2,0.3,6.3,0.2,6.8,0.2,5.9,0.2,7.3,0.1,7.7,0.2,6.8,0.2,7.8,0.2,7.9,0.2,7.7,0.2,6.9,0.1,7.2,0.2,6.7,0.2,7.0,0.2,7.2,0.3,6.9,0.3,7.8,0.2,8.2,0.3,7.5,0.3,7.5,0.1,7.5,0.2,7.5,0.2,7.1,0.1,7.0,0.2,7.2,0.2,6.3,0.2,6.1,0.2,6.5,0.2,4.9,0.1,4.7,0.2,5.1,0.2,3.3,0.1,3.2,0.1,3.5,0.2,2.7,0.1,2.4,0.1,3.0,0.2,2.3,0.1,2.0,0.1,2.6,0.2,1.7,0.1,1.3,0.1,2.2,0.1,1.6,0.1,1.1,0.1,2.0,0.1,12.6,0.2,12.7,0.2,12.5,0.2,3.8,0.1,3.9,0.1,3.7,0.1,9.8,0.2,10.6,0.3,9.0,0.2,43.2,0.2,45.0,0.4,41.4,0.3,79.3,0.2,78.9,0.3,79.8,0.3,76.9,0.2,76.4,0.2,77.3,0.3,16.5,0.2,14.6,0.2,18.4,0.3,14.4,0.2,12.8,0.2,16.0,0.2,11.6,0.1,10.0,0.1,13.3,0.2,5.6,0.1,4.4,0.1,6.8,0.2,36.6,0.2,35.5,0.3,37.9,0.3,99.7,0.8,(X),(X),(X),(X),53.3,0.4,(X),(X),(X),(X),17.8,0.2,(X),(X),(X),(X),35.5,0.3,(X),(X),(X),(X),0.3,(X),(X),(X),(X),(X),1.4,(X),(X),(X),(X),(X)
5001100US1205,1205,"Congressional District 5 (111th Congress), Florida",869236,4225,428763,2478,440473,2616,5.3,0.1,5.6,0.2,5.1,0.1,5.3,0.2,5.6,0.2,5.1,0.2,5.9,0.2,6.1,0.2,5.7,0.2,5.6,0.1,6.1,0.2,5.2,0.1,4.5,0.1,4.9,0.2,4.0,0.2,5.1,0.1,5.3,0.2,5.0,0.1,5.3,0.1,5.5,0.2,5.1,0.1,5.9,0.2,6.2,0.2,5.7,0.2,6.8,0.2,7.1,0.2,6.5,0.2,6.7,0.1,6.8,0.2,6.6,0.1,6.4,0.1,6.2,0.1,6.6,0.1,6.6,0.2,6.0,0.2,7.1,0.2,7.5,0.2,7.1,0.2,7.9,0.2,6.6,0.2,6.2,0.2,7.1,0.2,5.6,0.1,5.4,0.2,5.8,0.2,5.0,0.2,5.1,0.2,4.9,0.2,3.4,0.1,3.0,0.2,3.8,0.2,2.5,0.2,2.0,0.2,3.0,0.2,11.2,0.1,11.6,0.2,10.7,0.2,3.6,0.1,3.9,0.1,3.4,0.1,6.5,0.1,7.0,0.2,5.9,0.2,33.2,0.2,34.9,0.3,31.5,0.3,82.2,0.2,81.3,0.3,83.1,0.3,79.8,0.2,78.9,0.2,80.8,0.3,30.6,0.3,28.8,0.3,32.4,0.3,27.6,0.2,25.9,0.3,29.3,0.3,23.1,0.2,21.7,0.2,24.5,0.2,10.9,0.2,10.1,0.2,11.7,0.2,45.2,0.2,43.6,0.2,47.0,0.3,97.3,0.6,(X),(X),(X),(X),76.3,0.6,(X),(X),(X),(X),40.7,0.4,(X),(X),(X),(X),35.5,0.3,(X),(X),(X),(X),0.1,(X),(X),(X),(X),(X),0.8,(X),(X),(X),(X),(X)
5001100US1206,1206,"Congressional District 6 (111th Congress), Florida",784346,4473,384030,2993,400316,3073,6.1,0.1,6.1,0.2,6.0,0.2,5.9,0.2,6.0,0.3,5.8,0.2,6.0,0.2,6.5,0.3,5.6,0.2,7.5,0.1,7.6,0.2,7.4,0.2,9.5,0.2,9.9,0.3,9.2,0.2,5.6,0.1,5.7,0.2,5.5,0.2,5.4,0.1,5.7,0.2,5.1,0.2,6.4,0.2,6.5,0.3,6.3,0.2,6.5,0.2,6.7,0.3,6.4,0.2,6.9,0.1,6.8,0.2,7.0,0.2,6.4,0.2,6.3,0.2,6.5,0.2,5.8,0.2,5.6,0.2,5.9,0.2,5.5,0.2,5.3,0.2,5.8,0.2,4.8,0.2,4.7,0.2,5.0,0.2,3.9,0.1,3.6,0.2,4.1,0.2,3.6,0.1,3.4,0.2,3.7,0.2,2.4,0.1,2.0,0.2,2.6,0.2,1.9,0.1,1.5,0.1,2.3,0.2,11.9,0.2,12.5,0.3,11.3,0.2,3.9,0.1,4.0,0.2,3.8,0.1,13.1,0.2,13.5,0.3,12.7,0.3,40.9,0.3,42.1,0.4,39.8,0.3,80.7,0.2,80.0,0.3,81.3,0.3,78.1,0.2,77.4,0.4,78.8,0.3,22.1,0.2,20.6,0.3,23.5,0.3,19.7,0.2,18.4,0.3,21.0,0.3,16.5,0.2,15.3,0.2,17.7,0.2,7.8,0.2,7.0,0.2,8.6,0.2,38.2,0.3,36.8,0.3,39.4,0.3,95.9,1.0,(X),(X),(X),(X),62.3,0.6,(X),(X),(X),(X),26.8,0.4,(X),(X),(X),(X),35.5,0.5,(X),(X),(X),(X),0.3,(X),(X),(X),(X),(X),1.4,(X),(X),(X),(X),(X)
5001100US1207,1207,"Congressional District 7 (111th Congress), Florida",783587,4054,383346,2488,400241,2587,5.6,0.1,5.9,0.2,5.4,0.2,5.8,0.2,5.9,0.3,5.7,0.2,6.4,0.2,6.9,0.3,5.8,0.3,6.8,0.2,7.2,0.3,6.4,0.2,5.7,0.1,6.0,0.2,5.4,0.2,5.7,0.2,5.9,0.3,5.6,0.2,5.6,0.1,5.9,0.2,5.3,0.2,6.5,0.2,6.6,0.3,6.5,0.2,7.2,0.2,7.3,0.3,7.1,0.2,7.6,0.1,7.4,0.2,7.7,0.2,7.3,0.1,7.2,0.2,7.4,0.2,6.9,0.2,6.8,0.2,6.9,0.2,5.8,0.2,5.6,0.2,5.9,0.2,4.6,0.1,4.3,0.2,4.9,0.2,3.9,0.1,3.6,0.1,4.1,0.2,3.5,0.1,3.3,0.2,3.7,0.1,2.8,0.1,2.5,0.2,3.1,0.2,2.4,0.1,1.8,0.1,3.1,0.2,12.2,0.2,12.8,0.2,11.5,0.2,4.1,0.1,4.3,0.2,4.0,0.1,8.3,0.2,8.9,0.3,7.8,0.2,37.5,0.2,38.9,0.3,36.2,0.3,80.8,0.2,79.8,0.3,81.8,0.3,78.0,0.2,77.0,0.3,79.0,0.3,22.9,0.2,21.0,0.3,24.8,0.3,20.5,0.2,18.6,0.2,22.3,0.3,17.2,0.1,15.5,0.2,18.8,0.2,8.7,0.1,7.5,0.2,9.9,0.2,41.2,0.3,39.8,0.4,42.7,0.3,95.8,0.7,(X),(X),(X),(X),64.3,0.5,(X),(X),(X),(X),28.2,0.3,(X),(X),(X),(X),36.1,0.4,(X),(X),(X),(X),0.2,(X),(X),(X),(X),(X),1.1,(X),(X),(X),(X),(X)
5001100US1208,1208,"Congressional District 8 (111th Congress), Florida",774902,5861,380460,3609,394442,3647,6.9,0.2,7.2,0.3,6.7,0.2,6.4,0.2,6.8,0.3,6.1,0.3,6.2,0.2,6.5,0.3,6.0,0.3,6.1,0.2,6.3,0.2,6.0,0.2,6.6,0.2,6.7,0.3,6.6,0.2,8.9,0.2,9.2,0.3,8.5,0.2,7.3,0.2,7.4,0.2,7.1,0.2,7.2,0.2,7.3,0.3,7.1,0.2,7.6,0.2,7.8,0.3,7.4,0.3,7.5,0.2,7.5,0.2,7.4,0.2,6.4,0.1,6.2,0.2,6.5,0.2,5.5,0.2,5.3,0.2,5.6,0.2,4.5,0.2,4.5,0.2,4.5,0.2,3.5,0.1,3.3,0.2,3.8,0.2,2.8,0.1,2.5,0.1,3.0,0.2,2.8,0.1,2.5,0.2,3.0,0.2,2.1,0.1,1.6,0.1,2.5,0.1,1.7,0.1,1.2,0.1,2.2,0.2,12.7,0.2,13.4,0.3,12.0,0.3,3.9,0.1,4.0,0.2,3.8,0.2,8.9,0.2,9.0,0.3,8.8,0.3,43.7,0.2,44.7,0.4,42.7,0.3,79.1,0.3,78.1,0.4,80.1,0.3,76.5,0.3,75.4,0.4,77.5,0.4,17.4,0.3,15.7,0.3,19.0,0.4,15.3,0.2,13.5,0.3,17.0,0.3,12.8,0.2,11.1,0.2,14.5,0.3,6.5,0.1,5.3,0.2,7.7,0.2,36.0,0.3,34.9,0.3,37.2,0.3,96.5,1.1,(X),(X),(X),(X),57.1,0.6,(X),(X),(X),(X),20.2,0.3,(X),(X),(X),(X),36.9,0.5,(X),(X),(X),(X),0.3,(X),(X),(X),(X),(X),1.4,(X),(X),(X),(X),(X)
5001100US1209,1209,"Congressional District 9 (111th Congress), Florida",741194,4178,360643,2995,380551,2949,5.8,0.2,5.9,0.3,5.7,0.2,5.9,0.2,6.3,0.3,5.7,0.3,6.8,0.2,7.1,0.3,6.4,0.3,5.9,0.2,6.3,0.3,5.5,0.2,5.5,0.2,5.8,0.3,5.2,0.2,5.8,0.2,6.0,0.3,5.7,0.2,5.7,0.1,5.9,0.2,5.5,0.2,6.6,0.2,6.7,0.3,6.5,0.3,7.8,0.2,7.8,0.3,7.8,0.3,7.9,0.2,8.0,0.2,7.8,0.2,7.1,0.2,7.0,0.3,7.1,0.2,6.5,0.2,6.6,0.3,6.4,0.3,5.5,0.2,5.2,0.2,5.7,0.2,4.1,0.1,4.0,0.2,4.3,0.2,3.5,0.1,3.2,0.2,3.7,0.2,3.9,0.1,3.5,0.2,4.2,0.2,3.0,0.1,2.7,0.2,3.2,0.2,2.8,0.2,2.0,0.2,3.6,0.2,12.7,0.3,13.4,0.4,12.1,0.3,3.8,0.1,4.1,0.2,3.6,0.2,7.6,0.2,8.0,0.3,7.2,0.3,37.3,0.3,38.4,0.4,36.3,0.4,80.2,0.3,79.2,0.5,81.0,0.3,77.7,0.3,76.6,0.5,78.6,0.3,22.7,0.3,20.8,0.4,24.6,0.4,20.4,0.3,18.6,0.3,22.1,0.4,17.3,0.3,15.5,0.3,18.9,0.4,9.7,0.2,8.3,0.2,11.0,0.3,41.3,0.4,40.0,0.5,42.5,0.3,94.8,1.1,(X),(X),(X),(X),65.6,0.8,(X),(X),(X),(X),28.6,0.5,(X),(X),(X),(X),37.0,0.6,(X),(X),(X),(X),0.2,(X),(X),(X),(X),(X),0.6,(X),(X),(X),(X),(X)
5001100US1210,1210,"Congressional District 10 (111th Congress), Florida",630032,2628,303949,1903,326083,1891,5.0,0.1,5.5,0.2,4.6,0.1,4.5,0.2,4.8,0.2,4.3,0.2,5.1,0.2,5.5,0.3,4.8,0.2,5.2,0.1,5.5,0.2,4.9,0.2,5.1,0.1,5.4,0.2,4.8,0.2,5.9,0.1,6.3,0.2,5.5,0.2,5.4,0.1,5.7,0.2,5.2,0.2,5.8,0.2,6.0,0.3,5.6,0.3,7.3,0.2,7.6,0.3,7.0,0.3,8.1,0.1,8.3,0.2,7.9,0.2,7.7,0.1,7.8,0.3,7.7,0.2,7.0,0.2,6.8,0.3,7.1,0.2,6.4,0.2,6.4,0.3,6.4,0.2,4.9,0.1,4.6,0.2,5.1,0.2,4.2,0.1,3.9,0.2,4.5,0.2,4.8,0.2,4.2,0.2,5.2,0.2,3.8,0.2,3.0,0.2,4.5,0.2,3.7,0.2,2.4,0.2,4.9,0.3,9.6,0.2,10.3,0.3,9.0,0.2,3.3,0.1,3.4,0.1,3.2,0.1,7.0,0.2,7.5,0.2,6.5,0.2,34.7,0.2,36.7,0.3,33.0,0.3,84.3,0.2,83.2,0.3,85.3,0.3,82.0,0.2,80.8,0.4,83.2,0.2,27.8,0.3,24.7,0.4,30.7,0.3,25.1,0.2,21.8,0.3,28.2,0.3,21.4,0.2,18.2,0.3,24.3,0.2,12.3,0.2,9.7,0.2,14.7,0.2,45.4,0.2,43.6,0.3,47.2,0.3,93.2,0.8,(X),(X),(X),(X),64.8,0.6,(X),(X),(X),(X),35.2,0.4,(X),(X),(X),(X),29.6,0.4,(X),(X),(X),(X),0.2,(X),(X),(X),(X),(X),0.8,(X),(X),(X),(X),(X)
5001100US1211,1211,"Congressional District 11 (111th Congress), Florida",666805,4565,324347,2881,342458,3253,7.2,0.2,7.8,0.3,6.7,0.3,6.0,0.2,6.2,0.3,5.9,0.3,6.7,0.2,6.9,0.3,6.5,0.3,7.1,0.2,7.3,0.2,6.9,0.2,7.7,0.2,7.9,0.3,7.5,0.3,8.5,0.2,8.9,0.3,8.2,0.2,7.3,0.2,7.5,0.3,7.2,0.2,7.2,0.2,7.3,0.3,7.1,0.3,7.3,0.2,7.6,0.3,7.0,0.3,7.0,0.2,6.9,0.2,7.1,0.2,6.5,0.2,6.4,0.2,6.6,0.2,5.5,0.2,5.3,0.2,5.8,0.3,4.2,0.1,4.0,0.2,4.4,0.2,2.9,0.1,2.8,0.2,3.0,0.2,2.8,0.1,2.7,0.2,3.0,0.2,2.3,0.1,2.0,0.2,2.7,0.2,1.9,0.1,1.5,0.1,2.2,0.2,1.7,0.1,1.1,0.1,2.3,0.2,12.7,0.2,13.1,0.3,12.3,0.3,4.2,0.1,4.3,0.2,4.1,0.2,10.6,0.3,10.9,0.4,10.3,0.4,45.2,0.3,46.6,0.4,43.9,0.4,78.7,0.3,77.7,0.4,79.7,0.4,75.9,0.3,74.8,0.4,76.9,0.4,15.9,0.3,14.0,0.3,17.7,0.4,14.1,0.3,12.3,0.3,15.7,0.4,11.7,0.2,10.0,0.2,13.3,0.3,5.9,0.2,4.6,0.2,7.2,0.3,34.6,0.3,33.2,0.3,35.8,0.3,94.7,1.2,(X),(X),(X),(X),55.8,0.7,(X),(X),(X),(X),18.2,0.4,(X),(X),(X),(X),37.5,0.5,(X),(X),(X),(X),0.2,(X),(X),(X),(X),(X),1.0,(X),(X),(X),(X),(X)
5001100US1212,1212,"Congressional District 12 (111th Congress), Florida",778275,4338,383849,2463,394426,2910,7.2,0.2,7.6,0.2,6.8,0.2,7.0,0.2,7.2,0.3,6.8,0.3,6.8,0.2,7.2,0.3,6.4,0.2,6.9,0.1,7.1,0.2,6.7,0.2,6.1,0.2,6.5,0.2,5.7,0.2,6.9,0.2,7.2,0.2,6.7,0.2,6.5,0.1,6.6,0.2,6.4,0.2,6.6,0.2,6.8,0.2,6.4,0.2,6.8,0.2,7.0,0.2,6.7,0.2,6.9,0.1,6.8,0.2,6.9,0.2,6.1,0.1,5.9,0.2,6.2,0.2,5.6,0.2,5.4,0.2,5.8,0.2,5.1,0.2,4.9,0.2,5.2,0.2,4.3,0.1,4.1,0.2,4.5,0.2,3.5,0.1,3.2,0.1,3.8,0.2,3.3,0.1,3.1,0.1,3.6,0.2,2.6,0.1,2.2,0.1,3.0,0.1,1.9,0.1,1.3,0.1,2.4,0.2,13.8,0.2,14.4,0.3,13.2,0.3,4.3,0.1,4.5,0.2,4.1,0.1,8.6,0.2,9.0,0.3,8.2,0.2,39.8,0.2,41.1,0.3,38.6,0.3,77.6,0.3,76.5,0.3,78.7,0.3,74.7,0.2,73.5,0.3,75.9,0.3,20.7,0.2,18.8,0.3,22.5,0.3,18.7,0.2,16.9,0.3,20.4,0.3,15.6,0.2,13.9,0.2,17.3,0.2,7.8,0.1,6.6,0.1,9.0,0.2,37.0,0.3,35.5,0.3,38.6,0.4,97.3,0.8,(X),(X),(X),(X),69.1,0.6,(X),(X),(X),(X),26.4,0.3,(X),(X),(X),(X),42.8,0.5,(X),(X),(X),(X),0.2,(X),(X),(X),(X),(X),1.5,(X),(X),(X),(X),(X)
5001100US1213,1213,"Congressional District 13 (111th Congress), Florida",735932,2067,360674,1197,375258,1150,5.1,0.1,5.3,0.1,4.9,0.1,4.6,0.2,4.7,0.2,4.5,0.2,5.3,0.2,5.6,0.2,5.1,0.2,5.1,0.1,5.5,0.1,4.8,0.1,4.7,0.1,5.2,0.1,4.3,0.1,5.2,0.1,5.8,0.1,4.5,0.1,4.7,0.1,5.1,0.1,4.3,0.1,5.4,0.2,5.5,0.2,5.3,0.2,6.3,0.1,6.7,0.2,5.9,0.2,6.8,0.1,6.9,0.1,6.6,0.1,6.6,0.1,6.4,0.1,6.7,0.1,6.6,0.1,6.3,0.2,6.9,0.2,7.2,0.1,6.8,0.2,7.7,0.2,6.5,0.2,6.0,0.2,6.9,0.2,5.5,0.1,5.4,0.2,5.7,0.2,5.9,0.1,5.5,0.2,6.3,0.2,4.7,0.1,4.4,0.2,5.1,0.2,3.7,0.1,3.0,0.2,4.4,0.2,10.0,0.1,10.3,0.1,9.6,0.1,3.3,0.1,3.4,0.1,3.1,0.1,6.6,0.1,7.3,0.1,6.0,0.1,31.4,0.1,33.8,0.2,29.1,0.1,83.8,0.1,83.1,0.2,84.5,0.1,81.7,0.1,80.9,0.1,82.4,0.1,33.6,0.2,30.9,0.2,36.1,0.2,30.7,0.2,28.4,0.2,33.0,0.2,26.4,0.1,24.2,0.1,28.5,0.1,14.4,0.1,12.8,0.1,15.9,0.1,47.7,0.1,45.4,0.1,49.9,0.1,96.1,0.3,(X),(X),(X),(X),80.7,0.4,(X),(X),(X),(X),47.6,0.3,(X),(X),(X),(X),33.1,0.2,(X),(X),(X),(X),0.2,(X),(X),(X),(X),(X),1.1,(X),(X),(X),(X),(X)
5001100US1214,1214,"Congressional District 14 (111th Congress), Florida",813843,2552,402374,1534,411469,1526,5.5,0.1,5.8,0.1,5.3,0.1,5.2,0.1,5.5,0.2,4.9,0.2,5.2,0.1,5.4,0.2,5.1,0.2,5.0,0.1,5.3,0.1,4.8,0.1,4.9,0.1,5.3,0.1,4.4,0.1,5.2,0.1,5.6,0.1,4.8,0.1,5.1,0.1,5.4,0.1,4.7,0.1,5.8,0.2,6.0,0.2,5.5,0.2,6.3,0.2,6.4,0.2,6.3,0.2,6.6,0.1,6.5,0.1,6.6,0.1,6.3,0.1,6.2,0.1,6.5,0.1,6.6,0.1,6.2,0.2,7.0,0.2,7.3,0.2,6.8,0.2,7.8,0.2,6.9,0.1,6.5,0.2,7.2,0.2,5.6,0.1,5.5,0.2,5.8,0.2,5.6,0.1,5.6,0.2,5.7,0.2,3.9,0.1,3.8,0.2,4.0,0.1,2.9,0.1,2.4,0.2,3.4,0.2,10.4,0.1,10.8,0.1,10.0,0.1,3.2,0.1,3.3,0.1,3.1,0.1,6.7,0.1,7.3,0.2,6.1,0.1,32.2,0.2,33.9,0.3,30.6,0.2,82.9,0.1,82.1,0.2,83.7,0.2,80.8,0.1,80.1,0.2,81.6,0.2,32.3,0.2,30.6,0.3,33.9,0.3,29.4,0.2,28.0,0.3,30.8,0.2,25.0,0.1,23.8,0.1,26.1,0.1,12.5,0.1,11.8,0.1,13.2,0.1,46.3,0.2,44.6,0.2,48.1,0.2,97.8,0.4,(X),(X),(X),(X),79.1,0.5,(X),(X),(X),(X),44.8,0.3,(X),(X),(X),(X),34.3,0.3,(X),(X),(X),(X),0.2,(X),(X),(X),(X),(X),0.9,(X),(X),(X),(X),(X)
5001100US1215,1215,"Congressional District 15 (111th Congress), Florida",780787,2788,383880,1754,396907,1756,5.9,0.1,6.1,0.1,5.7,0.2,5.6,0.2,5.7,0.3,5.6,0.2,6.4,0.2,6.8,0.3,5.9,0.2,6.6,0.1,7.0,0.2,6.1,0.1,5.7,0.1,6.0,0.2,5.4,0.1,5.7,0.1,6.0,0.2,5.5,0.1,5.4,0.1,5.7,0.1,5.1,0.1,6.2,0.2,6.3,0.2,6.1,0.2,7.0,0.2,7.0,0.2,7.0,0.2,7.6,0.1,7.6,0.1,7.5,0.1,7.0,0.1,6.9,0.1,7.1,0.1,6.1,0.1,5.9,0.2,6.3,0.2,5.7,0.1,5.4,0.2,5.9,0.2,5.0,0.1,4.8,0.2,5.1,0.2,4.4,0.1,4.1,0.2,4.7,0.2,4.2,0.1,3.9,0.2,4.5,0.2,3.3,0.1,3.0,0.2,3.6,0.2,2.4,0.1,1.9,0.1,2.9,0.2,12.0,0.1,12.5,0.2,11.5,0.2,4.2,0.1,4.4,0.1,4.0,0.1,8.1,0.1,8.6,0.2,7.5,0.2,36.6,0.2,38.0,0.2,35.3,0.2,80.8,0.2,80.0,0.3,81.6,0.2,77.9,0.1,77.0,0.2,78.8,0.2,24.8,0.2,23.0,0.2,26.6,0.3,22.5,0.2,20.8,0.2,24.1,0.3,19.2,0.1,17.6,0.1,20.7,0.2,9.8,0.1,8.8,0.1,10.9,0.1,42.0,0.3,40.3,0.3,43.4,0.3,96.7,0.5,(X),(X),(X),(X),70.3,0.4,(X),(X),(X),(X),32.7,0.2,(X),(X),(X),(X),37.6,0.3,(X),(X),(X),(X),0.2,(X),(X),(X),(X),(X),0.9,(X),(X),(X),(X),(X)
5001100US1216,1216,"Congressional District 16 (111th Congress), Florida",759693,3168,377229,2276,382464,1911,5.4,0.1,5.6,0.2,5.3,0.2,5.5,0.1,5.6,0.2,5.4,0.2,6.1,0.2,6.4,0.3,5.8,0.2,6.2,0.1,6.6,0.2,5.7,0.2,4.9,0.1,5.4,0.2,4.4,0.1,4.8,0.1,5.4,0.2,4.2,0.2,4.7,0.1,5.1,0.2,4.4,0.1,5.7,0.2,5.9,0.3,5.5,0.3,7.0,0.2,7.0,0.3,6.9,0.3,7.2,0.1,7.1,0.2,7.3,0.1,6.8,0.1,6.6,0.1,6.9,0.1,6.2,0.2,5.8,0.2,6.6,0.2,6.3,0.2,6.1,0.2,6.5,0.2,5.9,0.2,5.6,0.2,6.2,0.2,5.2,0.2,4.8,0.2,5.5,0.2,5.2,0.1,5.0,0.2,5.5,0.2,4.0,0.1,3.7,0.2,4.2,0.2,3.0,0.1,2.5,0.2,3.5,0.2,11.6,0.1,12.0,0.2,11.3,0.2,4.0,0.1,4.2,0.1,3.7,0.1,7.0,0.1,7.8,0.2,6.3,0.2,33.2,0.2,35.3,0.3,31.2,0.2,81.7,0.2,81.2,0.3,82.3,0.3,79.0,0.2,78.2,0.2,79.7,0.2,29.6,0.2,27.6,0.3,31.5,0.3,26.9,0.2,25.0,0.3,28.7,0.3,23.3,0.2,21.5,0.2,25.0,0.2,12.2,0.1,11.1,0.2,13.3,0.2,44.8,0.2,43.1,0.3,46.5,0.3,98.6,0.7,(X),(X),(X),(X),79.6,0.6,(X),(X),(X),(X),41.8,0.4,(X),(X),(X),(X),37.8,0.4,(X),(X),(X),(X),0.2,(X),(X),(X),(X),(X),1.0,(X),(X),(X),(X),(X)
5001100US1217,1217,"Congressional District 17 (111th Congress), Florida",665554,6277,314700,3985,350854,4065,7.9,0.2,8.3,0.4,7.5,0.3,6.8,0.2,7.4,0.4,6.4,0.3,7.7,0.3,8.5,0.4,6.9,0.3,7.8,0.2,8.5,0.3,7.1,0.3,7.7,0.2,7.9,0.3,7.4,0.2,7.6,0.3,7.7,0.4,7.4,0.3,7.0,0.2,7.1,0.3,6.9,0.3,6.6,0.2,6.6,0.3,6.6,0.3,7.1,0.3,6.9,0.4,7.2,0.3,6.9,0.2,6.6,0.3,7.2,0.3,6.4,0.2,6.1,0.3,6.7,0.3,5.3,0.2,4.8,0.2,5.7,0.3,4.3,0.2,4.3,0.3,4.4,0.2,3.3,0.2,3.2,0.2,3.4,0.2,2.4,0.1,2.1,0.2,2.7,0.2,2.2,0.1,1.9,0.2,2.5,0.2,1.6,0.1,1.1,0.1,1.9,0.2,1.5,0.2,0.9,0.1,2.1,0.3,14.5,0.3,15.9,0.4,13.3,0.4,4.7,0.2,5.2,0.2,4.3,0.2,10.7,0.3,11.3,0.4,10.3,0.3,43.7,0.3,44.8,0.5,42.7,0.5,76.0,0.4,74.1,0.6,77.7,0.5,72.9,0.3,70.6,0.6,74.9,0.4,15.3,0.3,13.5,0.4,16.9,0.5,13.5,0.3,11.7,0.4,15.1,0.5,11.0,0.3,9.2,0.3,12.6,0.4,5.3,0.2,4.0,0.2,6.5,0.4,33.2,0.4,31.0,0.4,35.2,0.4,89.7,1.4,(X),(X),(X),(X),61.5,0.9,(X),(X),(X),(X),17.7,0.5,(X),(X),(X),(X),43.8,0.7,(X),(X),(X),(X),0.2,(X),(X),(X),(X),(X),1.5,(X),(X),(X),(X),(X)
5001100US1218,1218,"Congressional District 18 (111th Congress), Florida",690629,5120,344307,3467,346322,3319,5.8,0.2,6.3,0.3,5.4,0.3,5.0,0.2,5.1,0.3,4.9,0.3,5.1,0.2,5.4,0.3,4.9,0.3,5.6,0.2,5.7,0.3,5.5,0.3,6.2,0.2,6.5,0.3,5.9,0.3,7.5,0.2,8.0,0.3,6.9,0.3,7.4,0.2,7.7,0.3,7.0,0.3,7.1,0.3,7.5,0.4,6.7,0.3,7.8,0.2,8.1,0.3,7.5,0.3,7.2,0.2,7.3,0.3,7.1,0.3,6.6,0.2,6.2,0.3,6.9,0.2,5.9,0.2,5.9,0.3,6.0,0.3,5.4,0.2,5.4,0.2,5.5,0.2,4.4,0.2,4.0,0.2,4.7,0.3,3.9,0.2,3.7,0.2,4.2,0.3,3.6,0.2,3.3,0.2,3.8,0.2,2.9,0.1,2.4,0.2,3.3,0.2,2.7,0.2,1.6,0.1,3.7,0.3,10.1,0.3,10.4,0.4,9.8,0.3,3.2,0.2,3.3,0.2,3.2,0.2,8.6,0.2,8.9,0.3,8.2,0.3,41.6,0.4,43.6,0.5,39.6,0.5,83.0,0.3,82.1,0.5,83.8,0.5,80.8,0.4,80.0,0.5,81.6,0.5,22.8,0.4,20.3,0.5,25.3,0.4,20.4,0.3,18.0,0.4,22.8,0.4,17.4,0.3,14.9,0.4,19.8,0.4,9.1,0.2,7.3,0.3,10.9,0.3,40.2,0.3,38.5,0.4,41.9,0.4,99.4,1.3,(X),(X),(X),(X),57.6,0.7,(X),(X),(X),(X),27.4,0.6,(X),(X),(X),(X),30.2,0.7,(X),(X),(X),(X),0.2,(X),(X),(X),(X),(X),1.3,(X),(X),(X),(X),(X)
5001100US1219,1219,"Congressional District 19 (111th Congress), Florida",703835,4272,331492,3148,372343,3071,5.4,0.2,6.0,0.3,4.9,0.3,5.6,0.2,6.1,0.3,5.1,0.3,5.5,0.2,6.0,0.3,5.0,0.2,5.3,0.2,5.7,0.3,5.0,0.3,4.8,0.2,5.0,0.3,4.7,0.3,5.1,0.2,5.6,0.3,4.6,0.3,5.2,0.2,5.3,0.3,5.1,0.2,6.2,0.2,6.6,0.3,5.8,0.2,6.9,0.2,7.1,0.3,6.8,0.2,6.8,0.2,6.8,0.3,6.8,0.3,6.0,0.2,6.0,0.3,6.0,0.2,5.8,0.2,5.5,0.3,6.0,0.2,5.6,0.2,5.4,0.3,5.7,0.2,4.7,0.1,4.2,0.2,5.2,0.2,4.7,0.1,4.2,0.2,5.2,0.2,6.0,0.2,5.3,0.2,6.6,0.2,5.5,0.2,4.9,0.3,6.0,0.2,4.9,0.2,4.2,0.2,5.6,0.3,11.0,0.2,12.1,0.3,10.1,0.3,3.5,0.1,3.8,0.2,3.2,0.2,6.7,0.2,6.9,0.3,6.5,0.3,33.6,0.3,35.3,0.4,32.1,0.4,82.4,0.3,80.6,0.4,84.0,0.4,80.0,0.3,78.0,0.4,81.8,0.4,31.4,0.3,28.2,0.4,34.2,0.4,29.0,0.3,26.0,0.4,31.8,0.4,25.8,0.3,22.8,0.3,28.5,0.3,16.4,0.2,14.4,0.3,18.2,0.3,45.0,0.4,42.6,0.4,47.2,0.4,89.0,1.2,(X),(X),(X),(X),84.4,1.1,(X),(X),(X),(X),47.6,0.7,(X),(X),(X),(X),36.8,0.7,(X),(X),(X),(X),0.2,(X),(X),(X),(X),(X),1.0,(X),(X),(X),(X),(X)
5001100US1220,1220,"Congressional District 20 (111th Congress), Florida",686279,4201,333976,2991,352303,2980,6.1,0.2,6.5,0.3,5.8,0.3,5.8,0.2,6.0,0.3,5.6,0.3,6.0,0.2,6.5,0.3,5.6,0.3,5.8,0.2,6.0,0.3,5.6,0.3,5.2,0.2,5.5,0.3,5.0,0.3,6.4,0.2,6.3,0.3,6.6,0.2,7.1,0.2,7.3,0.3,6.9,0.3,7.4,0.3,7.3,0.3,7.4,0.3,8.1,0.3,8.2,0.3,8.1,0.3,8.4,0.2,8.7,0.3,8.1,0.3,7.2,0.2,7.3,0.2,7.2,0.3,5.9,0.2,5.9,0.2,5.9,0.3,5.1,0.2,5.1,0.3,5.2,0.3,3.7,0.2,3.7,0.2,3.6,0.2,2.9,0.1,2.6,0.2,3.1,0.2,3.1,0.1,2.8,0.2,3.5,0.2,2.8,0.1,2.4,0.2,3.2,0.2,2.8,0.2,1.9,0.2,3.6,0.3,11.8,0.2,12.6,0.4,11.2,0.3,3.8,0.2,3.9,0.3,3.8,0.2,7.2,0.3,7.6,0.3,6.8,0.3,40.1,0.3,40.6,0.5,39.5,0.5,80.8,0.3,79.8,0.5,81.7,0.4,78.2,0.3,77.1,0.5,79.3,0.4,20.5,0.3,18.6,0.3,22.3,0.5,18.1,0.3,16.3,0.3,19.9,0.4,15.3,0.3,13.5,0.3,17.0,0.4,8.7,0.2,7.1,0.3,10.3,0.3,40.1,0.3,38.9,0.5,41.1,0.4,94.8,1.2,(X),(X),(X),(X),59.0,0.7,(X),(X),(X),(X),24.3,0.5,(X),(X),(X),(X),34.6,0.5,(X),(X),(X),(X),0.2,(X),(X),(X),(X),(X),0.9,(X),(X),(X),(X),(X)
5001100US1221,1221,"Congressional District 21 (111th Congress), Florida",671933,4552,322662,2756,349271,3287,6.6,0.2,7.1,0.4,6.2,0.3,6.0,0.2,6.4,0.3,5.7,0.3,6.5,0.2,6.7,0.3,6.3,0.3,6.5,0.2,7.0,0.3,6.1,0.3,5.9,0.2,6.4,0.3,5.5,0.3,6.1,0.2,6.7,0.4,5.6,0.3,6.7,0.2,6.7,0.3,6.7,0.3,7.5,0.3,7.5,0.4,7.5,0.4,8.6,0.3,8.8,0.3,8.4,0.4,7.6,0.2,7.6,0.3,7.7,0.3,6.4,0.2,6.4,0.3,6.5,0.3,5.5,0.2,5.3,0.3,5.7,0.3,4.9,0.2,4.6,0.3,5.1,0.2,4.1,0.2,4.0,0.2,4.2,0.2,3.4,0.1,2.9,0.2,3.8,0.2,3.2,0.1,2.9,0.2,3.5,0.2,2.2,0.1,1.8,0.2,2.6,0.2,2.1,0.2,1.4,0.2,2.8,0.3,12.5,0.3,13.0,0.4,12.0,0.3,3.9,0.2,4.2,0.3,3.6,0.2,8.5,0.2,9.1,0.4,7.9,0.3,41.4,0.4,43.0,0.5,39.8,0.5,79.5,0.3,78.4,0.5,80.6,0.4,77.0,0.3,75.7,0.5,78.2,0.4,19.9,0.4,17.6,0.5,22.1,0.5,17.9,0.4,15.7,0.4,19.9,0.5,15.0,0.3,13.0,0.4,17.0,0.4,7.6,0.2,6.1,0.3,8.9,0.4,38.7,0.3,37.1,0.4,40.2,0.4,92.4,1.1,(X),(X),(X),(X),61.5,0.9,(X),(X),(X),(X),24.3,0.6,(X),(X),(X),(X),37.2,0.7,(X),(X),(X),(X),0.2,(X),(X),(X),(X),(X),1.0,(X),(X),(X),(X),(X)
5001100US1222,1222,"Congressional District 22 (111th Congress), Florida",699573,5674,345627,3496,353946,3158,5.2,0.2,5.5,0.3,4.9,0.3,5.0,0.2,5.1,0.3,4.9,0.3,5.5,0.2,5.7,0.3,5.3,0.3,5.5,0.2,6.0,0.3,5.0,0.2,4.7,0.2,4.8,0.3,4.6,0.2,5.2,0.2,5.4,0.3,5.0,0.3,5.3,0.2,5.5,0.2,5.2,0.3,6.7,0.2,6.5,0.3,6.9,0.3,7.8,0.2,8.0,0.3,7.6,0.3,8.4,0.2,8.5,0.3,8.3,0.3,7.7,0.2,7.7,0.3,7.7,0.3,7.1,0.2,7.2,0.3,7.1,0.2,6.1,0.2,5.9,0.2,6.3,0.3,4.7,0.1,4.8,0.2,4.6,0.2,3.9,0.1,3.8,0.2,4.1,0.2,4.3,0.2,4.1,0.2,4.4,0.3,3.3,0.1,2.8,0.2,3.9,0.2,3.4,0.2,2.6,0.2,4.2,0.2,10.5,0.2,10.8,0.3,10.2,0.3,3.4,0.1,3.7,0.2,3.1,0.2,6.7,0.2,7.1,0.3,6.4,0.3,35.3,0.4,36.3,0.5,34.3,0.4,83.1,0.3,82.4,0.4,83.7,0.4,80.9,0.3,80.0,0.4,81.7,0.4,25.8,0.3,24.0,0.4,27.5,0.5,23.2,0.3,21.5,0.4,24.9,0.5,19.7,0.3,18.1,0.3,21.2,0.4,11.0,0.2,9.5,0.3,12.5,0.4,44.4,0.3,43.4,0.4,45.4,0.4,97.6,1.0,(X),(X),(X),(X),63.4,0.9,(X),(X),(X),(X),32.1,0.6,(X),(X),(X),(X),31.3,0.6,(X),(X),(X),(X),0.2,(X),(X),(X),(X),(X),1.5,(X),(X),(X),(X),(X)
5001100US1223,1223,"Congressional District 23 (111th Congress), Florida",685473,5658,342933,3788,342540,3948,8.3,0.2,8.3,0.3,8.2,0.3,6.9,0.2,6.8,0.3,7.0,0.3,7.1,0.2,7.4,0.4,6.7,0.3,7.3,0.2,7.4,0.3,7.2,0.3,7.5,0.2,8.0,0.3,7.0,0.3,7.8,0.3,8.2,0.4,7.5,0.4,7.0,0.2,7.4,0.3,6.7,0.3,7.3,0.3,7.5,0.3,7.1,0.4,7.3,0.3,7.7,0.3,7.0,0.4,7.2,0.2,7.5,0.3,7.0,0.2,6.4,0.2,6.3,0.3,6.4,0.2,4.8,0.2,4.7,0.2,5.0,0.2,4.0,0.2,3.7,0.2,4.3,0.3,3.0,0.1,2.9,0.2,3.1,0.2,2.4,0.1,2.1,0.2,2.7,0.2,2.1,0.1,1.7,0.1,2.4,0.2,1.8,0.1,1.2,0.1,2.3,0.2,1.9,0.1,1.2,0.1,2.5,0.2,14.0,0.3,14.2,0.4,13.7,0.4,4.5,0.1,4.4,0.2,4.5,0.2,10.3,0.3,10.9,0.4,9.7,0.3,44.3,0.4,46.2,0.5,42.4,0.5,76.3,0.3,76.0,0.5,76.5,0.5,73.3,0.3,73.1,0.5,73.6,0.5,15.1,0.3,12.8,0.3,17.3,0.4,13.2,0.3,11.1,0.3,15.3,0.4,11.1,0.3,9.1,0.3,13.0,0.4,5.7,0.2,4.1,0.2,7.2,0.3,33.6,0.4,32.5,0.4,34.8,0.4,100.1,1.5,(X),(X),(X),(X),60.6,0.9,(X),(X),(X),(X),17.8,0.5,(X),(X),(X),(X),42.9,0.8,(X),(X),(X),(X),0.3,(X),(X),(X),(X),(X),1.9,(X),(X),(X),(X),(X)
5001100US1224,1224,"Congressional District 24 (111th Congress), Florida",752820,5018,375224,3192,377596,3376,5.9,0.2,5.9,0.3,5.8,0.3,6.0,0.2,6.0,0.3,6.0,0.3,6.2,0.2,6.5,0.3,5.9,0.3,6.6,0.2,7.0,0.3,6.2,0.3,7.0,0.2,7.6,0.3,6.5,0.3,7.5,0.2,8.1,0.4,7.0,0.3,6.3,0.2,6.4,0.3,6.1,0.3,6.6,0.2,6.8,0.3,6.4,0.3,7.5,0.2,7.6,0.3,7.4,0.3,7.9,0.2,8.0,0.2,7.9,0.2,6.9,0.2,6.7,0.2,7.1,0.3,6.0,0.2,5.5,0.2,6.4,0.2,5.2,0.2,5.0,0.2,5.3,0.2,3.9,0.1,3.7,0.2,4.1,0.2,3.4,0.2,3.2,0.2,3.6,0.2,3.0,0.1,2.7,0.2,3.3,0.2,2.3,0.1,1.9,0.1,2.7,0.2,1.8,0.1,1.4,0.1,2.3,0.2,12.2,0.3,12.6,0.4,11.9,0.3,3.9,0.2,4.2,0.2,3.6,0.2,9.7,0.3,10.4,0.4,9.1,0.3,41.5,0.3,43.4,0.5,39.6,0.4,80.6,0.3,80.2,0.5,81.0,0.4,78.0,0.3,77.3,0.5,78.6,0.4,19.6,0.3,18.0,0.3,21.3,0.3,17.4,0.2,15.8,0.3,19.0,0.3,14.5,0.2,13.0,0.2,16.0,0.3,7.2,0.2,6.0,0.2,8.3,0.3,38.3,0.3,36.8,0.3,40.0,0.4,99.4,1.1,(X),(X),(X),(X),57.5,0.8,(X),(X),(X),(X),22.8,0.4,(X),(X),(X),(X),34.7,0.6,(X),(X),(X),(X),0.2,(X),(X),(X),(X),(X),1.2,(X),(X),(X),(X),(X)
5001100US1225,1225,"Congressional District 25 (111th Congress), Florida",786308,4520,397784,3562,388524,3453,8.0,0.2,8.1,0.3,7.9,0.3,6.9,0.2,7.0,0.3,6.8,0.3,7.4,0.2,7.7,0.3,7.1,0.3,7.3,0.2,7.3,0.3,7.3,0.3,6.9,0.2,7.2,0.3,6.6,0.3,6.9,0.2,7.2,0.3,6.7,0.3,7.1,0.2,7.5,0.3,6.7,0.3,7.7,0.2,8.0,0.4,7.4,0.3,8.2,0.2,8.1,0.3,8.3,0.3,7.9,0.2,8.0,0.3,7.8,0.3,6.4,0.2,6.6,0.3,6.3,0.3,5.1,0.2,5.0,0.3,5.1,0.3,4.1,0.2,3.8,0.2,4.5,0.2,3.0,0.1,2.8,0.2,3.3,0.2,2.4,0.1,2.1,0.1,2.7,0.2,2.0,0.1,1.7,0.1,2.4,0.2,1.3,0.1,1.1,0.1,1.5,0.2,1.2,0.1,0.8,0.1,1.6,0.2,14.3,0.3,14.7,0.4,13.9,0.3,4.6,0.2,4.5,0.2,4.6,0.2,9.6,0.2,10.0,0.4,9.2,0.3,44.2,0.4,45.4,0.5,42.9,0.5,76.2,0.3,75.7,0.5,76.6,0.4,73.2,0.3,72.7,0.5,73.6,0.4,14.2,0.3,12.3,0.3,16.1,0.4,12.5,0.3,10.7,0.3,14.3,0.3,10.0,0.2,8.5,0.3,11.6,0.3,4.5,0.2,3.6,0.2,5.5,0.3,34.7,0.3,33.7,0.4,35.7,0.4,102.4,1.4,(X),(X),(X),(X),58.4,0.8,(X),(X),(X),(X),15.9,0.4,(X),(X),(X),(X),42.5,0.6,(X),(X),(X),(X),0.2,(X),(X),(X),(X),(X),0.8,(X),(X),(X),(X),(X)
5001100US1301,1301,"Congressional District 1 (111th Congress), Georgia",676743,1624,335950,1387,340793,1333,7.6,0.1,7.9,0.2,7.4,0.1,7.0,0.2,7.3,0.2,6.8,0.2,7.0,0.2,7.2,0.2,6.8,0.2,7.6,0.2,8.0,0.2,7.2,0.2,8.5,0.1,9.2,0.2,7.9,0.2,7.1,0.1,7.2,0.2,7.1,0.2,6.1,0.1,6.4,0.2,5.9,0.1,6.6,0.2,6.8,0.2,6.4,0.3,7.0,0.2,7.2,0.2,6.9,0.2,7.0,0.1,6.8,0.2,7.1,0.1,6.5,0.1,6.4,0.1,6.6,0.1,5.7,0.1,5.6,0.2,5.8,0.2,4.7,0.1,4.5,0.2,4.9,0.2,3.7,0.1,3.3,0.1,4.1,0.1,2.7,0.1,2.5,0.1,3.0,0.1,2.2,0.1,1.8,0.1,2.5,0.2,1.6,0.1,1.3,0.1,1.9,0.1,1.1,0.1,0.6,0.1,1.7,0.1,14.0,0.1,14.5,0.2,13.6,0.2,4.5,0.1,4.6,0.1,4.3,0.1,11.7,0.1,12.5,0.2,10.8,0.2,43.0,0.2,44.7,0.2,41.4,0.2,76.8,0.1,76.0,0.2,77.6,0.2,73.8,0.1,73.0,0.2,74.7,0.2,16.1,0.2,14.1,0.2,18.0,0.2,14.0,0.1,12.1,0.2,15.9,0.2,11.3,0.1,9.5,0.1,13.1,0.2,4.9,0.1,3.7,0.1,6.0,0.1,34.1,0.2,32.4,0.2,35.7,0.2,98.6,0.6,(X),(X),(X),(X),60.0,0.3,(X),(X),(X),(X),18.1,0.2,(X),(X),(X),(X),41.9,0.2,(X),(X),(X),(X),0.1,(X),(X),(X),(X),(X),0.9,(X),(X),(X),(X),(X)
5001100US1302,1302,"Congressional District 2 (111th Congress), Georgia",634905,2185,311209,1553,323696,1372,7.3,0.1,7.9,0.2,6.8,0.2,7.0,0.2,7.3,0.3,6.8,0.3,7.1,0.2,7.5,0.3,6.6,0.3,8.5,0.3,9.7,0.5,7.3,0.3,8.0,0.3,9.0,0.4,7.1,0.2,6.9,0.2,7.1,0.3,6.7,0.2,5.8,0.1,5.9,0.2,5.8,0.1,6.4,0.2,6.5,0.3,6.4,0.3,6.6,0.2,6.5,0.3,6.7,0.3,7.0,0.1,6.8,0.2,7.1,0.1,6.6,0.1,6.3,0.1,6.8,0.1,5.9,0.2,5.6,0.2,6.2,0.2,4.6,0.1,4.4,0.2,4.9,0.2,3.7,0.1,3.2,0.2,4.1,0.2,2.9,0.1,2.5,0.1,3.2,0.2,2.4,0.1,1.9,0.1,2.9,0.2,1.7,0.1,1.1,0.1,2.2,0.1,1.6,0.1,0.8,0.1,2.3,0.2,14.1,0.1,14.8,0.2,13.4,0.2,4.6,0.1,4.9,0.2,4.4,0.1,11.9,0.2,13.8,0.4,10.1,0.2,42.3,0.2,44.7,0.3,40.0,0.2,77.1,0.1,75.9,0.3,78.3,0.2,74.0,0.2,72.4,0.3,75.4,0.2,16.8,0.2,13.9,0.2,19.7,0.3,14.7,0.2,11.9,0.2,17.5,0.3,12.2,0.1,9.6,0.1,14.7,0.2,5.7,0.1,3.8,0.1,7.4,0.2,34.5,0.2,31.3,0.3,37.4,0.3,96.1,0.6,(X),(X),(X),(X),61.9,0.4,(X),(X),(X),(X),19.8,0.2,(X),(X),(X),(X),42.2,0.3,(X),(X),(X),(X),0.2,(X),(X),(X),(X),(X),0.9,(X),(X),(X),(X),(X)
5001100US1303,1303,"Congressional District 3 (111th Congress), Georgia",771003,3770,373043,2271,397960,2178,7.1,0.1,7.5,0.1,6.7,0.1,7.5,0.2,8.0,0.2,7.1,0.2,8.1,0.2,8.5,0.2,7.7,0.2,7.8,0.1,8.1,0.2,7.5,0.2,5.8,0.1,5.9,0.2,5.7,0.2,5.7,0.1,5.6,0.2,5.8,0.1,6.0,0.1,5.9,0.1,6.1,0.1,7.6,0.2,7.5,0.3,7.7,0.2,8.0,0.2,8.0,0.2,7.9,0.2,7.8,0.1,7.9,0.1,7.8,0.1,7.0,0.1,7.0,0.1,7.0,0.1,6.1,0.1,6.2,0.2,6.0,0.2,4.8,0.1,4.7,0.2,5.0,0.2,3.4,0.1,3.3,0.1,3.5,0.1,2.7,0.1,2.6,0.1,2.9,0.1,2.0,0.1,1.6,0.1,2.3,0.1,1.5,0.1,1.1,0.1,1.8,0.1,1.1,0.1,0.6,0.1,1.6,0.1,15.7,0.1,16.5,0.2,14.8,0.2,5.0,0.1,5.2,0.1,4.8,0.1,8.6,0.1,8.9,0.2,8.4,0.2,40.8,0.2,41.0,0.3,40.7,0.2,75.5,0.2,74.1,0.2,76.8,0.2,72.3,0.1,70.8,0.2,73.7,0.2,15.5,0.2,13.9,0.2,17.0,0.2,13.5,0.1,11.9,0.2,14.9,0.2,10.7,0.1,9.2,0.1,12.1,0.1,4.6,0.1,3.3,0.1,5.7,0.1,36.3,0.2,35.4,0.2,37.2,0.2,93.7,0.6,(X),(X),(X),(X),62.4,0.4,(X),(X),(X),(X),17.4,0.2,(X),(X),(X),(X),45.0,0.3,(X),(X),(X),(X),0.2,(X),(X),(X),(X),(X),0.8,(X),(X),(X),(X),(X)
5001100US1304,1304,"Congressional District 4 (111th Congress), Georgia",676213,4254,331672,3015,344541,2312,8.0,0.2,8.4,0.3,7.7,0.3,6.9,0.3,7.1,0.3,6.7,0.3,6.9,0.2,7.1,0.3,6.6,0.3,6.9,0.1,7.0,0.2,6.8,0.2,6.9,0.2,7.3,0.3,6.4,0.2,8.9,0.2,9.3,0.3,8.4,0.2,8.6,0.2,9.0,0.2,8.3,0.2,8.6,0.2,8.6,0.3,8.6,0.3,7.8,0.2,8.1,0.4,7.5,0.3,7.4,0.1,7.1,0.2,7.7,0.2,6.5,0.2,6.4,0.2,6.7,0.2,5.4,0.2,5.0,0.2,5.8,0.2,4.0,0.1,3.7,0.2,4.4,0.2,2.4,0.1,2.3,0.1,2.5,0.1,1.7,0.1,1.5,0.1,1.9,0.1,1.3,0.1,1.0,0.1,1.6,0.1,0.9,0.1,0.6,0.1,1.2,0.1,0.8,0.1,0.5,0.1,1.1,0.1,13.8,0.2,14.2,0.3,13.3,0.3,4.3,0.1,4.3,0.1,4.3,0.1,9.5,0.2,10.0,0.3,8.9,0.2,47.7,0.3,49.4,0.5,46.0,0.3,76.8,0.3,76.1,0.4,77.5,0.3,73.9,0.3,73.1,0.4,74.6,0.3,11.2,0.2,9.6,0.2,12.7,0.3,9.3,0.2,7.8,0.2,10.8,0.3,7.1,0.1,5.9,0.2,8.3,0.2,3.0,0.1,2.1,0.1,3.9,0.2,33.2,0.2,32.1,0.3,34.4,0.3,96.3,0.9,(X),(X),(X),(X),49.9,0.7,(X),(X),(X),(X),10.7,0.2,(X),(X),(X),(X),39.2,0.6,(X),(X),(X),(X),0.3,(X),(X),(X),(X),(X),1.8,(X),(X),(X),(X),(X)
5001100US1305,1305,"Congressional District 5 (111th Congress), Georgia",749802,3487,374058,2930,375744,2855,7.0,0.2,7.2,0.3,6.8,0.3,6.0,0.2,6.3,0.3,5.7,0.3,5.1,0.2,5.0,0.3,5.1,0.3,6.7,0.2,6.8,0.3,6.5,0.3,8.1,0.2,8.4,0.3,7.8,0.3,10.1,0.2,9.9,0.3,10.2,0.3,9.3,0.2,9.5,0.3,9.1,0.3,8.8,0.3,9.5,0.4,8.2,0.3,7.4,0.3,8.1,0.4,6.8,0.3,7.1,0.2,7.4,0.3,6.7,0.2,6.3,0.2,6.1,0.2,6.5,0.2,5.6,0.2,5.5,0.3,5.7,0.2,3.9,0.2,3.6,0.3,4.2,0.2,2.5,0.1,2.3,0.1,2.8,0.2,2.0,0.1,1.8,0.1,2.3,0.2,1.5,0.1,1.2,0.1,1.8,0.1,1.3,0.1,0.9,0.1,1.6,0.1,1.4,0.1,0.7,0.1,2.1,0.1,11.1,0.3,11.3,0.3,10.8,0.3,3.2,0.1,3.2,0.2,3.3,0.2,11.5,0.3,12.1,0.4,11.0,0.4,50.4,0.3,52.2,0.5,48.6,0.4,80.9,0.4,80.5,0.5,81.3,0.4,78.7,0.4,78.4,0.5,79.1,0.4,12.6,0.2,10.3,0.3,14.9,0.3,10.8,0.2,8.6,0.3,13.0,0.3,8.7,0.2,6.7,0.2,10.7,0.2,4.1,0.1,2.7,0.1,5.6,0.2,33.9,0.3,33.4,0.3,34.3,0.3,99.6,1.2,(X),(X),(X),(X),42.8,0.7,(X),(X),(X),(X),12.5,0.2,(X),(X),(X),(X),30.4,0.7,(X),(X),(X),(X),0.3,(X),(X),(X),(X),(X),1.6,(X),(X),(X),(X),(X)
5001100US1306,1306,"Congressional District 6 (111th Congress), Georgia",710004,3249,352225,2673,357779,2307,7.8,0.2,8.0,0.3,7.6,0.2,7.9,0.2,8.2,0.3,7.6,0.3,7.6,0.2,7.8,0.3,7.4,0.3,6.4,0.2,6.8,0.3,6.0,0.2,4.9,0.2,5.1,0.2,4.7,0.2,6.5,0.2,6.6,0.3,6.4,0.3,7.4,0.2,7.3,0.3,7.4,0.3,8.4,0.2,8.6,0.3,8.2,0.3,8.2,0.3,7.9,0.3,8.4,0.3,8.5,0.2,8.4,0.2,8.6,0.2,7.3,0.2,7.1,0.2,7.4,0.2,6.2,0.2,6.2,0.2,6.2,0.2,4.7,0.2,4.5,0.2,4.8,0.2,2.9,0.1,3.0,0.1,2.9,0.2,1.9,0.1,1.8,0.1,2.0,0.1,1.5,0.1,1.3,0.1,1.6,0.1,1.0,0.1,0.8,0.1,1.3,0.1,0.9,0.1,0.6,0.1,1.3,0.2,15.6,0.2,16.0,0.3,15.1,0.3,4.3,0.1,4.6,0.2,4.1,0.2,7.0,0.2,7.4,0.3,6.6,0.3,41.8,0.3,42.4,0.4,41.1,0.4,75.2,0.2,74.4,0.4,76.0,0.4,72.4,0.3,71.4,0.4,73.3,0.4,12.9,0.2,11.9,0.3,13.9,0.3,10.9,0.2,10.0,0.2,11.7,0.3,8.3,0.2,7.5,0.2,9.1,0.3,3.5,0.1,2.7,0.1,4.2,0.2,35.9,0.2,35.1,0.3,36.7,0.3,98.4,1.1,(X),(X),(X),(X),56.1,0.6,(X),(X),(X),(X),12.9,0.3,(X),(X),(X),(X),43.1,0.6,(X),(X),(X),(X),0.2,(X),(X),(X),(X),(X),0.9,(X),(X),(X),(X),(X)
5001100US1307,1307,"Congressional District 7 (111th Congress), Georgia",872335,3473,434384,2296,437951,1854,8.6,0.1,8.9,0.1,8.2,0.2,8.4,0.2,8.6,0.3,8.2,0.2,8.2,0.2,8.5,0.3,7.8,0.2,7.3,0.1,7.5,0.1,7.1,0.1,5.6,0.1,5.7,0.1,5.5,0.1,6.4,0.1,6.7,0.1,6.1,0.1,7.2,0.1,7.3,0.1,7.1,0.1,8.4,0.2,8.4,0.2,8.4,0.2,8.9,0.2,8.6,0.3,9.1,0.2,8.2,0.1,8.3,0.1,8.1,0.1,6.7,0.1,6.6,0.1,6.7,0.1,5.1,0.1,5.0,0.2,5.2,0.1,3.8,0.1,3.7,0.2,4.0,0.1,2.4,0.1,2.4,0.1,2.5,0.1,1.9,0.1,1.6,0.1,2.1,0.1,1.4,0.1,1.2,0.1,1.5,0.1,0.9,0.1,0.6,0.1,1.1,0.1,0.8,0.1,0.4,0.1,1.1,0.1,16.6,0.1,17.1,0.2,16.0,0.2,4.8,0.1,4.9,0.1,4.7,0.1,8.1,0.1,8.3,0.2,7.9,0.2,43.8,0.2,44.2,0.2,43.4,0.2,73.2,0.1,72.4,0.2,74.1,0.2,70.1,0.1,69.1,0.2,71.0,0.2,11.1,0.1,9.9,0.2,12.3,0.2,9.5,0.1,8.3,0.2,10.6,0.2,7.3,0.1,6.3,0.1,8.4,0.1,3.0,0.1,2.3,0.1,3.8,0.1,33.9,0.2,32.8,0.2,34.9,0.2,99.2,0.5,(X),(X),(X),(X),59.3,0.3,(X),(X),(X),(X),11.6,0.1,(X),(X),(X),(X),47.7,0.3,(X),(X),(X),(X),0.2,(X),(X),(X),(X),(X),1.1,(X),(X),(X),(X),(X)
5001100US1308,1308,"Congressional District 8 (111th Congress), Georgia",695947,1783,338523,1703,357424,1330,7.4,0.1,7.9,0.1,7.0,0.1,7.1,0.2,7.3,0.3,6.8,0.3,7.5,0.2,8.2,0.3,6.9,0.3,7.6,0.2,8.2,0.4,7.0,0.2,6.8,0.2,7.0,0.2,6.6,0.2,6.7,0.1,6.7,0.2,6.7,0.1,6.2,0.1,6.2,0.2,6.2,0.1,6.7,0.3,6.8,0.4,6.7,0.3,7.3,0.2,7.3,0.3,7.3,0.2,7.2,0.1,7.4,0.2,7.1,0.1,6.7,0.1,6.6,0.1,6.8,0.1,5.7,0.1,5.7,0.2,5.7,0.2,4.9,0.2,4.7,0.2,5.1,0.2,3.7,0.1,3.5,0.2,3.9,0.2,2.9,0.1,2.6,0.2,3.1,0.1,2.4,0.1,2.0,0.1,2.8,0.2,1.6,0.1,1.1,0.1,2.1,0.1,1.4,0.1,0.8,0.1,2.1,0.2,14.6,0.1,15.5,0.1,13.7,0.1,4.6,0.1,5.0,0.2,4.2,0.1,9.8,0.1,10.2,0.2,9.5,0.1,41.4,0.2,42.3,0.3,40.6,0.2,76.5,0.1,75.0,0.2,77.9,0.2,73.4,0.1,71.6,0.2,75.1,0.2,17.0,0.2,14.7,0.2,19.1,0.2,14.9,0.2,12.7,0.2,16.9,0.2,12.0,0.1,10.0,0.1,14.0,0.1,5.5,0.1,3.9,0.1,7.0,0.1,35.5,0.2,33.7,0.3,36.9,0.2,94.7,0.7,(X),(X),(X),(X),63.1,0.3,(X),(X),(X),(X),19.6,0.2,(X),(X),(X),(X),43.4,0.2,(X),(X),(X),(X),0.2,(X),(X),(X),(X),(X),1.3,(X),(X),(X),(X),(X)
5001100US1309,1309,"Congressional District 9 (111th Congress), Georgia",779369,1512,387712,1028,391657,974,7.8,0.1,8.1,0.1,7.6,0.1,7.6,0.2,7.8,0.2,7.3,0.3,7.1,0.2,7.3,0.2,6.8,0.3,6.5,0.1,6.8,0.1,6.3,0.1,5.8,0.1,6.0,0.1,5.7,0.1,6.7,0.1,7.0,0.1,6.4,0.1,6.7,0.1,6.9,0.1,6.5,0.1,7.4,0.2,7.7,0.2,7.1,0.3,7.9,0.2,7.9,0.3,7.8,0.3,7.3,0.1,7.4,0.1,7.2,0.1,6.4,0.1,6.4,0.1,6.5,0.1,6.1,0.2,5.7,0.2,6.4,0.2,5.1,0.1,5.0,0.2,5.2,0.2,4.0,0.1,3.9,0.1,4.0,0.1,3.0,0.1,2.6,0.1,3.3,0.2,2.1,0.1,1.8,0.1,2.4,0.1,1.5,0.1,1.1,0.1,1.8,0.1,1.2,0.1,0.7,0.1,1.6,0.1,14.6,0.1,15.1,0.1,14.1,0.1,4.1,0.1,4.3,0.1,4.0,0.1,8.2,0.1,8.5,0.1,8.0,0.1,41.0,0.1,42.2,0.1,39.9,0.2,76.1,0.1,75.3,0.2,76.9,0.2,73.4,0.1,72.5,0.1,74.3,0.2,16.8,0.2,15.2,0.2,18.4,0.2,14.6,0.1,13.0,0.2,16.2,0.2,11.7,0.1,10.2,0.1,13.2,0.1,4.8,0.1,3.7,0.1,5.8,0.1,36.2,0.2,35.1,0.1,37.4,0.2,99.0,0.3,(X),(X),(X),(X),62.0,0.3,(X),(X),(X),(X),19.0,0.1,(X),(X),(X),(X),43.1,0.2,(X),(X),(X),(X),0.2,(X),(X),(X),(X),(X),0.8,(X),(X),(X),(X),(X)
5001100US1310,1310,"Congressional District 10 (111th Congress), Georgia",705298,2075,341697,2212,363601,2361,6.8,0.1,7.2,0.1,6.4,0.1,6.3,0.2,6.7,0.3,6.0,0.2,6.5,0.2,7.0,0.2,6.1,0.2,8.0,0.3,8.1,0.2,8.0,0.5,9.4,0.1,9.9,0.2,9.1,0.2,6.6,0.1,6.7,0.2,6.5,0.1,6.0,0.1,6.1,0.1,5.8,0.1,6.3,0.2,6.5,0.3,6.1,0.2,6.8,0.2,6.8,0.2,6.8,0.2,6.7,0.2,6.6,0.3,6.8,0.1,6.6,0.2,6.5,0.3,6.7,0.1,6.0,0.2,6.0,0.2,6.1,0.2,5.2,0.1,5.1,0.2,5.2,0.2,4.1,0.1,3.9,0.1,4.3,0.1,2.9,0.1,2.7,0.1,3.1,0.1,2.4,0.1,2.1,0.1,2.6,0.1,1.7,0.1,1.3,0.1,2.1,0.1,1.5,0.1,0.9,0.1,2.2,0.2,12.9,0.1,13.6,0.2,12.1,0.1,4.2,0.1,4.3,0.1,4.0,0.1,13.3,0.3,13.6,0.2,13.0,0.5,43.1,0.3,44.1,0.3,42.2,0.4,78.9,0.1,77.6,0.3,80.1,0.2,76.2,0.1,74.8,0.3,77.4,0.2,17.8,0.2,16.0,0.2,19.6,0.2,15.7,0.1,13.9,0.2,17.3,0.2,12.7,0.1,10.9,0.1,14.3,0.1,5.6,0.1,4.3,0.1,6.9,0.1,35.2,0.2,33.7,0.4,36.7,0.4,94.0,1.1,(X),(X),(X),(X),57.5,0.3,(X),(X),(X),(X),19.9,0.2,(X),(X),(X),(X),37.6,0.2,(X),(X),(X),(X),0.2,(X),(X),(X),(X),(X),0.9,(X),(X),(X),(X),(X)
5001100US1311,1311,"Congressional District 11 (111th Congress), Georgia",775421,2541,381743,1968,393678,2007,7.9,0.2,8.0,0.2,7.8,0.2,7.4,0.2,7.9,0.3,6.9,0.3,7.6,0.2,7.7,0.3,7.5,0.3,7.1,0.1,7.5,0.2,6.7,0.2,6.6,0.2,6.9,0.2,6.4,0.2,7.1,0.1,7.4,0.2,6.9,0.2,7.1,0.1,7.1,0.2,7.1,0.2,7.8,0.2,8.0,0.3,7.6,0.3,8.0,0.2,8.0,0.3,7.9,0.3,7.5,0.1,7.7,0.2,7.3,0.1,6.4,0.1,6.3,0.2,6.4,0.1,5.3,0.1,5.1,0.2,5.5,0.2,4.2,0.1,4.0,0.2,4.3,0.2,3.2,0.1,3.1,0.2,3.4,0.1,2.3,0.1,2.0,0.1,2.5,0.1,2.0,0.1,1.6,0.1,2.4,0.1,1.3,0.1,0.9,0.1,1.7,0.1,1.2,0.1,0.7,0.1,1.6,0.2,15.0,0.1,15.6,0.2,14.4,0.2,4.5,0.1,4.7,0.1,4.3,0.1,9.3,0.1,9.7,0.2,8.8,0.2,43.8,0.2,45.0,0.3,42.6,0.3,75.5,0.2,74.8,0.3,76.3,0.3,72.6,0.2,71.7,0.3,73.4,0.2,14.1,0.2,12.3,0.2,15.9,0.2,12.2,0.2,10.4,0.2,13.8,0.2,9.9,0.1,8.3,0.1,11.5,0.2,4.4,0.1,3.2,0.1,5.6,0.1,34.3,0.2,33.2,0.2,35.4,0.3,97.0,0.8,(X),(X),(X),(X),59.6,0.5,(X),(X),(X),(X),15.9,0.2,(X),(X),(X),(X),43.8,0.4,(X),(X),(X),(X),0.2,(X),(X),(X),(X),(X),0.9,(X),(X),(X),(X),(X)
5001100US1312,1312,"Congressional District 12 (111th Congress), Georgia",667044,2828,323568,1789,343476,1918,7.4,0.1,7.7,0.2,7.1,0.2,6.4,0.2,6.7,0.3,6.2,0.3,7.0,0.2,7.2,0.3,6.8,0.3,8.7,0.3,9.4,0.5,8.0,0.2,9.2,0.3,9.9,0.5,8.7,0.2,7.2,0.2,7.2,0.3,7.1,0.2,6.0,0.1,6.3,0.2,5.7,0.2,6.1,0.2,5.9,0.3,6.2,0.2,6.9,0.2,7.1,0.3,6.7,0.2,7.1,0.1,7.2,0.2,7.0,0.1,6.5,0.1,6.3,0.2,6.6,0.1,5.5,0.1,5.4,0.2,5.7,0.2,4.6,0.1,4.4,0.2,4.9,0.2,3.5,0.1,3.2,0.2,3.8,0.1,2.7,0.1,2.4,0.1,3.0,0.2,2.2,0.1,1.7,0.1,2.7,0.2,1.6,0.1,1.2,0.1,2.0,0.1,1.4,0.1,0.8,0.1,1.9,0.1,13.4,0.1,13.9,0.2,12.9,0.2,4.3,0.1,4.6,0.2,4.1,0.1,13.6,0.2,14.7,0.3,12.6,0.3,44.1,0.2,45.8,0.3,42.4,0.3,77.8,0.2,77.0,0.3,78.6,0.3,74.9,0.2,73.8,0.3,75.8,0.3,16.1,0.2,13.7,0.2,18.3,0.2,14.1,0.2,11.8,0.2,16.2,0.2,11.4,0.1,9.3,0.1,13.4,0.2,5.2,0.1,3.6,0.1,6.6,0.1,33.4,0.3,31.5,0.3,35.4,0.3,94.2,0.7,(X),(X),(X),(X),57.7,0.4,(X),(X),(X),(X),18.0,0.2,(X),(X),(X),(X),39.6,0.4,(X),(X),(X),(X),0.2,(X),(X),(X),(X),(X),1.2,(X),(X),(X),(X),(X)
5001100US1313,1313,"Congressional District 13 (111th Congress), Georgia",783583,4695,380271,3271,403312,3190,8.6,0.2,9.4,0.3,7.9,0.3,7.8,0.2,8.3,0.4,7.3,0.2,7.6,0.2,7.8,0.4,7.4,0.3,7.0,0.2,7.6,0.2,6.4,0.2,6.7,0.2,7.0,0.3,6.4,0.2,8.5,0.2,8.8,0.3,8.3,0.3,8.4,0.2,8.4,0.2,8.5,0.2,8.4,0.2,8.0,0.3,8.8,0.3,8.1,0.3,8.0,0.4,8.2,0.3,7.2,0.2,6.8,0.2,7.5,0.2,6.0,0.1,5.8,0.2,6.3,0.2,4.9,0.2,4.8,0.2,5.0,0.2,3.4,0.1,3.1,0.2,3.6,0.2,2.4,0.1,2.3,0.1,2.5,0.2,1.7,0.1,1.5,0.1,1.9,0.1,1.4,0.1,1.1,0.1,1.7,0.1,0.9,0.1,0.6,0.1,1.2,0.1,0.8,0.1,0.5,0.1,1.1,0.1,15.4,0.3,16.1,0.4,14.7,0.3,4.6,0.1,4.8,0.2,4.3,0.2,9.1,0.2,9.8,0.3,8.5,0.3,47.2,0.3,47.9,0.4,46.6,0.4,74.4,0.4,72.7,0.5,75.9,0.4,71.5,0.4,69.7,0.5,73.1,0.4,10.6,0.2,9.2,0.2,12.0,0.2,9.1,0.2,7.7,0.2,10.5,0.2,7.3,0.2,6.1,0.2,8.4,0.2,3.2,0.1,2.2,0.1,4.0,0.2,32.3,0.3,30.6,0.3,33.8,0.3,94.3,1.1,(X),(X),(X),(X),55.8,0.9,(X),(X),(X),(X),11.3,0.3,(X),(X),(X),(X),44.5,0.8,(X),(X),(X),(X),0.3,(X),(X),(X),(X),(X),1.5,(X),(X),(X),(X),(X)
5001100US1501,1501,"Congressional District 1 (111th Congress), Hawaii",632102,3355,319794,2787,312308,1857,6.3,0.2,6.4,0.2,6.1,0.2,5.3,0.2,5.5,0.3,5.2,0.2,5.4,0.2,5.5,0.3,5.3,0.2,5.5,0.1,5.7,0.2,5.3,0.2,7.4,0.3,8.4,0.5,6.5,0.2,7.7,0.2,8.2,0.3,7.2,0.2,6.9,0.2,7.4,0.2,6.3,0.2,6.9,0.2,7.3,0.3,6.6,0.2,7.4,0.2,7.6,0.3,7.2,0.2,7.1,0.1,7.1,0.2,7.1,0.1,6.5,0.1,6.5,0.1,6.6,0.1,6.1,0.2,5.9,0.2,6.2,0.2,5.4,0.2,5.1,0.2,5.6,0.2,3.9,0.1,3.7,0.1,4.1,0.2,3.3,0.1,2.8,0.1,3.8,0.1,3.4,0.2,2.8,0.2,4.1,0.2,2.8,0.1,2.2,0.1,3.4,0.2,2.6,0.1,1.9,0.1,3.2,0.2,10.8,0.2,11.1,0.2,10.5,0.2,3.4,0.1,3.5,0.1,3.3,0.1,9.5,0.3,10.6,0.6,8.4,0.2,41.9,0.3,44.5,0.5,39.2,0.3,81.9,0.2,81.4,0.3,82.3,0.3,79.6,0.2,79.1,0.3,80.1,0.3,21.4,0.2,18.6,0.3,24.3,0.3,19.0,0.2,16.3,0.3,21.8,0.3,16.1,0.1,13.5,0.2,18.7,0.2,8.8,0.1,7.0,0.1,10.7,0.2,38.9,0.3,37.0,0.3,41.0,0.3,102.4,1.1,(X),(X),(X),(X),57.4,0.6,(X),(X),(X),(X),25.3,0.3,(X),(X),(X),(X),32.2,0.5,(X),(X),(X),(X),0.4,(X),(X),(X),(X),(X),1.5,(X),(X),(X),(X),(X)
5001100US1502,1502,"Congressional District 2 (111th Congress), Hawaii",648139,3355,327830,2759,320309,1704,7.2,0.1,7.5,0.2,6.9,0.2,6.4,0.2,6.4,0.2,6.4,0.2,6.8,0.2,7.1,0.2,6.5,0.3,7.0,0.1,7.4,0.2,6.6,0.1,7.4,0.3,8.1,0.5,6.7,0.2,7.5,0.2,8.0,0.2,6.9,0.2,6.5,0.1,6.5,0.2,6.5,0.2,6.4,0.2,6.2,0.2,6.6,0.3,6.7,0.2,6.7,0.2,6.7,0.3,7.1,0.1,6.9,0.2,7.3,0.1,7.3,0.1,7.0,0.1,7.6,0.1,6.4,0.2,6.4,0.2,6.4,0.2,5.1,0.1,5.0,0.2,5.2,0.2,3.5,0.1,3.4,0.1,3.6,0.1,2.8,0.1,2.5,0.1,3.1,0.1,2.5,0.1,2.1,0.1,2.8,0.2,2.0,0.1,1.6,0.1,2.3,0.1,1.6,0.1,1.1,0.1,2.0,0.1,13.2,0.2,13.5,0.2,12.9,0.2,4.3,0.1,4.4,0.1,4.2,0.1,10.1,0.3,11.0,0.5,9.1,0.2,41.5,0.3,43.0,0.4,39.9,0.3,78.2,0.2,77.5,0.3,78.9,0.3,75.3,0.2,74.6,0.3,76.0,0.3,17.3,0.2,15.7,0.2,18.9,0.2,15.1,0.2,13.4,0.2,16.8,0.2,12.2,0.1,10.7,0.2,13.7,0.2,6.0,0.1,4.9,0.1,7.1,0.1,36.0,0.2,34.3,0.3,37.6,0.3,102.3,1.0,(X),(X),(X),(X),58.5,0.5,(X),(X),(X),(X),19.3,0.2,(X),(X),(X),(X),39.2,0.5,(X),(X),(X),(X),0.3,(X),(X),(X),(X),(X),1.6,(X),(X),(X),(X),(X)
5001100US1601,1601,"Congressional District 1 (111th Congress), Idaho",796863,1730,399219,1348,397644,1367,7.6,0.1,7.7,0.1,7.4,0.1,7.3,0.1,7.3,0.2,7.3,0.2,7.5,0.1,7.9,0.2,7.2,0.2,7.2,0.1,7.6,0.2,6.8,0.1,6.3,0.1,6.5,0.2,6.0,0.1,6.9,0.1,6.9,0.1,6.8,0.1,6.4,0.1,6.5,0.1,6.4,0.1,6.6,0.2,6.7,0.2,6.5,0.2,6.8,0.2,6.9,0.3,6.8,0.2,7.1,0.1,7.0,0.1,7.2,0.1,6.8,0.1,6.7,0.1,6.8,0.1,6.2,0.1,6.1,0.2,6.3,0.2,5.1,0.1,5.1,0.1,5.1,0.1,3.8,0.1,3.8,0.1,3.7,0.1,2.8,0.1,2.7,0.1,3.0,0.1,2.2,0.1,2.0,0.1,2.4,0.1,1.7,0.1,1.4,0.1,1.9,0.1,1.7,0.1,1.2,0.1,2.2,0.1,14.9,0.1,15.2,0.1,14.5,0.1,4.6,0.1,4.7,0.1,4.4,0.1,8.9,0.1,9.4,0.2,8.4,0.1,40.2,0.1,41.1,0.2,39.4,0.2,76.1,0.1,75.6,0.2,76.6,0.2,73.0,0.1,72.4,0.1,73.6,0.2,17.3,0.1,16.3,0.2,18.3,0.2,14.9,0.1,13.9,0.2,15.9,0.2,12.2,0.1,11.1,0.1,13.2,0.1,5.5,0.1,4.6,0.1,6.5,0.1,35.6,0.2,34.7,0.2,36.6,0.2,100.4,0.5,(X),(X),(X),(X),64.3,0.3,(X),(X),(X),(X),20.0,0.1,(X),(X),(X),(X),44.3,0.2,(X),(X),(X),(X),0.2,(X),(X),(X),(X),(X),0.6,(X),(X),(X),(X),(X)
5001100US1602,1602,"Congressional District 2 (111th Congress), Idaho",695710,1730,349898,1292,345812,1434,8.4,0.1,8.6,0.1,8.3,0.1,7.3,0.2,7.2,0.3,7.4,0.2,7.3,0.1,7.6,0.2,7.0,0.2,8.2,0.1,8.0,0.2,8.4,0.1,9.0,0.1,9.6,0.2,8.4,0.1,7.2,0.1,7.4,0.2,7.1,0.2,6.1,0.1,6.3,0.2,6.0,0.1,6.0,0.2,6.2,0.2,5.7,0.2,6.1,0.2,6.0,0.2,6.2,0.2,6.7,0.1,6.8,0.1,6.6,0.1,6.5,0.1,6.4,0.1,6.6,0.1,5.6,0.1,5.5,0.2,5.7,0.2,4.3,0.1,4.3,0.1,4.3,0.2,3.3,0.1,3.1,0.1,3.5,0.1,2.6,0.1,2.5,0.1,2.6,0.1,2.3,0.1,2.0,0.1,2.5,0.1,1.7,0.1,1.5,0.1,1.9,0.1,1.5,0.1,1.0,0.1,1.9,0.1,14.6,0.1,14.8,0.1,14.4,0.2,4.5,0.1,4.7,0.1,4.3,0.1,12.7,0.1,13.0,0.2,12.4,0.1,42.6,0.2,43.6,0.2,41.7,0.2,75.4,0.1,75.0,0.2,75.9,0.2,72.5,0.1,72.0,0.2,73.0,0.2,15.6,0.1,14.4,0.2,16.8,0.2,13.7,0.1,12.6,0.2,14.9,0.2,11.3,0.1,10.1,0.1,12.5,0.1,5.4,0.1,4.5,0.1,6.4,0.1,32.0,0.2,31.3,0.2,32.8,0.2,101.2,0.6,(X),(X),(X),(X),63.4,0.3,(X),(X),(X),(X),18.4,0.2,(X),(X),(X),(X),45.0,0.3,(X),(X),(X),(X),0.2,(X),(X),(X),(X),(X),0.6,(X),(X),(X),(X),(X)
5001100US1701,1701,"Congressional District 1 (111th Congress), Illinois",626260,5526,289208,3171,337052,3906,7.3,0.3,8.0,0.3,6.7,0.3,6.7,0.2,7.5,0.4,6.0,0.3,7.5,0.2,8.4,0.4,6.8,0.3,8.0,0.2,8.9,0.4,7.2,0.3,7.1,0.3,7.2,0.4,7.0,0.3,7.5,0.2,7.5,0.3,7.4,0.3,6.1,0.2,6.3,0.3,5.8,0.3,6.1,0.3,6.0,0.3,6.1,0.3,6.7,0.3,6.5,0.3,6.8,0.3,7.3,0.3,7.2,0.3,7.4,0.3,6.7,0.2,6.6,0.3,6.8,0.2,5.7,0.2,5.4,0.3,6.0,0.3,4.4,0.2,3.9,0.3,4.9,0.3,3.5,0.1,3.1,0.2,3.8,0.2,3.1,0.1,2.6,0.2,3.6,0.2,2.6,0.1,2.2,0.2,2.9,0.2,2.1,0.1,1.7,0.2,2.4,0.2,1.6,0.1,0.9,0.1,2.3,0.2,14.2,0.3,15.9,0.5,12.8,0.4,4.8,0.2,5.4,0.2,4.3,0.2,10.3,0.4,10.6,0.5,9.9,0.4,41.4,0.4,42.5,0.7,40.4,0.5,76.9,0.4,74.2,0.6,79.2,0.5,73.7,0.4,70.6,0.7,76.3,0.5,17.4,0.4,14.4,0.4,19.9,0.5,15.4,0.3,12.7,0.4,17.7,0.4,12.9,0.3,10.5,0.3,15.0,0.4,6.3,0.2,4.8,0.2,7.6,0.3,34.9,0.4,31.9,0.6,37.4,0.5,85.8,1.2,(X),(X),(X),(X),64.6,1.2,(X),(X),(X),(X),21.3,0.5,(X),(X),(X),(X),43.4,0.9,(X),(X),(X),(X),0.2,(X),(X),(X),(X),(X),1.2,(X),(X),(X),(X),(X)
5001100US1702,1702,"Congressional District 2 (111th Congress), Illinois",626246,5047,289233,2966,337013,4001,7.1,0.3,7.5,0.4,6.8,0.3,7.4,0.2,7.9,0.4,7.0,0.3,8.7,0.3,9.6,0.4,7.8,0.3,8.1,0.2,8.9,0.3,7.4,0.3,6.2,0.2,6.7,0.3,5.8,0.3,6.6,0.2,6.7,0.3,6.5,0.3,6.3,0.3,6.1,0.3,6.4,0.3,6.7,0.2,6.6,0.3,6.7,0.3,6.7,0.3,6.8,0.3,6.7,0.3,7.2,0.2,6.9,0.3,7.4,0.3,6.7,0.2,6.2,0.3,7.2,0.3,5.5,0.2,4.9,0.3,6.0,0.3,4.6,0.2,4.5,0.2,4.7,0.2,3.7,0.1,3.3,0.2,3.9,0.2,3.2,0.1,2.8,0.2,3.5,0.2,2.3,0.1,2.0,0.2,2.5,0.2,1.7,0.1,1.4,0.1,2.0,0.1,1.4,0.1,1.0,0.1,1.8,0.1,16.1,0.3,17.6,0.5,14.8,0.4,5.1,0.2,5.5,0.2,4.8,0.2,9.2,0.3,10.1,0.4,8.4,0.3,40.5,0.3,41.7,0.5,39.4,0.4,75.1,0.4,73.0,0.6,76.8,0.5,71.7,0.4,69.4,0.6,73.6,0.5,16.9,0.3,15.1,0.3,18.4,0.4,14.8,0.3,13.0,0.3,16.3,0.4,12.3,0.2,10.6,0.3,13.7,0.3,5.4,0.2,4.4,0.2,6.3,0.2,34.8,0.4,32.2,0.5,36.7,0.5,85.8,1.3,(X),(X),(X),(X),68.3,1.1,(X),(X),(X),(X),20.6,0.4,(X),(X),(X),(X),47.7,0.9,(X),(X),(X),(X),0.2,(X),(X),(X),(X),(X),1.2,(X),(X),(X),(X),(X)
5001100US1703,1703,"Congressional District 3 (111th Congress), Illinois",644780,5296,317474,3789,327306,3314,7.8,0.2,8.3,0.3,7.3,0.3,6.9,0.2,7.4,0.3,6.5,0.3,7.3,0.2,7.3,0.3,7.2,0.3,6.8,0.2,7.2,0.3,6.3,0.3,6.2,0.2,6.5,0.4,6.0,0.2,7.1,0.2,7.4,0.3,6.9,0.3,6.9,0.2,7.2,0.3,6.7,0.3,6.7,0.2,7.0,0.3,6.4,0.3,7.1,0.2,7.1,0.3,7.2,0.3,7.3,0.2,7.4,0.3,7.1,0.2,6.7,0.2,6.8,0.3,6.7,0.3,5.9,0.2,5.8,0.2,6.1,0.2,4.4,0.2,4.4,0.2,4.4,0.2,3.2,0.2,2.9,0.2,3.5,0.2,2.8,0.1,2.4,0.2,3.1,0.2,2.5,0.1,2.1,0.2,3.0,0.1,2.2,0.1,1.5,0.1,2.8,0.2,2.0,0.1,1.2,0.1,2.8,0.2,14.2,0.3,14.7,0.4,13.7,0.4,4.3,0.2,4.6,0.2,4.0,0.2,8.7,0.2,9.1,0.4,8.3,0.3,40.9,0.4,42.5,0.5,39.5,0.4,76.6,0.3,75.4,0.5,77.8,0.4,73.7,0.3,72.4,0.5,75.1,0.4,17.2,0.3,14.6,0.4,19.7,0.4,15.2,0.3,12.7,0.4,17.7,0.4,12.8,0.3,10.2,0.3,15.3,0.4,6.7,0.2,4.8,0.2,8.6,0.3,35.7,0.3,34.1,0.4,37.5,0.4,97.0,1.4,(X),(X),(X),(X),64.0,0.9,(X),(X),(X),(X),21.0,0.5,(X),(X),(X),(X),43.1,0.7,(X),(X),(X),(X),0.2,(X),(X),(X),(X),(X),1.2,(X),(X),(X),(X),(X)
5001100US1704,1704,"Congressional District 4 (111th Congress), Illinois",617799,5042,319794,3764,298005,3236,9.7,0.3,9.7,0.3,9.7,0.4,7.7,0.2,7.6,0.3,7.7,0.3,7.3,0.2,7.2,0.3,7.4,0.4,7.0,0.2,6.9,0.3,7.1,0.3,8.4,0.3,8.4,0.3,8.4,0.4,11.5,0.3,11.7,0.4,11.3,0.4,10.1,0.3,10.2,0.4,10.0,0.3,8.0,0.3,8.6,0.4,7.4,0.3,6.5,0.3,6.7,0.4,6.3,0.3,5.5,0.2,5.5,0.3,5.4,0.3,5.1,0.2,5.2,0.2,5.0,0.2,4.1,0.2,4.1,0.3,4.1,0.2,2.9,0.1,2.7,0.2,3.1,0.2,2.0,0.1,1.9,0.1,2.1,0.2,1.4,0.1,1.2,0.1,1.7,0.2,1.2,0.1,1.1,0.1,1.3,0.1,0.9,0.1,0.6,0.2,1.2,0.1,0.7,0.1,0.5,0.1,0.9,0.1,15.0,0.3,14.9,0.4,15.1,0.4,4.2,0.2,4.2,0.2,4.3,0.2,11.2,0.3,11.2,0.4,11.1,0.4,51.5,0.4,52.6,0.6,50.3,0.4,73.8,0.4,74.1,0.5,73.6,0.5,71.1,0.4,71.3,0.5,70.9,0.5,9.2,0.3,8.0,0.4,10.4,0.3,7.8,0.2,6.7,0.3,9.0,0.3,6.2,0.2,5.3,0.3,7.3,0.3,2.8,0.2,2.2,0.3,3.5,0.2,29.3,0.3,29.3,0.3,29.3,0.3,107.3,1.7,(X),(X),(X),(X),54.2,1.0,(X),(X),(X),(X),9.6,0.4,(X),(X),(X),(X),44.5,0.9,(X),(X),(X),(X),0.1,(X),(X),(X),(X),(X),1.6,(X),(X),(X),(X),(X)
5001100US1705,1705,"Congressional District 5 (111th Congress), Illinois",677774,5229,333978,3679,343796,3609,6.8,0.2,7.0,0.3,6.6,0.3,5.5,0.2,5.4,0.3,5.5,0.3,5.1,0.2,5.2,0.2,5.0,0.3,5.3,0.2,5.4,0.3,5.2,0.3,7.9,0.3,7.9,0.4,7.9,0.3,11.2,0.3,11.4,0.4,11.1,0.4,9.6,0.2,9.7,0.3,9.5,0.3,8.1,0.2,8.7,0.3,7.5,0.3,7.6,0.3,8.0,0.4,7.1,0.3,7.0,0.2,7.5,0.3,6.5,0.2,6.1,0.2,6.1,0.3,6.1,0.3,5.3,0.2,5.2,0.3,5.4,0.3,3.9,0.2,3.8,0.2,4.0,0.2,3.0,0.1,2.9,0.2,3.0,0.2,2.4,0.1,2.0,0.1,2.7,0.2,2.1,0.1,1.6,0.1,2.5,0.2,1.7,0.1,1.3,0.1,2.1,0.1,1.6,0.1,1.0,0.1,2.2,0.2,10.5,0.2,10.6,0.3,10.5,0.4,3.1,0.2,3.2,0.2,3.0,0.2,10.1,0.3,10.1,0.5,10.1,0.4,49.7,0.4,51.1,0.6,48.3,0.5,81.7,0.3,81.5,0.4,81.9,0.4,79.6,0.3,79.3,0.5,79.9,0.5,14.6,0.3,12.6,0.4,16.6,0.4,12.9,0.3,10.9,0.3,14.9,0.4,10.7,0.3,8.8,0.3,12.6,0.4,5.4,0.2,3.9,0.2,6.9,0.3,34.3,0.3,34.0,0.4,34.6,0.3,97.1,1.5,(X),(X),(X),(X),45.1,0.7,(X),(X),(X),(X),15.6,0.4,(X),(X),(X),(X),29.6,0.5,(X),(X),(X),(X),0.2,(X),(X),(X),(X),(X),1.3,(X),(X),(X),(X),(X)
5001100US1706,1706,"Congressional District 6 (111th Congress), Illinois",651995,1810,323808,1904,328187,1775,7.0,0.2,7.2,0.3,6.8,0.3,6.7,0.2,6.8,0.3,6.5,0.3,7.2,0.2,7.5,0.3,6.9,0.3,6.9,0.2,7.2,0.2,6.7,0.3,6.4,0.2,6.8,0.3,6.1,0.2,6.7,0.2,7.0,0.3,6.4,0.2,6.9,0.2,7.2,0.3,6.5,0.2,7.2,0.2,7.5,0.3,7.0,0.3,7.8,0.2,7.8,0.3,7.7,0.2,8.5,0.2,8.5,0.3,8.5,0.2,7.4,0.2,7.5,0.2,7.2,0.2,5.9,0.2,5.9,0.2,5.9,0.2,4.3,0.1,4.1,0.2,4.6,0.2,3.2,0.1,3.1,0.2,3.3,0.2,2.4,0.1,2.2,0.1,2.6,0.2,2.2,0.1,1.8,0.1,2.5,0.2,1.7,0.1,1.2,0.1,2.1,0.1,1.7,0.1,1.0,0.1,2.5,0.2,13.8,0.2,14.2,0.3,13.4,0.3,4.3,0.1,4.4,0.2,4.3,0.2,9.0,0.2,9.5,0.3,8.5,0.3,41.9,0.3,43.4,0.5,40.4,0.4,77.8,0.3,77.2,0.4,78.4,0.4,74.8,0.3,74.2,0.4,75.5,0.4,15.5,0.2,13.3,0.3,17.7,0.3,13.7,0.2,11.5,0.3,15.8,0.3,11.2,0.2,9.2,0.2,13.1,0.3,5.6,0.1,4.0,0.2,7.1,0.2,36.6,0.2,35.3,0.3,37.9,0.4,98.7,1.0,(X),(X),(X),(X),57.1,0.6,(X),(X),(X),(X),17.6,0.3,(X),(X),(X),(X),39.6,0.5,(X),(X),(X),(X),0.2,(X),(X),(X),(X),(X),1.2,(X),(X),(X),(X),(X)
5001100US1707,1707,"Congressional District 7 (111th Congress), Illinois",632699,6447,304490,3884,328209,3744,6.4,0.2,7.0,0.3,5.9,0.3,5.8,0.3,5.9,0.4,5.6,0.3,6.3,0.2,7.1,0.3,5.5,0.3,7.0,0.3,7.2,0.3,6.8,0.3,7.9,0.3,8.3,0.5,7.5,0.4,10.3,0.3,10.5,0.4,10.1,0.4,8.7,0.3,8.7,0.4,8.6,0.3,7.2,0.3,7.2,0.4,7.1,0.3,6.6,0.2,6.5,0.3,6.8,0.3,7.0,0.2,6.8,0.3,7.2,0.3,6.4,0.2,6.3,0.3,6.6,0.2,5.6,0.2,5.4,0.3,5.8,0.2,4.5,0.2,4.2,0.3,4.8,0.2,3.2,0.1,3.1,0.2,3.3,0.2,2.5,0.1,2.2,0.2,2.9,0.2,2.0,0.1,1.8,0.2,2.2,0.2,1.4,0.1,1.2,0.1,1.6,0.1,1.1,0.1,0.6,0.1,1.6,0.2,12.0,0.3,12.9,0.5,11.2,0.4,4.1,0.2,4.2,0.2,4.0,0.2,10.8,0.4,11.4,0.6,10.3,0.4,47.6,0.4,48.4,0.7,46.9,0.5,80.2,0.4,78.7,0.6,81.7,0.4,77.5,0.4,75.9,0.7,79.0,0.4,14.9,0.3,13.1,0.4,16.5,0.4,12.9,0.3,11.4,0.3,14.3,0.3,10.3,0.2,8.9,0.3,11.7,0.3,4.6,0.2,3.6,0.2,5.5,0.3,33.6,0.3,32.2,0.4,35.0,0.4,92.8,1.2,(X),(X),(X),(X),48.9,1.0,(X),(X),(X),(X),15.4,0.4,(X),(X),(X),(X),33.5,0.8,(X),(X),(X),(X),0.3,(X),(X),(X),(X),(X),1.4,(X),(X),(X),(X),(X)
5001100US1708,1708,"Congressional District 8 (111th Congress), Illinois",713765,1726,354706,2360,359059,2235,7.3,0.2,7.4,0.2,7.1,0.2,7.5,0.2,7.7,0.2,7.3,0.2,7.6,0.2,7.9,0.3,7.4,0.2,7.2,0.2,7.5,0.3,7.0,0.2,5.9,0.2,6.1,0.2,5.7,0.2,6.1,0.2,6.1,0.2,6.0,0.2,6.8,0.2,7.0,0.2,6.5,0.2,7.9,0.2,8.0,0.3,7.7,0.3,8.3,0.2,8.2,0.3,8.4,0.3,8.7,0.2,8.8,0.2,8.7,0.2,7.2,0.2,7.2,0.2,7.3,0.2,5.9,0.1,5.9,0.2,5.8,0.2,4.4,0.2,4.3,0.2,4.5,0.2,2.9,0.1,2.8,0.1,3.0,0.1,2.2,0.1,2.1,0.1,2.4,0.1,1.8,0.1,1.5,0.1,2.1,0.1,1.2,0.1,0.9,0.1,1.6,0.1,1.1,0.1,0.6,0.1,1.6,0.1,15.2,0.2,15.6,0.3,14.7,0.2,4.6,0.1,4.6,0.2,4.6,0.2,8.6,0.2,9.0,0.3,8.1,0.3,42.2,0.3,43.0,0.4,41.4,0.3,76.0,0.2,75.4,0.4,76.6,0.3,73.0,0.2,72.4,0.4,73.6,0.3,13.6,0.2,12.2,0.2,15.0,0.3,11.6,0.2,10.2,0.2,13.0,0.3,9.2,0.2,7.9,0.2,10.5,0.2,4.1,0.1,3.0,0.1,5.2,0.2,36.0,0.2,35.1,0.3,36.9,0.3,98.8,1.2,(X),(X),(X),(X),56.8,0.6,(X),(X),(X),(X),14.5,0.3,(X),(X),(X),(X),42.3,0.5,(X),(X),(X),(X),0.2,(X),(X),(X),(X),(X),0.8,(X),(X),(X),(X),(X)
5001100US1709,1709,"Congressional District 9 (111th Congress), Illinois",628689,4250,309554,3276,319135,3263,6.3,0.2,6.7,0.3,6.0,0.3,5.4,0.2,5.5,0.3,5.2,0.2,5.1,0.2,5.3,0.3,4.9,0.3,6.2,0.3,6.5,0.4,6.0,0.3,6.8,0.3,7.0,0.4,6.7,0.4,8.1,0.2,8.2,0.3,8.0,0.4,7.4,0.3,8.0,0.4,6.9,0.3,7.3,0.2,7.5,0.3,7.2,0.3,7.1,0.2,7.6,0.3,6.6,0.3,7.5,0.2,8.1,0.3,6.9,0.2,7.1,0.2,7.1,0.3,7.2,0.3,6.2,0.2,5.9,0.3,6.5,0.3,4.8,0.2,4.8,0.2,4.8,0.2,3.7,0.1,3.5,0.2,3.9,0.2,3.1,0.2,2.7,0.2,3.6,0.2,2.8,0.2,2.3,0.2,3.4,0.2,2.4,0.1,1.7,0.1,3.0,0.2,2.5,0.1,1.6,0.1,3.4,0.2,10.5,0.2,10.9,0.3,10.1,0.3,3.3,0.1,3.5,0.2,3.1,0.2,9.8,0.4,10.0,0.5,9.6,0.4,43.0,0.4,44.8,0.6,41.3,0.5,82.1,0.3,81.2,0.4,83.0,0.5,79.9,0.3,78.9,0.4,80.8,0.5,19.4,0.3,16.6,0.4,22.1,0.4,17.3,0.3,14.5,0.4,20.0,0.4,14.6,0.3,11.8,0.3,17.2,0.4,7.7,0.2,5.6,0.2,9.7,0.3,38.1,0.4,36.7,0.4,39.5,0.5,97.0,1.5,(X),(X),(X),(X),53.1,0.7,(X),(X),(X),(X),22.3,0.5,(X),(X),(X),(X),30.8,0.6,(X),(X),(X),(X),0.2,(X),(X),(X),(X),(X),1.0,(X),(X),(X),(X),(X)
5001100US1710,1710,"Congressional District 10 (111th Congress), Illinois",662399,1379,328236,2077,334163,2025,6.9,0.2,6.9,0.3,6.8,0.3,7.5,0.2,7.7,0.3,7.2,0.3,7.6,0.2,7.8,0.3,7.4,0.3,7.5,0.2,8.1,0.3,6.9,0.3,5.6,0.2,6.2,0.3,5.1,0.2,4.5,0.1,4.9,0.2,4.2,0.2,5.3,0.2,5.4,0.2,5.3,0.2,6.4,0.2,6.4,0.2,6.4,0.3,7.9,0.2,8.0,0.3,7.8,0.3,8.2,0.2,7.9,0.2,8.5,0.3,7.8,0.2,7.8,0.2,7.7,0.3,6.6,0.2,6.4,0.2,6.8,0.2,4.7,0.2,4.8,0.2,4.7,0.2,3.8,0.1,3.6,0.2,3.9,0.2,3.0,0.1,2.7,0.2,3.4,0.2,2.7,0.1,2.4,0.1,3.0,0.2,2.1,0.1,1.7,0.1,2.4,0.2,1.9,0.1,1.2,0.1,2.5,0.2,15.1,0.2,15.5,0.3,14.6,0.3,4.6,0.2,4.9,0.2,4.4,0.2,8.6,0.2,9.5,0.3,7.6,0.3,37.3,0.3,39.0,0.4,35.7,0.4,76.6,0.3,76.0,0.4,77.1,0.3,73.4,0.2,72.7,0.4,74.2,0.3,18.2,0.2,16.4,0.3,19.9,0.3,16.1,0.2,14.3,0.3,17.8,0.3,13.4,0.2,11.6,0.2,15.2,0.3,6.6,0.2,5.3,0.2,7.9,0.3,38.9,0.3,37.3,0.3,40.6,0.4,98.2,1.1,(X),(X),(X),(X),66.6,0.6,(X),(X),(X),(X),22.4,0.4,(X),(X),(X),(X),44.2,0.5,(X),(X),(X),(X),0.3,(X),(X),(X),(X),(X),0.9,(X),(X),(X),(X),(X)
5001100US1711,1711,"Congressional District 11 (111th Congress), Illinois",758399,2168,374477,1748,383922,1757,7.1,0.1,7.2,0.2,7.0,0.2,7.2,0.1,7.3,0.2,7.1,0.2,7.3,0.2,7.6,0.2,7.0,0.2,8.0,0.1,8.0,0.2,7.9,0.2,7.7,0.2,7.7,0.2,7.8,0.2,6.2,0.1,6.5,0.2,5.9,0.1,6.1,0.1,6.4,0.2,5.8,0.1,7.0,0.2,7.2,0.2,6.8,0.2,7.7,0.2,7.8,0.2,7.7,0.2,7.7,0.1,7.8,0.2,7.5,0.2,6.8,0.1,6.9,0.1,6.7,0.1,5.7,0.1,5.7,0.2,5.7,0.2,4.4,0.1,4.4,0.2,4.4,0.2,3.4,0.1,3.1,0.1,3.6,0.1,2.6,0.1,2.4,0.1,2.7,0.1,2.1,0.1,1.8,0.1,2.4,0.1,1.5,0.1,1.2,0.1,1.8,0.1,1.6,0.1,1.0,0.1,2.2,0.2,14.5,0.2,14.9,0.2,14.1,0.2,4.6,0.1,4.7,0.1,4.5,0.1,11.2,0.2,11.0,0.3,11.3,0.3,42.7,0.2,43.6,0.3,41.9,0.3,76.9,0.2,76.3,0.3,77.4,0.2,73.8,0.2,73.2,0.3,74.5,0.3,15.5,0.2,13.9,0.2,17.1,0.3,13.6,0.2,11.9,0.2,15.2,0.3,11.2,0.1,9.5,0.1,12.7,0.2,5.2,0.1,4.0,0.1,6.5,0.2,35.3,0.2,34.4,0.3,36.2,0.3,97.5,0.7,(X),(X),(X),(X),59.5,0.4,(X),(X),(X),(X),17.8,0.2,(X),(X),(X),(X),41.7,0.4,(X),(X),(X),(X),0.2,(X),(X),(X),(X),(X),1.0,(X),(X),(X),(X),(X)
5001100US1712,1712,"Congressional District 12 (111th Congress), Illinois",657897,451,321406,780,336491,768,6.5,0.1,6.8,0.1,6.2,0.1,6.6,0.2,6.8,0.2,6.4,0.2,6.5,0.2,6.9,0.2,6.1,0.2,7.2,0.1,7.7,0.2,6.8,0.1,7.9,0.1,8.3,0.2,7.5,0.2,7.0,0.1,7.2,0.1,6.8,0.1,5.8,0.1,6.0,0.1,5.6,0.1,6.3,0.2,6.4,0.2,6.2,0.2,6.8,0.2,7.0,0.3,6.6,0.2,7.5,0.1,7.6,0.1,7.5,0.1,7.1,0.1,7.2,0.1,7.1,0.1,5.9,0.1,5.9,0.2,5.9,0.2,4.7,0.1,4.6,0.2,4.8,0.2,3.9,0.1,3.5,0.1,4.2,0.1,3.1,0.1,2.9,0.1,3.4,0.1,2.8,0.1,2.3,0.1,3.2,0.2,2.3,0.1,1.7,0.1,2.9,0.2,2.1,0.1,1.2,0.1,2.9,0.1,13.0,0.1,13.6,0.1,12.5,0.2,4.2,0.1,4.4,0.1,4.0,0.1,10.9,0.1,11.5,0.2,10.3,0.2,41.0,0.1,42.6,0.2,39.5,0.2,79.1,0.1,78.0,0.2,80.0,0.2,76.2,0.1,75.1,0.1,77.3,0.2,18.9,0.1,16.2,0.2,21.4,0.2,16.8,0.1,14.1,0.2,19.3,0.2,14.1,0.1,11.5,0.1,16.6,0.1,7.1,0.1,5.1,0.1,9.0,0.1,37.0,0.2,35.3,0.2,38.8,0.3,95.5,0.4,(X),(X),(X),(X),60.9,0.3,(X),(X),(X),(X),22.7,0.2,(X),(X),(X),(X),38.2,0.2,(X),(X),(X),(X),0.1,(X),(X),(X),(X),(X),0.7,(X),(X),(X),(X),(X)
5001100US1713,1713,"Congressional District 13 (111th Congress), Illinois",756604,1924,375205,2256,381399,2036,6.6,0.1,7.0,0.2,6.3,0.2,7.5,0.2,7.6,0.3,7.4,0.3,8.2,0.2,8.6,0.3,7.8,0.3,7.3,0.2,7.6,0.3,6.9,0.2,5.7,0.2,6.0,0.2,5.4,0.2,6.0,0.2,6.2,0.2,5.7,0.2,6.3,0.1,6.3,0.2,6.3,0.2,7.8,0.2,7.8,0.3,7.7,0.3,8.3,0.2,8.2,0.3,8.3,0.3,8.4,0.2,8.4,0.2,8.4,0.2,7.4,0.2,7.4,0.2,7.4,0.2,6.1,0.2,6.1,0.2,6.1,0.2,4.5,0.1,4.4,0.2,4.5,0.2,3.2,0.1,3.1,0.2,3.2,0.2,2.1,0.1,1.9,0.1,2.3,0.1,1.8,0.1,1.4,0.1,2.1,0.1,1.5,0.1,1.1,0.1,1.8,0.1,1.4,0.1,0.8,0.1,2.0,0.2,15.7,0.2,16.2,0.3,15.3,0.3,4.7,0.1,5.0,0.2,4.5,0.2,8.2,0.2,8.6,0.3,7.9,0.3,41.3,0.3,42.2,0.4,40.4,0.4,76.1,0.2,75.2,0.3,77.0,0.3,72.9,0.2,71.8,0.3,74.0,0.3,14.4,0.2,12.7,0.3,16.0,0.4,12.4,0.2,10.7,0.2,14.0,0.3,9.9,0.2,8.3,0.2,11.5,0.3,4.6,0.2,3.3,0.1,6.0,0.2,36.6,0.2,35.4,0.3,37.7,0.3,98.4,1.0,(X),(X),(X),(X),58.8,0.6,(X),(X),(X),(X),15.8,0.4,(X),(X),(X),(X),43.1,0.5,(X),(X),(X),(X),0.3,(X),(X),(X),(X),(X),1.3,(X),(X),(X),(X),(X)
5001100US1714,1714,"Congressional District 14 (111th Congress), Illinois",799359,1267,404012,956,395347,969,8.2,0.1,8.3,0.1,8.1,0.1,8.0,0.2,8.2,0.2,7.8,0.2,7.6,0.2,7.7,0.2,7.4,0.2,7.7,0.1,7.9,0.1,7.5,0.1,7.7,0.1,7.8,0.1,7.5,0.1,6.2,0.1,6.5,0.1,5.8,0.1,6.7,0.1,6.9,0.1,6.5,0.1,7.4,0.2,7.8,0.2,7.1,0.2,7.8,0.2,7.8,0.3,7.9,0.2,7.5,0.1,7.5,0.1,7.5,0.1,6.6,0.1,6.5,0.1,6.6,0.1,5.6,0.1,5.6,0.2,5.6,0.2,4.1,0.1,4.0,0.2,4.2,0.2,2.9,0.1,2.7,0.1,3.0,0.1,2.1,0.1,1.9,0.1,2.3,0.1,1.6,0.1,1.3,0.1,1.9,0.1,1.3,0.1,1.0,0.1,1.6,0.1,1.1,0.1,0.7,0.1,1.6,0.1,15.5,0.1,15.8,0.1,15.2,0.1,4.5,0.1,4.7,0.1,4.3,0.1,10.9,0.1,11.0,0.1,10.8,0.1,43.5,0.1,44.6,0.2,42.4,0.1,74.7,0.1,74.2,0.2,75.2,0.2,71.8,0.1,71.2,0.2,72.4,0.1,13.1,0.2,11.6,0.2,14.6,0.2,11.2,0.1,9.7,0.1,12.7,0.2,9.0,0.1,7.6,0.1,10.4,0.1,4.0,0.1,3.0,0.1,5.1,0.1,33.5,0.1,32.7,0.2,34.4,0.1,102.2,0.4,(X),(X),(X),(X),59.3,0.3,(X),(X),(X),(X),14.4,0.1,(X),(X),(X),(X),45.0,0.2,(X),(X),(X),(X),0.2,(X),(X),(X),(X),(X),0.7,(X),(X),(X),(X),(X)
5001100US1715,1715,"Congressional District 15 (111th Congress), Illinois",665063,1722,330735,1316,334328,1178,6.1,0.1,6.3,0.1,6.0,0.1,6.0,0.2,6.1,0.2,6.0,0.2,6.0,0.2,6.3,0.2,5.7,0.2,8.8,0.2,9.3,0.4,8.2,0.2,11.1,0.2,11.7,0.4,10.5,0.2,5.7,0.1,6.0,0.1,5.5,0.1,5.4,0.1,5.6,0.1,5.2,0.1,5.8,0.2,6.1,0.2,5.5,0.2,6.6,0.2,6.6,0.2,6.5,0.2,7.1,0.1,7.2,0.1,7.1,0.1,6.9,0.1,6.8,0.1,6.9,0.1,6.0,0.1,5.9,0.2,6.0,0.1,4.6,0.1,4.5,0.1,4.8,0.1,3.8,0.1,3.5,0.1,4.1,0.1,3.1,0.1,2.9,0.1,3.4,0.1,2.7,0.1,2.2,0.1,3.1,0.2,2.2,0.1,1.7,0.1,2.7,0.2,2.2,0.1,1.3,0.1,3.0,0.2,12.0,0.1,12.4,0.1,11.7,0.1,3.8,0.1,3.9,0.1,3.7,0.1,16.0,0.2,17.1,0.3,15.0,0.2,43.3,0.2,45.3,0.2,41.3,0.2,80.7,0.1,80.1,0.2,81.2,0.1,78.0,0.1,77.4,0.2,78.6,0.1,18.6,0.1,16.1,0.2,21.0,0.2,16.6,0.1,14.1,0.2,18.9,0.2,13.9,0.1,11.6,0.1,16.2,0.1,7.0,0.1,5.2,0.1,8.8,0.1,35.7,0.2,33.8,0.2,37.8,0.3,98.9,0.5,(X),(X),(X),(X),56.0,0.4,(X),(X),(X),(X),21.7,0.2,(X),(X),(X),(X),34.3,0.3,(X),(X),(X),(X),0.2,(X),(X),(X),(X),(X),0.7,(X),(X),(X),(X),(X)
5001100US1716,1716,"Congressional District 16 (111th Congress), Illinois",722030,1019,358255,1030,363775,1056,6.8,0.1,7.0,0.1,6.5,0.1,7.2,0.1,7.5,0.2,7.0,0.2,7.5,0.2,7.7,0.2,7.3,0.3,7.2,0.1,7.5,0.1,6.9,0.1,5.8,0.1,5.9,0.1,5.6,0.1,5.6,0.1,5.8,0.1,5.4,0.1,5.9,0.1,6.1,0.1,5.7,0.1,7.2,0.2,7.3,0.3,7.2,0.2,7.7,0.2,7.8,0.3,7.7,0.2,8.1,0.1,8.1,0.1,8.0,0.1,7.2,0.1,7.3,0.1,7.0,0.1,6.0,0.1,6.0,0.2,6.0,0.2,5.1,0.2,5.1,0.2,5.1,0.2,3.8,0.1,3.5,0.1,4.0,0.1,2.9,0.1,2.8,0.1,3.1,0.1,2.4,0.1,2.1,0.1,2.7,0.1,1.9,0.1,1.5,0.1,2.2,0.1,1.8,0.1,1.0,0.1,2.5,0.1,14.7,0.1,15.2,0.2,14.3,0.1,4.7,0.1,4.8,0.1,4.5,0.1,8.3,0.1,8.6,0.1,8.0,0.1,39.4,0.1,40.4,0.2,38.4,0.2,76.9,0.1,76.3,0.2,77.6,0.2,73.8,0.1,73.0,0.2,74.7,0.2,17.9,0.2,16.0,0.2,19.7,0.2,15.7,0.1,13.9,0.2,17.6,0.2,12.7,0.1,10.9,0.1,14.5,0.1,6.1,0.1,4.6,0.1,7.5,0.1,37.8,0.2,36.6,0.2,38.9,0.2,98.5,0.5,(X),(X),(X),(X),63.7,0.3,(X),(X),(X),(X),20.9,0.2,(X),(X),(X),(X),42.9,0.2,(X),(X),(X),(X),0.1,(X),(X),(X),(X),(X),0.6,(X),(X),(X),(X),(X)
5001100US1717,1717,"Congressional District 17 (111th Congress), Illinois",628803,2057,308049,1237,320754,1428,6.1,0.1,6.3,0.1,5.9,0.1,6.2,0.1,6.7,0.2,5.9,0.2,6.1,0.1,6.2,0.2,6.0,0.2,7.4,0.2,7.6,0.2,7.2,0.2,7.5,0.2,8.0,0.2,7.0,0.2,6.2,0.1,6.4,0.2,5.9,0.1,5.5,0.1,5.9,0.1,5.1,0.1,5.7,0.1,5.7,0.2,5.7,0.2,6.6,0.1,6.9,0.2,6.3,0.2,7.4,0.1,7.5,0.2,7.3,0.2,7.3,0.1,7.4,0.1,7.1,0.1,6.6,0.1,6.5,0.2,6.7,0.2,5.2,0.2,5.2,0.2,5.3,0.2,4.4,0.1,4.3,0.2,4.4,0.1,3.5,0.1,3.1,0.1,3.9,0.2,3.1,0.1,2.6,0.1,3.5,0.2,2.5,0.1,2.0,0.1,3.0,0.2,2.8,0.2,1.6,0.1,3.9,0.3,12.3,0.1,12.9,0.2,11.8,0.2,4.0,0.1,4.2,0.1,3.8,0.1,10.9,0.1,11.4,0.2,10.4,0.2,38.9,0.2,40.6,0.3,37.2,0.2,80.2,0.2,79.3,0.2,81.1,0.2,77.6,0.1,76.7,0.2,78.5,0.2,21.5,0.2,18.9,0.3,24.0,0.2,19.2,0.2,16.6,0.2,21.7,0.2,16.3,0.1,13.6,0.2,18.8,0.2,8.4,0.1,6.2,0.1,10.5,0.1,39.4,0.3,37.6,0.3,41.1,0.3,96.0,0.5,(X),(X),(X),(X),63.1,0.4,(X),(X),(X),(X),26.5,0.3,(X),(X),(X),(X),36.6,0.3,(X),(X),(X),(X),0.2,(X),(X),(X),(X),(X),0.6,(X),(X),(X),(X),(X)
5001100US1718,1718,"Congressional District 18 (111th Congress), Illinois",654548,1788,321509,1551,333039,1124,6.2,0.1,6.5,0.1,6.0,0.1,6.1,0.1,6.3,0.2,5.9,0.2,6.6,0.1,6.9,0.2,6.3,0.2,6.9,0.3,7.1,0.1,6.7,0.5,6.3,0.1,6.8,0.2,5.9,0.2,6.4,0.2,6.9,0.1,6.0,0.3,5.9,0.1,6.2,0.1,5.6,0.1,6.4,0.2,6.7,0.2,6.2,0.2,6.7,0.2,6.8,0.2,6.7,0.2,7.7,0.1,7.7,0.2,7.6,0.1,7.3,0.1,7.3,0.1,7.3,0.1,6.8,0.1,6.9,0.2,6.8,0.2,5.3,0.1,5.1,0.2,5.4,0.2,4.2,0.1,4.1,0.1,4.3,0.1,3.4,0.1,3.1,0.1,3.6,0.1,3.0,0.1,2.6,0.1,3.4,0.2,2.4,0.1,1.8,0.1,2.9,0.1,2.4,0.1,1.4,0.1,3.3,0.2,12.7,0.1,13.2,0.1,12.2,0.1,4.2,0.1,4.3,0.1,4.0,0.1,9.1,0.2,9.5,0.2,8.6,0.3,38.7,0.1,40.4,0.2,37.1,0.2,79.7,0.1,78.9,0.2,80.4,0.2,76.9,0.1,76.0,0.2,77.8,0.2,20.6,0.2,18.1,0.2,23.0,0.2,18.4,0.1,15.9,0.2,20.7,0.2,15.3,0.1,13.0,0.1,17.6,0.2,7.8,0.1,5.8,0.1,9.6,0.1,39.3,0.3,37.7,0.3,41.0,0.2,96.5,0.6,(X),(X),(X),(X),62.4,0.4,(X),(X),(X),(X),24.9,0.2,(X),(X),(X),(X),37.5,0.3,(X),(X),(X),(X),0.2,(X),(X),(X),(X),(X),0.9,(X),(X),(X),(X),(X)
5001100US1719,1719,"Congressional District 19 (111th Congress), Illinois",659934,1717,327209,1460,332725,1287,6.0,0.1,6.2,0.1,5.8,0.1,6.1,0.2,6.5,0.2,5.8,0.2,6.4,0.1,6.6,0.2,6.2,0.2,6.9,0.1,7.2,0.1,6.7,0.2,6.5,0.1,6.9,0.2,6.1,0.1,6.3,0.1,6.6,0.1,5.9,0.1,5.7,0.1,6.0,0.1,5.4,0.1,6.2,0.2,6.4,0.2,6.1,0.2,7.2,0.1,7.6,0.2,6.9,0.2,7.7,0.1,7.8,0.2,7.6,0.1,7.4,0.1,7.4,0.1,7.4,0.1,6.6,0.2,6.7,0.2,6.5,0.2,5.2,0.1,5.0,0.2,5.5,0.2,4.3,0.1,4.1,0.1,4.6,0.2,3.6,0.1,3.2,0.1,4.0,0.1,3.0,0.1,2.5,0.1,3.5,0.2,2.4,0.1,1.9,0.1,2.9,0.2,2.3,0.1,1.4,0.1,3.2,0.2,12.6,0.1,13.1,0.2,12.0,0.2,4.3,0.1,4.4,0.1,4.1,0.1,9.1,0.1,9.6,0.2,8.6,0.2,38.9,0.1,40.7,0.2,37.1,0.2,80.1,0.1,79.4,0.2,80.9,0.2,77.2,0.2,76.3,0.2,78.0,0.2,20.9,0.2,18.0,0.2,23.6,0.2,18.7,0.2,16.0,0.2,21.3,0.2,15.6,0.1,13.0,0.2,18.2,0.1,7.7,0.1,5.8,0.1,9.6,0.1,39.9,0.2,38.2,0.2,41.6,0.2,98.3,0.6,(X),(X),(X),(X),62.5,0.4,(X),(X),(X),(X),25.4,0.2,(X),(X),(X),(X),37.1,0.3,(X),(X),(X),(X),0.2,(X),(X),(X),(X),(X),0.6,(X),(X),(X),(X),(X)
5001100US1801,1801,"Congressional District 1 (111th Congress), Indiana",694959,324,336687,299,358272,324,6.9,0.1,7.2,0.1,6.5,0.1,7.1,0.2,7.1,0.2,7.0,0.2,7.5,0.2,8.1,0.2,6.9,0.2,7.3,0.1,7.7,0.1,6.9,0.1,6.2,0.1,6.3,0.1,6.0,0.1,6.2,0.1,6.4,0.1,6.1,0.1,6.1,0.1,6.1,0.1,6.1,0.1,6.6,0.2,6.6,0.2,6.5,0.2,6.9,0.2,6.9,0.2,7.0,0.2,7.9,0.1,7.9,0.1,7.9,0.1,7.4,0.1,7.5,0.1,7.4,0.1,6.3,0.1,6.2,0.2,6.4,0.2,4.8,0.1,4.9,0.2,4.7,0.2,3.7,0.1,3.5,0.1,3.9,0.1,2.9,0.1,2.7,0.1,3.1,0.1,2.6,0.1,2.2,0.1,2.9,0.1,2.0,0.1,1.5,0.1,2.4,0.1,1.7,0.1,1.1,0.1,2.2,0.1,14.5,0.1,15.2,0.1,13.9,0.1,4.6,0.1,4.8,0.1,4.4,0.1,8.8,0.1,9.2,0.1,8.5,0.1,39.3,0.1,40.0,0.1,38.6,0.1,77.1,0.1,76.0,0.1,78.1,0.1,74.0,0.1,72.7,0.1,75.2,0.1,17.6,0.2,15.9,0.2,19.2,0.2,15.5,0.1,13.8,0.2,17.1,0.2,12.8,0.1,11.0,0.1,14.5,0.1,6.2,0.1,4.7,0.1,7.5,0.1,37.1,0.2,35.8,0.2,38.3,0.2,94.0,0.1,(X),(X),(X),(X),63.4,0.1,(X),(X),(X),(X),20.9,0.1,(X),(X),(X),(X),42.5,0.1,(X),(X),(X),(X),0.2,(X),(X),(X),(X),(X),0.8,(X),(X),(X),(X),(X)
5001100US1802,1802,"Congressional District 2 (111th Congress), Indiana",679261,1498,335650,1124,343611,1189,7.1,0.1,7.4,0.1,6.9,0.1,6.7,0.2,6.9,0.2,6.6,0.2,7.0,0.2,7.5,0.2,6.6,0.2,7.3,0.1,7.6,0.1,7.1,0.1,6.7,0.1,7.0,0.1,6.4,0.1,6.6,0.1,6.9,0.1,6.3,0.1,6.2,0.1,6.5,0.1,5.9,0.1,6.8,0.1,7.1,0.2,6.4,0.2,6.6,0.2,6.6,0.2,6.7,0.2,7.4,0.1,7.5,0.1,7.2,0.1,7.2,0.1,7.3,0.1,7.1,0.1,6.2,0.1,6.1,0.2,6.3,0.2,4.9,0.1,4.8,0.2,4.9,0.2,3.6,0.1,3.4,0.1,3.8,0.1,2.9,0.1,2.6,0.1,3.1,0.1,2.7,0.1,2.3,0.1,3.2,0.2,2.1,0.1,1.6,0.1,2.6,0.1,1.9,0.1,1.0,0.1,2.7,0.1,13.8,0.1,14.3,0.2,13.2,0.1,4.4,0.1,4.6,0.1,4.2,0.1,9.6,0.1,10.0,0.1,9.2,0.1,40.2,0.1,41.6,0.2,38.8,0.2,77.6,0.1,76.7,0.2,78.5,0.2,74.7,0.1,73.7,0.2,75.6,0.2,18.1,0.2,15.8,0.2,20.4,0.2,16.0,0.2,13.7,0.2,18.2,0.2,13.2,0.1,11.0,0.1,15.4,0.1,6.7,0.1,4.9,0.1,8.4,0.1,36.6,0.2,35.2,0.2,38.2,0.2,97.7,0.5,(X),(X),(X),(X),62.8,0.3,(X),(X),(X),(X),21.5,0.2,(X),(X),(X),(X),41.2,0.2,(X),(X),(X),(X),0.1,(X),(X),(X),(X),(X),0.7,(X),(X),(X),(X),(X)
5001100US1803,1803,"Congressional District 3 (111th Congress), Indiana",710421,1268,352249,978,358172,970,7.7,0.1,7.9,0.1,7.5,0.1,7.5,0.1,7.7,0.2,7.2,0.2,7.6,0.2,7.7,0.2,7.4,0.2,7.0,0.1,7.3,0.1,6.8,0.1,6.3,0.1,6.4,0.1,6.1,0.1,7.0,0.1,7.2,0.1,6.8,0.1,6.5,0.1,6.7,0.1,6.3,0.1,6.8,0.2,6.9,0.2,6.8,0.2,6.8,0.2,7.1,0.2,6.6,0.2,7.3,0.1,7.4,0.1,7.2,0.1,6.9,0.1,7.0,0.1,6.9,0.1,6.2,0.1,6.1,0.2,6.2,0.2,4.6,0.1,4.5,0.2,4.8,0.2,3.4,0.1,3.3,0.1,3.5,0.1,2.7,0.1,2.4,0.1,2.9,0.1,2.3,0.1,2.1,0.1,2.5,0.2,1.8,0.1,1.3,0.1,2.2,0.1,1.7,0.2,0.9,0.1,2.4,0.2,15.0,0.1,15.5,0.1,14.6,0.1,4.5,0.1,4.7,0.1,4.4,0.1,8.8,0.1,9.1,0.1,8.5,0.1,40.4,0.1,41.6,0.1,39.3,0.1,75.8,0.1,75.1,0.2,76.5,0.2,72.8,0.1,71.9,0.2,73.6,0.1,16.5,0.2,14.5,0.2,18.4,0.2,14.4,0.1,12.5,0.2,16.3,0.2,11.8,0.1,10.0,0.1,13.6,0.1,5.8,0.1,4.3,0.1,7.1,0.1,35.4,0.1,34.2,0.2,36.4,0.2,98.3,0.4,(X),(X),(X),(X),64.1,0.3,(X),(X),(X),(X),19.4,0.1,(X),(X),(X),(X),44.6,0.2,(X),(X),(X),(X),0.2,(X),(X),(X),(X),(X),0.6,(X),(X),(X),(X),(X)
5001100US1804,1804,"Congressional District 4 (111th Congress), Indiana",765058,1944,380643,1465,384415,1255,6.8,0.1,6.9,0.1,6.7,0.1,6.7,0.1,6.9,0.2,6.5,0.2,7.1,0.1,7.2,0.2,6.9,0.2,7.8,0.1,8.4,0.1,7.3,0.2,8.6,0.1,9.2,0.1,8.1,0.1,6.2,0.1,6.3,0.1,6.2,0.2,6.3,0.1,6.5,0.1,6.1,0.1,7.1,0.2,7.3,0.2,6.9,0.2,7.2,0.2,7.2,0.2,7.2,0.2,7.6,0.1,7.6,0.1,7.5,0.1,6.8,0.1,6.7,0.1,6.8,0.1,5.7,0.1,5.7,0.2,5.7,0.1,4.6,0.1,4.4,0.2,4.7,0.2,3.4,0.1,3.3,0.1,3.6,0.2,2.6,0.1,2.4,0.1,2.9,0.1,2.2,0.1,1.7,0.1,2.6,0.1,1.7,0.1,1.3,0.1,2.1,0.1,1.6,0.1,1.0,0.1,2.1,0.1,13.8,0.1,14.1,0.1,13.4,0.1,4.4,0.1,4.5,0.1,4.2,0.1,12.1,0.1,13.0,0.1,11.2,0.2,43.3,0.1,44.7,0.2,41.8,0.2,77.9,0.1,77.4,0.2,78.4,0.2,75.1,0.1,74.5,0.2,75.6,0.2,16.1,0.2,14.2,0.2,18.0,0.2,14.2,0.2,12.3,0.2,16.0,0.2,11.5,0.1,9.8,0.1,13.3,0.1,5.5,0.1,4.1,0.1,6.9,0.1,35.3,0.2,34.0,0.2,36.5,0.3,99.0,0.5,(X),(X),(X),(X),57.5,0.3,(X),(X),(X),(X),18.2,0.2,(X),(X),(X),(X),39.3,0.3,(X),(X),(X),(X),0.2,(X),(X),(X),(X),(X),0.7,(X),(X),(X),(X),(X)
5001100US1805,1805,"Congressional District 5 (111th Congress), Indiana",772537,2489,381220,1696,391317,1631,7.0,0.1,7.3,0.1,6.6,0.1,7.3,0.2,7.6,0.3,7.0,0.3,7.4,0.2,7.7,0.2,7.2,0.3,6.8,0.1,7.1,0.1,6.5,0.1,5.6,0.1,5.7,0.1,5.4,0.1,6.2,0.1,6.3,0.2,6.0,0.1,6.7,0.1,6.8,0.2,6.6,0.1,7.4,0.2,7.5,0.2,7.2,0.2,8.0,0.2,8.0,0.2,8.0,0.3,8.0,0.1,8.0,0.1,8.0,0.1,7.1,0.1,7.2,0.1,7.1,0.1,6.0,0.2,6.0,0.2,6.1,0.2,4.7,0.1,4.6,0.2,4.7,0.2,3.6,0.1,3.4,0.1,3.8,0.1,2.7,0.1,2.5,0.1,2.9,0.1,2.3,0.1,2.0,0.1,2.6,0.1,1.8,0.1,1.4,0.1,2.2,0.1,1.4,0.1,0.9,0.1,2.0,0.1,14.7,0.1,15.3,0.2,14.2,0.2,4.3,0.1,4.6,0.1,4.1,0.1,8.0,0.1,8.3,0.1,7.8,0.1,40.6,0.2,41.4,0.2,39.9,0.2,76.8,0.1,76.0,0.2,77.7,0.2,74.0,0.1,72.8,0.2,75.1,0.2,16.5,0.2,14.9,0.2,18.2,0.2,14.4,0.2,12.7,0.2,16.0,0.2,11.9,0.1,10.2,0.1,13.4,0.2,5.5,0.1,4.3,0.1,6.8,0.2,37.1,0.1,36.0,0.2,38.2,0.2,97.4,0.6,(X),(X),(X),(X),61.0,0.4,(X),(X),(X),(X),19.1,0.2,(X),(X),(X),(X),41.9,0.3,(X),(X),(X),(X),0.2,(X),(X),(X),(X),(X),0.7,(X),(X),(X),(X),(X)
5001100US1806,1806,"Congressional District 6 (111th Congress), Indiana",672741,1318,331522,1128,341219,1035,6.3,0.1,6.4,0.1,6.2,0.1,6.5,0.2,6.6,0.2,6.3,0.2,6.7,0.1,7.2,0.2,6.2,0.2,7.5,0.1,7.9,0.1,7.2,0.2,7.2,0.1,7.3,0.1,7.1,0.1,5.7,0.1,6.1,0.1,5.4,0.1,5.7,0.1,6.0,0.1,5.5,0.1,6.4,0.2,6.7,0.2,6.0,0.2,7.1,0.2,7.3,0.2,7.0,0.2,7.4,0.1,7.5,0.1,7.3,0.1,7.1,0.1,7.1,0.1,7.0,0.1,6.5,0.1,6.4,0.2,6.6,0.2,5.3,0.1,5.2,0.2,5.3,0.2,4.3,0.1,4.2,0.1,4.4,0.1,3.3,0.1,3.0,0.1,3.6,0.1,2.7,0.1,2.3,0.1,3.2,0.1,2.3,0.1,1.8,0.1,2.8,0.2,2.0,0.1,1.2,0.1,2.8,0.1,13.1,0.1,13.7,0.1,12.5,0.1,4.4,0.1,4.6,0.1,4.2,0.1,10.3,0.1,10.6,0.1,10.1,0.2,39.6,0.2,41.2,0.2,38.1,0.2,79.1,0.1,78.2,0.2,79.9,0.2,76.2,0.1,75.3,0.2,77.1,0.1,20.0,0.2,17.7,0.2,22.2,0.2,17.6,0.2,15.3,0.2,19.8,0.2,14.7,0.1,12.5,0.1,16.8,0.1,7.1,0.1,5.3,0.1,8.8,0.1,38.5,0.2,37.0,0.2,40.1,0.2,97.2,0.5,(X),(X),(X),(X),62.5,0.3,(X),(X),(X),(X),23.9,0.2,(X),(X),(X),(X),38.6,0.2,(X),(X),(X),(X),0.2,(X),(X),(X),(X),(X),0.7,(X),(X),(X),(X),(X)
5001100US1807,1807,"Congressional District 7 (111th Congress), Indiana",665703,2930,321261,1847,344442,1770,8.4,0.1,9.0,0.2,7.8,0.2,6.8,0.2,7.1,0.3,6.4,0.2,6.5,0.2,6.8,0.3,6.2,0.2,6.6,0.1,6.9,0.1,6.3,0.2,7.5,0.1,7.6,0.2,7.3,0.1,9.5,0.1,9.7,0.2,9.3,0.2,7.6,0.1,7.8,0.2,7.4,0.1,6.6,0.2,6.8,0.2,6.5,0.2,7.1,0.2,7.3,0.3,6.8,0.2,7.3,0.1,7.4,0.1,7.1,0.1,6.4,0.1,6.4,0.1,6.4,0.1,5.2,0.1,5.0,0.2,5.4,0.2,4.0,0.2,3.9,0.2,4.2,0.2,2.8,0.1,2.6,0.1,3.1,0.1,2.5,0.1,2.1,0.1,2.9,0.1,2.1,0.1,1.7,0.1,2.4,0.2,1.7,0.1,1.2,0.1,2.1,0.1,1.5,0.2,0.8,0.1,2.2,0.3,13.3,0.1,13.9,0.2,12.7,0.2,4.0,0.1,4.2,0.1,3.8,0.1,10.1,0.1,10.3,0.2,9.9,0.2,44.8,0.2,46.1,0.2,43.7,0.2,77.0,0.2,75.7,0.3,78.3,0.2,74.4,0.2,72.9,0.3,75.7,0.2,14.7,0.2,12.2,0.2,17.0,0.2,12.9,0.1,10.4,0.2,15.1,0.2,10.7,0.1,8.4,0.1,12.8,0.2,5.3,0.1,3.7,0.1,6.8,0.2,33.2,0.2,31.9,0.3,34.4,0.2,93.3,0.6,(X),(X),(X),(X),56.9,0.4,(X),(X),(X),(X),16.7,0.2,(X),(X),(X),(X),40.2,0.3,(X),(X),(X),(X),0.2,(X),(X),(X),(X),(X),1.0,(X),(X),(X),(X),(X)
5001100US1808,1808,"Congressional District 8 (111th Congress), Indiana",679981,310,335694,446,344287,458,6.3,0.1,6.6,0.1,6.0,0.1,6.1,0.1,6.3,0.2,6.0,0.2,6.5,0.1,6.9,0.2,6.1,0.2,7.3,0.1,7.5,0.1,7.0,0.1,7.4,0.1,7.8,0.1,7.1,0.1,6.5,0.1,6.9,0.1,6.2,0.1,5.8,0.1,6.1,0.1,5.5,0.1,6.2,0.2,6.5,0.2,6.0,0.2,7.0,0.2,7.2,0.2,6.9,0.2,7.6,0.1,7.7,0.1,7.5,0.1,7.3,0.1,7.4,0.1,7.2,0.1,6.4,0.1,6.4,0.2,6.5,0.2,5.1,0.1,5.0,0.2,5.3,0.2,4.1,0.1,3.9,0.1,4.2,0.1,3.2,0.1,2.8,0.1,3.5,0.1,2.8,0.1,2.1,0.1,3.4,0.1,2.2,0.1,1.7,0.1,2.8,0.1,2.1,0.1,1.3,0.1,2.8,0.2,12.6,0.1,13.2,0.1,12.1,0.1,4.1,0.1,4.3,0.1,4.0,0.1,10.6,0.1,11.0,0.1,10.1,0.1,40.3,0.1,42.0,0.1,38.7,0.1,79.7,0.1,78.8,0.1,80.6,0.1,77.0,0.1,76.0,0.1,78.0,0.1,19.4,0.1,16.7,0.2,22.0,0.2,17.1,0.1,14.7,0.1,19.5,0.1,14.3,0.1,11.8,0.1,16.7,0.1,7.1,0.1,5.1,0.1,9.0,0.1,38.2,0.2,36.5,0.1,40.1,0.2,97.5,0.2,(X),(X),(X),(X),59.4,0.2,(X),(X),(X),(X),22.7,0.1,(X),(X),(X),(X),36.7,0.1,(X),(X),(X),(X),0.2,(X),(X),(X),(X),(X),0.7,(X),(X),(X),(X),(X)
5001100US1809,1809,"Congressional District 9 (111th Congress), Indiana",701808,1092,345876,881,355932,856,6.2,0.1,6.4,0.1,5.9,0.1,6.3,0.1,6.6,0.2,6.0,0.2,6.5,0.1,6.5,0.2,6.4,0.2,7.8,0.1,8.1,0.2,7.5,0.1,8.3,0.1,8.4,0.2,8.3,0.1,6.6,0.1,6.9,0.1,6.3,0.1,6.1,0.1,6.4,0.1,5.8,0.1,6.6,0.2,6.8,0.2,6.3,0.2,7.2,0.2,7.1,0.2,7.2,0.2,7.6,0.1,7.7,0.1,7.5,0.1,7.0,0.1,7.1,0.1,7.0,0.1,6.2,0.1,6.3,0.1,6.1,0.2,4.9,0.1,4.7,0.2,5.1,0.2,3.9,0.1,3.7,0.1,4.1,0.1,3.0,0.1,2.7,0.1,3.2,0.1,2.5,0.1,2.1,0.1,2.9,0.1,1.8,0.1,1.3,0.1,2.3,0.1,1.6,0.1,1.0,0.1,2.2,0.2,12.8,0.1,13.1,0.1,12.4,0.1,4.1,0.1,4.3,0.1,3.9,0.1,12.1,0.1,12.3,0.1,11.9,0.1,42.6,0.1,43.8,0.2,41.4,0.2,79.6,0.1,79.0,0.2,80.2,0.2,77.0,0.1,76.2,0.2,77.7,0.2,17.7,0.1,15.6,0.2,19.7,0.2,15.6,0.1,13.6,0.1,17.5,0.2,12.8,0.1,10.9,0.1,14.6,0.1,5.9,0.1,4.4,0.1,7.3,0.1,36.8,0.2,35.4,0.2,38.1,0.3,97.2,0.4,(X),(X),(X),(X),55.8,0.2,(X),(X),(X),(X),19.9,0.1,(X),(X),(X),(X),35.9,0.2,(X),(X),(X),(X),0.1,(X),(X),(X),(X),(X),0.7,(X),(X),(X),(X),(X)
5001100US1901,1901,"Congressional District 1 (111th Congress), Iowa",586388,*****,287150,306,299238,306,6.5,0.1,6.8,0.1,6.2,0.1,6.4,0.2,6.5,0.2,6.2,0.2,6.6,0.1,7.0,0.2,6.2,0.2,7.5,0.1,7.7,0.1,7.3,0.1,8.1,0.1,8.2,0.1,8.0,0.1,5.7,0.1,5.9,0.1,5.4,0.1,5.4,0.1,5.6,0.1,5.2,0.1,6.0,0.2,6.1,0.2,5.9,0.2,6.8,0.2,6.9,0.2,6.6,0.2,7.5,0.1,7.5,0.1,7.4,0.1,7.3,0.1,7.5,0.1,7.2,0.1,6.4,0.1,6.5,0.2,6.2,0.2,5.0,0.1,5.0,0.2,5.1,0.2,4.0,0.1,3.8,0.1,4.2,0.1,3.3,0.1,3.1,0.1,3.4,0.1,2.9,0.1,2.4,0.1,3.3,0.2,2.4,0.1,2.0,0.1,2.8,0.1,2.3,0.1,1.3,0.1,3.3,0.2,13.0,0.1,13.5,0.1,12.4,0.1,4.3,0.1,4.5,0.1,4.1,0.1,11.2,0.1,11.3,0.1,11.2,0.1,39.4,0.1,40.4,0.1,38.4,0.1,79.1,0.1,78.2,0.1,80.0,0.1,76.2,0.1,75.1,0.1,77.2,0.1,19.9,0.1,17.7,0.2,22.1,0.2,17.9,0.1,15.7,0.2,20.0,0.1,14.9,0.1,12.7,0.1,17.0,0.1,7.6,0.1,5.7,0.1,9.4,0.1,38.3,0.1,37.1,0.1,39.6,0.2,96.0,0.2,(X),(X),(X),(X),63.1,0.1,(X),(X),(X),(X),24.3,0.1,(X),(X),(X),(X),38.8,0.1,(X),(X),(X),(X),0.2,(X),(X),(X),(X),(X),0.6,(X),(X),(X),(X),(X)
5001100US1902,1902,"Congressional District 2 (111th Congress), Iowa",607054,*****,299078,410,307976,410,6.5,0.1,6.7,0.1,6.3,0.1,6.2,0.1,6.5,0.2,5.9,0.2,6.3,0.1,6.4,0.2,6.2,0.2,7.4,0.1,7.5,0.1,7.3,0.1,9.0,0.1,9.2,0.1,8.8,0.1,7.0,0.1,7.1,0.1,6.9,0.1,6.0,0.1,6.2,0.1,5.8,0.1,6.4,0.1,6.7,0.2,6.1,0.2,6.7,0.1,6.9,0.2,6.5,0.2,7.2,0.1,7.3,0.1,7.2,0.1,7.0,0.1,7.2,0.1,6.9,0.1,6.5,0.1,6.4,0.2,6.5,0.1,4.5,0.1,4.6,0.2,4.4,0.1,3.5,0.1,3.3,0.1,3.7,0.1,3.0,0.1,2.8,0.1,3.2,0.1,2.6,0.1,2.2,0.1,2.9,0.1,2.1,0.1,1.6,0.1,2.6,0.1,2.1,0.1,1.2,0.1,2.8,0.2,12.5,0.1,13.0,0.1,12.1,0.1,4.0,0.1,4.2,0.1,3.8,0.1,12.4,0.1,12.5,0.1,12.3,0.1,42.5,0.1,43.5,0.1,41.4,0.1,79.6,0.1,78.9,0.1,80.3,0.1,77.0,0.1,76.1,0.1,77.8,0.1,17.8,0.1,15.9,0.2,19.7,0.1,15.8,0.1,13.8,0.2,17.7,0.1,13.3,0.1,11.2,0.1,15.2,0.1,6.7,0.1,5.1,0.1,8.3,0.1,36.3,0.2,35.3,0.2,37.4,0.2,97.1,0.3,(X),(X),(X),(X),57.0,0.2,(X),(X),(X),(X),20.8,0.1,(X),(X),(X),(X),36.2,0.1,(X),(X),(X),(X),0.1,(X),(X),(X),(X),(X),0.5,(X),(X),(X),(X),(X)
5001100US1903,1903,"Congressional District 3 (111th Congress), Iowa",625890,*****,307133,237,318757,237,7.3,0.1,7.6,0.1,7.0,0.1,6.7,0.2,6.9,0.2,6.5,0.2,6.8,0.2,7.1,0.2,6.5,0.2,6.7,0.1,6.9,0.1,6.5,0.1,6.3,0.1,6.5,0.1,6.1,0.1,7.6,0.1,7.8,0.1,7.5,0.1,6.7,0.1,6.8,0.1,6.6,0.1,6.7,0.2,6.8,0.2,6.6,0.2,7.3,0.2,7.5,0.2,7.0,0.2,7.6,0.1,7.7,0.1,7.4,0.1,6.9,0.1,7.0,0.1,6.9,0.1,5.9,0.1,5.9,0.2,6.0,0.1,4.6,0.1,4.5,0.2,4.6,0.2,3.4,0.1,3.2,0.1,3.6,0.1,3.0,0.1,2.8,0.1,3.1,0.1,2.6,0.1,2.3,0.1,2.8,0.2,2.1,0.1,1.5,0.1,2.6,0.1,2.0,0.1,1.2,0.1,2.8,0.1,13.5,0.1,14.0,0.1,12.9,0.1,4.1,0.1,4.3,0.1,4.0,0.1,8.8,0.1,9.1,0.1,8.6,0.1,41.3,0.1,42.3,0.1,40.3,0.1,77.8,0.1,77.0,0.1,78.6,0.1,75.1,0.1,74.1,0.1,76.1,0.1,17.5,0.1,15.5,0.2,19.5,0.2,15.5,0.1,13.5,0.1,17.5,0.1,13.0,0.1,10.9,0.1,14.9,0.1,6.6,0.1,5.0,0.1,8.2,0.1,36.4,0.2,35.3,0.1,37.6,0.2,96.4,0.1,(X),(X),(X),(X),61.0,0.1,(X),(X),(X),(X),20.9,0.1,(X),(X),(X),(X),40.1,0.1,(X),(X),(X),(X),0.2,(X),(X),(X),(X),(X),0.7,(X),(X),(X),(X),(X)
5001100US1904,1904,"Congressional District 4 (111th Congress), Iowa",591222,*****,293965,442,297257,442,6.1,0.1,6.3,0.1,5.9,0.1,6.3,0.1,6.4,0.2,6.2,0.2,6.3,0.1,6.6,0.2,6.1,0.2,7.8,0.1,8.3,0.1,7.4,0.1,8.7,0.1,9.5,0.1,7.9,0.1,5.5,0.1,5.7,0.1,5.3,0.1,5.1,0.1,5.4,0.1,4.8,0.1,5.8,0.2,5.8,0.2,5.8,0.2,6.6,0.2,6.8,0.2,6.4,0.2,7.5,0.1,7.5,0.1,7.5,0.1,7.2,0.1,7.3,0.1,7.1,0.1,6.2,0.1,6.3,0.1,6.2,0.2,4.9,0.1,4.8,0.2,5.0,0.2,4.0,0.1,3.8,0.1,4.2,0.1,3.4,0.1,3.2,0.1,3.7,0.1,3.2,0.1,2.7,0.1,3.6,0.2,2.5,0.1,2.0,0.1,3.1,0.1,2.7,0.1,1.7,0.1,3.8,0.2,12.6,0.1,12.9,0.1,12.3,0.1,4.2,0.1,4.4,0.1,4.1,0.1,12.3,0.1,13.4,0.1,11.3,0.1,39.6,0.1,41.5,0.1,37.7,0.1,79.9,0.1,79.4,0.1,80.4,0.1,77.0,0.1,76.4,0.1,77.7,0.1,20.8,0.1,18.1,0.2,23.4,0.2,18.6,0.1,16.0,0.1,21.1,0.2,15.9,0.1,13.3,0.1,18.4,0.1,8.4,0.1,6.4,0.1,10.5,0.1,38.5,0.2,36.6,0.2,40.4,0.2,98.9,0.3,(X),(X),(X),(X),63.5,0.1,(X),(X),(X),(X),25.9,0.1,(X),(X),(X),(X),37.5,0.1,(X),(X),(X),(X),0.2,(X),(X),(X),(X),(X),0.5,(X),(X),(X),(X),(X)
5001100US1905,1905,"Congressional District 5 (111th Congress), Iowa",568326,*****,280417,418,287909,418,6.6,0.1,6.8,0.1,6.3,0.1,6.4,0.1,6.6,0.2,6.1,0.2,6.9,0.1,7.2,0.2,6.6,0.2,7.5,0.1,7.8,0.1,7.2,0.1,6.2,0.1,6.5,0.1,5.9,0.1,4.9,0.1,5.3,0.1,4.6,0.1,5.3,0.1,5.5,0.1,5.2,0.1,5.8,0.1,5.9,0.2,5.7,0.2,6.6,0.1,6.8,0.2,6.5,0.2,7.9,0.1,8.1,0.1,7.6,0.1,7.5,0.1,7.7,0.1,7.4,0.1,6.5,0.1,6.6,0.2,6.3,0.1,5.1,0.1,5.1,0.2,5.1,0.1,4.1,0.1,3.9,0.1,4.3,0.1,3.7,0.1,3.3,0.1,4.0,0.1,3.4,0.1,2.9,0.1,3.9,0.2,2.9,0.1,2.1,0.1,3.6,0.1,2.8,0.1,1.8,0.1,3.8,0.2,13.2,0.1,13.8,0.1,12.7,0.1,4.6,0.1,4.7,0.1,4.5,0.1,9.0,0.1,9.5,0.1,8.6,0.1,36.4,0.1,37.8,0.1,35.0,0.1,78.6,0.1,77.9,0.1,79.4,0.1,75.6,0.1,74.6,0.1,76.5,0.1,22.0,0.1,19.2,0.2,24.7,0.2,19.8,0.1,17.0,0.1,22.6,0.1,16.9,0.1,14.1,0.1,19.7,0.1,9.1,0.1,6.8,0.1,11.3,0.1,40.3,0.2,38.7,0.3,41.9,0.2,97.4,0.3,(X),(X),(X),(X),70.4,0.2,(X),(X),(X),(X),28.8,0.1,(X),(X),(X),(X),41.6,0.1,(X),(X),(X),(X),0.2,(X),(X),(X),(X),(X),0.5,(X),(X),(X),(X),(X)
5001100US2001,2001,"Congressional District 1 (111th Congress), Kansas",647606,493,322679,637,324927,575,6.9,0.1,7.1,0.1,6.7,0.1,6.6,0.1,6.7,0.2,6.4,0.2,6.8,0.1,7.1,0.2,6.5,0.2,7.2,0.1,7.6,0.2,6.9,0.1,7.6,0.1,7.9,0.2,7.4,0.1,5.7,0.1,6.1,0.1,5.3,0.1,5.1,0.1,5.4,0.1,4.8,0.1,5.6,0.1,5.7,0.2,5.5,0.2,6.5,0.2,6.7,0.2,6.3,0.2,7.5,0.1,7.5,0.1,7.4,0.1,7.3,0.1,7.4,0.1,7.1,0.1,6.1,0.1,6.2,0.1,6.0,0.2,5.0,0.1,5.0,0.1,5.0,0.2,3.9,0.1,3.8,0.1,4.1,0.1,3.5,0.1,3.3,0.1,3.8,0.1,3.1,0.1,2.6,0.1,3.6,0.2,2.6,0.1,2.2,0.1,3.1,0.2,3.0,0.1,1.8,0.1,4.1,0.2,13.4,0.1,13.8,0.1,12.9,0.1,4.4,0.1,4.4,0.1,4.3,0.1,10.5,0.1,11.0,0.1,10.0,0.2,37.8,0.1,39.3,0.1,36.2,0.1,78.3,0.1,77.7,0.2,78.8,0.2,75.4,0.1,74.7,0.2,76.1,0.1,21.1,0.1,18.6,0.2,23.6,0.2,18.9,0.1,16.4,0.2,21.5,0.2,16.1,0.1,13.6,0.1,18.6,0.1,8.7,0.1,6.6,0.1,10.8,0.1,38.7,0.2,36.9,0.3,40.4,0.2,99.3,0.3,(X),(X),(X),(X),68.8,0.3,(X),(X),(X),(X),27.2,0.1,(X),(X),(X),(X),41.5,0.2,(X),(X),(X),(X),0.2,(X),(X),(X),(X),(X),0.7,(X),(X),(X),(X),(X)
5001100US2002,2002,"Congressional District 2 (111th Congress), Kansas",692990,1119,345144,1020,347846,1004,6.6,0.1,6.8,0.1,6.5,0.1,6.5,0.1,6.7,0.2,6.4,0.2,6.5,0.1,6.8,0.2,6.3,0.2,7.8,0.2,8.1,0.2,7.5,0.2,9.8,0.1,10.3,0.3,9.2,0.2,6.2,0.1,6.6,0.2,5.8,0.2,5.4,0.1,5.7,0.1,5.2,0.1,6.2,0.2,6.4,0.2,5.9,0.2,6.6,0.2,6.5,0.2,6.6,0.2,7.2,0.1,7.2,0.1,7.3,0.1,7.0,0.1,7.0,0.1,7.0,0.1,6.1,0.1,6.2,0.2,6.0,0.1,4.8,0.1,4.7,0.2,5.0,0.1,3.7,0.1,3.6,0.1,3.8,0.1,2.9,0.1,2.6,0.1,3.2,0.1,2.5,0.1,2.2,0.1,2.9,0.1,2.1,0.1,1.5,0.1,2.6,0.1,2.0,0.1,1.2,0.1,2.8,0.2,13.1,0.1,13.5,0.1,12.7,0.1,4.2,0.1,4.3,0.1,4.0,0.1,13.4,0.2,14.0,0.2,12.7,0.3,41.9,0.1,43.5,0.2,40.2,0.2,78.9,0.1,78.3,0.1,79.5,0.2,76.1,0.1,75.4,0.1,76.8,0.1,18.1,0.1,15.9,0.2,20.3,0.2,16.0,0.1,13.9,0.2,18.2,0.2,13.3,0.1,11.2,0.1,15.3,0.1,6.6,0.1,5.0,0.1,8.3,0.1,35.9,0.2,34.3,0.2,37.7,0.3,99.2,0.5,(X),(X),(X),(X),59.1,0.2,(X),(X),(X),(X),21.1,0.1,(X),(X),(X),(X),38.0,0.2,(X),(X),(X),(X),0.2,(X),(X),(X),(X),(X),0.7,(X),(X),(X),(X),(X)
5001100US2003,2003,"Congressional District 3 (111th Congress), Kansas",747087,999,367894,919,379193,834,7.5,0.1,7.7,0.1,7.2,0.1,7.0,0.2,7.4,0.2,6.6,0.2,6.8,0.2,7.0,0.2,6.7,0.2,7.1,0.1,7.4,0.1,6.8,0.1,7.8,0.1,8.1,0.2,7.5,0.2,7.8,0.1,8.0,0.1,7.6,0.1,7.1,0.1,7.2,0.1,7.0,0.1,7.2,0.2,7.5,0.2,7.0,0.2,7.2,0.2,7.2,0.2,7.2,0.2,7.5,0.1,7.4,0.1,7.5,0.1,6.8,0.1,6.7,0.1,7.0,0.1,5.9,0.1,5.8,0.1,6.0,0.2,4.1,0.1,4.0,0.1,4.2,0.2,2.9,0.1,2.7,0.1,3.1,0.1,2.2,0.1,2.1,0.1,2.3,0.1,1.9,0.1,1.6,0.1,2.2,0.1,1.7,0.1,1.3,0.1,2.1,0.1,1.5,0.1,1.0,0.1,2.0,0.1,13.9,0.1,14.4,0.1,13.3,0.1,4.1,0.1,4.3,0.1,3.9,0.1,10.8,0.1,11.2,0.2,10.3,0.2,44.2,0.1,45.4,0.1,43.1,0.1,77.2,0.1,76.4,0.1,78.1,0.1,74.5,0.1,73.6,0.1,75.5,0.1,14.3,0.1,12.6,0.2,15.9,0.2,12.4,0.1,10.7,0.1,14.0,0.2,10.2,0.1,8.6,0.1,11.7,0.1,5.1,0.1,3.8,0.1,6.3,0.1,34.2,0.2,32.9,0.1,35.4,0.1,97.0,0.4,(X),(X),(X),(X),55.3,0.2,(X),(X),(X),(X),15.8,0.1,(X),(X),(X),(X),39.5,0.1,(X),(X),(X),(X),0.2,(X),(X),(X),(X),(X),0.6,(X),(X),(X),(X),(X)
5001100US2004,2004,"Congressional District 4 (111th Congress), Kansas",690152,212,340844,345,349308,344,7.6,0.1,7.8,0.1,7.4,0.1,7.1,0.2,7.3,0.2,6.9,0.2,7.4,0.2,7.7,0.2,7.0,0.2,7.0,0.1,7.3,0.1,6.8,0.1,6.6,0.1,6.9,0.1,6.3,0.1,7.2,0.1,7.3,0.1,7.1,0.1,6.2,0.1,6.4,0.1,6.1,0.1,6.4,0.1,6.5,0.2,6.2,0.2,6.5,0.1,6.7,0.2,6.4,0.2,7.6,0.1,7.6,0.1,7.5,0.1,7.2,0.1,7.3,0.1,7.0,0.1,5.9,0.1,5.9,0.2,6.0,0.1,4.5,0.1,4.6,0.2,4.5,0.1,3.4,0.1,3.2,0.1,3.6,0.1,2.9,0.1,2.6,0.1,3.1,0.1,2.5,0.1,2.1,0.1,2.9,0.2,2.0,0.1,1.6,0.1,2.4,0.1,2.0,0.1,1.2,0.1,2.7,0.2,14.5,0.1,15.1,0.1,13.9,0.1,4.5,0.1,4.7,0.1,4.4,0.1,9.1,0.1,9.5,0.1,8.7,0.1,39.9,0.1,41.0,0.1,38.9,0.1,76.4,0.1,75.7,0.1,77.1,0.1,73.4,0.1,72.5,0.1,74.3,0.1,17.3,0.1,15.3,0.2,19.2,0.1,15.2,0.1,13.2,0.1,17.2,0.1,12.8,0.1,10.7,0.1,14.7,0.1,6.5,0.1,4.9,0.1,8.0,0.1,35.7,0.1,34.5,0.1,37.0,0.1,97.6,0.2,(X),(X),(X),(X),64.9,0.1,(X),(X),(X),(X),21.0,0.1,(X),(X),(X),(X),43.9,0.1,(X),(X),(X),(X),0.2,(X),(X),(X),(X),(X),0.8,(X),(X),(X),(X),(X)
5001100US2101,2101,"Congressional District 1 (111th Congress), Kentucky",685920,850,336207,912,349713,837,6.5,0.1,6.7,0.1,6.3,0.1,6.3,0.2,6.6,0.2,6.1,0.2,6.5,0.1,6.8,0.2,6.2,0.2,6.7,0.1,7.0,0.1,6.4,0.1,7.2,0.1,7.9,0.2,6.5,0.1,6.3,0.1,6.4,0.1,6.2,0.1,5.9,0.1,6.1,0.1,5.7,0.1,6.4,0.2,6.6,0.2,6.3,0.2,6.8,0.2,7.0,0.2,6.6,0.2,7.2,0.1,7.2,0.1,7.3,0.1,7.1,0.1,7.0,0.1,7.1,0.1,6.5,0.2,6.6,0.2,6.5,0.2,5.7,0.1,5.5,0.2,5.8,0.2,4.3,0.1,4.1,0.1,4.6,0.2,3.6,0.1,3.4,0.1,3.9,0.1,2.9,0.1,2.5,0.1,3.4,0.2,2.1,0.1,1.7,0.1,2.6,0.1,1.9,0.1,1.1,0.1,2.7,0.1,12.9,0.1,13.4,0.1,12.3,0.1,4.1,0.1,4.2,0.1,4.0,0.1,9.8,0.1,10.7,0.2,8.9,0.1,39.2,0.1,40.9,0.2,37.6,0.1,79.4,0.1,78.6,0.1,80.1,0.1,76.6,0.1,75.7,0.1,77.4,0.1,20.6,0.2,18.2,0.2,22.9,0.2,18.1,0.1,15.8,0.2,20.4,0.2,15.0,0.1,12.8,0.1,17.1,0.1,7.0,0.1,5.3,0.1,8.6,0.1,38.6,0.2,36.9,0.2,40.3,0.3,96.1,0.4,(X),(X),(X),(X),62.3,0.2,(X),(X),(X),(X),24.3,0.1,(X),(X),(X),(X),38.0,0.2,(X),(X),(X),(X),0.2,(X),(X),(X),(X),(X),0.6,(X),(X),(X),(X),(X)
5001100US2102,2102,"Congressional District 2 (111th Congress), Kentucky",729948,1416,358871,1047,371077,941,6.8,0.1,6.9,0.1,6.6,0.1,6.9,0.1,7.2,0.2,6.6,0.2,6.8,0.1,7.1,0.2,6.5,0.2,7.1,0.1,7.7,0.1,6.6,0.1,7.1,0.1,7.4,0.1,6.7,0.1,6.5,0.1,6.7,0.1,6.4,0.1,6.1,0.1,6.2,0.1,6.1,0.1,6.9,0.2,6.8,0.2,7.1,0.2,7.4,0.2,7.5,0.2,7.2,0.2,7.7,0.1,7.6,0.1,7.7,0.1,7.1,0.1,7.2,0.1,7.1,0.1,6.2,0.1,6.1,0.2,6.2,0.2,5.2,0.1,5.1,0.2,5.3,0.2,3.9,0.1,3.8,0.2,4.0,0.2,3.0,0.1,2.7,0.1,3.3,0.2,2.3,0.1,1.9,0.1,2.7,0.1,1.7,0.1,1.3,0.1,2.1,0.1,1.4,0.1,0.9,0.1,1.9,0.1,13.7,0.1,14.2,0.1,13.1,0.1,4.2,0.1,4.5,0.1,4.0,0.1,9.9,0.1,10.6,0.1,9.3,0.1,41.1,0.1,42.2,0.1,40.1,0.1,78.1,0.1,77.3,0.2,79.0,0.2,75.3,0.1,74.4,0.2,76.3,0.1,17.5,0.1,15.7,0.2,19.2,0.2,15.2,0.1,13.4,0.2,16.9,0.2,12.3,0.1,10.5,0.1,13.9,0.1,5.4,0.1,4.1,0.1,6.7,0.1,37.0,0.2,35.6,0.2,38.3,0.2,96.7,0.4,(X),(X),(X),(X),58.6,0.2,(X),(X),(X),(X),19.4,0.1,(X),(X),(X),(X),39.1,0.2,(X),(X),(X),(X),0.2,(X),(X),(X),(X),(X),0.5,(X),(X),(X),(X),(X)
5001100US2103,2103,"Congressional District 3 (111th Congress), Kentucky",692485,1329,332595,828,359890,753,6.9,0.1,7.3,0.1,6.6,0.1,6.4,0.1,6.8,0.2,6.1,0.2,6.3,0.1,6.8,0.2,5.8,0.2,6.4,0.1,6.8,0.1,6.0,0.1,6.1,0.1,6.4,0.1,5.9,0.1,7.8,0.1,7.9,0.1,7.6,0.1,6.7,0.1,6.9,0.1,6.6,0.1,6.5,0.2,6.8,0.2,6.2,0.2,7.2,0.2,7.3,0.2,7.2,0.2,7.8,0.1,7.9,0.1,7.7,0.1,7.3,0.1,7.3,0.1,7.4,0.1,6.2,0.1,6.1,0.2,6.4,0.2,4.8,0.1,4.8,0.2,4.9,0.2,3.6,0.1,3.4,0.1,3.7,0.1,3.0,0.1,2.6,0.1,3.5,0.1,2.7,0.1,2.2,0.1,3.1,0.2,2.2,0.1,1.7,0.1,2.7,0.1,2.0,0.1,1.2,0.1,2.7,0.2,12.7,0.1,13.5,0.1,11.9,0.1,4.0,0.1,4.3,0.1,3.7,0.1,8.5,0.1,8.9,0.1,8.2,0.1,40.7,0.1,42.0,0.1,39.5,0.1,79.0,0.1,77.7,0.2,80.3,0.1,76.4,0.1,74.8,0.1,77.8,0.1,18.3,0.1,15.8,0.2,20.6,0.2,16.1,0.1,13.5,0.1,18.4,0.1,13.5,0.1,11.0,0.1,15.7,0.1,6.8,0.1,5.0,0.1,8.5,0.1,37.5,0.2,35.8,0.1,39.3,0.3,92.4,0.2,(X),(X),(X),(X),58.9,0.1,(X),(X),(X),(X),21.4,0.1,(X),(X),(X),(X),37.5,0.1,(X),(X),(X),(X),0.2,(X),(X),(X),(X),(X),0.7,(X),(X),(X),(X),(X)
5001100US2104,2104,"Congressional District 4 (111th Congress), Kentucky",725286,780,359093,597,366193,789,6.8,0.1,6.9,0.1,6.6,0.1,6.7,0.2,7.0,0.2,6.3,0.2,7.1,0.2,7.3,0.2,6.9,0.2,6.8,0.1,7.1,0.1,6.4,0.1,5.9,0.1,6.2,0.1,5.7,0.1,6.9,0.1,7.1,0.1,6.7,0.1,6.6,0.1,6.6,0.1,6.6,0.1,7.2,0.2,7.4,0.3,7.0,0.2,7.8,0.2,7.9,0.2,7.8,0.2,7.9,0.1,8.0,0.1,7.9,0.1,7.3,0.1,7.2,0.1,7.3,0.1,6.4,0.1,6.4,0.2,6.4,0.2,4.8,0.1,4.6,0.2,5.0,0.2,3.8,0.1,3.6,0.1,3.9,0.1,2.8,0.1,2.5,0.1,3.0,0.1,2.3,0.1,1.9,0.1,2.6,0.2,1.6,0.1,1.2,0.1,2.0,0.1,1.4,0.1,0.8,0.1,2.0,0.2,13.8,0.1,14.3,0.1,13.2,0.1,4.3,0.1,4.5,0.1,4.1,0.1,8.4,0.1,8.8,0.1,8.0,0.1,41.2,0.1,42.3,0.1,40.1,0.1,78.0,0.1,77.3,0.1,78.7,0.2,75.1,0.1,74.2,0.1,76.0,0.1,16.7,0.1,14.8,0.2,18.5,0.2,14.5,0.1,12.6,0.1,16.3,0.1,11.9,0.1,10.2,0.1,13.6,0.1,5.3,0.1,4.0,0.1,6.7,0.1,37.4,0.2,36.2,0.2,38.5,0.2,98.1,0.3,(X),(X),(X),(X),58.1,0.2,(X),(X),(X),(X),18.8,0.1,(X),(X),(X),(X),39.3,0.1,(X),(X),(X),(X),0.2,(X),(X),(X),(X),(X),0.6,(X),(X),(X),(X),(X)
5001100US2105,2105,"Congressional District 5 (111th Congress), Kentucky",677324,449,334219,702,343105,687,6.3,0.1,6.6,0.1,5.9,0.1,6.0,0.1,6.2,0.2,5.8,0.3,6.7,0.2,7.0,0.2,6.4,0.3,7.0,0.1,7.4,0.1,6.6,0.2,6.4,0.1,6.9,0.2,6.0,0.2,6.9,0.1,7.2,0.1,6.6,0.1,6.4,0.1,6.5,0.1,6.3,0.1,6.7,0.2,6.7,0.3,6.7,0.3,7.5,0.2,7.4,0.3,7.5,0.3,7.4,0.1,7.3,0.1,7.5,0.1,7.2,0.1,7.2,0.1,7.3,0.1,6.6,0.2,6.5,0.2,6.7,0.2,5.5,0.2,5.4,0.2,5.6,0.2,4.2,0.1,4.0,0.2,4.5,0.2,3.4,0.1,3.2,0.2,3.6,0.2,2.6,0.1,2.2,0.1,3.0,0.1,1.8,0.1,1.4,0.1,2.2,0.1,1.3,0.1,0.8,0.1,1.8,0.1,12.7,0.1,13.3,0.1,12.1,0.1,4.2,0.1,4.5,0.1,3.9,0.1,9.2,0.1,9.7,0.1,8.6,0.1,40.9,0.1,42.1,0.1,39.7,0.1,79.6,0.1,78.6,0.2,80.6,0.2,76.8,0.1,75.6,0.2,78.0,0.1,18.9,0.2,17.0,0.2,20.8,0.2,16.6,0.1,14.6,0.2,18.5,0.2,13.4,0.1,11.6,0.1,15.2,0.1,5.8,0.1,4.4,0.1,7.1,0.1,38.2,0.2,36.6,0.2,39.8,0.2,97.4,0.4,(X),(X),(X),(X),57.8,0.3,(X),(X),(X),(X),21.2,0.1,(X),(X),(X),(X),36.6,0.2,(X),(X),(X),(X),0.1,(X),(X),(X),(X),(X),0.6,(X),(X),(X),(X),(X)
5001100US2106,2106,"Congressional District 6 (111th Congress), Kentucky",741037,1012,363057,798,377980,745,6.7,0.1,6.9,0.1,6.5,0.1,6.2,0.2,6.5,0.2,6.0,0.2,6.1,0.2,6.4,0.3,5.8,0.2,7.2,0.1,7.4,0.1,7.0,0.1,9.3,0.1,9.5,0.1,9.2,0.1,6.9,0.1,7.2,0.1,6.7,0.1,6.8,0.1,7.1,0.1,6.5,0.1,7.2,0.2,7.2,0.2,7.1,0.2,7.2,0.2,7.5,0.2,6.8,0.2,7.4,0.1,7.3,0.1,7.4,0.1,6.8,0.1,6.7,0.1,6.9,0.1,6.0,0.1,5.8,0.2,6.1,0.2,4.7,0.1,4.6,0.2,4.8,0.2,3.5,0.1,3.4,0.1,3.6,0.2,2.8,0.1,2.4,0.1,3.1,0.1,2.2,0.1,1.9,0.1,2.5,0.1,1.5,0.1,1.3,0.1,1.8,0.1,1.5,0.1,0.8,0.1,2.2,0.1,12.3,0.1,12.8,0.1,11.8,0.1,3.8,0.1,4.0,0.1,3.6,0.1,12.8,0.1,13.0,0.1,12.6,0.1,44.6,0.1,45.9,0.1,43.3,0.1,79.7,0.1,78.9,0.2,80.6,0.2,77.2,0.1,76.2,0.1,78.2,0.1,16.3,0.1,14.5,0.2,18.0,0.2,14.1,0.1,12.3,0.2,15.9,0.1,11.6,0.1,9.9,0.1,13.2,0.1,5.3,0.1,4.0,0.1,6.5,0.1,35.5,0.1,34.2,0.2,36.7,0.2,96.1,0.3,(X),(X),(X),(X),52.2,0.2,(X),(X),(X),(X),17.6,0.1,(X),(X),(X),(X),34.6,0.1,(X),(X),(X),(X),0.2,(X),(X),(X),(X),(X),0.6,(X),(X),(X),(X),(X)
5001100US2201,2201,"Congressional District 1 (111th Congress), Louisiana",666057,3041,323432,1782,342625,2079,6.6,0.1,6.9,0.1,6.2,0.1,6.5,0.2,6.9,0.3,6.2,0.2,6.4,0.2,6.7,0.3,6.0,0.2,6.5,0.1,6.8,0.2,6.1,0.1,6.6,0.1,6.8,0.2,6.4,0.1,6.8,0.1,6.9,0.2,6.7,0.1,6.1,0.1,6.1,0.2,6.0,0.1,6.5,0.2,6.7,0.3,6.3,0.3,7.1,0.2,7.0,0.3,7.2,0.3,7.9,0.1,7.7,0.1,8.1,0.2,7.7,0.1,7.8,0.1,7.5,0.1,6.5,0.1,6.4,0.2,6.5,0.2,5.6,0.1,5.6,0.2,5.6,0.2,3.9,0.1,3.8,0.2,4.0,0.2,3.0,0.1,2.6,0.2,3.3,0.2,2.6,0.1,2.3,0.1,3.0,0.1,2.2,0.1,1.7,0.1,2.7,0.2,1.7,0.1,1.1,0.1,2.2,0.2,12.9,0.1,13.6,0.2,12.2,0.2,4.1,0.1,4.4,0.1,3.8,0.1,9.0,0.1,9.3,0.2,8.7,0.2,39.6,0.2,40.5,0.3,38.7,0.2,79.2,0.2,78.0,0.2,80.3,0.2,76.5,0.2,75.1,0.2,77.8,0.2,18.9,0.2,17.0,0.2,20.7,0.3,16.4,0.2,14.5,0.2,18.3,0.3,13.3,0.1,11.4,0.1,15.1,0.2,6.5,0.1,5.0,0.1,7.9,0.1,38.5,0.2,37.1,0.3,40.0,0.3,94.4,0.7,(X),(X),(X),(X),58.4,0.4,(X),(X),(X),(X),21.1,0.2,(X),(X),(X),(X),37.3,0.4,(X),(X),(X),(X),0.2,(X),(X),(X),(X),(X),0.9,(X),(X),(X),(X),(X)
5001100US2202,2202,"Congressional District 2 (111th Congress), Louisiana",488985,2765,231386,1730,257599,1818,7.1,0.1,7.6,0.2,6.6,0.2,6.0,0.2,6.3,0.3,5.7,0.3,6.7,0.2,7.3,0.3,6.2,0.3,7.6,0.3,7.7,0.3,7.5,0.4,8.1,0.3,8.8,0.5,7.4,0.3,7.1,0.2,6.6,0.4,7.5,0.2,6.9,0.2,6.9,0.3,7.0,0.2,6.4,0.3,6.5,0.3,6.4,0.4,7.0,0.2,6.8,0.4,7.1,0.3,7.6,0.2,7.8,0.2,7.4,0.2,7.4,0.1,7.3,0.2,7.5,0.2,6.2,0.2,6.4,0.3,6.1,0.3,5.1,0.2,4.8,0.3,5.5,0.3,3.3,0.1,3.1,0.2,3.5,0.2,2.7,0.1,2.4,0.2,2.9,0.2,2.0,0.1,1.7,0.1,2.2,0.2,1.5,0.1,1.2,0.1,1.8,0.2,1.4,0.1,0.8,0.1,1.9,0.2,12.7,0.2,13.6,0.3,11.9,0.2,4.3,0.1,4.5,0.1,4.1,0.1,11.4,0.3,12.0,0.4,10.7,0.3,43.0,0.2,43.3,0.4,42.8,0.3,78.8,0.2,77.3,0.3,80.2,0.3,75.9,0.2,74.3,0.3,77.4,0.3,16.0,0.3,14.1,0.3,17.7,0.4,13.7,0.2,12.0,0.3,15.2,0.3,10.9,0.2,9.3,0.2,12.3,0.2,4.9,0.1,3.8,0.2,5.9,0.2,35.4,0.3,34.0,0.4,36.7,0.3,89.8,0.8,(X),(X),(X),(X),53.7,0.6,(X),(X),(X),(X),16.7,0.3,(X),(X),(X),(X),37.0,0.5,(X),(X),(X),(X),0.3,(X),(X),(X),(X),(X),1.6,(X),(X),(X),(X),(X)
5001100US2203,2203,"Congressional District 3 (111th Congress), Louisiana",626620,1784,305971,1057,320649,1199,7.3,0.1,7.8,0.1,6.8,0.1,7.2,0.2,7.5,0.3,7.0,0.3,7.5,0.2,7.8,0.3,7.3,0.2,7.5,0.1,7.9,0.2,7.1,0.1,7.0,0.1,7.3,0.1,6.7,0.1,7.3,0.1,7.4,0.1,7.1,0.1,5.8,0.1,5.7,0.1,6.0,0.1,6.3,0.2,6.2,0.3,6.5,0.3,7.7,0.2,7.6,0.3,7.8,0.3,7.8,0.1,7.8,0.1,7.8,0.1,7.0,0.1,7.0,0.1,7.0,0.1,5.7,0.2,5.7,0.2,5.7,0.2,4.7,0.2,4.6,0.2,4.8,0.2,3.5,0.1,3.3,0.1,3.7,0.1,2.7,0.1,2.6,0.1,2.9,0.1,2.2,0.1,2.1,0.1,2.4,0.1,1.5,0.1,1.0,0.1,1.9,0.1,1.3,0.1,0.8,0.1,1.8,0.1,14.7,0.1,15.2,0.1,14.3,0.1,4.8,0.1,5.0,0.1,4.6,0.1,9.7,0.1,10.1,0.1,9.2,0.1,41.5,0.1,42.0,0.2,41.1,0.2,76.5,0.1,75.4,0.2,77.5,0.2,73.2,0.1,72.0,0.1,74.3,0.2,15.9,0.2,14.5,0.2,17.4,0.2,13.9,0.1,12.4,0.2,15.2,0.2,11.2,0.1,9.8,0.1,12.6,0.1,5.0,0.1,4.0,0.1,6.0,0.1,35.3,0.2,33.9,0.2,36.6,0.2,95.4,0.4,(X),(X),(X),(X),61.4,0.2,(X),(X),(X),(X),18.1,0.1,(X),(X),(X),(X),43.3,0.2,(X),(X),(X),(X),0.2,(X),(X),(X),(X),(X),1.0,(X),(X),(X),(X),(X)
5001100US2204,2204,"Congressional District 4 (111th Congress), Louisiana",645389,528,314404,428,330985,452,7.1,0.1,7.5,0.1,6.7,0.1,7.0,0.1,7.6,0.2,6.4,0.2,6.9,0.1,7.1,0.2,6.7,0.2,7.3,0.1,7.7,0.1,6.9,0.1,8.0,0.1,8.4,0.1,7.5,0.1,7.2,0.1,7.4,0.1,7.0,0.1,6.1,0.1,6.2,0.1,6.0,0.1,6.3,0.2,6.2,0.2,6.3,0.2,6.5,0.2,6.7,0.2,6.3,0.2,6.9,0.1,6.9,0.1,7.0,0.1,6.7,0.1,6.6,0.1,6.8,0.1,6.0,0.1,5.7,0.2,6.2,0.2,4.8,0.1,4.7,0.2,4.9,0.2,3.8,0.1,3.5,0.1,4.1,0.1,3.3,0.1,3.0,0.1,3.5,0.1,2.6,0.1,2.2,0.1,2.9,0.1,1.9,0.1,1.5,0.1,2.4,0.1,1.7,0.1,0.9,0.1,2.4,0.1,13.9,0.1,14.7,0.1,13.1,0.1,4.4,0.1,4.7,0.1,4.2,0.1,10.8,0.1,11.5,0.1,10.2,0.1,41.3,0.1,42.7,0.1,40.0,0.1,77.5,0.1,76.3,0.1,78.7,0.2,74.6,0.1,73.2,0.1,75.9,0.1,18.1,0.1,15.9,0.2,20.1,0.2,16.0,0.1,13.9,0.2,18.0,0.1,13.3,0.1,11.2,0.1,15.3,0.1,6.2,0.1,4.6,0.1,7.7,0.1,35.4,0.1,33.5,0.1,37.2,0.2,95.0,0.2,(X),(X),(X),(X),63.1,0.1,(X),(X),(X),(X),21.6,0.1,(X),(X),(X),(X),41.5,0.1,(X),(X),(X),(X),0.2,(X),(X),(X),(X),(X),0.7,(X),(X),(X),(X),(X)
5001100US2205,2205,"Congressional District 5 (111th Congress), Louisiana",635373,1423,310520,919,324853,1153,7.0,0.1,7.4,0.1,6.6,0.1,6.8,0.2,7.1,0.2,6.6,0.2,7.0,0.2,7.4,0.2,6.6,0.3,7.9,0.1,8.4,0.2,7.5,0.2,7.8,0.1,8.3,0.2,7.4,0.2,7.0,0.1,7.4,0.2,6.6,0.1,5.9,0.1,6.1,0.2,5.7,0.1,6.0,0.2,6.2,0.2,5.8,0.2,6.8,0.2,6.7,0.2,6.8,0.2,7.0,0.1,6.9,0.1,7.1,0.1,6.7,0.1,6.6,0.1,6.8,0.1,5.9,0.1,5.7,0.2,6.1,0.2,4.8,0.1,4.7,0.2,4.9,0.2,4.0,0.1,3.7,0.1,4.3,0.1,3.1,0.1,2.7,0.1,3.5,0.1,2.8,0.1,2.3,0.1,3.2,0.2,1.9,0.1,1.4,0.1,2.4,0.1,1.6,0.1,0.9,0.1,2.3,0.1,13.8,0.1,14.5,0.1,13.2,0.1,4.6,0.1,4.9,0.1,4.3,0.1,11.2,0.1,11.8,0.2,10.6,0.1,41.4,0.1,43.2,0.2,39.8,0.2,77.7,0.1,76.5,0.2,78.9,0.2,74.6,0.1,73.3,0.2,75.9,0.2,18.2,0.2,15.8,0.2,20.5,0.2,16.1,0.1,13.7,0.2,18.4,0.2,13.4,0.1,11.1,0.1,15.6,0.1,6.3,0.1,4.7,0.1,7.8,0.1,35.5,0.2,33.3,0.2,37.9,0.3,95.6,0.5,(X),(X),(X),(X),63.3,0.3,(X),(X),(X),(X),21.9,0.1,(X),(X),(X),(X),41.5,0.3,(X),(X),(X),(X),0.2,(X),(X),(X),(X),(X),0.8,(X),(X),(X),(X),(X)
5001100US2206,2206,"Congressional District 6 (111th Congress), Louisiana",692413,1565,340501,1038,351912,1054,6.8,0.1,7.0,0.1,6.7,0.1,6.9,0.2,7.3,0.3,6.6,0.2,7.0,0.2,7.2,0.3,6.7,0.2,8.3,0.1,8.5,0.1,8.1,0.1,10.5,0.1,10.7,0.1,10.2,0.1,6.5,0.1,6.8,0.1,6.2,0.1,6.1,0.1,6.2,0.1,5.9,0.1,6.5,0.2,6.6,0.2,6.4,0.2,7.1,0.2,7.2,0.2,7.1,0.2,7.1,0.1,7.1,0.1,7.2,0.1,6.8,0.1,6.7,0.1,6.8,0.1,5.7,0.1,5.3,0.2,6.0,0.2,4.5,0.1,4.5,0.2,4.5,0.2,3.3,0.1,3.2,0.1,3.4,0.1,2.4,0.1,2.1,0.1,2.6,0.1,1.9,0.1,1.6,0.1,2.2,0.1,1.5,0.1,1.2,0.1,1.8,0.1,1.3,0.1,0.7,0.1,1.8,0.1,13.9,0.1,14.5,0.1,13.3,0.1,4.3,0.1,4.6,0.1,4.1,0.1,14.4,0.1,14.7,0.1,14.1,0.1,44.9,0.1,46.0,0.2,43.8,0.2,77.8,0.1,76.9,0.2,78.7,0.2,74.9,0.1,73.9,0.2,76.0,0.1,14.8,0.1,13.3,0.2,16.3,0.2,12.9,0.1,11.4,0.2,14.3,0.2,10.3,0.1,8.8,0.1,11.8,0.1,4.7,0.1,3.5,0.1,5.7,0.1,33.3,0.2,32.0,0.2,34.7,0.2,96.8,0.4,(X),(X),(X),(X),54.7,0.2,(X),(X),(X),(X),15.9,0.1,(X),(X),(X),(X),38.8,0.2,(X),(X),(X),(X),0.3,(X),(X),(X),(X),(X),1.0,(X),(X),(X),(X),(X)
5001100US2207,2207,"Congressional District 7 (111th Congress), Louisiana",656709,895,318785,648,337924,591,7.3,0.1,7.8,0.1,7.0,0.1,7.2,0.2,7.4,0.3,7.1,0.3,7.2,0.2,7.7,0.3,6.7,0.3,7.1,0.1,7.5,0.1,6.8,0.1,7.4,0.1,7.6,0.1,7.1,0.1,8.0,0.1,8.2,0.1,7.8,0.1,6.1,0.1,6.2,0.1,6.1,0.1,6.2,0.2,6.4,0.3,5.9,0.3,6.9,0.2,6.6,0.2,7.1,0.2,7.4,0.1,7.4,0.1,7.5,0.1,6.9,0.1,6.9,0.1,6.8,0.1,5.6,0.1,5.5,0.2,5.7,0.2,4.5,0.1,4.4,0.2,4.5,0.2,3.5,0.1,3.2,0.1,3.8,0.1,3.0,0.1,2.8,0.1,3.1,0.1,2.4,0.1,1.9,0.1,2.9,0.2,1.8,0.1,1.5,0.1,2.1,0.1,1.5,0.1,0.9,0.1,1.9,0.1,14.5,0.1,15.1,0.1,13.8,0.1,4.5,0.1,4.8,0.1,4.3,0.1,10.0,0.1,10.4,0.1,9.6,0.1,41.6,0.1,42.5,0.1,40.8,0.1,76.7,0.1,75.6,0.2,77.7,0.2,73.7,0.1,72.3,0.1,74.9,0.1,16.6,0.1,14.8,0.2,18.4,0.2,14.6,0.1,12.8,0.1,16.3,0.2,12.2,0.1,10.4,0.1,13.9,0.1,5.7,0.1,4.3,0.1,6.9,0.1,34.7,0.2,33.0,0.2,36.2,0.2,94.3,0.2,(X),(X),(X),(X),62.6,0.2,(X),(X),(X),(X),19.8,0.1,(X),(X),(X),(X),42.8,0.1,(X),(X),(X),(X),0.2,(X),(X),(X),(X),(X),1.1,(X),(X),(X),(X),(X)
5001100US2301,2301,"Congressional District 1 (111th Congress), Maine",668910,182,325878,530,343032,480,5.4,0.1,5.7,0.1,5.1,0.1,5.3,0.1,5.6,0.2,5.1,0.2,6.5,0.1,6.8,0.2,6.2,0.2,6.8,0.1,7.1,0.1,6.5,0.1,5.9,0.1,6.2,0.1,5.6,0.1,5.7,0.1,5.9,0.1,5.5,0.1,5.6,0.1,5.8,0.1,5.6,0.1,6.9,0.2,7.0,0.2,6.8,0.2,7.6,0.2,7.5,0.2,7.7,0.2,8.5,0.1,8.6,0.1,8.5,0.1,8.2,0.1,8.2,0.1,8.2,0.1,7.1,0.2,7.1,0.2,7.1,0.2,5.8,0.2,5.9,0.2,5.8,0.2,4.2,0.1,4.0,0.1,4.4,0.1,3.3,0.1,3.2,0.1,3.3,0.1,2.9,0.1,2.5,0.1,3.3,0.2,2.3,0.1,1.8,0.1,2.7,0.1,2.0,0.1,1.3,0.1,2.7,0.2,11.8,0.1,12.4,0.1,11.3,0.1,4.2,0.1,4.4,0.1,4.0,0.1,8.5,0.1,8.9,0.1,8.1,0.1,38.4,0.1,39.4,0.1,37.5,0.1,81.4,0.1,80.5,0.1,82.3,0.1,78.6,0.1,77.6,0.1,79.7,0.1,20.5,0.2,18.7,0.2,22.3,0.2,18.0,0.2,16.2,0.2,19.7,0.2,14.7,0.1,12.8,0.1,16.4,0.1,7.2,0.1,5.6,0.1,8.7,0.1,41.3,0.2,40.1,0.2,42.6,0.2,95.0,0.3,(X),(X),(X),(X),56.3,0.2,(X),(X),(X),(X),22.9,0.1,(X),(X),(X),(X),33.4,0.1,(X),(X),(X),(X),0.1,(X),(X),(X),(X),(X),0.7,(X),(X),(X),(X),(X)
5001100US2302,2302,"Congressional District 2 (111th Congress), Maine",647470,182,316733,539,330737,516,5.4,0.1,5.6,0.1,5.1,0.1,5.6,0.1,5.9,0.2,5.2,0.2,6.0,0.1,6.2,0.2,5.8,0.2,7.2,0.1,7.6,0.1,6.8,0.1,6.5,0.1,6.9,0.1,6.2,0.1,5.7,0.1,5.7,0.1,5.6,0.1,5.4,0.1,5.4,0.1,5.5,0.1,6.2,0.1,6.2,0.2,6.2,0.2,7.4,0.1,7.4,0.2,7.4,0.2,8.2,0.1,8.2,0.1,8.2,0.1,7.9,0.1,7.9,0.1,7.9,0.1,7.4,0.1,7.5,0.2,7.2,0.2,5.8,0.1,5.8,0.2,5.7,0.2,4.4,0.1,4.2,0.1,4.6,0.1,3.6,0.1,3.5,0.1,3.7,0.1,3.1,0.1,2.7,0.1,3.5,0.1,2.2,0.1,1.7,0.1,2.6,0.1,2.0,0.1,1.3,0.1,2.7,0.2,11.6,0.1,12.1,0.1,11.0,0.1,4.2,0.1,4.4,0.1,4.0,0.1,9.5,0.1,10.1,0.1,9.0,0.1,38.4,0.1,39.2,0.2,37.7,0.1,81.7,0.1,80.9,0.1,82.5,0.1,78.9,0.1,77.8,0.1,79.9,0.1,21.1,0.1,19.3,0.2,22.7,0.2,18.5,0.1,16.7,0.2,20.3,0.2,15.3,0.1,13.5,0.1,17.1,0.1,7.3,0.1,5.8,0.1,8.7,0.1,41.4,0.1,40.3,0.2,42.4,0.2,95.8,0.3,(X),(X),(X),(X),57.3,0.2,(X),(X),(X),(X),24.1,0.1,(X),(X),(X),(X),33.2,0.1,(X),(X),(X),(X),0.1,(X),(X),(X),(X),(X),0.6,(X),(X),(X),(X),(X)
5001100US2401,2401,"Congressional District 1 (111th Congress), Maryland",719517,2944,352570,2234,366947,1574,5.9,0.1,6.2,0.1,5.7,0.1,6.2,0.2,6.4,0.2,6.0,0.2,6.8,0.2,7.2,0.2,6.5,0.2,7.1,0.1,7.4,0.2,6.9,0.2,5.8,0.2,6.4,0.3,5.2,0.2,5.4,0.1,5.6,0.2,5.3,0.1,5.3,0.1,5.3,0.2,5.3,0.1,6.4,0.2,6.3,0.2,6.5,0.2,7.9,0.2,7.8,0.3,8.0,0.2,8.3,0.1,8.3,0.2,8.3,0.2,7.6,0.1,7.6,0.1,7.6,0.1,7.0,0.2,6.9,0.2,7.0,0.2,5.8,0.1,5.7,0.2,5.9,0.2,4.5,0.1,4.4,0.2,4.6,0.2,3.5,0.1,3.2,0.1,3.7,0.2,2.9,0.1,2.6,0.1,3.2,0.1,2.1,0.1,1.7,0.1,2.4,0.1,1.6,0.1,1.1,0.1,2.1,0.1,13.1,0.1,13.7,0.2,12.5,0.2,4.4,0.1,4.5,0.1,4.3,0.1,8.5,0.2,9.2,0.3,7.8,0.2,37.8,0.2,38.6,0.3,37.1,0.2,79.5,0.1,78.7,0.2,80.4,0.3,76.6,0.1,75.6,0.2,77.6,0.2,20.3,0.2,18.7,0.2,21.9,0.2,17.8,0.2,16.4,0.2,19.2,0.2,14.5,0.1,13.0,0.2,16.0,0.2,6.5,0.1,5.4,0.1,7.6,0.1,40.7,0.2,39.4,0.3,41.9,0.3,96.1,0.7,(X),(X),(X),(X),61.0,0.4,(X),(X),(X),(X),23.3,0.2,(X),(X),(X),(X),37.7,0.3,(X),(X),(X),(X),0.2,(X),(X),(X),(X),(X),0.8,(X),(X),(X),(X),(X)
5001100US2402,2402,"Congressional District 2 (111th Congress), Maryland",678681,5515,322740,3381,355941,3436,6.8,0.2,7.2,0.2,6.3,0.2,6.1,0.2,6.4,0.3,5.7,0.3,6.9,0.2,7.4,0.3,6.5,0.3,7.0,0.2,7.4,0.3,6.5,0.3,7.3,0.2,7.3,0.3,7.3,0.2,8.2,0.2,8.4,0.3,8.0,0.2,6.6,0.2,6.7,0.2,6.5,0.3,7.1,0.2,7.2,0.3,7.0,0.2,7.4,0.2,7.2,0.3,7.5,0.3,7.7,0.2,7.4,0.3,8.1,0.2,6.9,0.2,7.0,0.2,6.8,0.2,5.7,0.2,5.8,0.2,5.6,0.2,4.5,0.2,4.4,0.2,4.6,0.2,3.3,0.1,3.3,0.2,3.4,0.2,2.7,0.1,2.4,0.2,3.0,0.1,2.3,0.1,1.9,0.1,2.6,0.1,1.9,0.1,1.4,0.1,2.5,0.1,1.6,0.1,1.1,0.1,2.0,0.2,13.0,0.2,13.8,0.3,12.2,0.3,4.3,0.2,4.7,0.2,4.0,0.2,9.9,0.2,10.0,0.4,9.8,0.3,43.6,0.3,44.3,0.5,42.9,0.4,78.8,0.3,77.4,0.4,80.2,0.4,76.0,0.3,74.3,0.4,77.4,0.4,16.4,0.3,14.5,0.3,18.1,0.3,14.3,0.2,12.5,0.3,15.9,0.3,11.9,0.2,10.1,0.2,13.5,0.2,5.8,0.1,4.5,0.2,7.1,0.2,35.9,0.3,34.4,0.4,37.2,0.3,90.7,1.1,(X),(X),(X),(X),56.1,0.7,(X),(X),(X),(X),18.5,0.3,(X),(X),(X),(X),37.5,0.6,(X),(X),(X),(X),0.2,(X),(X),(X),(X),(X),0.7,(X),(X),(X),(X),(X)
5001100US2403,2403,"Congressional District 3 (111th Congress), Maryland",706436,4851,343327,2903,363109,3261,6.8,0.1,7.2,0.2,6.5,0.2,5.9,0.2,6.1,0.3,5.7,0.3,6.0,0.2,6.3,0.2,5.7,0.3,6.3,0.2,6.8,0.3,5.8,0.3,7.0,0.3,7.4,0.3,6.7,0.3,8.4,0.2,8.5,0.3,8.4,0.3,7.7,0.2,8.0,0.2,7.3,0.2,7.4,0.2,7.8,0.3,7.1,0.3,7.5,0.2,7.7,0.3,7.3,0.3,7.3,0.2,7.4,0.2,7.1,0.2,6.9,0.2,6.6,0.3,7.2,0.2,5.9,0.2,5.7,0.2,6.1,0.2,4.9,0.2,4.7,0.2,5.1,0.2,3.4,0.1,3.1,0.2,3.6,0.2,2.8,0.1,2.5,0.2,3.0,0.2,2.3,0.1,1.9,0.1,2.6,0.1,1.9,0.1,1.4,0.1,2.3,0.1,1.7,0.1,1.0,0.1,2.3,0.2,11.9,0.2,12.4,0.3,11.4,0.3,3.5,0.1,3.8,0.2,3.3,0.2,9.8,0.3,10.4,0.4,9.2,0.4,44.3,0.3,46.1,0.4,42.7,0.4,80.2,0.3,79.3,0.4,81.0,0.4,77.8,0.3,76.6,0.4,78.8,0.4,16.9,0.2,14.6,0.3,19.1,0.3,14.7,0.2,12.5,0.3,16.8,0.3,12.0,0.2,9.9,0.3,14.0,0.3,5.8,0.2,4.3,0.2,7.3,0.2,36.3,0.3,34.8,0.4,37.7,0.3,94.6,1.0,(X),(X),(X),(X),52.1,0.8,(X),(X),(X),(X),18.3,0.4,(X),(X),(X),(X),33.8,0.6,(X),(X),(X),(X),0.2,(X),(X),(X),(X),(X),0.9,(X),(X),(X),(X),(X)
5001100US2404,2404,"Congressional District 4 (111th Congress), Maryland",688350,3315,330445,2526,357905,2583,7.3,0.2,7.7,0.3,7.0,0.2,7.1,0.2,7.5,0.3,6.7,0.2,7.4,0.2,8.0,0.3,6.7,0.3,7.0,0.2,7.6,0.3,6.5,0.2,6.7,0.2,7.2,0.3,6.3,0.2,6.7,0.2,6.9,0.2,6.5,0.2,7.1,0.2,7.0,0.2,7.1,0.2,7.4,0.2,7.2,0.3,7.6,0.3,8.0,0.2,7.7,0.3,8.4,0.3,8.2,0.2,8.2,0.2,8.3,0.2,7.4,0.2,7.2,0.2,7.6,0.2,6.4,0.2,5.8,0.2,6.9,0.2,4.5,0.2,4.3,0.2,4.7,0.2,3.1,0.1,2.8,0.2,3.3,0.1,2.2,0.1,2.1,0.1,2.3,0.1,1.6,0.1,1.3,0.1,1.8,0.1,1.0,0.1,0.7,0.1,1.3,0.1,0.9,0.1,0.6,0.1,1.2,0.1,14.4,0.2,15.5,0.3,13.4,0.3,4.6,0.1,4.9,0.2,4.3,0.2,9.2,0.2,10.0,0.3,8.4,0.3,43.0,0.3,43.7,0.5,42.3,0.3,76.7,0.3,75.1,0.4,78.2,0.4,73.7,0.2,71.9,0.4,75.3,0.4,13.3,0.2,11.9,0.3,14.6,0.3,11.2,0.2,10.1,0.2,12.3,0.2,8.8,0.1,7.6,0.2,9.9,0.2,3.5,0.1,2.7,0.1,4.3,0.2,35.5,0.2,33.5,0.3,37.2,0.3,92.3,1.0,(X),(X),(X),(X),54.2,0.6,(X),(X),(X),(X),13.6,0.2,(X),(X),(X),(X),40.6,0.5,(X),(X),(X),(X),0.2,(X),(X),(X),(X),(X),1.2,(X),(X),(X),(X),(X)
5001100US2405,2405,"Congressional District 5 (111th Congress), Maryland",743693,2978,363971,1936,379722,2175,6.8,0.1,7.1,0.2,6.4,0.2,6.9,0.2,7.2,0.2,6.6,0.3,7.2,0.2,7.5,0.2,6.9,0.2,8.3,0.1,8.6,0.2,8.0,0.2,6.4,0.1,6.5,0.2,6.2,0.2,6.3,0.1,6.5,0.2,6.1,0.2,6.2,0.1,6.2,0.2,6.3,0.2,7.5,0.2,7.4,0.2,7.6,0.3,8.7,0.2,8.5,0.2,8.9,0.3,8.4,0.2,8.3,0.2,8.5,0.2,7.2,0.1,7.2,0.2,7.3,0.1,6.0,0.2,5.9,0.2,6.1,0.2,4.6,0.1,4.6,0.2,4.6,0.2,3.2,0.1,3.2,0.1,3.2,0.1,2.4,0.1,2.3,0.1,2.5,0.1,1.8,0.1,1.6,0.1,2.0,0.1,1.2,0.1,1.0,0.1,1.4,0.1,0.9,0.1,0.6,0.1,1.2,0.1,14.1,0.2,14.6,0.2,13.5,0.2,4.7,0.1,4.9,0.1,4.6,0.1,10.0,0.1,10.3,0.2,9.7,0.2,43.4,0.2,43.8,0.3,43.1,0.2,77.6,0.2,76.6,0.3,78.6,0.2,74.5,0.2,73.4,0.2,75.5,0.2,14.1,0.2,13.1,0.2,15.0,0.2,12.0,0.1,11.0,0.2,13.0,0.2,9.5,0.1,8.6,0.2,10.4,0.2,3.9,0.1,3.1,0.1,4.6,0.1,36.3,0.2,35.3,0.3,37.3,0.3,95.9,0.7,(X),(X),(X),(X),53.9,0.4,(X),(X),(X),(X),14.6,0.2,(X),(X),(X),(X),39.3,0.3,(X),(X),(X),(X),0.2,(X),(X),(X),(X),(X),1.1,(X),(X),(X),(X),(X)
5001100US2406,2406,"Congressional District 6 (111th Congress), Maryland",727577,1285,361822,1064,365755,1022,6.2,0.1,6.5,0.1,6.0,0.1,6.5,0.1,6.8,0.2,6.3,0.2,7.2,0.2,7.3,0.2,7.1,0.2,7.4,0.1,7.6,0.1,7.3,0.1,6.2,0.1,6.5,0.1,5.9,0.1,5.2,0.1,5.5,0.1,4.9,0.1,5.4,0.1,5.6,0.2,5.2,0.1,7.2,0.2,7.1,0.2,7.3,0.2,8.6,0.2,8.8,0.2,8.4,0.2,8.6,0.1,8.6,0.1,8.6,0.1,7.6,0.1,7.7,0.1,7.5,0.1,6.3,0.1,6.4,0.2,6.3,0.2,4.9,0.1,4.9,0.2,5.0,0.2,3.7,0.1,3.7,0.1,3.7,0.1,2.9,0.1,2.5,0.1,3.2,0.1,2.4,0.1,2.0,0.1,2.7,0.2,1.8,0.1,1.3,0.1,2.3,0.1,1.7,0.1,1.0,0.1,2.4,0.2,13.7,0.1,14.1,0.1,13.4,0.1,4.6,0.1,4.8,0.1,4.5,0.1,9.0,0.1,9.3,0.1,8.7,0.1,40.0,0.1,41.2,0.2,38.9,0.2,78.6,0.1,77.8,0.2,79.3,0.2,75.4,0.1,74.6,0.1,76.2,0.1,17.4,0.2,15.5,0.2,19.4,0.2,15.2,0.1,13.3,0.2,17.1,0.2,12.5,0.1,10.6,0.1,14.4,0.1,5.9,0.1,4.4,0.1,7.4,0.1,39.0,0.2,38.1,0.2,40.1,0.2,98.9,0.4,(X),(X),(X),(X),58.9,0.2,(X),(X),(X),(X),19.9,0.1,(X),(X),(X),(X),39.1,0.2,(X),(X),(X),(X),0.2,(X),(X),(X),(X),(X),0.7,(X),(X),(X),(X),(X)
5001100US2407,2407,"Congressional District 7 (111th Congress), Maryland",663709,4090,313025,2598,350684,2866,6.3,0.2,6.9,0.3,5.9,0.2,6.1,0.2,6.7,0.3,5.6,0.2,6.7,0.2,7.3,0.3,6.2,0.2,8.1,0.2,8.6,0.3,7.6,0.3,7.5,0.2,7.9,0.3,7.1,0.3,7.1,0.2,7.2,0.3,7.1,0.3,6.1,0.2,5.8,0.2,6.3,0.2,6.5,0.2,6.3,0.2,6.6,0.3,7.3,0.2,7.4,0.3,7.2,0.3,8.2,0.2,8.3,0.2,8.1,0.2,7.1,0.1,7.0,0.2,7.3,0.2,6.3,0.2,6.2,0.2,6.3,0.2,4.7,0.2,4.4,0.2,4.9,0.2,3.5,0.1,3.3,0.1,3.7,0.2,2.7,0.1,2.3,0.1,3.1,0.2,2.3,0.1,2.0,0.1,2.5,0.1,1.9,0.1,1.4,0.1,2.3,0.1,1.6,0.1,1.0,0.1,2.2,0.2,12.9,0.2,14.0,0.3,11.8,0.3,4.6,0.1,4.9,0.2,4.3,0.1,11.0,0.2,11.6,0.3,10.4,0.3,42.6,0.3,43.2,0.4,42.0,0.4,79.4,0.3,77.5,0.4,81.0,0.3,76.2,0.3,74.3,0.4,78.0,0.3,16.7,0.2,14.3,0.3,18.7,0.3,14.6,0.2,12.4,0.2,16.6,0.3,12.0,0.2,10.0,0.2,13.8,0.2,5.8,0.1,4.4,0.2,7.0,0.2,36.6,0.3,34.6,0.5,38.3,0.3,89.3,1.0,(X),(X),(X),(X),55.6,0.7,(X),(X),(X),(X),18.6,0.3,(X),(X),(X),(X),37.0,0.6,(X),(X),(X),(X),0.3,(X),(X),(X),(X),(X),1.3,(X),(X),(X),(X),(X)
5001100US2408,2408,"Congressional District 8 (111th Congress), Maryland",709455,3184,342467,2249,366988,2115,7.3,0.1,7.7,0.2,7.0,0.2,6.4,0.1,6.6,0.2,6.2,0.2,6.3,0.1,6.7,0.2,5.9,0.2,6.2,0.1,6.6,0.2,5.8,0.1,6.1,0.1,6.5,0.2,5.7,0.2,6.6,0.1,7.0,0.2,6.3,0.2,6.6,0.2,6.9,0.2,6.3,0.2,7.4,0.2,7.4,0.2,7.4,0.2,7.6,0.2,7.6,0.3,7.6,0.3,7.9,0.1,7.7,0.2,8.1,0.2,7.3,0.1,7.2,0.2,7.5,0.2,6.3,0.2,6.3,0.2,6.4,0.2,5.0,0.1,4.8,0.2,5.2,0.2,3.6,0.1,3.4,0.2,3.8,0.1,2.8,0.1,2.6,0.1,3.0,0.1,2.4,0.1,2.1,0.1,2.7,0.1,2.0,0.1,1.6,0.1,2.4,0.1,2.1,0.1,1.3,0.1,2.8,0.2,12.7,0.1,13.3,0.2,12.1,0.2,4.0,0.1,4.2,0.2,3.7,0.1,8.3,0.2,8.9,0.2,7.8,0.2,40.5,0.2,42.1,0.4,39.1,0.3,78.7,0.2,77.7,0.3,79.8,0.3,76.1,0.2,74.8,0.3,77.2,0.3,17.9,0.2,15.8,0.2,19.9,0.3,15.6,0.2,13.5,0.2,17.5,0.3,12.9,0.1,11.0,0.2,14.7,0.2,6.5,0.1,5.0,0.1,7.8,0.2,38.1,0.2,36.3,0.3,39.6,0.3,93.3,0.8,(X),(X),(X),(X),58.3,0.5,(X),(X),(X),(X),20.4,0.3,(X),(X),(X),(X),37.9,0.3,(X),(X),(X),(X),0.3,(X),(X),(X),(X),(X),1.3,(X),(X),(X),(X),(X)
5001100US2501,2501,"Congressional District 1 (111th Congress), Massachusetts",647075,266,316808,1672,330267,1730,5.5,0.1,5.7,0.2,5.2,0.2,5.9,0.2,6.2,0.2,5.6,0.2,6.3,0.2,6.7,0.3,5.9,0.2,8.1,0.2,8.5,0.2,7.8,0.2,8.1,0.2,8.5,0.2,7.7,0.3,4.9,0.2,5.3,0.3,4.5,0.2,5.1,0.2,5.1,0.2,5.0,0.2,6.6,0.2,6.5,0.3,6.7,0.2,7.5,0.2,7.6,0.3,7.5,0.2,8.4,0.2,8.4,0.2,8.4,0.2,7.8,0.1,7.8,0.2,7.8,0.2,6.8,0.2,6.8,0.3,6.8,0.2,5.2,0.1,5.3,0.2,5.1,0.2,3.7,0.1,3.6,0.2,3.9,0.2,2.9,0.1,2.6,0.2,3.1,0.2,2.7,0.1,2.4,0.1,3.0,0.2,2.3,0.1,1.8,0.1,2.8,0.2,2.2,0.1,1.3,0.1,3.1,0.2,12.1,0.2,12.8,0.3,11.5,0.2,4.2,0.1,4.5,0.2,4.0,0.2,12.0,0.2,12.5,0.3,11.5,0.3,40.3,0.2,41.6,0.4,39.2,0.3,81.1,0.2,80.1,0.3,82.0,0.3,78.2,0.2,77.0,0.3,79.3,0.3,19.1,0.2,16.9,0.3,21.1,0.3,16.8,0.2,14.5,0.2,18.9,0.2,13.9,0.2,11.7,0.2,16.0,0.2,7.3,0.1,5.5,0.2,8.9,0.2,39.7,0.2,38.2,0.3,41.0,0.3,95.9,1.0,(X),(X),(X),(X),55.5,0.5,(X),(X),(X),(X),21.6,0.3,(X),(X),(X),(X),33.9,0.4,(X),(X),(X),(X),0.2,(X),(X),(X),(X),(X),0.8,(X),(X),(X),(X),(X)
5001100US2502,2502,"Congressional District 2 (111th Congress), Massachusetts",661248,276,316331,1638,344917,1637,6.2,0.2,6.5,0.2,5.9,0.2,6.4,0.2,6.7,0.2,6.1,0.2,7.0,0.2,7.4,0.3,6.7,0.2,7.5,0.2,7.5,0.2,7.4,0.2,6.8,0.2,6.8,0.2,6.9,0.3,5.5,0.2,5.8,0.2,5.1,0.2,5.7,0.2,5.8,0.2,5.6,0.2,6.9,0.2,7.0,0.3,6.9,0.3,7.9,0.2,8.1,0.3,7.8,0.3,8.1,0.2,8.2,0.2,8.0,0.2,7.5,0.2,7.5,0.2,7.4,0.2,6.5,0.2,6.7,0.3,6.3,0.2,5.0,0.2,5.0,0.2,5.1,0.2,3.6,0.1,3.7,0.2,3.5,0.2,2.8,0.1,2.5,0.1,3.0,0.2,2.3,0.1,1.9,0.1,2.7,0.1,2.2,0.1,1.7,0.1,2.7,0.2,2.1,0.1,1.3,0.1,2.9,0.2,13.4,0.2,14.1,0.3,12.8,0.2,4.5,0.1,4.7,0.2,4.3,0.2,9.8,0.2,9.6,0.3,10.0,0.3,40.3,0.3,41.0,0.3,39.7,0.4,78.9,0.2,77.8,0.3,80.0,0.3,75.9,0.2,74.8,0.3,77.0,0.3,18.1,0.2,16.1,0.3,19.9,0.3,16.0,0.2,14.0,0.3,17.7,0.3,13.0,0.2,11.1,0.2,14.8,0.2,6.7,0.1,4.9,0.2,8.3,0.2,38.7,0.3,37.6,0.3,39.6,0.3,91.7,0.9,(X),(X),(X),(X),58.9,0.5,(X),(X),(X),(X),20.7,0.3,(X),(X),(X),(X),38.2,0.4,(X),(X),(X),(X),0.2,(X),(X),(X),(X),(X),0.8,(X),(X),(X),(X),(X)
5001100US2503,2503,"Congressional District 3 (111th Congress), Massachusetts",660009,1148,324969,2179,335040,2096,6.1,0.2,6.4,0.3,5.8,0.2,6.6,0.2,6.9,0.3,6.3,0.3,7.0,0.2,7.4,0.3,6.6,0.3,7.5,0.2,8.2,0.3,6.9,0.3,6.2,0.2,6.3,0.3,6.1,0.2,5.5,0.2,5.5,0.3,5.5,0.2,6.1,0.2,6.2,0.3,6.0,0.2,7.5,0.2,7.5,0.3,7.5,0.3,8.6,0.3,8.8,0.3,8.3,0.3,8.6,0.2,8.9,0.3,8.3,0.3,7.3,0.2,7.3,0.2,7.3,0.2,5.8,0.2,5.9,0.3,5.8,0.2,4.6,0.2,4.5,0.2,4.7,0.2,3.3,0.1,3.1,0.2,3.5,0.2,2.7,0.1,2.4,0.2,3.0,0.2,2.4,0.1,1.9,0.2,2.9,0.2,2.0,0.1,1.6,0.1,2.4,0.2,2.0,0.1,1.1,0.1,2.9,0.2,13.6,0.2,14.3,0.3,12.9,0.3,4.5,0.1,4.8,0.2,4.1,0.2,9.3,0.3,9.7,0.3,8.9,0.4,41.5,0.3,42.5,0.5,40.5,0.3,78.8,0.2,77.6,0.4,80.0,0.4,75.8,0.2,74.4,0.4,77.2,0.4,17.1,0.3,14.7,0.3,19.4,0.4,15.0,0.2,12.7,0.3,17.3,0.3,12.5,0.2,10.2,0.2,14.7,0.3,6.5,0.2,4.7,0.2,8.2,0.2,38.3,0.2,37.0,0.4,39.5,0.3,97.0,1.2,(X),(X),(X),(X),57.8,0.6,(X),(X),(X),(X),19.7,0.3,(X),(X),(X),(X),38.1,0.5,(X),(X),(X),(X),0.2,(X),(X),(X),(X),(X),0.8,(X),(X),(X),(X),(X)
5001100US2504,2504,"Congressional District 4 (111th Congress), Massachusetts",645438,1130,309991,2214,335447,2266,5.8,0.2,6.1,0.2,5.6,0.2,6.2,0.2,6.6,0.3,5.8,0.2,6.7,0.2,7.2,0.2,6.2,0.2,7.8,0.4,7.9,0.6,7.8,0.3,7.0,0.2,6.9,0.3,7.2,0.3,5.7,0.2,5.9,0.3,5.5,0.2,5.8,0.2,5.9,0.3,5.7,0.2,6.8,0.2,7.0,0.3,6.6,0.3,7.8,0.2,7.9,0.3,7.7,0.2,8.0,0.2,8.1,0.3,7.9,0.2,7.2,0.2,7.4,0.2,7.0,0.2,6.4,0.2,6.3,0.2,6.5,0.2,5.3,0.1,5.3,0.2,5.4,0.2,3.7,0.2,3.6,0.2,3.8,0.2,3.0,0.1,2.7,0.2,3.2,0.2,2.5,0.1,2.3,0.2,2.6,0.2,2.1,0.1,1.7,0.1,2.5,0.2,2.2,0.1,1.2,0.1,3.1,0.2,12.9,0.2,13.8,0.3,12.0,0.3,4.2,0.2,4.3,0.3,4.1,0.2,10.7,0.4,10.4,0.5,10.9,0.4,41.0,0.3,41.5,0.5,40.5,0.4,79.9,0.2,78.6,0.4,81.1,0.3,77.0,0.3,75.7,0.5,78.3,0.3,18.8,0.2,16.9,0.3,20.6,0.4,16.4,0.2,14.5,0.3,18.2,0.3,13.5,0.2,11.6,0.2,15.2,0.3,6.8,0.2,5.2,0.2,8.2,0.3,38.6,0.4,37.7,0.5,39.7,0.4,92.4,1.2,(X),(X),(X),(X),57.3,0.7,(X),(X),(X),(X),21.2,0.4,(X),(X),(X),(X),36.1,0.5,(X),(X),(X),(X),0.2,(X),(X),(X),(X),(X),0.7,(X),(X),(X),(X),(X)
5001100US2505,2505,"Congressional District 5 (111th Congress), Massachusetts",645691,353,316694,1893,328997,1905,6.8,0.2,6.9,0.3,6.7,0.2,6.8,0.2,6.9,0.3,6.8,0.2,7.4,0.2,7.6,0.3,7.3,0.3,7.1,0.2,7.6,0.3,6.7,0.3,5.8,0.2,6.2,0.3,5.5,0.2,5.4,0.2,5.6,0.3,5.3,0.2,5.9,0.2,6.0,0.3,5.8,0.2,7.4,0.2,7.3,0.3,7.4,0.2,8.5,0.2,8.7,0.3,8.3,0.2,8.7,0.2,9.0,0.3,8.4,0.2,7.5,0.2,7.5,0.3,7.6,0.2,6.2,0.2,6.3,0.2,6.0,0.2,4.9,0.2,4.7,0.2,5.0,0.2,3.2,0.1,3.2,0.2,3.2,0.2,2.6,0.1,2.3,0.1,2.9,0.1,2.2,0.1,1.9,0.1,2.4,0.2,1.8,0.1,1.3,0.1,2.3,0.2,1.8,0.1,1.0,0.1,2.5,0.2,14.3,0.2,14.5,0.3,14.1,0.3,4.7,0.1,4.9,0.2,4.5,0.2,8.3,0.2,8.8,0.4,7.7,0.3,40.1,0.3,41.3,0.5,39.0,0.4,77.5,0.3,77.1,0.4,77.8,0.4,74.2,0.3,73.7,0.4,74.7,0.4,16.4,0.3,14.4,0.3,18.3,0.4,14.3,0.2,12.3,0.3,16.1,0.4,11.5,0.2,9.7,0.2,13.3,0.3,5.8,0.2,4.3,0.2,7.2,0.3,38.2,0.3,37.3,0.4,39.0,0.3,96.3,1.1,(X),(X),(X),(X),59.5,0.6,(X),(X),(X),(X),18.4,0.3,(X),(X),(X),(X),41.1,0.6,(X),(X),(X),(X),0.3,(X),(X),(X),(X),(X),1.1,(X),(X),(X),(X),(X)
5001100US2506,2506,"Congressional District 6 (111th Congress), Massachusetts",647920,252,313840,1208,334080,1201,5.7,0.1,6.0,0.2,5.4,0.2,6.2,0.2,6.4,0.2,6.0,0.2,6.8,0.2,7.4,0.3,6.2,0.3,6.7,0.1,6.9,0.2,6.5,0.2,5.6,0.1,6.0,0.2,5.2,0.2,4.8,0.1,5.0,0.2,4.6,0.2,5.3,0.1,5.4,0.2,5.2,0.1,7.0,0.3,6.9,0.3,7.0,0.3,8.4,0.2,8.6,0.3,8.2,0.3,8.8,0.2,8.8,0.2,8.8,0.2,8.0,0.1,8.1,0.2,7.9,0.2,6.7,0.2,6.6,0.2,6.8,0.2,5.5,0.2,5.5,0.2,5.5,0.2,3.8,0.1,3.7,0.2,3.9,0.2,3.3,0.1,3.0,0.1,3.6,0.2,2.8,0.1,2.5,0.2,3.2,0.2,2.4,0.1,1.8,0.1,2.9,0.2,2.3,0.1,1.4,0.1,3.2,0.2,13.0,0.2,13.9,0.3,12.2,0.2,4.2,0.1,4.4,0.1,4.0,0.2,8.0,0.2,8.4,0.2,7.7,0.2,37.7,0.2,38.8,0.3,36.7,0.3,79.8,0.2,78.7,0.3,81.0,0.3,77.0,0.2,75.7,0.3,78.3,0.3,20.1,0.2,17.8,0.3,22.2,0.3,17.6,0.2,15.5,0.3,19.6,0.3,14.6,0.1,12.4,0.2,16.7,0.2,7.5,0.1,5.7,0.1,9.2,0.2,41.2,0.2,39.9,0.3,42.5,0.2,93.9,0.7,(X),(X),(X),(X),60.1,0.5,(X),(X),(X),(X),23.4,0.2,(X),(X),(X),(X),36.8,0.4,(X),(X),(X),(X),0.2,(X),(X),(X),(X),(X),0.9,(X),(X),(X),(X),(X)
5001100US2507,2507,"Congressional District 7 (111th Congress), Massachusetts",636121,495,308994,1847,327127,1809,6.1,0.2,6.6,0.2,5.7,0.2,5.7,0.1,6.0,0.2,5.5,0.2,5.3,0.1,5.7,0.2,5.0,0.2,6.3,0.3,6.6,0.4,6.0,0.3,6.1,0.2,6.5,0.3,5.7,0.3,7.1,0.2,7.2,0.3,7.0,0.3,7.4,0.2,7.6,0.3,7.2,0.3,7.6,0.2,8.0,0.3,7.2,0.2,8.0,0.2,8.3,0.4,7.7,0.3,7.8,0.2,7.8,0.2,7.9,0.3,7.2,0.2,7.2,0.3,7.1,0.2,6.1,0.2,6.0,0.2,6.3,0.2,4.7,0.2,4.4,0.2,5.0,0.2,3.7,0.2,3.5,0.2,3.9,0.2,3.2,0.1,3.0,0.2,3.5,0.2,2.9,0.1,2.4,0.2,3.5,0.2,2.3,0.1,1.7,0.1,2.8,0.2,2.4,0.1,1.6,0.2,3.1,0.2,11.1,0.2,11.8,0.3,10.5,0.3,3.4,0.1,3.6,0.2,3.1,0.2,9.0,0.3,9.5,0.4,8.6,0.4,42.3,0.3,44.1,0.5,40.7,0.4,81.7,0.2,80.4,0.4,82.9,0.3,79.4,0.2,78.0,0.4,80.7,0.3,19.3,0.3,16.6,0.3,21.9,0.4,17.3,0.2,14.7,0.3,19.7,0.3,14.6,0.2,12.2,0.3,16.8,0.3,7.6,0.2,5.7,0.2,9.4,0.3,39.0,0.3,37.4,0.3,40.4,0.3,94.5,1.1,(X),(X),(X),(X),54.2,0.6,(X),(X),(X),(X),22.5,0.4,(X),(X),(X),(X),31.8,0.4,(X),(X),(X),(X),0.2,(X),(X),(X),(X),(X),1.1,(X),(X),(X),(X),(X)
5001100US2508,2508,"Congressional District 8 (111th Congress), Massachusetts",660238,3038,322890,2572,337348,2574,5.3,0.2,5.6,0.2,5.1,0.2,4.1,0.2,4.3,0.2,3.8,0.2,4.1,0.2,4.4,0.2,3.9,0.3,8.2,0.4,8.1,0.5,8.3,0.5,11.0,0.3,11.0,0.5,11.0,0.4,15.0,0.2,15.6,0.3,14.5,0.3,10.5,0.3,11.1,0.4,10.0,0.3,6.9,0.3,7.1,0.3,6.7,0.3,6.2,0.2,6.2,0.3,6.1,0.2,5.6,0.2,5.9,0.2,5.3,0.2,5.2,0.2,5.1,0.2,5.3,0.2,4.7,0.2,4.5,0.2,4.9,0.2,3.7,0.2,3.4,0.2,3.9,0.2,2.6,0.1,2.4,0.1,2.8,0.2,2.2,0.1,2.0,0.1,2.5,0.2,1.8,0.1,1.6,0.1,2.0,0.1,1.4,0.1,1.0,0.1,1.9,0.2,1.4,0.1,0.9,0.1,1.9,0.1,8.2,0.2,8.7,0.3,7.8,0.2,2.9,0.1,3.1,0.2,2.8,0.1,16.2,0.3,16.0,0.3,16.5,0.4,57.8,0.3,59.1,0.4,56.6,0.3,85.6,0.2,84.8,0.4,86.3,0.3,83.5,0.2,82.7,0.4,84.4,0.3,13.2,0.2,11.2,0.3,15.1,0.3,11.5,0.2,9.6,0.3,13.3,0.3,9.5,0.2,7.7,0.2,11.1,0.2,4.6,0.1,3.4,0.1,5.9,0.2,30.8,0.2,30.4,0.2,31.4,0.2,95.7,1.2,(X),(X),(X),(X),35.0,0.5,(X),(X),(X),(X),12.8,0.3,(X),(X),(X),(X),22.2,0.4,(X),(X),(X),(X),0.3,(X),(X),(X),(X),(X),1.6,(X),(X),(X),(X),(X)
5001100US2509,2509,"Congressional District 9 (111th Congress), Massachusetts",653860,3104,314991,2606,338869,2232,6.4,0.2,6.8,0.3,5.9,0.2,6.1,0.2,6.4,0.3,5.8,0.2,6.4,0.2,6.9,0.3,6.0,0.3,6.6,0.2,7.0,0.4,6.3,0.2,5.7,0.2,6.0,0.3,5.4,0.3,6.7,0.2,6.8,0.3,6.6,0.3,7.0,0.2,7.1,0.3,6.8,0.3,7.4,0.3,7.4,0.3,7.3,0.3,8.3,0.3,8.5,0.3,8.1,0.3,8.0,0.2,8.1,0.3,7.9,0.2,7.4,0.2,7.5,0.3,7.2,0.2,6.0,0.2,5.8,0.2,6.1,0.2,4.8,0.2,4.7,0.3,4.9,0.2,3.5,0.1,3.2,0.2,3.7,0.2,2.8,0.1,2.6,0.2,3.0,0.2,2.6,0.1,2.1,0.1,3.0,0.2,2.2,0.1,1.7,0.1,2.7,0.2,2.3,0.2,1.4,0.1,3.1,0.2,12.5,0.2,13.3,0.3,11.8,0.2,4.1,0.1,4.4,0.2,3.8,0.2,8.2,0.3,8.6,0.4,7.9,0.3,41.6,0.4,42.7,0.5,40.5,0.4,79.7,0.2,78.4,0.3,80.9,0.3,77.1,0.2,75.5,0.3,78.5,0.3,18.2,0.3,15.8,0.3,20.5,0.4,16.0,0.3,13.5,0.3,18.3,0.4,13.4,0.2,11.0,0.2,15.6,0.3,7.1,0.2,5.2,0.2,8.8,0.3,38.6,0.3,37.0,0.4,39.9,0.3,93.0,1.1,(X),(X),(X),(X),57.1,0.7,(X),(X),(X),(X),21.0,0.4,(X),(X),(X),(X),36.0,0.5,(X),(X),(X),(X),0.2,(X),(X),(X),(X),(X),0.9,(X),(X),(X),(X),(X)
5001100US2510,2510,"Congressional District 10 (111th Congress), Massachusetts",653576,337,313667,1383,339909,1398,5.4,0.1,5.6,0.2,5.1,0.2,5.7,0.2,5.9,0.3,5.6,0.2,6.2,0.2,6.7,0.3,5.7,0.2,5.9,0.2,6.4,0.3,5.4,0.2,5.4,0.2,5.9,0.3,4.9,0.2,4.5,0.2,4.9,0.2,4.2,0.2,5.0,0.2,5.1,0.2,5.0,0.2,6.7,0.2,6.7,0.3,6.7,0.2,8.0,0.2,8.3,0.3,7.7,0.3,8.5,0.1,8.5,0.2,8.4,0.2,7.8,0.1,7.8,0.2,7.9,0.2,7.5,0.2,7.3,0.3,7.6,0.2,6.3,0.2,6.2,0.3,6.3,0.3,4.8,0.1,4.4,0.2,5.1,0.2,4.0,0.1,3.8,0.2,4.2,0.2,3.5,0.1,3.0,0.1,4.0,0.2,2.6,0.1,2.1,0.1,3.1,0.2,2.3,0.1,1.4,0.1,3.2,0.2,11.9,0.2,12.6,0.3,11.2,0.2,3.8,0.1,4.0,0.2,3.6,0.1,7.5,0.2,8.3,0.3,6.7,0.2,35.5,0.2,37.2,0.4,33.9,0.3,81.6,0.2,80.5,0.3,82.5,0.2,79.0,0.2,77.8,0.3,80.0,0.2,23.5,0.3,21.0,0.4,25.9,0.3,20.9,0.2,18.3,0.3,23.2,0.3,17.3,0.2,14.8,0.2,19.6,0.2,8.5,0.1,6.6,0.1,10.3,0.2,43.3,0.2,41.7,0.3,44.8,0.3,92.3,0.8,(X),(X),(X),(X),62.1,0.6,(X),(X),(X),(X),28.0,0.3,(X),(X),(X),(X),34.1,0.4,(X),(X),(X),(X),0.2,(X),(X),(X),(X),(X),0.9,(X),(X),(X),(X),(X)
5001100US2601,2601,"Congressional District 1 (111th Congress), Michigan",653734,477,330564,645,323170,679,4.9,0.1,5.0,0.1,4.8,0.1,5.3,0.1,5.4,0.2,5.2,0.2,6.1,0.1,6.2,0.2,6.1,0.1,6.9,0.1,7.1,0.1,6.7,0.1,6.6,0.1,7.2,0.1,5.9,0.1,4.7,0.1,5.1,0.1,4.3,0.1,4.6,0.1,4.9,0.1,4.4,0.1,5.6,0.1,5.8,0.2,5.3,0.1,7.0,0.1,7.2,0.2,6.8,0.1,7.9,0.1,7.9,0.1,8.0,0.1,8.0,0.1,8.0,0.1,8.0,0.1,7.5,0.1,7.5,0.2,7.4,0.2,6.5,0.1,6.3,0.2,6.8,0.2,5.4,0.1,5.3,0.1,5.6,0.1,4.5,0.1,4.2,0.1,4.7,0.1,3.5,0.1,3.2,0.1,3.9,0.1,2.7,0.1,2.2,0.1,3.2,0.1,2.3,0.1,1.5,0.1,3.1,0.2,11.4,0.1,11.6,0.1,11.2,0.1,4.0,0.1,4.1,0.1,4.0,0.1,9.4,0.1,10.2,0.1,8.7,0.1,35.4,0.1,37.4,0.2,33.4,0.1,82.4,0.1,82.1,0.1,82.7,0.1,79.6,0.1,79.3,0.1,80.0,0.1,24.9,0.2,22.6,0.2,27.2,0.2,22.2,0.1,20.0,0.2,24.4,0.2,18.4,0.1,16.4,0.1,20.4,0.1,8.5,0.1,6.9,0.1,10.1,0.1,43.9,0.2,42.4,0.2,45.4,0.1,102.3,0.4,(X),(X),(X),(X),63.3,0.2,(X),(X),(X),(X),30.0,0.1,(X),(X),(X),(X),33.2,0.2,(X),(X),(X),(X),0.2,(X),(X),(X),(X),(X),0.6,(X),(X),(X),(X),(X)
5001100US2602,2602,"Congressional District 2 (111th Congress), Michigan",696086,582,345970,699,350116,781,6.7,0.1,6.9,0.1,6.5,0.1,6.6,0.1,6.8,0.2,6.5,0.2,7.3,0.1,7.6,0.2,7.0,0.2,7.7,0.1,8.0,0.1,7.5,0.1,6.4,0.1,6.6,0.1,6.3,0.1,6.6,0.1,6.7,0.1,6.5,0.1,5.9,0.1,6.2,0.1,5.7,0.1,6.4,0.2,6.5,0.2,6.4,0.2,7.1,0.2,7.2,0.2,6.9,0.2,7.7,0.1,7.8,0.1,7.7,0.1,7.2,0.1,7.2,0.1,7.2,0.1,6.2,0.1,6.3,0.2,6.1,0.2,5.0,0.1,4.9,0.2,5.1,0.2,4.0,0.1,3.8,0.1,4.1,0.1,3.0,0.1,2.8,0.1,3.1,0.1,2.6,0.1,2.3,0.1,2.8,0.1,1.9,0.1,1.5,0.1,2.3,0.1,1.7,0.1,1.1,0.1,2.3,0.2,13.9,0.1,14.4,0.1,13.5,0.1,4.6,0.1,4.9,0.1,4.4,0.1,9.5,0.1,9.7,0.1,9.3,0.1,40.2,0.1,41.2,0.1,39.2,0.1,77.7,0.1,77.0,0.2,78.5,0.1,74.7,0.1,73.9,0.1,75.6,0.1,18.1,0.1,16.3,0.2,19.8,0.2,15.9,0.1,14.2,0.2,17.6,0.1,13.1,0.1,11.5,0.1,14.7,0.1,6.1,0.1,4.9,0.1,7.4,0.1,37.1,0.2,36.0,0.2,38.2,0.2,98.8,0.4,(X),(X),(X),(X),62.3,0.2,(X),(X),(X),(X),21.2,0.1,(X),(X),(X),(X),41.0,0.2,(X),(X),(X),(X),0.1,(X),(X),(X),(X),(X),0.6,(X),(X),(X),(X),(X)
5001100US2603,2603,"Congressional District 3 (111th Congress), Michigan",692922,255,345144,602,347778,617,7.4,0.1,7.7,0.1,7.0,0.1,7.2,0.2,7.3,0.2,7.1,0.2,7.1,0.2,7.3,0.2,6.9,0.2,7.2,0.1,7.5,0.1,7.0,0.1,7.0,0.1,7.2,0.1,6.8,0.1,8.0,0.1,8.2,0.1,7.8,0.1,6.7,0.1,6.8,0.1,6.6,0.1,7.0,0.2,7.0,0.2,7.0,0.2,7.1,0.2,7.4,0.2,6.9,0.2,7.7,0.1,7.8,0.1,7.6,0.1,7.0,0.1,7.0,0.1,7.0,0.1,5.6,0.1,5.6,0.2,5.6,0.2,4.2,0.1,4.1,0.1,4.4,0.2,3.0,0.1,2.9,0.1,3.2,0.1,2.3,0.1,2.1,0.1,2.6,0.1,2.1,0.1,1.8,0.1,2.5,0.1,1.7,0.1,1.2,0.1,2.1,0.1,1.5,0.1,1.0,0.1,2.1,0.2,14.3,0.1,14.6,0.1,14.0,0.1,4.5,0.1,4.6,0.1,4.4,0.1,9.7,0.1,10.1,0.1,9.4,0.1,43.1,0.1,44.2,0.1,42.0,0.1,76.9,0.1,76.3,0.1,77.5,0.1,73.9,0.1,73.1,0.1,74.6,0.1,14.9,0.1,13.1,0.2,16.8,0.2,13.0,0.1,11.3,0.1,14.8,0.1,10.7,0.1,9.0,0.1,12.4,0.1,5.3,0.1,4.0,0.1,6.6,0.1,34.5,0.2,33.5,0.2,35.6,0.2,99.2,0.3,(X),(X),(X),(X),58.3,0.2,(X),(X),(X),(X),17.0,0.1,(X),(X),(X),(X),41.4,0.2,(X),(X),(X),(X),0.2,(X),(X),(X),(X),(X),0.5,(X),(X),(X),(X),(X)
5001100US2604,2604,"Congressional District 4 (111th Congress), Michigan",676106,494,335027,785,341079,776,5.7,0.1,5.8,0.1,5.6,0.1,5.8,0.1,6.0,0.2,5.6,0.2,6.6,0.1,6.8,0.2,6.3,0.2,8.2,0.1,8.3,0.2,8.0,0.2,8.1,0.1,8.3,0.1,7.8,0.1,5.6,0.1,5.9,0.1,5.3,0.1,5.1,0.1,5.3,0.1,4.9,0.1,6.1,0.1,6.3,0.2,5.8,0.2,6.9,0.2,7.0,0.2,6.7,0.2,7.7,0.1,7.7,0.1,7.6,0.1,7.4,0.1,7.3,0.1,7.4,0.1,6.6,0.1,6.6,0.2,6.6,0.2,5.6,0.1,5.5,0.1,5.7,0.2,4.4,0.1,4.1,0.1,4.6,0.1,3.7,0.1,3.5,0.1,3.8,0.1,2.7,0.1,2.5,0.1,3.0,0.1,2.1,0.1,1.8,0.1,2.5,0.1,1.9,0.1,1.2,0.1,2.7,0.1,12.4,0.1,12.8,0.1,11.9,0.1,4.3,0.1,4.4,0.1,4.1,0.1,12.0,0.1,12.2,0.1,11.7,0.1,39.9,0.1,41.1,0.2,38.6,0.2,80.5,0.1,79.9,0.2,81.1,0.2,77.7,0.1,77.0,0.1,78.4,0.2,20.4,0.1,18.6,0.2,22.2,0.2,18.0,0.1,16.2,0.1,19.8,0.2,14.8,0.1,13.1,0.1,16.6,0.1,6.8,0.1,5.5,0.1,8.1,0.1,39.2,0.2,38.0,0.2,40.5,0.2,98.2,0.4,(X),(X),(X),(X),59.1,0.2,(X),(X),(X),(X),23.6,0.1,(X),(X),(X),(X),35.5,0.2,(X),(X),(X),(X),0.2,(X),(X),(X),(X),(X),0.6,(X),(X),(X),(X),(X)
5001100US2605,2605,"Congressional District 5 (111th Congress), Michigan",648067,581,311685,732,336382,748,6.7,0.1,7.1,0.1,6.3,0.1,6.8,0.2,7.3,0.2,6.4,0.2,7.2,0.2,7.6,0.2,6.9,0.2,7.3,0.1,7.8,0.1,6.8,0.1,5.9,0.1,6.0,0.1,5.8,0.1,6.6,0.1,6.6,0.1,6.5,0.1,6.0,0.1,6.0,0.1,6.0,0.1,6.5,0.2,6.6,0.2,6.5,0.2,7.2,0.2,7.2,0.2,7.3,0.2,7.7,0.1,7.7,0.1,7.7,0.1,7.5,0.1,7.4,0.1,7.5,0.1,6.5,0.1,6.5,0.2,6.4,0.2,4.9,0.1,4.8,0.2,5.0,0.2,3.9,0.1,3.6,0.1,4.1,0.1,3.1,0.1,3.0,0.1,3.3,0.1,2.7,0.1,2.3,0.1,3.0,0.1,2.0,0.1,1.6,0.1,2.3,0.1,1.6,0.1,0.9,0.1,2.3,0.1,14.0,0.1,14.9,0.1,13.2,0.1,4.7,0.1,5.0,0.1,4.4,0.1,8.5,0.1,8.8,0.1,8.1,0.1,39.5,0.1,40.3,0.2,38.8,0.1,77.7,0.1,76.3,0.2,79.0,0.2,74.6,0.1,73.0,0.1,76.0,0.1,18.2,0.2,16.2,0.2,20.0,0.2,16.0,0.1,14.2,0.2,17.7,0.2,13.3,0.1,11.4,0.1,15.0,0.1,6.3,0.1,4.8,0.1,7.6,0.1,37.7,0.2,36.2,0.2,39.1,0.2,92.7,0.4,(X),(X),(X),(X),63.1,0.2,(X),(X),(X),(X),21.6,0.1,(X),(X),(X),(X),41.5,0.2,(X),(X),(X),(X),0.2,(X),(X),(X),(X),(X),0.8,(X),(X),(X),(X),(X)
5001100US2606,2606,"Congressional District 6 (111th Congress), Michigan",672653,496,329773,474,342880,490,6.5,0.1,6.8,0.1,6.3,0.1,6.3,0.2,6.6,0.2,6.0,0.2,7.0,0.2,7.3,0.2,6.8,0.2,7.8,0.1,8.2,0.1,7.4,0.1,8.6,0.1,8.8,0.1,8.5,0.1,5.5,0.1,5.6,0.1,5.4,0.1,5.4,0.1,5.4,0.1,5.3,0.1,6.5,0.2,6.5,0.2,6.5,0.2,6.8,0.1,6.9,0.2,6.7,0.2,7.6,0.1,7.7,0.1,7.5,0.1,7.3,0.1,7.4,0.1,7.3,0.1,6.4,0.1,6.3,0.2,6.5,0.2,5.1,0.1,5.1,0.2,5.1,0.2,3.8,0.1,3.7,0.1,4.0,0.1,3.1,0.1,3.0,0.1,3.2,0.1,2.6,0.1,2.2,0.1,2.9,0.1,1.9,0.1,1.5,0.1,2.3,0.1,1.7,0.1,1.0,0.1,2.4,0.2,13.3,0.1,13.9,0.1,12.8,0.1,4.4,0.1,4.6,0.1,4.2,0.1,12.1,0.1,12.4,0.1,11.8,0.1,40.5,0.1,41.4,0.1,39.7,0.1,78.7,0.1,77.8,0.1,79.6,0.1,75.8,0.1,74.7,0.1,76.8,0.1,18.3,0.1,16.6,0.2,19.9,0.2,16.0,0.1,14.3,0.2,17.7,0.1,13.2,0.1,11.4,0.1,14.8,0.1,6.2,0.1,4.8,0.1,7.6,0.1,37.3,0.2,36.0,0.1,38.5,0.3,96.2,0.2,(X),(X),(X),(X),59.7,0.2,(X),(X),(X),(X),21.0,0.1,(X),(X),(X),(X),38.7,0.1,(X),(X),(X),(X),0.3,(X),(X),(X),(X),(X),0.7,(X),(X),(X),(X),(X)
5001100US2607,2607,"Congressional District 7 (111th Congress), Michigan",680117,308,339139,687,340978,703,6.1,0.1,6.2,0.1,6.1,0.1,6.3,0.2,6.4,0.2,6.1,0.2,7.1,0.2,7.3,0.2,7.0,0.2,7.2,0.1,7.4,0.2,6.9,0.1,6.3,0.1,6.6,0.1,6.0,0.1,5.8,0.1,6.1,0.1,5.6,0.1,5.7,0.1,5.9,0.1,5.5,0.1,6.9,0.2,7.1,0.2,6.7,0.2,7.4,0.2,7.6,0.3,7.2,0.2,8.2,0.1,8.3,0.1,8.0,0.1,7.7,0.1,7.8,0.1,7.6,0.1,6.8,0.1,6.8,0.2,6.8,0.2,5.3,0.1,5.2,0.2,5.4,0.2,3.9,0.1,3.8,0.1,4.1,0.1,3.1,0.1,2.9,0.1,3.3,0.1,2.5,0.1,2.1,0.1,2.9,0.1,2.0,0.1,1.6,0.1,2.4,0.1,1.8,0.1,1.0,0.1,2.5,0.1,13.4,0.1,13.7,0.1,13.1,0.1,4.5,0.1,4.7,0.1,4.4,0.1,8.9,0.1,9.3,0.2,8.5,0.2,39.3,0.1,40.7,0.2,37.8,0.1,79.0,0.1,78.6,0.2,79.4,0.2,75.9,0.1,75.4,0.1,76.4,0.1,18.6,0.2,16.6,0.2,20.5,0.2,16.3,0.1,14.3,0.2,18.3,0.2,13.2,0.1,11.3,0.1,15.2,0.1,6.2,0.1,4.7,0.1,7.8,0.1,39.0,0.2,37.9,0.3,40.2,0.3,99.5,0.4,(X),(X),(X),(X),59.5,0.2,(X),(X),(X),(X),21.1,0.1,(X),(X),(X),(X),38.4,0.2,(X),(X),(X),(X),0.2,(X),(X),(X),(X),(X),0.7,(X),(X),(X),(X),(X)
5001100US2608,2608,"Congressional District 8 (111th Congress), Michigan",699862,628,346198,924,353664,845,6.1,0.1,6.3,0.1,6.0,0.1,6.7,0.1,7.0,0.2,6.4,0.2,7.1,0.1,7.4,0.2,6.8,0.2,8.3,0.1,8.5,0.1,8.1,0.1,9.5,0.1,9.6,0.1,9.4,0.1,5.1,0.1,5.3,0.1,4.9,0.1,5.4,0.1,5.4,0.1,5.3,0.1,6.8,0.2,6.8,0.2,6.9,0.2,7.8,0.2,7.7,0.2,7.9,0.2,8.2,0.1,8.2,0.1,8.2,0.1,7.5,0.1,7.5,0.1,7.4,0.1,6.4,0.1,6.4,0.2,6.5,0.2,4.8,0.1,4.9,0.2,4.8,0.2,3.3,0.1,3.2,0.1,3.4,0.1,2.3,0.1,2.3,0.1,2.4,0.1,1.9,0.1,1.6,0.1,2.1,0.1,1.4,0.1,1.0,0.1,1.8,0.1,1.3,0.1,0.9,0.1,1.8,0.1,13.8,0.1,14.4,0.2,13.1,0.2,4.4,0.1,4.6,0.1,4.2,0.1,13.4,0.1,13.5,0.1,13.3,0.1,42.9,0.2,43.4,0.2,42.5,0.2,78.7,0.1,77.8,0.2,79.5,0.2,75.7,0.1,74.7,0.2,76.7,0.2,15.1,0.1,13.8,0.2,16.3,0.2,12.9,0.1,11.6,0.2,14.2,0.2,10.2,0.1,9.0,0.1,11.5,0.1,4.6,0.1,3.5,0.1,5.7,0.1,36.4,0.2,35.3,0.2,37.4,0.2,97.9,0.5,(X),(X),(X),(X),52.7,0.3,(X),(X),(X),(X),15.6,0.1,(X),(X),(X),(X),37.1,0.2,(X),(X),(X),(X),0.2,(X),(X),(X),(X),(X),0.9,(X),(X),(X),(X),(X)
5001100US2609,2609,"Congressional District 9 (111th Congress), Michigan",654733,770,322088,1337,332645,1348,6.0,0.2,6.3,0.2,5.8,0.2,6.4,0.2,6.7,0.3,6.2,0.2,6.5,0.2,7.0,0.2,6.1,0.2,6.7,0.1,6.9,0.2,6.5,0.2,5.6,0.1,5.7,0.2,5.5,0.2,5.9,0.1,6.0,0.2,5.8,0.2,6.3,0.1,6.4,0.2,6.1,0.1,7.2,0.2,7.2,0.2,7.2,0.2,7.7,0.2,7.9,0.2,7.5,0.2,8.4,0.2,8.5,0.2,8.2,0.2,7.9,0.1,7.8,0.2,8.1,0.2,6.9,0.2,6.8,0.2,6.9,0.2,5.1,0.2,5.1,0.2,5.2,0.2,3.8,0.1,3.7,0.1,3.8,0.1,2.9,0.1,2.7,0.1,3.1,0.1,2.6,0.1,2.2,0.1,3.0,0.1,2.1,0.1,1.8,0.1,2.5,0.1,1.9,0.1,1.3,0.1,2.6,0.2,12.9,0.2,13.6,0.3,12.2,0.2,4.3,0.1,4.4,0.1,4.2,0.1,8.0,0.2,8.2,0.2,7.8,0.2,39.4,0.2,40.2,0.3,38.7,0.3,79.6,0.2,78.6,0.3,80.6,0.3,76.7,0.2,75.7,0.3,77.8,0.3,18.5,0.2,16.8,0.2,20.1,0.3,16.2,0.2,14.5,0.2,17.9,0.3,13.3,0.2,11.7,0.2,14.9,0.2,6.7,0.1,5.3,0.1,8.1,0.2,39.6,0.2,38.5,0.3,40.6,0.3,96.8,0.8,(X),(X),(X),(X),57.8,0.6,(X),(X),(X),(X),21.1,0.3,(X),(X),(X),(X),36.7,0.4,(X),(X),(X),(X),0.2,(X),(X),(X),(X),(X),0.9,(X),(X),(X),(X),(X)
5001100US2610,2610,"Congressional District 10 (111th Congress), Michigan",716338,949,358304,1017,358034,1119,6.0,0.1,6.2,0.1,5.9,0.1,6.7,0.2,6.9,0.2,6.4,0.2,7.3,0.2,7.6,0.3,7.1,0.2,7.0,0.1,7.4,0.2,6.7,0.2,5.5,0.1,5.6,0.1,5.3,0.1,5.8,0.1,6.0,0.2,5.6,0.2,5.9,0.1,5.9,0.2,5.9,0.2,7.4,0.2,7.4,0.2,7.3,0.2,8.0,0.1,7.9,0.2,8.1,0.2,8.3,0.1,8.5,0.1,8.1,0.2,7.7,0.1,7.7,0.1,7.7,0.1,6.6,0.1,6.7,0.2,6.5,0.2,5.3,0.2,5.2,0.2,5.4,0.2,3.9,0.1,3.8,0.1,4.0,0.1,3.0,0.1,2.8,0.1,3.2,0.1,2.4,0.1,2.1,0.1,2.7,0.2,1.8,0.1,1.4,0.1,2.2,0.1,1.5,0.1,0.9,0.1,2.2,0.2,14.0,0.1,14.5,0.2,13.5,0.2,4.6,0.1,4.7,0.1,4.5,0.1,7.9,0.1,8.3,0.2,7.5,0.1,39.5,0.2,40.1,0.2,38.8,0.2,78.4,0.2,77.8,0.3,79.1,0.2,75.3,0.1,74.6,0.2,76.1,0.2,17.9,0.2,16.2,0.2,19.6,0.3,15.5,0.2,13.9,0.2,17.1,0.3,12.6,0.2,11.0,0.1,14.1,0.3,5.7,0.2,4.4,0.1,7.0,0.3,39.0,0.2,38.2,0.2,39.9,0.2,100.1,0.5,(X),(X),(X),(X),59.3,0.4,(X),(X),(X),(X),20.0,0.3,(X),(X),(X),(X),39.3,0.3,(X),(X),(X),(X),0.2,(X),(X),(X),(X),(X),0.6,(X),(X),(X),(X),(X)
5001100US2611,2611,"Congressional District 11 (111th Congress), Michigan",670338,913,331032,2048,339306,2039,6.2,0.2,6.5,0.3,5.9,0.2,6.8,0.2,7.1,0.3,6.5,0.2,7.1,0.2,7.4,0.3,6.8,0.2,6.5,0.2,6.9,0.2,6.1,0.2,5.3,0.2,5.4,0.3,5.3,0.2,6.0,0.2,6.1,0.3,6.0,0.3,6.3,0.2,6.4,0.3,6.2,0.2,7.6,0.2,7.7,0.3,7.5,0.3,8.4,0.2,8.8,0.3,8.1,0.3,8.8,0.2,9.0,0.2,8.6,0.2,8.1,0.2,8.0,0.2,8.2,0.2,6.4,0.2,6.5,0.2,6.3,0.3,4.5,0.1,4.4,0.2,4.6,0.2,3.2,0.1,3.0,0.2,3.4,0.2,2.6,0.1,2.5,0.2,2.8,0.1,2.4,0.1,2.0,0.1,2.8,0.1,1.9,0.1,1.4,0.1,2.5,0.2,1.7,0.1,0.9,0.1,2.4,0.2,13.9,0.2,14.5,0.3,13.3,0.3,4.2,0.1,4.5,0.2,4.0,0.2,7.6,0.2,7.8,0.3,7.4,0.2,40.2,0.2,41.2,0.4,39.3,0.3,78.6,0.2,77.6,0.4,79.5,0.3,75.7,0.2,74.5,0.4,76.8,0.4,16.3,0.2,14.2,0.3,18.4,0.3,14.3,0.2,12.2,0.3,16.4,0.3,11.8,0.2,9.8,0.2,13.8,0.3,6.0,0.2,4.3,0.2,7.6,0.3,38.8,0.3,37.8,0.3,39.8,0.3,97.6,1.2,(X),(X),(X),(X),56.6,0.6,(X),(X),(X),(X),18.5,0.3,(X),(X),(X),(X),38.1,0.4,(X),(X),(X),(X),0.2,(X),(X),(X),(X),(X),0.8,(X),(X),(X),(X),(X)
5001100US2612,2612,"Congressional District 12 (111th Congress), Michigan",644689,999,310098,1465,334591,1401,5.8,0.2,6.3,0.2,5.4,0.2,6.0,0.2,6.1,0.3,5.9,0.2,6.2,0.2,6.7,0.3,5.8,0.2,6.2,0.2,6.7,0.2,5.8,0.2,5.8,0.2,6.1,0.2,5.6,0.2,7.5,0.2,7.6,0.2,7.3,0.2,7.0,0.2,7.3,0.2,6.8,0.2,7.1,0.2,7.4,0.3,6.7,0.3,7.4,0.2,7.6,0.3,7.1,0.3,7.9,0.2,7.9,0.2,7.9,0.2,7.2,0.2,7.3,0.2,7.2,0.2,6.3,0.2,6.3,0.2,6.2,0.2,4.7,0.1,4.4,0.2,5.0,0.2,3.6,0.1,3.3,0.1,3.9,0.2,3.2,0.1,2.9,0.1,3.6,0.2,3.1,0.2,2.6,0.2,3.6,0.2,2.6,0.1,2.0,0.1,3.2,0.2,2.4,0.1,1.5,0.1,3.2,0.2,12.2,0.2,12.7,0.3,11.7,0.3,4.1,0.1,4.4,0.2,3.8,0.2,8.0,0.2,8.4,0.3,7.6,0.2,40.9,0.2,42.8,0.4,39.3,0.4,80.7,0.2,79.5,0.4,81.7,0.3,77.9,0.2,76.6,0.4,79.1,0.3,19.7,0.3,16.7,0.3,22.4,0.4,17.6,0.3,14.8,0.2,20.3,0.4,15.0,0.2,12.3,0.2,17.5,0.4,8.1,0.2,6.1,0.1,10.0,0.3,38.9,0.2,37.2,0.4,40.5,0.3,92.7,0.8,(X),(X),(X),(X),58.8,0.6,(X),(X),(X),(X),23.8,0.4,(X),(X),(X),(X),35.1,0.4,(X),(X),(X),(X),0.2,(X),(X),(X),(X),(X),0.8,(X),(X),(X),(X),(X)
5001100US2613,2613,"Congressional District 13 (111th Congress), Michigan",627180,4376,300498,2740,326682,3098,7.2,0.2,7.7,0.3,6.7,0.2,7.2,0.2,7.4,0.3,6.9,0.3,8.3,0.2,8.8,0.4,7.8,0.3,8.2,0.2,8.6,0.3,7.9,0.2,6.4,0.2,6.7,0.3,6.1,0.3,7.5,0.2,8.1,0.3,6.8,0.3,6.7,0.2,6.5,0.3,6.9,0.3,6.8,0.2,6.7,0.3,6.9,0.3,7.0,0.2,7.0,0.3,7.0,0.3,7.5,0.2,7.7,0.2,7.3,0.3,7.0,0.2,6.9,0.2,7.1,0.2,5.6,0.2,5.6,0.3,5.6,0.3,4.0,0.2,3.7,0.2,4.3,0.2,2.9,0.1,2.6,0.2,3.2,0.2,2.3,0.1,1.9,0.1,2.6,0.1,2.0,0.1,1.6,0.1,2.4,0.2,1.8,0.1,1.4,0.1,2.2,0.2,1.7,0.1,1.1,0.2,2.2,0.1,15.4,0.3,16.2,0.5,14.8,0.3,5.4,0.2,5.5,0.2,5.2,0.2,9.2,0.2,9.8,0.4,8.8,0.3,42.6,0.3,43.6,0.6,41.6,0.4,75.6,0.3,74.2,0.5,76.8,0.4,72.0,0.3,70.6,0.5,73.3,0.4,14.7,0.3,12.2,0.4,16.9,0.3,12.9,0.3,10.7,0.4,15.0,0.3,10.6,0.2,8.5,0.3,12.6,0.3,5.5,0.2,4.0,0.2,6.8,0.3,33.9,0.4,31.9,0.4,35.5,0.4,92.0,1.1,(X),(X),(X),(X),63.0,1.0,(X),(X),(X),(X),17.3,0.4,(X),(X),(X),(X),45.7,0.8,(X),(X),(X),(X),0.2,(X),(X),(X),(X),(X),1.4,(X),(X),(X),(X),(X)
5001100US2614,2614,"Congressional District 14 (111th Congress), Michigan",630461,4413,296542,2588,333919,3108,6.8,0.2,7.3,0.2,6.4,0.3,7.1,0.2,7.8,0.3,6.6,0.3,8.0,0.2,8.7,0.4,7.4,0.3,8.1,0.2,8.6,0.3,7.7,0.3,6.1,0.2,6.4,0.3,5.9,0.2,6.3,0.2,6.3,0.3,6.3,0.2,6.6,0.2,6.7,0.3,6.4,0.3,7.2,0.3,7.1,0.3,7.3,0.3,6.7,0.2,6.7,0.3,6.8,0.3,7.0,0.2,6.8,0.3,7.2,0.3,6.8,0.2,6.9,0.3,6.7,0.2,6.3,0.2,6.0,0.2,6.5,0.2,4.5,0.2,4.3,0.2,4.7,0.2,3.4,0.1,3.0,0.2,3.7,0.2,2.8,0.1,2.5,0.2,3.1,0.2,2.4,0.1,2.0,0.1,2.7,0.2,2.1,0.1,1.8,0.2,2.4,0.1,1.8,0.1,1.2,0.1,2.3,0.2,15.2,0.3,16.4,0.4,14.0,0.4,5.3,0.2,5.7,0.2,5.0,0.2,8.9,0.2,9.3,0.4,8.6,0.3,41.0,0.3,41.8,0.5,40.3,0.4,76.2,0.3,74.3,0.5,77.9,0.4,72.7,0.3,70.6,0.5,74.6,0.4,17.0,0.3,14.8,0.3,18.9,0.3,15.0,0.2,12.9,0.3,16.8,0.3,12.5,0.2,10.5,0.3,14.2,0.3,6.2,0.2,5.0,0.2,7.4,0.2,35.7,0.3,33.7,0.4,37.4,0.3,88.8,1.0,(X),(X),(X),(X),66.0,0.9,(X),(X),(X),(X),20.7,0.4,(X),(X),(X),(X),45.3,0.7,(X),(X),(X),(X),0.3,(X),(X),(X),(X),(X),1.2,(X),(X),(X),(X),(X)
5001100US2615,2615,"Congressional District 15 (111th Congress), Michigan",675922,1183,335568,1412,340354,1500,6.3,0.2,6.5,0.2,6.2,0.2,6.1,0.1,6.4,0.2,5.8,0.2,6.3,0.1,6.5,0.2,6.2,0.2,8.3,0.2,8.5,0.3,8.0,0.2,10.0,0.1,10.3,0.2,9.8,0.2,6.5,0.1,6.5,0.2,6.5,0.2,6.4,0.1,6.5,0.2,6.4,0.2,7.2,0.2,7.3,0.2,7.1,0.3,7.2,0.2,7.4,0.2,7.0,0.2,7.5,0.2,7.6,0.2,7.4,0.2,6.9,0.1,6.9,0.2,7.0,0.2,6.0,0.2,6.0,0.2,6.0,0.2,4.5,0.1,4.4,0.2,4.6,0.2,3.1,0.1,3.0,0.1,3.1,0.1,2.5,0.1,2.2,0.1,2.8,0.1,2.1,0.1,1.9,0.1,2.3,0.1,1.6,0.1,1.2,0.1,1.9,0.1,1.4,0.1,0.9,0.1,1.9,0.2,12.5,0.1,12.9,0.2,12.0,0.2,4.1,0.1,4.3,0.2,3.8,0.2,14.3,0.2,14.6,0.3,14.0,0.2,45.7,0.2,46.6,0.3,44.7,0.3,79.8,0.2,79.2,0.3,80.5,0.3,77.1,0.2,76.3,0.3,77.9,0.3,15.1,0.2,13.5,0.3,16.7,0.3,13.2,0.2,11.7,0.2,14.6,0.3,10.6,0.2,9.1,0.2,12.0,0.2,5.0,0.1,3.9,0.2,6.1,0.2,34.9,0.3,34.0,0.3,35.8,0.3,98.6,0.8,(X),(X),(X),(X),50.3,0.5,(X),(X),(X),(X),15.9,0.3,(X),(X),(X),(X),34.4,0.4,(X),(X),(X),(X),0.2,(X),(X),(X),(X),(X),0.6,(X),(X),(X),(X),(X)
5001100US2701,2701,"Congressional District 1 (111th Congress), Minnesota",629847,122,312358,518,317489,527,6.7,0.1,6.8,0.1,6.6,0.1,6.2,0.1,6.4,0.2,6.0,0.2,6.5,0.1,6.8,0.2,6.3,0.2,7.7,0.1,7.8,0.1,7.5,0.1,8.3,0.1,8.4,0.1,8.2,0.1,5.5,0.1,6.0,0.1,5.1,0.1,5.4,0.1,5.6,0.1,5.2,0.1,5.9,0.1,6.1,0.2,5.8,0.2,6.8,0.1,7.0,0.2,6.6,0.2,7.7,0.1,7.7,0.1,7.6,0.1,7.3,0.1,7.5,0.1,7.1,0.1,6.2,0.1,6.3,0.1,6.1,0.1,4.7,0.1,4.7,0.2,4.8,0.1,3.9,0.1,3.7,0.1,4.0,0.1,3.2,0.1,3.0,0.1,3.4,0.1,3.1,0.1,2.6,0.1,3.5,0.1,2.4,0.1,2.0,0.1,2.9,0.1,2.6,0.1,1.6,0.1,3.5,0.1,12.7,0.1,13.2,0.1,12.3,0.1,4.2,0.1,4.4,0.1,4.1,0.1,11.7,0.1,11.8,0.1,11.6,0.1,39.6,0.1,40.9,0.1,38.3,0.1,79.2,0.1,78.5,0.1,79.9,0.1,76.3,0.1,75.6,0.1,77.1,0.1,19.9,0.1,17.6,0.2,22.2,0.1,17.8,0.1,15.5,0.1,20.1,0.1,15.2,0.1,12.9,0.1,17.4,0.1,8.1,0.1,6.2,0.1,9.9,0.1,38.2,0.1,36.8,0.2,39.6,0.2,98.4,0.3,(X),(X),(X),(X),63.4,0.1,(X),(X),(X),(X),24.8,0.1,(X),(X),(X),(X),38.7,0.1,(X),(X),(X),(X),0.2,(X),(X),(X),(X),(X),0.8,(X),(X),(X),(X),(X)
5001100US2702,2702,"Congressional District 2 (111th Congress), Minnesota",714852,628,357688,835,357164,770,7.4,0.1,7.5,0.1,7.3,0.1,7.6,0.1,7.7,0.2,7.6,0.2,7.8,0.2,8.1,0.2,7.6,0.2,7.5,0.1,7.6,0.1,7.4,0.1,6.2,0.1,6.4,0.1,6.0,0.1,6.2,0.1,6.4,0.1,6.0,0.1,6.7,0.1,6.6,0.1,6.7,0.1,8.0,0.2,8.1,0.2,8.0,0.2,8.5,0.2,8.4,0.2,8.6,0.2,8.9,0.1,9.0,0.1,8.8,0.1,7.2,0.1,7.2,0.1,7.1,0.1,5.5,0.1,5.4,0.1,5.6,0.2,4.0,0.1,4.1,0.1,4.0,0.2,2.7,0.1,2.7,0.1,2.8,0.1,2.0,0.1,1.9,0.1,2.1,0.1,1.6,0.1,1.4,0.1,1.8,0.1,1.1,0.1,0.9,0.1,1.3,0.1,1.0,0.1,0.6,0.1,1.4,0.1,15.4,0.1,15.7,0.1,15.1,0.1,4.8,0.1,4.8,0.1,4.7,0.1,8.9,0.1,9.2,0.1,8.7,0.1,43.1,0.1,43.5,0.1,42.7,0.2,75.6,0.1,75.2,0.2,76.1,0.2,72.4,0.1,71.9,0.1,72.9,0.1,12.5,0.1,11.6,0.1,13.4,0.2,10.8,0.1,9.8,0.1,11.7,0.1,8.5,0.1,7.6,0.1,9.4,0.1,3.7,0.1,3.0,0.1,4.5,0.1,35.4,0.1,34.8,0.2,35.9,0.1,100.1,0.4,(X),(X),(X),(X),56.4,0.2,(X),(X),(X),(X),13.3,0.1,(X),(X),(X),(X),43.2,0.2,(X),(X),(X),(X),0.2,(X),(X),(X),(X),(X),0.6,(X),(X),(X),(X),(X)
5001100US2703,2703,"Congressional District 3 (111th Congress), Minnesota",642261,561,314818,1590,327443,1561,6.9,0.2,7.3,0.2,6.4,0.2,6.6,0.2,6.9,0.3,6.3,0.2,7.3,0.2,7.5,0.3,7.1,0.3,6.7,0.2,7.0,0.2,6.4,0.2,5.1,0.2,5.2,0.3,5.1,0.2,7.0,0.2,7.2,0.3,6.8,0.2,6.1,0.2,6.2,0.2,6.0,0.2,6.8,0.2,6.9,0.3,6.7,0.3,8.1,0.2,8.1,0.3,8.1,0.2,8.7,0.2,8.8,0.2,8.6,0.2,7.9,0.1,7.9,0.2,7.9,0.2,6.5,0.2,6.4,0.2,6.6,0.2,4.8,0.2,4.6,0.2,4.9,0.2,3.3,0.1,3.3,0.1,3.3,0.2,2.7,0.1,2.4,0.1,3.0,0.1,2.2,0.1,1.9,0.1,2.4,0.1,1.7,0.1,1.4,0.1,2.1,0.1,1.6,0.1,1.0,0.1,2.2,0.2,13.9,0.2,14.5,0.2,13.4,0.3,4.5,0.1,4.7,0.1,4.4,0.1,7.2,0.2,7.5,0.3,7.0,0.3,39.8,0.2,40.6,0.4,39.1,0.3,77.8,0.2,76.7,0.3,78.8,0.3,74.7,0.2,73.6,0.3,75.8,0.3,16.3,0.2,14.5,0.3,17.9,0.3,14.2,0.2,12.4,0.2,15.8,0.3,11.5,0.2,9.9,0.2,13.0,0.2,5.5,0.1,4.2,0.1,6.7,0.2,38.2,0.3,37.0,0.3,39.5,0.3,96.1,0.9,(X),(X),(X),(X),58.2,0.5,(X),(X),(X),(X),18.2,0.3,(X),(X),(X),(X),40.1,0.5,(X),(X),(X),(X),0.1,(X),(X),(X),(X),(X),0.7,(X),(X),(X),(X),(X)
5001100US2704,2704,"Congressional District 4 (111th Congress), Minnesota",604028,558,292583,796,311445,818,7.1,0.1,7.4,0.1,6.7,0.1,6.0,0.2,6.4,0.2,5.7,0.2,6.3,0.1,6.7,0.2,5.9,0.2,7.2,0.1,7.5,0.1,7.0,0.1,7.7,0.1,7.7,0.2,7.7,0.1,8.4,0.1,8.5,0.1,8.3,0.1,6.5,0.1,6.6,0.1,6.4,0.1,6.4,0.2,6.8,0.2,6.1,0.2,6.6,0.1,6.7,0.2,6.5,0.2,7.4,0.1,7.6,0.1,7.3,0.1,7.2,0.1,7.2,0.1,7.1,0.1,6.1,0.1,6.0,0.2,6.2,0.2,4.4,0.1,4.3,0.2,4.4,0.1,3.2,0.1,3.0,0.2,3.5,0.1,2.6,0.1,2.5,0.1,2.8,0.1,2.5,0.1,2.0,0.1,3.0,0.2,2.0,0.1,1.5,0.1,2.6,0.2,2.1,0.1,1.3,0.1,2.9,0.2,12.3,0.1,13.1,0.1,11.6,0.1,4.2,0.1,4.5,0.1,3.9,0.1,10.8,0.1,10.8,0.2,10.8,0.1,42.9,0.1,43.9,0.2,42.0,0.2,79.3,0.1,78.0,0.2,80.5,0.2,76.4,0.1,75.0,0.1,77.8,0.1,17.0,0.1,14.7,0.2,19.1,0.2,15.0,0.1,12.9,0.1,17.1,0.2,12.6,0.1,10.4,0.1,14.7,0.1,6.7,0.1,4.9,0.1,8.4,0.1,35.6,0.2,34.3,0.2,37.0,0.2,93.9,0.5,(X),(X),(X),(X),56.7,0.2,(X),(X),(X),(X),19.8,0.1,(X),(X),(X),(X),36.9,0.2,(X),(X),(X),(X),0.3,(X),(X),(X),(X),(X),1.1,(X),(X),(X),(X),(X)
5001100US2705,2705,"Congressional District 5 (111th Congress), Minnesota",606518,488,302539,1449,303979,1451,7.1,0.2,6.9,0.2,7.2,0.3,5.3,0.2,5.5,0.2,5.1,0.2,4.9,0.2,5.0,0.2,4.9,0.2,6.3,0.2,6.4,0.2,6.1,0.2,8.6,0.2,8.8,0.3,8.4,0.3,10.9,0.2,11.0,0.3,10.8,0.3,9.0,0.2,9.4,0.2,8.5,0.2,7.3,0.2,7.7,0.3,6.8,0.3,6.8,0.2,7.3,0.3,6.3,0.2,7.2,0.2,7.4,0.3,6.9,0.2,6.4,0.1,6.5,0.2,6.3,0.2,5.5,0.1,5.5,0.2,5.6,0.2,4.0,0.2,3.8,0.2,4.1,0.2,2.7,0.1,2.5,0.1,2.9,0.1,2.1,0.1,2.0,0.2,2.3,0.1,2.0,0.1,1.6,0.1,2.4,0.1,1.8,0.1,1.4,0.1,2.3,0.1,2.1,0.1,1.3,0.1,2.8,0.2,10.3,0.2,10.5,0.2,10.0,0.2,3.3,0.1,3.4,0.1,3.1,0.2,11.6,0.2,11.8,0.3,11.4,0.3,48.8,0.2,50.6,0.3,47.1,0.3,81.5,0.2,81.3,0.3,81.7,0.3,79.4,0.2,79.1,0.3,79.7,0.3,14.7,0.2,12.5,0.3,16.9,0.3,12.9,0.2,10.7,0.2,15.1,0.3,10.7,0.2,8.7,0.2,12.8,0.2,5.9,0.1,4.2,0.1,7.5,0.2,33.7,0.2,33.2,0.3,34.3,0.3,99.5,0.9,(X),(X),(X),(X),45.6,0.4,(X),(X),(X),(X),15.6,0.2,(X),(X),(X),(X),30.0,0.4,(X),(X),(X),(X),0.2,(X),(X),(X),(X),(X),0.9,(X),(X),(X),(X),(X)
5001100US2706,2706,"Congressional District 6 (111th Congress), Minnesota",730984,668,369568,955,361416,1107,7.4,0.1,7.5,0.1,7.3,0.1,7.5,0.1,7.5,0.2,7.5,0.2,7.5,0.1,7.7,0.2,7.4,0.2,7.4,0.1,7.5,0.1,7.3,0.1,7.3,0.1,7.4,0.1,7.2,0.1,6.6,0.1,6.8,0.1,6.3,0.1,6.4,0.1,6.6,0.1,6.3,0.1,7.5,0.2,7.5,0.2,7.5,0.2,8.5,0.1,8.5,0.2,8.5,0.2,8.3,0.1,8.4,0.1,8.2,0.1,7.0,0.1,7.1,0.1,7.0,0.1,5.6,0.1,5.6,0.2,5.7,0.1,4.2,0.1,4.2,0.2,4.2,0.1,2.9,0.1,2.8,0.1,2.9,0.1,2.2,0.1,2.0,0.1,2.3,0.1,1.5,0.1,1.4,0.1,1.6,0.1,1.1,0.1,0.9,0.1,1.4,0.1,1.0,0.1,0.6,0.1,1.5,0.1,15.0,0.1,15.2,0.1,14.9,0.1,4.4,0.1,4.5,0.1,4.4,0.1,10.3,0.1,10.4,0.2,10.1,0.1,43.7,0.1,44.2,0.2,43.2,0.2,76.2,0.1,75.9,0.2,76.4,0.2,73.1,0.1,72.9,0.2,73.4,0.1,12.9,0.1,12.0,0.2,13.8,0.2,11.0,0.1,10.1,0.2,11.9,0.2,8.7,0.1,7.8,0.1,9.6,0.1,3.7,0.1,2.9,0.1,4.5,0.1,34.9,0.2,34.4,0.2,35.5,0.2,102.3,0.5,(X),(X),(X),(X),55.1,0.2,(X),(X),(X),(X),13.5,0.1,(X),(X),(X),(X),41.7,0.2,(X),(X),(X),(X),0.2,(X),(X),(X),(X),(X),0.7,(X),(X),(X),(X),(X)
5001100US2707,2707,"Congressional District 7 (111th Congress), Minnesota",614709,468,306558,441,308151,521,6.4,0.1,6.5,0.1,6.2,0.1,6.1,0.1,6.2,0.2,5.9,0.2,6.7,0.1,7.0,0.2,6.4,0.2,7.5,0.1,7.6,0.1,7.4,0.1,7.2,0.1,7.2,0.1,7.1,0.1,5.1,0.1,5.7,0.1,4.6,0.1,4.9,0.1,5.1,0.1,4.6,0.1,5.5,0.1,5.6,0.2,5.5,0.1,6.6,0.1,6.9,0.2,6.3,0.1,7.8,0.1,7.9,0.1,7.6,0.1,7.6,0.1,7.8,0.1,7.3,0.1,6.4,0.1,6.6,0.2,6.3,0.1,5.3,0.1,5.2,0.2,5.3,0.1,4.4,0.1,4.2,0.1,4.7,0.1,3.6,0.1,3.4,0.1,3.8,0.1,3.3,0.1,2.8,0.1,3.7,0.1,2.7,0.1,2.2,0.1,3.2,0.1,3.0,0.1,1.9,0.1,4.0,0.2,12.8,0.1,13.3,0.1,12.3,0.1,4.5,0.1,4.6,0.1,4.3,0.1,10.2,0.1,10.2,0.1,10.2,0.1,36.8,0.1,38.1,0.1,35.5,0.1,79.4,0.1,78.7,0.1,80.0,0.1,76.4,0.1,75.6,0.1,77.1,0.1,22.3,0.1,19.8,0.2,24.7,0.1,20.0,0.1,17.6,0.2,22.4,0.1,17.0,0.1,14.6,0.1,19.4,0.1,8.9,0.1,6.9,0.1,10.9,0.1,40.5,0.2,39.1,0.2,42.0,0.2,99.5,0.3,(X),(X),(X),(X),68.4,0.2,(X),(X),(X),(X),28.6,0.1,(X),(X),(X),(X),39.8,0.1,(X),(X),(X),(X),0.2,(X),(X),(X),(X),(X),0.5,(X),(X),(X),(X),(X)
5001100US2708,2708,"Congressional District 8 (111th Congress), Minnesota",645382,344,323400,439,321982,462,5.9,0.1,6.0,0.1,5.9,0.1,5.8,0.1,6.0,0.2,5.7,0.2,6.4,0.1,6.6,0.2,6.2,0.2,7.4,0.1,7.6,0.1,7.2,0.1,7.1,0.1,7.3,0.1,6.8,0.1,5.0,0.1,5.5,0.1,4.5,0.1,4.9,0.1,5.1,0.1,4.7,0.1,5.9,0.1,6.1,0.2,5.8,0.2,6.9,0.1,7.0,0.2,6.9,0.2,8.0,0.1,8.0,0.1,8.0,0.1,7.8,0.1,8.0,0.1,7.7,0.1,6.8,0.1,7.0,0.1,6.7,0.1,5.8,0.1,5.7,0.1,6.0,0.1,4.7,0.1,4.6,0.1,4.8,0.1,3.7,0.1,3.5,0.1,4.0,0.1,3.0,0.1,2.8,0.1,3.2,0.1,2.4,0.1,1.9,0.1,2.8,0.1,2.3,0.1,1.4,0.1,3.2,0.2,12.2,0.1,12.5,0.1,11.9,0.1,4.3,0.1,4.4,0.1,4.1,0.1,10.1,0.1,10.4,0.1,9.9,0.1,37.2,0.1,38.5,0.1,35.9,0.1,80.4,0.1,80.0,0.1,80.9,0.1,77.6,0.1,77.0,0.1,78.1,0.1,22.0,0.1,19.9,0.1,24.0,0.1,19.4,0.1,17.4,0.1,21.4,0.1,16.1,0.1,14.2,0.1,18.0,0.1,7.6,0.1,6.1,0.1,9.2,0.1,41.3,0.1,39.9,0.2,42.5,0.2,100.4,0.3,(X),(X),(X),(X),62.7,0.1,(X),(X),(X),(X),26.2,0.1,(X),(X),(X),(X),36.5,0.1,(X),(X),(X),(X),0.1,(X),(X),(X),(X),(X),0.6,(X),(X),(X),(X),(X)
5001100US2801,2801,"Congressional District 1 (111th Congress), Mississippi",764550,348,370230,542,394320,537,7.2,0.1,7.7,0.1,6.7,0.1,7.2,0.2,7.8,0.2,6.6,0.2,7.1,0.2,7.3,0.2,6.9,0.2,7.7,0.1,7.9,0.2,7.4,0.2,6.9,0.1,7.3,0.2,6.6,0.2,6.7,0.1,6.8,0.1,6.5,0.1,6.3,0.1,6.3,0.1,6.2,0.1,6.4,0.2,6.4,0.2,6.4,0.2,7.3,0.2,7.2,0.2,7.3,0.2,7.1,0.1,7.2,0.1,7.0,0.1,6.5,0.1,6.5,0.1,6.6,0.1,6.0,0.1,5.8,0.2,6.1,0.2,4.8,0.1,4.9,0.2,4.8,0.2,3.9,0.1,3.7,0.1,4.0,0.1,3.2,0.1,2.9,0.1,3.4,0.1,2.5,0.1,2.0,0.1,2.9,0.1,1.9,0.1,1.4,0.1,2.3,0.1,1.5,0.1,0.8,0.1,2.2,0.1,14.3,0.1,15.1,0.1,13.5,0.1,4.5,0.1,4.6,0.1,4.3,0.1,10.1,0.1,10.6,0.1,9.7,0.1,41.2,0.1,42.0,0.1,40.4,0.1,77.1,0.1,75.6,0.2,78.5,0.1,74.1,0.1,72.6,0.1,75.5,0.1,17.7,0.1,15.6,0.2,19.7,0.2,15.7,0.1,13.5,0.2,17.7,0.1,12.9,0.1,10.7,0.1,14.9,0.1,5.9,0.1,4.1,0.1,7.5,0.1,35.8,0.1,34.2,0.2,37.3,0.2,93.9,0.3,(X),(X),(X),(X),63.4,0.1,(X),(X),(X),(X),21.0,0.1,(X),(X),(X),(X),42.3,0.1,(X),(X),(X),(X),0.2,(X),(X),(X),(X),(X),0.7,(X),(X),(X),(X),(X)
5001100US2802,2802,"Congressional District 2 (111th Congress), Mississippi",683879,1938,326816,1261,357063,1216,7.9,0.1,8.4,0.2,7.5,0.1,7.3,0.2,8.0,0.2,6.8,0.2,7.6,0.2,7.9,0.2,7.3,0.2,8.4,0.1,8.9,0.2,7.9,0.2,7.7,0.1,8.3,0.2,7.2,0.2,7.3,0.1,7.7,0.2,7.0,0.1,6.1,0.1,6.1,0.1,6.1,0.1,6.1,0.2,6.0,0.2,6.1,0.2,6.4,0.2,6.3,0.2,6.5,0.2,7.0,0.1,7.0,0.1,7.1,0.1,6.8,0.1,6.7,0.1,6.9,0.1,5.5,0.1,5.4,0.2,5.7,0.2,4.4,0.1,4.2,0.2,4.6,0.2,3.3,0.1,3.1,0.1,3.5,0.1,2.6,0.1,2.2,0.1,2.9,0.1,2.3,0.1,1.9,0.1,2.7,0.2,1.6,0.1,1.0,0.1,2.2,0.1,1.7,0.1,1.0,0.1,2.3,0.2,14.9,0.1,15.9,0.2,14.1,0.1,4.9,0.1,5.2,0.1,4.6,0.1,11.2,0.1,12.0,0.2,10.5,0.2,42.0,0.1,43.3,0.2,40.7,0.2,75.7,0.1,74.2,0.3,77.1,0.2,72.3,0.1,70.5,0.2,73.9,0.2,15.9,0.1,13.4,0.2,18.1,0.2,13.9,0.2,11.5,0.2,16.1,0.2,11.5,0.1,9.2,0.1,13.5,0.1,5.6,0.1,3.9,0.1,7.1,0.1,33.1,0.2,30.7,0.2,35.3,0.2,91.5,0.4,(X),(X),(X),(X),64.4,0.3,(X),(X),(X),(X),18.8,0.2,(X),(X),(X),(X),45.6,0.3,(X),(X),(X),(X),0.3,(X),(X),(X),(X),(X),1.1,(X),(X),(X),(X),(X)
5001100US2803,2803,"Congressional District 3 (111th Congress), Mississippi",744388,2126,360796,1465,383592,1508,7.2,0.1,7.6,0.1,6.9,0.1,7.0,0.2,7.5,0.2,6.6,0.2,7.0,0.2,7.6,0.2,6.5,0.2,7.4,0.1,7.8,0.2,7.0,0.2,7.7,0.1,8.3,0.2,7.2,0.2,6.9,0.1,7.0,0.2,6.7,0.1,6.2,0.1,6.1,0.2,6.2,0.1,6.2,0.2,6.3,0.3,6.1,0.2,6.8,0.2,6.7,0.2,6.9,0.2,7.1,0.1,7.0,0.1,7.2,0.1,6.7,0.1,6.7,0.1,6.8,0.1,6.0,0.1,6.1,0.2,6.0,0.2,4.7,0.1,4.6,0.2,4.8,0.2,3.7,0.1,3.4,0.2,4.0,0.1,3.0,0.1,2.7,0.2,3.3,0.1,2.6,0.1,2.2,0.1,3.1,0.2,2.0,0.1,1.6,0.1,2.4,0.1,1.8,0.1,1.0,0.1,2.6,0.2,14.0,0.1,15.0,0.2,13.0,0.1,4.3,0.1,4.5,0.1,4.2,0.1,10.7,0.1,11.5,0.2,10.0,0.2,41.1,0.1,42.2,0.2,40.1,0.2,77.3,0.1,75.8,0.2,78.7,0.2,74.4,0.1,72.8,0.2,75.9,0.2,17.8,0.1,15.5,0.2,20.1,0.2,15.8,0.1,13.4,0.2,18.1,0.2,13.1,0.1,10.9,0.1,15.3,0.1,6.5,0.1,4.8,0.1,8.0,0.1,35.6,0.2,33.5,0.2,37.5,0.3,94.1,0.5,(X),(X),(X),(X),63.2,0.3,(X),(X),(X),(X),21.4,0.2,(X),(X),(X),(X),41.8,0.3,(X),(X),(X),(X),0.2,(X),(X),(X),(X),(X),0.7,(X),(X),(X),(X),(X)
5001100US2804,2804,"Congressional District 4 (111th Congress), Mississippi",729423,954,359114,923,370309,870,7.2,0.1,7.6,0.1,6.9,0.1,6.7,0.2,6.9,0.3,6.5,0.3,7.2,0.2,7.5,0.3,6.8,0.2,7.5,0.1,7.9,0.1,7.1,0.1,8.1,0.1,8.5,0.1,7.8,0.1,6.8,0.1,6.9,0.1,6.8,0.1,6.0,0.1,6.0,0.1,6.0,0.1,6.3,0.2,6.3,0.3,6.3,0.2,7.0,0.2,7.0,0.3,6.9,0.2,7.3,0.1,7.4,0.1,7.3,0.1,6.6,0.1,6.6,0.1,6.7,0.1,6.0,0.1,5.9,0.2,6.1,0.2,4.9,0.1,4.8,0.2,5.0,0.2,3.9,0.1,3.6,0.1,4.1,0.1,3.1,0.1,2.8,0.1,3.3,0.2,2.3,0.1,2.1,0.1,2.4,0.1,1.8,0.1,1.4,0.1,2.2,0.2,1.3,0.1,0.8,0.1,1.9,0.2,13.8,0.1,14.5,0.1,13.2,0.1,4.5,0.1,4.6,0.1,4.3,0.1,11.2,0.1,11.7,0.1,10.6,0.1,41.7,0.1,42.5,0.2,40.9,0.2,77.5,0.1,76.5,0.2,78.4,0.2,74.5,0.1,73.4,0.1,75.6,0.1,17.2,0.1,15.6,0.2,18.9,0.2,15.2,0.1,13.5,0.2,16.8,0.2,12.3,0.1,10.8,0.1,13.9,0.1,5.4,0.1,4.3,0.1,6.5,0.1,35.4,0.2,33.9,0.2,36.8,0.2,97.0,0.4,(X),(X),(X),(X),60.9,0.2,(X),(X),(X),(X),19.8,0.1,(X),(X),(X),(X),41.0,0.1,(X),(X),(X),(X),0.3,(X),(X),(X),(X),(X),1.3,(X),(X),(X),(X),(X)
5001100US2901,2901,"Congressional District 1 (111th Congress), Missouri",597087,3035,277831,2028,319256,2417,6.7,0.1,7.4,0.2,6.0,0.2,6.4,0.2,7.0,0.3,5.8,0.2,6.9,0.2,7.3,0.3,6.6,0.3,7.9,0.2,8.4,0.3,7.5,0.2,6.9,0.2,7.2,0.3,6.6,0.2,7.4,0.2,7.5,0.2,7.3,0.2,6.4,0.1,6.3,0.2,6.4,0.2,6.2,0.2,6.2,0.3,6.2,0.3,6.8,0.2,6.8,0.3,6.9,0.3,7.5,0.2,7.6,0.2,7.4,0.2,7.2,0.2,7.2,0.3,7.2,0.2,6.0,0.2,5.7,0.2,6.3,0.3,4.5,0.2,4.4,0.2,4.6,0.2,3.4,0.1,3.0,0.2,3.8,0.2,3.1,0.1,2.9,0.2,3.3,0.2,2.6,0.1,2.2,0.1,2.9,0.2,2.2,0.1,1.7,0.1,2.7,0.2,2.0,0.2,1.3,0.2,2.5,0.3,13.3,0.2,14.3,0.3,12.4,0.2,4.9,0.2,5.2,0.3,4.6,0.2,9.9,0.2,10.5,0.3,9.5,0.3,41.6,0.2,42.4,0.4,40.9,0.3,78.3,0.3,76.4,0.4,80.0,0.3,75.2,0.3,73.1,0.4,77.0,0.3,17.8,0.3,15.4,0.3,19.8,0.4,15.7,0.2,13.5,0.2,17.7,0.4,13.2,0.2,11.0,0.2,15.2,0.4,6.8,0.2,5.2,0.2,8.1,0.3,36.2,0.3,34.0,0.4,38.2,0.4,87.0,0.9,(X),(X),(X),(X),61.5,0.8,(X),(X),(X),(X),21.4,0.4,(X),(X),(X),(X),40.1,0.6,(X),(X),(X),(X),0.1,(X),(X),(X),(X),(X),1.2,(X),(X),(X),(X),(X)
5001100US2902,2902,"Congressional District 2 (111th Congress), Missouri",684686,1902,333643,1571,351043,1503,6.4,0.1,6.6,0.2,6.2,0.1,7.0,0.1,7.1,0.2,6.8,0.2,7.5,0.2,7.8,0.2,7.1,0.2,6.9,0.2,7.4,0.2,6.5,0.2,5.8,0.1,6.0,0.2,5.6,0.1,5.7,0.1,5.9,0.2,5.5,0.2,5.8,0.1,5.8,0.1,5.9,0.1,7.0,0.1,6.9,0.2,7.0,0.2,7.7,0.2,7.9,0.3,7.5,0.2,8.7,0.1,8.6,0.2,8.7,0.2,7.6,0.1,7.6,0.2,7.6,0.2,6.4,0.1,6.4,0.2,6.5,0.2,5.1,0.1,5.0,0.2,5.2,0.2,3.6,0.1,3.6,0.2,3.6,0.2,2.8,0.1,2.7,0.1,3.0,0.1,2.5,0.1,2.1,0.1,2.8,0.1,1.9,0.1,1.5,0.1,2.3,0.2,1.6,0.1,1.1,0.1,2.2,0.2,14.5,0.1,14.9,0.2,14.0,0.2,4.5,0.1,4.8,0.2,4.3,0.1,8.2,0.1,8.6,0.2,7.8,0.2,38.9,0.2,39.8,0.3,38.1,0.2,77.6,0.2,76.7,0.3,78.4,0.2,74.6,0.2,73.7,0.3,75.5,0.2,17.6,0.2,16.0,0.3,19.0,0.2,15.4,0.2,13.9,0.2,16.7,0.2,12.4,0.1,11.0,0.2,13.8,0.2,6.0,0.1,4.7,0.1,7.3,0.2,38.6,0.2,37.7,0.3,39.5,0.2,95.0,0.7,(X),(X),(X),(X),60.8,0.4,(X),(X),(X),(X),20.0,0.2,(X),(X),(X),(X),40.8,0.3,(X),(X),(X),(X),0.2,(X),(X),(X),(X),(X),0.7,(X),(X),(X),(X),(X)
5001100US2903,2903,"Congressional District 3 (111th Congress), Missouri",648402,3245,316787,1930,331615,2194,6.6,0.1,6.7,0.2,6.4,0.2,5.9,0.2,6.0,0.3,5.8,0.2,6.5,0.2,7.1,0.3,5.9,0.2,6.4,0.2,6.9,0.2,6.0,0.2,6.4,0.2,6.7,0.3,6.2,0.2,8.0,0.1,8.1,0.2,7.9,0.2,7.1,0.2,7.2,0.2,7.1,0.2,7.1,0.2,7.4,0.3,6.8,0.3,7.5,0.2,7.5,0.3,7.4,0.2,8.1,0.1,8.4,0.2,7.8,0.2,7.4,0.1,7.4,0.2,7.4,0.2,6.1,0.2,6.1,0.2,6.2,0.2,4.5,0.1,4.4,0.2,4.6,0.2,3.3,0.1,3.1,0.2,3.5,0.2,2.6,0.1,2.4,0.1,2.9,0.2,2.4,0.1,2.0,0.1,2.8,0.2,2.0,0.1,1.4,0.1,2.6,0.1,1.9,0.1,1.1,0.1,2.7,0.2,12.4,0.2,13.1,0.3,11.7,0.2,4.0,0.1,4.3,0.2,3.7,0.1,8.9,0.2,9.3,0.3,8.5,0.3,42.6,0.2,43.8,0.3,41.4,0.3,79.7,0.2,78.6,0.3,80.7,0.3,77.0,0.2,75.8,0.3,78.2,0.3,16.8,0.2,14.4,0.3,19.1,0.3,14.8,0.2,12.3,0.3,17.2,0.3,12.3,0.2,10.0,0.2,14.5,0.3,6.3,0.2,4.5,0.2,8.1,0.3,37.1,0.2,35.8,0.3,38.4,0.3,95.5,0.8,(X),(X),(X),(X),54.4,0.6,(X),(X),(X),(X),18.9,0.4,(X),(X),(X),(X),35.5,0.4,(X),(X),(X),(X),0.2,(X),(X),(X),(X),(X),0.7,(X),(X),(X),(X),(X)
5001100US2904,2904,"Congressional District 4 (111th Congress), Missouri",656067,1430,325383,1273,330684,1357,6.6,0.1,6.8,0.1,6.4,0.1,6.5,0.1,6.6,0.2,6.3,0.2,6.8,0.1,7.2,0.2,6.5,0.2,7.6,0.1,8.1,0.1,7.2,0.3,7.3,0.1,7.7,0.2,6.9,0.1,5.9,0.1,6.2,0.2,5.7,0.1,5.5,0.1,5.6,0.1,5.4,0.1,6.1,0.2,6.2,0.2,5.9,0.2,7.0,0.2,7.0,0.2,7.0,0.2,7.4,0.1,7.4,0.1,7.3,0.1,6.9,0.1,6.8,0.1,7.0,0.1,6.2,0.1,5.9,0.2,6.5,0.2,5.6,0.1,5.5,0.2,5.6,0.2,4.5,0.1,4.4,0.2,4.6,0.1,3.4,0.1,3.2,0.2,3.6,0.1,2.8,0.1,2.5,0.1,3.1,0.1,2.1,0.1,1.7,0.1,2.4,0.1,1.9,0.1,1.1,0.1,2.6,0.2,13.3,0.1,13.7,0.2,12.8,0.1,4.4,0.1,4.6,0.1,4.3,0.1,10.5,0.2,11.2,0.2,9.8,0.3,39.4,0.2,40.8,0.2,38.0,0.3,78.6,0.1,78.1,0.2,79.2,0.2,75.7,0.1,74.9,0.2,76.5,0.2,20.3,0.2,18.6,0.2,21.9,0.2,18.0,0.2,16.1,0.2,19.8,0.2,14.7,0.1,13.0,0.1,16.4,0.1,6.8,0.1,5.4,0.1,8.1,0.1,38.1,0.3,36.6,0.2,39.8,0.3,98.4,0.7,(X),(X),(X),(X),63.9,0.3,(X),(X),(X),(X),24.1,0.2,(X),(X),(X),(X),39.8,0.2,(X),(X),(X),(X),0.2,(X),(X),(X),(X),(X),0.5,(X),(X),(X),(X),(X)
5001100US2905,2905,"Congressional District 5 (111th Congress), Missouri",652193,1030,314966,943,337227,957,7.5,0.1,7.8,0.1,7.1,0.1,6.5,0.2,6.9,0.3,6.1,0.2,6.7,0.2,6.9,0.3,6.5,0.2,6.5,0.1,6.8,0.1,6.1,0.1,6.4,0.1,6.6,0.1,6.2,0.1,8.1,0.1,8.2,0.1,7.9,0.1,6.9,0.1,7.0,0.1,6.8,0.1,6.7,0.2,7.0,0.2,6.3,0.2,7.0,0.2,7.0,0.2,7.0,0.2,7.7,0.1,7.8,0.1,7.5,0.1,7.0,0.1,7.1,0.1,6.9,0.1,5.8,0.2,5.4,0.2,6.1,0.2,4.7,0.1,4.8,0.2,4.6,0.2,3.4,0.1,3.1,0.1,3.7,0.2,3.0,0.1,2.7,0.1,3.2,0.2,2.5,0.1,2.1,0.1,2.9,0.2,2.0,0.1,1.4,0.1,2.6,0.1,1.8,0.1,1.1,0.1,2.4,0.1,13.2,0.1,13.9,0.2,12.6,0.2,4.1,0.1,4.4,0.1,3.9,0.1,8.8,0.1,9.1,0.1,8.5,0.2,41.5,0.1,42.7,0.2,40.4,0.2,78.0,0.1,76.9,0.2,78.9,0.2,75.2,0.1,73.9,0.2,76.4,0.2,17.4,0.2,15.3,0.2,19.3,0.2,15.2,0.2,13.1,0.2,17.2,0.2,12.7,0.1,10.5,0.1,14.7,0.1,6.3,0.1,4.7,0.1,7.8,0.1,36.1,0.2,34.7,0.2,37.5,0.2,93.4,0.5,(X),(X),(X),(X),59.9,0.3,(X),(X),(X),(X),20.3,0.1,(X),(X),(X),(X),39.7,0.3,(X),(X),(X),(X),0.2,(X),(X),(X),(X),(X),0.9,(X),(X),(X),(X),(X)
5001100US2906,2906,"Congressional District 6 (111th Congress), Missouri",679615,1389,335395,861,344220,1059,6.7,0.1,6.9,0.1,6.5,0.1,6.8,0.2,7.1,0.2,6.4,0.2,6.7,0.2,6.8,0.3,6.6,0.2,7.0,0.1,7.3,0.1,6.7,0.1,6.6,0.1,6.9,0.1,6.4,0.1,6.7,0.1,7.0,0.1,6.5,0.1,6.3,0.1,6.6,0.1,6.1,0.1,6.8,0.2,6.9,0.3,6.6,0.2,7.4,0.2,7.5,0.2,7.3,0.2,7.8,0.1,7.8,0.1,7.8,0.1,7.0,0.1,7.0,0.1,7.0,0.1,6.2,0.1,6.1,0.2,6.3,0.2,5.0,0.1,5.0,0.2,5.1,0.2,3.7,0.1,3.6,0.1,3.7,0.1,2.9,0.1,2.7,0.1,3.2,0.1,2.5,0.1,2.1,0.1,2.9,0.2,1.9,0.1,1.5,0.1,2.3,0.1,1.9,0.1,1.2,0.1,2.6,0.2,13.5,0.1,13.9,0.1,13.0,0.1,4.3,0.1,4.5,0.1,4.1,0.1,9.3,0.1,9.7,0.1,9.0,0.1,40.8,0.1,42.1,0.1,39.6,0.2,78.4,0.1,77.7,0.2,79.1,0.2,75.6,0.1,74.7,0.2,76.4,0.1,18.0,0.1,16.1,0.2,19.9,0.2,15.8,0.1,13.9,0.2,17.7,0.2,13.0,0.1,11.1,0.1,14.8,0.1,6.4,0.1,4.9,0.1,7.9,0.1,37.5,0.2,36.1,0.2,38.8,0.2,97.4,0.4,(X),(X),(X),(X),59.8,0.2,(X),(X),(X),(X),20.8,0.1,(X),(X),(X),(X),39.0,0.2,(X),(X),(X),(X),0.2,(X),(X),(X),(X),(X),0.6,(X),(X),(X),(X),(X)
5001100US2907,2907,"Congressional District 7 (111th Congress), Missouri",690814,949,337714,636,353100,671,6.9,0.1,7.3,0.1,6.5,0.1,6.6,0.1,6.9,0.2,6.2,0.2,6.5,0.1,6.8,0.2,6.3,0.2,7.2,0.1,7.5,0.1,7.0,0.1,8.6,0.1,8.8,0.1,8.5,0.1,6.8,0.1,6.8,0.1,6.7,0.1,5.8,0.1,5.9,0.1,5.6,0.1,6.3,0.2,6.3,0.2,6.2,0.2,6.5,0.2,6.8,0.2,6.2,0.2,7.1,0.1,7.2,0.1,7.0,0.1,6.6,0.1,6.6,0.1,6.7,0.1,6.0,0.1,6.0,0.2,5.9,0.2,5.1,0.1,4.9,0.2,5.3,0.2,4.1,0.1,3.8,0.1,4.5,0.1,3.3,0.1,3.2,0.1,3.4,0.1,2.8,0.1,2.4,0.1,3.2,0.2,2.0,0.1,1.6,0.1,2.4,0.1,1.7,0.1,1.1,0.1,2.4,0.2,13.1,0.1,13.8,0.1,12.4,0.1,4.1,0.1,4.2,0.1,3.9,0.1,11.8,0.1,12.1,0.1,11.6,0.1,41.2,0.1,42.2,0.1,40.3,0.1,78.6,0.1,77.5,0.1,79.7,0.1,76.0,0.1,74.7,0.1,77.2,0.1,19.1,0.1,17.0,0.2,21.2,0.2,17.0,0.1,14.9,0.2,18.9,0.2,14.0,0.1,12.1,0.1,15.8,0.1,6.6,0.1,5.1,0.1,8.0,0.1,36.4,0.2,34.9,0.1,37.6,0.2,95.6,0.2,(X),(X),(X),(X),61.4,0.2,(X),(X),(X),(X),22.6,0.1,(X),(X),(X),(X),38.8,0.1,(X),(X),(X),(X),0.2,(X),(X),(X),(X),(X),0.6,(X),(X),(X),(X),(X)
5001100US2908,2908,"Congressional District 8 (111th Congress), Missouri",634533,692,312524,679,322009,750,6.6,0.1,6.9,0.1,6.3,0.1,6.2,0.2,6.6,0.2,5.9,0.2,6.6,0.1,6.8,0.2,6.4,0.2,7.1,0.1,7.5,0.1,6.7,0.1,6.8,0.1,7.4,0.1,6.3,0.1,6.0,0.1,6.2,0.1,5.7,0.1,5.6,0.1,5.8,0.1,5.3,0.1,6.1,0.2,6.4,0.2,5.8,0.2,6.7,0.2,6.6,0.2,6.7,0.2,7.4,0.1,7.4,0.1,7.3,0.1,7.0,0.1,7.0,0.1,7.0,0.1,6.3,0.1,6.3,0.2,6.4,0.2,5.6,0.1,5.4,0.2,5.9,0.2,4.7,0.1,4.4,0.1,4.9,0.1,3.7,0.1,3.4,0.1,4.1,0.2,3.1,0.1,2.8,0.1,3.5,0.2,2.3,0.1,1.7,0.1,2.8,0.1,2.1,0.1,1.3,0.1,2.9,0.2,12.9,0.1,13.4,0.1,12.4,0.1,4.3,0.1,4.6,0.1,4.1,0.1,9.6,0.1,10.3,0.1,8.9,0.1,38.3,0.1,40.0,0.2,36.6,0.1,79.2,0.1,78.3,0.2,80.0,0.2,76.2,0.1,75.2,0.1,77.2,0.1,21.6,0.2,19.1,0.2,24.1,0.2,19.3,0.1,16.9,0.2,21.7,0.2,16.0,0.1,13.7,0.1,18.2,0.1,7.5,0.1,5.8,0.1,9.2,0.1,39.2,0.2,37.3,0.2,41.1,0.3,97.1,0.4,(X),(X),(X),(X),66.0,0.3,(X),(X),(X),(X),26.5,0.1,(X),(X),(X),(X),39.5,0.2,(X),(X),(X),(X),0.1,(X),(X),(X),(X),(X),0.6,(X),(X),(X),(X),(X)
5001100US2909,2909,"Congressional District 9 (111th Congress), Missouri",660985,880,325635,788,335350,870,6.4,0.1,6.6,0.1,6.3,0.1,6.2,0.1,6.7,0.2,5.8,0.2,6.7,0.2,6.9,0.2,6.5,0.2,7.8,0.1,7.8,0.1,7.7,0.1,9.2,0.1,9.3,0.1,9.0,0.1,6.1,0.1,6.2,0.1,6.0,0.1,5.6,0.1,5.8,0.1,5.4,0.1,6.3,0.2,6.3,0.2,6.3,0.2,7.0,0.2,7.2,0.2,6.8,0.2,7.6,0.1,7.8,0.1,7.4,0.1,7.0,0.1,7.1,0.1,6.9,0.1,6.0,0.1,6.1,0.2,5.9,0.2,4.9,0.1,4.8,0.2,5.0,0.2,3.9,0.1,3.8,0.1,4.0,0.1,3.0,0.1,2.8,0.1,3.2,0.1,2.4,0.1,2.2,0.1,2.7,0.1,1.9,0.1,1.6,0.1,2.3,0.1,1.9,0.1,1.2,0.1,2.6,0.2,12.9,0.1,13.5,0.1,12.3,0.1,4.3,0.1,4.4,0.1,4.1,0.1,12.7,0.1,12.7,0.1,12.6,0.1,41.9,0.1,42.6,0.2,41.3,0.1,79.2,0.1,78.4,0.2,80.1,0.2,76.4,0.1,75.4,0.2,77.3,0.1,18.1,0.2,16.4,0.2,19.9,0.2,16.1,0.1,14.4,0.2,17.8,0.2,13.2,0.1,11.5,0.1,14.8,0.1,6.3,0.1,4.9,0.1,7.6,0.1,36.7,0.2,35.7,0.2,37.7,0.2,97.1,0.4,(X),(X),(X),(X),58.3,0.2,(X),(X),(X),(X),20.9,0.1,(X),(X),(X),(X),37.4,0.2,(X),(X),(X),(X),0.2,(X),(X),(X),(X),(X),0.7,(X),(X),(X),(X),(X)
5001100US3000,3000,"Congressional District (at Large) (111th Congress), Montana",956257,*****,477596,913,478661,913,6.2,0.1,6.4,0.1,6.1,0.1,6.1,0.1,6.3,0.2,5.8,0.2,6.4,0.1,6.4,0.2,6.3,0.2,7.3,0.1,7.6,0.1,7.1,0.2,7.8,0.1,8.2,0.1,7.4,0.1,6.3,0.1,6.5,0.1,6.1,0.1,5.4,0.1,5.5,0.1,5.3,0.1,5.6,0.1,5.7,0.2,5.6,0.2,6.6,0.1,6.5,0.2,6.7,0.2,7.8,0.1,7.6,0.1,7.9,0.1,7.9,0.1,7.8,0.1,7.9,0.1,7.0,0.1,7.1,0.1,6.9,0.1,5.5,0.1,5.6,0.1,5.3,0.1,4.1,0.1,4.1,0.1,4.1,0.1,3.2,0.1,3.1,0.1,3.3,0.1,2.8,0.1,2.6,0.1,3.0,0.1,2.1,0.1,1.7,0.1,2.5,0.1,1.9,0.1,1.3,0.1,2.5,0.1,12.4,0.1,12.8,0.1,12.1,0.1,4.3,0.1,4.4,0.1,4.2,0.1,10.8,0.1,11.4,0.1,10.3,0.1,39.2,0.1,40.1,0.1,38.3,0.1,79.9,0.1,79.3,0.1,80.5,0.1,77.0,0.1,76.4,0.1,77.6,0.1,19.6,0.1,18.3,0.1,20.8,0.2,17.2,0.1,15.9,0.1,18.5,0.1,14.1,0.1,12.7,0.1,15.5,0.1,6.8,0.1,5.6,0.1,8.0,0.1,39.0,0.2,37.7,0.1,40.2,0.2,99.8,0.4,(X),(X),(X),(X),58.9,0.1,(X),(X),(X),(X),22.4,0.1,(X),(X),(X),(X),36.5,0.1,(X),(X),(X),(X),0.2,(X),(X),(X),(X),(X),1.1,(X),(X),(X),(X),(X)
5001100US3101,3101,"Congressional District 1 (111th Congress), Nebraska",601742,746,300529,564,301213,628,7.2,0.1,7.4,0.1,7.0,0.1,6.6,0.1,6.8,0.2,6.4,0.2,6.5,0.1,6.7,0.2,6.3,0.2,7.8,0.1,7.9,0.1,7.7,0.1,9.7,0.1,9.9,0.1,9.5,0.1,6.2,0.1,6.6,0.1,5.9,0.1,5.7,0.1,5.9,0.1,5.4,0.1,6.0,0.1,6.3,0.2,5.8,0.2,6.7,0.1,6.9,0.2,6.6,0.2,7.3,0.1,7.4,0.1,7.2,0.1,6.9,0.1,7.0,0.1,6.9,0.1,5.9,0.1,5.8,0.2,6.0,0.2,4.6,0.1,4.6,0.2,4.6,0.2,3.4,0.1,3.2,0.1,3.6,0.1,2.9,0.1,2.7,0.1,3.0,0.1,2.5,0.1,2.2,0.1,2.8,0.1,2.1,0.1,1.5,0.1,2.6,0.1,2.0,0.1,1.3,0.1,2.8,0.2,13.0,0.1,13.4,0.1,12.7,0.1,4.1,0.1,4.2,0.1,4.1,0.1,13.4,0.1,13.7,0.1,13.1,0.1,42.2,0.1,43.5,0.1,40.8,0.1,78.4,0.1,77.8,0.1,79.0,0.2,75.7,0.1,75.1,0.1,76.3,0.1,17.5,0.1,15.5,0.2,19.4,0.2,15.5,0.1,13.5,0.1,17.5,0.1,12.9,0.1,10.9,0.1,14.9,0.1,6.6,0.1,5.0,0.1,8.2,0.1,35.3,0.1,34.1,0.2,36.6,0.2,99.8,0.3,(X),(X),(X),(X),59.2,0.2,(X),(X),(X),(X),20.5,0.1,(X),(X),(X),(X),38.7,0.1,(X),(X),(X),(X),0.1,(X),(X),(X),(X),(X),0.6,(X),(X),(X),(X),(X)
5001100US3102,3102,"Congressional District 2 (111th Congress), Nebraska",617746,744,304608,461,313138,547,8.2,0.1,8.5,0.1,7.9,0.1,7.3,0.2,7.5,0.2,7.1,0.2,6.8,0.1,7.0,0.2,6.6,0.2,6.9,0.1,7.2,0.1,6.6,0.1,7.4,0.1,7.6,0.1,7.1,0.1,8.8,0.1,9.0,0.1,8.6,0.1,7.2,0.1,7.3,0.1,7.1,0.1,6.9,0.2,7.3,0.2,6.6,0.2,6.9,0.2,7.0,0.2,6.9,0.2,7.2,0.1,7.2,0.1,7.2,0.1,6.5,0.1,6.4,0.1,6.6,0.1,5.4,0.1,5.3,0.1,5.5,0.2,4.2,0.1,4.0,0.1,4.3,0.2,2.9,0.1,2.6,0.1,3.1,0.1,2.4,0.1,2.3,0.1,2.6,0.1,2.0,0.1,1.8,0.1,2.1,0.1,1.6,0.1,1.2,0.1,2.0,0.2,1.4,0.1,0.8,0.1,2.0,0.2,14.1,0.1,14.5,0.1,13.6,0.1,4.3,0.1,4.5,0.1,4.1,0.1,10.0,0.1,10.3,0.1,9.6,0.1,44.1,0.1,45.3,0.1,43.0,0.1,76.3,0.1,75.6,0.1,77.0,0.1,73.5,0.1,72.5,0.1,74.4,0.1,14.4,0.1,12.7,0.1,16.1,0.2,12.5,0.1,10.9,0.1,14.2,0.1,10.3,0.1,8.7,0.1,11.8,0.1,5.0,0.1,3.7,0.1,6.2,0.1,33.2,0.1,32.1,0.2,34.3,0.1,97.3,0.2,(X),(X),(X),(X),58.2,0.1,(X),(X),(X),(X),16.2,0.1,(X),(X),(X),(X),42.0,0.1,(X),(X),(X),(X),0.2,(X),(X),(X),(X),(X),0.9,(X),(X),(X),(X),(X)
5001100US3103,3103,"Congressional District 3 (111th Congress), Nebraska",552636,272,272426,539,280210,549,6.7,0.1,6.9,0.1,6.4,0.1,6.4,0.1,6.6,0.2,6.2,0.2,7.0,0.1,7.2,0.2,6.7,0.2,7.4,0.1,7.8,0.2,7.0,0.2,6.7,0.1,7.0,0.1,6.4,0.1,4.8,0.1,5.0,0.1,4.6,0.1,5.0,0.1,5.2,0.1,4.8,0.1,5.7,0.1,5.9,0.2,5.6,0.2,6.3,0.1,6.4,0.2,6.2,0.2,7.6,0.1,7.7,0.1,7.5,0.1,7.5,0.1,7.7,0.1,7.4,0.1,6.6,0.1,6.7,0.2,6.6,0.2,5.1,0.1,5.2,0.2,5.1,0.2,4.2,0.1,4.1,0.1,4.2,0.1,3.8,0.1,3.4,0.1,4.2,0.1,3.4,0.1,3.0,0.1,3.8,0.1,3.0,0.1,2.4,0.1,3.5,0.1,2.9,0.1,1.8,0.1,4.0,0.2,13.3,0.1,13.8,0.1,12.9,0.1,4.6,0.1,4.8,0.1,4.4,0.1,9.6,0.1,10.1,0.1,9.1,0.1,35.9,0.1,37.3,0.1,34.6,0.2,78.6,0.1,77.8,0.2,79.3,0.1,75.4,0.1,74.6,0.1,76.3,0.1,22.4,0.1,19.9,0.2,24.7,0.2,20.2,0.1,17.6,0.1,22.7,0.2,17.2,0.1,14.7,0.1,19.7,0.1,9.3,0.1,7.2,0.1,11.3,0.1,40.3,0.1,38.7,0.2,41.9,0.2,97.2,0.4,(X),(X),(X),(X),71.8,0.3,(X),(X),(X),(X),29.6,0.1,(X),(X),(X),(X),42.2,0.2,(X),(X),(X),(X),0.2,(X),(X),(X),(X),(X),0.5,(X),(X),(X),(X),(X)
5001100US3201,3201,"Congressional District 1 (111th Congress), Nevada",793116,3768,407017,2817,386099,2655,8.7,0.2,8.5,0.2,9.0,0.2,8.0,0.2,8.2,0.3,7.8,0.3,7.4,0.2,7.6,0.3,7.2,0.3,6.4,0.2,6.5,0.2,6.4,0.2,6.7,0.2,6.9,0.3,6.5,0.2,8.3,0.2,8.6,0.2,7.9,0.2,7.9,0.2,7.9,0.3,7.9,0.2,7.9,0.2,8.1,0.3,7.6,0.3,7.4,0.2,7.7,0.3,7.0,0.2,6.6,0.2,6.8,0.2,6.4,0.2,5.8,0.2,5.8,0.2,5.9,0.2,5.0,0.2,4.9,0.2,5.1,0.2,4.4,0.2,4.1,0.2,4.6,0.2,3.1,0.1,2.8,0.1,3.5,0.2,2.2,0.1,2.1,0.1,2.4,0.1,1.9,0.1,1.8,0.1,2.0,0.1,1.2,0.1,1.1,0.1,1.4,0.1,0.9,0.1,0.5,0.1,1.3,0.1,15.4,0.2,15.7,0.3,15.1,0.3,4.2,0.1,4.2,0.2,4.2,0.2,9.0,0.2,9.3,0.3,8.6,0.3,44.6,0.3,45.8,0.4,43.3,0.3,74.5,0.3,74.4,0.4,74.6,0.4,71.7,0.3,71.6,0.4,71.7,0.4,13.8,0.2,12.4,0.3,15.2,0.3,11.8,0.2,10.6,0.2,13.1,0.3,9.4,0.1,8.3,0.2,10.6,0.2,4.0,0.1,3.4,0.1,4.7,0.2,32.7,0.2,32.3,0.2,33.2,0.3,105.4,1.1,(X),(X),(X),(X),60.6,0.8,(X),(X),(X),(X),15.1,0.3,(X),(X),(X),(X),45.5,0.7,(X),(X),(X),(X),0.2,(X),(X),(X),(X),(X),1.3,(X),(X),(X),(X),(X)
5001100US3202,3202,"Congressional District 2 (111th Congress), Nevada",803826,2825,411035,1718,392791,1827,7.1,0.1,7.1,0.2,7.0,0.1,6.7,0.2,6.6,0.3,6.7,0.2,6.8,0.2,6.9,0.3,6.7,0.2,6.8,0.1,7.0,0.2,6.6,0.2,6.4,0.1,6.7,0.2,6.2,0.1,6.7,0.1,6.8,0.2,6.6,0.1,6.2,0.1,6.4,0.2,5.9,0.1,6.7,0.2,7.0,0.3,6.3,0.2,6.7,0.2,6.8,0.2,6.7,0.2,7.4,0.1,7.4,0.1,7.4,0.1,7.1,0.1,7.1,0.1,7.2,0.1,6.6,0.1,6.3,0.2,6.8,0.2,5.8,0.2,5.8,0.2,5.8,0.2,4.3,0.1,4.1,0.1,4.4,0.2,3.2,0.1,3.2,0.1,3.2,0.1,2.4,0.1,2.4,0.1,2.5,0.1,1.8,0.1,1.5,0.1,2.1,0.1,1.3,0.1,1.0,0.1,1.7,0.1,13.5,0.1,13.5,0.2,13.4,0.2,4.2,0.1,4.3,0.1,4.2,0.1,9.0,0.1,9.3,0.2,8.6,0.1,39.5,0.1,40.6,0.2,38.3,0.1,78.0,0.1,77.9,0.2,78.1,0.2,75.2,0.1,75.1,0.2,75.4,0.2,18.9,0.2,18.0,0.2,19.8,0.3,16.3,0.2,15.5,0.2,17.1,0.2,13.1,0.1,12.2,0.1,14.0,0.1,5.6,0.1,4.9,0.1,6.4,0.1,37.5,0.2,36.7,0.2,38.4,0.3,104.6,0.6,(X),(X),(X),(X),61.0,0.4,(X),(X),(X),(X),21.1,0.2,(X),(X),(X),(X),39.9,0.3,(X),(X),(X),(X),0.2,(X),(X),(X),(X),(X),1.0,(X),(X),(X),(X),(X)
5001100US3203,3203,"Congressional District 3 (111th Congress), Nevada",948821,4485,477838,3090,470983,2951,7.3,0.1,7.6,0.2,7.0,0.2,6.6,0.2,6.5,0.2,6.7,0.3,6.8,0.2,6.9,0.2,6.7,0.3,6.2,0.2,6.5,0.2,6.0,0.2,6.2,0.1,6.1,0.2,6.2,0.2,8.0,0.2,8.1,0.2,7.9,0.2,7.5,0.1,7.8,0.2,7.1,0.2,7.6,0.2,7.8,0.2,7.3,0.2,7.6,0.2,7.8,0.2,7.5,0.3,7.3,0.1,7.3,0.2,7.3,0.1,6.6,0.1,6.4,0.2,6.7,0.2,6.0,0.2,5.7,0.2,6.3,0.2,5.1,0.1,5.0,0.2,5.3,0.2,3.8,0.1,3.8,0.1,3.9,0.1,2.7,0.1,2.6,0.1,2.8,0.1,2.2,0.1,2.1,0.1,2.4,0.1,1.4,0.1,1.3,0.1,1.6,0.1,1.0,0.1,0.8,0.1,1.3,0.1,13.4,0.2,13.4,0.3,13.4,0.3,4.0,0.1,4.2,0.2,3.8,0.2,8.4,0.2,8.4,0.2,8.4,0.2,43.1,0.2,44.0,0.4,42.1,0.3,77.9,0.2,77.6,0.3,78.2,0.3,75.3,0.2,74.8,0.3,75.8,0.3,16.3,0.2,15.5,0.2,17.2,0.3,14.1,0.2,13.3,0.2,15.0,0.3,11.2,0.1,10.5,0.2,12.0,0.2,4.7,0.1,4.1,0.1,5.3,0.1,35.9,0.2,35.3,0.2,36.5,0.4,101.5,0.9,(X),(X),(X),(X),56.1,0.6,(X),(X),(X),(X),17.5,0.2,(X),(X),(X),(X),38.6,0.5,(X),(X),(X),(X),0.2,(X),(X),(X),(X),(X),1.2,(X),(X),(X),(X),(X)
5001100US3301,3301,"Congressional District 1 (111th Congress), New Hampshire",659526,76,324250,1076,335276,1074,5.8,0.1,6.1,0.2,5.5,0.2,5.9,0.2,6.0,0.2,5.8,0.2,6.7,0.1,7.2,0.2,6.3,0.2,7.3,0.1,7.4,0.2,7.2,0.1,7.2,0.1,7.3,0.2,7.1,0.2,5.6,0.1,5.8,0.2,5.4,0.1,5.6,0.1,5.7,0.1,5.6,0.2,7.2,0.2,7.2,0.3,7.1,0.3,8.2,0.2,8.2,0.3,8.2,0.2,8.8,0.1,8.9,0.2,8.6,0.1,7.7,0.1,7.7,0.2,7.6,0.2,6.6,0.2,6.6,0.2,6.6,0.2,5.2,0.2,5.3,0.2,5.1,0.2,3.7,0.1,3.6,0.1,3.8,0.2,2.7,0.1,2.6,0.1,2.9,0.1,2.3,0.1,2.0,0.1,2.5,0.1,1.9,0.1,1.4,0.1,2.5,0.2,1.7,0.1,1.0,0.1,2.3,0.2,12.6,0.1,13.2,0.2,12.1,0.2,4.2,0.1,4.3,0.1,4.2,0.1,10.2,0.2,10.3,0.2,10.1,0.2,41.0,0.2,41.5,0.2,40.5,0.2,80.2,0.2,79.3,0.2,81.0,0.2,77.3,0.2,76.4,0.2,78.2,0.2,17.5,0.2,16.0,0.3,19.0,0.2,15.1,0.2,13.5,0.2,16.7,0.2,12.3,0.1,10.7,0.2,13.9,0.2,5.9,0.1,4.5,0.1,7.2,0.2,39.1,0.2,38.3,0.3,40.0,0.3,96.7,0.6,(X),(X),(X),(X),53.9,0.4,(X),(X),(X),(X),18.9,0.2,(X),(X),(X),(X),34.9,0.3,(X),(X),(X),(X),0.2,(X),(X),(X),(X),(X),0.8,(X),(X),(X),(X),(X)
5001100US3302,3302,"Congressional District 2 (111th Congress), New Hampshire",655893,76,324635,1080,331258,1078,5.7,0.1,5.8,0.2,5.6,0.2,5.9,0.2,6.1,0.2,5.8,0.2,6.6,0.1,7.0,0.2,6.2,0.2,7.5,0.1,7.8,0.2,7.2,0.2,6.1,0.1,6.5,0.2,5.7,0.2,5.6,0.1,5.7,0.2,5.6,0.1,5.7,0.1,5.8,0.1,5.7,0.2,6.7,0.2,6.7,0.3,6.7,0.2,7.9,0.2,8.0,0.2,7.9,0.3,8.6,0.1,8.7,0.2,8.6,0.1,8.0,0.1,8.1,0.2,7.8,0.2,6.7,0.1,6.9,0.2,6.6,0.2,5.4,0.2,5.2,0.2,5.6,0.2,3.9,0.1,3.9,0.1,4.0,0.2,3.0,0.1,2.8,0.1,3.2,0.2,2.5,0.1,2.2,0.1,2.8,0.2,2.0,0.1,1.6,0.1,2.4,0.2,1.9,0.1,1.2,0.1,2.6,0.2,12.5,0.1,13.1,0.2,12.0,0.2,4.4,0.1,4.6,0.1,4.2,0.1,9.2,0.2,9.6,0.2,8.8,0.2,39.6,0.2,40.5,0.2,38.8,0.2,80.3,0.2,79.6,0.2,81.1,0.2,77.4,0.2,76.5,0.2,78.2,0.2,18.8,0.2,16.9,0.3,20.6,0.2,16.5,0.2,14.6,0.2,18.3,0.2,13.4,0.1,11.7,0.2,15.0,0.2,6.4,0.1,5.0,0.1,7.8,0.1,40.0,0.3,39.0,0.3,41.0,0.3,98.0,0.6,(X),(X),(X),(X),56.3,0.4,(X),(X),(X),(X),20.9,0.2,(X),(X),(X),(X),35.4,0.3,(X),(X),(X),(X),0.2,(X),(X),(X),(X),(X),0.7,(X),(X),(X),(X),(X)
5001100US3401,3401,"Congressional District 1 (111th Congress), New Jersey",671495,473,325905,1010,345590,955,6.4,0.1,6.8,0.1,6.1,0.1,6.5,0.2,6.9,0.3,6.1,0.2,6.9,0.2,7.3,0.2,6.6,0.2,7.3,0.1,7.8,0.1,6.9,0.1,6.7,0.1,7.0,0.2,6.4,0.1,7.1,0.1,7.2,0.2,7.0,0.1,6.6,0.1,6.9,0.1,6.3,0.1,7.1,0.2,7.2,0.3,7.0,0.2,7.5,0.2,7.4,0.3,7.7,0.2,8.0,0.1,8.1,0.2,8.0,0.1,7.1,0.1,7.0,0.1,7.1,0.1,6.0,0.1,5.9,0.2,6.2,0.2,4.7,0.1,4.5,0.2,4.9,0.2,3.5,0.1,3.3,0.1,3.7,0.1,2.6,0.1,2.4,0.1,2.9,0.2,2.3,0.1,1.8,0.1,2.6,0.2,2.1,0.1,1.6,0.1,2.5,0.2,1.6,0.1,1.0,0.1,2.1,0.1,13.4,0.1,14.2,0.2,12.7,0.1,4.6,0.1,4.8,0.1,4.3,0.1,9.4,0.1,10.0,0.2,8.9,0.1,42.3,0.1,43.4,0.2,41.3,0.2,78.6,0.1,77.4,0.2,79.7,0.2,75.6,0.1,74.2,0.2,76.9,0.2,16.7,0.2,14.6,0.2,18.7,0.2,14.6,0.2,12.6,0.2,16.5,0.2,12.0,0.1,10.1,0.1,13.8,0.2,5.9,0.1,4.4,0.1,7.2,0.1,36.7,0.2,35.1,0.2,38.3,0.2,94.3,0.5,(X),(X),(X),(X),57.3,0.4,(X),(X),(X),(X),18.9,0.2,(X),(X),(X),(X),38.4,0.3,(X),(X),(X),(X),0.2,(X),(X),(X),(X),(X),1.0,(X),(X),(X),(X),(X)
5001100US3402,3402,"Congressional District 2 (111th Congress), New Jersey",684412,1754,338280,2054,346132,746,6.4,0.1,6.7,0.1,6.2,0.1,6.3,0.2,6.5,0.2,6.1,0.2,6.8,0.2,6.9,0.2,6.6,0.3,7.0,0.1,7.2,0.1,6.7,0.2,5.9,0.1,6.4,0.2,5.4,0.2,6.2,0.1,6.6,0.2,5.8,0.1,6.0,0.1,6.4,0.1,5.6,0.1,6.8,0.2,7.0,0.2,6.6,0.2,7.7,0.2,7.9,0.2,7.5,0.3,8.1,0.1,8.2,0.1,8.0,0.1,7.3,0.1,7.3,0.1,7.3,0.1,6.3,0.1,6.1,0.2,6.4,0.2,5.4,0.1,5.2,0.2,5.6,0.2,4.2,0.1,3.7,0.1,4.6,0.1,3.2,0.1,3.0,0.1,3.5,0.1,2.8,0.1,2.4,0.1,3.2,0.1,2.0,0.1,1.5,0.1,2.5,0.1,1.8,0.1,1.1,0.1,2.4,0.2,13.1,0.1,13.4,0.1,12.7,0.1,4.3,0.1,4.4,0.1,4.2,0.1,8.5,0.1,9.1,0.2,8.0,0.1,39.5,0.2,41.5,0.3,37.7,0.2,79.1,0.1,78.5,0.2,79.7,0.2,76.2,0.1,75.5,0.2,76.9,0.1,19.3,0.2,16.9,0.2,21.7,0.2,17.0,0.2,14.5,0.2,19.4,0.2,13.9,0.1,11.6,0.1,16.2,0.1,6.5,0.1,4.9,0.1,8.1,0.1,39.2,0.2,37.6,0.2,40.6,0.3,97.7,0.7,(X),(X),(X),(X),60.6,0.3,(X),(X),(X),(X),22.4,0.2,(X),(X),(X),(X),38.2,0.2,(X),(X),(X),(X),0.2,(X),(X),(X),(X),(X),1.1,(X),(X),(X),(X),(X)
5001100US3403,3403,"Congressional District 3 (111th Congress), New Jersey",690257,1415,336421,2152,353836,1461,5.7,0.1,5.9,0.2,5.5,0.2,6.1,0.1,6.3,0.2,5.8,0.2,6.7,0.1,7.3,0.2,6.1,0.2,6.3,0.1,6.7,0.2,6.0,0.2,5.3,0.1,5.5,0.2,5.0,0.2,5.3,0.1,5.5,0.2,5.0,0.1,5.3,0.1,5.4,0.2,5.1,0.1,6.8,0.2,7.1,0.2,6.6,0.2,7.5,0.2,7.6,0.2,7.4,0.3,8.1,0.1,8.3,0.2,7.9,0.2,7.4,0.1,7.5,0.2,7.4,0.2,6.5,0.1,6.4,0.2,6.6,0.2,5.9,0.2,5.8,0.2,6.0,0.2,4.6,0.1,4.2,0.2,5.0,0.2,4.0,0.1,3.7,0.2,4.3,0.2,3.5,0.1,3.1,0.1,3.9,0.2,2.7,0.1,2.2,0.1,3.2,0.2,2.3,0.1,1.4,0.1,3.2,0.2,12.7,0.1,13.6,0.2,11.9,0.2,4.1,0.1,4.3,0.1,4.0,0.1,7.5,0.2,7.9,0.2,7.1,0.2,36.4,0.2,37.8,0.3,35.1,0.2,80.2,0.2,79.1,0.3,81.2,0.2,77.4,0.2,76.1,0.3,78.7,0.2,23.1,0.2,20.5,0.3,25.6,0.2,20.6,0.2,17.9,0.3,23.1,0.2,17.2,0.2,14.7,0.2,19.6,0.2,8.6,0.1,6.7,0.1,10.3,0.2,41.8,0.2,40.1,0.3,43.4,0.3,95.1,0.9,(X),(X),(X),(X),66.1,0.6,(X),(X),(X),(X),28.6,0.3,(X),(X),(X),(X),37.5,0.4,(X),(X),(X),(X),0.2,(X),(X),(X),(X),(X),0.8,(X),(X),(X),(X),(X)
5001100US3404,3404,"Congressional District 4 (111th Congress), New Jersey",700395,1471,341425,1802,358970,1721,7.0,0.1,7.3,0.2,6.7,0.2,6.7,0.2,6.9,0.3,6.6,0.2,6.9,0.2,7.5,0.3,6.4,0.3,6.7,0.1,7.3,0.2,6.1,0.2,6.0,0.2,6.4,0.3,5.5,0.2,5.6,0.2,6.0,0.3,5.1,0.2,5.6,0.2,5.8,0.2,5.5,0.2,6.8,0.2,6.7,0.3,6.9,0.3,7.6,0.2,8.0,0.3,7.2,0.3,7.8,0.2,8.0,0.3,7.6,0.2,6.8,0.2,6.8,0.2,6.9,0.2,6.0,0.2,5.9,0.2,6.0,0.2,5.1,0.1,4.9,0.2,5.2,0.2,4.0,0.1,3.7,0.2,4.3,0.2,3.6,0.1,3.1,0.2,4.0,0.1,3.0,0.1,2.5,0.1,3.5,0.2,2.4,0.1,1.8,0.1,3.0,0.2,2.4,0.1,1.5,0.1,3.2,0.2,13.7,0.2,14.3,0.3,13.1,0.2,4.2,0.1,4.6,0.2,3.8,0.1,8.4,0.2,9.2,0.3,7.7,0.3,38.2,0.3,40.2,0.4,36.4,0.3,77.9,0.2,76.9,0.4,78.9,0.3,75.1,0.2,73.8,0.4,76.4,0.3,20.5,0.2,17.5,0.3,23.3,0.3,18.4,0.2,15.5,0.2,21.1,0.3,15.4,0.2,12.6,0.2,18.1,0.2,7.9,0.1,5.8,0.1,9.8,0.2,39.1,0.3,37.3,0.3,40.8,0.3,95.1,0.9,(X),(X),(X),(X),67.5,0.7,(X),(X),(X),(X),25.8,0.3,(X),(X),(X),(X),41.7,0.5,(X),(X),(X),(X),0.2,(X),(X),(X),(X),(X),1.2,(X),(X),(X),(X),(X)
5001100US3405,3405,"Congressional District 5 (111th Congress), New Jersey",666936,821,327995,1608,338941,1672,5.7,0.1,6.0,0.2,5.3,0.2,7.3,0.2,7.6,0.3,7.0,0.3,7.6,0.2,7.8,0.3,7.3,0.3,6.9,0.1,7.3,0.2,6.5,0.2,4.9,0.1,5.1,0.2,4.7,0.2,3.9,0.1,4.1,0.2,3.7,0.2,4.7,0.1,4.5,0.2,4.8,0.2,7.0,0.2,7.0,0.3,7.0,0.2,8.9,0.2,8.8,0.3,8.9,0.2,9.4,0.1,9.5,0.2,9.2,0.2,8.2,0.1,8.5,0.2,7.9,0.2,6.5,0.2,6.5,0.2,6.4,0.2,5.4,0.2,5.3,0.2,5.5,0.2,3.9,0.1,3.7,0.2,4.1,0.2,3.0,0.1,2.9,0.2,3.2,0.2,2.7,0.1,2.3,0.1,3.1,0.2,2.0,0.1,1.7,0.1,2.4,0.2,2.1,0.1,1.3,0.1,2.9,0.2,14.8,0.2,15.4,0.2,14.3,0.2,4.5,0.1,4.7,0.2,4.4,0.1,7.2,0.2,7.7,0.2,6.8,0.2,36.3,0.3,36.9,0.4,35.7,0.3,78.0,0.2,77.0,0.3,78.9,0.3,75.0,0.2,73.9,0.3,76.0,0.3,19.2,0.3,17.2,0.3,21.1,0.4,16.8,0.2,14.9,0.3,18.7,0.3,13.8,0.2,11.9,0.2,15.6,0.3,6.8,0.2,5.2,0.2,8.4,0.2,41.2,0.2,40.3,0.2,42.1,0.3,96.8,0.9,(X),(X),(X),(X),63.4,0.6,(X),(X),(X),(X),22.5,0.4,(X),(X),(X),(X),40.9,0.4,(X),(X),(X),(X),0.2,(X),(X),(X),(X),(X),0.8,(X),(X),(X),(X),(X)
5001100US3406,3406,"Congressional District 6 (111th Congress), New Jersey",663262,2393,327700,2371,335562,2011,6.6,0.1,6.9,0.2,6.3,0.2,6.3,0.2,6.3,0.3,6.3,0.3,6.2,0.2,6.4,0.3,6.0,0.3,7.5,0.2,7.9,0.3,7.1,0.2,7.2,0.2,7.4,0.3,7.1,0.3,7.5,0.2,7.8,0.3,7.1,0.2,7.0,0.2,7.4,0.2,6.6,0.2,7.1,0.2,7.4,0.3,6.8,0.3,7.7,0.2,7.7,0.3,7.6,0.3,7.8,0.2,7.8,0.3,7.8,0.2,7.1,0.2,7.2,0.2,7.1,0.2,5.8,0.1,5.6,0.2,6.0,0.2,4.5,0.1,4.4,0.2,4.7,0.2,3.2,0.1,3.0,0.1,3.4,0.2,2.7,0.1,2.4,0.2,3.0,0.2,2.3,0.1,1.8,0.1,2.8,0.2,1.8,0.1,1.3,0.1,2.2,0.1,1.7,0.1,1.1,0.1,2.3,0.2,12.5,0.2,12.7,0.3,12.3,0.3,4.0,0.2,4.3,0.2,3.8,0.2,10.7,0.2,11.1,0.3,10.3,0.3,44.0,0.3,45.7,0.4,42.3,0.3,79.7,0.3,79.0,0.4,80.3,0.3,76.8,0.3,76.0,0.4,77.6,0.4,16.1,0.3,14.0,0.4,18.2,0.4,14.1,0.3,12.1,0.4,16.2,0.4,11.6,0.2,9.6,0.3,13.6,0.3,5.7,0.2,4.2,0.3,7.3,0.3,36.1,0.3,34.8,0.3,37.6,0.4,97.7,1.1,(X),(X),(X),(X),53.3,0.6,(X),(X),(X),(X),17.8,0.4,(X),(X),(X),(X),35.5,0.5,(X),(X),(X),(X),0.2,(X),(X),(X),(X),(X),1.0,(X),(X),(X),(X),(X)
5001100US3407,3407,"Congressional District 7 (111th Congress), New Jersey",662824,1994,326411,1780,336413,1460,6.4,0.1,6.7,0.2,6.2,0.2,6.9,0.2,7.2,0.2,6.6,0.2,7.2,0.2,7.6,0.3,6.8,0.2,6.5,0.1,6.7,0.2,6.3,0.2,4.8,0.1,5.1,0.2,4.6,0.2,4.8,0.2,4.9,0.2,4.8,0.2,5.8,0.2,5.9,0.2,5.8,0.2,7.5,0.2,7.7,0.2,7.4,0.2,8.7,0.2,8.7,0.3,8.6,0.3,9.1,0.2,9.2,0.2,9.0,0.2,8.0,0.1,8.0,0.2,7.9,0.2,6.5,0.2,6.5,0.2,6.4,0.2,4.9,0.1,4.8,0.2,4.9,0.2,3.4,0.1,3.2,0.2,3.6,0.2,2.8,0.1,2.6,0.1,3.0,0.2,2.6,0.1,2.2,0.1,2.9,0.1,2.1,0.1,1.7,0.1,2.5,0.1,2.0,0.1,1.2,0.1,2.8,0.2,14.1,0.2,14.8,0.2,13.4,0.2,4.3,0.1,4.5,0.2,4.2,0.1,7.0,0.2,7.4,0.2,6.6,0.2,38.2,0.2,39.0,0.4,37.5,0.3,78.0,0.2,76.9,0.3,79.1,0.3,75.2,0.2,74.1,0.3,76.2,0.3,17.7,0.2,15.7,0.3,19.7,0.3,15.5,0.2,13.6,0.2,17.5,0.3,12.9,0.2,10.9,0.2,14.8,0.2,6.7,0.1,5.1,0.1,8.2,0.2,40.0,0.2,38.9,0.3,40.9,0.2,97.0,0.8,(X),(X),(X),(X),60.5,0.5,(X),(X),(X),(X),20.7,0.3,(X),(X),(X),(X),39.9,0.4,(X),(X),(X),(X),0.2,(X),(X),(X),(X),(X),0.8,(X),(X),(X),(X),(X)
5001100US3408,3408,"Congressional District 8 (111th Congress), New Jersey",634415,1044,307070,1238,327345,1374,7.4,0.1,7.8,0.2,7.0,0.2,6.5,0.2,6.8,0.3,6.2,0.3,7.0,0.2,7.3,0.3,6.6,0.2,6.6,0.1,6.9,0.2,6.4,0.1,6.3,0.1,6.5,0.2,6.0,0.2,6.7,0.1,7.0,0.2,6.4,0.2,6.9,0.1,7.2,0.2,6.6,0.1,7.2,0.2,7.2,0.3,7.2,0.3,7.6,0.2,7.9,0.3,7.4,0.3,7.6,0.1,7.6,0.2,7.5,0.2,6.9,0.1,6.8,0.2,7.0,0.2,5.9,0.2,5.8,0.2,6.0,0.2,4.6,0.2,4.5,0.2,4.8,0.2,3.4,0.1,3.1,0.2,3.6,0.2,2.7,0.1,2.4,0.2,3.0,0.1,2.5,0.1,2.1,0.1,2.9,0.2,2.1,0.1,1.5,0.1,2.6,0.2,2.1,0.1,1.3,0.1,2.8,0.2,13.5,0.1,14.1,0.2,12.9,0.2,4.1,0.1,4.3,0.1,3.9,0.1,8.8,0.1,9.1,0.2,8.5,0.2,41.4,0.2,42.8,0.4,40.0,0.2,77.9,0.2,76.7,0.3,78.9,0.3,75.0,0.2,73.7,0.3,76.2,0.2,17.4,0.2,15.0,0.2,19.7,0.3,15.3,0.2,12.9,0.2,17.6,0.3,12.8,0.1,10.5,0.2,14.9,0.2,6.7,0.1,4.9,0.1,8.3,0.2,37.0,0.3,35.3,0.2,38.4,0.3,93.8,0.7,(X),(X),(X),(X),60.6,0.5,(X),(X),(X),(X),20.5,0.3,(X),(X),(X),(X),40.1,0.4,(X),(X),(X),(X),0.2,(X),(X),(X),(X),(X),1.3,(X),(X),(X),(X),(X)
5001100US3409,3409,"Congressional District 9 (111th Congress), New Jersey",641978,1953,310999,1814,330979,1850,5.9,0.2,6.0,0.2,5.8,0.2,5.5,0.2,5.9,0.3,5.2,0.3,5.6,0.2,5.8,0.3,5.4,0.3,5.9,0.1,6.2,0.3,5.6,0.2,5.9,0.1,6.2,0.2,5.7,0.2,7.3,0.2,7.7,0.2,7.0,0.2,7.7,0.2,8.2,0.2,7.2,0.2,7.6,0.2,8.0,0.3,7.2,0.3,8.0,0.2,8.2,0.3,7.8,0.3,7.7,0.2,7.7,0.2,7.6,0.2,7.3,0.2,7.2,0.2,7.4,0.2,6.2,0.2,6.2,0.2,6.2,0.2,5.4,0.2,5.0,0.2,5.8,0.2,3.8,0.1,3.5,0.2,4.1,0.2,3.1,0.1,2.8,0.2,3.4,0.2,2.8,0.1,2.4,0.2,3.2,0.2,2.2,0.1,1.6,0.1,2.8,0.2,2.1,0.1,1.4,0.2,2.8,0.2,11.1,0.2,11.7,0.3,10.6,0.3,3.7,0.1,3.9,0.2,3.5,0.2,8.1,0.2,8.5,0.3,7.8,0.2,42.4,0.3,44.5,0.4,40.3,0.4,81.8,0.3,81.2,0.4,82.4,0.4,79.3,0.3,78.5,0.4,80.1,0.4,19.4,0.3,16.7,0.4,22.0,0.4,17.0,0.3,14.6,0.4,19.3,0.4,14.0,0.2,11.7,0.2,16.2,0.3,7.1,0.2,5.4,0.2,8.7,0.2,39.0,0.3,37.5,0.3,40.6,0.3,94.0,0.9,(X),(X),(X),(X),53.3,0.6,(X),(X),(X),(X),21.5,0.4,(X),(X),(X),(X),31.8,0.5,(X),(X),(X),(X),0.2,(X),(X),(X),(X),(X),1.1,(X),(X),(X),(X),(X)
5001100US3410,3410,"Congressional District 10 (111th Congress), New Jersey",628562,3738,297430,2216,331132,2703,7.6,0.2,8.1,0.3,7.1,0.2,7.0,0.2,7.7,0.3,6.4,0.3,6.9,0.2,7.5,0.3,6.4,0.3,7.5,0.2,8.0,0.2,7.0,0.2,7.0,0.2,7.5,0.3,6.5,0.2,7.8,0.2,7.8,0.2,7.7,0.2,7.3,0.2,7.5,0.3,7.1,0.2,7.2,0.2,7.1,0.3,7.3,0.3,7.5,0.2,7.4,0.3,7.6,0.3,7.4,0.2,7.4,0.2,7.5,0.2,6.3,0.2,6.0,0.2,6.6,0.2,5.5,0.2,5.3,0.3,5.7,0.3,4.4,0.1,4.0,0.2,4.8,0.2,3.3,0.1,3.0,0.2,3.6,0.2,2.5,0.1,2.2,0.1,2.8,0.2,2.0,0.1,1.6,0.1,2.4,0.1,1.5,0.1,1.2,0.1,1.8,0.1,1.3,0.1,0.8,0.1,1.8,0.1,13.9,0.2,15.2,0.3,12.7,0.3,4.5,0.1,4.8,0.2,4.3,0.1,10.0,0.2,10.7,0.3,9.3,0.2,44.2,0.3,45.3,0.5,43.2,0.3,77.0,0.3,75.1,0.4,78.8,0.3,74.0,0.2,71.9,0.4,75.9,0.3,15.1,0.2,12.7,0.3,17.2,0.3,13.2,0.2,11.1,0.3,15.2,0.3,10.7,0.2,8.8,0.2,12.4,0.3,4.9,0.1,3.6,0.2,6.0,0.2,34.3,0.3,32.2,0.4,36.3,0.3,89.8,0.9,(X),(X),(X),(X),58.0,0.6,(X),(X),(X),(X),16.9,0.3,(X),(X),(X),(X),41.1,0.5,(X),(X),(X),(X),0.3,(X),(X),(X),(X),(X),2.0,(X),(X),(X),(X),(X)
5001100US3411,3411,"Congressional District 11 (111th Congress), New Jersey",666420,1059,327266,1096,339154,1179,6.2,0.1,6.4,0.1,6.0,0.1,7.4,0.1,7.7,0.2,7.1,0.2,7.0,0.2,7.2,0.3,6.8,0.2,6.6,0.1,7.1,0.2,6.2,0.1,5.0,0.1,5.1,0.1,4.8,0.1,4.3,0.1,4.6,0.1,4.1,0.1,5.3,0.1,5.5,0.1,5.1,0.1,7.6,0.2,7.6,0.2,7.6,0.2,9.0,0.2,9.0,0.2,8.9,0.2,9.0,0.1,9.1,0.1,9.0,0.1,7.7,0.1,7.8,0.1,7.7,0.1,6.5,0.1,6.4,0.2,6.5,0.2,5.4,0.1,5.2,0.2,5.6,0.2,3.8,0.1,3.6,0.1,4.0,0.2,2.9,0.1,2.9,0.1,2.9,0.1,2.5,0.1,2.2,0.1,2.9,0.2,2.0,0.1,1.5,0.1,2.4,0.2,1.8,0.1,1.1,0.1,2.5,0.2,14.4,0.1,14.9,0.2,13.8,0.1,4.3,0.1,4.6,0.1,4.0,0.1,7.3,0.1,7.6,0.2,7.0,0.2,37.8,0.1,38.9,0.2,36.8,0.2,78.0,0.1,77.3,0.2,78.8,0.2,75.2,0.1,74.2,0.2,76.1,0.2,18.4,0.2,16.5,0.2,20.2,0.3,16.1,0.1,14.2,0.2,17.9,0.2,13.0,0.1,11.3,0.1,14.7,0.2,6.3,0.1,4.8,0.1,7.7,0.2,40.3,0.2,39.3,0.2,41.3,0.2,96.5,0.6,(X),(X),(X),(X),61.0,0.3,(X),(X),(X),(X),21.0,0.2,(X),(X),(X),(X),40.0,0.2,(X),(X),(X),(X),0.2,(X),(X),(X),(X),(X),0.8,(X),(X),(X),(X),(X)
5001100US3412,3412,"Congressional District 12 (111th Congress), New Jersey",688176,2617,335863,2171,352313,2140,6.0,0.2,6.4,0.3,5.7,0.2,6.6,0.2,7.0,0.2,6.1,0.3,6.9,0.2,7.3,0.3,6.6,0.2,6.9,0.2,7.1,0.3,6.7,0.2,5.7,0.2,5.8,0.2,5.6,0.2,5.4,0.2,5.8,0.3,5.1,0.2,5.9,0.2,6.0,0.3,5.8,0.2,7.1,0.2,7.0,0.3,7.3,0.3,8.2,0.2,8.5,0.3,8.0,0.3,8.9,0.2,8.9,0.2,8.8,0.2,7.6,0.2,7.7,0.2,7.6,0.2,6.2,0.2,6.0,0.2,6.3,0.2,5.0,0.2,4.9,0.2,5.1,0.2,3.7,0.1,3.6,0.2,3.8,0.2,3.0,0.1,2.7,0.2,3.2,0.2,2.6,0.1,2.3,0.1,2.9,0.2,2.4,0.1,1.8,0.1,2.9,0.2,1.8,0.1,1.3,0.1,2.4,0.2,13.5,0.2,14.3,0.3,12.8,0.2,4.4,0.1,4.6,0.2,4.2,0.2,8.2,0.2,8.3,0.3,8.1,0.3,39.3,0.3,40.2,0.4,38.5,0.3,78.9,0.2,77.6,0.3,80.2,0.3,76.0,0.2,74.7,0.3,77.3,0.3,18.5,0.3,16.5,0.3,20.4,0.4,16.3,0.2,14.4,0.3,18.1,0.3,13.5,0.2,11.6,0.3,15.3,0.3,6.8,0.2,5.3,0.2,8.2,0.2,39.6,0.3,38.3,0.3,40.7,0.3,95.3,1.0,(X),(X),(X),(X),59.9,0.6,(X),(X),(X),(X),21.5,0.4,(X),(X),(X),(X),38.3,0.4,(X),(X),(X),(X),0.3,(X),(X),(X),(X),(X),0.9,(X),(X),(X),(X),(X)
5001100US3413,3413,"Congressional District 13 (111th Congress), New Jersey",651416,3849,329176,2838,322240,2524,7.1,0.2,7.5,0.3,6.8,0.2,5.6,0.2,5.7,0.2,5.5,0.3,5.9,0.2,6.0,0.3,5.9,0.3,5.8,0.2,5.9,0.2,5.6,0.2,7.3,0.2,7.5,0.3,7.0,0.2,10.6,0.2,11.0,0.3,10.1,0.3,9.9,0.2,10.4,0.3,9.3,0.2,8.8,0.3,9.6,0.4,8.1,0.3,7.3,0.2,7.2,0.4,7.3,0.3,7.0,0.2,7.1,0.3,6.9,0.2,6.0,0.2,5.9,0.2,6.1,0.2,4.7,0.2,4.4,0.2,5.0,0.2,3.9,0.2,3.7,0.2,4.2,0.2,2.9,0.2,2.7,0.2,3.1,0.2,2.5,0.1,2.0,0.2,2.9,0.2,2.0,0.1,1.6,0.1,2.4,0.2,1.5,0.1,1.1,0.1,1.9,0.2,1.3,0.1,0.7,0.1,1.8,0.2,11.6,0.2,11.7,0.3,11.4,0.3,3.5,0.1,3.5,0.2,3.5,0.2,9.6,0.2,9.9,0.4,9.2,0.3,49.6,0.3,51.7,0.4,47.5,0.4,80.1,0.3,79.7,0.4,80.5,0.4,77.8,0.3,77.3,0.4,78.3,0.4,14.0,0.3,11.7,0.3,16.3,0.4,12.3,0.3,10.1,0.3,14.5,0.4,10.1,0.2,8.1,0.2,12.2,0.3,4.7,0.2,3.3,0.1,6.1,0.2,33.8,0.2,32.9,0.3,34.8,0.3,102.2,1.2,(X),(X),(X),(X),47.7,0.7,(X),(X),(X),(X),14.9,0.4,(X),(X),(X),(X),32.8,0.6,(X),(X),(X),(X),0.2,(X),(X),(X),(X),(X),1.7,(X),(X),(X),(X),(X)
5001100US3501,3501,"Congressional District 1 (111th Congress), New Mexico",666987,1734,328083,1165,338904,1222,7.2,0.1,7.5,0.1,6.9,0.1,6.5,0.2,6.7,0.2,6.3,0.2,6.5,0.2,6.7,0.2,6.3,0.2,6.7,0.1,7.0,0.1,6.5,0.1,7.4,0.1,7.7,0.1,7.2,0.1,8.1,0.1,8.4,0.1,7.9,0.1,6.9,0.1,7.2,0.1,6.6,0.1,6.4,0.2,6.5,0.2,6.2,0.3,7.0,0.2,7.2,0.2,6.8,0.2,7.4,0.1,7.3,0.1,7.4,0.1,6.9,0.1,6.7,0.1,7.1,0.1,6.1,0.1,5.9,0.2,6.3,0.2,4.8,0.1,4.7,0.2,4.9,0.2,3.5,0.1,3.3,0.1,3.7,0.1,2.7,0.1,2.6,0.1,2.9,0.1,2.4,0.1,2.1,0.1,2.7,0.1,1.8,0.1,1.4,0.1,2.1,0.1,1.7,0.1,1.2,0.1,2.1,0.1,13.0,0.1,13.4,0.1,12.6,0.1,4.1,0.1,4.2,0.1,4.0,0.1,10.1,0.1,10.5,0.1,9.7,0.1,42.6,0.1,43.9,0.2,41.2,0.1,78.4,0.1,77.7,0.2,79.1,0.2,75.7,0.1,74.9,0.2,76.4,0.2,16.8,0.2,15.2,0.2,18.4,0.2,14.7,0.1,13.1,0.2,16.3,0.2,12.1,0.1,10.6,0.1,13.6,0.1,5.9,0.1,4.7,0.1,7.0,0.1,35.4,0.1,34.2,0.2,36.7,0.2,96.8,0.5,(X),(X),(X),(X),57.3,0.3,(X),(X),(X),(X),19.0,0.1,(X),(X),(X),(X),38.3,0.2,(X),(X),(X),(X),0.2,(X),(X),(X),(X),(X),1.8,(X),(X),(X),(X),(X)
5001100US3502,3502,"Congressional District 2 (111th Congress), New Mexico",640438,1644,318681,1251,321757,1135,7.6,0.1,7.7,0.1,7.5,0.1,6.9,0.2,7.1,0.2,6.7,0.2,7.3,0.2,7.5,0.2,7.1,0.2,7.9,0.1,8.2,0.2,7.5,0.1,7.5,0.1,8.0,0.2,7.0,0.1,6.9,0.1,7.3,0.2,6.5,0.1,5.7,0.1,5.8,0.2,5.6,0.1,5.7,0.2,5.6,0.3,5.7,0.3,6.5,0.2,6.5,0.3,6.4,0.3,6.7,0.1,6.5,0.1,6.8,0.1,6.5,0.1,6.3,0.1,6.8,0.1,6.0,0.2,5.9,0.2,6.1,0.2,4.9,0.2,4.7,0.2,5.0,0.2,4.0,0.1,3.8,0.2,4.3,0.2,3.4,0.1,3.3,0.2,3.6,0.2,2.9,0.1,2.7,0.1,3.2,0.1,2.0,0.1,1.8,0.1,2.3,0.2,1.5,0.1,1.1,0.1,1.9,0.2,14.2,0.1,14.7,0.1,13.8,0.1,4.6,0.1,4.8,0.1,4.4,0.1,10.8,0.1,11.5,0.2,10.1,0.1,40.1,0.2,41.5,0.2,38.8,0.2,76.7,0.1,76.1,0.2,77.3,0.2,73.6,0.1,72.9,0.2,74.3,0.2,18.8,0.2,17.4,0.3,20.2,0.2,16.7,0.2,15.4,0.2,18.0,0.2,13.9,0.1,12.6,0.1,15.2,0.1,6.5,0.1,5.6,0.1,7.3,0.1,35.1,0.2,33.4,0.3,36.9,0.3,99.0,0.5,(X),(X),(X),(X),67.6,0.3,(X),(X),(X),(X),23.3,0.2,(X),(X),(X),(X),44.3,0.2,(X),(X),(X),(X),0.1,(X),(X),(X),(X),(X),0.7,(X),(X),(X),(X),(X)
5001100US3503,3503,"Congressional District 3 (111th Congress), New Mexico",657435,2067,324690,1314,332745,1511,7.4,0.1,7.5,0.1,7.3,0.2,6.9,0.2,7.2,0.2,6.6,0.2,7.2,0.2,7.3,0.2,7.2,0.2,7.6,0.1,8.0,0.2,7.2,0.2,7.0,0.1,7.3,0.2,6.8,0.1,6.4,0.1,6.8,0.2,6.0,0.1,6.0,0.1,6.2,0.1,5.8,0.1,6.4,0.2,6.5,0.3,6.4,0.2,6.8,0.2,6.9,0.3,6.7,0.2,7.5,0.1,7.3,0.1,7.6,0.1,7.1,0.1,7.0,0.1,7.3,0.1,6.6,0.2,6.4,0.2,6.7,0.2,5.0,0.2,4.8,0.2,5.2,0.2,3.7,0.1,3.5,0.1,3.9,0.1,2.9,0.1,2.8,0.1,3.0,0.1,2.3,0.1,2.2,0.1,2.4,0.1,1.6,0.1,1.2,0.1,1.9,0.1,1.5,0.1,1.1,0.1,2.0,0.1,14.2,0.1,14.5,0.2,13.8,0.2,4.6,0.1,4.8,0.1,4.5,0.1,10.0,0.1,10.5,0.2,9.5,0.1,40.3,0.2,41.6,0.2,39.0,0.2,76.8,0.1,76.3,0.2,77.4,0.2,73.8,0.1,73.1,0.2,74.4,0.2,17.0,0.2,15.6,0.3,18.4,0.2,14.7,0.1,13.4,0.2,16.0,0.2,12.0,0.1,10.8,0.1,13.2,0.1,5.4,0.1,4.5,0.1,6.2,0.1,36.1,0.2,34.7,0.2,37.3,0.3,97.6,0.6,(X),(X),(X),(X),61.8,0.3,(X),(X),(X),(X),19.4,0.2,(X),(X),(X),(X),42.4,0.3,(X),(X),(X),(X),0.2,(X),(X),(X),(X),(X),1.5,(X),(X),(X),(X),(X)
5001100US3601,3601,"Congressional District 1 (111th Congress), New York",716034,775,353897,1710,362137,1656,6.2,0.2,6.5,0.2,5.9,0.2,6.7,0.2,7.1,0.3,6.3,0.3,7.0,0.2,7.1,0.3,6.9,0.3,7.2,0.2,7.6,0.3,6.9,0.2,5.9,0.2,6.0,0.2,5.7,0.2,5.2,0.1,5.5,0.2,5.0,0.2,5.5,0.2,5.7,0.2,5.3,0.2,7.4,0.2,7.5,0.3,7.3,0.3,8.0,0.2,8.1,0.3,7.9,0.3,8.3,0.2,8.5,0.2,8.1,0.3,7.3,0.2,7.4,0.2,7.2,0.2,6.5,0.2,6.1,0.3,6.8,0.2,5.5,0.1,5.3,0.2,5.7,0.2,4.0,0.1,3.8,0.1,4.2,0.2,3.0,0.1,2.9,0.1,3.1,0.2,2.4,0.1,2.2,0.1,2.6,0.2,1.9,0.1,1.4,0.1,2.4,0.2,1.8,0.1,1.2,0.1,2.4,0.2,13.7,0.2,14.2,0.3,13.2,0.2,4.4,0.1,4.6,0.2,4.2,0.2,8.7,0.2,9.1,0.3,8.4,0.3,39.3,0.3,40.4,0.4,38.2,0.3,78.5,0.2,77.7,0.3,79.3,0.3,75.7,0.2,74.7,0.3,76.6,0.3,18.7,0.2,16.8,0.3,20.5,0.3,16.3,0.2,14.4,0.3,18.1,0.3,13.1,0.2,11.5,0.2,14.8,0.2,6.1,0.1,4.8,0.2,7.4,0.2,39.2,0.3,38.1,0.3,40.3,0.3,97.7,0.9,(X),(X),(X),(X),59.9,0.6,(X),(X),(X),(X),21.0,0.3,(X),(X),(X),(X),38.9,0.5,(X),(X),(X),(X),0.2,(X),(X),(X),(X),(X),1.5,(X),(X),(X),(X),(X)
5001100US3602,3602,"Congressional District 2 (111th Congress), New York",682569,4968,337599,3013,344970,3022,6.4,0.2,6.8,0.3,6.1,0.2,6.9,0.2,7.1,0.3,6.7,0.3,7.6,0.2,7.9,0.3,7.4,0.3,7.2,0.2,7.4,0.3,6.9,0.2,5.8,0.2,6.0,0.3,5.6,0.2,5.1,0.2,5.5,0.2,4.8,0.2,5.4,0.2,5.6,0.2,5.2,0.2,7.3,0.2,7.4,0.3,7.1,0.3,8.4,0.2,8.5,0.3,8.3,0.3,8.9,0.2,8.8,0.3,8.9,0.3,7.5,0.2,7.6,0.2,7.3,0.2,6.0,0.2,5.9,0.2,6.1,0.3,4.9,0.2,4.8,0.2,5.1,0.2,3.7,0.1,3.5,0.2,3.8,0.2,3.0,0.1,2.7,0.1,3.2,0.2,2.5,0.1,2.2,0.1,2.9,0.2,1.7,0.1,1.4,0.1,2.1,0.1,1.7,0.1,1.1,0.1,2.4,0.2,14.5,0.2,15.0,0.3,14.1,0.3,4.7,0.1,4.9,0.2,4.5,0.2,8.3,0.2,8.5,0.3,8.0,0.3,39.2,0.3,40.5,0.4,37.9,0.4,77.5,0.2,76.7,0.4,78.2,0.3,74.3,0.2,73.3,0.4,75.3,0.3,17.5,0.3,15.5,0.3,19.5,0.3,15.4,0.2,13.4,0.3,17.5,0.3,12.6,0.2,10.7,0.3,14.4,0.3,6.0,0.2,4.6,0.2,7.4,0.2,38.9,0.2,37.7,0.4,40.1,0.3,97.9,1.0,(X),(X),(X),(X),62.0,0.7,(X),(X),(X),(X),20.4,0.4,(X),(X),(X),(X),41.6,0.5,(X),(X),(X),(X),0.2,(X),(X),(X),(X),(X),1.1,(X),(X),(X),(X),(X)
5001100US3603,3603,"Congressional District 3 (111th Congress), New York",663854,5608,321589,2959,342265,3719,5.6,0.2,5.9,0.2,5.3,0.2,6.3,0.2,6.6,0.3,5.9,0.2,6.7,0.2,7.2,0.3,6.3,0.3,6.8,0.2,7.2,0.2,6.5,0.2,5.7,0.2,5.7,0.3,5.8,0.3,4.9,0.2,5.2,0.2,4.6,0.3,4.5,0.2,4.8,0.2,4.3,0.2,6.6,0.2,6.7,0.3,6.5,0.3,8.1,0.3,7.8,0.3,8.3,0.4,9.1,0.2,9.4,0.3,8.9,0.2,8.2,0.2,8.0,0.3,8.3,0.3,7.0,0.2,7.3,0.2,6.7,0.3,5.3,0.2,5.2,0.3,5.5,0.2,3.9,0.1,3.6,0.2,4.1,0.2,3.5,0.1,3.3,0.2,3.7,0.2,3.1,0.2,2.7,0.2,3.6,0.2,2.6,0.1,2.1,0.1,3.1,0.2,2.1,0.1,1.4,0.1,2.7,0.2,13.0,0.2,13.8,0.3,12.2,0.3,4.3,0.1,4.5,0.2,4.2,0.2,8.2,0.2,8.4,0.3,8.1,0.3,36.6,0.3,37.4,0.4,35.9,0.4,80.0,0.3,78.8,0.4,81.1,0.4,77.1,0.3,75.8,0.4,78.3,0.4,20.5,0.3,18.3,0.3,22.7,0.4,18.1,0.3,15.8,0.3,20.3,0.4,15.2,0.2,13.1,0.3,17.1,0.4,7.8,0.2,6.2,0.2,9.4,0.3,41.9,0.3,40.5,0.3,43.1,0.3,94.0,1.0,(X),(X),(X),(X),61.5,0.8,(X),(X),(X),(X),24.5,0.5,(X),(X),(X),(X),37.0,0.6,(X),(X),(X),(X),0.3,(X),(X),(X),(X),(X),1.4,(X),(X),(X),(X),(X)
5001100US3604,3604,"Congressional District 4 (111th Congress), New York",662361,2351,322501,1880,339860,2128,6.1,0.1,6.4,0.2,5.7,0.2,6.6,0.2,7.0,0.3,6.1,0.2,7.4,0.2,7.6,0.3,7.1,0.2,7.5,0.2,7.8,0.2,7.2,0.2,6.5,0.2,7.0,0.2,6.1,0.2,5.5,0.2,5.8,0.2,5.2,0.2,5.5,0.1,5.9,0.2,5.1,0.2,6.9,0.2,7.0,0.3,6.7,0.2,7.6,0.2,7.5,0.3,7.7,0.3,8.2,0.1,8.2,0.2,8.3,0.2,7.5,0.2,7.4,0.2,7.5,0.2,6.2,0.2,6.1,0.3,6.2,0.2,5.0,0.2,4.9,0.2,5.1,0.2,3.6,0.1,3.2,0.1,3.8,0.2,2.9,0.1,2.5,0.1,3.3,0.2,2.8,0.1,2.4,0.2,3.3,0.2,2.4,0.1,1.8,0.1,2.9,0.2,2.1,0.1,1.5,0.1,2.6,0.2,13.9,0.2,14.6,0.2,13.2,0.2,4.6,0.1,4.8,0.2,4.4,0.1,9.4,0.2,10.0,0.3,8.9,0.3,39.4,0.3,40.9,0.3,38.0,0.3,78.5,0.2,77.3,0.4,79.6,0.3,75.4,0.2,74.2,0.3,76.6,0.3,18.7,0.2,16.3,0.3,21.0,0.3,16.4,0.2,14.1,0.3,18.6,0.3,13.7,0.2,11.4,0.2,15.9,0.3,7.2,0.2,5.6,0.2,8.8,0.3,38.7,0.3,36.9,0.4,40.4,0.3,94.9,0.9,(X),(X),(X),(X),62.1,0.6,(X),(X),(X),(X),22.3,0.3,(X),(X),(X),(X),39.8,0.5,(X),(X),(X),(X),0.2,(X),(X),(X),(X),(X),1.2,(X),(X),(X),(X),(X)
5001100US3605,3605,"Congressional District 5 (111th Congress), New York",668870,5983,331827,3992,337043,3512,6.1,0.2,6.4,0.3,5.8,0.3,5.4,0.2,5.6,0.3,5.2,0.3,5.9,0.2,6.3,0.3,5.5,0.2,5.5,0.2,5.9,0.3,5.1,0.2,5.9,0.2,6.5,0.3,5.3,0.2,7.0,0.2,7.2,0.3,6.8,0.3,6.9,0.2,7.3,0.3,6.6,0.3,7.4,0.2,7.6,0.3,7.2,0.3,7.6,0.3,7.7,0.3,7.4,0.3,7.9,0.2,8.0,0.3,7.8,0.3,7.5,0.2,7.5,0.3,7.5,0.3,6.4,0.2,6.1,0.2,6.7,0.3,5.2,0.2,4.9,0.2,5.5,0.3,4.1,0.1,3.7,0.2,4.4,0.2,3.4,0.1,3.0,0.2,3.7,0.2,2.9,0.1,2.4,0.2,3.3,0.2,2.4,0.1,2.0,0.2,2.9,0.2,2.5,0.1,1.8,0.1,3.2,0.2,11.3,0.3,11.9,0.4,10.7,0.4,3.6,0.1,3.8,0.2,3.3,0.2,7.8,0.2,8.5,0.3,7.1,0.3,40.3,0.3,42.3,0.5,38.3,0.4,81.5,0.3,80.5,0.4,82.4,0.5,79.0,0.3,77.8,0.4,80.2,0.5,20.5,0.3,17.8,0.4,23.1,0.4,18.1,0.3,15.5,0.4,20.6,0.4,15.3,0.3,12.9,0.3,17.6,0.3,7.8,0.2,6.1,0.2,9.4,0.3,39.9,0.4,38.0,0.4,41.7,0.5,98.5,1.3,(X),(X),(X),(X),56.9,0.7,(X),(X),(X),(X),23.9,0.5,(X),(X),(X),(X),32.9,0.6,(X),(X),(X),(X),0.3,(X),(X),(X),(X),(X),1.7,(X),(X),(X),(X),(X)
5001100US3606,3606,"Congressional District 6 (111th Congress), New York",668309,5417,315197,3445,353112,2956,6.9,0.2,7.7,0.3,6.3,0.2,6.2,0.2,6.7,0.3,5.9,0.2,7.2,0.2,7.7,0.3,6.7,0.2,7.2,0.2,7.6,0.2,6.8,0.2,6.6,0.1,6.6,0.2,6.6,0.2,7.6,0.2,7.9,0.3,7.4,0.2,6.8,0.2,6.8,0.2,6.8,0.2,7.0,0.2,7.0,0.3,7.0,0.3,7.5,0.2,7.6,0.2,7.5,0.3,7.8,0.2,7.8,0.3,7.8,0.2,6.9,0.2,6.8,0.2,7.1,0.2,5.7,0.2,5.7,0.2,5.8,0.2,4.9,0.2,4.5,0.2,5.2,0.2,3.8,0.1,3.4,0.2,4.1,0.2,2.7,0.1,2.5,0.2,2.9,0.2,2.1,0.1,1.8,0.1,2.3,0.2,1.6,0.1,1.2,0.1,1.9,0.1,1.4,0.1,0.8,0.1,2.0,0.1,13.4,0.2,14.4,0.3,12.6,0.3,4.4,0.1,4.7,0.2,4.2,0.1,9.4,0.2,9.5,0.3,9.2,0.2,42.7,0.2,43.5,0.4,42.0,0.3,78.2,0.2,76.4,0.4,79.8,0.3,75.2,0.2,73.3,0.3,76.9,0.3,16.5,0.3,14.3,0.3,18.5,0.4,14.2,0.3,12.2,0.3,16.0,0.3,11.6,0.2,9.8,0.2,13.3,0.3,5.1,0.2,3.8,0.2,6.3,0.2,36.0,0.3,34.3,0.4,37.6,0.4,89.3,0.9,(X),(X),(X),(X),57.3,0.6,(X),(X),(X),(X),18.3,0.4,(X),(X),(X),(X),39.0,0.5,(X),(X),(X),(X),0.3,(X),(X),(X),(X),(X),2.3,(X),(X),(X),(X),(X)
5001100US3607,3607,"Congressional District 7 (111th Congress), New York",682515,6472,326482,4113,356033,3681,6.6,0.2,7.1,0.4,6.1,0.3,6.1,0.2,6.5,0.3,5.7,0.3,6.2,0.2,6.7,0.4,5.7,0.3,6.3,0.2,6.5,0.3,6.1,0.3,6.0,0.2,6.3,0.3,5.8,0.3,7.7,0.2,8.3,0.3,7.2,0.3,7.8,0.3,8.1,0.4,7.5,0.3,7.8,0.2,8.0,0.4,7.7,0.3,7.8,0.2,8.2,0.3,7.5,0.3,7.3,0.3,7.4,0.3,7.2,0.3,6.4,0.2,6.4,0.3,6.5,0.3,5.9,0.2,5.7,0.2,6.1,0.3,4.9,0.2,4.7,0.2,5.0,0.3,3.6,0.2,3.2,0.2,4.0,0.2,3.0,0.2,2.5,0.2,3.5,0.2,2.5,0.1,2.0,0.2,2.9,0.2,2.0,0.1,1.3,0.1,2.6,0.1,2.0,0.2,1.2,0.1,2.7,0.2,12.3,0.3,13.2,0.4,11.4,0.3,4.0,0.2,4.0,0.2,3.9,0.2,8.4,0.3,8.8,0.3,8.0,0.3,43.5,0.4,45.3,0.6,41.9,0.5,79.8,0.3,78.4,0.5,81.1,0.4,77.2,0.3,75.7,0.5,78.5,0.4,18.0,0.3,15.0,0.4,20.8,0.5,15.9,0.3,13.0,0.3,18.5,0.5,13.1,0.3,10.2,0.3,15.8,0.4,6.5,0.2,4.5,0.2,8.3,0.3,37.0,0.3,35.3,0.4,38.7,0.3,91.7,1.2,(X),(X),(X),(X),56.1,1.0,(X),(X),(X),(X),20.5,0.6,(X),(X),(X),(X),35.6,0.7,(X),(X),(X),(X),0.2,(X),(X),(X),(X),(X),1.7,(X),(X),(X),(X),(X)
5001100US3608,3608,"Congressional District 8 (111th Congress), New York",708166,7006,347978,4504,360188,4189,6.4,0.2,6.7,0.3,6.2,0.3,4.9,0.2,5.1,0.3,4.6,0.2,4.3,0.2,4.5,0.2,4.2,0.3,5.1,0.2,5.1,0.3,5.1,0.3,6.1,0.3,6.1,0.3,6.2,0.3,9.6,0.3,9.6,0.5,9.6,0.3,9.8,0.2,9.6,0.3,10.1,0.3,8.7,0.3,8.9,0.4,8.5,0.4,7.5,0.3,8.2,0.4,6.7,0.3,7.3,0.2,8.0,0.3,6.7,0.3,6.1,0.2,6.2,0.3,6.0,0.2,6.0,0.2,6.0,0.3,6.0,0.3,4.7,0.2,4.6,0.3,4.9,0.2,3.8,0.2,3.3,0.2,4.2,0.2,3.0,0.1,2.8,0.2,3.2,0.2,2.6,0.1,2.3,0.2,2.9,0.2,2.1,0.1,1.7,0.2,2.5,0.2,1.9,0.1,1.3,0.1,2.5,0.2,9.2,0.2,9.6,0.3,8.8,0.4,2.7,0.1,2.9,0.2,2.5,0.2,8.5,0.3,8.3,0.4,8.8,0.4,46.8,0.4,47.4,0.6,46.3,0.5,83.5,0.3,82.8,0.5,84.2,0.5,81.7,0.3,80.9,0.5,82.5,0.5,18.1,0.4,16.1,0.4,20.1,0.4,16.0,0.3,14.0,0.4,17.9,0.4,13.4,0.3,11.5,0.3,15.2,0.3,6.6,0.2,5.3,0.2,7.9,0.2,36.9,0.3,36.7,0.3,37.1,0.3,96.6,1.4,(X),(X),(X),(X),46.3,0.8,(X),(X),(X),(X),19.6,0.5,(X),(X),(X),(X),26.7,0.6,(X),(X),(X),(X),0.4,(X),(X),(X),(X),(X),1.4,(X),(X),(X),(X),(X)
5001100US3609,3609,"Congressional District 9 (111th Congress), New York",681419,6097,325499,3662,355920,3695,6.4,0.2,6.7,0.4,6.0,0.3,5.6,0.2,5.8,0.3,5.5,0.3,5.8,0.2,6.3,0.3,5.4,0.3,5.7,0.2,6.1,0.2,5.4,0.2,5.3,0.2,5.6,0.3,5.1,0.2,6.8,0.3,7.1,0.4,6.4,0.3,7.0,0.2,7.1,0.3,6.9,0.2,7.1,0.2,7.5,0.3,6.8,0.3,7.4,0.2,7.4,0.3,7.3,0.3,7.6,0.2,7.8,0.3,7.5,0.3,7.2,0.2,7.5,0.3,7.0,0.3,6.8,0.2,6.9,0.2,6.7,0.3,5.3,0.2,5.1,0.2,5.4,0.3,3.8,0.2,3.4,0.2,4.2,0.2,3.5,0.2,3.1,0.2,3.8,0.2,3.3,0.2,2.7,0.2,3.8,0.2,2.9,0.2,2.3,0.2,3.4,0.2,2.4,0.1,1.6,0.1,3.2,0.2,11.5,0.3,12.1,0.4,10.9,0.4,3.7,0.1,3.9,0.2,3.5,0.2,7.4,0.2,7.8,0.3,7.0,0.3,39.3,0.3,40.8,0.5,37.9,0.4,80.9,0.4,79.8,0.5,81.9,0.5,78.5,0.4,77.3,0.5,79.6,0.5,21.2,0.4,18.2,0.4,24.0,0.5,18.7,0.3,15.8,0.4,21.4,0.4,15.9,0.3,13.1,0.3,18.5,0.4,8.6,0.2,6.6,0.2,10.5,0.4,40.2,0.3,38.4,0.5,41.7,0.4,91.5,1.1,(X),(X),(X),(X),59.9,0.9,(X),(X),(X),(X),25.5,0.5,(X),(X),(X),(X),34.4,0.8,(X),(X),(X),(X),0.4,(X),(X),(X),(X),(X),1.8,(X),(X),(X),(X),(X)
5001100US3610,3610,"Congressional District 10 (111th Congress), New York",683645,6410,312280,3645,371365,4104,8.4,0.2,9.6,0.4,7.5,0.3,7.3,0.2,8.1,0.4,6.6,0.3,7.7,0.2,8.3,0.4,7.2,0.3,7.9,0.2,8.7,0.3,7.3,0.2,7.5,0.2,7.7,0.3,7.3,0.2,8.1,0.2,8.1,0.3,8.1,0.3,7.2,0.2,7.0,0.3,7.3,0.2,6.6,0.2,6.3,0.3,6.9,0.3,6.9,0.2,6.7,0.3,7.2,0.3,6.8,0.2,6.6,0.3,6.9,0.3,6.0,0.2,5.8,0.2,6.1,0.2,5.4,0.2,5.3,0.2,5.5,0.2,4.2,0.2,3.8,0.2,4.5,0.2,3.1,0.1,2.7,0.2,3.5,0.2,2.5,0.1,2.2,0.2,2.7,0.2,1.8,0.1,1.4,0.1,2.2,0.2,1.4,0.1,1.0,0.1,1.7,0.1,1.2,0.1,0.8,0.1,1.6,0.1,15.0,0.3,16.4,0.4,13.7,0.4,4.9,0.2,5.4,0.2,4.4,0.2,10.5,0.2,11.0,0.3,10.1,0.3,44.2,0.4,44.4,0.6,44.1,0.4,75.1,0.3,72.3,0.5,77.4,0.4,71.7,0.3,68.6,0.5,74.4,0.4,14.2,0.3,11.9,0.3,16.2,0.4,12.3,0.2,10.1,0.3,14.1,0.4,10.0,0.2,8.1,0.3,11.6,0.3,4.4,0.1,3.2,0.2,5.4,0.2,32.1,0.3,29.7,0.3,34.1,0.4,84.1,1.1,(X),(X),(X),(X),62.0,0.8,(X),(X),(X),(X),16.2,0.4,(X),(X),(X),(X),45.8,0.7,(X),(X),(X),(X),0.3,(X),(X),(X),(X),(X),2.4,(X),(X),(X),(X),(X)
5001100US3611,3611,"Congressional District 11 (111th Congress), New York",659152,5215,302132,3416,357020,3156,7.3,0.3,7.9,0.4,6.9,0.3,6.4,0.2,7.1,0.3,5.7,0.3,6.6,0.2,7.5,0.3,5.9,0.2,6.4,0.2,6.9,0.4,6.1,0.2,7.1,0.2,7.3,0.3,6.8,0.2,9.4,0.2,10.0,0.4,8.8,0.3,8.2,0.2,8.4,0.3,8.0,0.3,7.4,0.2,7.2,0.3,7.7,0.3,7.4,0.2,7.2,0.3,7.6,0.3,7.0,0.2,6.7,0.3,7.2,0.2,6.7,0.2,6.5,0.3,6.9,0.3,5.5,0.2,5.0,0.3,6.0,0.3,4.6,0.2,4.2,0.2,5.0,0.3,3.1,0.1,2.7,0.2,3.5,0.2,2.5,0.1,2.2,0.2,2.7,0.2,1.9,0.1,1.6,0.2,2.2,0.1,1.3,0.1,1.0,0.1,1.6,0.1,1.2,0.1,0.8,0.1,1.6,0.2,13.0,0.3,14.6,0.4,11.6,0.3,4.1,0.2,4.4,0.3,3.9,0.2,9.4,0.2,9.8,0.3,9.0,0.3,45.8,0.4,46.9,0.5,44.9,0.5,78.4,0.4,76.2,0.5,80.3,0.4,75.6,0.3,73.2,0.5,77.7,0.4,14.6,0.3,12.5,0.4,16.5,0.4,12.6,0.3,10.6,0.4,14.2,0.4,10.0,0.3,8.3,0.4,11.5,0.3,4.4,0.2,3.3,0.3,5.3,0.2,34.2,0.3,31.9,0.3,36.1,0.4,84.6,1.1,(X),(X),(X),(X),52.5,0.8,(X),(X),(X),(X),15.3,0.4,(X),(X),(X),(X),37.2,0.7,(X),(X),(X),(X),0.4,(X),(X),(X),(X),(X),1.9,(X),(X),(X),(X),(X)
5001100US3612,3612,"Congressional District 12 (111th Congress), New York",683048,6814,339916,4439,343132,4136,7.1,0.2,7.3,0.3,6.9,0.3,5.9,0.2,5.9,0.3,5.9,0.2,6.1,0.2,6.3,0.3,5.8,0.3,5.9,0.2,6.2,0.3,5.6,0.3,7.6,0.2,8.0,0.3,7.3,0.2,11.0,0.3,11.4,0.4,10.7,0.3,9.6,0.3,10.2,0.4,9.0,0.3,8.3,0.3,8.9,0.4,7.7,0.3,7.0,0.2,7.0,0.3,7.0,0.3,6.8,0.2,6.8,0.3,6.7,0.3,5.7,0.2,5.6,0.3,5.8,0.2,5.1,0.2,4.9,0.3,5.2,0.2,3.9,0.2,3.6,0.3,4.3,0.2,2.9,0.1,2.6,0.2,3.2,0.2,2.5,0.1,2.2,0.2,2.8,0.2,2.0,0.1,1.6,0.2,2.4,0.2,1.3,0.1,0.9,0.1,1.8,0.2,1.3,0.1,0.7,0.1,1.9,0.2,12.0,0.3,12.2,0.4,11.7,0.3,3.8,0.2,3.9,0.2,3.6,0.2,9.8,0.2,10.2,0.4,9.3,0.3,49.4,0.4,51.6,0.5,47.3,0.5,79.8,0.4,79.4,0.5,80.2,0.5,77.1,0.3,76.5,0.5,77.8,0.5,14.0,0.3,11.6,0.4,16.3,0.4,12.2,0.3,10.1,0.4,14.3,0.4,10.0,0.3,8.1,0.4,12.0,0.3,4.6,0.2,3.2,0.2,6.0,0.3,33.2,0.3,32.2,0.3,34.1,0.3,99.1,1.5,(X),(X),(X),(X),49.0,0.8,(X),(X),(X),(X),14.9,0.5,(X),(X),(X),(X),34.0,0.6,(X),(X),(X),(X),0.2,(X),(X),(X),(X),(X),2.4,(X),(X),(X),(X),(X)
5001100US3613,3613,"Congressional District 13 (111th Congress), New York",703464,3193,341714,2263,361750,1881,6.2,0.1,6.5,0.2,5.9,0.2,6.1,0.2,6.2,0.2,5.9,0.2,6.4,0.2,6.7,0.2,6.0,0.2,6.3,0.1,6.8,0.1,5.8,0.1,6.0,0.1,6.2,0.2,5.7,0.1,7.2,0.2,7.4,0.2,7.0,0.2,6.9,0.1,7.1,0.2,6.7,0.2,7.4,0.2,7.6,0.3,7.2,0.2,7.7,0.2,7.9,0.3,7.4,0.2,7.6,0.1,7.7,0.2,7.5,0.1,7.2,0.1,7.2,0.2,7.2,0.1,6.4,0.2,6.1,0.2,6.6,0.2,5.2,0.2,4.9,0.2,5.4,0.2,4.0,0.1,3.9,0.2,4.1,0.2,3.2,0.1,2.8,0.2,3.5,0.2,2.7,0.1,2.3,0.1,3.1,0.2,2.1,0.1,1.6,0.1,2.5,0.2,1.8,0.1,1.0,0.1,2.5,0.2,12.4,0.2,13.0,0.2,11.9,0.2,4.0,0.1,4.2,0.1,3.7,0.1,8.3,0.1,8.8,0.2,7.8,0.2,41.3,0.2,42.9,0.3,39.8,0.3,80.1,0.2,79.0,0.2,81.1,0.3,77.4,0.2,76.3,0.2,78.5,0.3,18.9,0.2,16.5,0.3,21.1,0.3,16.6,0.2,14.4,0.3,18.6,0.3,13.7,0.2,11.6,0.2,15.8,0.2,6.6,0.1,4.9,0.1,8.2,0.2,38.5,0.2,37.0,0.2,39.9,0.3,94.5,0.7,(X),(X),(X),(X),57.0,0.5,(X),(X),(X),(X),21.6,0.3,(X),(X),(X),(X),35.4,0.4,(X),(X),(X),(X),0.3,(X),(X),(X),(X),(X),1.5,(X),(X),(X),(X),(X)
5001100US3614,3614,"Congressional District 14 (111th Congress), New York",662711,5781,311562,3308,351149,4139,5.3,0.2,5.7,0.3,4.9,0.3,3.5,0.2,3.9,0.2,3.2,0.2,3.2,0.2,3.5,0.3,3.0,0.2,3.2,0.2,3.3,0.2,3.2,0.3,5.6,0.2,5.4,0.3,5.7,0.3,12.1,0.3,11.6,0.5,12.6,0.4,11.9,0.3,11.9,0.4,11.9,0.4,9.4,0.3,10.4,0.4,8.6,0.3,8.2,0.3,8.6,0.4,7.8,0.3,6.5,0.2,6.9,0.3,6.1,0.3,6.2,0.2,6.5,0.3,6.0,0.2,6.0,0.2,5.7,0.3,6.3,0.2,5.3,0.2,4.9,0.3,5.7,0.3,4.0,0.1,3.7,0.2,4.2,0.2,3.2,0.1,3.1,0.2,3.3,0.2,2.5,0.1,2.4,0.2,2.6,0.2,2.0,0.1,1.5,0.2,2.4,0.2,1.8,0.1,1.1,0.1,2.4,0.2,6.8,0.2,7.4,0.3,6.2,0.3,1.7,0.1,1.9,0.2,1.6,0.1,7.1,0.3,6.8,0.4,7.4,0.3,50.4,0.4,51.0,0.6,49.9,0.5,87.3,0.3,86.2,0.4,88.4,0.4,86.3,0.3,85.0,0.5,87.4,0.4,18.8,0.4,16.7,0.4,20.6,0.5,16.6,0.3,14.9,0.4,18.1,0.4,13.5,0.3,11.9,0.3,14.9,0.4,6.3,0.2,5.0,0.2,7.4,0.3,37.7,0.3,37.3,0.4,38.1,0.4,88.7,1.3,(X),(X),(X),(X),37.4,0.6,(X),(X),(X),(X),18.5,0.4,(X),(X),(X),(X),18.9,0.5,(X),(X),(X),(X),0.2,(X),(X),(X),(X),(X),1.3,(X),(X),(X),(X),(X)
5001100US3615,3615,"Congressional District 15 (111th Congress), New York",664346,4629,317525,3454,346821,2914,6.6,0.2,7.0,0.3,6.3,0.2,5.2,0.2,5.7,0.3,4.7,0.3,5.5,0.2,5.7,0.3,5.3,0.2,6.5,0.2,7.1,0.2,6.0,0.2,8.5,0.2,9.3,0.3,7.7,0.3,10.7,0.2,11.3,0.3,10.2,0.3,8.5,0.2,8.7,0.3,8.3,0.3,7.3,0.2,7.6,0.4,7.0,0.3,6.7,0.2,6.8,0.3,6.5,0.3,6.8,0.2,6.9,0.2,6.7,0.2,6.3,0.2,6.1,0.3,6.5,0.2,5.5,0.2,5.1,0.3,6.0,0.2,4.3,0.2,3.8,0.3,4.8,0.2,3.6,0.2,3.0,0.2,4.1,0.2,2.6,0.1,2.2,0.2,3.0,0.2,2.0,0.1,1.7,0.1,2.3,0.2,1.7,0.1,1.1,0.1,2.2,0.2,1.7,0.1,0.9,0.1,2.5,0.2,10.7,0.2,11.4,0.3,10.0,0.2,3.8,0.1,4.0,0.1,3.6,0.1,11.2,0.2,12.3,0.3,10.2,0.3,48.1,0.3,50.7,0.5,45.7,0.4,81.5,0.3,80.3,0.4,82.6,0.4,78.9,0.3,77.6,0.4,80.2,0.4,15.9,0.2,12.7,0.3,18.9,0.3,14.1,0.2,11.0,0.3,16.9,0.3,11.6,0.2,8.9,0.2,14.1,0.3,5.4,0.1,3.7,0.2,7.0,0.2,34.1,0.3,32.1,0.3,36.0,0.4,91.6,1.2,(X),(X),(X),(X),48.6,0.6,(X),(X),(X),(X),17.3,0.3,(X),(X),(X),(X),31.3,0.5,(X),(X),(X),(X),0.2,(X),(X),(X),(X),(X),1.8,(X),(X),(X),(X),(X)
5001100US3616,3616,"Congressional District 16 (111th Congress), New York",671440,4824,315892,3595,355548,3066,9.1,0.2,9.7,0.3,8.5,0.2,8.7,0.2,9.4,0.3,8.1,0.3,9.1,0.2,9.9,0.3,8.4,0.3,9.1,0.2,9.9,0.3,8.5,0.2,7.9,0.2,8.3,0.3,7.6,0.2,7.6,0.2,7.8,0.3,7.4,0.2,7.0,0.2,6.7,0.2,7.4,0.2,6.8,0.2,6.4,0.3,7.1,0.3,7.3,0.2,7.1,0.3,7.4,0.3,6.8,0.2,6.6,0.3,6.9,0.2,5.6,0.2,5.2,0.2,5.8,0.2,4.2,0.1,4.0,0.2,4.4,0.2,3.4,0.1,3.0,0.2,3.7,0.2,2.6,0.1,2.3,0.2,2.9,0.2,1.9,0.1,1.6,0.1,2.2,0.1,1.3,0.1,0.9,0.1,1.6,0.1,0.9,0.1,0.6,0.1,1.1,0.1,0.7,0.1,0.4,0.1,0.9,0.1,17.8,0.2,19.3,0.4,16.5,0.3,5.6,0.1,6.1,0.2,5.1,0.2,11.5,0.2,12.1,0.3,10.9,0.3,45.7,0.3,46.2,0.5,45.3,0.4,71.3,0.3,68.8,0.5,73.5,0.3,67.5,0.3,64.9,0.4,69.8,0.3,10.8,0.2,8.9,0.3,12.5,0.3,9.4,0.2,7.7,0.3,10.9,0.3,7.4,0.2,5.9,0.3,8.8,0.2,2.9,0.1,2.0,0.2,3.7,0.2,28.9,0.2,26.6,0.3,30.9,0.3,88.8,1.2,(X),(X),(X),(X),66.4,0.9,(X),(X),(X),(X),12.4,0.3,(X),(X),(X),(X),54.1,0.7,(X),(X),(X),(X),0.3,(X),(X),(X),(X),(X),1.2,(X),(X),(X),(X),(X)
5001100US3617,3617,"Congressional District 17 (111th Congress), New York",673886,5091,317919,3139,355967,3589,7.7,0.2,8.6,0.3,6.9,0.3,6.8,0.2,7.4,0.3,6.3,0.3,7.3,0.2,7.9,0.3,6.8,0.3,7.4,0.3,8.1,0.3,6.8,0.4,6.8,0.3,6.9,0.3,6.7,0.4,6.4,0.2,6.7,0.3,6.1,0.2,6.3,0.2,6.4,0.3,6.2,0.2,6.7,0.2,6.7,0.3,6.7,0.2,7.4,0.2,7.4,0.3,7.5,0.3,7.2,0.2,7.0,0.3,7.3,0.2,6.5,0.2,6.4,0.2,6.6,0.2,6.0,0.2,5.8,0.3,6.2,0.2,4.6,0.2,4.3,0.2,4.9,0.2,3.6,0.1,3.3,0.2,3.9,0.2,2.9,0.1,2.7,0.2,3.2,0.2,2.5,0.1,1.9,0.1,3.0,0.2,1.9,0.1,1.4,0.1,2.3,0.2,2.1,0.1,1.3,0.1,2.8,0.2,14.1,0.3,15.3,0.4,13.0,0.3,4.5,0.2,4.9,0.2,4.1,0.2,9.7,0.3,10.1,0.4,9.3,0.5,40.9,0.4,42.1,0.5,39.9,0.5,76.7,0.3,74.4,0.5,78.7,0.4,73.7,0.4,71.3,0.5,75.9,0.4,17.6,0.3,14.8,0.4,20.0,0.4,15.6,0.3,13.1,0.4,17.8,0.4,12.9,0.3,10.5,0.3,15.1,0.4,6.4,0.2,4.6,0.2,8.1,0.3,36.0,0.4,33.4,0.5,38.3,0.5,89.3,1.2,(X),(X),(X),(X),64.5,1.0,(X),(X),(X),(X),21.3,0.5,(X),(X),(X),(X),43.2,0.8,(X),(X),(X),(X),0.3,(X),(X),(X),(X),(X),1.4,(X),(X),(X),(X),(X)
5001100US3618,3618,"Congressional District 18 (111th Congress), New York",675034,2272,327901,1789,347133,1866,6.4,0.1,6.6,0.2,6.2,0.2,6.7,0.2,7.1,0.2,6.3,0.3,7.1,0.2,7.5,0.3,6.6,0.3,7.2,0.2,7.4,0.2,6.9,0.3,5.8,0.2,6.2,0.2,5.5,0.2,5.0,0.1,5.1,0.2,5.0,0.2,5.5,0.1,5.9,0.2,5.2,0.2,7.0,0.2,7.0,0.3,7.1,0.3,7.9,0.2,8.2,0.3,7.6,0.3,8.1,0.1,8.2,0.2,8.0,0.2,7.4,0.1,7.4,0.2,7.5,0.2,6.5,0.2,6.3,0.3,6.8,0.2,5.0,0.2,4.9,0.3,5.1,0.2,3.8,0.1,3.5,0.2,4.0,0.2,3.2,0.1,3.0,0.2,3.4,0.2,2.9,0.1,2.6,0.1,3.1,0.2,2.2,0.1,1.8,0.1,2.5,0.1,2.3,0.2,1.4,0.1,3.1,0.3,13.8,0.2,14.6,0.2,12.9,0.3,4.5,0.1,4.7,0.2,4.2,0.1,8.5,0.2,8.9,0.2,8.2,0.4,38.5,0.3,39.8,0.4,37.2,0.4,78.3,0.2,77.3,0.3,79.4,0.3,75.4,0.2,74.1,0.3,76.6,0.3,19.3,0.3,17.2,0.3,21.3,0.4,17.0,0.2,15.0,0.3,19.0,0.3,14.3,0.2,12.3,0.2,16.2,0.3,7.3,0.2,5.8,0.2,8.7,0.2,39.6,0.3,38.2,0.4,40.8,0.3,94.5,0.8,(X),(X),(X),(X),63.6,0.6,(X),(X),(X),(X),23.4,0.4,(X),(X),(X),(X),40.3,0.5,(X),(X),(X),(X),0.2,(X),(X),(X),(X),(X),1.0,(X),(X),(X),(X),(X)
5001100US3619,3619,"Congressional District 19 (111th Congress), New York",702767,1077,355033,1872,347734,1899,6.3,0.1,6.3,0.2,6.2,0.2,6.9,0.2,6.9,0.3,7.0,0.3,7.7,0.2,7.8,0.3,7.6,0.3,7.8,0.2,8.2,0.3,7.3,0.3,6.2,0.2,6.9,0.2,5.5,0.2,4.5,0.2,4.9,0.2,4.2,0.2,5.1,0.2,5.3,0.2,4.9,0.2,7.3,0.2,7.3,0.2,7.3,0.3,8.7,0.2,8.6,0.3,8.8,0.2,9.1,0.2,9.1,0.2,9.1,0.2,7.6,0.1,7.7,0.2,7.6,0.2,6.4,0.2,6.5,0.2,6.4,0.2,4.8,0.2,4.7,0.2,4.9,0.2,3.3,0.1,3.2,0.1,3.5,0.2,2.7,0.1,2.5,0.1,2.9,0.2,2.2,0.1,2.0,0.1,2.5,0.2,1.7,0.1,1.2,0.1,2.1,0.1,1.6,0.1,1.0,0.1,2.2,0.2,14.6,0.2,14.6,0.3,14.6,0.3,4.8,0.1,4.9,0.2,4.6,0.2,9.2,0.2,10.2,0.3,8.2,0.3,39.6,0.2,41.1,0.4,38.1,0.3,77.5,0.2,77.4,0.3,77.6,0.3,74.4,0.2,74.2,0.3,74.6,0.3,16.3,0.2,14.6,0.3,18.1,0.3,14.2,0.2,12.4,0.2,15.9,0.3,11.5,0.2,9.9,0.2,13.1,0.2,5.4,0.1,4.2,0.1,6.7,0.2,38.8,0.2,37.8,0.3,40.0,0.3,102.1,1.0,(X),(X),(X),(X),59.1,0.6,(X),(X),(X),(X),18.3,0.3,(X),(X),(X),(X),40.8,0.5,(X),(X),(X),(X),0.2,(X),(X),(X),(X),(X),0.9,(X),(X),(X),(X),(X)
5001100US3620,3620,"Congressional District 20 (111th Congress), New York",676866,1035,338648,1050,338218,1204,5.0,0.1,5.2,0.1,4.9,0.1,5.7,0.2,6.1,0.2,5.4,0.2,6.4,0.2,6.5,0.2,6.4,0.2,7.6,0.2,8.1,0.3,7.2,0.2,6.2,0.1,6.5,0.2,5.9,0.2,5.1,0.1,5.5,0.2,4.6,0.1,5.1,0.1,5.2,0.1,5.1,0.1,6.7,0.2,6.8,0.2,6.6,0.2,8.0,0.2,8.0,0.2,8.0,0.2,8.5,0.1,8.6,0.2,8.5,0.1,8.1,0.1,8.1,0.1,8.1,0.2,7.1,0.1,7.1,0.2,7.2,0.2,5.8,0.1,5.7,0.2,5.9,0.2,4.3,0.1,4.3,0.2,4.4,0.2,3.4,0.1,3.2,0.2,3.7,0.2,2.7,0.1,2.5,0.1,3.0,0.2,2.0,0.1,1.6,0.1,2.3,0.1,2.1,0.1,1.3,0.1,2.8,0.2,12.2,0.2,12.6,0.2,11.7,0.2,4.6,0.1,4.9,0.3,4.3,0.1,9.2,0.2,9.7,0.2,8.8,0.2,38.7,0.2,40.1,0.3,37.4,0.3,81.4,0.2,80.8,0.3,82.0,0.2,78.2,0.1,77.4,0.2,79.1,0.2,20.3,0.2,18.5,0.2,22.2,0.3,17.7,0.2,15.8,0.2,19.7,0.3,14.5,0.1,12.8,0.1,16.3,0.2,6.8,0.1,5.4,0.1,8.2,0.2,41.4,0.2,40.1,0.2,42.6,0.2,100.1,0.6,(X),(X),(X),(X),57.0,0.3,(X),(X),(X),(X),22.8,0.2,(X),(X),(X),(X),34.2,0.3,(X),(X),(X),(X),0.2,(X),(X),(X),(X),(X),1.0,(X),(X),(X),(X),(X)
5001100US3621,3621,"Congressional District 21 (111th Congress), New York",661686,511,320630,674,341056,801,5.6,0.1,5.9,0.1,5.3,0.1,5.8,0.2,6.1,0.2,5.5,0.2,6.3,0.2,6.6,0.2,6.0,0.2,8.1,0.1,8.6,0.1,7.7,0.1,8.4,0.1,8.8,0.1,8.1,0.1,5.8,0.1,5.9,0.1,5.6,0.1,5.4,0.1,5.5,0.1,5.3,0.1,6.2,0.2,6.3,0.2,6.1,0.2,7.4,0.2,7.6,0.2,7.3,0.2,7.7,0.1,7.7,0.1,7.6,0.1,7.3,0.1,7.4,0.1,7.2,0.1,6.5,0.1,6.5,0.2,6.5,0.1,5.1,0.1,5.1,0.2,5.1,0.1,3.6,0.1,3.4,0.1,3.8,0.1,3.1,0.1,2.8,0.1,3.3,0.1,2.9,0.1,2.4,0.1,3.3,0.2,2.5,0.1,2.0,0.1,3.0,0.2,2.4,0.2,1.4,0.1,3.3,0.3,12.1,0.1,12.7,0.1,11.5,0.1,4.1,0.1,4.3,0.1,3.9,0.1,12.4,0.1,13.0,0.1,11.9,0.1,41.3,0.1,42.7,0.2,40.1,0.1,81.0,0.1,80.0,0.2,81.9,0.2,78.2,0.1,77.0,0.2,79.3,0.1,19.6,0.2,17.1,0.2,21.9,0.2,17.3,0.1,14.7,0.2,19.8,0.2,14.4,0.1,12.0,0.1,16.8,0.1,7.8,0.1,5.8,0.1,9.7,0.1,38.8,0.2,37.1,0.2,40.3,0.2,94.0,0.4,(X),(X),(X),(X),56.8,0.2,(X),(X),(X),(X),22.7,0.2,(X),(X),(X),(X),34.1,0.2,(X),(X),(X),(X),0.2,(X),(X),(X),(X),(X),0.8,(X),(X),(X),(X),(X)
5001100US3622,3622,"Congressional District 22 (111th Congress), New York",666549,725,328403,1083,338146,1122,5.4,0.1,5.6,0.2,5.2,0.2,5.7,0.2,5.9,0.2,5.5,0.2,6.5,0.2,6.9,0.3,6.1,0.2,8.6,0.2,8.8,0.2,8.4,0.2,8.8,0.1,8.9,0.2,8.7,0.2,6.1,0.1,6.3,0.2,5.9,0.2,5.5,0.1,5.9,0.2,5.1,0.1,6.3,0.2,6.5,0.2,6.2,0.2,7.4,0.2,7.6,0.3,7.3,0.2,7.7,0.1,7.9,0.2,7.6,0.2,7.0,0.1,7.1,0.2,6.9,0.2,6.2,0.2,6.1,0.2,6.3,0.2,5.2,0.2,5.1,0.2,5.3,0.2,3.8,0.1,3.7,0.2,3.8,0.1,3.0,0.1,2.6,0.1,3.4,0.1,2.6,0.1,2.3,0.1,3.0,0.2,2.2,0.1,1.7,0.1,2.6,0.2,1.9,0.1,1.1,0.1,2.6,0.2,12.2,0.1,12.8,0.2,11.6,0.2,4.3,0.1,4.5,0.1,4.1,0.1,13.1,0.1,13.1,0.2,13.0,0.2,42.8,0.2,44.0,0.3,41.6,0.2,81.1,0.1,80.2,0.3,82.0,0.2,78.1,0.1,77.1,0.2,79.1,0.2,18.7,0.2,16.5,0.3,20.8,0.3,16.4,0.2,14.3,0.2,18.5,0.2,13.5,0.1,11.4,0.2,15.5,0.2,6.7,0.1,5.1,0.1,8.2,0.2,37.7,0.3,36.3,0.3,39.2,0.2,97.1,0.6,(X),(X),(X),(X),54.7,0.4,(X),(X),(X),(X),20.9,0.3,(X),(X),(X),(X),33.9,0.3,(X),(X),(X),(X),0.1,(X),(X),(X),(X),(X),1.1,(X),(X),(X),(X),(X)
5001100US3623,3623,"Congressional District 23 (111th Congress), New York",657218,732,333335,620,323883,707,5.6,0.1,5.6,0.1,5.5,0.1,5.7,0.1,5.8,0.2,5.6,0.2,6.5,0.2,6.6,0.2,6.4,0.2,8.5,0.1,8.7,0.2,8.2,0.2,8.5,0.1,9.2,0.2,7.8,0.1,6.2,0.1,6.5,0.1,5.8,0.1,5.3,0.1,5.6,0.1,5.0,0.1,6.3,0.1,6.4,0.2,6.2,0.2,7.6,0.1,7.7,0.2,7.4,0.2,8.0,0.1,8.1,0.1,7.8,0.1,7.3,0.1,7.2,0.1,7.3,0.1,6.4,0.1,6.3,0.1,6.4,0.2,5.2,0.1,5.0,0.1,5.3,0.2,3.8,0.1,3.7,0.1,4.0,0.1,3.2,0.1,2.9,0.1,3.4,0.1,2.6,0.1,2.2,0.1,3.0,0.1,1.9,0.1,1.4,0.1,2.4,0.1,1.6,0.1,1.0,0.1,2.2,0.2,12.2,0.1,12.4,0.1,12.1,0.1,4.5,0.1,4.6,0.1,4.3,0.1,12.6,0.1,13.4,0.2,11.7,0.2,42.4,0.1,44.1,0.2,40.5,0.2,80.7,0.1,80.5,0.2,80.9,0.2,77.7,0.1,77.4,0.1,78.1,0.1,18.2,0.1,16.2,0.2,20.4,0.2,16.0,0.1,13.9,0.1,18.1,0.2,13.1,0.1,11.1,0.1,15.1,0.1,6.1,0.1,4.6,0.1,7.7,0.1,38.1,0.2,36.6,0.3,39.5,0.2,102.9,0.3,(X),(X),(X),(X),54.6,0.2,(X),(X),(X),(X),20.2,0.1,(X),(X),(X),(X),34.4,0.2,(X),(X),(X),(X),0.1,(X),(X),(X),(X),(X),0.6,(X),(X),(X),(X),(X)
5001100US3624,3624,"Congressional District 24 (111th Congress), New York",644571,846,320510,947,324061,907,5.4,0.1,5.5,0.1,5.2,0.1,5.7,0.2,6.0,0.2,5.5,0.2,6.4,0.2,6.4,0.2,6.3,0.2,8.1,0.1,8.3,0.2,7.9,0.2,7.9,0.1,8.3,0.2,7.5,0.2,5.3,0.1,5.7,0.1,4.8,0.1,5.1,0.1,5.5,0.1,4.7,0.1,6.3,0.1,6.4,0.2,6.2,0.2,7.2,0.2,7.5,0.2,6.8,0.2,7.9,0.1,8.0,0.2,7.8,0.1,7.6,0.1,7.7,0.1,7.5,0.1,6.8,0.1,6.7,0.2,6.9,0.2,5.4,0.1,5.2,0.2,5.6,0.1,4.2,0.1,3.9,0.1,4.4,0.1,3.3,0.1,3.1,0.1,3.4,0.1,2.9,0.1,2.6,0.1,3.3,0.2,2.5,0.1,1.8,0.1,3.1,0.1,2.3,0.1,1.4,0.1,3.1,0.2,12.1,0.1,12.4,0.2,11.7,0.1,4.4,0.1,4.5,0.1,4.2,0.1,11.6,0.2,12.1,0.2,11.2,0.2,39.8,0.2,41.7,0.3,37.9,0.2,81.1,0.1,80.7,0.2,81.6,0.2,78.2,0.1,77.6,0.2,78.8,0.2,20.5,0.2,18.0,0.2,23.0,0.2,18.2,0.2,15.8,0.2,20.5,0.2,15.1,0.1,12.8,0.1,17.4,0.2,7.7,0.1,5.8,0.1,9.6,0.1,40.0,0.3,38.5,0.3,41.5,0.2,98.9,0.5,(X),(X),(X),(X),58.6,0.4,(X),(X),(X),(X),24.0,0.2,(X),(X),(X),(X),34.6,0.2,(X),(X),(X),(X),0.2,(X),(X),(X),(X),(X),0.9,(X),(X),(X),(X),(X)
5001100US3625,3625,"Congressional District 25 (111th Congress), New York",652624,1040,316724,867,335900,817,5.8,0.1,6.2,0.1,5.5,0.1,6.3,0.2,6.7,0.2,6.0,0.2,7.0,0.2,7.4,0.2,6.6,0.2,7.7,0.1,8.1,0.1,7.3,0.1,6.1,0.1,6.4,0.1,5.8,0.1,5.9,0.1,6.0,0.1,5.8,0.1,5.5,0.1,5.6,0.1,5.4,0.1,6.4,0.2,6.2,0.2,6.6,0.2,7.7,0.2,7.9,0.2,7.5,0.2,8.2,0.1,8.2,0.1,8.2,0.1,7.7,0.1,7.8,0.1,7.6,0.1,6.5,0.1,6.4,0.2,6.6,0.2,5.1,0.1,5.1,0.2,5.0,0.2,3.9,0.1,3.7,0.1,4.1,0.1,3.0,0.1,2.9,0.1,3.1,0.1,2.8,0.1,2.5,0.1,3.2,0.1,2.3,0.1,1.8,0.1,2.7,0.1,2.1,0.1,1.3,0.1,2.8,0.1,13.3,0.1,14.1,0.1,12.6,0.1,4.6,0.1,4.8,0.1,4.4,0.1,9.2,0.1,9.6,0.1,8.8,0.1,39.3,0.1,40.1,0.2,38.5,0.1,79.3,0.1,78.1,0.2,80.5,0.2,76.3,0.1,74.9,0.2,77.5,0.1,19.2,0.1,17.2,0.2,21.0,0.2,16.9,0.1,14.8,0.2,18.8,0.1,14.1,0.1,12.1,0.1,16.0,0.1,7.2,0.1,5.6,0.1,8.8,0.1,39.5,0.2,38.1,0.2,40.7,0.2,94.3,0.4,(X),(X),(X),(X),60.9,0.2,(X),(X),(X),(X),22.7,0.1,(X),(X),(X),(X),38.2,0.2,(X),(X),(X),(X),0.1,(X),(X),(X),(X),(X),0.6,(X),(X),(X),(X),(X)
5001100US3626,3626,"Congressional District 26 (111th Congress), New York",651816,656,321184,1383,330632,1508,5.5,0.1,5.6,0.2,5.4,0.2,5.9,0.2,6.0,0.2,5.8,0.2,6.5,0.2,6.9,0.2,6.1,0.2,7.8,0.2,8.1,0.3,7.6,0.3,7.0,0.2,7.3,0.2,6.8,0.3,5.5,0.2,6.0,0.2,5.0,0.2,5.0,0.2,5.2,0.2,4.7,0.2,6.6,0.2,6.9,0.2,6.2,0.2,7.7,0.2,7.6,0.2,7.7,0.2,8.6,0.2,8.6,0.2,8.5,0.2,7.7,0.1,7.9,0.2,7.5,0.2,6.5,0.2,6.6,0.3,6.4,0.2,5.2,0.2,5.2,0.2,5.2,0.2,3.9,0.1,3.8,0.2,4.0,0.2,3.2,0.1,2.9,0.1,3.5,0.2,2.9,0.1,2.3,0.1,3.4,0.2,2.3,0.1,1.8,0.1,2.9,0.2,2.3,0.1,1.4,0.1,3.2,0.2,12.4,0.2,12.8,0.3,12.0,0.3,4.3,0.1,4.5,0.2,4.1,0.1,10.6,0.2,10.9,0.3,10.3,0.3,39.6,0.3,41.1,0.3,38.1,0.4,80.7,0.2,80.1,0.3,81.3,0.3,77.8,0.2,77.1,0.3,78.5,0.3,19.8,0.2,17.4,0.3,22.1,0.3,17.6,0.2,15.1,0.3,20.0,0.3,14.6,0.2,12.2,0.2,17.0,0.2,7.5,0.2,5.5,0.1,9.5,0.2,40.1,0.2,38.7,0.3,41.5,0.3,97.1,0.8,(X),(X),(X),(X),58.2,0.5,(X),(X),(X),(X),23.1,0.3,(X),(X),(X),(X),35.1,0.4,(X),(X),(X),(X),0.1,(X),(X),(X),(X),(X),0.8,(X),(X),(X),(X),(X)
5001100US3627,3627,"Congressional District 27 (111th Congress), New York",635016,2425,308024,1833,326992,1764,5.2,0.1,5.5,0.2,5.0,0.2,5.8,0.2,6.2,0.2,5.5,0.2,6.5,0.2,6.9,0.2,6.2,0.2,7.0,0.1,7.1,0.2,6.9,0.2,6.4,0.1,6.6,0.2,6.2,0.2,6.4,0.1,6.7,0.2,6.2,0.2,5.5,0.1,5.7,0.2,5.2,0.2,6.3,0.2,6.4,0.2,6.2,0.2,7.2,0.2,7.4,0.3,7.0,0.2,8.0,0.2,8.3,0.2,7.7,0.2,7.8,0.1,8.0,0.2,7.6,0.2,6.7,0.1,6.8,0.2,6.6,0.2,5.3,0.1,5.1,0.2,5.5,0.2,4.3,0.1,4.1,0.1,4.5,0.1,3.5,0.1,3.2,0.1,3.8,0.2,3.3,0.1,2.7,0.1,3.8,0.2,2.6,0.1,2.0,0.1,3.1,0.2,2.1,0.1,1.3,0.1,2.9,0.2,12.3,0.2,13.0,0.2,11.7,0.2,4.3,0.1,4.4,0.2,4.2,0.1,9.1,0.2,9.4,0.2,8.9,0.2,38.8,0.2,40.0,0.3,37.8,0.3,80.9,0.2,79.9,0.3,81.9,0.3,78.2,0.2,77.1,0.3,79.1,0.3,21.1,0.2,18.4,0.2,23.6,0.3,18.9,0.2,16.3,0.2,21.3,0.3,15.8,0.1,13.3,0.2,18.1,0.2,8.0,0.1,6.0,0.1,9.9,0.2,40.5,0.3,39.2,0.3,41.8,0.3,94.2,0.8,(X),(X),(X),(X),60.4,0.5,(X),(X),(X),(X),25.4,0.3,(X),(X),(X),(X),35.0,0.4,(X),(X),(X),(X),0.2,(X),(X),(X),(X),(X),0.7,(X),(X),(X),(X),(X)
5001100US3628,3628,"Congressional District 28 (111th Congress), New York",608176,2677,290007,2126,318169,2038,5.9,0.2,6.3,0.2,5.5,0.2,6.1,0.2,6.5,0.3,5.8,0.3,6.8,0.2,7.5,0.3,6.3,0.2,7.9,0.2,8.4,0.3,7.4,0.2,7.8,0.2,8.0,0.3,7.6,0.3,7.0,0.2,7.1,0.2,6.9,0.2,6.2,0.2,6.4,0.3,6.0,0.2,6.2,0.2,6.2,0.3,6.2,0.2,6.9,0.2,7.1,0.3,6.8,0.2,7.6,0.2,7.5,0.3,7.6,0.2,7.2,0.2,7.0,0.2,7.3,0.2,6.1,0.2,5.9,0.2,6.3,0.2,4.8,0.2,4.8,0.2,4.8,0.2,3.4,0.1,3.2,0.2,3.6,0.2,2.9,0.1,2.6,0.2,3.1,0.2,2.8,0.1,2.3,0.1,3.2,0.2,2.3,0.1,1.7,0.1,2.9,0.2,2.2,0.1,1.5,0.1,2.8,0.2,13.0,0.2,14.0,0.3,12.0,0.3,4.6,0.1,4.9,0.2,4.4,0.2,11.1,0.2,11.5,0.3,10.6,0.3,41.9,0.3,43.1,0.4,40.8,0.4,79.6,0.2,78.0,0.4,81.0,0.4,76.6,0.2,74.8,0.4,78.1,0.3,18.4,0.3,16.1,0.3,20.5,0.4,16.3,0.3,14.2,0.3,18.3,0.3,13.6,0.2,11.3,0.2,15.7,0.3,7.3,0.2,5.5,0.2,9.0,0.3,36.9,0.3,34.9,0.3,38.7,0.4,91.1,1.0,(X),(X),(X),(X),58.8,0.6,(X),(X),(X),(X),21.6,0.4,(X),(X),(X),(X),37.2,0.5,(X),(X),(X),(X),0.2,(X),(X),(X),(X),(X),0.9,(X),(X),(X),(X),(X)
5001100US3629,3629,"Congressional District 29 (111th Congress), New York",655784,917,323191,1377,332593,1345,5.6,0.1,5.8,0.2,5.4,0.1,6.1,0.1,6.3,0.2,5.9,0.2,6.6,0.2,6.8,0.2,6.5,0.2,8.3,0.2,8.9,0.2,7.7,0.2,7.1,0.1,7.6,0.2,6.5,0.2,5.1,0.1,5.4,0.2,4.8,0.1,4.9,0.1,5.0,0.2,4.8,0.1,6.2,0.2,6.3,0.2,6.1,0.2,7.1,0.1,7.0,0.2,7.1,0.2,8.1,0.1,8.1,0.2,8.1,0.2,7.7,0.1,7.7,0.1,7.7,0.1,6.9,0.1,6.9,0.2,7.0,0.2,5.6,0.1,5.6,0.2,5.5,0.2,4.1,0.1,3.9,0.1,4.3,0.2,3.4,0.1,3.2,0.2,3.6,0.2,2.8,0.1,2.4,0.1,3.1,0.1,2.4,0.1,1.9,0.1,2.9,0.1,2.1,0.1,1.3,0.1,2.9,0.2,12.7,0.1,13.1,0.2,12.4,0.2,4.6,0.1,4.9,0.1,4.3,0.1,10.8,0.2,11.7,0.3,9.9,0.2,38.6,0.2,40.2,0.3,37.1,0.2,80.2,0.1,79.6,0.2,80.8,0.2,77.1,0.1,76.3,0.2,77.9,0.2,20.4,0.2,18.4,0.2,22.4,0.2,18.1,0.2,16.1,0.2,20.0,0.2,14.8,0.1,12.8,0.1,16.8,0.2,7.3,0.1,5.6,0.1,8.9,0.2,40.1,0.2,38.5,0.3,41.8,0.3,97.2,0.8,(X),(X),(X),(X),60.6,0.3,(X),(X),(X),(X),23.8,0.2,(X),(X),(X),(X),36.7,0.2,(X),(X),(X),(X),0.1,(X),(X),(X),(X),(X),0.6,(X),(X),(X),(X),(X)
5001100US3701,3701,"Congressional District 1 (111th Congress), North Carolina",613002,3706,291499,2375,321503,2357,7.0,0.1,7.4,0.2,6.6,0.2,6.5,0.2,7.1,0.3,6.0,0.2,6.5,0.2,6.9,0.3,6.1,0.2,7.2,0.2,7.9,0.3,6.5,0.2,7.9,0.2,8.6,0.4,7.3,0.2,5.9,0.1,6.3,0.2,5.6,0.2,5.4,0.1,5.7,0.2,5.2,0.2,5.9,0.2,5.8,0.3,6.0,0.3,6.8,0.2,6.9,0.3,6.8,0.3,7.4,0.1,7.2,0.2,7.6,0.2,7.2,0.1,7.0,0.2,7.3,0.2,6.2,0.2,6.0,0.2,6.3,0.3,5.6,0.2,5.4,0.2,5.8,0.2,4.1,0.1,3.8,0.2,4.4,0.2,3.4,0.1,2.9,0.2,3.9,0.1,3.0,0.1,2.4,0.1,3.6,0.2,2.2,0.1,1.6,0.1,2.7,0.2,1.8,0.1,1.0,0.1,2.5,0.2,13.0,0.2,14.1,0.3,12.1,0.2,4.2,0.1,4.5,0.2,4.0,0.2,10.8,0.2,12.0,0.4,9.8,0.3,39.1,0.2,41.1,0.3,37.3,0.3,78.6,0.3,76.9,0.4,80.1,0.3,75.8,0.2,74.0,0.3,77.4,0.3,20.1,0.3,17.2,0.3,22.8,0.3,17.7,0.3,14.8,0.3,20.2,0.3,14.5,0.2,11.8,0.2,17.1,0.2,7.0,0.1,5.0,0.1,8.8,0.1,38.1,0.3,35.1,0.3,40.6,0.4,90.7,0.9,(X),(X),(X),(X),63.3,0.6,(X),(X),(X),(X),23.8,0.4,(X),(X),(X),(X),39.5,0.5,(X),(X),(X),(X),0.2,(X),(X),(X),(X),(X),0.8,(X),(X),(X),(X),(X)
5001100US3702,3702,"Congressional District 2 (111th Congress), North Carolina",711327,4106,354676,2977,356651,2455,7.7,0.2,7.9,0.2,7.5,0.2,7.0,0.2,7.1,0.3,7.0,0.3,6.9,0.2,7.1,0.2,6.7,0.3,8.1,0.2,8.4,0.3,7.9,0.4,7.8,0.3,9.0,0.5,6.7,0.4,7.4,0.2,7.6,0.2,7.2,0.2,7.1,0.2,7.2,0.2,7.0,0.2,7.5,0.2,7.7,0.3,7.3,0.3,7.3,0.2,7.4,0.3,7.2,0.3,6.9,0.1,6.9,0.2,7.0,0.2,6.2,0.1,6.0,0.1,6.4,0.2,5.5,0.2,5.2,0.2,5.7,0.2,4.4,0.1,4.3,0.2,4.6,0.2,3.2,0.1,2.9,0.1,3.5,0.2,2.5,0.1,2.1,0.1,2.8,0.1,2.0,0.1,1.6,0.1,2.4,0.1,1.3,0.1,1.0,0.1,1.6,0.1,1.1,0.1,0.6,0.1,1.6,0.1,14.0,0.2,14.3,0.2,13.7,0.2,4.1,0.1,4.1,0.2,4.1,0.1,11.9,0.3,13.2,0.5,10.5,0.3,45.2,0.2,47.2,0.4,43.2,0.3,77.0,0.2,76.5,0.3,77.6,0.3,74.2,0.2,73.7,0.3,74.7,0.3,14.5,0.2,12.5,0.3,16.5,0.2,12.4,0.2,10.6,0.2,14.3,0.2,10.0,0.1,8.2,0.2,11.9,0.2,4.4,0.1,3.2,0.1,5.6,0.1,33.5,0.3,32.0,0.3,35.0,0.2,99.4,1.0,(X),(X),(X),(X),55.9,0.6,(X),(X),(X),(X),15.7,0.2,(X),(X),(X),(X),40.2,0.5,(X),(X),(X),(X),0.2,(X),(X),(X),(X),(X),0.8,(X),(X),(X),(X),(X)
5001100US3703,3703,"Congressional District 3 (111th Congress), North Carolina",682609,3785,345222,2393,337387,2335,7.1,0.1,7.3,0.1,6.8,0.2,6.2,0.2,6.4,0.3,6.1,0.2,6.2,0.2,6.1,0.2,6.2,0.2,7.6,0.1,8.4,0.2,6.7,0.2,11.3,0.2,13.5,0.2,9.0,0.2,6.0,0.1,6.1,0.2,5.9,0.2,5.5,0.1,5.4,0.2,5.6,0.2,6.0,0.2,5.9,0.3,6.1,0.3,6.9,0.2,6.5,0.3,7.2,0.2,7.0,0.1,6.7,0.2,7.2,0.1,6.7,0.1,6.4,0.2,7.0,0.2,6.1,0.2,6.0,0.2,6.3,0.2,5.2,0.1,4.7,0.2,5.7,0.2,4.0,0.1,3.8,0.1,4.2,0.2,3.2,0.1,2.9,0.1,3.5,0.2,2.4,0.1,2.0,0.1,2.8,0.2,1.7,0.1,1.3,0.1,2.0,0.1,1.2,0.1,0.7,0.1,1.7,0.1,12.4,0.2,12.5,0.2,12.3,0.2,3.9,0.1,4.0,0.1,3.8,0.1,14.9,0.2,17.9,0.3,11.9,0.2,43.2,0.2,45.8,0.4,40.5,0.3,79.2,0.2,79.0,0.3,79.5,0.3,76.6,0.2,76.2,0.3,77.1,0.3,17.6,0.2,15.4,0.2,19.9,0.3,15.4,0.2,13.3,0.2,17.6,0.2,12.4,0.2,10.7,0.2,14.2,0.2,5.2,0.1,4.0,0.1,6.5,0.2,35.2,0.3,32.0,0.3,38.1,0.3,102.3,0.8,(X),(X),(X),(X),55.8,0.5,(X),(X),(X),(X),19.4,0.3,(X),(X),(X),(X),36.4,0.4,(X),(X),(X),(X),0.1,(X),(X),(X),(X),(X),0.7,(X),(X),(X),(X),(X)
5001100US3704,3704,"Congressional District 4 (111th Congress), North Carolina",763404,2656,370931,1980,392473,1982,7.5,0.1,7.8,0.2,7.3,0.2,7.0,0.1,7.3,0.2,6.7,0.2,6.8,0.1,7.2,0.2,6.3,0.2,7.0,0.2,7.2,0.2,6.8,0.2,7.1,0.1,7.0,0.2,7.2,0.2,7.6,0.2,7.7,0.3,7.5,0.2,8.0,0.1,7.9,0.2,8.1,0.2,8.0,0.2,8.3,0.3,7.6,0.2,7.9,0.2,7.8,0.3,8.0,0.2,7.9,0.1,7.9,0.2,7.9,0.2,6.7,0.1,6.6,0.2,6.8,0.1,5.5,0.1,5.5,0.2,5.5,0.2,4.2,0.1,4.0,0.2,4.4,0.2,2.8,0.1,2.8,0.1,2.8,0.1,2.0,0.1,1.9,0.1,2.1,0.1,1.6,0.1,1.4,0.1,1.8,0.1,1.3,0.1,0.9,0.1,1.6,0.1,1.1,0.1,0.7,0.1,1.5,0.1,13.8,0.1,14.5,0.2,13.0,0.2,4.0,0.1,4.3,0.1,3.7,0.1,10.1,0.2,9.9,0.2,10.3,0.2,45.6,0.2,45.9,0.3,45.3,0.2,77.4,0.2,76.3,0.3,78.5,0.2,74.7,0.2,73.4,0.3,76.0,0.2,13.0,0.1,11.8,0.2,14.2,0.2,11.1,0.1,9.9,0.2,12.2,0.2,8.8,0.1,7.7,0.1,9.8,0.2,4.0,0.1,3.1,0.1,4.9,0.1,34.4,0.1,33.8,0.3,35.0,0.2,94.5,0.7,(X),(X),(X),(X),51.7,0.4,(X),(X),(X),(X),13.3,0.2,(X),(X),(X),(X),38.3,0.3,(X),(X),(X),(X),0.2,(X),(X),(X),(X),(X),0.7,(X),(X),(X),(X),(X)
5001100US3705,3705,"Congressional District 5 (111th Congress), North Carolina",675619,2701,328415,1724,347204,1678,6.0,0.1,6.5,0.2,5.6,0.2,6.4,0.2,6.9,0.3,5.9,0.2,6.4,0.2,6.6,0.2,6.2,0.2,6.5,0.1,6.7,0.2,6.4,0.2,6.3,0.1,6.6,0.2,6.0,0.2,5.5,0.1,5.6,0.2,5.4,0.2,6.0,0.1,6.1,0.2,5.9,0.2,6.9,0.2,7.1,0.3,6.6,0.2,7.7,0.2,7.7,0.2,7.7,0.2,7.8,0.1,7.9,0.2,7.6,0.1,7.3,0.1,7.3,0.1,7.2,0.1,6.7,0.1,6.6,0.2,6.9,0.2,5.8,0.2,5.7,0.2,5.9,0.2,4.4,0.1,4.2,0.2,4.5,0.2,3.5,0.1,3.3,0.2,3.8,0.1,2.8,0.1,2.6,0.1,3.1,0.2,2.2,0.1,1.7,0.1,2.7,0.2,1.7,0.1,0.9,0.1,2.4,0.2,12.8,0.1,13.5,0.2,12.1,0.2,3.9,0.1,4.1,0.1,3.8,0.1,8.9,0.1,9.2,0.2,8.6,0.2,39.0,0.2,39.9,0.3,38.1,0.2,79.8,0.2,78.7,0.3,80.9,0.2,77.2,0.2,76.0,0.2,78.4,0.2,20.4,0.2,18.3,0.2,22.4,0.3,17.9,0.2,15.9,0.2,19.7,0.2,14.6,0.1,12.6,0.1,16.5,0.2,6.7,0.1,5.1,0.1,8.2,0.1,39.9,0.2,38.6,0.3,41.2,0.2,94.6,0.6,(X),(X),(X),(X),59.7,0.4,(X),(X),(X),(X),23.3,0.2,(X),(X),(X),(X),36.3,0.3,(X),(X),(X),(X),0.1,(X),(X),(X),(X),(X),0.6,(X),(X),(X),(X),(X)
5001100US3706,3706,"Congressional District 6 (111th Congress), North Carolina",686017,4693,335234,2571,350783,2753,6.1,0.1,6.4,0.2,5.8,0.2,6.4,0.2,6.7,0.3,6.0,0.2,7.0,0.2,7.2,0.2,6.8,0.3,6.4,0.1,6.6,0.2,6.2,0.2,5.5,0.1,6.0,0.2,5.1,0.2,6.0,0.1,6.0,0.2,6.1,0.2,6.1,0.1,6.2,0.2,6.0,0.1,7.1,0.2,7.2,0.3,6.9,0.3,7.5,0.2,7.7,0.3,7.3,0.2,7.9,0.1,8.0,0.2,7.8,0.2,7.3,0.1,7.4,0.2,7.1,0.1,6.6,0.2,6.5,0.2,6.6,0.2,5.8,0.2,5.7,0.2,5.9,0.2,4.2,0.1,4.2,0.2,4.3,0.2,3.3,0.1,3.0,0.2,3.6,0.1,2.9,0.1,2.5,0.1,3.3,0.2,2.2,0.1,1.7,0.1,2.6,0.2,1.8,0.1,1.1,0.1,2.5,0.2,13.4,0.2,13.9,0.2,12.8,0.2,4.2,0.1,4.3,0.1,4.0,0.1,7.7,0.2,8.3,0.2,7.2,0.2,38.6,0.2,39.6,0.3,37.5,0.3,79.1,0.2,78.2,0.3,79.9,0.3,76.4,0.2,75.3,0.3,77.3,0.3,20.2,0.2,18.1,0.3,22.3,0.3,17.7,0.2,15.6,0.2,19.6,0.3,14.4,0.2,12.5,0.2,16.3,0.2,6.9,0.1,5.3,0.1,8.4,0.2,39.6,0.3,38.6,0.3,40.7,0.3,95.6,0.7,(X),(X),(X),(X),61.5,0.5,(X),(X),(X),(X),23.3,0.3,(X),(X),(X),(X),38.2,0.4,(X),(X),(X),(X),0.2,(X),(X),(X),(X),(X),0.6,(X),(X),(X),(X),(X)
5001100US3707,3707,"Congressional District 7 (111th Congress), North Carolina",697709,2680,339756,1707,357953,1569,6.8,0.1,7.3,0.1,6.3,0.1,6.3,0.2,6.6,0.3,6.0,0.2,6.4,0.2,6.8,0.3,6.0,0.2,6.8,0.1,7.0,0.2,6.6,0.1,7.5,0.1,7.9,0.2,7.1,0.1,6.2,0.1,6.3,0.1,6.0,0.1,6.1,0.1,6.3,0.1,5.9,0.1,6.7,0.2,6.8,0.3,6.5,0.2,6.9,0.2,7.0,0.3,6.8,0.2,7.1,0.1,6.9,0.1,7.3,0.1,7.0,0.1,6.8,0.1,7.2,0.1,6.6,0.2,6.3,0.2,6.8,0.2,6.1,0.2,5.9,0.2,6.2,0.2,4.5,0.1,4.2,0.1,4.9,0.2,3.3,0.1,3.2,0.1,3.5,0.2,2.6,0.1,2.2,0.1,2.9,0.1,1.8,0.1,1.5,0.1,2.2,0.1,1.3,0.1,0.9,0.1,1.8,0.1,12.7,0.1,13.5,0.2,12.0,0.2,4.0,0.1,4.2,0.1,3.8,0.1,10.3,0.1,10.7,0.2,9.9,0.2,40.1,0.1,41.3,0.2,39.0,0.2,79.2,0.2,77.9,0.2,80.3,0.3,76.5,0.1,75.1,0.2,77.9,0.2,19.7,0.2,17.8,0.3,21.5,0.3,17.2,0.2,15.4,0.2,19.0,0.2,13.7,0.1,11.9,0.1,15.3,0.1,5.8,0.1,4.6,0.1,6.9,0.1,38.0,0.2,36.3,0.3,39.6,0.3,94.9,0.5,(X),(X),(X),(X),59.1,0.3,(X),(X),(X),(X),21.7,0.2,(X),(X),(X),(X),37.4,0.3,(X),(X),(X),(X),0.1,(X),(X),(X),(X),(X),0.6,(X),(X),(X),(X),(X)
5001100US3708,3708,"Congressional District 8 (111th Congress), North Carolina",673163,3950,329053,2672,344110,2544,7.8,0.2,8.1,0.2,7.5,0.2,7.1,0.2,7.4,0.3,6.8,0.3,7.0,0.2,7.2,0.3,6.8,0.3,7.5,0.2,8.0,0.3,7.1,0.3,7.6,0.2,8.1,0.4,7.1,0.2,7.5,0.1,7.5,0.2,7.4,0.2,7.2,0.2,7.4,0.2,6.9,0.2,7.5,0.2,7.3,0.3,7.7,0.3,7.2,0.2,7.4,0.3,7.0,0.3,7.1,0.1,7.3,0.2,6.9,0.2,6.2,0.1,6.1,0.2,6.3,0.2,5.3,0.2,5.3,0.2,5.4,0.2,4.4,0.1,4.1,0.2,4.6,0.2,3.3,0.1,3.0,0.1,3.6,0.1,2.4,0.1,2.2,0.1,2.5,0.1,2.0,0.1,1.7,0.1,2.4,0.1,1.5,0.1,1.1,0.1,1.9,0.1,1.4,0.1,0.7,0.1,2.0,0.2,14.1,0.2,14.6,0.3,13.6,0.3,4.3,0.1,4.6,0.2,4.1,0.2,10.8,0.3,11.4,0.4,10.1,0.3,44.4,0.3,45.7,0.4,43.2,0.4,76.6,0.3,75.7,0.3,77.4,0.3,73.7,0.2,72.6,0.3,74.8,0.3,15.0,0.2,12.8,0.2,17.0,0.3,13.0,0.2,11.0,0.2,14.8,0.2,10.6,0.1,8.7,0.1,12.4,0.2,4.9,0.1,3.5,0.1,6.3,0.2,33.9,0.3,32.4,0.3,35.2,0.3,95.6,1.0,(X),(X),(X),(X),58.5,0.5,(X),(X),(X),(X),16.8,0.2,(X),(X),(X),(X),41.7,0.5,(X),(X),(X),(X),0.1,(X),(X),(X),(X),(X),0.7,(X),(X),(X),(X),(X)
5001100US3709,3709,"Congressional District 9 (111th Congress), North Carolina",801778,3895,391974,2655,409804,2436,7.6,0.1,8.0,0.2,7.3,0.2,7.6,0.2,8.0,0.2,7.3,0.2,7.3,0.2,7.8,0.2,6.9,0.2,6.2,0.1,6.4,0.2,5.9,0.2,4.9,0.1,5.1,0.2,4.7,0.2,6.8,0.1,6.8,0.2,6.7,0.2,7.8,0.1,7.6,0.2,7.9,0.2,8.7,0.2,8.8,0.3,8.6,0.2,8.5,0.2,8.7,0.3,8.4,0.3,7.9,0.1,7.8,0.2,7.9,0.2,6.7,0.1,6.6,0.1,6.7,0.2,5.7,0.1,5.6,0.2,5.8,0.2,4.5,0.1,4.4,0.2,4.6,0.2,3.1,0.1,3.0,0.1,3.2,0.1,2.2,0.1,2.0,0.1,2.4,0.1,2.0,0.1,1.5,0.1,2.4,0.1,1.4,0.1,1.2,0.1,1.7,0.1,1.1,0.1,0.7,0.1,1.6,0.1,14.9,0.2,15.8,0.2,14.1,0.2,4.2,0.1,4.3,0.1,4.1,0.1,6.9,0.2,7.2,0.2,6.6,0.2,42.8,0.3,43.4,0.3,42.3,0.3,76.0,0.2,74.7,0.3,77.3,0.3,73.3,0.2,71.9,0.2,74.5,0.3,14.4,0.2,12.8,0.2,15.9,0.2,12.3,0.2,10.8,0.2,13.8,0.2,9.9,0.1,8.4,0.1,11.3,0.2,4.5,0.1,3.4,0.1,5.7,0.2,36.1,0.2,35.2,0.2,37.0,0.3,95.6,0.8,(X),(X),(X),(X),57.8,0.5,(X),(X),(X),(X),15.6,0.2,(X),(X),(X),(X),42.2,0.4,(X),(X),(X),(X),0.2,(X),(X),(X),(X),(X),0.7,(X),(X),(X),(X),(X)
5001100US3710,3710,"Congressional District 10 (111th Congress), North Carolina",667009,2188,328541,1407,338468,1378,6.3,0.1,6.5,0.1,6.1,0.1,6.5,0.2,6.8,0.2,6.1,0.3,6.8,0.2,7.0,0.2,6.6,0.2,6.9,0.1,7.4,0.2,6.4,0.1,5.5,0.1,5.8,0.1,5.2,0.1,5.8,0.1,6.0,0.1,5.6,0.1,6.1,0.1,6.4,0.1,5.9,0.1,7.1,0.2,7.3,0.3,7.0,0.2,7.7,0.2,7.9,0.3,7.6,0.2,7.8,0.1,7.8,0.2,7.8,0.1,7.1,0.1,7.2,0.1,7.0,0.1,6.7,0.1,6.5,0.2,6.9,0.2,5.5,0.1,5.5,0.2,5.4,0.2,4.4,0.1,4.2,0.2,4.6,0.2,3.4,0.1,3.0,0.1,3.8,0.1,2.9,0.1,2.5,0.1,3.3,0.1,1.9,0.1,1.4,0.1,2.5,0.1,1.5,0.1,0.8,0.1,2.2,0.1,13.3,0.1,13.8,0.2,12.7,0.2,4.4,0.1,4.6,0.1,4.1,0.1,8.0,0.1,8.6,0.1,7.4,0.1,39.1,0.1,40.7,0.2,37.6,0.2,79.0,0.1,78.1,0.2,79.8,0.2,76.0,0.1,75.0,0.2,77.0,0.2,19.6,0.2,17.4,0.3,21.8,0.2,17.3,0.2,15.0,0.2,19.6,0.2,14.2,0.1,11.8,0.1,16.4,0.1,6.4,0.1,4.7,0.1,8.0,0.1,39.3,0.2,37.8,0.2,40.8,0.2,97.1,0.5,(X),(X),(X),(X),61.6,0.4,(X),(X),(X),(X),22.9,0.2,(X),(X),(X),(X),38.8,0.3,(X),(X),(X),(X),0.2,(X),(X),(X),(X),(X),0.8,(X),(X),(X),(X),(X)
5001100US3711,3711,"Congressional District 11 (111th Congress), North Carolina",666338,1091,321705,907,344633,833,5.6,0.1,6.0,0.1,5.2,0.1,5.4,0.2,5.8,0.3,5.0,0.2,6.0,0.2,6.4,0.3,5.7,0.2,6.2,0.1,6.7,0.2,5.7,0.2,5.7,0.1,6.1,0.1,5.4,0.1,5.8,0.1,6.1,0.1,5.5,0.1,5.7,0.1,5.9,0.1,5.5,0.1,6.0,0.2,6.2,0.3,5.8,0.3,7.0,0.2,7.1,0.3,6.9,0.3,7.3,0.1,7.3,0.1,7.3,0.1,7.3,0.1,7.1,0.1,7.4,0.1,7.2,0.2,7.0,0.2,7.3,0.2,6.4,0.2,6.2,0.2,6.7,0.2,5.3,0.1,4.9,0.2,5.6,0.2,4.3,0.1,4.1,0.2,4.4,0.2,3.7,0.1,3.3,0.1,4.2,0.2,2.7,0.1,2.3,0.1,3.1,0.2,2.4,0.1,1.6,0.1,3.2,0.2,11.4,0.1,12.2,0.1,10.8,0.1,3.7,0.1,4.0,0.1,3.4,0.1,8.2,0.1,8.8,0.1,7.7,0.1,36.4,0.1,38.1,0.2,34.8,0.1,81.8,0.1,80.6,0.2,82.8,0.2,79.3,0.1,77.9,0.1,80.6,0.1,24.9,0.2,22.3,0.2,27.2,0.2,22.1,0.2,19.6,0.2,24.4,0.2,18.4,0.1,16.1,0.1,20.5,0.1,8.9,0.1,7.2,0.1,10.5,0.1,42.6,0.2,40.6,0.2,44.5,0.1,93.3,0.4,(X),(X),(X),(X),64.3,0.2,(X),(X),(X),(X),30.3,0.2,(X),(X),(X),(X),34.0,0.1,(X),(X),(X),(X),0.2,(X),(X),(X),(X),(X),0.7,(X),(X),(X),(X),(X)
5001100US3712,3712,"Congressional District 12 (111th Congress), North Carolina",684962,5486,331978,3837,352984,3170,8.1,0.2,8.4,0.3,7.8,0.3,6.9,0.2,7.1,0.4,6.7,0.3,6.6,0.2,7.1,0.3,6.2,0.2,7.6,0.2,8.0,0.3,7.2,0.2,7.6,0.2,7.7,0.3,7.4,0.3,8.0,0.2,8.2,0.3,7.8,0.3,7.3,0.2,7.6,0.3,7.1,0.2,7.6,0.2,7.8,0.4,7.5,0.3,7.2,0.2,7.3,0.3,7.1,0.3,7.0,0.2,7.0,0.2,7.0,0.2,6.3,0.2,6.2,0.2,6.5,0.2,5.3,0.2,5.2,0.2,5.4,0.2,4.0,0.2,3.9,0.2,4.2,0.2,3.0,0.1,2.9,0.2,3.2,0.2,2.4,0.1,2.0,0.1,2.7,0.1,2.1,0.1,1.8,0.1,2.4,0.2,1.5,0.1,1.1,0.1,1.9,0.1,1.4,0.1,0.8,0.1,2.0,0.2,13.5,0.2,14.2,0.4,12.8,0.3,4.2,0.1,4.5,0.2,4.0,0.2,11.0,0.3,11.3,0.4,10.7,0.3,45.3,0.3,46.5,0.5,44.1,0.4,77.0,0.3,75.9,0.5,77.9,0.4,74.2,0.3,72.9,0.5,75.4,0.4,14.5,0.2,12.4,0.3,16.4,0.3,12.7,0.2,10.9,0.3,14.4,0.3,10.4,0.2,8.6,0.2,12.2,0.3,5.0,0.1,3.7,0.2,6.2,0.2,33.6,0.3,32.3,0.3,34.9,0.4,94.0,1.2,(X),(X),(X),(X),56.8,0.7,(X),(X),(X),(X),16.4,0.3,(X),(X),(X),(X),40.5,0.6,(X),(X),(X),(X),0.2,(X),(X),(X),(X),(X),1.0,(X),(X),(X),(X),(X)
5001100US3713,3713,"Congressional District 13 (111th Congress), North Carolina",722768,4832,355776,2982,366992,3656,7.3,0.2,7.8,0.3,6.9,0.2,6.7,0.2,7.0,0.3,6.3,0.3,6.5,0.2,6.8,0.3,6.2,0.2,6.8,0.2,6.9,0.3,6.8,0.2,7.2,0.2,7.5,0.3,6.9,0.2,8.0,0.2,8.3,0.3,7.8,0.3,7.8,0.1,8.1,0.2,7.5,0.2,7.9,0.2,7.9,0.2,7.9,0.3,7.8,0.2,8.1,0.3,7.4,0.3,7.2,0.2,7.1,0.2,7.2,0.2,6.5,0.1,6.4,0.2,6.6,0.2,5.3,0.2,5.1,0.2,5.5,0.2,4.5,0.1,4.3,0.2,4.6,0.2,3.0,0.1,2.7,0.1,3.3,0.1,2.6,0.1,2.3,0.1,2.9,0.1,2.0,0.1,1.6,0.1,2.5,0.2,1.5,0.1,1.1,0.1,1.9,0.1,1.4,0.1,0.8,0.1,2.0,0.1,13.1,0.2,13.8,0.3,12.5,0.2,3.9,0.1,3.9,0.2,3.8,0.1,10.2,0.3,10.5,0.4,9.9,0.3,45.6,0.3,46.9,0.4,44.2,0.4,78.2,0.2,77.1,0.4,79.3,0.4,75.7,0.2,74.5,0.4,76.9,0.4,15.0,0.2,12.9,0.3,17.1,0.3,13.0,0.2,11.0,0.2,15.0,0.2,10.5,0.2,8.5,0.2,12.5,0.2,4.9,0.1,3.5,0.1,6.3,0.2,34.8,0.2,33.4,0.3,36.0,0.3,96.9,1.2,(X),(X),(X),(X),53.5,0.6,(X),(X),(X),(X),16.2,0.3,(X),(X),(X),(X),37.3,0.5,(X),(X),(X),(X),0.2,(X),(X),(X),(X),(X),0.8,(X),(X),(X),(X),(X)
5001100US3800,3800,"Congressional District (at Large) (111th Congress), North Dakota",639725,*****,321270,472,318455,471,6.4,0.1,6.5,0.1,6.2,0.1,5.8,0.1,5.9,0.2,5.7,0.2,6.1,0.1,6.3,0.1,6.0,0.2,7.8,0.1,8.1,0.1,7.5,0.1,10.1,0.1,10.7,0.1,9.4,0.1,6.7,0.1,7.3,0.1,6.2,0.1,5.4,0.1,5.6,0.1,5.2,0.1,5.5,0.1,5.6,0.2,5.4,0.2,6.4,0.2,6.3,0.2,6.4,0.2,7.3,0.1,7.2,0.1,7.4,0.1,7.2,0.1,7.3,0.1,7.2,0.1,6.1,0.1,6.2,0.2,5.9,0.1,4.7,0.1,4.7,0.2,4.6,0.1,3.6,0.1,3.5,0.1,3.8,0.1,3.1,0.1,2.9,0.1,3.4,0.1,2.9,0.1,2.5,0.1,3.3,0.1,2.5,0.1,1.9,0.1,3.0,0.1,2.5,0.1,1.6,0.1,3.4,0.1,11.9,0.1,12.2,0.1,11.7,0.1,4.1,0.1,4.3,0.1,3.9,0.1,13.7,0.1,14.4,0.1,13.0,0.1,41.9,0.1,43.6,0.1,40.1,0.1,80.4,0.1,80.0,0.1,80.8,0.1,77.6,0.1,77.1,0.1,78.1,0.1,19.3,0.1,17.1,0.2,21.5,0.1,17.3,0.1,15.0,0.1,19.6,0.1,14.6,0.1,12.4,0.1,16.9,0.1,7.9,0.1,6.0,0.1,9.7,0.1,36.6,0.2,34.8,0.2,38.5,0.3,100.9,0.3,(X),(X),(X),(X),58.9,0.1,(X),(X),(X),(X),23.3,0.1,(X),(X),(X),(X),35.6,0.1,(X),(X),(X),(X),0.2,(X),(X),(X),(X),(X),0.6,(X),(X),(X),(X),(X)
5001100US3901,3901,"Congressional District 1 (111th Congress), Ohio",630401,2780,301470,1901,328931,1892,6.9,0.1,7.4,0.2,6.5,0.2,6.2,0.2,6.5,0.3,6.0,0.3,6.9,0.2,7.5,0.3,6.3,0.2,7.7,0.2,8.1,0.2,7.3,0.2,7.2,0.1,7.5,0.2,7.0,0.2,7.5,0.2,7.6,0.3,7.3,0.2,6.2,0.1,6.2,0.2,6.2,0.2,6.3,0.2,6.4,0.3,6.2,0.3,7.1,0.2,7.3,0.3,6.9,0.2,7.8,0.1,7.9,0.2,7.6,0.2,7.1,0.1,7.1,0.2,7.1,0.1,5.9,0.1,5.8,0.2,6.0,0.2,4.3,0.2,4.2,0.2,4.4,0.2,3.4,0.1,3.1,0.1,3.7,0.2,3.0,0.1,2.6,0.1,3.3,0.2,2.6,0.1,2.1,0.1,3.0,0.2,2.1,0.1,1.7,0.1,2.6,0.2,1.8,0.1,1.0,0.1,2.4,0.2,13.1,0.2,14.0,0.2,12.4,0.2,4.4,0.1,4.6,0.2,4.2,0.1,10.5,0.2,10.9,0.2,10.1,0.2,42.0,0.2,43.1,0.4,41.0,0.3,78.7,0.2,77.2,0.3,80.0,0.3,75.5,0.2,74.0,0.2,76.9,0.2,17.2,0.3,14.7,0.3,19.4,0.3,15.3,0.2,12.9,0.2,17.5,0.3,12.9,0.2,10.6,0.2,15.0,0.3,6.5,0.2,4.8,0.1,8.0,0.3,36.0,0.3,34.3,0.3,37.7,0.3,91.7,0.8,(X),(X),(X),(X),59.7,0.4,(X),(X),(X),(X),20.6,0.3,(X),(X),(X),(X),39.1,0.3,(X),(X),(X),(X),0.2,(X),(X),(X),(X),(X),1.0,(X),(X),(X),(X),(X)
5001100US3902,3902,"Congressional District 2 (111th Congress), Ohio",675377,2892,329826,2126,345551,2068,6.7,0.1,6.9,0.2,6.4,0.2,6.8,0.2,7.2,0.3,6.4,0.3,6.9,0.2,7.2,0.2,6.6,0.2,6.6,0.2,7.0,0.3,6.1,0.2,5.7,0.1,5.9,0.2,5.4,0.2,7.1,0.2,7.2,0.2,7.0,0.2,6.4,0.1,6.6,0.2,6.2,0.1,6.9,0.2,7.0,0.3,6.8,0.2,7.6,0.2,7.5,0.2,7.6,0.2,8.0,0.1,8.0,0.2,8.0,0.2,7.6,0.1,7.6,0.2,7.6,0.1,6.2,0.2,6.3,0.2,6.2,0.2,4.9,0.2,4.8,0.2,5.0,0.2,3.7,0.1,3.6,0.2,3.9,0.2,2.9,0.1,2.6,0.1,3.2,0.1,2.5,0.1,2.1,0.1,2.8,0.1,1.8,0.1,1.4,0.1,2.2,0.1,1.8,0.1,1.1,0.1,2.5,0.2,13.7,0.2,14.4,0.2,13.0,0.2,4.3,0.1,4.6,0.1,4.1,0.1,7.9,0.2,8.4,0.2,7.4,0.2,40.2,0.2,41.2,0.3,39.2,0.3,78.1,0.2,77.1,0.3,79.2,0.2,75.3,0.2,74.1,0.3,76.4,0.2,17.7,0.2,15.6,0.2,19.7,0.3,15.5,0.2,13.4,0.2,17.4,0.3,12.8,0.2,10.8,0.2,14.7,0.3,6.1,0.2,4.6,0.1,7.6,0.3,37.9,0.3,36.3,0.3,39.3,0.3,95.4,0.9,(X),(X),(X),(X),60.0,0.4,(X),(X),(X),(X),20.4,0.3,(X),(X),(X),(X),39.5,0.4,(X),(X),(X),(X),0.2,(X),(X),(X),(X),(X),0.8,(X),(X),(X),(X),(X)
5001100US3903,3903,"Congressional District 3 (111th Congress), Ohio",639126,2032,312304,1540,326822,1538,6.3,0.1,6.8,0.2,5.9,0.2,6.7,0.2,7.0,0.3,6.4,0.2,6.6,0.2,6.9,0.2,6.4,0.2,6.8,0.1,7.3,0.2,6.4,0.1,6.3,0.1,6.7,0.2,5.9,0.1,6.6,0.1,6.8,0.2,6.5,0.1,6.0,0.1,6.0,0.2,6.0,0.1,6.8,0.2,7.0,0.3,6.7,0.2,7.1,0.2,7.3,0.2,6.9,0.2,7.7,0.1,7.9,0.1,7.6,0.2,7.2,0.1,7.2,0.1,7.3,0.1,6.3,0.2,6.1,0.2,6.5,0.2,5.1,0.2,5.1,0.2,5.1,0.2,3.9,0.1,3.7,0.1,4.1,0.1,3.3,0.1,2.9,0.1,3.7,0.1,2.8,0.1,2.4,0.1,3.1,0.2,2.2,0.1,1.7,0.1,2.6,0.1,2.1,0.1,1.2,0.1,2.9,0.2,13.4,0.1,13.9,0.2,12.8,0.2,4.2,0.1,4.4,0.1,4.0,0.1,9.0,0.1,9.6,0.2,8.4,0.2,39.7,0.2,41.1,0.2,38.4,0.2,79.0,0.2,77.9,0.2,80.0,0.3,76.1,0.2,74.9,0.2,77.3,0.2,19.3,0.2,17.1,0.2,21.5,0.3,17.1,0.2,14.8,0.2,19.4,0.3,14.2,0.1,11.9,0.1,16.4,0.2,7.0,0.1,5.3,0.1,8.6,0.2,38.4,0.2,36.7,0.3,39.8,0.2,95.6,0.7,(X),(X),(X),(X),61.5,0.4,(X),(X),(X),(X),23.0,0.2,(X),(X),(X),(X),38.6,0.3,(X),(X),(X),(X),0.2,(X),(X),(X),(X),(X),0.7,(X),(X),(X),(X),(X)
5001100US3904,3904,"Congressional District 4 (111th Congress), Ohio",630132,427,314572,406,315560,441,6.4,0.1,6.5,0.1,6.2,0.1,6.7,0.2,6.7,0.2,6.7,0.2,6.8,0.1,7.1,0.2,6.5,0.2,7.3,0.1,7.6,0.1,7.1,0.1,6.3,0.1,6.8,0.1,5.8,0.1,6.1,0.1,6.5,0.1,5.8,0.1,5.9,0.1,6.1,0.1,5.6,0.1,6.6,0.2,7.0,0.2,6.1,0.2,7.0,0.2,7.0,0.2,7.0,0.2,7.7,0.1,7.9,0.1,7.6,0.1,7.4,0.1,7.5,0.1,7.4,0.1,6.5,0.1,6.4,0.2,6.6,0.2,5.0,0.1,4.9,0.2,5.1,0.2,3.9,0.1,3.7,0.1,4.2,0.2,3.4,0.1,3.1,0.1,3.7,0.2,2.8,0.1,2.3,0.1,3.3,0.1,2.3,0.1,1.7,0.1,2.8,0.1,1.9,0.1,1.1,0.1,2.6,0.1,13.5,0.1,13.8,0.1,13.1,0.1,4.5,0.1,4.6,0.1,4.3,0.1,9.2,0.1,9.7,0.1,8.6,0.1,39.2,0.1,41.0,0.1,37.4,0.1,78.7,0.1,78.2,0.1,79.3,0.1,75.7,0.1,75.0,0.1,76.3,0.1,19.3,0.1,16.8,0.2,21.7,0.2,17.0,0.1,14.5,0.2,19.4,0.2,14.2,0.1,11.9,0.1,16.6,0.1,6.9,0.1,5.1,0.1,8.7,0.1,38.5,0.1,36.9,0.2,40.2,0.2,99.7,0.2,(X),(X),(X),(X),62.8,0.2,(X),(X),(X),(X),23.2,0.1,(X),(X),(X),(X),39.6,0.1,(X),(X),(X),(X),0.1,(X),(X),(X),(X),(X),0.7,(X),(X),(X),(X),(X)
5001100US3905,3905,"Congressional District 5 (111th Congress), Ohio",629485,833,309275,755,320210,673,6.4,0.1,6.6,0.1,6.1,0.1,6.6,0.1,6.8,0.2,6.5,0.2,6.9,0.2,7.3,0.2,6.5,0.2,7.9,0.1,8.1,0.1,7.7,0.1,7.4,0.1,7.6,0.1,7.2,0.1,5.3,0.1,5.7,0.1,5.0,0.1,5.3,0.1,5.5,0.1,5.2,0.1,6.4,0.2,6.3,0.2,6.5,0.2,6.8,0.2,7.0,0.2,6.6,0.2,7.8,0.1,8.0,0.1,7.7,0.1,7.7,0.1,7.7,0.1,7.6,0.1,6.6,0.1,6.8,0.2,6.5,0.2,5.0,0.2,5.0,0.2,5.0,0.2,4.0,0.1,3.8,0.1,4.2,0.1,3.1,0.1,2.9,0.1,3.3,0.1,2.8,0.1,2.3,0.1,3.2,0.1,2.1,0.1,1.6,0.1,2.5,0.1,1.9,0.1,1.1,0.1,2.6,0.1,13.5,0.1,14.0,0.1,13.0,0.1,4.5,0.1,4.7,0.1,4.3,0.1,10.8,0.1,10.9,0.1,10.6,0.1,39.2,0.1,40.1,0.1,38.2,0.1,78.6,0.1,77.6,0.2,79.5,0.1,75.6,0.1,74.6,0.1,76.5,0.1,18.8,0.2,16.8,0.2,20.8,0.2,16.6,0.1,14.5,0.2,18.5,0.2,13.8,0.1,11.8,0.1,15.8,0.1,6.8,0.1,5.1,0.1,8.4,0.1,38.3,0.2,37.0,0.2,39.4,0.2,96.6,0.4,(X),(X),(X),(X),61.9,0.2,(X),(X),(X),(X),22.4,0.1,(X),(X),(X),(X),39.5,0.2,(X),(X),(X),(X),0.2,(X),(X),(X),(X),(X),0.7,(X),(X),(X),(X),(X)
5001100US3906,3906,"Congressional District 6 (111th Congress), Ohio",613867,638,300360,1014,313507,1047,5.5,0.1,5.7,0.1,5.3,0.1,5.7,0.1,6.0,0.2,5.4,0.2,6.1,0.2,6.4,0.2,5.8,0.2,7.5,0.2,7.9,0.2,7.2,0.2,7.3,0.1,7.5,0.2,7.0,0.1,5.8,0.1,6.2,0.1,5.4,0.1,5.3,0.1,5.6,0.1,5.2,0.1,6.4,0.1,6.6,0.2,6.1,0.2,6.7,0.2,6.6,0.2,6.7,0.2,7.8,0.1,7.7,0.1,7.8,0.1,7.8,0.1,7.8,0.1,7.7,0.1,6.9,0.2,7.1,0.2,6.8,0.2,5.6,0.2,5.5,0.2,5.7,0.2,4.4,0.1,4.2,0.2,4.6,0.2,3.8,0.1,3.5,0.1,4.1,0.1,3.1,0.1,2.6,0.1,3.6,0.2,2.4,0.1,1.8,0.1,3.0,0.2,2.1,0.1,1.3,0.1,2.8,0.2,11.8,0.1,12.4,0.1,11.2,0.1,4.1,0.1,4.4,0.1,3.9,0.1,10.7,0.1,11.1,0.2,10.3,0.2,39.0,0.2,40.4,0.2,37.6,0.2,81.4,0.2,80.5,0.2,82.1,0.2,78.6,0.1,77.6,0.2,79.6,0.2,21.3,0.3,18.9,0.2,23.7,0.4,18.8,0.2,16.4,0.2,21.2,0.4,15.7,0.2,13.4,0.1,18.0,0.3,7.6,0.2,5.8,0.1,9.4,0.3,40.4,0.2,38.6,0.3,42.2,0.3,95.8,0.6,(X),(X),(X),(X),59.0,0.4,(X),(X),(X),(X),25.0,0.4,(X),(X),(X),(X),34.0,0.3,(X),(X),(X),(X),0.1,(X),(X),(X),(X),(X),0.6,(X),(X),(X),(X),(X)
5001100US3907,3907,"Congressional District 7 (111th Congress), Ohio",669636,2171,331759,1520,337877,1352,6.6,0.1,6.7,0.1,6.5,0.1,6.5,0.1,6.5,0.2,6.5,0.2,6.9,0.1,7.3,0.2,6.6,0.2,7.4,0.1,7.6,0.1,7.3,0.2,7.2,0.1,7.5,0.1,6.9,0.2,6.5,0.1,6.7,0.2,6.3,0.2,6.1,0.1,6.3,0.1,5.8,0.1,7.0,0.2,7.3,0.2,6.7,0.2,7.2,0.2,7.3,0.2,7.0,0.2,7.7,0.1,7.6,0.1,7.7,0.1,7.2,0.1,7.2,0.1,7.2,0.1,6.1,0.1,5.9,0.2,6.3,0.2,5.1,0.1,5.2,0.2,5.0,0.2,3.7,0.1,3.6,0.1,3.9,0.1,3.0,0.1,2.8,0.1,3.2,0.1,2.4,0.1,2.1,0.1,2.8,0.1,1.9,0.1,1.4,0.1,2.4,0.1,1.4,0.1,0.9,0.1,2.0,0.1,13.5,0.1,13.9,0.2,13.1,0.2,4.3,0.1,4.5,0.1,4.1,0.1,10.3,0.1,10.6,0.2,10.0,0.1,41.3,0.1,42.7,0.2,39.9,0.2,78.5,0.2,77.9,0.2,79.1,0.2,75.6,0.1,74.9,0.2,76.3,0.2,17.6,0.2,15.9,0.2,19.3,0.2,15.4,0.1,13.7,0.2,17.0,0.2,12.5,0.1,10.8,0.1,14.3,0.1,5.8,0.1,4.4,0.1,7.1,0.1,37.0,0.2,35.8,0.2,38.2,0.2,98.2,0.6,(X),(X),(X),(X),58.5,0.4,(X),(X),(X),(X),19.9,0.1,(X),(X),(X),(X),38.7,0.3,(X),(X),(X),(X),0.1,(X),(X),(X),(X),(X),0.6,(X),(X),(X),(X),(X)
5001100US3908,3908,"Congressional District 8 (111th Congress), Ohio",651798,1773,318785,1201,333013,1445,6.9,0.1,7.2,0.1,6.7,0.1,6.8,0.2,7.0,0.2,6.7,0.2,6.7,0.2,7.2,0.3,6.2,0.2,7.4,0.1,7.6,0.1,7.1,0.1,6.5,0.1,6.7,0.2,6.3,0.1,7.1,0.1,7.0,0.2,7.2,0.1,6.4,0.1,6.6,0.1,6.1,0.1,6.7,0.2,6.9,0.2,6.5,0.2,7.2,0.2,7.2,0.3,7.2,0.2,7.7,0.1,7.7,0.1,7.8,0.1,7.0,0.1,7.1,0.1,6.9,0.1,6.1,0.1,6.1,0.2,6.2,0.2,4.8,0.1,4.7,0.2,4.9,0.2,3.8,0.1,3.6,0.1,4.0,0.1,2.9,0.1,2.8,0.1,3.0,0.1,2.5,0.1,2.1,0.1,2.8,0.1,1.9,0.1,1.6,0.1,2.3,0.1,1.4,0.1,0.8,0.1,2.0,0.2,13.5,0.1,14.2,0.2,12.9,0.2,4.4,0.1,4.6,0.1,4.1,0.1,9.5,0.1,9.7,0.2,9.3,0.2,41.3,0.1,42.2,0.2,40.5,0.2,78.1,0.2,77.0,0.2,79.1,0.2,75.2,0.1,74.0,0.2,76.3,0.2,17.3,0.2,15.5,0.2,19.0,0.3,15.2,0.2,13.5,0.2,16.8,0.2,12.5,0.1,10.8,0.1,14.2,0.2,5.9,0.1,4.5,0.1,7.1,0.1,36.6,0.2,35.5,0.2,37.7,0.3,95.7,0.6,(X),(X),(X),(X),59.7,0.3,(X),(X),(X),(X),20.0,0.2,(X),(X),(X),(X),39.6,0.3,(X),(X),(X),(X),0.1,(X),(X),(X),(X),(X),0.7,(X),(X),(X),(X),(X)
5001100US3909,3909,"Congressional District 9 (111th Congress), Ohio",641387,180,313565,671,327822,676,6.3,0.1,6.6,0.1,6.0,0.1,6.2,0.1,6.6,0.2,5.9,0.2,6.8,0.1,7.1,0.2,6.6,0.2,7.3,0.1,7.7,0.1,7.0,0.1,6.6,0.1,6.9,0.1,6.4,0.1,6.8,0.1,6.9,0.1,6.7,0.1,6.2,0.1,6.3,0.1,6.1,0.1,6.3,0.2,6.6,0.2,6.0,0.2,7.0,0.2,6.9,0.2,7.1,0.3,7.7,0.1,7.8,0.1,7.6,0.1,7.5,0.1,7.6,0.1,7.4,0.1,6.6,0.2,6.6,0.2,6.5,0.2,5.1,0.1,5.0,0.2,5.2,0.2,3.9,0.1,3.6,0.2,4.1,0.1,2.9,0.1,2.7,0.2,3.1,0.1,2.8,0.1,2.3,0.1,3.3,0.2,2.1,0.1,1.6,0.1,2.6,0.1,1.9,0.1,1.2,0.1,2.5,0.1,13.0,0.1,13.6,0.1,12.4,0.1,4.4,0.1,4.6,0.1,4.1,0.1,9.6,0.1,10.0,0.2,9.2,0.2,40.2,0.1,41.2,0.2,39.3,0.2,79.2,0.1,78.0,0.2,80.3,0.2,76.3,0.1,75.1,0.1,77.5,0.1,18.7,0.2,16.5,0.2,20.8,0.3,16.4,0.2,14.2,0.2,18.5,0.2,13.6,0.1,11.5,0.1,15.6,0.1,6.8,0.1,5.2,0.1,8.4,0.1,37.9,0.2,36.4,0.2,39.5,0.3,95.7,0.4,(X),(X),(X),(X),59.4,0.3,(X),(X),(X),(X),21.7,0.2,(X),(X),(X),(X),37.7,0.2,(X),(X),(X),(X),0.2,(X),(X),(X),(X),(X),0.7,(X),(X),(X),(X),(X)
5001100US3910,3910,"Congressional District 10 (111th Congress), Ohio",601021,2944,288601,2079,312420,1966,5.9,0.1,6.2,0.2,5.7,0.2,6.1,0.2,6.4,0.3,5.9,0.2,6.4,0.2,7.0,0.3,6.0,0.2,6.3,0.2,6.6,0.2,6.0,0.2,5.6,0.2,5.8,0.3,5.5,0.2,6.3,0.2,6.4,0.2,6.2,0.2,6.6,0.2,6.8,0.2,6.3,0.2,6.9,0.2,7.1,0.3,6.6,0.3,7.6,0.2,7.8,0.3,7.3,0.2,8.1,0.1,8.4,0.2,7.9,0.2,7.6,0.1,7.9,0.2,7.3,0.2,6.3,0.2,6.4,0.2,6.2,0.2,5.0,0.1,4.8,0.2,5.1,0.2,3.8,0.1,3.5,0.1,4.1,0.2,3.3,0.1,2.9,0.1,3.7,0.2,3.1,0.1,2.6,0.1,3.6,0.2,2.8,0.1,2.1,0.1,3.4,0.2,2.3,0.1,1.4,0.1,3.3,0.2,12.6,0.2,13.3,0.2,11.9,0.3,4.1,0.1,4.3,0.1,4.0,0.1,7.8,0.2,8.1,0.3,7.5,0.3,39.2,0.2,40.5,0.3,38.0,0.4,80.1,0.2,79.0,0.3,81.1,0.3,77.4,0.2,76.1,0.3,78.5,0.3,20.3,0.2,17.3,0.3,23.2,0.3,18.2,0.2,15.3,0.3,20.9,0.3,15.4,0.2,12.5,0.2,18.0,0.3,8.2,0.2,6.1,0.2,10.2,0.2,39.9,0.3,38.5,0.3,41.3,0.4,92.4,0.9,(X),(X),(X),(X),61.3,0.6,(X),(X),(X),(X),24.8,0.4,(X),(X),(X),(X),36.5,0.4,(X),(X),(X),(X),0.2,(X),(X),(X),(X),(X),0.9,(X),(X),(X),(X),(X)
5001100US3911,3911,"Congressional District 11 (111th Congress), Ohio",562712,3019,259561,2049,303151,1929,6.7,0.2,7.3,0.2,6.1,0.2,6.2,0.2,6.7,0.3,5.7,0.3,6.9,0.2,7.6,0.3,6.3,0.3,7.8,0.2,8.6,0.2,7.1,0.3,6.7,0.2,7.2,0.3,6.3,0.2,6.5,0.2,6.8,0.2,6.3,0.2,6.0,0.2,5.9,0.2,6.2,0.2,6.2,0.2,6.0,0.3,6.4,0.3,6.3,0.2,6.4,0.3,6.3,0.3,7.5,0.2,7.4,0.2,7.6,0.2,7.2,0.1,7.1,0.2,7.3,0.2,6.0,0.2,5.8,0.3,6.1,0.2,4.7,0.1,4.6,0.2,4.9,0.2,3.8,0.1,3.5,0.2,4.1,0.2,3.2,0.1,2.9,0.2,3.5,0.2,3.1,0.1,2.5,0.1,3.5,0.2,2.6,0.1,2.1,0.2,3.1,0.2,2.4,0.1,1.7,0.2,3.1,0.2,13.1,0.2,14.3,0.3,12.0,0.3,4.6,0.1,5.1,0.1,4.2,0.2,9.9,0.2,10.7,0.3,9.3,0.3,39.7,0.3,40.9,0.4,38.6,0.3,78.9,0.2,76.7,0.4,80.7,0.3,75.7,0.3,73.3,0.4,77.7,0.3,19.9,0.2,17.2,0.4,22.2,0.3,17.9,0.2,15.1,0.3,20.2,0.3,15.2,0.2,12.6,0.2,17.3,0.3,8.1,0.2,6.3,0.2,9.7,0.2,37.4,0.3,34.9,0.4,39.7,0.4,85.6,0.8,(X),(X),(X),(X),65.2,0.7,(X),(X),(X),(X),25.0,0.4,(X),(X),(X),(X),40.2,0.5,(X),(X),(X),(X),0.2,(X),(X),(X),(X),(X),0.8,(X),(X),(X),(X),(X)
5001100US3912,3912,"Congressional District 12 (111th Congress), Ohio",703629,2931,342416,2198,361213,2242,7.5,0.1,7.8,0.2,7.3,0.2,7.3,0.2,7.6,0.3,7.1,0.2,6.8,0.2,7.3,0.3,6.3,0.3,6.6,0.2,6.9,0.2,6.3,0.2,6.0,0.2,5.8,0.2,6.1,0.2,8.0,0.2,8.3,0.3,7.7,0.2,7.5,0.2,7.8,0.2,7.3,0.2,7.7,0.2,7.9,0.3,7.5,0.3,7.7,0.2,7.5,0.2,7.8,0.2,7.6,0.1,7.8,0.2,7.4,0.2,6.8,0.1,6.8,0.2,6.9,0.1,5.9,0.1,5.8,0.2,6.0,0.2,4.4,0.1,4.1,0.2,4.6,0.2,3.2,0.1,3.1,0.1,3.3,0.1,2.4,0.1,2.1,0.1,2.7,0.1,1.9,0.1,1.6,0.1,2.2,0.1,1.4,0.1,1.1,0.1,1.7,0.1,1.3,0.1,0.7,0.1,1.9,0.1,14.1,0.2,14.9,0.2,13.4,0.2,4.0,0.1,4.3,0.1,3.8,0.1,8.5,0.2,8.4,0.3,8.6,0.3,43.5,0.2,44.3,0.4,42.7,0.3,76.9,0.2,75.8,0.3,77.9,0.3,74.3,0.2,73.0,0.3,75.5,0.3,14.6,0.2,12.7,0.3,16.3,0.3,12.6,0.2,10.8,0.3,14.3,0.3,10.2,0.1,8.5,0.2,11.7,0.2,4.6,0.1,3.4,0.1,5.7,0.1,35.2,0.3,34.1,0.3,36.3,0.3,94.8,0.9,(X),(X),(X),(X),55.9,0.5,(X),(X),(X),(X),15.8,0.2,(X),(X),(X),(X),40.1,0.4,(X),(X),(X),(X),0.2,(X),(X),(X),(X),(X),0.7,(X),(X),(X),(X),(X)
5001100US3913,3913,"Congressional District 13 (111th Congress), Ohio",643184,2004,309470,1902,333714,1558,6.4,0.2,6.7,0.2,6.1,0.2,6.5,0.2,7.0,0.3,6.1,0.2,7.1,0.2,7.5,0.3,6.7,0.2,6.6,0.2,6.9,0.2,6.3,0.2,5.5,0.2,5.7,0.2,5.4,0.2,5.9,0.1,6.0,0.2,5.9,0.2,5.8,0.1,5.9,0.2,5.7,0.1,6.8,0.2,6.7,0.3,6.9,0.2,7.8,0.2,7.9,0.2,7.7,0.3,8.1,0.2,8.3,0.2,7.9,0.2,7.6,0.1,7.8,0.2,7.5,0.2,6.9,0.2,6.9,0.2,6.9,0.2,5.1,0.2,5.1,0.2,5.2,0.2,3.8,0.1,3.7,0.2,3.9,0.2,3.3,0.1,3.0,0.2,3.5,0.2,2.6,0.1,2.2,0.1,2.9,0.2,2.3,0.1,1.8,0.1,2.8,0.1,1.9,0.1,1.3,0.1,2.5,0.2,13.6,0.2,14.4,0.3,12.8,0.3,4.3,0.1,4.4,0.2,4.1,0.2,7.9,0.2,8.2,0.3,7.6,0.2,38.4,0.2,39.0,0.3,37.8,0.3,78.5,0.2,77.3,0.3,79.7,0.3,75.8,0.2,74.5,0.3,76.9,0.3,19.0,0.2,17.0,0.3,20.9,0.3,16.8,0.2,14.8,0.3,18.6,0.3,13.9,0.2,11.9,0.2,15.7,0.2,6.8,0.1,5.2,0.1,8.3,0.2,39.6,0.3,38.4,0.3,40.6,0.3,92.7,0.8,(X),(X),(X),(X),61.5,0.6,(X),(X),(X),(X),22.4,0.3,(X),(X),(X),(X),39.2,0.4,(X),(X),(X),(X),0.2,(X),(X),(X),(X),(X),0.7,(X),(X),(X),(X),(X)
5001100US3914,3914,"Congressional District 14 (111th Congress), Ohio",649625,979,319330,1190,330295,1218,5.7,0.1,5.9,0.1,5.5,0.1,6.7,0.2,6.9,0.3,6.5,0.3,7.1,0.2,7.4,0.3,6.9,0.3,7.0,0.1,7.4,0.2,6.7,0.2,5.3,0.1,5.7,0.1,4.9,0.1,4.9,0.1,5.1,0.1,4.6,0.1,5.1,0.1,5.3,0.1,5.0,0.1,6.5,0.2,6.5,0.2,6.5,0.2,7.7,0.2,7.7,0.2,7.7,0.3,8.6,0.1,8.7,0.2,8.5,0.2,8.2,0.1,8.2,0.1,8.3,0.2,7.0,0.2,7.0,0.2,7.0,0.2,5.6,0.2,5.6,0.2,5.6,0.2,4.3,0.1,4.2,0.2,4.4,0.2,3.3,0.1,3.1,0.1,3.5,0.2,2.9,0.1,2.5,0.1,3.3,0.2,2.1,0.1,1.7,0.1,2.5,0.1,2.0,0.1,1.3,0.1,2.7,0.2,13.9,0.1,14.3,0.2,13.4,0.2,4.6,0.1,4.8,0.1,4.5,0.1,7.6,0.1,8.2,0.2,7.1,0.2,36.5,0.2,37.6,0.2,35.4,0.2,78.9,0.2,78.1,0.2,79.6,0.2,75.8,0.2,75.0,0.2,76.6,0.2,20.2,0.2,18.3,0.2,21.9,0.2,17.7,0.2,15.9,0.2,19.5,0.2,14.6,0.1,12.7,0.1,16.4,0.1,7.0,0.1,5.5,0.1,8.5,0.2,41.2,0.3,39.9,0.3,42.3,0.2,96.7,0.7,(X),(X),(X),(X),63.3,0.4,(X),(X),(X),(X),23.8,0.2,(X),(X),(X),(X),39.5,0.3,(X),(X),(X),(X),0.2,(X),(X),(X),(X),(X),0.6,(X),(X),(X),(X),(X)
5001100US3915,3915,"Congressional District 15 (111th Congress), Ohio",669372,3043,333116,2211,336256,2174,7.1,0.2,7.7,0.3,6.5,0.2,6.1,0.2,6.4,0.2,5.9,0.3,6.2,0.2,6.3,0.2,6.1,0.2,6.9,0.2,7.1,0.2,6.6,0.2,7.8,0.2,8.0,0.2,7.6,0.2,10.9,0.2,10.9,0.3,11.0,0.2,8.3,0.2,8.4,0.2,8.1,0.2,7.2,0.2,7.6,0.3,6.8,0.2,7.1,0.2,7.1,0.3,7.0,0.2,7.2,0.1,7.3,0.2,7.2,0.2,6.4,0.1,6.3,0.2,6.5,0.2,5.2,0.2,5.0,0.2,5.3,0.2,3.9,0.1,3.7,0.2,4.1,0.1,2.8,0.1,2.6,0.1,3.0,0.2,2.3,0.1,1.9,0.1,2.6,0.1,1.9,0.1,1.6,0.1,2.2,0.1,1.5,0.1,1.2,0.1,1.9,0.1,1.3,0.1,0.8,0.1,1.8,0.2,12.3,0.2,12.7,0.3,12.0,0.2,3.8,0.1,3.8,0.1,3.8,0.1,10.9,0.2,11.4,0.3,10.4,0.3,48.1,0.2,49.2,0.4,47.1,0.3,79.2,0.2,78.2,0.3,80.2,0.2,76.8,0.2,75.8,0.3,77.7,0.3,13.6,0.2,11.8,0.2,15.5,0.2,11.9,0.2,10.2,0.2,13.6,0.2,9.8,0.1,8.1,0.2,11.4,0.2,4.7,0.1,3.6,0.1,5.9,0.2,32.9,0.2,32.0,0.3,33.9,0.3,99.1,0.9,(X),(X),(X),(X),49.2,0.5,(X),(X),(X),(X),14.6,0.2,(X),(X),(X),(X),34.6,0.4,(X),(X),(X),(X),0.2,(X),(X),(X),(X),(X),0.6,(X),(X),(X),(X),(X)
5001100US3916,3916,"Congressional District 16 (111th Congress), Ohio",649286,565,316904,753,332382,669,6.2,0.1,6.6,0.1,5.9,0.1,6.5,0.1,6.7,0.2,6.3,0.2,7.0,0.2,7.6,0.2,6.5,0.2,7.2,0.1,7.7,0.1,6.8,0.1,6.1,0.1,6.3,0.1,5.9,0.1,5.6,0.1,5.8,0.1,5.4,0.1,5.5,0.1,5.6,0.1,5.4,0.1,6.5,0.2,6.7,0.2,6.3,0.2,7.2,0.2,7.1,0.2,7.3,0.2,7.8,0.1,7.8,0.1,7.8,0.1,7.7,0.1,7.7,0.1,7.6,0.1,6.6,0.2,6.8,0.2,6.5,0.2,5.3,0.2,5.2,0.2,5.5,0.2,4.1,0.1,3.9,0.1,4.2,0.2,3.4,0.1,3.1,0.1,3.6,0.1,2.9,0.1,2.4,0.1,3.3,0.2,2.4,0.1,1.9,0.1,2.9,0.1,2.1,0.1,1.2,0.1,2.8,0.2,13.5,0.1,14.3,0.1,12.8,0.1,4.5,0.1,4.8,0.1,4.2,0.1,8.9,0.1,9.2,0.1,8.5,0.1,38.0,0.1,39.1,0.1,37.1,0.1,78.8,0.1,77.6,0.2,80.0,0.1,75.8,0.1,74.4,0.1,77.1,0.1,20.1,0.2,17.8,0.2,22.3,0.2,17.8,0.1,15.5,0.2,20.0,0.2,14.7,0.1,12.6,0.1,16.8,0.1,7.3,0.1,5.6,0.1,9.0,0.1,39.6,0.2,38.1,0.2,41.0,0.2,95.3,0.4,(X),(X),(X),(X),63.8,0.2,(X),(X),(X),(X),24.1,0.1,(X),(X),(X),(X),39.6,0.2,(X),(X),(X),(X),0.1,(X),(X),(X),(X),(X),0.8,(X),(X),(X),(X),(X)
5001100US3917,3917,"Congressional District 17 (111th Congress), Ohio",610326,1849,296553,1735,313773,1354,5.7,0.1,6.0,0.2,5.4,0.2,6.1,0.2,6.5,0.2,5.7,0.2,6.3,0.2,6.5,0.2,6.2,0.2,7.3,0.2,7.6,0.2,6.9,0.2,7.8,0.1,8.0,0.2,7.6,0.2,6.0,0.1,6.3,0.2,5.7,0.2,5.7,0.1,5.9,0.2,5.5,0.2,6.3,0.2,6.5,0.3,6.1,0.2,6.8,0.2,7.1,0.3,6.5,0.3,7.8,0.1,7.8,0.2,7.8,0.2,7.5,0.1,7.6,0.2,7.4,0.2,6.6,0.2,6.6,0.2,6.6,0.2,5.4,0.1,5.1,0.2,5.6,0.2,4.0,0.1,3.9,0.2,4.1,0.2,3.4,0.1,2.9,0.1,3.8,0.2,3.0,0.1,2.6,0.1,3.3,0.2,2.5,0.1,2.0,0.1,3.0,0.1,2.1,0.1,1.2,0.1,2.8,0.2,12.4,0.2,13.0,0.2,11.9,0.2,4.1,0.1,4.4,0.1,3.8,0.1,11.0,0.2,11.3,0.2,10.8,0.2,39.8,0.2,41.3,0.3,38.4,0.2,80.5,0.2,79.5,0.3,81.4,0.3,77.8,0.2,76.6,0.3,78.9,0.3,20.2,0.2,17.7,0.3,22.6,0.2,17.9,0.2,15.5,0.2,20.2,0.2,14.9,0.1,12.6,0.1,17.0,0.2,7.5,0.1,5.9,0.1,9.1,0.1,39.1,0.3,37.6,0.3,40.6,0.3,94.5,0.8,(X),(X),(X),(X),58.9,0.5,(X),(X),(X),(X),23.6,0.2,(X),(X),(X),(X),35.3,0.4,(X),(X),(X),(X),0.2,(X),(X),(X),(X),(X),0.6,(X),(X),(X),(X),(X)
5001100US3918,3918,"Congressional District 18 (111th Congress), Ohio",641494,1092,314623,1134,326871,1081,6.4,0.1,6.5,0.1,6.2,0.1,6.6,0.2,7.0,0.2,6.2,0.2,7.1,0.2,7.4,0.2,6.9,0.2,7.1,0.1,7.5,0.2,6.7,0.1,6.4,0.1,6.7,0.2,6.1,0.1,5.9,0.1,6.2,0.1,5.7,0.1,5.7,0.1,5.7,0.1,5.7,0.1,6.4,0.2,6.7,0.3,6.2,0.2,6.9,0.2,7.0,0.2,6.8,0.2,7.8,0.1,7.8,0.1,7.7,0.1,7.2,0.1,7.3,0.1,7.2,0.1,6.5,0.2,6.6,0.2,6.4,0.2,5.3,0.2,5.1,0.2,5.5,0.2,4.3,0.1,4.1,0.2,4.5,0.1,3.4,0.1,3.2,0.2,3.6,0.1,2.8,0.1,2.4,0.1,3.2,0.2,2.1,0.1,1.6,0.1,2.6,0.2,1.9,0.1,1.2,0.1,2.7,0.2,13.7,0.1,14.4,0.1,13.0,0.1,4.4,0.1,4.7,0.1,4.2,0.1,9.1,0.1,9.5,0.2,8.7,0.2,38.6,0.2,39.9,0.2,37.3,0.2,78.4,0.1,77.4,0.2,79.3,0.2,75.5,0.1,74.4,0.2,76.6,0.2,19.9,0.2,17.5,0.2,22.1,0.4,17.6,0.2,15.4,0.2,19.7,0.3,14.6,0.2,12.4,0.1,16.7,0.3,6.9,0.2,5.1,0.1,8.5,0.3,38.6,0.3,37.1,0.3,40.2,0.2,96.3,0.6,(X),(X),(X),(X),64.2,0.5,(X),(X),(X),(X),24.0,0.3,(X),(X),(X),(X),40.2,0.2,(X),(X),(X),(X),0.2,(X),(X),(X),(X),(X),0.7,(X),(X),(X),(X),(X)
5001100US4001,4001,"Congressional District 1 (111th Congress), Oklahoma",728847,1023,356845,520,372002,726,7.7,0.1,8.1,0.1,7.3,0.1,7.0,0.2,7.1,0.2,6.9,0.2,6.9,0.2,7.4,0.2,6.4,0.2,6.8,0.1,7.1,0.1,6.5,0.1,6.8,0.1,7.0,0.1,6.6,0.1,7.6,0.1,7.9,0.1,7.3,0.1,6.7,0.1,6.9,0.1,6.6,0.1,6.6,0.2,6.8,0.2,6.3,0.2,6.8,0.2,6.7,0.2,6.8,0.2,7.4,0.1,7.3,0.1,7.4,0.1,7.0,0.1,6.9,0.1,7.0,0.1,6.1,0.1,6.1,0.2,6.1,0.2,4.6,0.1,4.3,0.2,4.8,0.2,3.4,0.1,3.1,0.1,3.6,0.1,2.9,0.1,2.7,0.1,3.1,0.1,2.6,0.1,2.1,0.1,3.0,0.2,1.9,0.1,1.5,0.1,2.3,0.1,1.5,0.1,0.9,0.1,2.0,0.2,13.9,0.1,14.5,0.1,13.2,0.1,4.3,0.1,4.4,0.1,4.1,0.1,9.3,0.1,9.7,0.1,8.9,0.1,41.2,0.1,42.4,0.1,40.0,0.1,77.1,0.1,76.0,0.1,78.1,0.1,74.2,0.1,73.0,0.1,75.3,0.1,16.8,0.1,14.6,0.2,18.9,0.2,14.9,0.1,12.8,0.1,16.8,0.2,12.2,0.1,10.3,0.1,14.1,0.1,6.0,0.1,4.5,0.1,7.3,0.1,35.5,0.1,33.9,0.2,37.2,0.2,95.9,0.2,(X),(X),(X),(X),61.4,0.2,(X),(X),(X),(X),19.7,0.1,(X),(X),(X),(X),41.7,0.1,(X),(X),(X),(X),0.2,(X),(X),(X),(X),(X),0.7,(X),(X),(X),(X),(X)
5001100US4002,4002,"Congressional District 2 (111th Congress), Oklahoma",709359,879,350225,833,359134,718,6.6,0.1,6.7,0.1,6.4,0.1,6.6,0.2,6.8,0.2,6.5,0.2,7.0,0.2,7.4,0.2,6.5,0.2,7.4,0.1,7.8,0.2,7.0,0.2,6.6,0.1,7.1,0.2,6.2,0.2,6.2,0.1,6.6,0.1,5.8,0.1,5.6,0.1,5.8,0.1,5.5,0.1,6.1,0.1,6.2,0.2,5.9,0.2,6.6,0.1,6.6,0.2,6.6,0.2,7.0,0.1,7.1,0.1,7.0,0.1,6.7,0.1,6.6,0.1,6.7,0.1,6.3,0.2,6.1,0.2,6.5,0.2,5.8,0.1,5.6,0.2,6.0,0.2,4.7,0.1,4.6,0.1,4.9,0.1,3.7,0.1,3.4,0.1,4.0,0.1,3.0,0.1,2.6,0.1,3.3,0.1,2.1,0.1,1.8,0.1,2.5,0.1,1.9,0.1,1.2,0.1,2.6,0.1,13.6,0.1,14.2,0.1,13.0,0.1,4.5,0.1,4.8,0.1,4.3,0.1,9.5,0.1,10.1,0.2,8.9,0.1,38.5,0.1,40.1,0.1,36.9,0.1,78.3,0.1,77.5,0.2,79.1,0.1,75.3,0.1,74.3,0.1,76.3,0.1,21.3,0.2,19.2,0.2,23.4,0.2,18.8,0.1,16.7,0.2,20.9,0.2,15.5,0.1,13.6,0.1,17.3,0.1,7.0,0.1,5.5,0.1,8.4,0.1,38.3,0.2,36.3,0.2,40.2,0.2,97.5,0.4,(X),(X),(X),(X),67.1,0.2,(X),(X),(X),(X),25.8,0.1,(X),(X),(X),(X),41.3,0.1,(X),(X),(X),(X),0.1,(X),(X),(X),(X),(X),0.7,(X),(X),(X),(X),(X)
5001100US4003,4003,"Congressional District 3 (111th Congress), Oklahoma",704510,908,353519,804,350991,900,6.7,0.1,6.8,0.1,6.6,0.1,6.5,0.1,6.8,0.2,6.2,0.2,6.7,0.1,6.8,0.2,6.5,0.2,7.7,0.1,7.9,0.2,7.4,0.1,8.6,0.1,9.2,0.1,8.0,0.1,6.1,0.1,6.6,0.1,5.6,0.1,5.5,0.1,5.9,0.1,5.2,0.1,5.9,0.2,5.9,0.2,5.9,0.2,6.7,0.2,6.8,0.2,6.6,0.2,7.4,0.1,7.4,0.1,7.5,0.1,7.0,0.1,7.0,0.1,6.9,0.1,6.2,0.1,6.0,0.2,6.3,0.2,5.0,0.1,4.8,0.2,5.1,0.2,4.0,0.1,4.0,0.1,4.1,0.1,3.4,0.1,3.0,0.1,3.8,0.2,2.9,0.1,2.5,0.1,3.3,0.1,2.0,0.1,1.6,0.1,2.3,0.1,1.9,0.1,1.1,0.1,2.8,0.1,13.2,0.1,13.6,0.1,12.8,0.1,4.4,0.1,4.6,0.1,4.3,0.1,11.8,0.1,12.5,0.1,11.1,0.1,40.5,0.1,42.3,0.1,38.6,0.2,78.7,0.1,78.1,0.2,79.3,0.2,75.7,0.1,75.1,0.1,76.4,0.2,19.2,0.1,16.9,0.2,21.4,0.2,17.0,0.1,14.8,0.2,19.2,0.2,14.2,0.1,12.1,0.1,16.3,0.1,6.8,0.1,5.2,0.1,8.4,0.1,37.0,0.2,35.1,0.2,38.8,0.3,100.7,0.4,(X),(X),(X),(X),62.5,0.2,(X),(X),(X),(X),23.1,0.1,(X),(X),(X),(X),39.4,0.2,(X),(X),(X),(X),0.1,(X),(X),(X),(X),(X),0.6,(X),(X),(X),(X),(X)
5001100US4004,4004,"Congressional District 4 (111th Congress), Oklahoma",738834,1197,366255,991,372579,1107,7.0,0.1,7.2,0.1,6.8,0.1,7.0,0.2,7.2,0.2,6.8,0.2,6.5,0.2,6.8,0.2,6.2,0.2,7.5,0.1,8.0,0.2,7.0,0.1,9.2,0.1,9.8,0.2,8.5,0.1,7.0,0.1,7.1,0.1,6.8,0.1,6.0,0.1,6.2,0.1,5.9,0.1,6.4,0.1,6.5,0.2,6.2,0.2,6.7,0.1,6.6,0.2,6.7,0.2,7.2,0.1,7.0,0.1,7.3,0.1,6.6,0.1,6.6,0.1,6.7,0.1,5.9,0.1,5.7,0.2,6.0,0.2,4.8,0.1,4.7,0.2,5.0,0.1,3.8,0.1,3.6,0.1,4.1,0.1,2.9,0.1,2.7,0.1,3.1,0.1,2.4,0.1,2.0,0.1,2.7,0.1,1.6,0.1,1.3,0.1,1.9,0.1,1.5,0.1,0.9,0.1,2.1,0.2,13.5,0.1,14.0,0.2,13.0,0.2,4.1,0.1,4.3,0.1,4.0,0.1,12.6,0.1,13.6,0.1,11.6,0.1,42.7,0.1,44.2,0.2,41.3,0.2,78.2,0.1,77.5,0.2,78.9,0.2,75.5,0.1,74.6,0.2,76.3,0.1,17.1,0.1,15.3,0.2,19.0,0.2,15.1,0.1,13.3,0.1,16.9,0.2,12.3,0.1,10.6,0.1,14.0,0.1,5.6,0.1,4.3,0.1,6.8,0.1,34.9,0.1,33.2,0.2,36.5,0.2,98.3,0.5,(X),(X),(X),(X),58.4,0.2,(X),(X),(X),(X),19.5,0.1,(X),(X),(X),(X),38.9,0.2,(X),(X),(X),(X),0.2,(X),(X),(X),(X),(X),0.7,(X),(X),(X),(X),(X)
5001100US4005,4005,"Congressional District 5 (111th Congress), Oklahoma",728523,1194,354102,971,374421,990,8.1,0.1,8.5,0.1,7.7,0.1,6.9,0.1,7.2,0.2,6.6,0.2,6.5,0.1,6.9,0.2,6.1,0.2,6.6,0.1,6.9,0.1,6.3,0.1,7.5,0.1,7.7,0.1,7.2,0.1,8.6,0.1,8.7,0.1,8.5,0.1,7.0,0.1,7.1,0.1,6.8,0.1,6.2,0.2,6.4,0.2,6.1,0.2,6.4,0.2,6.5,0.2,6.3,0.2,7.0,0.1,7.1,0.1,7.0,0.1,6.6,0.1,6.6,0.1,6.6,0.1,5.7,0.1,5.6,0.2,5.8,0.2,4.4,0.1,4.3,0.2,4.6,0.2,3.5,0.1,3.2,0.1,3.7,0.1,2.9,0.1,2.7,0.1,3.1,0.1,2.5,0.1,2.0,0.1,2.9,0.1,2.1,0.1,1.7,0.1,2.4,0.1,1.6,0.1,1.0,0.1,2.2,0.2,13.4,0.1,14.1,0.1,12.7,0.1,4.0,0.1,4.2,0.1,3.8,0.1,10.1,0.1,10.5,0.1,9.7,0.1,42.2,0.1,43.3,0.1,41.2,0.1,77.2,0.1,76.0,0.2,78.3,0.2,74.5,0.1,73.2,0.1,75.8,0.1,17.0,0.1,14.8,0.2,19.0,0.2,15.1,0.1,13.1,0.2,16.9,0.2,12.6,0.1,10.6,0.1,14.4,0.1,6.2,0.1,4.7,0.1,7.6,0.1,34.2,0.1,32.8,0.2,35.7,0.1,94.6,0.4,(X),(X),(X),(X),61.3,0.2,(X),(X),(X),(X),20.3,0.1,(X),(X),(X),(X),41.1,0.2,(X),(X),(X),(X),0.2,(X),(X),(X),(X),(X),0.8,(X),(X),(X),(X),(X)
5001100US4101,4101,"Congressional District 1 (111th Congress), Oregon",778421,1641,390599,1272,387822,1071,6.9,0.1,7.2,0.1,6.7,0.1,6.8,0.2,6.8,0.2,6.8,0.2,6.6,0.2,6.9,0.2,6.4,0.2,6.3,0.1,6.4,0.1,6.3,0.1,6.3,0.1,6.4,0.1,6.3,0.1,8.2,0.1,8.3,0.1,8.1,0.1,7.7,0.1,8.0,0.1,7.4,0.1,7.7,0.2,8.0,0.2,7.5,0.2,7.4,0.2,7.6,0.3,7.1,0.2,7.5,0.1,7.5,0.1,7.5,0.1,7.2,0.1,7.2,0.1,7.1,0.1,6.4,0.1,6.2,0.2,6.5,0.2,4.5,0.1,4.5,0.2,4.6,0.2,3.1,0.1,3.1,0.1,3.0,0.1,2.2,0.1,2.0,0.1,2.5,0.1,1.9,0.1,1.6,0.1,2.2,0.1,1.5,0.1,1.2,0.1,1.9,0.1,1.6,0.1,1.0,0.1,2.1,0.1,13.4,0.1,13.6,0.1,13.2,0.1,4.0,0.1,4.1,0.1,3.9,0.1,8.7,0.1,8.8,0.1,8.6,0.1,43.7,0.1,44.8,0.2,42.7,0.2,78.3,0.1,77.7,0.2,79.0,0.1,75.7,0.1,75.1,0.1,76.2,0.1,14.9,0.1,13.4,0.2,16.4,0.2,12.9,0.1,11.5,0.2,14.3,0.1,10.4,0.1,9.0,0.1,11.7,0.1,5.0,0.1,3.9,0.1,6.2,0.1,35.7,0.2,35.0,0.1,36.4,0.2,100.7,0.4,(X),(X),(X),(X),53.1,0.2,(X),(X),(X),(X),15.9,0.1,(X),(X),(X),(X),37.3,0.1,(X),(X),(X),(X),0.2,(X),(X),(X),(X),(X),0.7,(X),(X),(X),(X),(X)
5001100US4102,4102,"Congressional District 2 (111th Congress), Oregon",747784,845,369712,803,378072,669,6.2,0.1,6.2,0.1,6.1,0.1,6.3,0.1,6.4,0.2,6.2,0.2,6.7,0.1,6.9,0.2,6.5,0.2,6.8,0.1,7.1,0.1,6.4,0.1,5.9,0.1,6.1,0.1,5.7,0.1,5.9,0.1,6.1,0.1,5.7,0.1,5.6,0.1,5.8,0.1,5.3,0.1,6.2,0.2,6.2,0.2,6.1,0.2,6.4,0.2,6.5,0.2,6.3,0.2,7.3,0.1,7.2,0.1,7.4,0.1,7.6,0.1,7.5,0.1,7.6,0.1,7.4,0.1,7.2,0.2,7.6,0.2,6.0,0.2,6.0,0.2,5.9,0.2,4.7,0.1,4.6,0.1,4.8,0.2,3.6,0.1,3.5,0.1,3.8,0.2,2.9,0.1,2.8,0.1,3.1,0.1,2.5,0.1,2.1,0.1,2.8,0.2,2.1,0.1,1.5,0.1,2.6,0.2,13.0,0.1,13.4,0.1,12.7,0.1,4.3,0.1,4.4,0.1,4.2,0.1,8.3,0.1,8.8,0.1,7.9,0.1,36.7,0.1,37.9,0.1,35.6,0.1,79.4,0.1,78.9,0.1,79.8,0.1,76.5,0.1,75.9,0.1,77.0,0.1,21.7,0.2,20.6,0.2,22.9,0.2,19.2,0.1,18.0,0.2,20.3,0.2,15.8,0.1,14.5,0.1,17.0,0.1,7.5,0.1,6.4,0.1,8.5,0.1,40.4,0.2,39.2,0.2,41.6,0.2,97.8,0.3,(X),(X),(X),(X),64.7,0.2,(X),(X),(X),(X),26.0,0.1,(X),(X),(X),(X),38.7,0.1,(X),(X),(X),(X),0.1,(X),(X),(X),(X),(X),0.9,(X),(X),(X),(X),(X)
5001100US4103,4103,"Congressional District 3 (111th Congress), Oregon",732027,2472,360124,1659,371903,1765,7.0,0.1,7.2,0.1,6.8,0.1,6.3,0.2,6.6,0.2,6.1,0.2,5.9,0.1,6.1,0.2,5.6,0.2,5.9,0.1,6.1,0.2,5.6,0.1,6.3,0.1,6.4,0.1,6.2,0.2,9.1,0.1,8.9,0.2,9.2,0.2,8.6,0.1,8.7,0.1,8.5,0.2,7.8,0.2,8.1,0.3,7.6,0.2,7.4,0.2,7.7,0.3,7.2,0.2,7.4,0.1,7.6,0.2,7.2,0.1,7.2,0.1,7.3,0.2,7.1,0.1,6.2,0.1,6.3,0.2,6.2,0.2,4.4,0.1,4.2,0.2,4.5,0.2,3.0,0.1,2.9,0.1,3.2,0.1,2.1,0.1,1.9,0.1,2.3,0.1,1.8,0.1,1.5,0.1,2.2,0.1,1.7,0.1,1.3,0.1,2.1,0.1,1.7,0.1,1.1,0.1,2.3,0.1,12.2,0.1,12.7,0.2,11.8,0.2,3.7,0.1,3.8,0.1,3.6,0.1,8.5,0.1,8.7,0.2,8.3,0.2,45.1,0.2,46.0,0.3,44.3,0.2,79.5,0.1,78.8,0.2,80.1,0.2,77.1,0.1,76.3,0.2,77.9,0.2,14.8,0.2,13.0,0.2,16.6,0.2,12.8,0.2,11.0,0.2,14.5,0.2,10.4,0.1,8.8,0.1,12.1,0.2,5.3,0.1,3.9,0.1,6.6,0.1,35.6,0.2,35.0,0.2,36.2,0.2,96.8,0.6,(X),(X),(X),(X),50.0,0.3,(X),(X),(X),(X),15.6,0.2,(X),(X),(X),(X),34.4,0.3,(X),(X),(X),(X),0.2,(X),(X),(X),(X),(X),1.2,(X),(X),(X),(X),(X)
5001100US4104,4104,"Congressional District 4 (111th Congress), Oregon",718970,1359,352215,1028,366755,898,5.5,0.1,5.8,0.1,5.2,0.1,5.6,0.1,5.8,0.2,5.4,0.2,6.0,0.1,6.3,0.2,5.8,0.2,7.1,0.1,7.4,0.1,6.9,0.1,8.5,0.1,8.6,0.2,8.5,0.1,5.3,0.1,5.5,0.1,5.1,0.1,5.1,0.1,5.3,0.1,4.9,0.1,6.0,0.2,6.2,0.2,5.8,0.2,6.0,0.2,6.1,0.3,5.9,0.2,7.3,0.1,7.2,0.1,7.3,0.1,7.8,0.1,7.7,0.1,7.9,0.1,7.5,0.1,7.3,0.2,7.6,0.2,6.2,0.1,6.2,0.2,6.1,0.2,4.9,0.1,4.8,0.1,4.9,0.1,3.6,0.1,3.3,0.1,3.8,0.2,3.0,0.1,2.9,0.1,3.1,0.2,2.4,0.1,2.1,0.1,2.7,0.1,2.3,0.1,1.6,0.1,3.1,0.2,11.6,0.1,12.0,0.1,11.2,0.1,4.0,0.1,4.2,0.1,3.8,0.1,11.7,0.1,11.7,0.2,11.6,0.1,38.0,0.1,39.0,0.2,37.1,0.2,81.6,0.1,80.8,0.2,82.4,0.1,78.9,0.1,78.0,0.1,79.8,0.1,22.3,0.2,20.9,0.2,23.7,0.2,19.7,0.1,18.3,0.2,21.1,0.2,16.1,0.1,14.7,0.1,17.5,0.1,7.7,0.1,6.6,0.1,8.8,0.1,40.8,0.2,39.5,0.2,42.1,0.2,96.0,0.4,(X),(X),(X),(X),59.4,0.2,(X),(X),(X),(X),25.7,0.2,(X),(X),(X),(X),33.6,0.1,(X),(X),(X),(X),0.2,(X),(X),(X),(X),(X),1.0,(X),(X),(X),(X),(X)
5001100US4105,4105,"Congressional District 5 (111th Congress), Oregon",750205,2002,374282,1569,375923,1524,6.4,0.1,6.6,0.1,6.2,0.1,6.5,0.2,6.7,0.3,6.2,0.2,6.7,0.1,6.7,0.2,6.7,0.2,7.6,0.1,7.9,0.2,7.3,0.2,7.4,0.2,8.0,0.2,6.9,0.2,6.1,0.1,6.5,0.2,5.8,0.1,5.8,0.1,6.2,0.1,5.5,0.1,6.3,0.1,6.4,0.2,6.1,0.2,6.6,0.2,6.8,0.2,6.4,0.2,7.3,0.1,7.2,0.2,7.4,0.1,7.5,0.1,7.2,0.1,7.7,0.1,7.0,0.1,6.9,0.2,7.1,0.2,5.5,0.1,5.4,0.2,5.6,0.2,3.8,0.1,3.6,0.1,4.0,0.1,2.9,0.1,2.8,0.1,3.1,0.1,2.4,0.2,2.1,0.2,2.7,0.2,2.0,0.1,1.7,0.1,2.3,0.2,2.2,0.2,1.5,0.2,2.8,0.3,13.2,0.1,13.4,0.2,13.0,0.2,4.4,0.1,4.6,0.1,4.2,0.1,10.7,0.2,11.3,0.2,10.0,0.2,39.9,0.2,41.8,0.2,38.0,0.2,78.9,0.2,78.5,0.2,79.4,0.2,76.0,0.1,75.4,0.2,76.6,0.2,18.8,0.2,16.9,0.2,20.6,0.3,16.4,0.2,14.6,0.2,18.2,0.2,13.3,0.1,11.5,0.1,15.1,0.2,6.6,0.1,5.2,0.1,7.9,0.1,37.7,0.2,36.1,0.2,39.3,0.3,99.6,0.6,(X),(X),(X),(X),59.4,0.3,(X),(X),(X),(X),21.2,0.2,(X),(X),(X),(X),38.2,0.3,(X),(X),(X),(X),0.2,(X),(X),(X),(X),(X),1.1,(X),(X),(X),(X),(X)
5001100US4201,4201,"Congressional District 1 (111th Congress), Pennsylvania",656592,5213,307310,3441,349282,3588,7.9,0.2,8.4,0.3,7.5,0.3,6.9,0.2,7.5,0.4,6.3,0.3,7.3,0.3,7.9,0.4,6.8,0.3,8.2,0.2,8.8,0.4,7.6,0.3,7.5,0.3,7.7,0.4,7.3,0.3,8.6,0.3,8.7,0.3,8.5,0.3,7.6,0.2,7.9,0.4,7.4,0.3,7.0,0.2,7.0,0.3,7.0,0.3,6.5,0.2,6.4,0.3,6.6,0.3,6.8,0.2,6.7,0.3,6.9,0.3,6.0,0.2,6.0,0.3,6.0,0.2,5.0,0.2,4.9,0.3,5.1,0.3,4.1,0.2,3.8,0.2,4.4,0.2,3.1,0.1,2.9,0.2,3.4,0.2,2.4,0.1,2.1,0.2,2.7,0.2,2.0,0.1,1.6,0.2,2.4,0.2,1.7,0.1,1.2,0.1,2.1,0.2,1.4,0.1,0.8,0.1,1.9,0.2,14.2,0.3,15.4,0.4,13.2,0.3,4.9,0.2,5.4,0.2,4.4,0.2,10.8,0.3,11.1,0.4,10.5,0.4,45.4,0.4,46.4,0.6,44.4,0.6,76.1,0.3,74.3,0.5,77.8,0.5,73.0,0.3,70.8,0.4,74.9,0.4,14.7,0.3,12.3,0.4,16.9,0.4,12.9,0.3,10.5,0.3,15.0,0.4,10.6,0.2,8.5,0.3,12.5,0.4,5.1,0.2,3.5,0.2,6.5,0.3,32.2,0.3,30.5,0.3,33.9,0.4,88.0,1.3,(X),(X),(X),(X),60.3,0.8,(X),(X),(X),(X),17.0,0.4,(X),(X),(X),(X),43.3,0.6,(X),(X),(X),(X),0.2,(X),(X),(X),(X),(X),2.3,(X),(X),(X),(X),(X)
5001100US4202,4202,"Congressional District 2 (111th Congress), Pennsylvania",616250,5398,280983,3430,335267,3398,6.5,0.2,7.2,0.3,5.9,0.3,5.4,0.2,5.8,0.3,5.0,0.3,5.8,0.2,6.6,0.3,5.2,0.2,8.1,0.3,8.5,0.4,7.8,0.4,8.5,0.3,8.9,0.5,8.1,0.4,9.2,0.2,9.4,0.4,9.1,0.3,7.2,0.2,7.3,0.4,7.1,0.3,6.2,0.3,6.3,0.4,6.1,0.3,6.6,0.2,6.5,0.4,6.7,0.3,6.6,0.2,6.5,0.3,6.7,0.3,6.6,0.2,6.3,0.2,6.8,0.2,5.5,0.2,5.4,0.3,5.5,0.2,4.7,0.2,4.3,0.2,5.1,0.2,3.6,0.2,3.2,0.2,3.8,0.2,3.0,0.1,2.6,0.2,3.4,0.2,2.5,0.1,2.2,0.2,2.7,0.2,2.2,0.1,1.7,0.2,2.6,0.2,2.0,0.1,1.4,0.2,2.5,0.2,11.2,0.2,12.4,0.3,10.2,0.3,4.0,0.2,4.2,0.2,3.8,0.2,12.6,0.4,13.2,0.5,12.1,0.5,45.8,0.4,46.8,0.6,44.9,0.6,81.1,0.3,79.1,0.4,82.7,0.4,78.4,0.3,76.3,0.5,80.1,0.4,17.9,0.3,15.3,0.4,20.1,0.4,15.7,0.3,13.4,0.4,17.7,0.4,13.2,0.2,11.0,0.3,15.0,0.3,6.6,0.2,5.2,0.2,7.8,0.3,34.5,0.4,32.3,0.5,36.4,0.5,83.8,1.2,(X),(X),(X),(X),53.4,0.8,(X),(X),(X),(X),20.2,0.4,(X),(X),(X),(X),33.2,0.6,(X),(X),(X),(X),0.3,(X),(X),(X),(X),(X),2.1,(X),(X),(X),(X),(X)
5001100US4203,4203,"Congressional District 3 (111th Congress), Pennsylvania",640689,1039,314115,919,326574,749,5.6,0.1,5.9,0.1,5.4,0.1,5.8,0.1,6.1,0.2,5.5,0.2,6.5,0.1,6.8,0.2,6.3,0.2,7.7,0.1,8.0,0.1,7.3,0.1,6.8,0.1,7.2,0.1,6.4,0.1,5.9,0.1,6.1,0.1,5.6,0.1,5.5,0.1,5.6,0.1,5.3,0.1,6.1,0.2,6.3,0.2,6.0,0.2,7.0,0.1,7.2,0.2,6.8,0.2,7.7,0.1,7.8,0.1,7.7,0.1,7.6,0.1,7.8,0.1,7.5,0.1,6.7,0.2,6.6,0.2,6.7,0.2,5.3,0.1,5.3,0.2,5.3,0.2,4.1,0.1,4.0,0.1,4.3,0.1,3.4,0.1,3.1,0.1,3.7,0.1,3.2,0.1,2.7,0.1,3.7,0.2,2.6,0.1,2.0,0.1,3.1,0.1,2.3,0.1,1.4,0.1,3.2,0.3,12.3,0.1,12.9,0.1,11.8,0.1,4.3,0.1,4.6,0.1,4.0,0.1,10.2,0.1,10.6,0.1,9.7,0.1,39.0,0.1,40.4,0.1,37.6,0.2,80.6,0.1,79.7,0.2,81.5,0.2,77.7,0.1,76.6,0.1,78.7,0.1,21.0,0.2,18.6,0.2,23.3,0.2,18.7,0.2,16.2,0.2,21.1,0.2,15.7,0.1,13.3,0.1,18.0,0.2,8.1,0.1,6.2,0.1,10.1,0.2,40.0,0.2,38.5,0.2,41.5,0.2,96.2,0.4,(X),(X),(X),(X),61.3,0.3,(X),(X),(X),(X),25.4,0.2,(X),(X),(X),(X),36.0,0.2,(X),(X),(X),(X),0.2,(X),(X),(X),(X),(X),0.7,(X),(X),(X),(X),(X)
5001100US4204,4204,"Congressional District 4 (111th Congress), Pennsylvania",635865,941,305919,1355,329946,1419,5.5,0.1,5.9,0.2,5.2,0.2,6.0,0.2,6.6,0.3,5.5,0.2,6.6,0.2,7.0,0.3,6.3,0.2,6.4,0.1,6.8,0.2,6.0,0.2,4.7,0.1,4.9,0.2,4.6,0.1,5.1,0.2,5.5,0.2,4.8,0.2,5.2,0.1,5.2,0.2,5.2,0.2,6.4,0.2,6.6,0.2,6.1,0.2,7.6,0.2,7.5,0.3,7.7,0.2,8.4,0.1,8.6,0.2,8.1,0.2,8.3,0.1,8.4,0.2,8.2,0.2,7.0,0.2,7.0,0.2,7.0,0.2,5.4,0.2,5.4,0.2,5.3,0.2,4.3,0.1,4.1,0.2,4.5,0.2,3.6,0.1,3.3,0.1,3.9,0.2,3.8,0.1,3.2,0.1,4.3,0.2,2.9,0.1,2.2,0.1,3.6,0.2,2.7,0.2,1.6,0.1,3.7,0.4,12.7,0.1,13.6,0.2,11.9,0.2,4.2,0.1,4.5,0.2,3.9,0.1,6.9,0.1,7.2,0.2,6.6,0.2,35.4,0.3,36.5,0.3,34.4,0.3,80.4,0.2,79.1,0.3,81.6,0.2,77.6,0.2,76.1,0.3,79.0,0.2,22.7,0.3,19.9,0.3,25.3,0.5,20.4,0.3,17.6,0.3,23.1,0.5,17.3,0.3,14.5,0.2,19.9,0.5,9.4,0.3,7.1,0.2,11.6,0.5,42.8,0.2,41.0,0.3,44.1,0.2,92.7,0.8,(X),(X),(X),(X),65.9,0.7,(X),(X),(X),(X),28.8,0.6,(X),(X),(X),(X),37.1,0.3,(X),(X),(X),(X),0.2,(X),(X),(X),(X),(X),0.7,(X),(X),(X),(X),(X)
5001100US4205,4205,"Congressional District 5 (111th Congress), Pennsylvania",639139,784,318873,778,320266,660,5.2,0.1,5.3,0.1,5.0,0.1,5.2,0.1,5.3,0.1,5.1,0.1,5.8,0.1,6.0,0.1,5.6,0.2,8.7,0.2,8.7,0.2,8.7,0.3,9.4,0.2,10.1,0.3,8.8,0.2,5.4,0.1,5.9,0.1,5.0,0.1,5.2,0.1,5.5,0.1,4.8,0.1,6.1,0.1,6.3,0.2,5.8,0.2,6.7,0.1,6.9,0.2,6.6,0.2,7.5,0.1,7.6,0.1,7.4,0.1,7.2,0.1,7.3,0.1,7.0,0.1,6.4,0.1,6.5,0.1,6.3,0.2,5.3,0.1,5.1,0.1,5.4,0.2,4.5,0.1,4.2,0.1,4.7,0.1,3.6,0.1,3.3,0.1,3.9,0.1,3.3,0.1,2.8,0.1,3.8,0.1,2.5,0.1,1.9,0.1,3.1,0.2,2.2,0.1,1.4,0.1,2.9,0.1,11.0,0.1,11.2,0.1,10.7,0.1,3.9,0.1,4.0,0.1,3.8,0.1,14.2,0.1,14.8,0.1,13.7,0.1,41.5,0.1,43.3,0.2,39.7,0.2,82.5,0.1,82.2,0.1,82.9,0.1,79.9,0.1,79.5,0.1,80.4,0.1,21.3,0.2,18.8,0.2,23.8,0.2,19.1,0.1,16.5,0.2,21.6,0.2,16.0,0.1,13.7,0.1,18.4,0.1,8.0,0.1,6.1,0.1,9.8,0.1,39.3,0.2,37.7,0.2,40.9,0.2,99.6,0.4,(X),(X),(X),(X),56.5,0.3,(X),(X),(X),(X),25.1,0.1,(X),(X),(X),(X),31.4,0.2,(X),(X),(X),(X),0.2,(X),(X),(X),(X),(X),0.6,(X),(X),(X),(X),(X)
5001100US4206,4206,"Congressional District 6 (111th Congress), Pennsylvania",703519,2155,344468,1992,359051,1983,6.5,0.1,6.8,0.2,6.2,0.2,6.6,0.2,6.9,0.2,6.3,0.2,6.7,0.2,7.1,0.2,6.4,0.2,7.3,0.2,7.4,0.2,7.3,0.2,6.0,0.2,6.0,0.3,6.0,0.2,5.7,0.2,5.7,0.2,5.7,0.2,6.0,0.1,6.3,0.2,5.8,0.1,7.2,0.2,7.3,0.3,7.0,0.2,7.9,0.2,8.2,0.3,7.7,0.2,8.1,0.2,8.2,0.2,7.9,0.2,7.5,0.1,7.5,0.2,7.5,0.2,6.3,0.2,6.3,0.2,6.3,0.2,4.8,0.1,4.6,0.2,5.0,0.2,3.7,0.1,3.7,0.1,3.7,0.2,2.9,0.1,2.7,0.2,3.1,0.1,2.6,0.1,2.3,0.1,2.9,0.1,2.2,0.1,1.8,0.1,2.7,0.1,1.9,0.1,1.2,0.1,2.6,0.2,13.3,0.2,14.0,0.2,12.7,0.2,4.2,0.1,4.3,0.2,4.1,0.1,9.2,0.2,9.2,0.3,9.2,0.3,40.1,0.3,40.9,0.4,39.4,0.3,78.8,0.2,77.8,0.3,79.8,0.3,76.0,0.2,74.9,0.3,77.0,0.3,18.2,0.2,16.3,0.3,20.0,0.3,16.1,0.2,14.2,0.3,17.9,0.3,13.4,0.2,11.7,0.2,15.0,0.3,6.8,0.1,5.3,0.2,8.2,0.2,38.7,0.2,37.7,0.3,39.6,0.3,95.9,0.9,(X),(X),(X),(X),59.7,0.5,(X),(X),(X),(X),21.4,0.3,(X),(X),(X),(X),38.3,0.4,(X),(X),(X),(X),0.2,(X),(X),(X),(X),(X),0.7,(X),(X),(X),(X),(X)
5001100US4207,4207,"Congressional District 7 (111th Congress), Pennsylvania",662723,688,323227,1356,339496,1355,5.9,0.1,6.3,0.2,5.6,0.2,5.9,0.1,6.3,0.2,5.6,0.2,6.6,0.1,6.9,0.2,6.3,0.2,7.4,0.2,8.0,0.4,6.8,0.1,6.4,0.2,6.7,0.2,6.2,0.2,6.2,0.1,6.5,0.2,5.8,0.1,6.0,0.1,6.1,0.2,5.9,0.1,6.5,0.2,6.4,0.2,6.6,0.2,7.5,0.2,7.6,0.2,7.4,0.2,8.0,0.1,8.1,0.1,8.0,0.1,7.5,0.1,7.5,0.1,7.5,0.1,6.3,0.1,6.4,0.2,6.2,0.2,5.0,0.1,4.8,0.2,5.3,0.2,3.6,0.1,3.5,0.2,3.8,0.1,3.1,0.1,2.8,0.1,3.5,0.1,3.1,0.1,2.7,0.1,3.6,0.2,2.5,0.1,1.9,0.1,3.1,0.2,2.2,0.1,1.4,0.1,3.0,0.2,12.5,0.1,13.2,0.2,11.9,0.2,4.3,0.2,4.7,0.3,4.0,0.1,9.5,0.2,10.0,0.2,9.0,0.2,40.0,0.2,41.4,0.3,38.6,0.2,80.2,0.2,79.1,0.2,81.2,0.2,77.2,0.2,75.9,0.3,78.5,0.3,19.7,0.2,17.1,0.3,22.1,0.3,17.5,0.2,15.1,0.2,19.9,0.3,14.7,0.1,12.3,0.2,16.9,0.2,7.9,0.1,6.0,0.1,9.7,0.2,39.3,0.3,37.7,0.3,40.8,0.2,95.2,0.8,(X),(X),(X),(X),59.9,0.6,(X),(X),(X),(X),23.4,0.3,(X),(X),(X),(X),36.4,0.5,(X),(X),(X),(X),0.2,(X),(X),(X),(X),(X),0.9,(X),(X),(X),(X),(X)
5001100US4208,4208,"Congressional District 8 (111th Congress), Pennsylvania",670639,1550,330217,934,340422,1043,5.8,0.1,5.9,0.1,5.6,0.1,6.2,0.2,6.4,0.2,5.9,0.2,7.1,0.2,7.2,0.2,6.9,0.2,6.9,0.1,7.3,0.1,6.5,0.1,5.7,0.1,5.9,0.1,5.5,0.1,5.2,0.1,5.4,0.1,5.0,0.1,5.3,0.1,5.4,0.1,5.2,0.1,7.1,0.2,7.2,0.3,7.0,0.3,7.9,0.2,7.9,0.3,7.9,0.3,8.9,0.1,9.0,0.1,8.9,0.1,8.1,0.1,8.2,0.1,8.0,0.1,6.8,0.1,6.8,0.2,6.8,0.2,5.3,0.1,5.2,0.2,5.3,0.2,3.9,0.1,3.9,0.1,4.0,0.1,3.1,0.1,2.9,0.1,3.3,0.1,2.8,0.1,2.5,0.1,3.1,0.2,2.1,0.1,1.6,0.1,2.6,0.2,2.0,0.1,1.2,0.1,2.7,0.2,13.2,0.1,13.7,0.1,12.8,0.1,4.5,0.1,4.7,0.1,4.3,0.1,8.1,0.1,8.5,0.1,7.7,0.1,38.0,0.1,39.1,0.1,37.0,0.1,79.5,0.1,78.8,0.2,80.2,0.2,76.5,0.1,75.7,0.1,77.3,0.1,19.1,0.2,17.3,0.2,20.9,0.2,16.8,0.2,15.1,0.2,18.5,0.2,13.8,0.1,12.1,0.1,15.6,0.1,6.8,0.1,5.3,0.1,8.3,0.1,40.6,0.2,39.5,0.2,41.7,0.3,97.0,0.4,(X),(X),(X),(X),59.5,0.2,(X),(X),(X),(X),22.1,0.1,(X),(X),(X),(X),37.4,0.2,(X),(X),(X),(X),0.1,(X),(X),(X),(X),(X),0.6,(X),(X),(X),(X),(X)
5001100US4209,4209,"Congressional District 9 (111th Congress), Pennsylvania",657521,1955,325125,1440,332396,1708,5.8,0.1,6.0,0.1,5.6,0.1,6.0,0.1,6.1,0.2,5.9,0.2,6.3,0.1,6.4,0.2,6.2,0.2,6.4,0.1,6.7,0.2,6.2,0.1,6.1,0.1,6.3,0.2,6.0,0.2,5.8,0.1,6.2,0.1,5.3,0.1,5.7,0.1,6.0,0.1,5.4,0.1,6.5,0.1,6.8,0.2,6.3,0.2,7.2,0.1,7.4,0.2,6.9,0.2,7.7,0.1,8.0,0.1,7.4,0.1,7.6,0.1,7.7,0.1,7.5,0.1,6.9,0.2,6.9,0.2,6.8,0.2,5.6,0.1,5.6,0.2,5.5,0.2,4.6,0.1,4.3,0.1,4.9,0.1,3.7,0.1,3.4,0.1,3.9,0.1,3.3,0.1,2.9,0.1,3.8,0.2,2.7,0.1,2.0,0.1,3.4,0.1,2.2,0.1,1.3,0.1,3.0,0.1,12.3,0.1,12.5,0.2,12.0,0.2,4.0,0.1,4.2,0.1,3.9,0.1,8.5,0.1,8.8,0.2,8.3,0.2,37.7,0.2,39.4,0.3,36.1,0.2,80.6,0.1,80.1,0.2,81.1,0.2,77.9,0.1,77.3,0.2,78.5,0.2,22.1,0.2,19.6,0.2,24.6,0.2,19.7,0.2,17.1,0.2,22.3,0.2,16.5,0.1,13.9,0.1,19.0,0.2,8.2,0.1,6.2,0.1,10.2,0.1,41.0,0.2,39.7,0.2,42.4,0.3,97.8,0.7,(X),(X),(X),(X),62.9,0.4,(X),(X),(X),(X),26.9,0.2,(X),(X),(X),(X),36.0,0.3,(X),(X),(X),(X),0.1,(X),(X),(X),(X),(X),0.5,(X),(X),(X),(X),(X)
5001100US4210,4210,"Congressional District 10 (111th Congress), Pennsylvania",656019,680,325491,1082,330528,1031,5.3,0.1,5.5,0.1,5.2,0.1,5.7,0.1,5.8,0.2,5.6,0.2,6.4,0.1,6.7,0.2,6.1,0.2,7.3,0.1,7.7,0.1,6.9,0.2,5.8,0.1,6.2,0.2,5.4,0.2,5.0,0.1,5.5,0.1,4.6,0.1,5.3,0.1,5.5,0.1,5.0,0.1,6.4,0.2,6.5,0.3,6.3,0.2,7.5,0.2,7.8,0.2,7.2,0.2,7.9,0.1,8.1,0.1,7.8,0.1,7.7,0.1,7.9,0.1,7.6,0.1,7.1,0.1,7.0,0.2,7.1,0.2,5.9,0.1,5.8,0.2,5.9,0.2,4.6,0.1,4.3,0.1,4.8,0.2,3.8,0.1,3.6,0.1,4.0,0.1,3.4,0.1,2.9,0.1,3.9,0.1,2.8,0.1,2.1,0.1,3.4,0.1,2.2,0.1,1.2,0.1,3.2,0.2,12.1,0.1,12.5,0.1,11.7,0.1,4.3,0.1,4.6,0.1,4.1,0.1,8.7,0.2,9.3,0.2,8.1,0.2,37.2,0.2,39.1,0.2,35.4,0.2,81.1,0.1,80.5,0.2,81.7,0.2,78.2,0.1,77.4,0.2,78.9,0.2,22.6,0.2,20.0,0.2,25.2,0.2,20.0,0.1,17.4,0.2,22.6,0.2,16.7,0.1,14.2,0.1,19.3,0.2,8.4,0.1,6.3,0.1,10.5,0.2,42.0,0.2,40.5,0.2,43.4,0.2,98.5,0.6,(X),(X),(X),(X),62.7,0.4,(X),(X),(X),(X),27.2,0.2,(X),(X),(X),(X),35.5,0.3,(X),(X),(X),(X),0.1,(X),(X),(X),(X),(X),0.7,(X),(X),(X),(X),(X)
5001100US4211,4211,"Congressional District 11 (111th Congress), Pennsylvania",665186,600,323663,911,341523,869,5.3,0.1,5.6,0.1,5.0,0.1,5.5,0.1,5.7,0.2,5.3,0.2,6.4,0.1,6.9,0.2,6.0,0.2,7.6,0.1,7.8,0.1,7.5,0.1,6.7,0.1,6.9,0.2,6.6,0.1,5.7,0.1,6.1,0.1,5.4,0.1,5.3,0.1,5.6,0.1,5.1,0.1,6.4,0.2,6.5,0.2,6.4,0.2,7.4,0.2,7.8,0.2,7.0,0.2,7.9,0.1,8.0,0.1,7.7,0.1,7.3,0.1,7.6,0.1,7.1,0.1,6.5,0.1,6.7,0.2,6.3,0.2,5.3,0.1,5.3,0.2,5.4,0.2,4.3,0.1,4.2,0.1,4.4,0.2,3.6,0.1,3.2,0.1,4.0,0.2,3.3,0.1,2.7,0.1,4.0,0.2,2.8,0.1,2.1,0.1,3.5,0.2,2.5,0.1,1.4,0.1,3.5,0.2,11.9,0.1,12.6,0.1,11.2,0.1,4.2,0.1,4.4,0.1,4.0,0.1,10.1,0.1,10.2,0.2,10.0,0.2,39.2,0.2,40.6,0.2,37.9,0.2,81.4,0.1,80.4,0.2,82.4,0.2,78.6,0.1,77.4,0.2,79.7,0.2,21.9,0.2,18.8,0.2,24.8,0.2,19.6,0.2,16.5,0.2,22.4,0.2,16.5,0.1,13.6,0.1,19.4,0.1,8.6,0.1,6.2,0.1,10.9,0.1,40.7,0.2,39.3,0.2,42.2,0.2,94.8,0.5,(X),(X),(X),(X),61.2,0.3,(X),(X),(X),(X),26.7,0.2,(X),(X),(X),(X),34.5,0.2,(X),(X),(X),(X),0.1,(X),(X),(X),(X),(X),0.6,(X),(X),(X),(X),(X)
5001100US4212,4212,"Congressional District 12 (111th Congress), Pennsylvania",619091,2280,301666,1713,317425,1860,5.0,0.1,5.2,0.1,4.8,0.2,5.1,0.1,5.4,0.2,4.8,0.2,5.9,0.2,6.2,0.2,5.6,0.2,7.1,0.1,7.5,0.2,6.7,0.2,6.5,0.2,6.8,0.3,6.1,0.2,5.4,0.1,5.8,0.2,4.9,0.2,5.3,0.1,5.7,0.2,4.9,0.1,6.3,0.2,6.5,0.2,6.1,0.2,6.9,0.2,7.1,0.2,6.6,0.2,7.9,0.1,8.0,0.2,7.8,0.2,7.9,0.1,8.2,0.2,7.7,0.2,7.1,0.2,7.0,0.2,7.1,0.2,5.5,0.2,5.6,0.2,5.5,0.2,4.6,0.1,4.3,0.1,4.9,0.2,3.9,0.1,3.3,0.1,4.4,0.2,3.9,0.1,3.2,0.2,4.5,0.2,3.3,0.1,2.5,0.1,4.0,0.2,2.7,0.2,1.7,0.1,3.6,0.3,11.0,0.2,11.6,0.2,10.4,0.2,4.0,0.1,4.3,0.1,3.7,0.1,9.6,0.2,10.1,0.3,9.0,0.3,37.3,0.2,39.4,0.3,35.3,0.3,82.8,0.2,81.8,0.3,83.7,0.2,80.0,0.2,78.9,0.2,81.1,0.3,23.8,0.3,20.5,0.3,26.9,0.4,21.4,0.3,18.1,0.3,24.6,0.4,18.3,0.2,15.0,0.2,21.4,0.3,9.8,0.2,7.4,0.2,12.2,0.3,42.7,0.3,40.7,0.3,44.6,0.3,95.0,0.8,(X),(X),(X),(X),61.9,0.6,(X),(X),(X),(X),29.6,0.5,(X),(X),(X),(X),32.3,0.3,(X),(X),(X),(X),0.1,(X),(X),(X),(X),(X),0.5,(X),(X),(X),(X),(X)
5001100US4213,4213,"Congressional District 13 (111th Congress), Pennsylvania",683459,4604,330320,3295,353139,3345,6.3,0.2,6.7,0.3,5.8,0.2,6.3,0.2,6.8,0.3,5.9,0.3,6.6,0.2,7.0,0.3,6.2,0.3,6.1,0.2,6.5,0.3,5.8,0.3,5.3,0.2,5.8,0.3,4.9,0.2,6.7,0.2,7.0,0.3,6.4,0.2,6.4,0.2,6.3,0.3,6.4,0.3,6.7,0.2,6.9,0.3,6.5,0.3,7.6,0.2,7.9,0.3,7.3,0.2,8.1,0.2,8.3,0.3,7.9,0.2,7.5,0.2,7.6,0.2,7.4,0.2,6.2,0.2,6.1,0.2,6.3,0.2,4.6,0.2,4.6,0.2,4.7,0.2,3.6,0.1,3.6,0.2,3.7,0.2,3.1,0.1,2.7,0.2,3.5,0.2,3.1,0.1,2.5,0.2,3.6,0.2,2.8,0.1,2.0,0.1,3.6,0.2,3.0,0.2,1.8,0.2,4.1,0.3,12.9,0.2,13.8,0.4,12.1,0.3,4.1,0.1,4.2,0.2,3.9,0.2,7.4,0.2,8.0,0.4,6.7,0.3,38.8,0.4,40.3,0.6,37.3,0.4,79.6,0.3,78.1,0.4,80.9,0.4,76.7,0.3,75.3,0.5,78.1,0.4,20.3,0.3,17.2,0.4,23.2,0.4,18.3,0.3,15.2,0.3,21.1,0.5,15.6,0.3,12.6,0.3,18.5,0.4,8.9,0.2,6.4,0.2,11.3,0.3,39.7,0.3,37.9,0.4,41.5,0.5,93.5,1.3,(X),(X),(X),(X),63.7,0.8,(X),(X),(X),(X),25.6,0.5,(X),(X),(X),(X),38.1,0.6,(X),(X),(X),(X),0.2,(X),(X),(X),(X),(X),1.4,(X),(X),(X),(X),(X)
5001100US4214,4214,"Congressional District 14 (111th Congress), Pennsylvania",602735,1164,283250,1624,319485,1626,5.3,0.1,5.6,0.2,5.0,0.2,5.0,0.2,5.4,0.3,4.7,0.2,5.2,0.2,5.5,0.3,5.0,0.3,7.3,0.2,7.7,0.3,6.9,0.2,8.2,0.2,8.5,0.2,7.9,0.2,8.3,0.1,8.8,0.2,8.0,0.2,6.3,0.2,6.7,0.2,5.9,0.2,6.1,0.2,6.2,0.2,6.0,0.2,6.0,0.2,6.4,0.3,5.7,0.2,7.5,0.1,7.6,0.2,7.4,0.2,7.4,0.1,7.6,0.2,7.3,0.2,6.1,0.2,6.1,0.3,6.2,0.2,4.8,0.2,4.6,0.2,5.0,0.2,3.8,0.1,3.5,0.2,4.0,0.2,3.4,0.1,3.0,0.2,3.8,0.2,3.5,0.1,2.9,0.1,4.0,0.2,3.0,0.1,2.3,0.2,3.6,0.2,2.7,0.1,1.7,0.1,3.6,0.2,10.3,0.2,11.0,0.2,9.7,0.2,3.6,0.1,3.8,0.2,3.4,0.2,11.9,0.2,12.4,0.3,11.5,0.2,42.2,0.3,44.2,0.4,40.4,0.3,83.3,0.2,82.2,0.3,84.3,0.3,80.8,0.2,79.6,0.3,81.9,0.3,21.2,0.2,18.0,0.3,24.0,0.4,18.9,0.2,15.7,0.3,21.8,0.4,16.4,0.2,13.4,0.2,19.0,0.4,9.2,0.2,6.9,0.2,11.2,0.4,38.6,0.3,36.5,0.4,40.6,0.4,88.7,0.9,(X),(X),(X),(X),55.1,0.6,(X),(X),(X),(X),25.4,0.5,(X),(X),(X),(X),29.7,0.4,(X),(X),(X),(X),0.2,(X),(X),(X),(X),(X),1.2,(X),(X),(X),(X),(X)
5001100US4215,4215,"Congressional District 15 (111th Congress), Pennsylvania",703370,537,343224,594,360146,543,6.2,0.1,6.4,0.1,5.9,0.1,6.3,0.1,6.7,0.2,6.0,0.2,6.4,0.1,6.7,0.2,6.2,0.2,7.3,0.1,7.7,0.1,7.0,0.1,6.1,0.1,6.4,0.1,5.9,0.1,5.7,0.1,5.9,0.1,5.5,0.1,5.9,0.1,6.0,0.1,5.7,0.1,7.0,0.2,7.0,0.2,7.0,0.2,7.4,0.2,7.7,0.2,7.1,0.2,8.0,0.1,8.2,0.1,7.8,0.1,7.3,0.1,7.4,0.1,7.2,0.1,6.4,0.1,6.3,0.2,6.4,0.2,5.1,0.1,5.1,0.2,5.1,0.2,3.8,0.1,3.6,0.1,3.9,0.1,3.2,0.1,2.8,0.1,3.5,0.2,3.1,0.1,2.6,0.1,3.6,0.1,2.5,0.1,1.9,0.1,3.1,0.2,2.4,0.1,1.5,0.1,3.2,0.2,12.8,0.1,13.4,0.1,12.2,0.1,4.4,0.1,4.6,0.1,4.1,0.1,9.1,0.1,9.5,0.1,8.7,0.1,39.4,0.1,40.7,0.1,38.2,0.1,79.6,0.1,78.5,0.1,80.6,0.2,76.7,0.1,75.6,0.1,77.8,0.1,20.0,0.2,17.5,0.2,22.3,0.2,17.7,0.1,15.2,0.2,20.1,0.2,14.9,0.1,12.4,0.1,17.3,0.1,8.0,0.1,6.0,0.1,9.9,0.1,39.3,0.2,38.1,0.2,40.6,0.2,95.3,0.3,(X),(X),(X),(X),61.9,0.2,(X),(X),(X),(X),24.1,0.1,(X),(X),(X),(X),37.7,0.2,(X),(X),(X),(X),0.2,(X),(X),(X),(X),(X),0.6,(X),(X),(X),(X),(X)
5001100US4216,4216,"Congressional District 16 (111th Congress), Pennsylvania",694080,1749,341228,1291,352852,1236,7.2,0.1,7.4,0.1,6.9,0.1,7.0,0.2,7.3,0.2,6.7,0.2,7.1,0.2,7.4,0.2,6.8,0.2,8.0,0.1,8.3,0.1,7.7,0.2,6.7,0.1,6.9,0.2,6.5,0.2,6.2,0.1,6.4,0.1,6.0,0.1,5.6,0.1,5.7,0.1,5.6,0.1,6.4,0.2,6.5,0.2,6.3,0.2,7.1,0.2,7.2,0.2,7.1,0.2,7.6,0.1,7.7,0.1,7.5,0.1,6.9,0.1,7.0,0.1,6.8,0.1,6.0,0.1,6.1,0.2,5.9,0.2,4.5,0.1,4.5,0.2,4.6,0.2,3.6,0.1,3.4,0.1,3.7,0.1,2.9,0.1,2.7,0.1,3.2,0.1,2.7,0.1,2.3,0.1,3.1,0.2,2.3,0.1,1.8,0.1,2.8,0.1,2.1,0.1,1.4,0.1,2.8,0.1,14.1,0.1,14.7,0.2,13.5,0.2,4.6,0.1,4.9,0.1,4.3,0.1,10.1,0.2,10.3,0.2,9.8,0.2,40.1,0.2,41.1,0.2,39.1,0.2,77.2,0.1,76.3,0.3,78.0,0.2,74.1,0.1,73.0,0.2,75.2,0.2,18.1,0.2,16.0,0.2,20.2,0.2,16.2,0.2,14.1,0.2,18.2,0.2,13.6,0.1,11.6,0.1,15.6,0.1,7.1,0.1,5.4,0.1,8.7,0.1,36.7,0.2,35.4,0.2,38.0,0.3,96.7,0.5,(X),(X),(X),(X),65.2,0.4,(X),(X),(X),(X),22.4,0.2,(X),(X),(X),(X),42.8,0.3,(X),(X),(X),(X),0.1,(X),(X),(X),(X),(X),0.8,(X),(X),(X),(X),(X)
5001100US4217,4217,"Congressional District 17 (111th Congress), Pennsylvania",663769,811,327119,837,336650,895,5.9,0.1,6.2,0.1,5.6,0.1,5.9,0.1,6.2,0.2,5.5,0.2,6.3,0.1,6.4,0.2,6.2,0.2,6.4,0.1,6.7,0.1,6.1,0.1,5.8,0.1,6.0,0.1,5.5,0.1,6.0,0.1,6.3,0.1,5.8,0.1,5.9,0.1,6.1,0.1,5.6,0.1,7.0,0.2,7.2,0.2,6.9,0.2,7.3,0.1,7.6,0.2,6.9,0.2,8.1,0.1,8.3,0.1,8.0,0.1,7.7,0.1,7.8,0.1,7.6,0.1,6.9,0.1,7.0,0.2,6.9,0.2,5.2,0.1,5.1,0.2,5.3,0.2,4.2,0.1,3.9,0.1,4.5,0.1,3.3,0.1,3.1,0.1,3.5,0.1,3.3,0.1,2.8,0.1,3.8,0.2,2.6,0.1,2.0,0.1,3.3,0.2,2.1,0.1,1.3,0.1,3.0,0.2,12.1,0.1,12.6,0.1,11.7,0.1,4.2,0.1,4.3,0.1,4.0,0.1,8.0,0.1,8.5,0.1,7.6,0.1,38.4,0.1,40.0,0.2,36.9,0.2,80.5,0.1,79.6,0.2,81.3,0.2,77.8,0.1,76.9,0.2,78.6,0.1,20.8,0.2,18.1,0.2,23.4,0.2,18.5,0.2,15.8,0.2,21.1,0.2,15.6,0.1,13.0,0.1,18.1,0.1,8.1,0.1,6.0,0.1,10.1,0.1,40.6,0.2,39.2,0.2,42.0,0.2,97.2,0.4,(X),(X),(X),(X),60.8,0.3,(X),(X),(X),(X),25.1,0.2,(X),(X),(X),(X),35.8,0.2,(X),(X),(X),(X),0.1,(X),(X),(X),(X),(X),0.5,(X),(X),(X),(X),(X)
5001100US4218,4218,"Congressional District 18 (111th Congress), Pennsylvania",640570,1852,311982,1760,328588,1854,5.1,0.1,5.5,0.2,4.7,0.2,5.9,0.2,6.1,0.3,5.6,0.2,6.0,0.2,6.5,0.2,5.5,0.2,6.2,0.2,6.6,0.3,5.8,0.2,5.1,0.2,5.6,0.3,4.7,0.2,5.3,0.2,5.7,0.2,5.0,0.2,5.5,0.2,5.6,0.2,5.4,0.2,6.6,0.2,6.8,0.2,6.4,0.2,7.3,0.2,7.3,0.2,7.3,0.2,8.3,0.1,8.4,0.2,8.3,0.2,8.2,0.2,8.3,0.2,8.0,0.2,7.2,0.1,7.1,0.2,7.2,0.2,5.8,0.2,5.8,0.2,5.9,0.2,4.5,0.1,4.2,0.2,4.8,0.2,3.6,0.1,3.3,0.2,3.8,0.2,3.8,0.2,3.2,0.1,4.3,0.2,2.9,0.1,2.3,0.1,3.4,0.2,2.7,0.2,1.6,0.1,3.7,0.2,11.8,0.2,12.6,0.3,11.1,0.3,3.9,0.1,4.1,0.2,3.6,0.2,7.5,0.2,8.1,0.3,6.9,0.2,36.1,0.3,37.6,0.4,34.6,0.3,81.9,0.2,80.7,0.3,83.0,0.3,79.2,0.2,77.8,0.3,80.5,0.4,23.3,0.3,20.6,0.4,25.9,0.4,20.8,0.3,18.1,0.3,23.3,0.4,17.5,0.3,14.8,0.3,20.0,0.4,9.4,0.3,7.2,0.2,11.4,0.4,43.0,0.2,41.2,0.3,44.7,0.3,94.9,0.9,(X),(X),(X),(X),61.9,0.6,(X),(X),(X),(X),28.3,0.5,(X),(X),(X),(X),33.6,0.5,(X),(X),(X),(X),0.2,(X),(X),(X),(X),(X),0.5,(X),(X),(X),(X),(X)
5001100US4219,4219,"Congressional District 19 (111th Congress), Pennsylvania",705380,706,347260,479,358120,648,5.9,0.1,6.1,0.1,5.6,0.1,6.1,0.1,6.4,0.2,5.9,0.2,6.3,0.1,6.5,0.2,6.1,0.2,7.2,0.1,7.4,0.1,7.1,0.1,6.3,0.1,6.6,0.1,6.1,0.1,6.1,0.1,6.3,0.1,5.9,0.1,5.9,0.1,6.0,0.1,5.7,0.1,6.9,0.2,7.0,0.2,6.8,0.2,7.7,0.1,7.9,0.2,7.5,0.2,8.0,0.1,8.1,0.1,7.9,0.1,7.4,0.1,7.5,0.1,7.3,0.1,6.7,0.2,6.6,0.2,6.8,0.2,5.1,0.1,5.2,0.2,5.1,0.2,4.0,0.1,4.0,0.1,4.0,0.1,3.2,0.1,2.9,0.1,3.4,0.1,2.9,0.1,2.6,0.1,3.2,0.2,2.3,0.1,1.7,0.1,3.0,0.2,1.9,0.1,1.2,0.1,2.6,0.2,12.5,0.1,13.0,0.1,12.0,0.1,4.2,0.1,4.3,0.1,4.0,0.1,9.4,0.1,9.7,0.1,9.1,0.1,40.1,0.1,41.2,0.1,39.1,0.1,80.2,0.1,79.4,0.1,81.0,0.1,77.5,0.1,76.6,0.1,78.4,0.1,19.5,0.1,17.6,0.2,21.3,0.2,17.3,0.1,15.3,0.2,19.2,0.2,14.3,0.1,12.3,0.1,16.3,0.1,7.1,0.1,5.4,0.1,8.8,0.1,39.5,0.2,38.3,0.2,40.6,0.2,97.0,0.2,(X),(X),(X),(X),58.3,0.1,(X),(X),(X),(X),22.7,0.1,(X),(X),(X),(X),35.6,0.1,(X),(X),(X),(X),0.1,(X),(X),(X),(X),(X),0.5,(X),(X),(X),(X),(X)
5001100US4401,4401,"Congressional District 1 (111th Congress), Rhode Island",524092,1917,251546,1470,272546,1620,5.9,0.1,6.1,0.2,5.8,0.2,5.7,0.2,6.2,0.3,5.3,0.2,6.0,0.2,6.4,0.3,5.7,0.2,7.1,0.2,7.5,0.3,6.8,0.2,6.9,0.2,7.1,0.3,6.7,0.2,7.0,0.2,7.2,0.3,6.9,0.2,6.5,0.2,6.6,0.2,6.4,0.2,6.8,0.2,7.1,0.3,6.6,0.3,7.4,0.2,7.5,0.3,7.3,0.3,7.6,0.2,7.7,0.2,7.5,0.2,7.1,0.1,7.3,0.2,7.0,0.2,6.1,0.2,6.3,0.2,5.9,0.2,4.9,0.1,4.7,0.2,5.1,0.2,3.7,0.1,3.6,0.2,3.9,0.2,3.1,0.1,2.9,0.2,3.4,0.2,3.0,0.1,2.6,0.1,3.4,0.2,2.6,0.1,2.1,0.1,3.1,0.2,2.5,0.1,1.3,0.1,3.5,0.2,11.7,0.2,12.6,0.3,10.9,0.2,3.8,0.1,4.1,0.2,3.6,0.1,10.2,0.2,10.6,0.3,9.9,0.2,41.8,0.2,43.0,0.4,40.7,0.3,81.1,0.2,80.0,0.3,82.1,0.3,78.5,0.2,77.3,0.3,79.7,0.3,19.8,0.2,17.2,0.3,22.3,0.3,17.7,0.2,15.2,0.3,20.0,0.3,14.9,0.2,12.4,0.2,17.2,0.2,8.1,0.1,6.0,0.1,10.0,0.2,38.6,0.3,37.3,0.3,39.9,0.3,92.3,0.9,(X),(X),(X),(X),57.1,0.5,(X),(X),(X),(X),23.4,0.3,(X),(X),(X),(X),33.7,0.4,(X),(X),(X),(X),0.1,(X),(X),(X),(X),(X),1.2,(X),(X),(X),(X),(X)
5001100US4402,4402,"Congressional District 2 (111th Congress), Rhode Island",533289,1917,260595,1442,272694,1658,5.7,0.1,6.2,0.2,5.2,0.2,6.0,0.2,6.4,0.3,5.6,0.3,6.7,0.2,6.9,0.3,6.6,0.3,7.8,0.2,8.1,0.3,7.5,0.2,7.1,0.2,7.6,0.3,6.7,0.2,5.9,0.2,6.4,0.3,5.4,0.2,5.7,0.2,6.0,0.2,5.4,0.2,7.0,0.2,7.0,0.3,7.1,0.3,7.7,0.2,7.7,0.3,7.7,0.3,8.2,0.1,8.2,0.2,8.2,0.2,7.6,0.1,7.4,0.2,7.8,0.2,6.4,0.2,6.3,0.3,6.6,0.2,5.0,0.2,5.0,0.2,5.0,0.2,3.5,0.1,3.4,0.2,3.7,0.2,2.9,0.1,2.6,0.2,3.2,0.2,2.6,0.1,2.1,0.2,3.1,0.2,2.2,0.1,1.9,0.1,2.6,0.2,2.0,0.1,1.0,0.1,2.9,0.2,12.7,0.2,13.2,0.3,12.3,0.2,4.3,0.1,4.6,0.2,4.1,0.1,10.6,0.2,11.1,0.3,10.0,0.2,41.2,0.3,42.8,0.4,39.7,0.3,80.2,0.2,79.0,0.3,81.2,0.3,77.3,0.2,76.0,0.3,78.5,0.3,18.2,0.2,15.9,0.3,20.3,0.3,16.0,0.2,13.7,0.3,18.2,0.3,13.2,0.2,10.9,0.2,15.3,0.2,6.8,0.1,5.0,0.1,8.5,0.2,38.7,0.2,36.9,0.4,40.4,0.3,95.6,0.9,(X),(X),(X),(X),56.0,0.5,(X),(X),(X),(X),20.6,0.3,(X),(X),(X),(X),35.5,0.4,(X),(X),(X),(X),0.2,(X),(X),(X),(X),(X),1.1,(X),(X),(X),(X),(X)
5001100US4501,4501,"Congressional District 1 (111th Congress), South Carolina",802776,2871,390514,1907,412262,1814,6.6,0.1,7.0,0.1,6.2,0.1,6.0,0.2,6.4,0.2,5.7,0.2,6.3,0.2,6.5,0.2,6.1,0.2,6.6,0.1,7.0,0.1,6.3,0.1,6.9,0.1,7.2,0.1,6.6,0.1,8.0,0.1,8.1,0.1,7.8,0.1,6.8,0.1,7.0,0.1,6.6,0.1,6.7,0.2,6.8,0.2,6.6,0.2,7.1,0.2,7.1,0.2,7.0,0.2,7.2,0.1,7.1,0.1,7.3,0.1,6.6,0.1,6.3,0.1,6.8,0.1,6.3,0.1,6.0,0.2,6.5,0.2,5.8,0.1,5.6,0.2,6.0,0.2,4.3,0.1,4.1,0.1,4.4,0.1,3.3,0.1,3.1,0.1,3.5,0.1,2.5,0.1,2.3,0.1,2.7,0.1,1.7,0.1,1.4,0.1,2.0,0.1,1.4,0.1,1.0,0.1,1.8,0.1,12.3,0.1,12.9,0.2,11.8,0.2,4.0,0.1,4.1,0.1,3.8,0.1,9.6,0.1,10.0,0.2,9.2,0.2,42.0,0.2,43.2,0.3,40.9,0.2,79.7,0.2,78.7,0.2,80.6,0.2,77.1,0.1,76.0,0.2,78.2,0.2,19.0,0.2,17.5,0.2,20.4,0.2,16.5,0.2,15.2,0.2,17.8,0.2,13.2,0.1,11.9,0.1,14.4,0.1,5.7,0.1,4.7,0.1,6.5,0.1,37.0,0.2,35.5,0.2,38.6,0.3,94.7,0.6,(X),(X),(X),(X),56.4,0.4,(X),(X),(X),(X),20.7,0.2,(X),(X),(X),(X),35.8,0.3,(X),(X),(X),(X),0.2,(X),(X),(X),(X),(X),1.6,(X),(X),(X),(X),(X)
5001100US4502,4502,"Congressional District 2 (111th Congress), South Carolina",770269,3038,377268,2085,393001,1843,7.0,0.1,7.2,0.1,6.7,0.1,6.4,0.1,6.8,0.2,6.0,0.2,6.9,0.2,7.0,0.2,6.8,0.2,7.2,0.1,7.8,0.2,6.6,0.2,7.0,0.1,7.9,0.2,6.2,0.2,6.9,0.1,6.9,0.1,7.0,0.1,6.6,0.1,6.5,0.1,6.6,0.1,7.0,0.2,6.9,0.2,7.0,0.2,7.1,0.1,7.2,0.2,7.1,0.2,7.3,0.1,7.2,0.1,7.4,0.1,6.7,0.1,6.6,0.1,6.8,0.1,6.2,0.1,5.9,0.2,6.5,0.1,5.2,0.1,5.1,0.2,5.2,0.2,4.1,0.1,3.9,0.1,4.3,0.2,2.8,0.1,2.7,0.1,3.0,0.1,2.3,0.1,2.1,0.1,2.5,0.1,1.8,0.1,1.5,0.1,2.0,0.1,1.5,0.1,0.9,0.1,2.1,0.2,13.3,0.1,13.8,0.2,12.9,0.2,4.2,0.1,4.4,0.1,4.1,0.1,10.0,0.2,11.3,0.2,8.7,0.2,41.8,0.2,43.2,0.2,40.6,0.2,78.3,0.1,77.5,0.2,79.1,0.2,75.5,0.1,74.6,0.2,76.3,0.2,17.7,0.2,16.2,0.2,19.1,0.2,15.5,0.1,14.1,0.2,16.9,0.2,12.5,0.1,11.1,0.1,13.9,0.2,5.6,0.1,4.5,0.1,6.6,0.1,36.4,0.2,34.9,0.2,37.7,0.3,96.0,0.6,(X),(X),(X),(X),58.8,0.4,(X),(X),(X),(X),19.9,0.2,(X),(X),(X),(X),38.9,0.2,(X),(X),(X),(X),0.2,(X),(X),(X),(X),(X),0.9,(X),(X),(X),(X),(X)
5001100US4503,4503,"Congressional District 3 (111th Congress), South Carolina",700665,1690,342363,1170,358302,962,6.2,0.1,6.4,0.1,5.9,0.1,6.2,0.2,6.5,0.2,5.9,0.2,6.6,0.2,6.9,0.2,6.2,0.2,7.5,0.1,7.7,0.2,7.2,0.2,6.9,0.1,7.4,0.1,6.4,0.2,6.1,0.1,6.3,0.1,5.8,0.1,5.8,0.1,6.0,0.1,5.6,0.1,6.3,0.2,6.4,0.3,6.2,0.2,7.1,0.2,7.1,0.3,7.0,0.2,7.3,0.1,7.3,0.1,7.3,0.1,7.1,0.1,7.0,0.1,7.1,0.1,6.4,0.1,6.2,0.2,6.6,0.2,5.9,0.1,5.8,0.2,6.0,0.2,4.6,0.1,4.3,0.2,4.8,0.1,3.4,0.1,3.3,0.2,3.6,0.1,2.9,0.1,2.4,0.1,3.2,0.2,2.2,0.1,1.6,0.1,2.7,0.2,1.8,0.1,1.1,0.1,2.3,0.2,12.7,0.1,13.4,0.1,12.1,0.1,4.2,0.1,4.3,0.1,4.0,0.1,10.2,0.1,10.8,0.1,9.6,0.1,39.6,0.1,41.0,0.2,38.3,0.1,79.6,0.1,78.6,0.2,80.6,0.2,76.9,0.1,75.8,0.1,77.9,0.1,20.7,0.1,18.6,0.2,22.7,0.2,18.2,0.1,16.1,0.2,20.2,0.2,14.8,0.1,12.8,0.1,16.7,0.1,6.8,0.1,5.2,0.1,8.3,0.1,38.9,0.2,37.0,0.2,40.6,0.2,95.6,0.4,(X),(X),(X),(X),61.0,0.2,(X),(X),(X),(X),23.8,0.1,(X),(X),(X),(X),37.2,0.2,(X),(X),(X),(X),0.2,(X),(X),(X),(X),(X),0.6,(X),(X),(X),(X),(X)
5001100US4504,4504,"Congressional District 4 (111th Congress), South Carolina",740763,917,362310,597,378453,490,7.0,0.1,7.3,0.1,6.6,0.1,6.7,0.2,7.1,0.2,6.3,0.2,6.7,0.2,7.0,0.2,6.5,0.2,6.9,0.1,7.2,0.1,6.7,0.1,6.3,0.1,6.6,0.1,6.1,0.1,6.6,0.1,6.9,0.1,6.4,0.1,6.7,0.1,6.8,0.1,6.6,0.1,7.2,0.2,7.4,0.3,7.0,0.2,7.5,0.2,7.6,0.3,7.4,0.2,7.5,0.1,7.5,0.1,7.4,0.1,6.9,0.1,6.9,0.1,7.0,0.1,6.2,0.2,6.0,0.2,6.4,0.2,5.1,0.2,5.0,0.2,5.2,0.2,3.8,0.1,3.6,0.1,4.1,0.1,2.9,0.1,2.6,0.1,3.1,0.1,2.4,0.1,2.1,0.1,2.8,0.1,2.0,0.1,1.5,0.1,2.4,0.2,1.5,0.1,0.8,0.1,2.2,0.1,13.4,0.1,14.1,0.1,12.8,0.1,4.2,0.1,4.4,0.1,4.0,0.1,9.0,0.1,9.3,0.1,8.7,0.1,41.2,0.1,42.4,0.1,40.1,0.1,78.3,0.1,77.2,0.1,79.4,0.1,75.4,0.1,74.2,0.1,76.6,0.1,17.8,0.2,15.7,0.2,19.8,0.2,15.7,0.1,13.5,0.2,17.7,0.2,12.7,0.1,10.6,0.1,14.6,0.1,5.9,0.1,4.4,0.1,7.4,0.1,37.2,0.1,35.8,0.1,38.6,0.2,95.7,0.2,(X),(X),(X),(X),59.4,0.1,(X),(X),(X),(X),20.2,0.1,(X),(X),(X),(X),39.2,0.1,(X),(X),(X),(X),0.2,(X),(X),(X),(X),(X),0.8,(X),(X),(X),(X),(X)
5001100US4505,4505,"Congressional District 5 (111th Congress), South Carolina",735885,1582,357194,1030,378691,1153,6.7,0.1,7.1,0.1,6.4,0.1,6.8,0.2,7.2,0.3,6.5,0.2,7.1,0.2,7.6,0.2,6.7,0.2,7.0,0.1,7.3,0.1,6.8,0.1,6.3,0.1,6.8,0.2,5.9,0.1,6.2,0.1,6.4,0.1,6.1,0.1,6.2,0.1,6.3,0.1,6.2,0.1,7.1,0.2,7.2,0.3,7.0,0.3,7.3,0.2,7.2,0.3,7.3,0.2,7.5,0.1,7.6,0.1,7.5,0.1,7.1,0.1,7.1,0.1,7.2,0.1,6.3,0.1,6.2,0.2,6.4,0.2,5.4,0.1,5.2,0.2,5.5,0.2,3.9,0.1,3.8,0.1,4.1,0.1,3.0,0.1,2.7,0.1,3.3,0.1,2.6,0.1,2.2,0.1,3.0,0.2,1.8,0.1,1.3,0.1,2.3,0.1,1.4,0.1,0.9,0.1,2.0,0.2,13.9,0.1,14.7,0.1,13.2,0.1,4.5,0.1,4.6,0.1,4.3,0.1,8.9,0.1,9.5,0.2,8.4,0.1,40.2,0.1,41.2,0.2,39.3,0.1,77.8,0.1,76.5,0.2,79.0,0.2,74.9,0.1,73.5,0.2,76.2,0.1,18.1,0.2,16.0,0.2,20.2,0.2,15.7,0.1,13.6,0.2,17.7,0.2,12.8,0.1,10.8,0.1,14.7,0.1,5.9,0.1,4.3,0.1,7.4,0.1,37.5,0.2,35.9,0.2,38.9,0.2,94.3,0.4,(X),(X),(X),(X),61.0,0.2,(X),(X),(X),(X),20.6,0.1,(X),(X),(X),(X),40.5,0.2,(X),(X),(X),(X),0.2,(X),(X),(X),(X),(X),0.8,(X),(X),(X),(X),(X)
5001100US4506,4506,"Congressional District 6 (111th Congress), South Carolina",666509,4382,320988,2858,345521,2774,7.0,0.1,7.5,0.2,6.5,0.2,6.3,0.2,6.8,0.3,6.0,0.2,6.3,0.2,6.9,0.2,5.7,0.3,8.6,0.2,9.2,0.3,8.0,0.3,8.1,0.2,8.7,0.3,7.5,0.2,6.9,0.2,7.0,0.2,6.8,0.2,5.7,0.1,5.7,0.2,5.7,0.2,5.7,0.2,5.7,0.3,5.8,0.3,6.7,0.2,6.8,0.3,6.7,0.3,6.8,0.1,6.6,0.2,7.0,0.2,7.2,0.2,7.0,0.2,7.4,0.2,6.4,0.2,6.2,0.3,6.6,0.2,5.3,0.2,5.2,0.2,5.4,0.2,3.9,0.1,3.6,0.2,4.2,0.2,3.0,0.1,2.7,0.1,3.3,0.2,2.5,0.1,2.1,0.1,2.9,0.2,1.9,0.1,1.4,0.1,2.3,0.2,1.5,0.1,0.8,0.1,2.1,0.2,12.6,0.2,13.6,0.3,11.7,0.3,4.4,0.1,4.8,0.2,4.0,0.1,12.3,0.2,13.2,0.3,11.4,0.3,41.7,0.3,43.1,0.5,40.4,0.3,79.0,0.2,77.4,0.3,80.6,0.3,76.0,0.2,74.1,0.3,77.8,0.3,18.2,0.2,15.9,0.3,20.2,0.3,15.8,0.2,13.5,0.2,17.9,0.3,12.9,0.1,10.7,0.2,14.8,0.2,5.9,0.1,4.4,0.1,7.4,0.2,36.0,0.3,33.3,0.4,38.3,0.4,92.9,1.0,(X),(X),(X),(X),58.4,0.5,(X),(X),(X),(X),20.4,0.2,(X),(X),(X),(X),38.1,0.4,(X),(X),(X),(X),0.3,(X),(X),(X),(X),(X),1.1,(X),(X),(X),(X),(X)
5001100US4600,4600,"Congressional District (at Large) (111th Congress), South Dakota",796513,*****,397379,673,399134,674,7.1,0.1,7.3,0.1,6.9,0.1,6.4,0.1,6.5,0.2,6.3,0.2,6.8,0.1,7.1,0.2,6.6,0.2,7.6,0.1,7.9,0.1,7.3,0.2,7.6,0.1,8.0,0.1,7.3,0.2,6.7,0.1,7.0,0.1,6.5,0.1,5.6,0.1,5.7,0.1,5.4,0.1,5.8,0.1,5.8,0.2,5.7,0.2,6.5,0.1,6.6,0.2,6.4,0.2,7.4,0.1,7.5,0.1,7.4,0.1,7.1,0.1,7.2,0.1,7.1,0.1,6.3,0.1,6.4,0.2,6.3,0.2,4.7,0.1,4.7,0.2,4.7,0.2,3.6,0.1,3.5,0.1,3.7,0.1,3.2,0.1,3.1,0.1,3.4,0.1,2.9,0.1,2.5,0.1,3.2,0.1,2.3,0.1,1.9,0.1,2.8,0.1,2.3,0.1,1.5,0.1,3.2,0.1,13.3,0.1,13.6,0.1,12.9,0.1,4.3,0.1,4.5,0.1,4.2,0.1,10.8,0.1,11.3,0.1,10.4,0.1,39.8,0.1,41.0,0.1,38.5,0.1,78.3,0.1,77.6,0.1,78.9,0.1,75.3,0.1,74.7,0.1,76.0,0.1,19.0,0.1,17.1,0.2,20.9,0.2,17.0,0.1,15.0,0.1,18.9,0.1,14.3,0.1,12.4,0.1,16.3,0.1,7.5,0.1,5.9,0.1,9.2,0.1,37.0,0.1,35.5,0.2,38.4,0.2,99.6,0.3,(X),(X),(X),(X),63.9,0.2,(X),(X),(X),(X),23.5,0.1,(X),(X),(X),(X),40.4,0.1,(X),(X),(X),(X),0.1,(X),(X),(X),(X),(X),0.7,(X),(X),(X),(X),(X)
5001100US4701,4701,"Congressional District 1 (111th Congress), Tennessee",667197,1296,326788,919,340409,889,5.8,0.1,6.1,0.1,5.5,0.1,5.8,0.2,6.0,0.2,5.6,0.2,6.0,0.1,6.3,0.2,5.6,0.2,6.1,0.1,6.5,0.1,5.7,0.1,5.9,0.1,6.2,0.1,5.6,0.1,6.4,0.1,6.7,0.1,6.2,0.1,6.2,0.1,6.5,0.1,6.0,0.1,7.0,0.2,7.1,0.2,7.0,0.2,7.0,0.2,7.2,0.2,6.9,0.2,7.6,0.1,7.7,0.1,7.6,0.1,7.2,0.1,7.1,0.1,7.3,0.1,7.1,0.2,6.9,0.2,7.2,0.2,6.0,0.2,5.9,0.2,6.0,0.2,5.0,0.1,4.9,0.2,5.2,0.2,3.8,0.1,3.4,0.2,4.1,0.2,3.1,0.1,2.7,0.1,3.5,0.2,2.1,0.1,1.6,0.1,2.6,0.2,1.8,0.1,1.1,0.1,2.5,0.2,11.7,0.1,12.3,0.1,11.2,0.1,3.9,0.1,4.1,0.1,3.6,0.1,8.2,0.1,8.6,0.1,7.7,0.1,38.8,0.1,40.3,0.2,37.3,0.2,81.3,0.1,80.4,0.2,82.1,0.1,78.6,0.1,77.5,0.1,79.7,0.1,21.8,0.2,19.6,0.2,24.0,0.2,19.3,0.1,17.1,0.2,21.4,0.2,15.9,0.1,13.7,0.1,17.9,0.1,7.1,0.1,5.5,0.1,8.6,0.1,40.5,0.2,38.9,0.2,42.0,0.2,96.0,0.4,(X),(X),(X),(X),59.4,0.2,(X),(X),(X),(X),25.3,0.1,(X),(X),(X),(X),34.1,0.1,(X),(X),(X),(X),0.1,(X),(X),(X),(X),(X),0.6,(X),(X),(X),(X),(X)
5001100US4702,4702,"Congressional District 2 (111th Congress), Tennessee",705004,1004,342883,644,362121,728,6.1,0.1,6.4,0.1,5.7,0.1,6.2,0.2,6.5,0.2,5.9,0.2,6.0,0.2,6.5,0.2,5.7,0.2,7.0,0.1,7.4,0.1,6.7,0.1,8.1,0.1,8.4,0.1,7.8,0.1,5.8,0.1,5.9,0.1,5.8,0.1,6.0,0.1,6.0,0.1,5.9,0.1,6.8,0.2,7.0,0.2,6.6,0.3,7.3,0.2,7.2,0.2,7.4,0.3,7.5,0.1,7.6,0.1,7.4,0.1,7.1,0.1,7.1,0.1,7.2,0.1,6.4,0.1,6.4,0.2,6.4,0.2,5.7,0.1,5.6,0.2,5.8,0.2,4.3,0.1,4.1,0.2,4.5,0.2,3.3,0.1,3.1,0.2,3.5,0.2,2.8,0.1,2.4,0.1,3.1,0.1,1.9,0.1,1.4,0.1,2.4,0.1,1.7,0.1,1.0,0.1,2.2,0.1,12.3,0.1,12.9,0.1,11.6,0.1,3.9,0.1,4.2,0.1,3.6,0.1,11.2,0.1,11.6,0.1,10.9,0.1,41.0,0.1,41.9,0.1,40.1,0.1,80.4,0.1,79.3,0.2,81.4,0.1,77.8,0.1,76.5,0.1,79.1,0.1,19.7,0.1,17.6,0.2,21.6,0.2,17.2,0.1,15.2,0.2,19.2,0.2,14.0,0.1,12.0,0.1,15.8,0.1,6.3,0.1,4.8,0.1,7.8,0.1,38.6,0.2,37.2,0.2,40.0,0.2,94.7,0.3,(X),(X),(X),(X),56.6,0.1,(X),(X),(X),(X),21.9,0.1,(X),(X),(X),(X),34.7,0.1,(X),(X),(X),(X),0.2,(X),(X),(X),(X),(X),0.6,(X),(X),(X),(X),(X)
5001100US4703,4703,"Congressional District 3 (111th Congress), Tennessee",676278,1059,328147,814,348131,755,6.2,0.1,6.7,0.1,5.7,0.1,6.0,0.2,6.3,0.2,5.7,0.2,6.4,0.1,6.9,0.2,5.9,0.2,6.6,0.1,6.9,0.1,6.3,0.1,6.2,0.1,6.3,0.1,6.0,0.1,6.8,0.1,6.9,0.1,6.7,0.1,6.2,0.1,6.4,0.1,6.0,0.1,6.8,0.2,6.8,0.2,6.8,0.2,6.9,0.1,7.1,0.2,6.8,0.2,7.5,0.1,7.5,0.1,7.5,0.1,7.3,0.1,7.2,0.1,7.3,0.1,6.6,0.2,6.7,0.2,6.6,0.2,5.9,0.1,5.8,0.2,6.1,0.2,4.3,0.1,4.1,0.2,4.5,0.2,3.6,0.1,3.3,0.2,3.9,0.2,2.9,0.1,2.7,0.1,3.2,0.1,2.0,0.1,1.5,0.1,2.4,0.1,1.8,0.1,1.0,0.1,2.6,0.1,12.4,0.1,13.2,0.1,11.6,0.1,4.0,0.1,4.2,0.1,3.8,0.1,8.8,0.1,9.0,0.1,8.5,0.1,39.4,0.1,40.4,0.1,38.6,0.1,80.2,0.1,78.9,0.2,81.5,0.2,77.5,0.1,75.9,0.1,78.9,0.1,20.6,0.2,18.4,0.2,22.7,0.2,17.9,0.1,15.8,0.2,19.9,0.2,14.6,0.1,12.6,0.1,16.6,0.1,6.7,0.1,5.1,0.1,8.2,0.1,39.2,0.2,37.7,0.2,40.6,0.2,94.3,0.3,(X),(X),(X),(X),59.1,0.2,(X),(X),(X),(X),23.3,0.1,(X),(X),(X),(X),35.9,0.1,(X),(X),(X),(X),0.2,(X),(X),(X),(X),(X),0.7,(X),(X),(X),(X),(X)
5001100US4704,4704,"Congressional District 4 (111th Congress), Tennessee",670730,1364,328215,1006,342515,1009,6.2,0.1,6.4,0.1,6.0,0.1,6.3,0.2,6.4,0.3,6.1,0.2,6.5,0.2,7.0,0.2,6.1,0.2,6.5,0.1,7.0,0.1,6.1,0.1,5.5,0.1,5.8,0.1,5.3,0.1,6.2,0.1,6.5,0.1,6.0,0.1,6.0,0.1,6.1,0.1,5.8,0.1,6.6,0.2,6.9,0.3,6.3,0.2,7.1,0.2,7.1,0.3,7.1,0.2,7.4,0.1,7.4,0.1,7.4,0.1,7.2,0.1,7.2,0.1,7.2,0.1,6.6,0.1,6.5,0.2,6.6,0.2,6.1,0.2,6.0,0.2,6.2,0.2,5.0,0.1,4.6,0.2,5.3,0.2,3.9,0.1,3.7,0.2,4.1,0.2,3.2,0.1,2.8,0.1,3.5,0.2,2.0,0.1,1.6,0.1,2.5,0.2,1.7,0.1,1.0,0.1,2.4,0.2,12.8,0.1,13.4,0.1,12.2,0.1,4.1,0.1,4.4,0.1,3.9,0.1,8.0,0.1,8.4,0.1,7.5,0.1,38.0,0.1,39.4,0.2,36.6,0.2,79.5,0.1,78.7,0.2,80.3,0.2,76.9,0.1,75.9,0.2,77.8,0.2,21.9,0.2,19.7,0.3,23.9,0.3,19.2,0.1,17.0,0.2,21.3,0.2,15.8,0.1,13.8,0.1,17.7,0.1,6.9,0.1,5.5,0.1,8.4,0.1,40.1,0.2,38.5,0.2,41.6,0.3,95.8,0.4,(X),(X),(X),(X),63.8,0.3,(X),(X),(X),(X),25.8,0.2,(X),(X),(X),(X),37.9,0.2,(X),(X),(X),(X),0.2,(X),(X),(X),(X),(X),0.9,(X),(X),(X),(X),(X)
5001100US4705,4705,"Congressional District 5 (111th Congress), Tennessee",693067,1811,336713,1253,356354,1076,7.3,0.1,7.5,0.1,7.1,0.1,6.2,0.1,6.5,0.2,5.9,0.2,5.8,0.1,6.1,0.2,5.5,0.2,6.4,0.1,6.6,0.1,6.2,0.1,7.5,0.1,7.8,0.1,7.2,0.1,9.2,0.1,9.4,0.1,9.0,0.1,8.2,0.1,8.3,0.1,8.1,0.1,7.5,0.2,7.9,0.3,7.1,0.2,7.2,0.2,7.4,0.3,7.0,0.2,7.4,0.1,7.4,0.1,7.4,0.1,6.7,0.1,6.7,0.1,6.8,0.1,5.6,0.1,5.5,0.2,5.8,0.2,4.2,0.1,4.2,0.2,4.3,0.2,3.0,0.1,2.8,0.1,3.2,0.1,2.6,0.1,2.2,0.1,2.9,0.1,2.0,0.1,1.8,0.1,2.3,0.1,1.6,0.1,1.1,0.1,2.0,0.1,1.6,0.1,0.9,0.1,2.2,0.1,12.0,0.1,12.6,0.1,11.4,0.1,3.5,0.1,3.6,0.1,3.4,0.1,10.4,0.1,10.7,0.1,10.0,0.1,46.0,0.1,47.4,0.2,44.6,0.1,79.7,0.1,78.8,0.2,80.5,0.1,77.3,0.1,76.3,0.2,78.2,0.1,15.0,0.1,12.9,0.2,17.0,0.2,13.1,0.1,11.0,0.1,15.1,0.2,10.8,0.1,8.8,0.1,12.7,0.1,5.2,0.1,3.7,0.1,6.5,0.1,34.7,0.1,33.7,0.2,35.8,0.2,94.5,0.4,(X),(X),(X),(X),50.4,0.2,(X),(X),(X),(X),16.2,0.1,(X),(X),(X),(X),34.2,0.2,(X),(X),(X),(X),0.2,(X),(X),(X),(X),(X),0.7,(X),(X),(X),(X),(X)
5001100US4706,4706,"Congressional District 6 (111th Congress), Tennessee",747331,1161,369639,855,377692,839,7.1,0.1,7.3,0.1,6.9,0.1,6.8,0.2,7.1,0.3,6.5,0.2,7.1,0.2,7.2,0.3,7.0,0.2,6.9,0.1,7.2,0.1,6.6,0.1,6.9,0.1,7.3,0.1,6.6,0.1,7.5,0.1,7.5,0.1,7.4,0.1,6.8,0.1,7.0,0.1,6.7,0.1,7.2,0.2,7.3,0.2,7.0,0.3,7.6,0.2,7.6,0.2,7.7,0.3,7.5,0.1,7.5,0.1,7.4,0.1,6.7,0.1,6.7,0.1,6.7,0.1,5.8,0.1,5.8,0.2,5.9,0.2,4.8,0.2,4.7,0.2,4.9,0.2,3.5,0.1,3.4,0.1,3.7,0.1,2.8,0.1,2.7,0.1,3.0,0.1,2.2,0.1,1.9,0.1,2.4,0.1,1.4,0.1,1.1,0.1,1.8,0.1,1.3,0.1,0.8,0.1,1.8,0.2,13.8,0.1,14.2,0.1,13.4,0.1,4.2,0.1,4.4,0.1,4.1,0.1,9.6,0.1,10.1,0.1,9.1,0.1,43.0,0.1,44.0,0.2,42.0,0.1,77.6,0.1,76.9,0.2,78.3,0.2,74.8,0.1,74.1,0.1,75.6,0.1,16.1,0.2,14.5,0.2,17.6,0.2,14.0,0.1,12.5,0.2,15.5,0.2,11.3,0.1,9.8,0.1,12.8,0.1,4.9,0.1,3.8,0.1,6.1,0.1,35.6,0.2,34.6,0.1,36.7,0.2,97.9,0.3,(X),(X),(X),(X),57.4,0.2,(X),(X),(X),(X),17.8,0.1,(X),(X),(X),(X),39.6,0.1,(X),(X),(X),(X),0.2,(X),(X),(X),(X),(X),0.9,(X),(X),(X),(X),(X)
5001100US4707,4707,"Congressional District 7 (111th Congress), Tennessee",735831,2907,361922,2247,373909,1811,7.0,0.1,7.4,0.2,6.7,0.2,7.2,0.2,7.2,0.2,7.2,0.2,7.5,0.2,8.0,0.2,7.1,0.2,6.9,0.1,7.4,0.2,6.5,0.2,5.8,0.1,6.0,0.2,5.6,0.2,6.2,0.2,6.3,0.2,6.2,0.2,6.5,0.1,6.6,0.2,6.5,0.2,7.3,0.2,7.3,0.3,7.4,0.3,8.1,0.2,8.0,0.2,8.2,0.3,7.8,0.1,7.8,0.2,7.9,0.2,7.4,0.1,7.2,0.2,7.6,0.2,6.4,0.2,6.4,0.2,6.3,0.2,5.0,0.1,5.0,0.2,5.0,0.2,3.5,0.1,3.5,0.2,3.6,0.1,2.5,0.1,2.4,0.1,2.7,0.1,2.1,0.1,1.8,0.1,2.3,0.1,1.4,0.1,1.1,0.1,1.8,0.1,1.2,0.1,0.7,0.1,1.6,0.1,14.7,0.2,15.2,0.2,14.3,0.2,4.7,0.1,5.0,0.2,4.4,0.1,8.1,0.2,8.5,0.2,7.7,0.2,40.9,0.2,41.6,0.3,40.3,0.3,76.6,0.2,75.7,0.3,77.5,0.3,73.6,0.2,72.4,0.3,74.7,0.3,15.7,0.2,14.4,0.3,16.9,0.2,13.6,0.2,12.2,0.2,14.9,0.2,10.7,0.1,9.4,0.2,11.9,0.2,4.6,0.1,3.6,0.1,5.7,0.1,36.9,0.2,35.8,0.3,38.0,0.3,96.8,0.8,(X),(X),(X),(X),59.1,0.5,(X),(X),(X),(X),17.0,0.2,(X),(X),(X),(X),42.1,0.4,(X),(X),(X),(X),0.2,(X),(X),(X),(X),(X),0.8,(X),(X),(X),(X),(X)
5001100US4708,4708,"Congressional District 8 (111th Congress), Tennessee",645905,3835,313756,2767,332149,1872,6.8,0.1,7.2,0.2,6.5,0.2,6.8,0.2,7.0,0.3,6.6,0.3,7.0,0.2,7.5,0.4,6.6,0.2,7.2,0.2,7.5,0.2,6.9,0.2,6.7,0.2,7.1,0.3,6.4,0.2,6.4,0.1,6.4,0.2,6.3,0.2,6.1,0.1,6.3,0.2,5.9,0.1,6.4,0.2,6.5,0.3,6.3,0.2,7.2,0.2,7.3,0.3,7.2,0.2,7.6,0.1,7.7,0.2,7.5,0.2,7.0,0.1,7.1,0.2,7.0,0.1,6.1,0.2,6.0,0.2,6.3,0.2,5.2,0.1,5.0,0.2,5.3,0.2,4.0,0.1,3.7,0.2,4.2,0.2,3.2,0.1,3.0,0.2,3.4,0.1,2.6,0.1,2.2,0.1,2.9,0.1,2.0,0.1,1.5,0.1,2.5,0.2,1.6,0.1,0.9,0.1,2.3,0.2,13.8,0.2,14.5,0.3,13.2,0.2,4.4,0.1,4.6,0.2,4.2,0.1,9.5,0.2,10.0,0.2,9.1,0.2,40.1,0.2,41.2,0.3,39.0,0.3,77.9,0.2,76.8,0.3,79.0,0.3,75.0,0.2,73.7,0.3,76.1,0.2,18.6,0.2,16.4,0.2,20.6,0.2,16.3,0.2,14.3,0.2,18.3,0.2,13.4,0.1,11.4,0.1,15.3,0.1,6.2,0.1,4.6,0.1,7.7,0.1,37.4,0.3,35.7,0.3,38.9,0.3,94.5,0.8,(X),(X),(X),(X),62.5,0.6,(X),(X),(X),(X),21.8,0.2,(X),(X),(X),(X),40.7,0.5,(X),(X),(X),(X),0.2,(X),(X),(X),(X),(X),0.6,(X),(X),(X),(X),(X)
5001100US4709,4709,"Congressional District 9 (111th Congress), Tennessee",617610,3552,293619,2407,323991,1933,7.9,0.2,8.3,0.3,7.6,0.2,7.1,0.2,7.6,0.4,6.6,0.3,7.4,0.3,7.9,0.4,7.0,0.3,7.4,0.2,7.9,0.2,6.9,0.2,7.3,0.2,7.6,0.2,7.1,0.2,8.2,0.2,8.4,0.2,8.0,0.2,7.2,0.1,7.4,0.2,7.0,0.2,6.9,0.2,7.1,0.4,6.8,0.3,6.6,0.2,6.7,0.3,6.6,0.2,7.1,0.2,6.8,0.2,7.3,0.2,6.7,0.1,6.5,0.2,6.8,0.2,5.6,0.2,5.6,0.2,5.7,0.2,4.2,0.2,4.1,0.2,4.3,0.2,2.8,0.1,2.5,0.2,3.2,0.2,2.4,0.1,2.0,0.1,2.6,0.2,2.1,0.1,1.7,0.1,2.4,0.1,1.6,0.1,1.2,0.1,2.0,0.1,1.4,0.1,0.7,0.1,2.1,0.1,14.5,0.2,15.5,0.4,13.6,0.3,4.5,0.1,4.9,0.2,4.2,0.1,10.2,0.2,10.7,0.3,9.8,0.2,43.7,0.2,45.1,0.4,42.4,0.3,76.1,0.3,74.7,0.5,77.3,0.3,73.0,0.3,71.3,0.4,74.6,0.3,14.5,0.2,12.2,0.3,16.6,0.3,12.6,0.2,10.3,0.2,14.7,0.2,10.3,0.1,8.1,0.1,12.2,0.1,5.1,0.1,3.6,0.1,6.4,0.1,33.1,0.3,31.4,0.3,34.8,0.3,90.6,0.8,(X),(X),(X),(X),59.3,0.7,(X),(X),(X),(X),16.4,0.2,(X),(X),(X),(X),43.0,0.6,(X),(X),(X),(X),0.2,(X),(X),(X),(X),(X),1.0,(X),(X),(X),(X),(X)
5001100US4801,4801,"Congressional District 1 (111th Congress), Texas",691112,468,337246,498,353866,434,7.5,0.1,7.9,0.1,7.1,0.1,6.8,0.2,7.2,0.2,6.5,0.2,6.9,0.2,7.2,0.2,6.7,0.2,7.6,0.1,7.8,0.1,7.4,0.1,7.6,0.1,7.9,0.1,7.3,0.1,6.5,0.1,6.8,0.1,6.2,0.1,5.6,0.1,5.7,0.1,5.5,0.1,5.9,0.2,5.9,0.2,5.8,0.2,6.6,0.2,6.8,0.2,6.5,0.2,7.0,0.1,7.0,0.1,7.1,0.1,6.7,0.1,6.7,0.1,6.7,0.1,5.9,0.1,5.8,0.2,6.0,0.2,5.1,0.1,5.0,0.2,5.1,0.2,4.0,0.1,3.8,0.1,4.3,0.2,3.4,0.1,3.1,0.1,3.7,0.2,2.8,0.1,2.5,0.1,3.2,0.1,2.0,0.1,1.6,0.1,2.5,0.1,1.9,0.1,1.2,0.1,2.6,0.1,13.8,0.1,14.4,0.1,13.2,0.1,4.3,0.1,4.6,0.1,4.1,0.1,10.9,0.1,11.2,0.1,10.6,0.1,39.8,0.1,41.0,0.1,38.6,0.1,77.3,0.1,76.2,0.1,78.4,0.1,74.5,0.1,73.2,0.1,75.7,0.1,19.3,0.1,17.2,0.2,21.3,0.2,17.1,0.1,15.0,0.2,19.1,0.2,14.2,0.1,12.2,0.1,16.2,0.1,6.8,0.1,5.3,0.1,8.2,0.1,36.3,0.2,34.5,0.1,38.0,0.2,95.3,0.2,(X),(X),(X),(X),66.0,0.1,(X),(X),(X),(X),23.6,0.1,(X),(X),(X),(X),42.4,0.1,(X),(X),(X),(X),0.2,(X),(X),(X),(X),(X),0.7,(X),(X),(X),(X),(X)
5001100US4802,4802,"Congressional District 2 (111th Congress), Texas",724583,4041,363030,2898,361553,2456,7.6,0.2,7.8,0.3,7.4,0.3,7.4,0.2,7.6,0.3,7.2,0.3,7.6,0.2,7.7,0.3,7.5,0.3,7.4,0.2,7.8,0.2,7.0,0.2,6.4,0.2,6.8,0.2,6.1,0.2,7.2,0.2,7.6,0.3,6.9,0.3,6.8,0.2,7.0,0.3,6.7,0.2,7.3,0.2,7.3,0.3,7.3,0.3,7.2,0.2,7.3,0.3,7.2,0.3,7.7,0.2,7.9,0.3,7.5,0.2,7.1,0.2,6.9,0.2,7.3,0.2,5.8,0.2,5.6,0.2,5.9,0.2,4.5,0.2,4.3,0.2,4.7,0.2,3.0,0.1,2.9,0.2,3.2,0.2,2.2,0.1,2.0,0.1,2.5,0.1,1.9,0.1,1.6,0.1,2.3,0.1,1.5,0.1,1.1,0.1,1.8,0.1,1.2,0.1,0.7,0.1,1.7,0.2,15.0,0.2,15.3,0.3,14.7,0.3,4.7,0.1,4.8,0.2,4.6,0.2,9.2,0.2,9.8,0.3,8.6,0.3,42.5,0.3,43.8,0.4,41.1,0.3,75.9,0.3,75.4,0.4,76.4,0.4,72.7,0.3,72.1,0.4,73.4,0.4,14.4,0.3,12.7,0.3,16.1,0.3,12.4,0.2,10.7,0.2,14.0,0.3,9.9,0.2,8.3,0.2,11.4,0.2,4.6,0.1,3.4,0.1,5.8,0.2,34.6,0.3,33.4,0.3,35.9,0.3,100.4,1.0,(X),(X),(X),(X),59.1,0.6,(X),(X),(X),(X),15.7,0.3,(X),(X),(X),(X),43.4,0.6,(X),(X),(X),(X),0.2,(X),(X),(X),(X),(X),1.1,(X),(X),(X),(X),(X)
5001100US4803,4803,"Congressional District 3 (111th Congress), Texas",822276,4602,413435,3053,408841,3016,8.5,0.2,8.6,0.3,8.3,0.2,8.0,0.2,8.0,0.3,8.0,0.3,7.5,0.2,7.8,0.3,7.3,0.3,6.6,0.2,6.8,0.2,6.4,0.2,6.2,0.2,6.5,0.2,6.0,0.2,7.7,0.2,8.1,0.3,7.3,0.2,8.3,0.2,8.4,0.3,8.3,0.2,8.7,0.2,8.5,0.3,8.9,0.3,8.5,0.2,8.6,0.3,8.4,0.3,7.8,0.2,7.8,0.2,7.8,0.2,6.3,0.1,6.2,0.2,6.3,0.2,5.1,0.1,4.9,0.2,5.2,0.2,3.7,0.1,3.7,0.2,3.8,0.2,2.6,0.1,2.5,0.1,2.7,0.1,1.5,0.1,1.5,0.1,1.6,0.1,1.2,0.1,1.0,0.1,1.3,0.1,0.9,0.1,0.7,0.1,1.2,0.1,0.8,0.1,0.4,0.1,1.1,0.1,15.5,0.2,15.8,0.3,15.3,0.3,4.3,0.1,4.3,0.2,4.2,0.2,8.6,0.2,9.0,0.3,8.2,0.2,46.2,0.2,47.0,0.3,45.3,0.4,74.6,0.2,74.3,0.4,75.0,0.3,71.8,0.2,71.3,0.4,72.2,0.3,10.7,0.2,9.8,0.2,11.7,0.3,9.0,0.2,8.1,0.2,10.0,0.2,7.0,0.1,6.1,0.2,7.9,0.2,2.9,0.1,2.1,0.1,3.6,0.2,33.3,0.2,32.5,0.3,34.0,0.3,101.1,1.0,(X),(X),(X),(X),54.5,0.5,(X),(X),(X),(X),10.8,0.2,(X),(X),(X),(X),43.6,0.5,(X),(X),(X),(X),0.2,(X),(X),(X),(X),(X),1.0,(X),(X),(X),(X),(X)
5001100US4804,4804,"Congressional District 4 (111th Congress), Texas",788200,1920,392614,1452,395586,1573,7.5,0.1,7.7,0.2,7.2,0.1,7.5,0.1,7.7,0.2,7.3,0.2,7.3,0.2,7.6,0.2,7.1,0.2,7.1,0.1,7.6,0.2,6.7,0.1,5.6,0.1,6.0,0.2,5.2,0.1,6.2,0.1,6.5,0.2,6.0,0.1,6.7,0.1,6.9,0.2,6.5,0.2,7.3,0.2,7.3,0.3,7.3,0.2,7.4,0.2,7.5,0.3,7.2,0.2,7.4,0.1,7.5,0.2,7.3,0.1,6.5,0.1,6.5,0.1,6.6,0.1,5.8,0.1,5.5,0.2,6.1,0.2,4.9,0.1,5.0,0.2,4.9,0.2,3.8,0.1,3.6,0.2,4.0,0.2,3.1,0.1,2.9,0.1,3.3,0.2,2.2,0.1,1.9,0.1,2.5,0.2,1.9,0.1,1.4,0.1,2.4,0.1,1.6,0.1,0.9,0.1,2.2,0.2,14.9,0.1,15.3,0.2,14.4,0.2,4.4,0.1,4.7,0.1,4.1,0.1,8.3,0.1,8.9,0.2,7.8,0.1,40.3,0.2,41.7,0.2,38.9,0.2,76.2,0.1,75.3,0.2,77.1,0.2,73.3,0.1,72.3,0.2,74.3,0.2,17.6,0.2,15.8,0.2,19.4,0.2,15.5,0.1,13.7,0.2,17.3,0.2,12.6,0.1,10.8,0.1,14.5,0.1,5.7,0.1,4.2,0.1,7.2,0.1,36.4,0.2,35.1,0.2,37.7,0.2,99.2,0.6,(X),(X),(X),(X),64.9,0.4,(X),(X),(X),(X),20.9,0.2,(X),(X),(X),(X),44.1,0.3,(X),(X),(X),(X),0.1,(X),(X),(X),(X),(X),0.8,(X),(X),(X),(X),(X)
5001100US4805,4805,"Congressional District 5 (111th Congress), Texas",704509,3808,355276,2800,349233,2395,7.4,0.2,7.7,0.2,7.2,0.3,7.1,0.2,7.0,0.3,7.1,0.3,7.2,0.2,7.4,0.3,6.9,0.3,7.1,0.2,7.5,0.3,6.6,0.3,6.3,0.2,6.7,0.3,5.9,0.4,6.9,0.2,7.3,0.3,6.5,0.3,6.6,0.2,7.0,0.2,6.2,0.2,7.0,0.2,7.1,0.3,6.9,0.3,7.5,0.2,7.7,0.3,7.4,0.3,7.6,0.2,7.8,0.2,7.4,0.2,6.8,0.2,6.8,0.2,6.8,0.2,5.6,0.2,5.4,0.2,5.7,0.2,4.7,0.2,4.4,0.2,5.1,0.2,3.7,0.1,3.4,0.1,4.0,0.2,3.0,0.1,2.6,0.1,3.3,0.2,2.3,0.1,1.9,0.1,2.8,0.2,1.9,0.1,1.5,0.1,2.2,0.2,1.4,0.1,0.8,0.1,1.9,0.1,14.2,0.2,14.4,0.3,14.0,0.3,4.4,0.1,4.6,0.2,4.2,0.2,9.0,0.3,9.6,0.4,8.4,0.6,41.4,0.3,43.2,0.4,39.5,0.5,76.9,0.3,76.4,0.4,77.5,0.3,73.9,0.3,73.3,0.4,74.6,0.3,17.0,0.2,14.7,0.3,19.3,0.3,14.9,0.2,12.8,0.2,17.0,0.3,12.3,0.1,10.3,0.1,14.2,0.2,5.6,0.1,4.3,0.1,6.9,0.2,35.9,0.3,34.6,0.4,37.4,0.4,101.7,1.0,(X),(X),(X),(X),62.1,0.7,(X),(X),(X),(X),19.9,0.2,(X),(X),(X),(X),42.3,0.6,(X),(X),(X),(X),0.2,(X),(X),(X),(X),(X),0.8,(X),(X),(X),(X),(X)
5001100US4806,4806,"Congressional District 6 (111th Congress), Texas",771782,1776,386129,1862,385653,1826,8.2,0.2,8.3,0.3,8.1,0.2,7.8,0.2,8.3,0.3,7.3,0.2,7.8,0.2,7.7,0.3,7.9,0.3,7.7,0.2,8.1,0.2,7.3,0.2,6.9,0.2,7.3,0.3,6.4,0.2,7.4,0.2,7.7,0.3,7.1,0.2,7.2,0.2,7.1,0.2,7.2,0.2,7.6,0.2,7.5,0.3,7.8,0.2,7.3,0.2,7.2,0.3,7.4,0.2,7.3,0.1,7.5,0.2,7.1,0.2,6.3,0.1,6.2,0.2,6.4,0.2,5.2,0.1,5.2,0.2,5.3,0.2,4.1,0.1,4.0,0.2,4.3,0.2,2.9,0.1,2.7,0.1,3.1,0.1,2.3,0.1,2.1,0.1,2.4,0.2,1.8,0.1,1.6,0.1,2.0,0.1,1.2,0.1,0.9,0.1,1.5,0.1,1.1,0.1,0.7,0.1,1.6,0.1,15.6,0.2,16.0,0.3,15.2,0.3,4.7,0.1,4.9,0.2,4.5,0.2,9.8,0.2,10.5,0.3,9.2,0.3,44.0,0.2,44.9,0.4,43.1,0.3,74.6,0.2,74.0,0.3,75.1,0.4,71.5,0.2,70.8,0.3,72.2,0.4,13.4,0.2,12.0,0.2,14.8,0.2,11.5,0.2,10.1,0.2,12.9,0.2,9.3,0.1,8.0,0.2,10.5,0.2,4.1,0.1,3.1,0.1,5.1,0.1,33.1,0.2,31.9,0.3,34.2,0.3,100.1,0.8,(X),(X),(X),(X),60.6,0.6,(X),(X),(X),(X),14.9,0.2,(X),(X),(X),(X),45.7,0.5,(X),(X),(X),(X),0.2,(X),(X),(X),(X),(X),0.8,(X),(X),(X),(X),(X)
5001100US4807,4807,"Congressional District 7 (111th Congress), Texas",769431,5434,379924,3496,389507,4084,7.5,0.2,7.7,0.3,7.3,0.3,6.6,0.2,6.9,0.3,6.3,0.3,6.1,0.2,6.2,0.3,6.0,0.3,5.9,0.2,6.0,0.3,5.8,0.3,6.3,0.2,6.2,0.3,6.4,0.3,8.8,0.2,8.8,0.3,8.9,0.3,8.0,0.2,8.3,0.4,7.6,0.3,7.7,0.2,7.9,0.3,7.4,0.3,7.3,0.2,7.4,0.3,7.3,0.3,7.9,0.2,8.0,0.3,7.9,0.2,7.2,0.2,7.2,0.2,7.2,0.2,6.1,0.2,5.9,0.2,6.2,0.2,4.5,0.1,4.6,0.2,4.4,0.2,3.1,0.1,3.0,0.2,3.1,0.2,2.2,0.1,2.1,0.1,2.4,0.2,1.9,0.1,1.6,0.1,2.1,0.1,1.5,0.1,1.2,0.1,1.7,0.2,1.4,0.2,1.0,0.1,1.9,0.3,12.7,0.2,13.1,0.4,12.3,0.3,3.8,0.2,3.8,0.2,3.8,0.2,8.4,0.3,8.4,0.4,8.4,0.4,44.0,0.3,44.5,0.5,43.5,0.3,78.6,0.3,78.1,0.4,79.2,0.4,76.0,0.3,75.4,0.4,76.6,0.4,14.6,0.3,13.5,0.4,15.6,0.3,12.5,0.2,11.4,0.3,13.6,0.3,10.0,0.2,8.9,0.3,11.2,0.2,4.8,0.2,3.8,0.2,5.7,0.2,35.5,0.2,35.0,0.3,36.0,0.4,97.5,1.3,(X),(X),(X),(X),51.6,0.7,(X),(X),(X),(X),15.2,0.4,(X),(X),(X),(X),36.3,0.6,(X),(X),(X),(X),0.2,(X),(X),(X),(X),(X),1.0,(X),(X),(X),(X),(X)
5001100US4808,4808,"Congressional District 8 (111th Congress), Texas",778775,1222,394649,882,384126,708,6.8,0.1,6.9,0.1,6.8,0.1,6.9,0.2,6.9,0.2,6.9,0.2,7.4,0.2,7.5,0.2,7.2,0.2,7.3,0.2,7.5,0.1,7.2,0.3,6.5,0.2,6.8,0.2,6.3,0.3,6.3,0.1,6.6,0.1,5.9,0.1,6.1,0.1,6.4,0.2,5.9,0.1,7.0,0.2,7.2,0.2,6.8,0.2,7.2,0.2,7.3,0.2,7.1,0.2,7.7,0.1,8.0,0.1,7.5,0.1,7.2,0.1,7.3,0.1,7.1,0.1,6.3,0.1,6.2,0.2,6.4,0.2,5.2,0.1,4.9,0.2,5.4,0.2,3.9,0.1,3.7,0.1,4.1,0.1,3.1,0.1,2.8,0.1,3.4,0.1,2.4,0.1,2.0,0.1,2.7,0.1,1.5,0.1,1.3,0.1,1.8,0.1,1.1,0.1,0.7,0.1,1.5,0.1,14.2,0.1,14.4,0.1,14.1,0.1,4.4,0.1,4.6,0.1,4.3,0.1,9.4,0.1,9.7,0.2,9.2,0.1,40.5,0.1,41.7,0.2,39.2,0.1,77.5,0.1,77.3,0.1,77.7,0.1,74.5,0.1,74.1,0.1,74.8,0.1,17.2,0.1,15.5,0.2,18.9,0.2,15.0,0.1,13.3,0.2,16.7,0.2,12.0,0.1,10.5,0.1,13.5,0.1,5.0,0.1,4.1,0.1,6.0,0.1,37.0,0.2,36.0,0.3,37.9,0.2,102.7,0.3,(X),(X),(X),(X),60.0,0.2,(X),(X),(X),(X),19.2,0.1,(X),(X),(X),(X),40.8,0.1,(X),(X),(X),(X),0.2,(X),(X),(X),(X),(X),0.9,(X),(X),(X),(X),(X)
5001100US4809,4809,"Congressional District 9 (111th Congress), Texas",716184,7633,358193,4283,357991,5335,9.5,0.3,9.7,0.4,9.3,0.3,7.7,0.3,8.1,0.4,7.2,0.4,7.4,0.2,7.7,0.3,7.2,0.3,7.3,0.3,7.5,0.4,7.1,0.3,8.1,0.3,8.6,0.4,7.5,0.4,9.3,0.2,9.8,0.4,8.7,0.3,8.6,0.3,8.7,0.4,8.6,0.3,7.6,0.2,7.8,0.3,7.3,0.3,7.0,0.2,6.7,0.3,7.3,0.3,6.8,0.2,6.5,0.3,7.1,0.3,6.1,0.2,5.9,0.3,6.3,0.3,4.7,0.2,4.1,0.2,5.3,0.2,3.3,0.2,3.3,0.2,3.4,0.2,2.2,0.1,2.0,0.2,2.3,0.2,1.6,0.1,1.4,0.1,1.9,0.1,1.2,0.1,1.0,0.1,1.4,0.1,0.8,0.1,0.6,0.1,1.0,0.1,0.8,0.1,0.5,0.1,1.0,0.1,15.1,0.3,15.8,0.5,14.4,0.4,4.5,0.2,4.7,0.3,4.4,0.2,10.8,0.3,11.4,0.4,10.2,0.4,47.9,0.4,49.2,0.6,46.5,0.5,73.9,0.5,73.0,0.7,74.8,0.5,70.9,0.4,69.9,0.7,71.9,0.5,9.9,0.2,8.8,0.3,11.1,0.4,8.4,0.2,7.3,0.3,9.5,0.3,6.6,0.2,5.5,0.2,7.7,0.3,2.8,0.1,2.1,0.1,3.5,0.2,30.4,0.3,29.2,0.4,31.6,0.4,100.1,1.7,(X),(X),(X),(X),55.5,1.1,(X),(X),(X),(X),10.3,0.3,(X),(X),(X),(X),45.3,1.0,(X),(X),(X),(X),0.2,(X),(X),(X),(X),(X),1.6,(X),(X),(X),(X),(X)
5001100US4810,4810,"Congressional District 10 (111th Congress), Texas",876509,5560,439624,3677,436885,3587,8.6,0.2,8.6,0.3,8.6,0.3,7.8,0.2,7.9,0.3,7.8,0.3,7.4,0.2,7.5,0.3,7.4,0.2,6.6,0.2,7.1,0.3,6.1,0.2,6.4,0.2,6.7,0.3,6.1,0.3,9.1,0.2,9.2,0.3,9.1,0.3,8.6,0.2,8.8,0.3,8.3,0.3,8.0,0.2,8.1,0.3,7.8,0.3,7.6,0.2,7.6,0.3,7.6,0.3,7.3,0.2,7.3,0.2,7.2,0.2,6.4,0.2,6.5,0.2,6.4,0.2,5.1,0.2,5.1,0.2,5.2,0.2,3.5,0.1,3.5,0.2,3.6,0.2,2.3,0.1,2.1,0.1,2.4,0.1,1.8,0.1,1.6,0.1,2.0,0.1,1.4,0.1,1.3,0.1,1.6,0.1,1.1,0.1,0.9,0.1,1.3,0.1,1.0,0.1,0.5,0.1,1.5,0.2,15.2,0.2,15.3,0.3,15.2,0.3,4.3,0.1,4.5,0.2,4.1,0.2,8.7,0.2,9.3,0.4,8.1,0.3,46.2,0.3,47.4,0.4,45.0,0.4,74.7,0.3,74.7,0.4,74.8,0.4,71.9,0.3,71.6,0.4,72.1,0.4,11.1,0.2,9.8,0.3,12.4,0.3,9.4,0.2,8.1,0.2,10.6,0.3,7.6,0.2,6.3,0.2,8.8,0.3,3.5,0.1,2.6,0.1,4.4,0.2,32.3,0.2,31.8,0.3,32.9,0.3,100.6,1.1,(X),(X),(X),(X),55.4,0.6,(X),(X),(X),(X),11.7,0.3,(X),(X),(X),(X),43.7,0.6,(X),(X),(X),(X),0.2,(X),(X),(X),(X),(X),1.1,(X),(X),(X),(X),(X)
5001100US4811,4811,"Congressional District 11 (111th Congress), Texas",679459,382,335409,639,344050,638,7.5,0.1,7.7,0.1,7.3,0.1,6.9,0.2,7.2,0.2,6.6,0.2,7.0,0.2,7.3,0.3,6.7,0.2,7.5,0.1,8.0,0.2,7.0,0.2,7.2,0.1,7.7,0.2,6.7,0.1,6.5,0.1,6.8,0.1,6.2,0.1,5.4,0.1,5.6,0.1,5.3,0.1,6.0,0.2,6.0,0.2,6.0,0.2,6.2,0.1,6.1,0.2,6.3,0.2,7.1,0.1,7.1,0.1,7.0,0.1,6.7,0.1,6.7,0.1,6.7,0.1,6.0,0.1,5.9,0.2,6.1,0.2,5.1,0.1,5.1,0.2,5.2,0.2,4.1,0.1,3.9,0.1,4.3,0.2,3.5,0.1,3.2,0.1,3.9,0.2,3.1,0.1,2.7,0.1,3.4,0.2,2.3,0.1,1.9,0.1,2.6,0.2,2.0,0.1,1.2,0.1,2.8,0.2,13.9,0.1,14.5,0.1,13.3,0.1,4.5,0.1,4.9,0.1,4.2,0.1,10.1,0.1,10.8,0.2,9.5,0.1,38.7,0.1,40.1,0.2,37.4,0.1,77.2,0.1,76.4,0.1,78.0,0.1,74.1,0.1,73.0,0.1,75.2,0.1,20.1,0.1,18.0,0.2,22.2,0.2,18.0,0.1,16.0,0.2,20.1,0.2,15.0,0.1,13.0,0.1,17.0,0.1,7.3,0.1,5.8,0.1,8.8,0.1,36.8,0.2,34.9,0.2,38.5,0.3,97.5,0.3,(X),(X),(X),(X),69.2,0.2,(X),(X),(X),(X),25.4,0.1,(X),(X),(X),(X),43.8,0.2,(X),(X),(X),(X),0.1,(X),(X),(X),(X),(X),0.7,(X),(X),(X),(X),(X)
5001100US4812,4812,"Congressional District 12 (111th Congress), Texas",776650,3154,390514,2507,386136,2217,8.2,0.2,8.4,0.3,7.9,0.3,7.6,0.2,7.9,0.3,7.3,0.2,7.4,0.2,7.5,0.3,7.3,0.3,6.9,0.2,7.0,0.2,6.8,0.2,6.8,0.2,7.0,0.3,6.7,0.2,8.2,0.2,8.3,0.2,8.0,0.2,7.5,0.2,7.8,0.2,7.2,0.2,7.4,0.2,7.5,0.3,7.2,0.2,7.4,0.2,7.7,0.3,7.1,0.2,7.2,0.1,7.2,0.2,7.2,0.2,6.3,0.1,6.2,0.1,6.5,0.2,5.3,0.1,5.3,0.2,5.3,0.2,4.2,0.1,4.0,0.2,4.4,0.2,3.0,0.1,2.9,0.1,3.1,0.2,2.1,0.1,1.9,0.1,2.3,0.1,1.9,0.1,1.7,0.1,2.2,0.1,1.3,0.1,0.9,0.1,1.7,0.1,1.2,0.1,0.8,0.1,1.7,0.1,15.0,0.2,15.5,0.3,14.6,0.3,4.2,0.1,4.3,0.2,4.2,0.2,9.5,0.2,9.7,0.3,9.3,0.3,44.2,0.2,45.4,0.4,43.0,0.3,75.4,0.2,74.7,0.4,76.0,0.4,72.6,0.2,71.9,0.4,73.3,0.4,13.8,0.2,12.1,0.2,15.5,0.3,11.8,0.2,10.3,0.2,13.4,0.3,9.6,0.1,8.1,0.2,11.1,0.2,4.5,0.1,3.3,0.1,5.6,0.2,33.4,0.2,32.6,0.3,34.2,0.3,101.1,0.9,(X),(X),(X),(X),58.7,0.6,(X),(X),(X),(X),15.2,0.2,(X),(X),(X),(X),43.5,0.5,(X),(X),(X),(X),0.2,(X),(X),(X),(X),(X),0.8,(X),(X),(X),(X),(X)
5001100US4813,4813,"Congressional District 13 (111th Congress), Texas",652315,774,329749,583,322566,693,7.5,0.1,7.6,0.1,7.3,0.1,6.7,0.1,6.7,0.2,6.8,0.2,7.1,0.2,7.4,0.2,6.8,0.2,7.6,0.1,8.2,0.2,7.0,0.2,7.8,0.1,8.4,0.2,7.3,0.1,6.6,0.1,7.0,0.1,6.1,0.1,5.9,0.1,6.1,0.1,5.7,0.1,6.3,0.2,6.6,0.2,6.1,0.2,6.5,0.1,6.7,0.2,6.3,0.2,7.2,0.1,7.2,0.1,7.2,0.1,6.7,0.1,6.7,0.1,6.7,0.1,5.7,0.1,5.4,0.1,5.9,0.2,4.7,0.1,4.6,0.1,4.9,0.2,3.7,0.1,3.4,0.1,4.0,0.1,3.3,0.1,2.9,0.1,3.7,0.1,2.9,0.1,2.6,0.1,3.3,0.1,2.0,0.1,1.5,0.1,2.6,0.1,1.7,0.1,1.0,0.1,2.4,0.2,13.9,0.1,14.1,0.1,13.6,0.1,4.4,0.1,4.6,0.1,4.2,0.1,11.1,0.1,12.0,0.1,10.1,0.1,40.7,0.1,43.0,0.1,38.4,0.1,77.3,0.1,76.8,0.2,77.7,0.2,74.3,0.1,73.7,0.1,74.8,0.1,18.4,0.1,15.9,0.2,20.9,0.2,16.3,0.1,13.9,0.2,18.7,0.2,13.6,0.1,11.3,0.1,16.0,0.1,6.6,0.1,5.0,0.1,8.3,0.1,35.6,0.2,33.8,0.2,37.4,0.2,102.2,0.3,(X),(X),(X),(X),64.9,0.2,(X),(X),(X),(X),22.5,0.1,(X),(X),(X),(X),42.4,0.1,(X),(X),(X),(X),0.2,(X),(X),(X),(X),(X),0.7,(X),(X),(X),(X),(X)
5001100US4814,4814,"Congressional District 14 (111th Congress), Texas",737393,2308,368631,1805,368762,1743,7.5,0.1,7.5,0.2,7.4,0.1,7.5,0.2,7.6,0.3,7.4,0.2,7.6,0.2,7.6,0.3,7.5,0.3,7.2,0.1,7.5,0.2,7.0,0.2,6.2,0.1,6.4,0.2,6.0,0.2,6.2,0.1,6.5,0.2,6.0,0.1,6.0,0.1,6.0,0.2,5.9,0.1,6.9,0.2,6.8,0.2,6.9,0.2,7.5,0.2,7.7,0.3,7.2,0.2,8.0,0.1,8.1,0.2,7.8,0.1,7.5,0.1,7.6,0.1,7.4,0.1,6.0,0.1,6.0,0.2,6.1,0.2,4.6,0.1,4.7,0.2,4.6,0.2,3.6,0.1,3.5,0.1,3.8,0.2,2.7,0.1,2.5,0.1,2.9,0.2,2.2,0.1,1.9,0.1,2.6,0.1,1.6,0.1,1.3,0.1,1.9,0.1,1.3,0.1,0.8,0.1,1.7,0.1,15.0,0.1,15.2,0.2,14.9,0.2,4.7,0.1,4.7,0.1,4.6,0.1,8.8,0.1,9.1,0.2,8.4,0.2,40.0,0.2,40.8,0.2,39.1,0.2,75.9,0.2,75.7,0.2,76.2,0.2,72.8,0.1,72.5,0.2,73.1,0.2,16.0,0.2,14.7,0.3,17.4,0.2,13.9,0.2,12.5,0.2,15.4,0.2,11.4,0.1,9.9,0.2,12.8,0.2,5.1,0.1,4.0,0.1,6.1,0.1,36.4,0.2,35.7,0.3,37.1,0.2,100.0,0.7,(X),(X),(X),(X),62.8,0.4,(X),(X),(X),(X),18.5,0.2,(X),(X),(X),(X),44.3,0.3,(X),(X),(X),(X),0.2,(X),(X),(X),(X),(X),0.8,(X),(X),(X),(X),(X)
5001100US4815,4815,"Congressional District 15 (111th Congress), Texas",740502,3467,369760,2530,370742,2534,10.5,0.2,10.8,0.3,10.2,0.2,8.7,0.2,8.7,0.3,8.8,0.3,8.7,0.2,8.9,0.3,8.5,0.3,7.8,0.2,8.1,0.3,7.6,0.2,7.1,0.2,7.5,0.3,6.8,0.2,7.1,0.2,7.7,0.2,6.6,0.2,6.7,0.1,7.0,0.2,6.4,0.2,6.3,0.2,6.5,0.2,6.2,0.3,6.2,0.2,6.2,0.3,6.3,0.2,5.8,0.1,5.9,0.2,5.6,0.1,5.3,0.1,5.1,0.2,5.5,0.2,4.5,0.2,4.2,0.2,4.9,0.2,3.8,0.1,3.7,0.2,3.9,0.2,3.1,0.1,2.7,0.2,3.4,0.2,2.6,0.1,2.3,0.1,2.8,0.1,2.5,0.1,2.1,0.1,2.9,0.2,1.7,0.1,1.5,0.1,2.0,0.1,1.4,0.1,1.1,0.1,1.7,0.1,17.4,0.2,17.6,0.3,17.2,0.3,4.8,0.1,4.9,0.2,4.7,0.2,10.2,0.2,10.6,0.3,9.8,0.3,41.4,0.2,42.9,0.3,39.9,0.3,70.5,0.2,70.0,0.4,71.0,0.3,67.3,0.2,66.7,0.4,67.9,0.3,15.1,0.2,13.5,0.3,16.7,0.3,13.5,0.2,12.0,0.2,15.0,0.2,11.3,0.2,9.8,0.2,12.8,0.2,5.6,0.1,4.7,0.1,6.5,0.2,30.0,0.3,29.0,0.3,31.3,0.3,99.7,1.0,(X),(X),(X),(X),78.4,0.7,(X),(X),(X),(X),20.1,0.4,(X),(X),(X),(X),58.2,0.6,(X),(X),(X),(X),0.1,(X),(X),(X),(X),(X),0.7,(X),(X),(X),(X),(X)
5001100US4816,4816,"Congressional District 16 (111th Congress), Texas",698101,1840,335232,1023,362869,990,9.8,0.1,10.3,0.1,9.4,0.1,8.1,0.2,8.5,0.3,7.7,0.2,8.5,0.2,9.1,0.3,7.9,0.2,8.0,0.1,8.5,0.1,7.5,0.1,7.7,0.1,8.3,0.1,7.1,0.1,6.7,0.1,6.7,0.1,6.6,0.1,6.5,0.1,6.4,0.1,6.5,0.1,6.6,0.2,6.4,0.2,6.9,0.2,6.5,0.2,6.6,0.2,6.4,0.2,6.6,0.1,6.4,0.1,6.8,0.1,5.8,0.1,5.6,0.1,6.1,0.1,4.9,0.1,4.7,0.2,5.1,0.2,3.6,0.1,3.5,0.1,3.8,0.2,3.0,0.1,2.7,0.1,3.2,0.1,2.6,0.1,2.3,0.1,2.9,0.1,2.3,0.1,1.9,0.1,2.6,0.1,1.6,0.1,1.3,0.1,1.9,0.1,1.2,0.1,0.8,0.1,1.5,0.1,16.6,0.1,17.6,0.1,15.6,0.1,4.9,0.1,5.1,0.1,4.6,0.1,10.8,0.1,11.7,0.1,10.0,0.1,42.0,0.1,43.0,0.1,41.0,0.1,72.0,0.1,70.4,0.2,73.5,0.2,68.7,0.1,67.0,0.1,70.4,0.1,14.3,0.1,12.5,0.1,16.0,0.2,12.7,0.1,10.9,0.1,14.4,0.2,10.7,0.1,9.0,0.1,12.2,0.1,5.1,0.1,4.1,0.1,6.1,0.1,30.9,0.2,28.8,0.2,33.0,0.2,92.4,0.2,(X),(X),(X),(X),72.3,0.2,(X),(X),(X),(X),18.4,0.1,(X),(X),(X),(X),53.9,0.2,(X),(X),(X),(X),0.1,(X),(X),(X),(X),(X),0.8,(X),(X),(X),(X),(X)
5001100US4817,4817,"Congressional District 17 (111th Congress), Texas",722936,875,362394,948,360542,964,7.1,0.1,7.2,0.1,6.9,0.1,6.6,0.1,6.6,0.2,6.5,0.2,6.7,0.2,7.0,0.2,6.4,0.2,9.2,0.1,9.3,0.1,9.1,0.1,12.8,0.1,13.4,0.1,12.1,0.1,5.8,0.1,6.3,0.1,5.3,0.1,5.3,0.1,5.6,0.2,5.0,0.1,6.1,0.2,6.1,0.2,6.0,0.2,6.2,0.2,6.3,0.2,6.1,0.2,6.6,0.1,6.6,0.1,6.6,0.1,6.1,0.1,6.0,0.1,6.2,0.1,5.5,0.1,5.3,0.2,5.8,0.2,4.3,0.1,4.2,0.2,4.4,0.2,3.6,0.1,3.4,0.1,3.7,0.1,2.8,0.1,2.5,0.1,3.0,0.1,2.2,0.1,2.0,0.1,2.4,0.1,1.7,0.1,1.3,0.1,2.1,0.1,1.6,0.1,0.9,0.1,2.3,0.2,13.3,0.1,13.6,0.1,12.9,0.1,4.2,0.1,4.4,0.1,4.0,0.1,17.7,0.1,18.2,0.1,17.2,0.1,45.3,0.1,46.9,0.2,43.6,0.1,78.2,0.1,77.5,0.2,78.8,0.2,75.4,0.1,74.8,0.1,76.1,0.1,16.2,0.1,14.3,0.2,18.0,0.2,14.3,0.1,12.5,0.2,16.2,0.2,11.9,0.1,10.2,0.1,13.6,0.1,5.5,0.1,4.2,0.1,6.9,0.1,31.8,0.2,30.3,0.2,33.6,0.2,100.5,0.5,(X),(X),(X),(X),57.4,0.3,(X),(X),(X),(X),18.7,0.1,(X),(X),(X),(X),38.6,0.2,(X),(X),(X),(X),0.2,(X),(X),(X),(X),(X),0.9,(X),(X),(X),(X),(X)
5001100US4818,4818,"Congressional District 18 (111th Congress), Texas",694198,7452,350060,4407,344138,4619,9.2,0.2,9.3,0.3,9.0,0.4,7.7,0.2,7.8,0.3,7.5,0.3,7.4,0.2,7.6,0.4,7.2,0.3,7.3,0.3,7.5,0.3,7.1,0.4,8.0,0.3,8.3,0.4,7.7,0.3,8.8,0.3,9.3,0.4,8.4,0.3,8.1,0.3,8.3,0.3,7.9,0.3,7.7,0.2,8.1,0.3,7.2,0.2,6.8,0.2,6.9,0.3,6.7,0.3,6.7,0.2,6.7,0.3,6.7,0.3,5.9,0.2,5.8,0.3,6.0,0.3,4.8,0.2,4.6,0.2,4.9,0.2,3.5,0.1,3.2,0.2,3.8,0.2,2.6,0.1,2.4,0.2,2.8,0.2,2.0,0.1,1.6,0.1,2.3,0.1,1.6,0.1,1.3,0.1,2.0,0.2,1.1,0.1,0.8,0.1,1.5,0.1,0.8,0.1,0.5,0.1,1.1,0.1,15.1,0.3,15.4,0.4,14.7,0.4,4.3,0.2,4.4,0.3,4.2,0.2,11.0,0.5,11.4,0.6,10.6,0.5,46.7,0.4,48.4,0.6,45.0,0.6,74.3,0.4,73.8,0.5,74.7,0.5,71.5,0.4,70.9,0.5,72.1,0.5,11.7,0.2,9.8,0.3,13.6,0.3,10.1,0.2,8.4,0.3,11.9,0.3,8.2,0.2,6.6,0.2,9.8,0.3,3.6,0.1,2.6,0.1,4.6,0.2,30.9,0.3,30.1,0.3,31.9,0.4,101.7,1.5,(X),(X),(X),(X),58.1,1.0,(X),(X),(X),(X),13.0,0.3,(X),(X),(X),(X),45.1,0.9,(X),(X),(X),(X),0.2,(X),(X),(X),(X),(X),1.5,(X),(X),(X),(X),(X)
5001100US4819,4819,"Congressional District 19 (111th Congress), Texas",662286,430,328210,508,334076,620,7.8,0.1,8.0,0.1,7.6,0.1,7.0,0.2,7.2,0.2,6.9,0.2,6.7,0.2,7.0,0.2,6.5,0.3,8.3,0.1,8.6,0.1,8.1,0.2,10.4,0.1,11.0,0.1,9.8,0.2,6.6,0.1,7.0,0.1,6.2,0.1,5.5,0.1,5.7,0.1,5.2,0.1,5.8,0.2,5.9,0.2,5.7,0.2,6.3,0.1,6.6,0.2,6.1,0.2,6.6,0.1,6.6,0.1,6.6,0.1,6.2,0.1,6.2,0.1,6.2,0.1,5.2,0.1,5.1,0.2,5.3,0.1,4.5,0.1,4.2,0.2,4.7,0.1,3.6,0.1,3.3,0.1,3.8,0.1,3.1,0.1,2.8,0.1,3.5,0.2,2.8,0.1,2.3,0.1,3.2,0.2,1.9,0.1,1.5,0.1,2.3,0.2,1.7,0.1,1.0,0.1,2.3,0.2,13.8,0.1,14.1,0.1,13.4,0.1,4.3,0.1,4.5,0.1,4.1,0.1,14.5,0.1,15.1,0.2,13.8,0.1,43.0,0.1,44.8,0.1,41.1,0.1,77.1,0.1,76.4,0.2,77.7,0.1,74.2,0.1,73.4,0.1,74.9,0.1,17.5,0.1,15.2,0.2,19.8,0.1,15.6,0.1,13.4,0.2,17.8,0.1,13.0,0.1,10.9,0.1,15.1,0.1,6.3,0.1,4.8,0.1,7.8,0.1,32.8,0.2,31.0,0.1,34.6,0.2,98.2,0.3,(X),(X),(X),(X),63.6,0.2,(X),(X),(X),(X),21.3,0.1,(X),(X),(X),(X),42.3,0.2,(X),(X),(X),(X),0.2,(X),(X),(X),(X),(X),0.7,(X),(X),(X),(X),(X)
5001100US4820,4820,"Congressional District 20 (111th Congress), Texas",688308,6065,337856,3933,350452,3504,8.7,0.2,8.9,0.3,8.6,0.3,7.4,0.2,7.7,0.3,7.0,0.3,7.3,0.2,7.4,0.4,7.3,0.3,7.4,0.2,8.0,0.3,6.8,0.3,8.6,0.3,9.1,0.4,8.1,0.3,8.4,0.2,8.4,0.3,8.5,0.3,7.6,0.2,7.9,0.2,7.3,0.2,6.3,0.2,6.5,0.3,6.0,0.2,7.0,0.2,7.2,0.3,6.8,0.3,6.6,0.2,6.5,0.2,6.6,0.2,5.7,0.2,5.6,0.2,5.9,0.2,4.8,0.2,4.6,0.2,5.0,0.2,3.9,0.1,3.7,0.2,4.1,0.2,2.7,0.1,2.5,0.2,2.9,0.1,2.5,0.1,2.2,0.1,2.8,0.2,2.1,0.1,1.8,0.1,2.3,0.1,1.7,0.1,1.1,0.1,2.2,0.2,1.4,0.1,0.8,0.1,1.9,0.2,14.7,0.2,15.1,0.4,14.3,0.3,4.2,0.1,4.4,0.2,4.0,0.2,11.8,0.3,12.7,0.4,10.9,0.3,45.3,0.4,47.2,0.5,43.5,0.5,75.2,0.3,74.5,0.4,75.8,0.4,72.4,0.3,71.6,0.4,73.2,0.4,14.2,0.3,12.1,0.3,16.2,0.4,12.5,0.3,10.6,0.3,14.4,0.4,10.3,0.2,8.5,0.2,12.1,0.4,5.1,0.2,3.8,0.2,6.4,0.4,31.4,0.4,30.3,0.3,32.4,0.4,96.4,1.2,(X),(X),(X),(X),61.1,0.8,(X),(X),(X),(X),16.6,0.4,(X),(X),(X),(X),44.5,0.7,(X),(X),(X),(X),0.2,(X),(X),(X),(X),(X),1.0,(X),(X),(X),(X),(X)
5001100US4821,4821,"Congressional District 21 (111th Congress), Texas",798503,4618,390721,3108,407782,3452,7.1,0.2,7.3,0.3,6.9,0.2,6.6,0.2,7.0,0.3,6.2,0.2,7.2,0.2,7.6,0.2,6.9,0.3,7.3,0.2,7.5,0.2,7.1,0.3,6.8,0.2,7.1,0.3,6.5,0.2,6.7,0.2,6.9,0.3,6.5,0.3,6.5,0.2,6.5,0.3,6.6,0.3,7.0,0.2,7.1,0.3,6.9,0.3,7.1,0.2,7.1,0.3,7.1,0.3,7.4,0.2,7.5,0.2,7.4,0.2,7.1,0.2,6.9,0.2,7.2,0.2,6.3,0.2,6.0,0.2,6.6,0.2,4.9,0.2,4.9,0.2,4.8,0.2,3.6,0.1,3.4,0.1,3.8,0.2,2.8,0.1,2.7,0.1,2.9,0.1,2.4,0.1,2.1,0.1,2.6,0.2,1.6,0.1,1.3,0.1,2.0,0.1,1.6,0.1,1.1,0.1,2.0,0.2,13.9,0.2,14.6,0.3,13.1,0.3,4.1,0.1,4.2,0.2,4.0,0.2,10.0,0.3,10.4,0.4,9.7,0.3,41.4,0.3,42.1,0.4,40.7,0.4,77.7,0.3,76.6,0.4,78.6,0.3,75.0,0.3,73.8,0.4,76.0,0.3,16.9,0.2,15.6,0.3,18.1,0.3,14.8,0.2,13.5,0.2,16.0,0.3,12.0,0.2,10.7,0.2,13.3,0.3,5.6,0.2,4.5,0.1,6.6,0.3,36.2,0.3,35.1,0.3,37.4,0.4,95.8,1.1,(X),(X),(X),(X),58.8,0.8,(X),(X),(X),(X),19.1,0.4,(X),(X),(X),(X),39.8,0.6,(X),(X),(X),(X),0.2,(X),(X),(X),(X),(X),0.7,(X),(X),(X),(X),(X)
5001100US4822,4822,"Congressional District 22 (111th Congress), Texas",847023,4747,420934,3636,426089,3512,7.8,0.2,7.9,0.3,7.7,0.2,7.9,0.2,8.1,0.4,7.8,0.3,8.0,0.2,8.4,0.3,7.6,0.2,7.4,0.2,7.7,0.2,7.2,0.3,6.4,0.2,6.5,0.3,6.2,0.2,6.5,0.2,6.4,0.3,6.5,0.2,7.2,0.2,7.2,0.2,7.1,0.3,7.8,0.2,7.8,0.3,7.8,0.3,8.0,0.2,8.1,0.3,8.0,0.3,8.1,0.2,7.9,0.3,8.3,0.2,7.2,0.2,7.2,0.2,7.1,0.2,5.8,0.2,5.7,0.2,5.9,0.2,4.1,0.2,4.2,0.2,4.1,0.2,2.7,0.1,2.5,0.2,2.8,0.1,1.9,0.1,1.8,0.1,2.0,0.1,1.5,0.1,1.3,0.1,1.7,0.1,1.0,0.1,0.8,0.1,1.3,0.1,0.8,0.1,0.5,0.1,1.0,0.1,15.9,0.3,16.5,0.4,15.4,0.3,4.8,0.1,5.0,0.2,4.6,0.2,9.0,0.2,9.2,0.3,8.8,0.2,43.2,0.3,43.7,0.4,42.8,0.4,74.7,0.3,74.0,0.4,75.4,0.4,71.5,0.2,70.6,0.4,72.4,0.3,12.0,0.2,11.1,0.3,12.8,0.2,10.1,0.2,9.2,0.3,11.1,0.2,7.8,0.1,6.9,0.2,8.7,0.2,3.3,0.1,2.6,0.1,4.0,0.2,34.2,0.3,33.4,0.5,35.0,0.3,98.8,1.2,(X),(X),(X),(X),57.2,0.6,(X),(X),(X),(X),12.3,0.2,(X),(X),(X),(X),44.9,0.5,(X),(X),(X),(X),0.2,(X),(X),(X),(X),(X),0.8,(X),(X),(X),(X),(X)
5001100US4823,4823,"Congressional District 23 (111th Congress), Texas",754470,5412,374055,3544,380415,2925,8.5,0.2,9.0,0.3,8.1,0.2,8.1,0.2,8.3,0.3,8.0,0.3,8.4,0.2,8.9,0.4,8.0,0.3,8.2,0.1,8.5,0.2,7.8,0.3,7.0,0.2,7.2,0.3,6.8,0.2,6.7,0.2,6.9,0.3,6.5,0.2,6.3,0.2,6.1,0.3,6.4,0.2,6.8,0.2,6.5,0.3,7.0,0.3,7.1,0.2,7.1,0.3,7.2,0.3,6.9,0.2,6.9,0.2,6.9,0.2,6.0,0.2,6.1,0.2,6.0,0.2,5.3,0.2,5.1,0.2,5.4,0.2,4.2,0.1,4.0,0.2,4.4,0.2,3.2,0.1,3.0,0.2,3.4,0.2,2.5,0.1,2.3,0.1,2.6,0.1,2.1,0.1,1.9,0.1,2.2,0.1,1.5,0.1,1.2,0.1,1.7,0.1,1.3,0.1,0.9,0.1,1.7,0.2,16.6,0.2,17.1,0.4,16.0,0.3,5.1,0.1,5.3,0.2,4.8,0.2,10.1,0.2,10.4,0.3,9.8,0.3,42.0,0.2,42.4,0.4,41.7,0.4,73.2,0.3,72.1,0.4,74.3,0.4,69.8,0.3,68.6,0.4,71.1,0.4,14.7,0.2,13.4,0.3,16.0,0.3,12.9,0.2,11.6,0.2,14.1,0.3,10.5,0.2,9.3,0.2,11.6,0.3,4.8,0.1,4.0,0.1,5.6,0.2,32.5,0.3,31.1,0.4,33.7,0.4,98.3,0.9,(X),(X),(X),(X),68.5,0.8,(X),(X),(X),(X),17.7,0.3,(X),(X),(X),(X),50.8,0.7,(X),(X),(X),(X),0.1,(X),(X),(X),(X),(X),0.8,(X),(X),(X),(X),(X)
5001100US4824,4824,"Congressional District 24 (111th Congress), Texas",763447,3392,377039,3021,386408,2723,8.0,0.2,8.1,0.3,7.8,0.3,7.4,0.2,7.7,0.3,7.1,0.3,7.7,0.2,7.8,0.3,7.5,0.3,7.2,0.3,7.1,0.4,7.3,0.3,6.3,0.2,6.5,0.3,6.2,0.2,8.7,0.2,8.8,0.3,8.6,0.3,7.8,0.2,8.1,0.3,7.6,0.3,8.1,0.2,8.1,0.3,8.1,0.3,8.1,0.2,8.0,0.3,8.1,0.3,8.2,0.2,8.3,0.3,8.1,0.3,6.8,0.2,6.8,0.2,6.7,0.2,5.2,0.2,5.0,0.2,5.3,0.2,3.6,0.1,3.5,0.2,3.7,0.2,2.4,0.1,2.4,0.1,2.5,0.1,1.7,0.1,1.6,0.1,1.8,0.1,1.3,0.1,1.1,0.1,1.4,0.1,0.9,0.1,0.6,0.1,1.1,0.1,0.7,0.1,0.5,0.1,1.0,0.1,15.1,0.2,15.5,0.4,14.7,0.4,4.6,0.2,4.6,0.3,4.7,0.2,9.0,0.3,9.1,0.4,8.9,0.3,46.3,0.3,46.6,0.5,45.9,0.5,75.4,0.3,75.0,0.4,75.9,0.4,72.4,0.3,71.8,0.4,72.9,0.4,10.6,0.2,9.7,0.2,11.5,0.3,9.0,0.2,8.2,0.2,9.8,0.3,7.0,0.2,6.2,0.2,7.8,0.2,2.8,0.1,2.1,0.1,3.5,0.2,33.0,0.2,32.5,0.3,33.6,0.3,97.6,1.2,(X),(X),(X),(X),52.9,0.7,(X),(X),(X),(X),10.7,0.2,(X),(X),(X),(X),42.3,0.6,(X),(X),(X),(X),0.2,(X),(X),(X),(X),(X),1.0,(X),(X),(X),(X),(X)
5001100US4825,4825,"Congressional District 25 (111th Congress), Texas",762576,3917,389801,2588,372775,2614,7.9,0.2,8.0,0.2,7.7,0.2,6.7,0.2,6.7,0.2,6.7,0.3,6.3,0.2,6.4,0.2,6.2,0.2,6.7,0.2,6.7,0.2,6.6,0.2,9.3,0.2,9.4,0.3,9.3,0.2,10.3,0.2,10.6,0.3,9.9,0.3,8.5,0.2,9.0,0.3,8.0,0.2,7.4,0.2,7.7,0.3,7.0,0.2,6.7,0.2,7.0,0.3,6.5,0.3,6.9,0.1,7.0,0.2,6.7,0.2,6.0,0.1,5.8,0.2,6.2,0.2,5.0,0.1,5.0,0.2,5.0,0.2,3.7,0.1,3.5,0.2,3.9,0.2,2.6,0.1,2.4,0.1,2.8,0.1,2.0,0.1,1.7,0.1,2.3,0.1,1.6,0.1,1.4,0.1,1.8,0.1,1.2,0.1,0.9,0.1,1.6,0.1,1.2,0.1,0.7,0.1,1.8,0.1,13.0,0.1,13.1,0.2,12.9,0.2,3.7,0.1,3.9,0.1,3.6,0.1,12.3,0.2,12.2,0.3,12.4,0.3,48.9,0.2,50.4,0.4,47.4,0.3,77.9,0.2,77.6,0.4,78.2,0.3,75.4,0.2,75.0,0.3,75.8,0.3,12.4,0.2,10.7,0.2,14.1,0.3,10.8,0.2,9.1,0.2,12.4,0.3,8.7,0.1,7.2,0.1,10.2,0.2,4.1,0.1,3.0,0.1,5.2,0.2,31.5,0.2,31.0,0.2,32.1,0.3,104.6,0.9,(X),(X),(X),(X),49.9,0.5,(X),(X),(X),(X),13.0,0.2,(X),(X),(X),(X),36.9,0.4,(X),(X),(X),(X),0.2,(X),(X),(X),(X),(X),1.1,(X),(X),(X),(X),(X)
5001100US4826,4826,"Congressional District 26 (111th Congress), Texas",849314,3829,422209,2757,427105,2417,8.5,0.2,8.9,0.2,8.2,0.3,8.2,0.2,8.3,0.2,8.1,0.3,7.6,0.2,7.9,0.3,7.3,0.3,7.0,0.1,7.1,0.2,6.9,0.2,6.7,0.2,6.8,0.2,6.7,0.2,7.7,0.2,7.7,0.2,7.7,0.2,7.9,0.2,7.9,0.2,7.8,0.2,8.0,0.2,8.2,0.3,7.7,0.2,7.9,0.2,8.1,0.3,7.8,0.2,7.5,0.2,7.5,0.2,7.5,0.2,6.2,0.1,6.3,0.2,6.1,0.2,5.0,0.1,4.9,0.2,5.1,0.2,3.8,0.1,3.7,0.2,3.9,0.2,2.6,0.1,2.4,0.1,2.8,0.1,1.9,0.1,1.8,0.1,1.9,0.1,1.5,0.1,1.3,0.1,1.7,0.1,1.1,0.1,0.8,0.1,1.5,0.1,0.9,0.1,0.6,0.1,1.3,0.1,15.7,0.2,16.1,0.3,15.4,0.3,4.3,0.1,4.4,0.1,4.2,0.1,9.5,0.2,9.5,0.2,9.4,0.2,45.2,0.2,45.8,0.4,44.6,0.3,74.3,0.3,73.5,0.3,75.0,0.4,71.4,0.3,70.6,0.3,72.3,0.4,11.8,0.2,10.4,0.2,13.1,0.2,10.0,0.1,8.8,0.2,11.3,0.2,8.0,0.1,6.8,0.1,9.2,0.2,3.5,0.1,2.6,0.1,4.4,0.2,32.8,0.2,32.1,0.3,33.4,0.2,98.9,0.8,(X),(X),(X),(X),57.6,0.6,(X),(X),(X),(X),12.6,0.2,(X),(X),(X),(X),45.0,0.6,(X),(X),(X),(X),0.2,(X),(X),(X),(X),(X),1.6,(X),(X),(X),(X),(X)
5001100US4827,4827,"Congressional District 27 (111th Congress), Texas",700777,1610,342207,1415,358570,1180,9.4,0.1,9.9,0.1,9.0,0.2,8.2,0.2,8.5,0.2,7.9,0.3,8.4,0.2,8.8,0.3,8.0,0.3,8.0,0.1,8.5,0.2,7.6,0.1,7.6,0.1,8.0,0.2,7.3,0.1,6.7,0.1,6.8,0.1,6.7,0.1,6.2,0.1,6.2,0.1,6.2,0.1,6.5,0.2,6.4,0.2,6.6,0.2,6.2,0.2,6.2,0.2,6.3,0.2,6.5,0.1,6.4,0.1,6.7,0.1,6.0,0.1,6.0,0.1,6.1,0.1,5.0,0.1,4.9,0.2,5.0,0.2,4.4,0.1,4.2,0.2,4.6,0.2,3.0,0.1,2.9,0.1,3.2,0.1,2.5,0.1,2.2,0.1,2.9,0.1,2.2,0.1,1.8,0.1,2.6,0.1,1.7,0.1,1.4,0.1,1.9,0.1,1.2,0.1,0.9,0.1,1.5,0.1,16.6,0.1,17.3,0.2,15.8,0.2,4.9,0.1,5.2,0.1,4.6,0.1,10.8,0.1,11.3,0.2,10.3,0.1,41.3,0.1,42.0,0.2,40.7,0.2,72.3,0.2,71.0,0.3,73.6,0.2,69.1,0.1,67.6,0.2,70.6,0.2,15.1,0.2,13.5,0.2,16.7,0.2,13.2,0.2,11.7,0.2,14.7,0.2,10.7,0.1,9.3,0.1,12.1,0.1,5.1,0.1,4.1,0.1,6.0,0.1,31.3,0.2,29.6,0.2,32.8,0.3,95.4,0.6,(X),(X),(X),(X),71.2,0.4,(X),(X),(X),(X),18.3,0.2,(X),(X),(X),(X),52.9,0.3,(X),(X),(X),(X),0.1,(X),(X),(X),(X),(X),0.8,(X),(X),(X),(X),(X)
5001100US4828,4828,"Congressional District 28 (111th Congress), Texas",776288,3224,378549,2212,397739,2064,10.8,0.2,11.3,0.2,10.4,0.2,9.0,0.2,9.5,0.3,8.6,0.3,8.9,0.2,9.4,0.3,8.5,0.3,8.2,0.1,8.4,0.2,8.1,0.2,7.1,0.2,7.2,0.2,6.9,0.2,6.7,0.1,6.8,0.2,6.5,0.2,6.6,0.1,6.5,0.2,6.6,0.2,6.4,0.2,6.3,0.2,6.4,0.2,6.6,0.2,6.5,0.2,6.7,0.2,6.2,0.1,6.0,0.1,6.4,0.1,5.3,0.1,5.3,0.1,5.3,0.1,4.5,0.1,4.4,0.2,4.6,0.2,3.8,0.1,3.7,0.2,3.9,0.2,2.9,0.1,2.8,0.1,3.0,0.1,2.3,0.1,2.1,0.1,2.5,0.1,2.0,0.1,1.8,0.1,2.2,0.1,1.5,0.1,1.3,0.1,1.6,0.1,1.1,0.1,0.7,0.1,1.5,0.1,18.0,0.2,18.9,0.3,17.1,0.2,5.2,0.1,5.3,0.1,5.1,0.1,10.1,0.2,10.3,0.2,9.8,0.2,41.5,0.2,41.8,0.3,41.3,0.3,69.4,0.2,68.0,0.4,70.7,0.3,66.0,0.2,64.5,0.3,67.4,0.2,13.7,0.2,12.4,0.3,14.8,0.3,11.9,0.2,10.7,0.2,13.0,0.2,9.8,0.1,8.7,0.2,10.9,0.2,4.6,0.1,3.8,0.1,5.3,0.1,29.4,0.2,28.1,0.3,30.7,0.3,95.2,0.7,(X),(X),(X),(X),78.1,0.5,(X),(X),(X),(X),17.5,0.3,(X),(X),(X),(X),60.6,0.5,(X),(X),(X),(X),0.1,(X),(X),(X),(X),(X),0.7,(X),(X),(X),(X),(X)
5001100US4829,4829,"Congressional District 29 (111th Congress), Texas",670828,6465,343458,3978,327370,3796,10.4,0.3,10.5,0.4,10.3,0.4,9.1,0.3,9.1,0.4,9.0,0.4,8.7,0.2,8.6,0.3,8.8,0.3,8.0,0.2,7.8,0.4,8.2,0.3,8.0,0.3,8.2,0.4,7.9,0.3,8.4,0.3,8.9,0.4,7.9,0.4,7.9,0.2,8.2,0.3,7.5,0.3,6.9,0.2,7.1,0.3,6.7,0.3,6.7,0.2,6.6,0.3,6.7,0.3,6.3,0.2,6.4,0.2,6.2,0.3,5.3,0.2,5.4,0.3,5.3,0.2,4.2,0.2,4.3,0.2,4.0,0.2,3.2,0.2,3.0,0.2,3.4,0.2,2.1,0.1,2.0,0.2,2.2,0.2,1.6,0.1,1.5,0.1,1.8,0.2,1.5,0.1,1.3,0.1,1.7,0.1,0.9,0.1,0.7,0.1,1.2,0.1,0.7,0.1,0.4,0.1,1.1,0.1,17.7,0.3,17.7,0.5,17.8,0.4,4.8,0.2,4.7,0.3,5.0,0.3,11.2,0.3,11.3,0.4,11.1,0.3,45.9,0.4,46.8,0.5,44.9,0.4,70.2,0.4,70.3,0.6,70.1,0.5,67.0,0.4,67.1,0.6,66.9,0.4,10.1,0.3,8.8,0.3,11.4,0.4,8.7,0.3,7.6,0.3,9.9,0.3,6.9,0.2,5.9,0.2,8.0,0.3,3.2,0.1,2.4,0.1,4.0,0.2,28.4,0.3,28.2,0.4,28.6,0.3,104.9,1.3,(X),(X),(X),(X),66.4,1.0,(X),(X),(X),(X),11.5,0.4,(X),(X),(X),(X),54.9,0.9,(X),(X),(X),(X),0.1,(X),(X),(X),(X),(X),2.0,(X),(X),(X),(X),(X)
5001100US4830,4830,"Congressional District 30 (111th Congress), Texas",711107,5824,363488,3946,347619,3686,9.2,0.3,9.5,0.4,8.9,0.3,7.8,0.3,7.8,0.3,7.7,0.4,7.2,0.2,7.1,0.3,7.2,0.3,6.9,0.2,7.1,0.3,6.7,0.3,8.1,0.2,8.4,0.3,7.7,0.3,9.8,0.3,10.3,0.3,9.2,0.3,8.4,0.2,8.7,0.4,8.2,0.3,7.6,0.2,7.8,0.3,7.3,0.3,7.1,0.2,7.5,0.3,6.6,0.3,6.5,0.2,6.5,0.2,6.4,0.2,5.7,0.2,5.4,0.2,5.9,0.2,4.6,0.2,4.5,0.2,4.7,0.2,3.5,0.2,3.1,0.2,3.9,0.2,2.4,0.1,2.1,0.1,2.7,0.2,1.9,0.1,1.6,0.1,2.2,0.1,1.4,0.1,1.2,0.1,1.7,0.1,1.1,0.1,0.7,0.1,1.5,0.1,1.0,0.1,0.6,0.1,1.4,0.2,14.9,0.3,14.9,0.4,14.9,0.4,4.2,0.2,4.4,0.2,4.1,0.2,10.8,0.3,11.2,0.4,10.4,0.3,47.9,0.3,49.9,0.4,45.8,0.5,74.4,0.4,74.1,0.5,74.8,0.5,71.6,0.4,71.2,0.5,72.1,0.5,11.3,0.2,9.3,0.3,13.4,0.3,9.7,0.2,7.8,0.2,11.6,0.3,7.8,0.2,6.1,0.2,9.5,0.3,3.5,0.1,2.5,0.1,4.6,0.2,30.6,0.2,29.9,0.3,31.5,0.3,104.6,1.5,(X),(X),(X),(X),56.6,0.8,(X),(X),(X),(X),12.2,0.3,(X),(X),(X),(X),44.4,0.8,(X),(X),(X),(X),0.2,(X),(X),(X),(X),(X),1.3,(X),(X),(X),(X),(X)
5001100US4831,4831,"Congressional District 31 (111th Congress), Texas",811318,638,403174,600,408144,537,8.5,0.1,8.8,0.1,8.2,0.1,7.9,0.2,8.1,0.3,7.7,0.2,7.3,0.2,7.6,0.3,6.9,0.2,7.4,0.1,7.9,0.2,6.9,0.1,8.7,0.1,9.4,0.2,8.1,0.1,7.4,0.1,7.3,0.1,7.5,0.1,7.1,0.1,7.2,0.1,7.0,0.1,7.8,0.2,7.5,0.2,8.1,0.2,7.2,0.2,7.5,0.2,7.0,0.2,6.8,0.1,6.7,0.1,7.0,0.1,5.8,0.1,5.6,0.1,5.9,0.1,4.8,0.1,4.8,0.1,4.8,0.2,3.8,0.1,3.6,0.1,4.0,0.2,2.9,0.1,2.7,0.1,3.1,0.1,2.2,0.1,2.0,0.1,2.4,0.1,1.8,0.1,1.5,0.1,2.1,0.1,1.2,0.1,1.0,0.1,1.5,0.1,1.2,0.1,0.8,0.1,1.7,0.1,15.1,0.1,15.7,0.1,14.6,0.1,4.3,0.1,4.5,0.1,4.2,0.1,11.8,0.1,12.8,0.2,10.9,0.1,45.7,0.1,46.8,0.1,44.7,0.1,74.9,0.1,74.0,0.1,75.7,0.1,72.0,0.1,71.0,0.1,73.0,0.1,13.2,0.1,11.7,0.1,14.8,0.2,11.5,0.1,10.1,0.1,12.9,0.1,9.4,0.1,8.1,0.1,10.8,0.1,4.3,0.1,3.3,0.1,5.2,0.1,32.0,0.2,30.6,0.1,33.4,0.2,98.8,0.2,(X),(X),(X),(X),59.8,0.1,(X),(X),(X),(X),15.1,0.1,(X),(X),(X),(X),44.7,0.1,(X),(X),(X),(X),0.2,(X),(X),(X),(X),(X),0.5,(X),(X),(X),(X),(X)
5001100US4832,4832,"Congressional District 32 (111th Congress), Texas",677882,5036,346880,4117,331002,2782,9.2,0.2,8.8,0.3,9.5,0.4,7.1,0.2,7.1,0.3,7.1,0.3,6.4,0.2,6.5,0.3,6.3,0.3,6.1,0.2,6.1,0.3,6.0,0.3,7.5,0.2,7.7,0.4,7.2,0.3,9.7,0.3,10.6,0.4,8.7,0.4,8.9,0.3,9.4,0.4,8.3,0.3,7.4,0.2,7.9,0.3,6.9,0.3,6.9,0.2,7.4,0.3,6.4,0.3,6.7,0.2,6.8,0.2,6.6,0.2,5.7,0.1,5.7,0.2,5.7,0.2,4.7,0.2,4.4,0.2,5.0,0.2,3.9,0.2,3.7,0.2,4.1,0.2,2.7,0.1,2.4,0.2,3.0,0.2,2.2,0.1,1.9,0.1,2.4,0.2,1.8,0.1,1.4,0.1,2.2,0.2,1.6,0.1,1.2,0.1,2.1,0.2,1.6,0.1,0.9,0.1,2.3,0.2,13.6,0.3,13.7,0.4,13.5,0.4,3.8,0.2,3.8,0.2,3.8,0.2,9.7,0.3,10.1,0.4,9.4,0.4,46.4,0.3,49.1,0.5,43.6,0.5,75.9,0.3,76.1,0.5,75.7,0.5,73.5,0.3,73.7,0.5,73.2,0.5,13.8,0.3,11.5,0.3,16.1,0.4,12.0,0.3,9.9,0.3,14.2,0.4,9.9,0.2,7.9,0.2,12.0,0.3,5.0,0.2,3.5,0.2,6.6,0.3,32.2,0.3,31.5,0.4,32.9,0.4,104.8,1.5,(X),(X),(X),(X),57.3,0.8,(X),(X),(X),(X),15.5,0.4,(X),(X),(X),(X),41.7,0.7,(X),(X),(X),(X),0.2,(X),(X),(X),(X),(X),0.8,(X),(X),(X),(X),(X)
5001100US4901,4901,"Congressional District 1 (111th Congress), Utah",859310,1533,434971,1508,424339,1103,9.7,0.1,9.9,0.1,9.4,0.1,8.6,0.1,8.8,0.2,8.5,0.2,8.1,0.2,8.2,0.2,7.9,0.2,7.8,0.1,7.8,0.1,7.8,0.1,8.8,0.1,8.9,0.1,8.8,0.1,8.6,0.1,8.7,0.1,8.5,0.1,7.3,0.1,7.4,0.1,7.3,0.1,6.4,0.1,6.4,0.2,6.4,0.2,6.0,0.1,6.2,0.2,5.8,0.2,6.3,0.1,6.3,0.1,6.2,0.1,5.6,0.1,5.6,0.1,5.6,0.1,4.6,0.1,4.5,0.1,4.7,0.1,3.5,0.1,3.5,0.1,3.5,0.1,2.6,0.1,2.5,0.1,2.7,0.1,2.1,0.1,1.9,0.1,2.2,0.1,1.8,0.1,1.6,0.1,2.0,0.1,1.2,0.1,1.1,0.1,1.4,0.1,1.1,0.1,0.8,0.1,1.5,0.1,16.7,0.1,17.0,0.1,16.3,0.1,4.7,0.1,4.8,0.1,4.6,0.1,11.9,0.1,11.9,0.1,11.9,0.2,44.9,0.1,45.4,0.2,44.4,0.2,72.1,0.1,71.4,0.2,72.8,0.2,68.9,0.1,68.2,0.2,69.6,0.1,12.3,0.1,11.3,0.2,13.3,0.2,10.8,0.1,9.8,0.2,11.8,0.1,8.8,0.1,7.8,0.1,9.8,0.1,4.1,0.1,3.4,0.1,4.9,0.1,29.1,0.2,28.6,0.1,29.5,0.1,102.5,0.5,(X),(X),(X),(X),66.3,0.3,(X),(X),(X),(X),14.6,0.1,(X),(X),(X),(X),51.7,0.2,(X),(X),(X),(X),0.2,(X),(X),(X),(X),(X),0.9,(X),(X),(X),(X),(X)
5001100US4902,4902,"Congressional District 2 (111th Congress), Utah",860581,2240,431254,1962,429327,2132,8.9,0.2,9.1,0.3,8.7,0.2,7.9,0.2,8.0,0.3,7.8,0.2,7.5,0.2,7.9,0.3,7.1,0.2,7.2,0.1,7.4,0.2,7.1,0.2,7.8,0.1,7.9,0.2,7.7,0.2,8.7,0.1,8.8,0.2,8.5,0.2,7.2,0.1,7.4,0.2,7.0,0.2,6.3,0.1,6.3,0.2,6.2,0.2,5.8,0.2,5.9,0.2,5.6,0.2,6.2,0.1,6.2,0.1,6.2,0.1,6.0,0.1,5.9,0.1,6.1,0.1,5.2,0.1,5.0,0.2,5.4,0.2,4.1,0.1,4.1,0.1,4.2,0.2,3.2,0.1,3.0,0.1,3.3,0.1,2.7,0.1,2.4,0.1,2.9,0.1,2.3,0.1,2.0,0.1,2.5,0.1,1.7,0.1,1.5,0.1,1.8,0.1,1.5,0.1,1.1,0.1,2.0,0.1,15.4,0.2,15.9,0.2,14.8,0.2,4.5,0.1,4.8,0.1,4.3,0.1,10.5,0.2,10.5,0.3,10.5,0.2,42.9,0.2,43.8,0.3,42.1,0.2,74.2,0.2,73.3,0.3,75.1,0.3,71.2,0.2,70.2,0.3,72.2,0.3,15.4,0.2,14.1,0.2,16.8,0.2,13.6,0.1,12.4,0.2,14.8,0.2,11.3,0.1,10.0,0.1,12.6,0.1,5.5,0.1,4.6,0.1,6.3,0.1,31.2,0.2,30.5,0.2,32.0,0.3,100.4,0.8,(X),(X),(X),(X),66.9,0.5,(X),(X),(X),(X),18.9,0.2,(X),(X),(X),(X),48.1,0.4,(X),(X),(X),(X),0.2,(X),(X),(X),(X),(X),1.2,(X),(X),(X),(X),(X)
5001100US4903,4903,"Congressional District 3 (111th Congress), Utah",931925,1696,467586,1877,464339,1888,10.7,0.1,10.9,0.2,10.5,0.2,9.5,0.2,9.5,0.2,9.4,0.2,8.3,0.2,8.6,0.2,8.0,0.2,9.2,0.1,8.9,0.2,9.4,0.2,11.6,0.1,12.0,0.2,11.1,0.2,8.2,0.1,8.2,0.2,8.1,0.2,7.0,0.1,6.9,0.1,7.1,0.1,6.3,0.1,6.4,0.2,6.1,0.2,5.6,0.1,5.7,0.2,5.4,0.2,5.4,0.1,5.4,0.1,5.5,0.1,4.8,0.1,4.8,0.1,4.8,0.1,4.0,0.1,3.9,0.1,4.0,0.1,2.9,0.1,2.7,0.1,3.1,0.1,2.2,0.1,2.1,0.1,2.3,0.1,1.6,0.1,1.4,0.1,1.7,0.1,1.3,0.1,1.1,0.1,1.4,0.1,0.9,0.1,0.8,0.1,1.0,0.1,0.7,0.1,0.5,0.1,0.9,0.1,17.8,0.2,18.1,0.2,17.4,0.2,4.9,0.1,4.8,0.1,4.9,0.1,15.9,0.1,16.1,0.2,15.6,0.2,47.8,0.2,48.2,0.3,47.3,0.2,69.9,0.2,69.3,0.3,70.4,0.2,66.7,0.2,66.1,0.3,67.2,0.2,9.6,0.1,8.6,0.2,10.5,0.2,8.3,0.1,7.5,0.1,9.1,0.1,6.6,0.1,5.9,0.1,7.4,0.1,2.9,0.1,2.4,0.1,3.4,0.1,25.4,0.1,25.0,0.1,25.8,0.2,100.7,0.7,(X),(X),(X),(X),66.6,0.5,(X),(X),(X),(X),11.0,0.1,(X),(X),(X),(X),55.5,0.4,(X),(X),(X),(X),0.2,(X),(X),(X),(X),(X),1.2,(X),(X),(X),(X),(X)
5001100US5000,5000,"Congressional District (at Large) (111th Congress), Vermont",620414,*****,305039,361,315375,361,5.2,0.1,5.5,0.1,5.0,0.1,5.4,0.1,5.7,0.2,5.2,0.2,6.2,0.1,6.5,0.2,5.9,0.2,7.7,0.1,8.0,0.1,7.4,0.1,7.5,0.1,7.9,0.1,7.2,0.1,5.5,0.1,5.7,0.1,5.3,0.1,5.4,0.1,5.4,0.1,5.3,0.1,6.2,0.1,6.2,0.2,6.2,0.2,7.6,0.1,7.5,0.2,7.7,0.2,8.3,0.1,8.3,0.1,8.3,0.1,8.2,0.1,8.2,0.1,8.2,0.1,7.3,0.1,7.5,0.2,7.1,0.2,5.7,0.1,5.6,0.2,5.8,0.2,4.1,0.1,4.1,0.1,4.1,0.1,3.1,0.1,2.9,0.1,3.4,0.1,2.7,0.1,2.3,0.1,3.1,0.1,2.2,0.1,1.7,0.1,2.6,0.1,1.7,0.1,1.1,0.1,2.3,0.1,11.6,0.1,12.1,0.1,11.1,0.1,4.3,0.1,4.4,0.1,4.1,0.1,11.0,0.1,11.4,0.1,10.6,0.1,39.9,0.1,40.7,0.1,39.1,0.1,81.8,0.1,80.9,0.1,82.6,0.1,78.9,0.1,77.9,0.1,79.8,0.1,19.4,0.1,17.6,0.2,21.2,0.2,17.0,0.1,15.1,0.2,18.8,0.2,13.8,0.1,12.1,0.1,15.4,0.1,6.6,0.1,5.1,0.1,8.0,0.1,40.6,0.1,39.3,0.2,41.7,0.2,96.7,0.2,(X),(X),(X),(X),53.6,0.1,(X),(X),(X),(X),21.2,0.1,(X),(X),(X),(X),32.4,0.1,(X),(X),(X),(X),0.2,(X),(X),(X),(X),(X),0.8,(X),(X),(X),(X),(X)
5001100US5101,5101,"Congressional District 1 (111th Congress), Virginia",758217,2914,371518,2361,386699,1882,6.5,0.1,6.8,0.2,6.2,0.1,7.0,0.2,7.4,0.3,6.6,0.2,7.3,0.2,7.4,0.3,7.2,0.2,7.8,0.2,8.1,0.2,7.5,0.3,7.1,0.2,7.5,0.3,6.7,0.2,6.2,0.1,6.3,0.2,6.1,0.2,5.7,0.1,5.8,0.2,5.7,0.2,6.7,0.2,6.5,0.3,6.8,0.2,8.2,0.2,8.3,0.3,8.1,0.2,7.9,0.1,7.9,0.2,8.0,0.1,6.8,0.1,6.9,0.2,6.8,0.1,5.8,0.1,6.0,0.2,5.7,0.2,5.0,0.1,4.8,0.2,5.3,0.2,3.8,0.1,3.7,0.1,3.9,0.1,2.9,0.1,2.6,0.1,3.1,0.1,2.4,0.1,2.1,0.1,2.7,0.1,1.5,0.1,1.2,0.1,1.7,0.1,1.4,0.1,0.8,0.1,1.9,0.2,14.3,0.1,14.8,0.2,13.8,0.2,4.5,0.1,4.7,0.1,4.3,0.1,10.4,0.3,11.0,0.3,9.9,0.4,41.7,0.2,42.6,0.3,40.9,0.3,77.7,0.2,76.9,0.2,78.6,0.3,74.8,0.1,73.8,0.2,75.7,0.3,16.9,0.2,15.1,0.2,18.6,0.2,14.6,0.1,13.0,0.2,16.1,0.2,11.9,0.1,10.4,0.1,13.3,0.1,5.2,0.1,4.1,0.1,6.3,0.1,36.9,0.2,35.6,0.3,38.0,0.3,96.1,0.8,(X),(X),(X),(X),59.1,0.4,(X),(X),(X),(X),18.9,0.2,(X),(X),(X),(X),40.1,0.3,(X),(X),(X),(X),0.2,(X),(X),(X),(X),(X),0.7,(X),(X),(X),(X),(X)
5001100US5102,5102,"Congressional District 2 (111th Congress), Virginia",649302,2984,324643,2185,324659,1755,7.1,0.1,7.3,0.1,6.9,0.1,6.3,0.2,6.4,0.2,6.2,0.3,6.8,0.2,7.0,0.3,6.7,0.2,7.3,0.1,7.8,0.2,6.8,0.1,9.3,0.2,10.6,0.3,8.1,0.2,8.2,0.1,8.4,0.2,7.9,0.2,7.0,0.1,7.2,0.2,6.7,0.1,6.9,0.2,7.1,0.3,6.6,0.2,7.2,0.2,7.1,0.3,7.3,0.2,7.2,0.1,6.9,0.1,7.6,0.1,6.5,0.1,6.1,0.1,6.8,0.1,5.4,0.1,5.2,0.2,5.7,0.2,4.3,0.1,4.0,0.2,4.6,0.2,3.2,0.1,2.9,0.1,3.4,0.1,2.5,0.1,2.2,0.1,2.9,0.1,2.2,0.1,1.9,0.1,2.5,0.1,1.4,0.1,1.1,0.1,1.7,0.1,1.2,0.1,0.7,0.1,1.7,0.1,13.1,0.1,13.4,0.2,12.8,0.1,4.1,0.1,4.2,0.1,4.0,0.1,12.5,0.2,14.2,0.4,10.8,0.2,45.8,0.2,48.3,0.4,43.3,0.2,78.4,0.2,77.7,0.3,79.1,0.2,75.6,0.2,75.1,0.2,76.2,0.2,14.8,0.2,12.8,0.2,16.8,0.2,12.9,0.1,11.1,0.2,14.7,0.2,10.5,0.1,8.8,0.1,12.2,0.1,4.8,0.1,3.7,0.1,5.9,0.1,33.5,0.2,31.5,0.2,35.6,0.2,100.0,0.8,(X),(X),(X),(X),53.6,0.4,(X),(X),(X),(X),16.1,0.2,(X),(X),(X),(X),37.4,0.3,(X),(X),(X),(X),0.2,(X),(X),(X),(X),(X),0.8,(X),(X),(X),(X),(X)
5001100US5103,5103,"Congressional District 3 (111th Congress), Virginia",666353,4280,317347,2663,349006,2712,7.4,0.1,7.8,0.2,7.0,0.2,6.4,0.2,7.1,0.2,5.8,0.2,6.3,0.2,6.5,0.3,6.1,0.2,7.9,0.3,8.4,0.3,7.5,0.4,9.2,0.3,9.9,0.4,8.6,0.3,8.6,0.2,8.4,0.3,8.7,0.3,6.6,0.2,6.8,0.2,6.5,0.2,6.3,0.2,6.3,0.3,6.3,0.3,6.8,0.2,7.0,0.3,6.6,0.2,7.0,0.1,7.0,0.2,7.0,0.2,6.6,0.1,6.5,0.2,6.6,0.2,5.4,0.1,5.3,0.2,5.6,0.2,4.0,0.1,3.8,0.2,4.3,0.2,3.3,0.1,3.1,0.1,3.4,0.2,2.6,0.1,2.2,0.1,3.0,0.2,2.3,0.1,1.9,0.1,2.6,0.2,1.8,0.1,1.2,0.1,2.3,0.2,1.5,0.1,0.8,0.1,2.1,0.1,12.7,0.2,13.5,0.2,11.9,0.2,4.1,0.1,4.4,0.1,3.8,0.1,13.0,0.4,13.9,0.5,12.3,0.4,45.4,0.3,46.8,0.4,44.2,0.4,78.6,0.2,77.1,0.3,79.9,0.3,75.8,0.2,74.2,0.3,77.3,0.3,15.5,0.2,13.0,0.3,17.7,0.3,13.7,0.2,11.3,0.2,15.8,0.3,11.4,0.2,9.2,0.2,13.4,0.2,5.6,0.1,3.9,0.1,7.0,0.2,33.2,0.3,31.3,0.4,34.9,0.3,90.9,0.9,(X),(X),(X),(X),55.3,0.6,(X),(X),(X),(X),17.8,0.3,(X),(X),(X),(X),37.5,0.5,(X),(X),(X),(X),0.2,(X),(X),(X),(X),(X),1.1,(X),(X),(X),(X),(X)
5001100US5104,5104,"Congressional District 4 (111th Congress), Virginia",721955,1851,357463,1361,364492,1274,6.6,0.1,6.7,0.1,6.4,0.1,6.7,0.2,6.9,0.2,6.6,0.2,7.3,0.2,7.5,0.2,7.1,0.2,7.7,0.1,8.2,0.2,7.3,0.2,6.5,0.1,6.9,0.2,6.0,0.2,6.0,0.1,6.5,0.2,5.6,0.1,6.2,0.1,6.5,0.2,5.9,0.1,7.3,0.2,7.4,0.2,7.2,0.2,8.4,0.2,8.4,0.3,8.4,0.2,8.3,0.1,8.3,0.1,8.4,0.1,7.3,0.1,7.1,0.1,7.5,0.1,6.1,0.1,5.9,0.2,6.2,0.2,4.8,0.1,4.6,0.2,4.9,0.2,3.5,0.1,3.2,0.1,3.8,0.1,2.6,0.1,2.3,0.1,2.8,0.1,2.1,0.1,1.7,0.1,2.5,0.1,1.5,0.1,1.1,0.1,1.9,0.1,1.1,0.1,0.7,0.1,1.6,0.1,14.0,0.1,14.4,0.2,13.7,0.2,4.8,0.1,5.0,0.1,4.6,0.1,9.4,0.2,10.1,0.2,8.7,0.2,42.1,0.2,43.9,0.2,40.4,0.2,77.7,0.1,77.1,0.2,78.3,0.2,74.6,0.1,73.9,0.2,75.3,0.2,15.5,0.2,13.6,0.2,17.4,0.2,13.3,0.1,11.6,0.2,15.1,0.2,10.8,0.1,9.0,0.1,12.5,0.1,4.7,0.1,3.4,0.1,6.0,0.1,37.0,0.2,35.5,0.2,38.6,0.3,98.1,0.5,(X),(X),(X),(X),56.6,0.3,(X),(X),(X),(X),16.9,0.1,(X),(X),(X),(X),39.8,0.2,(X),(X),(X),(X),0.2,(X),(X),(X),(X),(X),0.8,(X),(X),(X),(X),(X)
5001100US5105,5105,"Congressional District 5 (111th Congress), Virginia",663381,1439,324358,982,339023,1129,5.6,0.1,5.7,0.1,5.5,0.1,5.4,0.1,5.6,0.2,5.2,0.2,6.1,0.1,6.5,0.2,5.9,0.2,7.1,0.2,7.3,0.2,6.9,0.2,7.3,0.1,7.9,0.2,6.6,0.2,5.9,0.1,6.3,0.2,5.5,0.1,5.6,0.1,5.8,0.2,5.3,0.1,6.3,0.2,6.5,0.3,6.2,0.2,7.3,0.2,7.4,0.3,7.1,0.3,7.6,0.1,7.7,0.2,7.5,0.1,7.4,0.1,7.4,0.1,7.4,0.1,6.8,0.2,6.5,0.2,7.1,0.2,5.9,0.1,5.9,0.2,6.0,0.2,4.7,0.1,4.2,0.2,5.1,0.2,3.9,0.1,3.7,0.2,4.0,0.2,3.0,0.1,2.7,0.1,3.4,0.1,2.2,0.1,1.6,0.1,2.7,0.1,1.9,0.1,1.2,0.1,2.6,0.2,11.5,0.1,12.1,0.2,11.0,0.1,3.7,0.1,3.8,0.1,3.6,0.1,10.7,0.1,11.4,0.2,10.0,0.1,39.4,0.1,41.3,0.2,37.7,0.2,81.6,0.1,80.9,0.2,82.3,0.2,79.2,0.1,78.4,0.2,79.9,0.1,21.6,0.2,19.2,0.2,23.8,0.2,19.0,0.2,16.7,0.2,21.1,0.2,15.6,0.1,13.3,0.1,17.8,0.1,7.1,0.1,5.4,0.1,8.7,0.1,40.5,0.2,38.8,0.3,42.2,0.2,95.7,0.4,(X),(X),(X),(X),57.4,0.3,(X),(X),(X),(X),24.6,0.2,(X),(X),(X),(X),32.8,0.2,(X),(X),(X),(X),0.2,(X),(X),(X),(X),(X),0.8,(X),(X),(X),(X),(X)
5001100US5106,5106,"Congressional District 6 (111th Congress), Virginia",678517,1307,327741,969,350776,892,5.9,0.1,6.3,0.1,5.6,0.1,5.6,0.2,6.1,0.2,5.1,0.2,6.1,0.1,6.3,0.2,5.8,0.2,8.0,0.1,8.1,0.2,7.9,0.2,8.2,0.1,8.6,0.2,7.9,0.2,6.0,0.1,6.3,0.1,5.6,0.1,5.4,0.1,5.6,0.1,5.2,0.1,6.1,0.2,6.2,0.3,6.1,0.2,6.9,0.2,7.1,0.3,6.7,0.2,7.3,0.1,7.4,0.1,7.2,0.1,7.1,0.1,7.2,0.1,7.1,0.1,6.4,0.2,6.5,0.2,6.4,0.2,5.5,0.2,5.3,0.2,5.7,0.2,4.3,0.1,4.1,0.2,4.5,0.2,3.6,0.1,3.3,0.2,3.8,0.2,3.0,0.1,2.5,0.1,3.4,0.2,2.5,0.1,1.8,0.1,3.1,0.2,2.2,0.1,1.3,0.1,3.1,0.2,11.6,0.1,12.4,0.2,10.9,0.1,3.9,0.1,4.2,0.1,3.6,0.1,12.3,0.1,12.5,0.2,12.2,0.1,40.6,0.2,41.9,0.2,39.4,0.2,81.2,0.1,80.0,0.2,82.4,0.2,78.6,0.1,77.1,0.2,79.9,0.1,21.0,0.2,18.4,0.2,23.5,0.2,18.5,0.2,16.0,0.2,20.9,0.2,15.5,0.1,13.0,0.1,17.8,0.1,7.7,0.1,5.7,0.1,9.5,0.1,39.0,0.2,37.3,0.2,40.6,0.2,93.4,0.4,(X),(X),(X),(X),58.6,0.3,(X),(X),(X),(X),24.6,0.2,(X),(X),(X),(X),34.0,0.2,(X),(X),(X),(X),0.1,(X),(X),(X),(X),(X),0.8,(X),(X),(X),(X),(X)
5001100US5107,5107,"Congressional District 7 (111th Congress), Virginia",726905,2700,353098,1915,373807,1526,6.5,0.1,6.9,0.2,6.2,0.1,6.5,0.2,6.7,0.2,6.3,0.2,6.8,0.2,7.4,0.2,6.3,0.2,6.6,0.1,7.1,0.2,6.1,0.2,5.9,0.1,6.3,0.2,5.5,0.2,6.6,0.1,6.9,0.2,6.3,0.2,6.5,0.1,6.5,0.2,6.5,0.2,7.1,0.2,7.2,0.3,7.0,0.2,7.8,0.2,7.7,0.2,7.9,0.3,8.0,0.1,7.8,0.2,8.2,0.2,7.4,0.1,7.2,0.2,7.6,0.2,6.6,0.1,6.6,0.2,6.6,0.2,5.2,0.1,5.1,0.2,5.4,0.2,3.8,0.1,3.6,0.1,3.9,0.2,2.7,0.1,2.5,0.1,3.0,0.1,2.4,0.1,2.1,0.1,2.7,0.1,1.8,0.1,1.4,0.1,2.1,0.1,1.7,0.1,1.0,0.1,2.3,0.1,13.3,0.1,14.1,0.2,12.6,0.2,4.2,0.1,4.5,0.1,3.9,0.1,8.3,0.2,8.9,0.2,7.7,0.2,40.6,0.2,41.8,0.3,39.4,0.2,78.8,0.2,77.5,0.3,79.9,0.2,75.9,0.2,74.5,0.3,77.3,0.2,17.6,0.2,15.7,0.2,19.4,0.2,15.3,0.2,13.3,0.2,17.1,0.2,12.4,0.1,10.6,0.1,14.1,0.2,5.8,0.1,4.4,0.1,7.2,0.1,38.3,0.2,36.6,0.2,39.9,0.3,94.5,0.6,(X),(X),(X),(X),57.3,0.4,(X),(X),(X),(X),19.5,0.2,(X),(X),(X),(X),37.8,0.3,(X),(X),(X),(X),0.2,(X),(X),(X),(X),(X),0.6,(X),(X),(X),(X),(X)
5001100US5108,5108,"Congressional District 8 (111th Congress), Virginia",667001,3229,329572,2179,337429,1993,7.5,0.2,7.5,0.2,7.4,0.2,5.1,0.2,5.2,0.3,4.9,0.2,4.6,0.2,4.8,0.2,4.4,0.2,4.2,0.1,4.5,0.2,4.0,0.2,6.9,0.2,7.3,0.2,6.4,0.2,11.3,0.1,11.5,0.2,11.1,0.2,10.0,0.1,10.0,0.2,10.0,0.2,8.6,0.2,8.7,0.3,8.6,0.3,7.7,0.2,8.0,0.3,7.4,0.3,7.4,0.2,7.6,0.2,7.2,0.2,6.7,0.1,6.4,0.2,6.9,0.2,6.0,0.2,5.7,0.2,6.2,0.2,4.5,0.1,4.4,0.2,4.6,0.2,3.1,0.1,3.1,0.1,3.0,0.1,2.0,0.1,1.9,0.1,2.2,0.1,1.7,0.1,1.4,0.1,2.1,0.1,1.3,0.1,1.0,0.1,1.7,0.1,1.4,0.1,0.9,0.1,1.9,0.1,9.7,0.1,10.1,0.2,9.3,0.2,2.5,0.1,2.7,0.1,2.4,0.1,8.6,0.2,9.1,0.2,8.0,0.2,48.8,0.2,50.0,0.4,47.5,0.3,82.0,0.2,81.6,0.3,82.5,0.3,80.3,0.2,79.7,0.3,80.9,0.3,14.1,0.2,12.6,0.2,15.5,0.2,12.1,0.2,10.7,0.2,13.5,0.2,9.6,0.1,8.2,0.1,10.9,0.1,4.5,0.1,3.2,0.1,5.7,0.1,35.2,0.2,34.5,0.2,35.9,0.2,97.7,0.8,(X),(X),(X),(X),41.4,0.4,(X),(X),(X),(X),13.5,0.1,(X),(X),(X),(X),27.9,0.3,(X),(X),(X),(X),0.3,(X),(X),(X),(X),(X),1.6,(X),(X),(X),(X),(X)
5001100US5109,5109,"Congressional District 9 (111th Congress), Virginia",644394,1307,318761,867,325633,977,5.0,0.1,5.3,0.1,4.8,0.1,5.4,0.2,5.7,0.2,5.2,0.2,5.6,0.1,5.9,0.2,5.3,0.2,7.8,0.2,7.9,0.3,7.7,0.3,8.5,0.2,9.3,0.3,7.6,0.3,5.9,0.1,6.4,0.1,5.5,0.1,5.7,0.1,6.0,0.1,5.3,0.1,6.3,0.2,6.5,0.3,6.1,0.2,6.8,0.2,7.0,0.3,6.7,0.2,7.2,0.1,7.1,0.1,7.3,0.1,7.2,0.1,7.2,0.1,7.2,0.1,6.8,0.2,6.6,0.2,6.9,0.2,6.0,0.2,5.9,0.2,6.0,0.2,4.7,0.1,4.3,0.2,5.1,0.2,3.9,0.1,3.7,0.1,4.2,0.2,3.1,0.1,2.6,0.1,3.5,0.2,2.2,0.1,1.6,0.1,2.9,0.1,1.8,0.1,1.1,0.1,2.6,0.1,11.0,0.1,11.6,0.2,10.5,0.1,3.6,0.1,3.6,0.1,3.6,0.1,12.6,0.1,13.6,0.2,11.7,0.2,41.0,0.1,43.1,0.2,38.9,0.2,82.8,0.1,82.0,0.2,83.5,0.2,80.3,0.1,79.6,0.2,81.0,0.1,21.8,0.2,19.2,0.3,24.3,0.3,19.3,0.2,16.8,0.2,21.8,0.2,15.8,0.1,13.3,0.1,18.3,0.2,7.1,0.1,5.3,0.1,8.9,0.1,39.8,0.2,37.8,0.3,41.8,0.3,97.9,0.4,(X),(X),(X),(X),55.0,0.3,(X),(X),(X),(X),24.5,0.2,(X),(X),(X),(X),30.5,0.2,(X),(X),(X),(X),0.1,(X),(X),(X),(X),(X),0.6,(X),(X),(X),(X),(X)
5001100US5110,5110,"Congressional District 10 (111th Congress), Virginia",800948,3903,399951,2681,400997,2500,8.1,0.1,8.5,0.2,7.8,0.2,7.8,0.2,7.8,0.2,7.7,0.2,7.5,0.2,7.8,0.2,7.1,0.2,6.4,0.1,6.5,0.2,6.3,0.2,5.7,0.2,5.8,0.2,5.7,0.2,6.5,0.1,6.6,0.1,6.3,0.2,7.2,0.1,7.4,0.2,7.1,0.1,8.4,0.2,8.4,0.2,8.4,0.3,9.1,0.2,8.8,0.3,9.3,0.3,8.3,0.1,8.3,0.2,8.4,0.2,7.0,0.1,6.9,0.2,7.0,0.2,5.7,0.2,5.6,0.2,5.8,0.2,4.2,0.1,4.2,0.2,4.1,0.2,2.7,0.1,2.7,0.1,2.7,0.1,2.0,0.1,1.8,0.1,2.1,0.1,1.4,0.1,1.2,0.1,1.6,0.1,1.1,0.1,0.9,0.1,1.3,0.1,1.0,0.1,0.7,0.1,1.4,0.2,15.2,0.2,15.6,0.2,14.8,0.2,4.3,0.1,4.3,0.1,4.3,0.1,7.9,0.2,8.0,0.3,7.8,0.2,43.3,0.2,43.5,0.3,43.1,0.2,75.0,0.2,74.3,0.3,75.8,0.3,72.4,0.2,71.6,0.3,73.1,0.3,12.3,0.2,11.5,0.2,13.2,0.2,10.4,0.2,9.6,0.2,11.3,0.2,8.2,0.1,7.3,0.1,9.0,0.1,3.5,0.1,2.8,0.1,4.3,0.1,35.5,0.2,34.7,0.3,36.2,0.2,99.7,0.9,(X),(X),(X),(X),55.8,0.5,(X),(X),(X),(X),12.7,0.2,(X),(X),(X),(X),43.1,0.4,(X),(X),(X),(X),0.2,(X),(X),(X),(X),(X),0.9,(X),(X),(X),(X),(X)
5001100US5111,5111,"Congressional District 11 (111th Congress), Virginia",744757,3798,369588,2612,375169,2203,7.6,0.2,7.9,0.2,7.4,0.2,7.1,0.2,7.5,0.3,6.7,0.3,7.4,0.2,7.2,0.3,7.5,0.2,7.4,0.1,7.7,0.2,7.0,0.2,6.2,0.2,6.4,0.3,6.0,0.2,5.9,0.2,6.2,0.2,5.5,0.2,6.4,0.1,6.3,0.2,6.6,0.2,7.6,0.2,7.7,0.3,7.6,0.3,8.6,0.2,8.5,0.3,8.8,0.3,8.3,0.2,8.0,0.2,8.6,0.2,7.5,0.2,7.3,0.2,7.6,0.2,6.5,0.2,6.3,0.2,6.6,0.2,4.8,0.2,4.8,0.2,4.8,0.2,3.1,0.1,3.1,0.1,3.1,0.1,2.1,0.1,2.1,0.1,2.1,0.1,1.6,0.1,1.4,0.1,1.7,0.1,1.2,0.1,1.0,0.1,1.4,0.1,0.9,0.1,0.7,0.1,1.1,0.1,14.5,0.2,14.8,0.3,14.2,0.2,4.6,0.1,4.8,0.2,4.4,0.1,8.9,0.2,9.2,0.3,8.6,0.2,42.1,0.3,42.7,0.4,41.4,0.3,76.3,0.2,75.6,0.4,77.0,0.3,73.3,0.2,72.5,0.4,74.0,0.3,13.6,0.2,13.0,0.3,14.2,0.3,11.4,0.2,10.8,0.2,11.9,0.2,8.8,0.1,8.2,0.2,9.4,0.2,3.6,0.1,3.1,0.1,4.2,0.1,36.5,0.3,35.5,0.3,37.3,0.3,98.5,0.8,(X),(X),(X),(X),55.1,0.5,(X),(X),(X),(X),13.6,0.2,(X),(X),(X),(X),41.5,0.4,(X),(X),(X),(X),0.3,(X),(X),(X),(X),(X),1.0,(X),(X),(X),(X),(X)
5001100US5301,5301,"Congressional District 1 (111th Congress), Washington",710088,3488,354415,2685,355673,2409,6.5,0.2,6.7,0.2,6.3,0.3,6.4,0.2,6.6,0.2,6.1,0.2,6.7,0.2,6.9,0.3,6.6,0.3,6.2,0.2,6.4,0.2,6.0,0.2,6.1,0.2,6.5,0.3,5.7,0.2,7.3,0.2,7.5,0.3,7.1,0.2,6.8,0.2,6.9,0.2,6.8,0.2,7.6,0.2,7.7,0.3,7.6,0.3,8.0,0.2,8.3,0.3,7.8,0.3,8.5,0.2,8.4,0.3,8.6,0.2,7.9,0.2,7.8,0.2,8.1,0.2,6.4,0.2,6.3,0.2,6.4,0.2,5.0,0.1,4.8,0.2,5.1,0.2,3.2,0.1,3.1,0.2,3.3,0.1,2.3,0.1,2.3,0.1,2.4,0.1,2.0,0.1,1.6,0.1,2.3,0.1,1.5,0.1,1.2,0.1,1.9,0.1,1.5,0.1,1.0,0.1,1.9,0.2,13.1,0.2,13.5,0.3,12.7,0.3,4.0,0.1,3.9,0.2,4.0,0.2,8.3,0.3,9.0,0.3,7.6,0.3,42.1,0.3,43.3,0.4,40.9,0.3,79.1,0.2,78.5,0.3,79.8,0.4,76.4,0.2,75.9,0.3,77.0,0.4,15.5,0.3,14.0,0.3,17.0,0.3,13.3,0.2,11.8,0.2,14.8,0.3,10.5,0.2,9.1,0.2,11.9,0.3,5.0,0.1,3.8,0.1,6.2,0.2,37.6,0.3,36.6,0.3,38.8,0.4,99.6,1.0,(X),(X),(X),(X),51.6,0.5,(X),(X),(X),(X),15.9,0.3,(X),(X),(X),(X),35.7,0.4,(X),(X),(X),(X),0.2,(X),(X),(X),(X),(X),0.8,(X),(X),(X),(X),(X)
5001100US5302,5302,"Congressional District 2 (111th Congress), Washington",732264,1775,363602,1410,368662,1448,6.3,0.1,6.5,0.1,6.2,0.2,6.2,0.2,6.4,0.2,6.0,0.2,6.8,0.2,6.8,0.2,6.8,0.2,7.3,0.1,7.6,0.2,7.0,0.2,8.2,0.1,8.5,0.2,7.9,0.2,6.3,0.1,6.5,0.2,6.0,0.2,5.7,0.1,5.9,0.2,5.5,0.1,6.7,0.2,6.8,0.2,6.6,0.2,7.0,0.2,7.0,0.2,6.9,0.2,7.6,0.1,7.6,0.2,7.6,0.1,7.4,0.1,7.4,0.1,7.4,0.1,6.6,0.1,6.4,0.1,6.8,0.2,5.3,0.1,5.3,0.2,5.4,0.2,3.7,0.1,3.6,0.1,3.9,0.1,2.9,0.1,2.8,0.1,3.0,0.1,2.3,0.1,2.1,0.1,2.5,0.1,2.0,0.1,1.6,0.1,2.4,0.1,1.6,0.1,1.1,0.1,2.0,0.1,13.0,0.1,13.2,0.2,12.9,0.2,4.3,0.1,4.7,0.1,4.0,0.1,11.2,0.2,11.4,0.2,10.9,0.2,41.2,0.2,42.4,0.3,40.0,0.3,79.2,0.1,78.8,0.2,79.6,0.2,76.3,0.1,75.7,0.2,76.9,0.2,17.8,0.2,16.5,0.3,19.1,0.2,15.6,0.2,14.3,0.2,16.8,0.2,12.5,0.1,11.2,0.1,13.8,0.1,5.9,0.1,4.8,0.1,6.9,0.1,37.3,0.3,36.3,0.2,38.4,0.3,98.6,0.6,(X),(X),(X),(X),56.7,0.3,(X),(X),(X),(X),19.6,0.2,(X),(X),(X),(X),37.2,0.2,(X),(X),(X),(X),0.2,(X),(X),(X),(X),(X),0.8,(X),(X),(X),(X),(X)
5001100US5303,5303,"Congressional District 3 (111th Congress), Washington",754260,1565,374243,1045,380017,1066,6.7,0.1,6.8,0.1,6.5,0.1,6.9,0.2,7.1,0.2,6.7,0.2,7.2,0.2,7.4,0.3,6.9,0.2,7.0,0.1,7.5,0.1,6.5,0.1,5.9,0.1,6.1,0.1,5.7,0.1,6.7,0.1,6.8,0.1,6.5,0.1,6.3,0.1,6.4,0.1,6.1,0.1,6.9,0.2,7.0,0.2,6.9,0.2,7.2,0.2,7.1,0.2,7.2,0.3,7.6,0.1,7.5,0.1,7.7,0.1,7.4,0.1,7.4,0.1,7.5,0.1,6.9,0.1,6.8,0.2,7.0,0.2,5.3,0.1,5.3,0.2,5.4,0.2,3.8,0.1,3.6,0.1,3.9,0.2,2.9,0.1,2.9,0.1,3.0,0.1,2.1,0.2,1.9,0.1,2.4,0.3,1.7,0.1,1.3,0.1,2.0,0.1,1.6,0.2,1.1,0.1,2.1,0.3,14.0,0.1,14.5,0.1,13.6,0.1,4.6,0.1,4.8,0.1,4.3,0.1,8.3,0.1,8.8,0.1,7.9,0.1,39.9,0.1,40.9,0.2,39.0,0.2,77.7,0.1,77.1,0.2,78.3,0.2,74.7,0.1,73.8,0.1,75.5,0.1,17.5,0.2,16.1,0.2,18.8,0.2,15.1,0.2,13.8,0.2,16.4,0.2,12.1,0.1,10.8,0.1,13.4,0.1,5.4,0.1,4.4,0.1,6.4,0.1,37.5,0.2,36.3,0.2,38.7,0.2,98.5,0.4,(X),(X),(X),(X),59.8,0.2,(X),(X),(X),(X),19.4,0.1,(X),(X),(X),(X),40.5,0.2,(X),(X),(X),(X),0.2,(X),(X),(X),(X),(X),0.7,(X),(X),(X),(X),(X)
5001100US5304,5304,"Congressional District 4 (111th Congress), Washington",727909,443,366406,432,361503,529,8.4,0.1,8.5,0.1,8.3,0.1,7.9,0.2,8.2,0.2,7.5,0.2,8.0,0.2,7.9,0.2,8.0,0.2,8.0,0.1,8.3,0.1,7.8,0.1,7.4,0.1,7.6,0.1,7.1,0.1,6.3,0.1,6.6,0.1,6.0,0.1,5.9,0.1,6.0,0.1,5.8,0.1,6.1,0.2,6.3,0.2,5.9,0.2,6.4,0.2,6.4,0.2,6.4,0.2,6.8,0.1,6.8,0.1,6.8,0.1,6.7,0.1,6.7,0.1,6.7,0.1,5.8,0.1,5.8,0.2,5.8,0.2,4.8,0.1,4.7,0.2,4.8,0.2,3.4,0.1,3.5,0.1,3.4,0.1,2.8,0.1,2.5,0.1,3.0,0.2,2.2,0.1,2.0,0.1,2.4,0.1,1.7,0.1,1.4,0.1,2.0,0.1,1.6,0.1,1.0,0.1,2.1,0.2,15.8,0.1,16.0,0.1,15.6,0.1,4.9,0.1,5.0,0.1,4.8,0.1,10.5,0.1,10.8,0.1,10.1,0.1,40.1,0.1,41.1,0.1,39.1,0.1,74.2,0.1,73.8,0.1,74.5,0.1,70.8,0.1,70.4,0.1,71.3,0.1,16.4,0.1,15.1,0.2,17.7,0.2,14.4,0.1,13.1,0.2,15.7,0.1,11.6,0.1,10.4,0.1,12.9,0.1,5.4,0.1,4.4,0.1,6.5,0.1,33.4,0.2,32.4,0.2,34.5,0.1,101.4,0.2,(X),(X),(X),(X),68.9,0.1,(X),(X),(X),(X),19.6,0.1,(X),(X),(X),(X),49.2,0.1,(X),(X),(X),(X),0.1,(X),(X),(X),(X),(X),0.8,(X),(X),(X),(X),(X)
5001100US5305,5305,"Congressional District 5 (111th Congress), Washington",698696,311,345344,369,353352,405,6.2,0.1,6.5,0.1,6.0,0.1,6.1,0.1,6.2,0.2,5.9,0.2,6.6,0.1,6.9,0.2,6.3,0.2,7.8,0.1,7.8,0.1,7.9,0.2,8.2,0.1,8.9,0.1,7.6,0.2,6.9,0.1,7.2,0.1,6.7,0.1,5.6,0.1,5.9,0.1,5.4,0.1,5.9,0.2,6.0,0.2,5.8,0.2,6.5,0.2,6.5,0.2,6.5,0.2,7.3,0.1,7.3,0.1,7.3,0.1,7.3,0.1,7.3,0.1,7.4,0.1,6.5,0.1,6.5,0.2,6.5,0.2,5.3,0.1,5.2,0.2,5.4,0.2,3.8,0.1,3.6,0.1,3.9,0.1,3.2,0.1,3.0,0.1,3.4,0.1,2.7,0.1,2.3,0.1,3.0,0.1,2.1,0.1,1.6,0.1,2.5,0.1,1.9,0.1,1.2,0.1,2.5,0.1,12.7,0.1,13.2,0.1,12.2,0.1,4.3,0.1,4.4,0.1,4.1,0.1,11.8,0.1,12.2,0.1,11.3,0.1,41.1,0.1,42.3,0.1,39.9,0.1,79.6,0.1,78.8,0.1,80.3,0.1,76.8,0.1,75.9,0.1,77.6,0.1,18.9,0.1,17.0,0.2,20.7,0.2,16.6,0.1,14.9,0.2,18.3,0.1,13.6,0.1,11.8,0.1,15.3,0.1,6.6,0.1,5.2,0.1,8.0,0.1,37.0,0.2,35.5,0.2,38.6,0.2,97.7,0.2,(X),(X),(X),(X),58.2,0.1,(X),(X),(X),(X),21.5,0.1,(X),(X),(X),(X),36.8,0.1,(X),(X),(X),(X),0.2,(X),(X),(X),(X),(X),0.7,(X),(X),(X),(X),(X)
5001100US5306,5306,"Congressional District 6 (111th Congress), Washington",683754,2505,339106,2096,344648,1886,6.1,0.1,6.3,0.2,5.9,0.2,5.8,0.1,6.0,0.2,5.5,0.2,6.3,0.2,6.5,0.3,6.0,0.2,6.9,0.1,7.1,0.2,6.7,0.2,7.3,0.2,7.8,0.3,6.8,0.2,6.6,0.1,6.8,0.2,6.3,0.1,5.6,0.1,5.8,0.2,5.4,0.2,6.1,0.2,6.2,0.3,6.0,0.2,6.8,0.2,6.9,0.2,6.7,0.2,7.6,0.1,7.6,0.2,7.6,0.2,7.6,0.1,7.5,0.2,7.8,0.1,7.0,0.2,6.9,0.2,7.1,0.3,5.8,0.1,5.8,0.2,5.8,0.2,4.3,0.1,4.0,0.2,4.6,0.2,3.3,0.1,3.2,0.2,3.5,0.2,2.8,0.1,2.5,0.1,3.1,0.1,2.2,0.1,1.8,0.1,2.6,0.2,1.9,0.1,1.3,0.1,2.6,0.1,12.0,0.2,12.5,0.3,11.6,0.2,4.1,0.1,4.2,0.1,4.1,0.1,10.0,0.2,10.7,0.3,9.4,0.2,39.2,0.2,40.6,0.3,37.9,0.3,80.5,0.2,79.8,0.3,81.3,0.3,77.7,0.2,77.0,0.3,78.5,0.2,20.4,0.2,18.7,0.3,22.2,0.3,17.9,0.2,16.1,0.2,19.7,0.3,14.6,0.2,12.9,0.2,16.3,0.2,7.0,0.1,5.6,0.1,8.3,0.2,39.5,0.3,38.0,0.4,41.2,0.3,98.4,0.9,(X),(X),(X),(X),58.4,0.6,(X),(X),(X),(X),23.2,0.3,(X),(X),(X),(X),35.3,0.4,(X),(X),(X),(X),0.2,(X),(X),(X),(X),(X),0.9,(X),(X),(X),(X),(X)
5001100US5307,5307,"Congressional District 7 (111th Congress), Washington",683742,2974,341013,2555,342729,2288,5.5,0.2,5.7,0.3,5.3,0.2,4.2,0.2,4.3,0.2,4.2,0.2,4.0,0.2,4.2,0.2,3.9,0.2,5.1,0.2,5.1,0.2,5.2,0.3,8.0,0.3,7.8,0.4,8.1,0.3,11.1,0.2,11.0,0.4,11.2,0.3,9.7,0.2,10.2,0.3,9.1,0.3,8.4,0.2,8.8,0.3,8.0,0.3,7.6,0.2,8.0,0.3,7.2,0.3,7.1,0.2,7.5,0.3,6.6,0.2,7.2,0.2,7.2,0.2,7.3,0.2,6.5,0.2,6.4,0.3,6.7,0.2,4.7,0.2,4.7,0.3,4.6,0.2,3.0,0.1,2.9,0.2,3.0,0.2,2.1,0.1,1.9,0.1,2.3,0.2,2.0,0.1,1.7,0.1,2.3,0.2,2.0,0.1,1.5,0.1,2.4,0.2,1.9,0.1,1.3,0.1,2.6,0.2,8.3,0.2,8.5,0.3,8.1,0.3,2.5,0.1,2.6,0.2,2.4,0.1,10.6,0.3,10.3,0.4,10.9,0.3,49.8,0.3,50.8,0.4,48.8,0.4,85.4,0.2,85.0,0.4,85.8,0.3,83.8,0.2,83.3,0.4,84.2,0.3,15.6,0.2,14.1,0.3,17.2,0.3,13.5,0.2,11.9,0.3,15.1,0.3,10.9,0.2,9.3,0.2,12.6,0.3,5.9,0.2,4.5,0.2,7.3,0.2,36.3,0.2,35.9,0.3,36.8,0.3,99.5,1.1,(X),(X),(X),(X),37.3,0.5,(X),(X),(X),(X),15.0,0.3,(X),(X),(X),(X),22.3,0.4,(X),(X),(X),(X),0.3,(X),(X),(X),(X),(X),1.0,(X),(X),(X),(X),(X)
5001100US5308,5308,"Congressional District 8 (111th Congress), Washington",771979,3285,385900,2623,386079,2736,7.1,0.2,6.9,0.2,7.2,0.2,7.2,0.2,7.2,0.2,7.2,0.3,7.6,0.2,8.0,0.3,7.2,0.3,6.8,0.2,7.2,0.2,6.3,0.2,5.1,0.2,5.4,0.2,4.8,0.2,6.5,0.2,6.6,0.3,6.4,0.2,7.0,0.2,6.9,0.2,7.0,0.2,7.9,0.2,7.8,0.3,8.0,0.3,8.7,0.2,8.7,0.3,8.7,0.2,8.7,0.2,8.7,0.2,8.7,0.2,7.5,0.2,7.6,0.2,7.4,0.2,6.2,0.2,6.1,0.2,6.2,0.2,4.5,0.1,4.3,0.2,4.6,0.2,3.0,0.1,3.0,0.1,3.1,0.2,2.2,0.1,2.2,0.1,2.2,0.1,1.6,0.1,1.4,0.1,1.9,0.1,1.3,0.1,1.0,0.1,1.6,0.1,1.2,0.1,0.9,0.1,1.4,0.1,14.8,0.2,15.2,0.3,14.4,0.3,4.6,0.1,4.8,0.2,4.4,0.2,7.2,0.2,7.8,0.3,6.7,0.3,41.9,0.2,42.7,0.4,41.2,0.3,76.7,0.2,76.3,0.3,77.0,0.4,73.5,0.2,73.0,0.3,74.0,0.4,13.8,0.2,12.8,0.3,14.8,0.3,11.8,0.2,10.9,0.2,12.7,0.3,9.3,0.2,8.4,0.2,10.2,0.2,4.1,0.1,3.3,0.1,4.8,0.2,36.8,0.2,36.1,0.3,37.5,0.3,100.0,1.1,(X),(X),(X),(X),55.8,0.6,(X),(X),(X),(X),14.5,0.3,(X),(X),(X),(X),41.3,0.5,(X),(X),(X),(X),0.2,(X),(X),(X),(X),(X),0.9,(X),(X),(X),(X),(X)
5001100US5309,5309,"Congressional District 9 (111th Congress), Washington",703063,4191,353820,2925,349243,2744,7.0,0.2,7.3,0.3,6.8,0.3,6.3,0.2,6.4,0.3,6.2,0.3,6.9,0.2,7.1,0.2,6.7,0.3,6.9,0.2,7.3,0.3,6.5,0.2,7.4,0.2,8.0,0.3,6.9,0.3,8.0,0.2,8.1,0.3,7.9,0.3,6.8,0.2,6.7,0.3,7.0,0.2,7.2,0.2,7.4,0.3,6.9,0.3,7.2,0.2,7.4,0.3,7.1,0.3,7.9,0.2,7.8,0.2,8.0,0.3,7.1,0.2,6.9,0.2,7.2,0.2,5.8,0.2,5.7,0.2,6.0,0.2,4.5,0.2,4.4,0.3,4.5,0.2,3.3,0.1,3.2,0.1,3.5,0.2,2.4,0.1,2.2,0.1,2.7,0.1,2.1,0.1,1.8,0.1,2.4,0.2,1.6,0.1,1.3,0.1,1.9,0.2,1.5,0.1,1.0,0.1,2.0,0.2,13.2,0.2,13.4,0.3,13.0,0.3,4.3,0.1,4.5,0.2,4.2,0.2,10.0,0.2,10.8,0.4,9.1,0.3,43.6,0.4,45.0,0.5,42.2,0.4,78.3,0.3,77.7,0.4,78.9,0.4,75.4,0.3,74.8,0.4,76.0,0.4,15.4,0.3,13.9,0.3,16.9,0.3,13.4,0.2,11.9,0.3,14.8,0.3,10.9,0.2,9.5,0.2,12.4,0.3,5.1,0.2,4.1,0.2,6.2,0.2,35.4,0.3,34.3,0.4,36.5,0.3,101.3,1.1,(X),(X),(X),(X),55.1,0.6,(X),(X),(X),(X),16.9,0.3,(X),(X),(X),(X),38.2,0.5,(X),(X),(X),(X),0.2,(X),(X),(X),(X),(X),0.9,(X),(X),(X),(X),(X)
5001100US5401,5401,"Congressional District 1 (111th Congress), West Virginia",595805,*****,291501,408,304304,408,5.5,0.1,5.8,0.1,5.1,0.1,5.5,0.1,5.7,0.2,5.3,0.2,5.7,0.1,6.0,0.2,5.5,0.2,7.3,0.1,7.8,0.1,6.9,0.1,8.0,0.1,8.4,0.1,7.6,0.1,5.7,0.1,5.9,0.1,5.6,0.1,5.6,0.1,5.9,0.1,5.4,0.1,6.4,0.1,6.5,0.2,6.3,0.2,6.7,0.1,6.8,0.2,6.5,0.2,7.4,0.1,7.5,0.1,7.4,0.1,7.5,0.1,7.5,0.1,7.4,0.1,7.0,0.1,7.1,0.2,6.9,0.2,5.7,0.1,5.6,0.2,5.8,0.2,4.5,0.1,4.5,0.1,4.4,0.1,3.7,0.1,3.2,0.1,4.1,0.1,3.1,0.1,2.7,0.1,3.5,0.2,2.6,0.1,2.0,0.1,3.1,0.2,2.2,0.1,1.2,0.1,3.1,0.2,11.2,0.1,11.7,0.1,10.8,0.1,3.8,0.1,4.0,0.1,3.7,0.1,11.5,0.1,12.1,0.1,10.9,0.1,39.7,0.1,41.2,0.1,38.3,0.1,82.0,0.1,81.2,0.1,82.8,0.1,79.5,0.1,78.5,0.1,80.4,0.1,21.7,0.1,19.2,0.2,24.1,0.2,19.1,0.1,16.7,0.1,21.5,0.2,16.0,0.1,13.6,0.1,18.3,0.1,7.9,0.1,6.0,0.1,9.7,0.1,40.2,0.1,38.5,0.2,41.9,0.2,95.8,0.3,(X),(X),(X),(X),57.6,0.1,(X),(X),(X),(X),25.2,0.1,(X),(X),(X),(X),32.4,0.1,(X),(X),(X),(X),0.1,(X),(X),(X),(X),(X),0.6,(X),(X),(X),(X),(X)
5001100US5402,5402,"Congressional District 2 (111th Congress), West Virginia",631599,*****,310129,397,321470,397,6.1,0.1,6.3,0.1,6.0,0.1,5.8,0.1,6.0,0.2,5.6,0.2,6.5,0.1,6.8,0.2,6.2,0.2,6.3,0.1,6.6,0.1,5.9,0.1,5.6,0.1,5.9,0.1,5.3,0.1,6.4,0.1,6.5,0.1,6.4,0.1,6.2,0.1,6.2,0.1,6.2,0.1,6.6,0.2,6.8,0.3,6.5,0.2,7.4,0.2,7.5,0.3,7.3,0.2,7.8,0.1,7.8,0.1,7.7,0.1,7.7,0.1,7.7,0.1,7.7,0.1,7.1,0.2,7.1,0.2,7.0,0.2,5.7,0.2,5.7,0.2,5.7,0.2,4.4,0.1,4.1,0.2,4.6,0.2,3.6,0.1,3.6,0.2,3.7,0.2,3.0,0.1,2.6,0.1,3.4,0.2,2.0,0.1,1.7,0.1,2.4,0.2,1.8,0.1,1.2,0.1,2.4,0.2,12.3,0.1,12.8,0.1,11.8,0.1,4.0,0.1,4.2,0.1,3.8,0.1,7.9,0.1,8.3,0.1,7.5,0.1,38.6,0.1,39.5,0.1,37.6,0.1,80.3,0.1,79.7,0.1,80.8,0.1,77.6,0.1,76.8,0.1,78.4,0.1,20.5,0.2,18.9,0.2,22.2,0.2,18.0,0.1,16.2,0.2,19.8,0.2,14.8,0.1,13.1,0.1,16.4,0.1,6.8,0.1,5.4,0.1,8.2,0.1,40.3,0.1,39.2,0.2,41.3,0.2,96.5,0.2,(X),(X),(X),(X),59.2,0.1,(X),(X),(X),(X),23.6,0.1,(X),(X),(X),(X),35.6,0.1,(X),(X),(X),(X),0.2,(X),(X),(X),(X),(X),1.2,(X),(X),(X),(X),(X)
5001100US5403,5403,"Congressional District 3 (111th Congress), West Virginia",583999,*****,284635,340,299364,340,5.9,0.1,6.2,0.1,5.6,0.1,5.4,0.2,5.4,0.2,5.4,0.2,6.1,0.2,6.7,0.2,5.5,0.2,6.2,0.1,6.6,0.1,5.8,0.1,6.6,0.1,6.9,0.1,6.2,0.1,6.5,0.1,6.7,0.1,6.4,0.1,6.2,0.1,6.4,0.1,6.1,0.1,6.1,0.2,6.1,0.3,6.1,0.3,6.8,0.2,6.8,0.3,6.7,0.3,7.4,0.1,7.4,0.1,7.4,0.1,7.8,0.1,7.9,0.1,7.8,0.1,7.5,0.2,7.6,0.3,7.5,0.2,5.7,0.2,5.8,0.3,5.7,0.2,4.5,0.1,4.4,0.1,4.6,0.1,3.7,0.1,3.3,0.1,4.1,0.1,3.3,0.1,2.8,0.1,3.8,0.2,2.4,0.1,1.8,0.1,3.0,0.2,1.9,0.1,1.3,0.1,2.5,0.2,11.5,0.1,12.1,0.1,10.9,0.1,3.7,0.1,3.9,0.1,3.6,0.1,9.0,0.1,9.6,0.1,8.5,0.1,38.4,0.1,39.5,0.1,37.2,0.1,81.4,0.1,80.3,0.2,82.4,0.1,78.9,0.1,77.8,0.1,80.0,0.1,21.6,0.2,19.3,0.3,23.7,0.2,19.0,0.2,16.7,0.2,21.2,0.2,15.9,0.1,13.5,0.1,18.0,0.1,7.6,0.1,5.8,0.1,9.4,0.1,40.8,0.2,39.0,0.3,42.4,0.2,95.1,0.2,(X),(X),(X),(X),58.6,0.2,(X),(X),(X),(X),25.1,0.1,(X),(X),(X),(X),33.4,0.1,(X),(X),(X),(X),0.1,(X),(X),(X),(X),(X),0.6,(X),(X),(X),(X),(X)
5001100US5501,5501,"Congressional District 1 (111th Congress), Wisconsin",721209,626,357535,1157,363674,1166,6.6,0.1,6.7,0.2,6.5,0.1,6.7,0.2,6.8,0.2,6.6,0.2,7.0,0.2,7.1,0.2,6.9,0.2,7.0,0.1,7.4,0.2,6.6,0.1,6.1,0.1,6.4,0.2,5.8,0.2,6.1,0.1,6.4,0.2,5.8,0.1,6.1,0.1,6.3,0.2,6.0,0.1,7.0,0.2,7.0,0.3,7.0,0.2,8.0,0.2,8.1,0.2,7.8,0.2,8.3,0.1,8.3,0.1,8.2,0.1,7.5,0.1,7.5,0.1,7.5,0.1,6.1,0.2,6.3,0.2,6.0,0.2,4.9,0.2,4.7,0.2,5.0,0.2,3.5,0.1,3.3,0.1,3.7,0.1,2.8,0.1,2.7,0.1,3.0,0.1,2.4,0.1,2.1,0.1,2.8,0.2,2.0,0.1,1.5,0.1,2.4,0.2,1.8,0.1,1.1,0.1,2.5,0.2,13.7,0.1,14.0,0.2,13.4,0.2,4.5,0.1,4.7,0.1,4.3,0.1,8.6,0.1,9.1,0.2,8.1,0.2,40.3,0.2,41.7,0.3,38.9,0.2,78.2,0.2,77.8,0.2,78.6,0.3,75.2,0.2,74.6,0.2,75.7,0.2,17.4,0.2,15.4,0.2,19.4,0.2,15.3,0.2,13.2,0.2,17.2,0.2,12.5,0.1,10.7,0.1,14.4,0.1,6.2,0.1,4.7,0.1,7.7,0.1,38.1,0.2,37.0,0.3,39.3,0.3,98.3,0.6,(X),(X),(X),(X),59.7,0.4,(X),(X),(X),(X),20.0,0.2,(X),(X),(X),(X),39.6,0.3,(X),(X),(X),(X),0.2,(X),(X),(X),(X),(X),0.8,(X),(X),(X),(X),(X)
5001100US5502,5502,"Congressional District 2 (111th Congress), Wisconsin",731492,562,362991,870,368501,797,6.2,0.1,6.4,0.1,6.1,0.1,5.8,0.1,6.1,0.2,5.6,0.2,6.0,0.1,6.1,0.2,6.0,0.2,7.6,0.1,7.6,0.1,7.5,0.1,10.7,0.1,10.8,0.1,10.6,0.1,6.8,0.1,7.1,0.1,6.4,0.1,6.4,0.1,6.6,0.1,6.2,0.1,6.8,0.2,7.0,0.2,6.6,0.2,7.3,0.2,7.4,0.2,7.1,0.2,7.6,0.1,7.7,0.1,7.5,0.1,7.1,0.1,7.1,0.1,7.0,0.1,6.3,0.1,6.2,0.2,6.3,0.1,4.3,0.1,4.4,0.1,4.3,0.1,3.2,0.1,3.0,0.1,3.4,0.1,2.4,0.1,2.3,0.1,2.6,0.1,2.1,0.1,1.8,0.1,2.5,0.1,1.7,0.1,1.4,0.1,2.1,0.1,1.6,0.1,1.0,0.1,2.3,0.1,11.8,0.1,12.2,0.1,11.5,0.1,3.7,0.1,3.8,0.1,3.6,0.1,14.6,0.1,14.6,0.2,14.5,0.2,45.5,0.1,46.6,0.2,44.5,0.1,80.8,0.1,80.3,0.1,81.2,0.2,78.2,0.1,77.7,0.1,78.8,0.1,15.4,0.1,13.8,0.2,17.1,0.2,13.6,0.1,11.9,0.2,15.2,0.1,11.1,0.1,9.4,0.1,12.8,0.1,5.5,0.1,4.1,0.1,6.9,0.1,35.4,0.1,34.4,0.2,36.3,0.2,98.5,0.4,(X),(X),(X),(X),48.9,0.2,(X),(X),(X),(X),16.5,0.1,(X),(X),(X),(X),32.4,0.2,(X),(X),(X),(X),0.2,(X),(X),(X),(X),(X),0.7,(X),(X),(X),(X),(X)
5001100US5503,5503,"Congressional District 3 (111th Congress), Wisconsin",709480,502,355142,447,354338,474,6.2,0.1,6.4,0.1,6.0,0.1,6.1,0.1,6.1,0.2,6.1,0.2,6.6,0.1,6.9,0.2,6.2,0.2,8.1,0.1,8.1,0.1,8.1,0.1,9.6,0.1,9.7,0.1,9.6,0.1,5.5,0.1,5.9,0.1,5.0,0.1,5.3,0.1,5.5,0.1,5.1,0.1,6.2,0.1,6.3,0.2,6.1,0.2,7.0,0.1,7.1,0.2,6.9,0.2,7.7,0.1,7.8,0.1,7.7,0.1,7.2,0.1,7.3,0.1,7.2,0.1,6.3,0.1,6.4,0.1,6.1,0.1,4.7,0.1,4.7,0.1,4.7,0.1,3.7,0.1,3.6,0.1,3.9,0.1,3.0,0.1,2.8,0.1,3.1,0.1,2.7,0.1,2.3,0.1,3.0,0.1,2.1,0.1,1.7,0.1,2.6,0.1,2.0,0.1,1.2,0.1,2.8,0.1,12.7,0.1,13.0,0.1,12.3,0.1,4.2,0.1,4.4,0.1,4.1,0.1,13.5,0.1,13.4,0.1,13.6,0.1,41.7,0.1,42.7,0.1,40.8,0.1,79.7,0.1,79.0,0.1,80.4,0.1,76.9,0.1,76.1,0.1,77.6,0.1,18.2,0.1,16.3,0.1,20.0,0.1,16.1,0.1,14.3,0.1,18.0,0.1,13.5,0.1,11.6,0.1,15.3,0.1,6.8,0.1,5.2,0.1,8.3,0.1,37.1,0.1,36.0,0.2,38.2,0.2,100.2,0.2,(X),(X),(X),(X),57.6,0.2,(X),(X),(X),(X),21.2,0.1,(X),(X),(X),(X),36.4,0.1,(X),(X),(X),(X),0.1,(X),(X),(X),(X),(X),0.7,(X),(X),(X),(X),(X)
5001100US5504,5504,"Congressional District 4 (111th Congress), Wisconsin",678197,771,325998,1164,352199,1168,8.2,0.1,8.6,0.2,7.7,0.2,6.9,0.2,7.1,0.2,6.7,0.2,7.2,0.2,7.7,0.2,6.8,0.2,7.8,0.1,8.0,0.2,7.6,0.1,7.9,0.1,8.2,0.2,7.6,0.1,9.5,0.2,9.6,0.2,9.5,0.2,7.6,0.1,7.7,0.2,7.5,0.1,6.7,0.2,7.0,0.3,6.5,0.2,6.5,0.2,6.5,0.3,6.4,0.2,6.8,0.1,6.8,0.2,6.8,0.1,6.2,0.1,6.3,0.1,6.1,0.1,5.3,0.1,5.2,0.2,5.5,0.2,3.5,0.1,3.3,0.2,3.6,0.2,2.6,0.1,2.3,0.1,2.9,0.1,2.2,0.1,1.9,0.1,2.4,0.1,2.1,0.1,1.7,0.1,2.4,0.1,1.6,0.1,1.2,0.1,2.1,0.1,1.5,0.1,0.9,0.1,2.1,0.2,14.1,0.1,14.8,0.2,13.5,0.1,4.4,0.1,4.5,0.1,4.3,0.1,11.3,0.1,11.7,0.2,10.9,0.2,46.0,0.2,46.9,0.3,45.1,0.2,76.2,0.2,74.9,0.3,77.4,0.2,73.3,0.2,72.1,0.3,74.5,0.2,13.5,0.2,11.4,0.2,15.4,0.3,12.0,0.2,9.9,0.2,13.9,0.2,10.0,0.1,8.1,0.1,11.8,0.2,5.2,0.1,3.8,0.1,6.6,0.2,31.6,0.2,30.5,0.2,32.6,0.2,92.6,0.6,(X),(X),(X),(X),57.9,0.4,(X),(X),(X),(X),15.8,0.2,(X),(X),(X),(X),42.1,0.4,(X),(X),(X),(X),0.1,(X),(X),(X),(X),(X),1.2,(X),(X),(X),(X),(X)
5001100US5505,5505,"Congressional District 5 (111th Congress), Wisconsin",692956,968,342079,1041,350877,1091,5.9,0.1,6.2,0.2,5.7,0.1,6.5,0.1,6.9,0.2,6.0,0.2,6.8,0.1,7.0,0.2,6.5,0.2,6.8,0.1,7.3,0.1,6.4,0.1,5.5,0.1,5.6,0.1,5.3,0.1,5.2,0.1,5.5,0.2,5.0,0.2,5.3,0.1,5.4,0.2,5.2,0.1,6.7,0.2,6.8,0.2,6.6,0.2,7.9,0.2,7.8,0.2,8.0,0.2,8.7,0.1,8.8,0.1,8.6,0.1,8.2,0.1,8.3,0.1,8.1,0.1,6.8,0.1,6.8,0.2,6.8,0.2,5.3,0.1,5.2,0.2,5.3,0.2,3.9,0.1,3.7,0.1,4.2,0.1,3.1,0.1,2.9,0.1,3.2,0.1,2.7,0.1,2.3,0.1,3.1,0.2,2.4,0.1,1.9,0.1,2.9,0.1,2.2,0.1,1.5,0.1,3.0,0.1,13.2,0.1,13.9,0.2,12.6,0.1,4.5,0.1,4.8,0.1,4.2,0.1,7.8,0.1,8.1,0.2,7.6,0.2,37.5,0.1,38.4,0.2,36.6,0.2,79.4,0.2,78.6,0.2,80.3,0.2,76.4,0.1,75.2,0.2,77.6,0.2,19.6,0.2,17.5,0.2,21.6,0.3,17.3,0.1,15.3,0.2,19.3,0.2,14.3,0.1,12.3,0.1,16.3,0.2,7.3,0.1,5.7,0.1,8.9,0.2,40.8,0.2,39.6,0.2,42.1,0.2,97.5,0.5,(X),(X),(X),(X),61.2,0.4,(X),(X),(X),(X),23.1,0.2,(X),(X),(X),(X),38.1,0.3,(X),(X),(X),(X),0.2,(X),(X),(X),(X),(X),0.5,(X),(X),(X),(X),(X)
5001100US5506,5506,"Congressional District 6 (111th Congress), Wisconsin",686870,339,347484,521,339386,547,5.9,0.1,5.9,0.1,5.9,0.1,6.1,0.1,6.2,0.2,5.9,0.2,6.4,0.1,6.4,0.2,6.4,0.2,7.0,0.1,7.2,0.1,6.7,0.1,6.5,0.1,6.7,0.1,6.2,0.1,6.3,0.1,6.7,0.1,5.8,0.1,5.9,0.1,6.3,0.1,5.6,0.1,6.7,0.1,6.9,0.2,6.5,0.2,7.8,0.1,8.1,0.2,7.5,0.2,8.2,0.1,8.3,0.1,8.1,0.1,7.5,0.1,7.7,0.1,7.3,0.1,6.3,0.1,6.3,0.2,6.3,0.1,5.1,0.1,5.0,0.2,5.1,0.1,3.9,0.1,3.7,0.1,4.1,0.1,3.2,0.1,2.9,0.1,3.5,0.1,2.8,0.1,2.4,0.1,3.2,0.1,2.3,0.1,1.7,0.1,2.8,0.1,2.1,0.1,1.3,0.1,2.9,0.2,12.5,0.1,12.6,0.1,12.4,0.1,4.2,0.1,4.4,0.1,4.1,0.1,9.2,0.1,9.5,0.2,8.8,0.1,40.2,0.1,42.0,0.1,38.3,0.1,80.3,0.1,80.0,0.1,80.5,0.1,77.4,0.1,77.1,0.1,77.7,0.1,19.3,0.1,17.1,0.2,21.6,0.1,17.1,0.1,14.9,0.1,19.4,0.1,14.3,0.1,12.1,0.1,16.5,0.1,7.1,0.1,5.5,0.1,8.9,0.1,39.5,0.1,38.4,0.2,40.7,0.2,102.4,0.3,(X),(X),(X),(X),58.5,0.2,(X),(X),(X),(X),22.6,0.1,(X),(X),(X),(X),35.9,0.1,(X),(X),(X),(X),0.2,(X),(X),(X),(X),(X),0.6,(X),(X),(X),(X),(X)
5001100US5507,5507,"Congressional District 7 (111th Congress), Wisconsin",679860,513,339592,437,340268,421,5.8,0.1,5.9,0.1,5.7,0.1,5.9,0.1,6.2,0.2,5.7,0.2,6.5,0.1,6.6,0.2,6.4,0.2,7.2,0.1,7.5,0.1,6.9,0.1,6.7,0.1,6.9,0.1,6.5,0.1,5.3,0.1,5.6,0.1,5.0,0.1,5.1,0.1,5.2,0.1,4.9,0.1,6.1,0.1,6.3,0.2,5.9,0.1,7.3,0.1,7.3,0.2,7.2,0.1,8.2,0.1,8.3,0.1,8.1,0.1,7.8,0.1,7.9,0.1,7.7,0.1,6.9,0.1,7.0,0.1,6.8,0.1,5.5,0.1,5.5,0.1,5.4,0.1,4.4,0.1,4.4,0.1,4.4,0.1,3.5,0.1,3.2,0.1,3.8,0.1,3.0,0.1,2.7,0.1,3.3,0.1,2.4,0.1,1.9,0.1,2.9,0.1,2.4,0.2,1.5,0.1,3.3,0.3,12.4,0.1,12.8,0.1,12.1,0.1,4.4,0.1,4.6,0.1,4.2,0.1,9.5,0.1,9.8,0.1,9.1,0.1,37.7,0.1,38.9,0.1,36.5,0.1,80.3,0.1,79.8,0.1,80.7,0.1,77.4,0.1,76.7,0.1,78.0,0.1,21.2,0.1,19.2,0.1,23.2,0.2,18.8,0.1,16.8,0.1,20.8,0.1,15.7,0.1,13.7,0.1,17.7,0.1,7.8,0.1,6.1,0.1,9.5,0.2,41.0,0.2,39.8,0.2,42.2,0.1,99.8,0.2,(X),(X),(X),(X),62.2,0.2,(X),(X),(X),(X),25.5,0.1,(X),(X),(X),(X),36.7,0.2,(X),(X),(X),(X),0.2,(X),(X),(X),(X),(X),0.6,(X),(X),(X),(X),(X)
5001100US5508,5508,"Congressional District 8 (111th Congress), Wisconsin",699356,507,349189,507,350167,451,6.1,0.1,6.3,0.1,6.0,0.1,6.3,0.1,6.4,0.2,6.2,0.2,6.7,0.1,6.9,0.2,6.4,0.2,7.0,0.1,7.3,0.1,6.8,0.1,6.4,0.1,6.6,0.1,6.2,0.1,6.0,0.1,6.3,0.1,5.8,0.1,5.7,0.1,5.9,0.1,5.5,0.1,6.6,0.1,6.7,0.2,6.5,0.2,7.6,0.1,7.6,0.2,7.5,0.2,8.3,0.1,8.4,0.1,8.2,0.1,7.5,0.1,7.6,0.1,7.4,0.1,6.3,0.1,6.3,0.2,6.2,0.1,5.3,0.1,5.2,0.2,5.3,0.1,4.1,0.1,3.9,0.1,4.3,0.1,3.3,0.1,3.2,0.1,3.4,0.1,2.8,0.1,2.5,0.1,3.0,0.1,2.1,0.1,1.7,0.1,2.5,0.1,1.9,0.1,1.2,0.1,2.7,0.1,13.0,0.1,13.3,0.1,12.6,0.1,4.4,0.1,4.6,0.1,4.2,0.1,9.0,0.1,9.3,0.1,8.8,0.1,39.4,0.1,40.4,0.1,38.4,0.1,79.4,0.1,78.9,0.1,80.0,0.1,76.5,0.1,75.8,0.1,77.2,0.1,19.4,0.1,17.7,0.2,21.2,0.1,17.2,0.1,15.4,0.1,18.9,0.1,14.2,0.1,12.4,0.1,15.9,0.1,6.8,0.1,5.4,0.1,8.3,0.1,39.3,0.2,38.4,0.2,40.4,0.2,99.7,0.2,(X),(X),(X),(X),60.5,0.2,(X),(X),(X),(X),22.8,0.1,(X),(X),(X),(X),37.7,0.1,(X),(X),(X),(X),0.1,(X),(X),(X),(X),(X),0.6,(X),(X),(X),(X),(X)
5001100US5600,5600,"Congressional District (at Large) (111th Congress), Wyoming",523949,*****,266450,530,257499,530,6.9,0.1,7.0,0.1,6.7,0.1,6.5,0.1,6.7,0.2,6.4,0.2,6.4,0.1,6.6,0.2,6.2,0.2,7.3,0.1,7.6,0.2,7.1,0.2,8.1,0.1,8.6,0.1,7.6,0.1,7.0,0.1,7.2,0.2,6.9,0.1,5.8,0.1,5.8,0.1,5.8,0.1,5.8,0.2,6.1,0.3,5.5,0.2,6.5,0.2,6.3,0.3,6.8,0.2,7.8,0.1,7.6,0.1,7.9,0.1,7.9,0.1,7.8,0.1,7.9,0.1,6.7,0.1,6.9,0.2,6.6,0.2,5.1,0.2,5.2,0.2,5.1,0.2,3.7,0.1,3.6,0.1,3.8,0.1,2.8,0.1,2.7,0.1,2.9,0.1,2.3,0.1,2.1,0.1,2.6,0.2,1.8,0.1,1.5,0.1,2.1,0.1,1.5,0.1,0.9,0.1,2.1,0.2,12.9,0.1,13.2,0.1,12.6,0.2,4.3,0.1,4.4,0.1,4.2,0.1,11.2,0.1,11.8,0.2,10.5,0.1,40.6,0.1,41.6,0.2,39.6,0.2,78.8,0.1,78.4,0.2,79.3,0.2,76.0,0.1,75.4,0.2,76.5,0.1,17.3,0.2,15.9,0.2,18.6,0.2,15.0,0.1,13.7,0.2,16.3,0.2,12.1,0.1,10.8,0.1,13.6,0.1,5.7,0.1,4.5,0.1,6.8,0.1,36.7,0.2,35.4,0.2,38.1,0.2,103.5,0.4,(X),(X),(X),(X),56.7,0.2,(X),(X),(X),(X),19.0,0.1,(X),(X),(X),(X),37.7,0.2,(X),(X),(X),(X),0.2,(X),(X),(X),(X),(X),0.7,(X),(X),(X),(X),(X)
5001100US7298,7298,"Resident Commissioner District (at Large) (111th Congress), Puerto Rico",3940109,*****,1891451,*****,2048658,*****,6.2,*****,6.6,*****,5.9,*****,6.9,0.1,7.4,0.1,6.4,0.1,7.7,0.1,8.2,0.1,7.3,0.1,7.6,0.1,8.0,0.1,7.1,0.1,7.2,0.1,7.5,0.1,6.9,0.1,7.2,0.1,7.4,0.1,7.1,*****,6.8,*****,6.9,*****,6.7,*****,6.5,0.1,6.6,0.1,6.5,0.1,6.9,0.1,6.8,0.1,7.0,0.1,6.5,*****,6.3,*****,6.7,*****,6.1,*****,5.9,*****,6.4,*****,5.7,0.1,5.5,0.1,5.9,0.1,5.3,0.1,5.0,0.1,5.6,0.1,4.2,0.1,4.0,0.1,4.3,0.1,3.3,0.1,3.0,0.1,3.6,0.1,2.4,0.1,2.2,0.1,2.7,0.1,1.8,0.1,1.5,0.1,2.0,0.1,1.6,0.1,1.3,0.1,1.9,0.1,14.6,*****,15.5,*****,13.7,*****,4.6,*****,4.9,*****,4.3,*****,10.1,0.1,10.6,0.1,9.7,*****,42.2,*****,43.2,*****,41.3,*****,77.7,0.1,76.3,0.1,79.0,0.1,74.6,*****,73.0,*****,76.1,*****,18.6,0.1,17.0,0.1,20.1,0.1,16.4,0.1,14.8,0.1,17.8,0.1,13.3,*****,12.0,*****,14.5,*****,5.8,*****,4.9,*****,6.6,*****,35.3,0.1,33.6,0.1,37.1,0.1,92.3,*****,(X),(X),(X),(X),63.1,*****,(X),(X),(X),(X),21.7,*****,(X),(X),(X),(X),41.4,*****,(X),(X),(X),(X),0.1,(X),(X),(X),(X),(X),0.8,(X),(X),(X),(X),(X)
