Sort,X2,X3,X4,X5,X6,FROM,DATE,SUBJECT,TYPE,CERTAINTY,ALT_TYPE,POLICY_EVENT,EVENT_NAME,EVENT_DATE,NOTES
2,Policy Congressional Report Opened Between 01/01/2012 and 01/31/2012,,,,,,,,,,,,,,
3,WF#,Receive Date,Congressman Name,Subject of Request,,,,,,,,,,,
4,932545,1/3/12,Congressman Gary L. Ackerman,Re: status of 1-730,,,,,,,,,,,
5,932992,1/6/12,Congressman Gary L. Ackerman,Form 1-730 filed for husband and son,,,,,,,,,,,
6,933012,1/6/12,Congressman Gary L. Ackerman,Status of her case,,,,,,,,,,,
7,933026,1/6/12,Congressman Gary L. Ackerman,Father file a Form 1-730 for his adopted daughter,,,,,,,,,,,
8,933339,1/10/12,Congressman Gary L. Ackerman,Form 1-730 cases,,,,,,,,,,,
9,933342,1/10/12,Congressman Gary L. Ackerman,Form 1-730 cases,,,,,,,,,,,
10,933467,1/11/12,Congressman Gary L. Ackerman,Constituent filed for daughter Form 1-730,,,,,,,,,,,
11,933474,l/l 1/2012,Congressman Gary L. Ackerman,Constituent filed Form 1-730 on behalf of friend,,,,,,,,,,,
12,,,,,,,,,,,,,,,
13,,,,,,,,,,,,,,,
14,933711,1/13/12,Congressman Gary L. Ackerman,Re an 1-730 case.,,,,,,,,,,,
15,933719,1/13/12,Congressman Gary L. Ackerman,Re an 1-730 case.,,,,,,,,,,,
16,934386,1/23/12,Congressman Gary L. Ackerman,Regarding an 1-730 petition.,,,,,,,,,,,
17,934429,1/23/12,Congressman Gary L. Ackerman,Re an 1-730 case.,,,,,,,,,,,
18,934565,1/24/12,Congressman Gary L. Ackerman,Constituent filed Form 1-730 for her husband,,,,,,,,,,,
19,934690,1/25/12,Congressman Gary L. Ackerman,"Re an 1-730, Refugee/Asylee Relative Petition.",,,,,,,,,,,
20,934836,1/26/12,Congressman Gary L. Ackerman,Status on her case Form 1-485,,,,,,,,,,,
21,934821,1/26/12,Congressman Gary L. Ackerman,Constituent filed for Form 1-730 for relatives,,,,,,,,,,,
22,,,,,,,,,,,,,,,
23,,,,,,,,,,,,,,,
24,934908,1/27/12,Congressman Gary L. Ackerman,Wife for her husband Form 1-730,,,,,,,,,,,
25,933812,1/17/12,Congressman Robert B. Aderholt,Urges the Department to fulfill its stated enforcement priority by immediately deploying the Secure Communities Program to Alabama.,,,,,,,,,,,
26,932552,1/3/12,Senator Lamar Alexander,Write to encourage an oversight hearing about TSA and its failure to implement the Screening Partnership Program as Congress intended.,,,,,,,,,,,
27,932905,1/5/12,Senator Lamar Alexander,Re status on I-129F/I-797,,,,,,,,,,,
28,932732,1/4/12,Congressman Roscoe G. Bartlett,Writes on behalf of constituent<bl(Sl    president and CEO of e- End requesting public contact information for Contracting Officers in charge of the destruction of data and technology from DHS1 - DHS24.,,,,,,,,,,,
29,932889,1/5/12,Senator Mark Begich,"Renews request for priority consideration for a Jones Act waiver to allow the delivery of gasoline from Dutch Harbor, AL to Nome.",,,,,,,,,,,
30,934385,1/23/12,Congressman Jeff Bingaman,Re an I-290B.,,,,,,,,,,,
31,,,,,,,,,,,,,,,
32,,,,,,,,,,,,,,,
33,933327,1/10/12,Congressman Sanford D. Bishop,Writes to commend the Department for its activities regarding MANPADS.,,,,,,,,,,,
34,932573,1/3/12,Congressman Timothy H. Bishop,Writes concerning constituent    losing his job due to a negative investigation from DHS.,,,,,,,,,,,
35,934647,1/23/12,Senator Roy Blunt,Constituent<b)lbl    prites seeking assistance obtaining his overtime pay,,,,,,,,,,,
36,934756,1/26/12,Senator Roy Blunt,Status of EB-5 application for Gateway to the Midwest Investment Center,,,,,,,,,,,
37,935194,1/31/12,Congressman Charles W. Bousiany,Constituent tiled Forms 1-601 and 1-212,,,,,,,,,,,
38,934949,1/27/12,Congressman Mo Brooks,(h'(6-    ^nd his [-90 case.,,,,,,,,,,,
39,932556,1/3/12,Congressman Paul Broun,Writes on behalf of constituent who requests the status of his unsolicited proposal entitled Security for Airports and Flight Operations and requests grant information to begin a study of less than major airports1 security preparedness.,,,,,,,,,,,
40,933326,1/10/12,Congressman Paul Broun,Constituent needs help with expediting his wife's immigration,,,,,,,,,,,
41,,,,,,,,,,,,,,,
42,,,,,,,,,,,,,,,
43,934666,1/25/12,Congressman Paul Broun,Constituent wants help with a waiver for her husband,,,,,,,,,,,
44,934886,1/27/12,Congressman Paul Broun,Constituent needs her husband back in the United States before her surgery,,,,,,,,,,,
45,933734,1/13/12,Congressman Scott P. Brown,Re an 1-212-1-601 case.,,,,,,,,,,,
46,934134,1/19/12,Congressman Scott P. Brown,Writes on behalf of constituent who is having difficulty transferring his GI Bill benefits.,,,,,,,,,,,
47,934227,1/20/12,Congressman Scott P. Brown,Constituent filed for sister a Form 1-730,,,,,,,,,,,
48,934492,1/24/12,Congressman Scott P. Brown,Constituent is trying renew his Form 192,,,,,,,,,,,
49,935171,1/31/12,Congressman Scott P. Brown,Re status of 1-601 waiver.,,,,,,,,,,,
50,935147,1/30/12,Senator Sherrod Brown,Writes on behalf of constituent who is concerned about a trademark issue between TSA and The Pre-Check Company.,,,,,,,,,,,
51,,,,,,,,,,,,,,,
52,934399,1/23/12,Congressman John Campbell,Re an 1-129 status.,,,,,,,,,,,
53,934997,1/27/12,Congressman Shelley Moore Capito,Writes on behalf of a constituent who requests a congressional inquiry and/or hearing into the procedures and/or procurements involved in the placement of a stoplight on US 340 in West Virginia.,,,,,,,,,,,
54,934513,1/24/12,Senator Saxby Chambliss,Constituent needs a waiver to apply for visa,,,,,,,,,,,
55,934588,1/24/12,Senator Saxby Chambliss,Constituent filed Form 1-601 for her husband,,,,,,,,,,,
56,932483,1/3/12,Congressman Donna M. Christensen,Re status on I-290B.,,,,,,,,,,,
57,934822,1/26/12,Congressman Donna M. Christensen,Writes regarding the postponement of the collection of certain funds that the U.S. Virgin Islands owes to the Federal Emergency Management Agency.,,,,,,,,,,,
58,933934,1/17/12,Congressman Hansen Clarke,Writes on behalf of constituent who believes he is being ethnically profiled by TSA for additional screening when travelling.,,,,,,,,,,,
59,932926,1/5/12,Congressman William Lacy Clay,Re: Status on an EB-5 regional center (Gateway to the Midwest Investment Center).,,,,,,,,,,,
60,932861,1/5/12,Congressman Hillary Rodham Clinton,Writes SI regarding the national interest waiver authority for two low risk-applicant groups.,,,,,,,,,,,
61,,,,,,,,,,,,,,,
62,,,,,,,,,,,,,,,
63,933987,1Z18/2012,Senator Bob Corker,"Re status on an I-13O/1-485,",,,,,,,,,,,
64,934008,1/18/2012',Senator Bob Corker,Husband and wife have an immigration problem,,,,,,,,,,,
65,932730,1/4/12,Senator Michael D. Crapo,"Writes on behalf of constituent who is requesting information as to why he is being referred to secondary inspection by CBP,",,,,,,,,,,,
66,934466,1/24/12,Senator Michael D. Crapo,"Re; status on an I-129F,",,,,,,,,,,,
67,934752,1/26/12,Senator Michael D. Crapo,Re status of T-485 cases.,,,,,,,,,,,
68,934977,1/30/12,Congressman Jim DeMint,"Writes on behalf of constituent,about costly and multiple inspections of container shipments by U.S. Customs at the Port of Charleston.",,,,,,,,,,,
69,933S00,1/17/12,Congressman David Dreier,Re an I-485/I-290B cases.,,,,,,,,,,,
70,,,,,,,,,,,,,,,
71,934308,1/20/12,Congressman Jeff Duncan,Constituent and want Form 1-485 approved,,,,,,,,,,,
72,932690,1/4/12,Congressman John J. Duncan,Constituent wants status of case,,,,,,,,,,,
73,933067,1/6/12,Congressman Sam Fan',"Writes on behalf of constituent,|b)(c,)    concerning product labeling.",,,,,,,,,,,
74,933022,1/6/12,Senator Dianne Feinstein,(b)(61    pending asylum case,,,,,,,,,,,
75,933077,1/6/12,Senator Dianne Feinstein,"Re a report fromI'eoort an Immigration violations of U.S Immigration Law,",,,,,,,,,,,
76,933811,1/17/12,Senator Dianne Feinstein,Re status of an I-589/I-765 case.,,,,,,,,,,,
77,934318,1/23/12,Senator Dianne Feinstein,Thanks the Secretary for the quick response addressing her concerns over CBP staffing at LAX and the briefing her staff received from Assistant Commissioner Kevin McAleenan.,,,,,,,,,,,
78,933859,1/17/12,Congressman Michael G. Fitzpatrick,Requests waiver of inadmissibility for the constituent's business partner.,,,,,,,,,,,
79,935261,1/31/12,Congressman Rodney P. Frelinghuysen,Request for an Application for Deferred Action.,,,,,,,,,,,
80,,,,,,,,,,,,,,,
81,,,,,,,,,,,,,,,
82,933814,1/17/12,Congressman Elton Gallegly,Re an 1-601/CDJ case.,,,,,,,,,,,
83,934026,1/18/12,Congressman Elton Gallegly,Status of Form 601,,,,,,,,,,,
84,933227,1/9/12,Senator Lindsey O. Graham,Writes on behalf of constituent who was terminated from his job at the Miami International Airport and would like to be reassigned to South Carolina. Constituent sent a resignation in protest letter prior to being terminated and did not sign any paperwork upon his termination.,,,,,,,,,,,
85,933723,1/13/12,Senator Lindsey O. Graham,Writes on behalf of constituent who was not satisfied with the response he received via WF 926529. The constituent requests that his two fees be waived after a clerical error was made 23 years ago.,,,,,,,,,,,
86,933886,1/17/12,Senator Lindsey O. Graham,Constituent is a refugee and wants his son to join him here in the United States,,,,,,,,,,,
87,933111,12/20/11,Senator Charles E. Grassley,Wries regarding Si's International Travel,,,,,,,,,,,
88,934662,1/25/12,Senator Charles E. Grassley,Expresses concerns that recipients of H IB visa are improperly using their Social Security Numbers and asks about data sharing between federal agencies to prevent abuse of government programs.,,,,,,,,,,,
89,,,,,,,,,,,,,,,
90,,,,,,,,,,,,,,,
91,935096,1/30/12,Senator Charles E. Grassley,"Writes to follow-up on previous request for DHS to intervene in Cook County where an ordinance permits local law enforcement to release suspected illegal immigrants despite detainer requests, and calls on DHS to take steps to activate Secure Communities in Cook County earlier than previously planned.",,,,,,,,,,,
92,934151,1/19/12,Congressman Sam Graves,Writes on behalf of a constituent who alleges not receiving overtime pay earned as an EPS staffer.,,,,,,,,,,,
93,933354,1/10/12,Congressman A1 Green,Constituent needs a kidney transplant and donor need to travel to United States,,,,,,,,,,,
94,933316,1/10/12,Congressman Raul M. Grijalva,Constituent wants to adopt niece as her father has died,,,,,,,,,,,
95,934820,1/26/12,Congressman Michael Grimm,Constituent wants letter to explain denial,,,,,,,,,,,
96,934233,1/20/12,Congressman Doc Hastings,Form 1-601,,,,,,,,,,,
97,934381,1/23/12,Congressman Doc Hastings,Re an 1-485 case.,,,,,,,,,,,
98,935158,1/31/12,Congressman Doc Hastings,Re an 1-601 waiver.,,,,,,,,,,,
99,,,,,,,,,,,,,,,
100,,,,,,,,,,,,,,,
101,933005,1/6/12,(tjVGl,xxxxx,,,,,,,,,,,
102,933612,1/12/12,Congressman Joe Heck,Constituent makes inquiry,,,,,,,,,,,
103,933489,1/11/12,Congressman Jeb Hensarting,Husband filed for his wife Form 1-601,,,,,,,,,,,
104,933648,1/12/12,Congressman Jeb Hensarling,Constituent filed Form 1-601 for husband,,,,,,,,,,,
105,935097,1/30/12,Congressman Brian Higgins,Writes regarding the allocation of funding for high-risk urban areas under the Urban Areas Security Initiative program.,,,,,,,,,,,
106,934701,1/25/12,Congressman Maurice D. Hinchey,Constituents have two children with medical issues,,,,,,,,,,,
107,932666,1/4/12,Congressman Kathy Hochul,Constituent wants a visit for his younger brother,,,,,,,,,,,
108,932671,1/4/12,Congressman Kathy Hochul,Constituent wants status on his son's and father’s cases,,,,,,,,,,,
109,,,,,,,,,,,,,,,
110,,,,,,,,,,,,,,,
111,933491,1/11/12,Congressman Kathy Hochul,Husband filed Form 1-130 for his wife,,,,,,,,,,,
112,935238,1/31/12,Congressman Kathy Hochul,Re. an N-565.,,,,,,,,,,,
113,934947,1/27/12,Congressman Chris Van Hollen,"RegardingtbK6j    who applied for the position. Asvlum Officer,",,,,,,,,,,,
114,934593,1/24/12,Congressman Rush Holt,Follow-up on his case,,,,,,,,,,,
115,933599,1/12/12,Congressman Steny H. Hoyer,Constituent is here on a Hl B visa,,,,,,,,,,,
116,934808,1/26/12,Congressman Steny H. Hoyer,Constituent wants to expedite her petition for permanent resident,,,,,,,,,,,
117,934021,1/18/12,Congressman Daniel K. Inouye,"Writes to share a copy of the Hawaii Congressional delegation's letter that was sent to Secretary Clinton, which states the delegation's desire for easier travel to the United States for Chinese citizens.",,,,,,,,,,,
118,934585,1/24/12,Congressman Jesse L. Jackson,"Writes in opposition to a proposed immigration center being located in Crete, Ill.",,,,,,,,,,,
119,934327,1/20/12,Congressman Lynn Jenkins,Constituent wants to change visa F2 to FI,,,,,,,,,,,
120,,,,,,,,,,,,,,,
121,,,,,,,,,,,,,,,
122,935236,1/31/12,Congressman Lynn Jenkins,Re status of 1-485.,,,,,,,,,,,
123,934458,1/24/12,Congressman Bill Johnson,Re an update on an K1 Fiance visa. (I-129F).,,,,,,,,,,,
124,932942,1/6/12,Congressman Eddie Bernice Bernice Johnson,Requests a prompt investigation into the wrongful deportation of (bX6)    |,,,,,,,,,,,
125,934722,1/25/12,Congressman Eddie Bernice Bernice Johnson,Request sustainment of UASI grant funding for Dallas/Ft. Worth/Arlington area.,,,,,,,,,,,
126,935183,1/31/12,Congressman Sam Johnson,Re request for expedited processing for an J-140 denial appeal.,,,,,,,,,,,
127,934882,3/27/12,Senator John F. Kerry,Re several 1-730 cases.,,,,,,,,,,,
128,932971,1/6/12,Congressman Peter T. King,"Asks DHS to focus its attention on the effectiveness of homeland security grant funds, specifically providing adequate funding for the Transit Security Grant Program and Port Security Grant Program.",,,,,,,,,,,
129,933037,1/6/12,Congressman Jack Kingston,Re an 1-I40/1-290B case.,,,,,,,,,,,
130,,,,,,,,,,,,,,,
131,,,,,,,,,,,,,,,
132,933073,1/6/12,Congressman Jack Kingston,Writes concerning a constituent who is visually impaired and lost his job as a snack bar facility manager because he lost his security clearance.,,,,,,,,,,,
133,933313,1/10/12,Congressman Jack Kingston,"Writes on behalf of constituent who requests to be put back on the applicant list for the CBP position that he was offered in the Atlanta office, but claims to have applied for the position in the Savannah office.",,,,,,,,,,,
134,933927,1/17/12,Senator Mark Kirk,Writes on behalf of constituent who is inquiring about federal grants for video equipment installation.,,,,,,,,,,,
135,934643,1/25/12,Senator Mark Kirk,Status of Asylum Officer position,,,,,,,,,,,
136,934984,1/30/12,Congressman Mark Steven Kirk,"Writes on behalf of Lake Bluff Fire Department, requesting review of 2011 FEMA Assistance to Firefighters Grant Program.",,,,,,,,,,,
137,935006,1/30/12,Congressman Mark Steven Kirk,"Writes on behalf of Braidwood Fire Protection District, requesting review of 2011 FEMA Assistance to Firefighters Grant Program.",,,,,,,,,,,
138,935007,1/30/12,Congressman Mark Steven Kirk,"Writes on behalf of Onarga Fire Protection District, requesting review of 2011 FEMA Assistance to Firefighters Grant Program.",,,,,,,,,,,
139,935011,1/30/12,Congressman Mark Steven Kirk,"Writes on behalf of Chester Fire Department, requesting review of 2011 FEMA Assistance to Firefighters Grant Program.",,,,,,,,,,,
140,,,,,,,,,,,,,,,
141,,,,,,,,,,,,,,,
142,935015,12/30/12,Congressman Mark Steven Kirk,Writes on behalf of Northwest Central Dispatch System requesting review of 2011 FEMA Assistance to Firefighters Grant Program.,,,,,,,,,,,
143,933442,1/11/12,Congressman Doug Lambom,Form (-751 and Form 1-90,,,,,,,,,,,
144,934900,1/27/12,Congressman Doug Lambom,"Constituent has an approved Form 1-140, still wants green card",,,,,,,,,,,
145,933243,1/9/12,Senator Frank R. Lautenberg,Asks DHS to consider granting Hazard Mitigation Assistance Grant Program funding to the Township of Commercial.,,,,,,,,,,,
146,935081,1/30/12,Senator Frank R. Lautenberg,Requests that DHS provide funding for the Nonprofit Security Grant Program for FYI2.,,,,,,,,,,,
147,934637,1/25/12,Congressman John Lewis,Regarding ^blt6j,,,,,,,,,,,
148,933064,1/6/12,Congressman Joseph 1. Lieberman,"Ask that special attention be given to the allocation of funds through the 2012 Consolidated Appropriations Act, conferring with them as necessary while continuing to follow laws governing current grant programs.",,,,,,,,,,,
149,933170,1/9/12,Congressman Frank A. LoBiondo,Constituent is without papers to travel or being able to apply for work,,,,,,,,,,,
150,,,,,,,,,,,,,,,
151,,,,,,,,,,,,,,,
152,933061,1/6/12,Congressman Richard G. Lugar,Wife thinks her husband's case was mishandle by the Consulate's office,,,,,,,,,,,
153,934419,1/23/12,Congressman Ben Lujan,Informs SI of a cyber security solutions provider in his district.,,,,,,,,,,,
154,934935,1/27/12,Congressman Ben Lujan,Re a 1-601 case,,,,,,,,,,,
155,933070,1/6/12,Congressman Carolyn B. Maloney,RE: (E^(6t    obtain a BI-Visa.,,,,,,,,,,,
156,932748,1/4/12,Congressman Doris O. Matsui,Deportation of Constituent's wife,,,,,,,,,,,
157,935208,1/31/12,Congressman Michael McCaul,Wife filed for her husband Form 1-601,,,,,,,,,,,
158,933924,1/17/12,Congressman Mike McIntyre,Writes on behalf of constituent who is concerned about the way foreign visitors are treated prior to entry into the U.S.,,,,,,,,,,,
159,933626,1/12/12,Congressman Patrick Meehan,Writes to inquire about the progress DHS has made in regards to social media monitoring.,,,,,,,,,,,
160,,,,,,,,,,,,,,,
161,934283,1/20/12,Congressman Gary G. Miller,Writes on behalf of US CIS employee who is lodging complaint against his employer.,,,,,,,,,,,
162,932988,1/6/12,Senator Lisa Murkowski,Re status of 1-601 waiver.,,,,,,,,,,,
163,933312,1/10/12,Senator Lisa Murkowski,Constituent filed for his wife Form 601,,,,,,,,,,,
164,932734,1/4/12,Senator Bill Nelson,"Seek assistance for Haitian families waiting for visa numbers to become available, and urge the inclusion ofH-2A and H-2B temporary worker visa programs.",,,,,,,,,,,
165,935016,1/30/12,Senator Bill Nelson,Writes on behalf of constituent requesting review of job consideration.,,,,,,,,,,,
166,934023,1/18/12,Congressman Alan Nunnelee,Constituent wants husband to come home to United States,,,,,,,,,,,
167,933191,1/9/12,Congressman Bill L. Owens,Write regarding the Department's decision to not include Seized Property Specialists in CBP's enhanced retirement system.,,,,,,,,,,,
168,934967,1/27/12,Congressman Frank Pall one,Writes on behalf of constituent who requests her passport and green card documentation back after being detained by CBP.,,,,,,,,,,,
169,,,,,,,,,,,,,,,
170,934126,1/19/12,Congressman William Pascrell,Requests that funding for Non-Profit Security Grant Program be maintained at FY2011 level.,,,,,,,,,,,
171,934983,1/27/12,Congressman William Pascrell,Writes again on behalf of constituent (t7(6i    who was unjustly profiled and detained along with his wife when trying to return to the United States from an overseas trip.,,,,,,,,,,,
172,932648,1/4/12,Senator Rand Paul,Writes on behalf of constituent to request DHS certify adopted children’s birth certificates.,,,,,,,,,,,
173,932586,1/3/12,Congressman Steve Pearce,"Writes on behalf of constituen|fb,(B)    who complains about how he was treated by a CBP Officer.",,,,,,,,,,,
174,933546,1/12/12,Congressman Steve Pearce,Re an 1-601 case.,,,,,,,,,,,
175,935247,1/31/12,Congressman Gary Peters,Constituent owes a debt she knows nothing about to Debt Management Division,,,,,,,,,,,
176,934915,1/27/12,Congressman Pedro Pierluisi,Writes regarding the drug-related violence in Puerto Rico.,,,,,,,,,,,
177,932592,1/3/12,Congressman Mike Quigley,"Status on 1-290,1-601 and 1-212 waivers.",,,,,,,,,,,
178,,,,,,,,,,,,,,,
179,933045,1/6/12,Congressman Dennis R. Rehberg,"Writes on behalf of eonstiuenl, lb'<6)    regarding a transfer of funds from DHS.",,,,,,,,,,,
180,934109,1/19/12,Senator Harry Reid,inquiry on dual citizenship,,,,,,,,,,,
181,934020,1/18/12,Congressman Jim Renaeci,Constituent wants her husband in the United States,,,,,,,,,,,
182,934641,1/25/12,Congressman Jim Renaeci,Re Status on I-485/I-765 case.,,,,,,,,,,,
183,932528,1/3/12,Senator Pat Roberts,Re status of 1-601 waiver,,,,,,,,,,,
184,933458,1/11/12,Senator Pat Roberts,Form 1-601 case,,,,,,,,,,,
185,933993,1/18/12,Congressman Martha Roby,Re the Save Program.,,,,,,,,,,,
186,932891,1/3/12,Senator John D. Rockefeller,Sen Rockefeller read and article about some Label Pins in his district and would like access to them,,,,,,,,,,,
187,934284,1/20/12,Congressman Dennis Ross,Constituent wants status,,,,,,,,,,,
188,,,,,,,,,,,,,,,
189,934624,1/23/12,Senator Marco Rubio,Constituent    is seeking assistance with his pending SEVIS case.,,,,,,,,,,,
190,934992,1/27/12,Senator Marco Rubio,Writes on behalf of constituent.    regarding Traveler's Redress inquiry request.,,,,,,,,,,,
191,935029,1/30/12,Senator Marco Rubio,Writes on behalf of constituent requesting U.S. citizenship.,,,,,,,,,,,
192,932706,1/4/12,Congressman Jon Runyan,Status of his daughter's case,,,,,,,,,,,
193,934905,1/27/12,Congressman Paul D. Ryan,Re    who believes she has been a victim of US CIS related Fraud. (N-400 case ).,,,,,,,,,,,
194,934912,1/27/12,Congressman Paul D. Ryan,Re an 1-130 case.,,,,,,,,,,,
195,932788,1/4/12,Congressman Timothy Ryan,EAD not received,,,,,,,,,,,
196,934015,1/18/12,Congressman Janice D. Schakowsky,Status of appeal,,,,,,,,,,,
197,933593,1/12/12,Congressman Kurt Schrader,Constituent filed Form I 601 for her parents,,,,,,,,,,,
198,,,,,,,,,,,,,,,
199,,,,,,,,,,,,,,,
200,932714,1/4/12,Senator Charles E. Schumer,Asks DHS to consider granting Assistance to Firefighters Grant Program funding to the Melenville Volunteer Fire Company.,,,,,,,,,,,
201,932766,1/4/12,Senator Charles E. Schumer,Asks DHS to consider granting Assistance to Firefighters Grant Program funding to the West Fulton Volunteer Fire Department.,,,,,,,,,,,
202,933854,1/17/12,Senator Charles E. Schumer,Requests an explanation as to what went wrong with DHS/lCE's procedures in the deportation ofand asks what must be collected.,,,,,,,,,,,
203,934135,1/19/12,Senator Charles E. Schumer,"Writes on behalf of constituent and requests a full and complete investigation report on Matthew' Curley, who went missing at Sea on August 29th off the coast of Hawaii.",,,,,,,,,,,
204,934514,1/24/12,Senator Charles E. Schumer,Asks to confer a one-time one-year grant of deferred action status for individuals whose cases administratively close as part of the prosecutorial discretion initiative.,,,,,,,,,,,
205,934518,1/24/12,Senator Charles E. Schumer,Write to support application submitted by Melville Fire Department for funding tinder the Assistance to Firefighters Program.,,,,,,,,,,,
206,934520,1/24/12,Senator Charles E. Schumer,Write to support application submitted by the Lindenhurst Fire Department for funding under the Assistance to Firefighters Program.,,,,,,,,,,,
207,934521,1/24/12,Senator Charles E. Schumer,Writes to support application submitted by the Port Washington Fire Department for funding under the Assistance to Firefighters Program.,,,,,,,,,,,
208,,,,,,,,,,,,,,,
209,,,,,,,,,,,,,,,
210,934564,1/24/12,Senator Charles E. Schumer,Write to support application submitted by the Village of Sag Harbor Fire Department for funding under the Assistance to Firefighters Program.,,,,,,,,,,,
211,935075,1/30/12,Senator Charles E. Schumer,Writes in support of Gloversville Fire Department for funding under the Assistance to Firefighters Grant Program.,,,,,,,,,,,
212,935091,1/30/12,Senator Charles E. Schumer,Writes in support of Scriba Volunteer Fire Department for funding under the Assistance to Firefighters Grant Program.,,,,,,,,,,,
213,935094,1/30/12,Senator Charles E. Schumer,Writes in support of application submitted by the Board of Fire Commisioners for funding under the Assistance to Firefighters Program.,,,,,,,,,,,
214,934391,1/23/12,Congressman Robert C. Scott,Re 1-600 case.,,,,,,,,,,,
215,932930,1/5/12,Congressman Jose E. Serrano,Re: Humanitarian Parole cases.,,,,,,,,,,,
216,932902,1/5/12,Senator Richard C. Shelby,Re status of 1-730 petition.,,,,,,,,,,,
217,,,,,,,,,,,,,,,
218,932547,1/3/12,Congressman Brad Sherman,Writes on behalf of constituentwho complains that DHS raided his home and owes him money for the damages.,,,,,,,,,,,
219,934S10,1/26/12,Congressman Brad Sherman,Constituent to be reviewed in immigration court green card and India passport confiscated,,,,,,,,,,,
220,934829,1/26/12,Congressman Adrian Smith,Constituents wish to adopt 2 children from the Ukraine,,,,,,,,,,,
221,932918,1/5/12,Congressman Lee Terry,Re Expedite request for 1-601 waiver for Ana Karen Cortez.,,,,,,,,,,,
222,934639,1/25/12,Congressman Lee Terry,Constituent wants to retrieve child left behind in Eritrea,,,,,,,,,,,
223,934858,1/26/12,Congressman Lee Terry,Objects to TSA telling passengers that Congress mandated the use of the personally invasive scanners.,,,,,,,,,,,
224,934892,1/26/12,Congressman Bennie G. Thompson,"Requests the Department to provide responses to questions concerning the implementation of the Department's responsibilities under the Consolidated Appropriations Act, 2012.",,,,,,,,,,,
225,,,,,,,,,,,,,,,
226,934500,1/24/12,Congressman Scott Tipton,Constituent trying for Railroad retirement,,,,,,,,,,,
227,935100,1/30/12,Congressman Scott Tipton,Constituent is applying for medicare card,,,,,,,,,,,
228,933943,1/18/12,Senator Tom Udall,Husband and wife waiting for removal now eligible for Work Authorization,,,,,,,,,,,
229,934680,1/25/12,Congressman Fred Upton,Congressional Correspondence from House Committee on Energy and Commerce regarding oversight of the Department of Homeland Security's implementation of the Chemical Facilitiy Anti-Terrorism Standards (CFATS) program and regulations,,,,,,,,,,,
230,932887,1/4/12,Congressman Peter J. Visclosky,Requests assistance on behalf of his constituent in obtaining security clearance.,,,,,,,,,,,
231,935167,1/31/12,Congressman Peter J. Visclosky,Return of her original documents,,,,,,,,,,,
232,933529,1/12/12,Congressman Jim Webb,Re status of 1-130 cases.,,,,,,,,,,,
233,933883,1/17/12,Congressman Jim Webb,Alleges harassment and defamation by DHS employees.,,,,,,,,,,,
234,932549,1/3/12,Congressman Peter Welch,Letter of support for humanitarian parole petition by a doctor for his Brazilian same-sex partner.,,,,,,,,,,,
235,,,,,,,,,,,,,,,
236,,,,,,,,,,,,,,,
237,932575,1/3/12,Congressman Allen West,Re a 1-130 petition and an 1-601 waiver that was denied.,,,,,,,,,,,
238,933349,1/10/12,Senator Sheldon Whitehouse,Form 1-131 cases,,,,,,,,,,,
239,933006,1/6/12,Congressman Robert Wittman,Wife filed Form 1-601 for husband expeditious processing because of her health,,,,,,,,,,,
240,934574,1/24/12,Congressman Robert Wittman,Form 1-601,,,,,,,,,,,
241,933071,1/6/12,Congressman Frank R. Wolf,Writes concerning a constituent who was put on administrative leave -not disciplinary with no explanation from the Office of Tribal Self-Governance.,,,,,,,,,,,
242,933916,1/17/12,Congressman Frank R. Wolf,Writes on behalf of constituent who is presenting technological innovation to DHS.,,,,,,,,,,,
243,933865,1/17/12,,None,,,,,,,,,,,
244,934695,1/25/12,,Senator Lamar Alexander writes in support of the grant application submitted by the City of Walden's Creek Fire Department.,,,,,,,,,,,
245,,,,,,,,,,,,,,,
246,Policy Congressional Report,,,,,,,,,,,,,,
247,Opened Between 02/01/2012 and 02/29/2012,,,,,,,,,,,,,,
248,WF#,Receive Date,Congressman Name,Subject of Request,,,,,,,,,,,
249,935543,2/2/12,Congressman Gary L. Ackerman,Re 1-730 cases.,,,,,,,,,,,
250,935754,2/3/12,Congressman Gary L. Ackerman,Form 1-730 case,,,,,,,,,,,
251,935996,2/7/12,Congressman Gary L. Ackerman,Mother inquiring for her daughter on Form 1-730,,,,,,,,,,,
252,936201,2/8/12,Congressman Gary L. Ackerman,Re status of several 1-730 cases.,,,,,,,,,,,
253,937085,2/14/12,Congressman Gary L. Ackerman,Re an 1-730 refugee/asylee relative petition.,,,,,,,,,,,
254,937399,2/16/12,Congressman Gary L. Ackerman,Constituent filed for her daughter Form 1-730,,,,,,,,,,,
255,935908,2/6/12,Congressman Robert B. Aderholt,"writes with concerns about the expenditures of DHS and Components. Specifically the $14,425 expenses on the CBP change of Leadership ceremony.",,,,,,,,,,,
256,936744,2/10/12,Senator Lamar Alexander,Mother filed for daughter a Form 1-130,,,,,,,,,,,
257,,,,,,,,,,,,,,,
258,,,,,,,,,,,,,,,
259,936430,2/9/12,Congressman Justin Amash,Requests the reversal of DHS requirement that enhanced driver's licenses include vicinity radio frequency identification (RFID) technology.,,,,,,,,,,,
260,936548,2/9/12,Congressman Mark E. Amodei,Re an 1-601 case.,,,,,,,,,,,
261,937299,2/15/12,Senator Kelly Ayotte,Re the United States Commission on International Religious Freedom has Indonesia on a Watch List.,,,,,,,,,,,
262,936174,2/8/12,Congressman Roscoe G. Bartlett,Re an N-565 case.,,,,,,,,,,,
263,938073,2/23/12,Congressman Roscoe G. Bartlett,Needs Form N-600 to verification citizenship,,,,,,,,,,,
264,937928,2/22/12,Congressman Charles F. Bass,"Writes on behalf of constituent whose small business was fined after an ICE 19 audit; however, the constituent claims that he does not employ illegal immigrants.",,,,,,,,,,,
265,936334,2/8/12,Senator Michael Bennet,"Writes regarding the DHS six-week pilot program in Denver, Colorado, initiated to standardize the use of prosecutorial discretion.",,,,,,,,,,,
266,,,,,,,,,,,,,,,
267,936668,2/9/12,Congressman Timothy H. Bishop,Writes on behalf of constituent who is inquiring about the status of his pre-employment paperwork and background investigation with CBP.,,,,,,,,,,,
268,937084,2/14/12,Congressman Timothy H. Bishop,Requests that attention be given to his constituent's case since he should have been eligible under the Special Immigrant Juvenile Status program and faces hardships due to his brother's physical state.,,,,,,,,,,,
269,938108,2/24/12,Congressman Timothy H. Bishop,"Writes on behalf on constituent,<b,(6> concerning permanent residency proceedings.",,,,,,,,,,,
270,938116,2/23/12,Senator Roy Blunt,"On Feb. 13, 2012, Dept. of Labor forwarded letter from Sen. Roy Blunt dated Sept. 28, 2011. DOL responded to most of the concerns but referred to USCIS the issue of extending an H-l B visa to the constituent's employee (1-140).",,,,,,,,,,,
271,935497,2/2/12,"Congressman Scott P, Brown",Form 1-730 case,,,,,,,,,,,
272,935808,2/3/12,Congressman Scott P. Brown,Husband filing for his wife Form 1-601,,,,,,,,,,,
273,,,,,,,,,,,,,,,
274,,,,,,,,,,,,,,,
275,935899,1/20/12,Congressman Scott P. Brown,"Writes on behalf of constituent,    concerning GI Bill benefits.",,,,,,,,,,,
276,937194,2/14/12,Congressman Scott P. Brown,3 Form 1-290-B cases,,,,,,,,,,,
277,938231,2/24/12,"Congressman Scott P, Brown",Re a Immigrant visa for,,,,,,,,,,,
278,938553,2/29/12,Congressman Scott P. Brown,Re: A I-290B case.,,,,,,,,,,,
279,938466,2/28/12,Congressman Vem Buchanan,Writes on behalf of constituent who claims his civil rights were violated.,,,,,,,,,,,
280,937562,2/17/12,Congressman Michael C. Burgess,Time Sensitive inquiry,,,,,,,,,,,
281,936518,1/18/12,Congressman Dan Burton,Expresses being upset at FPS activities at a Social Security field office in Florida.,,,,,,,,,,,
282,937068,2/14/12,Congressman John Campbell,A birth certificate enclosed,,,,,,,,,,,
283,,,,,,,,,,,,,,,
284,937923,2Z22Z2012,Congressman Eric Cantor,Stolen travel documents and passport made it difficult to come back to the United States,,,,,,,,,,,
285,935371,2/1/12,Senator Robert P. Casey,Writes to urge funding for Preparedness Grant Programs.,,,,,,,,,,,
286,936186,2Z8/2012,Senator Robert P. Casey,"Re:(bt,6t    and her 1-485 case.",,,,,,,,,,,
287,936800,2/10/12,Congressman Kathy Castor,Writes on behalf of constituent(Cl)(6)    requesting clearance to handle and store nitrous oxide at work facility.,,,,,,,,,,,
288,937430,2/16/12,Congressman Steve Chabot,Mother filed for adopted daughter Form 1-130,,,,,,,,,,,
289,938533,2/29/12,Congressman Steve Chabot,Re an I-129F petition for,,,,,,,,,,,
290,936043,2Z7Z2012,Senator Saxby Chambliss,Writes to support the City of Moultrie Fire Department application for the Assistance to Firefighters grant.,,,,,,,,,,,
291,938209,2/24/12,Senator Saxby Chambliss,Senator writes seeking information pertaining to Constituent Pavel Shivy,,,,,,,,,,,
292,938)06,2/24/12,Congressman Judy Chu,Constituent wants petitioner to work for his company,,,,,,,,,,,
293,,,,,,,,,,,,,,,
294,,,,,,,,,,,,,,,
295,935830,2/6/12,Congressman Hansen Clarke,"Department of State Referral, in regard to",,,,,,,,,,,
296,936521 937574,2/17/12,Congressman Hillary Rodham Clinton Senator Tom A. Cobum,Wife needs husband to help her at home Form 1-601,,,,,,,,,,,
297,938230,2/24/12,Congressman Stephen I. Cohen,Refund for Form 1-485,,,,,,,,,,,
298,936936,2/16/12,Congressman Alan Cohn,RMA technical report + letters to Congress,,,,,,,,,,,
299,936680,12/14/11,Senator Susan M. Collins,Requests a justification for the three-year project monitoring the movement of jaguars and a detailed budget for the $6.8 million environmental mitigation fund.,,,,,,,,,,,
300,936126,2/7/12,Congressman K. Michael Conaway,"Writes on behalf of constituent,    concerning complaint against her CBP supervisor/co-workers.",,,,,,,,,,,
301,936004,1/7/12,Congressman Gerry Connolly,Writes on behalf of constituent regarding inaccurate service computation date.,,,,,,,,,,,
302,,,,,,,,,,,,,,,
303,,,,,,,,,,,,,,,
304,937054,2/14/12,Congressman Gerry Connolly,"Writes on behalf of constituent who requests answers to several questions including how ICE is addressing the racial discrimination and abuse suffered by African-American employees in promotions, awards, disciplinary actions, and seniority.",,,,,,,,,,,
305,935290,2/1/12,Senator Bob Corker,Re    1-602.,,,,,,,,,,,
306,937036,2/14/12,Senator Bob Corker,Re an 1-130 application.,,,,,,,,,,,
307,938577,2/29/12,Senator Bob Corker,Status of EB-5 visa case,,,,,,,,,,,
308,936S56,2/13/12,Senator John Cornyn,Writes on behalf of constituent.    |whose tax was withhold.,,,,,,,,,,,
309,937156,2/14/12,Senator Michael D. Crapo,Wife filed for husband Form 1-601,,,,,,,,,,,
310,935477,2/2/12,Congressman Joseph Crowley,Re an 1-730 petition for,,,,,,,,,,,
311,935557,2/2/12,Congressman Joseph Crowley,Re status of 1-730 petition.,,,,,,,,,,,
312,,,,,,,,,,,,,,,
313,,,,,,,,,,,,,,,
314,936011,2/7/12,Congressman Joseph Crowley,Mother inquirying about Form 1-730 case for her daughter,,,,,,,,,,,
315,937670,2/21/12,Congressman Jim DeMint,"Writes on behalf of constituent who requests information as to why his company's. Delftn USA, exports are being detained for months.",,,,,,,,,,,
316,937921,2/22/12,Congressman Jim DeMint,Writes on behalf of constituent regarding the status of his background investigation to become a Border Patrol Agent.,,,,,,,,,,,
317,937379,2/16/12,Congressman Scott DesJarlais,Constituent filed for husband Form 1-601,,,,,,,,,,,
318,936133,2/8/12,Congressman John D. Dingell,Re 1-601 waiver (AAO),,,,,,,,,,,
319,938111,2/24/12,Congressman David Dreier,Re Employment Eligibility Documentation (1-9 form).,,,,,,,,,,,
320,936705,2/10/12,Senator Richard J. Durbin,Re an 1-601 case.,,,,,,,,,,,
321,,,,,,,,,,,,,,,
322,937698,2/17/12,Congressman Donna F. Edwards,"Writes, on behalf of constituent, who was confronted in an unprofessional manner at work (NPPD).",,,,,,,,,,,
323,938516,2/29/12,Congressman Donna F. Edwards,Form 1-360 appeal,,,,,,,,,,,
324,938612,2/29/12,Congressman Eni Faleomavaega,Public benefit parole,,,,,,,,,,,
325,936525,2/9/12,Senator Dianne Feinstein,Writes to inform the Secretary that I&A in accordance with Committee rules will be under a detailed mission review .,,,,,,,,,,,
326,936993,2/13/12,Senator Dianne Feinstein,Requests an update on any progress USCIS has made to make E-Verify accessible to agricultural employers.,,,,,,,,,,,
327,938408,2/28/12,Senator Dianne Feinstein,Writes on behalf of    |who complains that his aircraft was seized by DHS.,,,,,,,,,,,
328,935926,2/6/12,Congressman Stephen Fincher,"Constituent requests, through law firm, a copy of his flood insurance file from FEMA due to alleged fraud.",,,,,,,,,,,
329,935797,2/3/12,Congressman Jeff Flake,Humanitarian Parole for 3 children,,,,,,,,,,,
330,935975,2/7/12,Congressman Bill Flores,Constituent wishes to change F2 to FI,,,,,,,,,,,
331,,,,,,,,,,,,,,,
332,,,,,,,,,,,,,,,
333,937070,2/14/12,Congressman J. Randy Forbes,Re an Hague adoption case (1-1800).,,,,,,,,,,,
334,938089,2/24/12,Congressman J. Randy Forbes,Re status of an 1-130 petition.,,,,,,,,,,,
335,937062,2/14/12,Congressman Virginia Foxx,Dual citizenship,,,,,,,,,,,
336,937978,2/22/12,Senator A1 Franken,"Writes in support of heightened courthouse security, and to learn more about how State Homeland Security Grants can be used.",,,,,,,,,,,
337,935683,2/3/12,Congressman Elton Gallegly,Status of Form 1-601,,,,,,,,,,,
338,936719,2/10/12,Congressman Elton Gallegly,Signed waiver by constituent and attorney,,,,,,,,,,,
339,937404,2/16/12,Congressman Elton Gallegly,Response to hearing request from Chairman Gallegly to Director Mayorkas for a copy of the draft Benefit Fraud and Compliance Assessment (BFCA) regarding the L-1A visa,,,,,,,,,,,
340,,,,,,,,,,,,,,,
341,936524,2/9/12,Congressman David Gibbons,Request regarding designating an appropriate point of contact. DBS's Mater Plan for headquarters consolidation at the St. Elizabeth's campus.,,,,,,,,,,,
342,936528,2/9/12,Congressman David Gibbons,Writes regarding an inquiry into ICE's detention bed cost model and cost management. Requests to designate an appropriate POC to arrange for obtaining the data pertinent to this inquiry.,,,,,,,,,,,
343,935587,2/2/12,Congressman Gabrielle Giffords,Re status of 1-601 waiver,,,,,,,,,,,
344,938035,2/23/12,Senator Kirsten E. Gillibrand,Writes to extend an invitation to the Secretary to meet with the Applied Science Foundation (ASF).,,,,,,,,,,,
345,938592,2/29/12,Congressman Charles A. Gonzalez,Urges to take concrete action to establish a Caribbean Border Initiative and to substantially increase the level of personnel and other resources devoted to fighting drug-related violence in Puerto Rico and the U.S. Virgin Islands.,,,,,,,,,,,
346,936344,2/3/12,Congressman Robert W. Goodlatte,Wants to know if Virginia could use the SAVE database to verify citizenship of registered voters.,,,,,,,,,,,
347,935882,2/6/12,Congressman Paul Gosar,"Requests assistance on behalf of his constituent, who believes she is entitled to part of her ex-husband's DHS pension.",,,,,,,,,,,
348,937191,2/14/12,Congressman Trey Gowdy,Re an 1-131 case.,,,,,,,,,,,
349,,,,,,,,,,,,,,,
350,,,,,,,,,,,,,,,
351,938617,2/29/12,Senator Lindsey O. Graham,Re status of I-130 case.,,,,,,,,,,,
352,935315,2/1/12,Senator Charles E. Grassley,Re 1-600 case.,,,,,,,,,,,
353,935631,2/2/12,Senator Charles E. Grassley,Couple wants to live in the United States,,,,,,,,,,,
354,937706,2/17/12,Senator Charles E. Grassley,Expresses concern over the continued distribution of H-1B visas at a time of record unemployment.,,,,,,,,,,,
355,938529,2/29/12,Congressman Michael Grimm,Fuat Resiti regarding the status of his 1-601/1212 forms.,,,,,,,,,,,
356,938573,2/29/12,Congressman Michael Grimm,Status of Forms 1-601 and 1-212,,,,,,,,,,,
357,936401,2/9/12,Congressman Luis V. Gutierrez,"Writes to express concern about the lack of prosecutorial discretion in certain sympathetic cases, specifically as concerns the case o",,,,,,,,,,,
358,938450,2/28/12,Congressman Ralph M. Hall,"Writes on behalf of a constituent,concerning the cancellation of the program in the National Applications Office that was designed to use satellite imagery to assist law enforcement at the local level.",,,,,,,,,,,
359,,,,,,,,,,,,,,,
360,,,,,,,,,,,,,,,
361,936106,2/7/12,Congressman Alcee L. Hastings,Writes to express concerns of budget cuts faced by the Miami-Fort Lauderdale Urban Area Security Initiative Working Group.,,,,,,,,,,,
362,935618,2/3/12,Congressman Doc Hastings,Re status of an 1-601 waiver for,,,,,,,,,,,
363,937143,2/14/12,Congressman Doc Hastings,Wife filed Form T-601 for her husband,,,,,,,,,,,
364,938540,2/29/12,Senator Orrin G. Hatch,Husband Tiles for his wife Form 1-601,,,,,,,,,,,
365,938044,2/23/12,Congressman Wally Herger,Status of case,,,,,,,,,,,
366,936969,2/13/12,Congressman Brian Higgins,Strongly urges support for an expansion at the Peace Bridge.,,,,,,,,,,,
367,937813,2/22/12,Congressman Ruben Hinojosa,Submits a proposal from the City of Donna that would alleviate some of the strain on the Pharr Bridge.,,,,,,,,,,,
368,935310,2/1/12,Congressman Kathleen C Hochul,Re    who has contacted the Representative's office in regard Ito an ongoing matter involving this agency.,,,,,,,,,,,
369,937132,2/14/12,Congressman Kathy Hochul,Constituent paid twice for 1 case,,,,,,,,,,,
370,,,,,,,,,,,,,,,
371,,,,,,,,,,,,,,,
372,935978,2/7/12,Congressman Rush Holt,Constituent filed Form 1-140,,,,,,,,,,,
373,937059,2/14/12,Congressman Dunean D. Hunter,Writes on behalf of constituent who requests assistance regarding the fraudulent use of his social security number.,,,,,,,,,,,
374,937431,2/16/12,Congressman Dunean D. Hunter,Writes on behalf of constituent who inquires as to why he was ineligible for an ICE position.,,,,,,,,,,,
375,938180,2/24/12,Congressman Kay Bailey Hutchison,"Request to reopen constitueni ’‘A61    [-600 Petition to Classify Orphan as an Immediate Relative, which USCIS denied.",,,,,,,,,,,
376,935968,2/6/12,Senator James M. Inhofe,Constituent^6!    |submitted a Humanitarian Parole application for a child in Pakistan in need of medical treatment.,,,,,,,,,,,
377,935887,2/3/12,Senator Johnny Isakson,Writes concerning a constituent's request for an accident report that happened on 12/14/11 in the parking garage of the Sam Nunn Federal Building.,,,,,,,,,,,
378,936743,2/10/12,Senator Johnny Isakson,Re an 1-601 waiver.,,,,,,,,,,,
379,937899,2/22/12,Senator Johnny Isakson,Re an explanation of the denial of parole for (b)(6),,,,,,,,,,,
380,,,,,,,,,,,,,,,
381,937266,2/15/12,Congressman Lynn Jenkins,Status of I-129F.,,,,,,,,,,,
382,938534,2/29/12,Congressman Lynn Jenkins,Re an I-129F petition.,,,,,,,,,,,
383,937391,2/16/12,Congressman Bill Johnson,Constituent filing for Form 1-129 for his fiancee,,,,,,,,,,,
384,937571,2/17/12,Congressman Bill Johnson,Wife needs husband help to assist with mother's care,,,,,,,,,,,
385,936726,2/10/12,Senator Ron Johnson,Re an I-290B application.,,,,,,,,,,,
386,937874,2/21/12,Congressman Walter B. Jones,Rep. Jones wrote on behalf of1lb^6’    re; an NFIP claim.,,,,,,,,,,,
387,938165,2/24/12,"Congressman Walter B, Jones",Writes on behalf of constituent who claims he was treated poorly by CBP officers at Miami International Airport and requests his name be removed from the federal database.,,,,,,,,,,,
388,937370,2/15/12,Congressman Mike Kelly,"Writes on behalf of constituent,tb)(0>    who has the same exact name as someone else on the terrorist watch list.",,,,,,,,,,,
389,936061,2/7/12,Congressman Peter T. King,"Writes on behalf of constituent, |(b>(6)    who complains he is on the Department of Homeland Security's watch list.",,,,,,,,,,,
390,,,,,,,,,,,,,,,
391,936746,2/10/12,Congressman Jack Kingston,Wife helps husband with immigration he enter with inspection,,,,,,,,,,,
392,935473,2/2/12,Senator Mary L. Landrieu,AAO case,,,,,,,,,,,
393,937090,2/14/12,Senator Mary L. Landrieu,Refund of Premium Processing Service fee.,,,,,,,,,,,
394,938424,2/28/12,Senator Call Levin,Writes on behalf of the Sheriff of Calhoun County who is concerned with some of the provisions of a new agreement with ICE.,,,,,,,,,,,
395,938232,2/24/12,Congressman Jerry Lewis,Status of case Form 1-730,,,,,,,,,,,
396,935979,2/3/12,Congressman John Lewis,"Constituent(b,l6)    writes with concerns about a negative appraisal he received",,,,,,,,,,,
397,938641,2/29/12,Congressman Joseph I. Lieberman,Writes in support of sustaining National Preparedness Leadership Initiative (NPLI),,,,,,,,,,,
398,938623,2/29/12,Congressman Zoe Lofgren,Writes to recognize the significant steps the Department has taken to transform the detention system and urges to continue to pursue necessary reforms.,,,,,,,,,,,
399,936399,2/9/12,"Congressman Richard G, Lugar",Re status on on 1-601 case of,,,,,,,,,,,
400,,,,,,,,,,,,,,,
401,936560,2/9/12,Congressman Richard G. Lugar,Wife filed Form 1-601 waiver for her husband,,,,,,,,,,,
402,936569,2/9/12,Congressman Richard G. Lugar,Grandmother and husband hope for humanitarian parole for daughter and granddaughter,,,,,,,,,,,
403,935282,2/1/12,Congressman Carolyn B. Maloney,Re an I290B on behalf of{bMS1,,,,,,,,,,,
404,936661,2/10/12,Congressman Carolyn B. Maloney,Petitioner filed for Beneficiary L-l A nonimmigrant,,,,,,,,,,,
405,936150,2/8/12,Congressman Kenny Marchant,Expresses concern after reading an Associated Press article that stated CBP paid more than $1.4 billion in administrative uncontrollable overtime since 2006 and questions if there solutions to reducing or eliminating the overtime.,,,,,,,,,,,
406,936196,2/8/12,Congressman Carolyn McCarthy,Re an 1-601 waiver.,,,,,,,,,,,
407,,,,,,,,,,,,,,,
408,937888,2/22/12,Congressman Michael McCaul,Informs the Secretary of the Committe's request to the DHS Inspector General to initiate an investigation of DHS's role in Operation Fast and Furious.,,,,,,,,,,,
409,935919,2/6/12,Congressman James P. McGovern,Constituent filed Form I-130 for her parent and minor siblings,,,,,,,,,,,
410,936151,2/8/12,Congressman James P. McGovern,"Re status on an 1-601 waiver,",,,,,,,,,,,
411,938175,2/24/12,"Congressman Gary G, Miller",Writes on behalf of constituent who is attempting to submit a FOIA request.,,,,,,,,,,,
412,937930,2/22/12,Senator Jerry Moran,Writes to encourage the Department of Homeland Security to execute the approved land transfer and begin construction on the National Bio and Agro-Defense Facility as soon as possible.,,,,,,,,,,,
413,935366,1/31/12,Senator Patty Murray,"Writes on behalf of constituent,    concerning her name being placed on the IBIS List.",,,,,,,,,,,
414,935918,2/6/12,Senator Patty Murray,Requests assistance in expediting a technological solution to the challenge of scanning shipping containers for radiation that are transferred directly from ships to trains.,,,,,,,,,,,
415,937435,2/16/12,Senator Patty Murray,Constituent filed for fiance visa form,,,,,,,,,,,
416,,,,,,,,,,,,,,,
417,936714,2/10/12,Senator Bill Nelson,Daughter files for her father for a humnitarian parole,,,,,,,,,,,
418,937403,2/16/12,Senator Bill Nelson,Wife files for husband Form 1-601,,,,,,,,,,,
419,938226,2/24/12,Senator Bill Nelson,Marriage fraud by petitioner,,,,,,,,,,,
420,937920,2/22/12,Congressman Devin Nunes,Parents want daughter to return to United States they tiled Form 1-130,,,,,,,,,,,
421,935582,2/2/12,Congressman Bill L. Owens,regarding the renewal of her permanent residence card.,,,,,,,,,,,
422,938598,2/29/12,Congressman Steven Palazzo,Constituent wants to have his wife home,,,,,,,,,,,
423,936815,2/13/12,Congressman Ed Pastor,Re: FOIA request.,,,,,,,,,,,
424,,,,,,,,,,,,,,,
425,938153,2/21/12,Congressman Nelson Peacock,"GAO-12-14, COAST GUARD: Security Risk Model Meets DHS Criteria, but More Training Could Enhance Its Use for Managing Programs and Operations.",,,,,,,,,,,
426,938159,3/12/12,Congressman Nelson Peacock,"Response to Chairman Smith’s December 8, 2011 letter regarding the actions of removable criminal aliens who were brought to the attention of ICE but were not removed or taken into custody.",,,,,,,,,,,
427,936931,2/13/12,Congressman Steve Pearce,Form 1-485,,,,,,,,,,,
428,938554,2/29/12,Congressman Todd Russell Platts,Notice of Appeal Form I-290B,,,,,,,,,,,
429,938451,2/28/12,Senator Mark L. Pryor,"Writes on behalf of constituent,(bMD)    vho writes in regards to her EEOC complaint.",,,,,,,,,,,
430,936148,2/8/12,Congressman Mike Quigley,Writes to commend DHS on Homeland Security Grant Program Funds Awarded for Project Shield report and to encourage DHS that mismanagement of funds are not occuring in other areas .,,,,,,,,,,,
431,935801,2/3/12,Congressman Charles Rangel,Invites S1 to join him at an event in his district.,,,,,,,,,,,
432,936827,2/13/12,Senator Harry Reid,Writes on behalf of constituent requesting answers to questions regarding UASI Relative Risk Profile for the Las Vegas Urban Area.,,,,,,,,,,,
433,,,,,,,,,,,,,,,
434,936729,2/10/12,Congressman Jim Renacci,Re the status of an I-129F petition.,,,,,,,,,,,
435,935812,2/3/12,Congressman Silvestre Reyes,Dispute with USCIS and the way its was handled,,,,,,,,,,,
436,936809,2/13/12,Senator Jim Risch,RE: Status of 1-601 waiver.,,,,,,,,,,,
437,935392,2/1/12,Congressman Harold Rogers,Constituent fled Forms 1-212 and 1-612 for husband,,,,,,,,,,,
438,936135,2/8/12,Congressman Harold Rogers,Announces that candidates are being considered for the Professional Development Program in the House Appropriation Committee’s Surveys and Investigations Division.,,,,,,,,,,,
439,936723,2/10/12,Congressman Tom Rooney,Form 1-601 case,,,,,,,,,,,
440,936688,2/9/12,Congressman Steven R. Rothman,Writes in suppport of Bergen County continuing to receive allocations under the Nonprofit Security Grant Program.,,,,,,,,,,,
441,935466,2/2/12,Congressman Timothy Ryan,Constituent wants to obtain a copy of fiance petition approval letter,,,,,,,,,,,
442,,,,,,,,,,,,,,,
443,,,,,,,,,,,,,,,
444,936006,2/7/12,Congressman Timothy Ryan,Constituent filed for his wife Form T-130,,,,,,,,,,,
445,936739,2/10/12,Congressman Timothy Ryan,Re 1-130 cases.,,,,,,,,,,,
446,937587,2/17/12,Congressman Loretta Sanchez,Form 1-730 case. Form 1-130 case,,,,,,,,,,,
447,936741,2/10/12,Congressman Janice D. Schakowsky,"Re an 1-601 waiver of 'b),l5t",,,,,,,,,,,
448,938090,2/23/12,Congressman Janice D. Schakowsky,Humanitanian Parole for her brother,,,,,,,,,,,
449,938582,2/29/12,Congressman Janice D. Schakowsky,Form N-400,,,,,,,,,,,
450,938222,2/24/12,Congressman Bobby Schilling,Applicant would like a copy of his receipt for his N-400.,,,,,,,,,,,
451,,,,,,,,,,,,,,,
452,935755,2/3/12,Senator Charles E. Schumer,Writes in support of Syosset Fire District FEMA's Assistance to Firefighters Grant Program application.,,,,,,,,,,,
453,935757,2/3/12,Senator Charles E. Schumer,Writes in support of Board of Fire Commissioners FEMA's Assistance to Firefighters Grant Program application.,,,,,,,,,,,
454,935758,2/3/12,Senator Charles E. Schumer,Writes in support of Levittown Fire District Board of Commissioners FEMA's Assistance to Firefighters Grant Program application.,,,,,,,,,,,
455,935760,2/3/12,Senator Charles E. Schumer,Writes in support of Melville Fire Department FEMA's Assistance to Firefighters Grant Program application.,,,,,,,,,,,
456,935774,2/3/12,Senator Charles E. Schumer,Writes in support of Lindenhurst Fire Department FEMA's Assistance to Firefighters Grant Program application.,,,,,,,,,,,
457,936173,2/8/12,Senator Charles E. Schumer,"Requests funding under the Assistance to Firefighters Grant Program to purchase self-contained breathing apparatus and personal protective equipment for Smithtownand its regional partners (halesite, Centerport, Melville, and Kings Park).",,,,,,,,,,,
458,936187,2/8/12,Senator Charles E. Schumer,Requests funding under the Assistance to Firefighters Program in order to purchase a vehicle exhaust system for Kings Park fire district.,,,,,,,,,,,
459,936188,2/8/12,Senator Charles E. Schumer,"Request for funding under the Assistance to Firefighters Program to purchase a vehicle exhaust system for the Plandrome Fire Department in the Town of North hampstead, Nassau County, NY.",,,,,,,,,,,
460,,,,,,,,,,,,,,,
461,936189,2/8/12,Senator Charles E. Schumer,Requests funding under the Assistance to Firefighters Grant Program to purchase a driving simulator for the Vigilant Engine and Hook and Ladder Co. on the peninsula of Great Neck in NY.,,,,,,,,,,,
462,936190,2/8/12,Senator Charles E. Schumer,Writes in support of South Hempstead Fire District Assistance to Firefighters Program application.,,,,,,,,,,,
463,936200,2/8/12,Senator Charles E. Schumer,Writes in support of application submitted by the South Hempstead Fire District for funding under the Assistance to Firefighters Program. (Application No. 2011 EMW-F0-5960),,,,,,,,,,,
464,936534,2/9/12,Senator Charles E. Schumer,Writes in support of application submitted by the Fairview Fire District for funding under the FEMA Assistance to Firefighter's Grant Program.,,,,,,,,,,,
465,936535,2/9/12,Senator Charles E. Schumer,Writes in support of funding under the Assistance to Firefighters Grant Program for the Virgil Fire District for new breathing apparatus.,,,,,,,,,,,
466,936561,2/9/12,Senator Charles E. Schumer,Writes in support of application submitted by the Sanborn Volunteer Fire Company for funding under the FEMA Assistance to Firefighter's Grant Program.,,,,,,,,,,,
467,936537,2/9/12,Senator Charles E. Schumer,Writes in support of application submitted by the Cambria Volunteer Fire Company for funding under the FEMA Assistance to Firefighter's Grant Program.,,,,,,,,,,,
468,936539,2/9/12,Senator Charles E. Schumer,Writes in support of funding under the Assistance to Firefighters Grant Program for the Medina Fire Department to purchase a critical emergency response vehicle.,,,,,,,,,,,
469,,,,,,,,,,,,,,,
470,,,,,,,,,,,,,,,
471,936543,2/9/12,Senator Charles E. Schumer,Writes in support of application submitted by the Pekin Volunteer Fire Department for funding under the FEMA Assistance to Firefighter's Grant Program.,,,,,,,,,,,
472,936564,2/9/12,Senator Charles E. Schumer,Writes in support of application submitted by the Richmondville Fire Department for funding under the FEMA Assistance to Firefighter's Grant Program.,,,,,,,,,,,
473,936545,2/9/12,Senator Charles E. Schumer,Writes in support of funding under the Assistance to Firefighters Grant Program for the Sanborn Volunteer Fire Company to purchase a critical fire safety vehicle.,,,,,,,,,,,
474,936566,2/9/12,Senator Charles E. Schumer,Writes in support of funding under the Assistance to Firefighters Grant Program for the Bellmore Fire District to purchase personal fire protective equipment.,,,,,,,,,,,
475,936567,2/9/12,Senator Charles E. Schumer,"Writes in support of funding under the Assistance to Firefighters Grant Program for the Red Creek Fire Department to purchase a new ""Jaws of Life.""",,,,,,,,,,,
476,936588,2/9/12,Senator Charles E. Schumer,Writes in support of application submitted by the Kenoza Lake Fire District for funding under the FEMA Assistance to Firefighter's Grant Program.,,,,,,,,,,,
477,936590,2/9/12,Senator Charles E. Schumer,Writes in support of application submitted by the Village of Lynbrook for funding under the FEMA Assistance to Firefighter's Grant Program.,,,,,,,,,,,
478,,,,,,,,,,,,,,,
479,936570,2/9/12,Senator Charles E. Schumer,Writes in support of funding under the Assistance to Firefighters Grant Program for the Fair Haven Fire Department to purchase a critical fire safety vehicle.,,,,,,,,,,,
480,936657,2/9/12,Senator Charles E. Schumer,Writes in support of funding under the Assistance to Firefighters Grant Program for Richmondville Fire Department to purchase a Rescue Truck with EMS support. (EMW-201 l-FV-04613),,,,,,,,,,,
481,936822,2/10/12,Senator Charles E. Schumer,Senator Schumer wrote in support of the Village of Lynbrook for funding under the FEMA Assistance to Firefighter's Grant Program.,,,,,,,,,,,
482,936852,2/13/12,Senator Charles E. Schumer,Request that the FY 2012 Consolidated Appropriations bill provide New York with funds that match FY 2011 apportionments.,,,,,,,,,,,
483,936948,2/13/12,Senator Charles E. Schumer,"Writes in support of application submitted by the Utica, NY Fire Department.",,,,,,,,,,,
484,937014,2/10/12,Senator Charles E. Schumer,Extends an invitation to the Secretary to visit a privately owned facility specializing in homeland security.,,,,,,,,,,,
485,937282,2/15/12,Senator Charles E. Schumer,"Writes to urge reexamination of policy and request approval of Ononadaga County's request to utilitize Homeland Security Grant funding to bring its radios online with Cayagu, Cortland, Madison, and Oswego counties.",,,,,,,,,,,
486,,,,,,,,,,,,,,,
487,937754,2/21/12,Senator Charles E. Schumer,Writes on behalf of constituent Lakeram Prasad who has repeatedly requested records from GSA.,,,,,,,,,,,
488,938138,2/24/12,Senator Charles E. Schumer,Writes on behalf of LaGrange Fire District's grant application,,,,,,,,,,,
489,938151,2/24/12,Senator Charles E. Schumer,Writes in support of Angelica Fire Department's grant application,,,,,,,,,,,
490,938142,2/24/12,Senator Charles E. Schumer,"Writes in support of the Irondequoit Ambulance Service Inc's, grant application",,,,,,,,,,,
491,938145,2/24/12,Senator Charles E. Schumer,Writes in support of the application submitted by the Horicon Fire Department for funding under the FEMA Assistance to Firefighters Grant Program.,,,,,,,,,,,
492,938185,2/24/12,Senator Charles E. Schumer,Writes in support of the Kuyahoora Ambulance Corps' grant application.,,,,,,,,,,,
493,938187,2/24/12,Senator Charles E. Schumer,Writes in support of the Port Henry Fire Department grant application,,,,,,,,,,,
494,938210,2/24/12,Senator Charles E. Schumer,Writes in support of the Sentinel Heights Volunteer Fire Department grant application,,,,,,,,,,,
495,938215,2/24/12,Senator Charles E. Schumer,Writes in support of the Fort Plain Volunteer Fire Department grant application,,,,,,,,,,,
496,938446,2/28/12,Senator Charles E. Schumer,Writes in support of the Wolcott Fire Department's FEMA grant application.,,,,,,,,,,,
497,,,,,,,,,,,,,,,
498,938464,2Z28Z2012,Senator Charles E. Schumer,Writes in support of the Rochester Fire Department's FEMA grant application.,,,,,,,,,,,
499,938465,2Z28Z2012,Senator Charles E. Schumer,Writes in support of the Rochester Fire Department's FEMA grant application,,,,,,,,,,,
500,937091,2Z14Z2012,Congressman Tim Scott,"Writes on behalf of Delfin Group, USA a manufacturer of automotive fluids whose shipments have been placed on hold.",,,,,,,,,,,
501,937241,2Z15Z2012,Senator Jeff Sessions,Expresses concern over DHS's decision to suspend the implementation of Secure Communities in the 30 remaining counties in Alabama.,,,,,,,,,,,
502,938518,2Z28Z2012,Senator Jeff Sessions,Requests information regarding funds for FY 2011.,,,,,,,,,,,
503,936215,2Z8Z2012,Senator Jeanne Shaheen,Writes in support of Mount Vernon Fire Department application for FEMA Assistance to Firefighters Grant (AFG) program.,,,,,,,,,,,
504,935769,2Z2Z2012,Senator Richard C. Shelby,Writes to request declaration of an expedited major disaster for the State of Alabama.,,,,,,,,,,,
505,935974,2Z6Z2012,Senator Richard C. Shelby,Complains about Federal Protective Service officers who were conducting a random training operation at the Social Security Administration office in Leesburg.,,,,,,,,,,,
506,936696,2Z10Z2012,Senator Richard C. Shelby,Wife and husband filed a Form 1-130 for siblings,,,,,,,,,,,
507,936955,2Z13Z2012,Senator Richard C. Shelby,Husband filing Form 1-130 for his wife,,,,,,,,,,,
508,,,,,,,,,,,,,,,
509,,,,,,,,,,,,,,,
510,938445,2/28/12,Senator Richard C. Shelby,"Writes on behalf of constituent, 'b)l6!    who complains about border patrol agents.",,,,,,,,,,,
511,935920,2/6/12,fb)C6),xxxxx,,,,,,,,,,,
512,938550,2/29/12,Congressman Christopher H. Smith,Father filed for his son Forms 1-131 and Form 1-134 who is to join later,,,,,,,,,,,
513,937449,2/15/12,Congressman Pete Stark,"Writes on behalf of constituent who has FOIA requests regarding TSA, CBP, and DHS.",,,,,,,,,,,
514,935933,2/6/12,Congressman Cliff Stearns,Re status of 1-485.,,,,,,,,,,,
515,937202,2/14/12,Congressman Bennie G. Thompson,Senior Leadership Vacancy Rates for SES and TSES,,,,,,,,,,,
516,937756,2/21/12,Senator Patrick Toomey,Writes on behalf of constituent who requests information as to why his business was raided by ICE and how to retrieve his seized items.,,,,,,,,,,,
517,935572,2/2/12,Congressman Patrick J. Toomey,Re Immigrant Fraud.,,,,,,,,,,,
518,,,,,,,,,,,,,,,
519,9375SO,2/17/12,Senator Mark Udall,Writes about concerns involving the EB-5 program and newly implemented administrative processes.,,,,,,,,,,,
520,935608,2/2/12,Senator Tom Udall,Constituent filed Foma 1-601 for her husband,,,,,,,,,,,
521,937079,2/14/12,Senator Tom Udall,"Writes in support of Prodentity, which seeks consideration for its Digital Network Authorization security management.",,,,,,,,,,,
522,937268,2/15/12,Congressman Peter .1. Visclosky,Re status an I-130 case,,,,,,,,,,,
523,938486,2/28/12,Senator David Vitter,Writes on behalf of a constituent    ;onceming the problem with the Federal Protective Services.,,,,,,,,,,,
524,936343,2/9/12,Senator Mark R. Warner,"Writes on behalf of constituent,who is requesting a hearing on ICE's practices and an investigation into the EEO complaint filed.",,,,,,,,,,,
525,937903,2/22/12,Senator Mark R. Warner,Re status of 1-131 application.,,,,,,,,,,,
526,935990,2/7/12,Congressman Henry Waxman,Writes on behalf of constituent.who complains he was treated poorly by a Customs Agent.,,,,,,,,,,,
527,,,,,,,,,,,,,,,
528,937243,1/26/12,Congressman Henry Waxman,"Writes, on behalf of constituent, to request a meeting with an official at the Department to discuss Iranian politics and pass along information.",,,,,,,,,,,
529,935332,2/1/12,Congressman Jim Webb,Writes on behalf of constituent requesting an investigation by OIG on TSA criminal acts.,,,,,,,,,,,
530,935791,2Z3Z2012,Congressman Jim Webb,Answering Jim Webb's letter,,,,,,,,,,,
531,937927,2/22/12,Congressman Jim Webb,Writes on behalf of constituent whose car was hit by an ICE vehicle and is now seeking damages to get her car fixed.,,,,,,,,,,,
532,935875,2/6/12,Congressman Allen West,Writes on behalf of constituent requesting information on client's ability to return back to the United States to work.,,,,,,,,,,,
533,938012,2/23/12,Congressman Robert Wittman,Received form as requested,,,,,,,,,,,
534,936798,2/10/12,Congressman Frank R. Wolf,Writes to have a meeting with    in the Office of Small and Disadvantage Business Utilization.,,,,,,,,,,,
535,938193,2Z24Z2012,Congressman Rob Woodall,Writes on behalf of constituent who requests to be removed from the no fly list.,,,,,,,,,,,
536,,,,,,,,,,,,,,,
537,938475,2/28/12,Senator Ron Wyden,"Writes concerning constituent    concern about spot drill iby DHS at social security office in Leesburg, Florida.",,,,,,,,,,,
538,935613,2/2/12,,FY 2012 Expenditure Plan - DHS Consolidated Headquarters.,,,,,,,,,,,
539,936039,2/7/12,,Letter from Cong Jim Moran regarding BIO Watch,,,,,,,,,,,
540,937992,2/23/12,,"PLCY has been assigned QFRs 1,2. 3, 14 B, 43, 44. 72 (coordinate with CBP and TSA). 73 (in relation to 72, coordinate with CBP), 79, and 80.",,,,,,,,,,,
541,937985,2/23/12,,"OCPO/PARM have been assigned QFRs 5, 6, 7, 8, 18, 19,",,,,,,,,,,,
542,938015,2/23/12,,"OCHCO has been assigned QFRs # 9 (part of the response), 10, 12, and 83.",,,,,,,,,,,
543,938018,2/23/12,,Other Transaction Report to Congress,,,,,,,,,,,
544,938019,,,"OCIO has been assigned QFRs 28, 29, 30, 74 (coordinate with PLCY and FEMA), 75, 77, 78.",,,,,,,,,,,
545,938022,2/23/12,,MGMT has been assigned QFR number 76. Specifically this has been tasked to Brad Golson.,,,,,,,,,,,
546,,,,,,,,,,,,,,,
547,Policy Congressional Report Opened Between 03/01/2012 and 03/31/2012 WF#    Receive Date Congressman Name    Subject of Request,,,,,,,,,,,,,,
548,939615,3/12/12,Congressman Gary L. Ackerman,Constituent inquiry on his son's Form 1-730,,,,,,,,,,,
549,940395,3/19/12,Congressman Gary L. Ackerman,Form 1-730,,,,,,,,,,,
550,940434,3/19/12,Congressman Gary L. Ackerman,Form 1-730 for mother who filed for her daughter,,,,,,,,,,,
551,940469,3/19/12,Congressman Gary L. Ackerman,Form 1-730 mother filed for son,,,,,,,,,,,
552,940897,3/22/12,Congressman Gary L. Ackerman,Husband filed Form 1-730 for his wife,,,,,,,,,,,
553,941022,3/23/12,Congressman Gary L. Ackerman,Re an 1-730 petition.,,,,,,,,,,,
554,941424,3/28/12,Congressman Gary L. Ackerman,"Re an 1-730 case for ,bk6>",,,,,,,,,,,
555,,,,,,,,,,,,,,,
556,939289,3/7/12,Congressman Robert B. Aderholt,"Express condolences to the families, friends, and colleagues of Lieutenant Commander Dale Taylor, Lieutenant Junior Grade John Cameron, Chief Petty Officer Fernando Jorge, and Petty Officer Andrew Knight,",,,,,,,,,,,
557,941733,3/30/12,Congressman Eighth Congressional Dist Of Az,Constituent is concern with denial of H-1B visa,,,,,,,,,,,
558,941156,3/26/12,Congressman Spencer Bachus,Writes to complain of DHS Chevrolet surburbans parking illegally.,,,,,,,,,,,
559,939064,3/5/12,Senator John Barrasso,H-2A Employers and the rules on limits,,,,,,,,,,,
560,941189,3/26/12,Congressman Roscoe G. Bartlett,Extension of humanitarian parole,,,,,,,,,,,
561,940743,3/21/12,Senator Max Baucus,"lbl(0    is trying to get proof of naturalization, in order to get Medicare card.",,,,,,,,,,,
562,939499,3/16/12,Congressman Rand Beers,Draft Letters from S I to Members of Congress Regarding Certification of Federal Protective Service Funding.,,,,,,,,,,,
563,,,,,,,,,,,,,,,
564,,,,,,,,,,,,,,,
565,939354,3/7/12,Congressman Howard L. Berman,Express concern over the esclation of violence in Syria and support granting Temporary Protected Status (TPS) to affected Syrian nationals.,,,,,,,,,,,
566,938960,3/2/12,Congressman Gus M. Bilirakis,Denial of Form 1-485,,,,,,,,,,,
567,941107,3/26/12,Congressman Jeff Bingaman,Constituent needs a letter to the USCIS and to consul confirming how difficulty to maintaining 2 households,,,,,,,,,,,
568,940569,3/20/12,Congressman Sanford D. Bishop,Writes concerning FEMA's denial of disaster assistance for Withlacoochee Pollution Control Plant (WPCP).,,,,,,,,,,,
569,940523,3/20/12,Congressman Timothy H. Bishop,Writes on behalf of constituent who requests an update on her pending background check.,,,,,,,,,,,
570,939016,3/5/12,Congressman Earl Blumenauer,Re an 1-601 case.,,,,,,,,,,,
571,941612,3/30/12,Senator Roy Blunt,"Requests the status of(b,fo1    submission to confirm that mattress innerspring units it contends were produced in China were in fact entered into the United States under a false country of origin, and thus under the wrong rate of duty.",,,,,,,,,,,
572,,,,,,,,,,,,,,,
573,939871,3/14/12,Congressman John A. Boehner,Writes SI recommending The Honorable Wilson Livingood for appointment as a member of the Homeland Security Advisory Council.,,,,,,,,,,,
574,941167,3/26/12,Congressman Madeleine Z. Bordallo,Requests assistance to clarify the Department of Homeland Security’s polices and regulations regarding obtaining firearms identification on Guam.,,,,,,,,,,,
575,939574,3/9/12,Congressman Rafael Borras,FY 2011 DHS Acquisition of End Products Manufactured Outside the United States Report to Congress,,,,,,,,,,,
576,939367,3/8/12,Congressman Charles W. Boustany,Status of Fonns 1-601 and 1-212,,,,,,,,,,,
577,940682,3/21/12,Congressman Charles W. Boustany,"Requests a wage determination on behalf of his constituent, (C>tlb) (b)(6)",,,,,,,,,,,
578,939385,3/8/12,Senator Barbara Boxer,the Senator is rquesting information regarding the U Non-Immigrant Visa Program.,,,,,,,,,,,
579,940223,3/16/12,Senator Barbara Boxer,Writes on behalf of constituents who believe that the Association of Commercial Diving Educators should have the endorsement of a government entity.,,,,,,,,,,,
580,941570,3/29/12,Senator Barbara Boxer,Writes to support the Staffing for Adequate Fire and Emergency Response grant program in the City of Redding.,,,,,,,,,,,
581,939350,3/7/12,Congressman Mo Brooks,Writes on behalf of constituent regarding tornado damage,,,,,,,,,,,
582,,,,,,,,,,,,,,,
583,939506,3/9/12,Congressman Mo Brooks,Writes with a constituent question regarding federal tax assistance to build a storm shelter.,,,,,,,,,,,
584,938821,3/1/12,Congressman Scotl P. Brown,Requests the full and immediate activiation on the Secure Communities program in Massachusetts due to violent crimes caused by illegal immigrants.,,,,,,,,,,,
585,939921,3/14/12,Congressman Scott P. Brown,Re status of I-290B appeal.,,,,,,,,,,,
586,941050,3/23/12,Congressman Scott P. Brown,Re a humanitarian parole visa for *b>{6’    ^nd wife. (1- 131 visa).,,,,,,,,,,,
587,941116,3/26/12,Congressman Scott P. Brown,Status of Form 1-601,,,,,,,,,,,
588,940901,3/22/12,Senator Sherrod Brown,Writes on behalf of constituent|(b)(6’    who has concerns about his inability to work for Federal Protective Services due to issues with an HSPD-12 requirement which has not been identified so the problem can be addressed.,,,,,,,,,,,
589,939151,3/6/12,Senator Richard M. Burr,Writes on behalf of constituent who was stopped by immigration at Miami International Airport.,,,,,,,,,,,
590,941375,3/28/12,Congressman Eric Cantor,Re the reinstatement of several 1-130 cases.,,,,,,,,,,,
591,,,,,,,,,,,,,,,
592,,,,,,,,,,,,,,,
593,939285,3/7/12,Senator Maria Cantwell,Re an 1-601 case.,,,,,,,,,,,
594,939810,3/13/12,Congressman Lois Capps,Writes on behalf of constituent who applied for a job with ICE as an Attorney.,,,,,,,,,,,
595,939476,3/8/12,Congressman Steve Chaboi,Re:    and a problem he is having in obtaining an K-l visa(I-129F).,,,,,,,,,,,
596,940896,3/22/12,Senator Saxby Chambliss,Writes in support of the City of Douglas Fire Department's application for a grant to hire five firefighters.,,,,,,,,,,,
597,939895,3/13/12,Congressman Ben Chandler,Representative Chandler writes on behalf of some of his constituents who thinks Custom Border Patrol (CBP) policies are being applied unfairly among its employees,,,,,,,,,,,
598,938983,3/2/12,Congressman Hansen Clarke,Father in failing health,,,,,,,,,,,
599,941440,3/28/12,Congressman William Lacy Clay,Constituent work authorization expiring,,,,,,,,,,,
600,,,,,,,,,,,,,,,
601,939591,3/9/12,Congressman Emanuel Cleaver,"Writes in concern over the comprehensive reassessment of the National Bio and Agro-Defense Facility project, and urges moving ahead with construction of the facility.",,,,,,,,,,,
602,940021,3/15/12,Congressman Alan Cohn,Secretary Response to Chairman McCaul,,,,,,,,,,,
603,941491,3/29/12,Congressman Kent Conrad,Writes SI encouraging her to consider selecting a representative from the Educational Commission for Foreign Medical Graduates (ECFMG) for the Homeland Security Academic Advisory Counsil (HSAAC).,,,,,,,,,,,
604,939519,3/9/12,Congressman Jim Cooper,Constituent is seeking help with his case,,,,,,,,,,,
605,939828,3/13/12,Congressman Jim Cooper,"Writes on behalf of constituent,|(b}f0)    who is requesting the status of her husbands DHS TRIP.",,,,,,,,,,,
606,940908,3/22/12,Congressman Jim Cooper,Constituent<b)i6t    writes regarding the problem he's encountering reentering the United States,,,,,,,,,,,
607,940715,3/21/12,Senator Bob Corker,Constituent is seeking humanitarian parole for herself and daughter,,,,,,,,,,,
608,939183,3/6/12,Congressman Joe Courtney,"Letter of recommendation for ,b)<ti)",,,,,,,,,,,
609,940991,3/23/12,Congressman Joseph Crowley,"Re the status of an I-730foi(b,(Sl",,,,,,,,,,,
610,,,,,,,,,,,,,,,
611,,,,,,,,,,,,,,,
612,941051,3/23/12,Congressman Henry Cuellar,Form 1-601,,,,,,,,,,,
613,940467,3/19/12,Congressman Elijah E. Cummings,Requests assistance to help his constituents recieve information regarding TSA's policies when detaining travellers.,,,,,,,,,,,
614,939236,3/6/12,Congressman Rosa L. DeLauro,Writes on behalf of constituent in regards to security at Giaimo Federal Building.,,,,,,,,,,,
615,939601,3/12/12,Congressman Rosa L. DeLauro,Writes on behalf of constituent in regards to a CRADA with CBP.,,,,,,,,,,,
616,941140,3/26/12,Congressman Rosa L. DeLauro,Writes on behalf of constituent who writes to follow up on his TRIP.,,,,,,,,,,,
617,939394,3/7/12,Congressman Ted Deutch,Unsolicited Proposal - Writes concerning constiuent Ferenc Ledniczky with concerns of timeliness regarding cyber security issues.,,,,,,,,,,,
618,939383,3/8/12,Congressman Ted Deutch,Constituent wants Congressman Deutch to intervene on his behalf to ask immigration to review and reconsider his case,,,,,,,,,,,
619,939621,3/12/12,Congressman Ted Deutch,Constituent's wife needs information on citizenship papers to verify information needed on Canadian pension papers,,,,,,,,,,,
620,,,,,,,,,,,,,,,
621,939381,3/7/12,Congressman Theodore E. Deutch,"Writes on behalf of constituent, who is requesting that ICE not deport (b)fti)",,,,,,,,,,,
622,939317,3/7/12,Congressman Mario Diaz-Balart,Re Asylum and refugee applications submitted by Venezuelan Nationals.,,,,,,,,,,,
623,939399,3/8/12,Congressman Mario Diaz-Balart,Writes to express concern about processing times for asylum and refugee applications subitted by Venezuelan nationals. Requests asylum process be reviewed.,,,,,,,,,,,
624,939246,3/7/12,Senator Richard J. Durbin,Request that the President designates Syrian nationals in the U.S. temporary protected status.,,,,,,,,,,,
625,939498,3/9/12,Congressman Eliot L. Engel,"Request to expedite asylum applications forand his family, who are from Venezuela.",,,,,,,,,,,
626,939130,3/6/12,Senator Michael B. Enzi,Writes on behalf of |(b*(61    who is requesting assistance concerning a possible scam regarding international wire transfers.,,,,,,,,,,,
627,940651,3/19/12,Congressman Blake Farenthold,Rep. Farenthold1 s office forwards a complaint from regarding his previous job with FPS.,,,,,,,,,,,
628,938827,3/1/12,Senator Dianne Feinstein,Writes to express concern regarding significant cuts made to the Bay Area’s Urban Area Security Initiative funding in FY2012 and requests detailed justifications for significant reduction.,,,,,,,,,,,
629,,,,,,,,,,,,,,,
630,939736,3/13/12,Congressman Stephen Fincher,Requests status of congressional inquiry submitted on behalf of constituent.,,,,,,,,,,,
631,938774,3/1/12,Congressman Bill Flores,"Request DHS provide all documentation requested by Lynntech, Inc.",,,,,,,,,,,
632,939352,3/7/12,"Congressman J, Randy Forbes",Writes on behalf of constituent regarding a Petition for Alien Fiancee'.,,,,,,,,,,,
633,941445,3/28/12,Congressman Rodney P. Frelinghuysen,"Constituent Filed Form 1-90 and never received it,",,,,,,,,,,,
634,941508,3/29/12,Congressman W. Craig Fugate,NFIP Reauthorization Letter.,,,,,,,,,,,
635,941731,3/30/12,Congressman Elton Gallegly,Re (b-(6)    and the status of her 1-601 waiver.,,,,,,,,,,,
636,941611,3/29/12,Senator Kirsten E. Gillibrand,Writes on behalf of constituent who is inquiring as to the status of her EEOC complaint.,,,,,,,,,,,
637,939061,3/5/12,Congressman Robert W. Goodlatte,Request for new citizenship oath date,,,,,,,,,,,
638,,,,,,,,,,,,,,,
639,941165,3/26/12,Congressman Robert W. Goodlatte,"Writes on behalf of constituent who questions why Dulles, National, or Richmond could not be used as interview locations for the Global Online Enrollment Program.",,,,,,,,,,,
640,939396,3/8/12,Congressman Paul Gosar,Re status of an 1-130 petition.,,,,,,,,,,,
641,939494,3/9/12,Senator Lindsey O. Graham,Constituent seeks help in extending her non-working dependent visa,,,,,,,,,,,
642,938887,3/1/12,Senator Charles E. Grassley,Writes w/ questions regarding a recent order issued by the United States Court of Appeals for the Ninth District.,,,,,,,,,,,
643,939467,3/8/12,Senator Charles E. Grassley,Request to not propose changes that would undermine the L visa program.,,,,,,,,,,,
644,941695,3/30/12,Congressman Raul M. Grijalva,Writes to encourage consideration of the SAFER grant application filed by the city of Tuscon.,,,,,,,,,,,
645,940383,3/19/12,Congressman Michael Grimm,Form 1485 constituent needs help,,,,,,,,,,,
646,941467,3/28/12,Congressman Michael Grimm,"Constituent would like travel document to travel back home for family emergenc, Form 1-131",,,,,,,,,,,
647,,,,,,,,,,,,,,,
648,,,,,,,,,,,,,,,
649,938787,3/1/12,Congressman Vicky Hartzler,CBP referral.,,,,,,,,,,,
650,938715,3/1/12,Senator Orrin G. Hatch,Re 3 cases. (1-140/1-485.,,,,,,,,,,,
651,941048,3/23/12,Congressman Nan Hayworth,Resettlement is final in New York,,,,,,,,,,,
652,940696,3/21/12,Congressman Martin Heinrich,Father is trying to get his wife and five children out of Turkey and resettled into United States,,,,,,,,,,,
653,939266,3/7/12,Congressman Jeb Hensarling,Husband filed for his wife Form 1-601,,,,,,,,,,,
654,939721,3/13/12,Congressman Ruben Hinojosa,Writes on behalf of constituents who request an apology and their property be returned after their home was raided.,,,,,,,,,,,
655,938986,3/2/12,Congressman Kathy Hochul,Form N-565,,,,,,,,,,,
656,941284,3/27/12,Congressman Kathy Hochul,Status of Form 1-485,,,,,,,,,,,
657,939173,3/6/12,Congressman Chris Van Hollen,Writes on behalf of constituent regarding the payment from the case Anne Marie Mogenhan v. Napolitano.,,,,,,,,,,,
658,,,,,,,,,,,,,,,
659,,,,,,,,,,,,,,,
660,940239,3/16/12,Congressman Rush Holt,"Writes on behalf of constituent,    who goes through aggressive security measure by ICE while entering the United States.",,,,,,,,,,,
661,939773,3/13/12,Senator Johnny Isakson,Writes on behalf of a constituent requsting information about DHS’ policies and procedures for contracting with private companies.,,,,,,,,,,,
662,938649,2/29/12,Congressman Darrell Tssa,Writes on behalf of constituent whose flight school training plane was seized by CBP.,,,,,,,,,,,
663,938883,3/2/12,Congressman Darrell Issa,"Express concerns that the Border Patrol is false and misleading border crossing data related to ""got-aw ays"" and requests information by Match 15,2012.",,,,,,,,,,,
664,938919,3/1/12,Congressman Darrell Issa,Writes concerning The Committee on Oversight and Government Reform investigation concerning allegations that DHS and CBP released false and misleading board crossing data.,,,,,,,,,,,
665,940381,3/19/12,Congressman Darrell Issa,Requests information for the Committee's investigation on how DHS identifies and protects Sensitive Security Information,,,,,,,,,,,
666,939079,3/5/12,Congressman Jonathan Paul Jacobson,Not finished,,,,,,,,,,,
667,939613,3/12/12,Congressman Lynn Jenkins,Constituent submitting papers w'ith Form 1-751,,,,,,,,,,,
668,939049,3/5/12,Congressman Bill Johnson,"RtOc,t    and his 1-601/1-130 case.",,,,,,,,,,,
669,,,,,,,,,,,,,,,
670,,,,,,,,,,,,,,,
671,939062,3/5/12,Congressman Bill Johnson,Constituent wants to know status of case,,,,,,,,,,,
672,940977,3/23/12,Congressman Bill Johnson,Re an 1-130 case,,,,,,,,,,,
673,939622,3/12/12,Senator Ron Johnson,Form 1-601 wiaver,,,,,,,,,,,
674,939455,3/8/12,Senator John F. Kerry,Father and mother filed for adopted son Form 1-600,,,,,,,,,,,
675,939479,3/8/12,Congressman Peter T. King,"Write to ensure that the Departments of Homeland Security and Transportation comply with new requirements that ensure American vessels are used to assist in the transport of oil, should a drawdown from the Strategic Petroleum Reserve occur.",,,,,,,,,,,
676,941584,3/29/12,Congressman Peter T. King,"Expresses concerns regarding the President's budget request for the U.S. Coast Guard for Fiscal Year 2013. Requests response by April 9, 2012.",,,,,,,,,,,
677,939454,3/7/12,Congressman Jack Kingston,Writes on behalf of constituent in regards to the position of Protective Officer field with the Federal Portective Service.,,,,,,,,,,,
678,,,,,,,,,,,,,,,
679,939951,3/13/12,Congressman Jack Kingston,Writes on behalf of constituent who requests information on how much law enforcement agencies spend on training in the private sector.,,,,,,,,,,,
680,939931,3/13/12,Senator Mark Kirk,Writes on behalf of constituent who requests her husband's old documents be used to renew his license.,,,,,,,,,,,
681,940373,3/16/12,Senator Mark Kirk,Writes on behalf of constituent who requests assistance with furthering the process of obtaining her security clearance.,,,,,,,,,,,
682,939171,3/6/12,Senator Amy Klobuehar,"Writes on behalf of constituent who is concerned about why his business' shipments are being held up by customs and the amount of fees he has to pay,",,,,,,,,,,,
683,939683,3/12/12,Senator Amy Klobuehar,Mother and son are trying to establish status in United States,,,,,,,,,,,
684,939128,3/6/12,Congressman Herb Kohl,Writes on behalf of constituent in regards to the DHS Video Film Declaration form.,,,,,,,,,,,
685,939774,3/13/12,Congressman Jon Kyi,Writes on behalf of (b)'6’    and requests to give his application and resume appropriate consideration.,,,,,,,,,,,
686,941567,3/29/12,Congressman Jon Kyi,Recommendsfor the Federal Secuirty Director position at TSA in Phoenix.,,,,,,,,,,,
687,,,,,,,,,,,,,,,
688,939557,3/9/12,Senator Mary L. Landrieu,Writes to urge increased testing of muon tomography,,,,,,,,,,,
689,940844,3/22/12,Senator Mary L. Landrieu,Writes to address cybersecurity issues.,,,,,,,,,,,
690,939835,3/13/12,Senator Frank R. Lautenberg,Senator Lautenberg writes regarding a constituent who’s having problem enlisting in the US Coast Guard.,,,,,,,,,,,
691,939908,3/14/12,Senator Frank R. Lautenberg,Writes is support of    2011 AFG program application.,,,,,,,,,,,
692,939909,3/14/12,Senator Frank R. Lautenberg,Writes in support of City of Passaic’s 2011 AFG program application,,,,,,,,,,,
693,939912,3/14/12,Senator Frank R. Lautenberg,Writes in support of application submitted by the Township of Edison Fire Department for funding through the 2011 AFG program.,,,,,,,,,,,
694,940241,3/16/12,Senator Frank R. Lautenberg,Writes in support of the Township of Rochelle Park Lire Department receiving grant funding to purchase Thermal Imaging Cameras.,,,,,,,,,,,
695,941556,3/29/12,Senator Frank R. Lautenberg,"Support the Port Authority of New york and New Jersey's request for consideration of the Bayonne Bridge ""Raise the Roadway"" project for expedited review.",,,,,,,,,,,
696,938819,3/1/12,Senator Patrick J. Leahy,Writes on behalf of constituent requesting reconsideration of partner's petition for Humanitarian Parole.,,,,,,,,,,,
697,,,,,,,,,,,,,,,
698,,,,,,,,,,,,,,,
699,941720,3/30/12,Congressman Sheila Jackson Lee,Re a U-Visa.,,,,,,,,,,,
700,940815,3/22/12,Senator Carl Levin,"Request DHS defer removal proceedings against    for two years beginning May 4, 2012.",,,,,,,,,,,
701,941750,3/30/12,Senator Carl Levin,Re status of 1-601 waiver.,,,,,,,,,,,
702,939335,3/7/12,Congressman Jerry Lewis,Appeal was late being filed,,,,,,,,,,,
703,939610,3/12/12,Congressman Patrick Michael Lewis,Constituent needs his records merged to reflect that he is not illegal immigrant or alien,,,,,,,,,,,
704,939248,3/7/12,Congressman Richard Lugar,Re Eligibility for Resettlement (1-730)    --,,,,,,,,,,,
705,939368,3/8/12,Congressman Richard Lugar,Re an alien relative petition (1-130).    --,,,,,,,,,,,
706,940965,3/23/12,Congressman Richard G. Lugar,Wife needs husband at home    --,,,,,,,,,,,
707,,,,,,,,,,,,,,,
708,,,,,,,,,,,,,,,
709,941192,3/26/12,Congressman Richard G. Lugar,Husband filed Form 1-601 for his wife,,,,,,,,,,,
710,941507,3/29/12,Congressman Richard G. Lugar,Re status of an 1-601 waiver for,,,,,,,,,,,
711,939515,3/8/12,Congressman Ben Lujan,Support for Allied Artists High Desert EB-5 Regional Center,,,,,,,,,,,
712,939904,3/14/12,Congressman Mary Bono Mack,Husband file for his wife a Form 1-601 waiver,,,,,,,,,,,
713,940450,3/19/12,Congressman Mary Bono Mack,Wife filed Form 1-601 for her husband,,,,,,,,,,,
714,940871,3/22/12,Congressman Mary Bono Mack,Represenative Mack writes in support of the City of Murrieta Fire Department SAFER grant application,,,,,,,,,,,
715,941239,3/27/12,Congressman Mary Bono Mack,Constituent needs replacement Form 1-90 green card,,,,,,,,,,,
716,941403,2/23/12,Congressman Mary Bono Mack,"Rep. Bono Mack forwards an inquiry from Michael Pollard who states that he has been tracked, confused, controlled, contrived by an ""agency"".",,,,,,,,,,,
717,939334,3/7/12,Congressman Carolyn B. Maloney,Re an Religious worker visa.,,,,,,,,,,,
718,,,,,,,,,,,,,,,
719,,,,,,,,,,,,,,,
720,941318,3/27/12,Senator Joe Manchni,"Writes to thank the Secretary for speaking with him about the tornadoes and floods in West Virginia, and requests her attention on the Presidential Disaster Declaration.",,,,,,,,,,,
721,941569,3/29/12,Senator Joe Manchin,Writes to request Federal assistance for the counties affected by disaster in West Virginia.,,,,,,,,,,,
722,939050,3/5/12,Congressman Edward J. Markey,Re an 1-730 case.,,,,,,,,,,,
723,940649,3/21/12,Congressman Alejandro Mayorkas,Letters to 92 Members of Congress regarding the announcement of a citizenship grants program opportunity,,,,,,,,,,,
724,940904,3/23/12,Senator John McCain,Writes SI asking questions to follow up from the HSGAC FY-13 budget and on S. 2105 Cybersecurity Act of 2012.,,,,,,,,,,,
725,940927,3/23/12,Senator John McCain,Re (bt(61    and $450 processing fee refunded.,,,,,,,,,,,
726,939616,3/12/12,Congressman Michael McCaul,Writes regarding homeland security strategy and review.,,,,,,,,,,,
727,941138,3/26/12,Congressman Michael McCaul,Writes to inform the Secretary of a Ford F-350 truck that has been specially designed to withstand mine and IED attacks.,,,,,,,,,,,
728,,,,,,,,,,,,,,,
729,941371,3/28/12,Congressman Michael McCaul,"Writes on the conclusions and findings reached as a result of the ""Eliminating Waste, Fraud, Abuse, and Duplication within the Department of Homeland Security"" hearing.",,,,,,,,,,,
730,941594,3/29/12,Congressman Michael McCaul,Writes to request the Houston-Galveston Area Council consider Waller County's application for the FY 2012 Homeland Security Grant Program. (SAFER grant),,,,,,,,,,,
731,941312,3/27/12,Senator Mitch McConnell,Constituent request status of his case. Form 1-601,,,,,,,,,,,
732,939917,3/14/12,"Congressman James P, McGovern",Support creation of a Haitian Family Reunification Parole Program.,,,,,,,,,,,
733,940256,3/16/12,Congressman James P. McGovern,Requests Syria be granted Temporary Protected Status.,,,,,,,,,,,
734,941243,3/27/12,Congressman Mike McIntyre,Constituent without a state asked Rep. McIntyre for help,,,,,,,,,,,
735,940886,3/22/12,"Congressman Howard ""Buck"" P. McKeon",Wife who has suffer a seizure needs as soon as possible her husband,,,,,,,,,,,
736,940028,3/15/12,Congressman Patrick Meehan,Requests aid for his constituent in obtaining a passport.,,,,,,,,,,,
737,939826,3/13/12,Congressman Christopher S. Murphy,Writes on behalf of constituent who inquires about a position at DHS.,,,,,,,,,,,
738,940468,3/19/12,Senator Patty Murray,Re an I-130 visa for lb'(ot,,,,,,,,,,,
739,,,,,,,,,,,,,,,
740,,,,,,,,,,,,,,,
741,,,,,,,,,,,,,,,
742,940045,3/15/12,Congressman Jerold Nadler,"Writes in support of the following UASI grant applications: -Boro Park Hatzolah in Boro Park, Brooklyn -Chevra Hatzalah in Boro Park, Brooklyn -Congregation Khal Adas Krasna in Boro Park, Brooklyn -Yeshiva Imrei Phi in Boro Park, Brooklyn",,,,,,,,,,,
743,941708,3/30/12,"Congressman Grace F, Napolitano",Constituent is trying to bring his wife and daughter to United States,,,,,,,,,,,
744,940907,3/22/12,Congressman Janet Napolitano,Writes to Senator McCain regarding the environmental impact funds spend on the Southwest border and aviation screening and security procedures at the Senate Homeland Security and Governmental Affairs Committee heaing on DHS FY 2013 budget request.,,,,,,,,,,,
745,939185,3/6/12,Senator Bill Nelson,"Writes on behalf of constituent,(bJ(Sl    who requests the issuance of his retirement credentials.",,,,,,,,,,,
746,939311,3/7/12,Senator Bill Nelson,Wife is filing Form T-601 for husband and needs his help to care for ailing father,,,,,,,,,,,
747,940379,3/19/12,Senator Bill Nelson,Requests assistance to develop a plan that addresses fhe large increase in international passengers at Orlando International Airport.,,,,,,,,,,,
748,,,,,,,,,,,,,,,
749,,,,,,,,,,,,,,,
750,941732,3/30Z2012,Senator Bill Nelson,Mother trying to get refugee status for her sons,,,,,,,,,,,
751,938769,3/1/12,Congressman Bill Owens,Referral for ICE (deportation case),,,,,,,,,,,
752,940292,3/19/12,Congressman Bill Owens,"Writes on behalf of a constituent who wants to know what happened to 1,600 barrels of honey that were confiscated by ICE.",,,,,,,,,,,
753,939925,3/14/12,Congressman Bill L. Owens,Form 1-601 for wife,,,,,,,,,,,
754,940738,3/21/12,Congressman Bill L. Owens,"Re an Fiance's I-129F application, for",,,,,,,,,,,
755,940956,3/23/12,Congressman Bill L. Owens,Constituent would like to get an application for Form N-565,,,,,,,,,,,
756,941136,3/26/12,Congressman Bill L. Owens,Constituent needs prcessing expedited on Form 1-94,,,,,,,,,,,
757,941426,3/28/12,Congressman Steven Palazzo,"need a copy of any immigration paperwork,",,,,,,,,,,,
758,,,,,,,,,,,,,,,
759,,,,,,,,,,,,,,,
760,941418,1/27/12,Congressman Nelson Peacock,"DHS views and recommendations on the Enrolled Bill H.R. 3801, ""the Ultralight Aircraft Smuggling Prevention Act of 2012""",,,,,,,,,,,
761,940836,3/22/12,Congressman Steve Pearce,Requests that the Secretary expand the border crossing zone from 25 to 75 miles in order to boost the economy of New Mexico.,,,,,,,,,,,
762,939520,3/9/12,Congressman Nancy Pelosi,Writes concerning the allocation of Urban Areas Security Initiative preparedness funding to the San Francisco Bay Area.,,,,,,,,,,,
763,941437,3/28/12,Congressman Gary Peters,Re status on 1-130 cases.,,,,,,,,,,,
764,940386,3/19/12,Congressman Mike Quigley,Trig case,,,,,,,,,,,
765,941271,3/27/12,Congressman Mike Quigley,"Constituent is trying to get,back in the United States with her son and husband",,,,,,,,,,,
766,941596,3/29/12,Congressman Nick J. Rahall,Writes on behalf of constituent who requests Temporary Protected Status for Syrian nationals in the US.,,,,,,,,,,,
767,,,,,,,,,,,,,,,
768,940895,3/22/12,Senator Harry Reid,Execute Director seeking status for worker,,,,,,,,,,,
769,940731,3/21/12,Congressman Jim Renacci,Re status of an 1-130 case.,,,,,,,,,,,
770,940666,3/21/12,Senator Jim Risch,Status of EB-5,,,,,,,,,,,
771,939175,3/6/12,Congressman David Rivera,Writes regarding !bR6)    deportation case and requests ICE grant her prosecutorial discretion.,,,,,,,,,,,
772,941231,3/27/12,Congressman David Rivera,Writes in regards to constituent who wishes to appeal the decision to deny her a green card.,,,,,,,,,,,
773,939119,3/6/12,Congressman Michael D. Rogers,"Requests information about statements made at the FY 2013 budget hearing regarding Secure Communities and the 287(g) program, and requests a meeting to discuss the DHS procurement process.",,,,,,,,,,,
774,940039,3/15/12,Congressman Ileana Ros-Lehtinen,Writes concerning asylum cases for Venezuelan nationals,,,,,,,,,,,
775,939080,3/5/12,Congressman Dennis Ross,Wife filing a Form 1-601 for her husband,,,,,,,,,,,
776,,,,,,,,,,,,,,,
777,940396,3/19/12,Congressman Gregorio Sablan,Write regarding the inclusion of the Russian Federation on the list of eligible countries whose nationals may benefit from the GUAM-CNMI visa waiver program.,,,,,,,,,,,
778,939442,3/8/12,Congressman Janice D. Schakowsky,Change birth date to orignal one on birth certificate,,,,,,,,,,,
779,939227,3/7/12,Senator Charles E. Schumer,Deferred Action Application for Timothy P. Smulian.,,,,,,,,,,,
780,939290,3/7/12,Senator Charles E. Schumer,Urge to construct a new Border Patrol station at the Niagara Falls Air Reserve Station to replace the existing Niagara Falls Border Patrol Station.,,,,,,,,,,,
781,939417,3/8/12,Senator Charles E. Schumer,"Writes in support of an Hazardous Mitigation Grant Program application for the Town of Smithville, so that they may elevate a roadway.",,,,,,,,,,,
782,940544,3/29/12,Senator Charles E. Schumer,Writes in support of Nanuet Fire District FEMA grant application,,,,,,,,,,,
783,941513,3/29/12,Senator Charles E. Schumer,Requests a meeting with ICE and CBP in Buffalo to discuss the benefits of preclearance along the Peace Bridge.,,,,,,,,,,,
784,940570,3/20/12,Congressman Austin Scott,Wife and mother who is illegally applied for Form 1-601 waiver,,,,,,,,,,,
785,,,,,,,,,,,,,,,
786,941734,3/30/12,Congressman Terri Sewell,Employer requesting review of Form 1-140,,,,,,,,,,,
787,939158,3/6/12,Senator Richard C. Shelby,"Writes on behalf of constituent tb,'b'    concerning siginificant delays in processing EB-5 visa applications.",,,,,,,,,,,
788,940043,3/15/12,Congressman Peggy Sherry,Senate QFRs.,,,,,,,,,,,
789,940030,3/15/12,Congressman Adam Smith,Request assistance in expediting a technological solution to scanning shipping containers for radiation that are transferred directly from ships to trains.,,,,,,,,,,,
790,940966,3/23/12,Congressman Adrian Smith,Constituent is seeking help with his daughter and her family,,,,,,,,,,,
791,938920,2/8/12,Congressman Lamar Smith,Requests information on approved visa petition for <b^ei <bK6i,,,,,,,,,,,
792,939276,3/7/12,Congressman Lamar Smith,"Request for hearing transcript edits by March 30, 2012.",,,,,,,,,,,
793,939751,3/13/12,Congressman Lamar Smith,"Responds to A/S OLA’s March 12, 2012 letter confirming the terms of agreement regarding the confidential information provided to the Committee on the Judiciary in response to their subpoena.",,,,,,,,,,,
794,939928,3/14/12,Congressman Lamar Smith,"Writes on behalf of constituent, a special agent, who complains about having his weapon taken away and being placed on administrative duties.",,,,,,,,,,,
795,,,,,,,,,,,,,,,
796,941376,3/28/12,Congressman Lamar Smith,"Requests information regarding alien removal cases that are administratively closed or dismissed as a result of the exercise of ""prosecutorial discretion.""",,,,,,,,,,,
797,941512,3/29/12,Congressman Olympia J. Snowe,Writes on behalf of constituent who requests information regarding her father's naturalization.,,,,,,,,,,,
798,941687,3/29/12,Congressman Olympia J. Snowe,"Writes on behalf of constituent,    who requests that his application for a position within TSA be given a fair review.",,,,,,,,,,,
799,941751,3/30/12,Congressman Pete Stark,Form 1-601 case,,,,,,,,,,,
800,939858,3/14/12,Congressman Betty Sutton,Re status of an I-129B. Case of,,,,,,,,,,,
801,939924,3/14/12,Congressman Betty Sutton,Re an 1-130 case.,,,,,,,,,,,
802,940486,3/20/12,Congressman Bennie G. Thompson,Writes SI regarding FY 2013 budget request concerning cyber security.,,,,,,,,,,,
803,940680,3/21/12,Congressman Patrick Tiberi,Writes on behalf of contracting company that responds to the Contract Performance Assessment Report.,,,,,,,,,,,
804,938739,3/1/12,Senator Patrick Toomey,Re an I-129F case. (Immigration Fraud).,,,,,,,,,,,
805,,,,,,,,,,,,,,,
806,,,,,,,,,,,,,,,
807,939091,3/5/12,Senator Patrick Toomey,Writes concerning a constiuent (b)(l5-    concerns regarding the Government to Home Vehicle Policy. Would like to inquire about program and it's merits.,,,,,,,,,,,
808,940725,3/21/12,Congressman Niki Tsongas,Constituent filed Form I 765 and Form 1-589,,,,,,,,,,,
809,939129,3/6/12,Senator Tom Udall,Writes on behalf of constituent who requests a reason as to why he is constantly detained upon returning to the United States.,,,,,,,,,,,
810,939299,3/7/12,Congressman Nydia M. Velazquez,Mother and son filed Form 1485 for Adjustment status,,,,,,,,,,,
811,938980,3/2/12,Congressman Peter .1. Visclosky,Return of original,,,,,,,,,,,
812,940893,3/22/12,Senator Mark R. Warner,Writes on behalf of a constituent who has a prototype for a hand held explosive and narcotics detector.,,,,,,,,,,,
813,941217,3/27/12,Senator Mark R. Warner,Writes on behalf of constituent.1^-1    who complains she is being discriminated against at work.,,,,,,,,,,,
814,,,,,,,,,,,,,,,
815,939414,3/8/12,Congressman Jim Webb,Constituent compliants about the time it takes to process paperwork,,,,,,,,,,,
816,939862,3/14/12,Congressman Frederica Wilson,Writes to review cases thoroughly and consider their parole requests.,,,,,,,,,,,
817,939923,3/14/12,Congressman Frank R. Wolf,Constituent filed for refund on Form 1-565 application,,,,,,,,,,,
818,939282,3/7/12,Congressman Rob Woodall,Constitueni requests a refund for Form 1-601,,,,,,,,,,,
819,940167,3/16/12,,"FYI3 Budget Request SAC QFRs from SI 3/8 Hearing. PLCY has QFRs 116 and 166 (132, 165b and 165c have been reassigned and PLCY is NOT the main office). QFR 130 reassigned and is due to OFO by noon on Friday. March 30.",,,,,,,,,,,
820,940141,12/4/13,,"OCHCO has been assigned QFRs 165a, 165d, and 165e.",,,,,,,,,,,
821,940187,3/16/12,,OCAO has been assigned QFRs 126a and 126b.,,,,,,,,,,,
822,940662,4/12/12,,Request for documentation from HAC- Surveys and Investigations staff (Study: DHS Master Plan for HQ Consolidation at St. Es),,,,,,,,,,,
823,940829,3/2/12,,Classified VWP Report to Congress on the Netherlands and Slovenia to be signed by A/S for Policy,,,,,,,,,,,
824,941032,3/23/12,,Not completed,,,,,,,,,,,
825,,,,,,,,,,,,,,,
826,941682,3/30/12,,"DHS Headquarters Consolidation portion of the Questions for the Record from the DHS Facilities hearing at which Under Secretary for Management Borras testified before the House Appropriations Committee. The DHS Headquarters Consolidation responses are due to OFO no later than noon, Wednesday, April 4.",,,,,,,,,,,
827,,,,,,,,,,,,,,,
828,,Policy Congressional Report,,,,,,,,,,,,,
829,,Opened Between 04/01/2012 and 04/30/2012,,,,,,,,,,,,,
830,WF#,Receive Date,Congressman Name,Subject of Request,,,,,,,,,,,
831,941969,4/3/12,Congressman Gary L. Ackerman,Re status of 1-730 petition.,,,,,,,,,,,
832,942918,4/11/12,Congressman Gary L. Ackerman,Status of Form 1-730 cases,,,,,,,,,,,
833,943048,4/12/12,Congressman Gary L. Ackerman,Wife and mother filed Form 1-730 for her husband and son,,,,,,,,,,,
834,943051,4/12/12,Congressman Gary L. Ackerman,Father filed for son Form 1-730,,,,,,,,,,,
835,943069,4/12/12,Congressman Gary L. Ackerman,Status of his Form 1-730,,,,,,,,,,,
836,943901,4/20/12,Congressman Gary L. Ackerman,Re an 1-730 petition.,,,,,,,,,,,
837,942693,4/10/12,Senator Lamar Alexander,Form I 601 waiver,,,,,,,,,,,
838,,,,,,,,,,,,,,,
839,944707,4/30/12,Senator Lamar Alexander,Re an J-290B case for,,,,,,,,,,,
840,944775,4/30/12,Congressman Roscoe G. Bartlett,Permanent Legal status for husband and wife,,,,,,,,,,,
841,944624,4/27/12,Senator Max Baucus,Writes to urge expedited consideration for a request by the Bozeman Yellowstone International Airport to be designated as a customs user fee facility.,,,,,,,,,,,
842,944750,4/30/12,Senator Mark Begich,Constituent needs to know why he isn't a U.S. citizen,,,,,,,,,,,
843,941837,4/2/12,Senator Michael Bennet,Write to express concerns with the H-2A visa system.,,,,,,,,,,,
844,942004,4/3/12,Senator Michael Bennet,Writes on behalf of constituent for a copy of a report filed by with OIG regarding her loss of personal items when she flew to Las Vegas.,,,,,,,,,,,
845,942065,4/29/201 1,Congressman Jaime Herrera Beutler,Requests aid in receiving approval to refinance a mortgage due to limitations stemming from the Patriot Act.,,,,,,,,,,,
846,,,,,,,,,,,,,,,
847,943343,4/16/12,Congressman Rob Bishop,Writes on behalf of his constituent requesting membership in the Global Entry System which was previously denied.,,,,,,,,,,,
848,943683,4/18/12,Congressman Earl Blumenauer,Mother filed for son Form 1-601,,,,,,,,,,,
849,943723,4/19/12,Congressman Earl Blumenauer,Wife filed for husband a Form 1-601,,,,,,,,,,,
850,942296,4/5/12,Senator Richard Blumenthal,Writes on behalf of a constituent regarding cyber security.,,,,,,,,,,,
851,944747,4/30/12,Senator Roy Blunt,Constituent attempts to obtain permanent resident status,,,,,,,,,,,
852,942690,4/10/12,Senator Barbara Boxer,Writes in support of the City of Murrieta’s application to the SAFER Grant Program.,,,,,,,,,,,
853,942010,4/4/12,Congressman Corrine Brown,Re (D)(6'    who is experiencing diffculties. (1-485),,,,,,,,,,,
854,942863,4/11/12,Congressman Scott P. Brown,re expedited on 1-131 case.,,,,,,,,,,,
855,943578,4/18/12,Congressman Scott P. Brown,Re an 1-601 waiver.,,,,,,,,,,,
856,942294,4/5/12,Congressman Sherrod Brown,Re a Humanitarian Parole case. (1-131),,,,,,,,,,,
857,,,,,,,,,,,,,,,
858,,,,,,,,,,,,,,,
859,943641,4/18/12,Senator Sherrod Brown,Senator Brown writes to express concern regarding recent reports of the smuggling of live Asian carp from the United Stales into Canada.,,,,,,,,,,,
860,943907,4/20/12,Senator Sherrod Brown,Re citizenship certificate. (N-565),,,,,,,,,,,
861,942909,4/11/12,Senator Richard M. Burr,Writes on behalf of constituent.    who encountered problems at the Miami International Airport.,,,,,,,,,,,
862,942282,4/5/12,Senator Maria Cantwell,"Wife file for husband Form 1-601, she has cancer",,,,,,,,,,,
863,942749,4/10/12,Senator Maria Cantwell,Writes to bring attention to the tsunami-generated debris that poses a risk to coastal economies and ecosystems.,,,,,,,,,,,
864,944635,4/27/12,Congressman Shelley Moore Capito,Writes on behalf of constituent who complains about a hostile work environment.,,,,,,,,,,,
865,944349,4/25/12,Congressman Lois Capps,Representative Capps writes regarding the commercial diving industry,,,,,,,,,,,
866,,,,,,,,,,,,,,,
867,944502,4/26/12,Senator Thomas R. Carper,"Senator Carper request that Secretary Napolitano assign a detailee from DHS to the majority staff of the Subcommittee on Federal Financial Management, Government Information, Federal Services, and International Security of the Senate Committee on Homeland Security and Governmental Affairs for a period of six months with an option of a six month extension, beginning January 2012.",,,,,,,,,,,
868,944506,4/26/12,Senator Thomas R. Carper,"Senator Carper request that Secretary Napolitano assign a detailee from DHS to the majority staff of the Subcommittee on Federal Financial Management, Government Information, Federal Services, and International Security of the Senate Committee on Homeland Security and Governmental Affairs for a period of six months with an option of a six month extension, beginning January 2012.",,,,,,,,,,,
869,943573,4/18/12,Congressman John Carter,Re status of an 1-601 waiver.,,,,,,,,,,,
870,944701,4/27/12,Congressman Bill Cassidy,Writes SI to address known flaws in the current Integrated Alert and Warning System (IPAWS),,,,,,,,,,,
871,941974,4/3/12,Congressman Kathy Castor,Question regarding her N-400 package.,,,,,,,,,,,
872,943492,4/17/12,Senator Saxby Chambliss,"Writes on behalf of constituent,(b,<6)    who was disapproved for a Global Entry membership.",,,,,,,,,,,
873,,,,,,,,,,,,,,,
874,943495,4/17/12,Senator Saxby Chambliss,"Writes on behalf of a constituent to investigate the claim that Facilities Solutions, a joint venture firm has not been approved by SBA which is grounds for disbarrment.",,,,,,,,,,,
875,944757,4/30/12,Congressman William Lacy Clay,Re status of 1-485 application.,,,,,,,,,,,
876,944063,4/23/12,Senator Tom A. Coburn,Requests the documents of indi viduals to assist the Permanent Subcommittee on Investigations regarding Social Security Administration Disability Programs.,,,,,,,,,,,
877,941966,4/3/12,Congressman Tom Cole,Re the status of 1-601 waiver.,,,,,,,,,,,
878,942907,4/11/12,Senator Susan M. Collins,Denial of refuguee status,,,,,,,,,,,
879,944005,4/23/12,Senator Susan M. Collins,Writes to request letters of commendation to Boy Scout Troop 603 in honor of receiving their Eagle Scout Awards.,,,,,,,,,,,
880,942740,4/10/12,Congressman Gerry Connolly,Writes on behalf of constituent    |concern about being enrolled in the wrong retirement system within DHS Human Resources.,,,,,,,,,,,
881,943700,4/19/12,Congressman Jim Cooper,Status of the case Form 1-601,,,,,,,,,,,
882,944375,4/25/12,Senator John Cornyn,Requests information on behalf of his constituent regarding a contract between FJC Security Services and FPS. FOIA request.,,,,,,,,,,,
883,,,,,,,,,,,,,,,
884,944462,4/26/12,Congressman Jim Costa,Supports Kern County's application for funding under the FY 2011 Staffing for Adequate Fire and Emergency Response (SAFER) Grant program.,,,,,,,,,,,
885,944592,4/27/12,Congressman Jim Costa,Supports the City of Fresno's application for SAFER grant funding.,,,,,,,,,,,
886,944361,4/25/12,Congressman Joe Courtney,Inquires as to why constituent.has not received his retirement identification card after retiring from the Department.,,,,,,,,,,,
887,944711,4/30/12,Congressman Joseph Crowley,"Father wishes to withdraw Form 1-730 , daughter no longer wishes to leave India",,,,,,,,,,,
888,943705,4/18/12,Congressman Elijah E. Cummings,Writes on behalf of constituent who is encountering problems when reentering the United States.,,,,,,,,,,,
889,942128,4/4/12,Congressman Charles W. Dent,Form I 140 for the constituent,,,,,,,,,,,
890,942897,4/11/12,Congressman Scott DesJarlais,Status of Form 1-601 case,,,,,,,,,,,
891,943039,4/12/12,Congressman Scott DesJarlais,Constituent to get copy of his a Certificate of Citizenship,,,,,,,,,,,
892,944766,4/30/12,Congressman Scott DesJarlais,"is requesting assistance with her husband, 1-130 & 1-601 waiver.",,,,,,,,,,,
893,,,,,,,,,,,,,,,
894,,,,,,,,,,,,,,,
895,942586,4/10/12,Congressman Mario Diaz-Balart,"Writes in support of the City of Miramar's pending gram application submitted under the FEMA Staffing for Adequate Fire&Emergency Response (SAFER) Grant Program,",,,,,,,,,,,
896,944146,4/23/12,Congressman Jeff Duncan,Wife's name is problem    should,,,,,,,,,,,
897,944347,4/25/12,Congressman Jeff Duncan,Re a Department of State referral (1-539).,,,,,,,,,,,
898,942099,4/4/12,Senator Dianne Feinstein,Writes in support of the Murrieta Fire Department's request for a Staffing for Adequate Fire and Emergency Response grant.,,,,,,,,,,,
899,942131,4/4/12,Senator Dianne Feinstein,Fee waiver request,,,,,,,,,,,
900,942328,4/5/12,Congressman Bob Filner,Re 1-601 waiver.,,,,,,,,,,,
901,943565,4/18/12,Congressman Rodney P. Frelingbuysen,"Writes in support of the Nonprofit Security Grant program FY 2012 joint application for the Shimon and Sara Bimbaum Community Center; the Jewish Federation of Hunterdon, Somerset, and Warren Counties; and the Jewish Family Center of Somerset, Huterdon, and Warren Counties.",,,,,,,,,,,
902,,,,,,,,,,,,,,,
903,,,,,,,,,,,,,,,
904,944784,4/30/12,Senator Charles E. Grassley,"Expresses concern regarding the B-l visa program. Please send a copy of the signed letter to PLCY Exec Sec before it is sent to Senator Grassley,",,,,,,,,,,,
905,942166,3/27/12,Congressman Sam Graves,Constituent(bK0)    writes regarding the difficulties he's having returning back to work,,,,,,,,,,,
906,943912,4/20/12,Congressman Sam Graves,Constituent filed Form 1-140 appeal,,,,,,,,,,,
907,943168,4/13/12,Congressman Gene Green,Writes in support of the City of Baytown's application for a Staffing for Adequate Fire and Emergency Response (SAFER) grant for 15 new firefighters.,,,,,,,,,,,
908,944345,4/25/12,Congressman Morgan Griffith,Re 1-485 case.,,,,,,,,,,,
909,942370,4/20/12,Congressman Alcee L. Hastings,Writes in support of the City of Miramar's pending grant application submitted under the FEMA Staffing for Adequate Fire &. Emergency Response (SAFER) grant program.,,,,,,,,,,,
910,943224,4/13/12,Senator Orrin G. Hatch,Writes on behalf of constituentwho is concerned with illegal immigrants in the United States.,,,,,,,,,,,
911,944025,4/23/12,Congressman Joe Heck,Writes to request a response from a previous letter sent to CBP regarding the treatment of a constituent in Boston.,,,,,,,,,,,
912,,,,,,,,,,,,,,,
913,,,,,,,,,,,,,,,
914,942809,4/11/12,Congressman Dean Heller,Re    JIs trying to relocate his daughter Polena. (1-130).,,,,,,,,,,,
915,943405,4/17/12,Congressman Jim Himes,Re an 1-730 case,,,,,,,,,,,
916,942774,4/10/12,Congressman Ruben Hinojosa,"Writes regarding construction of the commercial inspection facilities at the Donna Land Port of Entry, in Donna, Texas.",,,,,,,,,,,
917,944255,4/24/12,Congressman Kathy Hochul,Re pending 1-485 applications forand his wife.,,,,,,,,,,,
918,943236,4/12/12,Congressman Chris Van Hollen,Writes on behalf of constituent who requests assistance in gaining employment with DHS.,,,,,,,,,,,
919,942827,4/10/12,Congressman Steny H. Hoyer,Re 1-601 waiver.,,,,,,,,,,,
920,943974,4/9/12,Congressman Kay Bailey Hutchison,CRCL received an FYI from Senator Hutchison re: constituent ICE EEO complaint,,,,,,,,,,,
921,942881,4/11/12,Congressman Daniel K. Inouye,Expresses concern regarding the new contract requirements for the Aerobic Capacity Test.,,,,,,,,,,,
922,,,,,,,,,,,,,,,
923,,,,,,,,,,,,,,,
924,944378,4/25/12,Congressman Daniel K. Inouye,Writes on behalf of constituent regarding the new requirments in the contract award to AKAL Security for security service and the issue of age discrimination.,,,,,,,,,,,
925,942184,4/5/12,Senator Johnny Isakson,"Writes on behalf of constituent.(b)(Sl    |who is requsting the status of his EEOC, and that an inquiry be made on his behalf in the Office of Special Counsel, Office of Professional Responsibility, Office of Inspector General, and and the FOIA Office.",,,,,,,,,,,
926,943550,4/17/12,Senator Johnny Isakson,Senator Isakson forwards correspondence from regarding their Global Entry program applications.,,,,,,,,,,,
927,944614,4/27/12,Senator Johnny Isakson,Constituent wants to be released from Form 1864 responsibility and have his son be responsile for his wife and child.,,,,,,,,,,,
928,942794,4/11/12,Congressman Darrell Issa,Requests documents and information regarding agency-funded conferences held outside of Washington DC.,,,,,,,,,,,
929,944175,4/24/12,Congressman Darrell Issa,"Request a copy of the ICE case file and other communications on Operation Fast and Furious by May 9, 2012,",,,,,,,,,,,
930,943732,4/19/12,Congressman Lynn Jenkins,Appeal on Form 1-140,,,,,,,,,,,
931,,,,,,,,,,,,,,,
932,,,,,,,,,,,,,,,
933,942190,4/5/12,Congressman Bill Johnson,Constituent    writes seeking help becoming a US citizen,,,,,,,,,,,
934,944080,4/23/12,Congressman Bill Johnson,Student wants vistor visa so his parents can see him gradute,,,,,,,,,,,
935,944609,4/27/12,Congressman Bill Johnson,Writes on behalf of constituent requesting assistance with spouse visa application.,,,,,,,,,,,
936,944773,4/25/12,Congressman Bill Johnson,Constituen 'bM6)    writes seeking help obtaining her visa,,,,,,,,,,,
937,944471,4/26/12,Congressman Hanzada Khalifa,Applciant writing regarding status of case.,,,,,,,,,,,
938,944335,4/25/12,Congressman Peter T. King,Writes to inquire about CIA support to first responders with appropriate clearances and sending copies of existing and future counterterrorism and weapons of mass destruction analytical products.,,,,,,,,,,,
939,944352,4/25/12,Congressman Peter T. King,"Writes to inquire about creating a National Intelligence Priorities Framework (NFIP) category for Mitigation, Response, and Recovery,",,,,,,,,,,,
940,944544,4/27/12,Congressman Peter T. King,"Writes regarding ""Guiding Principles Touchstone Document on Training"" issued by Federal Bureau of Investigation.",,,,,,,,,,,
941,,,,,,,,,,,,,,,
942,,,,,,,,,,,,,,,
943,943057,4/12/12,Congressman Steve King,Constituent seeks information on getting friend in United States,,,,,,,,,,,
944,942810,4/11/12,Congressman Jack Kingston,Requests an impartial investigation to determine if a CBP employee has created a hostile work environment for her employees.,,,,,,,,,,,
945,942860,4/11/12,Congressman Jack Kingston,Constituentwrites inquiring about the guidelines for taking prescription dings on international flights,,,,,,,,,,,
946,944432,4/26/12,Congressman Jack Kingston,Form 1-601 waiver,,,,,,,,,,,
947,943579,4/18/12,Senator Amy Klobuchar,"Writes on behalf of(b,(61    regarding the renewal of his Transportation Worker Identification Credential (TWIC).",,,,,,,,,,,
948,942755,4/10/12,Senator Mary L. Landrieu,"Writes on behalf of the Integrated Public Alert System regarding emergency population wanting system, Landrieu Project No. 999912",,,,,,,,,,,
949,943787,4/19/12,Congressman John B. Larson,Requests that (DXtSl    be selected as the Assistant Secretary for Cybersecurity and Communications.,,,,,,,,,,,
950,944259,4/24/12,Congressman Tom Latham,Requesting Assistance with obtaining access to information from the Systematic Alien Certification for Entitlements (SAVE) Program.,,,,,,,,,,,
951,,,,,,,,,,,,,,,
952,942658,4/10/12,Congressman Robert Latta,"Writes on behalf of constituent(b,(61    who has concerns about his inability to work for Federal Protective Services due to issues with an HSPD-12 requirement which has not been identified so the problem can be addressed.",,,,,,,,,,,
953,944359,4/25/12,Congressman Robert Latta,Re a 1-829/1551 case.,,,,,,,,,,,
954,942365,4/6/12,Senator Frank R. Lautenberg,Writes in support of the Town of Harrison Fire Department’s apllication for a Staffing For Adequate Fire & Emergency Response (SAFER) Grant.,,,,,,,,,,,
955,943204,4/5/12,Senator Patrick J. Leahy,Asking USCIS to consider Request for Deferred Action submitted by Takako Ueda,,,,,,,,,,,
956,942094,4/4/12,Congressman Sheila Jackson Lee,Form 1-730 cases,,,,,,,,,,,
957,943369,4/16/12,Congressman Jerry Lewis,Re an 1-601 waiver.,,,,,,,,,,,
958,943389,4/17/12,Congressman Jerry Lewis,RE:    who applied on a 1-824 form for his sons to come to the U.S. from the Philippines.,,,,,,,,,,,
959,,,,,,,,,,,,,,,
960,943199,4/13/12,Congressman Zoe Lofgren,Administrative measures for economic growth,,,,,,,,,,,
961,943803,4/19/12,Congressman Zoe Lofgren,Requests a briefing and the status of the open investigations concerning the deaths of two Mexican nationals along the southwest border.,,,,,,,,,,,
962,943209,4/13/12,Congressman Blaine Luetkemeyer,Writes concerning a constituent’s difficulty obtaining visas through the H2B visa application process.,,,,,,,,,,,
963,943967,4/20/12,Congressman Richard Lugar,Re an 1-601 waiver.,,,,,,,,,,,
964,944780,4/30/12,Congressman Richard G. Lugar,"Writes on behalf of constituent who requests an explanation for the purchase of 450 million rounds of ""hollow point"" bullets.",,,,,,,,,,,
965,942021,4/4/12,Congressman Ben Lujan,Writes to request a meeting between the Secretary and the President of the Navajo Nation to discuss treatment of the Navajo Nation as a State under the REAL ID Act of 2005.,,,,,,,,,,,
966,943065^,4/12/12,Congressman Ben Lujan,Husband in removal proceedings,,,,,,,,,,,
967,943i86~,4/13/12,Congressman Mary Bono Mack,Re an 1-601 waiver.,,,,,,,,,,,
968,,,,,,,,,,,,,,,
969,,,,,,,,,,,,,,,
970,943203,4/13/12,Congressman Mary Bono Mack,Request to expedite the processing of an 1-601 waiver.,,,,,,,,,,,
971,943917,4/20/12,Congressman Mary Bono Mack,"Re an 1-601 waiver for1,61",,,,,,,,,,,
972,943923,4/19/12,Congressman Carolyn B. Maloney,"Requests assistance on behalf of constituent,(b)<6)    1 who would like to know when his background check will be completed.",,,,,,,,,,,
973,944418,4/26/12,Congressman Jim Matheson,"Constituent filed Form 1-765, Motion to Re-open",,,,,,,,,,,
974,944164,4/24/12,Senator John McCain,Writes to follow-up on previous letters regarding the Department's $50 million environmental impact mitigation fund.,,,,,,,,,,,
975,944600,4/27/12,Congressman Michael McCaul,"Conferences attended by DHS personnel cost, personnel.",,,,,,,,,,,
976,944143,4/23/12,Senator Mitch McConnell,Constituent trying to get information from files,,,,,,,,,,,
977,942837,4/11/12,Senator Barbara A. Mikulski,Constituent complaint at the Philadelphia International Airport,,,,,,,,,,,
978,,,,,,,,,,,,,,,
979,,,,,,,,,,,,,,,
980,943349,4/16/12,Senator Barbara A. Mikulski,Requests review of potential purchase of property.,,,,,,,,,,,
981,944708,4/30/12,Senator Jerry Moran,Wife and husband asking for assistance in Form 1-601,,,,,,,,,,,
982,943045,4/12/12,Congressman Grace F. Napolitano,Wife filed for husband Form 1-601,,,,,,,,,,,
983,943743,4/19/12,Congressman Grace F. Napolitano,Re an 1-601 waiver.,,,,,,,,,,,
984,942845,4/11/12,Senator Bill Nelson,Constituent faces deportation,,,,,,,,,,,
985,943654,4/18/12,Senator Bill Nelson,Problem with SEVP regarding recertifiaction,,,,,,,,,,,
986,944342,4/25/12,Senator Bill Nelson,Re a pending I-290B case.,,,,,,,,,,,
987,,,,,,,,,,,,,,,
988,943823,4/19/12,Congressman Alan Nunnelee,Writes on behalf of constituent who requests information regarding physical requirements of law enforcement positions within DHS.,,,,,,,,,,,
989,941851,4/2/12,Congressman Bill L. Owens,Status of E-2,,,,,,,,,,,
990,943288,4/16/12,Congressman Bill L. Owens,",b^s!    regarding the status of his parents’ Form 1-90, green Card.",,,,,,,,,,,
991,944340,4/25/12,Congressman Bill L. Owens,Form 1-797C and Form I-129F filed for fiancee,,,,,,,,,,,
992,943050,4/12/12,Congressman Xiaoming Pan,Not completed,,,,,,,,,,,
993,942117,4/4/12,Congressman Steve Pearce,Husband filed for his wife K-l,,,,,,,,,,,
994,943804,4/19/12,Congressman Steve Pearce,"Department of State referral.(Immigration Visa),",,,,,,,,,,,
995,942784,4/11/12,Senator Rob Portman,Writes on behalf of constituent requesting assistance with employee transfer.,,,,,,,,,,,
996,,,,,,,,,,,,,,,
997,944758,4/30/12,Congressman Bill Posey,Supports the City of Cocoa's application for funding under the Staffing for Adequate Fire & Emergency Response (SAFER) Grant Program.,,,,,,,,,,,
998,942857,4/11/12,Senator Mark L. Pryor,Re status of I-290B of Jajio Guya.,,,,,,,,,,,
999,943240,4/16/12,Senator Harry Reid,Expresses his concerns about travelers' frustrations with TSA and CBP agents.,,,,,,,,,,,
1000,943030,4/12/12,Congressman Silvestre Reyes,Form 1-130 for his sister,,,,,,,,,,,
1001,943301,4/16/12,Senator Pat Roberts,Re an 1-130 case.,,,,,,,,,,,
1002,943305,4/16/12,Senator John D. Rockefeller,Express interest in the status and completion of the rale making by DHS regarding Aircraft Repair Station Security.,,,,,,,,,,,
1003,943920,4/20/12,Congressman David P. Roe,Humanitarian parole for herself and her daughter,,,,,,,,,,,
1004,942914,4/11/12,Congressman Michael D. Rogers,Write regarding Aircraft Repair Station Security becoming final in this calendar year.,,,,,,,,,,,
1005,,,,,,,,,,,,,,,
1006,943473,4/17/12,Congressman Dana Rohrabacher,"Writes to find out whya human rights activist, was denied entrance to the United States and ifwill be allowed to enter the United States in the future.",,,,,,,,,,,
1007,942396,4/9/12,Congressman Peter Roskam,Writes on behalf of constituent who requests the details of the CBP Disabled Veterans Affirmative Action Program plan.,,,,,,,,,,,
1008,943225,4/13/12,Congressman Lucille Roybal-Allard,Invites a grant specialist to speak at the 17th Annual Grants Workshop on 6/14/12.,,,,,,,,,,,
1009,942178,4/5/12,Congressman Edward Royce,Writes on behalf of constituent who has an open DHS OIG case.,,,,,,,,,,,
1010,944387,4/25/12,Senator Marco Rubio,Writes on behalf of his constituent regarding his application to the Traveler Redress Inquiry Program (DHS-TRIP).,,,,,,,,,,,
1011,942878,4/11/12,Congressman Paul D. Ryan,Form 1-601 case appeal,,,,,,,,,,,
1012,942260,4/5/12,Congressman Loretta Sanchez,"Writes on behalf of constituent,who requests an investigation with regard to his immigration case.",,,,,,,,,,,
1013,943196,4/13/12,Senator Bernard Sanders,Asking USCIS to consider Request for Deferred Action submitted by (b)(6),,,,,,,,,,,
1014,,,,,,,,,,,,,,,
1015,942336,4/6/12,Congressman Janice D. Schakowsky,Re an 1-131/1-134 case.,,,,,,,,,,,
1016,942877,4/11/12,Congressman Janice D. Schakowsky,regarding his United States citizenship status. (N- 565).,,,,,,,,,,,
1017,941964,4/3/12,Senator Charles E. Schumer,Writes in support of the DeWitt Fire District receiving funding under the Assistance to Firefighters Grant Program to purchase critical Fire safety equipment.,,,,,,,,,,,
1018,942664,4/10/12,Senator Charles E. Schumer,Writes in support of Thornwood Fire Company's application for funding under the SAFER Grant Program.,,,,,,,,,,,
1019,942735,4/10/12,Senator Charles E. Schumer,Writes in support of Belgium Cold Springs Fires Staffing for Adequate Fire and Emergency Response (SAFER) Grant Program application.,,,,,,,,,,,
1020,943192,4/13/12,Senator Charles E. Schumer,Writes in support of Sloan Active House Company application for funding under the FEMA Staffing for Adequate Fire and Emergency Response (SAFER) Grant Program.,,,,,,,,,,,
1021,942815,4/11/12,Senator Jeanne Shaheen,Requests approval to use conventional importer's bonds.,,,,,,,,,,,
1022,944337,4/25/12,Congressman Brad Sherman,Re an N-565.,,,,,,,,,,,
1023,944736,4/30/12,Congressman Brad Sherman,Wife filed for her husband Form 1 589,,,,,,,,,,,
1024,,,,,,,,,,,,,,,
1025,,,,,,,,,,,,,,,
1026,942811,4/10/12,Congressman Heath Shuler,Re I-129F case.,,,,,,,,,,,
1027,942001,4/3/12,Congressman Adam Smith,"Writes on behalf of constituent who requests to be taken off the ""watch list.""",,,,,,,,,,,
1028,942561,4/9/12,Congressman Adam Smith,Constituent'^'01    writes regarding a contract he feels was awarded to a company that did not meet all the requirements.,,,,,,,,,,,
1029,943211,4/13/12,Congressman Olympia J. Snowe,"Department of State referral,would like to obtain a visitor visa for his mother-in-law.",,,,,,,,,,,
1030,943706,4/18/12,Congressman Olympia J. Snowe,Writes on behalf of constituent who inquires as to the status of several applications he submitted for positions with TSA.,,,,,,,,,,,
1031,942123,4/4/12,Congressman Pete Stark,Wife filed Form 1-130 for her husband,,,,,,,,,,,
1032,941766,4/2/12,Congressman Betty Sutton,Re status of 1-601 case.,,,,,,,,,,,
1033,,,,,,,,,,,,,,,
1034,942771,4/10/12,Senator Jon Tester,Writes to discuss concerns regarding proposed National Bio and Agro -Defense Facility (NBAF).,,,,,,,,,,,
1035,943533,4/18/12,Congressman Bennie G. Thompson,Requests information regarding DHS's scores on the Best Places to Work survey.,,,,,,,,,,,
1036,943652,4/18/12,Congressman Bennie G. Thompson,Transformation and Systems Consolidation TA SC,,,,,,,,,,,
1037,943670,4/18/12,Congressman Bennie G. Thompson,"Letter seeking to ascertain the Department's efforts to resolve weaknesses noted in the Office of Inspector General report entitled, “The Office of Financial Management’s Management Letter for FY 2011 DHS Consolidated Financial Statements Audit, OIG-12-57.""",,,,,,,,,,,
1038,944081,4/23/12,Congressman Bennie G. Thompson,CPO Realease of Info for resources for CRCL investigative services,,,,,,,,,,,
1039,944404,4/25/12,Congressman Patrick Tiberi,Writes on behalf of constituent regarding unprofessional conduct related to the Whitestone Group.,,,,,,,,,,,
1040,942678,4/10/12,Congressman Scott Tipton,Form I-129F in Bahrain,,,,,,,,,,,
1041,944363,4/25/12,Senator Patrick Toomey,Writes on behalf of a constituent to inquire as to why DHS plans to aquire .40 caliber hollow point ammo.,,,,,,,,,,,
1042,,,,,,,,,,,,,,,
1043,,,,,,,,,,,,,,,
1044,942203,4/5/12,Congressman Nydia M. Velazquez,Re status of 1-485 case ol (b^6i,,,,,,,,,,,
1045,942236,4/5/12,Congressman Peter J. Visclosky,Re 1-130/1-485,,,,,,,,,,,
1046,943207,4/13/12,Senator David Vitter,Writes on behalf of his constituent who requests assistance in obtaining a TWIC card.,,,,,,,,,,,
1047,942831,4/5/12,Senator Mark R. Warner,Re VAWA /Battered spouse.,,,,,,,,,,,
1048,941917,4/3/12,Congressman Melvin L. Watt,Writes to request a representative from DHS to present at the 12th Congressional District Annual Grants Conference on June 18 in North Carolina.,,,,,,,,,,,
1049,943208,4/13/12,Congressman Henry Waxman,Writes on behalf of constituent who is interested in starting a small business encouraging students from the UK to earn a Sport Pilot license and is concerned about the visa requirements for students attending.,,,,,,,,,,,
1050,943193,4/13/12,Congressman Jim Webb,Re status of N-400.,,,,,,,,,,,
1051,943447,4/17/12,Congressman Jim Webb,Writes to discuss concerns regarding FEMA's decision to terminate funding to the Hampton Roads region under the Urban Security Initiative (UASI) grant program and request explanation.,,,,,,,,,,,
1052,,,,,,,,,,,,,,,
1053,,,,,,,,,,,,,,,
1054,943194,4/6/12,Congressman Peler Welch,Asking USCIS to consider Request For Deferred Action submitted by Takako Ueda,,,,,,,,,,,
1055,944376,4/25/12,Congressman Frank R. Wolf,"Writes on behalf of constituent who is concerned with the purchase of 450 million rounds of ""hollow point"" bullets.",,,,,,,,,,,
1056,944783,4/30/12,Congressman Rob Woodall,Constituent wants information Form G-639 FOIA,,,,,,,,,,,
1057,943328,4/16/12,Congressman Don Young,"Expresses support for invoking the Department's discretion to review CBP's penalty action involving the 2011 transport of a jack-up drilling right from the Gulf of Mexico to Cook Inlet, Alaska.",,,,,,,,,,,
1058,943857,4/19/12,Congressman Todd Young,Requests assistance on behalf of constituent. <b^6t    whose last name needs to be changed on her green card.,,,,,,,,,,,
1059,944781,4/30/12,Congressman Todd Young,Constituent wife needs husband home Form 1-601,,,,,,,,,,,
1060,943036,4/12/12,Congressman Yanette Zamora,Not completed,,,,,,,,,,,
1061,941844,4/2/12,,"Never completed, finish under an other number",,,,,,,,,,,
1062,942738,4/16/12,,VWP Report to Congress for Spain and Andorra Report is Secret and will not be uploaded into IQ,,,,,,,,,,,
1063,,,,,,,,,,,,,,,
1064,Policy Congressional Report,,,,,,,,,,,,,,
1065,Opened Between 05/01/2012 and 05/31/2012,,,,,,,,,,,,,,
1066,WF#,Receive Date,Congressman Name,Subject of Request,,,,,,,,,,,
1067,945039,5/2/12,Congressman Gary L. Ackerman,Re an 1-730 case.,,,,,,,,,,,
1068,945060,5/2/12,"Congressman Gary L, Ackerman",Form 1-730 case,,,,,,,,,,,
1069,945064,5/2/12,Congressman Gary L. Ackerman,Form 1-730 case,,,,,,,,,,,
1070,945637,5/9/12,Congressman Gary L. Ackerman,Status of wife's case Form 1-730,,,,,,,,,,,
1071,945911,5/11/12,Congressman Gary L. Ackerman,"Writes on behalf of a constituent, <b-(6)    regarding the ''no-fly"" list.",,,,,,,,,,,
1072,945912,5/11/12,Congressman Gary L. Ackerman,Status of Form 1730,,,,,,,,,,,
1073,945973,5/14/12,Congressman Gary L. Ackerman,Constituent file Form 1-730,,,,,,,,,,,
1074,946005,5/14/12,Congressman Gary L. Ackerman,Re an 1-730 Refugee/Asylee Relative petition.,,,,,,,,,,,
1075,,,,,,,,,,,,,,,
1076,,,,,,,,,,,,,,,
1077,946066,5/15/12,Congressman Gary L. Ackerman,Form 1-730 case,,,,,,,,,,,
1078,946070,5/15/12,Congressman Gary L. Ackerman,Form I 730 case for his son,,,,,,,,,,,
1079,946099,5/15/12,Congressman Gary L. Ackerman,Form I 730 for her son,,,,,,,,,,,
1080,946407,5/18/12,Congressman Gary L. Ackerman,Filed for family Form 1-730,,,,,,,,,,,
1081,946723,5/22/12,Congressman Gary L. Ackerman,Husband filed for his wife Form 1-730,,,,,,,,,,,
1082,946724,5/22/12,Congressman Gary L. Ackerman,Mother filed for her son Form 1-730,,,,,,,,,,,
1083,946725,5/22/12,Congressman Gary L. Ackerman,Petitioning for her son Form 1-730,,,,,,,,,,,
1084,946900,5/24/12,Congressman Gary L. Ackerman,Re 1-730 case.,,,,,,,,,,,
1085,,,,,,,,,,,,,,,
1086,946435,5/18/12,Congressman Robert B. Aderholt,Writes in support of the DHS Port Security Program grant submitted by the Guntersville Police Department.,,,,,,,,,,,
1087,945985,5/14/12,Senator Lamar Alexander,Husband applying for his wife,,,,,,,,,,,
1088,946637,5/22/12,Senator Lamar Alexander,Constituent needs her driving license and Form I-797C,,,,,,,,,,,
1089,946288,5/17/12,Congressman Joe Baca,"Writes on behalf of his constituent,    ‘egarding his belief of being racially profiled while traveling through airports.",,,,,,,,,,,
1090,945279,5/4/12,Congressman Xavier Becerra,"Request support regarding the robust funding for diversity outreach at the US Military Academy, US Naval Academy, US Air Force Academy, US Coast Guard Academy, and the US Merchant Marine Academy,",,,,,,,,,,,
1091,947066,5/25/12,Congressman Jaime Herrera Beutler,Writes on behalf of constituent who requests to be accepted to the Global Entry program after initially being denied.,,,,,,,,,,,
1092,944824,4/30/12,Congressman Timothy H. Bishop,Writes on behalf of constituent who requests DHS address her rebuttal letter in regards to her Fitness Processing background check.,,,,,,,,,,,
1093,945859,5/11/12,Congressman Marsha Blackburn,Constituent filed Form 1-130 and Form 1601,,,,,,,,,,,
1094,945374,5/7/12,Congressman Charles W. Boustany,Requests that the Department provide information regarding its use of the Energy Efficient Commercial Buildings Deduction (179D deduction).,,,,,,,,,,,
1095,,,,,,,,,,,,,,,
1096,,,,,,,,,,,,,,,
1097,945956,5/14/12,"Congressman Charles W, Boustany",Constituent filed Form I 360,,,,,,,,,,,
1098,945598,5/9/12,Congressman Mo Brooks,Re an I-130/1-601 waiver.,,,,,,,,,,,
1099,945991,5/14/12,Congressman Mo Brooks,Supports the Guntersville Police Department’s application for funding under the Port Security Grant program.,,,,,,,,,,,
1100,945143,5/3/12,Congressman Scott P. Brown,Father trying to get son in United States,,,,,,,,,,,
1101,946015,5/15/12,Congressman Scott P. Brown,Re an 1-601 waiver.,,,,,,,,,,,
1102,946223,5/16/12,Congressman Scott P. Brown,Re an 1-601 waiver.,,,,,,,,,,,
1103,945077,5/2/12,Senator Sherrod Brown,Writes concerning a constituent who he has previously written about concerning wage reimbursement during a temporary removal from duties and subsequent reinstatement.,,,,,,,,,,,
1104,945862,5/11/12,Senator Sherrod Brown,Request for assistance from wife of husband with an appeal of Form I 601,,,,,,,,,,,
1105,,,,,,,,,,,,,,,
1106,,,,,,,,,,,,,,,
1107,945544,5/8/12,Congressman Larry Bucshon,Overstay in U.S. makes it difficult for wife to get back in U.S.,,,,,,,,,,,
1108,945567,5/8/12,Congressman Larry Bucshon,Overstayed on a visitor's visa,,,,,,,,,,,
1109,945553,5/8/12,Congressman Larry Bucshon,Constituent and wife wish to the U.S. by 5/31/12,,,,,,,,,,,
1110,945803,5/11/12,Congressman Larry Bucshon,Re several 1-130 applications.,,,,,,,,,,,
1111,946291,5/17/12,Congressman Larry Bucshon,Husband filed for his wife Form 1-765,,,,,,,,,,,
1112,946826,5/23/12,Congressman Larry Bucshon,"Passport has expired, constituent is now illegible in U. S.",,,,,,,,,,,
1113,946764,5/23/12,Congressman Dan Burton,"Writes on behalf of his constituent, to follow up on his TRIP complaint.",,,,,,,,,,,
1114,946313,5/17/12,Congressman John Campbell,Doctors petitioning for Form 129 waiver for colleague,,,,,,,,,,,
1115,,,,,,,,,,,,,,,
1116,945687,5/10/12,Congressman Lois Capps,Writes on behalf of his constiuent (bKS>    regarding difficulties he incurred with the Global Enuy program.,,,,,,,,,,,
1117,946931,5/24/12,Senator Benjamin L. Cardin,Requests the Secretary give all due consideration to Morgan State University's funding proposal.,,,,,,,,,,,
1118,947313,5/30/12,Congressman Dennis A. Cardoza,"Writes on behalf of his constituent,    -egarding problems he encounters while crossing the border.",,,,,,,,,,,
1119,944841,5/1/12,Congressman John Carter,Writes on behalf of constituent who request closure on background investigation for employment.,,,,,,,,,,,
1120,945433,5/7/12,Congressman John Carter,Form T-485,,,,,,,,,,,
1121,946027,5/15/12,Congressman John Carter,Re an 1-601 waiver.,,,,,,,,,,,
1122,946675,5/22/12,Congressman John Carter,Form 1-601 waiver,,,,,,,,,,,
1123,947201,5/29/12,Congressman John Carter,Husband filed Form 1601 for wife,,,,,,,,,,,
1124,,,,,,,,,,,,,,,
1125,945061,5/2/12,Senator Robert P. Casey,Requests the assistance of all available resources from the Joint Terrorism Task Force in the investigation of the University of Pittsburgh bomb threats.,,,,,,,,,,,
1126,945413,5/7/12,Senator Saxby Chambliss,Requests assistance resolving <b!(e)    application for admission and subsequent removal order.,,,,,,,,,,,
1127,946165,5/16/12,Congressman Donna M. Christensen,Re status of an 1-290B case.,,,,,,,,,,,
1128,946149,5/16/12,Congressman Donna M. Christensen,Re status on a I-290B case.,,,,,,,,,,,
1129,946155,5/16/12,Congressman Emanuel Cleaver,Husband denied Form 1-601 waiver,,,,,,,,,,,
1130,946792,5/23/12,Congressman Emanuel Cleaver,Re the refugee status of    1730),,,,,,,,,,,
1131,947184,5/29/12,Congressman Emanuel Cleaver,"Wife filed for her husband Form 1-601, Form 30 marriage approved, waiver was denied",,,,,,,,,,,
1132,,,,,,,,,,,,,,,
1133,945720,5/10/12,Senator Tom A. Coburn,"Tom Cobum and Carl Levin (Senate Permanent Subcommittee on Investigations) write regarding the study, entitled ""Task 11-17: CBP Workforce Integrity Study.",,,,,,,,,,,
1134,945917,5/11/12,"Senator Tom A, Coburn",Form N-400,,,,,,,,,,,
1135,946177,5/16/12,Senator Thad Cochran,Writes SI to nominatefor appointment to the Homeland Security Academic Advisory Council (HSAAC).,,,,,,,,,,,
1136,946160,5/16/12,Senator Susan M. Collins,Requests information regarding investigation of    >,,,,,,,,,,,
1137,946301,5/17/12,Congressman Jim Costa,Writes in support of the Fresno Center for New Americans proposed New Americans Citizenship Project.,,,,,,,,,,,
1138,946670,5/22/12,Senator Michael D. Crapo,Form 1-601 Case,,,,,,,,,,,
1139,945756,5/10/12,Congressman Joseph Crowley,Re 1-730 petition for Qui Ji.,,,,,,,,,,,
1140,947185,5/29/12,Congressman Elijah E. Cummings,Writes on behalf of a constituent who wants to know if they are on the no fly list.,,,,,,,,,,,
1141,,,,,,,,,,,,,,,
1142,947258,5/22/12,Congressman Theodore E. Deutch,"Support for EB-5 application by Bridge Procure Florida, LLC and Florida Overseas Investment Regional Center.",,,,,,,,,,,
1143,944809,5/1/12,Congressman Lloyd Doggett,Re status of an 1-130 application.,,,,,,,,,,,
1144,945590,5/9/12,Congressman Jeff Duncan,Husband separated from wife,,,,,,,,,,,
1145,946182,5/16/12,Congressman Jo Ann Emerson,Writes on behalf of constituent who believes she is being discriminated against for being a female after failing her physical for a Federal Protective Service contract.,,,,,,,,,,,
1146,945595,5/9/12,Congressman Chaka Fattah,Wife filed for her husband Forms I 130 and I 485,,,,,,,,,,,
1147,945916,5/11/12,Senator Dianne Feinstein,Request a review of current and projected CBP officer staffing needs at all California/Baja California border crossings and identify steps necessary to provide sufficient staffing at these ports.,,,,,,,,,,,
1148,945981,5/14/12,Senator Dianne Feinstein,Wife filed for husband Form 1601 and Form 1212,,,,,,,,,,,
1149,946305,5/17/12,Congressman Bob Filner,Requests aid for an immigration case of an acquaintance.,,,,,,,,,,,
1150,,,,,,,,,,,,,,,
1151,946073,5/15/12,Congressman Stephen Fincher,Writes on behalf of his constituent regarding problems receiving a Global Entry pass.,,,,,,,,,,,
1152,946853,5/23/12,Congressman Rodney P. Frelinghuysen,Re a Deferred Action,,,,,,,,,,,
1153,947160,5/29/12,Congressman Elton Gallegly,Urges the President to develop a comprehensive strategy to combat the use of improvised explosive devices and the trade in materials to manufacture them.,,,,,,,,,,,
1154,947181,5/29/12,Congressman Elton Gallegly,Husband filed for his wife Form 1601,,,,,,,,,,,
1155,947259,5/30/12,Senator Charles E. Grassley,Husband filed for his wife Form DS-230 (Form 1-601),,,,,,,,,,,
1156,946253,5/17/12,Congressman Sam Graves,Father wants to get his adult sons' petitions approved,,,,,,,,,,,
1157,946353,5/18/12,Congressman Sam Graves,Form 1-730 and travel document,,,,,,,,,,,
1158,946783,5/23/12,Congressman Michael Grimm,Form 1-601 case for her husband,,,,,,,,,,,
1159,,,,,,,,,,,,,,,
1160,,,,,,,,,,,,,,,
1161,946800,5/23/12,Congressman Janice Hahn,Wife filed Form 1-601 for her husband,,,,,,,,,,,
1162,946170,5/16/12,Congressman Vicky Hartzler,Re FOIA request for spousal visa on lc'Ktl,,,,,,,,,,,
1163,947183,5/16/12,Congressman Alcee L. Hastings,Support for Immigration Resolution Group’s grant application,,,,,,,,,,,
1164,945656,5/9/12,Congressman Doc Hastings,Husband fded Form 1 601 for his wife,,,,,,,,,,,
1165,946008,5/14/12,Congressman Doc Hastings,(bK'6)    regarding a visitor visa for his son-in-law twie) (1-539) Department of State referral.,,,,,,,,,,,
1166,945012,5/2/12,Senator Orrin G. Hatch,"Writes on behalf of constituent who is concerned with the purchase of 450 million rounds of ""hollow point"" bullets.",,,,,,,,,,,
1167,945048,5/2/12,Congressman Jeb Hensarling,Re an 1-601 waiver.,,,,,,,,,,,
1168,947195,5/29/12,Congressman Jeb Hensarling,Mother filed for her daughter Form I 730,,,,,,,,,,,
1169,,,,,,,,,,,,,,,
1170,945881,5/11/12,Congressman Wally Herger,"Writes on behalf of constituent who is concerned with what was reported on the PBS ""Need to Know"" program.",,,,,,,,,,,
1171,945623,5/9/12,Congressman Brian Higgins,Son told his father to get a Visitor’s visa,,,,,,,,,,,
1172,946100,5/15/12,Congressman Brian Higgins,Writes to suggest implementing a truck cargo facilitation pilot point at Peace Bridge.,,,,,,,,,,,
1173,944828,5/1/12,Congressman Kalhy Hochul,"Constituent needs Form I 140,1-485 for herself and 1-485 for him approved",,,,,,,,,,,
1174,945366,5/7/12,Congressman Kathy Hochul,"Re *bl(6}    who will like to know when he would receive a green card, after he applied for an 1-485/1-131.",,,,,,,,,,,
1175,945903,5/11/12,Congressman Kathy Hochul,Form I 485 s for family,,,,,,,,,,,
1176,946666,5/22/12,Congressman Kathy Hochul,Re    and his T-90 cases.,,,,,,,,,,,
1177,,,,,,,,,,,,,,,
1178,946074,5/15/12,Congressman Chris Van Hollen,Writes on behalf of his constituent concerning increased scrutiny during TSA screenings.,,,,,,,,,,,
1179,945040,5/2/12,Congressman Michael M. Honda,Family wants to stay together in U.S.,,,,,,,,,,,
1180,946173,5/16/12,Congressman Steny H. Hoyer,Writes on behalf of his constituent concerning a hostile work environment.,,,,,,,,,,,
1181,944786,5/1/12,Congressman Duncan D. Hunter,"Writes on behalf of constituents who request information about vetting foreign pilots at Gillespie Field, a regional airport in San Diego, California.",,,,,,,,,,,
1182,946793,5/23/12,Congressman Robert Hurt,Status of his case,,,,,,,,,,,
1183,945571,5/8/12,Congressman Daniel K. Inouye,Writes a follow up letter on behalf of constituent fb)(6) regarding age discrimination statements allegedly made by (b-(61 |<b)io)    ISecurity Contract Manager.,,,,,,,,,,,
1184,945285,5/4/12,Senator Johnny Isakson,Re the case of,,,,,,,,,,,
1185,,,,,,,,,,,,,,,
1186,945909,5/11/12,Senator Johnny Isakson,Writes on behalf of constituent who was terminated from his job at FLETC.,,,,,,,,,,,
1187,946154,5/16/12,Senator Johnny Isakson,"Requests assistance on behalf of constituent,    whose wife was in an auto accident with a DHS employee.",,,,,,,,,,,
1188,947384,5/31/12,Senator Johnny Isakson,Re an I-601(CDJ) waiver status.,,,,,,,,,,,
1189,944808,5/1/12,Congressman Darrell Issa,Writes with oversight questions about service providers and event planning vendors. Follow up on GSA conference investigation.,,,,,,,,,,,
1190,946080,5/15/12,Congressman Lynn Jenkins,"Re a pending 1-360 for    ind his wife, (b)C6)",,,,,,,,,,,
1191,946984,5/24/12,Congressman Lynn Jenkins,Father filed Form 1-130 for wife and stepson,,,,,,,,,,,
1192,944791,5/1/12,Congressman Bill Johnson,Status of I-130 submitted for Chinese wife.,,,,,,,,,,,
1193,946567,5/21/12,Congressman Bill Johnson,"Writes on behalf of his constituent, who seeks removal of containers from their facility.",,,,,,,,,,,
1194,945866,5/11/12,Senator Tim Johnson,200 EB-5 investor visa applications pending for 18 months,,,,,,,,,,,
1195,,,,,,,,,,,,,,,
1196,944964,5/2/12,Senator John F. Kerry,Requests that CBP reconsider a policy change that would eliminate screening for cruise ship stores in the Port of Boston.,,,,,,,,,,,
1197,945674,5/10/12,Senator John F. Kerry,Request that guidance be provided to all field offices concerning the processing of immigration applications for gay and lesbian families.,,,,,,,,,,,
1198,947141,5/24/12,Congressman Peter T. King,"Supports New York's request to designate the 2012 Presidential Debate, which will be held on October 16, 2012 at Hofstra University as an NSSE.",,,,,,,,,,,
1199,945274,5/4/12,Senator Amy Klobuchar,"Writes on behalf of constituent requesting that TSA either continue use of the hand-held medical liquid scanners, or include travelers who need large quanitities of medical fluids in an expedited boarding program.",,,,,,,,,,,
1200,946092,5/15/12,Senator Amy Klobuchar,"Writes on behalf of constituent,    who is having difficulties with being entered in TSA's ""Pre-Check"" program.",,,,,,,,,,,
1201,946139,5/16/12,Congressman Dennis J. Kucinich,Re    who has applied for a position at USCIS as a Congressional Liaison Specialist In Cleveland.,,,,,,,,,,,
1202,946807,5/23/12,Congressman Jon Kyi,"Writes on behalf of constituent,regarding the Department's lack of using ESS gasoline in AZ.",,,,,,,,,,,
1203,945049,5/2/12,Senator Mary L. Landrieu,"Writes again to urge the swift implementation of section 821 of the Coast Guard Authorization Act of 2010, P.L. 111-281.",,,,,,,,,,,
1204,,,,,,,,,,,,,,,
1205,946425,5/18/12,Senator Mary L. Landrieu,Requests Temporary Protected Status (TPS) for Guatemalan nationals.,,,,,,,,,,,
1206,946315,5/18/12,Congressman Jeffrey M. Landry,"Requests that the Secretary make a public statement expressing the Administration's support of the American mariner and continued enforcement of the laws collecively known as the ""Jones Act"".",,,,,,,,,,,
1207,945570,5/8/12,Senator Patrick J. Leahy,Writes to seek information on processing unaccompanied immigrant minors in the US.,,,,,,,,,,,
1208,947231,5/30/12,Senator Patrick J. Leahy,"Writes to the Secretary regarding ""Beyond the Border Action Plan.""",,,,,,,,,,,
1209,945483,5/8/12,Congressman Joseph I. Lieberman,Requests exepedited processing for a constituent's permanent resident status application.,,,,,,,,,,,
1210,946148,5/16/12,"Congressman Joseph 1, Lieberman","Writes on behalf of former Afghanistan ambassador, requesting restoration of U.S. citizenship.",,,,,,,,,,,
1211,946554,5/21/12,Congressman Daniel W. Lipinski,Re an 1-601 waiver.,,,,,,,,,,,
1212,,,,,,,,,,,,,,,
1213,,,,,,,,,,,,,,,
1214,945295,5/4/12,Congressman Dave Loebsack,Suggestions for Transportion Security Adminisration,,,,,,,,,,,
1215,946859,5/23/12,Congressman Richard Lugar,Re an 1-601 waiver.,,,,,,,,,,,
1216,945119,5/3/12,Congressman Richard G. Lugar,Re status of 1-601 waiver application.,,,,,,,,,,,
1217,945910,5/11/12,Congressman Richard G. Lugar,Writes on behalf of constituentwho is concerned over ICE buying 450 million bullets.,,,,,,,,,,,
1218,946897,5/24/12,Congressman Richard G. Lugar,(b^61    regarding her immigration status and eligibility for advance parole. ( Form 131),,,,,,,,,,,
1219,946925,.5/24/2012,Congressman Richard G. Lugar,Mother separated from family who are refugee camp in Mozambique,,,,,,,,,,,
1220,946934,5/24/12,"Congressman Richard G, Lugar","Wife needs her husband home,filed Form 1-601 wiaver",,,,,,,,,,,
1221,,,,,,,,,,,,,,,
1222,947010,5/25/12,Congressman Richard G. Lugar,Writes on behalf of a constituent concerning the processing of their permanent resident application.,,,,,,,,,,,
1223,946828,5/23/12,Congressman Daniel E. Lungren,Re status of an 1-612 case.,,,,,,,,,,,
1224,945958,5/14/12,Congressman Stephen F. Lynch,"(b,(0'    and application for a position as a Community Relations Officer.",,,,,,,,,,,
1225,946184,5/16/12,Congressman Mary Bono Mack,Husband is filing Form 1-601 for his wife,,,,,,,,,,,
1226,946848,5/23/12,Congressman Mary Bono Mack,Re an 1-601 waiver.,,,,,,,,,,,
1227,946858,5/23/12,Congressman Carolyn B. Maloney,Motion to reconsider the extention of her L-l A nonimmigration visa,,,,,,,,,,,
1228,946990,5/24/12,Congressman Carolyn B. Maloney,Treatment of non-federal contract employees,,,,,,,,,,,
1229,947041,5/25/12,Senator Joe Manchin,"Writes on behalf of constituent who requests an explanation for the purchase of 450 million rounds of ""hollow point"" bullets.",,,,,,,,,,,
1230,946387,5/17/12,Congressman Jim Matheson,Writes on behalf of a constituent concerning the treatment of by a CBP officer.,,,,,,,,,,,
1231,,,,,,,,,,,,,,,
1232,946908,5/24/12,Congressman Jim Matheson,js seeing assistance with required documentation 1-94's for his adopted children as required by the Social Security Administration.,,,,,,,,,,,
1233,945749,5/10/12,Congressman Doris O. Matsui,Constituent want to file a stay while he files an appeals,,,,,,,,,,,
1234,945583,5/9/12,Senator John McCain,Re an 1-601 waiver.,,,,,,,,,,,
1235,946933,5/24/12,Senator John McCain,"Writes about an article entitled ""Losing the Drug War: Two Newly Retired Experts on the Border Speak Freely about the Status of the Arizona/Mexico Dividing Line"" that appeared in the Tucson Weekly and requests answers to questions he had after reading it.",,,,,,,,,,,
1236,945865,5/11/12,Congressman Carolyn McCarthy,Husband filed Form I 601 for wife,,,,,,,,,,,
1237,945409,5/7/12,Congressman Michael McCaul,Form 1485 case,,,,,,,,,,,
1238,946762,5/22/12,Congressman Michael McCaul,"Writes regarding the conclusions of the ""Building One DHS: Why is Employee Morale Low?"" hearing and encourages DHS to adopt a plan to improve morale.",,,,,,,,,,,
1239,,,,,,,,,,,,,,,
1240,946845,5/23/12,Congressman Michael McCaul,"Form 1 600 to adopt 2 children from the Congo, Democratic Republic of",,,,,,,,,,,
1241,945748,5/10/12,Senator Mitch McConnell,"Re(b,(S1    and their adoption of a child from Ghana. (I-600A).",,,,,,,,,,,
1242,947251,5/29/12,Senator Mitch McConnell,Writes on behalf of constituent regarding privacy concerns with DHS's social media outreach initiative.,,,,,,,,,,,
1243,946896,5/24/12,Congressman James P. McGovern,"Requests that    visa application be approved, despite his previous, involuntary involvement with the LRA.",,,,,,,,,,,
1244,945006,5/2/12,Congressman Patrick T. McHenry,Re status of an 1-601 waiver.,,,,,,,,,,,
1245,945753,5/10/12,Senator Barbara A. Mikulski,Writes concerning the bomb threats at the University of Pittsburgh.,,,,,,,,,,,
1246,945754,5/10/12,Senator Barbara A. Mikulski,Writes concerning the bomb threats at the University of Pittsburgh.,,,,,,,,,,,
1247,945509,5/8/12,Congressman Gary G. Miller,Writes on behalf of constituent concerning issues related to vacancy announcement and it's selection process.,,,,,,,,,,,
1248,945668,5/9/12,Congressman Jeff Miller,Requests that the Florida Department of State have immediate access to the Systematic Alien Verification for Entitlements database.,,,,,,,,,,,
1249,944985,5/2/12,Congressman Jerry Moran,Regarding    adoption petition. (1-600),,,,,,,,,,,
1250,,,,,,,,,,,,,,,
1251,,,,,,,,,,,,,,,
1252,944967,5/2/12,Congressman Jerry Moran,None,,,,,,,,,,,
1253,945455,5/7/12,Senator Jerry Moran,Form 1601 waiver,,,,,,,,,,,
1254,946851,5/23/12,Congressman Sue Myrick,is requesting clarification on why his Repalcement Naturalization Certificate does not denote his name change.,,,,,,,,,,,
1255,944869,5/1/12,Congressman Grace F. Napolitano,Filed Form I-290B,,,,,,,,,,,
1256,946164,5/16/12,Congressman Grace F. Napolitano,Husband filing for his wife Form I-130,,,,,,,,,,,
1257,946444,5/18/12,"Congressman Grace F, Napolitano","Form 1-601 case, one her two children needs surgery",,,,,,,,,,,
1258,945054,5/2/12,Congressman Ben Nelson,Constituentt>w    wants to know why The Department of Homeland Security purchased 450 million rounds of ammunition,,,,,,,,,,,
1259,944899,5/1/12,Senator Bill Nelson,"Writes regarding the Veteran Skills to Jobs Act, which will help ease veterans' transition into the workforce.",,,,,,,,,,,
1260,,,,,,,,,,,,,,,
1261,,,,,,,,,,,,,,,
1262,945556,5/8/12,Senator Bill Nelson,Constituent went to Haiti brief and she had to explain,,,,,,,,,,,
1263,945609,5/9/12,Senator Bill Nelson,Wife filed for her husband Form 1-601,,,,,,,,,,,
1264,945626,5/9/12,Senator Bill Nelson,Form 1601 and Form 1212,,,,,,,,,,,
1265,946806,5/23/12,Senator Bill Nelson,Some fraudual documents,,,,,,,,,,,
1266,945569,5/8/12,Congressman Richard B. Nugent,Writes on behalf of a constituent who believes suspicious activities are occurring at the Zephyrhills Airport.,,,,,,,,,,,
1267,946862,4/19/12,Congressman Alan Nunnelee,Writes on behalf of constituent who requests information regarding physical requirements of law enforcement positions within DHS.,,,,,,,,,,,
1268,945000,5/2/12,Congressman Bill L. Owens,"His parents were denied visas, he respecfully requests reconsideration",,,,,,,,,,,
1269,945181,5/3/12,Congressman Bill L. Owens,Form N-652 case,,,,,,,,,,,
1270,946914,5/24/12,Congressman Bill L. Owens,Constituent filed Form 1-130 for his wife and stepson,,,,,,,,,,,
1271,,,,,,,,,,,,,,,
1272,,,,,,,,,,,,,,,
1273,946969,5/24/12,Congressman Bill L. Owens,Re an 1-90 case.,,,,,,,,,,,
1274,946996,5/24/12,Congressman Bill L. Owens,Constituent wrote a letter for assistance,,,,,,,,,,,
1275,947229,5/29/12,Congressman Bill L. Owens,Supports the Town of Clayton's application for funding under the Port Security Grant program.,,,,,,,,,,,
1276,945294,4/23/12,Congressman Nelson Peacock,"GAO-11-705R, Federal Protective Service: Actions Needed to Resolve Delays and Inadequate Oversight Issues with FPS’s Risk Assessment and Management Program.",,,,,,,,,,,
1277,946203,5/16/12,Congressman Nelson Peacock,Facility Access Cards (FACs),,,,,,,,,,,
1278,945302,5/4/12,Congressman Steve Pearce,Requests that CBP once again allow USDA veterinarians to cross the border with cattle.,,,,,,,,,,,
1279,947206,5/29/12,Congressman Steve Pearce,Appeal of Form I-290B for his wife,,,,,,,,,,,
1280,946428,5/18/12,Congressman Gary Peters,Wife filed for husband Form 1-601,,,,,,,,,,,
1281,945730,5/10/12,Congressman Pedro Pierluisi,Writes to request that Iconic Carribean EB-5 LLC's application review be expedited.,,,,,,,,,,,
1282,,,,,,,,,,,,,,,
1283,947192,5/29/12,Congressman Ted Poe,Husband wants to speed up processing of Form I 601 for his wife,,,,,,,,,,,
1284,947415,5/31/12,Congressman Ted Poe,Re an 1-60.1 waiver.,,,,,,,,,,,
1285,947418,5/31/12,Congressman Ted Poe,Re status of 1-601 waiver.,,,,,,,,,,,
1286,945525,5/8/12,Congressman Mike Pompeo,"Re: Status of an I-129F,",,,,,,,,,,,
1287,946161,5/16/12,Senator Rob Portman,"Requests an explanation on behalf of constituent, regarding the denial of his request for a transfer to the Seattle Field Office.",,,,,,,,,,,
1288,946532,5/21/12,Senator Jack Reed,Requests that SI exercises the power to bar a person from reentry to the country after they renounced their citizenship for the purpose of tax evasion.,,,,,,,,,,,
1289,945551,5/8/12,Congressman Tom Reed,Re an I-130 case.,,,,,,,,,,,
1290,946122,5/15/12,Senator Harry Reid,Wife filing for husband Form 1-601,,,,,,,,,,,
1291,,,,,,,,,,,,,,,
1292,,,,,,,,,,,,,,,
1293,946191,5/16/12,Senator Harry Reid,Writes on behalf of a constituent’s chain email concerning suspected terrorism on a flight.,,,,,,,,,,,
1294,945961,5/11/12,Congressman Silvestre Reyes,"Writes on behalf of his constituent, whose security clearance is delayed.",,,,,,,,,,,
1295,946403,5/18/12,Congressman Silvestre Reyes,Writes regarding the Western District of Texas closing the case against the CBP agent for the fatal shooting of a 15-year-old.,,,,,,,,,,,
1296,946334,5/18/12,Senator Pat Roberts,Wife filed for husband Form 1601,,,,,,,,,,,
1297,944991,5/2/12,Senator John D. Rockefeller,Requests a list of cyber incidents targeting private sector entities and critical infrastructure that DHS is aware of in the last 5 years.,,,,,,,,,,,
1298,945555,5/8/12,Congressman Dana Rohrabacher,Writes SI to call on an end to repressing the Baluchi people.,,,,,,,,,,,
1299,946383,4/16/12,Congressman Ileana Ros-Lehtinen,Request for a meeting between Miami Mayor Regalado and Director Mayorkas regarding an EB-5 Regional Center.,,,,,,,,,,,
1300,944815,5/1/12,Congressman Dennis Ross,Constituent wants get 2 daughter in the U.S.,,,,,,,,,,,
1301,,,,,,,,,,,,,,,
1302,,,,,,,,,,,,,,,
1303,944889,5/1/12,Congressman Lucille Roybal-Allard,Letter from 39 Members of Congress urging USCIS to establish an administrative review process for contesting Final Non-Confirmations under the E-Verify program.,,,,,,,,,,,
1304,945964,5/11/12,Congressman Edward Royce,Writes on behalf of constituent to initiate investigation into EEO complaint.,,,,,,,,,,,
1305,946700,5/22/12,Congressman Jon Runyan,Re (b’<6’    1,,,,,,,,,,,
1306,945673,5/10/12,Congressman John P. Sarbanes,Writes on behalf of his constituentIDMD>    regarding alleged racial discrimination at ICE.,,,,,,,,,,,
1307,945582,5/9/12,Congressman Janice D. Schakowsky,Re status of an 1-730 case.,,,,,,,,,,,
1308,945914,5/11/12,Congressman Janice D. Schakowsky,Status of Form I 130,,,,,,,,,,,
1309,946446,5/18/12,Congressman Bobby Schilling,Writes on behalf of constituent who asks for assistance with his U.S. Merchant Marine Officer license renewal.,,,,,,,,,,,
1310,946153,5/16/12,Congressman Jean Schmidt,"Department of State referral, (1-539)",,,,,,,,,,,
1311,,,,,,,,,,,,,,,
1312,945512,5/7/12,Congressman Kurt Schrader,"Writes on behalf of constituent,    regarding a Stop Work Notice issued by DNDO.",,,,,,,,,,,
1313,946939,5/24/12,Congressman Debbie Wasserman Schultz,Status for family of six,,,,,,,,,,,
1314,945002,5/2/12,Senator Charles E. Schumer,Writes in support of the Vilage of DeRuyter Eire Department for funding under the FEMA Assistance to Firelighters Grant Program.,,,,,,,,,,,
1315,945036,5/2/12,Senator Charles E. Schumer,Writes in support of Cortland Fire Department application for funding under the FEMA Assistance to Firefighters Grant Program.,,,,,,,,,,,
1316,945037,5/2/12,Senator Charles E. Schumer,Writes to support Greenport Fire Department application for funding under the FEMA Assistance to Firefighters Grant Program.,,,,,,,,,,,
1317,945041,5/2/12,Senator Charles E. Schumer,Writes to support the Cortland Fire Department application for funding under the FEMA Assistance to Firefighters Grant Program.,,,,,,,,,,,
1318,945043,5/2/12,Senator Charles E. Schumer,Writes SI in support of the regional application submitted by the North Syracuse Fire Department for funding under FEMA.,,,,,,,,,,,
1319,945045,5/2/12,Senator Charles E. Schumer,Writes SI in support of the application submitted by the Mt. Sinai Fire District for funding under FEMA.,,,,,,,,,,,
1320,945046,5/2/12,"Senator Charles E, Schumer",Writes SI in support of the application submitted by the Village of DeRuyter Fire Department for funding under FEMA.,,,,,,,,,,,
1321,,,,,,,,,,,,,,,
1322,945047,5/2/12,Senator Charles E. Schumer,Writes SI in support of the application for the Cortland Fire Department for funding under FEMA.,,,,,,,,,,,
1323,946051,5/15/12,Senator Charles E. Schumer,Supports the FAS NY Museum of Firefighting's application for funding under the Fire Safety and Prevention Act.,,,,,,,,,,,
1324,946221,5/16/12,Senator Charles E. Schumer,Supports the Middle Island Fire Department's application for funding under the Assistance to Firefighters Grant program.,,,,,,,,,,,
1325,945160,5/3/12,Congressman Robert C. Scott,Asylum case constituent wishes to re-open,,,,,,,,,,,
1326,946524,5/21/12,Congressman Robert C. Scott,"Writes on behalf of constituent,fb)l6)    who is experiencing problems with the DMW because he is on a watch list.",,,,,,,,,,,
1327,946827,5/23/12,Congressman Robert C. Scott,|fb)®    Iregarding her application for a work permit and whether her fingerprinting appointment can be moved up. Form 1-765.,,,,,,,,,,,
1328,94571!,5/10/12,Congressman Jose E. Serrano,"Express concerns about training and accountability within DHS related to the death of Anastasio Hernandez Rojas as shown in the PBS report ""Crossing the Line"" and ask questions about the official policy on the use of force.",,,,,,,,,,,
1329,946102,5/15/12,Senator Richard C. Shelby,EB-5 Case,,,,,,,,,,,
1330,,,,,,,,,,,,,,,
1331,,,,,,,,,,,,,,,
1332,946434,5/18/12,Senator Richard C. Shelby,Supports the Guntersville Police Department's application for funding under the Port Security Grant program.,,,,,,,,,,,
1333,946028,5/14/12,Congressman Brad Sherman,Rt(b)f0)    ^-694 application.,,,,,,,,,,,
1334,946188,5/16/12,Congressman Brad Sherman,Writes on behalf of constituent seeking repayment of a bond held since 2002.,,,,,,,,,,,
1335,946600,5/22/12,Congressman Michael K. Simpson,Constituent wants proof of citizenship,,,,,,,,,,,
1336,945115,5/3/12,Congressman Adam Smith,Two brothers caught in the provisions of the INA which have they do not undertand,,,,,,,,,,,
1337,946036,5/15/12,Congressman Lamar Smith,Requests immigration enforcement data be provided in an Excel spreadsheet.,,,,,,,,,,,
1338,946078,5/15/12,Senator Debbie Stabenow,"Support for grant application submitted by American Arab Heritage Council (AAHC) in Flint, Michigan.",,,,,,,,,,,
1339,945619,5/9/12,Congressman Cliff Stearns,Adoption degree for child,,,,,,,,,,,
1340,,,,,,,,,,,,,,,
1341,,,,,,,,,,,,,,,
1342,945576,5/8/12,Congressman Bennie G. Thompson,Writes to inquire about NPPD/FPS employee whose security clearance was revoked.,,,,,,,,,,,
1343,945723,5/10/12,Congressman Bennie G. Thompson,Urges the incorporation of satellite technology into the Integrated Public Alert and Warning System (IPAWS).,,,,,,,,,,,
1344,946786,5/23/12,Congressman Mac Thornberry,Wife filed DS-230 for her husband,,,,,,,,,,,
1345,947416,5/31/12,Congressman Niki Tsongas,Re an AAO-290B case.,,,,,,,,,,,
1346,946569,5/21/12,Congressman Nydia M. Velazquez,Re status of pending applications. (1-485),,,,,,,,,,,
1347,946021,5/14/12,Congressman Peter J. Visclosky,Constituent applied for position,,,,,,,,,,,
1348,945270,5/4/12,Congressman Tim Walz,"Constituent wants to have Form I 485 approved, but she caught up in the process of TRIG provinces thereof",,,,,,,,,,,
1349,945393,5/7/12,Senator Mark R. Warner,Form I 130 case,,,,,,,,,,,
1350,,,,,,,,,,,,,,,
1351,,,,,,,,,,,,,,,
1352,945760,5/10/12,Senator Mark R. Warner,Humanitarian Parole case Form 1131 and Form I 134,,,,,,,,,,,
1353,947042,5/25/12,Senator Mark R. Warner,Writes on behalf of a constituent who is concerned over the process to obtain a security clearance for a USCIS contract.,,,,,,,,,,,
1354,944810,4/30/12,Congressman Jim Webb,Writes on behalf of the Steward School who is experiencing difficulty with its SEVIS Petition for Recertification.,,,,,,,,,,,
1355,946289,5/17/12,Congressman Lynn A. Westmoreland,Writes on behalf of constituent who expresses violation of rights due to filing of EEO complaint .,,,,,,,,,,,
1356,946863,5/23/12,Congressman Frederica Wilson,Supports the City of Mirmar's application for funding under the Staffing for Adequate Fire and Emergency Response Grant Program.,,,,,,,,,,,
1357,944976,5/1/12,Congressman Robert Wittman,Writes on behalf of constituent who requests compensation for unpaid comp time.,,,,,,,,,,,
1358,947187,5/29/12,Congressman Robert Wittman,Writes on behalf of constituent requesting the status of son's N-600 application.,,,,,,,,,,,
1359,945053,5/2/12,Congressman Rob Woodall,"Writes on behalf of a constituent developing a security device capable of detecting drugs and explosives that are nuclear, chemical or biological in nature.",,,,,,,,,,,
1360,,,,,,,,,,,,,,,
1361,945383,5/7/12,Senator Ron Wyden,Writes to suggest that the U.S. cooperate with the Israeli government to reduce the vulnerability of America's cybersecurity.,,,,,,,,,,,
1362,946782,5/23/12,,Visa Waiver Program (VWP) Report to Congress for Austria,,,,,,,,,,,
1363,,,,,,,,,,,,,,,
1364,,,,,,,,,,,,,,,
1365,,,,,,,,,,,,,,,
1366,WF#,Receive Date,Congressman Name,Subject of Request,,,,,,,,,,,
1367,947719,6/4/12,Congressman Gary L. Ackerman,Filed Form 1-730 trying to relocated her family husband and daughter,,,,,,,,,,,
1368,948034,6/7/12,Congressman Gary L. Ackerman,Re status of 1-730 case.,,,,,,,,,,,
1369,948086,6/7/12,Congressman Gary L. Ackerman,Status on 1-730 petition.,,,,,,,,,,,
1370,948407,6/11/12,Congressman Gary L. Ackerman,Status inquiry of Form 1-730 case,,,,,,,,,,,
1371,949115,6/18/12,Congressman Gary L. Ackerman,Form 1-730 case,,,,,,,,,,,
1372,950019,6/28/12,Senator Lamar Alexander,Internationa] Adoption,,,,,,,,,,,
1373,949894,6/27/12,Congressman Justin Amash,Re an 1-601 waiver.,,,,,,,,,,,
1374,,,,,,,,,,,,,,,
1375,,,,,,,,,,,,,,,
1376,949149,6/19/12,Congressman Mark E. Amodei,"Re (b,re*    and his humanitarian parole case.",,,,,,,,,,,
1377,949484,6/21/12,Congressman Mark E. Amodei,"Writes regarding a recent policy change with the Department that would prohibit funds from the State Criminal Alien Assistance Program (SCAAP) from being used to reimburse localities who house ""unknown"" criminal aliens in their jails.",,,,,,,,,,,
1378,949358,6/21/12,Senator Kelly Ayotte,Writes on behalf of her constituent who is concerned that the Federal Government is obstructing payments he receives through the mail.,,,,,,,,,,,
1379,948594,6/13/12,Congressman Michele Bachmann,Request an investigation into the extent of association between the Department and the Muslim Brotherhood.,,,,,,,,,,,
1380,,,,,,,,,,,,,,,
1381,947627,6/4/12,Congressman Spencer Bachus,"(W    js rhe chief Executive Officer of Sunbelt EB-5 Regional Center in Birmingham, Alabama, the company has filed an 1-924 with USCIS on 3/1/2012.",,,,,,,,,,,
1382,949472,6/21/12,Congressman Spencer Bachus,Husband and father in Mexico waiting for processing of papers,,,,,,,,,,,
1383,949356,6/20/12,Congressman Lou Barletta,Writes on behalf of his constituent regarding a compaint    ^ad filed against his manager for harassment.,,,,,,,,,,,
1384,949023,6/18/12,Congressman J ohn Barrow,"Writes on behalf of constituent who attends college in the United Slates, but was unable to return after being denied boarding for being on the no fly list.",,,,,,,,,,,
1385,950187,6/29/12,Congressman Roscoe G. Bartlett,Re status on 1-485 case.,,,,,,,,,,,
1386,949588,6/22/12,Senator Mark Begich,Requests the President make a $45 million for clean up efforts of marine debris resulted from the tsunami in Japan along the Alaska coast line.,,,,,,,,,,,
1387,,,,,,,,,,,,,,,
1388,,,,,,,,,,,,,,,
1389,950078,6/28/12,Congressman Howard L. Berman,"Requests the Department adopt the terminology of ""Taiwan"" rather than ""China (Taiwan)"" on the 1-94 nonimmigrant arrival-departure form and Global Entry Program.",,,,,,,,,,,
1390,947980,6/5/12,Congressman Gus M. Bilirakis,Request to clarify situation regarding Florida Department of State's request to use the USCIS SAVE program.,,,,,,,,,,,
1391,949490,6/21/12,Congressman Rob Bishop,Constituent wants to bring his wife to United States,,,,,,,,,,,
1392,949378,6/21/12,Congressman Timothy H. Bishop,Urges the Department to suspend activities related to the National Bio and Agro Defense facility until concerns raised by a National Academy of Sciences report are resolved.,,,,,,,,,,,
1393,949543,6/22/12,Congressman Diane Black,Requests not to bypass Congress in the attempt to grant amnesty to hundreds of thousands of illegal immigrants.,,,,,,,,,,,
1394,,,,,,,,,,,,,,,
1395,949323,6/20/12,Senator John Boozman,Mixup in filing status,,,,,,,,,,,
1396,948992,6/15/12,Congressman Scott P. Brown,"Visa revoked, attorney appealed,",,,,,,,,,,,
1397,947590,6/4/12,Congressman Larry Bucshon,Regarding an J-l visa for,,,,,,,,,,,
1398,947759,6/5/12,Congressman Larry Bucshon,concering his issues with obtain visas for his relatives.,,,,,,,,,,,
1399,949847,6/26/12,Congressman Larry Bucshon,Mother wants son to join her and daughters in United States,,,,,,,,,,,
1400,949966,6/28/12,Congressman Larry Bucshon,Constitent filed Form I 129,,,,,,,,,,,
1401,947461,6/1/12,Congressman Dan Burton,Re status on an 1-601 case.,,,,,,,,,,,
1402,948641,6/13/12,Congressman Dan Burton,To determine if constituent and her husband's cases are closed or open,,,,,,,,,,,
1403,,,,,,,,,,,,,,,
1404,,,,,,,,,,,,,,,
1405,949729,6/25/12,Congressman Dave Camp,"Writes on behalf of constituent, regarding his concern with the Board of Correction of Military Records.",,,,,,,,,,,
1406,949136,6/i 8/2012,Congressman Eric Cantor,Constituent ask help for problem,,,,,,,,,,,
1407,947861,6/6/12,Congressman Steve Chabot,Re an N-336 case of,,,,,,,,,,,
1408,947869,6/6/12,Congressman Steve Chabot,None,,,,,,,,,,,
1409,947862,6/6/12,Congressman Steve Chabot,Re status of an N-470.,,,,,,,,,,,
1410,947690,6/4/12,Congressman Jason Chaffetz,"Writes to request that USCG|(El,(61    I (b)(6)    be    available for a phone call with the Committee on Oversight and Government Reform regarding the Dawood National Military Hospital in Afghanistan,",,,,,,,,,,,
1411,947603,6/4/12,Congressman Ben Chandler,Re status on an T-601 waiver.,,,,,,,,,,,
1412,950009,6/28/12,Congressman Donna M. Christensen,Results of DNA tests,,,,,,,,,,,
1413,,,,,,,,,,,,,,,
1414,,,,,,,,,,,,,,,
1415,947786,6/5/12,Congressman Yvette D. Clarke,Constituent is seeking update on case,,,,,,,,,,,
1416,948707,6/14/12,Congressman William Lacy Clay,Re an 1-130 petition.,,,,,,,,,,,
1417,949193,6/19/12,Congressman William Lacy Clay,Constituent suffering with back pain he would like for wife to join him,,,,,,,,,,,
1418,950197,6/29/12,Congressman Emanuel Cleaver,"Re an 1-130, immigrant visa.",,,,,,,,,,,
1419,950225,6/29/12,Congressman Emanuel Cleaver,Re status on an 1-130 case.,,,,,,,,,,,
1420,948592,6/13/12,Congressman Howard L. Coble,"Writes on behalf of his constituent regarding his question to know if he is on a DHS ""Security Alert"" list.",,,,,,,,,,,
1421,949832,6/26/12,Congressman Howard L. Coble,Constituent did get green card,,,,,,,,,,,
1422,,,,,,,,,,,,,,,
1423,949217,6/19/12,Congressman Mike Coffman,Form 1-601 case husband can't get out of Mexico,,,,,,,,,,,
1424,947497,6/1/12,Congressman Tom Cole,Re:    and his concern as to why he was detained by the DHS officials.,,,,,,,,,,,
1425,950041,6/28/12,Congressman Gerry Connolly,Having trouble with ex-husband.,,,,,,,,,,,
1426,950192,6/21/12,Congressman Gerry Connolly,Requests USCIS review language in policy regarding naturalization ceremonies (PM-602-0014.1) and consider rewording the guidance.,,,,,,,,,,,
1427,950232,6/29/12,Congressman Gerry Connolly,Re: an 1-751 petition.,,,,,,,,,,,
1428,948466,6/12/12,Senator Christopher Coons,Support the application for Delaware Emergency Management's Real Time Evacuation Planning Model Phase II completion and Phase III funding.,,,,,,,,,,,
1429,,,,,,,,,,,,,,,
1430,947542,6/1/12,Senator Bob Corker,"Writes on behalf of his constituent,(b),6) (regarding recent difficulties he has experienced with CBP.",,,,,,,,,,,
1431,948629,6/13/12,Senator Bob Corker,Uploading information to National Records Center,,,,,,,,,,,
1432,948632,6/13/12,Senator Bob Corker,Petitioner filed Form 1-130 for his nephew,,,,,,,,,,,
1433,947545,6/1/12,Senator John Cornyn,"Writes on behalf of his constituent, regarding the request to review the design for a cryogenic gas plant in Texas.",,,,,,,,,,,
1434,948963,6/15/12,Congressman Joseph Crowley,Re several 1-730 petitions.,,,,,,,,,,,
1435,947457,6/1/12,Congressman Elijah E. Cummings,Writes on behalf of constituent. who Wasn't allowed to board flight back to Somaliland.,,,,,,,,,,,
1436,,,,,,,,,,,,,,,
1437,949158,6/19/12,Congressman Elijah E. Cummings,Re an I-129Fpetition.,,,,,,,,,,,
1438,949479,6/21/12,Congressman Jeff Denham,Never pick up green card,,,,,,,,,,,
1439,948148,6/8/12,Congressman Ted Deutch,Support the Broward County Sheriffs Department of Fire Rescue's application for funding under the Fire Protection and Safety Grant program.,,,,,,,,,,,
1440,949434,6/21/12,Congressman Ted Deutch,Support the Fire Protection and Safety Grant application submitted by the Broward County Sheriffs Department of Fire Rescue.,,,,,,,,,,,
1441,947697,6/4/12,"Congressman Theodore E, Deutch",Request that Temporary Protected Status (TPS) be extended to eligible Guatemalan nationals living in the U.S.,,,,,,,,,,,
1442,948128,3/26/12,Congressman Mario Diaz-Balart,Adustment of Status application for Cuban national in the United States under the CMPP,,,,,,,,,,,
1443,948367,6/11/12,Congressman Mario Diaz-Balart,Mother seeks to have son's visa papers found,,,,,,,,,,,
1444,,,,,,,,,,,,,,,
1445,949150,6/19/12,Congressman Sean Duffy,regarding a pending decision on his citizenship renunciation.,,,,,,,,,,,
1446,948991,6/15/12,Congressman Jeff Duncan,Re an 1-130 case.,,,,,,,,,,,
1447,949110,6/18/12,Congressman Jeff Duncan,Wife filed Form [-290B for husband,,,,,,,,,,,
1448,949203,6/19/12,Congressman Jeff Duncan,Constituent wants to know when the next oath ceremony is scheduled,,,,,,,,,,,
1449,949522,6/22/12,Congressman Donna F. Edwards,Re an 1-485 case.,,,,,,,,,,,
1450,948710,6/13/12,Congressman Sam Farr,"Writes on behalf of constituent, (b>f6>    whose father is having visa issues.",,,,,,,,,,,
1451,948645,6/13/12,Senator Dianne Feinstein,Re a pending 1-485 application.,,,,,,,,,,,
1452,947904,6/6/12,Congressman Michael G. Fitzpatrick,Wife filed for husband a Form 1-130 petition to come to the United Stales,,,,,,,,,,,
1453,,,,,,,,,,,,,,,
1454,,,,,,,,,,,,,,,
1455,947702,6/4/12,Congressman J. Randy Forbes,Husband filed for his wife Form 1-130,,,,,,,,,,,
1456,947765,6/5/12,Congressman Rodney P. Frelinghuysen,Supports Temple B'nai's application for funding under the Nonprofit Security Grant program.,,,,,,,,,,,
1457,949974,6/28/12,Congressman W. Craig Fugate,FY 2012 Cap Waiver Congressional Letters,,,,,,,,,,,
1458,949892,6/27/12,Congressman Elton Gallegly,Expresses disappointment in the June 15 decision to grant amnesty and work authorization to illegal immigrants (new deferred action policy),,,,,,,,,,,
1459,947714,6/4/12,Senator Kirsten E. Gillibrand,Supports the application submitted by La Fuerza Unida Community Development Corporation for funding from the Citizenship and Integration Direct Services Grant Program.,,,,,,,,,,,
1460,947849,6/5/12,Congressman Charles A. Gonzalez,Wife filed Form 1-601 for husband,,,,,,,,,,,
1461,,,,,,,,,,,,,,,
1462,948778,6/14/12,Congressman Charles A. Gonzalez,"Requests status of inquiry from October 31, 2011 regarding the delayed processing of Dennis R. Chanmugam's 1-485 application.",,,,,,,,,,,
1463,950139,6/28/12,Congressman Robert W. Goodlatte,Writes on behalf of his constituent p)1®) concerning a cruise she tried to board in Baltimore where she was denied passsage because of her birth certificate.,,,,,,,,,,,
1464,950219,6/29/12,"Congressman Robert W, Goodlatte",Writes on behalf of constituents who have expressed concerns aboutpX6)    Serving on the DHS Advisory Council because of ties to Muslim groups such as the Muslim Brotherhood.,,,,,,,,,,,
1465,948093,6/7/12,Congressman Paul Gosar,Re N-565 case.,,,,,,,,,,,
1466,949440,6/21/12,Congressman Paul Gosar,Mother riled for her daughter to get L-2,,,,,,,,,,,
1467,947537,6/1/12,Senator Charles E. Grassley,Re I-130 case.,,,,,,,,,,,
1468,,,,,,,,,,,,,,,
1469,949194,6/19/12,Senator Charles E. Grassley,Writes regarding the Department's efforts to reduce paper usage.,,,,,,,,,,,
1470,950204,6/29/12,Congressman Sam Graves,Requests an examination of FEMA's implementation of insourcing work under DHS's Balanced Workforce Initiative.,,,,,,,,,,,
1471,949576,6/22/12,Congressman Ralph M. Hall,Re an N-400 case.,,,,,,,,,,,
1472,948666,6/13/12,Congressman Doc Hastings,Re an 1-601 waiver/CDJ.,,,,,,,,,,,
1473,948986,6/15/12,Congressman Doc Hastings,Wife filed for her husband Form 1-601,,,,,,,,,,,
1474,949444,6/21/12,Congressman Doc Hastings,Re an 1-601 waiver.,,,,,,,,,,,
1475,947863,6/6/12,Senator Orrin G. Hatch,Re an 1-601 waiver case.,,,,,,,,,,,
1476,,,,,,,,,,,,,,,
1477,949731,6/25/12,Senator Orrin G. Hatch,"Writes on behalf of constituent, (U<01 who expresses concerns with the Department after hearing a large amount of ammunition was purchased.",,,,,,,,,,,
1478,950153,6/29/12,Congressman Martin Heinrich,Iregarding a problem with his citizen Certificate.,,,,,,,,,,,
1479,947827,6/5/12,Congressman Maurice D. Hinchey,Constituent checks asylum status,,,,,,,,,,,
1480,947784,6/5/12,Congressman Ruben Hinojosa,Urgent request to attend father's funeral,,,,,,,,,,,
1481,949221,6/19/12,Congressman Kathy Hochul,Wife and husband going to Germany to get married with her family,,,,,,,,,,,
1482,948331,6/11/12,Congressman Chris Van Hollen,Status of his complaint,,,,,,,,,,,
1483,948493,6/12/12,Congressman Rush Holt,Writes on behalf of constituent |<b>’0>    regarding difficulties traveling despite being a member of the Traveler Redress Inquiry Program (TRIP).,,,,,,,,,,,
1484,,,,,,,,,,,,,,,
1485,,,,,,,,,,,,,,,
1486,948533,6/12/12,Congressman Bill Huizenga,Writes on behalf of a constituent requesting authorization to file a waiver on the grounds of inadmissibility.,,,,,,,,,,,
1487,950067,6/28/12,Congressman Darrell Issa,Requests    bf Homeland Security Management Office to be detailed to the House Committee on Oversight and Government Reform.,,,,,,,,,,,
1488,948469,6/12/12,Congressman Bill Johnson,Constituent |(b>(6)    writes about the problems he's having re-entering the United States,,,,,,,,,,,
1489,948391,6/11/12,Senator Ron Johnson,Filing Form 1-129 for beneficiary,,,,,,,,,,,
1490,949229,6/19/12,Senator Ron Johnson,Re an I-601-waiver.,,,,,,,,,,,
1491,949938,6/27/12,Congressman William R. Keating,Petitioner filed Form I 140 for constituent,,,,,,,,,,,
1492,948586,6/13/12,Senator John F. Kerry,An P-1 visa through Legal Entry Act of 2006,,,,,,,,,,,
1493,,,,,,,,,,,,,,,
1494,,,,,,,,,,,,,,,
1495,949291,6/20/12,Senator John F. Kerry,Writes on behalf of constituent who has concerns about the threat of biotenorism to the postal service.,,,,,,,,,,,
1496,947613,6/4/12,Congressman Dale E. Kildee,egarding assistance with his 1-854 and S Visa.,,,,,,,,,,,
1497,949491,6/21/12,Congressman Peter T. King,"Requests a status update on DHS's efforts to validate the investment made thus far through its technology development process, including Digital Imaging and Communications in Security,",,,,,,,,,,,
1498,949625,6/24/12,Congressman Peter T. King,Requests information concerning a visa issued to a member of a designated foreign terrorist organization.,,,,,,,,,,,
1499,949930,6/27/12,Congressman Peter T. King,Writes to express concern with recently released National Planning Frameworks.,,,,,,,,,,,
1500,949939,6/27/12,Congressman Peter T. King,Writes to confirm an invitation to testify at a hearing held by the House Committee on Homeland Security on July 25.,,,,,,,,,,,
1501,,,,,,,,,,,,,,,
1502,949463,6/21/12,Congressman Jack Kingston,Re an O-l Visa.,,,,,,,,,,,
1503,949978,6/28/12,Congressman Jack Kingston,Re status on an 1-131 case.,,,,,,,,,,,
1504,949349,5/15/12,Senator Patrick J. Leahy,Request for USCIS to consider modifying EB-5 Regional Center program (TEA approval and investment requirement),,,,,,,,,,,
1505,947878,6/6/12,Congressman Sheila Jackson Lee,Re an 1-601 waiver case.,,,,,,,,,,,
1506,949133,6/18/12,Congressman Sheila Jackson Lee,"Mother trying to return to her children, Form 1-601 case",,,,,,,,,,,
1507,948839,6/14/12,Congressman John Lewis,Writes POTUS with concerns regarding the Defense of Marriage Act (DOMA) and injustices with individuals coming from other countries not having the same rights as U.S. citizens with regards to denials to the right to sponsor their spouses for permanent residence in the U.S.,,,,,,,,,,,
1508,949211,6/19/12,Congressman Daniel E. Lungren,EB-5,,,,,,,,,,,
1509,,,,,,,,,,,,,,,
1510,,,,,,,,,,,,,,,
1511,947821,6/5/12,Congressman Maty Bono Mack,Re an 1-601 waiver.,,,,,,,,,,,
1512,948864,6/15/12,Senator Joe Manchin,Writes on behalf of his constituent regarding the digital photo storage requirements contained in the Real ID Act.,,,,,,,,,,,
1513,949929,6/27/12,Congressman Kenny Marchant,Writes in opposition regarding the announcement by the Department to suspend the 287(g) program in Arizona.,,,,,,,,,,,
1514,947777,6/5/12,Congressman Jim Matheson,Re status of 1-130 case.,,,,,,,,,,,
1515,948273,6/8/12,Senator John McCain,"Requests to execute the deportation order- of,b>(6)",,,,,,,,,,,
1516,,,,"(M(B1    from the U.S, to Peru.",,,,,,,,,,,
1517,948733,6/14/12,Senator John McCain,Writes on behalf of constituent who encountered a probtem regarding an overseas shipment by his firm.,,,,,,,,,,,
1518,947972,6/6/12,Congressman Michael McCaul,Constituent wishes to gel family out harms way,,,,,,,,,,,
1519,,,,,,,,,,,,,,,
1520,,,,,,,,,,,,,,,
1521,948085,6/7/12,Congressman Michael McCaul,Writes regarding the review of the Advanced Imaging Technology.,,,,,,,,,,,
1522,949047,6/18/12,Congressman Michael McCaul,"Writes regarding the Department's strategy to ""Build One DHS""",,,,,,,,,,,
1523,947494,6/1/12,Senator Mitch McConnell,Re an 1-601 waiver.,,,,,,,,,,,
1524,947616,6/4/12,Congressman James P. McGovern,"Writes with additional information regarding the visa application for VS,(S1    1",,,,,,,,,,,
1525,949478,6/21/12,Congressman Mike McIntyre,Invites the Secretary to Economic Development Seminar,,,,,,,,,,,
1526,948978,6/15/12,"Congressman Howard ""Buck"" P. McKeon","Write to support the Jones Act and its benefits to the country's national, homeland, and economic security.",,,,,,,,,,,
1527,948934,6/15/12,Congressman Patrick Meehan,Writes on behalf of his constituent regarding lunch break requirements.,,,,,,,,,,,
1528,,,,,,,,,,,,,,,
1529,949736,6/25/12,Congressman Gregory W. Meeks,Writes to request support in adding the Republic of Turkey to the U.S. Customs and Border Protection's Global Entry Program.,,,,,,,,,,,
1530,948735,6/13/12,Senator Robert Menendez,Requests that    visa waiver request is processed expeditously.,,,,,,,,,,,
1531,947698,6/4/12,Congressman John L. Mica,Writes requesting that A/S Heyman testify on Friday June 8th at the hearing.,,,,,,,,,,,
1532,948248,6/8/12,Senator Barbara A. Mikulski,Writes on behalf of a constituent concerned with the H1B visa status of six Baltimore public school teachers.,,,,,,,,,,,
1533,948318,6/11/12,"Senator Barbara A, Mikulski",Constituent requests an extension of time,,,,,,,,,,,
1534,948979,6/4/12,Senator Barbara A. Mikulski,Writes on behalf of constituent who is concerned she is being unlawfully tracked via GPS.,,,,,,,,,,,
1535,948622,6/13/12,Congressman Gary G. Miller,Constituent is hoping for permanent residence statue,,,,,,,,,,,
1536,949573,6/22/12,Congressman Gary G. Miller,Status check on Form 1-130,,,,,,,,,,,
1537,,,,,,,,,,,,,,,
1538,,,,,,,,,,,,,,,
1539,947513,6/1/12,Congressman Jeff Miller,"Requests that the Secretary meet with the Florida Secretary of State, Ken Detzner, to discuss access to the Systematic Alien Verification for Entitlements (SAVE) program.",,,,,,,,,,,
1540,948215,6/8/12,Congressman Jeff Miller,Rep. Miller is requesting a meeting with the Secretary or the appropriate Component Director to meet with Florida Secretary of State Ken Denzer at a flexible meeting time and location.,,,,,,,,,,,
1541,949492,6/21/12,Senator Lisa Murkowski,Re a pending appeal (I-290B).,,,,,,,,,,,
1542,947775,6/5/12,Senator Patty Murray,Constituent needs alien number to complete processing for a new passport,,,,,,,,,,,
1543,948020,6/7/12,Congressman Sue Myrick,Requests that a National Interest Waiver be issued to Ronald San dee.,,,,,,,,,,,
1544,949754,6/25/12,Congressman Jerold Nadler,"Writes in support of grant application for Bobover Yeshiva Bnei Zion, funding under the Department of Homeland Security Urban Areas Security Initiative.",,,,,,,,,,,
1545,,,,,,,,,,,,,,,
1546,,,,,,,,,,,,,,,
1547,949802,6/26/12,Congressman Jerold Nadler,Supports the Non-Profit Security grant application for Congregation Khal Shaarei Zion,,,,,,,,,,,
1548,948089,6/7/12,Congressman Grace F. Napolitano,Daughter filed for her mother to come to America to take care of her grandfather,,,,,,,,,,,
1549,948943,6/15/12,Congressman Grace F. Napolitano,"Signature was not husband's, his is needed",,,,,,,,,,,
1550,950216,6/29/12,Congressman Grace F. Napolitano,Re status on I-140/I-290B.,,,,,,,,,,,
1551,948214,6/8/12,Senator Bill Nelson,Supports the City of Sanford's application for a Staffing For Adequate Fire and Emergency Response (SAFER) grant.,,,,,,,,,,,
1552,948623,6/13/12,Senator Bill Nelson,Re an 1-140 application.,,,,,,,,,,,
1553,,,,,,,,,,,,,,,
1554,949684,6/25/12,Senator Bill Nelson,Supports the City of Deerfield Beach's Fire Protection & Safety grant application to start an injury prevention campaign.,,,,,,,,,,,
1555,950160,6/29/12,Senator Bill Nelson,(W®    regarding the denial of an 1-526 petition.,,,,,,,,,,,
1556,949079,6/18/12,Congressman Bill L. Owens,"Write relaying their support for initiating rail preclearance operations in Montreal, Canada.",,,,,,,,,,,
1557,947576,6/4/12,Congressman Steven Palazzo,Re    find her status request. (N-565),,,,,,,,,,,
1558,949354,6/15/12,Congressman Nelson Peacock,"GAO-11-605, Social Media: Federal Agencies Need Policies and Procedures for Managing and Protecting Information They Access and Disseminate",,,,,,,,,,,
1559,,,,,,,,,,,,,,,
1560,949872,6/22/12,Congressman Nelson Peacock,"GAO-11-739, “SUSPENSION AND DEBARMENT: Some Agency Programs Need Greater Attention and Government wide Oversight Could Be Improved”",,,,,,,,,,,
1561,949415,6/21/12,Congressman Ed Perimutter,Writes to nominate Representative Chris Carney for the position of Under Secretary for Intelligence and Analysis.,,,,,,,,,,,
1562,948359,6/11/12,Congressman Ted Poe,Husband filed Form 1-601 for wife,,,,,,,,,,,
1563,948702,6/14/12,Congressman Ted Poe,Re an I-129F application.,,,,,,,,,,,
1564,947825,6/5/12,Senator Mark L. Pryor,"Re status of an 1-290-B, appeal.",,,,,,,,,,,
1565,947823,6/5/12,Congressman Mike Quigley,Mother filed Form I -601 for son,,,,,,,,,,,
1566,947925,6/6/12,Senator Jack Reed,Wife filed for her husband Form 1-601,,,,,,,,,,,
1567,947970,6/6/12,Senator Jack Reed,Husband filed for his wife Form 1=601,,,,,,,,,,,
1568,,,,,,,,,,,,,,,
1569,,,,,,,,,,,,,,,
1570,949614,6/22/12,Congressman Dennis R. Rehberg,Constituent to be admited legally,,,,,,,,,,,
1571,948221,6/8/12,Senator Harry Reid,Urges for improvements to be made to the EB-5 Visa Program.,,,,,,,,,,,
1572,949468,6/21/12,Congressman Jim Renaeci,Re an I-129Fpetition.,,,,,,,,,,,
1573,947737,6/5/12,Congressman Silvestre Reyes,Requests the President address security and operational efficiency at ports of entry and comprehensive immigration reform.,,,,,,,,,,,
1574,950125,6/28/12,Congressman Silvestre Reyes,Writes on behalf of a constituent regarding the constituent's concern about E Quip status.,,,,,,,,,,,
1575,948926,6/15/12,Senator Pat Roberts,Encourage the Secretary to sign the land transfer for the National Bio and Agro-defense Facility.,,,,,,,,,,,
1576,,,,,,,,,,,,,,,
1577,950027,6/28/12,Congressman Tom Rooney,Writes concerning access and use of the Systematic Alien Verification for Entitlements Program (SAVE).,,,,,,,,,,,
1578,948303,6/11/12,Senator Marco Rubio,Requests the Department fill the current vacancies for the Human Smuggling and Trafficking Center to meet the minimum 40 staffers required by law.,,,,,,,,,,,
1579,949658,6/22/12,Congressman Gregorio Sablan,"1-924 application for EB-5 Regional Center status submitted by Marianas Investment Company, LLC, in the Northern Mariana Islands",,,,,,,,,,,
1580,949676,6/14/12,Congressman Loretta Sanchez,"Status of EB-5 Regional Center application submitted on Nov. 22, 2010, by Pacific Proton Therapy Regional Center",,,,,,,,,,,
1581,,,,,,,,,,,,,,,
1582,948508,6/12/12,Congressman John P. Sarbanes,"Writes on behalT of constituent,    '    vho is requesting information on what is being done in his discrimination case and believes he has been recently reprimanded due to retaliation of his EEO Complaint.",,,,,,,,,,,
1583,950195,6/29/12,Congressman Adam B. Schiff,Writes on behalf of constituents who were denied immigration benefits because their same sex marriage is not accepted under the Defense of Marriage Act (DOMA).,,,,,,,,,,,
1584,950157,6/28/12,Congressman Bobby Schilling,"Writes on behalf of his constituent, regarding a ”2011 Analyst's Destop Binder"" he claims the Department keeps with a list of keywords the agency monitors online.",,,,,,,,,,,
1585,949507,6/21/12,Congressman Jean Schmidt,"Re status of 1-130 petition, Anya Feldman is requesting assistance in getting her husband back into the US following deportation.",,,,,,,,,,,
1586,950087,6/28/12,Congressman Jean Schmidt,"Writes on behalf of constituent,,bK6> who complains about being stopped by CBP twice upon returning to the U.S. for ""special treatment""",,,,,,,,,,,
1587,,,,,,,,,,,,,,,
1588,,,,,,,,,,,,,,,
1589,950181,6/29/12,Congressman Jean Schmidt,"Writes on behalf of constituent. <b>(6> regarding problems with CBP,",,,,,,,,,,,
1590,947727,6/4/12,Congressman Aaron Schock,Wife filed an appeal for her husband,,,,,,,,,,,
1591,948203,6/8/12,Senator Charles E. Schumer,Supports the City of Niagra Falls Fire Department's Fire Prevention and Safety grant application.,,,,,,,,,,,
1592,948216,6/8/12,Senator Charles E. Schumer,Supports the application submitted by the Brentwood Fire Department for funding under the Staffing for Adequate Fire and Emergency Response Grant program.,,,,,,,,,,,
1593,949108,6/18/12,Senator Charles E. Schumer,Supports the application submitted by the Torah Community Network for funding under the Fire Prevention and Safety Grand Program.,,,,,,,,,,,
1594,950185,6/29/12,Senator Charles E. Schumer,Writes on behalf of constituent; who complains that there are illegal Mexicans working for the Super Arif Qosaj who have been threatening to stab him.,,,,,,,,,,,
1595,,,,,,,,,,,,,,,
1596,,,,,,,,,,,,,,,
1597,948109,6/7/12,Congressman David Schweikert,Re 1-590 cases.,,,,,,,,,,,
1598,948624,6/13/12,Congressman David Schweikert,Husband filed for his wife,,,,,,,,,,,
1599,949370,6/20/12,Congressman David Schweikert,Writes on behalf of a constituent regarding his request for clarification if he is on a do-not-fly list.,,,,,,,,,,,
1600,948761,6/14/12,Congressman Tim Scott,Requests that a National Interest Waiver be issused to Ronald Sandee.,,,,,,,,,,,
1601,948092,6/7/12,Senator Jeff Sessions,Constituent has problems with Form I 290-B,,,,,,,,,,,
1602,949749,6/25/12,Senator Jeanne Shaheen,Writes on behalf of her constituent who is concerned that the Federal Government is obstructing payments he receives through the mail.,,,,,,,,,,,
1603,947595,6/4/12,Senator Richard C. Shelby,"Writes on behalf of his constituent, regarding the purchasing of .40 cal and .223 ammo.",,,,,,,,,,,
1604,,,,,,,,,,,,,,,
1605,949849,6/26/12,Congressman Heath Shuler,Constituent is a candidate for a kidney transplant by his sister,,,,,,,,,,,
1606,947817,6/5/12,Congressman Adam Smith,Re Humanitarian Parole-I-131/1-602,,,,,,,,,,,
1607,949213,6/19/12,Congressman Adam Smith,Two brothers caught up in TRIG,,,,,,,,,,,
1608,949800,6/26/12,Congressman Adam Smith,"Write to address policing along the Northern Border and the need for a clear and coherent prosecutorial discretion policy among Components,",,,,,,,,,,,
1609,949274,6/20/12,Congressman Adrian Smith,follow-up on case of    no incoming attached.,,,,,,,,,,,
1610,947978,6/6/12,Congressman Lamar Smith,Questions about the adjudication of EB-5 investor visa regional center proposals.,,,,,,,,,,,
1611,,,,,,,,,,,,,,,
1612,947981,6/7/12,Congressman Lamar Smith,Writes concerning foreign nationals who have been ordered to be deported after serving their sentences but who continue to live in the United States because their home countries have not cooperated in their removal proceedings.,,,,,,,,,,,
1613,948051,6/7/12,Congressman Lamar Smith,Writes concerning foreign nationals who have been ordered to be deported after serving their sentences but who continue to live in the United States because their home countries have not cooperated in their removal proceedings.,,,,,,,,,,,
1614,949473,6/20/12,Congressman Lamar Smith,Request for detailed answers to 32 questions regarding the Obama Administration's new deferred action policy for certain young illegal immigrants,,,,,,,,,,,
1615,949550,6/19/12,Congressman Lamar Smith,Requests DHS cooperate in scheduling an oversight hearing.,,,,,,,,,,,
1616,948689,6/13/12,Congressman Olympia J. Snowe,Re an 1-140 case.,,,,,,,,,,,
1617,,,,,,,,,,,,,,,
1618,949489,6/21/12,Congressman Cliff Stearns,Writes on behalf of his constituent regarding his application to join CBP,,,,,,,,,,,
1619,949647,6/22/12,Congressman Bennie G. Thompson,Writes regarding an employment discrimination matter involving 'W61    a USSS employee whose case raises serious allegations of EEO violations and misconduct.,,,,,,,,,,,
1620,949630,6/22/12,Congressman Patrick Tiberi,Writes on behalf of constituent who requests assistance with personnel issues.,,,,,,,,,,,
1621,948920,6/15/12,Senator Patrick Toomey,WriLes on behalf of his constituent regarding CBP staffing and preclearance operations at Toronto Pearson International Airport and it’s impact on Lehigh Valley and the Commonwealth of Pennsylvania.,,,,,,,,,,,
1622,948758,6/14/12,Senator Tom Udall,Re an 1-730 refugee case.,,,,,,,,,,,
1623,949732,6/25/12,Congressman Nydia M. Velazquez,"Request the Department postpone the expansion of the Secure Communities program, both nationwide and in New York.",,,,,,,,,,,
1624,,,,,,,,,,,,,,,
1625,,,,,,,,,,,,,,,
1626,949112,6/18/12,Congressman Peter J. Visclosky,Constituent would like to get security clearance,,,,,,,,,,,
1627,949180,6/19/12,Congressman Peter J. Visclosky,Re the denial of an 1-140 petition.,,,,,,,,,,,
1628,949242,6/20/12,Congressman Peter J. Visclosky,Re a pending 1-130 application.,,,,,,,,,,,
1629,949949,6/27/12,Congressman Peter J. Visclosky,Re    land how she may be able to expedite the processing of an I-130 application for her brother.,,,,,,,,,,,
1630,947754,6/5/12,Senator David Vitter,Writes on behalf of his constituent regarding CBP staffing and preclearance operations at Toronto Pearson International Airport.,,,,,,,,,,,
1631,949142,6/18/12,Congressman Greg Walden,Miliary family needs help,,,,,,,,,,,
1632,,,,,,,,,,,,,,,
1633,949437,6/21/12,Senator Mark R. Warner,Writes on behalf of constituent who is concerned about Americans being detained on American soil without full disclosure of the reason behind the detention.,,,,,,,,,,,
1634,948294,6/8/12,Congressman Maxine Waters,Writes on behalf of |ih>(6)    Kvhose membershiD was revoked from the Global Entry program without an explanation.,,,,,,,,,,,
1635,947973,6/6/12,Congressman Jim Webb,Re status of an 1-130 case,,,,,,,,,,,
1636,948063,6/7/12,Congressman Allen West,Writes on behalf of his constituent who complains of harrasment when dealing with customs officers at the airport.,,,,,,,,,,,
1637,949462,6/21/12,Congressman Joe Wilson,Writes on behalf of constituent whose property was seized by CBP at Port Wentworth.,,,,,,,,,,,
1638,948557,6/12/12,Congressman Frank R. Wolf,Writes A/S OLA regarding a constituent with regards to his unsolicited proposal.,,,,,,,,,,,
1639,949306,6/20/12,Congressman Frank R. Wolf,"Writes on behalf of constituent,who is concerned as to why he was denied clearance with CBP.",,,,,,,,,,,
1640,,,,,,,,,,,,,,,
1641,,,,,,,,,,,,,,,
1642,949524,6/22/12,Congressman C. W. Bill Young,Constituent requests help with visa,,,,,,,,,,,
1643,949666,6/22/12,Congressman Don Young,Support for EB-5 application submitted by WestMountain and the Terra Gold Corporation's Terra Mining Project,,,,,,,,,,,
1644,947455,6/1/12,Congressman Todd Young,Writes on behalf of constituent who was denied a transfer to be closer to his pregnant wife who is undergoing brain surgery.,,,,,,,,,,,
1645,950133,6/29/12,,VWP Report to Congress for Ireland (Attachment is classified and will be transmitted separately),,,,,,,,,,,
1646,950158,6/29/12,,VWP Report to Congress for Norway (Attachment is classified and wilt be transmitted separately),,,,,,,,,,,
1647,,,,,,,,,,,,,,,
1648,,,,,,,,,,,,,,,
1649,,,,,,,,,,,,,,,
1650,WF#,Receive Date,Congressman Name,Subject of Request,,,,,,,,,,,
1651,950291,7/2/12,Congressman Gary L. Ackerman,"Re an 1-730 for ’L1""5'",,,,,,,,,,,
1652,951535,7/16/12,Congressman Gary L. Ackerman,Form 1730,,,,,,,,,,,
1653,952714,7/25/12,Congressman Gary L. Ackerman,Father filed for Form 1-730 for his son,,,,,,,,,,,
1654,953229,7/31/12,Congressman Gary L. Ackerman,Re status of an 1-730 petition.,,,,,,,,,,,
1655,953230,7/31/12,Congressman Gary L. Ackerman,none,,,,,,,,,,,
1656,950670,7/6/12,Congressman Sandy Adams,"Requests clarification on DHS's policy as it relates to the ""IS-907 Active Shooter: What You Can Do"" training course and pocket card.",,,,,,,,,,,
1657,,,,,,,,,,,,,,,
1658,951412,7/13/12,Congressman Robert B. Aderholt,"Express condolences for Border Patrol Agent Leopoldo Cavazos, Jr.",,,,,,,,,,,
1659,951601,7/16/12,Congressman Robert B. Aderholt,Wife needs husband who is in Mexico,,,,,,,,,,,
1660,952541,7/24/12,Congressman Robert B. Aderholt,Expresses concerns about the new deferred action and employment authorization policy and the delay in deploying Secure Communities to Alabama and Illinois.,,,,,,,,,,,
1661,952750,7/25/12,Congressman Robert B. Aderholt,Writes regarding the deaths of former DHS employees in Afghanistan.,,,,,,,,,,,
1662,951233,7/12/12,Congressman Rafael Cox Alomar,Writes regarding the security challenges and high crime rate of Puerto Rico.,,,,,,,,,,,
1663,952544,7/24/12,Senator Kelly Ayotte,"WriLes on behalf of constituent,",,,,,,,,,,,
1664,,,,"regarding an incident report that was filed against him while visiting the USCIS office in Bedford, NH.",,,,,,,,,,,
1665,,,,,,,,,,,,,,,
1666,952780,7/26/12,Senator Kelly Ayotte,Writes on behalf of constituent who complains about the way he is being treated by his supervisor at the Manchester airport.,,,,,,,,,,,
1667,951929,7/18/12,Congressman Roscoe G. Bartlett,Mother wants USCIS to help with adoption,,,,,,,,,,,
1668,951084,7/11/12,Senator Mark Begich,Writes asking the President to increase the nation's profile in the Arctic through the development of an overall U.S. national strategy for the Arctic.,,,,,,,,,,,
1669,950711,7/6/12,Congressman Corrine Brown,Supports the City of Sanford's application for funding under the Staffing for Adequate Fire and Emergency Response (SAFER) Grant Program.,,,,,,,,,,,
1670,950260,7/2/12,Congressman Scott P. Brown,Re an Immigrant visa for (1-130),,,,,,,,,,,
1671,950317,7/2/12,Congressman Scott P. Brown,Re 1-131 application.,,,,,,,,,,,
1672,,,,,,,,,,,,,,,
1673,951185,7/12/12,Congressman Scott P. Brown,Re status of an 1-601 waiver for ft'1'6’ bX8)    (CO J),,,,,,,,,,,
1674,951463,7/16/12,Senator Sherrod Brown,"Writes on behalf of his constituent, {b)f0’ Iregarding    complaints against security guards who work in the John Peck Federal Building in Cincinnati. Ohio.",,,,,,,,,,,
1675,952252,7/20/12,Senator Sherrod Brown,"Mother may lose home because of finances, seeking assistance",,,,,,,,,,,
1676,951199,7/12/12,Congressman Larry Bucshon,Constituent was denied citizenship,,,,,,,,,,,
1677,951418,7/13/12,Congressman Mary Ellen Callahan,Public Posting of Congressional Correspondence Logs,,,,,,,,,,,
1678,953187,7/26/12,Congressman Shelley Moore Capito,Writes regarding constituent’s request for federal agencies to stop using the Echo Valley Training Center (EVTC) in West Virginia,,,,,,,,,,,
1679,953064,7/27/12,Congressman John Carter,Form I 130 for wife,,,,,,,,,,,
1680,,,,,,,,,,,,,,,
1681,,,,,,,,,,,,,,,
1682,950687,7/6/12,Congressman Bill Cassidy,Writes inquiring about status of constituent's security clearance for DHS employment.,,,,,,,,,,,
1683,951176,7/12/12,Congressman Steve Chabot    |j,has problems with her Form 1-130,,,,,,,,,,,
1684,953116,7/30/12,Congressman Jason Chaffetz,Requests Mayor Garino of the City of Nogales provide an explanation as to why the data for crime rates has changed.,,,,,,,,,,,
1685,950451,7/3/12,Congressman Emanuel Cleaver,Re a 1-90 case,,,,,,,,,,,
1686,951293,7/12/12,Congressman Gerry Connolly,The|(b)(6}    Fish to have    | underaged sister to come to United States to recover from her injuries sustustained in car accident which their parents were killed.,,,,,,,,,,,
1687,951877,7/18/12,Congressman Gerry Connolly,Re:    Concerning the repayment of an erroneous bill for retirement contributions.,,,,,,,,,,,
1688,,,,,,,,,,,,,,,
1689,,,,,,,,,,,,,,,
1690,952877,7/26/12,Senator Bob Corker,More information,,,,,,,,,,,
1691,952692,7/25/12,Congressman Scott DesJarlais,Re a Form G-639.,,,,,,,,,,,
1692,952613,7/25/12,Congressman NJ 10th Congressional Distict,Nephew is trying to get third information from Aunt,,,,,,,,,,,
1693,950278,6/29/12,Congressman Lloyd Doggett,Writes on behalf of a constituent making a query as to whether she is on any list.,,,,,,,,,,,
1694,950450,7/3/12,Congressman Donna F. Edwards,Re status on an 1-485.,,,,,,,,,,,
1695,951902,7/18/12,Congressman Keith Ellison,"Writes to inform of Minneapolis City Council’s support for DHS’s deferred action policy and urge the Department to maintain compliance with August 13, 2012 implementation date.",,,,,,,,,,,
1696,,,,,,,,,,,,,,,
1697,,,,,,,,,,,,,,,
1698,950710,7/6/12,Congressman Sam Farr,"Writes on behalf of his constituent,(hM0) <bl(e)    ho-flv status.",,,,,,,,,,,
1699,952227,7/20/12,Congressman Bob Filner,Urges the Department to address the health and safety crisis occuring at the Calexico Land Port of Entry.,,,,,,,,,,,
1700,952694,7/25/12,Congressman John Fleming,Constituent looking for job opportunity from USCIS,,,,,,,,,,,
1701,951093,7/11/12,Congressman Elton Gallegly,Congressman is inquiring on whether it’s possible to revoke permanent resident status. (1-130),,,,,,,,,,,
1702,952561,7/24/12,Congressman Elton Gallegly,Writes with follow up questions to the July 19th hearing regarding immigration laws.,,,,,,,,,,,
1703,952800,7/26/12,Congressman Elton Gallegly,Writes to express disappointment with the Administration's recent policy that prevents the deportation of certain immigrants.,,,,,,,,,,,
1704,,,,,,,,,,,,,,,
1705,952374,7/23/12,Congressman David Gibbons,"Writes on behalf of lhe Committee on Appropriations and inquires about the U.S. Customs and Border Protection's budget. Notify by telphone NUT 7/27,",,,,,,,,,,,
1706,951533,7/16/12,Congressman Cirri s Gibson,Form 1-765,,,,,,,,,,,
1707,952038,7/19/12,Congressman Chris Gibson,Re an I-129Ffor,,,,,,,,,,,
1708,953222,7/31/12,Senator Kirsten E. Gillibrand,Support for grant application submitted by the Jewish Family Service of Buffalo and Erie County,,,,,,,,,,,
1709,952251,7/20/12,Senator Charles E. Grassley,"Writes concerning the public accessibility of documents stored through Quality Associates, and requests information regarding the Department’s contract with Quality Associates.",,,,,,,,,,,
1710,953183,7/31/12,Senator Charles E. Grassley,Requests answers to questions regarding the Chemical Facility Anti-Terrorism Standards program. Requests response by 8/13.,,,,,,,,,,,
1711,,,,,,,,,,,,,,,
1712,951431,7/13/12,Congressman Gene Green,"Writes on behalf of constituent (b,(6)",,,,,,,,,,,
1713,,,,regarding his issue in obtaining his TWIC card.,,,,,,,,,,,
1714,951415,7/13/12,Congressman Gene Green,Writes on behalf of constituent regarding his issue in obtaining his TWIC card.,,,,,,,,,,,
1715,953045,7/27/12,Congressman Michael Grimm,Refunded of fee paid for duplicate form,,,,,,,,,,,
1716,951973,7/19/12,Congressman Luis V. Gutierrez,Write to express appreciation to the President for recent decision to grant deferred action protection.,,,,,,,,,,,
1717,951508,7/16/12,Congressman Janice Hahn,Motion To Re-open,,,,,,,,,,,
1718,951989,7/19/12,Congressman Ralph M. Hall,Request for citizenship,,,,,,,,,,,
1719,952542,7/24/12,Congressman Ralph M. Hall,Status of Mother's case,,,,,,,,,,,
1720,952650,7/25/12,Congressman Alcee L. Hastings,Supports the creation of a Haitian Family Reunification Parole program.,,,,,,,,,,,
1721,,,,,,,,,,,,,,,
1722,953259,7/31/12,Congressman Doc Hastings,"Wife needs to home so family can be together, children are suffering and so is the husband",,,,,,,,,,,
1723,952116,7/19/12,Congressman Martin Heinrich,Re a K-3 visa.,,,,,,,,,,,
1724,951354,7/12/12,Congressman Brian Higgins,Supports the Jewish Family Service of Buffalo and Erie County's application for the Citizenship and Integration Direct Services Grant Program.,,,,,,,,,,,
1725,952159,7/12/12,Congressman Brian Higgins,Supports the Jewish Family Service of Buffalo and Erie County's application for the Citizenship and Integration Direct Services Grant Program.,,,,,,,,,,,
1726,950864,7/10/12,Congressman Kathy Hochul,Department of State referral.,,,,,,,,,,,
1727,951765,7/17/12,Congressman Chris Van Hollen,Writes on behalf of constituent regarding his TRIP redress.,,,,,,,,,,,
1728,,,,,,,,,,,,,,,
1729,950448,7/3/12,Congressman Michael M. Honda,Re an L601 waiver for (bl<6',,,,,,,,,,,
1730,951487,7/16/12,Congressman Michael M. Honda,Re several 1-730 refugee petitions.,,,,,,,,,,,
1731,951447,7/13/12,Congressman Bill Huizenga,Form N-565 Application for Replacement Naturalization/Citizenship Documentation,,,,,,,,,,,
1732,950597,7/5/12,Senator Johnny Isakson,Writes asking for assistance with a constituent's FOIA request.,,,,,,,,,,,
1733,953092,7/30/12,Congressman Lynn Jenkins,"Re:    in obtaining a copy of her citizenship certificate with the ""raised seal.""",,,,,,,,,,,
1734,950922,7/10/12,Congressman William R. Keating,Re an 290B case.,,,,,,,,,,,
1735,,,,,,,,,,,,,,,
1736,952949,7/26/12,Senator John F. Kerry,"Writes on behalf of constituent, |W) regarding an employee at the Department of Homeland Security who believes is illegally looking into his personal information.",,,,,,,,,,,
1737,953278,7/31/12,Senator John F. Kerry,"Writes on behalf of his constituent, regarding the status of his federal background check.",,,,,,,,,,,
1738,950964,7/11/12,Congressman Peter T. King,"Writes to invite S1 to testify at a hearing entitled ""Understanding the Homeland Security Threat Landscape"" on July 25, 2012.",,,,,,,,,,,
1739,951933,7/18/12,Congressman Peter T. King,Request clarification regarding the applicability of the SAFETY Act to cybersecurity technologies.,,,,,,,,,,,
1740,950551,7/5/12,Senator Amy Klobuchar,Writes on behalf of constituent regarding his Travel Inquiry Form.,,,,,,,,,,,
1741,952394,7/24/12,Senator Mary L. Landrieu,"Request more information on how the Department is administering the funding growth for the Small Business Innovation Research (SBIR) and Small Business Technology Transfer (STTR) programs, and showr the chanaes in terms of dollar amounts. u-",,,,,,,,,,,
1742,,,,,,,,,,,,,,,
1743,,,,,,,,,,,,,,,
1744,952062,7/19/12,Senator Frank R. Lautenberg,Supports the application submitted by the Cliffside Park Volunteer Fire Department for funding under the Assistance to Firefighters Grant Program to replace old equipment.,,,,,,,,,,,
1745,952210,7/20/12,Senator Frank R. Lautenberg,Writes in support of North Arlington Fire Department application for funding through FEMA's Assistance to Firefighters Grant Program to purchase new equipment.,,,,,,,,,,,
1746,952466,7/24/12,Senator Frank R. Lautenberg,Supports the Berkeley Heights Fire Department's application for funding under the AFG program.,,,,,,,,,,,
1747,952864,7/26/12,Senator Frank R. Lautenberg,Writes in support of application submitted by the Deal Fire Department for funding through the FY 2012 FEMA AFG program.,,,,,,,,,,,
1748,952989,7/27/12,Senator Frank R. Lautenberg,Supports application submitted by the Roselle Park First Aid Squad for funding under the AFG program.,,,,,,,,,,,
1749,951721,7/17/12,Congressman Sheila Jackson Lee,Re an 1-130 petition.,,,,,,,,,,,
1750,,,,,,,,,,,,,,,
1751,952380,7/23/12,Congressman Jerry Lewis,Re expedite humanitarian parole foi^1(b) (b)(6)    porm-1-131.,,,,,,,,,,,
1752,950891,7/10/12,Congressman John Lewis,Writes on behalf of constituent request assistance with professional license and US citizenship status.,,,,,,,,,,,
1753,952375,7/23/12,Congressman Frank A. LoBiondo,Re an 1-131 for Humanitarian Parole.,,,,,,,,,,,
1754,950812,7/9/12,Congressman Dave Loebsack,"Writes in support of West Burlington, Iowa Fire Department Assistance to Firelighters Grant application.",,,,,,,,,,,
1755,951600,7/16/12,Congressman Richard G. Lugar,EB-5,,,,,,,,,,,
1756,952979,7/27/12,Congressman Richard G. Lugar,Husband trying to get his wife into the United States,,,,,,,,,,,
1757,950924,7/10/12,Congressman Carolyn B. Maloney,Re status on an 1-140 petition.,,,,,,,,,,,
1758,,,,,,,,,,,,,,,
1759,952192,7/20/12,Congressman Kenny Marchant,Writes on behalf of constituent’s September 2011 letter regarding wait times during his reentry into the States from Europe.,,,,,,,,,,,
1760,951569,7/16/12,Senator John McCain,Re an 1-601 waiver.,,,,,,,,,,,
1761,952065,7/19/12,Congressman Carolyn McCarthy,Supports the application submitted by the East Meadow Jewish Center for funding under the Non-Profit Security Grant Program.,,,,,,,,,,,
1762,951254,7/12/12,Congressman Kevin McCarthy,Requesting financial hardhip assistance under the Dream Act,,,,,,,,,,,
1763,952355,7/23/12,Congressman Michael McCaul,Re status on a 1-485 case.,,,,,,,,,,,
1764,950838,7/9/12,Congressman Betty McCollum,"Writes on behalf of constituent, j(b)<6i    |-egarding her pending clearance from TSA for a Delta position as MSP International Airport.",,,,,,,,,,,
1765,952852,7/26/12,Senator Robert Menendez,"Writes on behalf of constituent,^6’ tb)i6}    fegarding his application for a job with DHS.",,,,,,,,,,,
1766,,,,,,,,,,,,,,,
1767,,,,,,,,,,,,,,,
1768,951883,7/18/12,Senator Barbara A. Mikulski,Supports the application submitted by the Ocean City Fire Department for funding under the Assistance to Firefighters Grant Program.,,,,,,,,,,,
1769,951887,7/18/12,Senator Barbara A. Mikulski,Supports the application submitted by the Elkridge Volunteer Fire Department for funding under the Assistance to Firefighters Grant Program.,,,,,,,,,,,
1770,952071,7/9/12,Senator Barbara A. Mikulski,Writes to support Capital Heights Volunteer Fire Department grant application for funding consideration under the Assistance to Firefighters Grant Program.,,,,,,,,,,,
1771,951762,7/17/12,Congressman Gary G. Miller,Requests constituent’s TRIP redress be expedited as her autistic son is returning from his trip abroad in August.,,,,,,,,,,,
1772,953111,7/30/12,Congressman Gary G. Miller,Privacy release,,,,,,,,,,,
1773,,,,,,,,,,,,,,,
1774,952187,7/20/12,Congressman Gwen S. Moore,Requests that the funding formula for FEMA’s Emergency Food and Shelter Program (EFSP) is expeditiously transferred to OMB. Also requests a timeline and an explanation as to the speed of the EFSP process.,,,,,,,,,,,
1775,953131,7/30/12,Congressman James P. Moran,Provides privacy release form for constituent. dio has complaints about OIG.,,,,,,,,,,,
1776,951629,7/17/12,Congressman Jerry Moran,Re the status of Luis Avila's 1-601 waiver application.,,,,,,,,,,,
1777,953203,7/30/12,Senator Jerry Moran,Form 1601,,,,,,,,,,,
1778,952222,7/20/12,Senator Lisa Murkowski,Writes regarding the tsunami marine debris from Japan.,,,,,,,,,,,
1779,951112,7/11/12,Congressman Bill L. Owens,Seeking assistance in finding a job,,,,,,,,,,,
1780,951827,7/18/12,Congressman Steve Pearce,Constituent wants to know if he is citizen or not.,,,,,,,,,,,
1781,,,,,,,,,,,,,,,
1782,951671,7/17/12,Congressman Pedro Pierluisi,"Thanks SI, Associate Attorney General West, and Assistant Secretary Markey for visiting Puerto Rico, and encourages federal and local collaboration in combating drug trafficking related crime in Puerto Rico.",,,,,,,,,,,
1783,951446,7/13/12,Senator Pat Roberts,Husband files for wife Form 1-601,,,,,,,,,,,
1784,952144,7/20/12,Congressman Michael D. Rogers,Write with questions in regards to the Alien Flight Student Program.,,,,,,,,,,,
1785,953110,7/30/12,Congressman Michael D. Rogers,"As discussed at the Committee on Homeland Security hearing on July 25, 2012, encloses the GAO report entitled, General Aviation Security: Weaknesses Exist in TSA's Process for Ensuring Foreign Flight Students Do Not Pose a Security Threat.",,,,,,,,,,,
1786,950933,7/10/12,Congressman Dana Rohrabacher,"Re status on an 1-131, Application for Travel Document.",,,,,,,,,,,
1787,951593,7/16/12,Congressman Tom Rooney,Mother suffered a stroke an needs 24 hour care,,,,,,,,,,,
1788,,,,,,,,,,,,,,,
1789,,,,,,,,,,,,,,,
1790,950328,7/2/12,Congressman Lucille Roybal-Allard,Writes to POTUS in strong support of the Administration's new policy granting deferred action to undocumented youth.,,,,,,,,,,,
1791,951849,7/18/12,Congressman Timothy Ryan,Re an Hl-Visa (Form 1-129).,,,,,,,,,,,
1792,951528,7/16/12,Congressman Adam B. Schiff,Writes to request meeting with Secretary regarding refugee cases.,,,,,,,,,,,
1793,950901,7/10/12,Congressman Jean Schmidt,Wife wants USCIS to expedite visa so husband can return,,,,,,,,,,,
1794,950729,7/6/12,Senator Charles E. Schumer,Supports the application submitted by the Gates Fire District for funding under the Fire Prevention and Safety Program.,,,,,,,,,,,
1795,952667,7/25/12,Senator Charles E. Schumer,Supports the application submitted by the Dundee Volunteer Fire Department for funding under the Assistance to Firefighters Grant Program.,,,,,,,,,,,
1796,952654,7/25/12,Senator Charles E. Schumer,Supports the application submitted by the Nanuet Fire District for funding under the Assistance to Firefighters Grant Program.,,,,,,,,,,,
1797,,,,,,,,,,,,,,,
1798,,,,,,,,,,,,,,,
1799,952668,7/25/12,Senator Charles E. Schumer,Writes in support of Schohaire Fire Department application for funding under the Assistance to Firefighters Grant Program.,,,,,,,,,,,
1800,952669,7/25/12,Senator Charles E. Schumer,Supports the application submitted by the Jewish Family Services of Buffalo and Erie County for funding under the Citizenship and Integration Direct Services Grant Program.,,,,,,,,,,,
1801,950728,7/6/12,Congressman David Schweikert,Writes on behalf of constituent who filed a TRIP complaint about being on a watch list.,,,,,,,,,,,
1802,952806,7/26/12,Congressman Adrian Smith,Privacy release from daughter,,,,,,,,,,,
1803,953044,7/27/12,Congressman Lamar Smith,is requesting fee refund.,,,,,,,,,,,
1804,951763,7/17/12,Senator Debbie Stabenow,Writes on behalf of constituent who is being subjected to additional screenings.,,,,,,,,,,,
1805,950909,7/10/12,Congressman Bennie G. Thompson,Writes to express concern regarding DHS's Bio Watch program.,,,,,,,,,,,
1806,,,,,,,,,,,,,,,
1807,952748,7/25/12,Congressman Bennie G. Thompson,Writes regarding the percentage of maritime cargo containers scanned for nuclear or radiological materials or other threats before arriving at U.S. ports.,,,,,,,,,,,
1808,951544,1/3/13,Congressman John F. Tierney,Support for former Paskistan Ambassador to the US Husain Haqqani's application to obtain permanent residence.,,,,,,,,,,,
1809,952687,7/25/12,Congressman Scott Tipton,Certificate of citizenship for Peter W. Grimes,,,,,,,,,,,
1810,950642,7/5/12,Senator Patrick Toomey,Writes on behalf of constituent who requests a contract dispute between CBP and VF Imagewear be resolved.,,,,,,,,,,,
1811,952190,7/20/12,Senator Mark Udall,"Writes on behalf of his constituent,<b,(St regarding his hazardous materials endorsement for his commercial driver's license.",,,,,,,,,,,
1812,951235,7/12/12,Congressman Tom Udall,Refugees from Iraq and Turkey,,,,,,,,,,,
1813,951734,7/17/12,Senator Tom Udall,Re status of I-130 petition.,,,,,,,,,,,
1814,,,,,,,,,,,,,,,
1815,,,,,,,,,,,,,,,
1816,952560,7/24/12,Congressman Tom Udall,Father fears for safety of his family in Mexico,,,,,,,,,,,
1817,952036,7/19/12,Congressman Fred Upton,Write to request further information and several documents regarding BioWatch program.,,,,,,,,,,,
1818,951294,7/12/12,Senator Mark R. Warner,"Re 1-131, Application for Humanitarian Parole filed byfb)(6)    h on behalf of her mother,    I md request for expedited adjudication.",,,,,,,,,,,
1819,951460,7/16/12,Senator Mark R. Warner,Writes on behalf of constituent. (bK6) who has a product he would like to sell to FEMA.,,,,,,,,,,,
1820,951815,7/18/12,Congressman Joe Wilson,Husband wants statua of his wife's Form 1-130,,,,,,,,,,,
1821,951124,7/12/12,Congressman Frank R. Wolf,is requesting a refund of fees. An I-485 application.,,,,,,,,,,,
1822,,,,,,,,,,,,,,,
1823,,,,,,,,,,,,,,,
1824,951221,7/12/12,Congressman Frank R. Wolf,"Writes on behalf of constituent who was selected for a summer internship with ICE, but has not been able to start due to ICE not completing her background check in a timely manner.",,,,,,,,,,,
1825,951828,7/18/12,Congressman Frank R. Wolf,Re: Fee Reimbursement.,,,,,,,,,,,
1826,952204,7/20/12,Congressman Frank R. Wolf,Writes on behalf of constituent regarding possible Nigerian email scams.,,,,,,,,,,,
1827,952217,7/20/12,Congressman Frank R. Wolf,Writes on behalf of constituents regarding possible Nigerian financial scams.,,,,,,,,,,,
1828,952558,7/24/12,Congressman Frank R. Wolf,"Writes on behalf of constituent, and provides his resume in order to be considered for a job in FLETC.",,,,,,,,,,,
1829,953248,7/31/12,Congressman Frank R. Wolf,"Writes on behalf of constituent, regarding a possible international financial scam",,,,,,,,,,,
1830,,,,,,,,,,,,,,,
1831,953242,7/31/12,"Congressman Frank R, Wolf",Writes on behalf of constituent. regarding a possible international financial scam.,,,,,,,,,,,
1832,952633,7/25/12,Senator Ron Wyden,Re implementation of the Off the Top interview procedure at the USCIS Portland Field Office.,,,,,,,,,,,
1833,951174,7/12/12,Congressman C. W. Bill Young,hnd her retiuest that INS review her inquiry and if possible please comply with her request for a new Legal Permanent Resident Card without having to pay a new fee. ll-90 form).,,,,,,,,,,,
1834,951047,7/11/12,,None,,,,,,,,,,,
1835,,,,,,,,,,,,,,,
1836,,,,,,,,,,,,,,,
1837,,,Opened Between 08/01/2012 and,18/31/2012,,,,,,,,,,,
1838,WF#,Receive Date,Congressman Name,Subject of Request,,,,,,,,,,,
1839,956259,8/23/12,Congressman Gary L. Ackerman,Wife files Form 1-730 for husband and son,,,,,,,,,,,
1840,956156,8/23/12,"Congressman Robert B, Aderholt",Write to extend their condolences for Border Patrol Agent James Dominguez.,,,,,,,,,,,
1841,953885,6/13/12,Congressman David V. Aguilar,"Reimbursement Proposal Letter to multiple members of Congress in support of CBP's Reimbursable Fee proposal in the FYI3 Budget and the Senate FYI3 Appropriations bill. In addtion, DHS concents regarding wait times, staffing, and the need for expanded services at POEs.",,,,,,,,,,,
1842,953842,8/7/12,Senator Lamar Alexander,"Wife needs her husband at home to assist her, he is in Ciudad Juarez",,,,,,,,,,,
1843,956375,8/24/12,Senator Kelly Ayotte,"Writes on behalf of her constituent {b)(6i    egarding the closing of the Customs and Border Protection office at 6 Columbia Drive, Amherst, NH.",,,,,,,,,,,
1844,,,,,,,,,,,,,,,
1845,956293,8/23/12,Congressman Lou Barletta,Writes on behalf of constituent who requests assistance getting naturalization and social security benefits.,,,,,,,,,,,
1846,957558,8/30/12,Congressman Roscoe G. Bartlett,Form I-129 for nonimmigrant worker,,,,,,,,,,,
1847,953526,8/2/12,Congressman Joe L. Barton,Form 1-140 case,,,,,,,,,,,
1848,953658,8/3/12,Congressman Karen Bass,Re to Optional Practical Training (OPT) employment authorization.,,,,,,,,,,,
1849,956804,8/27/12,Congressman Dan Benishek,Writes on behalf of his constituent regarding a settlement case with CBP.,,,,,,,,,,,
1850,956083,8/22/12,Congressman Howard L. Berman,Status of Form 1-485,,,,,,,,,,,
1851,956192,8/23/12,Congressman Timothy H. Bishop,"Writes on behalf of his constituent HI, regarding the status of his clearance by Federal Protective Services.",,,,,,,,,,,
1852,956815,8/27/12,Congressman Timothy H. Bishop,Writes on behalf of a constituent regarding his OIG cases.,,,,,,,,,,,
1853,,,,,,,,,,,,,,,
1854,957191,8/29/12,Congressman Timothy H. Bishop,"Requests that USCIS open a temporary Application Support Center in Riverhead, NY.",,,,,,,,,,,
1855,956701,8/27/12,Congressman John A. Boehner,Writes on behalf of constituent with a FOIA request.,,,,,,,,,,,
1856,956360,8/24/12,Congressman Madeleine 2. Bordallo,Writes on behalf of constituent who seeks reconsideration of a permanent change of station from her current position to a new on in Hawaii.,,,,,,,,,,,
1857,953718,8/6/12,Senator Barbara Boxer,Concerns regarding the denial of international students' applications for Optional Practical Training (OPT) employment authorization.,,,,,,,,,,,
1858,957487,8/30/12,Congressman Scott P. Brown,"Mother has to get her daughter as soon as possible, she has no care taker",,,,,,,,,,,
1859,953474,8/2/12,Senator Sherrod Brown,"Writes on behalf of his constituent <b,(e' (t?K6)    regarding the rates that Federal Protective Service charges for security services.",,,,,,,,,,,
1860,953510,8/2/12,Congressman Larry Bucshon,constituent wants to marry Iris girl friend,,,,,,,,,,,
1861,,,,,,,,,,,,,,,
1862,956127,8/23/12,Congressman Larry Bucshon,"Re:    |and the status of his green card application, and his aplication for his Hl-B visa extension. (1-129)",,,,,,,,,,,
1863,953473,8/2/12,Congressman Ann Marie Buerkle,Writes on behalf of constituent^1'6’ regarding an incident in which CBP wrongly took a person into custody.,,,,,,,,,,,
1864,955678,8/20/12,Senator Richard M. Burr,Writes to request department performance awards to federal employees data for the last five full fiscal years (FY2007-2011).,,,,,,,,,,,
1865,956208,8/23/12,Congressman Eric Cantor,Husband would like status of his case,,,,,,,,,,,
1866,955593,8/17/12,Senator Robert P. Casey,"Support for EB-5 application submitted by Lion's Regional Center, LLC, for Philadelphia-based project, One Franklin Square.",,,,,,,,,,,
1867,956232,8/23/12,Congressman Jason Chaffetz,"Requests a briefing on the strategy to confront cross-border tunnels Mexican drug cartels are using to smuggle narcotics, persons, and weapons.",,,,,,,,,,,
1868,953401,8/1/12,Senator Saxby Chambliss,Writes asking for assistance on behalf of a constituent's FOIA request re a DHS grant award.,,,,,,,,,,,
1869,,,,,,,,,,,,,,,
1870,953807,8/7/12,Senator Saxby Chambliss,Supports the West Point Fire Department's application for funding under the Assistance to Firefighters Grant program.,,,,,,,,,,,
1871,954756,8/14/12,Senator Saxby Chambliss,Supports the City of Vidalia Fire Department's appication for funding under the Assistance to Firefighters Grants program.,,,,,,,,,,,
1872,955232,8/16/12,Senator Saxby Chambliss,Niece needs open heart surgery as soon as possible,,,,,,,,,,,
1873,956372,8/24/12,Senator Saxby Chambliss,Constituent is filing Form 1-601 as fiancee,,,,,,,,,,,
1874,956770,8/24/12,Congressman Judy Chu,Express concern about the NSEERS,,,,,,,,,,,
1875,956072,8/22/12,Congressman Hansen Clarke,Re: Status on Immigration case. (1-539),,,,,,,,,,,
1876,954282,8/10/12,Congressman Howard L. Coble,Form 1-730 daughter to follow,,,,,,,,,,,
1877,,,,,,,,,,,,,,,
1878,,,,,,,,,,,,,,,
1879,956370,8/24/12,Senator Thad Cochran,Writes on behalf of his constituent regarding the ammunition DHS has purchased.,,,,,,,,,,,
1880,955820,8/21/12,Senator Susan M. Collins,Writes on behalf of constituent who inquires as to the status of several applications he submitted for positions with TSA.,,,,,,,,,,,
1881,953739,8/6/12,Congressman Jim Cooper,An Iraqian supporter wants to get his family out of Iraq,,,,,,,,,,,
1882,954078,8/8/12,Senator Bob Corker,Writes on behalf of his constituent tb>(6>    regarding his traveler redress issues and also has specific questions regarding his rights while traveling.,,,,,,,,,,,
1883,955994,8/22/12,Senator John Cornyn,"Re: Brooks Development Authority's application for form a Regional Center, (EB-5 Immigrant Investor Pilot Program.)",,,,,,,,,,,
1884,953629,8/3/12,Senator Michael D. Crapo,Constituent wants to travel and he needs his Form N-565 updated,,,,,,,,,,,
1885,,,,,,,,,,,,,,,
1886,956350,8/24/12,Congressman Mark Critz,Writes on behalf of constituents who have complaints about FEMA's updated Flood Insurance Rate Maps.,,,,,,,,,,,
1887,954520,8/13/12,Congressman Peter A. DeFazio,Requests to be advised on how to respond to a constituent regarding a SEVIS problem.,,,,,,,,,,,
1888,956361,8/24/12,Congressman Diana DeGette,Writes on behalf of constituent regarding security complaints.,,,,,,,,,,,
1889,956720,8/27/12,Congressman Theodore E. Deutch,Re,,,,,,,,,,,
1890,953989,8/8/12,Congressman Jo Ann Emerson,Visa and waiver,,,,,,,,,,,
1891,956239,8/23/12,Congressman Eni Faleomavaega,Writes on behalf of his constituent regarding his release from ICE custody in the American Samoa.,,,,,,,,,,,
1892,955075,8/15/12,Congressman Sam Farr,Representatives of the coastal districts along the West Coast and Pacific Islands wrote to support a letter written to President Obama from the seven governors impacted by debris from the Japanese tsunami requesting increased financial support to respond to the debris.,,,,,,,,,,,
1893,954690,8/14/12,Senator Dianne Feinstein,Re a decision on an 1-601 waiver.,,,,,,,,,,,
1894,,,,,,,,,,,,,,,
1895,956254,8/23/12,Senator Dianne Feinstein,Husband seeks status of his wife,,,,,,,,,,,
1896,957500,,Congressman Mark Fish,email,,,,,,,,,,,
1897,954349,8/9/12,"Congressman Charles J. ""Chuck"" Fleischmann",Writes in support of the Anderson County Emergency Medical Services AFG grant application.,,,,,,,,,,,
1898,954345,8/10/12,"Congressman Charles J. ""Chuck” Fleischmann",Writes in support of the Anderson County Emergency Medical Services AFG grant application.,,,,,,,,,,,
1899,956036,8/22/12,"Congressman Charles J. ""Chuck"" Fleischmann",Supports the City of Kingston Fire Department's appication for funding under the Assistance to Firefighters Grants program.,,,,,,,,,,,
1900,956310,8/24/12,Congressman J. Randy Forbes,Re an N-600 case.,,,,,,,,,,,
1901,954008,8/8/12,Congressman John Garamendi,Wife requests status of her husband's case,,,,,,,,,,,
1902,956298,8/24/12,Congressman John Garamendi,Writes on behalf of his constituent who would like an update on the shcool’s pending SEVIS application.,,,,,,,,,,,
1903,,,,,,,,,,,,,,,
1904,954102,8/8/12,Congressman Jim Gerlach,"Writes on behalf of his constituent {b,(6l    who has not received a response for his traveler iquiry form that he filed in January 2012.",,,,,,,,,,,
1905,955571,8/17/12,Congressman Robert W. Goodlatte,Writes on behalf of constituent regarding the large amounts of ammunition purchased by DHS.,,,,,,,,,,,
1906,955833,8/21/12,Congressman Robert W. Goodlatte,Writes on behalf of a constituent regarding the purchase of large amounts of ammunition.,,,,,,,,,,,
1907,956184,,Congressman Pushpraj Goswami,email,,,,,,,,,,,
1908,953476,8/2/12,Senator Charles E. Grassley,Write regarding University of Iowa and interpretation of FEMA policy.,,,,,,,,,,,
1909,953727,8/6/12,Senator Charles E. Grassley,Writes to request information on the Department's interpretation of Section 212 of the Immigration and Nationality Act regarding inadmissible aliens.,,,,,,,,,,,
1910,954034,8/8/12,Senator Charles E. Grassley,"Writes regarding investigation into B-l visa fraud allegedly committed by Infosys Technologies, Ltd.",,,,,,,,,,,
1911,,,,,,,,,,,,,,,
1912,955321,8/17/12,Senator Charles E. Grassley,"Writes regarding the Government Accountability Office's report entitled, ""Student and Exchange Visitor Program: DHS Needs to Assess Risks and Strengthen Oversight Function.""",,,,,,,,,,,
1913,953468,8/2/12,Congressman Sam Graves,Letter attached,,,,,,,,,,,
1914,957564,8/30/12,Congressman Sam Graves,Daughter of E-2 derivative status seeking to gain status Daughter of E-2 seking a way get status,,,,,,,,,,,
1915,956739,8/24/12,Congressman Tom Graves,Requests aid for a constituent for his wife's immigration after being removed.,,,,,,,,,,,
1916,953565,8/3/12,Congressman Morgan Griffith,Re a pending 1-539 case.,,,,,,,,,,,
1917,957547,8/30/12,Congressman Morgan Griffith,"Writes on behalf of constituent.    |on behalf of his fiancee, (b)(61    , who had problems with her visa upon trying to enter the United States.",,,,,,,,,,,
1918,953519,8/2/12,Congressman Luis V. Gutierrez,"Invite to Chicago, regarding deferred action applications",,,,,,,,,,,
1919,,,,,,,,,,,,,,,
1920,,,,,,,,,,,,,,,
1921,953416,8/1/12,Senator Tom Harkin,Re status on an 1-601 application.,,,,,,,,,,,
1922,957074,8/28/12,Senator Tom Harkin,Recommendation for position,,,,,,,,,,,
1923,956101,8/22/12,Congressman Doc Hastings,Status of case,,,,,,,,,,,
1924,953894,8/7/12,Congressman Martin Heinrich,Form I-129,,,,,,,,,,,
1925,954572,8/13/12,Congressman Martin Heinrich,Re status of an K-l visa.,,,,,,,,,,,
1926,954730,8/14/12,Congressman Martin Heinrich,Re status on an I-129F case.,,,,,,,,,,,
1927,956381,8/24/12,Congressman Martin Heinrich,Status of his case,,,,,,,,,,,
1928,957107,8/28/12,Congressman Martin Heinrich,Constituent needs original Certficate of Citizen,,,,,,,,,,,
1929,955741,8/20/12,Congressman Wally Herger,"Writes on behalf of constituent, 'bl(61 regarding concerns she has with the new laser scanning system used at airports,",,,,,,,,,,,
1930,,,,,,,,,,,,,,,
1931,,,,,,,,,,,,,,,
1932,957671,8/31/12,Congressman Wally Herger,Writes on behalf of his constituent who is concerned with DHS’s puchase of revolver rounds.,,,,,,,,,,,
1933,953887,8/7/12,Congressman Ruben Hinojosa,Form 1-130 for the wife,,,,,,,,,,,
1934,954532,8/13/12,Congressman Chris Van Hollen,"Writes on behalf of his constituent, who is concerned over the amount of time USCIS is taking to process his security clearance.",,,,,,,,,,,
1935,955835,8/21/12,Congressman Steny H. Hoyer,Writes on behalf of his constituent^^6}    | |ivho requests his suitability be reinstated.,,,,,,,,,,,
1936,953421,8/1/12,Congressman Duncan D. Hunter,Writes on behalf of constituent to request TSA finish her FERS retirement paperwork.,,,,,,,,,,,
1937,955507,8/17/12,Congressman Duncan D. Hunter,"Writes on behalf of constituent, regarding his denail of entry into the Global Entry program.",,,,,,,,,,,
1938,956075,8/22/12,Congressman Duncan D. Hunter,"Writes on behalf of a constituent who is concerned that he did not make the ""best qualified"" list for a job.",,,,,,,,,,,
1939,957440,8/30/12,Congressman Kay Bailey Hutchison,"U.S, Naturalization Applcation (N-400) Fraud, Malfeasance and Corruption",,,,,,,,,,,
1940,,,,,,,,,,,,,,,
1941,,,,,,,,,,,,,,,
1942,957449,8/30/12,Senator James M. Inhofe,Senator Inhofe supports the Oklahoma Regional Center,,,,,,,,,,,
1943,953618,8/3/12,Congressman Steve Israel,Inquires about waiving immigration processing fees to the immediate family of U.S. military service members.,,,,,,,,,,,
1944,955722,8/20/12,Congressman Darrell Issa,Requests information regarding frequency with which Cabinet Secretaries appear at super PAC events and whether government funds have been used for travel.,,,,,,,,,,,
1945,953340,8/1/12,Congressman William R. Keating,"Requests a full review of the unsolicited proposal entitled, 100 Percent ISO Container Screening Cost Benefit Analysis, submitted by Supply Safe, LLC.",,,,,,,,,,,
1946,953549,8/2/12,Congressman William R. Keating,Filing for two constituents,,,,,,,,,,,
1947,957404,8/30/12,Congressman William R. Keating,Constituent filing for beneficiary,,,,,,,,,,,
1948,,,,,,,,,,,,,,,
1949,953677,8/3/12,Senator John F. Kerry,"Mother wants to get her son from being a refugee, he is 11 years",,,,,,,,,,,
1950,957064,8/28/12,Senator John F. Kerry,Proposal to make City of Taunton as a Targeted Employment Area,,,,,,,,,,,
1951,954502,8/13/12,"Congressman Peter T, King",Request that the Department help state and local police bomb squads in obtaining the equipment needed to defeat the use of remote-controlled improvised explosive devices.,,,,,,,,,,,
1952,955064,8/15/12,Congressman Jack Kingston,"Writes on behalf of his constituent, <b'H8t    | (biiei regarding his firing from Paragon Systems.",,,,,,,,,,,
1953,956234,8/23/12,Congressman Jack Kingston,College Professor files Form 1290B,,,,,,,,,,,
1954,957673,8/31/12,Congressman Jack Kingston,"Writes on behalf of constituent, who is currently working at TSA but is requesting assistance to obtain a higher position.",,,,,,,,,,,
1955,954554,8/13/12,Senator Amy Klobuchar,Writes on behalf of constituent who requests to be able to fly in August after being denied boarding in July.,,,,,,,,,,,
1956,,,,,,,,,,,,,,,
1957,,,,,,,,,,,,,,,
1958,957190,8/29/12,Senator Mary L. Landrieu,RE: Form 1-601 application status.,,,,,,,,,,,
1959,954339,8/10/12,Congressman Barbara Lee,Supports the City of Berkeley Fire Department's appication for funding under the Assistance to Firefighters Grants program.,,,,,,,,,,,
1960,954324,8/10/12,Congressman Barbara Lee,Supports the City of Oakland Fire Department's appication for funding under the Assistance to Firefighters Grants program.,,,,,,,,,,,
1961,957667,8/31/12,Congressman John Lewis,"Writes on behalf of his constituent who requests not to be followed by military aircraft: helicopters, drones and airplanes.",,,,,,,,,,,
1962,956936,8/28/12,Congressman Richard G. Lugar,Constituent is trying to get family out resettlement camp,,,,,,,,,,,
1963,953882,8/7/12,Congressman Connie Mack,Re 1-601 waiver application.,,,,,,,,,,,
1964,954514,8/10/12,Senator Joe Manchin,"Writes on behalf of constituent!^6*    1S inquiring if the Federal Government has plans to build a new National Law Enforcement Training Center,",,,,,,,,,,,
1965,,,,,,,,,,,,,,,
1966,,,,,,,,,,,,,,,
1967,957660,8/31/12,Senator Joe Manchin,Writes on behalf of constituent requesting aid in having neighbors pay their share of bridge repair costs.,,,,,,,,,,,
1968,957666,8/31/12,Congressman Tom Marino,Writes on behalf of constituent who requests assistance regarding issue with daughter's adoption papers.,,,,,,,,,,,
1969,957625,8/31/12,Senator John McCain,"Writes on behalf of his constituent, who sustained an injury performing a duty he believes he should not have been assigned to do.",,,,,,,,,,,
1970,956086,8/22/12,Senator Claire McCaskill,Request of status on an 1-90 case.,,,,,,,,,,,
1971,954093,8/8/12,Congressman Mike McIntyre,Re Forms 1-212 and 1-601 waiver.,,,,,,,,,,,
1972,954996,8/15/12,Congressman Gary G. Miller,Family seeking status with Form 1-829,,,,,,,,,,,
1973,953690,8/3/12,Congressman James P. Moran,Constituent wants her Form I 485 approved,,,,,,,,,,,
1974,955238,8/16/12,Congressman James P. Moran,Husband worried about Form 1601 and family,,,,,,,,,,,
1975,,,,,,,,,,,,,,,
1976,,,,,,,,,,,,,,,
1977,955840,8/21/12,Congressman James P. Moran,"Writes on behalf of constituent, 4t<6)    who is inquiring about the status of his enhanced retirement process.",,,,,,,,,,,
1978,953443,8/2/12,Congressman Jerold Nadler,"Request the Secretary formalize guidance for prosecutorial discretion to prevent deportation and separation from their lesbian, gay, bisexual, and transgender U.S. citizen partners and spouses.",,,,,,,,,,,
1979,956103,8/22/12,Congressman Grace F. Napolitano,Status of case,,,,,,,,,,,
1980,955706,8/20/12,Senator Bill Nelson,Requests ICE to review the case of and determine whether prosecutorial discretion is applicable.,,,,,,,,,,,
1981,957661,8/31/12,Congressman Eleanor Holmes Norton,Writes on behalf of constituent who is an employee of DHS alleging racial discrimination.,,,,,,,,,,,
1982,954517,8/13/12,"Congressman Bill L, Owens",Constituent needs help with his fiancee's visa,,,,,,,,,,,
1983,957584,8/31/12,Congressman Steven Palazzo,Copy of letter of request,,,,,,,,,,,
1984,,,,,,,,,,,,,,,
1985,,,,,,,,,,,,,,,
1986,953466,7/25/12,Congressman Nelson Peacock,Characteristics of H-2B Nonagricultural Temporary Workers,,,,,,,,,,,
1987,956365,8/24/12,Congressman Gary Peters,"Requests a detailee to serve in his Washington, DC office.",,,,,,,,,,,
1988,954359,8/10/12,Congressman Pedro Pierluisi,"Supports RMR Enterprises, LLC’s application to establish an EB-5 Regional Center in Puerto Rico.",,,,,,,,,,,
1989,954533,8/13/12,Congressman Pedro Pierluisi,Wife filed for her husband inquirying status,,,,,,,,,,,
1990,953590,8/3/12,Congressman Bill Posey,Supports the City of Cocoa's Assistance to Firefighters Grant Program application.,,,,,,,,,,,
1991,953975,8/8/12,Congressman Mike Quigley,Writes on behalf of constituent who requests her son be stationed at O'Hare Airport upon completing his training.,,,,,,,,,,,
1992,955259,9/6/12,Congressman Jessica Ramirez,email,,,,,,,,,,,
1993,954048,8/8/12,Senator Jack Reed,Senator Reed writes in support of Exeter Volunteer Fire Department grant application,,,,,,,,,,,
1994,954096,8/8/12,Senator Jack Reed,Wife filed Form 601 waiver for her husband,,,,,,,,,,,
1995,,,,,,,,,,,,,,,
1996,,,,,,,,,,,,,,,
1997,954098,8/8/12,Senator Pat Roberts,Thanks the Secretary for discussion on the National Bio and Agro-defense Facility and urges the Department to sign the land transfer.,,,,,,,,,,,
1998,957293,8/29/12,Congressman Eeana Ros-Lehtinen,Five players seeking refugee in the United States,,,,,,,,,,,
1999,957251,8/29/12,Senator Marco Rubio,Writes on behalf of a constituent requesting a permanent ID card as soon as possible due to costs of using a temporary ED card at his job.,,,,,,,,,,,
2000,957016,8/28/12,Congressman Janice D. Schakowsky,Requests expedited processing of visa case so he can attend his father’s funeral.,,,,,,,,,,,
2001,956093,8/22/12,Congressman Jean Schmidt,Fiancee wants to get her fiance back into United States,,,,,,,,,,,
2002,953816,8/7/12,Senator Charles E. Schumer,Supports the Beekman Fire District's application for funding under the Assistance to Firefighters Grant program.,,,,,,,,,,,
2003,,,,,,,,,,,,,,,
2004,953830,8/7/12,Senator Charles E. Schumer,Supports the Village of Fishkill's application for funding under the Assistance to Firefighters Grant program.,,,,,,,,,,,
2005,954744,8/14/12,Senator Charles E. Schumer,Supports Chavra Hatzalah's appication for funding under the Assistance to Firefighters Grants program to refurbish three emergency vehicles.,,,,,,,,,,,
2006,954747,8/14/12,Senator Charles E. Schumer,Supports Chavra Hatzalah’s appication for funding under the Assistance to Firefighters Grants program to install a sprinkler system and generator.,,,,,,,,,,,
2007,954768,8/14/12,Senator Charles E. Schumer,Supports the Roxbury Volunteer Emergency Services' appication for funding under the Assistance to Firefighters Grants program.,,,,,,,,,,,
2008,954775,8/14/12,Senator Charles E. Schumer,Supports the Cowlesville Fire Company's appication for funding under the Assistance to Firefighters Grants program.,,,,,,,,,,,
2009,954752,8/14/12,Senator Charles E. Schumer,Supports the Gio vers ville Fire Department's appication for funding under the Assistance to Firefighters Grants program.,,,,,,,,,,,
2010,954777,8/14/12,Senator Charles E. Schumer,Supports Catskills Hatzalah's appication for funding under the Assistance to Firefighters Grants program.,,,,,,,,,,,
2011,,,,,,,,,,,,,,,
2012,955609,8/20/12,Senator Charles E. Schumer,Supports the application submitted by the Brookhaven Fire District for funding under the Assistance to Firefighters Grant program.,,,,,,,,,,,
2013,955610,8/20/12,Senator Charles E. Schumer,Supports the application submitted by the Gates Fire District for funding under the Assistance to Firefighters Grant program.,,,,,,,,,,,
2014,955607,8/20/12,Senator Charles E. Schumer,Supports the application submitted by the Horicon Fire Department for funding under the Assistance to Firefighters Grant program.,,,,,,,,,,,
2015,955621,8/20/12,Senator Charles E. Schumer,Supports the Forestport Fire Department's application for funding under the Assistance to Firefighters Grants program.,,,,,,,,,,,
2016,955623,8/20/12,Senator Charles E. Schumer,Supports the Arcade Fire Department's application for funding under the Assistance to Firefighters Grants program.,,,,,,,,,,,
2017,955625,8/20/12,Senator Charles E. Schumer,Supports the application submitted by the Solvay Fire Department for funding under the Assistance to Firefighters Grant program.,,,,,,,,,,,
2018,955736,8/20/12,Senator Charles E. Schumer,Supports the application submitted by the City of Auburn Fire Department for funding under the Assistance to Firefighters Grant Program.,,,,,,,,,,,
2019,,,,,,,,,,,,,,,
2020,955715,8/20/12,Senator Charles E. Schumer,Supports the application submitted by the City of Watervliet Fire Department for funding under the Assistance to Firefighters Grant program.,,,,,,,,,,,
2021,957262,8/29/12,Senator Charles E. Schumer,Supports the Nanuet Fire District's application for funding under the Assistance to Firefighters Grants program.,,,,,,,,,,,
2022,957263,8/29/12,Senator Charles E. Schumer,Supports the Skaneateles Volunteer Fire Company's application for funding under the Assistance to Firefighters Grants program.,,,,,,,,,,,
2023,957268,8/29/12,Senator Charles E. Schumer,Supports the Silver Springs Department's application for funding under the Assistance to Firefighters Grants program.,,,,,,,,,,,
2024,957243,8/29/12,Senator Charles E. Schumer,Supports the Schenectady Fire Department's application for funding under the Assistance to Firefighters Grants program.,,,,,,,,,,,
2025,957273,8/29/12,Senator Charles E. Schumer,Supports the Munnsville Volunteer Fire Department's application for funding under the Assistance to Firefighters Grants program.,,,,,,,,,,,
2026,957249,8/29/12,Senator Charles E. Schumer,Supports the Mottville Volunteer Fire Company's application for funding under the Assistance to Firefighters Grants program.,,,,,,,,,,,
2027,,,,,,,,,,,,,,,
2028,957436,8/30/12,Senator Charles E. Schumer,Supports the application submitted by the FDNY Foundation for funding under the Assistance to Firefighters Grant Program.,,,,,,,,,,,
2029,957427,8/30/12,Senator Charles E. Schumer,Supports the application submitted by the Mattydale Fire Department for funding under the Assistance to Firefighters Grant Program.,,,,,,,,,,,
2030,957438,8/30/12,Senator Charles E. Schumer,Writes in support of application submitted by Hoags Comers Ambulance for funding under the Assistance to Firefighters Grant Program.,,,,,,,,,,,
2031,957442,8/30/12,Senator Charles E. Schumer,Writes in support of the application submitted by the East Moriches Fire Department for funding under the Assistance to Firefighters Grant Program.,,,,,,,,,,,
2032,957456,8/30/12,Senator Charles E. Schumer,Supports the application submitted by the West Fulton Fire District for funding under the Assistance to Firefighters Grant Program.,,,,,,,,,,,
2033,957460,8/30/12,Senator Charles E. Schumer,Supports the application submitted by the Chatham Rescue Squad for funding under the Assistance to Firefighters Grant Program.,,,,,,,,,,,
2034,957461,8/30/12,Senator Charles E. Schumer,Writes in support of the application submitted by the Newark Valley Fire District for funding under the Assistance to Firefighters Grant Program.,,,,,,,,,,,
2035,,,,,,,,,,,,,,,
2036,957473,8/30/12,Senator Charles E. Schumer,Supports the Mt. Sinai Fire District’s application for funding under the Assistance to Firefighters Grants program.,,,,,,,,,,,
2037,957463,8/30/12,Senator Charles E. Schumer,Supports the Warners Fire District's application for funding under the Assistance to Firefighters Grants program.,,,,,,,,,,,
2038,957662,8/31/12,Senator Charles E. Schumer,Writes in support of the application submitted by the Mattydale Fire Department for funding under the Assistance to Firefighters Grant Program.,,,,,,,,,,,
2039,956362,8/24/12,Congressman Tim Scott,Writes on behalf of his constituent who requests a stay in his wife's deportation.,,,,,,,,,,,
2040,954363,8/10/12,Senator Jeanne Shaheen,Supports the Berlin Fire Department's application for funding under the Assistance to Firefighters Grant program.,,,,,,,,,,,
2041,955606,8/20/12,Senator Jeanne Shaheen,Supports the Allenstown Fire Department's application for funding under the Assistance to Firefighters Grants program.,,,,,,,,,,,
2042,955612,8/20/12,Senator Jeanne Shaheen,Supports the Lancaster Fire Department's application for funding under the Assistance to Firefighters Grants program.,,,,,,,,,,,
2043,955620,8/20/12,Senator Jeanne Shaheen,Supports the Windham Fire Department's application for funding under the Assistance to Firefighters Grants program.,,,,,,,,,,,
2044,,,,,,,,,,,,,,,
2045,,,,,,,,,,,,,,,
2046,957465,8/30/12,Senator Jeanne Shaheen,Supports the Belmont Fire Department’s application for funding under the Assistance to Firefighters Grants program.,,,,,,,,,,,
2047,957659,8/31/12,Senator Jeanne Shaheen,Writes in support of the Laconia Fire Department application for funding from the Staffing Adequate Fire and Emergency Response (SAFER) grant program.,,,,,,,,,,,
2048,954880,8/15/12,Congressman Jerry Shapiro,email,,,,,,,,,,,
2049,953786,8/6/12,Senator Richard C. Shelby,Managing Director checking for his investors status of EB-5 application,,,,,,,,,,,
2050,953948,8/8/12,Senator Richard C. Shelby,Writes on behalf of consituent regarding Temporary Protective Status application and current detainment.,,,,,,,,,,,
2051,954505,8/10/12,Senator Richard C. Shelby,Writes on behalf of constituent who is concerned about an unsecured fuel depot in the middle of DC.,,,,,,,,,,,
2052,957179,8/29/12,Congressman Peggy Sherry,Cancellation of DHS Delegation 0215,,,,,,,,,,,
2053,956068,8/22/12,Congressman Heath Shuler,Re a request to expedite an I-131.,,,,,,,,,,,
2054,,,,,,,,,,,,,,,
2055,953854,8/7/12,Congressman Lamar Smith,Voice concents with how deferred action for illegal immigrants will be funded.,,,,,,,,,,,
2056,954640,8/13/12,Congressman Lamar Smith,"Request information regarding the implementation of the ""Deferred Action for Childhood Arrivals"" plan.",,,,,,,,,,,
2057,956345,8/24/12,Congressman Lamar Smith,"Requests that the plaintiffs seeking an injunction against further implementation of the DHS directive entitled ""Exercising Prosecutorial Discretion with Respect to Individuals Who Came to the United Stales as Children"", do not suffer retaliation for their lawsuit.",,,,,,,,,,,
2058,956403,8/24/12,Congressman Lamar Smith,"Requests that the plaintiffs seeking an injunction against further implementation of the DHS directive entitled ""Exercising Prosecutorial Discretion with Respect to Individuals Who Came to the United States as Children"", do not suffer retaliation for their lawsuit.",,,,,,,,,,,
2059,957004,8/28/12,Congressman Steve Southerland,"Requests immigration assistance on behalf of constituent,who should be eligible for deferred action.",,,,,,,,,,,
2060,,,,,,,,,,,,,,,
2061,957612,8/31/12,Congressman Cliff Stearns,Constituent needs to prove he was bom in the United States,,,,,,,,,,,
2062,955695,8/20/12,Congressman Bennie G. Thompson,"Requests information concerning NYPD's use of the ""Domain Awareness System"" and whether any DHS grants are used.",,,,,,,,,,,
2063,956007,8/22/12,Congressman Bennie G. Thompson,Re status of I-130 case.,,,,,,,,,,,
2064,956393,8/24/12,Congressman Bennie G. Thompson,Couple presenting papers proving they filed within time limit,,,,,,,,,,,
2065,956761,8/24/12,Congressman Bennie G. Thompson,Writes with concerns regarding DNDO's procurement of handheld radiation detectors.,,,,,,,,,,,
2066,955797,8/21/12,Congressman Glenn Thompson,"Rep. Glenn Thompson writes on behalf of Mr. W6>    |egarding his request for information relating to DHS employee, Dr. Graham Spanier former President of Penn State University.",,,,,,,,,,,
2067,956204,8/23/12,Congressman Glenn Thompson,Writes on behalf of constituent concerned about DHS hiring of an employee.,,,,,,,,,,,
2068,,,,,,,,,,,,,,,
2069,953495,8/2/12,"Congressman William ""Mac"" Thornberry","Writes on behalf of his constituent, who requests the status of an investigation.",,,,,,,,,,,
2070,955269,8/16/12,Congressman Patrick Tiberi,Questions by the constituent on his salary,,,,,,,,,,,
2071,953777,8/6/20)2,Congressman Peter J. Visclosky,Pastor trying to get travel to United States for sick girl with leukemia,,,,,,,,,,,
2072,955208,8/16/12,Congressman Peter J. Visclosky,"Form 1-601 case, husband filing on behalf of wife",,,,,,,,,,,
2073,956364,8/24/12,Congressman Peter J. Visclosky,Writes on behalf of constituent requesting the status of immigration case.,,,,,,,,,,,
2074,956722,8/27/12,Congressman Peter J. Visclosky,Copy paperwork regarding her Form 1-601,,,,,,,,,,,
2075,956264,8/23/12,Congressman Greg Walden,Constituent wants to file Form N-400,,,,,,,,,,,
2076,953918,8/7/12,Senator Mark R. Warner,"Writes on behalf of constituent who requests an explanation for the purchase of 450 million rounds of ""hollow point"" bullets.",,,,,,,,,,,
2077,,,,,,,,,,,,,,,
2078,955650,8/20/12,Congressman Daniel Webster,Supports the City of Ocoee's two applications for funding under the Assistance to Firefighters Grants program.,,,,,,,,,,,
2079,955709,8/20/12,Congressman Allen West,Writes on behalf of a constituent regarding the procuring of hollow point rounds of ammunition.,,,,,,,,,,,
2080,956784,8/27/12,Congressman Allen West,Writes regarding the impending release of a convict who stabbed him multiple times.,,,,,,,,,,,
2081,957609,,Congressman Logan Whitehead,email,,,,,,,,,,,
2082,956297,8/23/12,Senator Roger F. Wicker,"Requests assistance on behalf of constituent, wp,0 ]earneci that DHS has a hold on him from E-Verify.",,,,,,,,,,,
2083,953878,8/7/12,Congressman Robert Wittman,Writes on behalf of a constituent trying to expedite an immigration application.,,,,,,,,,,,
2084,956371,8/24/12,Congressman Robert Wittman,Constituent wants to go home to see mother,,,,,,,,,,,
2085,954325,8/9/12,Congressman Frank R. Wolf,Writes on behalf of constituent with research and development proposal.,,,,,,,,,,,
2086,955817,8/21/12,Congressman Frank R. Wolf,Requests information on the requirements for a contract regarding building security officers.,,,,,,,,,,,
2087,,,,,,,,,,,,,,,
2088,956291,8/24/12,Congressman Frank R. Wolf,Writes on behalf of a constituent who requests information regarding his USA Jobs application.,,,,,,,,,,,
2089,956376,8/24/12,Congressman Frank R. Wolf,Requests assistance in obtaining reimbursement for damage done to their rental property by an NPPD employee.,,,,,,,,,,,
2090,955067,,Congressman Michal Wolf,email,,,,,,,,,,,
2091,956349,8/24/12,Congressman Rob Woodall,Re    is interested in participating in the EB-5 investor program.,,,,,,,,,,,
2092,954648,8/13/12,"Congressman C. W, Bill Young",Re a Humanitarian Parole Application request.,,,,,,,,,,,
2093,956800,8/27/12,,Requests the addition of a question on America's National Parks to the Integrated Civics section of the U.S. Citizenship Test,,,,,,,,,,,
2094,,,,,,,,,,,,,,,
2095,,,,,,,,,,,,,,,
2096,,,,,,,,,,,,,,,
2097,WF#,Receive Date,Congressman Name,Subject of Request,,,,,,,,,,,
2098,958927,9/19/12,Congressman Gary L. Ackerman,"Re status of an 1-730, Refugee/Asylee relative petition.",,,,,,,,,,,
2099,958533,6/13/12,Congressman David V. Aguilar,"Reimbursement Proposal Letter to multiple members of Congress in support of CBP's Reimbursable Fee proposal in the FYI3 Budget and the Senate FYI3 Appropriations bill. In addtion, DHS concerns regarding wait times, staffing, and the need for expanded services at POEs.",,,,,,,,,,,
2100,958192,9/10/12,Congressman Daniel K. Akaka,Re an I-290-B case.,,,,,,,,,,,
2101,958736,9/17/12,Congressman Daniel K. Akaka,Writes on behalf of constituent seeking more information about the APEC Business Travel Cards for frequent travellers in the Asian Pacific Region.,,,,,,,,,,,
2102,958152,9/10/12,Senator Lamar Alexander,Form I 601 case for husband,,,,,,,,,,,
2103,,,,,,,,,,,,,,,
2104,958178,9/10/12,Congressman Joe Baca,Writes regarding the deferred action legislation in California.,,,,,,,,,,,
2105,960744,9/28/12,Congressman Ron Barber,Writes to thank SI for the time she gave him upon arrival in Congress.,,,,,,,,,,,
2106,960065,9/26/12,Congressman Joe L. Barton,Re    :oncerning the pending appeal for the denial of theI-526 petition for his wife [iWo    |,,,,,,,,,,,
2107,957857,9/5/12,Congressman Charles F. Bass,Re an 1-601 waiver.,,,,,,,,,,,
2108,958479,9/12/12,Congressman Karen Bass,Mother trying to gel her daughter's status change,,,,,,,,,,,
2109,958557,9/13/12,Congressman Karen Bass,regarding a 1-765 card he never received.,,,,,,,,,,,
2110,957725,9/4/12,Congressman Xavier Becerra,Status of case,,,,,,,,,,,
2111,,,,,,,,,,,,,,,
2112,957929,9/6/12,Senator Mark Begich,Thanks the Secretary for her visit to Alaska.,,,,,,,,,,,
2113,957750,9/4/12,Senator Michael Bennet,Writes on behalf of constituent J-*61    | who is a member of TRIP and recently experienced secondary screening in Vancouver which forced him to miss his plane.,,,,,,,,,,,
2114,958743,9/17/12,Senator Richard Blumenthal,Writes on behalf of his constituent|(b)l61    I regarding his frustrations with being an employee of the Federal Protective Service.,,,,,,,,,,,
2115,958035,9/6/12,Congressman Paul Broun,"Requests information regarding the construction of a New International Trade Crossing (NITC) that would connect Detroit, Michigan and Windsor, Ontario, Canada.",,,,,,,,,,,
2116,960044,9/26/12,Congressman Larry Bucshon,Form I 129,,,,,,,,,,,
2117,957783,9/4/12,Congressman Dan Burton,Husband filed for his wife Form I 601,,,,,,,,,,,
2118,,,,,,,,,,,,,,,
2119,,,,,,,,,,,,,,,
2120,958102,9/10/12,Congressman Dan Burton,"SuoDort forl<b),6)    [-290B, Notice of Appeal or Motion, because his H- IB status expired.",,,,,,,,,,,
2121,958443,9/12/12,Congressman Lois Capps,Writes regarding the creation of a national standardized commercial diver certification program.,,,,,,,,,,,
2122,957912,9/5/12,Senator Benjamin L. Cardin,Wife inquiries about her husband case,,,,,,,,,,,
2123,958169,9/10/12,Senator Benjamin L. Cardin,"Possible unfair promotions practice in DHS, ICE, Enforcement and Removal Operations in Baltimore Field Office in Maryland",,,,,,,,,,,
2124,958260,9/11/12,Senator Benjamin L. Cardin,To constructively address and resolve dispute,,,,,,,,,,,
2125,958230,9/10/12,Congressman John Carter,Support for EB-5 application for the Summit at Rivery Park Hotel project.,,,,,,,,,,,
2126,958254,9/10/12,Congressman John Carter,Support for EB-5 designation of Texas Investment Regional Center LLC.,,,,,,,,,,,
2127,,,,,,,,,,,,,,,
2128,958753,9/17/12,Congressman Gerry Connolly,Writes regarding his constituent's indefinite suspension.,,,,,,,,,,,
2129,959060,9/20/12,Senator Christopher Coons,Support the Wilmington Fire Company's application for funding under the Staffing for Adequate Fire & Emergency Response program.,,,,,,,,,,,
2130,960501,9/27/12,Senator Bob Corker,Re an 1-131 case.,,,,,,,,,,,
2131,957928,9/6/12,Senator John Cornyn,Writes on behalf of his constituent regarding the need for more security staff at Federal buildings in the Grand Rio Valley.,,,,,,,,,,,
2132,957970,9/6/12,Senator Michael D. Crapo,Wife has an approval on Form 1-130,,,,,,,,,,,
2133,959028,9/20/12,Congressman Peter A. DeFazio,"Writes on behalf of his constituent,^1161 concerning questions he has regarding TSA's ability to work as law enforcement.",,,,,,,,,,,
2134,960680,9/28/12,Congressman John J* Duncan,Would constituent qualify under DACA for green card,,,,,,,,,,,
2135,,,,,,,,,,,,,,,
2136,,,,,,,,,,,,,,,
2137,957744,9/4/12,Congressman Donna F. Edwards,Writes on behalf of constituent. hb*16)    Iwho is requesting her suitability letter to be released so she can start working.,,,,,,,,,,,
2138,960604,9/28/12,Congressman Eni Faleomavaega,"Reauests that ICE reconsiderl,bK°)    1 application and allow him to return to the United States.",,,,,,,,,,,
2139,958238,9/10/12,Congressman Bob Filner,"Requests update on whether USCIS will renew the lease of constituent John Urquhart's property in Chula Vista, CA.",,,,,,,,,,,
2140,959352,9/24/12,"Congressman J, Randy Forbes",Writes on behalf of constituent who requests an investigation into the hiring process used in filling a particular position.,,,,,,,,,,,
2141,959186,9/21/12,Congressman Virginia Foxx,Express their support to admit the Republic of Turkey into CBP's Global Entry Program.,,,,,,,,,,,
2142,960340,9/27/12,Congressman Cory Gardner,"Re Form I-129, <b)<6'",,,,,,,,,,,
2143,,,,,,,,,,,,,,,
2144,957933,9/5/12,Congressman David Gibbons,Requests follow up from the Department by telephone regarding points of contact for budget and accounting data.,,,,,,,,,,,
2145,958483,9/12/12,Congressman Robert W. Goodlatte,Mother filed Form I 130 for her children,,,,,,,,,,,
2146,959035,9/20/12,Congressman Robert W. Goodlatte,Writes on behalf of his constituent Jb)l0-    I regarding why her birth certificate does not qualify as proper identification.,,,,,,,,,,,
2147,960725,9/28/12,Congressman Paul Gosar,Husband requests expedite processing his wife’s EAD,,,,,,,,,,,
2148,957790,9/4/12,Senator Lindsey O. Graham,Status of son's case,,,,,,,,,,,
2149,959070,9/20/12,Senator Lindsey O. Graham,"Constituent is seeking Form 1-612, he filed",,,,,,,,,,,
2150,,,,,,,,,,,,,,,
2151,960706,9/28/12,Senator Lindsey 0. Graham,"Constituent requests documents be sent again, Form I-130",,,,,,,,,,,
2152,958458,9/12/12,Congressman Kay Granger,Writes on behalf of her constituent    | who requests assistance regarding his job status with CBP and his wife's legal residency.,,,,,,,,,,,
2153,958305,9/11/12,Senator Charles E. Grassley,"Inquires on behalf of the Committee on the Judiciary about DHS 's compliance with the President's Executive Order 13589 requiring electronic transmission of documents: asks specific questions to be answered by September 25, 2012.",,,,,,,,,,,
2154,959110,9/20/12,Senator Charles E. Grassley,Request more information and weekly data updates regarding the Deferred Action for Childhood Arrivals (DACA),,,,,,,,,,,
2155,958267,9/11/12,Congressman Tom Graves,Re AAO case-I-290B.,,,,,,,,,,,
2156,957721,9/4/12,Congressman Morgan Griffith,Fiance trying to straighting out fiancee's record so that he can marry,,,,,,,,,,,
2157,,,,,,,,,,,,,,,
2158,958110,9/10/12,Congressman Morgan Griffith,"help'""*1    Iwlth her immigration status",,,,,,,,,,,
2159,957998,9/6/12,Congressman Michael Grimm,Form I 130 for son,,,,,,,,,,,
2160,960726,9/28/12,Congressman Kenneth F. Hawkins,Writes to request DD214/SRB and medical records in hardcopy.,,,,,,,,,,,
2161,957871,9/5/12,Congressman Martin Heinrich,Husband is inquirying about his green card renewal,,,,,,,,,,,
2162,957893,9/5/12,Congressman Martin Heinrich,Constituent inquiries about work visa,,,,,,,,,,,
2163,958486,9/13/12,Congressman Martin Heinrich,"Re<b’""U    and his visitor visa. Department of State referral.",,,,,,,,,,,
2164,958647,9/14/12,Congressman Martin Heinrich,Re an I-I29F visa.,,,,,,,,,,,
2165,959099,9/20/12,Congressman Jim Himes,Constituent wants udate on her case,,,,,,,,,,,
2166,,,,,,,,,,,,,,,
2167,,,,,,,,,,,,,,,
2168,958895,9/19/12,Congressman Kathleen C. Hochul,Inquires as to why a HazMat endorsement on a commercial driver license is not considered an acceptable travel document between the US and Canada.,,,,,,,,,,,
2169,958626,9/14/12,Congressman Kay Bailey Hutchison,"Writes in support of the City of Baytown, TX SAFER grant application.",,,,,,,,,,,
2170,958846,9/18/12,Congressman Kay Bailey Hutchison,"Letter of support for Brooks Development Authority's EB-5 regional center application, plus a request for the status of the application.",,,,,,,,,,,
2171,960694,9/28/12,Senator Johnny Isakson,Wife filed for husband a Form 1-601,,,,,,,,,,,
2172,957887,9/5/12,Congressman Darrell Issa,Concerns about the EB-5 program processing times.,,,,,,,,,,,
2173,960365,9/27/12,Congressman Mike Kelly,Constituent would like to get her mother here as a U.S. citizen. Form 1-730,,,,,,,,,,,
2174,,,,,,,,,,,,,,,
2175,959466,9/24/12,Congressman Peter T. King,Concerns about EB-5 program processing times.,,,,,,,,,,,
2176,957757,9/4/12,Congressman Jack Kingston,"Writes on behalf of constituent, (Mfii    |wlio is requesting his Hazmat documents to be expedited.",,,,,,,,,,,
2177,958505,9/12/12,Congressman Jack Kingston,"Writes on behalf of constituent, (b>(6)    who complains that her supervisor has made the workplace a hostile environment.",,,,,,,,,,,
2178,958731,9/17/12,Congressman Jack Kingston,Writes on behalf of constituent    | who complains that her supervisor has made the workplace a hostile environment.,,,,,,,,,,,
2179,958949,9/19/12,Congressman Jack Kingston,Re an 1-131 case.,,,,,,,,,,,
2180,960002,9/26/12,Congressman Larry Kissell,Requests DHS send a representative to participate in the October 24th 4th Annual 8th District Federal Contracting Symposium and provide feedback to his constituents.,,,,,,,,,,,
2181,960376,9/26/12,Senator Mary L. Landrieu,Inquires on behalf of constituent; DHS employee on suspension due to security clearance.,,,,,,,,,,,
2182,,,,,,,,,,,,,,,
2183,,,,,,,,,,,,,,,
2184,958162,9/10/12,Congressman Rick Larsen,Urge the Departments to meet requirements under the Jones Act to transport Strategic Petroleum Reserve oil on US flagged ships by consulting Congress.,,,,,,,,,,,
2185,957859,11/2/12,Senator Frank R. Lautenberg,Support for    ipplication for humanitarian parole,,,,,,,,,,,
2186,958273,9/11/12,Senator Carl Levin,"Writes on behalf of his constituent,| regarding his concerns with the Federal Protective Service's hiring process.",,,,,,,,,,,
2187,958544,9/13/12,Congressman Jerry Lewis,Re expedite humanitarin parole for <bK0) (b)(St    |,,,,,,,,,,,
2188,959682,9/25/12,Congressman Daniel W. Lipinski,Status check for 7 constituents,,,,,,,,,,,
2189,,,,,,,,,,,,,,,
2190,959212,9/21/12,Congressman Zoe Lot'gren,Requests the Department conduct a review of the Broward Transitional Center to ensure the facility is in line with policies.,,,,,,,,,,,
2191,959378,9/24/12,Congressman Mary Bono Mack,Husband filed for his wife Form I 601,,,,,,,,,,,
2192,960685,9/28/12,Congressman Mary Bono Mack,"Writes regarding the tenuous situation where CBP Agents have staked out evacuation areas in Mecca, Cali fontia.",,,,,,,,,,,
2193,959107,9/20/12,Congressman Donald A. Manzullo,Writes to verify that he and his wife are included in TSA’s pre-screen program.,,,,,,,,,,,
2194,958823,9/14/12,Congressman Alejandro Mayorkas,82 letters to Members of Congress announcing 31 citizenship grant award recipients.,,,,,,,,,,,
2195,958849,9/18/12,Congressman Michael McCaul,Waiting on the processing of Hl-B visa for W>    —1,,,,,,,,,,,
2196,959132,9/20/12,Congressman Michael McCaul,Requests information regarding national and international conferences attended by Department personnel.,,,,,,,,,,,
2197,,,,,,,,,,,,,,,
2198,,,,,,,,,,,,,,,
2199,957921,9/6/12,Congressman Gregory W. Meeks,"Requestshe Senior Director for the National Endowment for Democracy, be cleared from security watch lists while travel to and from the United States.",,,,,,,,,,,
2200,959315,9/24/12,Senator Robert Menendez,"Request to allow the Rabbi Jacob Joseph School in Edison, New Jersey to continue to operate as a SEVP certified school.",,,,,,,,,,,
2201,958358,9/11/12,Senator Jeff Merkley,Supports the City of Gresham's application for funding under the Staffing for Adequate Fire & Emergency Response program.,,,,,,,,,,,
2202,960723,9/28/12,"Senator Barbara A, Mikulski",Writes on behalf of constituent^*'6 ’    who had an incorrect DOB on his paperwork and has been placed on administrative leave until they correct the issue.,,,,,,,,,,,
2203,958903,9/19/12,Congressman Jeff Miller,"Writes regarding the veracity of a report by the New York Times that Valerie Jarrett, a Senior Advisor to President Obama, has been assigned a full-time Secret Service protective detail and how much that detail will cost American taxpayers.",,,,,,,,,,,
2204,,,,,,,,,,,,,,,
2205,,,,,,,,,,,,,,,
2206,959644,9/25/12,Senator Bill Nelson,Status of Form 1-526 appeal,,,,,,,,,,,
2207,958553,9/13/12,Congressman Richard B. Nugent,Writes on behalf of a constituent wishing to conduct a study on storm consequences.,,,,,,,,,,,
2208,957967,9/6/12,Congressman Bill L. Owens,How would Constituent get card card?,,,,,,,,,,,
2209,959160,9/20/12,Congressman Frank Pal lone,Writes on behalf of his constituent regardingE1^6'    leligibilitv for Concurrent Retired and Disability Pay.,,,,,,,,,,,
2210,960309,9/27/12,Congressman Frank Pallone,Writes on behalf of his constituent. |(b)f6i    1 |(bi(6)    Iregarding his school’s certification for issuing 1-20 forms.,,,,,,,,,,,
2211,958586,9/10/12,Congressman Nelson Peacock,"GAO-12-551, ANTIDUMPING AND COUNTERVAILING DUTIES: Management Enhancements Needed to Improve Efforts to Detect and Deter Duty Evasion.",,,,,,,,,,,
2212,,,,,,,,,,,,,,,
2213,957845,9/5/12,Congressman Pedro Pierluisi,"Writes to request full consideration of RMR Enterprises, LLC to be designated as an EB-5 Regional Center in Puerto Rico.",,,,,,,,,,,
2214,957775,9/4/12,Congressman Todd Russell Platts,Wife filed Form 1730 for her husband and his daughter,,,,,,,,,,,
2215,960646,9/28/12,Congressman Mike Quigley,Status of appeal for Form 1-290 b,,,,,,,,,,,
2216,958769,9/17/12,Congressman Charles Rangel,Writes on behalf of constituent |who expresses concern about what he perceives to be biased treatment by your unit at the airport while traveling in and out of the United States.,,,,,,,,,,,
2217,959211,9/21/12,Senator Hany Reid,Writes on behalf of a constituent regarding adjustment of status.,,,,,,,,,,,
2218,958752,9/17/12,Congressman Scott Rigell,Writes because he has been contacted by his constituents who are concerned about the purchasing of hollow point bullets.,,,,,,,,,,,
2219,958679,9/14/12,Congressman Tom Rooney,Appeal for the Constituent,,,,,,,,,,,
2220,,,,,,,,,,,,,,,
2221,,,,,,,,,,,,,,,
2222,958930,9/19/12,Congressman Jon Runyan,Re (b>oj)    anci several legal issues.,,,,,,,,,,,
2223,958423,9/12/12,Congressman C. A. Dutch Ruppersberger,Requests that DHS looks into new detection technologies,,,,,,,,,,,
2224,958382,9/12/12,"Congressman Paul D, Ryan","Re a I-290B, Notice of Appeal.",,,,,,,,,,,
2225,957973,9/6/12,Congressman Loretta Sanchez,Denial of student visas related to the exchange program between Handong Intematinoal Law School in Korea and Trinity Law School in California {DOS issue),,,,,,,,,,,
2226,958309,9/11/12,Senator Charles E. Schumer,Writes to support the application submitted by the Point Pleasant Fire District for funding under FEMA’s Staffing for Adequate Fire and Emergency Response Grants.,,,,,,,,,,,
2227,958611,9/14/12,Senator Charles E. Schumer,Writes in support of Beckman’s Fire District for funding under the Assistance to Firefighters Grant Program application.,,,,,,,,,,,
2228,,,,,,,,,,,,,,,
2229,,,,,,,,,,,,,,,
2230,958638,9/14/12,Senator Charles E. Schumer,Writes in support of application submitted by the Nassau County Office of Emergency Management for funding under the SAFER grants.,,,,,,,,,,,
2231,958642,9/14/12,Senator Charles E. Schumer,Writes in support of Village of Fishkill application for funding under the Assistance to Firefighters Grant Program.,,,,,,,,,,,
2232,958629,9/14/12,Senator Charles E. Schumer,Writes in support of the Point Pleasant Fire District application for FEMA's Assistance to Firefighters Grant Program.,,,,,,,,,,,
2233,958630,9/14/12,Senator Charles E. Schumer,Writes in support of the Farmingdale Fire Department Assistance to Firefighter’s Grant Program application.,,,,,,,,,,,
2234,958742,9/17/12,Senator Charles E. Schumer,Supports the application submitted by the City of Newburgh Fire Department for funding under the Assistance to Firefighters.,,,,,,,,,,,
2235,958749,9/17/12,Senator Charles E. Schumer,Writes in support of Orient Fire District Assistance to Firefighter's Grant Program application.,,,,,,,,,,,
2236,,,,,,,,,,,,,,,
2237,958774,9/17/12,Senator Charles E. Schumer,Supports the City of Newburgh Fire Department's application for funding under the Assistance to Firefighters Grants program.,,,,,,,,,,,
2238,960374,9/27/12,Senator Charles E. Schumer,Writes in support of application submitted by the Barneveld Volunteer Fire Department for funding under the Assistance to Firefighters Grant Program.,,,,,,,,,,,
2239,960377,9/27/12,Senator Charles E. Schumer,Supports the application submitted by the DeWitt Fire District for funding under the Assistance to Firefighters Grant Program.,,,,,,,,,,,
2240,960379,9/27/12,Senator Charles E. Schumer,Supports the application submitted by the Middleburgh Fire Department for funding under the Assistance to Firefighters Grant Program.,,,,,,,,,,,
2241,960406,9/26/12,Senator Charles E. Schumer,Writes in support of application submitted by the Boston Emergency Squad for funding under the Assistance to Firefighters Grant Program.,,,,,,,,,,,
2242,960462,9/27/12,Senator Charles E. Schumer,Supports the Churchville Volunteer Fire Department's application for funding under the Assistance to Firefighters Grant Program.,,,,,,,,,,,
2243,,,,,,,,,,,,,,,
2244,,,,,,,,,,,,,,,
2245,958190,9/10/12,Senator Jeff Sessions,Daughter trying to find her biological father,,,,,,,,,,,
2246,959025,9/20/12,Congressman John M. Shimkus,Writes on behalf of his constituent. ibl(ib concerning delays in his background cheek for a position with CBP.,,,,,,,,,,,
2247,958994,9/19/12,Congressman Bill Shuster,"Writes on behalf of his constituent, fb,!W (bt(6)    regarding the Department’s purchase of hollow point bullets.",,,,,,,,,,,
2248,958984,9/19/12,Congressman Bill Shuster,"Writes on behalf of his constituent, bl(61    resardine the Department's purchase of hollow point bullets.",,,,,,,,,,,
2249,959014,9/19/12,Congressman Bill Shuster,"Writes on behalf of his constituent, (b'<6!    | regarding the Department's purchase of hollow point bullets.",,,,,,,,,,,
2250,957913,9/5/12,Congressman Lamar Smith,Requests information on the manner in which ICE was able to reach its claimed record high removal numbers in recent years.,,,,,,,,,,,
2251,,,,,,,,,,,,,,,
2252,,,,,,,,,,,,,,,
2253,958712,9/17/12,Congressman Lamar Smith,"Requests copies of 29 granted DACA requests prior to 9/28/12,. plus copies of all subsequent granted requests.",,,,,,,,,,,
2254,957870,9/5/12,Senator Debbie Stabenow,"Writes, on behalf of her constituents,(bt!6) bearding problems they have encountered crossing the border and the resolution to future travel issues.",,,,,,,,,,,
2255,960128,9/26/12,Senator Debbie Stabenow,Re an 1-601 AAO appeal.,,,,,,,,,,,
2256,957788,9/4/12,Senator Jon Tester,"Encourages the Department to create, a Whistleblower Ombudsperson position within the Office of Inspector. General.",,,,,,,,,,,
2257,960405,9/27/12,"Congressman William ""Mac"" Thornberry",Write on behalf of constituent who requests potential opportunities to compete for contracts or develop business with the Department.,,,,,,,,,,,
2258,,,,,,,,,,,,,,,
2259,958263,9/10/12,Congressman Niki Tsongas,"Support for citizenship grant application submitted by the Lawrence Family Development and Education Fund, Inc.",,,,,,,,,,,
2260,959109,9/20/12,Congressman Michael R. Turner,Requests information regarding veteran preference points when applying to jobs.,,,,,,,,,,,
2261,958051,9/7/12,Congressman Nydia M. Velazquez,Re status of 1-485 cases.,,,,,,,,,,,
2262,957892,9/5/12,Senator David Vitter,Writes on behalf of his constituent tb)(6(    regarding his difficulty to obtain a TWIC card.,,,,,,,,,,,
2263,960620,9/27/12,Senator David Vitter,"Writes on behalf of constituent, who is having difficulty finding information on how to apply for any pontential contract service opportunities that may be available.",,,,,,,,,,,
2264,,,,,,,,,,,,,,,
2265,960581,9/27/12,Senator Mark R. Warner,Writes concerning a constitutent contacting him regarding comments made on a website and an investigation of himself that followed. The constituent writes to express concern about his civil rights being violated.,,,,,,,,,,,
2266,959120,9/20/12,Congressman Lynn A. Westmoreland,Writes on behalf of constituent requesting designation as an approved EB-5 Regional Center.,,,,,,,,,,,
2267,958046,9/7/12,Congressman Robert Wittman,Constituent filed Form N-400 and N-336 for citizenship,,,,,,,,,,,
2268,959397,9/24/12,Congressman Robert Wittman,Fiance wants to check the status of his finacee's case,,,,,,,,,,,
2269,959087,9/20/12,"Congressman Robert J, Wittman",Writes on behalf of constituent regarding contract issues with USCIS.,,,,,,,,,,,
2270,959086,9/20/12,Congressman Frank R. Wolf,"Writes on behalf of his constituent,    | regarding his concerns about the recent purchase of large quantities of ammunition.",,,,,,,,,,,
2271,959105,,Congressman Frank R. Wolf,,,,,,,,,,,,
2272,,,,,,,,,,,,,,,
2273,960129,9/26/12,Congressman Frank R. Wolf,Re 1-765,,,,,,,,,,,
2274,958376,9/11/12,Senator Ron Wyden,Express concerns about imports of products that violate property rights of Xerox Corporation's solid ink.,,,,,,,,,,,
2275,958835,9/18/12,Senator Ron Wyden,Supports the Gresham Fire Department's application for funding under the Staffing for Adequate Fire & Emergency Response program.,,,,,,,,,,,
2276,,,,,,,,,,,,,,,
2277,,,,,,,,,,,,,,,
2278,,,,,,,,,,,,,,,
2279,WF#,Receive Date,Congressman Name,Subject of Request,,,,,,,,,,,
2280,960829,10/1/12,Congressman Gary L. Ackerman,Re status of an 1-730 case.,,,,,,,,,,,
2281,961697,10/5/12,Congressman Gary L. Ackerman,Re several 1-730 cases.,,,,,,,,,,,
2282,962329,10/15/12,Congressman Gary L. Ackerman,ther filed for his daughter Form 1-730,,,,,,,,,,,
2283,963261,10/23/12,Congressman Gary L. Ackerman,Status inquiry,,,,,,,,,,,
2284,960925,10/1/12,Congressman Robert B. Aderholt,Expedited request for an 1-601 waiver.,,,,,,,,,,,
2285,961652,10/5/12,Congressman Robert B. Aderholt,"Write to extend condolences to the family, friends, and colleagues of Border Patrol Agent Nicholas J. Ivie who was killed in a fatal shooting on October 2.",,,,,,,,,,,
2286,,,,,,,,,,,,,,,
2287,,,,,,,,,,,,,,,
2288,963224,10/23/12,Congressman Robert B. Aderholt,k reauestinjj an expedite of the I-601 waiver filed on behalf of her husband.,,,,,,,,,,,
2289,963146,10/22/12,Congressman Daniel K. Akaka,Constituent trying to get B1/B2 visa,,,,,,,,,,,
2290,962044,10/11/12,Senator Kelly Ayotte,"Follows up on behalf of her constituent, (l3'(6t    (regarding an incident report that was filed against him while visiting the USCIS offiee in Bedford. NH.",,,,,,,,,,,
2291,962452,10/16/12,Congressman Joe L. Barton,Writes on behalf of constituent who questions funding for new radio systems involving public safety.,,,,,,,,,,,
2292,961983,10/10/12,Congressman Gus M. Bilirakis,"Writes on behalf of his constituent, {b)(6> (b}(S)    -egarding his supervisor's abusive administrative practices.",,,,,,,,,,,
2293,961934,10/10/12,Congressman JelT Bingaman,Husband trying to obtain green card for his wife,,,,,,,,,,,
2294,,,,,,,,,,,,,,,
2295,,,,,,,,,,,,,,,
2296,962204,10/12/12,Congressman Roy Blunl,Re the status of    1-730 cases.,,,,,,,,,,,
2297,961742,10/5/12,Congressman Robert A. Brady,Supports EB-5 application submitted by Lion's Regional Center LLC in Philadelphia.,,,,,,,,,,,
2298,960816,10/1/12,Congressman Paul Broun,Husband applied for humanitarian parole for his wife,,,,,,,,,,,
2299,962783,10/18/12,Congressman Scott P. Brown,Re a refugee case. (1-730),,,,,,,,,,,
2300,963392,10/24/12,Congressman Scott P. Brown,Form 1601 case,,,,,,,,,,,
2301,963625,10/26/12,Congressman Larry Bucshon,Re status on an 1-130 petition.,,,,,,,,,,,
2302,,,,,,,,,,,,,,,
2303,961880,10/9/12,Congressman Shelley Moore Capito,"Writes on behalf of constituent,    who is reporting US-VISIT identity service branch chief, Barbara LeMaster, for failing to provide governmental oversight in the areas of inherently Government and Critical Functions.",,,,,,,,,,,
2304,963136,10/22/12,Congressman Shelley Moore Capito,"Writes on behalf of her constituent regarding the proposed pay cuts for the Contract Guards at the IRS facility in Keameysville, WV.",,,,,,,,,,,
2305,963695,10/26/12,Congressman Shelley Moore Capito,"Writes on behalf of constituent regarding the proposed pay cuts for the Ctract Guards at the [RS facility in Keameysville, WV.",,,,,,,,,,,
2306,961060,10/2/12,Senator Benjamin L. Cardin,"Writes on behalf of constituent,<b,(6'    kvho is inquiring if the Department's Patriot Act mandates personal guarantees on credit card transactions so the Government can track terrorists and money laundering.",,,,,,,,,,,
2307,,,,,,,,,,,,,,,
2308,963857,10/26/12,Senator Benjamin L. Cardin,Writes on behalf of constituentj(b)(6> Director of Advocacy for the American Jewish World Service (AJWS). regarding the refugee resettlement of (bvei,,,,,,,,,,,
2309,963642,10/26/12,Congressman Bill Cassidy,Writes regarding appeals from Livington Parish for FEMA funding that have been denied.,,,,,,,,,,,
2310,963426,10/25/12,Senator Saxby Chambliss,Re an 1-730 case.,,,,,,,,,,,
2311,960983,10/2/12,Congressman Donna M. Christensen,Requests assistance tracking mailed Green Card,,,,,,,,,,,
2312,962352,10/15/12,Senator Daniel Coats,Writes on behalf of his constituent^5-regarding (b-6>    Top Secret Clearance revocation.,,,,,,,,,,,
2313,961740,10/9/12,Senator Tom A. Cobum,Requests status of EB-5 application for GiANT Capital.,,,,,,,,,,,
2314,962000,10/10/12,Senator Susan M. Collins,"Requests information on employee awards, award policy, overtime, and overtime policy of the Department.",,,,,,,,,,,
2315,,,,,,,,,,,,,,,
2316,962722,10/17/12,Congressman John Conyers,Write with follow-up on FY 13 Refugee Admissions Program consultation.,,,,,,,,,,,
2317,962161,10/11/12,Senator Bob Corker,Constituent filed Form T-601,,,,,,,,,,,
2318,962354,10/15/12,Senator Michael D. Crapo,"Wife filed Form 1-601 for her husband, wants status",,,,,,,,,,,
2319,963538,10/26/12,Senator Michael D. Crapo,Re status of I-129F visa.,,,,,,,,,,,
2320,963282,10/24/12,Congressman Joseph Crowley,Re several 1-730 cases.,,,,,,,,,,,
2321,961602,10/5/12,Congressman Jim DeMint,"Writes on behalf of his constituent, regarding his request for a harship transfer to Charlotte Field Office.",,,,,,,,,,,
2322,960924,10/1/12,Congressman Ana Diaz,none,,,,,,,,,,,
2323,,,,,,,,,,,,,,,
2324,961754,10/9/12,Congressman Donna F. Edwards,Writes on behalf of constituent who requests a meeting with DHS management regarding a contracting matter.,,,,,,,,,,,
2325,961929,10/10/12,Congressman Anna Eshoo,Constituent was denied Form 1-129. now seeking Hl B petition,,,,,,,,,,,
2326,961923,9/28/12,Congressman Eni Faleomavaega,Requests that ICE reconsider    '    | application and allow him to return to the United States.,,,,,,,,,,,
2327,962418,10/15/12,Senator Dianne Feinstein,Urges the Secretary to support the creation of an Office of Agriculture Inspection within Customs and Border Protection.,,,,,,,,,,,
2328,961508,10/4/12,Congressman Bob Filner,Request DHS and GSA coordinate a joint briefing to update local elected officals and community leaders on the status of the construction on the San Ysidro Land Port-of-Entry modernization project.,,,,,,,,,,,
2329,,,,,,,,,,,,,,,
2330,961300,10/3/12,Congressman Charles Fleischman,Writes regarding an Assistance to Firefighters Grant for the Dallas Bay Volunteer Fire Department.,,,,,,,,,,,
2331,962953,10/19/12,"Congressman Charles J. ""Chuck"" Fleischmann",Supports the application submitted by the Soddy-Daisy Fire Department for funding under the Staffing for Adequate Fire and Emergency Response Grant Program.,,,,,,,,,,,
2332,962742,10/17/12,Congressman Chris Gibson,Re status on the following 1-290/1-601/1-212 applications.,,,,,,,,,,,
2333,963522,10/25/12,"Congressman Robert W, Goodlatte",Re: |(bK6>    Iregarding the concents that she has expressed about the differences in processing times for 1-130 petitions.,,,,,,,,,,,
2334,961942,10/10/12,Congressman Paul Gosar,Husband filed Form 1-765 for his wife,,,,,,,,,,,
2335,962180,10/11/12,Congressman Paul Gosar,Constituent would like to know if there is anyway to expedite the process,,,,,,,,,,,
2336,,,,,,,,,,,,,,,
2337,963184,10/23/12,Senator Lindsey 0. Graham,"Constituent got his status along with his wife and younger son, while his older son has not gotten his status",,,,,,,,,,,
2338,961100,10/2/12,Senator Charles E. Grassley,Requests information regarding Deferred Action for Childhood Arrivals (DACA) program.,,,,,,,,,,,
2339,961642,10/5/12,Senator Charles E. Grassley,Request information regarding the Deferred Action for Childhood Arrivals (DACA) directive.,,,,,,,,,,,
2340,963332,10/24/12,Congressman Michael Grimm,Wife filed Form 1131 for her husband,,,,,,,,,,,
2341,963225,10/23/12,Congressman Janice Hahn,Constituent needs assist with her Form 1694,,,,,,,,,,,
2342,962753,10/18/12,Senator Tom Harkin,Re an 1-601 case.,,,,,,,,,,,
2343,962228,10/12/12,Congressman Vicky Hartzler,Constituent wishes to have her daughter visit her,,,,,,,,,,,
2344,,,,,,,,,,,,,,,
2345,961623,10/5/12,Congressman Alcee L. Hastings,Urges the creation of a Haitian Family Reunification Parole Program.,,,,,,,,,,,
2346,960805,10/1/12,Congressman Martin Heinrich,Wife trying get permanent citizenship,,,,,,,,,,,
2347,963191,10/23/12,Congressman Martin Heinrich,Re an 1-601/CD J case.,,,,,,,,,,,
2348,961601,10/5/12,Congressman Kate Higgins-Bloom,Request for all Component Exec Secs to gather data on Congressional correspondence addressed directly to components and submit to OLA.,,,,,,,,,,,
2349,963569,10/26/12,Congressman Mazie K. Hirono,Writes on behalf of her constituent inquiring about the ability for DHS to redact a public bid to purchase ammunition.,,,,,,,,,,,
2350,963323,10/24/12,Congressman Kathy Hochul,Constituent's wife filed for Form 1-130 approval pending,,,,,,,,,,,
2351,963362,10/24/12,Congressman Kathy Hochul,Status of his Form 1130,,,,,,,,,,,
2352,,,,,,,,,,,,,,,
2353,963061,10/22/12,Congressman Chris Van Hollen,Writes on behalf of a constituent regarding pending security clearance.,,,,,,,,,,,
2354,961348,10/3/12,Congressman Steny H. Hoyer,H<b)<s)    (vrites wanting to know why he and other people with various criminal background are being denied entry to White House events.,,,,,,,,,,,
2355,962502,10/16/12,Congressman Steny H. Hoyer,Writes on behalf of a consituent who believes that DHS employees are following him.,,,,,,,,,,,
2356,962283,10/12/12,Congressman Randy Hultgren,"Writes on behalf of his constituentf 13,(61    | regarding a business equipment from China that is being held by Customs.",,,,,,,,,,,
2357,960834,10/1/12,Congressman Kay Bailey Hutchison,"Writes in support of the City of McKinney, TX Staffing for Adequate Fire and Emergency Response (SAFER) Grant application.",,,,,,,,,,,
2358,962021,10/10/12,Senator Ron Johnson,Requests information regarding the USSS incident in Cartegena.,,,,,,,,,,,
2359,,,,,,,,,,,,,,,
2360,961866,10/10/12,Congressman Peter T. King,Requests that DHS refrain from implementing portions of the National Preparedness Grant Program proposed in the President's Fiscal Year 2013 budget request.,,,,,,,,,,,
2361,962063,10/11/12,Congressman Peter T. King,Writes on behalf of his constituent I'0-1'6'1    | W1 |who reqUests an explanation of why she's being investigated by DHS for mailing seeds.,,,,,,,,,,,
2362,963968,10/31/12,Congressman Steve King,Re status on an 1-601 waiver,,,,,,,,,,,
2363,961869,10/10/12,Senator Mark Kirk,"Writes on behalf of his constituent(b,(6) regarding the availability and access of his social security number at work.",,,,,,,,,,,
2364,962142,10/11/12,Senator Amy Klobuchar,Writes on behalf of his constituent who protests the new standards for TSA's officer recertification test.,,,,,,,,,,,
2365,,,,,,,,,,,,,,,
2366,962680,10/17/12,Senator Amy Klobuchar,"Writes on behalf of her constituent, <bX*3) (b)(6l    [regarding difficulties he has while flying to and from the United States.",,,,,,,,,,,
2367,962645,10/17/12,Senator Amy Klobuchar,"Writes on behalf of her constituent, W) regarding his recent Notice of Failure to Re-Certify and Proposal Removal.",,,,,,,,,,,
2368,963062,10/22/12,Senator Amy Klobuchar,Writes on behalf of her constituent!^0)    1 regarding why his name was flagged and why he wasn't allowed to escort his mother past the checking point at the airport.,,,,,,,,,,,
2369,963629,10/26/12,Senator Amy Klobuchar,Writes on behalf of a constituent who requests to be allowed on an airplane with her wheelchair.,,,,,,,,,,,
2370,960831,10/1/12,Senator Frank R. Lautenberg,Senator Lautenberg supports New York Tri-State Regional Center in New Jersey,,,,,,,,,,,
2371,962322,10/12/12,Senator Frank R. Lautenberg,"Writes on behalf on his constituent, regarding alleged racial profiling at the airport.",,,,,,,,,,,
2372,,,,,,,,,,,,,,,
2373,962074,10/11/12,Congressman Sheila Jackson Lee,Writes to thank DHS employees for their participation in the Congressional Black Caucus Foundation's 42nd Annual Legislative Conference.,,,,,,,,,,,
2374,962950,10/19/12,Senator Carl Levin,Requests a detailed report of the specfic actions CBP is undertaking to protect the public from counterfeit auto parts.,,,,,,,,,,,
2375,962818,10/18/12,Congressman John Lewis,Supports application submitted by Fulton County for funding under the Staffing for Adequate Fire and Emergency Response Grant Program.,,,,,,,,,,,
2376,962480,10/16/12,Congressman Zoe Lofgren,"Requests information regarding the Department's seizure of domain names under Operation ""In Our Sites"" due to complaints they've received from several websites in addition to press accounts.",,,,,,,,,,,
2377,963572,10/26/12,Congressman Mary Bono Mack,Husband wants wife back in the United States as well their daughter,,,,,,,,,,,
2378,961885,10/10/12,Senator John McCain,Writes on behalf of constituent requesting response on recent incoming letter regarding concerns with immigration penalty fees on businesses.,,,,,,,,,,,
2379,,,,,,,,,,,,,,,
2380,,,,,,,,,,,,,,,
2381,961963,10/10/12,Senator John McCain,Constituent filed a EEO compliant,,,,,,,,,,,
2382,963322,10/24/12,Senator Claire McCaskill,Writes on behalf of a constituent regarding the constituent’s allegations of abuse and mismanagement within his office.,,,,,,,,,,,
2383,963334,10/24/12,Congressman Michael McCaul,"Writes regarding the Formula I race in Austin, TX which he believes should be designated as a National Special Security Event.",,,,,,,,,,,
2384,963349,10/24/12,Congressman Jim McDermott,"Writes on behalf of his constituent, regarding serious concerns with commercial diver safety.",,,,,,,,,,,
2385,962100,10/11/12,Congressman Mike McIntyre,Requests that her husband be denied entry into the U.S. becuase of her concerns regarding the safety of her family.,,,,,,,,,,,
2386,963189,10/23/12,Senator Robert Menendez,Copy of DHS TRIP,,,,,,,,,,,
2387,,,,,,,,,,,,,,,
2388,962162,10/11/12,Senator Barbara A. Mikulski,Senator Mikulski writes to request information to respond to constituent regarding his separation from DHS-OIG for lack of suitability for federal service.,,,,,,,,,,,
2389,961870,10/10/12,Congressman Gary G. Miller,"Writes on behalf of his constituent, regarding passport information for a missing person.",,,,,,,,,,,
2390,962749,10/17/12,Senator Jerry Moran,Form L601 waiver,,,,,,,,,,,
2391,963942,10/31/12,Senator Lisa Murkowski,Re an 1-601 waiver.,,,,,,,,,,,
2392,961984,10/10/12,Senator Bill Nelson,Naturalization papers for Constituent so she can gel Florida ID,,,,,,,,,,,
2393,961081,1O/2/2OI2,Congressman Richard B. Nugent,Writes regarding the recent procurement of ammunition by DHS.,,,,,,,,,,,
2394,,,,,,,,,,,,,,,
2395,962315,10/12/12,Congressman Frank Pallone,"Writes on behalf of constituent, (bK6)    pho experienced difficulty al TSA checkpoint in Newark Liberty International Airport on September 19, 2012,",,,,,,,,,,,
2396,962453,10/10/12,Congressman Nelson Peacock,"GAO-12-741, COAST GUARD: Legacy Vessels' Declining Conditions Reinforce Need for More Realistic Performance Targets.",,,,,,,,,,,
2397,962602,10/10/12,Congressman Nelson Peacock,"GAO-12-572, STUDENT AND EXCHANGE VISITOR PROGRAM: DHS Needs to Assess Risks and Strengths of Oversight Functions",,,,,,,,,,,
2398,962738,10/17/12,Congressman Todd Russell Platts,-egarding the status of her appeal. (I- 290B.),,,,,,,,,,,
2399,962846,10/18/12,Congressman Ted Poe,"Requests information about CBP agents and the weapon policies and procedures they follow,",,,,,,,,,,,
2400,962131,10/11/12,Congressman Jim Renacci,Status of case,,,,,,,,,,,
2401,962768,10/17/12,Congressman Jim Renacci,Inquiry on case which is work visa,,,,,,,,,,,
2402,,,,,,,,,,,,,,,
2403,,,,,,,,,,,,,,,
2404,962755,10/18/12,Senator John D. Rockefeller,Writes to thank S1 for issuing a major disaster declaration for the State on WV and the decision to declare four counties eligible for individual assistance. Requests consideration that 20 additional counties be considered for the same assistance due to the devasation of the storms in June and July 2012.,,,,,,,,,,,
2405,963221,10/23/12,Congressman Todd Rokita,Re: A request for Special Immigrant visa.,,,,,,,,,,,
2406,963081,10/22/12,Congressman Dennis Ross,"Writes to request assistance for a constituent with a ""Date of Need of 11/1/12"". Constituent is having problems with H2A processing.",,,,,,,,,,,
2407,960865,10/1/12,Senator Marco Rubio,ICE transfer case regardig fraud of attorney,,,,,,,,,,,
2408,963987,10/31/12,Congressman Janice D. Schakowsky,Re an I-290B.,,,,,,,,,,,
2409,,,,,,,,,,,,,,,
2410,962744,10/17/12,Congressman Nilcee Schneider,Writes on behalf of her constituent ff’HS)    regarding her DHS Redress issues that haven't been answered.,,,,,,,,,,,
2411,960883,10/1/12,Senator Charles E. Schumer,Writes regarding high levels of counterfeiting in China that continue to erode the competitiveness of U.S. manufacturers and their workers.,,,,,,,,,,,
2412,962430,10/15/12,Senator Charles E. Schumer,Write in support of application submitted by the Port Crane Volunteer Fire Company for funding under the Assistance to Firelighters Grant Program.,,,,,,,,,,,
2413,962433,10/15/12,Senator Charles E. Schumer,Write in support of application submitted by the City of Albany Fire Department for funding under the Assitance to Firefighters Grant Program.,,,,,,,,,,,
2414,962543,10/16/12,Senator Charles E. Schumer,Writes iu support of application submitted by the Beacon Volunteer Ambulance Coip for funding under the Assistance to Firefighters Grant Program.,,,,,,,,,,,
2415,,,,,,,,,,,,,,,
2416,962545,10/16/12,Senator Charles E. Schumer,Writes in support of application submitted by the Ogdensburg Volunteer Rescue Squad for funding under the Assistance to Firefighters Grant Program.,,,,,,,,,,,
2417,962560,10/16/12,Senator Charles E. Schumer,Supports the application submitted by the Medway-Grapeville Fire District for funding under the Assistance to Firefighters Grant Program.,,,,,,,,,,,
2418,962546,10/16/12,Senator Charles E. Schumer,Supports the application submitted by the Apalachin Fire District for funding under the Assistance to Firefighters Grant Program.,,,,,,,,,,,
2419,962565,10/16/12,Senator Charles E. Schumer,Supports the application submitted by the Kirkville Fire District for funding under the Assistance to Firefighters Grant Program.,,,,,,,,,,,
2420,962554,10/16/12,Senator Charles E. Schumer,Supports the application submitted by the City of Newburgh Fire Department for funding under the Assistance to Firefighters Grant Program.,,,,,,,,,,,
2421,962582,10/16/12,Senator Charles E. Schumer,Write in support of application submitted by the Chevra Hatzalah for funding under the Assistance to Firefighters Grant Program.,,,,,,,,,,,
2422,,,,,,,,,,,,,,,
2423,,,,,,,,,,,,,,,
2424,962583,10/16/12,Senator Charles E. Schumer,Supports the application submitted by Catskills Hatzalah for funding under the Assistance to Firefighters Grant Program.,,,,,,,,,,,
2425,962831,10/18/12,Senator Charles E. Schumer,Writes in support of the New York City Fire Departments funding request under the Assistance to Firefighters Grant Program.,,,,,,,,,,,
2426,963945,10/31/12,Senator Charles E. Schumer,Writes in support of the applications submitted by the Holbrook Fire District for funding under the Assistance to Firefighters Grant Program.,,,,,,,,,,,
2427,963335,10/24/12,Congressman Austin Scott,Constituent wants answer to her inquiry,,,,,,,,,,,
2428,963358,10/24/12,Congressman Robert C. Scott,Request for follow-up,,,,,,,,,,,
2429,963896,10/26/12,Congressman Jim Sensenbrenner,"Concerns regarding the EB-5 program, specifically delays in processing the 1-526 form filed by RCI FirstPathway Investment Fund, LLC, related to the financing of the University of Wisconsin-Milwaukee's Cambridge Commons dormitory project.",,,,,,,,,,,
2430,,,,,,,,,,,,,,,
2431,,,,,,,,,,,,,,,
2432,960808,10/1/12,Congressman Pete Sessions,"Re status of an 1-601 waiver,",,,,,,,,,,,
2433,962309,10/12/12,Senator Jeanne Shaheen,Writes to request support of the Newington Fire Department's application for funding from the Staffing for Adequate Fire and Emergency Response (SAFER) grant program.,,,,,,,,,,,
2434,962762,10/17/12,Congressman Bill Shuster,"Writes on behalf of constituent, (W(6)    | regarding his expired HAZMAT on his driver's license.",,,,,,,,,,,
2435,962209,10/12/12,Congressman Michael K. Simpson,Husband wants to he united with wife,,,,,,,,,,,
2436,960881,10/1/12,Congressman Adrian Smith,Re aTourist visa - B2-visa.,,,,,,,,,,,
2437,961223,10/1/12,Congressman Lamar Smith,Follow-up to 9/14/12 letter requesting copies of completed DACA files.,,,,,,,,,,,
2438,961853,10/10/12,Congressman Lamar Smith,Third request for completed DACA files.,,,,,,,,,,,
2439,,,,,,,,,,,,,,,
2440,961290,10/3/12,Congressman Olympia J. Snowe,Writes on behalf of her constituent(b)t6),,,,,,,,,,,
2441,,,,who raises serious questions about USCG leadership following a fatal helicopter crash.,,,,,,,,,,,
2442,961755,10/9/12,Congressman Bennie G. Thompson,"Representative Bennie Thompson request that DHS FEMA address deficiencies noted by the National Academy of Public Administration (NAPA) identified in the Redundancy Elimination and Enhanced Performance for Preparedness Grants Act (REEPG) report issued on August 20, 2012.",,,,,,,,,,,
2443,962081,10/11/12,Congressman Bennie G. Thompson,Nominates    for consideration to the National Security Telecommunications Advisory Committee.,,,,,,,,,,,
2444,963992,10/31/12,Congressman Bennie G. Thompson,Seeks clarification regarding the Department's security clearance review and revocation process.,,,,,,,,,,,
2445,963263,10/23/12,,Not completed,,,,,,,,,,,
2446,,,,,,,,,,,,,,,
2447,,,,,,,,,,,,,,,
2448,961855,10/10/12,Congressman Fred Upton,Writes on behalf of constituent requesting date of birth change with social security in order to gain a drivers license.,,,,,,,,,,,
2449,960904,10/1/12,Congressman Nydia M. Velazquez,Re status of pending applications. (1-485),,,,,,,,,,,
2450,960804,10/1/12,Congressman Peter J. Visclosky,(bllcn    ras expressed concerns regarding her inability to have the fee waived for her N-565 application.,,,,,,,,,,,
2451,961946,10/9/12,Congressman Peter J. Visclosky,Re a pending I-290B application.,,,,,,,,,,,
2452,962734,10/17/12,"Congressman Peter J, Visclosky","Re: Proof of citizenship, (N-565)",,,,,,,,,,,
2453,963211,10/23/12,Congressman Peter J. Visclosky,Constituent is getting wrong information in regarding to his wife's file,,,,,,,,,,,
2454,961062,10/1/12,Senator Mark R. Warner,"Writes on behalf of his constituents, (b'i6' and    I regarding their concern over inlaws moving money between the U.S. and Pakistan.",,,,,,,,,,,
2455,,,,,,,,,,,,,,,
2456,962242,10/12/12,Senator Mark R. Warner,Husband accuses wife of marriage fraud,,,,,,,,,,,
2457,962644,10/17/12,Senator Mark R. Warner,Writes on behalf of constituent who express concerns with EB 1C (Employment-based first preference category).,,,,,,,,,,,
2458,962720,10/17/12,Senator Mark R. Warner,Re Fraud case/I-589,,,,,,,,,,,
2459,961327,10/3/12,Congressman Debbie Wasserman-Schultz,Follows up on her phone call with the Secretary regarding customs staffing issues at the Miami International Airport and invites the Secretary to visit the new North Terminal.,,,,,,,,,,,
2460,963284,10/23/12,Congressman Henry Waxman,Writes on behalf of his constituent who requests that a man involved in his son's death be deported as soon as his prison sentence ends.,,,,,,,,,,,
2461,961580,10/5/12,Congressman Jim Webb,Writes regarding his concerns that duties are not being paid on imports of wooden bedroom furniture from China.,,,,,,,,,,,
2462,,,,,,,,,,,,,,,
2463,963041,10/22/12,Congressman Allen West,"Writes on behalf of his constituent,(bJ,6) regarding his difficulty relating to motorized scooters and their ability to conceal items going thorugh checkpoints in airports.",,,,,,,,,,,
2464,963080,10/22/12,Senator Sheldon Whitehouse,Writes on behalf of his constituent regarding whyP’iei    |was denied employment with CBP.,,,,,,,,,,,
2465,962324,10/12/12,Congressman Frank R. Wolf,"Writes oil behalf of his constituent, regarding her non-law enforcement status under the CBP Enhanced Retirement Coverage.",,,,,,,,,,,
2466,962747,10/17/12,Congressman Frank R. Wolf,Re an I-601/i-209B case.,,,,,,,,,,,
2467,962805,10/18/12,Congressman Frank R. Wolf,Re: |(bX6)    regarding their concern about a pattern of immigration Baud.,,,,,,,,,,,
2468,963205,10/23/12,Congressman Frank R. Wolf,Constituent shares his concern about difficulities of skilled immigrants,,,,,,,,,,,
2469,,,,,,,,,,,,,,,
2470,,,,,,,,,,,,,,,
2471,,,,,,,,,,,,,,,
2472,WF#,Receive Date,Congressman Name,Subject of Request,,,,,,,,,,,
2473,964314,11/5/12,Congressman Gary L. Ackerman,Father filed for his daughter Form 1-730 and Form I-485,,,,,,,,,,,
2474,966882,11/30/12,Congressman Gary L. Ackerman,Re several 1-730 petitions.,,,,,,,,,,,
2475,965268,11/14/12,Congressman Rodney Alexander,Writes concerning a constituent who is expressing concerning about river bank erosion project that money was allocated four years ago for and no one seems to know or care when to expect payment.,,,,,,,,,,,
2476,965511,11/15/12,Congressman Ron Barber,Re status of an I-290B case.,,,,,,,,,,,
2477,965589,11/16/12,Congressman Ron Barber,Writes on behalf a constituent who requests assistance with incorrect information concerning his stay in the U.S. in 1997.,,,,,,,,,,,
2478,,,,,,,,,,,,,,,
2479,966867,11/30/12,Congressman Lou Barletta,Writes on behalf of his constituent regarding the status of his background investigation from Homeland Security Investigations.,,,,,,,,,,,
2480,966516,11/28/12,Congressman Jaime Herrera Beutler,Department of State referral.,,,,,,,,,,,
2481,965411,11/15/12,Congressman Gus M. Bilirakis,"Writes on behalf of his constituents, |(t'XQi    |regarding concerns of being discriminated against by CBP.",,,,,,,,,,,
2482,966788,11/29/12,Senator Richard Blumenthal,Thanks the Secretary for visiting Connecticut after Hurricane Sandy.,,,,,,,,,,,
2483,965938,1 1/20/2012,Congressman Dan Boren,Wife filed Form 1 601 for husband,,,,,,,,,,,
2484,965188,11/13/12,Congressman Scott P. Brown,Status of case,,,,,,,,,,,
2485,966039,11/21/12,Congressman Scott P. Brown,Constituents want to have an investigation of treatment received by ICE,,,,,,,,,,,
2486,,,,,,,,,,,,,,,
2487,,,,,,,,,,,,,,,
2488,966691,11/29/12,Congressman Scott P. Brown,Re status of an 1-131 on behalf of (h^0J,,,,,,,,,,,
2489,965342,11/15/12,Congressman Dan Burton,Writes on behalf of constituent requesting assistance with immigration case.,,,,,,,,,,,
2490,966811,11/29/12,Senator Saxby Chambliss,Writes on behalf of a constituent seeking a biweekly pay cap waiver for working the Republican and Democratic conventions.,,,,,,,,,,,
2491,965191,11/13/12,Congressman William Lacy Clay,Constitution wants to unite the family of dead brother in the United States,,,,,,,,,,,
2492,965402,11/15/12,Senator Tom A. Cobum,Requests clarification about the spending on ammunition purchases for each component.,,,,,,,,,,,
2493,966613,,Congressman Tom Cole,,,,,,,,,,,,
2494,964387,11/5/12,Congressman Kent Conrad,Vacancy at the Fargo Application Center causing a large backlog,,,,,,,,,,,
2495,,,,,,,,,,,,,,,
2496,964307,11/5/12,Congressman Joseph Crowley,Father filed Form 1-730 for his daughter,,,,,,,,,,,
2497,964448,11/6/12,Congressman Jim DeMint,Writes on behalf of constituent regarding a FOIA request.,,,,,,,,,,,
2498,964353,11/5/12,Congressman Mario Diaz-Balart,Requests the deportation of a Cuban national with connections to Fidel Castro and an explanation as to why a convicted Cuban spy was allowed to travel to Washington D.C.,,,,,,,,,,,
2499,966412,11/27/12,Senator Richard J. Durbin,"Request reconsideration of denial of assistance to Henderson County, Illinois.",,,,,,,,,,,
2500,966967,11/30/12,Senator Richard J. Durbin,Employment with USCIS,,,,,,,,,,,
2501,965663,11/16/12,Senator Dianne Feinstein,Writes on the behalf of constituent regarding being removed from watch list.,,,,,,,,,,,
2502,965893,11/19/12,Congressman John Fleming,"Writes on behalf of constituent, iC7(6'    |who has been waiting for his TWIC card and would like it to be expedited.",,,,,,,,,,,
2503,965913,11/20/12,Congressman Bill Flores,Husband filed for his wife Form [-601,,,,,,,,,,,
2504,,,,,,,,,,,,,,,
2505,,,,,,,,,,,,,,,
2506,965476,11/15/12,Congressman Ivan K. Fong,Incoming Rep. Posey to GC Regarding OGC Activity (10/25/12),,,,,,,,,,,
2507,964503,11/6/12,Congressman Barney Frank,Status of case,,,,,,,,,,,
2508,964716,11/8/12,Congressman David Gibbons,Request a point of contact for budget and accounting personnel.,,,,,,,,,,,
2509,964913,11/9/12,Senator Kirsten E. Gillibrand,Labor Certificate for employee,,,,,,,,,,,
2510,966036,11/21/12,Congressman Robert W. Goodlatte,Congressman Goodlatte has requested for the Secret Service to elaborate further about the power exercised by President Obama to authorize Secret Service protection for his staff members and who has been and is currently covered under these directives.,,,,,,,,,,,
2511,965784,11/19/12,Congressman Morgan Griffith,Constitution filed N-336 for himself,,,,,,,,,,,
2512,,,,,,,,,,,,,,,
2513,966369,11/27/12,Congressman Raul M. Grijalva,Urges the Secretary to push the Federal Energy Regulatory Commission (FERCj to consider alternatives for a 60-mile natural gas pipeline that would pass through Altar Valley in Arizona.,,,,,,,,,,,
2514,966368,11/27/12,Congressman Janice Hahn,Writes to applaud the vigilance of the officers involved in seizing 359 stolen copper ingots worth $1.25 million headed to China.,,,,,,,,,,,
2515,965883,11/19/12,Congressman Doc Hastings,Re status of a case. (1-730),,,,,,,,,,,
2516,966496,11/28/12,Congressman Doc Hastings,"Re an 1-601 waiver,",,,,,,,,,,,
2517,964543,11/6/12,Congressman Martin Heinrich,Regarding her son's travel to the United States. (1-90). Department of State referal.,,,,,,,,,,,
2518,964203,11/2/12,Congressman Brian Higgins,Re an I-129F/K1 visa.,,,,,,,,,,,
2519,,,,,,,,,,,,,,,
2520,966008,11/20/12,Congressman Ruben Hinojosa,Writes on behalf of his constituent who claims he has been demoted and has been the subject of discrimination after being accused of sexual assault.,,,,,,,,,,,
2521,964028,11/1/12,Congressman Steny H. Hoyer,Writes on behalf of a constituent regarding remote sensing systems at maritime ports.,,,,,,,,,,,
2522,965662,11/16/12,Congressman Robert Hurt,Writes on behalf of constituent who requests immigration assistance for her father.,,,,,,,,,,,
2523,966017,11/21/12,Senator Janies M. Inhofe,Supports the proposal submitted by Tactical Electronics and Military Supply for the Robotic Aircraft for Public Safety project.,,,,,,,,,,,
2524,964100,11/1/12,Congressman Steve Israel,"Requests FEMA to work with wireless carriers to deploy additional ""Cell on Wheels"" and ""Cell on Lights"" trucks to Long Island in order to provide phone coverage to constituents affected by Hurricane Sandy.",,,,,,,,,,,
2525,964915,11/9/12,Congressman Darrell Issa,Re an I-290B status.,,,,,,,,,,,
2526,964900,11/9/12,Senator Mike Johanns,Re a Deferred Action-case.,,,,,,,,,,,
2527,,,,,,,,,,,,,,,
2528,,,,,,,,,,,,,,,
2529,964775,11/8/12,Congressman Walter B. Jones,Writes on behalf of constituent regarding denial of grant extension.,,,,,,,,,,,
2530,965659,11/16/12,Congressman Walter B. Jones,Writes on behalf of constituent Mei    wb0 has concerns about law enforcement not investigating or punishing illegal immigrants for crimes reported.,,,,,,,,,,,
2531,965508,11/15/12,Congressman Marcy Kaptur,Writes on behalf of a constituent regarding issues he has been having with Travler Redress Inquiry Program.,,,,,,,,,,,
2532,964131,11/2/12,Congressman William R. Keating,Re Spouses of legal pemianuent residents. (LPRS.),,,,,,,,,,,
2533,964802,1 1/8/2012,Senator John F. Kerry,Requests that documents be provided to Thermo Fisher Scientific to ensure payment for their work with DNDO.,,,,,,,,,,,
2534,965664,11/16/12,Senator John F. Kerry,"Writes on behalf of a constituent regarding the security precautions at Thomas P. O'neil, Jr, Federal Building in Boston.",,,,,,,,,,,
2535,,,,,,,,,,,,,,,
2536,966513,11/28/12,Senator John F. Kerry,Encourages ICE to consider issuing a stay of removal to any individual currently in the U.S. with a Massachuseets drug conviction due to the mishandling of drug evidence at the Hinton Drug Lab.,,,,,,,,,,,
2537,966611,11/28/12,Senator John F. Kerry,Supports Gov. Patrick's request that CBP expand it's hours of operation and Boston Logan International Airport.,,,,,,,,,,,
2538,964457,11/6/12,Congressman Jack Kingston,Writes on behalf of a constituent regarding a bill the constituent received from DHS.,,,,,,,,,,,
2539,965639,11/16/12,Congressman Jack Kingston,Writes on behalf of his constituent regarding a discharge upgrade request.,,,,,,,,,,,
2540,966308,11/27/12,Congressman Jack Kingston,Writes regarding his constituent’s concerns about a hostile workplace.,,,,,,,,,,,
2541,964032,11/1/12,Senator Mark Kirk,Writes on behalf of his constituent iW0)    regarding his administrative leave with the Federal Protective Services.,,,,,,,,,,,
2542,965661,11/16/12,Senator Mark Kirk,Writes on behalf of his constituent regarding cybersecurity issues.,,,,,,,,,,,
2543,,,,,,,,,,,,,,,
2544,966235,11/21/12,Congressman James Lankford,Requests timely consideration of 1-129 petition filed on behalf of    |,,,,,,,,,,,
2545,965844,11/19/12,Congressman Sheila Jackson Lee,Re expedite waiver of an 1-60 L,,,,,,,,,,,
2546,966031,11/21/12,Congressman Joseph I. Lieberman,"Urges DHS to partner with tire City of New Haven, Connecticut to create a new multi-agency firearms training center.",,,,,,,,,,,
2547,964298,11/5/12,Congressman Mary Bono Mack,Privacy release,,,,,,,,,,,
2548,964642,11/8/12,Congressman Kenny Marchant,"Writes in favor of maintaining the 287 (g) partnership between the Department and the city of Fanners Branch, Texas.",,,,,,,,,,,
2549,964690,11/8/12,Congressman Kenny Marchant,"Writes in support of maintaining the 287(g) partnership between the Department and CaiTollton, Texas.",,,,,,,,,,,
2550,964156,11/2/12,Congressman Doris O. Matsui,Re status on [-601 case.,,,,,,,,,,,
2551,,,,,,,,,,,,,,,
2552,964719,11/5/12,Senator John McCain,Constituent    writes regard the President Security Detail,,,,,,,,,,,
2553,966778,11/29/12,Congressman Michael H. Michaud,Writes regarding a sophisticated phone scam that is currently victimizing seniors in Maine,,,,,,,,,,,
2554,965250,11/14/12,Senator Barbara A. Mikulski,"Writes on behalf of a constituent requesting a point of contact to further discuss developing his program, the National Training Institute/Public Safety Academy.",,,,,,,,,,,
2555,965931,11/20/12,Senator Lisa Murkowski,Writes regarding ways of alleviating the burden on applicants in Alaska as they begin to renew their TWIC cards.,,,,,,,,,,,
2556,964319,11/5/12,Senator Bill Nelson,Pending Form 1-601 case in Administrative Appeals,,,,,,,,,,,
2557,964521,11/6/12,Senator Bill Nelson,Re: M6'1    riaim of permanent residency.,,,,,,,,,,,
2558,965283,11/14/12,Congressman Pete Olson,"Writes on behalf of constituentj(b,(6)    (vho was appying for a job but was refused b/c his name came up in a National Criminal History/Terrorist Watch List database.",,,,,,,,,,,
2559,,,,,,,,,,,,,,,
2560,,,,,,,,,,,,,,,
2561,965682,1 1/16/2012,Congressman Ed Perlmutter,"Requests information regarding the termination of the ""Government Information Sharing Framework"" program (GJSF) and asks what each department needs to reinstate the GISF program in order to prevent cyber-attacks.",,,,,,,,,,,
2562,966050,11/21/12,Congressman Todd Russell Platts,Humanitarian Parole for constituent,,,,,,,,,,,
2563,964456,11/6/12,Senator Rob Portman,"Writes on behalf of constituent, who requests an investigation into a complaint against CBP,",,,,,,,,,,,
2564,964760,11/5/12,Congressman Bill Posey,Representative Posey writes wanting a variety of questions answered by the Privacy Office,,,,,,,,,,,
2565,964745,11/5/12,Congressman Bill Posey,Representative Posey would like get a better understanding on how FLETC allocates its resources.,,,,,,,,,,,
2566,,,,,,,,,,,,,,,
2567,964763,11/5/12,Congressman Bill Posey,"Representative Posey would like to get a under standing on how the Bureau of Operations, Coordination and Planning allocates its resources.",,,,,,,,,,,
2568,964773,11/5/12,Congressman Bill Posey,Representative Posey writes wanting a better understanding how the Bureau of Intergovernmental Affairs allocate its resources.,,,,,,,,,,,
2569,965124,11/13/12,Congressman Bill Posey,Requests information regarding the Department's allocation of resources and participation in major activities.,,,,,,,,,,,
2570,966027,11/21/12,Congressman Nick J. Rahall,Constituent wants to renew green card,,,,,,,,,,,
2571,964106,11/1/12,Congressman Jim Renacci,Privacy release for Form 1-765,,,,,,,,,,,
2572,964326,11/5/12,Congressman Michael D. Rogers,Parents took custody of adopted in 2008,,,,,,,,,,,
2573,965190,11/13/12,Congressman Timothy Ryan,Husband filed for his wife a visa,,,,,,,,,,,
2574,,,,,,,,,,,,,,,
2575,964102,11/1/12,Congressman Gregorio Sablan,Requests extension of the current humanitarian parole policy on a case-by-case basis and certain individuals in the Commonwealth of the Northern Mariana Islands.,,,,,,,,,,,
2576,966567,11/28/12,Congressman Janice D. Schakowsky,Requesting status of appeal (I-290B).,,,,,,,,,,,
2577,964761,11/8/12,Senator Charles E. Schumer,Writes on behalf of a constituent regarding the constituent's FOIA request within NPPD.,,,,,,,,,,,
2578,964779,11/8/12,Senator Charles E. Schumer,Supports application submitted by the Rockaway Waterfront Alliance for funding under the FEMA 2012 Community Resilience Innovation Challenge Program.,,,,,,,,,,,
2579,966239,11/26/12,Senator Charles E. Schumer,Supports the application submitted by the Point Breeze Volunteer Fire Department for funding under the Community Resilience Challenge Grant Program.,,,,,,,,,,,
2580,,,,,,,,,,,,,,,
2581,966240,11/26/12,Senator Charles E. Schumer,"Writes SI in support of Phelps Volunteer Fire Departments application for funding under the Assistance to Firefighters Gram Program,",,,,,,,,,,,
2582,966213,11/26/12,Senator Charles E. Schumer,Writes in support of the application submitted by the Sennett Fire Department for funding under the Assistance to Firefighters Grant (AFG) Program.,,,,,,,,,,,
2583,966702,11/29/12,Senator Charles E. Schumer,Supports the application submitted by ihe North Syracuse Volunteer Fire Department for funding under the Assistance to Firefighters Grant Program.,,,,,,,,,,,
2584,965211,11/14/12,Congressman David Scolt,"Writes on behalf of his constituent, Nacoe Dudley, regarding her request to be transferred to the Atlanta Field Office.",,,,,,,,,,,
2585,965201,11/13/12,,Not completed,,,,,,,,,,,
2586,964754,11/8/12,Senator Jeanne Shaheen,Supports the application submitted by Clean Air-Cool Planet for funding under the Community Resilience Innovation Challenge.,,,,,,,,,,,
2587,965992,11/20/12,Congressman Bill Shuster,Status of Case,,,,,,,,,,,
2588,,,,,,,,,,,,,,,
2589,,,,,,,,,,,,,,,
2590,965202,11/13/12,Congressman Cliff Steams,Assisting |<bX6>    Kvith getting her J waiver,,,,,,,,,,,
2591,965300,11/14/12,Congressman John Sullivan,Supports the proposal submitted by Tactical Electronics and Military Supply for the Robotic .Aircraft for Public Safety project.,,,,,,,,,,,
2592,965660,11/16/12,Senator Jon Tester,Requests that construction of NBAF be halted until Congress completes the FY20 I3 appropriations process.,,,,,,,,,,,
2593,965630,11/15/12,Congressman Bennie G. Thompson,Rep Thompson writes expressing the importance of shared Information Technology,,,,,,,,,,,
2594,96586),11/19/12,Congressman Mike Thompson,Writes on behalf of constituent concerning job relocation.,,,,,,,,,,,
2595,965125,11/13/12,Congressman Fred Upton,"Requests additional information on the BioWatch program, as they found the previous response insufficient.",,,,,,,,,,,
2596,,,,,,,,,,,,,,,
2597,964921,11/9/12,Congressman Nydia M. Valezquez,Requests that small business loans and adequate resources such as interpreters and supplies necessary for an efficient clean up after Hurricane Sandy are provided to NY.,,,,,,,,,,,
2598,964090,11/1/12,Congressman Nydia M. Velazquez,Requests assistance from FEMA and Small Business Administration due to Hurricane Sandy damages.,,,,,,,,,,,
2599,965617,11/16/12,Congressman Peter J. Visclosky,Writes on behalf of his constituent regarding his Top Secret security clearance revocation appeal.,,,,,,,,,,,
2600,965882,11/19/12,Congressman Peter J. Visclosky,Writes on behalf of his constituent for further clarification regarding his security clearance with TSA.,,,,,,,,,,,
2601,966729,11/29/12,Congressman Peter J. Visclosky,Writes on behalf of his constituent regarding the constituent's contract with FPS.,,,,,,,,,,,
2602,966514,11/28/12,Senator Mark R. Warner,Re an 1-601 waiver.,,,,,,,,,,,
2603,,,,,,,,,,,,,,,
2604,966520,11/28/12,Senator Mark R. Warner,"Write on behalf of furni ture, producers regarding the current status of all duties that remain uncollected under the anti-dumping duty on imports of wooden bedroom furniture from China.",,,,,,,,,,,
2605,966770,1/11/13,Congressman Henry Waxman,Follow-up fax regarding constituent request for DHS to deport    | (b)(6)    vants to know' what legal limitations prevent USCIS from disclosing the results of our review.,,,,,,,,,,,
2606,965665,11/16/12,Congressman Allen West,Writes on behalf of his constituent who requests information regarding an investigation that he is currently under.,,,,,,,,,,,
2607,964540,11/6/12,Congressman Joe Wilson,Daughter Filed for mother Form 1-130,,,,,,,,,,,
2608,964040,11/1/12,Congressman Robert J. Wittman,Writes on behalf of constituent who requests return of green card.,,,,,,,,,,,
2609,964035,11/1/12,Congressman Frank R. Wolf,Writes on behalf of constituent regarding a pending EEO Case.,,,,,,,,,,,
2610,,,,,,,,,,,,,,,
2611,965886,11/19/12,Congressman Frank R. Wolf,Writes on behalf of his constituent regarding an EEO complaint he has filed.,,,,,,,,,,,
2612,966853,11/30/12,Congressman Todd Young,Writes on behalf of his constituent regarding the denial of a request to continue working in Indiana or to be transferred to the Louisville office.,,,,,,,,,,,
2613,964444,11/6/12,,none,,,,,,,,,,,
2614,964952,11/9/12,,Requests report of expenditures from the Office of Policy,,,,,,,,,,,
2615,966385,11/27/12,,White Paper for Canine Explosive Detection Program,,,,,,,,,,,
2616,,,,,,,,,,,,,,,
2617,,,,,,,,,,,,,,,
2618,,,,,,,,,,,,,,,
2619,WF#,Receive Date,Congressman Name,Subject of Request,,,,,,,,,,,
2620,969129,41270,(ti/di,Not completed,,,,,,,,,,,
2621,968961,41264,Senator Kelly Ayotte,"Writes on behalf of constituent who requests response to OIG reports of possible fraud, sexual harrasment and civil rights violations that has gone unanswered.",,,,,,,,,,,
2622,968257,41256,Congressman Spencer Bachus,"Writes on behalf of constituent who has concerns about a ’’youth army"" allegedly created by FEMA.",,,,,,,,,,,
2623,969102,41270,Congressman Dan Benishek,"Commendation for|lb,,6>    |",,,,,,,,,,,
2624,969112,41269,Congressman Jaime Herrera Bcutler,fiance wants to withdraw papers because the finacee has commited immigration fraud,,,,,,,,,,,
2625,968812,41262,Congressman JelT Bingaman,Request an extension for states to become compliant with the REAL ID Act.,,,,,,,,,,,
2626,,,,,,,,,,,,,,,
2627,967567,41249,Senator Richard Blumenthal,Writes to thank SI for her visit to Connecticut and the support received following Hurricane Sandy.,,,,,,,,,,,
2628,968417,41257,"Congressman Charles W, Boustany",Requests a deadline extension for Louisiana’s Real ID compliance.,,,,,,,,,,,
2629,967170,41247,Congressman Scott P. Brown,Status of case,,,,,,,,,,,
2630,967513,41249,Congressman Larry Bucshon,Status of case,,,,,,,,,,,
2631,967982,41254,Congressman Eric Cantor,"Writes on behalf of a constituent regarding his difficulties flying into the country because he has the same name as someone on the ""No-Fly” list.",,,,,,,,,,,
2632,967959,41254,Congressman Lois Capps,Write regarding DHS activities to combat panga boat smuggling off the California Coast.,,,,,,,,,,,
2633,968971,41263,Senator Benjamin L. Cardin,Requests that the Secretary allow the 287(g) agreements to expire.,,,,,,,,,,,
2634,968973,41264,Senator Benjamin L. Cardin,Writes on behalf of constituent regarding immigration case.,,,,,,,,,,,
2635,,,,,,,,,,,,,,,
2636,968316,41256,Congressman Jason Chaffetz,"Writes regarding the ICE arrest of Luis Abrahan Sanchez Zavaleta, an unpaid intern in the office of Senator Menendez.",,,,,,,,,,,
2637,967957,41254,Senator Saxby Chambliss,Writes on behalf of a constituent regarding overtime pay for Federal Protective Service agents during the Republican and Democratic Conventions.,,,,,,,,,,,
2638,969007,41330,Congressman Kent Conrad,Conrad State 30 Program physician dependent conversions,,,,,,,,,,,
2639,967093,41246,Senator John Cornyn,Writes on behalf of his constituent Arturo Garay regarding his questions about FPS's practices when firing contract guards.,,,,,,,,,,,
2640,967049,41246,Senator Michael D. Crapo,Writes on behalf of constituent requesting records that were sent to the Department.,,,,,,,,,,,
2641,967608,41249,Congressman Theodore E. Deutch,Urge extension of Temporary Protected Status (TPS) to Guatemalan nationals residing in US due to natural disasters.,,,,,,,,,,,
2642,967310,41247,Senator Dianne Feinstein,Form N-400 filed for citizenship of constituent,,,,,,,,,,,
2643,,,,,,,,,,,,,,,
2644,,,,,,,,,,,,,,,
2645,967883,41253,Senator Dianne Feinstein,Writes on behalf of her constituent regarding the constituent's request for familial visitation rights.,,,,,,,,,,,
2646,967070,41246,Congressman Michael G. Fitzpatrick,Writes on behalf of his constituent regarding his years as an Immigration Inspector and whether they'll count towards his retirement.,,,,,,,,,,,
2647,967032,41246,Congressman John Fleming,Writes on behalf of his constituent regarding his application status for the Transportation Worker Identification Credential (TWIC) card.,,,,,,,,,,,
2648,967037,41246,Congressman J. Randy Forbes,Writes on behalf of his constituent regarding his objection to the termination of his application for a CBP position.,,,,,,,,,,,
2649,967464,41248,Congressman Virginia Foxx,Re a Pending 1-601 waiver.,,,,,,,,,,,
2650,967216,41247,Congressman Barney Frank,Mother and Father filed for 2 children to come to US,,,,,,,,,,,
2651,,,,,,,,,,,,,,,
2652,,,,,,,,,,,,,,,
2653,968567,41260,Congressman Charles A. Gonzalez,Write regarding DeOsorio v. Mayorkas.,,,,,,,,,,,
2654,967737,41250,Congressman Robert W. Goodlatte,"Writes on behalf of constituent, regarding potential cuts in pay and benefits from his employer that receives funding from FPS.",,,,,,,,,,,
2655,967508,41249,Congressman Paul Gosar,Consitituent is requesting status of his 1-485. Also concern about failure to depart and timely action on the application.,,,,,,,,,,,
2656,967627,41249,Senator Lindsey O. Graham,Writes on behalf of constituent who raises concerns with security officers boarding and searching his sail boat.,,,,,,,,,,,
2657,968287,41256,Senator Lindsey O. Graham,Wriites on behalf of her constituent regarding his wish to expunge the felony charge on his record.,,,,,,,,,,,
2658,967785,41253,Senator Charles E. Grassley,Re an 1-601 waiver.,,,,,,,,,,,
2659,967809,41253,Senator Charles E. Grassley,Re the denial of an 1-129 petition.,,,,,,,,,,,
2660,,,,,,,,,,,,,,,
2661,,,,,,,,,,,,,,,
2662,967872,41263,Senator Charles E. Grassley,the second and final response to Senator Grassley regarding contracts with Quality Associates Incorporated (QAI).,,,,,,,,,,,
2663,968750,41262,Senator Charles E. Grassley,Wife sent privacy release for her husband,,,,,,,,,,,
2664,967565,41249,Congressman Tim Griffin,1-924 application for Regional Center status by the Regional Economic Development & Investment Group and Arkansas Regional Economic Development Center.,,,,,,,,,,,
2665,967955,41254,Congressman Brian Higgins,Re an 1-129 petition.,,,,,,,,,,,
2666,967736,41250,Congressman Ruben Hinojosa,Writes regarding his constituent who feels he was wrongly demoted.,,,,,,,,,,,
2667,,,,,,,,,,,,,,,
2668,967090,41246,Congressman Tim Holden,"Writes on behalf of constituent,<b)l8) who requests immigration officials remove illegal alien fbW    from ""Harrisburg Hospital to his home town Mexico.",,,,,,,,,,,
2669,968818,41262,Congressman Chris Van Hollen,Form 1-130 and Form 1-485,,,,,,,,,,,
2670,968822,41262,Congressman Chris Van Hollen,New Orleans Regional Center investors and Form I-526 and Notices of Intent to Deny,,,,,,,,,,,
2671,967781,41253,Congressman Rush Holt,Parole for his wife,,,,,,,,,,,
2672,967173,41247,Senator Johnny Isakson,Writes on behalf of a constituent seeking an update on request for a biweekly pay cap waiver for working the Republican and Democratic conventions.,,,,,,,,,,,
2673,968491,41260,Senator Johnny Isakson,Writes on behalf of a constituent regarding their attempts to correct the record of their temple's priest to show when he left the US.,,,,,,,,,,,
2674,,,,,,,,,,,,,,,
2675,,,,,,,,,,,,,,,
2676,968258,41256,Congressman Darrell Issa,Requests a detail extension for an employee through January 2014.,,,,,,,,,,,
2677,967210,41247,Congressman Bill Johnson,Father is gravely ill,,,,,,,,,,,
2678,967476,41248,Congressman Walter B. Jones,Writes on behalf of constituent regarding attempts to secure employment with federal law enforcement agencies.,,,,,,,,,,,
2679,967110,41246,Congressman William R. Keating,Administrative Appeal by Constituent,,,,,,,,,,,
2680,968953,41263,Senator John F. Kerry,Writes on behalf of a constituent who has immigration issues.,,,,,,,,,,,
2681,969117,41269,Senator John F. Kerry,Serbian Rowing Federation coach appealing his Form I290B,,,,,,,,,,,
2682,967091,41246,Congressman Jack Kingston,"Writes on behalf of constituent, tox®) <bX6)    p/ho is requesting for medical treatment and payment of medical bills (workers comp).",,,,,,,,,,,
2683,,,,,,,,,,,,,,,
2684,969287,41274,Senator Carl Levin,"Arabic Chaldean Hispanic and National Organization of Iraqi Christians, regarding there concerns with Iraqi refugees.",,,,,,,,,,,
2685,968667,41261,Congressman Cynthia Lummis,Birthdates have to clearified on adoption papers,,,,,,,,,,,
2686,968742,41262,Congressman Mary Bono Mack,Retirement Visa,,,,,,,,,,,
2687,967069,41246,Senator John McCain,ccccc,,,,,,,,,,,
2688,967450,41248,Congressman James P. Moran,Writes on behalf of a constituent seeking a waiver of outstanding debt caused by overpayment while employed by USSS.,,,,,,,,,,,
2689,968592,41261,Senator Patty Murray,"H2B visa holder needs assistance H2A visas, foreign workers for renewals causing a delay",,,,,,,,,,,
2690,,,,,,,,,,,,,,,
2691,967462,41248,Congressman Richard E. Neal,Writes on behalf of his constituent who requests changing the mandatory retirement age from 57 to 60 for those Immigration Officers hired under their original contract,,,,,,,,,,,
2692,967510,41249,Congressman William Pascrell,Re an 1-131 application.,,,,,,,,,,,
2693,967822,41253,Congressman Nelson Peacock,Letter to Sens. Levin and Coburn regarding the U.S. Senate Permanent Subcommittee on Investigations (PSI) Staff Report Federal Support For and Involvement In State and Local Fusion Centers.,,,,,,,,,,,
2694,967709,41250,Congressman Steve Pearce,Re an 1-601 waiver.,,,,,,,,,,,
2695,968736,41262,Senator Jack Reed,Writes in support of the State of Rhode Island and the City of Warwick's appeal for reconsideration of the grant application for the Warwick Sewer Authority's (WSA) Wastewater Treatment Facility Project.,,,,,,,,,,,
2696,,,,,,,,,,,,,,,
2697,968490,41260,Senator Harry Reid,Husband filed for his wife Form -601,,,,,,,,,,,
2698,968737,41262,Senator Harry Reid,Wife concerned for her husband's Form I 601,,,,,,,,,,,
2699,969088,41269,Congressman Dana Rohrabacher,16 applications Form 1 526 for processing,,,,,,,,,,,
2700,968936,41263,Congressman Ileana Ros-Lehtinen,Write on behalf of a Veteran who is being unjustly imprisoned in Mexico.,,,,,,,,,,,
2701,969130,41270,Congressman Steven R. Rothman,Rep Rothman transfer to Senator Menendez of deferred action for (bK6.»,,,,,,,,,,,
2702,968513,41260,Senator Marco Rubio,Constuent wants to consider for citizen,,,,,,,,,,,
2703,,,,,,,,,,,,,,,
2704,,,,,,,,,,,,,,,
2705,968746,41262,Congressman Linda T. Sanchez,Status of case,,,,,,,,,,,
2706,969115,41269,Congressman Linda T. Sanchez,Husband wonders it so long for a Form L601 to be adjudicated,,,,,,,,,,,
2707,969042,41269,Congressman Janice D. Schakowsky,A labor certificate was for father and later approved for mother which was denied and now is in appeal.,,,,,,,,,,,
2708,969293,41274,Senator Charles E. Schumer,Supports of application submitted by the Akron Fire Company for funding under the Assistance to Firefighters Grant Program to purchase a tanker/tender engine.,,,,,,,,,,,
2709,969278,41274,Senator Charles E. Schumer,Supports the application submitted by the Akron Fire Company for funding under the Assistance to Firefighters Grant Program. (Scholarly Program.),,,,,,,,,,,
2710,,,,,,,,,,,,,,,
2711,969294,41274,Senator Charles E. Schumer,Supports the application submitted by the Akron Fire Company for funding under the Assitance to Firefighters Grant Program to purchase crucial personal and rescue protection equipment.,,,,,,,,,,,
2712,968821,41262,Congressman Adam Smith,Supporter of Aero Space Port International,,,,,,,,,,,
2713,967175,41247,Congressman Bennie G. Thompson,Requests information regarding how DHS plans to build a cybersecurity workforce of at least 600 federal employees.,,,,,,,,,,,
2714,968343,,Congressman Bennie G. Thompson,,,,,,,,,,,,
2715,967051,41246,Congressman Peter J. Visclosky,Writes on behalf of his constituent requesting assistance in obtaining back pay for his time off.,,,,,,,,,,,
2716,967083,41246,Congressman Peter J. Visclosky,Status of Constituent as US citizen,,,,,,,,,,,
2717,967430,41248,Congressman Peter J. Visclosky,Status of case,,,,,,,,,,,
2718,,,,,,,,,,,,,,,
2719,969096,41269,Congressman Peter J. Visclosky,Constituent want to know about his Form N-400,,,,,,,,,,,
2720,969253,41271,Congressman Peter J. Visclosky,"2nd request regarding the status of,w<6’ case.",,,,,,,,,,,
2721,967109,41246,Senator Mark R. Warner,Writes on behalf of his constituent who asks why same-sex couples must complete two customs declarations when heterosexual couples only need to complete one.,,,,,,,,,,,
2722,967665,41250,Senator Mark R. Warner,Re status on an I-129F petition.,,,,,,,,,,,
2723,968628,41261,Senator Mark R. Warner,Constituent alleges immigrant fraud,,,,,,,,,,,
2724,967974,41254,Congressman Henry Waxman,Writes on behalf of a constituent with a FOIA request.,,,,,,,,,,,
2725,968512,41260,Congressman Lynn A. Westmoreland,Writes on behalf of a constituent regarding overtime pay for Federal Protective Service agents during the Republican and Democratic Conventions.,,,,,,,,,,,
2726,,,,,,,,,,,,,,,
2727,968770,41262,Congressman Joe Wilson,Father has 5 motherless children he wants to immigrant to the United States by Form 1-130,,,,,,,,,,,
2728,967636,41250,Congressman Frank R. Wolf,Constituent is requesting refund of application fees for 2 N-400.,,,,,,,,,,,
2729,968516,41260,Congressman Frank R. Wolf,Humanitarian parole case where 15 year old needs surgery for prosthesic leg,,,,,,,,,,,
2730,967592,41249,,Concern expressed regarding the lack of interoperable communication at DHS. Cong Bennie Thompson,,,,,,,,,,,