Sort,X2,X3,X4,X5,FROM,DATE,SUBJECT,TYPE,CERTAINTY,ALT_TYPE,POLICY_EVENT,EVENT_NAME,EVENT_DATE,NOTES
2,Policy Congressional Report,,,,,,,,,,,,,
3,Opened Between 01/01/2009 and 01/31/2009,,,,,,,,,,,,,
4,WF#,Receive Date,Congressman Name,Subject of Request,,,,,,,,,,
5,807990,12/30/2008,Congressman Gary L. Ackerman,filed 1-730 on behalf of her family,,,,,,,,,,
6,809354,1/8/2009,Congressman Gary L. Ackerman,"(bX6)    inbquirying on behalf of her husband <b><6>    and her sons, for 1-485 and I-290B for her husband.",,,,,,,,,,
7,809572,1/13/2009,Congressman Gary L. Ackerman,(b)(6)    Regarding filing 1-730 for her husband and her daughter.,,,,,,,,,,
8,809761,1/15/2009,Congressman Gary L. Ackerman,(b)(6)    fegarding the Refugee/Asylee Relative Petition for beneficiary <bX6>,,,,,,,,,,
9,809821,1/15/2009,Congressman Gary L. Ackerman,"(b)t6)    egarding interviews for his wife, and son|(b)(6)    1 and(b}(6)",,,,,,,,,,
10,809860,1/15/2009,Congressman Gary L. Ackerman,filed 1-730 for her son(b)(6),,,,,,,,,,
11,810253,1/20/2009,Congressman Gary L. Ackerman,"(b,(b}    regarding the Refugee/Asylee Relative Petition for his beneficiaries.",,,,,,,,,,
12,,,,,,,,,,,,,,
13,810259,1/20/2009,Congressman Gary L. Ackerman,Axe)    pied 1-730 for his family members,,,,,,,,,,
14,810278,1/20/2009,Congressman Gary L. Ackerman,"{b>(6'    lied 1-730 for his wife, <bX6>",,,,,,,,,,
15,,,,,,,,,,,,,,
16,810298,1/20/2009,Congressman Gary L. Ackerman,(bH6)    regarding the Refugee/Asylee. Relative Petition for her son(bt<!b,,,,,,,,,,
17,810385,1/21/2009,Congressman Gary L. Ackerman,<bKH>    'iled 1-730 for her family members,,,,,,,,,,
18,811165,1/28/2009,Senator Lamar Alexander,Status of 1-601.,,,,,,,,,,
19,810934,1/27/2009,Congressman Michael Arcuri,"Requests a fire grant workshop to be held in Cortland, New York.",,,,,,,,,,
20,809518,1/14/2009,Congressman Roscoe G. Bartlett,Re: (b)fx    regarding her social security card.,,,,,,,,,,
21,809088,1/9/2009,Congressman Joe L. Barton,Rep. Barton writes regarding regulatory requirements for clinical trials.,,,,,,,,,,
22,,,,,,,,,,,,,,
23,810024,1/16/2009,Congressman Timothy H. Bishop,"Representative Timothy Bishop wrote a letter of appreciation to Chief of Congressional Relations, James McCament",,,,,,,,,,
24,811507,1/30/2009,Congressman Jo Bonner,"Rep. Bonner writes on behalf of his constituent,^6) requesting funding to establish a marine patrol unit.",,,,,,,,,,
25,809581,1/13/2009,Congressman Mary Bono Mack,"filed 1-601 waiver for his wife, (b)(6) Alvarez.",,,,,,,,,,
26,808836,1/8/2009,Congressman Leonard L. Boswell,lbH6t    Regarding the denial of his 1-140 application.,,,,,,,,,,
27,808956,1/9/2009,Congressman Leonard L. Boswell,Representative Boswell writes on behalf of constituentlbi<6> (b)(6)    -egarding his removal of contract by the Federal Protective Service.,,,,,,,,,,
28,809770,1/15/2009,Congressman Leonard L. Boswell,"tb,(b)    filed for his wife, (b><6> to come the United States",,,,,,,,,,
29,810287,1/16/2009,Congressman Charles W. Boustany,"(b)(6)    filed 1-131 forf<fc,R6>",,,,,,,,,,
30,,,,,,,,,,,,,,
31,811318,1/29/2009,Congressman Paul Broun,Status of 1-129 filed by Spin City for|<bX6>,,,,,,,,,,
32,811087,1/26/2009,Congressman Sherrod Brown,"Writes on behalf of their constituent,    regarding waiving the 25% planning initiative for the Homeland Security Program Grant.",,,,,,,,,,
33,808605,1/7/2009,Congressman Sam Brownback,W(6)    |are filing a waiver application based on extreme hardship on husband and son.,,,,,,,,,,
34,809386,1/13/2009,Congressman Michael C. Burgess,(b)(6)    [regarding the denial of a I-130 petition for her husband,,,,,,,,,,
35,810268,3/13/2009,Congressman Bradley I. Buswell,"S&T presents the attached report, ""Science and Technology Directorate Innovation Expenditure Plan” prepared in response to a legislative requirement accompanying the Fiscal Year 2009 Department of Homeland Security Appropriations Act (P.L. 110-329).",,,,,,,,,,
36,810197,1/16/2009,Congressman William Lacy Clay,Writes on behalf of a constituent regarding a recent bond forfeiture.,,,,,,,,,,
37,811547,1/30/2009,Congressman William Lacy Clay,Requesting assistance with proof of citizenship.,,,,,,,,,,
38,,,,,,,,,,,,,,
39,808334,1/6/2009,Senator Thad Cochran,"Expresses concerns regarding the NBAF Final Environmental Impact Statement and its implications for the Flora, Mississippi site.",,,,,,,,,,
40,809161,1/6/2009,Senator Thad Cochran,"Expresses concerns regarding the NBAF Final Environmental Impact Statement and its implications for the Flora, Mississippi site.",,,,,,,,,,
41,808890,1/16/2009,Congressman Jay M. Cohen,Memo from U/S Cohen to USm Duke. NBAF ROD Notification Letters from DHS USM to House and Senate Appropriations Committee.,,,,,,,,,,
42,808418,1/5/2009,Senator Susan M. Collins,"<b><6>    grandmother of six parentless children in Ethopia and her son,(b){6)    are trying to bring the six youngster to the United States on humanitarian parole visas.",,,,,,,,,,
43,808580,1/6/2009,Senator Susan M. Collins,(bi<6)    requests status of 4 beneficiaries of an immigration case which he filed.,,,,,,,,,,
44,811185,1/28/2009,Senator Susan M. Collins,Senator Collins writes regarding the northern border strategy.,,,,,,,,,,
45,811534,1/30/2009,Senator Susan M. Collins,Express concerns regarding the formula used to determine the minimum allocation of funding for states under the State Homeland Security Grant Program (SHSGP) and Urban Areas Secure Initiative (UASI). FEMA folder number 95845 is assigned to the Grant Preparedness Directorate for handling.,,,,,,,,,,
46,,,,,,,,,,,,,,
47,811605,1/30/2009,Senator Susan M. Collins,Sen. Susan M. Collins writes on behalf of her constituent(b)(6> request an explanation of the steps the Department is taking to ensure Transportation Worker Identification Cards (TWIC) can be obtained without delays.,,,,,,,,,,
48,810258,1/20/2009,Senator Bob Corker,"<bK6)    cgarding the status of her husbandftl,(6t —-piT""1    -",,,,,,,,,,
49,810558,1/21/2009,Senator Bob Corker,"b)(6)    requests her letter of reconsideration, 1-290 be forwarded.",,,,,,,,,,
50,811256,1/22/2009,Senator Bob Corker,seeks information on holders of Cl D visa holders and if they are allowed to take a vacation in the United States.,,,,,,,,,,
51,808076,12/29/2008,Senator John Cornyn,"(b!,6>    Regarding filing for immigration visas for her two disable daughters",,,,,,,,,,
52,808182,1/5/2009,Senator John Cornyn,<b>(6!    regarding appeal for their R-1 visa status,,,,,,,,,,
53,808194,1/4/2009,Senator John Cornyn,(bt(b'    isks for assistance to expedite his Oath letter in order to received receive his ceremony and citizenship papers.,,,,,,,,,,
54,,,,,,,,,,,,,,
55,808197,1/4/2009,Senator John Cornyn,"(b)(6)    andFb)(6)    regarding, adjudication of I-485s being expedited.",,,,,,,,,,
56,808587,1/6/2009,Senator John Cornyn,<b><6)    regarding 1-140 filed at TSC,,,,,,,,,,
57,810254,1/20/2009,Senator John Cornyn,(bf(6)    regarding his name after his adoption.,,,,,,,,,,
58,810272,1/20/2009,Senator John Cornyn,(b)(6)    filed 1-129 for (b><6> (b)(6),,,,,,,,,,
59,810284,1/20/2009,Senator John Cornyn,|{b-t(6'    regarding a problem with her immigration case.,,,,,,,,,,
60,810375,1/21/2009,Senator John Cornyn,Writes on behalf of constituent <bi(6-'    who was involved in a car accident with Special Agent <bt<6:'    and requests assistance obtaining information to process his insurance claim.,,,,,,,,,,
61,808560,1/6/2009,"Senator Michael D, Crapo","(b>,6>    regarding her husband's, <b^6) immigration case.",,,,,,,,,,
62,,,,,,,,,,,,,,
63,809690,1/13/2009,Senator Michael D. Crapo,(b)(6)    filed Humanitarian parole for their daughter.,,,,,,,,,,
64,811374,1/29/2009,Senator Michael D. Crapo,Status of 1-130 for his spouse.,,,,,,,,,,
65,808954,1/10/2009,Congressman Joseph Crowley,!b>(6>    regarding the status of his parents’ 1-730 petition. (b)(6)    |,,,,,,,,,,
66,809355,1/10/2009,Congressman Joseph Crowley,(bM6t    seeks status of her 1-730 case for her family,,,,,,,,,,
67,809508,1/9/2009,Congressman Joseph Crowley,"(b>(6)    requests to reschedule her daughter’s, Ms. (b)(6)",,,,,,,,,,
68,810563,1/22/2009,Congressman Joseph Crowley,Re: (b)<6)    family's 1-730 petitions.,,,,,,,,,,
69,,,,,,,,,,,,,,
70,810577,1/1/2009,Congressman Joseph Crowley,No workflow created,,,,,,,,,,
71,811308,1/29/2009,Congressman Joseph Crowley,Regarding 1-290 B application for he and his family,,,,,,,,,,
72,810047,1/16/2009,Congressman Elijah E. Cummings,Writes on behalf of his constituent 'bK6)    (regarding a complaint of his home phone being wire tapped by the Federal Government.,,,,,,,,,,
73,808094,1/2/2009,Congressman Artur Davis,"daughterj(b)(6>    filed a petition for her, Rep. Davis is requesting a status.",,,,,,,,,,
74,809006,1/9/2009,Congressman Lincoln Davis,(bK6)    1 regards to their pending I-290B appeal with USCIS.,,,,,,,,,,
75,811460,1/30/2009,Congressman Nathan Deal,Status of appeal of 1-140.,,,,,,,,,,
76,811593,1/30/2009,Congressman Peter A. DeFazio,Rep. DeFazio writes on behalf of constituent (k)(6> regarding Ghanian scammers.,,,,,,,,,,
77,809861,1/15/2009,Congressman Charles W. Dent,<bK6!    would information on the marriage and fiance fees associated with USCIS processing.,,,,,,,,,,
78,,,,,,,,,,,,,,
79,810508,1/22/2009,Congressman Charles W. Dent,M*6'    Regarding discrepancy in processing times at the Nebraska Service Center,,,,,,,,,,
80,810596,1/21/2009,Congressman Christopher J. Dodd,Humanitarian parole application for    pephew *b><6-) (b)(6),,,,,,,,,,
81,807974,12/31/2008,Congressman David Dreier,"Re    regarding the immigration case of his wife, |(b)(6)    |",,,,,,,,,,
82,808435,1/5/2009,Congressman David Dreier,|(b)(6)    follows up on previous inquiry regarding her husband's 1-601 waiver case,,,,,,,,,,
83,808889,1/8/2009,Senator Richard J. Durbin,(b)(6)    |,,,,,,,,,,
84,808955,1/9/2009,Senator Richard J. Durbin,"Writes to followup on the case of his constituent(b>(6) regarding her discrimination complaints filed with DHS, Adding in November 2008 letter, which was just received week of January 5, 2009.",,,,,,,,,,
85,809596,1/14/2009,Senator Richard J. Durbin,Re:(bK6!    and the status of his case.,,,,,,,,,,
86,,,,,,,,,,,,,,
87,810895,1/26/2009,Senator Richard J. Durbin,Adoption of Korean child,,,,,,,,,,
88,811260,1/26/2009,Senator Richard J. Durbin,seeks status on his immigration case.,,,,,,,,,,
89,809381,1/13/2009,Congressman Chet Edwards,concerning her husband's case (bJ(6) (b)(6),,,,,,,,,,
90,810914,1/26/2009,Congressman Vernon J. Ehlers,Rep. Ehlers writes on behalf of his constituent(b)(6> requesting assistance with border crossings for volunteers of the Disaster Response Services of the Christian Reformed Church.,,,,,,,,,,
91,810624,1/23/2009,Congressman John Engler,"John Engler, President and CEO of the National Association of Manufacturers requests the Department initiate a review of the 10+2 Rule.",,,,,,,,,,
92,810918,1/22/2009,Congressman Sam Fan-,"immigration case for husband,|(b><s)    | (b)(6)",,,,,,,,,,
93,811438,1/30/2009,Congressman Russell D. Feingold,Status of 1-129 for (bX6),,,,,,,,,,
94,809046,1/9/2009,Senator Dianne Feinstein,<b!<6>    Regarding the status of his wife's appeal case.,,,,,,,,,,
95,,,,,,,,,,,,,,
96,809049,1/9/2009,Senator Dianne Feinstein,(b)(6>    regarding concerns he has outlined related to his visa petition.,,,,,,,,,,
97,809055,1/9/2009,Senator Dianne Feinstein,pH0)    regarding his request to expediate his wife's 1-601 waiver application.,,,,,,,,,,
98,809551,1/13/2009,Senator Dianne Feinstein,regarding the processing of the I- 730 case.,,,,,,,,,,
99,809606,1/13/2009,Senator Dianne Feinstein,"(b,(6)    |seeks status of his wife’s,(b)(6) (b)(6)    appeal for 1-130",,,,,,,,,,
100,809766,1/13/2009,Senator Dianne Feinstein,<bM6-!    regarding reinstatement of employment with ICE,,,,,,,,,,
101,810572,1/23/2009,Senator Dianne Feinstein,Senator Feinstein and Senator Kyi write to recommenc((b)(’->) for the position of Under Secretary for Intelligence and Analysis in DHS.,,,,,,,,,,
102,,,,,,,,,,,,,,
103,S01992,12/31/2008,Congressman Bob Filner,Re:|(b)(6)    |and|<to><6> regarding a immigration problem.,,,,,,,,,,
104,808009,1/1/2009,Congressman Bob Filner,No workflow created,,,,,,,,,,
105,809241,1/9/2009,Congressman Bob Filner,Re: the status of the refugee application filed by <b!<6)    on behalf of his family.,,,,,,,,,,
106,809650,1/14/2009,Congressman Jeff Fortenberry,Re: the resettlement case of,,,,,,,,,,
107,808074,12/29/2008,Congressman Virginia Foxx,(b>(6>    complaints regarding the length of time it takes to processing 1-130 for his wife to immigrate to the United States,,,,,,,,,,
108,811091,1/27/2009,Congressman Barney Frank,Rep. Frank recommends a promotion for (bi(b>    an agent in the Air Marshal Service.,,,,,,,,,,
109,,,,,,,,,,,,,,
110,808701,1/7/2009,Congressman Rodney P. Frellnghuysen,Representative Frelinghuysen writes regarding an illegal immigrant who had serious pending criminal charges in the United States and was deported by ICE before trial.,,,,,,,,,,
111,808925,1/9/2009,Congressman Judd Gregg,"Senator Gregg writes on behalf of his constituent, <N(C’t regarding the CBP student loan repayment program.",,,,,,,,,,
112,808608,1/5/2009,Congressman Raul M. Grijalva,(b>(6)    regarding his naturalization application.,,,,,,,,,,
113,808271,1/5/2009,Congressman John J. Hall,(b)(6)    lasvlum case pending in SanFrancisco.,,,,,,,,,,
114,809593,1/13/2009,Congressman Ralph M. Hall,<b>(t')    |s trying to obtain student visa,,,,,,,,,,
115,811254,1/29/2009,Congressman Jane Harman,Provides a short set of recommendations for the Office of Intelligence and Analysis based on her remarks to the Major City Chiefs of Police and Sheriffs and invites the Secretary to visit her California district.,,,,,,,,,,
116,811587,1/30/2009,Congressman Jane Harman,"Recommends appointing a law enforcement officer for Under Secretary of I&A, and asks the Secretary to consider6)    | andfor the position.",,,,,,,,,,
117,810516,1/22/2009,Congressman Maurice D. Hinchey,<bK6t    regarding stop payment of check for 1-600 which was abandoned,,,,,,,,,,
118,,,,,,,,,,,,,,
119,808891,1/8/2009,Congressman Paul W. Hodes,"(b),6)    who is looking into the delays with his step- daughter, |,b)t6'1    land his attempts to bring her here from Cambodia.",,,,,,,,,,
120,811544,1/30/2009,Congressman Rush Holt,Status of 1-131 for herself and her son ’bt<6),,,,,,,,,,
121,811619,1/30/2009,Congressman Kay Bailey Hutchison,"Andrea Zizack, United States Department of Agriculture, referred Sen. Kay Bailey Hutchison. Hutchison writes on behalf of her constituent, |<b><6>    ^o. request a resolution in the matter of a container re- exported upon arrival at the port of Houston.",,,,,,,,,,
122,811522,1/30/2009,Congressman Bob Inglis,"Representative Inglis requests the Large Aircraft Security Program, Other Aircraft Operator Security Program, and Airport Operator Security Program be reconsidered with members of the industry.",,,,,,,,,,
123,808611,1/7/2009,Senator Johnny Isakson,"(b)(6)    |a refugee, needs Senator Isakson’s assistance to reunite his family, wife, son and daughter, in the United States",,,,,,,,,,
124,809573,1/14/2009,Senator Johnny Isakson,"Re ,b)(6>    (concerning an 1-601 waiver that requires further review for the following reason (Lack of sufficient extreme hardship evidence for this case.",,,,,,,,,,
125,,,,,,,,,,,,,,
126,810271,1/16/2009,Senator Johnny Isakson,Re: (b)(6)    [pending 1-485.,,,,,,,,,,
127,810379,1/21/2009,Senator Johnny Isakson,Re: (b><6>    eview of information accordance with established policies and procedures for his family.,,,,,,,,,,
128,810532,1/22/2009,Senator Johnny Isakson,"Re: DL and status verification problem, for <bt<6)",,,,,,,,,,
129,810554,1/22/2009,Senator Johnny Isakson,Re: <bK6-)    2DJ-waiver expedite request.,,,,,,,,,,
130,810855,1/26/2009,Congressman Walter B. Jones,(b)(b)    filed a 1-601.,,,,,,,,,,
131,808547,1/6/2009,Congressman Edward M. Kennedy,Chancellor Professor Chi Hau Chen of University of Massachusetts Dartmouth requests assistance on behalf ofW6>    to expedite (b>'Ct    J-l visa application.,,,,,,,,,,
132,,,,,,,,,,,,,,
133,808883,1/8/2009,Senator John F. Kerry,regarding her husband immigration case.,,,,,,,,,,
134,809173,1/12/2009,Congressman Dale E„ Kildee,{bM6>    regarding his wifeJ(b)(6)    land his refusing to sign an 1-751 to change his wife's status from conditinal resident to permanent resident.,,,,,,,,,,
135,808123,1/2/2009,Senator Amy Klobuchar,regarding anI-601 application.,,,,,,,,,,
136,808124,1/2/2009,Senator Amy Klobuchar,(b)(6)    (requests status on her 1-131 and 1-134 applications,,,,,,,,,,
137,808219,1/5/2009,Senator Amy Klobuchar,"(b'(6)    ‘egardi ng 1-765 on behalf of her husband, Mr. (b)(6)",,,,,,,,,,
138,808740,1/8/2009,Senator Amy Klobuchar,ib^6i    regarding his nephew's public interest parole petition. (Case(b)(6) (b)(6),,,,,,,,,,
139,,,,,,,,,,,,,,
140,810018,1/16/2009,Senator Amy Klobuchar,Wt'6)    filed 1-600 for a Nairobi adoption.,,,,,,,,,,
141,810120,1/16/2009,Senator Amy Klobuchar,"Writes on behalf of constituent <b',6!    regarding the completion of his Department of Homeland Security background check.",,,,,,,,,,
142,810916,1/22/2009,Senator Amy Klobuchar,"(b}(6)    filed 1-601 waiver for her husband, (b)(6) (b)(6)",,,,,,,,,,
143,811436,1/30/2009,Senator Amy Klobuchar,Status of 1-730 for his wifej<b><6)    1,,,,,,,,,,
144,811625,1/23/2009,Congressman Frank Kratovil,bX6>    ”|;on..|(bX6)    Tneeds assistance with immigration case.,,,,,,,,,,
145,808231,1/5/2009,Senator Mary L. Landrieu,Senator Landrieu writes to request that DHS delay the initiation of a TS A contract.,,,,,,,,,,
146,,,,,,,,,,,,,,
147,808599,1/7/2009,Senator Mary L. Landrieu,Members of the Louisiana State Delegation show support for Mr. <b>(6)    enabling to achieve permanent residency in the United States,,,,,,,,,,
148,809113,1/12/2009,Senator Mary L. Landrieu,Re: (bK6i    regarding a denial of a tourist visa(Humanitarian Parole).,,,,,,,,,,
149,809462,12/23/2008,Congressman Steven LaTourette,Writes on behalf of his constituentfbJ(6>    :oncerning funding for his work with the National Institute of Standards and Technology.,,,,,,,,,,
150,811122,1/28/2009,Senator Patrick J. Leahy,Expresses concern that critical features of the land and sea deployment of the Western Hemisphere Travel Initiative have not been met and requests DHS and DOS provide specific certifications prior to the rollout.,,,,,,,,,,
151,808620,1/7/2009,Senator Carl Levin,"|(b)(6>    regarding the humanitarian Parole request, on behalf of his mother,<b!(6)",,,,,,,,,,
152,,,,,,,,,,,,,,
153,808842,1/7/2009,Senator Carl Levin,regarding a request for humanitarian parole filed on behalf of her daughterJ(b)l-6-!,,,,,,,,,,
154,808861,1/7/2009,Senator Carl Levin,(bH6>    Iregarding an 1-601 application that was,,,,,,,,,,
155,,,,filed on behalf of her husband (b)(6),,,,,,,,,,
156,811369,1/29/2009,Senator Carl Levin,Status of 1-601 for her husband|<b)(6),,,,,,,,,,
157,811405,1/30/2009,Senator Carl Levin,Regarding the verification of him not having been deported. He asserts that there is incorrect information in his file.,,,,,,,,,,
158,809744,1/13/2009,Congressman Frank A. LoBiondo,"’h’16-1    is requests information regarding immigration, tax breaks and grants.",,,,,,,,,,
159,811191,1/28/2009,Congressman Frank A. LoBiondo,Status of husbands 1-601. Husband name is,,,,,,,,,,
160,811594,1/30/2009,Congressman Frank A. LoBiondo,Status of 1-130 for her husbandp){0),,,,,,,,,,
161,808794,1/7/2009,Congressman Zoe Lofgren,are now in Mexico with their children are awaiting the status of the 1-601 waiver application filed for her husband.,,,,,,,,,,
162,,,,,,,,,,,,,,
163,811086,1/27/2009,Congressman Richard G. Lugar,Status of 1-600 adn I-600A filed for adoption of girl age 4 from Haiti.,,,,,,,,,,
164,808912,1/9/2009,Congressman Tim Mahoney,Writes on behalf of constituent<b:(6)    kho requests assistance with gaining employment with DHS.,,,,,,,,,,
165,811443,1/30/2009,Congressman Mel Martinez,Requesting assistance for continued employment with USCIS.,,,,,,,,,,
166,811472,1/30/2009,Congressman Mel Martinez,Regarding the termination of contract for TERM employees of USCIS of which she is one.,,,,,,,,,,
167,808886,1/8/2009,Senator John McCain,"(b^6)    (vvho encountered a problem with process for the issuance of her LPR card, the alleged treatment received by officers.",,,,,,,,,,
168,809130,1/12/2009,Senator John McCain,"Re:<b)(6}    who has encountered a problem, (Ability to Pay denials).",,,,,,,,,,
169,810004,1/16/2009,Senator John McCain,Ib!<lb    regarding his brother's f (b)(6)    (immigration to the United States,,,,,,,,,,
170,,,,,,,,,,,,,,
171,811486,1/30/2009,Senator Claire McCaskill,Status of his appeal of refugee application denial.,,,,,,,,,,
172,808941,1/9/2009,Congressman Michael McCaul,"Ofelia Benavides, regarding fa><6>    11-601 application.",,,,,,,,,,
173,809035,1/9/2009,Congressman Michael McCaul,<b><e>    regarding his immigrant visa.,,,,,,,,,,
174,809564,1/9/2009,Congressman Michael McCaul,!bKbt    seeks to know why his 1-485 application has not been approved.,,,,,,,,,,
175,810212,1/16/2009,Congressman Michael McCaul,(bX6)    regarding his asylum case.,,,,,,,,,,
176,810216,1/16/2009,Congressman Michael McCaul,"<bRt,t    (•egarding her husband's immigrant case",,,,,,,,,,
177,808943,1/9/2009,Senator Mitch McConnell,"Senator McConnell and Representative Davis write on behalf of John McGinnis, Chairman of the Greenup-Boyd Riverport Authority regarding CBP zoning.",,,,,,,,,,
178,811418,1/30/2009,Senator Mitch McConnell,Status of 1-601 waiver she filed for her husbanc (b)(6),,,,,,,,,,
179,,,,,,,,,,,,,,
180,811434,1/29/2009,Senator Mitch McConnell,"Writes on behalf of a constituent,<b,(6?    regarding the protection of our Federal networks against cyber attacks.",,,,,,,,,,
181,811392,1/29/2009,Congressman Barbara McGuire,Representative McGuire requests Secretary Napolitano's support regarding the Rail Transportation Project.,,,,,,,,,,
182,810201,1/16/2009,Congressman Mike McIntyre,Rep. McIntyre writes on behalf of constituent regarding his TWIC.,,,,,,,,,,
183,810623,1/16/2009,Congressman Mike McIntyre,Writes on behalf of constituent|(b)(6)    Regarding her work as a Disaster Assistant Employee under several FEMA contracts.,,,,,,,,,,
184,808422,1/5/2009,Congressman Cathy McMorris Rodgers,"lasks for assistance with 3 individuals asking for resettlement in the United States, (b)(6)",,,,,,,,,,
185,808630,1/7/2009,Congressman John L. Mica,"Appeal for,b!(6-'    |status",,,,,,,,,,
186,809169,1/13/2009,Senator Barbara A. Mikulski,"Writes to request DHS and DOE find a fair solution for employers who filed for labor certifications, though they were not processed in a timely manner.",,,,,,,,,,
187,,,,,,,,,,,,,,
188,809254,1/13/2009,Senator Barbara A. Mikulski,<bX6)    petition.,,,,,,,,,,
189,811272,1/23/2009,Senator Barbara A. Mikulski,|filed FOIA request to certificate of non-existence of his grandfather.,,,,,,,,,,
190,811331,1/29/2009,Senator Barbara A. Mikulski,Status of green card petitioned for by husband <bX6),,,,,,,,,,
191,811395,1/29/2009,Congressman Jeff Miller,Rep. Miller writes on behalf of constituent LK6)    Regarding a debt incurred from FLETC.,,,,,,,,,,
192,809619,1/14/2009,Congressman Robert Mocny,"The US-VISIT Program submits this report annually to Congress to comply with the requirements of the Data Management Improvement Act of 2000 (DMIA) (Public Law 106-215, amending Section 110 of the Illegal Immigration Reform and Immigrant Responsibility Act of 1996, 8 U.S.C. § 1365a) and the Visa Waiver Permanent Program Act (Public Law 106-396, amending the Immigration and Nationality Act (INA) to make improvements to, and permanently authorize, the visa waiver pilot program under Section 217 of the INA, 8 U.S.C. § 1187). This report provides the information about the automated data system^,s recording and matching of alien arrivals and departures and about the enhanced features for security and law enforcement screening. This annual report includes data collected from October 1, 2007 through September 30, 2008.",,,,,,,,,,
193,,,,,,,,,,,,,,
194,808687,1/7/2009,Congressman Dennis Moore,Representative Moore writes on behalf of constituent [(bt(ib regarding U.S. government concerns relating to illegal immigrants.,,,,,,,,,,
195,808691,1/7/2009,Congressman Dennis Moore,"Rep. Moore writes on behalf of constituent(bt,lb    regarding ICE classifications of illegal immigrants.",,,,,,,,,,
196,811413,1/30/2009,Congressman Dennis Moore,Regarding pending deportation of her husband lbb 6>,,,,,,,,,,
197,810318,1/20/2009,Congressman Jerry Moran,concerning her immigration case.,,,,,,,,,,
198,808421,10/8/2008,Congressman Lee Morris,"CBP Annual Report on the International Trade Committee (SAFE Port Act Sec, 402 (e))",,,,,,,,,,
199,808425,10/8/2008,Congressman Lee Morris,CBP Annual Report on Allocation of 200 CBP Officers (SAFE Port Act Sec. 403(h)(2),,,,,,,,,,
200,,,,,,,,,,,,,,
201,809012,10/24/2008,Congressman Lee Morris,"GA)-08-862 International Marriage Broker Regulation Act (IMBRA) of 2005: Agencies Have Implemented Some, but Not All of the Act's Requirements",,,,,,,,,,
202,809024,10/24/2008,Congressman Lee Morris,CBP Report to Congress - Safe Port Act 403 (h)(4): Resources directed to commercial and trade functions,,,,,,,,,,
203,808097,1/2/2009,Senator Lisa Murkowski,"egarding a pending application for naturalization, for his wife,(b)(0)",,,,,,,,,,
204,808832,1/8/2009,Congressman Ben Nelson,Writes on behalf of constituents concerned about staffing reductions at the USCIS Nebraska Service Center.,,,,,,,,,,
205,810735,1/23/2009,Senator Bill Nelson,Sen. Nelson writes in support of a Federal grant for the Gainsville Alchua County Regional Airport Authority’s Law Enforcement Officer Reimbursement Porgram.,,,,,,,,,,
206,811286,1/29/2009,Senator Bill Nelson,Status of 1-601 for husband(b}t6),,,,,,,,,,
207,,,,,,,,,,,,,,
208,808570,1/5/2009,Congressman Eleanor Holmes Norton,(b!(6)    lequests status of their N-400 cases,,,,,,,,,,
209,808524,1/6/2009,Congressman Solomon P. Ortiz,"|<b><6)    |regarding his wife's, |<b)(6>    | <b:Hl3*    | immigration status at AAO.",,,,,,,,,,
210,808096,4/3/2008,Congressman Ron Paul,His office received some correspondence including some suggestions to improve airport security procedures.,,,,,,,,,,
211,808564,1/6/2009,Congressman Ron Paul,asks Representative Paul's assistance in resolving his immigration case.,,,,,,,,,,
212,807969,12/30/2008,Congressman Joseph R. Pitts,"lb!,tb    asked assistance front Representative Pitts regarding dependent child over the age of 21, who may qualify for a derivative immigrant visa/.",,,,,,,,,,
213,808623,1/7/2009,Congressman Todd Russell Platts,"(b,(6)    filed and 1-130 and 1-1601 for his son and daughter and needs status on their immigration case.",,,,,,,,,,
214,810632,1/22/2009,Congressman Ted Poe,"Expresses concern regarding the reimbursement for debris removal in Dayton, Texas following Hurricane Ike.",,,,,,,,,,
215,,,,,,,,,,,,,,
216,808827,1/8/2009,Congressman David E. Price,"Response to Chairman Price and Rep. Rogers's December 22,2008 letter regarding FEMA's failure to notify the Committee on Appropriations before certain grant announcements.",,,,,,,,,,
217,808923,1/9/2009,Congressman David E. Price,regarding his case with USCIS.,,,,,,,,,,
218,809922,1/16/2009,Congressman David E. Price,Chari man Price and Chairman Byrd write regarding the decision to begin initial operations of the Secure Flight Program.,,,,,,,,,,
219,809598,1/13/2009,Congressman Tom Price,(b!(6-t    filed for his adopted sonj(b)(6i,,,,,,,,,,
220,811099,1/27/2009,Congressman Tom Price,Status of 1130 for his wife((b}(6),,,,,,,,,,
221,811388,1/29/2009,Senator Mark L. Pryor,Senator Mark Pryor writes on behalf of constituent(b)(6) concerning the proposed rule change to the Large Aircraft Security Program.,,,,,,,,,,
222,807967,12/30/2008,Senator Jack Reed,<bK6!    filed an appeal for his wife and seeks status on his appeal,,,,,,,,,,
223,,,,,,,,,,,,,,
224,808270,1/5/2009,Senator Jack Reed,Senator Reed follows up on October correspondence regarding Mrs. (b)(6)    |on behalt ot her husband.pk0)    1 for adjudication in Mexico City,,,,,,,,,,
225,809525,1/9/2009,Senator Jack Reed,(b)(0)    requests status on her case.,,,,,,,,,,
226,811423,1/30/2009,Senator Jack Reed,"Regarding appeal for submitted on behalf of his wife|(b,<6) (b)(6)",,,,,,,,,,
227,810251,1/20/2009,Congressman Dennis R. Rehberg,(b)(0)    regarding staus of her immigration case.,,,,,,,,,,
228,809102,1/12/2009,Senator Harry Reid,Re: status check on this case for lbk0),,,,,,,,,,
229,810500,1/23/2009,Congressman Silvestre Reyes,requests naturalization records proving he is a United States citizen.,,,,,,,,,,
230,811477,1/29/2009,Congressman Silvestre Reyes,Rep. Reyes writes on behalf of constituent (b)(6) regarding her request for a copy of her background investigation.,,,,,,,,,,
231,811480,1/30/2009,Congressman Silvestre Reyes,Evidence of his citizenship.,,,,,,,,,,
232,,,,,,,,,,,,,,
233,808237,1/5/2009,Senator Pat Roberts,(44)    regard to Consulate refusal to approve an applicant for immigrant visa for |(b>(6>    |,,,,,,,,,,
234,808868,1/8/2009,Senator Pat Roberts,(4(4    regarding her husband (4(4 immigration case.,,,,,,,,,,
235,808275,1/5/2009,Congressman Ciro D. Rodriguez,"(b((-'(    on behalf of her brotherJ<b>4) 04(6)    would like assistance regarding his immigration case, transferred from ICE.",,,,,,,,,,
236,811468,1/30/2009,Congressman Ciro D. Rodriguez,Status of I-130 for his wife'b>(6),,,,,,,,,,
237,810185,1/15/2009,Congressman Peter Roskam,(b)(6)    and the status on the pending 1-601 waiver.,,,,,,,,,,
238,810518,1/22/2009,Congressman Peter Roskam,(b)(6)    concerning his wifel(b)(6)    lwho was denied in her request for a 1-601 waiver.,,,,,,,,,,
239,811533,1/30/2009,Congressman John T. Salazar,Status of 1485 for his wife (4(4,,,,,,,,,,
240,,,,,,,,,,,,,,
241,,,,,,,,,,,,,,
242,808585,1/6/2009,Congressman Ken Salazar,{b)(b)    requests status of AAO appeal applicaton,,,,,,,,,,
243,810388,1/21/2009,Congressman Loretta Sanchez,Requests assistance on behalf of constituent regarding the renewal of his mariner's license.,,,,,,,,,,
244,810192,1/16/2009,Congressman Janice D. Schakowsky (,Re Refugee resettlement cases of(b)(6)    for her sisters^6*,,,,,,,,,,
245,808454,1/6/2008,Congressman Jean Schmidt,The Honorable Jean Schmidt writes on behalf ot <b><e)    | who requests the status of an investigation.,,,,,,,,,,
246,810935,1/26/2009,Congressman Bill Shuster,Rep. Bill Shuster writes on behalf of his constituent Pennsylvania State Senator Don White and his TRIP inquiry.,,,,,,,,,,
247,808566,1/6/2009,Congressman Michael K. Simpson,lbK6)    would like Representative Simpson to assist him in obtaining United States citizenship,,,,,,,,,,
248,809921,1/6/2009,Congressman Michael K. Simpson,"an adult adoptee by a United States family, requests assistance to become United States citizen.",,,,,,,,,,
249,,,,,,,,,,,,,,
250,810510,1/22/2009,Congressman Michael K. Simpson,(b>(6t    regarding reinstating her resident alien card.,,,,,,,,,,
251,811464,2/17/2009,Congressman Albio Sires,Consituent (b)(0)    requests status of husbands (b)(0)    1-130 petition.,,,,,,,,,,
252,811430,1/30/2009,Congressman Ike Skelton,Satus of 1-881 Application.,,,,,,,,,,
253,811266,1/26/2009,Congressman Adam Smith,"<bl)|6)    seeks information on (b)(0)    replacement green card, they have secured another address so that the replacement card may not be lost or stolen.",,,,,,,,,,
254,811408,1/30/2009,Congressman Adam Smith,"Status of wifes immigration application. Wifes name is,b)t6)",,,,,,,,,,
255,810359,1/21/2009,Congressman Adrian Smith,(b){0)    Jequesting help with a immigration problem onbehalf of his girlfriend P1)!0)    I,,,,,,,,,,
256,808921,1/9/2009,Congressman Olympia J. Snowe,"Senator Snowe writes on behalf of constituent,^0) regarding a border crossing question.",,,,,,,,,,
257,810193,1/16/2009,Congressman Olympia J. Snowe,Senator Snowe writes on behalf of constituent (b)(0> regarding CBP container examination costs and delays.,,,,,,,,,,
258,,,,,,,,,,,,,,
259,807980,12/30/2008,Congressman. Arlen Specter,"alleges marriage fraud against her husband, Mr. (b)(6)    Hand her cousin,|(b)(6>",,,,,,,,,,
260,810645,1/23/2009,Congressman Arlen Specter,Senator Specter writes on behalf of constituent regarding the possible abduction of her child by his father surrounding an investigation into his immigration status.,,,,,,,,,,
261,811278,1/29/2009,Congressman Arlen Specter,Status of her denied application for naturalization,,,,,,,,,,
262,810330,1/21/2009,Congressman Fortney Pete Stark,Rep. Stark writes on behalf of his constituent (b)<0) requesting the removal of his name from TS A's No Fly Watch List.,,,,,,,,,,
263,808810,1/7/2009,Congressman Cliff Stearns,(b)(6)    ‘egarding the status of his case.,,,,,,,,,,
264,809706,1/13/2009,Congressman Cliff Steams,"(b)(6)    filed 1-601 forherhusband Jb,(6)    Iwho was deported which was the wrong form, she needs to file correct form for his reentry to the United States",,,,,,,,,,
265,810561,1/21/2009,Congressman Ellen O. Tauscher,(bt(6'1    ‘equests status of replacement certificate and getting back a refund on the second payment.,,,,,,,,,,
266,809676,1/14/2009,Senator Jon Tester,"<b}(6t    filed petition for his adopted son, (b)(6)    Eo obtain United States citizenship.",,,,,,,,,,
267,,,,,,,,,,,,,,
268,808598,1/7/2009,Congressman Bennie G. Thompson,Writes to request that DHS temporarily take over the Commission to Assess the Threat to the U.S. from Electromagnetic Pulse (EMP) Attack as a DHS task force.,,,,,,,,,,
269,811274,1/7/2009,Congressman Bennie G. Thompson,Writes to request that DHS temporarily take over the Commission to Assess the Threat to the U.S. from Electromagnetic Pulse (EMP) Attack as a DHS task force.,,,,,,,,,,
270,810376,1/21/2009,Congressman Todd Tiahrt,(b)(6)    has a immigration issue,,,,,,,,,,
271,811492,1/30/2009,Congressman Todd Tiahrt,Status of wifes|(4(4    (immigration due to extreme and unusual hardship.,,,,,,,,,,
272,811451,1/30/2009,Congressman Tom Udall,Denial of SENTRI card.,,,,,,,,,,
273,808273,1/5/2009,Congressman Chris Van Hollen,(4(4    egarding his 1-485 and 1-131 pending at Nebraska Service Center,,,,,,,,,,
274,810618,1/23/2009,Congressman Chris Van Hollen,Writes regarding concerns over DHS procurement misconduct.,,,,,,,,,,
275,808023,1/2/2009,Congressman Peter J. Viselosky,"Re;l^7(4    Iregarding his wife, (4(4 (4(4    immigration case.",,,,,,,,,,
276,,,,,,,,,,,,,,
277,808641,1/7/2009,Congressman Peter J. Visclosky,(b)(6)    hnd his wife awaiting final processing of his I- 485.,,,,,,,,,,
278,810924,1/27/2009,Congressman Zach Wamp,Disspute of stoppage of payment after case was being processed.,,,,,,,,,,
279,808256,1/5/2009,Congressman Jim Webb,(b)(6)    regarding a problem with USCIS unable to locate the pending 1-765 application.,,,,,,,,,,
280,808531,1/6/2009,Congressman Jim Webb,l(bX6)    bearding status of I-730s of five children in Ghana,,,,,,,,,,
281,808538,1/6/2009,Congressman Jim Webb,"(b,(d)    and his wife regarding a Thai adoption and the way they were treated by USCIS personnel.",,,,,,,,,,
282,809296,1/13/2009,Congressman Jim Webb,tbXd}    would like the status report on his case. He informs that he has paid the outstanding processing fee and forward all of the necessary documentations as instructed.,,,,,,,,,,
283,,,,,,,,,,,,,,
284,809537,1/14/2009,Congressman Jim Webb,"Refb)(6)    Concerning his Form 1-539, ""Application to Change Nonimmigrant Status.",,,,,,,,,,
285,809754,1/14/2009,Congressman Jim Webb,"<b><6>    [regarding her daughter's naturalization,(bl<6> (b)(6)",,,,,,,,,,
286,810122,1/16/2009,Congressman Jim Webb,Re: <bX6>    [Original Documents.,,,,,,,,,,
287,810196,1/16/2009,Congressman Jim Webb,Senator Webb writes on behalf of constituent (b>(6> regarding his TSA EEO case.,,,,,,,,,,
288,810917,1/22/2009,Congressman Jim Webb,Status on immigration case of(bMb),,,,,,,,,,
289,811190,1/28/2009,Congressman Jim Webb,Status of 1-130 petition for wife and 2 children,,,,,,,,,,
290,811326,1/29/2009,Congressman Jim Webb,Status of 1-131 for brother to come visit and help care for her husband.,,,,,,,,,,
291,811372,1/29/2009,Congressman Jim Webb,Regarding lost travel document.,,,,,,,,,,
292,,,,,,,,,,,,,,
293,811160,1/28/2009,Congressman Edward Whitfield,Status of verification of his citizenship so that he can recieve his SS Number.,,,,,,,,,,
294,807984,12/31/2008,Congressman Joe Wilson,Re.pX6)    regarding the immigration of his wife.,,,,,,,,,,
295,809759,1/14/2009,Congressman Frank R. Wolf,<b)<6)    Jregarding humanitarian parole on behalf of,,,,,,,,,,
296,,,,"her daughter, <b)(6>",,,,,,,,,,
297,810156,1/16/2009,Congressman Frank R. Wolf,Writes on behalf of    Regarding the search for a new DHS Continuity of Operations (COOP) site.,,,,,,,,,,
298,808694,1/7/2009,Congressman David Wu,Rep. Wu writes on behalf of constituent <b><6>    ;garding a family of illegal immigrants and their deportation case.,,,,,,,,,,
299,811258,1/23/2009,Congressman David Wu,(b)(6)    Irequests status of her husband’s. Mr. (b)(6)    1-601 application.,,,,,,,,,,
300,809028,1/9/2009,Senator Ron Wyden,"C,W    Regarding his mother's waiver application pending at Vienna, Austria.",,,,,,,,,,
301,,,,,,,,,,,,,,
302,809395,1/13/2009,Senator Ron Wyden    1,(b)(6)    concerns with her spouse |(b)(6)    | immigration case pending with USCIS at U.S. Consulate General in Ciudad Juarez.,,,,,,,,,,
303,810198,1/16/2009,Congressman Don Young,Rep. Don Young writes on behalf of his constituent<b><Q> regarding his TWIC.,,,,,,,,,,
304,808968,1/15/2009,,"In response to the requirement established by House Conference Report 108-280 accompanying the Department of Homeland Security Appropriations Act of 2004, the United States Visitor and Immigrant Status Indicator Technology (US-VISIT) Program is providing this monthly status report on the planned and actual deployment of US-VISIT entry and exit systems and equipment at air, sea, and land ports. The report also includes related deployment schedules and other information for US-VISIT increments.",,,,,,,,,,
305,810391,1/19/2009,,"Thompson requests information about job vacancies that remained open for less than 14 days between November 4, 2008 and January 15, 2009.",,,,,,,,,,
306,810875,1/1/2009,,No workflow created,,,,,,,,,,
307,810876,1/1/2009,,no workflow created,,,,,,,,,,
308,,,,,,,,,,,,,,
309,811234,1/29/2009,,"In a response to a requirement established by the Committee on Appropriations for the U.S. House of Representatives, US-VISIT is required to submit quarterly reports that address coordination with the Western Hemisphere Travel Initiative, Secure Border Initiative and other potential DHS efforts related to border security and interdiction of terrorist travel.",,,,,,,,,,
310,811307,1/29/2009,,Letters from USM to Congress regarding submission of FY2008 FISMA Report.,,,,,,,,,,
311,811452,1/30/2009,,VWP Transmittal Letters,,,,,,,,,,
312,,,,,,,,,,,,,,
313,Policy Congressional Report,,,,,,,,,,,,,
314,Opened Between 02/01/2009 and 02/28/2009,,,,,,,,,,,,,
315,WF#,Receive Date,Congressman Name,Subject of Request,,,,,,,,,,
316,813497,2/13/2009,Congressman Gary L. Ackerman,Constituent |(b)(6)    requests status of refugg/aslee relative petition for his relative.,,,,,,,,,,
317,813739,2/17/2009,Congressman Gary L. Ackerman,Constituentrequesting status of 1-730 for his wife (4(6) (b)(6),,,,,,,,,,
318,814052,2/19/2009,Congressman Gary L. Ackerman,Constituent (b)(6)    requests status of 1-130 for his son (4(4 (b)(6),,,,,,,,,,
319,814143,2/20/2009,Congressman Gary L. Ackerman,Constituent<b)(6t    [requests status of daughter (b)(6)    1-730.,,,,,,,,,,
320,814986,2/26/2009,Congressman Gary L. Ackerman,4)4)    regard the Refugee/As vice Relative Petition for his beneficiaries.,,,,,,,,,,
321,814991,2/26/2009,Congressman Gary L. Ackerman,(4(4    -egarding the Refugee/Asylee Relative Petition for her beneficiaries.,,,,,,,,,,
322,814993,2/27/2009,Congressman Gary L. Ackerman,(4(4    regarding the Refugee/Asylee Relative Petition for beneficiary.,,,,,,,,,,
323,814999,2/27/2009,Congressman Gary L. Ackerman,(4(4    regarding the Refugee/Asylee Relative Petition for her beneficiary.,,,,,,,,,,
324,,,,,,,,,,,,,,
325,813191,2/11/2009,Congressman Daniel K. Akaka,"Sen Daniel K. Akaka writes on behalf of his constituent,<b)(6>    | concerning government programs to support the development of his port security project.",,,,,,,,,,
326,813193,2/11/2009,Congressman Daniel K. Akaka,"Writes to invite a DHS representative to testify at a hearing before the Senate Subcommittee on Oversight of Government Management, the Federal Workforce, and the District of Columbia on February 26, 2009 at 2:30 pm.",,,,,,,,,,
327,811990,1/28/2009,Congressman Arash,Complaint at DTW airport,,,,,,,,,,
328,812783,2/6/2009,Congressman Michael Arcuri,"Status of 1-601, and 1-130 for constituents wife (b)<6)",,,,,,,,,,
329,812994,2/10/2009,Congressman Spencer Bachus,Ada Mailout requires status of N-648 of her husband <b>(b! (b)(6),,,,,,,,,,
330,814981,2/27/2009,Senator John Barrasso,"(b>(6)    and application for Temporary Employment Certification seo his office bva sheep rancher from (b)(6) |Wyoming, regarding his concerns with rthe changes of regulations and papwrwork for H-2A workers.",,,,,,,,,,
331,,,,,,,,,,,,,,
332,814985,2/27/2009,Senator John Barrasso,"<b><6>    i>f Wyoming, regarding the changes in the H2A program.",,,,,,,,,,
333,811915,2/2/2009,"Congressman J, Gresham Barrett",Status of wifes    immigration,,,,,,,,,,
334,813490,2/13/2009,Congressman J. Gresham Barrett,Constituent    Requests assistance for clien1(b>(6> (t)X6>    |to return to US.,,,,,,,,,,
335,814377,2/24/2009,Congressman John Barrow,Constituent (bX6)    requests status of his work permit.,,,,,,,,,,
336,811663,2/2/2009,"Congressman Joe L, Barton",Status of 1-730 for her son <b!<6>,,,,,,,,,,
337,814582,2/25/2009,Congressman W. Ralph Basham,"Letters to Congressional Committees requesting concurrence to the proposed closure of the Los Angeles, California Drawback Center.",,,,,,,,,,
338,814896,2/26/2009,Congressman Evan Bayh,"Powerway, Inc. file I-290B and I-140 on behalf of",,,,,,,,,,
339,813221,2/11/2009,Congressman Marion Berry,Constituent <b K'3’    equests help with wife and childrens I-130 from Cambodia.,,,,,,,,,,
340,,,,,,,,,,,,,,
341,813486,2/13/2009,Congressman Judy Biggert,Asking for verification that additional evidence for constituent <b)(6) (b)(6)    husband 1-601 application wasrecieved.,,,,,,,,,,
342,812300,2/3/2009,Congressman Jeff Bingaman,Regarding background check for his mother-in-law<bK6) (b)(6)    |,,,,,,,,,,
343,812234,2/4/2009,Congressman Timothy H. Bishop,"Congressman Bishop writes the Secretary about his concerns for moving Plum Island Animal Disease Center from Plum Island, NY to Manhattan, Kansas. He also requests a meeting with the Secretary to discuss further.",,,,,,,,,,
344,814134,2/4/2009,Congressman Timothy H. Bishop,"Congressman Bishop writes the Secretary about his concerns for moving Plum Island Animal Disease Center from Plum Island, NY to Manhattan, Kansas. He also requests a meeting with the Secretary to discuss further.",,,,,,,,,,
345,812866,2/9/2009,Congressman John Boccieri,(b)(6)    regarding a (1601 waiver).,,,,,,,,,,
346,812905,2/9/2009,Congressman John Boccieri,Re: the status of an 1-130.,,,,,,,,,,
347,814269,2/24/2009,Congressman John Boozman,Constituents pH0)    Irequests status of adoption of(b)(6) (b)(6),,,,,,,,,,
348,,,,,,,,,,,,,,
349,814283,2/24/2009,Congressman John Boozman,Constituent^6!    Requests status of wife's (4(4 (4(4    | oath ceremony date.,,,,,,,,,,
350,814635,2/25/2009,Congressman John Boozman,Constituent <4(4    |requests status of families 1-730.,,,,,,,,,,
351,812538,2/5/2009,Senator Barbara Boxer,Requesting status of immigrant visa for (4(4,,,,,,,,,,
352,813157,2/10/2009,Congressman Kevin Brady,Re: WorkPermit.,,,,,,,,,,
353,814363,2/24/2009,Congressman Robert A. Brady,Constituent|(4(4    equesting status of fiancee (4(4 (4(4    [-129F.,,,,,,,,,,
354,814573,2/24/2009,Congressman Henry E. Brown,Writes on behalf of constituent (4(4    egarding his denied visa.,,,,,,,,,,
355,814098,2/19/2009,Senator Sherrod Brown,"Constituent (4(4    Request status of wife’s |(4(4    |l-485.1- 130,1-765, an 1-131.",,,,,,,,,,
356,,,,,,,,,,,,,,
357,813390,2/12/2009,Congressman Ginny Brown-Waite,Rep. Ginny Brown-Waite writes to express his satisfaction with Former President George Bush's decision to pardon border patrol agents Ignacio Ramos and Jose Compean and to express his availability for any assistance the former S1 may need.,,,,,,,,,,
358,813975,2/19/2009,Congressman Sam Brownback,"Sen. Sam Brownback, Sen. Pat Roberts, and Rep. Todd Tiabrt write to express their concerns with the Large Aircraft Security Program.",,,,,,,,,,
359,814276,2/24/2009,Congressman Jim Burning,Constituent (b>(6>    requests status of husband’s <b)(6) (b)(6)    immigration case.,,,,,,,,,,
360,814704,2/25/2009,Congressman Robert C. Byrd,Senator Byrd requests a plan of compliance with the Fiscal Year 2009 Homeland Security Appropriations Act in regard to staff funding for the Federal Protective Service.,,,,,,,,,,
361,814237,2/23/2009,Congressman Dave Camp,Writes on behalf of constituent{bK6>    regarding his concern with fingerprint check he submitted to the Department of Homeland Security.,,,,,,,,,,
362,811875,2/2/2009,Congressman Eric Cantor,Status of I-129F for her husband.,,,,,,,,,,
363,812364,2/5/2009,Congressman Eric Cantor,Status of 1-485.,,,,,,,,,,
364,,,,,,,,,,,,,,
365,814008,2/19/2009,Senator Maria Cantwell,Sen. Maria Cantwell writes on behalf of her constituent(bK6> lbk6)    :onceming a complaint filed with DHS.,,,,,,,,,,
366,812788,2/5/2009,Congressman Shelley Moore Capito,Constituent^    requires help getting immigration status documentation for himself.,,,,,,,,,,
367,813002,2/10/2009,Congressman Shelley Moore Capito,tD)t6)    regarding problems witlfb)(6),,,,,,,,,,
368,812360,2/5/2009,Congressman Lois Capps,Trying to obtain proof of citizenship for herself.,,,,,,,,,,
369,813190,2/11/2009,Senator Robert P. Casey,Sen. Casey writes on behalf ol(bxe*    egarding the return of his son ^b)(6)    I,,,,,,,,,,
370,814280,2/24/2009,Congressman Kathy Castor,Constituent {b)(6)    requests status of her 1-94,,,,,,,,,,
371,813778,1/17/2009,Senator Saxby Chambliss,Constituent <b><6)    lasking for help renewing drivers Licence showing naturalization certificate.,,,,,,,,,,
372,814992,2/27/2009,Senator Saxby Chambliss,Renewal of Driver's License - SAVE Verification,,,,,,,,,,
373,813873,2/18/2009,Congressman Donna M. Christensen,Representative Christensen writes with questions regarding mail seizures by U.S. Customs and Border Protection.,,,,,,,,,,
374,812494,2/5/2009,Congressman William Lacy Clay,Status of 1-485.,,,,,,,,,,
375,,,,,,,,,,,,,,
376,812559,2/5/2009,Congressman William Lacy Clay,Status of 1-485 for (bx6),,,,,,,,,,
377,813435,2/12/2009,Congressman William Lacy Clay,",b)t6)    (""equests status of her husband's (b)(6)    1-130 under review since2005.",,,,,,,,,,
378,811756,2/2/2009,Congressman Emanuel Cleaver,"Rep. Emanuel Cleaver, II writes on behalf of his constituent)^6) <b,t6) (""egarding the reason for the decline of his federal job application by ICE.",,,,,,,,,,
379,814123,2/20/2009,Senator Tom A. Cobum,"Requests information on an upcoming continuity of operations conference to be held in Las Vegas, Nevada.",,,,,,,,,,
380,812617,2/5/2009,Senator Susan M. Collins,Writes recommending)^6)    to a position in the DHS Office of General Counsel.,,,,,,,,,,
381,813226,2/11/2009,Senator Susan M. Collins,Statusof L495 foLb)|6!,,,,,,,,,,
382,814055,2/19/2009,Senator Susan M. Collins,Constituent/1^    request help with immigrating (b)(6),,,,,,,,,,
383,,,,,,,,,,,,,,
384,813488,2/13/2009,Congressman John Conyers,"Writes concerning allegations of misconduct by the Maricopa County, Arizona Sheriff.",,,,,,,,,,
385,811882,2/2/2009,Senator Bob Corker,Denial of I-140 petition for alien worker <b^6),,,,,,,,,,
386,812287,2/4/2009,Senator Bob Corker,"Status of claim. No specific nember mentioned, but refer to wf#797133.",,,,,,,,,,
387,812204,2/3/2009,Senator John Cornyn,"Senator John Cornyn writes on behalf of his constituent, Texas State Representative Craig Eiland, requesting assessment and reimbursement for damages from Hurricane Ike.",,,,,,,,,,
388,812776,2/6/2009,Senator John Cornyn,Constituentrequests assistance with posible denial of wife'd(b)(6)    B-130.,,,,,,,,,,
389,813280,2/12/2009,Senator John Cornyn,Constituent(bK6)    requests assistance with 1-129 for himself.,,,,,,,,,,
390,814647,2/24/2009,Senator John Cornyn,Constituent b:>K6i    'equests status of husband lb!<6! (b)(6)    1-130.,,,,,,,,,,
391,,,,,,,,,,,,,,
392,814654,2/24/2009,Senator John Cornyn,Constituentrequest status for husband(bH6! deportation case.,,,,,,,,,,
393,814660,2/24/2009,Senator John Cornyn,"Constituent W)    requests status of 1-130, 1_485,1-864, and 1-601 application for husband'b'(6)",,,,,,,,,,
394,812060,2/3/2009,Senator Michael D. Crapo,Status of visa for <b)(e'},,,,,,,,,,
395,812078,2/3/2009,"Senator Michael D, Crapo","Status of Husbands 1-601,",,,,,,,,,,
396,813324,2/12/2009,Congressman. Elijah E. Cummings,Constituent(b)(6)    ‘equests status of 1-765.,,,,,,,,,,
397,814225,2/23/2009,Congressman Elijah E. Cummings,Congressman Elijah Cummings writes to Admiral Allen regarding accusations made against the Coast Guard's Office of Civil Rights (OCR).,,,,,,,,,,
398,814479,2/24/2009,Congressman Geoff Davis,Congressional fellow (bt(i7    writing on behalf of Rep.Davis who requests a briefing of FEMA officials by Union Springs Pharmaceuticals Company reps.,,,,,,,,,,
399,814108,2/20/2009,Congressman Lincoln Davis,Contituenl(bX6)    (requests status of husbands (b)(6)    I-129B appeal.,,,,,,,,,,
400,,,,,,,,,,,,,,
401,,,,,,,,,,,,,,
402,814906,2/25/2009,Congressman. Lincoln Davis,Writes to request a speaker for the 2009 Federal Funding Seminar hosted by Congressmen Lincoln Davis.,,,,,,,,,,
403,813196,2/11/2009,Congressman Susan A. Davis,Rep. Susan Davis writes regarding the environmental and public access concerns associated with Border Field State Park.,,,,,,,,,,
404,814642,2/25/2009,Congressman William D. Delahunt,"Writes on behalf of a constituent,px0)    (regarding procurement of interactive language learning tools for emergency responders.",,,,,,,,,,
405,812352,2/4/2009,Congressman Jim DeMint,Expedite of her h us bands)1numeration case.,,,,,,,,,,
406,812552,2/5/2009,Congressman Charles W. Dent,Writes on behalf of constituent(b)(6!    and requests an expedited processing of his citizenship application in light of his service to our country.,,,,,,,,,,
407,812901,2/9/2009,Congressman Charles W. Dent,<b)(6-)    seeks United States citizenship based on his service as bi-lingual security advisor,,,,,,,,,,
408,812583,2/5/2009,Congressman Lincoln Diaz-Balart,Request Temporary Protected Status (TPS) be granted to Haitian nationals currently in the United States.,,,,,,,,,,
409,814893,2/26/2009,Congressman Lincoln Diaz-Balart,<b>(6)    requests a status on his immigration case,,,,,,,,,,
410,,,,,,,,,,,,,,
411,813067,2/10/2009,Congressman Norman Dicks,Rep. Norm Dicks writes to thank SI for her decision to conduct a review of the Northern Border Strategy and expresses his concerns with Border Patrol vehicle checkpoints.,,,,,,,,,,
412,811678,I/3O/2OO8,Congressman Christopher J. Dodd,<b)(6)    ^quests status of her sons' refuguee applications.,,,,,,,,,,
413,814633,2/25/2009,Congressman Christopher J. Dodd,Requests information on the status of the interagency review of the authorities in the Defense Production Act. FEMA Folder 96015 is assigned to the Office of Policy and Program Analysis.,,,,,,,,,,
414,812780,2/6/2009,Congressman Byron L. Dorgan,ConstituentpMM    Irequests status of wife'sjxx0) XK6) 5etition for immigration.,,,,,,,,,,
415,813628,2/13/2009,Congressman Byron L. Dorgan,Regarding collection efforts against (bX6>,,,,,,,,,,
416,812802,2/6/2009,Congressman David Dreier,"Rep. David Dreier, Rep. Brian Bilbray, and Rep. Duncan Hunter request that DHS complete the security fence along the U.S.-Mexico border.",,,,,,,,,,
417,814902,2/26/2009,Congressman David Dreier,requests on her husband’s immigration case,,,,,,,,,,
418,812275,2/4/2009,Senator Richard J. Durbin,Status of 1-829 for himself.,,,,,,,,,,
419,,,,,,,,,,,,,,
420,813483,2/13/2009,Senator Richard J. Durbin,"Constituent(b)(6)    request status of their Humanitarian Parole request for their child's doctor, (4(4",,,,,,,,,,
421,812681,2/6/2009,Congressman Donna F. Edwards,Regarding status of constituents wife (4(4,,,,,,,,,,
422,812766,2/6/2009,Congressman Donna F. Edwards,Consitueni (4(4    'equests help with wife's (b)(6) (b)vC)    denial of immigrant visa.,,,,,,,,,,
423,813311,2/11/2009,Congressman Donna F. Edwards,Constituent (4(4    regarding denail of sisters and brother-in- laws tourist visa to attend (4(4    |son’s wedding.,,,,,,,,,,
424,813354,2/5/2009,Congressman Donna F. Edwards,Constituent(bK6)    requests assistance with the 1-360 for her son,,,,,,,,,,
425,,,,(b)(6),,,,,,,,,,
426,813375,2/5/2009,Congressman Donna F. Edwards,(4(4    Irequests status of 1-130 he filed for his rwife (4(4,,,,,,,,,,
427,,,,(b)(6)    -,,,,,,,,,,
428,813377,2/5/2009,Congressman Donna F. Edwards,Constituent    ’equests status of visa for employee Diminga Pereira de Caravalho.,,,,,,,,,,
429,,,,,,,,,,,,,,
430,813384,2/5/2009,Congressman Donna F. Edwards,ConstituentfibX6)    requests status of son's (bX0>    I- 797.,,,,,,,,,,
431,813386,2/5/2009,Congressman Donna F. Edwards,ConstituentlfX6)    Irequests status of wife's FbK6' (bX0)    petition.,,,,,,,,,,
432,812777,8/1/2016,Congressman Jo Ann Emerson,Reps. Emerson and Clay write regarding TSA's all-cotton uniforms.,,,,,,,,,,
433,814897,2/26/2009,Congressman Jo Ann Emerson,"regarding the status of forms 1-130,1-765 and an 1-131.",,,,,,,,,,
434,811942,2/3/2009,Congressman John Ensign,Verification of his immigration status.,,,,,,,,,,
435,811727,2/2/2009,Congressman Russell D. Feingold,Writes on behalf of constituent|(bX6>    |who is a nurse and is concerned with the congressional mandate that requires a collection of personal information of all licensed professionals in a national database.,,,,,,,,,,
436,813234,2/11/2009,Congressman Russell D. Feingold,Constituent l^X0)    Irequestsine status of her husbands <bX0)    immigrant visa.,,,,,,,,,,
437,813320,2/11/2009,Congressman Russell D. Feingold,Constituent kX6)    Requests status of 1-131 petition for his son,,,,,,,,,,
438,,,,,,,,,,,,,,
439,,,,,,,,,,,,,,
440,812942,2/9/2009,Senator Dianne Feinstein,(b)(6)    Iwants to know status of husbands 1-601 waiver case.,,,,,,,,,,
441,813874,2/18/2009,Senator Dianne Feinstein,Constituent Fb)(6)    ts requesting status of husband’s Fb)(6)    1 [-601.,,,,,,,,,,
442,814885,2/26/2009,Congressman Jeff Flake,<bt<6'    I would like assistance to help her sister and brother- in-law and nephew to file for legal permanent residence in the United States.,,,,,,,,,,
443,813055,2/10/2009,"Congressman J, Randy Forbes","Rep, J, Randy Forbes writes on behalf of his constituent (b)(6)    fegarding ICE's reply to bis denial of FPS employment.",,,,,,,,,,
444,814145,2/20/2009,"Congressman J, Randy Forbes",Consituen^b)(6)    requests status of 1-797. for he and his wife (b)(6)    |,,,,,,,,,,
445,812646,2/5/2009,"Senator Kirsten E, Gillibrand","Sen, Gillibrand requests ICE cease the practices of unwarranted home raids and deporting immigrants that have been removed from their homes.",,,,,,,,,,
446,,,,,,,,,,,,,,
447,814855,2/26/2009,Congressman Phil Glngrey,Rep. Gingrey writes regarding the TSA Security Directive that will impact the private charter airline industry.,,,,,,,,,,
448,814172,2/20/2009,Congressman Louie Gohmert,Supports the grant application submitted by the Nacogdoches Regional Emergency Operations Center.,,,,,,,,,,
449,812821,2/6/2009,Congressman Robert W. Goodlatte,"Rep. Goodlatte writes on behalf of his constituent,(b)(6>    I regarding his experience as a subcontractor during hurricanes Ike and Gustov.",,,,,,,,,,
450,814013,2/19/2009,Congressman Robert W. Goodlatte,"Rep. Bob Goodlatte writes on behalf of his constituent, )b>)6> regarding his request for an update on the status of his TWIC application.",,,,,,,,,,
451,812505,2/5/2009,Senator Lindsey O. Graham,1-140 denied. Would like to appeal using 1-148 even though 30 day period has lapsed.,,,,,,,,,,
452,814266,2/24/2009,Senator Charles E. Grassley,Constituent^))6)    requests status of 1-797 for her husband(b)(6),,,,,,,,,,
453,813857,2/18/2009,Congressman Judd Gregg,"Senator Gregg writes on behalf of his constituent, ,b),b) regarding his CBP transfer.",,,,,,,,,,
454,813878,2/18/2009,Congressman Parker Griffith,Constituent^))0)    requests status of his wife's )b)(6)    L60L,,,,,,,,,,
455,,,,,,,,,,,,,,
456,812365,2/5/2009,Congressman Raul M. Grijalva,Status of Husband’sf(4(4    loendine waiver.,,,,,,,,,,
457,812595,2/5/2009,Congressman Raul M. Grijalva,Status of 1-601 on behalf of her husband (b)(6!,,,,,,,,,,
458,812689,2/5/2009,Congressman Raul M. Grijalva,Constituent (4(4    would like to know status of 1-601 waiver in New Delhi.,,,,,,,,,,
459,813470,2/13/2009,Congressman Raul M. Grijalva,Raul M. Grijalva writes on behalf of his constituent '4(4 concerning the resolution of his TRIP inquiry.,,,,,,,,,,
460,813663,2/17/2009,Congressman Raul M. Grijalva,Rep. Raul Grijalva writes formally recommending1^6!    If or a position in USCIS.,,,,,,,,,,
461,814354,2/23/2009,Congressman Raul M. Grijalva,Constituent^6!    lomnlaint acainst e-verifv wrongly reflecting his status for employment.,,,,,,,,,,
462,814865,2/25/2009,Congressman Raul M. Grijalva,<4(4    filed 1-601 for (b!(6!,,,,,,,,,,
463,811674,2/2/2009,Congressman Ralph M. Hall,Status of 1-130 for his wife^6!,,,,,,,,,,
464,,,,,,,,,,,,,,
465,814569,2/24/2009,Congressman Jane Harman,Express opposition to the transfer of the Civil Applications Committee from Department of the Interior to DHS and urge S1 to close the National Applications Office.,,,,,,,,,,
466,814362,2/23/2009,Senator Orrin G. Hatch,ConstitutentpX0)    requests status of daughters pX0)    1 immigration.,,,,,,,,,,
467,814259,2/23/2009,Congressman Jeb Hensarling,ConstituentpX0)    Irequests status of certification of citienship.,,,,,,,,,,
468,814468,2/24/2009,Congressman Maurice D. Hinchey,"Writes to support the funding request from Leprechaun Lines, Inc. under the Intercity Bus Security Grant Program.",,,,,,,,,,
469,814703,2/25/2009,Congressman Ruben Hinojosa,Rep. Ruben Hinojosa writes to request consideration of $25 million for commercial facilities at the Donna/Rio Bravo International Bridge.,,,,,,,,,,
470,814620,2/25/2009,Congressman Paul W. Hodes,Writes to congratulate Secretary Napolitano on her confirmation as Secretary of Homeland Security.,,,,,,,,,,
471,813308,2/12/2009,Congressman Tim Holden,ConstituentPX0)    Irequests status of 1-485 for himself.,,,,,,,,,,
472,814840,3/26/2009,Congressman Tim Holden,|(bX0)    Irequests assistance with her husband's application for green card status.,,,,,,,,,,
473,,,,,,,,,,,,,,
474,,,,,,,,,,,,,,
475,814688,2/25/2009,Congressman Rush Holt,Congressman Holt seeks assistance for XX6)    fegarding 1-485.,,,,,,,,,,
476,813383,2/12/2009,Congressman Michael M. Honda,Rep. Honda writes on behalf of constituent XX6)    | regarding his TWIC card.,,,,,,,,,,
477,813208,2/11/2009,Congressman Steny H. Hoyer,"Rep. Hover recommend^bX6)    for the position of Assistant Comissioner of Congressional Affairs, Customs and Border Protection.",,,,,,,,,,
478,813216,2/11/2009,Congressman Duncan Hunter,Constituent|X)(0)    Regarding status of his son’s (Athir A. Jabraeel) visa.,,,,,,,,,,
479,812513,2/5/2009,Senator Johnny Isakson,Immigrant visa for husband (b)(6),,,,,,,,,,
480,814076,2/19/2009,Senator Johnny Isakson,Constituent(XX6)    (-equests status of 1-601 for his wife|XX0) b)(b),,,,,,,,,,
481,814541,2/24/2009,Senator Johnny Isakson 1,Constituent X>(6>    peouests assistance with wife[XXS)    | XX0) |I-601 which was denied.,,,,,,,,,,
482,,,,,,,,,,,,,,
483,814546,2/24/2009,Senator Johnny Isakson,Constituent(b)<6)    is requesting assistance with expediting wife's 1-601.,,,,,,,,,,
484,814998,2/26/2009,Senator Johnny Isakson,(b>(6)    Irequests review of her husband's case,,,,,,,,,,
485,814640,2/24/2009,Congressman Darrell Issa,ConstituentpX0)    requests assistance with wifes fax0) bX0) |case.,,,,,,,,,,
486,814722,2/25/2009,Congressman Eddie Bernice Bernice Johnson,Approval of the City of Dallas to be considered as Regional Center Designation,,,,,,,,,,
487,814958,2/27/2009,Congressman Walter B. Jones,"re a wavier request for ,bX0)",,,,,,,,,,
488,812486,2/5/2009,Congressman Jim Jordan,Status of wife’s (bX6)    1-485,,,,,,,,,,
489,812271,2/4/2009,Senator John F. Kerry,Writes S1 to provide to the Senate Foreign Relations Committee analysis and judgements regarding the current national security status.,,,,,,,,,,
490,814378,2/24/2009,Congressman Mary Jo Kilroy,Constituent )bX0)    requests assistance with citizenship certification.,,,,,,,,,,
491,,,,,,,,,,,,,,
492,814552,2/24/2009,Congressman Ron Kind,Congressman writes on behalf of constituent (unknown) who questions why Haitian and Cubans qualify for BadgerCare automatically.,,,,,,,,,,
493,812743,2/6/2009,Congressman Steve King,Constituent    is requesting a refund for an overpayment on an 1-465.,,,,,,,,,,
494,813473,2/13/2009,Congressman Mark Steven Kirk,Writes regarding a security screening evaulation system developed by his constituentJtbX6)    |,,,,,,,,,,
495,814833,2/13/2009,Congressman Mark Steven Kirk,"Writes regarding a security screening evaulation system developed by his constituent,|<bX6)    |",,,,,,,,,,
496,813402,2/12/2009,Congressman Ann Kirkpatrick,Constituent <bX0)    (regarding N-600 for bis son.,,,,,,,,,,
497,812001,2/3/2009,Senator Amy Klobuchar,Regarding 1-601 for his wife|(b>(0)    |,,,,,,,,,,
498,812379,2/4/2009,Congressman Frank Kratovil,"Help with her and husband's |,bX0)    extension of R-2 visa.",,,,,,,,,,
499,814162,1/23/2009,Congressman Jon R. Krohmer,"The attached document is a written statement for the record for the DHS Testimony hearing before the Senate Committee on Homeland Security and Government Affairs on February 26, 2009.",,,,,,,,,,
500,,,,,,,,,,,,,,
501,811728,2/2/2009,Congressman Leonard Lance,Status of 1-730 for her daughter XX6),,,,,,,,,,
502,814295,2/24/2009,Congressman Leonard Lance,Constituent requesting status of 1-130.,,,,,,,,,,
503,812579,2/5/2009,Senator Mary L. Landrieu,Requests recovery and rebuilding aid in Louisiana for damages caused by Hurricane Rita. Assigned to the FEMA Disaster Assistance Division.,,,,,,,,,,
504,814980,2/26/2009,Senator Mary L. Landrieu,Re XX0)    family—an approved 1-130 petition.,,,,,,,,,,
505,812550,2/5/2009,Congressman Rick Larsen,Rep. Rick Larsen writes to thank S1 for ordering a review of security along the Canadian/American border and makes policy suggestions.,,,,,,,,,,
506,814496,2/24/2009,Senator Frank R. Lautenberg,"Writes to support the funding request from A-l Limousine, Inc. under the Intercity Bus Security Grant Program.",,,,,,,,,,
507,812005,2/3/2009,Senator Patrick J. Leahy,Expresses an interest in making the EB-5 Regional Center program permanent and in working together to improve information sharing.,,,,,,,,,,
508,813350,2/11/2009,Senator Patrick J. Leahy,Constituent [XX6)    Ireuuest status of adoption of girl child from Vietnam.,,,,,,,,,,
509,,,,,,,,,,,,,,
510,814618,2/25/2009,Senator Patrick J. Leahy,Writes to address concerns with the Justice Department's misrepresentation of Congress's intent with respect to Immigration and Nationality Act's terrorism-related bars in the case of Kyemba v. Bush.,,,,,,,,,,
511,814693,2/25/2009,Senator Patrick J. Leahy,Writes to recommendP11'3'1    Ito the position of Under Secretary for Management in DHS.,,,,,,,,,,
512,814720,2/25/2009,Senator Patrick J. Leahy,",b)(6)    application for the Form Service Representative in Willistoon, Vermont",,,,,,,,,,
513,812961,2/9/2009,Senator Carl Levin,Writes on behalf of constituent <bX0)    regarding claims of her phone being wiretapped and being tracked by DHS.,,,,,,,,,,
514,813664,2/17/2009,Senator Carl Levin,ConstituentpX0)    keaurests status of 1601 for her husband (b)(6),,,,,,,,,,
515,814601,2/25/2009,Congressman Blanche Lincoln,Members of Congress write to invite S1 to visit the Domestic Preparedness Equipment Technical Assistance Program (DPETAP) and suggest that DPETAP receive additional funding.,,,,,,,,,,
516,814524,2/24/2009,Congressman Zoe Lofgren,Constituent (bX0)    'equests status of husband (bX0) <bX6)    1 i.60i,,,,,,,,,,
517,,,,,,,,,,,,,,
518,,,,,,,,,,,,,,
519,814136,2/20/2009,Congressman Nita M. Lowey,Writes on behalf of a consituentF’XS)    lwho is seeking employment with DHS.,,,,,,,,,,
520,813316,2/11/2009,Congressman Frank D. Lucas,Constituent (bX0)    requests USCIS to review a form she plans to use in her employment placement business.,,,,,,,,,,
521,813005,2/10/2009,Congressman Richard G. Lugar    i,(bX6)    requests status of his client|<b)<6)    1-601.,,,,,,,,,,
522,814607,2/25/2009,Congressman Carlos Mariam,Rep. Carlos Mariani (along with Minnesota House of Representatives and Minnesota Senate) writes to express his concerns about ICE polices and to make policy suggestions.,,,,,,,,,,
523,811671,1/7/2009,Congressman Mel Martinez,Status of I-140 for herself.,,,,,,,,,,
524,813047,2/10/2009,Congressman Mel Martinez,Korean Baptist Church seeks help with 1-360 appeal for (bK6> (b)(6),,,,,,,,,,
525,814976,2/26/2009,Congressman Mel Martinez,"Re appeal filed with USCIS, 1-140 immigrant petition.",,,,,,,,,,
526,814724,2/25/2009,Congressman Eric Massa,"Status check for(b)(6)    Li for his wife, fbX0)",,,,,,,,,,
527,,,,,,,,,,,,,,
528,814622,2/25/2009,Senator John McCain,ConstituenfXX0)    complaint against USCIS - FDNS officers searching home after (bX6)    Ifiled an 1-130 for his wife|XX0)    | (b)(6)    |,,,,,,,,,,
529,812575,2/4/2009,Congressman Michael McCaul,Status of his and his family's I-140/1-485.<b!<6>,,,,,,,,,,
530,,,,(b)(6)    |,,,,,,,,,,
531,813445,2/12/2009,Congressman Michael McCaul,(b>t6>    Regarding his immigration status.,,,,,,,,,,
532,813757,2/17/2009,Congressman Michael McCaul,Constituent (b)X)    1S requesting status of wife's 1-601 application.,,,,,,,,,,
533,814903,2/25/2009,Congressman Michael McCaul,",bKb)    regarding her request for assistance on a privacy authorization form and other documentation",,,,,,,,,,
534,813425,2/12/2009,Congressman Betty McCollum,Constituents XX6)    |,,,,,,,,,,
535,,,,lb:'(b>    request assistance with preventing deportation.,,,,,,,,,,
536,811683,1/30/2009,Congressman James P. McGovern,None stated.,,,,,,,,,,
537,812555,2/5/2009,Congressman Charlie Melancon,"Requests an extension of the Disaster Housing Assistance Program, set to expire on February 28, 2009.",,,,,,,,,,
538,,,,,,,,,,,,,,
539,,,,,,,,,,,,,,
540,814402,2/24/2009,Congressman Charlie Melancon,Rep. Melancon writes regarding a contract dispute involving the construction of a jetty project in 2005.,,,,,,,,,,
541,811993,2/3/2009,Senator Robert Menendez,"Regarding his request for reimbursement of his annual leave accrued while employed at CBP and the transfer of his accrued sick leave from CBP to him at his new employer, US Dept. of state.",,,,,,,,,,
542,814024,2/19/2009,Senator Jeff Merkley,Constituen <bX'X    Requests status of fiancee visa.,,,,,,,,,,
543,814838,2/26/2009,Congressman John L. Mica,Expresses concerns regarding an OIG classified briefing on airport security penetration testing.,,,,,,,,,,
544,811739,2/2/2009,Senator Barbara A. Mikulski,Status of I-290B for self.,,,,,,,,,,
545,812554,2/5/2009,Senator Barbara A. Mikulski,Status of 1-290B for <bX6>,,,,,,,,,,
546,813578,2/13/2009,Senator Barbara A. Mikulski,"Responds to A/S OLA January 29, 2009 letter and requests follow-up information regarding the Maryland State Police Efforts and DHS involvement with the DC Anti-War Network.",,,,,,,,,,
547,,,,,,,,,,,,,,
548,813282,2/12/2009,Congressman Gary G. Miller,Constituent |fbX6>    Irequests status of wife’s 1290B application.,,,,,,,,,,
549,811989,2/3/2009,Congressman Walt Minnick,Status of Immigrant visa for her husband l(b)(6>    1,,,,,,,,,,
550,813783,2/17/2009,Congressman Walt Minnick,Constituent (bH0)    fcs requesting assistance with EB1- OR for green card.,,,,,,,,,,
551,813036,2/10/2009,Congressman Harry E. Mitchell,"(b,(d)    writes concerning the threat criminal aliens pose to communities in border states.",,,,,,,,,,
552,813630,2/11/2009,Congressman Harry E. Mitchell,Congressman concerned about illegal immigrants living in public housing.,,,,,,,,,,
553,813198,2/10/2009,Congressman Dennis Moore,Status of constituent spouse    ^-130 and 1-601.,,,,,,,,,,
554,813203,2/10/2009,Congressman Dennis Moore,Status of constituents l(bX6>    tmsbands <b><6) (W)    |-601.,,,,,,,,,,
555,813241,2/10/2009,Congressman Dennis Moore,"Constituent (b)(6>    requests status of 1-601 she filed for her husband <b)(6>    ""|",,,,,,,,,,
556,,,,,,,,,,,,,,
557,812521,2/5/2009,Congressman James P. Moran,Status of I-290B forP’H6)    H,,,,,,,,,,
558,811816,10/10/2008,Congressman Lee Morris,CBP Report to Congress - Third Party Validator Pilot Program,,,,,,,,,,
559,811820,10/20/2008,Congressman Lee Morris,GAO-08-598- NUCLEAR SECURITY: NRC and DHS Need to Take Additional Steps to Better Track and Detect Radioactive Materials,,,,,,,,,,
560,,,,,,,,,,,,,,
561,811833,10/16/2008,Congressman Lee Morris,USCG Report to Congress on the Threat of Terrorism to U.S. Ports and Vessels (2008),,,,,,,,,,
562,811849,10/15/2008,Congressman Lee Morris,TSA Report to Congress on Hardened Unit Load Devices (HULDs),,,,,,,,,,
563,814714,2/25/2009,Senator Lisa Murkowski,"Senator Murkowski, Senator Begich, and Rep. Young write to provide formal comments on the proposed LASP.",,,,,,,,,,
564,814846,2/26/2009,Senator Lisa Murkowski,"Regarding {b,(6)    who are in Alaska on visitor visas.",,,,,,,,,,
565,812909,2/7/2009,Congressman Christopher S. Murphy,Request to expedite the humanitaian parole application for )b>)0> |who is terminally ill.,,,,,,,,,,
566,,,,,,,,,,,,,,
567,812562,2/5/2009,Congressman Tim Murphy,"Rep. Tim Murphy writes on behalf of his constituent, concerning the status of his TRIP inquiry.",,,,,,,,,,
568,813313,2/11/2009,Senator Patty Murray,"Constituent (4(4    requesting help in getting new ""green card.""",,,,,,,,,,
569,812567,2/5/2009,Congressman Jerold Nadler,Status of 1-601 for her son (b)(6),,,,,,,,,,
570,811709,2/2/2009,Senator Bill Nelson,Seeking to reinstate her US citizenship.,,,,,,,,,,
571,814081,2/19/2009,Senator Bill Nelson,Constituent Sally Richards request status of her immigration documents.,,,,,,,,,,
572,813745,2/17/2009,Congressman James L. Oberstar,Constituent!^6*    Irequests helr> with expediting daughters (4(4    broof of citizenship.,,,,,,,,,,
573,812694,2/6/2009,Congressman Frank Pallone,Constituent|(b)(4    | status of his 1-1485 petition,,,,,,,,,,
574,812854,2/6/2009,Congressman Frank Pallone,(4(4    Iregarding her husband's I-601denied-I-290 case.,,,,,,,,,,
575,,,,,,,,,,,,,,
576,814904,2/26/2009,Congressman Frank Pallone,fb}(0}    tssistance to acquire United States citizenship,,,,,,,,,,
577,814262,2/23/2009,Congressman Pedro Pieri ui si,ConsitituentpX0)    bequests status of wife's (b)(0) <b>(0>    lease.,,,,,,,,,,
578,811786,2/2/2009,Congressman Ted Poe,Rep. Ted Poe writes regarding two Customs and Border Protection (CBP) convoys sent to assist the clean up of a CBP employee after Hurricane Ike.,,,,,,,,,,
579,814087,2/19/2009,Congressman David E. Price,ConstituentpX0)    requests help with immigration for her and her two daughters    I,,,,,,,,,,
580,814155,2/20/2009,Congressman David E. Price,ConstituentspX0)    Request the status of nannv'spX0)    LI visa.,,,,,,,,,,
581,814723,2/25/2009,Congressman George Radanovich,California Consortium for Agricultural Export application for a new Investment Alternative,,,,,,,,,,
582,811954,2/3/2009,Senator Jack Reed,Regarding families refugee resettlement case.,,,,,,,,,,
583,812551,1/5/2009,Senator Jack Reed,Regarding status of her appeal.,,,,,,,,,,
584,,,,,,,,,,,,,,
585,812422,2/4/2009,Congressman Silvestre Reyes,Expedition of I-130 for (b)(6),,,,,,,,,,
586,813875,2/18/2009,Senator Pat Roberts,Senator Pat Roberts writes on behalf of his constituent(b)<6)    | whose car was struck by an Immigration Officer.(bK6) awaits a response to his insurance claim.,,,,,,,,,,
587,814291,2/20/2009,Senator Pat Roberts,Writes on behalf of constituent l(b)(6)    I'eearding )b»6) (b)(6)    ll-94 form not beine returned with her B1/B2 visa when she was denied entry into the United States.,,,,,,,,,,
588,814626,2/25/2009,Congressman Ciro D. Rodriguez,Constituent (b^6)    'equests assistance in getting a copy of her naturalization certificate .,,,,,,,,,,
589,814683,2/25/2009,Congressman Ciro D. Rodriguez,Constituent |(b»6)    requests status of wife (b)(6)    11-130.,,,,,,,,,,
590,814905,2/26/2009,Congressman Ciro D. Rodriguez,"<b,(t!)    equests assistance with his spouse's 1-130 petition",,,,,,,,,,
591,811715,2/2/2009,Congressman Steven R. Rothman,1-131 for his siter-in-lawFb}(6>    1,,,,,,,,,,
592,,,,,,,,,,,,,,
593,813081,2/10/2009,Congressman Gregorio Sablan,Representative Sablan requests a delay in the commencement of the transition period concerning Federal Government regulation of immigration to the Commonwealth of the Northern Marina Islands.,,,,,,,,,,
594,812151,2/3/2009,Senator Bernard Sanders,Rep. Bernard Sanders writes on behalf of his constituent<b)(6) concerning the detainment of|(b)(6)    |,,,,,,,,,,
595,812368,2/4/2009,Congressman Kurt Schrader,Regarding denial of N400.,,,,,,,,,,
596,813213,2/11/2009,Congressman Kurt Schrader,Constituent |X)(6)    requires status of husband's XX6)    1-601.,,,,,,,,,,
597,812786,2/6/2009,Senator Charles E. Schumer,Sen. Schumer writes in support of funding for the Albany County Airport Authority under TSA's Law Enforcement Officer Reimbursement Grant Program.,,,,,,,,,,
598,813469,2/13/2009,Senator Charles E. Schumer,"Senator Schumer writes oh behalf of his constituent, X)(6) and her TRIP inquiry.",,,,,,,,,,
599,814960,2/25/2009,Congressman Joe Sestak,Representative Sestak requests DHSand USCIS position on expiring Temporary Protected Status,,,,,,,,,,
600,812333,2/4/2009,Senator Richard C. Shelby,Status of wife’s |X)(6)    | application for admission to US as permanent resident.,,,,,,,,,,
601,,,,,,,,,,,,,,
602,815006,2/25/2009,Senator Richard C. Shelby,(bX0)    requests status of his wife's case,,,,,,,,,,
603,815007,2/25/2009,Senator Richard C. Shelby,requests status on his wife's case,,,,,,,,,,
604,812362,2/5/2009,Congressman Brad Sherman,"Status of 1-601 filed by his wife <b,l'6i",,,,,,,,,,
605,813444,2/12/2009,Congressman Brad Sherman,requests status of husbands MX)    I- 601 application.,,,,,,,,,,
606,814835,2/26/2009,Congressman Brad Sherman,follow up and expedite the processing of Form 1-601 fot{b)(6) (b)(6)    |,,,,,,,,,,
607,812330,2/4/2009,Congressman Adam Smith,"""Trying to obtain citizenship.""",,,,,,,,,,
608,811897,2/2/2009,Congressman Adrian Smith,Status of 1-601 for her husband((bX6)    1,,,,,,,,,,
609,812349,2/4/2009,Congressman Olympia J. Snowe,Adoption of boy from Guyana.,,,,,,,,,,
610,,,,,,,,,,,,,,
611,,,,,,,,,,,,,,
612,811957,2/3/2009,Congressman Arlen Specter,Adjustment ot status from TPS based on prior status in the US.,,,,,,,,,,
613,812941,2/9/2009,Congressman Arlen Specter,Writes of behalf of constituent XX6)    to request nermis si on for Wrestler's son and his son's mother to temporarily enter the country for a custody hearing.,,,,,,,,,,
614,813009,2/10/2009,Congressman Arlen Specter,(b}(6)    requests status of I-140 petition foi X)(6),,,,,,,,,,
615,,,,(b)(6),,,,,,,,,,
616,814690,2/25/2009,Congressman Arlen Specter,Constituent requesting information on processing of hIB's.,,,,,,,,,,
617,814825,2/25/2009,Congressman Arlen Specter,(b)(6)    requests reason for denied K-1 visa,,,,,,,,,,
618,812628,2/5/2009,Congressman Cliff Steams,Constituent would like refund of $370.00 paid for 1-90 form that she did not use afterall.,,,,,,,,,,
619,814994,2/27/2009,Congressman Cliff Steams,XX6)    family seek United States citizenship.,,,,,,,,,,
620,,,,,,,,,,,,,,
621,813051,2/10/2009,Congressman Ellen O. Tauscher    |(b)(6)    requests status of his application.,,,,,,,,,,,
622,813454,2/12/2009,Congressman Bennie G. Thompson,Constituentfb!(6-1    Irequests status of husbands 1-754 and four childrens 1-130.,,,,,,,,,,
623,814949,2/26/2009,Congressman Bennie G. Thompson,Re a work permit for<bK6),,,,,,,,,,
624,813459,2/12/2009,"Congressman William ""Mac"" Thornberry",<b><6>    (requesting status of her 1-601.,,,,,,,,,,
625,814859,2/26/2009,Congressman Todd Tiahrt,(b}(6>    Leeds surgery on both legs and his wife is. abroad awaiting approval of her visa,,,,,,,,,,
626,814886,2/26/2009,Senator Mark Udall,Writes to recommend (bX0)    for a position at DHS.,,,,,,,,,,
627,813452,2/12/2009,Senator Tom Udall,(b)(6)    regarding status of 1-140.,,,,,,,,,,
628,812375,2/5/2009,Congressman Fred Upton,Verification of his status in the USA in order to get a social security card.,,,,,,,,,,
629,812819,2/6/2009,Congressman Chris Van Hollen,"Rep. Van Hollen writes regarding Marriot International Inc./,s applications to S&T for risk assessment and security services.",,,,,,,,,,
630,,,,,,,,,,,,,,
631,812823,2/6/2009,Congressman Chris Van Hollen,Rep. Van Hollen writes regarding Marriot International Inc.^s applications to S&T for risk assessment and security services.,,,,,,,,,,
632,812311,2/4/2009,Congressman Nydia M. Velazquez,Write on behalf of the Congressional Hispanic Caucus and request to meet with the Secretary regarding racial profiling by ICE in Maryland and allegations CBP officers have to fill quotas in California when arresting immigrants.,,,,,,,,,,
633,813478,2/13/2009,Congressman Peter J. Visclosky,ConstituenPX0)    requests assistance for client(bK0) (b)(6) pj ] _g vjsa anci ii 29H petition as well as for 1-539 fot ^X0) wife and children.,,,,,,,,,,
634,814530,2/24/2009,Congressman Peter J. Visclosky,Constituents request status of their B2 visas for he and his wife (b)(6),,,,,,,,,,
635,813143,2/11/2009,Congressman George V. Voinovich,Writes along with Senator Mikulski and Senator Murkowski to address the challenges with the VWP program and further improving the VWP so that it can continue to be an important public diplomacy tool.,,,,,,,,,,
636,813393,2/12/2009,"Congressman George V, Voinovich","Requests assurances that Jane Lute has the leadership, experience, and skills necessary to serve as Deputy Secretary of DHS.",,,,,,,,,,
637,813283,2/U/2009,Congressman Henry Waxman,Constituentregarding status of wife'sl(bX0>    1 (b>(0)    |I-601 waiver. He is caring for 4 yound children in the absence of his wife.,,,,,,,,,,
638,,,,,,,,,,,,,,
639,812010,2/3/2009,Congressman Jim Webb,Suggestions for proposed policy changes to immigration law.,,,,,,,,,,
640,812372,2/5/2009,Congressman Jim Webb,Status of 1-590 for her father <bK6:i,,,,,,,,,,
641,812378,2/4/2009,Congressman Jim Webb,Regarding the status of his wife's (b)(6)    appeal.,,,,,,,,,,
642,812906,2/9/2009,Congressman Jim Webb,(b)(6)    (requests the expited processing of his I-140 petition.,,,,,,,,,,
643,813247,2/11/2009,Congressman Jim Webb,Constituents son    requests status of his immigration application.,,,,,,,,,,
644,813761,2/17/2009,Congressman Jim Webb,Constituent (b*(6)    requests information on how to get citizenship for his 3 resident alien children.,,,,,,,,,,
645,814084,2/19/2009,Congressman Jim Webb,"Constituent complaint regarding times for processing his 1-129, and other various issues.",,,,,,,,,,
646,814365,2/24/2009,Congressman Jim Webb,Constituenl(b)(6)    requests assistance with visa for forwign worker.,,,,,,,,,,
647,,,,,,,,,,,,,,
648,812253,2/3/2009,Congressman Anthony D. Weiner,Rep. Weiner writes regarding homeland security grants.,,,,,,,,,,
649,812619,2/5/2009,Congressman Joe Wilson,Constituent is requesting immigration educational material.,,,,,,,,,,
650,812604,2/5/2009,Congressman Frank R. Wolf,Constituent would like to speak with someone regarding the H2B visas cap.,,,,,,,,,,
651,814814,2/26/2009,Congressman Frank R. Wolf,Suggestions for proposed policy changes to immigration law.,,,,,,,,,,
652,814989,2/27/2009,Congressman Frank R. Wolf,(bX6>    reauests response to 10/15/08 letter regarding his son.,,,,,,,,,,
653,815002,2/26/2009,Congressman David Wu,"Relocation of USCIS Portland, Oregon office",,,,,,,,,,
654,813297,2/12/2009,Senator Ron Wyden,Constituent(b)(d)    requests status of her husband's (b)(6)    U864.,,,,,,,,,,
655,813775,2/17/2009,Senator Ron Wyden,Constituent (bX6)    Regarding denail of wife's <bM6> (bX6) 1-601.,,,,,,,,,,
656,,,,,,,,,,,,,,
657,814624,2/25/2009,Senator Ron Wyden,Senator Wyden writes regarding TSA's pending reconsideration of rules barring pocket utility tools from the passenger compartments of commercial airlines.,,,,,,,,,,
658,815000,2/26/2009,Congressman C. W. Bill Young    |,XX0)    | requests status of I-130,,,,,,,,,,
659,813149,2/10/2008,,"This report responds to a direction to the Department of Homeland Security, as specified in the House Report 110-862, which accompanied the FY 2009 DHS Appropriations Act, to include with the FY 2010 budget request a full description of the internal DHS governance process and steps US-VISIT and DHS have taken to define, manage and coordinate relationships between US-VISIT and other immigration and border management programs.",,,,,,,,,,
660,814285,3/13/2009,,"In response to the requirement established by House Conference Report 108-280 accompanying the Department of Homeland Security Appropriations Act of 2004, the United States Visitor and Immigrant Status Indicator Technology (US-VISIT) Program is providing this monthly status report on the planned and actual deployment of US-VISIT entry and exit systems and equipment at air, sea, and land ports. The report also includes related deployment schedules and other information for US-VISIT increments.",,,,,,,,,,
661,814990,2/27/2009,,ICE Congressional Appropriation Report re Unaccompanied Alien Children (UAC) Transportation Assessment,,,,,,,,,,
662,,,,,,,,,,,,,,
663,Policy Congressional Report,,,,,,,,,,,,,
664,Opened Between 03/01/2009 and 03/31/2009,,,,,,,,,,,,,
665,WF#,Receive Date,Congressman Name,Subject of Request,,,,,,,,,,
666,815102,2/27/2009,Congressman Gary L. Ackerman,Constituent(bX6>    requesting status of 1730 for Ze Ya Lin.,,,,,,,,,,
667,815119,3/2/2009,Congressman Gary L. Ackerman,Constituent(bX6)    -equesting status of husband (bX0)    |and child <bX0)    1-730.,,,,,,,,,,
668,815126,3/2/2009,Congressman Gary L. Ackerman,Constituent <W(6)    Requests status of son's (bX6>    1-730 petition.,,,,,,,,,,
669,815174,3/3/2009,Congressman Gary L. Ackerman,Constituent ^X6)    Requests status of I-730's for    and Jing Xu.,,,,,,,,,,
670,815645,3/5/2009,Congressman Gary L. Ackerman,Constituent (bX6>    requests status of 1-173 petition for children (b)(6)    |,,,,,,,,,,
671,815698,3/5/2009,Congressman Gary L. Ackerman,Constituent W)    requesting update on 1-730 case for his son (bX6> (b)(6),,,,,,,,,,
672,815707,3/5/2009,Congressman Gary L. Ackerman,Constituent^6)    ^quests status of wife and son's I-730's <bX6) (b)(6),,,,,,,,,,
673,815715,3/5/2009,Congressman Gary L. Ackerman,Constituent61    -eauests status of 1-730 for his beneficiary (b)(6)    -,,,,,,,,,,
674,,,,,,,,,,,,,,
675,816098,3/9/2009,Congressman Gary L. Ackerman,Constituent |(b)(6>    bearing status of 1730 for his wift<b)(b) (b)(6),,,,,,,,,,
676,816115,3/9/2009,Congressman Gary L. Ackerman,Constituent(b>lb!    egarding 1-730 foJ(bX6),,,,,,,,,,
677,816500,3/11/2009,Congressman Gary L. Ackerman,Constituent^    requesting status of 1-730 petitions for his relatives(bb6>    1,,,,,,,,,,
678,817414,3/18/2009,Congressman Gary L. Ackerman,Constituent(b>(6)    |requesting humanitarian expedite for family: (b)(6>,,,,,,,,,,
679,817723,3/20/2009,Congressman Gary L. Ackerman,"Constituent !(6!    Irequesting assistance with Refugee/Asylee petition for his beneficiarie<b,l6t",,,,,,,,,,
680,,,,(b)(6),,,,,,,,,,
681,817995,3/24/2009,Congressman Gary L. Ackerman,Constitiienll(b)(6)    kquests status of 1-730 for (b)(6),,,,,,,,,,
682,818102,3/24/2009,Congressman Gary L. Ackerman,Constituent(b)<6!    |gardind(b!(6)    1-730.,,,,,,,,,,
683,,,,,,,,,,,,,,
684,818150,3/24/2009,Congressman Gary L. Ackerman,Constituent^)    fequestine status of 1-730 for (bX0),,,,,,,,,,
685,818564,3/26/2009,Congressman Gary L. Ackerman,Constituent6)    (egarding refueee/aslee relative petition for (b)(6),,,,,,,,,,
686,818702,3/27/2009,Congressman Gary L. Ackerman,Constituent <bt<6)    Regarding 1-730 for relatives l-b)(Gf,,,,,,,,,,
687,,,,(b)(6),,,,,,,,,,
688,818705,3/27/2009,Congressman Gary L. Ackerman,"Constituenttbt<6)    ""(regarding 1-730 for his wife (b)(6> (b)(6)",,,,,,,,,,
689,818734,3/27/2009,Congressman Gary L. Ackerman,Constituent(b!(6)    requesting status of 1-730 for relatives(b)t6> (b)(6),,,,,,,,,,
690,,,,,,,,,,,,,,
691,818764,3/27/2009,Congressman Gary L. Ackerman,ConstituentfbX6) Requesting status of 1-730 for her daughter (bK6) (b)(6) lnd her husband (b)(6)    |,,,,,,,,,,
692,818847,3/27/2009,Congressman Gary L. Ackerman,Constituent^1    Requesting status of 1-730 for his family member^140-*    |,,,,,,,,,,
693,818870,3/27/2009,Congressman Gary L. Ackerman,Consittuent    egarding beneficiaries (bX0) (b)(6),,,,,,,,,,
694,815328,3/4/2009,Congressman Daniel K. Akaka,Writes on behalf of constituent (bX6>    egarding the status of an EEO case filed by|(bX0)    a fellow member of the National Treasury Union.,,,,,,,,,,
695,816892,3/16/2009,Congressman Daniel K. Akaka,"Writes on behalf of constituent,|(b)(6)    |vho is experiencing difficulties obtaining visas for religious workers.",,,,,,,,,,
696,816501,3/11/2009,Senator Lamar Alexander,Constituent(bH6)    equesting information on how to immigrate her son-in-law.,,,,,,,,,,
697,817191,3/17/2009,Senator Lamar Alexander,Constituent {bXb)    regardi ng excessive wait time for spousal visas.,,,,,,,,,,
698,,,,,,,,,,,,,,
699,817720,3/20/2009,Senator Lamar Alexander,Constituentsp)!0)    1 request assistance with obtaining new word cards and visas.,,,,,,,,,,
700,816569,5/1/2009,Congressman Robert E. Andrews,Writes a letter of recommendation on behalf ol *b)<6) to be considered for a politically appointed position with the Transportation Security Administration.,,,,,,,,,,
701,816998,3/16/2009,Congressman Michael Arcuri,Constituent !b)!0)    requests assistance with his 1-546.,,,,,,,,,,
702,817458,3/19/2009,Congressman Michael Arcuri,Constituent(bK6f    regarding not having recieved his Employment Authorization Document.,,,,,,,,,,
703,817877,3/23/2009,Congressman Brian Baird,"Rep. Brian Baird writes on behalf of his constituentfbi(6) (b)(6)    |to request the status of his TRIP application filed January 19, 2009.",,,,,,,,,,
704,816169,3/9/2009,Congressman J. Gresham Barrett,Rep. J. Gresham Barrett writes on behalf of his constituent^)!0)    | (b)(6) tQ reqUes{ expeditious processing of her TWIC Application.,,,,,,,,,,
705,818064,3/24/2009,Congressman John Barrow,Constituent3)!6)    regarding error on the part of USCIS in their processing of her Naturalization papers.,,,,,,,,,,
706,815646,3/5/2009,Congressman Joe L. Barton,"Constituent)!0)!0)    |""equesting status of husband’s(bX6) !b)!0)    |l-601appeal.",,,,,,,,,,
707,,,,,,,,,,,,,,
708,818476,3/26/2009,Congressman Joe L. Barton,Constitne.nl l(bX0)    lregarding status of 1-730 for his two sons hb))6>    1,,,,,,,,,,
709,816977,3/16/2009,Congressman Evan Bayh,Writes on behalf of a constituent^6)    Iwho would like to know how study bridges as part of a endowment study for high school students without raising suspicion at the bridges.,,,,,,,,,,
710,817318,3/18/2009,Congressman Evan Bayh,Constituent^1MS)    (requesting extension of 1-130 for )bK6t |(b)(6)    1,,,,,,,,,,
711,818996,3/31/2009,Congressman Evan Bayh,Consituent|)b)(0)    lregarding update on special visas for |(b)(6)    |,,,,,,,,,,
712,816338,3/10/2009,Congressman Robert F. Bennett,Writes on behalf of the Town of Lynndyl's funding request.,,,,,,,,,,
713,816343,3/10/2009,Congressman Robert F. Bennett,Writes on behalf of the Town of Manila's funding request.,,,,,,,,,,
714,816348,3/10/2009,Congressman Robert F. Bennett,Writes on behalf of funding request from Juab County.,,,,,,,,,,
715,816351,3/10/2009,Congressman Robert F. Bennett,Writes on behalf of funding request from Salt Lake County.,,,,,,,,,,
716,,,,,,,,,,,,,,
717,815311,3/4/2009,Congressman Brian P. Bilbray,"Expresses concern regarding the increased violence, drug cartels, and drug smuggling at the US-Mexieo border.",,,,,,,,,,
718,817203,3/17/2009,Congressman Gus M. Bilirakis,Writes regarding oversight of the funding provided to DHS in the American Recovery and Reinvestment Act.,,,,,,,,,,
719,815498,2/26/2009,Congressman Jeff Bingaman,Status of S visa applications for (b;(6' (b)(6),,,,,,,,,,
720,835876,3/6/2009,Congressman Jeff Bingaman,Consitutent(b)(6)    requests help with daughters 1-485.,,,,,,,,,,
721,817564,3/19/2009,Congressman Jeff Bingaman,"Sen. Bingaman, Sen. Udall, Rep. Heinrich, Rep. Teague, and Rep. Lujan write to request DHS establish a Border Security Task Force in New Mexico.",,,,,,,,,,
722,818517,3/26/2009,Congressman Jeff Bingaman,Sen. Bingaman requests DHS work with DOD permitting National Guard counterdrug personnel to assist CBP officials at ports of entry concerning vehicle inspection.,,,,,,,,,,
723,815888,3/6/2009,Congressman Timothy H. Bishop,Congressman is requesting clarification of I-129/H2A/H2B's.,,,,,,,,,,
724,,,,,,,,,,,,,,
725,815919,3/9/2009,Congressman Timothy H. Bishop,Writes to request that Secretary Napolitano continue the H-2B visa returning worker exemption as outlined in the Save our Small Businesses Act.,,,,,,,,,,
726,815314,3/3/2009,Congressman Roy Blunt,Constituent |(b}(6>    requests status of waiver of ineligibility.,,,,,,,,,,
727,815189,3/3/2009,Congressman Christopher S. Bond,Constituentrequests assistance with children's{b>(6* (b)(6) immigration.,,,,,,,,,,
728,818033,3/24/2009,Congressman Christopher S. Bond,Constituent (bX6)    regarding delay of his and families 1-485 due to background check backlog.,,,,,,,,,,
729,816086,3/9/2009,Congressman Mary Bono Mack,Constituent (bX6}    requests assistance with his N-600.,,,,,,,,,,
730,815238,3/3/2009,Congressman Madeleine Z. Bordallo,"Writes to request that Secretary Napolitano delay the June 1, 2009 effective date for the transition program to apply U.S. immigration law to the Commonwealth of the Northern Mariana Islands (CNMI).",,,,,,,,,,
731,,,,,,,,,,,,,,
732,815442,3/4/2009,Congressman Dan Boren,Constituent Cinderella Arshad requests status of husband<b)<6) (b)(6) (b)(6)    1-730.,,,,,,,,,,
733,817223,3/17/2009,Congressman Dan Boren,Constituent^6)    requesting review of her denial for naturalization.,,,,,,,,,,
734,818669,3/27/2009,Congressman Dan Boren,Consituent |to)(6)    Iregarding 1-601 for her husband R6),,,,,,,,,,
735,816945,3/16/2009,Congressman Leonard L. Boswell,Rep. Boswell writes concerning the Large Aircraft Security Program and suggests utilizing an Advisory Committee process to enhance aviation security.,,,,,,,,,,
736,817444,3/19/2009,Congressman Charles W. Boustany,Rep. Boustany writes in support of the South Louisiana Correctional Center.,,,,,,,,,,
737,816703,3/13/2009,Senator Barbara Boxer,Sen. Barbara Boxer writes to express her concerns with allegations that Border Patrol agents at the El Centro Sector's Riverside Office are pressured to fill arrest quotas and requests information on the outcome of the CBP internal investigation.,,,,,,,,,,
738,817456,3/19/2009,Senator Barbara Boxer,Sen. Boxer writes to obtain clarification on the possible elimination of the Federal Flight Deck Officers program.,,,,,,,,,,
739,,,,,,,,,,,,,,
740,816125,3/9/2009,Congressman Kevin Brady,"Rep. Kevin Brady writes concerning ICE's delayed response to providing an update on the performance measures of the Criminal Alien Program and ""Interoperability"" under the Secure Communities Plan, both at the Harris County Jail.",,,,,,,,,,
741,817204,3/17/2009,Senator Sherrod Brown,Constituent <bX0)    fequesting status of 1-601 for his stepdaughtei <bK6t,,,,,,,,,,
742,817681,3/20/2009,Congressman Sherrod Brown,"Requests a representative to attend seminars on grant opportunitie, including SAFER, AFG, FPS and others.",,,,,,,,,,
743,817765,3/20/2009,Congressman Jim Bunning,Sen. Jim Bunning writes to express his concern regarding TSA's treatment of the Federal Flight Deck Officer (FFDO)Program.,,,,,,,,,,
744,818762,3/30/2009,Congressman Jim Bunning,"Supports application submitted by Anchor Tours, Inc for the Intercity Bus Security Grant. 97595 assigned to GPD.",,,,,,,,,,
745,815866,3/5/2009,Congressman Robert C. Byrd,Constituent^6)    Requests status of husband (bX0)    I- 765.,,,,,,,,,,
746,816424,3/11/2009,Congressman Robert C. Byrd,Constituent(b)(6)    requests assistance in rectifying erroneous information on his 1-140 petition.,,,,,,,,,,
747,817377,3/18/2009,Congressman Robert C. Byrd,Constituent(bX0)    1 requests assistance with getting green card -1-485.,,,,,,,,,,
748,,,,,,,,,,,,,,
749,817643,3/19/2009,Congressman Robert C. Byrd,Writes on behalf of constituent J)b}(6)    Iwho requests DHS certify his Communications Command Center. FEMA Folder 97315 is assigned to Disaster Operations for handling.,,,,,,,,,,
750,817882,3/23/2009,Congressman Robert C. Byrd,"Sen. Robert C. Byrd writes on behalf of his constituentlbK6:i lb',l6i    who expresses his concerns about fees for truck drivers, including licensing fees, clearance fees to load at U.S. ports, and fees to travel into Canada.",,,,,,,,,,
751,818845,3/30/2009,Congressman Ken Calvert,"Writes on behalf of constituent (b)(6)    regarding her claim that her civil rights have been violated by DHS, and requests a meeting with CRCL officials.",,,,,,,,,,
752,815338,3/3/2009,Congressman John Campbell,Constituent (b)(6)    requests assistance with issuance of I-131 for her son(b)f6),,,,,,,,,,
753,816234,3/10/2009,Senator Maria Cantwell,"Sen. Maria Cantwell writes on behalf of her constituent, )b»6) who claims his home is being foreclosed on as a result of relocating to Seattle, WA for a position within ICE.",,,,,,,,,,
754,815086,3/2/2009,Congressman Anh Cao,"Requests a full investigation of misconduct allegations in the FEMA offices in New Orleans, Louisiana.",,,,,,,,,,
755,815449,3/4/2009,Congressman Anh Cao,"Writes to express concern regarding FEMA's Hurricane Katrina recovery aid based on a letter from Dr.Scott S.Cowen, President of Tulane University.",,,,,,,,,,
756,,,,,,,,,,,,,,
757,816441,3/11/2009,Congressman Shelley Moore Capito,Constituent<b>(6}    requests assistance with her son’s XX0) XX6)    deportation proceedings.,,,,,,,,,,
758,815524,3/4/2009,Congressman Lois Capps,Constituent XX0)    'equests status of his pending 1-140.,,,,,,,,,,
759,815885,3/6/2009,Congressman Lois Capps,Consituent XX0)    requests status of husbands XX0) XX0)    1-601.,,,,,,,,,,
760,816160,3/9/2009,Congressman Lois Capps,ConstituentJXX0)    Jwould like assistance in verifying if his father XX0)    if eligible for an 1-601 waiver.,,,,,,,,,,
761,817447,3/19/2009,Congressman Lois Capps,Constituent6)    is requesting expedite of his and family's I-290B before his 1-94 expires.,,,,,,,,,,
762,818109,3/23/2009,Congressman Lois Capps,Rep. Capps writes on behalf of constituent t6)    regarding the deportation status of her son XX0),,,,,,,,,,
763,818140,3/24/2009,Congressman Lois Capps,Constituent XX0)    regarding I-140 for XX0),,,,,,,,,,
764,819005,3/30/2009,Congressman. Lois Capps,Constituent XX0)    regarding husband XX0)    I- 601.,,,,,,,,,,
765,,,,,,,,,,,,,,
766,,,,,,,,,,,,,,
767,815683,3/5/2009,"Senator Benjamin L, Cardin","Writes on behalf of constituent<bK6!    president and CEO of Transport Logistics International, Inc, who requires assistance in obtaining visas for workers in Russia.",,,,,,,,,,
768,815200,3/3/2009,Senator Saxby Chambliss,Constituent requests assistance in citizenship verification in order to get new drivers license.,,,,,,,,,,
769,817327,3/18/2009,Senator Saxby Chambliss,Constituent^6)    Requests assistance getting wife (b)(6)    socials security card.,,,,,,,,,,
770,817937,3/24/2009,Senator Saxby Chambliss,Constituent Rhonda Lopez requests status of husband's case <bX6) (b)(6),,,,,,,,,,
771,818313,3/25/2009,Senator Saxby Chambliss,Constituent6*    ’egarding her inability to get a drivers license.,,,,,,,,,,
772,818566,3/25/2009,Senator Saxby Chambliss,Constituent seeks help with verification of status in order to get a driver's license and his 1-485.,,,,,,,,,,
773,818592,3/26/2009,Senator Saxby Chambliss,Supports the application submitted by Swept Away Coach and Tours for the Intercity Bus Security Grant. FEMA Folder 97566 is with GPD for handling.,,,,,,,,,,
774,,,,,,,,,,,,,,
775,817215,3/17/2009,Congressman Donna M. Christensen,Constituent161    -equesting expedite of her N565.,,,,,,,,,,
776,815320,3/3/2009,Congressman William Lacy Clay,"Constituent <b,t'6)    requests status of his H IB visa.",,,,,,,,,,
777,816608,3/12/2009,Congressman William Lacy Clay,"Consituent (bX6>    of Mankiewicz Coatings LLC requests assistance with I-129 for ,b>,6>",,,,,,,,,,
778,817672,3/20/2009,Congressman Emanuel Cleaver,Writes to recommend (b'(6)    for a political appointment with DHS.,,,,,,,,,,
779,815710,3/5/2009,Senator Susan M. Collins,Constituent(bl(61    (requests assitance with 1-131 parole application for their son(bH61    to enter the US.,,,,,,,,,,
780,817192,3/17/2009,Senator Susan M. Collins,Writes regarding the Department’s preparedness concerning the Western Hemisphere Travel Initiative.,,,,,,,,,,
781,818253,3/25/2009,Senator Susan M. Collins,Writes regarding comments made by (bX6)    in his resignation letter about the National Cyber Security Center.,,,,,,,,,,
782,816616,3/12/2009,Congressman K. Michael Conaway,Constituent(bt(6>    equests assistance with citizenship.,,,,,,,,,,
783,816175,3/10/2009,Congressman Jim Cooper,"Rep, Jim Cooper writes on behalf of Anchor Tours Inc. regarding an application for an Intercity Bus Security Grant.",,,,,,,,,,
784,,,,,,,,,,,,,,
785,815097,2/27/2009,Senator John Cornyn,Constituent (4®    [requests status of husbands <4® 1®®    |1-30.,,,,,,,,,,
786,815262,3/2/2009,Senator John Cornyn,Constituent|<4(6)    Hcomnlains of havinp to nav SSS for wife'sl®®    H US Citienshin.,,,,,,,,,,
787,815283,3/2/2009,Senator John Cornyn,"Constituent Theodore Starling requests assistance with wife's|(4(4    1 (b)(6)    ,_]30",,,,,,,,,,
788,815873,3/6/2009,Senator John Cornyn,"Constituen1(b)(6)    ""Irequesting assistance with wife and son's immigration. Wife- (b)(6)    |son-(b)(6)",,,,,,,,,,
789,815874,3/6/2009,Senator John Cornyn,Constituent!®®    reauests status of wife's 1-601. Wife name is®®,,,,,,,,,,
790,815883,3/6/2009,Senator John Cornyn,Constituent ®®    varsame requesting assistance with his 1-485.,,,,,,,,,,
791,816498,3/12/2009,Senator John Cornyn,Constituent ®®    requests heln with exneditiing wifes ®® 1-601.,,,,,,,,,,
792,,,,,,,,,,,,,,
793,817849,3/20/2009,Senator John Cornyn,Writes regarding the escalating levels of drug-related violence in Mexico and requests U.S. to help President Calderon and the Mexican government on confronting the criminal gangs causing terror along the U.S. border.,,,,,,,,,,
794,817878,3/23/2009,Senator John Cornyn,"Senator Cornyn writes on behalf of constituent,<b)(6* regarding his employment issues with ICE.",,,,,,,,,,
795,818002,3/20/2009,Senator John Cornyn,Constituent'equests status of husbanc<b>(b) |)b))0)    limmigrant visa.,,,,,,,,,,
796,818113,3/24/2009,Senator John Cornyn,Constituent!^))6)    [regarding 1-601 of busbanc{bK6) (b)(6),,,,,,,,,,
797,818298,3/25/2009,Senator John Cornyn,Constituent(b))6)    regarding 1-601 for wife <bK6t,,,,,,,,,,
798,818484,3/26/2009,Senator John Cornyn,Constituent regarding illegal threats and practices by his sister in law )b))6)    land her husband |)b))6)    1 Would like to keep them both from immigrating to US.,,,,,,,,,,
799,,,,,,,,,,,,,,
800,818869,3/28/2009,Senator John Cornyn,Constituent wf0)    regarding proof of legal residency.,,,,,,,,,,
801,816489,3/12/2009,Congressman Jim Costa,"Constituent |<bX0)    Iwould like to know if with his pending I- 140, and his families pending 1-485, they can still travel outside the United States and re-enter legally with an 1-131 travel document.",,,,,,,,,,
802,817893,3/23/2009,Congressman Jim Costa,Representatives Costa and Nunes recently became aware of the application submitted California Consortium for Agriculture Export.,,,,,,,,,,
803,817758,3/20/2009,Congressman Jerry F. Costello,"Supports the application submitted by Vandalia Bus Lines, Inc. for the Intercity Bus Security Grant.",,,,,,,,,,
804,815284,3/2/2009,Senator Michael D. Crapo,"Dr. Harries is complaining that he cannot get in touch with anyone at his local USCIS office to ask about changes to the ""civil surgeon"" requirements.",,,,,,,,,,
805,815376,3/4/2009,Senator Michael D. Crapo,Writes on behalf of constituent (bX6)    who requests asssistance with her husband’s re-entry.,,,,,,,,,,
806,817219,3/17/2009,Senator Michael D. Crapo,"Constituent lbX0>    Request status of 1-130,1-864,1-134, and I- 134A for his family.(bK6>    |children|<bX6>    I (b)(6)",,,,,,,,,,
807,,,,,,,,,,,,,,
808,818130,3/20/2009,Senator Michael D. Crapo,Constituent[XM6)    Ireauesting information for friends.|XX6)    | <b><6)    on possibility of adopting orphaned nephews.,,,,,,,,,,
809,818143,3/24/2009,Senator Michael D. Crapo,Constituenl XX0)    requesting advise on how to stav legally with wife and unborn child while paperwork is processed.,,,,,,,,,,
810,818466,3/26/2009,"Senator Michael D, Crapo",ConstituentlXX0)    Iregarding Uraguav not being included in H2A program.,,,,,,,,,,
811,819009,3/30/2009,Senator Michael D. Crapo,Constituent X)X)    regarding illegal status of former wifi XX0) XX0)    -,,,,,,,,,,
812,815530,3/5/2009,Congressman Joseph Crowley,Constituent XX0)    ^quests status of families 1-730 petition.,,,,,,,,,,
813,816240,3/10/2009,Congressman Henry Cuellar,"Writes on behalf of constituents, XX0)    who were told that their next visit on B2 Visas to the U.S. would be denied.",,,,,,,,,,
814,818177,3/24/2009,Congressman Henry Cuellar,Write to recommend |X)(0)    for the position of Assistant Secretary for International Affairs or the Deputy Assistant Secretary for Immigration and Customs Enforcement.,,,,,,,,,,
815,,,,,,,,,,,,,,
816,815777,3/5/2009,Congressman Lincoln Davis,Constituent )b))6}    requests status of husband's )b>f6:i (bK6) 1-601.,,,,,,,,,,
817,819052,3/30/2009,Congressman Lincoln Davis,Writes on behalf of constituent]^)6)    who requests a refund for his late wife's naturlization fee.,,,,,,,,,,
818,816705,3/13/2009,Congressman Diana DeGette,Writes in support of The University of Denver’s Josef Krobel School of International Studies Homeland Security Program for the 2009 DHS STEM Grant.,,,,,,,,,,
819,817824,3/23/2009,Congressman Diana DeGette,"Writes on behalf of constituent, (b))6)    who is attempting to retrieve information about himself under FOIA.",,,,,,,,,,
820,816089,3/9/2009,Congressman William D. Delahunt,Writes in support of the town of Plymouth for the Emergency Operations Center Grant Program.,,,,,,,,,,
821,818557,3/26/2009,Congressman Jim DeMint,Constituent|)b)(6)    lregarding problems with practical use of 1-9 for employment eligibility verification.,,,,,,,,,,
822,816135,3/9/2009,Congressman Charles W. Dent 1,"Rep. Charles W. Dent writes on behalf of his constituent, )b)(6) fb)(6) |who believes his name is on the Terrorist Watch List.",,,,,,,,,,
823,818132,3/24/2009,Congressman Charles W. Dent,Expresses concerns regarding the TWIC requirements enforced by the Coast Guard on licensed mariners operating a vessel at the National Canal Museum.,,,,,,,,,,
824,,,,,,,,,,,,,,
825,818262,3/25/2009,Congressman Norman Dicks,Constituent ®®    regarding 1-601 for husband (4(6) (b)(6),,,,,,,,,,
826,818080,3/24/2009,Congressman Christopher J. Dodd,Constituent!®®    Regarding status fo 1-601 for her husband (b)(6),,,,,,,,,,
827,815287,3/2/2009,Congressman Lloyd Doggett,"Constituent complaint regarding having to refile and pay $370.00 again for a copy of his ""greencard.”",,,,,,,,,,
828,816094,3/9/2009,Congressman Byron L. Dorgan,Constituent ®®    :omplaint regarding lengthy processing times.,,,,,,,,,,
829,817225,3/18/2009,Congressman David Dreier,Constituent ®®    Requests status of husband ®® ®(4    lappeal.,,,,,,,,,,
830,818310,3/25/2009,Congressman David Dreier,Constituent ®®    regarding status of I_130 for ®®,,,,,,,,,,
831,817212,3/17/2009,Congressman Steve Driehaus,Constituent ®(4    regardi ng parole for her husband (t’Kb> (b)(6),,,,,,,,,,
832,,,,,,,,,,,,,,
833,818763,4/2/2009,Congressman Elaine C. Duke,The American Recovery Reinvestment Act (P.L.l 11-5) Expenditure Plans,,,,,,,,,,
834,816108,3/9/2009,Senator Richard J. Durbin,Writes on behalf of constituent FbX0)    |who was unable to purchase flood insurance for his home because community is not participating in NFIP.,,,,,,,,,,
835,816156,3/9/2009,Senator Richard J. Durbin,Constituent)!0)    Irequests status of humanitarian visa fot <fcl)(6),,,,,,,,,,
836,816692,3/13/2009,Senator Richard J. Durbin,"Writes in support of Vandalia Bus Lines, Inc. for the Intercity Bus Security Grant.",,,,,,,,,,
837,816168,3/9/2009,Congressman Chet Edwards,Constituent|(b)!6)    ieqnesting stntns of 1-601 for his wife !b)!0) Tenango de Perez.,,,,,,,,,,
838,818699,3/27/2009,Congressman Chet Edwards,Constituent !b)!0)    egarding 1-601 for husband(bK6-' b)(6),,,,,,,,,,
839,,,,,,,,,,,,,,
840,816111,3/9/2009,Congressman Vernon J. Ehlers,Rep. Vernon J. Ehlers writes on behalf of his constituent^^ (b)(6)    |f0 request an expeditious response to the TRIP Inouirv she recently filed.,,,,,,,,,,
841,816990,3/16/2009,Congressman Keith Ellison,Constituent <bX0)    equests status of 1-485.,,,,,,,,,,
842,816452,2/18/2009,Congressman Jo Ann Emerson,Constituent (b)(6)    requests assistance with 1-795.,,,,,,,,,,
843,817270,3/18/2009,Congressman Jo Ann Emerson,"Constituent |(bX0>    ""equesting status of 1-601 for her husband(b)(6}",,,,,,,,,,
844,818563,3/27/2009,Congressman Jo Ann Emerson,ConstituentpX0)    Regarding husbancpX0)    j. 601 denial.,,,,,,,,,,
845,817534,3/19/2009,Congressman Eliot L. Engel,Constituent (bX0>    regarding expiditing of children's visas in order to see them before she dies.,,,,,,,,,,
846,818405,3/26/2009,Congressman Eliot L. Engel,"Reps. Engel, Castle, and McCarthy write to SI, Secretary Clinton, and Attorney General Holder regarding enforcement of the ban on imported assault weapons.",,,,,,,,,,
847,816085,3/9/2009,Senator Michael B. Enzi,ConstituentpX0)    Ireauests help with husbantP)(6t (b)(6> 1-601.,,,,,,,,,,
848,,,,,,,,,,,,,,
849,816297,3/10/2009,Senator Michael B. Enzi,"Constituent *b,<6’    requests assistance with mother Fb)l6) and brother's <b!<6>    1-130. Difficulty due to lack of last name of beneficiaries - common in Indonesia.",,,,,,,,,,
850,817229,3/17/2009,Congressman Sant Fan-,Constituent^))6)    requests status of wife )b))6) )b)(6>    I-601aDDeal.,,,,,,,,,,
851,818510,3/26/2009,Congressman Chaka Fattah,Constituent )b)(6)    regarding his adjustment of status.,,,,,,,,,,
852,816080,3/9/2009,Senator Dianne Feinstein,"Writes to request a full report of the Religious Worker Visa Program. In addition, would like an accounting of the numbers of religious worker visas issued in the past year, per country, and the type of religious work performed by visa recipients.",,,,,,,,,,
853,818512,3/26/2009,Senator Dianne Feinstein,Writes to recommend |<b)(6)    |for a position as an Intelligence Operations Specialist or Policy Analyst with DHS.,,,,,,,,,,
854,818907,3/30/2009,Senator Dianne Feinstein,"Writes to POTUS regarding the provisions of the ""Lawful Interrogation and Detention Act"".",,,,,,,,,,
855,,,,,,,,,,,,,,
856,817343,3/18/2009,Congressman Bob Filner,Constituen ®®    requests status of T-130 for his so if®® (b)(6),,,,,,,,,,
857,817659,3/20/2009,Congressman Bob Filner,Rep. Filner writes regarding accommodations at the Calexico Port of Entry.,,,,,,,,,,
858,817906,3/23/2009,Congressman Bob Filner,"Rep. Filner writes regarding CBP applications that are in English and French, but not Spanish.",,,,,,,,,,
859,817943,3/23/2009,Congressman J. Randy Forbes,Constituent ®®    requests status of wife's 1-130.,,,,,,,,,,
860,817221,3/18/2009,Congressman Jeff Fortenberry,"Writes in support of the application for funding under the DHS Intercity Bus grant submitted by Busco, Inc. dba Arrow Stage Lines.",,,,,,,,,,
861,818526,3/26/2009,Congressman Bill Foster,"Constituent!®®    Regarding her husband ®® (b)(6)    ""11-601.",,,,,,,,,,
862,818536,3/26/2009,Congressman Bill Foster,Constituent ®®    regarding his 1-601.,,,,,,,,,,
863,815690,3/5/2009,Congressman Virginia Foxx,Representative Foxx writes urging the Department to consider the affect on public airports concerning the TSA notice of proposed rule regarding security programs for aircraft operators.,,,,,,,,,,
864,,,,,,,,,,,,,,
865,818618,3/27/2009,Congressman Barney Frank,Writes to recommend (bK6*    for employment at DHS.,,,,,,,,,,
866,816458,3/11/2009,Congressman Rodney P. Frelinghuysen,Writes on behalf of constituent (bX6)    egarding the routing of his export shipments by TSA.,,,,,,,,,,
867,817573,3/19/2009,Congressman Elton Gallegly,"Rep. Elton Gallegly. writes on behalf of his constituent,(bX6* (bt(b>    concerning the alleged misconduct of two Customs Agents at Los Angeles International Airport.",,,,,,,,,,
868,818999,3/31/2009,Congressman Jim Gerlach,Constituent(b)(6)    regarding deceased father's immigration status.,,,,,,,,,,
869,817756,3/20/2009,Congressman Gabrielle Giffords,Requests SI prioritize the US-Mexico partnership by tackling the increased border violence and drug-trafficking and expresses concerns about the success of the Merida Intiative. Invites S1 to a meeting on April 8 in southern Arizona to discuss this issue.,,,,,,,,,,
870,818991,3/31/2009,Congressman Phil Gingrey,Constituent^6)    fegarding adoption expedite of orphaned nephew.,,,,,,,,,,
871,816718,3/13/2009,Senator Lindsey O. Graham,Writes to thank SI for agreeing to visit Project SeaHawk and share additional details regarding the transition.,,,,,,,,,,
872,817978,3/24/2009,Senator Lindsey O. Graham,Constituent <b)(6)    fegarding husband (bX6> (bK6!    L6oi,,,,,,,,,,
873,,,,,,,,,,,,,,
874,818696,3/27/2009,Senator Lindsey O. Graham,Constituent<bi(6)    (regarding OPT.,,,,,,,,,,
875,815334,3/3/2009,Senator Charles E. Grassley,Senator Grassley writes on behalf of the First United Methodist Church w ho would like to speak with someone from ICE.,,,,,,,,,,
876,817218,3/17/2009,"Senator Charles E, Grassley",Constituent<b>(6)    Requesting status of 1-601 for his wife.,,,,,,,,,,
877,816449,3/11/2009,Congressman Judd Gregg,Writes in support of the Southern New Hampshire Planning Commission’s funding request.,,,,,,,,,,
878,818274,3/25/2009,Congressman Judd Gregg,"Writes in support of the application for funding under the Assistance to Firefighters Grant Program submitted by the New Hampshire Fire Department, FEMA Folder 97447 is with GPD for handling.",,,,,,,,,,
879,818527,3/26/2009,Congressman Judd Gregg,Supports the application submitted by the Southern New Hampshire Planning Commission for SHSP grant. FEMA folder 97541 is with GPD for handling.,,,,,,,,,,
880,818560,3/26/2009,Congressman Judd Gregg,ConstituentphX0)    Regarding denial of her and families permanent residency.,,,,,,,,,,
881,815209,3/3/2009,Congressman Raul M. Grijalva,"Representative Grijalva writes to thank SI for their meeting, and requests resolutions concerning immigration raids at Head Start Programs.",,,,,,,,,,
882,,,,,,,,,,,,,,
883,815347,3/2/2009,Congressman Raul M. Grijalva,Constituent <b>(6>    [requests status of wife’s XX0) XX0) 1-601.,,,,,,,,,,
884,815712,3/5/2009,Congressman Raul M. Grijalva,Constituent XX0)    requests status of wife'slXX0)    J) permanent residency status.,,,,,,,,,,
885,816074,3/9/2009,Senator Tom Harkin,Sen. Harkin writes on behalf of constituent XX0)    regarding reinstatement of his security position.,,,,,,,,,,
886,817156,3/17/2009,Senator Tom Harkin,Writes to S1 to recommend |XX0)    |to serve in p>HS,,,,,,,,,,
887,818086,3/24/2009,Senator Tom Harkin,ConstituentbX0)    regarding her husband XX0)    ”| I- 601.,,,,,,,,,,
888,818261,3/25/2009,Senator Tom Harkin,ConstituentlXX0)    (regarding 1-601 for her husband XX0) XX0),,,,,,,,,,
889,816349,3/11/2009,Congressman Alcee L. Hastings,Congratulate the Secretary on her confirmation and request she immediately grant Haitian immigrans Temporary Protected Status.,,,,,,,,,,
890,816685,3/13/2009,Congressman Dean Heller,Writes in support of Ryan’s Express for the Intercity Bus Security Grant.,,,,,,,,,,
891,,,,,,,,,,,,,,
892,815845,3/5/2009,Congressman Wally Herger,Constituent Trudy Ayers complaint that women in USCIS custody are being unfairly treated.,,,,,,,,,,
893,818455,3/26/2009,Congressman Brian Higgins,Constituent 9X6)    regarding obtaining another greencard.,,,,,,,,,,
894,818487,3/26/2009,Congressman Brian Higgins,"Writes to request that DHS issue a clear public message on the current disposition and prospect for shared border management, consistent with the structural impediments outlined in the September 2008 GAO report.",,,,,,,,,,
895,816418,3/11/2009,Congressman Maurice D. Hinchey,Constituent 9)9)    requesting help with nephew's (b)(6) 9X9    refugee resettlement denial.,,,,,,,,,,
896,816899,3/16/2009,Congressman Maurice D. Hinchey,Writes on behalf of constituent|9X9    (regarding his Freedom on Information Act request.,,,,,,,,,,
897,815780,3/5/2009,Congressman Tim Holden,Constituent 9X6)    requests status of FOIA request fo 9X9 Cb>(6),,,,,,,,,,
898,815830,3/5/2009,Congressman Tim Holden,Constituent 9X9    requests assistance on her N 565 application.,,,,,,,,,,
899,,,,,,,,,,,,,,
900,816164,3/9/2009,Congressman Rush Holt,"Constituent (b)(6>    |requests assistance with obtaining her ""green card.”",,,,,,,,,,
901,815864,3/5/2009,Congressman Michael M. Honda,Constituent (bt<6)    Requests extension of son's (bX0) (b)(6)    humanitarian parole visa.,,,,,,,,,,
902,816571,3/12/2009,Congressman Steny H. Hoyer,Writes to recommend (bX0)    for the position of Assistant Commissioner for Public Affairs with the U.S. Customs and Border Protection Agency.,,,,,,,,,,
903,816671,3/13/2009,Congressman Steny H. Hoyer,Writes to recommend|<b)<6}    for appointment as the Federal Interagency Coordinating Council.,,,,,,,,,,
904,817818,3/23/2009,Congressman Steny H. Hoyer,"Rep. Hoyer writes on behalf of his constituent,|<bX6> regarding his termination from the FPS.",,,,,,,,,,
905,818986,3/31/2009,Congressman Bob Inglis,Consitueni '{bX6>    regarding husband(b)<0)    I- 485.,,,,,,,,,,
906,815104,3/2/2009,Senator Johnny Isakson,Constituent (CX0)    requests status of husbands (bX0) 1-601.,,,,,,,,,,
907,815285,3/2/2009,Senator Johnny Isakson,Constituent (bX0)    requests assistance with husbands (bX0) <bK6) 1601.,,,,,,,,,,
908,,,,,,,,,,,,,,
909,,,,,,,,,,,,,,
910,816680,2/23/2009,Senator Johnny Isakson,Writes in support of Swept Away Coach and Tours for the Intercity Bus Security Grant.,,,,,,,,,,
911,817217,3/17/2009,Senator Johnny Isakson,Constituent (bX6)    requesting status of her I-140.,,,,,,,,,,
912,817939,3/24/2009,Senator Johnny Isakson,Consitutent|XX0)    Requests assistance with employees (b)(6)    II-129.,,,,,,,,,,
913,818137,3/24/2009,Senator Johnny Isakson,Constituent XX0)    regarding problem gettin gdrivers license due to wrong 1-94 number.,,,,,,,,,,
914,818556,3/26/2009,Senator Johnny Isakson,Consituent    regarding status of wife XX0) 1-601.,,,,,,,,,,
915,818561,10/13/2009,Senator Johnny Isakson,"Consituent XX0)    requesting assistance in permanent, immigration for her sister.",,,,,,,,,,
916,818626,3/26/2009,Senator Johnny Isakson,"Supports the application submitted by Pendergrass Charters, Inc. for the Intercity Bus Security Grant. FEMA Folder 97565 is with GPD for handling.",,,,,,,,,,
917,,,,,,,,,,,,,,
918,817313,3/18/2009,Congressman Steve Israel,ConstituentpX6’    requesting reinstatement of his US citizenship.,,,,,,,,,,
919,816105,3/9/2009,Congressman Sam Johnson,Consitiuent 9)9)    regarding his adjustment of status I- 485.,,,,,,,,,,
920,816249,3/10/2009,Senator Tim Johnson,Constituent 9)9)    [egarding denial of his and wife 9)9) 1-601 and 1-212.,,,,,,,,,,
921,815108,2/27/2009,Congressman Timothy V. Johnson,Constituent 9)9)    Requests information on brother and sister in law |9)9)    1TSP status and if change to legan permanent residence status if possible in the future.,,,,,,,,,,
922,815766,3/6/2009,Congressman Paul E. Kanjorski,Constituent 9)9)    Requests status of 1-290 for 9)9),,,,,,,,,,
923,815182,3/3/2009,Congressman Edward M. Kennedy,Constituent (b)9)    requesting status of husband 9)9) 9)9)    [-601 petition.,,,,,,,,,,
924,816365,3/11/2009,Congressman Edward M. Kennedy,Request that Sail Boston 2009 be designated as National Special Security Event.,,,,,,,,,,
925,,,,,,,,,,,,,,
926,816071,3/9/2009,Senator John F. Kerry,Sen. John Kerry writes to request Si's consideration of the Families First Immigration Enforcement Act and requests a meeting with S1 and designee A/S John Morton on ICE policies and immigration reform.,,,,,,,,,,
927,818622,3/26/2009,Congressman Carolyn C. Kilpatrick,"Writes on behalf of constituent, XX0)    who seeks advanced parole.",,,,,,,,,,
928,816660,3/10/2009,Congressman Steve King,Rep. King writes requesting an update to the Flood Insurance Rate Map (FIRM).,,,,,,,,,,
929,815239,3/2/2009,Congressman Steven A. King,Constituent requests help with husband XX0)    immigration.,,,,,,,,,,
930,815545,3/4/2009,Congressman Jack Kingston,Rep. Jack Kingston writes on behalf of constituent XX0)    ancj his TWIC.,,,,,,,,,,
931,816380,3/11/2009,Congressman Jack Kingston,"Rep. Jack Kingston writes on behalf of his constituent, XX0) (b)(0)    |who requests a work assignment at the ICE Academy at FLETC.",,,,,,,,,,
932,815147,3/3/2009,Congressman Mark Steven Kirk,"Congressman is requesting a ""written policy statement on an 1-539 denial.""",,,,,,,,,,
933,,,,,,,,,,,,,,
934,816947,3/16/2009,Congressman John Kline,John Kline writes to express his concerns with the Large Aircraft Security Program (LASP).,,,,,,,,,,
935,817213,3/17/2009,Senator Amy Klobuchar,Constituent (bX6>    regarding 1-730 for her sor|(bX6* (b)(0)    |,,,,,,,,,,
936,818135,3/24/2009,Congressman Frank Kratovil,Constituent(b)(6)    regarding her I-140.,,,,,,,,,,
937,816684,3/13/2009,Senator Mary L. Landrieu,Constituent(b)(6)    requests assistance with husbands(bX6)    I (b)(6)    f.60l.,,,,,,,,,,
938,817759,3/20/2009,Senator Mary L. Landrieu,Suggests independent organizations be included on the arbitration panels for disputed Public Assistance projects.,,,,,,,,,,
939,817569,3/19/2009,Congressman Rick Larsen,Rep. Larsen writes to thank Secretary Napolitano for her decision to review the matter of an ICE raid of the Yamato Engine Specialists.,,,,,,,,,,
940,815682,3/5/2009,Senator Frank R. Lautenberg,Writes to support the funding request from Academy Bus under the Intercity Bus Security Grant Program.,,,,,,,,,,
941,815160,3/3/2009,Senator Patrick J. Leahy,Inviting the Secretary to appear before the Senate Judiciary Committee Members at your earliest opportunity to discuss issues within their jurisdiction that affects your department,,,,,,,,,,
942,,,,,,,,,,,,,,
943,817436,3/19/2009,Senator Patrick J. Leahy,Writes regarding concerns over provisions of the Consolidated Appropriations Act of 2008 related to labeling of terrorist organizations.,,,,,,,,,,
944,815252,3/2/2009,Senator Carl Levin,Constituent 9)9)    requests help with son's.|9)9)    1-130.,,,,,,,,,,
945,815355,3/4/2009,Senator Carl Levin,Sen. Carl Levin writes on behalf of|9)9)    j who seeks Prosecutorial Discretion for his client who is in removal proceedings before the Immigration Court in Detroit.,,,,,,,,,,
946,816979,3/13/2009,Senator Carl Levin,Constituent |9)9)    bequests regarding status of his appeal of I- 485 and fees of $585.00.,,,,,,,,,,
947,817897,3/23/2009,Senator Carl Levin,Senator Levin commends the USCIS stall members who were instrumental in resolving <b)(6)    immigration status to the benefit of the people of Michigan.,,,,,,,,,,
948,819015,3/30/2009,Congressman Sander M. Levin,Consitutent 9)9)    Regarding his wife 9)9) application for parole.,,,,,,,,,,
949,816996,3/16/2009,Congressman John Linder,Rep. Linder writes on behalf of|9)9)    who oposses TSA's Notice of Proposed Rule Making.,,,,,,,,,,
950,,,,,,,,,,,,,,
951,817656,3/19/2009,Congressman Frank A. LoBiondo,Constituent |X>(S)    Jrequests 1-90 replacement card for her son (b)(6)    |,,,,,,,,,,
952,817302,3/20/2009,Congressman Marco Lopez,"Attached is the Report to Congress on the Pilot Program to Improve the Security of Empty Containers, as required by Section 235 of the Security and Accountability for Every Port Act of 2006 (P.L. 109-347). The legislation requires the Secretary's recommendation on whether to expand the pilot. This report has a f,DHS Response^, section to incorporate the Secretary's recommendation as well as a memo from the Acting Commissioner to the Secretary (Appendix C), recommending the discontinuation of the pilot. Rather than conduct several simultaneous reviews, Kaiya Sandler in DHS Office of General Counsel recommended that we send this report through DHS Exec Sec for review and signature. Kaiya said if there are any problems, she may be contacted. Once the Secretary has signed the memo, noting her decision, we will send this report to DHS OGC for the second half of the Report process (OMB review and A/S OLA signature).",,,,,,,,,,
953,819011,3/30/2009,Congressman Frank D. Lucas,Constituent XX0)    regarding misuse of H2A program by his employees.,,,,,,,,,,
954,815050,2/27/2009,Congressman Richard G. Lugar,"Writes regarding a proposal being submitted by the Bloomington Shuttle Service, Inc. to obtain the Intercity Bus Grant.",,,,,,,,,,
955,815826,3/6/2009,Congressman Richard G. Lugar,Constituent [XX0)    Requests status of wife xw XX0)    1-130.,,,,,,,,,,
956,,,,,,,,,,,,,,
957,816069,3/9/2009,Congressman Richard G. Lugar,"Writes on behalf of constituent))13))6)    ^vho requests support for HR 6034 and S 3369, which would end the widow penalty for immigrants.",,,,,,,,,,
958,816556,3/12/2009,Congressman Richard G. Lugar,Sen. Lugar writes on behalf of constituent (b)<0)    fegarding the security of personal infromation concerning the Federal Protective Service.,,,,,,,,,,
959,818582,3/26/2009,Congressman Richard G. Lugar,Constituent )b))6)    would like his interpreter )b))6) (b))0) to come to the US.,,,,,,,,,,
960,818538,3/26/2009,Congressman Carolyn B. Maloney,Constituent)6)    Regarding her 1-140 appeal denial.,,,,,,,,,,
961,816885,3/16/2009,Congressman Donald A. Manzullo,Writes on behalf of constituent.    who has concern about FEMA and mass grave sites.,,,,,,,,,,
962,818099,3/24/2009,Congressman Mel Martinez,Constituent(b))6)    'egarding 1-601 for her husbandp))6)    |,,,,,,,,,,
963,817975,3/23/2009,Congressman Doris O. Matsui,Constituentfb))6)    Regarding husband tb))0) (b)(6) 1-601. -,,,,,,,,,,
964,,,,,,,,,,,,,,
965,815837,3/5/2009,Senator John McCain,Constituent requesting credit for 5 years citizenship after her paperwork was lost.,,,,,,,,,,
966,818029,3/24/2009,Senator John McCain,Constituent 9)9)    requesting assistance with 1-601 for his wife p)9)    1,,,,,,,,,,
967,818251,3/25/2009,Senator John McCain,ConstituentpX6)    regarding his termination and the funding of the rehired annuitant program.,,,,,,,,,,
968,818284,2/25/2009,Senator John McCain,Constituent pX0)    regarding denial of visa for hi s fiancee p)9),,,,,,,,,,
969,818794,3/30/2009,Senator John McCain,Sen. McCain writes on behalf of a constituent regarding his employment with ICE.,,,,,,,,,,
970,818864,3/30/2009,Senator John McCain,Constituent 9X0)    Regarding his denial of temporary residency status.,,,,,,,,,,
971,815892,3/6/2009,Congressman Kevin McCarthy,Constituent(b)'6)    requests status of husbands 9)9) (b)(6) 1-601.,,,,,,,,,,
972,817641,3/19/2009,Congressman Kevin McCarthy,Constituent 9)9)    regarding H-1B visa for 9)9),,,,,,,,,,
973,,,,,,,,,,,,,,
974,817951,3/21/2009,Congressman Kevin McCarthy,Constituent ®®    equests status of her 1-485.,,,,,,,,,,
975,815290,3/2/2009,Senator Claire McCaskill,Constituent®®    lequests status of husbands |®®    | ®® 1-601.,,,,,,,,,,
976,816112,3/9/2009,Congressman Michael McCaul,Constituent ®®,,,,,,,,,,
977,816596,3/12/2009,Congressman Michael McCaul,Consituent ®®    Irequests assistance with his permanent residency card.,,,,,,,,,,
978,816978,3/16/2009,Congressman Michael McCaul,"Constituent ®®    Requests status of EB2, and 1-485.",,,,,,,,,,
979,818535,3/26/2009,Congressman Michael McCaul,Constituents ®®    and ®®    regarding their I- 485's.,,,,,,,,,,
980,816581,3/12/2009,Senator Mitch McConnell,Constituent ®®    lequesting expedite of wife’s |®® ®® 1-601.,,,,,,,,,,
981,817432,3/19/2009,Senator Mitch McConnell,"Supports the application submitted by Miller Transportation, Inc. for the Intercity Bus Security Grant Program. FEMA Folder 97252 is with GPD for handling.",,,,,,,,,,
982,,,,,,,,,,,,,,
983,,,,,,,,,,,,,,
984,817578,3/19/2009,Senator Mitch McConnell,Writes on behalf of ConstituentpX0)    requesting the screening of private security contractors by the Department of Homeland Security.,,,,,,,,,,
985,815642,3/5/2009,Congressman Jim McDermott,"Expresses concern regarding the effects WHTI will have on the 2010 Olympic Gaines in Vancouver, Canada, and requests the Secretary consider the benefits of liberal travel.",,,,,,,,,,
986,816079,3/9/2009,Congressman Jim McDermott,Rep. McDermott writes on behalf oRb)9)    md his trip,,,,,,,,,,
987,816769,3/13/2009,Congressman Jim McDermott,Rep. McDermott writes on behalf of ConstituentpX6) regarding a TRIP inquiry for her 10 year old sorp)(6),,,,,,,,,,
988,818925,3/30/2009,Congressman Jim McDermott,"Rep. Jim McDermott writes on behalf of his constituent (bX0) (b)(6)    who believes her name is on the Watch List because she was detained at the US-Canada border at Blaine, Washington.",,,,,,,,,,
989,817186,3/17/2009,Congressman James P. McGovern,Constituent (bX0)    requests status of husband's (bX0} tb)(0> 1-601.,,,,,,,,,,
990,817788,3/20/2009,Congressman James P. McGovern,"Writes to request that S1 support legislation supporting to end the ""widow penalty"".",,,,,,,,,,
991,815323,3/3/2009,Congressman Michael McMahon,Contituent (b)(6)    equests status of H1B vj sa.,,,,,,,,,,
992,,,,,,,,,,,,,,
993,816067,3/9/2009,Congressman Charlie Melancon,"Writes to recommend a former staff member, <b)<6>    for a political position with DHS.",,,,,,,,,,
994,816070,3/9/2009,Congressman Charlie Melancon,"Writes in support of Calco Travel, Inc. for the Intercity Security Bus Grant.",,,,,,,,,,
995,816230,3/10/2009,Congressman Charlie Melancon,Writes in support of Intercity Bus Security Grant application from Hotard Coaches.,,,,,,,,,,
996,817187,3/17/2009,Senator Robert Menendez,Sen. Robert Menendez writes to express his concern with Si's testimony before the House Homeland Security Committee in which she expressed doubt that DHS would meet the July 2012 deadline mandated by Congress to scan all containers entering U.S. ports.,,,,,,,,,,
997,815307,3/4/2009,Senator Barbara A. Mikulski,Writes to inform S1 of opportunity to utilize existing biodetection systems until the development and implementation of BioWatch generation 3 units has been completed.,,,,,,,,,,
998,815520,3/4/2009,Senator Barbara A. Mikulski,Writes on behalf of constituent X)X)    regarding her concerns about the effects of H2A regulations on domestic and foreign farmworkers.,,,,,,,,,,
999,816722,3/13/2009,Senator Barbara A. Mikulski,Sen. Barbara A. Mikulski writes on behalf of her constituentJXX6) X)(6)    concerning an investigation conducted at his house by ICE Federal Protective Service Agents.,,,,,,,,,,
1000,,,,,,,,,,,,,,
1001,817166,3/17/2009,Senator Barbara A. Mikulski,"Writes on behalf of constituent<b)<6)    , a Federal Employee with a complaint.",,,,,,,,,,
1002,817579,3/19/2009,Senator Barbara A. Mikulski,Writes on behalf of constituent (bX6)    who would like to add his product to the FEMA Cache list.,,,,,,,,,,
1003,817853,3/23/2009,Senator Barbara A. Mikulski,"W rites on behalf of constituent,    , who requests a DED extension.",,,,,,,,,,
1004,818327,3/25/2009,Senator Barbara A. Mikulski,Constituent (bX0)    (regarding expediting his greencard.,,,,,,,,,,
1005,815190,2/19/2009,Congressman Candice S. Miller,Writes regarding border security and looks forward to working with S1 on this issue.,,,,,,,,,,
1006,816888,3/16/2009,Congressman Candice S. Miller,"Rep. Candice Miller writes regarding security along the Northern Border. Miller expresses her concerns with border thickening, suggests consideration of a Border Envoy, and invites SI to Southeast Michigan to review the region's border challenges and opportunities.",,,,,,,,,,
1007,,,,,,,,,,,,,,
1008,815643,3/5/2009,Congressman Gary G. Miller,Constituent ®®    requests status of 1-601 for his wif<®® (b)(6),,,,,,,,,,
1009,815726,3/5/2009,"Congressman Gary G, Miller",Constituent ®®    requests status of her immig. case.,,,,,,,,,,
1010,815509,3/4/2009,Congressman George Miller,Constituent ®®    ],,,,,,,,,,
1011,817295,3/18/2009,Congressman Jeff Miller,Constituent!®®    requests assistance in deportation of illegal fiance.,,,,,,,,,,
1012,817944,3/24/2009,Congressman Dennis Moore,Writes on behalf of constituent]®®    lwho has a complaint about FEMA. FEMA Folder 97412 - Disaster Assistance to handle.,,,,,,,,,,
1013,818196,3/19/2009,Congressman Dennis Moore,"Rep. Moore writes on behalf of his consituents®® Anderson, regarding their request to pilot the PIDS initiative.",,,,,,,,,,
1014,815681,3/5/2009,Congressman Gwen S. Moore,Rep. Gwen Moore writes concerning the deportation of Helaman II Iquique despite an Emergency Motion for a Stay of Deportation.,,,,,,,,,,
1015,818509,3/26/2009,Congressman Jerry Moran,Constituent ®®    regarding his ineligibility for active duty.,,,,,,,,,,
1016,,,,,,,,,,,,,,
1017,817228,3/17/2009,Senator Lisa Murkowski,Constituent <bK6)    reauests assistance with expedite of greencard renewal application.,,,,,,,,,,
1018,816191,3/10/2009,Senator Patty Murray,Constituent (b><6) wife's |<bX6) complaint about lengthy processing time for 1-485.,,,,,,,,,,
1019,818949,3/30/2009,Senator Patty Murray,Rep. Murray writes on behalf of constituent(b!(6)    egarding TWIC.,,,,,,,,,,
1020,818304,3/25/2009,Congressman Sue Myrick,Writes regarding the protection of the Nation's cyber security and emergency communications infrastructure.,,,,,,,,,,
1021,815339,3/4/2009,Congressman Ben Nelson,"Benjamin Nelson writes to express his concerns with the ""Large Aircraft Security Program"" Notice of Proposed Rulemaking.",,,,,,,,,,
1022,815393,3/4/2009,Congressman Ben Nelson,"Writes to support the funding request from Busco,Inc.d/b/a Arrow Stage Lines through the Bus Grant.",,,,,,,,,,
1023,815853,3/5/2009,Senator Bill Nelson,Consituent Jorge Dorta-Duque requests status of I-140 foitb>(6t (b)(6),,,,,,,,,,
1024,816068,3/9/2009,Senator Bill Nelson,"Sen, Nelson urges the Administration to conduct a policy review granting Temporary Protective Status to Haitians.",,,,,,,,,,
1025,,,,,,,,,,,,,,
1026,816088,3/9/2009,Senator Bill Nelson,Consistuent (b)(6!    request assistance with daughters H1B immigration status.,,,,,,,,,,
1027,817667,3/20/2009,Senator Bill Nelson,Constituent^6)    fegarding her N-400 which was denied.,,,,,,,,,,
1028,817687,3/20/2009,Senator Bill Nelson,Constituent    egarding 1-485 for his wife (bX6>,,,,,,,,,,
1029,817693,3/6/2009,Senator Bill Nelson,Constituent (b)(6)    (regarding 1-485 for his wifej(b)(6) (b)(6)    1-,,,,,,,,,,
1030,817972,3/24/2009,Senator Bill Nelson,Constituent|(b)(6)    Requests status of husband(b><6> <bX6* 1-601.,,,,,,,,,,
1031,818021,3/24/2009,Senator Bill Nelson,Constituent (bX6)    fegarding his immigrant visa application.,,,,,,,,,,
1032,818022,3/24/2009,Senator Bill Nelson,Constituent and his wife request assistance in legally immigrating tot he US.,,,,,,,,,,
1033,818281,3/25/2009,Senator Bill Nelson,Constituent(bK6)    fegarding his N-400.,,,,,,,,,,
1034,,,,,,,,,,,,,,
1035,818103,3/24/2009,Congressman. Eleanor Holmes Norton,"Requests an immediate review of the Homeland Security Presidential Directives, especially as they relate to the use of Prinicipal Federal Officials during times of disaster.",,,,,,,,,,
1036,815880,3/6/2009,Congressman Glenn Nye.,Constituent(b)(6)    Irequests status of his re atives (b)(6) (b)(6),,,,,,,,,,
1037,818054,3/24/2009,Congressman Glenn Nye,Constituentl(bX6>    lregarding status of son (b))6) 1-130.,,,,,,,,,,
1038,818061,3/24/2009,Congressman Glenn Nye,Constituent!)6))6)    ^regarding his son (b)(6),,,,,,,,,,
1039,,,,(b))6)    immigrant visa petition.,,,,,,,,,,
1040,818866,3/30/2009,Congressman Glenn Nye,Status of(b))0)    1,,,,,,,,,,
1041,816508,3/11/2009,Congressman John W. Olver,Constituent )b))6)    regarding son's )b))6) application for refugee status denial.,,,,,,,,,,
1042,815757,3/6/2009,Congressman Ed Pastor,"Writes requesting assistance to repair the flawed 287(g) program within Maricopa County, Arizona",,,,,,,,,,
1043,815774,3/6/2009,Congressman Ed Pastor,Rep. Ed Pastor writes to request assistance in repairing the 287(g) Program which he believes has given rise to charges of racial profiling and civil rights violations in Arizona.,,,,,,,,,,
1044,,,,,,,,,,,,,,
1045,817178,3/17/2009,Congressman Ed Pastor,Constituent!®®    ^Requesting status of husbands]®®    | (b)(6)    |I-601.,,,,,,,,,,
1046,817568,3/19/2009,Congressman Ed Pastor,Constituent!®®    Ireauesting expedite of 1-601 for his wife (b)(6)    |,,,,,,,,,,
1047,817201,3/17/2009,Congressman Ron Paul,Requests approval of H-2A petitions submitted by commercial beekeepers for Nicaraguan workers.,,,,,,,,,,
1048,815115,3/2/2009,Congressman Donald M. Payne,Constituent |®®    requests status of sister'!®®    R 1®®    Humanitarian Parole visa.,,,,,,,,,,
1049,817499,3/19/2009,Congressman Chip Pearson,"Chip Pearson, State Senator-District 51, Georgia State Senate writes in opposition to the Large Aircraft Security Program.",,,,,,,,,,
1050,816742,3/13/2009,Congressman Ed Perimutter,Rep. Perimutter writes with questions regarding the proposed rule for the Large Aircraft Security Program.,,,,,,,,,,
1051,816743,3/13/2009,Congressman Ed Perimutter,Writes in support of the University of Denver for the Career Development Grant.,,,,,,,,,,
1052,816765,3/13/2009,Congressman Ed Perimutter,Writes in support of the University of Denver for the Career Development Grant.,,,,,,,,,,
1053,,,,,,,,,,,,,,
1054,817959,3/23/2009,Congressman Thomas Petri,Constituent (b)*6)    Regarding emplovee|(b)(6>    |s I-1290B.,,,,,,,,,,
1055,817227,3/17/2009,Congressman Joseph R. Pitts,ConstituentpX0)    Irequests update on 1-730 on behalf of and his wife(bl(6>,,,,,,,,,,
1056,817438,3/19/2009,Congressman Joseph R. Pitts,Supports the application submitted by Elite Coach Company for the Intercity Bus Security Grant Program.,,,,,,,,,,
1057,817386,3/18/2009,Congressman Todd Russell Plaits,Constituent)’13)*6)    |is requesting legible copies of natuaralization documents to be sent to him.,,,,,,,,,,
1058,816411,3/11/2009,Congressman Ted Poe,"Write in support of Texas Governor Perry’s letter requesting more federal assistance for the Texas-Mexico border, and express concern regarding the increased violence at the border.",,,,,,,,,,
1059,817669,3/20/2009,Congressman Ted Poe,Rep. Ted Poe writes to express his concern about the security of the Nation's borders and invites the president to visit the U.S. Mexico Border in Texas.,,,,,,,,,,
1060,815814,3/6/2009,Congressman Tom Price,Constituent requests status of N-400 for he and his family. Wife- (b)(6),,,,,,,,,,
1061,,,,,,,,,,,,,,
1062,817333,3/18/2009,Congressman Adam H. Putnam,Congratulates the Secretary on her confirmation and appreciates her comments during her hearing in front of the House Homeland Security Committee regarding border security and killing the roots of terrorism.,,,,,,,,,,
1063,818515,3/26/2009,Congressman George Radanovich,Congressman Radanovich requesting opportunity to speak with Mike Aytes regarding EB-5's.,,,,,,,,,,
1064,818278,3/25/2009,Congressman Nick J. Rahall,Constituent (bX0>    regarding her H1B visa.,,,,,,,,,,
1065,817791,3/20/2009,Congressman Charles Rangel,Requests that Temporary Protective Status be granted to Haitian immigrants.,,,,,,,,,,
1066,816104,3/9/2009,Senator Jack Reed,Writes to recommend constituent-^6)    1 for a position with DHS as a Protective Security Advisor.,,,,,,,,,,
1067,818265,3/25/2009,Senator Harry Reid,"Writes regarding the Implementation of the American Recovery and Reinvestment Act Workshop to be held in Las Vegas, NV on April 16, 2009.",,,,,,,,,,
1068,818507,3/26/2009,Senator Jim Risch,H-2A workers from Uruguay.,,,,,,,,,,
1069,818508,3/26/2009,Senator Jim Risch,Consitutent(b))0)    regarding Uraguay's exclusion on H-2A program.,,,,,,,,,,
1070,815322,3/4/2009,Senator Pat Roberts,Rep. Pat Roberts writes regarding Village Tours and Travels application for a Security Bus Grant.,,,,,,,,,,
1071,,,,,,,,,,,,,,
1072,816636,3/21/2009,Senator Pat Roberts,Consitutent ®®    requests status of bis immigration case.,,,,,,,,,,
1073,817194,3/17/2009,Senator Pat Roberts,Constituent!®® __^^equests status of 1-601 for his wife ®® (b)(6),,,,,,,,,,
1074,818533,3/26/2009,Senator Pat Roberts,Request support for an increase in funding of the federal cost share for the National Bio and Agro-Defense Facility at $150 million in the FY 2010 budget.,,,,,,,,,,
1075,817451,3/18/2009,Congressman Ciro D. Rodriguez,Constituent ®®    is requesting expedite of his naturalization certificate replacement.,,,,,,,,,,
1076,815303,3/3/2009,Congressman Michael D. Rogers,Constituent!®®    Irequesting status of wife’]®®    visa request.,,,,,,,,,,
1077,817814,3/20/2009,Congressman Michael J. Rogers,Writes to request that S1 undertake an internal review of the Department's canine assets.,,,,,,,,,,
1078,818924,3/30/2009,Congressman Dana Rohrabacher,Rep. Rohrabacher writes on behalf of constituent ®® regarding his difficulties obtaining a TWIC.,,,,,,,,,,
1079,,,,,,,,,,,,,,
1080,8)8519,3/26/2009,Congressman Tom Rooney,Rep. Rooney writes on behalf of constituent)*6)    whose name appears on a watch list.,,,,,,,,,,
1081,815057,2/26/2009,Congressman Mike Ross,"Shares concerns regarding the temporary housing units stored by FEMA at the Hope Municipal Airport in Arkansas, FEMA folder 96654 is assigned to the FEMA Logistics Management Directorate for handling.",,,,,,,,,,
1082,816975,3/16/2009,Congressman Steven R. Rothman,Constitutent|<b!(6)    |is sending requested addtional information for the 1-730 petition on behalf of his wife.,,,,,,,,,,
1083,818009,3/24/2009,Congressman Steven R. Rothman,Constituent^)*6)    ‘equests status if 1-601 for his wife *b)*6) (b)(6),,,,,,,,,,
1084,818464,3/26/2009,Congressman Steven R. Rothman,Constituent^    regarding 1-485.,,,,,,,,,,
1085,817763,3/20/2009,Congressman Edward Royce,Rep. Royce and 11 other signatories write to President Obama regarding Operation Jump Start. S1 is cc'd.,,,,,,,,,,
1086,,,,,,,,,,,,,,
1087,818628,3/26/2009,Senator Bernard Sanders,Writes to request additional funding be given to the R-Tech Program.,,,,,,,,,,
1088,815872,3/6/2009,Congressman Stephanie Herseth Sandlin,Constituent<bK6)    complaint about H-2A visas.,,,,,,,,,,
1089,815297,3/2/2009,Congressman Janice D. Schakowsky,Constituent(b)(6)    Jrequests assistance in getting duplicate greencard for his patient |(b)l0)    1,,,,,,,,,,
1090,815871,3/6/2009,Congressman Janice D. Schakowsky,Constituent|lb»6>    [requests appointment for her grand children p))0)    lin Chicago the week of June 15th for citizenship consideration of the children.,,,,,,,,,,
1091,817909,3/23/2009,Congressman Janice D. Schakowsky,15 members of Congress request that fees associated with citizenship be reduced.,,,,,,,,,,
1092,818146,3/24/2009,Congressman Janice D. Schakowsky,Constituent regarding expediting her N-400 interview.,,,,,,,,,,
1093,815699,3/5/2009,Congressman Jean Schmidt,Constituent )b!(6t    'equests verification of her us citizenship status.,,,,,,,,,,
1094,,,,,,,,,,,,,,
1095,815918,3/9/2009,Congressman Jean Schmidt,Writes in support of Croswell Bus Line Incorporation's application for funding from the Intercity Bus Security Grant.,,,,,,,,,,
1096,816584,3/11/2009,Congressman Kurt Schrader,Constituent 9)9)    (regarding his rescheduling of his son's |9>9)    visa appointment.,,,,,,,,,,
1097,815511,3/4/2009,Senator Charles E. Schumer,Sen. Charles E. Schumer writes on behalf of his constituent|9)9)    ] 9)9)    concerning that status of his TRIP Inquiry.,,,,,,,,,,
1098,817775,3/20/2009,Senator Charles E. Schumer,"Supports applications from East Greenbush, North Greenbush, Schodack, Nassau and Rensselaer for the Emergency Operations Center Grant Program.",,,,,,,,,,
1099,818115,3/23/2009,Senator Charles E. Schumer,"Senator Schumer writes on behalf of constituent 9)9) regarding his concerns with border patrol vehicles being parked in Churchville, NY.",,,,,,,,,,
1100,818344,3/25/2009,Senator Charles E. Schumer,Supports the application from the Firemen's Association of the State of New York Museum of Firefighting for the Fire Prevention and Safety Grant Program. FEMA folder 97507 - assigned to GPD for handling.,,,,,,,,,,
1101,816726,3/13/2009,Congressman Allyson Y. Schwartz,Writes regarding the conversion of Willow Grove Naval Air Station Joint Reserve Base to the Horsham Joint Interagency Installation.,,,,,,,,,,
1102,815547,4/4/2009,Congressman David Scott,Constituentf9)9)    Irequests status of wife's 9)9) 9)9)    1-130.,,,,,,,,,,
1103,,,,,,,,,,,,,,
1104,816983,2/25/2009,Congressman Robert C. Scott,Constituent!?)®    Jrequests status and assistance with her mother's ®®    I immigration case.,,,,,,,,,,
1105,816987,3/16/2009,Congressman Robert C. Scott,Constituent!®®    Requesting assistance with her application for citizenship.,,,,,,,,,,
1106,818035,3/24/2009,Congressman Robert C. Scott,Constituent ®®    Requests status of his 1-485.,,,,,,,,,,
1107,816683,3/13/2009,Senator Jeff Sessions,Writes in support of Anchor Tours for the Intercity Bus Security Grant.,,,,,,,,,,
1108,816883,3/16/2009,Congressman Joe Sestak,"Supports the application submitted by Krapf Coaches, Inc. for the Intercity Bus Security Grant Program.",,,,,,,,,,
1109,815651,3/4/2009,Senator Richard C. Shelby,Constituent ®®    requests status of parents!®® ®®    1-130 and 1-824.,,,,,,,,,,
1110,815700,3/4/2009,Senator Richard C. Shelby,Constituent!®®    requests help getting wife's®® greencard. The card was returned by the postoffice.,,,,,,,,,,
1111,835869,3/6/2009,Senator Richard C. Shelby,Constituent®®    requests assistance with ®® O-l visa extension.,,,,,,,,,,
1112,,,,,,,,,,,,,,
1113,816463,3/11/2009,Senator Richard C. Shelby,"Sen. Richard Shelby writes on behalf of his constituent, *b)*6) (bX6)    concerning the problems he faces when returning to the U.S from his offices in Latin America.",,,,,,,,,,
1114,815697,3/5/2009,Congressman Brad Sherman,Constituent^)*6)    lreauests status of 1-131 for his son (b)(6)    1,,,,,,,,,,
1115,815741,3/6/2009,Congressman Heath Shuler,Writes on behalf of The City of Hendersonville to request assistance with SAFER Grant.,,,,,,,,,,
1116,816188,3/9/2009,Congressman Michael K. Simpson,Consitituent *b)*6)    requests assistance with{b)(6) |*b)*6)    case.,,,,,,,,,,
1117,816296,3/10/2009,Congressman Michael K. Simpson,"Constituenttb><6>    requests assistance with son's (b',(6)    student visa/immigration.",,,,,,,,,,
1118,817214,3/17/2009,Congressman Michael K. Simpson,"Constituent,b!,m    requesting status of 1-601 for his wife|<b)(6) (b)(6)",,,,,,,,,,
1119,815362,3/4/2009,Congressman Ike Skelton,Writes on behalf of constituent(bXti)    who seeks visa assistance for his wife in China.,,,,,,,,,,
1120,,,,,,,,,,,,,,
1121,818122,3/24/2009,Congressman Adam Smith,Constituentregarding his green card.,,,,,,,,,,
1122,815932,2/9/2009,Congressman Adrian Smith,Rep. Smith writes regarding an intercity bus security grant for Arrow Stage Lines of Omaha.,,,,,,,,,,
1123,816404,3/11/2009,Congressman Adrian Smith,Constituent everett pirce requests status of wife's(b)(6) (b)(6) J-130 and I-129F.,,,,,,,,,,
1124,816084,3/9/2009,Congressman Christopher H. Smith,Constituent |(b»6>    ^quests status of wife's(bX6)    I- 130.,,,,,,,,,,
1125,818861,3/30/2009,Congressman Christopher H. Smith,Constituent^))6)    regarding denial of 1-601 for her husband(b)(6>,,,,,,,,,,
1126,817601,3/19/2009,Congressman Lamar Smith,"Writes concerning allegations of misconduct by the Maricopa County, Arizona Sheriff.",,,,,,,,,,
1127,818930,3/30/2009,Congressman Lamar Smith,"Rep. Lamar S. Smith writes to express his concerns with the border security initiative. He requests a detailed explanation of the specific law enforcement initiatives that will be cut to assist with bolstering border security, how the plan will be funded, and how a lack of coordination between federal agencies will be rectified.",,,,,,,,,,
1128,,,,,,,,,,,,,,
1129,815535,3/4/2009,Congressman Olympia J. Snowe,"Senator Olympia Snowe writes on behalf of her constituent, Donald Black, regarding the National Bio Agro-Defense Facility (NBAF).",,,,,,,,,,
1130,818912,3/30/2009,Congressman Zack Space,Writes to request information for the Chief Procurement Officer for DHS.,,,,,,,,,,
1131,815768,3/5/2009,Congressman Arlen Specter,Constituent requires status of his pending asylum application.,,,,,,,,,,
1132,816643,3/12/2009,Congressman Arlen Specter,Constituent (b)(6)    requests status of his wife’s ®® ®® 1-601.,,,,,,,,,,
1133,817370,3/18/2009,Congressman Arlen Specter,"Initial inquiry was from constituent(b)t6)    regarding I-129. However, this WF is the congressman requesting an anwer to the first inquiry.",,,,,,,,,,
1134,817551,3/19/2009,Congressman Arlen Specter,Constituent ®®    requests assistance regarding denial of fiance petition for®®,,,,,,,,,,
1135,817671,3/20/2009,Congressman Arlen Specter,Constituents(b)(6)    regarding their 1-800 approval.,,,,,,,,,,
1136,818092,3/20/2009,Congressman Arlen Specter,Constituen ®®    regarding here case.,,,,,,,,,,
1137,,,,,,,,,,,,,,
1138,818126,3/20/2009,Congressman Arlen Specter,"Constituent!w(6>    ""Requesting notice that her J-2 status has been approved.",,,,,,,,,,
1139,818514,3/26/2009,Congressman Arlen Specter,Supports the application submitted by Elite Coach for the Intercity Bus Security Grant. EMA folder 97535 assigned to GPD for handling.,,,,,,,,,,
1140,818562,3/26/2009,Congressman Arlen Specter,"Constituent    lquestioning the necessitv for paper check payment for Form G104, when electronic payment would better suffice.",,,,,,,,,,
1141,818666,3/26/2009,Congressman Arlen Specter,"Constituent *bX0)    -egarding her husband ’b>,6> tb)(6) 1-601.",,,,,,,,,,
1142,,,,,,,,,,,,,,
1143,817727,3/20/2009,Congressman Cliff Steams,Constituen <b><6>    Regarding his 1-485.,,,,,,,,,,
1144,818258,3/25/2009,Congressman Cliff Steams,Constituent <b’(6t    -egarding 1-601 for her husband(b)t6) (b)(6)    —,,,,,,,,,,
1145,817725,3/20/2009,Congressman John Tanner,Constituent<b><6t    egarding his clien^(b)(6),,,,,,,,,,
1146,,,,,,,,,,,,,,
1147,815920,3/9/2009,Congressman Lee Terry,"Writes in support of Busco, Inc.’s application for funding from the Intercity Bus Security Grant.",,,,,,,,,,
1148,815597,3/5/2009,Congressman Bennie G. Thompson,"Writes to request that S1 requires the posting of FY 2008 and first quarter FY 2009 No FEAR Act data for each Component and DHS headquarters to the respective websites as soon as possible. Also, to provide those numbers to the Committee.",,,,,,,,,,
1149,816451,3/11/2009,Congressman Bennie G. Thompson,Constituent (bX0)    requests assistance with his visa.,,,,,,,,,,
1150,817261,3/17/2009,Congressman Bennie G. Thompson,"QFRs from February 25, 2009 hearing entitled ""DHS: The Path Forward.""",,,,,,,,,,
1151,817419,3/19/2009,Congressman Bennie G. Thompson,"Rep. Bennie G. Thompson, Chairman, Committee on Homeland Security, requests a narrative explaining the rational and ""measurably substantial benefits"" of an ICE bundled contract for detention center food service and security operations by April 5, 2009.",,,,,,,,,,
1152,818488,3/26/2009,Congressman Bennie G. Thompson,Constituent <bX0)    regarding daughter Cody’s I-130.,,,,,,,,,,
1153,818095,3/24/2009,Congressman John F. Tierney,"Rep. John F. Tierney writes to express his concerns with the funding for Explosive Detection Systems (EDS), specifically the need for 100 percent checked baggage screening at small and medium sized airports and EDS procurement.",,,,,,,,,,
1154,816579,3/12/2009,Congressman Dina Titus,Rep. Titus writes to thank the Secretary for her visit to Homeland Security Committee.,,,,,,,,,,
1155,,,,,,,,,,,,,,
1156,817196,3/17/2009,Congressman Niki Tsongas,Constituent 9)9)    [requesting status of husband's 9)9) 9)9)    1-601.,,,,,,,,,,
1157,815133,3/2/2009,Senator Mark Udall,Constituent1^)    requests status of husbands 9)9)    1-601.,,,,,,,,,,
1158,817940,3/23/2009,Senator Mark Udall,Writes to recommend 9)9)    as Region VIII Director for DHS.,,,,,,,,,,
1159,818175,3/24/2009,Congressman Chris Van Hollen,Writes on behalf of constituent 9)9)    |vho has applied for a General Attorney position at DHS,,,,,,,,,,
1160,818271,3/25/2009,Congressman Chris Van Hollen,Constituent 9)9)    -egarding adjustment of status for son (fcl)9) 9)9),,,,,,,,,,
1161,818523,3/26/2009,Congressman Chris Van Hollen,"Writes on behalf of constituent, Total Security Services International, with respect to its company's application under DHS Solicitation Number HSHQDC-08-R-00050.",,,,,,,,,,
1162,815242,3/3/2009,Senator David Vitter,"A group of Sen. Vitter constituents, the Women of the Storm request a meeting with the Secretary while she is in New Orleans this week regarding coastal erosion.",,,,,,,,,,
1163,816686,3/13/2009,Congressman George V. Voinovich,Writes in support of Croswell Bus Line for the Intercity Bus Security Grant.,,,,,,,,,,
1164,,,,,,,,,,,,,,
1165,818518,3/26/2009,Congressman Zach Wamp,Constituent )b>)6)    'equests status of 1-730 for her daughter (b)(6)    ‘,,,,,,,,,,
1166,815510,3/4/2009,Senator Mark R. Warner,"Writes on behalf of a constituent, lb)f6)    regarding U.S. defense against an electromagnetic pulse (EMP) attack.",,,,,,,,,,
1167,815622,3/5/2009,Senator Mark R. Warner,Writes in regards to the Corporation for Emergency Preparedeness and Response (CEPR) and their Maritime Emergency Preparedness Project proposal. FEM A Folder 96774 is assigned to FEMA Disaster Operations Directorate for handling.,,,,,,,,,,
1168,816701,3/13/2009,Congressman Melvin L. Watt,"Writes to request that a representative participate in the 12th Congressional District Annual Grants Conference on June 15th, 2009.",,,,,,,,,,
1169,815929,3/9/2009,Congressman Henry Waxman,Supports the appointment of(b)(6)    as Chief Medical Officer for DHS.,,,,,,,,,,
1170,817786,3/20/2009,Congressman Henry Waxman,Rep. Waxman writes on behlf of his constituent/13))6)    'egarding his TRIP inquiry.,,,,,,,,,,
1171,815549,3/4/2009,Congressman Jim Webb,Constituent (b)<13)    requests status of humanitarian medical visa for )b))6),,,,,,,,,,
1172,816092,3/9/2009,Congressman Jim Webb,Constituent |!b))6)    Lequests help with son'fj(b)(6)    | (b)(6)    immigration.,,,,,,,,,,
1173,,,,,,,,,,,,,,
1174,,,,,,,,,,,,,,
1175,816096,3/9/2009,Congressman Jim Webb,"Constituent XX0)    regarding her denied N-600,",,,,,,,,,,
1176,816251,3/9/2009,Congressman Jim Webb,Sen. Webb writes on behalf of constituent XX0)    a CBP officer who requests assistance obtaning a hardship transfer.,,,,,,,,,,
1177,816447,3/11/2009,Congressman Jim Webb,Constituents XX0)    request assistance with relatives,,,,,,,,,,
1178,,,,XX0)    [-130's.,,,,,,,,,,
1179,,,,,,,,,,,,,,
1180,816995,3/16/2009,Congressman Jim Webb,Constituent requests status of his special immigrant visa.,,,,,,,,,,
1181,817021,3/17/2009,Congressman Jim Webb,Constituent XX0)    -egarding status of husbands'|XX6>    1 XX0)    B485.,,,,,,,,,,
1182,817224,3/18/2009,Congressman Jim Webb,Contituent XX0)    Requests status of his appeal for his wifi (t)X0) (bX0)    |- -,,,,,,,,,,
1183,817352,3/18/2009,Congressman Jim Webb,Constituent XX0)    |reqnestinf> status of nemianent residency for,,,,,,,,,,
1184,,,,,,,,,,,,,,
1185,,,,,,,,,,,,,,
1186,817357,3/18/2009,Congressman Jim Webb,Constituent |(t>)(6)    requesting status of I-130 and 1-485 for|<b)(6)    I,,,,,,,,,,
1187,817363,3/18/2009,Congressman Jim Webb,Constituent|9)9)    regardine denial of mothers 9)9) 9)9)    1-485.,,,,,,,,,,
1188,817463,3/19/2009,Congressman Jim Webb,Constituent!?>9)    begarding I-130 for his wife (b)(6),,,,,,,,,,
1189,817942,3/23/2009,Congressman Jim Webb,Constituentl9)9)    [equests status of his 1-140.,,,,,,,,,,
1190,817982,3/23/2009,Congressman Jim Webb,"Constituenf b>9)    [egarding getting citizenship under the ""wartime naturalization law.""",,,,,,,,,,
1191,817987,3/24/2009,Congressman Jim Webb,Constituent 9)9)    equests status of refugee application for 9)9)    |,,,,,,,,,,
1192,818040,3/24/2009,Congressman Jim Webb,Consitutent 9X6)    be<3uests assistance with humanitarian oarole for her son|9)9)    |,,,,,,,,,,
1193,,,,,,,,,,,,,,
1194,816706,3/13/2009,Congressman Robert Wexler,Constituent (b)(6)    requests assistance with verification of her citizenship.,,,,,,,,,,
1195,818781,3/30/2009,Congressman Robert Wexler,Endorse Greece's participation in the Visa Waiver Program and urge the Secretary to ensure their application is resolved quickly.,,,,,,,,,,
1196,,,,,,,,,,,,,,
1197,815516,3/4/2009,Congressman Frank R. Wolf,Rep. Frank Wolf writes on behalf of his constituent. 1®®    | regarding procurement charges for the Ombudsman CIS annual report.,,,,,,,,,,
1198,815538,3/4/2009,Congressman Frank R. Wolf,Writes on behalf of a constituent.!®®    1 who expresses concern regarding her application with DHS.,,,,,,,,,,
1199,816506,3/12/2009,Congressman Frank R. Wolf,Constitutent ®®    Requests status of 1-485.,,,,,,,,,,
1200,818516,3/26/2009,Congressman Frank R. Wolf,"Writes to request that DHS participate and provide information for a Job Fair in the Tenth District on May 7, 2009.",,,,,,,,,,
1201,,,,,,,,,,,,,,
1202,819003,3/31/2009,Congressman Lynn C. Woolsey,Consituent<b)(d)    ‘egarding 1-601 for her husband (b)(6),,,,,,,,,,
1203,815824,3/5/2009,Senator Ron Wyden,Constituent|(b)(6)    Complaining about hospital abuse of HB1 visas.,,,,,,,,,,
1204,818572,3/26/2009,Senator Ron Wyden,"Senator Wyden writes to recommend and endorseas Administrator for Region X, FEMA.",,,,,,,,,,
1205,818599,3/26/2009,Congressman C. W. Bill Young,Writes on behalf of constituentj(b)(6)    who requests immigration assistance for his mother.,,,,,,,,,,
1206,818920,3/30/2009,Congressman Don Young,Rep. Young writes on behalf of his constituent.*13)*6)    who has an employee who needs to obtain a security badge through TSA.,,,,,,,,,,
1207,816678,3/4/2009,,"Either USM or ACPO can sign this document clarifying payment to Corporate Visions, Inc. (which were subsequently paid on March 10, 2009).",,,,,,,,,,
1208,,,,,,,,,,,,,,
1209,817308,3/10/2009,,"In response to the requirement established by House Conference Report 108-280 accompanying the Department of Homeland Security Appropriations Act of 2004, the United States Visitor and Immigrant Status Indicator Technology (US-VISIT) Program is providing this monthly status report on the planned and actual deployment of US-VISIT entry and exit systems and equipment at air, sea, and land ports. The report also includes related deployment schedules and other information for US-VISIT increments.",,,,,,,,,,
1210,819025,4/1/2009,,"Mr. Joseph F. Vallario, Chairman of House Judiciary Committee writes Kathleen Kraninger in reference to the possible cancellation of a REAL ID Brief.",,,,,,,,,,
1211,,,,,,,,,,,,,,
1212,Policy Congressional Report,,,,,,,,,,,,,
1213,Opened Between 04/01/2009 and 04/30/2009,,,,,,,,,,,,,
1214,WF#,Receive Date,Congressman Name,Subject of Request,,,,,,,,,,
1215,820395,4/3/2009,Congressman Gary L. Ackerman,Constituent XX0)    [regarding 1730 for Lin Hou.,,,,,,,,,,
1216,820414,4/3/2009,Congressman Gary L. Ackerman,Constituent XX0)    Regarding son Sen Hu He 1-730.,,,,,,,,,,
1217,820435,4/3/2009,Congressman Gary L. Ackerman,Constituent XX0)    regarding 1-730 for|X)X) XX0),,,,,,,,,,
1218,821270,4/6/2009,Congressman Gary L. Ackerman,Congressman requesing update on previously faxed case for XX0) XX0),,,,,,,,,,
1219,821271,4/6/2009,Congressman Gary L. Ackerman,Congressman requesting update on previously faxed case for XX0) XX0),,,,,,,,,,
1220,822609,,Congressman Gary L. Ackerman,XX0)    regarding status of 1-730 application for his beneficiaries,,,,,,,,,,
1221,,*+/ w/zuvy,,XX0),,,,,,,,,,
1222,822694,4/14/2009,Congressman Gary L. Ackerman,XX0)    egarding status or 1-730 for his beneficiaries|XX0> b)(6),,,,,,,,,,
1223,823243,4/16/2009,Congressman Gary L. Ackerman,XX0)    regarding 1-730 forl(b}(6>,,,,,,,,,,
1224,,,,,,,,,,,,,,
1225,823253,4/17/2009,Congressman Gary L. Ackerman,"Constituent X,(B)    requesting status of wife and son's 1-730 applications.",,,,,,,,,,
1226,,,,,,,,,,,,,,
1227,,,,,,,,,,,,,,
1228,823376,4/20/2009,Congressman Gary L. Ackerman,ConstituentF6**6*    legarding 1-730 for her relatives(bl(6) (b)(6),,,,,,,,,,
1229,823773,4/21/2009,Congressman Gary L. Ackerman,Consituent *b**6*    (egarding status of relatives 1-730.,,,,,,,,,,
1230,823774,4/22/2009,Congressman Gary L. Ackerman,(b)(6)    regarding relatives 1-730 status.,,,,,,,,,,
1231,823775,4/21/2009,Congressman Gary L. Ackerman,<bl<bl    regarding relatives 1-730.,,,,,,,,,,
1232,824009,4/24/2009,Congressman Gary L. Ackerman,Consitutent<blt6>    regarding 1-730 pending foifb>*6>    1,,,,,,,,,,
1233,824054,4/24/2009,Congressman Gary L. Ackerman,Constituent Peijiang Xiao regarding I-730's for his beneficiaries (b)(6)    |,,,,,,,,,,
1234,824059,4/23/2009,Congressman Gary L. Ackerman,Constituent <b><6>    Regarding beneficiaries!16**61    fe Hi-730.,,,,,,,,,,
1235,824061,4/23/2009,Congressman Gary L. Ackerman,Constituent(b)*61    regarding his beneficiarie’s 1-730 status.,,,,,,,,,,
1236,,,,,,,,,,,,,,
1237,824094,4/21/2009,Congressman Gary L. Ackerman,Constituent |9)9)    Regarding 1-730 lor his family members 9)9) (b)(6),,,,,,,,,,
1238,824179,4/24/2009,"Congressman Gary L, Ackerman",Constituent|9X6)    Iregarding status of 1-730 for his wife (b)(6) 9X6) |,,,,,,,,,,
1239,824201,4/24/2009,Congressman Gary L. Ackerman,Constituent 9)9)    requesting assistance with her son 9)9)    1-730.,,,,,,,,,,
1240,821022,4/6/2009,Congressman Robert B. Aderholt,Supports applications from the Alabama Department of Public Safety for REAL ID funds.,,,,,,,,,,
1241,823276,4/17/2009,Congressman Robert B. Aderholt,"Constituten1 Ib,<6>    ""egarding I-130 petitions for wife 9)9) 9)9) and stepson 9)9)",,,,,,,,,,
1242,824523,4/28/2009,Congressman John Adler,Writes requesting that New Jersey be included in the initial distribution of the antiviral drug for swine flu.,,,,,,,,,,
1243,819678,4/1/2009,Senator Lamar Alexander,Constituent 9)9)    -egarding his own I-140.,,,,,,,,,,
1244,824658,4/29/2009,Congressman Steve Austria,"Rep. Austria writes for his constituient, 9)9)    concerning his application for TRIP.",,,,,,,,,,
1245,,,,,,,,,,,,,,
1246,823042,4/16/2009,Congressman Spencer Bachus,Rep. Bachus expresses concerns about the April 2009 I&A Report on domestic extremist threats.,,,,,,,,,,
1247,822496,4/13/2009,Congressman Tammy Baldwin,Supports application from Wisconsin Division of Emergency Management for the Emergency Operations Center Grant Program.,,,,,,,,,,
1248,824642,4/29/2009,Congressman Tammy Baldwin,Constituents|XX0)    Requesting status of their adoption from Haiti.,,,,,,,,,,
1249,822372,4/10/2009,Congressman Richard Barth,Western Hemisphere Travel Initiative Implementation^.Informed Compliance,,,,,,,,,,
1250,823159,4/17/2009,Congressman Richard Barth,DHS Traveler Redress Inquiry Program (DHS TRIP),,,,,,,,,,
1251,822171,4/8/2009,Congressman Joe L. Barton,Constituent (bX0)    [-equesting status of husband XX0) |®<8> 11-601. '-,,,,,,,,,,
1252,819266,4/1/2009,Congressman Evan Bayh,"Writes on behalf of constituent (D,X)    regarding his FOIA request with FLETC.",,,,,,,,,,
1253,820785,4/6/2009,Congressman Evan Bayh,Constituent XX0)    regarding husban<RbX6>    I-290B.,,,,,,,,,,
1254,,,,,,,,,,,,,,
1255,823544,4/21/1909,Senator Mark Begich,Constituentl?X6>    Irequestine visa extension for her mother (b)(0),,,,,,,,,,
1256,823730,4/22/2009,Senator Mark Begich,Sen. Begich writes to express dismay over the April 2009 I&A report stating that returning military veterans are vulnerable to recruitment by terrorists or right-wing extremists.,,,,,,,,,,
1257,823765,4/22/2009,Senator Mark Begich,b)9)    [regarding her immigration case status.,,,,,,,,,,
1258,824297,4/27/2009,Senator Mark Begich,Constituent (b)(6)    |egarding status of his and wife’s permanent residency status adjustment.,,,,,,,,,,
1259,824531,4/28/2009,Senator Mark Begich,Constituent))13))'7')    requesting status of his Hl - B visa.,,,,,,,,,,
1260,824170,4/27/2009,Senator Michael Bennet,Senator Bennet requests DHS involve industry stakeholders and develop a plan to assist parties affected by the Large Aircraft Security Program.,,,,,,,,,,
1261,824308,4/27/2009,Congressman Robert F. Bennett,"Expresses concern regarding the recent I&A report on ""Rightwing Extremism.""",,,,,,,,,,
1262,819252,4/1/2009,Congressman Jeff Bingaman,Rep. Bingaman writes in support of the reappointment of )b))6)    to the Department of Homeland Security Advisory Council (HSAC).,,,,,,,,,,
1263,,,,,,,,,,,,,,
1264,824301,4/27/2009,Congressman Jeff Bingaman,Sen. Bingaman writes regarding the use of the Treasury Forfeiture Fund to finance infrastructure improvements at ports of entry.,,,,,,,,,,
1265,822162,3/24/2009,Congressman Timothy H. Bishop,"Congressman T. Bishop, S. Israel, C. McCarthy, and G. Ackerman regarding delays in the processing of consular re tuns at the Vermont Sendee Center.",,,,,,,,,,
1266,823641,4/21/2009,Congressman Jo Bonner,Supports applications submitted by the Alabama Department of Public Safety for the 2008 Real ID Demonstration Grant Program and the 2009 Driver License Security Grant Program.,,,,,,,,,,
1267,823549,4/21/2009,Congressman Mary Bono Mack,Consitutent (b*<6*    fegarding problems with license verification.,,,,,,,,,,
1268,822015,4/8/2009,Congressman Dan Boren,Constitutent(b)<6f    |and her husband(b)(6*    are requesting a review of the conditions of her parole.,,,,,,,,,,
1269,822151,4/8/2009,Congressman Dan Boren,Consitutent *b>*6)    requesting help with husbands *b>(6>,,,,,,,,,,
1270,,,,*bX6)    immigration case.,,,,,,,,,,
1271,819316,3/31/2009,Senator Sherrod Brown,"Consituent *b)(S*    regarding his application as asylum officer and Management Program Analyst rated very high, yet he was not referred to the agency for consideration.",,,,,,,,,,
1272,,,,,,,,,,,,,,
1273,,,,,,,,,,,,,,
1274,820826,4/6/2009,Congressman Ginny Brown-Waite,Petitioneil<b><6>    1 regarding his and wife ib>(6) (fclH6)    1 problem getting social security cards.,,,,,,,,,,
1275,824079,4/23/2009,Congressman Michael C. Burgess,Constituent    Regarding her husband (b)(6) (b)(6)    j_4g5,,,,,,,,,,
1276,822338,4/10/1909,Senator Richard M. Burr,regarding loss of TD status.,,,,,,,,,,
1277,823770,4/21/2009,Congressman Dan Burton,regarding status of his VAWA application.,,,,,,,,,,
1278,819640,4/2/2009,Congressman. Robert C. Byrd,Writes on behalf of the town of Moorefield's request to reconsider levee system requirements. FEMA Folder 97720 is with Mitigation for handling.,,,,,,,,,,
1279,820397,4/6/2009,Congressman Robert C. Byrd,Constituent    requesting visa for himself to visit USA.,,,,,,,,,,
1280,820429,4/6/2009,Congressman Robert C. Byrd,Constituent    regarding I-290B.,,,,,,,,,,
1281,822057,4/8/2009,Congressman Robert C. Byrd,"Writes to approve the reprogramming contained in the March 11,2009 letter from Elaine C. Duke, Under Secretary for Management.",,,,,,,,,,
1282,,,,,,,,,,,,,,
1283,822388,4/13/2009,Congressman Robert C. Byrd,<b><6>    regarding his daughter(b}®    and her adoption of a child from Korea.,,,,,,,,,,
1284,823995,4/24/2009,Congressman Robert C. Byrd,Writes on behalf of constituents(®®    tnd ®®    whQ are looking to. secure funds for a new public safety buildling.,,,,,,,,,,
1285,824545,4/6/2009,Congressman Robert C. Byrd,Chairman Robert Byrd writes to request more information with regard to the 2009 SBI Expenditure Plan.,,,,,,,,,,
1286,819344,4/1/2009,Congressman Shelley Moore Capito,Constituent ®®    -egarding her H1B work visa.,,,,,,,,,,
1287,824403,4/27/2009,Congressman Lois Capps,Constituen    -equesting update of her sons I-130.,,,,,,,,,,
1288,821021,4/6/2009,Senator Benjamin L. Cardin,Constituent ®®    regarding pending 1485 for his son (b)(6)--,,,,,,,,,,
1289,824048,4/24/2009,Congressman Dennis A. Cardoza,Constituent    regarding husband<b)(6) L601.,,,,,,,,,,
1290,822255,4/10/2009,Congressman Michael N. Castle,Writes on behalf of constituent regarding a job opening at DHS.,,,,,,,,,,
1291,,,,,,,,,,,,,,
1292,822175,4/9/2009,Congressman Kathy Castor,Rep. Kathy Castor writes to request Tampa International Airport be added to the list of cities designated as authorized ports of entry/exit for U.S.-Cuba air charter flights.,,,,,,,,,,
1293,821288,4/7/2009,Senator Saxby Chambliss,Conressman requesting update on case fro<b){6>,,,,,,,,,,
1294,824180,4/27/2009,Senator Saxby Chambliss,"Supports reconsideration of applications submitted by Liberty County Fire Services, the City of Hinesville, and the Effingham Fire & Rescue for FY 2008 Assistance to Firefighters Grants.",,,,,,,,,,
1295,823809,4/23/2009,Senator Tom A. Cobum,Writes to request information about the issuance of bonuses and award fees to contractors.,,,,,,,,,,
1296,823652,4/22/2009,Congressman Alan Cohn,Response to the Letter from the Honorable Christopher P. Carney regarding the Quadrennial Homeland Security Review.,,,,,,,,,,
1297,823415,4/20/2009,Congressman Gerry Connolly,"Rep. Gerald E. Connolly writes on behalf of his constituent(b)tb> (b)(6)    regarding the necessary completion of Form SF 3112 D, for the processing of his retirement from FPS.",,,,,,,,,,
1298,824533,4/28/2009,Congressman Gerry Connolly,Rep. Connolly writes on behalf of constituent|(b)(6)    regarding the confiscation of plants.,,,,,,,,,,
1299,823623,4/21/2009,Congressman Kent Conrad,"Constituent *bX6>    regarding her husband tb,<e*",,,,,,,,,,
1300,824161,4/27/2009,Congressman Kent Conrad,Requests that Nicaraguan workers be allowed to obtain H-2A visas for honey production,,,,,,,,,,
1301,,,,,,,,,,,,,,
1302,822500,4/13/2009,Senator Bob Corker,requesting assistance and regarding with her husbanc(bX6-    immigration status.,,,,,,,,,,
1303,823255,4/17/2009,Senator Bob Corker,Constituent 'b>(6)    reagrding denial of wife<b><6>    I- 360.,,,,,,,,,,
1304,823257,4/17/2009,Senator Bob Corker,Constituent *bX@)    legarding step-daughter|<bX6>    (1-901.,,,,,,,,,,
1305,823523,4/21/2009,Senator Bob Corker,Constituent *bXS)    regarding options for remaining in US.,,,,,,,,,,
1306,821300,4/3/2009,Senator John Cornyn,Constituent(b)(6)    regarding expediting of 1-601 for his spouse (b)(6),,,,,,,,,,
1307,823528,4/21/2009,Senator John Cornyn,Constituent *bX6>    -equesting assistance with husband (b)t6-    immigration case.,,,,,,,,,,
1308,823768,4/22/2009,Senator John Cornyn    |,*bX6>    Regarding his wifepxe)    |I-601.,,,,,,,,,,
1309,,,,,,,,,,,,,,
1310,,,,,,,,,,,,,,
1311,824639,4/29/2009,Senator John Cornyn,Constituen <bX6>    [requesting status of wife|(bX0>    1 (b)(6)    £430,,,,,,,,,,
1312,824662,4/29/2009,Senator John Cornyn,"Constituent pX0)    [requesting status of son|<b><6> (b)(6)    |l-130, and 1-601.",,,,,,,,,,
1313,819683,4/2/2009,Congressman Jim Costa,Constituent^6)    regarding 1-601 for her husband (b)(6),,,,,,,,,,
1314,824646,4/29/2009,Senator Michael D. Crapo,(b)(6)    -equestin g status of wife(bR6) (b)(6)    “11-601.,,,,,,,,,,
1315,823869,4/23/2009,Congressman Henry Cuellar,Writes to request that DHS explore the benefits of including FM radio tuners in cell phones for Emergency Alert System accessibility.,,,,,,,,,,
1316,819339,3/24/2009,Congressman Elijah E. Cummings,Constituent (b^6)    egarding I-130 for his stepson (b)(6),,,,,,,,,,
1317,,,,,,,,,,,,,,
1318,821949,4/8/2009,Congressman Elijah E. Cummings,Constituent*b**6*    |requesting renewal of her H-1B visa. Due to clerical error an 1-539 was filed instead of the appropriate 1-129.,,,,,,,,,,
1319,821955,4/8/2009,"Congressman Elijah E, Cummings",Constituent *b**6*    'equesting status of his 1-485.,,,,,,,,,,
1320,823766,4/22/2009,"Congressman Elijah E, Cummings","Consitutentl03**6*    bg&rding her husbanc,(b)(6) (b)(6)    mmigration case status.",,,,,,,,,,
1321,823761,4/22/2009,Congressman Geoff Davis,Constituent*b)*6)    regarding disparity in processing times between various service centers.,,,,,,,,,,
1322,823356,4/20/2009,Congressman Lincoln Davis,Constituent (b>(6>    Requesting update on husband *b**6* *b>*6’ 1-601.,,,,,,,,,,
1323,823288,4/17/2009,Congressman William D. Delahunt,Writes to recommend the reappointment of*b**6*    |as Regional Administrator for FEMA Region I.,,,,,,,,,,
1324,824657,4/29/2009,Congressman Jim DeMint,Constituent!03**6*    is requesting assistance for *b**6* regarding**6*    Rl visa issues.,,,,,,,,,,
1325,,,,,,,,,,,,,,
1326,823235,4/17/2009,Congressman Charles W. Dent,Writes on behalf of constituentJXX6)    who wishes to waive a I-129F requirement.,,,,,,,,,,
1327,819322,4/1/2009,Congressman Byron L. Dorgan,ConstituentlXX0)    legarding 1-730 foi<b><61,,,,,,,,,,
1328,823178,4/16/2009,Congressman Byron L. Dorgan,Consitutent XX0)    -equesting refund of H-1B visa fees paid.,,,,,,,,,,
1329,819655,4/2/2009,Congressman Michael Doyle,Writes on behalf of constituenl X)(6>    who js concerned about the status of several applications he has made for employment with DHS.,,,,,,,,,,
1330,821414,4/7/2009,Congressman David Dreier,Constituenfb)(6)    regarding e-verify problems impending his employment.,,,,,,,,,,
1331,820861,4/6/2009,Congressman John J. Duncan,"Rep. John J. Duncan, Jr. writes on behalf of his constituent, XX0) XX0) Concerning the adverse affect port-specific ID cards have on small trucking companies.",,,,,,,,,,
1332,822914,4/15/2009,Senator Richard J. Durbin,Writes on behalf of constituent who works at FEMA and submitted complaints to OIG.,,,,,,,,,,
1333,822366,4/13/2009,Congressman Chet Edwards,XX0)    -equesting assistance with her husband XX0) XX0)    1-601.,,,,,,,,,,
1334,,,,,,,,,,,,,,
1335,824091,4/24/2009,Congressman Chet Edwards,Rep. Edwards writes for his constituent who asks a question about documentation for workers crossing the border.,,,,,,,,,,
1336,821335,4/7/2009,Congressman Donna F. Edwards,Constituenl vw)    sgarding his aunt ®® permanent residency.,,,,,,,,,,
1337,823518,4/20/2009,Congressman Vernon J. Ehlers,Consituent ®®    ^questing expedite of wife®® Immigrant visa.,,,,,,,,,,
1338,822133,4/9/2009,Congressman Jo Ann Emerson,Constitutenregarding husband,,,,,,,,,,
1339,,,,(b)(6),,,,,,,,,,
1340,821338,4/7/2009,Congressman Eliot L. Engel,Congressman reauesting status of humanitarian narole for (bK6) (b)(6)    -,,,,,,,,,,
1341,823446,4/20/2009,Senator Michael B. Enzi,"Senator Enzi writes on behalf of his constituent,(b)® regarding his TRIP.",,,,,,,,,,
1342,820389,4/3/2009,Congressman Anna Eshoo,Constituents ®®    requesting help with adoption of ®® (b)(6),,,,,,,,,,
1343,,,,,,,,,,,,,,
1344,820827,4/6/2009,Congressman Anna Eshoo,Constituent ®9)    regarding denial of his I-140.,,,,,,,,,,
1345,822357,4/6/2009,Congressman Sam Farr,requesting assistance with husband 9)9) (b)(6)    - 1    &    - 1-601.,,,,,,,,,,
1346,824294,4/27/2009,Congressman Sam Farr,Consitituent 'b)(tb    1S requesting reconsideration of his I- 90 denial due to USCIS error.,,,,,,,,,,
1347,823434,4/20/2009,Congressman Russell D. Feingold,"Sen, Feingold writes regarding the April 7, 2009 I&A report entitled, ""Rightwing Extremism: Current Economic and Political Climate Fueling, Resurgence in Radicalization and Recruitment.""",,,,,,,,,,
1348,820877,4/6/2009,Senator Dianne Feinstein,Constituent 9)9)    regarding his wife's visa case.,,,,,,,,,,
1349,824510,4/28/2009,Congressman Bob Filner,"Rep, Filner request a meeting with the Secretary to discuss her observations during her recent visit to San Diego.",,,,,,,,,,
1350,821401,4/7/2009,Congressman J. Randy Forbes,9)9)    writes on behalf of his constituent 9)9) concerning his TWIC Inquiry.,,,,,,,,,,
1351,821975,4/8/2009,Congressman Virginia Foxx,Constituent 'bt<6>    begarding I-129 E application for 9)9) (b)9),,,,,,,,,,
1352,,,,,,,,,,,,,,
1353,823000,4/20/2009,Congressman Charles R. Gallaway,"DHS Statement of Actions in response to GAO Report, Nuclear Forensics: U.S. Efforts Hampered by Equipment, Infrastructure, and Personnel Issues and a Lack of Baseline Program Requirements (Feb. 2009)",,,,,,,,,,
1354,821402,4/7/2009,Congressman Robert W. Goodlatte,Rep. Goodlatte writes on behalf of a constituent regarding the parameters of a contract at the Poff Federal Building.,,,,,,,,,,
1355,824089,4/23/2009,Congressman Robert W. Goodlatte,Constituenl<bK6>    s requesting wife(bt<6* deportation documents.,,,,,,,,,,
1356,819660,4/2/2009,Senator Lindsey O. Graham,Supports application submitted by Swept Away Coach and Tours for the Intercity Bus Security Grant. FEMA Folder 97725 is with GPD for handling.,,,,,,,,,,
1357,823746,4/22/2009,Senator Lindsey O. Graham,"|(bX6)    fegarding her I-130 filed for her bv her fathe,(bX6)",,,,,,,,,,
1358,824643,4/29/2009,Senator Lindsey O. Graham,"Constituent,bl<6!    egarding his greencard denial when the rest of his family were approved.",,,,,,,,,,
1359,824521,4/28/2009,Congressman Kay Granger,Writes on behalf of *bX6)    who is concerned about his employment application with DHS.,,,,,,,,,,
1360,,,,,,,,,,,,,,
1361,819235,4/1/2009,Senator Charles E. Grassley,Writes on behalf of constituent(b)<6)    who is seeking a meeting with procurement officials at DHS.,,,,,,,,,,
1362,819675,4/1/2009,Senator Charles E. Grassley,"Constituent,^6)    Regarding his motherlb)f6t <t,Xo)    parole.",,,,,,,,,,
1363,823185,4/16/2009,Senator Charles E. Grassley,-egarding her mother *b)*6)    AOR.,,,,,,,,,,
1364,823550,4/21/2009,Senator Charles E. Grassley,Writes in regards to the Memorandums of Understanding between DHS and DOJ agencies.,,,,,,,,,,
1365,820840,4/3/2009,Congressman Alan Grayson,Writes on behalf of a constituent reporting the misuse of hurricane assistance funds. Folder 97814 with Leg. Affairs.,,,,,,,,,,
1366,822479,4/13/2009,Congressman Judd Gregg,"Writes on behalf of a constituent, CEO of AssureTec Systems, who requests DHS arrange a meeting to discuss ID authentification systems offered by his company.",,,,,,,,,,
1367,823864,4/23/2009,Congressman Judd Gregg,"Senator Gregg writes on behalf of constituem,b,,b> regarding his request for a CBP transfer.",,,,,,,,,,
1368,824666,4/29/2009,Congressman Judd Gregg,Constituent(bX6)    regarding expedite of his H2A visas for his workers from Thailand.,,,,,,,,,,
1369,,,,,,,,,,,,,,
1370,819313,3/31/2009,Congressman Raul M. Grijalva,Consituent!®®    Regarding husband®®    | ®® 1-601.,,,,,,,,,,
1371,824749,4/30/2009,Congressman Raul M. Grijalva,Request mistakenly arrived at OCR. Forwarded to ICE for appropriate handling.,,,,,,,,,,
1372,821298,4/6/2009,Senator Kay R. Hagan,Constituent regarding I-797B.,,,,,,,,,,
1373,823482,4/20/2009,Senator Kay R. Hagan,Consitutentl®®    Ireauesting assistance with son's immigration based on his own US citizenship.,,,,,,,,,,
1374,823754,4/22/2009,Senator Tom Harkin,Constituent (b)(6)    Regarding wife (b)(6)    I- 601.,,,,,,,,,,
1375,821412,4/7/2009,Congressman Doc Hastings,Constituent^6)    requesting status of husband!®®    1 (b)(6)    |I-601.,,,,,,,,,,
1376,824680,4/30/2009,Senator Orrin G. Hatch,Constituent (b)(5)    requesting assistance regarding the denial of the 1-730 applications for her daughters ®® (bj(6j    & T-,,,,,,,,,,
1377,,,,,,,,,,,,,,
1378,819677,4/2/2009,Congressman. Jeb Hensarling,Constituent(b)(6}    regarding ~(b}®    I- 134.,,,,,,,,,,
1379,820873,4/6/2009,Congressman Brian Higgins,Rep. Higgins writes because the local police on his district feel that TSA employees have encroached on work that falls within their contractual jurisdiction.,,,,,,,,,,
1380,821896,4/7/2009,"Congressman Maurice D, Hinchey",Consitutentl®®    Ireouesting assistance for verification of immigration status for his niece(b>® nephew|(bX6>    |,,,,,,,,,,
1381,824760,4/30/2009,Congressman Ruben Hinojosa,Constituent^^6'    requesting status of his Adjudication Officer Position application within USCIS..,,,,,,,,,,
1382,823375,4/20/2009,Congressman Peter Hoekstra,"Rep. Hoekstra writes regarding the April 7,2009 I&A report entitled, ""Rightwing Extremism: Current Economic and Political Climate Fueling Resurgence in Radicalization and Recruitment.""",,,,,,,,,,
1383,824536,4/28/2009,Congressman Kay Bailey Hutchison,Sen. Hutchison writes on behalf of constituent® regarding possible violations of his rights as a disabled individual.,,,,,,,,,,
1384,822353,4/10/2009,"Senator Johnny Isakson    ,b,(6)    |-equesting assistance with husbands<b)<6>    I- 1130.",,,,,,,,,,,
1385,,,,,,,,,,,,,,
1386,822360,4/10/2009,Senator Johnny Isakson,*bX0)    Requesting assitance with his case.,,,,,,,,,,
1387,821897,4/7/2009,Congressman Steve Israel,Constituent *bX0)    Requesting assistance to dtop deportation proceedings against him.,,,,,,,,,,
1388,822439,4/13/2009,Congressman Eddie Bernice Bernice Johnson,Representative Johnson recommends (b><6>    for a political appointment DHS.,,,,,,,,,,
1389,820879,4/6/2009,"Congressman Henry C, Johnson",Rep. Johnson writes on behalf of constituent (b>(6)    regarding additional airport screening.,,,,,,,,,,
1390,824064,4/24/2009,Congressman Henry C. Johnson,"Rep. Johnson writes on behalf of constituent, {b)(6-1 regarding his TRIP inquiry.",,,,,,,,,,
1391,822139,4/9/2009,Congressman Sam Johnson,Constituent *bX0)    regarding his wife who is in Lagos.,,,,,,,,,,
1392,823631,4/21/2009,Congressman Paul E. Kanjorski,Constituent<bli6i    egarding I290B for(bX0),,,,,,,,,,
1393,819652,4/2/2009,Congressman Edward M. Kennedy,Consituend*bX0>    Iregarding humanitarian parole for *bX0) (b}(6)    parentsfbX6),,,,,,,,,,
1394,,,,,,,,,,,,,,
1395,822579,4/14/2009,"Congressman Edward M, Kennedy",(b)(6)    Regarding her husband    denied 1-601.,,,,,,,,,,
1396,822032,4/8/2009,Senator John F. Kerry,Senator Kerry writes with his concerns about the use of three herbicides by the Border Patrol along the banks of the Rio Grande River.,,,,,,,,,,
1397,822142,4/9/2009,Congressman Mary Jo Kilroy,Constituen' ®®    regarding changing of his status to permanent resident.,,,,,,,,,,
1398,824499,4/28/2009,Congressman Peter T. King,Letter regarding the detainees in Guantanamo Bay with questions about their release.,,,,,,,,,,
1399,822340,4/10/2009,Congressman Ron Klein,®®    requesting assistance in obtaining his green card.,,,,,,,,,,
1400,822856,4/15/2009,Congressman Ron Klein,Inquiry regarding status of 1-140 appeal,,,,,,,,,,
1401,823080,4/16/2009,Senator Amy Klobuchar,®®    requesting status of husband ®®    K3 visa illegibility.,,,,,,,,,,
1402,,,,,,,,,,,,,,
1403,824084,4/23/2009,Senator Amy Klobuchar,Constituent9)9)    regarding her husband 9>9>    1-601 status.,,,,,,,,,,
1404,824512,4/28/2009,Senator Amy Klobuchar,Recommend (b)(6)    to be appointed as Assistant Secretary for the Private Sector.,,,,,,,,,,
1405,819608,4/2/2009,Congressman Suzanne Kosmas,Writes to congratulate SI on her confirmation and request that SI support the federal set aside mandate to contract with 8(a) women and minority-owned firms.,,,,,,,,,,
1406,819598,4/2/2009,Congressman Jon Kyi,Senator Kyi writes on behalf of constituent tb)9)    who is concerned about the unfair awarding of a contract.,,,,,,,,,,
1407,823861,4/23/2009,Congressman Jon Kyi,Sen. Kyi writes on behalf of constituent<b!(b!    regarding his name being on a watch list.,,,,,,,,,,
1408,823870,4/22/2009,Congressman Jon Kyi,Senator Kyi writes on behalf of his constituent 9)9) concerning the status of illegal immigrants.,,,,,,,,,,
1409,,,,,,,,,,,,,,
1410,823873,4/22/2009,Congressman Jon Kyi,Senator Kyi writes for bis consituent ®®    who is worried about the recent release of prisoners in California.,,,,,,,,,,
1411,820386,4/3/2009,Congressman Leonard Lance,Constituent ®®    asking for immediate help with H2A for workers of farm.,,,,,,,,,,
1412,820056,4/3/2009,Senator Mary L. Landrieu,Offers suggestions to FEMA for Gulf Coast recovery.,,,,,,,,,,
1413,821403,4/7/2009,Senator Mary L. Landrieu,Suggests moving the Office of Gulf Coast Rebuilding into the Executive Office of the President.,,,,,,,,,,
1414,824021,4/24/2009,Senator Mary L. Landrieu,Writes on behalf of|®®    who seeks employment for specific positions within FEMA or Public Affairs.,,,,,,,,,,
1415,823811,4/23/2009,Congressman Steven LaTourette,"Writes on behalf of constituent,(b)<6)    who seeks immigration reform and enforcement information.",,,,,,,,,,
1416,821278,4/6/2009,Congressman Barbara Lee,Constituent    requesting status of I-130 for adoptive son (b)(6),,,,,,,,,,
1417,819567,4/1/2009,Senator Carl Levin,Senator Levin writes in support of efforts to secure the Northern Border and to address the issue concerning the lack of the number of legislatively mandated agents.,,,,,,,,,,
1418,823065,4/15/2009,Senator Carl Levin,®®    equesting assistance ans status with husband (bX0) (b)(6)    £.601.,,,,,,,,,,
1419,,,,,,,,,,,,,,
1420,824647,4/29/2009,Congressman Jerry Lewis,Constituent<b><6>    requesting status of wife<b)(6)    I- 601.,,,,,,,,,,
1421,820865,4/6/2009,Congressman Joseph I. Lieberman,Senator Lieberman urges the Department to immediately deport Nazi War criminal John Demjanjuk.,,,,,,,,,,
1422,823057,4/16/2009,Congressman Joseph I. Lieberman,Writes on behalf of constituent *b)*6)    who would like to be considered for a position he applied for with DHS.,,,,,,,,,,
1423,823245,4/17/2009,Congressman. Blanche Lincoln,Senator Lincoln writes concerning the Large Aircraft Security Program..,,,,,,,,,,
1424,819674,4/2/2009,Congressman Zoe Lofgren,Constituent(bX6)    regarding 1-301 for her husband(b)(6),,,,,,,,,,
1425,824395,4/27/2009,Congressman Zoe Lofgren,Requesting update of his 1-601.,,,,,,,,,,
1426,824679,4/30/2009,"Congressman Frank D, Lucas","Congressman Lucas is requesting answers to policy for E-2, treaty investor extensions.",,,,,,,,,,
1427,819334,3/25/2009,"Congressman Richard G, Lugar","Constituent,*13)*6)    Regarding 1-601 status for her husband (b)(6)",,,,,,,,,,
1428,,,,,,,,,,,,,,
1429,824598,4/29/2009,Congressman Richard G. Lugar,Constituent]®®    requesting assistance with obtaining her original certificate of citizenship.,,,,,,,,,,
1430,824606,4/29/2009,Congressman Richard G. Lugar,Constituent ®®    is requesting sttus of son's 1-730.,,,,,,,,,,
1431,824651,4/29/2009,Congressman Richard G. Lugar,Constituent ®®    requesting status of wife)®® |<bKb>    |l-601.,,,,,,,,,,
1432,822168,4/9/2009,Congressman Daniel E. Lungren,Constituent ®®    garding her husband ®®,,,,,,,,,,
1433,821971,4/8/2009,Congressman Carolyn B. Maloney,Constituent ®®    is requesting assistance with immigration case of ®®,,,,,,,,,,
1434,822499,4/13/2009,Congressman Carolyn B. Maloney,®®    requesting assistance and status with his wife 4®* ®®    130 petition.,,,,,,,,,,
1435,,,,,,,,,,,,,,
1436,822534,4/13/2009,Congressman Carolyn B. Maloney,<b><6>    requesting status of 1-730 for his wife |(b>(6) and children (bX6},,,,,,,,,,
1437,823983,4/24/2009,Congressman Eric Massa,Supports application submitted by Rochester Institute of Technology for the 2009 Fire Prevention and Safety Grant.,,,,,,,,,,
1438,824044,4/24/2009,Congressman Eric Massa,Representative Massa writes concerning delays in processing Transportation Worker Identification Credentials.,,,,,,,,,,
1439,819258,4/1/2009,Senator John McCain,Constituent <b>*6)    requesting update on husband^3)*6* (b)(6)    1-601.,,,,,,,,,,
1440,824734,4/30/2009,Senator John McCain,Constituent |*b)*6)    | is requesting expedite of bis US Citizenship.,,,,,,,,,,
1441,823416,4/20/2009,Congressman Michael McCaul,Rep. McCaul writes on behalf of constituent*6) regarding her TRIP.,,,,,,,,,,
1442,823503,4/21/2009,Congressman Michael McCaul,Consituent(bKb)    requesting assistance with families immigration.,,,,,,,,,,
1443,824005,4/24/2009,Congressman Michael McCaul,Constituent requesting assistance with father's 1-485.,,,,,,,,,,
1444,,,,,,,,,,,,,,
1445,824436,4/28/2009,Congressman Michael McCaul,Constituent[XX0)    requesting assistance with his 1-485 and I- 130.,,,,,,,,,,
1446,819693,4/2/2009,Senator Mitch McConnell,Constituent *bX0)    regarding her daughter-in-law(bi<6>,,,,,,,,,,
1447,,,,(b)(6)    -,,,,,,,,,,
1448,823771,4/22/2009,Senator Mitch McConnell,Consitutent XX0)    [regarding status of husband's 1-601.,,,,,,,,,,
1449,824290,4/27/2009,Senator Mitch McConnell,Constituent|X)(6)    is seeking assistance in getting his adopted daughter XX0)    Certificate of Citizenship.,,,,,,,,,,
1450,822152,4/9/2009,Congressman Jim McDermott,Consitutent X)(6)    regarding status of his family's refugee res settlement visas.,,,,,,,,,,
1451,820408,4/3/2009,Congressman John M. McHugh,Constituent XX0)    regarding immigration fraud by his ex- wife OOlena Ruzanova.,,,,,,,,,,
1452,819305,4/1/2009,"Congressman Howard ""Buck"" P. McKeon",Rep. McKeon writes on behalf of constituen (b)tb) regarding TRIP.,,,,,,,,,,
1453,,,,,,,,,,,,,,
1454,822147,4/9/2009,"Congressman Howard ""Buck"" P, McKeon",Constituent'b><fc;t    requesting employment based immigrant visa.,,,,,,,,,,
1455,819311,4/1/2009,Congressman Mike McMahon,Request that Deferred Enforced Departure be extended for Liberians.,,,,,,,,,,
1456,824058,4/24/2009,"Congressman John L, Mica","Rep, Mica writes regarding contracts to provide pilot training in the United States.",,,,,,,,,,
1457,819394,4/1/2009,"Senator Barbara A, Mikulski",Writes on behalf of constituent (bX6)    who is inquiring about his wife not being selected for federal jobs.,,,,,,,,,,
1458,820874,4/6/2009,"Senator Barbara A, Mikulski",Consitutent 9)9)    regarding husband|9)9)    | adjustment of status.,,,,,,,,,,
1459,822605,4/13/2009,"Senator Barbara A, Mikulski",Writes on behalf of Councilman [9)9)    who is concerned that Harford County's planning and construction of a waste to energy facility is being hindered by the Department of Homeland Security.,,,,,,,,,,
1460,823157,4/17/2009,"Senator Barbara A, Mikulski","Writes on behalf of constituent,[9)9)    a Federal employee who applied for a Public Trust position with USCIS and is. awaiting clearance.",,,,,,,,,,
1461,819658,4/2/2009,Congressman Gary G. Miller,Consituent 9)9)    Regarding visa petitions for 9)9) 9)9),,,,,,,,,,
1462,,,,,,,,,,,,,,
1463,823044,4/15/2009,Congressman Gary G. Miller,1®®    J asking if daughter’s 1-485 can be reinstated. Daughter is |(b)(6)    |,,,,,,,,,,
1464,824437,4/27/2009,Congressman Gary G. Miller,Constituent (4(6)    is requesting expedite of son's 1-131 due to his own health deterioration.,,,,,,,,,,
1465,823755,4/21/2009,Congressman George Miller,Constituent ®®    requesting status fo his wife's 1-601 [(4®,,,,,,,,,,
1466,819566,4/1/2009,Congressman Harry E. Mitchell,"Rep, Mitchell writes with his concerns on TSA's LASP.",,,,,,,,,,
1467,821413,4/7/2009,"Congressman Hany E, Mitchell",Rep. Mitchell writes to encourage the President to send National Guard Troops to the border.,,,,,,,,,,
1468,820283,4/3/2009,Congressman Dennis Moore,Rep. Moore writes concerning the Large Aircraft Security Program.,,,,,,,,,,
1469,822814,4/13/2009,Congressman Dennis Moore,"Rep. Dennis Moore writes on behalf of his constituent, ®® (b)(6)    iegarding a Fox News program about Islamic terrorist training camps.",,,,,,,,,,
1470,822364,4/9/2009,Congressman James P. Moran,®®    requesting assistance with wife ®® (b)(6) |_6i2 denial.,,,,,,,,,,
1471,,,,,,,,,,,,,,
1472,823075,4/15/2009,Congressman James P. Moran,(b)(6)    regarding wife)®®    1-130.,,,,,,,,,,
1473,821030,4/6/2009,Senator Patty Murray,"Senators Murray, Cantwell, Crapo, Risch, Wyden, and Merkley write regarding the establishment of a system to screen cargo transported on passenger airplanes.",,,,,,,,,,
1474,821392,4/7/2009,Senator Patty Murray,Sen. Murray and Rep. Larsen Invites the Secretary to visit Washington state to tour their common border with Canada at her earliest convenience.,,,,,,,,,,
1475,822925,4/15/2009,Senator Patty Murray,Sen. Murray and Rep. Larsen write regarding technologies that could aleviate traffic congestion in the State of Washington during the 2010 Winter Olympics.,,,,,,,,,,
1476,824211,4/15/2009,Senator Patty Murray,Sen. Murray and Rep. Larsen write regarding technologies that could aleviate traffic congestion in the State of Washington during the 2010 Winter Olympics.,,,,,,,,,,
1477,824076-,4/24/2009,Congressman Sue Myrick,Consitutent    requesting status of husband ®® (b)(6)    [-130.,,,,,,,,,,
1478,,,,,,,,,,,,,,
1479,824439,4/28/2009,Congressman Jerold Nadler,Constituent *bX0)    requesting status of 1-730 for his twobeneficiaries.,,,,,,,,,,
1480,824667,4/29/2009,Congressman Benjamin K. Nelson,Consituent|<b><6)    [requesting status change from LIB to L1A.,,,,,,,,,,
1481,819250,4/1/2009,Senator Bill Nelson,Consistent |(bX0)    Iregarding I-730's for his children *bX0) (b)(6)    -,,,,,,,,,,
1482,822376,4/13/2009,Senator Bill Nelson,*bX6)    regarding his I-J 40 and 1-485.,,,,,,,,,,
1483,822540,4/14/2009,Senator Bill Nelson,(b)(6)    requesting assistance to verify her immigration as a result of the Jay Treaty Act of 1794.,,,,,,,,,,
1484,823192,4/16/2009,Senator Bill Nelson,<b><6>    regarding adoption.,,,,,,,,,,
1485,823629,4/21/2009,Senator Bill Nelson,<b><6>    Regarding ???,,,,,,,,,,
1486,823744,4/15/2009,Senator Bill Nelson,Consituent *bX0)    requesting status of his 1-694.,,,,,,,,,,
1487,,,,,,,,,,,,,,
1488,823752,4/22/2009,Senator Bill Nelson,Consituent    regarding naturalization papers for her adopted children.,,,,,,,,,,
1489,823984,4/24/2009,Senator Bill Nelson,Constituent <b)X)    Regarding H-2A Program.,,,,,,,,,,
1490,824546,4/28/2009,Senator Bill Nelson,"Supports Sant La, Haitian Neighborhood Center's efforts to obtain a FederaL grant",,,,,,,,,,
1491,824609,4/29/2009,Senator Bill Nelson,Constituent|<b)(6)    requesting review of employment concerns dealing with hiring of disabled within DHS.,,,,,,,,,,
1492,824650,4/29/2009,Senator Bill Nelson,"Congressman requesting support of Janet Napolitano of grant for Sant La, a Haitian Neighborhood Center.",,,,,,,,,,
1493,824652,4/29/2009,Senator Bill Nelson,Constituent *b)*6)    i s requesting a copy of the ICE OPR investigation report regarding her complaint against Special Agent (b)(6),,,,,,,,,,
1494,820419,4/6/2009,Congressman Glenn Nye,Consitutentregarding expedite of her immigration case.,,,,,,,,,,
1495,,,,,,,,,,,,,,
1496,824351,4/28/2009,Congressman James L. Oberstar,Writes with requests for Acting Administrator Nancy Ward's testimony for the Committee on Transportation and Infrastructure hearing.,,,,,,,,,,
1497,820407,4/6/2009,Congressman David R. Obey,Summary of Document' changed from 'Congressional Notification: Department of Homeland Security's Federal Emergency Management Agency (FEMA) plans to award $100 million for the Emergency Food and Shelter National Board Program (EFSP).,,,,,,,,,,
1498,821416,4/7/2009,Congressman Pete Olson,"Rep. Olson writes on behalf of constituent, regarding his TWIC inquiry",,,,,,,,,,
1499,821344,4/7/2009,"Congressman John W, Olver",Constituent(bX6)    regarding visa for (b)(6),,,,,,,,,,
1500,822136,4/9/2009,Congressman Frank Pallone,Consitutents *b**6*    requesting help with their removal proceedings.,,,,,,,,,,
1501,823612,4/20/2009,Congressman Frank Pallone,Constituent <b><6>    Regarding her husbandfbKb*,,,,,,,,,,
1502,824051,4/24/2009,Congressman Frank Pallone,Constituent (b)l5!    Regarding husband j<b>(6)    | (b)(6)    |i.60i status.,,,,,,,,,,
1503,,,,,,,,,,,,,,
1504,823046,4/7/2009,Congressman Ed Pastor,"<bii6i    [requesting assistance with wife's 1-601, Wife is9)9) (b)(6)",,,,,,,,,,
1505,823047,4/15/2009,Congressman Ed Pastor,(b)(6}    [seeks assistance and status for her husband “    IFeoi.,,,,,,,,,,
1506,822173,4/8/2009,Congressman Mike Pence,Consitutent 9)9)    s requesting status of 1-130 filed for (b)(6),,,,,,,,,,
1507,823282,4/16/2009,Congressman Mike Pence,Rep. Pence questions the legitimacy of the April 2009 I&A Report on domestic extremist threats.,,,,,,,,,,
1508,822894,4/15/2009,Congressman Tom Perriello,Rep. Perriello writes on behalf of the University of Virginia Health System regarding the case of a Guatemalan patient who may be undocumented.,,,,,,,,,,
1509,820500,4/3/1909,Congressman Joseph R. Pitts,Constituents 9)9)    regarding Haitian adoption.,,,,,,,,,,
1510,820870,4/6/2009,Congressman Joseph R. Pitts,"Representative Pitts writes on behalf of constituent 9)9)    Vice President of Sales and Marketing, Dutch Gold Honey regarding imported honey.",,,,,,,,,,
1511,,,,,,,,,,,,,,
1512,823091,4/16/2009,Congressman Joseph R. Pitts,X)*6)    Regarding verification of immigration status for he and his son (bX0)    in order to get social security card.,,,,,,,,,,
1513,824295,4/27/2009,Congressman Joseph R. Pitts,Rep. Pitts writes on behalf of constituent X)(S)    [regarding his ICE employment application.,,,,,,,,,,
1514,824250,4/27/2009,Congressman Ted Poe,"Writes on behalf of constituent, (bX0)    who is having a hurricane claim issue.",,,,,,,,,,
1515,822155,4/9/2009,Congressman Jared Pol is,Constituent *b)(6)    Requesting humanitarian parole based on death of wife and need to return to U.S. to car for his 3 minor daughters who have been left unattended.,,,,,,,,,,
1516,823690,4/21/2009,Congressman David Pomerantz,"David Pomerantz, on behalf of the House Committee on Appropriations, makes an inquiry into the issues relating to the Inquiry World Trade Center Captive Insurance Company.",,,,,,,,,,
1517,824118,4/24/2009,Congressman David Pomerantz,Writes to request a point of contact to obtain data pertinent to monitoring the progress and performance of programs funded with economic recovery dollars regarding the American Recovery and Reinvestment Act.,,,,,,,,,,
1518,824267,4/27/2009,Congressman Bill Posey,"Writes on. behalf of constituent,|who inquires about a complaint he lodged to the National Center of Disaster Fraud.",,,,,,,,,,
1519,819686,4/1/2009,Congressman. David E. Price,Constituent (bX0)    Regarding immigration status verification for X)(6),,,,,,,,,,
1520,,,,,,,,,,,,,,
1521,,,,,,,,,,,,,,
1522,823876,4/23/2009,Congressman David E. Price,Writes in four letters regarding the approval of various budgets for DHS.,,,,,,,,,,
1523,824564,4/29/2009,Congressman David E. Price,"Chairman Price requests DHS's timetable for addressing recommendations concerning the fiscal year 2009 expenditure plan for Border Security Fencing, Infrastructure, and Technology.",,,,,,,,,,
1524,824288,4/27/2009,Senator Mark L. Pryor,Sen. Pryor writes concerning the Large Aircraft Security Program.,,,,,,,,,,
1525,820416,4/6/2009,Congressman Nick J. Rahall,Constituenl (bi<b>    regarding preventing the deportation of (b)(6)    |,,,,,,,,,,
1526,822172,4/9/2009,Senator Jack Reed,Recommends    for Director of FEMA's Region I office.,,,,,,,,,,
1527,823085,4/16/2009,Senator Jack Reed,"<bt<6*    requesting review of denial of her fiance,b,,tl> (b)(6)    visa.",,,,,,,,,,
1528,823171,4/17/2009,Senator Jack Reed,"0,(01    requesting assistance with fiance’s 1-129. Fiance 4D)<e>",,,,,,,,,,
1529,824071,4/24/2009,Senator Jack Reed,"Constituent (b,(fc°    regarding 1-601 for her father,b>,bl",,,,,,,,,,
1530,,,,(b)(6),,,,,,,,,,
1531,,,,,,,,,,,,,,
1532,824364,4/27/2009,Senator Jack Reed,Constituent ®®    requesting assistance with fiancee I-129F.,,,,,,,,,,
1533,821341,4/7/2009,Senator Harry Reid,Senator Reid writes regarding his concerns with CBP at Las Vegas McCarran International Airport. We have not received any signed correspondence for this workflow.,,,,,,,,,,
1534,819663,4/1/2009,Senator Jim Risch,ConsituentFbX0)    lregarding her husband®®    md his I- 130.,,,,,,,,,,
1535,822176,4/9/2009,Senator Jim Risch,Suggests Uruguay be put on the list of participating H-2A countries.,,,,,,,,,,
1536,824090,4/23/2009,Senator Jim Risch,Constituent®®    regarding her children ®®,,,,,,,,,,
1537,,,,1®®    reconsideration of immigration as refugee denial.,,,,,,,,,,
1538,824648,4/29/2009,Senator Jim Risch 1,"Constituent W)    requesting status of wife ®® Me)    Oil""",,,,,,,,,,
1539,824653,4/29/2009,Senator Jim Risch,Senator Risch writes on behalf of constituent ®<6)    regarding a pending SEVIS application.,,,,,,,,,,
1540,,,,,,,,,,,,,,
1541,820787,4/3/2009,Senator Pat Roberts,Constituent®®    Iregarding monther ®® (b)(6)    visitor visa.,,,,,,,,,,
1542,822617,4/14/2009,Senator Pat Roberts,4®    requesting expedite of husband®®    1-601.,,,,,,,,,,
1543,824748,4/30/2009,Senator Pat Roberts,Constituent ®®    is. requesting status of his fiancee's Kim Phuong Nguyen.,,,,,,,,,,
1544,820668,4/3/2009,Congressman Ciro D. Rodriguez,Constituent ®®    regarding sons ®® ®®    1-864.,,,,,,,,,,
1545,822148,4/8/2009,Congressman Ciro D. Rodriguez,Constituent ®®    requesting assistance for her husband (b)(6)    H30,,,,,,,,,,
1546,823045,4/15/2009,Congressman Ciro D. Rodriguez,®®    requesting consideration of his application to become US citizen based on father's US Citizenship.,,,,,,,,,,
1547,823511,4/21/2009,"Congressman Ciro D, Rodriguez",Consituent ®®    requesting assistance with husband (b)(6)    i_j30,,,,,,,,,,
1548,,,,,,,,,,,,,,
1549,,,,,,,,,,,,,,
1550,823757,4/22/1900,Congressman Ciro D. Rodriguez,Consitutent|XX6)    Iregarding husband's 1-130 application. Husband is|XX0),,,,,,,,,,
1551,820832,4/6/2009,Congressman Harold Rogers,Expresses concern that the position of Under Secretary for Intelligence and Analysis has not been filled and believes this is a liability for the Department.,,,,,,,,,,
1552,824087,4/23/2009,Congressman Michael J. Rogers,Constituent <b>(0)    Jregarding her husband !b><6) XX0)    pending 1-601.,,,,,,,,,,
1553,823102,4/16/2009,Congressman Tom Rooney,Rep. Rooney writes on behalf of constituent XX0)    regarding problems he encounters with Customs during travel.,,,,,,,,,,
1554,821916,4/8/2009,Congressman Gregorio Sablan,Writes expressing their views on immigration control in the Northern Mariana Islands.,,,,,,,,,,
1555,823238,4/16/2009,Congressman Loretta Sanchez,Consitituent XX0)    Regarding denial of business partner XX0) XX0)    I-290B.,,,,,,,,,,
1556,819892,3/26/2009,Senator Bernard Sanders,Writes to request additional funding be given to the R-Tech Program.,,,,,,,,,,
1557,,,,,,,,,,,,,,
1558,823767,4/22/2009,Congressman John P. Sarbanes,"Constituent 9)9)    regarding husbanc(b),tl)    mmigration case status.",,,,,,,,,,
1559,824214,4/27/2009,Congressman John P. Sarbanes,Constituent ?X6)    regarding her husband<bl(6) 9X6)    I601,,,,,,,,,,
1560,822585,4/14/2009,Congressman Janice D. Schakowsky,"b',6>    regarding her husband<b>,6)",,,,,,,,,,
1561,822177,4/9/2009,"Congressman Adam B, Schiff",Constituent ^X^    regarding 1-485.,,,,,,,,,,
1562,822551,4/3/2009,Senator Charles E. Schumer,Private Bill S. 368 for Alemseghed Mussie Tesfamical from Senator Schuman's office misdirected. For the record this correspondence was faxed to ICE Congressional.,,,,,,,,,,
1563,823155,4/17/2009,Senator Charles E. Schumer,Supports the application submitted by the Guilderland Fire Department for the 2008 Fire Prevention and Safety Grant Program.,,,,,,,,,,
1564,823156,4/17/2009,Senator Charles E. Schumer,Supports the application submitted by the Menands Fire Department for the 2008 Fire Prevention and Safety Grant Program.,,,,,,,,,,
1565,823451,4/20/2009,Senator Charles E. Schumer,"Sen. Charles E. Schumer writes on behalf of his constituent, George Breeher, concerning the status of his TRIP Inquiry.",,,,,,,,,,
1566,,,,,,,,,,,,,,
1567,824163,4/23/2009,Senator Charles E. Schumer,"Constituent (bt,b'1    'egarding 4 year delay of his request using N-565 to have the date on his cizenship certificate changed from 19935 to correct date of 1933.",,,,,,,,,,
1568,824291,4/27/2009,Senator Charles E. Schumer,Senator Schumer writes on behalf of |<bX6>    | regarding their experience with Border Patrol agents while crossing the border from Canada.,,,,,,,,,,
1569,820377,4/4/2009,Congressman Carol Shea-Porter,Constituent (b><6)    egarding husband<bi|b! 1-130,,,,,,,,,,
1570,820834,4/3/2009,Senator Richard C. Shelby,"Constituent !b'1,en    regarding his 1-90 application.",,,,,,,,,,
1571,823070,4/15/2009,Senator Richard C. Shelby,(bX6)    regarding the upgrading her 1-130 for his daughter(bK6)    from F3 to FI.,,,,,,,,,,
1572,822157,4/6/2009,Congressman Brad Sherman,Consitutent<b)<6t    regarding status of husband<b)(6i <bX6>    case.,,,,,,,,,,
1573,823214,4/16/2009,Congressman Brad Sherman,Constituen <bXti)    regarding status of 1-130 for husband (b)(6),,,,,,,,,,
1574,,,,,,,,,,,,,,
1575,821898,4/7/2009,Congressman Michael K. Simpson,Constituent ®®    regarding his wife ®® ®®    1-601 denial.,,,,,,,,,,
1576,824096,4/24/2009,"Congressman Michael K, Simpson",Constituent ®®    requesting expedite of H-2A worker visas from Uruguay.,,,,,,,,,,
1577,824763,4/30/2009,"Congressman Michael K, Simpson",Consitutnet ®®    is requesting assistance with husband (b^® (b)(6)    1-730.,,,,,,,,,,
1578,824306,4/27/2009,Congressman Ike Skelton,Writes on behalf of constituent concerned with internet fraud in Nigeria.,,,,,,,,,,
1579,822389,4/13/2009,Congressman Adrian Smith,®<fclJ    requesting assistance with his asylum.,,,,,,,,,,
1580,823764,4/21/2009,Congressman Adrian Smith,Constituent ®®    regarding his wife!®®    Is (b)(6) immigration case.,,,,,,,,,,
1581,819641,4/2/2009,Congressman Lamar Smith,"Rep. Smith writes regarding ICE's worksite enforcement action at Yamato Engine Specialists in Bellingham, Washington.",,,,,,,,,,
1582,,,,,,,,,,,,,,
1583,821901,3/23/2009,Congressman Arlen Specter,Constituent ®®    regarding USCIS error that resulted in denial of husband ®®    1-130. Seeks exemption from additional fees associated with error.,,,,,,,,,,
1584,822615,4/14/2009,Congressman Arlen Specter,<b>(0)    Requesting status of her I-290B.,,,,,,,,,,
1585,823377,4/20/2009,Congressman Jackie Speier,Rep. Speier writes regarding mandatory turban searches of Sikh's and the possibility of the University of California at Berkley conducting a study of TSA screening practices.,,,,,,,,,,
1586,824072,4/23/2009,Congressman Todd Staples,"Todd Staples, Commissioner, Texas Department of Agriculture writes regarding flights between Texas and Cuba.",,,,,,,,,,
1587,824525,4/28/2009,Congressman Cliff Steams,Constituent ®®    requests assistance regarding clearing her name of false accusations that she supported terrorists groups in Jamaica.,,,,,,,,,,
1588,821275,4/6/2009,Congressman Ellen O. Tauscher,Congressman requesting update on background checks for®® (b)(6),,,,,,,,,,
1589,823547,4/20/2009,Congressman Ellen O. Tauscher,Constituent |<b><6>    regarding pending relative petitions for (b)(6),,,,,,,,,,
1590,,,,,,,,,,,,,,
1591,824698,4/30/2009,Congressman Hany Teague,Writes to offer assistance to reduce impact of recent outbreaks of H1NI influenza.,,,,,,,,,,
1592,824213,4/27/2009,Senator Jon Tester,Constituent(b)(6)    Requesting ht econversion of a work visa to a tourist visa forlbK5)    and her family.,,,,,,,,,,
1593,822438,4/13/2009,Congressman Bennie G. Thompson,regarding her 1-140 filed by<bi(6i    on her behalf.,,,,,,,,,,
1594,822569,4/13/2009,Congressman Bennie G. Thompson,<b><6>    (requesting status of 1-485 for self and family. Wife - (b)(6),,,,,,,,,,
1595,822749,4/15/2009,Congressman Bennie G. Thompson,"Chairman Bennie Thompson writes regarding an April 2009 I&A report entitled, ’’Rightwing Extremism: Current Economic and Political Climate Fueling Resurgence in Radicalization and Recruitment.""",,,,,,,,,,
1596,824203,4/27/2009,Congressman Glenn Thompson,Constituent(b)(6)    is requesting assistance from USCIS in her research on international adoptions.,,,,,,,,,,
1597,824755,4/30/2009,Congressman Glenn Thompson,Constituent<bX6)    requesting status of children<b)(6) (b)(6) (b)(6)    1.730.,,,,,,,,,,
1598,,,,,,,,,,,,,,
1599,,,,,,,,,,,,,,
1600,822432,4/13/2009,"Congressman William ""Mac"" Thornberry",9)9)    inquires about status of wile 9)9) 9X6)    visa application.,,,,,,,,,,
1601,822463,4/13/2009,"Congressman William ""Mae"" Thornberry",9)9)    Iwould like to step in as petitioner for her sister-in-law 9)9)    following the death of her brother (husband to beneficiary) (b)9),,,,,,,,,,
1602,824280,4/24/2009,"Congressman William ""Mac"" Thornberry","Congressman Thornberry writes on behalf of his constituent, 9)9) 9)9) who questions the entrance policy for her trucking business into U.S. ports.",,,,,,,,,,
1603,819627,4/2/2009,Congressman Patrick Tiberi,Writes on behalf of a constituent 9)9)    who request that DHS release funds owed for work completed by Data Management Consulting. FEMA Folder 97827 - assigned to GPD for handling.,,,,,,,,,,
1604,824281,4/27/2009,Congressman Paul Tonko,Constituents|9)9)    requesting status and asistance with their I-485’s and 9)9)    1-140.,,,,,,,,,,
1605,819685,4/1/2009,Congressman Edolphus Towns,Constituent 9)9)    regarding status of 1-730 relative petition for his daughtei ?)9),,,,,,,,,,
1606,823637,4/21/2009,Congressman Edolphus Towns,Constituent (b)9)    (regarding his N-400 and T-485.,,,,,,,,,,
1607,,,,,,,,,,,,,,
1608,823739,4/22/2009,Congressman Edolphus Towns,Constituent requesting status of her case.,,,,,,,,,,
1609,823741,4/22/2009,Congressman Edolphus Towns,Constituent    regarding her case and if can be reopened.,,,,,,,,,,
1610,823759,4/22/2009,Congressman Edolphus Towns,Consitutentw>    regarding relatives[b)(6)    1 (bX6)    status of 1-130.,,,,,,,,,,
1611,820828,4/6/2009,Congressman Niki Tsongas,Constitutent    regarding her case.,,,,,,,,,,
1612,822444,4/13/2009,Congressman Chris Van Hollen,(bXb)    regarding employee visa for,,,,,,,,,,
1613,824187,4/27/2009,Congressman Chris Van Hollen,"Constituent<b><6)    -egarding discrepancies in his EEO complaint which were not accepted, and his belief that his is being a target for retaliation by (b><6>    of FDNS.",,,,,,,,,,
1614,824425,4/27/2009,Congressman Chris Van Hollen,Writes about Efficiency Review across DHS.,,,,,,,,,,
1615,823620,4/21/2000,Congressman Nydia M. Velazquez,Constituent *b)(6}    requesting status of wife's 1-601 - (b}*6) (b)(6),,,,,,,,,,
1616,,,,,,,,,,,,,,
1617,822054^,4/8/2009,Congressman Peter J. Visclosky,Rep. Peter J. Visclosky writes on behalf of his constituent)®® ®®    vho expresses his support for the Federal Flight Deck Officers program.,,,,,,,,,,
1618,823745^,4/22/2009,Congressman Peter J. Visclosky,Consituen ®®    regarding her husband ®® inability to immigrate.,,,,,,,,,,
1619,822234~,4/10/2009,Senator David Vjtter,Writes to request that DHS search for a new Chief Information Officer (CIO).,,,,,,,,,,
1620,823277,4/17/2009,Senator David Vitter,"Senator Vitter writes regarding an April 2009 I&A report entitled, ""Rightwing Extremism: Current Economic and Political Climate Fueling Resurgence in Radicalization and Recruitment.""",,,,,,,,,,
1621,823537,4/20/2009,Senator David Vitter,Constituent ®®    regarding mistake on 1-797C.,,,,,,,,,,
1622,819681,4/2/2009,Congressman George V. Voinovich,Constituent ®®    regarding ®®    | regarding problems with immigration upon returning from trip to Guatemala.,,,,,,,,,,
1623,,,,,,,,,,,,,,
1624,819635,4/2/2009,Congressman Tim Walz,"Rep, Walz writes on behalf of constituent ®®    concerning the rationale for the TSA mandate regarding the use of access/gate cards.",,,,,,,,,,
1625,820384,4/3/2009,Congressman Tim Walz,(b)(6)    Requesting information on 1-601 denials on behalf of Congressman Walz.,,,,,,,,,,
1626,823247,4/16/2009,Congressman Tim Walz,Constituent ®®    requesting assistance with denial of his fiance petition for |®(4    |,,,,,,,,,,
1627,824644,4/29/2009,Senator Mark R. Warner,Constituent    requesting status of 1-130 for (b)(6),,,,,,,,,,
1628,823734,4/22/2009,Congressman Debbie Wasserman-Schultz,Constituent ®®    regarding the status of his application for Safety and Occupational Health Manager/0018 USA JOBS,,,,,,,,,,
1629,824296,4/27/2009,Congressman Henry Waxman,"Rep, Waxman writes on behalf of constituent ®®    Regarding his enrollment in the SENTRI program.",,,,,,,,,,
1630,821325,4/6/2009,Congressman Jim Webb,Senator Jim Webb writes on behalf of his constituenl ®® regarding FOIA request # 2009-063.,,,,,,,,,,
1631,,,,,,,,,,,,,,
1632,822158,4/9/2009,Congressman Jim Webb,Constituent (b)(6)    egardingwife.W)    [-129 stsus.,,,,,,,,,,
1633,822854,4/15/2009,Congressman Jim Webb,Regardi ng 1-601 for (b)(6)    |,,,,,,,,,,
1634,823635,4/21/2009,Congressman Jim Webb,Constituent (b)<6)    regarding<bK6),,,,,,,,,,
1635,823636,4/21/2009,Congressman Jim Webb,Constituent ^Kb)    Regarding status of his 1-539.,,,,,,,,,,
1636,823749,4/22/2009,Congressman Jim Webb,Constituent requesting status of his case.,,,,,,,,,,
1637,823750,4/22/2009,Congressman Jim Webb,Consitutent *bKb!    regarding his wife's <b')<6t immigration case.,,,,,,,,,,
1638,824003,4/24/2009,Congressman Jim Webb,Consituent !bKfc5)    regarding his fiancee petition for (b)(6),,,,,,,,,,
1639,824197,4/24/2009,Congressman Jim Webb,Constituend(bX6)    reuuesting status of husband (b)(6* tbK6)    T-601,,,,,,,,,,
1640,,,,,,,,,,,,,,
1641,824751,4/30/2009,Congressman. Jim Webb,Constituent ®®    regarding husband ®®    1-601 status.,,,,,,,,,,
1642,823081,4/7/2009,Congressman Darrell Williams,House Bill 387 of 2009 - Lawful Status Benchmark,,,,,,,,,,
1643,820422,4/3/2009,Congressman Frank R. Wolf,Constituent®®    regarding sister ®®    i.,,,,,,,,,,
1644,821287,4/7/2009,Congressman Frank R. Wolf,Writes on behalf of constituent ®®    who recently applied for a job with DHS.,,,,,,,,,,
1645,821295,4/6/2009,Congressman Lynn C. Woolsey,Consituent®®    I is requesting help with stopping deportation of ®®    who is the caretaker of her son ®® (b)(6),,,,,,,,,,
1646,823250,4/16/2009,Senator Ron Wyden,Consilituent®®    regarding her husband's 1-601.,,,,,,,,,,
1647,822339,4/10/2009,Congressman John Yarmuth    1,®®    -egarding 1-601 for her husband ®® b)(6),,,,,,,,,,
1648,,,,,,,,,,,,,,
1649,823657,4/10/2009,Congressman John Yarmuth,®®    regarding 1-601 for her husband (bX0) (b)(6),,,,,,,,,,
1650,824181,4/27/2009,Congressman John Yarmuth,Writes to support the High view Fire District's request for funding assistance through the Fire Prevention and Safety Grant.,,,,,,,,,,
1651,822550,4/14/2009,Congressman C. W. Bill Young,®®    regarding status of humanitarian parole for his daughter.,,,,,,,,,,
1652,819296,4/1/2009,,"Mr. Joseph F. Vallario, Chairman of House Judiciary Committee writes Kathleen Kraninger in reference to the possible cancellation of a REAL ID Brief.",,,,,,,,,,
1653,819639,1/1/2009,,no workflow created,,,,,,,,,,
1654,819696,4/2/2009,,Transmittal letter for the 2008 National Critical Infrastructure and Key Resources Protection Annual Report - for delivery to the Hill.,,,,,,,,,,
1655,820276,4/3/2009,,Transmittal letter for the 2008 National Critical Infrastructure and Key Resources Protection Annual Report - for delivery to the Hill.,,,,,,,,,,
1656,820405,4/6/2009,,Congressional Notification: Department of Homeland Security's Federal Emergency Management Agency plans to award $ 100 million for the Emergency Food and Shelter National Board Program.,,,,,,,,,,
1657,,,,,,,,,,,,,,
1658,823164,4/17/2009,,Draft Report: Effectiveness of the Deppartment of Homeland Securtiy Traveler Redress Inquiry Program - Sensitive Security Information (SSI),,,,,,,,,,
1659,824675,,,"In response to the requirement established by House Conference Report 108-280 accompanying the Department of Homeland Security Appropriations Act of 2004, the US-VISIT Program is providing this monthly status report on the planned and actual deployment of US-VISIT entry and exit systems and equipment at air, sea and land ports.",,,,,,,,,,
1660,,,,,,,,,,,,,,
1661,Policy Congressional Report,,,,,,,,,,,,,
1662,Opened Between 05/01/2009 and 05/31/2009,,,,,,,,,,,,,
1663,WF#,Receive Date,Congressman Name,Subject of Request,,,,,,,,,,
1664,824962,5/4/2009,Congressman Gary L. Ackerman,Constituent <b)<6)    is requesting status of 1730 for his relatives (b)(6),,,,,,,,,,
1665,824964,5/4/2009,Congressman Gary L. Ackerman,Constituent |fb>(6) “|is requesting status ofl-730 for his relativdlb><6> (b)(6)    - -    -,,,,,,,,,,
1666,825648,5/7/2009,Congressman Gary L. Ackerman,"Constituent,^6)    Js requesting status of relative 1-730 for (b)(6)",,,,,,,,,,
1667,826072,5/12/2009,Congressman Gary L. Ackerman,Constituent    is requesting status of (bX0)    I- 730.,,,,,,,,,,
1668,826188,5/12/2009,Congressman Gary L. Ackerman,Constituent ^X6)    is requesting status of daughter(bX6) (b)(6)    j.730,,,,,,,,,,
1669,825043,5/4/2009,Congressman Robert B. Aderholt,"Constituent^6)    is requesting expedite of 1-130 for his nephew(b,(6)",,,,,,,,,,
1670,824860,5/1/1900,Senator Lamar Alexander,Senator Locke writes conemeing the closing of plants.,,,,,,,,,,
1671,,,,,,,,,,,,,,
1672,826404,5/14/2009,Senator Lamar Alexander,Constituent 9)9)    is requesting expedite of wife 9)9)    1-130.,,,,,,,,,,
1673,826283,5/13/2009,Congressman Robert E. Andrews,Constituents 9)9)    are requesting that USCIS remove their application and refund their application fee for their 1-824.,,,,,,,,,,
1674,825188,5/5/2009,Congressman Michael Arcuri,"Rep, Michael A, Arcuri writes on behalf of his constituent, 9)9) 9)9) concerning the recently released DHS report on Rightwing Extremism, Fields claims to have been named in the report.",,,,,,,,,,
1675,826443,5/13/2009,Senator John Barrasso,"Writes on behalf of constituent, 9)9)    who was denied entry into the US for a trial.",,,,,,,,,,
1676,826890,5/18/2009,"Congressman J, Gresham Barrett",Re: 9)9),,,,,,,,,,
1677,828250,5/29/2009,Congressman J. Gresham Barrett,"Constituent 9)9)    is requesting assistance with 1-130,1-485, and 1-765 for his wife 9)9)    |",,,,,,,,,,
1678,828214,5/25/2009,Congressman Richard Barth,Classified SI Information Memo- API/PNR Working Group,,,,,,,,,,
1679,824956,5/4/2009,"Congressman Roscoe G, Bartlett","Writes to recommend 9)9)    who previously served on the Private Sector Advisory Committee, for DHS's Outstanding Service Medal.",,,,,,,,,,
1680,827037,5/19/2009,Senator Max Baucus,Max Baucus and Jon Tester write to the Secretary to express concern about the way in which the Department has selected contractors for the Land Ports of Entry upgrades in Montana funded by the American Recovery and Reinvestment Act of 2009.,,,,,,,,,,
1681,,,,,,,,,,,,,,
1682,827804,5/27/2009,Senator Max Baucus,"Sen, Baucus, Rep, Rangel, and Rep. Camp request CBP extend the Importer Security Filing and Additional Carrier Requirements interim final rule’s public comment period deadline to September 15, 2009.",,,,,,,,,,
1683,825488,5/6/2009,Congressman Evan Bayh,Constitutent ®®    is requesting status of her husbanc ®® (b)®    1-130.,,,,,,,,,,
1684,827213,5/18/2009,Congressman Evan Bayh,"<4®    Regaring her husband, ®®    <1-601 application.",,,,,,,,,,
1685,827268,5/19/2009,Congressman Evan Bayh,®®    filed 1-601 on behalf of her husband ®®,,,,,,,,,,
1686,,,,,,,,,,,,,,
1687,827274,5/19/2009,Congressman Evan Bayh,®®    requests status of their 1-600 case,,,,,,,,,,
1688,,,,"involving adopted daughter, ®®",,,,,,,,,,
1689,825023,5/4/2009,Congressman Melissa L. Bean,Writes on behalf of constituent ®®    regarding his application status.,,,,,,,,,,
1690,,,,,,,,,,,,,,
1691,825981,5/11/2009,Senator Michael Bennet,Attorney/Conslituent (b>(e'}    is requesting that petition for alien relative filed for dung m. tran by(bt(6t    be reinstated. |(b><6>    | is representing widow of <b'K6) (b}(6),,,,,,,,,,
1692,828078,5/28/2009,Senator Michael Bennet,"Sen. Bennet writes on behalf of citizens of Glenwood Springs, Colorado in support of grantingisylum.",,,,,,,,,,
1693,827253,5/19/2009,Congressman Judy Biggert,Re: Regarding refugee cases of the®®    family.,,,,,,,,,,
1694,824807,5/1/2009,Congressman Brian P. Bilbray,20 Members of Congress write concerning CBP Officers being prohibited from wearing protective masks.,,,,,,,,,,
1695,,,,,,,,,,,,,,
1696,826167,5/12/2009,Congressman Brian P. Bilbray,Rep. Bilbray writes on behalf of constituent!®® regarding a pending Federal employment salary overpayment waiver.,,,,,,,,,,
1697,826694,5/15/2009,Congressman Rob Bishop,"Writes on behalf of Fedworkz Services, regarding their inability to perform services for DHS with vendors that have been issued DOD security clearances.",,,,,,,,,,
1698,825653,5/7/2009,Congressman John Boccieri,Constituent ®®    of Brenckle Farms is requesting correction of H2A submitted on their behalf by masH2A.,,,,,,,,,,
1699,827936,5/27/2009,Congressman John Boccieri,Constituent®    is. requesting the status of her and her sons. ®®    1-485.,,,,,,,,,,
1700,824975,5/4/2009,Congressman John A. Boehner,Constituent!®®    is requesting status of his employee ®® ®®    appeal for permanent residency.,,,,,,,,,,
1701,,,,,,,,,,,,,,
1702,828128,5/29/2009,Senator Barbara Boxer,Constituent ®®    Rs requesting withdrawal of affidavit of support 213A. and Mariiage sttus 1-130 for her ex husband (b)(6),,,,,,,,,,
1703,825967,5/11/2009,Congressman Robert A. Brady,"The U.S. House of Representatives Committee on House Administration and U.S. Senate Committee on Rules and Administration invites the Secretary to speak at the 2009 Summer Intern Lecture Series to be held from June 1 - July 31, 2009.",,,,,,,,,,
1704,828212,5/29/2009,"Congressman Robert A, Brady",Constituent    is requesting assistance with his appeal of the denial of his 1-601.,,,,,,,,,,
1705,825189,5/5/2009,Congressman Bobby Bright,Constituent®®    are inquiring as to the status of their application for citizenship.,,,,,,,,,,
1706,825924,5/11/2009,Congressman Paul Broun,Constituent ®®    is requesting status of husband®® (b)(6)    1-601.,,,,,,,,,,
1707,827881,5/27/2009,Senator Sherrod Brown,Citizen writes to request release of information.,,,,,,,,,,
1708,824865,5/1/2009,Congressman Ginny Brown-Waite,"Rep, Brown-Waite writes to question the priorities of border protection.",,,,,,,,,,
1709,,,,,,,,,,,,,,
1710,824985,5/4/2009,Congressman Ginny Brown-Waite,Rep Ginny Brown-Waite et. al writes regarding the recently released DHS report on Rightwing Extremism and requests clarification of how the report was compiled.,,,,,,,,,,
1711,828194,5/29/2009,Congressman Jim Bunning,"ConstituentpX6)    Rs requesting permission to enter into the US with her husband 9X6>    under ""dual intent"" as a tourist who has the intent of becoming a permanent resident on his status as a spouse of a us citizen.",,,,,,,,,,
1712,825578,5/7/2009,Congressman Michael C. Burgess,Writes about offering congressional assistance in fighting the swine flu outbreak.,,,,,,,,,,
1713,827541,5/22/2009,Congressman G. K. Butterfield,"G.K. Butterfield writes on behalf of his constituent, 9X6) regarding her disability discrimination claim.",,,,,,,,,,
1714,824845,5/1/2009,Congressman Robert C. Byrd,Constituent |9X6)    lequesting assistance with adoption of Vietnam child.,,,,,,,,,,
1715,824987,5/4/2009,Congressman Robert C. Byrd,Writes about approving the request of reprogramming funds within Coast Gaurd's fiscal year 2009 Operating Expenses appropriations.,,,,,,,,,,
1716,825045,5/4/2009,Congressman Robert C. Byrd,"Writes to approve the USM's reporgramming request for $430,000 dollars to bring OHA office space into compliance with Federal workspace regulations.",,,,,,,,,,
1717,825181,5/5/2009,Congressman Robert C. Byrd,Senator Byrd writes for his constituient concerning the FPS.,,,,,,,,,,
1718,,,,,,,,,,,,,,
1719,825464,5/6/2009,Congressman Robert C. Byrd,Constituent6)    is requesting assistance with EB-5 investment for his company.,,,,,,,,,,
1720,825977,5/11/2009,Congressman Robert C. Byrd,"Seeks information on behalf of constituent, <b)(6t regarding government-sponsored fire safety training programs.",,,,,,,,,,
1721,825989,5/11/2009,Congressman Robert C. Byrd,"Writes on behalf of constituent, *bX6)    who seeks funds for the construction of a 911 Emergency Telecommunications Center and an Emergency Management Center.",,,,,,,,,,
1722,826583,5/14/2009,Congressman Robert C. Byrd,Sen. Byrd writes on behalf of constituent^6)    regarding legislation to protect the civil liberties of travelers.,,,,,,,,,,
1723,826599,5/14/2009,Congressman Robert C. Byrd,Sen. Byrd writes on behalf of a constituent urging for legislation to protect the civil liberties of travelers.,,,,,,,,,,
1724,826860,5/18/2009,Congressman Robert C. Byrd,Sen. Robert C. Bvrd writes on behalf of his constituent]03)’6) )bXb)    who expresses his concerns with Si's position on the Real ID Act.,,,,,,,,,,
1725,828254,5/29/2009,Congressman Robert C. Byrd,Constituent    is requesting reinstatement of son <b)’6)    legal resident alien status and an appology for his wife.,,,,,,,,,,
1726,826420,5/13/2009,Congressman John Campbell,Constituent <bX6)    regarding his wife's case. No other info.,,,,,,,,,,
1727,,,,,,,,,,,,,,
1728,825173,5/5/2009,Congressman Anh Cao,Constituent!®®    Ireouesting expedite of his daughter <bX6)    I-130.,,,,,,,,,,
1729,824982,5/4/2009,Congressman Shelley Moore Capito,Rep. Shelley Moore Capito writes to express her concerns with a recently released DHS report on Rightwing Extremism.,,,,,,,,,,
1730,828146,5/29/2009,Congressman Shelley Moore Capito,"Constituent ®®    is. requesting that the legal resident alien status be reinstated for his step-sons, and a formal apology be sent to his wife.",,,,,,,,,,
1731,825052,5/4/2009,Senator Benjamin L. Cardin,"Writes to recommend ®®    who previously served on the Private Sector Advisory Committee, for DHS's Outstanding Service Medal.",,,,,,,,,,
1732,824915,5/1/2009,Congressman Dennis A. Cardoza,Constituent ®®    requesting expedite of children's 1-130 applications.,,,,,,,,,,
1733,827601,5/21/2009,Senator Robert P. Casey,Senator Casey seeks endorsement of International Institute of Erie,,,,,,,,,,
1734,825549,5/6/2009,Congressman Kathy Castor,Department of Commerce transferred a letter from Representative Cathy Castor regarding President Obama's direction for Cuban American travel—writes to request the addition of Tampa International Airport as an authorized point of exit/entry for U.S.-Cuba air charter flights.,,,,,,,,,,
1735,,,,,,,,,,,,,,
1736,827295,5/20/2009,Senator Saxby Chambliss,®®    seeks to immigrate his granddaughter to the United States since her mother passed away,,,,,,,,,,
1737,826339,5/14/2009,Senator Tom A. Cobum,"Express concerns about the mission and purpose of intelligence operations at DHS and request information and documents related to the mission and operations of the Office of Intelligence and Analysis. Provide 12 specific requests and request information by June 3, 2009.",,,,,,,,,,
1738,825179,5/5/2009,Senator Susan M. Collins,Sen. Collins writes on behalf of constituent ®®    regarding security measures taken concerning a suspicious package discovery on a cruise ship.,,,,,,,,,,
1739,826916,5/18/2009,Senator Susan M. Collins,®®    formerly of Maine seek to reduce the time incurred for her bar to admission so they may return to the United States,,,,,,,,,,
1740,824803,5/1/2009,Congressman Kent Conrad,Writes regarding concerns over DHS and HHS response to recent outbreak ofHINl Influenza.,,,,,,,,,,
1741,826134,5/11/2009,Senator Bob Corker,Senator Corker writes on behalf of his constituent ®® regarding the recent I&A report on Rightwing Extremism.,,,,,,,,,,
1742,,,,,,,,,,,,,,
1743,,,,,,,,,,,,,,
1744,826568,5/14/2009,Senator Bob Corker,Senator Corker seeks status update of the immigration case of ^XS} | (b)(6)    ----,,,,,,,,,,
1745,826938,5/18/2009,Senator Bob Corker,{bX6>    regarding his wifelbK6:i    vaiver petition th;n was denied in Moscow.,,,,,,,,,,
1746,828026,5/28/2009,Senator Bob Corker,"Constituent!03)’61    ts reauesting a status of the humanitarian parole she filed on behalf of her mothei(b,(b) (b)(6)    |",,,,,,,,,,
1747,825182,5/5/2009,Senator John Cornyn,Writes in support of the grant application for Operation Stonegarden.,,,,,,,,,,
1748,825191,5/5/2009,Senator John Cornyn,Constituent13)’6)    k is reuuesting status of husband ’b)’6) (bX6) 1-601.,,,,,,,,,,
1749,825984,5/11/2009,Senator John Cornyn,Senator writes for his constituent(bX6)    who has concerns about his employment with ICE.,,,,,,,,,,
1750,826069,5/12/2009,Senator John Cornyn,Constituent ’bX6)    requesting status of husband ’bX0) (b)(6)    1-601.,,,,,,,,,,
1751,,,,,,,,,,,,,,
1752,826739,5/15/2009,Senator John Cornyn,Senator Cornyn writes on behalf of a constituent rearding his clearance with ICE.,,,,,,,,,,
1753,827224,5/18/2009,Senator John Cornyn,follow-up on case of (bX0),,,,,,,,,,
1754,827278,5/18/2009,Senator John Cornyn,"®®    filed immigration papers for her husband, (b)(6)",,,,,,,,,,
1755,827604,5/21/2009,Senator John Cornyn,"®®    is requesting to know outcome, or corrective action taken as a result of his and fellow employees reporting of allegations of misconduct by IT companies and USCIS employees. He is also requesting a copy of the complete investigation. Additionally, he is claiming that he is being retaliated against as a result of his reporting of these events.",,,,,,,,,,
1756,827690,5/26/2009,Senator John Cornyn,Constituent -)(6'    j& requesting status of husband (b)(6)    j_13(),,,,,,,,,,
1757,827693,5/26/2009,Senator John Cornyn,"Constituent ^X6)    is requesting status of husband!®® (b)(6)    ~ I-131, and 1-601.",,,,,,,,,,
1758,,,,,,,,,,,,,,
1759,827698,5/26/2009,Senator John Cornyn,Constituent[®®    requesting staus of 1-601 for her husband ®®,,,,,,,,,,
1760,828056,5/28/2009,Senator John Cornyn,Constituent!®®    1 is requesting assistance with his wife ®®    llmmigrant visa.,,,,,,,,,,
1761,824911,5/1/2009,Senator Michael D. Crapo,Constituent ®®    requesting status of husband ®®,,,,,,,,,,
1762,,,,(b)(4    1-601.,,,,,,,,,,
1763,825025,5/4/2009,Senator Michael D. Crapo,Constituent®®    egarding status of her husband ®® ®® 1-601.,,,,,,,,,,
1764,825192,5/4/2009,Senator Michael D. Crapo,Constituenl ®®    is requesting status of fiance petition for (b)(6),,,,,,,,,,
1765,826194,5/12/2009,"Senator Michael D, Crapo",Constituent |£b)®    ts reauesting reconsideration of husband ®®    1-601 denial.,,,,,,,,,,
1766,,,,,,,,,,,,,,
1767,827405,5/15/2009,Senator Michael D. Crapo,XX0)    file I-130 petition for his wife ?b><6>,,,,,,,,,,
1768,826030,5/12/2009,Congressman Joseph Crowley,ConstituentlXX0)    | js requesting review of his application to become a USCIS designated civil surgeon for the Sikh community.,,,,,,,,,,
1769,828235,5/29/2009,Congressman Joseph Crowley,Constituent|XX6)    js requesting the status of his wife (b)(6)    1-730.,,,,,,,,,,
1770,825953,5/11/2009,Congressman Henry Cuellar,Constituent|XX6)    [s requesting assistance with wife XX0)    1-601.,,,,,,,,,,
1771,825031,5/4/2009,Congressman John Abney Culberson,Constituent XX0)    regarding information on current US Immigration laws.,,,,,,,,,,
1772,826406,5/14/2009,Congressman Elijah E. Cummings,Constituent XX0)    is requesting status of his POTIC and H29B applications.,,,,,,,,,,
1773,827461,5/21/2009,Congressman Elijah E. Cummings,X)(6)    filed I-130 for his wife and now has to file a I- 130 for his infant son XX0),,,,,,,,,,
1774,,,,,,,,,,,,,,
1775,827598,5/20/2009,Congressman Elijah E. Cummings,{b)(6)    filed 1-864 for his wife who is not approved for LPR status,,,,,,,,,,
1776,827599,5/21/2009,Congressman Elijah E. Cummings,(b)(6)    -egarding his wife currently pending case with AAO.,,,,,,,,,,
1777,825175,5/5/2009,Congressman Kathy Dahlkemper,"Constituent(b)(G)    ""Regarding treatment of he and his wif^X0)_| <bX0)    at their interview for his wife's application for a non immigrant visa.",,,,,,,,,,
1778,825974,5/11/2009,Congressman Kathy Dahlkemper,"Constituent ""(bX0>    is requesting status of husband (bX0> (b)(6)    1-130. Also states she believes that they are being discriminated against based on age.",,,,,,,,,,
1779,827839,5/27/2009,Congressman Lincoln Davis,Stafferl(b)(6)    is reauestine written response on status of (b)(6)    [-601 andT-290B.,,,,,,,,,,
1780,825735,5/8/2009,Congressman Peter A. DeFazio,Rep. DeFazio writes on behalf of ACLU regarding their concerns about monitoring protected free speech events.,,,,,,,,,,
1781,828044,5/28/2009,Congressman Rosa L. DeLauro,Constituem(bX6)    s requesting status of his families G-28.,,,,,,,,,,
1782,,,,,,,,,,,,,,
1783,824907,5/1/2009,Congressman Jim DeMint,Constituent ®®    is requesting status of fiance 1-129 for (b)(6),,,,,,,,,,
1784,826697,5/15/2009,Congressman Lloyd Doggett,(bX6>    frites on behalf of his constituent ®® who awaits a response to a complaint he filed from CRCL.,,,,,,,,,,
1785,827684,5/26/2009,Congressman Joe Donnelly,Constituents!®®    s requesting status of wife ®® ®® 1-601.,,,,,,,,,,
1786,828048,5/28/2009,Congressman Byron L. Dorgan,Thanks the Secretary for assistance during flooding in North Dakota and asks for flexibility regarding temporary levee policies.,,,,,,,,,,
1787,825976,5/12/2009,Congressman David Dreier,Constituent®®    s requesting expedite of son (bKH1    1- 730.    1    F,,,,,,,,,,
1788,826419,5/14/2009,Senator Richard J. Durbin,"Senator Durbin requests the removal of <bW""“    4eferrecj until the end of the 111th Congress.",,,,,,,,,,
1789,826722,5/15/2009,Senator Richard J. Durbin,®®    regarding the status of the appeal of the immigrant visa petition for his wife.    |,,,,,,,,,,
1790,,,,,,,,,,,,,,
1791,828051,5/26/2009,"Senator Richard J, Durbin",Constituentis complaining of ill treatment by cis officers upon re-entering the US from Canada.,,,,,,,,,,
1792,824967,5/4/2009,Congressman Chet Edwards,Constituent|9)9)    |is requesting assistance with husband 9X0)    1-601.,,,,,,,,,,
1793,826432,5/14/2009,Congressman Chet Edwards,Invites the Secretary to visit Texas A&M University to see firsthand the impressive array of programs that directly support the vital work of the Department of Homeland Security research and training for emergency first responders throughout the country.,,,,,,,,,,
1794,824905,5/1/2009,Congressman Jo Ann Emerson,"Constituent 9)9)    1S requesting expedite of husband's 1-601,",,,,,,,,,,
1795,825468,5/6/2009,"Senator Michael B, Enzi",Constituen(9)9)    is requesting entry of his client 9)9) 9)9)    into the US in order to stand trial.,,,,,,,,,,
1796,825622,5/7/2009,Congressman Sam Farr,Constituent (bX6)    is requesting reconsideration of his 1-90 denial.,,,,,,,,,,
1797,825176,5/5/2009,"Congressman Russell D, Feingold","Senator Russ Feingold writes on behalf of constituent|9)9)    ""| 9)9)    Jwho has contacted him regarding his wife, 9)(6) 9)9)    Ideporatation. and her immigrant visa, which has been pending since 2005.",,,,,,,,,,
1798,,,,,,,,,,,,,,
1799,826097,5/12/2009,Senator Dianne Feinstein,Constituent ®®    ;omplaint regarding his treatment by Officer (b)(6)    Jf USCIS Santa Ana Field Office.,,,,,,,,,,
1800,826600,5/14/2009,Senator Dianne Feinstein,"Senator Feinstein shares her concerns about the rise of kidnappings and requests Federal participation in the Major Mexican Task Force, the Violent Crimes Gang Group, and Violent Crimes Safe Streets Task Force.",,,,,,,,,,
1801,826781,5/15/2009,Senator Dianne Feinstein,Sen. Feinstein writes concerning cross border kidnappings and requests DHS's collaboration with Attorney General Holder to help combat cross border violence and increase the amount of prosecutions for these crimes.,,,,,,,,,,
1802,827689,5/26/2009,Senator Dianne Feinstein,Constituent    s requesting status of husband|(bK0) ®® 1-601.,,,,,,,,,,
1803,828199,5/29/2009,Senator Dianne Feinstein,Constituent ®®    is requesting status of wife ®® (b)(6)    1-212.,,,,,,,,,,
1804,828202,5/28/2009,Senator Dianne Feinstein,Constituenl ®®    is requesting expedite of her 1-918.,,,,,,,,,,
1805,,,,,,,,,,,,,,
1806,824869,5/1/2009,Congressman Bob Filner,Rep. Filner writes regarding the treatment of one of his constitients at a border crossing.,,,,,,,,,,
1807,828118,5/30/2009,Congressman Bob Filner,Constituent X)(6)    is requesting status of his relative X)X) XX0)    bmmigration case.,,,,,,,,,,
1808,825014,5/4/2009,Congressman John Fleming,Representative John Fleming writes on behalf of constituent XX0) XX0)    regarding problems he has encountered getting his TWIC card.,,,,,,,,,,
1809,826059,5/11/2009,Congressman Jeff Fortenberry,XX0)    is requesting humanitarian parole for himself.,,,,,,,,,,
1810,827783,5/26/2009,Congressman Rodney P. Frelinghuysen,"Writes on behalf of constituent XX0)    regarding the routing of his export shipments by TSA. This is a follow up to our March 9th, 2009 letter.",,,,,,,,,,
1811,824969,3/20/2009,Congressman Gabrielle Giffords,Requests SI prioritize the US-Mexico partnership by tackling the increased border violence and drug-trafficking and expresses concerns about the success of the Merida Intiative. Invites SI to a meeting on April 8 in southern Arizona to discuss this issue.,,,,,,,,,,
1812,825491,5/6/2009,Congressman Gabrielle Giffords,Constituent XX0)    is requesting expedite of his employee XX0)    1-140.,,,,,,,,,,
1813,,,,,,,,,,,,,,
1814,825410,5/5/2009,Senator Charles E. Grassley,Senator Grassley writes on behalf of constituent 9)9) 9)9)    regarding her experience going through customs on the wav into the United States.,,,,,,,,,,
1815,827380,5/21/2009,Senator Charles E. Grassley,RE: Expeditious processing request of a I-129F foi?>9),,,,,,,,,,
1816,828001,5/28/2009,Senator Charles E. Grassley,Constituent 9)9)    is requesting the staus of her husband 1-601.,,,,,,,,,,
1817,827369,5/21/2009,Congressman Sam Graves,"9)9)    filed I-130 petition for his wife, 9)9) 9)9)    and immigration forms with the lockboxes",,,,,,,,,,
1818,825773,5/8/2009,Congressman Judd Gregg,Senators Gregg (NH) and Shaheen (NH) write to advocate for the new border patrol station to be placed in New Hampshire.,,,,,,,,,,
1819,828072,5/28/2009,Congressman Judd Gregg,Constituent 9)9)    inquiring about the status of his son|9)9) 9)9)    (_601,,,,,,,,,,
1820,826898,5/18/2009,Congressman Parker Griffith,Re: 9)9)    regarding a 1-601 application.,,,,,,,,,,
1821,,,,,,,,,,,,,,
1822,825010,5/4/2009,Congressman Luis V. Gutierrez,"S1 is cc’d on a letter from Rep, Gutierrez to (b)(6t    of ICE regarding religious services for ICE detainees.",,,,,,,,,,
1823,826035,5/12/2009,Congressman Ralph M. Hall,Constituent (bX6)    is requesting copies of his naturalization documents.,,,,,,,,,,
1824,826032,5/12/2009,Senator Tom Harkin,Conressman is requesting that USCIS filed office send Form 4.422.1 to the CDC so that the 1-601 case for (bX0>    can move forward.,,,,,,,,,,
1825,824861,5/1/2009,Congressman Wally Herger,"Rep, Herger writes for his constitutents, regarding TSA policy for privately operated aircraft.",,,,,,,,,,
1826,827330,5/21/2009,Congressman Paul W. Hodes,"Rep. Hodes writes in support of a U.S. Border Patrol Station in Colebrook, New Hampshire.",,,,,,,,,,
1827,825485,5/6/2009,Congressman Rush Holt,Constituentis requesting status of her 1-730 and 1-485.,,,,,,,,,,
1828,825966,5/11/2009,Congressman Rush Holt,Constituent(bX6)    requesting re-opening of her N-400 which was administratively closed.,,,,,,,,,,
1829,826940,5/18/2009,Congressman Rush Holt,(bX0)    re a N-400 application.,,,,,,,,,,
1830,,,,,,,,,,,,,,
1831,828258,5/29/2009,Congressman Duncan Hunter,"Representative Hunter and Representative Bilbray write regarding the completion of fence construction at Smuggler's Gulch to include the base of Goat Canyon to Bunker Hill in San Diego, CA.",,,,,,,,,,
1832,824898,5/1/2009,Congressman Bob Inglis,Constituent    is requesting expedite of son<b><6) ®®    refugee status.,,,,,,,,,,
1833,825744,5/8/2009,Congressman Daniel K. Inouye,Sen. Inouye requests additional staffing for TSA TWIC card adjudication.,,,,,,,,,,
1834,827520,5/22/2009,Congressman Daniel K. Inouye,Suggests FEMA provide grant relief to the County of Kauai for losses it accrued due to a defunct GSA vendor.,,,,,,,,,,
1835,828133,5/29/2009,Congressman Jay Inslee,Constituent ®®    is requesting update on his petitions for his family to come to US under the Oderly Departure Program.,,,,,,,,,,
1836,825180,5/5/2009,Senator Johnny Isakson,Constituent ®®    is requesting new review of her husband's 1-601 case due to new extreme hardship information.,,,,,,,,,,
1837,825490,5/6/2009,Senator Johnny Isakson,Constituent ®®    is requesting extension of    I (b)(6)    j j vJsa,,,,,,,,,,
1838,,,,,,,,,,,,,,
1839,826000,5/11/2009,Senator Johnny Isakson,Senator Johnnv Isakson writes on behalf of his constituent 9)9) regarding problems he has encountered concerning repeated referral for secondary screening at different ports of entry.,,,,,,,,,,
1840,826039,5/12/2009,Senator Johnny Isakson,Constituentis requesting USCIS to veriufy he has a non-immigrant work visa so that he may receive a social security card needed to work.,,,,,,,,,,
1841,827365,5/21/2009,Senator Johnny Isakson,9)9)    filed an 1-601 for his wife 9)9)    jand would like to get a status,,,,,,,,,,
1842,825186,5/5/2009,Congressman Steve Israel,Rep. Israel writes on behalf of constituent 9)9)    who was detained upon entry into the United States.,,,,,,,,,,
1843,826742,5/15/2009,Congressman Dane 11 Issa,"9)|b)    regarding humanitarian parole for their father, (b)(6)",,,,,,,,,,
1844,825767,5/8/2009,Congressman Sheila Jackson Lee,Express concern regarding the delayed implementation of the Disaster Case Management Pilot Program for Hurricane Ike funding in Texas.,,,,,,,,,,
1845,824959,5/4/2009,Congressman Eddie Bernice Bernice Johnson,Writes on behalf of constituent.|9)9)    lwhose fiance's K1 visa was denied.,,,,,,,,,,
1846,,,,,,,,,,,,,,
1847,824851,5/1/2009,Congressman Edward M. Kennedy,Constituent®®    >s requesting expedite of his humanitarian parole application for his son(bX6),,,,,,,,,,
1848,824917,9/1/2012,Congressman Edward M. Kennedy,Constituent (bX0)    [s requesting assistance with denial of his 1-140 petition.,,,,,,,,,,
1849,826024,5/12/2009,Congressman Edward M. Kennedy,Constituent <b><6>    is requesting the status of®®    I-129 petition.,,,,,,,,,,
1850,824986,5/4/2009,Senator John F. Kerry,Writes on behalf of constituent ®®    who is having immigration issues.,,,,,,,,,,
1851,826594,5/15/2009,Congressman Peter T. King,"Representatives Peter T. King, Richard E. Neal, and Joseph Crowley write to request that the Secretary stay the deportation of |®® <b>(6>",,,,,,,,,,
1852,827860,5/27/2009,Congressman Peter T. King,Rep. King writes with specific questions requesting immigration information on suspected terrorist Laguerre Payen.,,,,,,,,,,
1853,824973,5/4/2009,Congressman Jack Kingston,Rep. Kingston writes on behalf of constituent <b'Xb)[regarding the status of his TWIC.,,,,,,,,,,
1854,826012,5/11/2009,Congressman Jack Kingston,Rep. Kingston writes on behalf of constituent ®® regarding a human resources matter. He wrote previously.,,,,,,,,,,
1855,,,,,,,,,,,,,,
1856,824863,5/1/2009,Senator Amy Klobuchar,®®    is requesting status of 1-485 for ®® (b)(6),,,,,,,,,,
1857,824876,5/1/2009,Senator Amy Klobuchar,Constituent ®®    requesting expedite of husband ®® (b)(6)    -,,,,,,,,,,
1858,825734,5/8/2009,Senator Amy Klobuchar,Writes to follow up with S1 regarding previous discussions about flooding in Minnesota and requests additional federal aid.,,,,,,,,,,
1859,826399,5/14/2009,Senator Amy Klobuchar,Constituent 5)®    is requesting expedite of wife (fcl)(61 1-130.,,,,,,,,,,
1860,827342,5/21/2009,Senator Amy Klobuchar,®®    regarding an 1-601 waiver application for her husband.,,,,,,,,,,
1861,827513,5/21/2009,Senator Amy Klobuchar,"bAU;    Ifiled 1-601 waiver for husband, ®® b)(6)    1",,,,,,,,,,
1862,827582,5/21/2009,Senator Amy Klobuchar,"(b)(6)    p,    i JDC requests status of her 1-485",,,,,,,,,,
1863,,,,,,,,,,,,,,
1864,827586,5/21/2009,Senator Amy Klobuchar,"(b)(6)    “""Reauesrs status of her 1-485",,,,,,,,,,
1865,827940,5/27/2009,Senator Amy Klobuchar,Constituent( X6)    requesting status of husband (b)(6) (b)(6) 1-601.,,,,,,,,,,
1866,827942,5/27/2009,Senator Amy Klobuchar,Constituen! (bXe)    is requesting status of husband(b)(6) <b><6> 1-601.,,,,,,,,,,
1867,827943,5/27/2009,Senator Amy Klobuchar,Constituent(b>(6>    is requesting status of husbanc<bK6> <b><6> 11-601.,,,,,,,,,,
1868,827861,5/27/2009,Senator Mary L. Landrieu,"Mary Landrieu writes in support of a proposal to designate the South Louisiana Correctional Center (SLCC) in Basile, Louisiana as a dedicated ICE detention facility.",,,,,,,,,,
1869,828230,5/29/2009,Senator Frank R. Lautenberg,Writes in support of the Atlantic Highlands Fire Department 2009 USDHS FEMA AFG grant application.,,,,,,,,,,
1870,826114,5/12/2009,"Senator Patrick J, Leahy",Writes on behalf of the Council of State Governments' Eastern Regional Conference regarding the approval process for Enhanced Drivers' Licenses issued by Canadian provinical governments.,,,,,,,,,,
1871,,,,,,,,,,,,,,
1872,826067,5/11/2009,Congressman Barbara Lee,Constituent?;)    js requesting status of husband ---__Jl-130,,,,,,,,,,
1873,827236,5/19/2009,Senator Carl Levin,(b)(6)    ---1- Regarding his concerns with the processing of his II”C'CLlS'C'*,,,,,,,,,,
1874,827683,5/26/2009,Congressman Nita M. Lowey,Couslitucn^M6)    |}s requesting status of 1-131 application for his wifej®(6>    p,,,,,,,,,,
1875,825930,5/11/2009,Congressman Richard G. Lugar,Constituent <F>(6)    ”|s requesting status of wife ®® (b)(6)    1-601?“    r,,,,,,,,,,
1876,825939,5/11/2009,Congressman Richard G. Lugar,Constitutent ®®    Regarding clarification of requirement of L-2 status for her employee<b!(6t,,,,,,,,,,
1877,828140,5/29/2009,Congressman Richard G. Lugar,Constituent ®®    is requesting status of husband (b)(6)    J-601.,,,,,,,,,,
1878,,,,,,,,,,,,,,
1879,824991,5/4/2009,Congressman. Cynthia Lummis,"Writes on behalf of constituent, who requests immigration assistance for a client.",,,,,,,,,,
1880,825618,5/7/2009,Congressman Connie Mack,"Constituent ®(4    is requesting reason why her daughter's asylum based visa was denied, while her husbands was approved.",,,,,,,,,,
1881,825923,5/11/2009,Congressman Connie Mack,Constituent (4(4Regarding 1-730 applications status for his two children ®®,,,,,,,,,,
1882,826421,5/14/2009,Congressman Connie Mack,"Requests assistance in obtaining an earlier visa renewal interview for (4(4    |a Cuban refugee whose visa expires on June 3, 2009.",,,,,,,,,,
1883,826453,5/14/2009,Congressman Betsy Markey,Constitutent ®(4    is requesting assistance with husband (4(4    [_730,,,,,,,,,,
1884,825988,5/11/2009,Congressman Mel Martinez,Sen. Martinez writes with questions regarding the authorization and cost of a Boeing 747 flight.,,,,,,,,,,
1885,826844,5/18/2009,Congressman Eric Massa,Rep. Eric J.J. Massa requests the recognition of Seneca Nation ID Cards as acceptable WHTI document requirements for border crossing.,,,,,,,,,,
1886,,,,,,,,,,,,,,
1887,827862,5/27/2009,Congressman Eric Massa,Constituent requesting status of 1-140 made for him by (b)(6),,,,,,,,,,
1888,825451,5/6/2009,Senator John McCain,Conastituent(bl(6*    |is requesting updte on <b>(6) (b)(6)    immigration case.,,,,,,,,,,
1889,827252,5/20/2009,Senator John McCain,Writes on behalf of constituent who has a claim for personal injury.,,,,,,,,,,
1890,824847,5/1/2009,Congressman Kevin McCarthy,Consituent<bK6)    requesting expedite of his I- 140.,,,,,,,,,,
1891,824868,4/30/2009,Congressman Kevin McCarthy,Consitutnet (b}<6>    requesting expedite of his 1-140.,,,,,,,,,,
1892,825590,5/7/2009,Congressman Michael McCaul,Constituent <bxe)    is requesting extension of his B1 visa .,,,,,,,,,,
1893,825969,5/11/2009,Congressman Michael McCaul,Constitutent<btfb)    s requesting further consideration and review of her denied I-140.,,,,,,,,,,
1894,826027,5/11/2009,Congressman Michael McCaul,Constituent (bX6)    is requesting status of 1-212 fot (b)(6) (b)(6)-- -,,,,,,,,,,
1895,827243,5/18/2009,Congressman Michael McCaul,follow-up on case o|(bX6>,,,,,,,,,,
1896,,,,,,,,,,,,,,
1897,827407,5/21/2009,Congressman Michael McCaul,Regarding the status of (b'(6' 1-601 application.,,,,,,,,,,
1898,827288,5/18/2009,Senator Mitch McConnell,"1®®    filed I-130 for her son, ®® who has now aged out and not under the protection of the CSPA act",,,,,,,,,,
1899,824977,5/4/2009,Congressman John M. McHugh,Representative McHugh writes in support of Operation Stonegarden Franklin County.,,,,,,,,,,
1900,826918,5/18/2009,Congressman John M. McHugh,Rep. McHugh writes on behalf of ®®    regarding his TWIC.,,,,,,,,,,
1901,825961,5/11/2009,Congressman Cathy McMorris Rodgers,Constitutent [®®    is requesting expedite of his wif e. “    fc-130.,,,,,,,,,,
1902,826555,5/14/2009,Senator Jeff Merkley,"Senator Jeff Merkley writes on behalf of constituent ®® attorney at law, and his clients, state law enforcement and public safety providers in the Northwest, regarding the correct response within Oregon to ICE requests.",,,,,,,,,,
1903,,,,,,,,,,,,,,
1904,827284,5/20/2009,Senator Jeff Merkley,®®    regarding her husband ®® (b)(6)    1-601 waiver case.,,,,,,,,,,
1905,827603,5/22/2009,Congressman John L. Mica,(4®    Requests reconsideration for her 2 brothers ®® ®®    immigration cases,,,,,,,,,,
1906,825724,5/8/2009,Congressman Michael H. Michaud,"Recommends Art Cleaves to be reppointed as the Regional Administrator of FEMA, Region 1.",,,,,,,,,,
1907,824980,5/4/2009,Senator Barbara A. Mikulski,Writes on behalf of constituent]®®    1 regarding funding request for two-way emergency communications call boxes.,,,,,,,,,,
1908,827015,5/18/2009,Senator Barbara A. Mikulski I,®®    filed 1-601 waiver for his wife ®® b)(6) q,,,,,,,,,,
1909,827421,4/27/2009,Senator Barbara A. Mikulski,"Constituent 1®®    Iregarding discrepancies in his EEO complaint which were not accepted, and his belief that he is being a target for retaliation by ®®    of FDNS.",,,,,,,,,,
1910,827398,5/15/2009,Congressman Gary G. Miller,®®    1-485 is being forwarded from EOIR,,,,,,,,,,
1911,,,,,,,,,,,,,,
1912,826334,5/14/2009,Congressman George Miller,Chairmain George Miller and Representative Lynn Woolsey write to DHS and DOL regarding workplace raids and labor law enforcement as well as improvements to Operations Instruction 287.3a and an existing INS/DOL MOU.,,,,,,,,,,
1913,827840,5/27/2009,Congressman Walt Minnick,Constituent XX0)    is requesting status of mother and sisters refugee petition.,,,,,,,,,,
1914,824859,5/1/2009,Congressman Harry E. Mitchell,"Rep. Harry E, Mitchell writes to express his concerns with a recent assessment released by DHS entitled ""Rightwing Extremism: Current Economic and Political Climate Fueling Resurgence in Radicalization and Recruitment.""",,,,,,,,,,
1915,827743,5/14/2009,Congressman Robert Mocny,"In response to the requirement established by House Conference Report 108-280 accompanying the Department of Homeland Security Appropriations Act of 2004, the United States Visitor and Immigrant Status Indicator Technology (US-VISIT) Program is providing this monthly status report on the planned and actual deployment of US-VISIT entry and exit systems and equipment at air, sea, and land ports. The report also includes related deployment schedules and other information for US-VISIT increments.",,,,,,,,,,
1916,824854,5/1/2009,Congressman Dennis Moore,Constituent XX6)    is requesting expedite of husbanjXM) XX6)    L601.,,,,,,,,,,
1917,,,,,,,,,,,,,,
1918,824855,4/30/2009,Congressman Dennis Moore,Constituent(b)(6)    regarding wife(b)(6}    I- 601.,,,,,,,,,,
1919,827540,5/22/2009,Congressman Dennis Moore,Writes on behalf of constituent who is concerned about the spread of H1N1 through contact based security devices such as fingerprint or palm scanners.,,,,,,,,,,
1920,826460,5/13/2009,Congressman James P. Moran,Constituent(b><5t    is requesting status of her appeal of her denied 1-140.,,,,,,,,,,
1921,827730,5/26/2009,Congressman James P. Moran,Constituent<bK6)    is requesting status of daughter 'bx6)    [-485.,,,,,,,,,,
1922,825022,5/4/2009,Congressman Jerry Moran,Rep. Moran writes on behalf of constituents<b)(6),,,,,,,,,,
1923,,,,(b>(6>    egarding a TRIP concern.,,,,,,,,,,
1924,825606,12/3/2008,Congressman Lee Morris,GAO-08-935 - U.S. Asylum System: Agencies Have Taken Actions to Help Ensure Quality in the Asylum Adjudications Process but Challenges Remain,,,,,,,,,,
1925,,,,,,,,,,,,,,
1926,825608,Congressman Lee Morris 10/20/2008,,"GAO-08-784 Drug Control: Cooperation with Many Major Drug Transit Countries has Improved, but Better Performance Reporting and Sustainability Plans are Needed",,,,,,,,,,
1927,825609,10/20/2008,Congressman Lee Morris,GAO-08-430NI: DOD Needs to Establish More Guidance for Biometrics Collection and Explore Broader Data Sharing,,,,,,,,,,
1928,825617,10/23/2008,Congressman Lee Morris,DHS Joint Report - DNDO and S&T: Review the Roadmap for Nuclear and Radiological Detection,,,,,,,,,,
1929,,,,,,,,,,,,,,
1930,825895,10/2/2008,Congressman Lee Morris,Proffers recieved by DHS from the prospective beneficiaries of H.R. 1071,,,,,,,,,,
1931,825904,10/6/2008,Congressman Lee Morris,"Reps. Ros-Lehtinen, Lincoln and Mario Di az-Bal art write President George Bush requesting that he grant Temporary Protected Status (TPS) to Haitian nationals in the U.S. in the aftermath of four deadly storms, hurricanes Ike and Gustav and tropical storms Hannah and Fay.",,,,,,,,,,
1932,825971,11/10/2008,Congressman Lee Morris,"GAO-08-505SU ""Additional Actions Needed to Assess Risk and Enhance Security of DHS Travel and Immigration - Related Employment Documents""",,,,,,,,,,
1933,,,,,,,,,,,,,,
1934,826292,12/17/2008,Congressman Lee Morris,USCG Report to Congress - Regulations of Edible Oils,,,,,,,,,,
1935,826584,11/17/2008,Congressman Lee Morris,DNDO Report: Non-Intrusive Inspection systems for radiological and nuclear detection for international rail applications,,,,,,,,,,
1936,,,,,,,,,,,,,,
1937,828249,5/29/2009,Senator Lisa Murkowski,Sen Murkowski writes with concern regarding TSA Security Directive 08F.,,,,,,,,,,
1938,828236,5/29/2009,Congressman Christopher S. Murphy,"Writes in support of the grant application submitted by Catholic Charities, Inc. - Archdiocese of Hartford for Citizenship Grant Program funding.",,,,,,,,,,
1939,825477,5/6/2009,Senator Bill Nelson,Constitutne (4®    is requesting status of his son(4® (b)(6)    [-730.,,,,,,,,,,
1940,826500,5/15/2009,Senator Bill Nelson,Senators Bill Nelson and Mel Martinez write to request that TSA take several steps in the next six months to improve the Registered Traveler Program,,,,,,,,,,
1941,826652,5/15/2009,Senator Bill Nelson,Follow-up on prevous inquiry of ®®,,,,,,,,,,
1942,827247,5/18/2009,Senator Bill Nelson,"(b)(6)    filed 1-730 for family members in Haiti, (b)(6)",,,,,,,,,,
1943,828061,5/22/2009,Senator Bill Nelson,Constituent (4®    is requesting re-consideration of his I- 140 petition.,,,,,,,,,,
1944,,,,,,,,,,,,,,
1945,828229,5/29/2009,Senator Bill Nelson,"Constituent    are requesting the status of|( ,(t')    _    Riumanitarian parole.",,,,,,,,,,
1946,825996,5/11/2009,Congressman Glenn Nye,Constituent    is requesting expedite of his wife<b)(6t (b)(b)    [_130,,,,,,,,,,
1947,826064,5/11/2009,Congressman Glenn Nye,Constituent ( XU    s requesting opening of of his wife (b)(6)    j_4g5,,,,,,,,,,
1948,826459,5/14/2009,Congressman Glenn Nye,Constituent ®®    are requesting family INS records.,,,,,,,,,,
1949,828115,5/29/2009,Congressman Glenn Nye,Constituent ®®    is requesting status of his 1-485.,,,,,,,,,,
1950,826588,5/15/2009,Congressman John W. Olver,"Re:Nancy Condon of Advisor to Visiting Scholars and Faculty at the William S. Clark International Center, Univ. of Mass, in Amherst, MA, regarding Mrs. Olga Mironova and her husband, IMr. Ivan Budyak1 J-l Exchange Visitor visa and a J-2 visa.",,,,,,,,,,
1951,827686,5/26/2009,Congressman Frank Pall one,Wife of ®®    is requesting to know how long he will be banned from the USA.,,,,,,,,,,
1952,,,,,,,,,,,,,,
1953,826449,5/14/2009,Congressman. William Pascrell,"Supports the appointment of (b',<b)    to serve as FEMA Region II Administrator.",,,,,,,,,,
1954,828063,5/28/2009,"Congressman Donald M, Payne",*bit6t    is requesting approval of her 1-601.,,,,,,,,,,
1955,826187,5/12/2009,Congressman Pedro Pierluisi,Constituenl<bKbt    is requesting reconsiderationof his wife (bX6)    1-601 denial.,,,,,,,,,,
1956,825723,5/8/2009,Congressman Chellie Pingree,"Recommends <btib’    to be re-appointed as Regional Administrator of FEMA, Region I in Boston, MA.",,,,,,,,,,
1957,826457,5/14/2009,"Congressman Joseph R, Pitts",Congressman complaint of constituent concerns of status verification delays.,,,,,,,,,,
1958,827294,5/20/2009,"Congressman Joseph R, Pitts","<b><6>    seeks assistance with trying to secure Social Security for his daughter,,b)(6)    in order for her secure summer employment",,,,,,,,,,
1959,826444,5/14/2009,Congressman Todd Russell Platts,Constituent(bX6)    is requesting status of wife<bK6) |l-601.,,,,,,,,,,
1960,827583,5/22/2009,Congressman Jared Polis,Rep. Polis writes on behalf of constituent regarding his deportation case.,,,,,,,,,,
1961,,,,,,,,,,,,,,
1962,824972,5/4/2009,Congressman Bill Posey,Rep. Bill Posey writes to express his concerns with the recently released DHS report on Rightwing Extremism and requests clarification of how the report was compiled.,,,,,,,,,,
1963,825190,5/5/2009,Congressman Bill Posey,Rep. Bill Posey writes on behalf of his constituent®® concerning a FOIA request.,,,,,,,,,,
1964,824993,5/4/2009,Congressman David E. Price,Writes about approving the DHS Appropriations in fiscal year 2009 for Port and Maritime Safety and Security Enhancements.,,,,,,,,,,
1965,828059,5/28/2009,Congressman David E. Price,Constituent!®®    is reauesting status of his son ®®    1-485.,,,,,,,,,,
1966,825453,5/6/2009,Congressman Adam H. Putnam,Constituent!®®    is requesting status of daughter ®®    1 (b)(6)    1-730.,,,,,,,,,,
1967,825459,5/6/2009,Congressman Adam H. Putnam,Constituent ®®    is requesting status of 1-730 for ®® (b)(6)    1,,,,,,,,,,
1968,826560,5/14/2009,Congressman Nick J. Rahall,"Rep. Rahall writes on behalf of his constituent,®®    who recommend^®®    Ifor DHS's Outstanding Service Medal.",,,,,,,,,,
1969,,,,,,,,,,,,,,
1970,825725,5/8/2009,Congressman Charles Rangel,Writes to thank Secretary Napolitano for the response letter regarding Temporary Protective Status (TPS) and Haitian immigrants living in the United States.,,,,,,,,,,
1971,826892,5/18/2009,Senator Jack Reed,®®    seeks to clarify her immigration status so that she wilt be able to apply for social security,,,,,,,,,,
1972,827605,5/20/2009,Senator Jack Reed,®®    fi led 1-601 for hi s w i fe W)    | (b)(6),,,,,,,,,,
1973,827606,5/22/2009,Senator Jack Reed    |,®®    requests her grandfather's naturalization certificate,,,,,,,,,,
1974,828022,5/28/2009,Senator Jack Reed,Constituent ®®    is informing that there is an error in the spelling of the family member's name on the Letter of No Record that she recieved from CIS.,,,,,,,,,,
1975,828120,5/29/2009,Senator Jack Reed,Constituent®®    is requesting sttus of his immigration case.,,,,,,,,,,
1976,,,,,,,,,,,,,,
1977,824834,5/1/2009,Senator Harry Reid,ConstituentIregarding the descrepancy. between dates for processing time posted on the web site and actual processing times.,,,,,,,,,,
1978,827334,5/21/2009,Senator Harry Reid,"Writes on behalf of constituent,who seeks a POC for S&T Capstone propositions.",,,,,,,,,,
1979,825028,5/4/2009,Senator Pat Roberts,Constituent ^>(6)    Rs requesting assistance in obtaining dual citizenship US/Italy.,,,,,,,,,,
1980,825616,5/7/2009,Senator Pat Roberts,Constituent pX0)    is requesting expedite of wife<bX6} tb)(6) 1-601.,,,,,,,,,,
1981,826021,5/12/2009,Congressman Ciro D. Rodriguez,"Constituent ^X0)    in petitioning for her sistei,bK6f <b!(6i    1-130 to be reinstated.",,,,,,,,,,
1982,826926,5/18/2009,Congressman Ciro D. Rodriguez,luw    renardinn a N-400 application.,,,,,,,,,,
1983,827011,5/18/2009,Congressman Ciro D. Rodriguez,)bX6)    filed for her husbandl^X0),,,,,,,,,,
1984,825935,5/11/2009,Congressman Phil Roe,Constituent    is requesting assistance with her Hl B visa,,,,,,,,,,
1985,,,,,,,,,,,,,,
1986,826557,5/15/2009,Congressman Phil Roe,4)4)    on behalf of 4X4    Rotice of denial of adjustment of status as a lawful permanent resident,,,,,,,,,,
1987,826561,5/15/2009,Congressman Phil Roe,"(b)®    filed Form 1-130 on behalf of her husband, (b)(6)",,,,,,,,,,
1988,824968,5/4/2009,Congressman Dana Rohrabacher,Representative Rohrabacher writes on behalf of constituent ®® (b)(6)    regarding his TWIC card.,,,,,,,,,,
1989,827361,5/21/2009,Congressman Lucille Roybal-Allard,"Invites the Secretary to be guest speaker at the 14th Annual Grants Workshop on June 29, 2009.",,,,,,,,,,
1990,827945,5/27/2009,Congressman Edward Royce,"Constituent 4)®    is requesting the status of a ""Petition to classify status of alien relative for issuance of immigrant visa"" filed on her behalf by her mother 4X4    in 1983.",,,,,,,,,,
1991,824965,5/4/2009,Congressman C. A. Dutch Ruppersberger,Rep. Ruppersberger writes on behalf of constituent 4X6) regarding his employment with FPS.,,,,,,,,,,
1992,826165,5/12/2009,Congressman Paul D. Ryan,Constitutent 4X4    1S requesting status of husband ®® 4X6)    I6(jj,,,,,,,,,,
1993,,,,,,,,,,,,,,
1994,825721,5/8/2009,"Congressman John T, Salazar","Representative Joht T, Salazar writes to express concerns in regard to Security Directive 1542-04-08F and disproportionate challenges it will pose to rural commercial service airports and general aviation pilots.",,,,,,,,,,
1995,827002,5/18/2009,"Congressman John T, Salazar",Jseeks to get copy of her mother's naturalization papers |4X4,,,,,,,,,,
1996,828110,5/28/2009,Congressman Janice D. Schakowsky,Constituent|4)(4    |is requesting status of refugee resettlement for her sister (4(6),,,,,,,,,,
1997,826448,5/14/2009,Congressman Jean Schmidt,Constitutent 4X4    is requesting assistance with obtaining a Certificate of Nonexistance of a Record for his son.,,,,,,,,,,
1998,826907,5/18/2009,Congressman Jean Schmidt,4X4    seek [0 adopt 13 year Chinese boy 4X6) (b)(6),,,,,,,,,,
1999,828123,5/29/2009,Congressman Kurt Schrader,Constituent|4X4    js requesting re-consideration of her 1-485 denial.,,,,,,,,,,
2000,824823,5/1/2009,Senator Charles E. Schumer,Writes in support of application submitted by the Lakeview Fire Department for the Fire Prevention and Safety Grant Program.,,,,,,,,,,
2001,,,,,,,,,,,,,,
2002,826445,5/14/2009,Senator Charles E. Schumer,Writes in support of the FDNY Foundation application for funding under the 2008 Fire Prevention and Safety Grant Program.,,,,,,,,,,
2003,826566,5/15/2009,Senator Charles E. Schumer,"Senator Schuman invites Acting Assistant Secretary John P. Torres to testify before the Senate Judiciary Subcommittee on Immigration on May 20,2009.",,,,,,,,,,
2004,826911,5/18/2009,Senator Charles E. Schumer,Re:hbXU    Jconcerning humanitarian parole for their daughter ®®,,,,,,,,,,
2005,827362,5/21/2009,Senator Charles E. Schumer,®<6)    Re: 1-485 case.,,,,,,,,,,
2006,827593,5/22/2009,Senator Charles E. Schumer,®®    request status of his 1-485,,,,,,,,,,
2007,828227,5/29/2009,Senator Charles E. Schumer,Supports application submitted by the Lake Placid Village for the 2009 Assistance to Firefighters Grant Program.,,,,,,,,,,
2008,828234,5/29/2009,Senator Charles E. Schumer,Supports application submitted by the Burtonsville Volunteer Fire Department for the 2009 Assistance to Firefighters Grant Program.,,,,,,,,,,
2009,827507,5/21/2009,Congressman Robert C. Scott,®®    is trying to recover an immigration bond she paid for (b)(6),,,,,,,,,,
2010,,,,,,,,,,,,,,
2011,824952,5/4/2009,Senator Jeff Sessions,"Senator Sessions writes to ask S1 to retract comments she made on Sunday, April 19, 2009, regarding illegal entry and writes to support the adoption of Operation Streamline.",,,,,,,,,,
2012,825785,5/8/2009,Senator Jeff Sessions,Supports application submitted by the Alabama Department of Public Safety for the REAL ID Grant Program.,,,,,,,,,,
2013,825874,5/8/2009,Senator Jeff Sessions,Supports application submitted by the Alabama Department of Public Safety for the Driver's License Security Grant Program.,,,,,,,,,,
2014,824842,5/1/2009,Congressman Pete Sessions,"Rep. Sessions requests a sit-down meeting with a ""decision maker"" at USCIS to discuss the 1-485 petitions for (b>(6>",,,,,,,,,,
2015,,,,(b)(6),,,,,,,,,,
2016,825993,5/12/2009,Congressman Pete Sessions,Constituent XX0)    is regarding deportation ol XX0) (b)(6),,,,,,,,,,
2017,825026,5/4/2009,Congressman Joe Sestak,"Writes on behalf of Direct Measurements, Inc. who is interested in meeting with DHS officials to discuss sensor technology.",,,,,,,,,,
2018,825184,5/5/2009,Congressman Joe Sestak,Writes to recommend XX0)    USNR (ret.) as Under Secretary of Management for Homeland Security.,,,,,,,,,,
2019,825399,5/6/2009,Congressman Joe Sestak,Writes a letter of recommendation for XX0) USNR (Retired) to be considered as the Under Secretary for Management at DHS.,,,,,,,,,,
2020,,,,,,,,,,,,,,
2021,825986,5/11/2009,Congressman Joe Sestak,"Representative Joe Sestak writes on behalf of his constituent, (bX0) XX6) Regarding erroneous termination of his insurance benefits.",,,,,,,,,,
2022,826170,5/12/2009,Congressman John Shadegg,ConstituentRXM)    is requesting expedite of his wife X)(0) X)(6)    |and his daughter X)(6)    1-60 applications.,,,,,,,,,,
2023,826760,5/15/2009,Congressman Carol Shea-Porter,XX0)    Rvrites on behalf of constituentJXX0) regarding a delay in shipment of a laundry line due to DHS security protocols.,,,,,,,,,,
2024,827526,5/22/2009,Senator Richard C. Shelby,"Senators Shelby, Sessions and Rep. Bonner write with regard to the Jones Act that has crippled the shipbuidling operations on the Atlantic Marine Shipyard in Mobile, AL.",,,,,,,,,,
2025,828200,5/29/2009,Senator Richard C. Shelby,Constituent|XX0>    is requesting consideration of his I-290B application and reopening of 1-485 applications for he and his wifi (b)(6),,,,,,,,,,
2026,826802,5/15/2009,Congressman Brad Sherman,XX0)    seeks immigration information on responsibility of a foreign national who was involved in 3-car accident,,,,,,,,,,
2027,825183,5/5/2009,Congressman Adam Smith,Constituent XX0)    is requesting status of his 1-485.,,,,,,,,,,
2028,,,,,,,,,,,,,,
2029,,,,,,,,,,,,,,
2030,825712,5/8/2009,Congressman Adrian Smith,Constituent{bt<6)    |s requesting status of her husband (bX0> (b)(6} 1-601.,,,,,,,,,,
2031,826874,5/18/2009,Congressman Adrian Smith,(b)(6)    Riled I-140 petition for (b)(6),,,,,,,,,,
2032,827023,5/18/2009,Congressman Adrian Smith,"<b><6>    filed 1-601 for bis wife,(b)(6) (b)(6)",,,,,,,,,,
2033,827378,5/21/2009,Congressman Adrian Smith,’b)’6)    regarding the status of her husband (bX6> (b)(6),,,,,,,,,,
2034,826620,5/15/2009,Congressman Lamar Smith,"Rep, Smith requests a briefing concerning DHS's redeployment of resources from interior enforcement to the southwest border, and requests answers to his previously sent questions.",,,,,,,,,,
2035,825046,5/4/2009,Congressman Vic Snyder,Conslituten|b)*6)    is requesting a contact at USCIS with whom he can discuss a new software solution for filling out immigration forms.,,,,,,,,,,
2036,,,,,,,,,,,,,,
2037,825036,5/4/2009,Congressman Arlen Specter,Constituent 9>9)    is requesting new review of his fiance petition based on the fact that fiance is pregnant.,,,,,,,,,,
2038,825471,5/6/2009,Congressman Arlen Specter,"Constituent employer Ness Inovative Business Services is requesting that 1-485 and a new 1-140 be ""matched"" together for 9)9) (b)(6)",,,,,,,,,,
2039,826465,5/14/2009,Congressman Arlen Specter,9X6)    is requesting status of her 1-360.,,,,,,,,,,
2040,827597,5/22/2009,Congressman Arlen Specter,(b)9)    -egarding a pending 1-612 application for his spouse.,,,,,,,,,,
2041,828223,5/29/2009,Congressman Arlen Specter,Constituent 9)9)    js requesting a certification of no existence to verify that her grandmother 9)9)    was not a naturalized citizen.,,,,,,,,,,
2042,827522,5/22/2009,Congressman Jackie Speier,"Member writes concerning her constituent, who has a issue with her ostomy bags regarding TSA.",,,,,,,,,,
2043,826922,5/18/2009,Congressman Fortney Pete Stark,Re. 9)9),,,,,,,,,,
2044,827596,5/22/2009,Congressman Ellen O. Tauseher,9)9)    filed 1-601 for his wife,,,,,,,,,,
2045,,,,,,,,,,,,,,
2046,,,,,,,,,,,,,,
2047,827695,5/26/2009,Congressman Gene Taylor,Constituenl 9)9)    s requesting re-opening of wife 9)9)    ] 1-485.,,,,,,,,,,
2048,827276,5/20/2009,Senator Jon Tester,9)9)    -egarding a I-129F petition.,,,,,,,,,,
2049,825575,5/7/2009,Congressman Bennie G. Thompson,Express concerns regarding the mission of the National Applications Office and urge S1 to conduct a policy review and carefully assess DHS’s next steps.,,,,,,,,,,
2050,826185,5/12/2009,Congressman Bennie G. Thompson,"Congressmen express their concern over the termination of FEMA housing assistance for Hurricane Katrina victims on May 1,2009.",,,,,,,,,,
2051,824971,5/4/2009,Congressman Dina Titus,Constitutent 9)9)    requesting status of his I-140.,,,,,,,,,,
2052,826326,5/13/2009,Congressman Michael R. Turner,Constituents 9)9)    are requesting to know why the hearings for USCIS issues have been moved from from Cincinnati to Cleveland.,,,,,,,,,,
2053,825944,5/8/2009,Congressman Chris Van Hollen,"Rep. Chris Van Hollen writes to recommend (b,9) 9)9)    for appointment as Assistant Secretary for the Private Sector at DHS.",,,,,,,,,,
2054,,,,,,,,,,,,,,
2055,825815,5/8/2009,Congressman Nydia M. Velazquez,Encourage extending Temporary Protected Status to Haitian nationals.,,,,,,,,,,
2056,825047,5/4/2009,Congressman Peter J. Visclosky,Rep. Visclosky writes on behalf of constituent ®®    regarding recent actions taken by DHS during the investigation of of a worksite employing illegal immigrants.,,,,,,,,,,
2057,826204,5/13/2009,Congressman Peter J. Visclosky,Contituent ®®    ts requesting assistance for her brother ®® ®®    and his pending 1-130.,,,,,,,,,,
2058,826565,5/14/2009,Congressman Peter J. Visclosky,"Representative Peter J. Visclosky writes on behalf of his constituent, ®®    I regarding her opposition to several DHS policies including electronic devices and the expansion of the terrorist watch list.",,,,,,,,,,
2059,825956,5/11/2009,Congressman Henry Waxman,Constitutent <b><0>    >f 50/50 Entertainment is requesting status of 1-140 for ®®,,,,,,,,,,
2060,826100,5/11/2009,Congressman Henry Waxman,"Rep. Waxman (CA) writes concerning his constituient, ®® (b)(6)    concerning a CBP civil rights issue.",,,,,,,,,,
2061,827024,5/19/2009,Congressman Henry Waxman,Henrv A. Waxman writes on behalf of his constituent!®®    1 regarding two French citizens who broke their rental lease; requests they be prevented from further entry into the United States.,,,,,,,,,,
2062,,,,,,,,,,,,,,
2063,825461,5/6/2009,Congressman Jim Webb,Constituent 4)4)    is requesting expedite of I-129 for '4)4) (b)(6),,,,,,,,,,
2064,826397,5/14/2009,Congressman Jim Webb,Constituent 4)4)    js requesting expedite of wife ®® (b)(4    j_13Q,,,,,,,,,,
2065,826461,5/5/2009,Congressman Jim Webb,Constituent 4)4)    is requesting status of his 1-485.,,,,,,,,,,
2066,827018,5/18/2009,Congressman Jim Webb,®®    filed for her husband 4)4)    case pending decision by Administrative Appeals,,,,,,,,,,
2067,827261,5/19/2009,Congressman Jim Webb,In reference to a matter involving information /Privacy Release (b)(6),,,,,,,,,,
2068,827505,5/21/2009,Congressman Jim Webb,"4)4)    file for his wife, 4)4)    t0 immigrated from Lima, Peru",,,,,,,,,,
2069,827590,5/21/2009,Congressman Jim Webb,"4)4)    is filing for his cousinRb,4)    to immigrate to the United States",,,,,,,,,,
2070,,,,,,,,,,,,,,
2071,828142,5/29/2009,Congressman Jim Webb,Constituent 9)9)    is requesting refund of $545.00 for I- 601.,,,,,,,,,,
2072,828201,5/29/2009,Congressman Jim Webb,Constituent 9)9)    is requesting review of her daughter 9)9)    rej4ected visa application.,,,,,,,,,,
2073,824906,5/1/2009,Congressman Robert Wexler,"Writes about requesting ARRA funds on behalf of the League of Cities in Broward County, Florida.",,,,,,,,,,
2074,825600,3/30/2009,Congressman Chani Wiggins,POLICY - Notification to Congress of the Delay in the Implementation of the Consolidated Natural Resources Act (CNRA) of 2008,,,,,,,,,,
2075,825940,5/11/2009,Congressman Joe Wilson,Constitutent 9)9)    js requesting information on numbers of resident aliens allowed to reside inthe USA.,,,,,,,,,,
2076,,,,,,,,,,,,,,
2077,826463,5/14/2009,Congressman Joe Wilson,Constituenl ®®    is requesting status of husband (bi(6> ®® immigration case.,,,,,,,,,,
2078,826464,5/14/2009,Congressman Joe Wilson,Constitutent 4)4)    |is requesting expedite of permanent residency for her sister 4)4),,,,,,,,,,
2079,825187,5/5/2009,Congressman Robert Wittman,Ren. Robert Wittman writes on behalf of bis constituent ®® concerning difficulties she encountered while conducting her photography business and requests Homeland Security guidelines.,,,,,,,,,,
2080,826327,5/13/2009,Congressman Robert Wittman,Constituents    lere on E-2 visas would like to know the process for applying for a greencard.,,,,,,,,,,
2081,825185,5/5/2009,Congressman Frank R. Wolf,Writes with concerns regarding the potential release of Uyghur detainees held at Guantanamo Bay into the the U.S.,,,,,,,,,,
2082,827260,5/19/2009,Congressman Frank R. Wolf,4)4)    attempted to contact USCIS with great difficulty,,,,,,,,,,
2083,,,,,,,,,,,,,,
2084,825467,5/6/2009,Senator Ron Wyden,(bX6i    is requesting assistance and status of his wife.,,,,,,,,,,
2085,825731,5/8/2009,Senator Ron Wyden,Supports application from Columbia County for the Emergency Operations Center Grant Program.,,,,,,,,,,
2086,826446,5/14/2009,Senator Ron Wyden,Constituent    is requesting assistance with wife<b!(6i (b)(6)    |^601.    1-,,,,,,,,,,
2087,827602,5/21/2009,Senator Ron Wyden,<b!<6)    Iregarding the status of a 1-601 waiver application filed by her fiancee (b>(6>,,,,,,,,,,
2088,825632,5/7/2009,Congressman Don Young,Constituent (b)(6}    is requesting expedite of her I- 601 request.,,,,,,,,,,
2089,825978,10/8/2008,,USCIS - H-1B Benefit Fraud and Compliance Assessment September 2008,,,,,,,,,,
2090,,,,,,,,,,,,,,
2091,826299,12/15/2008,,"Enrolled Bill H.R. 7311, the ""William Wilberforce Trafficking Victims Protection Reauthorization Act of 2008""",,,,,,,,,,
2092,826389,1/2/2009,,no workflow creation,,,,,,,,,,
2093,826390,1/2/2009,,no workflow creation,,,,,,,,,,
2094,826564,11/18/2008,,USCG - Interim for Resources to Address Key Issues in Port Security,,,,,,,,,,
2095,,,,,,,,,,,,,,
2096,Policy Congressional Report,,,,,,,,,,,,,
2097,Opened Between 06/01/2009 and 06/30/2009,,,,,,,,,,,,,
2098,WF#,Receive Date,Congressman Name,Subject of Request,,,,,,,,,,
2099,828430,6/1/2009,Congressman Gary L. Ackerman,Congressman Gary Ackerman is writing to complain about Vermont Service Center processing time delays.,,,,,,,,,,
2100,828841,6/4/2009,Congressman Gary L. Ackerman,Constituent XX0)    is requesting status of I-730's for her beneficiaries XX0),,,,,,,,,,
2101,828843,6/4/2009,Congressman Gary L. Ackerman,Constituent(b)(6)    is requesting status of 1-730 for his beneficiary XX0),,,,,,,,,,
2102,828919,6/4/2009,"Congressman Gary L, Ackerman",Constituent XX0)    is requesting status of beneficiary xxx (b)(6)    i_730.,,,,,,,,,,
2103,829527,6/10/2009,Congressman Gary L. Ackerman,XX0)    is requesting status of 1-730 for his beneficiary XX6) (b)(6),,,,,,,,,,
2104,829767,6/11/2009,Congressman Gary L. Ackerman,(bK6>    is requesting expedite and status of 1-730 for her husband (b)(6),,,,,,,,,,
2105,829768,6/11/2009,Congressman Gary L. Ackerman,(b)(6)    is requesting status and expedite of his beneficiary (b)(6)    [-730.,,,,,,,,,,
2106,829816,6/11/2009,Congressman Gary L. Ackerman,(b)(6)    is requesting expedite and assistance with 1-730's for his wife (b)(6)    nd daughte XX0),,,,,,,,,,
2107,,,,,,,,,,,,,,
2108,829818,6/11/2009,Congressman Gary L. Ackerman,is requesting status of 1-730 foi,,,,,,,,,,
2109,829819,6/11/2009,Congressman Gary L. Ackerman,4X4    is requesting status of 1-730 for her son (bX6} and husband 4X4,,,,,,,,,,
2110,831538,6/23/2009,Congressman Gary L. Ackerman,lied 1-730 for her husband 4X4    inLj her daughter '4X4,,,,,,,,,,
2111,831546,6/23/2009,Congressman Gary L. Ackerman,"(DW    filed 1-730 for his wife    and his daughter, 4X4",,,,,,,,,,
2112,831547,6/23/2009,Congressman Gary L. Ackerman,re the status of 1-730 cases (2).,,,,,,,,,,
2113,831551,6/19/2009,Congressman Gary L. Ackerman,"Re the Refugee/Asylee Relative Petition, 1-730 cases for his beneficiares.",,,,,,,,,,
2114,831556,6/23/2009,Congressman Gary L. Ackerman,"bX6)    filed 1-730 for her child, (bX6)",,,,,,,,,,
2115,831580,6/23/2009,Congressman Gary L. Ackerman,"(bw    ’egarding the status of Refugee/Asylee Relative Petition, 1-730, for his beneficiaries.",,,,,,,,,,
2116,,,,,,,,,,,,,,
2117,831603,6/23/2009,Congressman Gary L. Ackerman,regarding the Refugee/Asylee Relative Petition for her beneficiaries. (1-730).,,,,,,,,,,
2118,831757,6/29/2009,Congressman Gary L. Ackerman,9XD)    is requesting status of daughter 9)9)    1-730.,,,,,,,,,,
2119,831831,6/23/2009,Congressman Gary L. Ackerman,(b)(6)    q|e€| [_73Q for jier son 9X6)    [o jmmjgrante to the United States.,,,,,,,,,,
2120,831862,6/23/2009,Congressman Gary L. Ackerman,"9)(6}    filed 1-730 his beneficiaries, 9,9) (b)(6)",,,,,,,,,,
2121,831872,6/23/2009,Congressman Gary L. Ackerman,"9)(6)    fled 1-730 petition for his beneficiaries, Ms.",,,,,,,,,,
2122,,,,(b)(6),,,,,,,,,,
2123,831877,6/23/2009,Congressman Gary L. Ackerman,"9X6)    |f led 1-730 for her beneficiaries, her son and daughter and seeks status on the case.",,,,,,,,,,
2124,,,,,,,,,,,,,,
2125,,,1,,,,,,,,,,,
2126,831966,6/30/2009,Congressman. Gary L. Ackerman,b!®    is requesting status of 1-730 for her beneficiaries (b)(6),,,,,,,,,,
2127,831985,6/30/2009,Congressman Gary L. Ackerman,b}(6)    .    .    r    r    - -    r is requesting status of refugee petitions for (b)(6),,,,,,,,,,
2128,829526,6/10/2009,Congressman Daniel K. Akaka,Request that case be reviewed for aslye<(b!®    who was granted asylum for testifying against the People's Republic of China in 1998.,,,,,,,,,,
2129,831354,6/24/2009,Congressman Steve Austria,(bXU    lis requesting assistance to stop deportation of his brother ®®,,,,,,,,,,
2130,828427,6/1/2009,Congressman Tammy Baldwin,"Supports the application submitted by the Mental Health Center of Dane County, Inc. for funding under the Citzienship Grant Program.",,,,,,,,,,
2131,,,,,,,,,,,,,,
2132,828742,6/3/2009,Senator John Barrasso,Constituent(bK6)    is requesting status of the adjustment of status for his wife <fcl>(6t,,,,,,,,,,
2133,830778,6/19/2009,Congressman J. Gresham Barrett,"(b,’b}    requests sealed letter indicating that her husband,<bH0)    has been deported to Mexico so that she may use it as proof in filing for divorce.",,,,,,,,,,
2134,831744,6/29/2009,"Congressman J, Gresham Barrett",|<bX0)    is requesting status of husbanclbK6:i 1-601.,,,,,,,,,,
2135,831761,6/29/2009,"Congressman J, Gresham Barrett",(bX6)    Js requesting J-1 visa for his wife (b>(6),,,,,,,,,,
2136,829914,6/11/2009,Senator Max Baucus,Senator Baucus writes regarding TSA’s Security Directive 1542-04-08F.,,,,,,,,,,
2137,829173,6/8/2009,Congressman Evan Bayh,Constituent(b!<6>    is requesting status and assistance with fiance (bX6)    -129.,,,,,,,,,,
2138,,,,,,,,,,,,,,
2139,830550,6/17/2009,Congressman Evan Bayh,1®®    is requesting status of her husband ®® 4)®    1-601.,,,,,,,,,,
2140,831535,6/24/2009,Congressman Evan Bayh,Regarding 4X6)    RgQ 1-waiver application.,,,,,,,,,,
2141,831756,6/22/2009,Congressman Evan Bayh,®®    filed 1-601 for her husband (b)(6),,,,,,,,,,
2142,831703,6/26/2009,Senator Mark Begich,"Requests a timely assessment of communities not yet eligible for assistance under a June 11, 2009 disaster declaration for flooding in Alaska.",,,,,,,,,,
2143,828897,6/4/2009,Congressman Judy Biggert,Congresswoman Biggert is requesting investigation of abuses of LI visa's by IT companies.,,,,,,,,,,
2144,830091,6/12/2009,Congressman Brian P. Bilbray,Express concerns regarding the delay in the requirement for federal contractors to use E-Verify for new employees.,,,,,,,,,,
2145,,,,,,,,,,,,,,
2146,829261,6/8/2009,Congressman Gus M. Bilirakis,®®    is requesting status of his 1-601.,,,,,,,,,,
2147,830213,6/15/2009,Congressman Jeff Bingaman,"Senator Jeff Bingaman and three other Members of Congress write in support of the implementation of Title VII of P.L. 110-229, extending U.S. immigration laws to the Commonwealth of the Northern Mariana Islands (CNMI).",,,,,,,,,,
2148,831884,6/29/2009,Congressman Jeff Bingaman,(bXU    is requesting reconsideration of his application for green card based on EB1 status.,,,,,,,,,,
2149,829946,6/12/2009,Congressman Rob Bishop,thX'U    |is requesting new green card be sent to her in lieu of the one sent to her but never recieved. She is also asking that the $370 replacement fee be waived since she has already paid this fee for the previous card sent.,,,,,,,,,,
2150,,,,,,,,,,,,,,
2151,830297,6/12/2009,Congressman Rob Bishop,Rep. Bishop and seven other signatories write regarding the ongoing effort to provide Mexican authorities with gun trace data of American citizens.,,,,,,,,,,
2152,830830,6/19/2009,Congressman Rob Bishop,"Requesting extension of ""limited stay"" to regular 6 month stay for his mother-in-law Liat Ben Shay.",,,,,,,,,,
2153,832024,6/30/2009,Congressman Rob Bishop,XX0)    is requesting expedite of wife XX0) (b)(6)    L485.,,,,,,,,,,
2154,828299,5/29/2009,Congressman Sanford D. Bishop,Supports application submitted by the Webster County Emergency Management Service for the FY 2009 Assistance to Firefighters Grant.,,,,,,,,,,
2155,829141,6/8/2009,Congressman Madeleine Z. Bordallo,XX0)    is requesting status of her and families 1-140 submitted for her by Cancer Center of Guam.,,,,,,,,,,
2156,829335,6/9/2009,Congressman Madeleine Z. Bordallo,XX0)    is requesting expedite and status of her application for adjustment to permanent resident status and work authorization request.,,,,,,,,,,
2157,,,,,,,,,,,,,,
2158,831741,6/29/2009,Congressman Dan Boren,"9X6)    is requesting that her new work visa petition not be attached to the denied petition and appeal, but rather be processed as a separate petition.",,,,,,,,,,
2159,832081,6/30/2009,Congressman Dan Boren,Rep. Boren writes on behalf of constituen 9)9)    to gain insight on an aircraft removed by TSA.,,,,,,,,,,
2160,829964,6/12/2009,Congressman Rick Boucher,9)9)    is requesting expedite of her sister|9)9) D)9>    humanitarian parole so that she may travel back with their mother from Syria.,,,,,,,,,,
2161,830047,6/12/2009,Senator Barbara Boxer,"Shares concerns regarding the list of ""high hazard"" coal ash impoundment sites not being made public and requests all applicable information, documents and policies regarding restrictions on the public disclosure of high hazard coal ash waste sites and government's checimal facilities.",,,,,,,,,,
2162,830088,6/12/2009,Congressman Corrine Brown,Supports the application submitted by the Seminole County Fire Department for funding under the Assistance to Firefighters Grant Program.,,,,,,,,,,
2163,831965,6/29/2009,Congressman Henry E. Brown,9)9)    is requesting status of her 1-485.,,,,,,,,,,
2164,,,,,,,,,,,,,,
2165,830362,6/16/2009,Congressman Ginny Brown-Waite,XX0)    is complaining of her ill treatment by USCIS officials in the Bahamas.,,,,,,,,,,
2166,828903,6/3/2009,Congressman Michael C. Burgess,Representative Michael Burgess writes regarding the recently released DHS report on Rightwing Extremism.,,,,,,,,,,
2167,829269,6/9/2009,Congressman Michael C. Burgess,|X><6>    |s requesting stay of deportation for her and her husband (b)(6),,,,,,,,,,
2168,830844,6/19/2009,Congressman Michael C. Burgess,"Requests that the denial of grant funds for Opening Doors Immigration Services, Inc be reviewed.",,,,,,,,,,
2169,831739,6/29/2009,Congressman Michael C. Burgess,XX0)    is requesting expedite and status of 1-601 for her husbanc XX6),,,,,,,,,,
2170,830777,6/18/2009,Congressman Steve Buyer,Rep. Buyer writes on behalf of constituent XX0)    whose name is on a watch list.,,,,,,,,,,
2171,828318,5/29/2009,Congressman Robert C. Byrd,"Writes on behalf of a constituent who would like DHS to review his product, the PowerWagon.",,,,,,,,,,
2172,830720,6/18/2009,Congressman Robert C. Byrd,Requests information on funding programs for the Fayette County Sheriffs Department.,,,,,,,,,,
2173,,,,,,,,,,,,,,
2174,831705,6/26/2009,Congressman Robert C. Byrd,Approved the request for transferring funds from CBP to NPPD.,,,,,,,,,,
2175,830350,7/8/2009,Congressman John Campbell,4X6)    is requesting stop and the status of his and families deportation.,,,,,,,,,,
2176,830474,6/17/2009,Congressman Eric Cantor,"4)4)    , are requesting expedite of their 1-131 by June 18th so that they will be able to return to the US.",,,,,,,,,,
2177,828842,6/3/2009,Senator Maria Cantwell,Sen. Cantwell requests WHTI-eompliant identification cards for Native American tribes in Washington.,,,,,,,,,,
2178,831990,6/30/2009,Congressman Shelley Moore Capito,"®®    is requesting assistance regarding his wifi 4)4)    deportation case. They are seeking adjustment of status, and a change of venue from Las Vegas to West Virginia.",,,,,,,,,,
2179,828363,5/29/2009,Congressman Lois Capps,Constituent Sarahy Salas is requesting deportation papers for 4)4) (b)(6),,,,,,,,,,
2180,829813,6/11/2009,Congressman Lois Capps,4)4)    is requesting status of his 1-140.,,,,,,,,,,
2181,831351,6/24/2009,Congressman Lois Capps,4)4)    is requesting that the removal of his and his families 1-829 application be expedited.,,,,,,,,,,
2182,,,,,,,,,,,,,,
2183,830864,6/19/2009,Congressman. Russ Carnahan,Regarding the status of 9)9)    1-140 appeal.,,,,,,,,,,
2184,829940,6/12/2009,Congressman John Carter,9X0)    js requesting status of husband 9)9) 9)9)    1-601.,,,,,,,,,,
2185,828630,6/2/2009,Senator Robert P. Casey,Sen. Casey writes regarding a contractual issue between ICE and the York County Prison.,,,,,,,,,,
2186,829302,6/9/2009,Senator Robert P. Casey,"Senator Robert P. Casey, Jr., and Congressman Joseph Pitts ask that the U.S, government refrain from seeking U.S. Supreme Court review of the Third Circuit Court of Appeals decision in Mr. Khouzam's case; and refrain from deporting or extraditing Mr. Khouzam to Egypt where he face an unacceptable risk of torture.",,,,,,,,,,
2187,830359,6/16/2009,"Senator Robert P, Casey",9)9)    is requesting status of her husband's 1-601.,,,,,,,,,,
2188,832008,6/30/2009,Congressman Kathy Castor,b)9}    is requesting an appeal or pardon of his drug charges in order to obtain permanent residency.,,,,,,,,,,
2189,828623,6/2/2009,Senator Saxby Chambliss,Supports the grant applications for FY2009 Assistance to Firefighters Grant for the Berrian County Emergency Management Agency.,,,,,,,,,,
2190,,,,,,,,,,,,,,
2191,828765,6/3/2009,Senator Saxby Chambliss,Supports the application submitted by the Webster County Fire and Emergency Management Service for funding under the 2009 Assistance to Firefighters Grant Program.,,,,,,,,,,
2192,829358,6/9/2009,Senator Saxby Chambliss,is requesting status of husband<b)<m (bK6)    1—601 appeal.,,,,,,,,,,
2193,830434,6/17/2009,Senator Saxby Chambliss,(bX0)    is requesting assistance with verification of her name change so that she can get her driverse license.,,,,,,,,,,
2194,830685,6/18/2009,Senator Saxby Chambliss,(bX°)    is requesting status of his 1-140 filed on his behalf bv Williams Dairy.,,,,,,,,,,
2195,830798,6/19/2009,Senator Saxby Chambliss,Supports the application submitted by the DeKalb County Fire Rescue Department (DCFR) for the Assistance to Firefighters Grant.,,,,,,,,,,
2196,830837,6/19/2009,Senator Saxby Chambliss,Requests that the Intercity Bus Security Grant program not be eliminated.,,,,,,,,,,
2197,831896,6/29/2009,Senator Saxby Chambliss,Sen. Chambliss writes regarding policy options for contracting TSA uniform manufacturers.,,,,,,,,,,
2198,830557,6/17/2009,Congressman DonnaM. Christensen,Requests funding for programs to increase port security in the U.S. Virgin Islands.,,,,,,,,,,
2199,,,,,,,,,,,,,,
2200,830571,6/17/2009,Congressman Yvette D. Clarke    ®®    is requesting status of her case number 89491361.,,,,,,,,,,,
2201,831753,6/22/2009,Senator Tom A. Cobum,1 no)    seeking humanitarian parole for 9-year daughtei ®® |o immigrate to the United States.,,,,,,,,,,
2202,832004,6/30/2009,Senator Thad Cochran,®®    lis requesting information regarding extension of an H-1B for',,,,,,,,,,
2203,831765,6/29/2009,Congressman Mike Coffman,"®®    | is requesting investingation of information regarding himself by CM Phillips in letter dated 1/1/09, and correction/expulsion of erroneous information indicating that he was arrested 10/3/1961.",,,,,,,,,,
2204,829982,6/12/2009,Senator Susan M. Collins,®®    is requesting status of their adoption of ®® 00(6)    from Guatemala.,,,,,,,,,,
2205,829062,6/5/2009,Congressman John Conyers,"Chairman John Conyers, Jr., Committee on the Judiciary, thanks SI for her May 6, 2009 testimony ""Escalating Violence in Mexico and the Southwest Border as a Result of the Illicit Drug Trade"" and requests transcript edits before June 5, 2009.",,,,,,,,,,
2206,,,,,,,,,,,,,,
2207,831875,6/29/2009,Senator Bob Corker,"9)9)    s requesting that USCIS investigate a company online which pretends to be USCIS, and to which he sent $350.00.",,,,,,,,,,
2208,828929,6/4/2009,Senator John Cornyn,9)9)    is requesting status of his and families resident visa applications.,,,,,,,,,,
2209,829880,6/11/2009,Senator John Cornyn,9)9)    s appealing for assistance on behalf of ers brother 9)9)    and sister-in-law (b)9)    who asserts were forced to sign an Abandonment of Lawful Permanent Resident Status form 1-407 at LAX.,,,,,,,,,,
2210,830561,6/17/2009,Senator John Cornyn,9)9)    & requesting status of his section 13 visa request.,,,,,,,,,,
2211,830665,6/18/2009,Senator John Cornyn,Requesting USCIS classify his two adopted children ass US Citizens. has a complaint regarding the terms of her employment with USCIS.,,,,,,,,,,
2212,830742,6/19/2009,Senator John Cornyn,,,,,,,,,,,
2213,830767,6/19/2009,Senator John Cornyn,Request for status of (b)9)    per husband's 1-601.,,,,,,,,,,
2214,,,,,,,,,,,,,,
2215,830769,6/19/2009,Senator John Cornyn,Requesting status of husband ®®    -601.,,,,,,,,,,
2216,830859,6/19/2009,Senator John Cornyn,"®®    equests status of immigrant visa for her husband, (b)(6)",,,,,,,,,,
2217,831499,6/24/2009,Senator John Cornyn,"®®    regarding his wife,    mmigration case.",,,,,,,,,,
2218,831540,6/23/2009,Senator John Cornyn,Re a group of incorrect 1-90 cards.,,,,,,,,,,
2219,,,,"(b)(6)    ""    (b)(6) s requesting status of husband (b)(6)    1-601.",,,,,,,,,,
2220,832041,6/30/2009,Senator John Cornyn,,,,,,,,,,,
2221,832054,6/30/2009,Senator John Cornyn,®®    is requesting status of his 1-485.,,,,,,,,,,
2222,,,,,,,,,,,,,,
2223,828550,6/2/2009,Senator Michael D. Crapo,9)9)    3f University of Idaho is requesting extension of HB- 1 visa for employee 9)9),,,,,,,,,,
2224,828882,6/4/2009,Senator Michael D. Crapo,Constituent 9)9)    is requesting assistance with son[9)9> 9)9)    immigration case.,,,,,,,,,,
2225,828916,6/4/2009,"Senator Michael D, Crapo","Constituent 9)9)    is requesting status and consideration of his wife 9)9)    1-601,",,,,,,,,,,
2226,829825,6/11/2009,Senator Michael D. Crapo,"9)9)    is writing regarding having been denied entry into the US two times, finger printed, and told she was a criminal.",,,,,,,,,,
2227,830666,6/18/2009,Senator Michael D. Crapo,"The Idaho Delegation writes to express concern regarding SD-08F, the process by which Security Directives are issued, and the need to establish concrete measures to include appropriate stakeholder input in the Directive process.",,,,,,,,,,
2228,830688,6/18/2009,Senator Michael D. Crapo,The Idaho delegation urges for the withdrawal of CBP's notice of proposed revocation of ruling letters and revocation of treatment relating to the admissibility of certain knives with spring assisted opening mechanisms.,,,,,,,,,,
2229,830793,6/19/2009,Senator Michael D. Crapo,Requesting expedite and status of wife b}9}    1-601.,,,,,,,,,,
2230,,,,,,,,,,,,,,
2231,830862,6/19/2009,"Senator Michael D, Crapo","Regarding denied entry of ,b)(6)    1-20.",,,,,,,,,,
2232,831867,6/29/2009,"Senator Michael D, Crapo","!b)f6)    is. requesting, status, of wife. (b)(6)    1-601.",,,,,,,,,,
2233,828403,6/1/2009,Congressman Joseph Crowley,Constituent (bX6)    is requesting status of families 1-730.,,,,,,,,,,
2234,828707,6/3/2009,Congressman Joseph Crowley,Constitutent(bX6)    is. requesting status of his families I- 730.,,,,,,,,,,
2235,829262,6/9/2009,Congressman Joseph Crowley,<bK6)    is requesting status of beneficiary(bX6)    1-601.,,,,,,,,,,
2236,829266,6/9/2009,Congressman Joseph Crowley,"(b)(6)    is. requesting status of 1-730 for beneficiary<bt,6) (b)(6)",,,,,,,,,,
2237,,,,,,,,,,,,,,
2238,829939,6/12/2009,Congressman Joseph Crowley,4)4)    is requesting status of son 4)4)    1-730.,,,,,,,,,,
2239,830436,6/17/2009,Congressman Joseph Crowley,4)4)    [s requesting status of his wife 4)4)    I- 730.,,,,,,,,,,
2240,830503,6/16/2009,Congressman Joseph Crowley,®®    s requesting status of 1-730 foi®®,,,,,,,,,,
2241,830504,6/17/2009,Congressman Joseph Crowley,4)4)    is requesting status of his families 1-730.,,,,,,,,,,
2242,831790,6/20/2009,Congressman Joseph Crowley,"4)4)    Rile 1-730 for his wife, 4)4)",,,,,,,,,,
2243,831972,6/30/2009,Congressman Joseph Crowley,4)4)    is requesting status of humanitarian parole for 4)4) (b)(6),,,,,,,,,,
2244,,,,,,,,,,,,,,
2245,828821,6/3/2009,Congressman Henry Cuellar,Writes in support of establishing Laredo area Fusion Center to provide a safe and secure border in the Laredo area.,,,,,,,,,,
2246,829125,6/8/2009,Congressman Henry Cuellar,Constituent 4)4)    is requesting status of his wife 4)4) 4X6)    j^oi.,,,,,,,,,,
2247,831574,6/23/2009,Congressman Henry Cuellar,4X6)    filed an appeal (1-485). for his son 4)4) (b)(6),,,,,,,,,,
2248,830741,6/19/2009,Congressman John Abney Culberson,tbx61    ate requesting proof of their US Citizenship.,,,,,,,,,,
2249,829516,1/2/2009,Congressman Lincoln Davis,NO WORKFLOW CREATION,,,,,,,,,,
2250,828672,6/2/2009,Congressman Susan A. Davis,Susan A. Davis writes on behalf of constituent|4)4) who has requested that his ten year old son be removed from the TSA watch list.,,,,,,,,,,
2251,830354,6/16/2009,Congressman Rosa L. DeLauro,"|4)4)    requests status of parole aDDlication for her minor child, 4)4)",,,,,,,,,,
2252,,,,,,,,,,,,,,
2253,832067,6/30/2009,Congressman Rosa L. DeLauro,"Supports the application by the Westfield Fire Department in Middletown, Connecticut to the Assistance to Firefighters Grant program.",,,,,,,,,,
2254,830840,6/19/2009,Congressman John D. Dingell,Expresses concerns regarding the Ambassador Bridge replacement project in Detroit and shares correspondence sent from Canadian Ambassador Michael Wilson to the Michigan Senate and House of Representatives.,,,,,,,,,,
2255,828410,6/1/2009,Congressman Byron L. Dorgan,"|XXX    (daughter (no name given) is inquiring about her, and her childrenXXX refugee status.",,,,,,,,,,
2256,832021,6/30/2009,Congressman Byron L. Dorgan,"XX6)    s requesting reconsideration of the denial of his application to register permament residence or adjust status, I-485.",,,,,,,,,,
2257,829002,6/5/2009,Congressman David Dreier,Constituent is requesting status of son XXX    [-730.,,,,,,,,,,
2258,829394,6/10/2009,Congressman David Dreier 1,XXX    is. requesting status of husband XXX XXX    11-601.    -,,,,,,,,,,
2259,,,,,,,,,,,,,,
2260,830254,6/24/2009,Congressman. Elaine C. Duke,FEMA Stakeholder Engagement Plan FY 2009 Report to Congress.,,,,,,,,,,
2261,830946,6/19/2009,Congressman Elaine C. Duke,"Questioning if History Associates, Inc. (HAI) meets the original intention of the Appro priators.",,,,,,,,,,
2262,829055,6/5/2009,Senator Richard J. Durbin,Constituent ®®    is requesting status of permanen resident cards for his children.,,,,,,,,,,
2263,829336,6/9/2009,Senator Richard J. Durbin,®®    i& requesting status of his 1-601.,,,,,,,,,,
2264,829821,6/11/2009,Senator Richard J. Durbin,®®    is requesting expedite of his 1-485 prior to the expiration of his 1-94. Also would like to know how to extend his E2 visa.,,,,,,,,,,
2265,829953,6/11/2009,Congressman Chet Edwards,<WU    is requesting status of his citizenship application.,,,,,,,,,,
2266,829061,6/5/2009,Congressman Donna F. Edwards,®®    is requesting status of appeal for R-1 visa fc ®<6t MS)    |    -,,,,,,,,,,
2267,830241,6/16/2009,Congressman Donna F. Edwards,®®    is requesting status of her 1-730 as well as her green card.,,,,,,,,,,
2268,,,,,,,,,,,,,,
2269,830283,6/16/2009,Congressman Donna F. Edwards,XX0)    is requesting status of his N-652.,,,,,,,,,,
2270,830421,6/16/2009,Congressman Donna F. Edwards,X)X)    is requesting status of his wife XX0)    j. 13U.,,,,,,,,,,
2271,830490,6/17/2009,Congressman Donna F. Edwards,X)X)    is requesting expedite/status of his I- 485.,,,,,,,,,,
2272,830499,6/17/2009,Congressman Donna F. Edwards,XXX    is requesting status of wife XX0) XX0)    1-485.,,,,,,,,,,
2273,830518,6/17/2009,Congressman Donna F. Edwards,XX0)    is requesting status of 1-140 for XX0) (b)(6),,,,,,,,,,
2274,831907,6/29/2009,Congressman Donna F. Edwards,X)*6)    is requesting status of his aunt XX0)    1-485.,,,,,,,,,,
2275,831960,6/30/2009,Congressman Donna F. Edwards,XX0)    is requesting immigrant visa for XX0) (b)(6),,,,,,,,,,
2276,,,,,,,,,,,,,,
2277,830842,6/19/2009,Congressman Jo Ann Emerson,"4X6)    t t t    f u u , 4X6) requests status of husband",,,,,,,,,,
2278,,,,4X6)    1-130.,,,,,,,,,,
2279,831905,6/29/2009,Congressman Jo Ann Emerson,"is requesting status of wife <b,4J    I- 601.",,,,,,,,,,
2280,828647,6/2/2009,Congressman Sam Farr,Writes on behalf of constituent who is having problems with his USCG service computation.,,,,,,,,,,
2281,829833,6/8/2009,Congressman Russell D. Feingold,Sen. Feingold writes on behalf of his constituent regarding Homeland Security Presidential Directive 12.,,,,,,,,,,
2282,829843,6/11/2009,Congressman Russell D. Feingold,Sen. Feingold writes on behalf of a constituent regarding treatment by border security.,,,,,,,,,,
2283,830563,6/17/2009,Congressman Russell D. Feingold,Senator Feingold urges President Obama to consider extending Temporary Protected Status (TPS) for Haitian nationals currently residing in the United States.,,,,,,,,,,
2284,829850,6/11/2009,Senator Dianne Feinstein,4)4)    is requesting assistance with 1-130 for his two daughters.,,,,,,,,,,
2285,831892,6/29/2009,Senator Dianne Feinstein,4X0)    is requesting refund of $420.00 he erroneously sent to dept. opf state for his nieces's DV Lottery visa payment.,,,,,,,,,,
2286,,,,,,,,,,,,,,
2287,831713,6/26/2009,Congressman Bob Filner,Rep. Filner writes regarding the procedure used by CBP to detain and deport 3 teenagers at the Old Town Transit Center.,,,,,,,,,,
2288,831747,6/29/2009,Congressman Bob Filner,Representative Filner +26 Members of Congress write regarding the remaining segments of border fence under construction in relation to environmental impacts.,,,,,,,,,,
2289,828329,5/29/2009,Congressman J. Randy Forbes,"Rep. Forbes writes on behalf of his constituent, 4)4)    who has problems when going through airports security and customs.",,,,,,,,,,
2290,830096,6/12/2009,Congressman J. Randy Forbes,"Rep. Forbes writes on behalf of his constituent, 4X4 regarding his issue with FPS.",,,,,,,,,,
2291,829910,6/11/2009,Congressman Bill Foster,"Representative Bill Foster writes to ask that TSA promptly remove any references to ""swine flu"" in their publications and placards.",,,,,,,,,,
2292,828351,6/1/2009,Congressman Trent Franks,Writes to request that DHS provide its official position on issues related to the extension of the writ of habeas corpus to Guantanamo Bay detainees.,,,,,,,,,,
2293,831944,1/2/2009,Congressman Li Gai,No WF creation,,,,,,,,,,
2294,,,,,,,,,,,,,,
2295,831720,6/19/2009,Congressman Robert W. Goodlatte,s seeking Representative Goodlatte's assistance to help a student who was brought to the United States illegally.,,,,,,,,,,
2296,831742,6/29/2009,Congressman Robert W. Goodlatte,XX6)    is requesting reconsideration and expedite of his wife XXX    green card application.,,,,,,,,,,
2297,828481,6/1/2009,Senator Lindsey O. Graham,Senator Graham writes on behalf of his constituents XXbJ    concerning a FOIA request.,,,,,,,,,,
2298,830553,6/17/2009,Senator Lindsey O. Graham,XX6)    is requesting status of her husband XX0) XXX    1-601.,,,,,,,,,,
2299,831121,6/23/2009,Senator Lindsey O. Graham,"Senators Graham and Lieberman write regarding the planned budget cuts for Project Seahawk's port security program in Charleston, South Carolina.",,,,,,,,,,
2300,831911,6/29/2009,Senator Lindsey O. Graham,"XXX    are requesting waiving of mandatory Gardasil vaccine for their daughte lbXx    based on the fact that at the time of application of her 1-601, it was not required.",,,,,,,,,,
2301,,,,,,,,,,,,,,
2302,829127,6/8/2009,Congressman Kay Granger,ConstituentlbM6)    is requesting status of wife(bX6) i Also requesting information on passport procedure for child to be bom to both he and his wife.,,,,,,,,,,
2303,831740,6/29/2009,Congressman Kay Granger,(bl<6)    |is requesting expedite and status of her husband (bX6> 1-601.,,,,,,,,,,
2304,828315,5/29/2009,Senator Charles E. Grassley,Senator Charles E. Grassley writes on behalf of his constituent!0^6) (bX6J    who is concerned that there is no office in Iowa to obtain I’WIC cards.,,,,,,,,,,
2305,828292,6/1/2009,Congressman Sam Graves,ConstituenttbXd)    regardig the denial of her 1-765.,,,,,,,,,,
2306,830848,6/19/2009,Congressman Alan Grayson,Requests assistance for a constituent(bXd)    whose ' visa case is pending review.,,,,,,,,,,
2307,831899,6/9/2009,Congressman Alan Grayson,0:’K6)    is requesting assistance with getting passport for daughter (bX6),,,,,,,,,,
2308,831961,6/30/2009,Congressman Alan Grayson,^(6)    is requesting status of 1-601 for ’b)(6t (b)(6),,,,,,,,,,
2309,,,,,,,,,,,,,,
2310,832040,6/30/2009,Congressman Alan Grayson,4)4)    is requesting stay of deportation proceedings against her and her children as well as help with permanent residency.,,,,,,,,,,
2311,828660,6/2/2009,Congressman Judd Gregg,"Writes on behalf of Board of Selectmen of Littleton, New Hampshire to request assistance regarding the FEMA Pre-Disaster Mitigation Grant.",,,,,,,,,,
2312,828747,6/3/2009,Congressman Judd Gregg,Constituent|4)4)    |is requesting expedite of an alien registration card for her son (b)4),,,,,,,,,,
2313,829248,6/8/2009,Congressman Judd Gregg,"Writes in support of the Hampton Falls, New Hampshire Volunteer Fire Department's application for assistance under the Assistance to Firefighter's Grant program.",,,,,,,,,,
2314,829249,6/8/2009,Congressman Judd Gregg,Writes on behalf of a constituent who has questions regarding permanent residency.,,,,,,,,,,
2315,829252,6/8/2009,Congressman Judd Gregg,Judd Gregg writes on behalf of constituent 4)4)    Iregarding his recent application for employment with the Department of Homeland Security.,,,,,,,,,,
2316,830555,6/17/2009,Congressman Judd Gregg,"Supports the Alton, New Hampshire Fire Rescue Department's application for assistance under the Assistance to Firefighters Grant Program for Personal Protective Equipment.",,,,,,,,,,
2317,,,,,,,,,,,,,,
2318,830564,6/17/2009,Congressman Judd Gregg,"Supports the Dunbarton, New Hampshire Volunteer Fire Department's application for assistance under the Assistance to Firefighters Grant Program.",,,,,,,,,,
2319,830568,6/17/2009,Congressman Judd Gregg,"Supports the Madison, New Hampshire Volunteer Fire and Rescue Department's application for assistance under the Assistance to Firefighters Grant Program.",,,,,,,,,,
2320,830570,6/17/2009,Congressman Judd Gregg,"Supports application submitted by Merrimack, New Hampshire Fire Rescue for funding under the Assistance Firefighters Grant Program.",,,,,,,,,,
2321,830661,6/18/2009,Congressman Judd Gregg,"Supports the Hampton Falls, New Hampshire Volunteer Fire Department's application for assistance under the Assistance to Firefighters Grant Program. With GPD for handling.",,,,,,,,,,
2322,831532,6/25/2009,Congressman Judd Gregg,"Supports the application submitted by the Merrimack, New Hampshire Fire Rescue for assistance under the Assistance to Firefighters Grant program.",,,,,,,,,,
2323,831534,6/25/2009,Congressman Judd Gregg,"Supports the application submitted by the Madison, New Hampshire Volunteer Fire and Rescue Department for the Assistance to Firefighters Grant Program.",,,,,,,,,,
2324,828319,5/29/2009,Congressman Parker Griffith,"Rep. Griffith writes to request additional ICE agents in Huntsville, AL.",,,,,,,,,,
2325,828447,6/2/2009,Congressman Raul M. Grijalva,Constituent (b>(X    is requesting status of 1-601.,,,,,,,,,,
2326,,,,,,,,,,,,,,
2327,829360,6/9/2009,Congressman Raul M. Grijalva,®®    is requesting status of his wifi ®® 1-601.,,,,,,,,,,
2328,829948,6/12/2009,Congressman Raul M. Grijalva,®®    is requesting status of husband ®® b>® 1-601.,,,,,,,,,,
2329,830478,6/17/2009,Congressman Ralph M. Hall,®®    h rectuesting status/exDedite of husband ®® 1-601.,,,,,,,,,,
2330,831825,6/29/2009,Congressman Alcee L. Hastings,®®    and his wife ®®    are requesting expedite of their refugee cases.,,,,,,,,,,
2331,828294,5/29/2009,Senator Orrin G. Hatch,Senator Orrin G. Hatch writes on behalf of his constituent (bXb) wjlo js concerned with security screening at airports.,,,,,,,,,,
2332,828304,5/29/2009,Senator Orrin G. Hatch,Writes on behalf of constituent®®    who has concerns with Disaster Mitigation and Preparedness and offers suggestions.,,,,,,,,,,
2333,831629,6/28/2009,Congressman Jeb Hensarling,<b><0)    is requesting status of I-290B for (b>(6>,,,,,,,,,,
2334,,,,,,,,,,,,,,
2335,829006,6/5/2009,Congressman Wally Herger,®®    is requesting re-issuance of a new Naturalization Certificate due to incorrect spelling of his name on the first one issued.,,,,,,,,,,
2336,831491,6/24/2009,Congressman Wally Herger,"<b)®    regardi ng the status of her husband, 4)® ®®    [-601 waiver.",,,,,,,,,,
2337,828634,6/2/2009,Congressman Ruben Hinojosa,Representative Ruben Hinojosa writes on behalf of constituent ®® (b)(6)    regarding the TSA watch list.,,,,,,,,,,
2338,831330,6/24/2009,Congressman Paul W. Hodes,"is requesting status of his 1-485. Additionally, he is questioning immigration policy and processes.",,,,,,,,,,
2339,828306,5/29/2009,Congressman Rush Holt,"Writes on behalf of a constituent, (44)    |who writes regarding obtaining a position with DHS.",,,,,,,,,,
2340,828285,6/1/2009,"Congressman Michael M, Honda",Constituenl ®®    is requesting a stay of the removal order and motion to reopen a denied asylum case.,,,,,,,,,,
2341,828713,6/3/2009,"Congressman Michael M, Honda",Constituent 4)4)    is requesting status of wife's I- 601.,,,,,,,,,,
2342,,,,,,,,,,,,,,
2343,830273,6/12/2009,Congressman Steny H. Hoyer,"Rep, Steny Hoyer writes on behalf of his constituent XXX X)(6)    regarding the status of her EEO complaint.",,,,,,,,,,
2344,828729,6/3/2009,Congressman Bob Inglis,"Consitituent X,(X    is requesting assistance with 1-485.",,,,,,,,,,
2345,831596,6/22/2009,"Senator James M, Inhofe",regarding a waiver for XXX,,,,,,,,,,
2346,828819,6/3/2009,Senator Johnny Isakson,Supports the application submitted by the Fayette County Department of Public Safety for funding through the Emergency Operations Center Grant.,,,,,,,,,,
2347,830089,6/12/2009,Senator Johnny Isakson,"Rep, Isakson writes on behalf of XX6)    regarding his TRIP.",,,,,,,,,,
2348,830509,6/17/2009,Senator Johnny Isakson,XX0)    is requesting expedite/status of wife XX0)    1-601.,,,,,,,,,,
2349,830676,6/18/2009,Senator Johnny Isakson,XX0)    of Colquitt. County Board of Education is requesting status of I-140 foi XX0),,,,,,,,,,
2350,830683,6/18/2009,Senator Mike Johanns,Sen. Mike Johanns and Sen. Kit Bond write concerning the usefulness of Satellite SAR along the U.S.-Mexico border and request a meeting with DHS staff and a pilot project to demonstrate the technology.,,,,,,,,,,
2351,,,,,,,,,,,,,,
2352,828326,5/29/2009,Congressman Marcy Kaptur,Rep. Kaptur writes on behalf of constituent 4)4)    wh0 continues to be delayed at airrports and while crossing the border.,,,,,,,,,,
2353,828305,6/1/2009,Congressman Edward M. Kennedy,Constituent 4X6)    is requesting expedite of wife 4)4) 4)4)    humanitarian parole.,,,,,,,,,,
2354,829942,6/12/2009,Congressman Edward M. Kennedy,<b!(6>    attorney for 4)4)    . js requesting status of (b)(6)    I-140.,,,,,,,,,,
2355,829956,6/12/2009,Congressman Edward M. Kennedy,"(b,(d)    who are employed by Frank's Casing and Rental Tools are requesting the status of their H-2B appeal.",,,,,,,,,,
2356,831746,6/29/2009,Congressman Edward M. Kennedy,4)4)    is requesting a expedite of humanitarian parole application she submitted on behalf of her parents 4)4) (b)(6),,,,,,,,,,
2357,831755,6/29/2009,Congressman Edward M. Kennedy,(b)(6)    js requesting status of his wifi 4)4) 4X6)    Humanitarian Parole.,,,,,,,,,,
2358,,,,,,,,,,,,,,
2359,830356,6/16/2009,Congressman Carolyn C. Kilpatrick,Writes about plans to rebuild Michigan; and create Detroit and Michigan as an international corridor.,,,,,,,,,,
2360,829901,6/11/2009,Congressman Jack Kingston,"Representative Kingston writes on behalf of his constituent!^6) (b)(6) t cbp employee, regarding an adjustment in pay grade and salary.",,,,,,,,,,
2361,830671,6/18/2009,Congressman Jack Kingston,Rep. Kingston writes on behalf of constituent(b)(6)    egarding employment with FLETC.,,,,,,,,,,
2362,828555,6/2/2009,Congressman Larry Kissel 1,"Writer is requesting assistance with stopping the court date for removal of May 5, 2009 foj(b,<6)    adopted child of (b)(6)",,,,,,,,,,
2363,828309,6/1/2009,Congressman Ron Klein,Constituent6)    Jis requesting re-instatement of his daughter 9)9)    visa.,,,,,,,,,,
2364,829182,6/8/2009,Senator Amy Klobuchar,<b)9)    is requesting status of husband 9)9)    I 601.,,,,,,,,,,
2365,829350,6/9/2009,Senator Amy Klobuchar,9)9)    is requesting status of husbant(9)9) 9)9)    1-601.,,,,,,,,,,
2366,,,,,,,,,,,,,,
2367,829827,6/11/2009,Senator Amy Klobuchar,XX0)    | is requesting urgent expedite of her husband's L601 and her I-290B due to the fact that her son is presently in ICU for respiratory failure.,,,,,,,,,,
2368,830285,6/16/2009,Senator Amy Klobuchar,"X)(6)    requesting status of her husband XX0) XX°)    1-601 as well as guidance as to what is considered ""estreme hardship"" by INS, and if they can attach more information to the same application, or do they have to submit a new application if they have additional info.",,,,,,,,,,
2369,830357,6/16/2009,Senator Amy Klobuchar,XXX    i& requesting status of her 1-601.,,,,,,,,,,
2370,830772,6/19/2009,Senator Amy Klobuchar,XX0)    requests status of her case.,,,,,,,,,,
2371,831589,6/23/2009,Senator Amy Klobuchar,XX0)    filed an 1-601 for his wife X)(6),,,,,,,,,,
2372,831983,6/30/2009,Senator Amy Klobuchar,tcw    is requesting status of husband XXX    I- 601.,,,,,,,,,,
2373,830095,6/12/2009,"Senator Mary L, Landrieu","Senator Mary L, Landrieu writes regarding the TSA's excessive delays in issuing the Transportation Worker Identification Credentials (TWIC) to those who have applied.",,,,,,,,,,
2374,,,,,,,,,,,,,,
2375,831870,6/25/2009,Senator Mary L. Landrieu,(bX6}    | is requesting reconsideration of her HIB visa application which she believes was denied in error.,,,,,,,,,,
2376,828441,6/1/2009,"Congressman John B, Larson","Constituenl ^bX6)    is requesting a Certificate of Nonexistence of Record for his great grandfathei(bl(6)    Previous certificates issued have had errors in date, and name spelling.",,,,,,,,,,
2377,830999,6/22/2009,Congressman Robert Latta,"Rep, Latta + 79 Members of Congress urge the Department to reconsider the proposed regulation on the importation of assisted -opening knives, and to extend the comment period an additional 120 days beyond the June 21,2009 deadline.",,,,,,,,,,
2378,828395,6/1/2009,"Senator Frank R, Lautenberg",Constituent 'bXB)    doctor is requesting his immigration status in order to know if eligible for medicaid.,,,,,,,,,,
2379,830087,6/12/2009,"Senator Frank R, Lautenberg",Supports application submitted by the Summit Volunteer First Aid Squad for funds under the Assistance to Firefighters Grant Program.,,,,,,,,,,
2380,830390,6/16/2009,Senator Frank R. Lautenberg,"Supports application submitted by the Tinton Falls Fire Department for funding under the Assistance to Firefighters Grant Program,",,,,,,,,,,
2381,,,,,,,,,,,,,,
2382,830791,6/19/2009,Senator Frank R. Lautenberg,Supports the East Orange Fire Department 2009 USDHS FEMA AFG grant application.,,,,,,,,,,
2383,831699,6/26/2009,Senator Frank R. Lautenberg,Supports the application submitted by the Summit Fire Department for funds under the AFG program.,,,,,,,,,,
2384,828419,6/1/2009,Senator Patrick J. Leahy,Supports the application submitted by the Vermont Refugees Resettlement Program for funding under the Citizenship Grant Proposal Program.,,,,,,,,,,
2385,828683,6/2/2009,Senator Patrick J. Leahy,"Sen. Leahy encloses a hearing transcript of Si’s May 6, 2009 testimony at the U.S. Senate Committee on the Judiciary and requests edits by June 4, 2009.",,,,,,,,,,
2386,828930,6/4/2009,Senator Patrick J. Leahy,Writes in support of Vermont-based QuantaSpec's Small Business Innovation Research Phase II proposal regarding miniature chemical/biological explosive sensors.,,,,,,,,,,
2387,830284,6/4/2009,Senator Patrick J. Leahy,Writes in support of Vermont-based QuantaSpec's Small Business Innovation Research Phase II proposal regarding miniature chemical/biological explosive sensors.,,,,,,,,,,
2388,831959,6/30/2009,Congressman Barbara Lee,<bX6)    is requesting expedite of Humanitarian Parole application for 9)9),,,,,,,,,,
2389,,,,,,,,,,,,,,
2390,828621,6/2/2009,Senator Carl Levin,Senator Carl Levin writes on behalf of constituent (b)(6)    regarding his application for the position of Intelligence Research Specialist with the U.S. Immigration and Customs Enforcement.,,,,,,,,,,
2391,828825,6/4/2009,Senator Carl Levin,Senator Levin writes with information from the Congressional Research Service regarding current staffing shortages at the northern border.,,,,,,,,,,
2392,829361,6/9/2009,Senator Carl Levin,"Writes to request support for S. 569, the Incorporation Transparency and Law Enforcement Assistance Act.",,,,,,,,,,
2393,830348,6/16/2009,Senator Carl Levin,Write regarding their concern with the closure of Riverside Park by the Detroit International Bridge Company (DIBC) and DHS's involvement in the closure.,,,,,,,,,,
2394,832068,6/30/2009,Senator Carl Levin,Writes in support of application submitted by International Michigan Investments to be designated as a Regional Center under the EB-5 Foreign Investor Visa Program.,,,,,,,,,,
2395,831908,6/29/2009,Congressman Joseph I. Lieberman,"Invites the Secretary to testify at a hearing before the Committee on Homeland Security and Governmental Affairs, titled ""Identification Security: Reevaluating the Real ID Act"" on July 15, 2009.",,,,,,,,,,
2396,,,,,,,,,,,,,,
2397,830536,6/17/2009,Congressman Frank A. LoBiondo,is requesting expedite/status of his wife ^X^ 4X°>    1-601.,,,,,,,,,,
2398,830228,6/15/2009,Congressman Zoe Lofgren,Rep. Lofgren asks that the Department take specific steps concerning the Registered Traveler Program.,,,,,,,,,,
2399,831507,6/24/2009,Congressman Zoe Lofgren,Rep. Lofgren and Rep. Honda write regarding delays in the delivery of a state-of-the-art baggage explosive detection system at Mineta San Jose International Airport.,,,,,,,,,,
2400,829808,6/11/2009,Congressman Nita M. Lowey,"4X6)    is requesting reconsideration of motion to reopen on behalf of 4)4)    Additionally, internal complaint against Officer 4)4)",,,,,,,,,,
2401,829812,6/11/2009,Congressman Nita M. Lowey,"(D,4}    is reonesting status of 1-601 for his wife*b)4) (b)(6)    1-",,,,,,,,,,
2402,831333,6/24/2009,Congressman Blaine Luetkemeyer,(b)(6)    is requesting renewal/replacement of her Permanent Residency Card.,,,,,,,,,,
2403,829761,6/11/2009,Congressman Richard G. Lugar,Constituent 4)4)    is requesting status of husband 4)4) 4XS)    1-601.,,,,,,,,,,
2404,,,,,,,,,,,,,,
2405,831789,6/24/2009,Congressman Richard G. Lugar,Re: 4)4)    wtqo WOuld like to apply for adjustment (1-485) and wants to know if there are any provisions in the law that would exempt him from paying the fee.,,,,,,,,,,
2406,831835,6/29/2009,Congressman Richard G. Lugar,®®    is requesting status of husband 4)4) 4)4)    1-601.,,,,,,,,,,
2407,831839,6/29/2009,Congressman Richard G. Lugar,®®    is requesting status of his stepdaughtei®® (b)® 1-601.,,,,,,,,,,
2408,831702,6/26/2009,Congressman Ben Lujan,Write on behalf of the New Mexico Institute of Mining and Technology regarding reimbursement for the work the Institute performed on behalf of DHS.,,,,,,,,,,
2409,828705,6/3/2009,Congressman Stephen F. Lynch,Writes about DHS establishing policy allowing federal workers to protect themselves agains HINT,,,,,,,,,,
2410,828568,6/2/2009,Congressman Connie Mack,Constituent is requesting rescheduling of interview to an earlier time prior to its expiration date in June.,,,,,,,,,,
2411,82891I,6/4/2009,Congressman Connie Mack,Constituent 4X6)    is requesting status of son 4)4) 1-485 and 1-824.,,,,,,,,,,
2412,,,,,,,,,,,,,,
2413,830845,6/19/2009,Congressman Connie Mack,Requesting status of daughtei®®    1-730.,,,,,,,,,,
2414,829313,6/9/2009,Congressman Dan Maffei,"®®    is requesting that USCIS investigate immigration fraud by his wife ®®    and her lover|(b)(6)    As such, |(U®    is also removing all support for ®® immigration petition.",,,,,,,,,,
2415,828663,6/3/2009,Congressman Carolyn B. Maloney,Constituent ®®    is requesting status or fiance ®<6> immigrant visa.,,,,,,,,,,
2416,829762,6/11/2009,Congressman Carolyn B. Maloney,®®    is requesting reconsideration of the denial to the 1-485 filed bv her. her fatheJ®®    .and her siblings ®® (b)(6)    T-,,,,,,,,,,
2417,831109,6/22/2009,Congressman Mel Martinez,Senator Martinez writes on behalf of a constituent <bKU regarding his TRIP.,,,,,,,,,,
2418,831943,6/24/2009,Congressman Mel Martinez,|®®    filed 1-129 fiance petition on behalf of Ms. (b)(6),,,,,,,,,,
2419,,,,,,,,,,,,,,
2420,831969,6/30/2009,Congressman. Mel Martinez,1(b)(6)    -s reqUestjng status of 1-485 and 129B for Manolya kowe.,,,,,,,,,,
2421,830868,6/19/2009,Congressman Jim Matheson,Express concerns regarding the delay in the requirement for federal contractors to use E-Verify for new employees.,,,,,,,,,,
2422,830424,6/17/2009,Senator John McCain,"tDW    is requesting assistance for her sister<blt6> |(b)(6) |and brother-in-law (b)(6)    deportation case, Ms. |(bX6)    lists within the body of the letter, 8 separate questioned she would like answered the response.",,,,,,,,,,
2423,,,,,,,,,,,,,,
2424,830604,6/18/2009,Senator John McCain,4X0)    LS requesting assistance in getting Certificate of Citizenship.,,,,,,,,,,
2425,830765,6/19/2009,Senator John McCain,Asking for reconsideration of H1B denial for 4)4>,,,,,,,,,,
2426,830846,6/19/2009,Senator John McCain,4)4)    fifed her husband 4)4) to immigrate to the United States,,,,,,,,,,
2427,828638,6/2/2009,Congressman Kevin McCarthy,Constituent 4)4)    is reauestins status of husband 4)4) (bX6) 1-601. J -,,,,,,,,,,
2428,829059,6/5/2009,Congressman Michael McCaul,ConstituenRb)4)    js requesting approval of her sister 4)4)    1-130 application.,,,,,,,,,,
2429,832038,6/30/2009,Congressman Michael McCaul,|4)4)    is requesting status of wife 4)4) 4)4)    I-129F.    -,,,,,,,,,,
2430,828889,6/4/2009,Senator Mitch McConnell,Constituents 4)4)    reqUesting replacement green card for their sister 4X6),,,,,,,,,,
2431,,,,,,,,,,,,,,
2432,830705,6/18/2009,Senator Mitch McConnell,Senator McConnell writes on behalf of constituent ®® regarding a video posted on Youtube about a pastor’s experince at a checkpoint 100 miles from the Mexican border.,,,,,,,,,,
2433,828553,6/2/2009,Congressman Thaddeus G. McCotter,Constituent ®®    is requesting assistance with adoption.,,,,,,,,,,
2434,828307,5/29/2009,Congressman Jim McDermott,"Representative Jim McDermott writes on behalf of his constituent, |fb>(6)    who is writing on behalf of her husband, ®®    Iconceming his TRIP request.",,,,,,,,,,
2435,832070,6/30/2009,Congressman Jim McDermott,Rep. McDermott writes on behalf of constituent 4)®    regarding a TRIP inquiry.,,,,,,,,,,
2436,830775,6/19/2009,Congressman Mike McIntyre,"Invites the Secretary to speak at The Washington Perspective Economic Development seminar on September 15, 2009.",,,,,,,,,,
2437,828767,6/3/2009,Senator Robert Menendez,Supports the application submitted by the Jacksonville Fire Company for funding under the Assistance to Firefighters Grant Program.,,,,,,,,,,
2438,830559,6/17/2009,Senator Robert Menendez,®®    who has been diagnosed with Acute Myeloid Leukemia- is requesting that his sot ®® humanitarian visa be expedited so that father and son may see each other.,,,,,,,,,,
2439,,,,,,,,,,,,,,
2440,,,,,,,,,,,,,,
2441,830838,6/19/2009,Senator Robert Menendez,"Congressman is writing is support of USCIS grant for Jewish Vocationsl Service of Metro West, Inc,",,,,,,,,,,
2442,829540,6/4/2009,Senator Jeff Merkley,Thanks the Secretary for meeting to discuss the challenges of the immigration system.,,,,,,,,,,
2443,830517,6/17/2009,Senator Jeff Merkley,9)9)    is requesting status of her husbatn<b)(6! 9)9)    ¦ 1-601.,,,,,,,,,,
2444,829129,6/8/2009,"Senator Barbara A, Mikulski",9)9)    is requesting expedite of her I290B appeal.,,,,,,,,,,
2445,829232,6/8/2009,"Senator Barbara A, Mikulski",(b)(6)    of IIDI Corporation is requesting approval by USCIS of EB-5 application for the Maryland Center for Foreign Investors.,,,,,,,,,,
2446,830481,6/17/2009,Senator Barbara A. Mikulski,"9)9)    are requesting the ""recapturing"" of a 28 day period spent outside the US to their original 5 year visa.",,,,,,,,,,
2447,830667,6/17/2009,"Senator Barbara A, Mikulski",Requesting reconsideration of adoption denial.,,,,,,,,,,
2448,830872,6/19/2009,Senator Barbara A. Mikulski,Writes on behalf of constituent 9)9)    who wishes to obtain special immigrant status.,,,,,,,,,,
2449,,,,,,,,,,,,,,
2450,831542,6/24/2009,"Congressman Gary G, Miller",Re: the status of an 1-485 for fb)®,,,,,,,,,,
2451,831887,6/29/2009,Congressman Gary G. Miller,(b)(6)    s. requesting status of I-290B for his wife (b)(6),,,,,,,,,,
2452,829832,6/11/2009,Congressman Jeff Miller,(b)(6)    a US citizen - is requesting to know how she can derive US citizenship for her two children who were born out of the US through her own US citizenship.,,,,,,,,,,
2453,829251,6/8/2009,Congressman Harry E. Mitchell,Writes on behalf of ®®    who is inquiring about a piece of property DHS bought and the status of project on the property.,,,,,,,,,,
2454,829070,6/5/2009,Congressman Dennis Moore,Constituent^^)    ]is requesting status of husband 1-601.,,,,,,,,,,
2455,829163,6/8/2009,Congressman Dennis Moore,<b><0>    |js wrjtjT1(r repardinn status of his father (bX0) W® 1-601.,,,,,,,,,,
2456,830670,6/17/2009,Congressman Dennis Moore,is requesti ng status of his wife ®(U    I- 601.,,,,,,,,,,
2457,,,,,,,,,,,,,,
2458,831014,6/22/2009,Congressman Dennis Moore,Writes on behalf of constituent4)4)    who seeks information about the FEMA NLE09 exercises.,,,,,,,,,,
2459,831044,6/22/2009,Congressman Dennis Moore,Rep. Moore writes on behalf of constituent 4)4)    regarding a beating incident involving the Border Patrol.,,,,,,,,,,
2460,831365,5/22/2009,Congressman Dennis Moore,Writes on benalt ot constituent 4)4)    regarding his concerns about training camps in the United States.,,,,,,,,,,
2461,831743,6/24/2009,Congressman Dennis Moore,Status of constituent 4)4)    husband 4)4) 4)4)    1-601. waiver.,,,,,,,,,,
2462,831748,6/24/2009,Congressman Dennis Moore,Regarding 4)4)    [-601 waiver application.,,,,,,,,,,
2463,831910,6/29/2009,Congressman Dennis Moore,Rep. Moore writes on behalf of constituent 4)4) regarding opposing CBP's proposal to re-interpret the Switchbalde Knife Act of 1958.,,,,,,,,,,
2464,832013,6/30/2009,Congressman Dennis Moore,"4X6>    writes on behalf of his constituents, 4)4) 4)4)    regarding CBP's proposed revocation of ruling letters and revocation of treatment relating to the admissibility of certain knives with spring-assisted opening mechanisms.",,,,,,,,,,
2465,832048,6/30/2009,Congressman Dennis Moore,Rep. Moore writes on behalf of constituen 4*4)    regarding his opposition to banning folding knives.,,,,,,,,,,
2466,,,,,,,,,,,,,,
2467,830060,6/12/2009,Congressman Gwen S. Moore,Rep. Moore cc'd the Secretary on a letter regarding how ICE handled the deportation of an individual who had applied for asylum.,,,,,,,,,,
2468,830878,11/28/2008,Congressman Lee Morris,CBP Report to Congress: Update to Congress on Integrated Scanning System Pilot (SAFE Act 232(c)),,,,,,,,,,
2469,830880,11/17/2008,Congressman Lee Morris,GAO-08-607- Critical Infrastructure Protection: Further Efforts Needed to Integrate Planning for and Response to Disruptions on Converged Voice and Date Networks,,,,,,,,,,
2470,,,,,,,,,,,,,,
2471,830958,11/7/2008,Congressman. Lee Morris,CBP - Importer Security Filing and Additional Carrier Requirements,,,,,,,,,,
2472,828328,5/29/2009,Senator Patty Murray,"(U/(U J Sen, Murray writes on behalf of constituent    regarding his employment with CBP.",,,,,,,,,,
2473,831416,6/24/2009,Senator Patty Murray,Senator Murray writes on behalf of constituent(b><6>    who requests his name be cleared with Homeland Security records.,,,,,,,,,,
2474,828325,5/29/2009,Congressman Sue Myrick,"Supports the grant request for the Cramerton, NC Volunteer Fire Department to receive an aerial ladder fire truck.",,,,,,,,,,
2475,829184,6/8/2009,"Congressman Grace F, Napolitano",9)9)    is requesting the status of her husband 9)9) 9)9)    1.601.,,,,,,,,,,
2476,830554,6/17/2009,Congressman Ben Nelson,9)9)    is requesting assistance in finding his wife9)9) 9)9)    file which has been misplaced bv USCIS.,,,,,,,,,,
2477,,,,,,,,,,,,,,
2478,828442,6/2/2009,Senator Bill Nelson,Constituent <b°61    is requesting that her alien and social security numbers be reinstated to her.,,,,,,,,,,
2479,829271,6/8/2009,Senator Bill Nelson,Congressman Nelson is writing in support of Hispanic Unity of Florida's efforts to obtain a federal grant.,,,,,,,,,,
2480,829273,6/9/2009,Senator Bill Nelson,Congressman Nelson writes in support of the Orange County Library System’s efforts to obtain a federal grant.,,,,,,,,,,
2481,830236,6/15/2009,Senator Bill Nelson,Writes in support of the Seminole County Fire Department's effort to obtain a grant through the Assitance to Firefighters Grant Program.,,,,,,,,,,
2482,829014,6/5/2009,Congressman Solomon P. Ortiz,"Sergio Guerrero Vivanco is requesting status of his legal permanent residence application sponsored by his employer JBS Ventures, LLC.",,,,,,,,,,
2483,830551,6/17/2009,Congressman Solomon P. Ortiz,"Solomon P. Ortiz writes in regard to the ""Model Sector"" plan that will help mitigate program risk and reduce cost.",,,,,,,,,,
2484,829354,6/9/2009,Congressman Ron Paul,Writes on behalf of constituent who has a complaint regarding a comment made in an SI speech on levees.,,,,,,,,,,
2485,,,,,,,,,,,,,,
2486,828279,6/1/2009,Congressman Donald M. Payne,Constituent 9)9)    js requesting reconsideration of her denied 1-601.,,,,,,,,,,
2487,830264,6/15/2009,Congressman Donald M. Payne,Requests that the Intercity Bus Security Grant (IBSG) be restored.,,,,,,,,,,
2488,830093,6/12/2009,Congressman Mike Pence,Writes to inquire why he hasn't received a response from his April 24th letter to the Grant Programs Directorate regarding the Knightstown Fire Department.,,,,,,,,,,
2489,830725,6/18/2009,Congressman Tom Perriello,Writes on behalf of constituent6)    Iwho reauests reconsideration of his son 9)9)    denied inadmissibilitv waiver.,,,,,,,,,,
2490,832055,6/30/2009,Congressman Tom Pemello,Writes on behalf of constituent/13))6)    whose son's Waiver of Grounds of Inadmissibility was denied.,,,,,,,,,,
2491,828894,6/4/2009,Congressman Joseph R. Pitts,Congessman Pitts regarding his constituents concerns over status verification requests from agencies not being tracked.,,,,,,,,,,
2492,829763,6/11/2009,Congressman Joseph R. Pitts,9)9)    is requesting consideration to acquire resident status.,,,,,,,,,,
2493,829856,6/11/2009,Congressman Joseph R. Pitts,Rep. Pitts writes on behalf of constituent 9)9)    regarding his cargo containers.,,,,,,,,,,
2494,,,,,,,,,,,,,,
2495,830508,6/17/2009,Congressman Joseph R. Pitts,XX0)    is requesting status of his FOIA request of May 2007.,,,,,,,,,,
2496,830843,6/19/2009,Congressman Joseph R. Pitts,"]X>(6)    requests a Service Motion to Reopen his appeal because it appears that he did file his appeal of the 1-601 for his wife, |X>(6)    in a timelv manner.",,,,,,,,,,
2497,831987,6/30/2009,"Congressman Joseph R, Pitts",XX0)    is requesting assistance with status verification for his daughleiJXX0)    in order for her to vet a SS card.,,,,,,,,,,
2498,831993,6/30/2009,"Congressman Joseph R, Pitts",XX0)    is requesting status of daughtei XX0) SAVE verification of citizenship.,,,,,,,,,,
2499,829959,6/12/2009,Congressman Todd Russell Platts,"XX0)    believe his wife may have included him in immigration proceedings for her family without his knowledge. Therefore, he is requesting to know if he is presently involved in any immigration prodeedings and if so, to remove his support from these proceedings.",,,,,,,,,,
2500,829161,6/8/2009,Congressman Jared Polis,Congressman Polis writes in support of swift approval of the Colorado Intercontinental Regional Center's application to USCIS California Service Center EB-5 Unit.,,,,,,,,,,
2501,,,,,,,,,,,,,,
2502,831885,6/23/2009,Congressman Jared Polis,*b}4)    inquires about her denial waiver,,,,,,,,,,
2503,829340,6/9/2009,Congressman David E. Price,JustEnough Software Corporation Inc. is requesting review of the denial of the 1-140 for their executives Malcom Buxton and Derek Kreunen.,,,,,,,,,,
2504,831706,6/26/2009,Congressman David E. Price,"Chairman Price approves release of the remaining funds in unobligated fiscal year 2009 Border Security Fencing, Infrastructure, and Technology account funding.",,,,,,,,,,
2505,830990,6/19/2009,Senator Mark L. Pryor,Recommends 4)4)    for tiie Homeland security Advisory Council.,,,,,,,,,,
2506,829160,6/8/2009,Congressman George Randanovich,Congressman Radanovich is questioning the decision to deny the California Consortium for Agricultures Export application.,,,,,,,,,,
2507,829912,6/11/2009,Congressman Charles Rangel,Rep. Rangel writes regarding the discriminatory treatment of 4}4} (b)(6),,,,,,,,,,
2508,829983,6/11/2009,Congressman Charles Rangel,Chairman Rangel writes in support of Delta's direct flights to Africa.,,,,,,,,,,
2509,,,,,,,,,,,,,,
2510,829133,6/8/2009,Senator Jack Reed,Constituent 9)9)    is requesting the waiving of a $410.92 fee for a replacement green card since she has already paid the fee on-line. The original fee was paid using a check which 9)9)    later stopped payment on.,,,,,,,,,,
2511,829395,6/10/2009,Senator Jack Reed,19)9)    is reauesting status of her daughte|b><6) 9)9)    1-601.,,,,,,,,,,
2512,830422,6/16/2009,Senator Jack Reed,"tb,9)    js requesting status of her refugee case.",,,,,,,,,,
2513,830583,6/17/2009,Senator Jack Reed,Sen. Reed writes a letter in support of 9)9)    for a position on a FEMA advisory council.,,,,,,,,,,
2514,830773,6/19/2009,Senator Jack Reed,Requesting status of husband 9)9)    1-212 and 1-601.,,,,,,,,,,
2515,830836,6/19/2009,Senator Jack Reed,9)9)    requests status of her family's request for refugee resettlement.,,,,,,,,,,
2516,830707,6/18/2009,Congressman Dennis R. Rehberg,Rep. Rehberg writes on behalf of constituenttDK&)    regarding the deportation case of 9)9),,,,,,,,,,
2517,,,,,,,,,,,,,,
2518,831707,6/26/2009,Congressman Dennis R. Rehberg,"Rep, Rehberg writes regarding Security Directives 1542-04-08F and 1542-04-08G.",,,,,,,,,,
2519,828702,5/21/2009,Senator Harry Reid,"Senator Reid writes on behalf of constituent, W)    who seeks a POC for S&T Capstone propositions, S&T AUS response letter to constituent Wiebe.",,,,,,,,,,
2520,829123,6/8/2009,Senator Harry Reid,Constituent XX0)    is requesting help in getting her driver license.,,,,,,,,,,
2521,829505,6/10/2009,Senator Harry Reid,"Senator Reid, Representative Berkley, and Dina Titus write to inquire about the implementation of the American Recovery and Reinvestment Act (ARRA) and the purchase of Non-In trusive Inspection (Nil) systems for use by CBP.",,,,,,,,,,
2522,830059,6/12/2009,Senator Harry Reid,"Senators Harry Reid and John Ensign write regarding a Xtra Airways’ request for landing rights on flights from Canada to Wendover, Utah.",,,,,,,,,,
2523,831513,6/23/2009,Senator Harry Reid,Re the expedited of a green card.,,,,,,,,,,
2524,831600,6/22/2009,Senator Harry Reid,XX0)    husband has requested a waiver and is. presently residing in Mexico.,,,,,,,,,,
2525,,,,,,,,,,,,,,
2526,828859,6/4/2009,Congressman Ciro D. Rodriguez,Constituent 4)4)    |is requesting status of husband 4)4) 4)4)    1-601.,,,,,,,,,,
2527,829364,6/9/2009,Congressman Ciro D. Rodriguez,|4)4)    js writing to request status of his pending application N-565 for replacement of naturalization papers.,,,,,,,,,,
2528,829923,6/11/2009,Congressman Phil Roe,Rep. Roe writes on behalf of his constituent 4)4)    who offers to serve on a local homeland security board.,,,,,,,,,,
2529,832017,6/30/2009,Congressman Phil Roe,4)4)    is requesting expedite of his PERM application.,,,,,,,,,,
2530,829051,6/5/2009,Congressman Tom Rooney,Constituent|4)4)    is requesting assistance with expedite of husband 4)4)    1-601.,,,,,,,,,,
2531,830013,6/12/2009,Congressman Peter Roskam,Inquires about the possible use of DHS grant funds for the employment of state-of-the-art tax security systems on tobacco products to enhance security and revenue compliance.,,,,,,,,,,
2532,828763,6/3/2009,Congressman Mike Ross,Writes to FEMA to request an expedited approval process for federal disaster declaration counties in Arkansas.,,,,,,,,,,
2533,829281,6/8/2009,Congressman Lucille Roybal-Allard,Rep 4)4)    writes on behalf of constituent 4W |4)4)    regarding detainment by CBH during travel.,,,,,,,,,,
2534,,,,,,,,,,,,,,
2535,828700,6/3/2009,Congressman Edward Royce,Constituent 9)(6)    5 requesting restoration of legal immigreation status for he and his family.,,,,,,,,,,
2536,831579,6/25/2009,Congressman Gregorio Sablan,"Rep. Sablan writes regarding the negative treatment of travelers from the Northern Mariana Islands by Immigration Officials at A.B, Won Pat International Airport in Guam.",,,,,,,,,,
2537,832066,6/30/2009,"Congressman John T, Salazar",Writes on behalf of constituenlconcerning his background clearance for a small business contract position at FEMA.,,,,,,,,,,
2538,829274,6/8/2009,Senator Bernard Sanders,Congressman Sanders writes in support of the Vermont Refugee Resettlement Program application for a USCIS grant.,,,,,,,,,,
2539,829278,6/9/2009,Congressman John P. Sarbanes,Congressman Sarbanes writes in support of CASA de Maryland's application for a grant.,,,,,,,,,,
2540,829958,6/12/2009,Congressman Janice D. Schakowsky,9)9)    js requesting verification of his US citizenship in order to get a social security card.,,,,,,,,,,
2541,830867,6/19/2009,Congressman Adam B. Schiff,"Rep, Schiff writes on behalf of constituenl 9)9)    -egarding a TRIP concern.",,,,,,,,,,
2542,,,,,,,,,,,,,,
2543,829815,6/11/2009,Congressman Kurt Schrader,Trintiv Orthodox Cathedral is requesting status of 1-129 filed bv them for XX0),,,,,,,,,,
2544,831588,6/22/2009,Congressman Kurt Schrader,Re an 1-601 case.,,,,,,,,,,
2545,828303,5/29/2009,Senator Charles E. Schumer,"Senator Charles E. Schumer writes on behalf of his constituent, Mr. XXX    regarding the status of his TRIP Inquiry.",,,,,,,,,,
2546,828321,5/29/2009,Senator Charles E. Schumer,Sen. Schumer writes on behalf of constituent XX0)    regarding her TRIP inquiry.,,,,,,,,,,
2547,828398,6/1/2009,Senator Charles E. Schumer,Supports the application submitted by the Pleasantville Fire District for the 2009 Assistance to Firefighters Grant Program.,,,,,,,,,,
2548,828401,6/1/2009,Senator Charles E. Schumer,Supports the application submitted by the Scarsdale Fire Department for the 2009 Assistance to Firefighters Grant Program.,,,,,,,,,,
2549,828404,6/1/2009,Senator Charles E. Schumer,Supports the application submitted by the Pleasantville Fire District for funding under the 2009 Assistance to Firefighters Grant Program.,,,,,,,,,,
2550,828407,6/1/2009,Senator Charles E. Schumer,Supports the application submitted by the Burtonsville Volunteer Fire Department for the 2009 Assistance to Firefighters Grant Program.,,,,,,,,,,
2551,,,,,,,,,,,,,,
2552,828408,6/1/2009,Senator Charles E. Schumer,Supports the application submitted by Labor and Industry for Education for funding under the Fire Prevention and Safety Grant Program.,,,,,,,,,,
2553,828412,6/1/2009,Senator Charles E. Schumer,Supports the application submitted by the East Marion Fire Department for funding under the 2009 Assistance to Firefighters Grant Program.,,,,,,,,,,
2554,828413,6/1/2009,Senator Charles E. Schumer,Supports the application submitted by the Village of Sleepy Hollow for the 2009 Assistance to Firefighters Grant Program.,,,,,,,,,,
2555,828414,6/1/2009,Senator Charles E. Schumer,Supports the application submitted by the American Civic Association for funding under the Citizenship Grant Program.,,,,,,,,,,
2556,829119,6/5/2009,Senator Charles E. Schumer,Supports the application submitted by the Otisville Fire Department for funding under the Assistance to Firefighters Grants Program.,,,,,,,,,,
2557,829120,6/5/2009,Senator Charles E. Schumer,Supports the application submitted by the St. Johnsville Fire Department for funding under the Assistance to Firefighters Grant Program.,,,,,,,,,,
2558,829228,6/5/2009,Senator Charles E. Schumer,Supports the application submitted by the Ogdensburg Fire Department for funding under the Assistance to Firefighters Grant Program.,,,,,,,,,,
2559,,,,,,,,,,,,,,
2560,829263,6/8/2009,Senator Charles E. Schumer,Supports application submitted by the Town of Colonie Emergency Medical Services Department for the 2009 Assistance to Firefighters Grant Program.,,,,,,,,,,
2561,829282,6/8/2009,Senator Charles E. Schumer,Senator Schumer writes on behalf of constituent Ahmed Hussein Mohamed regarding his TRIP.,,,,,,,,,,
2562,829287,6/9/2009,Senator Charles E. Schumer,"Writes on behalf of Cleveland Potter, who has been on leave from his security position subject to a credit problem.",,,,,,,,,,
2563,829389,6/9/2009,Senator Charles E. Schumer,Supports the application submitted by the Chenango Fire Company for funding under the Assistance to Firefighters Grants Programs.,,,,,,,,,,
2564,829919,6/11/2009,Senator Charles E. Schumer,Supports application submitted by the Lake George Post #374 American Legion Emergency Squad for funding under the Assistance to Firefighters Grant Program.,,,,,,,,,,
2565,830041,6/12/2009,Senator Charles E. Schumer,S1 is ee'd on a letter to Secretary Clinton regarding the closure of the Seaway International Bridge on Cornwall Island.,,,,,,,,,,
2566,830082,6/12/2009,Senator Charles E. Schumer,Supports the application submitted by the Plesis Volunteer Fire Department for funding under the Assistance to Firefighters Grant Program.,,,,,,,,,,
2567,830084,6/12/2009,Senator Charles E. Schumer,Supports the application submitted by Glenham Fire District for funding under the Assistance to Firefighters Grant Program.,,,,,,,,,,
2568,,,,,,,,,,,,,,
2569,830085,6/12/2009,Senator Charles E. Schumer,Supports the application submitted by the Jamison Road Volunteer Fire Company for funding under the Assistance to Firefighters Grant Program.,,,,,,,,,,
2570,830086,6/12/2009,Senator Charles E. Schumer,Supports the application submitted by the Buffalo Fire Department for funding under the Assistance to Firefighters Grant Program.,,,,,,,,,,
2571,830090,6/12/2009,Senator Charles E. Schumer,Supports application submitted by Horseheads Volunteer Fire Department for funding under the Assistance to Firefighters Grant Program.,,,,,,,,,,
2572,830092,6/12/2009,Senator Charles E. Schumer,Supports application submitted by the Brunswick Fire Company for funding under the Assistance to Firefighters Grant Program.,,,,,,,,,,
2573,830233,6/15/2009,Senator Charles E. Schumer,Supports the application submitted by the City of Watervliet Fire Department for funding under the Assistance to Firefighters Grant Program.,,,,,,,,,,
2574,830243,6/15/2009,Senator Charles E. Schumer,Supports application submitted by the City of Albany Fire Department for funding under the Assistance to Firefighters Grant Program.,,,,,,,,,,
2575,830245,6/15/2009,Senator Charles E. Schumer,Supports application submitted by the Skaneateles Volunteer Fire Department for funding under the Assistance to Firefighters Grant Program.,,,,,,,,,,
2576,830248,6/15/2009,Senator Charles E. Schumer,Supports application submitted by the City of Peekskill Fire Department for funding under the Assistance to Firefighters Grant Program.,,,,,,,,,,
2577,,,,,,,,,,,,,,
2578,830250,6/15/2009,Senator Charles E. Schumer,Supports the application submitted by the Morton's Comers Volunteer Fire Department for funding under the Assistance to Firefighters Grant Program.,,,,,,,,,,
2579,830253,6/15/2009,Senator Charles E. Schumer,Supports the application submitted by the Saranac Lake Volunteer Fire Department for funding under the Assistance to Firefighters Grant Program.,,,,,,,,,,
2580,830255,6/15/2009,Senator Charles E. Schumer,Supports application submitted by the New Salem Volunteer Fire Department for funding under the Assistance to Firefighters Grant Program.,,,,,,,,,,
2581,830287,6/15/2009,Senator Charles E. Schumer,Supports the application submitted by the New Salem Volunteer Fire Department for funding under the Assistance to Firefighters Grant Program.,,,,,,,,,,
2582,830646,3/18/2009,Senator Charles E. Schumer,Sen. Schumer writes on behalf of constituent Megan Cook-Firquet regarding TRIP issues.,,,,,,,,,,
2583,831007,6/22/2009,Senator Charles E. Schumer,Supports the application submitted by the Broadalbin Kennyetto Fire Company for funding under the Assistance to Firefighters Grant Program.,,,,,,,,,,
2584,831012,6/22/2009,Senator Charles E. Schumer,Supports the application submitted by the Highland Fire District for funding under the Assistance to Firefighters Grant Program.,,,,,,,,,,
2585,831019,6/22/2009,Senator Charles E. Schumer,Supports the application submitted by the Rensselaerville Volunteer Fire Company for funding under the Assistance to Firefighters Grant Program.,,,,,,,,,,
2586,,,,,,,,,,,,,,
2587,831553,6/25/2009,Senator Charles E. Schumer,Supports the application submitted by the Roslyn Rescue Fire Department for funding under the Assistance to Firefighters Grant Program.,,,,,,,,,,
2588,831554,6/25/2009,Senator Charles E. Schumer,Supports the application submitted by the Yaphank Fire Department for funding under the Assistance to Firefighters Grant Program.,,,,,,,,,,
2589,831555,6/25/2009,Senator Charles E. Schumer,Suports the application submitted by the South Fallsburg Fire District for funding under the Assistance to Firefighters Grant Program.,,,,,,,,,,
2590,831559,6/25/2009,Senator Charles E. Schumer,Supports the application submitted by the Albertson Fire Department for funding under the Assistance to Firefighters Grant Program.,,,,,,,,,,
2591,831562,6/25/2009,Senator Charles E. Schumer,Supports the application submitted by the Albertson Fire Department for funding under the Assistance to Fireglighters Grant Program.,,,,,,,,,,
2592,831563,6/25/2009,Senator Charles E. Schumer,Supports the application submitted by the Lake Huntington Fire Company for funding under the Assistance to Firefighters Grant Program.,,,,,,,,,,
2593,831567,6/25/2009,Senator Charles E. Schumer,Supports the application submitted by the Williston Park Fire Department for funding under the Assistance to Firefighters Grant Program.,,,,,,,,,,
2594,,,,,,,,,,,,,,
2595,831569,6/25/2009,Senator Charles E. Schumer,Supports the application submitted by the Eastchester Fire Department for funding under the Assistance to Firefighters Grant Program.,,,,,,,,,,
2596,831581,6/25/2009,Senator Charles E. Schumer,Supports the application submitted by the Fort Plain Volunteer Fire Department for funding under the Office of Domestic Preparedness Firefighter Vehicle Acquisition Program.,,,,,,,,,,
2597,831701,6/26/2009,Senator Charles E. Schumer,Supports the application submitted by the Angelica Fire Department for funding under the AFG Program.,,,,,,,,,,
2598,831912,6/29/2009,Senator Charles E. Schumer,Supports the application submitted by the Angelica Fire Department for funding under the Assistance to Firefighters Grant Program.,,,,,,,,,,
2599,831913,6/29/2009,Senator Charles E. Schumer,Supports the application submitted by the Spring Valley Fire Department for funding under the Assistance to Firefighters Grant Program.,,,,,,,,,,
2600,831917,6/29/2009,Senator Charles E. Schumer,Supports the application by the VanHornesville Volunteer Fire Department for funding under the Assistance to Firefighters Grant Program.,,,,,,,,,,
2601,831919,6/29/2009,Senator Charles E. Schumer,Supports the application submitted by the Jonesville Fire Department for funding under the Assistance to Firefighters Grant Program.,,,,,,,,,,
2602,831937,6/29/2009,Senator Charles E. Schumer,Supports the application submitted by the City of Oswego Fire Department for funding under the Assistance to Firefighters Grant Program.,,,,,,,,,,
2603,,,,,,,,,,,,,,
2604,831967,6/29/2009,Senator Charles E. Schumer,Supports application submitted by the South Onondaga Fire Department for funding under the Assistance to Firefighters Grant Program.,,,,,,,,,,
2605,831968,6/29/2009,Senator Charles E. Schumer,Supports application submitted by the City of Oswego Fire Department for funding under the Assistance to Firefighters Grant Program.,,,,,,,,,,
2606,832076,6/30/2009,Senator Charles E. Schumer,Sen Schumer writes on behalf of constituent (b°6>    regarding a TRIP inquiry.,,,,,,,,,,
2607,828921,6/4/2009,Congressman Jose E. Serrano,Constitutent    is requesting granting of his 1-485.,,,,,,,,,,
2608,830832,6/19/2009,Congressman Jose E. Serrano,Requesting status of 1-485.,,,,,,,,,,
2609,828741,6/2/2009,Senator Richard C. Shelby,Writes on behalf of constituent^0)    concerning materials used in the manufacture of fire gear.,,,,,,,,,,
2610,829016,6/5/2009,Senator Richard C. Shelby,(b)(6)    is requesting that he be allowed to activate his student visa in the USA rather than have to return to Canada.,,,,,,,,,,
2611,832034,6/30/2009,Senator Richard C. Shelby,|4)*0)    is requesting Congressman Shelbv to nut a stop to the destruction of Douglas AD-4N Skyraider airplane.,,,,,,,,,,
2612,,,,,,,,,,,,,,
2613,832078,6/30/2009,Senator Richard C. Shelby,9X6)    vrites on behalf of his constituent regarding the confiscation of a Douglas AD-4N Skyraider.,,,,,,,,,,
2614,828648,6/2/2009,Congressman Peggy Sherry,Letter to Senator Lieberman regarding DHS/GAO Coordination.,,,,,,,,,,
2615,830312,6/16/2009,Congressman Peggy Sherry,USCG Reprogramming AC&I-FRC,,,,,,,,,,
2616,831206,6/23/2009,Congressman Ike Skelton,Rep. Skelton writes on behalf of constituent 9)9)    regarding CBP proposed revocation of spring-assisted knives.,,,,,,,,,,
2617,830835,6/19/2009,Congressman Adam Smith,Congressman is writing in support of City of Federal Way application to be considered a designated Regional Center for the EB-5 program.,,,,,,,,,,
2618,828885,6/4/2009,Congressman Adrian Smith,Constituent 9)9)    is requesting review of her son-in-law's warrant of deportation and help with his release from Douglas County Department of Corrections.,,,,,,,,,,
2619,828422,6/1/2009,Congressman Christopher H. Smith,"Constituents 9)9)    ,s requesting expedite of his wife 9)9) 9)9)    1-130,",,,,,,,,,,
2620,,,,,,,,,,,,,,
2621,829186,6/8/2009,Congressman Christopher H. Smith,XX6)    is requesting status of husband XX0)    [-130.,,,,,,,,,,
2622,829347,6/9/2009,Congressman Christopher H. Smith,XX0)    is requesting status of 1-130 for his wife (bX0) (b)(6),,,,,,,,,,
2623,831749,6/23/2009,Congressman Christopher H. Smith,Regarding an immigrant visa for|XX0) adopted daughtei<b>(6t    1,,,,,,,,,,
2624,829419,6/9/2009,Congressman Mark E. Souder,Rep. Mark E. Souder and Rep. Candice S. Miller write to request a copy of the final report on the Department of Homeland Security's Northern Border Strategy.,,,,,,,,,,
2625,828339,5/29/2009,Congressman Arlen Specter,Sen. Specter writes concerning the removal of XX0),,,,,,,,,,
2626,829406,6/9/2009,Congressman Arlen Specter,Sen. Specter writes on behalf of constituenl XX0)    regarding a TRIP inquiry.,,,,,,,,,,
2627,831060,6/22/2009,Congressman Arlen Specter,Writes on behalf of a constituent who is experiencing difficulties obtaining permanent residency.,,,,,,,,,,
2628,831345,6/24/2009,Congressman Arlen Specter    |(b)(6)    js requesting status of husband XX6) fx>(0>_|u visa.,,,,,,,,,,,
2629,,,,,,,,,,,,,,
2630,831560,6/23/2009,Congressman Arlen Specter,Re: 9X6)    immigration case.,,,,,,,,,,
2631,828554,6/2/2009,Congressman Jackie Speier,Constituenl 9)9)    |s requesting status of asyleee petition for her son <b)<6>,,,,,,,,,,
2632,829130,6/8/2009,Congressman Jackie Speier,9)9)    s requesting release of complete historical immigration documents for her father 9)9),,,,,,,,,,
2633,828551,6/2/2009,Congressman Cliff Steams,Constituent 9)9)    is requesting copy of I-130 approval for his beneficiary 9)9),,,,,,,,,,
2634,829056,6/5/2009,Congressman Cliff Steams,"Constituent 9)9)    is requesting to know if she can know the result of her fiance petition prior to having to pay the $1,010 fee.",,,,,,,,,,
2635,829143,6/8/2009,Congressman Cliff Steams,9)9)    writes to ask if her husbani 9)9)    can stay in US until all his paperwork for the 1-485 can be submitted.,,,,,,,,,,
2636,,,,,,,,,,,,,,
2637,829845,6/11/2009,Congressman. Bennie G. Thompson,4)4)    is requesting status of wife 4)4)    1-601.,,,,,,,,,,
2638,830744,6/19/2009,Congressman Bennie G. Thompson,"Writes on behalf of Congresswoman Barbara Lee, Chairwoman of the Congressional Black. Caucus, regarding workforce diversity at the senior level at DHS.",,,,,,,,,,
2639,828710,6/3/2009,Congressman Glenn Thompson,b°6'1    is requesting waiver of biometrics since rules making it mandatory for biometrics prior to departing the US where not in place when he departed for Australia.,,,,,,,,,,
2640,828711,6/3/2009,Congressman Glenn Thompson,4)4)    j s requesting waiver of requirement of biometrics prior to departing the US based on the fact that the rule did not apply when he left originally.,,,,,,,,,,
2641,828879,6/4/2009,"Congressman William ""Mac"" Thornberry",Constituenttb)(0)    is requesting status of wifi tb)4> 4)4)    1-601.,,,,,,,,,,
2642,828743,6/3/2009,Congressman Todd Tiahrt,Constituent tb)4)    |is. requesting changes to adjudications processes within USCIS.,,,,,,,,,,
2643,,,,,,,,,,,,,,
2644,829764,6/11/2009,Congressman Todd Tiahrt,9)9)    ; requesting expedite and status of husband (b)(6)    1-601.,,,,,,,,,,
2645,830545,6/17/2009,Congressman Dina Titus,Supports the application submitted by the City of Las Vegas for funding under the Assistance to Firefighters Station Construction Grant.,,,,,,,,,,
2646,829268,6/9/2009,Congressman Edolphus Towns,Representative Towns and Representative Issa write to Secretary Napolitano and Attorney General Holder with questions regardingboth Department's responses to a GAO report concerning the interpretation of a memorandum of understanding related to drug smuggling violence along the southwest border.,,,,,,,,,,
2647,830871,6/19/2009,Congressman Edolphus Towns,Chariman Towns requests Secretary Napolitano testify at a hearing to examine issues related to drug smuggling on the sowthwest border.,,,,,,,,,,
2648,831700,6/26/2009,Congressman Trina Tyrer,"Hearing transcript for testimony on ""Southern Border Violence: Homeland Security Threats, vulnerabilities, and Responsibilities"" on March 25, 2009.",,,,,,,,,,
2649,828801,6/3/2009,Senator Mark Udall,Writes to recommend 9)9)    serve as the Regional Administrator for Region VIII of FEMA.,,,,,,,,,,
2650,830525,6/17/2009,Congressman Peter J. Visclosky,9)9)    is requesting status of his 1-485.,,,,,,,,,,
2651,,,,,,,,,,,,,,
2652,831711,6/26/2009,Congressman Peter J. Visclosky,Rep. Visclosky writes on behalf of constituent XXX regarding the proposed regulation on folding knives.,,,,,,,,,,
2653,831936,6/24/2009,Congressman Peter J. Visclosky,"XXX    whose husband, XX0)    filed an 1-601 waiver",,,,,,,,,,
2654,830099,6/12/2009,Congressman George V. Voinovich,"Follows-up to his phone call with SI on June 11, and expresses concern regarding the legislation that could change or eliminate the Visa Waiver Program and requests she advocate for funding a workable biometric air exit system.",,,,,,,,,,
2655,831940,6/29/2009,Congressman George V. Voinovich,Writes in support of Croatia's interest in joining the Visa Waiver Program.,,,,,,,,,,
2656,830364,6/16/2009,Senator Mark R. Warner,XXX    is requesting status of his 1-130 application for his wife XX0),,,,,,,,,,
2657,830428,6/17/2009,Senator Mark R. Warner,XX0)    is requesting status of his wife XX0) green card.,,,,,,,,,,
2658,831602,6/23/2009,Congressman Melvin L. Watt,regarding an 1-601 case.,,,,,,,,,,
2659,,,,,,,,,,,,,,
2660,831366,6/22/2009,Congressman Henry Waxman,"Henry A. Waxman, Chairman, Committee on Energy and Commerce, and Bart Stupak, Chairman, Subcommittee on Oversight and Investigations, write regarding a recently released GAO report, ""Combating Nuclear Smuggling: DHS Improved Testing of Advanced Radiation Detection Portal Monitors, but Preliminary Results Show' Limits of New Technology.""",,,,,,,,,,
2661,832082,6/30/2009,Congressman Henry Waxman,"Writes on behalf of constituent, *b)*6)    regarding a TRIP complaint, and inquires about average processing times for such complaints.",,,,,,,,,,
2662,828459,6/1/2009,Congressman Jim Webb,Sen. Webb expresses his concern with the lack of response to previous letters concerning the termination of his constituent!*13)*6) 1 (b}*6)    from DHS.    J,,,,,,,,,,
2663,828633,6/2/2009,Congressman Jim Webb,Sen. Webb w'rites on behalf of constituent *b)*6)    regarding his father's TRIP request.,,,,,,,,,,
2664,829397,6/10/2009,Congressman Jim Webb,4)4)    is requesting assistance with obtaining his wiftj*b)*^ f 4)4)    green card.,,,,,,,,,,
2665,830745,6/19/2009,Congressman Jim Webb,Status of 1-539.,,,,,,,,,,
2666,,,,,,,,,,,,,,
2667,829276,6/9/2009,Congressman Peter Welch,Congressman Welch writes in support of the Vermont Resettlement Program’s application for a USCIS grant.,,,,,,,,,,
2668,828833,6/3/2009,Congressman Joe Wilson,Constituent (t’X6>    and his sister 9)9) (t>)(6)    are jnformqng USCIS that they are ending their immigration sponsorship of    who1S qle wife of 9)9)    land sister-in-law of (b)(6),,,,,,,,,,
2669,829759,6/10/2009,Congressman Joe Wilson,Congressman Joe Wilson is requesting USCIS Publications.,,,,,,,,,,
2670,828826,6/4/2009,Congressman Robert Wittman,Employer 9)9)    is requesting status of 1-140 for 9)9) (b)9),,,,,,,,,,
2671,831533,6/25/2009,Congressman Robert Wittman,"Writes on behalf of constituent, 9)9)    who js concerned about the cost match limitations on the Small Business Innovation Research Program.",,,,,,,,,,
2672,832012,6/30/2009,Congressman Robert Wittman,9)9)    is requesting status of wife 9)9)    N-400.,,,,,,,,,,
2673,829370,6/9/2009,"Congressman Frank R, Wolf","Writes on behalf of constituent, 9)9)    who believes he is being scammed.",,,,,,,,,,
2674,,,,,,,,,,,,,,
2675,829846,6/11/2009,Congressman Frank R. Wolf,"Frank R. Wolf writes on behalf of his constituent, regarding expediting his clearance in order to begin employment with CBP.",,,,,,,,,,
2676,829941,6/12/2009,Congressman Frank R. Wolf,XX0)    is requesting verification of when (date) did his grandfather become a US citizen.,,,,,,,,,,
2677,830697,6/18/2009,Congressman Frank R. Wolf,Rep. Wolf writes on behalf of constituen <bi<6)    'egarding employment with the Federal Government.,,,,,,,,,,
2678,828709,6/3/2009,"Congressman Lynn C, Woolsey",Constituent XX0)    is writing regarding her adoption Of (b)(6),,,,,,,,,,
2679,829954,6/11/2009,Congressman David Wu,"Congressman Wu writes in support of keeping CIS in the central business district of Portland, He would like to know what is the status of the proposed move.",,,,,,,,,,
2680,832005,6/30/2009,Congressman David Wu,Congressman Wu writes in support of keeping Portand CIS facility in the central business district (CBD).,,,,,,,,,,
2681,828703,6/3/2009,Senator Ron Wyden,Constituent XX0)    is requesting that the number of I- 140 visas be increased.,,,,,,,,,,
2682,831797,6/22/2009,Senator Ron Wyden,XX0)    is trying to get the name on his permanent resident card corrected.,,,,,,,,,,
2683,,,,,,,,,,,,,,
2684,828467,6/1/2009,Congressman John Yarmuth,Representative John Yarmuth writes writes regarding the recently released DHS report on Rightwing Extremism.,,,,,,,,,,
2685,830543,6/17/2009,Congressman C. W. Bill Young,4)4)    is requesting correction of his immigration status to reflect that he is a US citizen. 4)4)    contends that there is an error which indicates he entered the country for the first time on 8/15/07 which is causing him problems with employment.,,,,,,,,,,
2686,830879,11/21/2008,,CBP - Report on Achieving Operational Control of the U.S. Borders,,,,,,,,,,
2687,830881,12/3/2008,,GAO-08-1170R-450705 Federal User Fees: Improvements Could Be Made to Performance Standards & Penalties in USCIS Service Center Contracts,,,,,,,,,,
2688,,,,,,,,,,,,,,
2689,830882,11/14/2008,,TSA - TWIC Safe Port Act (public Law 109-347),,,,,,,,,,
2690,,,,,,,,,,,,,,
2691,Policy Congressional Report,,,,,,,,,,,,,
2692,Opened Between 07/01/2009 and 07/31/2009,,,,,,,,,,,,,
2693,WF#,Receive Date,Congressman Name,Subject of Request,,,,,,,,,,
2694,833545,7/14/2009,Congressman Gary L. Ackerman,is requesting status of 1-730 for his relative:(bt<6> (b)(6),,,,,,,,,,
2695,,,,,,,,,,,,,,
2696,834237,7/21/2009,Congressman Gary L. Ackerman,(b)(6)    is requesting status of 1-730 for,,,,,,,,,,
2697,834239,7/21/2009,Congressman Gary L. Ackerman,|is requesting the status of (b^6>    1-730.,,,,,,,,,,
2698,,,,,,,,,,,,,,
2699,,,,,,,,,,,,,,
2700,834240,7/21/2009,Congressman Gary L. Ackerman,(b)(6)    [s requesting the status of 1-730’s for her relatives Ling Sun and Yousong Liu.,,,,,,,,,,
2701,834256,7/21/2009,Congressman Gary L. Ackerman,<b>(b)    is requesting status fo 1-730 for (b)<6t,,,,,,,,,,
2702,,,,,,,,,,,,,,
2703,834291,7/21/2009,Congressman Gary L. Ackerman,"(b)(6)    Is requesting status and expedite of 1-730 for his , ¦    (b)(6) relatives",,,,,,,,,,
2704,,,,,,,,,,,,,,
2705,,,,,,,,,,,,,,
2706,834484,7/23/2009,Congressman Gary L. Ackerman,(b^6>    is requesting status of his 1-730 for his relatives and (b)(6),,,,,,,,,,
2707,,,,,,,,,,,,,,
2708,,,,,,,,,,,,,,
2709,834678,7/24/2009,Congressman Gary L. Ackerman,(b)(6)    is rermestinp status and assistance with T-730 petition j.    f    .    (b)(6) pending for her sot,,,,,,,,,,
2710,,,,,,,,,,,,,,
2711,,,,,,,,,,,,,,
2712,835149,7/29/2009,Congressman Gary L. Ackerman,(b!<6t    is requesting a motion to reopen and motion to stay.,,,,,,,,,,
2713,835174,7/29/2009,Congressman Gary L. Ackerman,(b)(0)    s requesting status of his 1-730 for his relatives (b)(6),,,,,,,,,,
2714,835177,7/29/2009,Congressman Gary L. Ackerman,(b'(6>    is requesting status of 1-730 for (b)(6),,,,,,,,,,
2715,,,,,,,,,,,,,,
2716,835191,7/29/2009,Congressman Gary L. Ackerman,is requesting status of his asylum case.,,,,,,,,,,
2717,835279,7/30/2009,Congressman Gary L. Ackerman,is requesting status of her application for assylum.,,,,,,,,,,
2718,833006,7/10/2009,Congressman Daniel K. Akaka,Writes regarding the Department's recent guidance regarding DHS employees’ use of personal protective equipment (PPE) in response to H1N1.,,,,,,,,,,
2719,834995,7/28/2009,Congressman Daniel K. Akaka,"is requesting that USC1S California Service Center continue his LWOP (leave without, pay) status until his Worker's Comp, appeal has been settled.",,,,,,,,,,
2720,,,,,,,,,,,,,,
2721,835201,7/28/2009,Senator Lamar Alexander,Senator Lamar Alexander writes on behalf of(b)(6)    how is concerned about the harassment and mistreatment of Alanna Lowe when she tries to travel from Puerto Rico to the U.S.,,,,,,,,,,
2722,833304,7/13/2009,Congressman Rodney Alexander,Supports application submitted by the Village of Choudrant for funding under the Assistance to Firefighters Grant Program.,,,,,,,,,,
2723,835240,7/30/2009,Congressman Joe Baca,lis requesting status of 1-601 for his wife (b)(6),,,,,,,,,,
2724,835156,7/28/2009,Congressman Tammy Baldwin,"Writes on behalf of constituenl, who experienced difficulties submitting an online application for funding under the American Recovery and Reinvestment Act (ARRA) Fire Station Construction Grant Program.",,,,,,,,,,
2725,832419,7/6/2009,Congressman J. Gresham Barrett,(b)(6)    |is requesting expedite of advanced parole for her daughter(bt(61    I,,,,,,,,,,
2726,833702,7/10/2009,Congressman J. Gresham Barrett,beeks to immigrate to the United States.,,,,,,,,,,
2727,832587,7/7/2009,Congressman Joe L. Barton,(b)(6)    is requesting status of husband(<b><6’ immigration case.,,,,,,,,,,
2728,,,,,,,,,,,,,,
2729,832755,7/8/2009,Congressman Joe L. Barton,W®    is requesting staus of her husbandlb)(6t (b)(6)    1-601.,,,,,,,,,,
2730,833279,7/13/2009,Congressman Evan Bayh,is requesting expedite and assistance with his wifi(bXB) (bX6) 1-601.,,,,,,,,,,
2731,835490,7/31/2009,Congressman Evan Bayh,Supports the application submitted by the City of Muncie for funding under the Assistance to Firefighters Fire Station Construction Grant Program.,,,,,,,,,,
2732,832431,7/6/2009,Senator Mark Begich,(bX6)    is requesting status of his Hl-B visa.,,,,,,,,,,
2733,834343,7/21/2009,Senator Mark Begich,Senator Mark Begich writes to express concern regarding TSA's Security Directive 1542-04-08F/G.,,,,,,,,,,
2734,832670,7/9/2009,Senator Michael Bennet,(b)(6)    |is retjUestinST the status of her husband (bX6) |(b)(6) 1-601.,,,,,,,,,,
2735,832902,7/8/2009,Congressman Robert F. Bennett,"(bX6)    regrding 1-601 application for her husband, Mr. (b)(6)",,,,,,,,,,
2736,,,,,,,,,,,,,,
2737,834442,7/22/2009,Congressman Robert F. Bennett,(b)(6)    is requesting assistance with husbanc|(b)(6) 601.,,,,,,,,,,
2738,833206,7/10/2009,Congressman F. Aleeta Bianchi,Writes to request assistance regarding immigration/green card.,,,,,,,,,,
2739,832182,7/1/2009,Congressman Jeff Bingaman,is requesting assistance and status of her husband (b)(6)    1-601.,,,,,,,,,,
2740,834562,7/22/2009,Congressman Jeff Bingaman,"Provides information regarding the Playas Training Research Center, which can help conduct specialized training* exercises* and research to help implement the Southwest Border Counternarcotics Strategy.",,,,,,,,,,
2741,835493,7/31/2009,Congressman Jeff Bingaman,Writes on behalf of constituent;{bKd)    who seek assistance in acquiring residency after leaving the Witness Protection Program and losing Employment Authorization.,,,,,,,,,,
2742,834441,7/22/2009,Congressman Earl Blumenauer,"is requesting status of his wife ^b}(6) and daughters 1-601. He would also like to know if his 1 8 pages of evidence was recieved by ,b)(6>",,,,,,,,,,
2743,834992,7/28/2009,Congressman John Boccieri,N-652* Naturalization Interview Results- misspelling on form.,,,,,,,,,,
2744,,,,,,,,,,,,,,
2745,834504,7/23/2009,Congressman Mary Bono Mack,"(bXm    is requesting status of wife(b,(b)",,,,,,,,,,
2746,,,,Gonzalez's 1-601.,,,,,,,,,,
2747,834061,7/17/2009,Congressman John Boozman,"Representative John Boozman (+8) write to request a status report by July 24, 2009, regarding TSA's plans to test deployable recorder technology this summer.",,,,,,,,,,
2748,832593,7/7/2009,Congressman Charles W. Boustany,(bX6)    is requesting status of 1-797.,,,,,,,,,,
2749,832139,6/30/2009,Senator Barbara Boxer,Senator Boxer writes on behalf of her constituent.<b)f6t concerning a FOIA request.,,,,,,,,,,
2750,832691,7/7/2009,Senator Barbara Boxer,Supports Cathederal City's application for a $15 million grant under the Assistance to Firefighters program to construct a replacement fire station.,,,,,,,,,,
2751,833159,7/10/2009,Senator Barbara Boxer,Sen. Boxer writes on behalf of constituen (bX6}    regarding TRIP.,,,,,,,,,,
2752,834317,7/21/2009,Senator Barbara Boxer,Writes on behalf of Senator Boxer's constituent who is having difficulties obtaining a replacement permanent residency card.,,,,,,,,,,
2753,834463,7/22/2009,Senator Barbara Boxer,"Senator Boxer, Reps Nunes, Costa, Radanovich, and Cardoza write to request that DHS develop a plan to convert Fresno Yosemite International Airport from a from a user-fee airport to a nonreimbursable airport.",,,,,,,,,,
2754,,,,,,,,,,,,,,
2755,834572,7/23/2009,Senator Barbara Boxer,Supports the Maxwell Fire District's application for the Assistance to Firefighters Grant Program to purchase a Freightliner water tender.,,,,,,,,,,
2756,834702,7/24/2009,Senator Barbara Boxer,Supports application submitted by the Rough and Ready Volunteer Fire Department for funding under the Assistance to Firefighters Grant Program.,,,,,,,,,,
2757,834706,7/24/2009,Senator Barbara Boxer,Supports the grant request submitted by the Hayford Fire Department under the Assistance to Firefighters Grant Program for first responder assistance.,,,,,,,,,,
2758,834233,7/21/2009,Congressman Kevin Brady,Sgt. Chester Tinacba is requesting exxpedite of his wife Maria Angelica Tinacba's N400.,,,,,,,,,,
2759,833285,7/13/2009,Congressman Corrine Brown,Agard Colin is requesting status of immigrant visa application for his wife Myrlande Chariite Colin.,,,,,,,,,,
2760,833277,7/13/2009,Congressman Henry E. Brown,Debra Howard Sorenson is requesting assistance with daughter Mirela Sorenson's 1-485.,,,,,,,,,,
2761,834209,7/21/2009,Congressman Henry E. Brown,Laura Lynn Howard is requesting permission to use a letter from the US Embassy in Romania in order to meet the request for supporting documentation deadline for her daughter Mirela Howard's 1-485.,,,,,,,,,,
2762,,,,,,,,,,,,,,
2763,,,,,,,,,,,,,,
2764,833733,7/14/2009,Senator Sherrod Brown,Sen. Brown writes on behalf of constituent(b>(6)    regarding his patented Aircraft Security System.,,,,,,,,,,
2765,834055,7/17/2009,Senator Sherrod Brown,Supports the application submitted by the City of Norwalk for funding under the Assistance to Firefighters Grant Program.,,,,,,,,,,
2766,833642,7/10/2009,Congressman Ginny Brown-Waite,"fb^6’    rttempting finalize of adoption of their sons,(b!(6t",,,,,,,,,,
2767,832583,7/7/2009,Congressman Sam Brownback,"]is requesting status of 1-765. Also, congressional staff is stating that ""customer service from all the Service Centers and the Kansas City District office has really drastically decreased.""",,,,,,,,,,
2768,832797,7/8/2009,Congressman Sam Brownback,Request that DHS extend the humanitarian administrative relief for the victims of the 9/11 terrorist attacks prior to expiration of their current grants of humanitarian parole or deferred action.,,,,,,,,,,
2769,835002,7/28/2009,Congressman Jim Bunning,"(bl,6)    is requesting a fee waiver for her two daughers I- 130 and 1-485.",,,,,,,,,,
2770,,,,,,,,,,,,,,
2771,834203,7/21/2009,Congressman Michael C. Burgess,95 annonymous employees of the Texas Service Center (b)(6) write to ask for a change to their evaluation system currently used to measure performance in order to provide high quality work while keeping the nation secure.,,,,,,,,,,
2772,834438,7/22/2009,Congressman Michael C. Burgess,is requesting status and expedite of the 1-730 he filed for his son (bX6>,,,,,,,,,,
2773,832321,7/2/2009,Congressman Robert C. Byrd,Writes to approve the proposal to increase the Working Capital Fund's reimbursable authority and increase the staffing level.,,,,,,,,,,
2774,832399,7/6/2009,Congressman Robert C. Byrd,"Writes about approving the reprograming of funds from within the Coast Guard's fiscal year 2002 Acquisition, Construction, and Improvements appropriations.",,,,,,,,,,
2775,832435,7/6/2009,Congressman Robert C. Byrd,"(bX6)    is requesting waiver of the J-l visa, 2 year requirement of returning home to Slovakia before being allowed to apply for a new visa.",,,,,,,,,,
2776,833184,7/10/2009,Congressman Robert C. Byrd,"Writes to approve the proposal to reprogram $3,975,000 from deobligated funds appropriated in fiscal year 2005 for the Fast Response Cutter-A Project to the Fast Response Cutter-B project.",,,,,,,,,,
2777,833185,7/10/2009,Congressman Robert C. Byrd,"Writes to approve the proposed transfer of $4,000,000 from the Department of Treasury's Forfeiture funds' Super Surplus initiatives.",,,,,,,,,,
2778,,,,,,,,,,,,,,
2779,833189,7/10/2009,Congressman Robert C. Byrd,"Writes to approve the transfer of $157,500 in multi-year funds from CBP Salaries and Expenses account to the FEMA State and Local Programs account.",,,,,,,,,,
2780,833287,7/10/2009,Congressman Robert C. Byrd,Re Immigrant Visa for,,,,,,,,,,
2781,833965,7/16/2009,Congressman Robert C. Byrd,"Approves the proposal to reprogram $2,000,000 from FY 2008 Federal Air Marshal Service (FAMS) lapsed balances to the FY 2009 appropriation for FAMS.",,,,,,,,,,
2782,834636,7/23/2009,Congressman Robert C. Byrd,"Senator Byrd writes regarding the ability of the Air National Guard to perform its critical domestic Incident Awareness and Assessment/Intelligence, Surveillance and Reconnaissance mission.",,,,,,,,,,
2783,834735,7/24/2009,Congressman Robert C. Byrd,"Approves the transfer of $4,998,000 within the US-VISIT appropriation from the U.S. Travel Documents and e-Passport activities as identified in the FY 2007 expenditure plan to the Identity Management and Screening Services Program activities in the FY 2009 expenditure plan.",,,,,,,,,,
2784,834736,7/24/2009,Congressman Robert C. Byrd,Denies the restoration of FY 2008 lapsed balances in several salaries and expense accounts and transfer of those balances to other accounts to pay the costs of various Departmental activities,,,,,,,,,,
2785,,,,,,,,,,,,,,
2786,835552,7/31/2009,Congressman Robert C. Byrd,Writes to deny request of the restoration of funds in fiscal year 2008 within the Office of the Chief Information Officer salaries and expenses and notes that the committee will reconsider an amended request if submitted expeditiously.,,,,,,,,,,
2787,835554,7/31/2009,Congressman Robert C. Byrd,"Writes to approve the request proposing to reprogram $17, 750,000 within TSA fiscal year 2009 Aviation Security appropriation and transfer $2,250,000 from fiscal year 2009 TSA Aviation Security appropriation to Transportation Security Support appropriation.",,,,,,,,,,
2788,835557,7/31/2009,Congressman Robert C. Byrd,"Writes to approve the request to use $749,889 of lapsed balances for strengthening USCIS’s public website, pursuant to sections 503 and 505 of the Homeland Security Appropriations Act.",,,,,,,,,,
2789,835568,7/31/2009,Congressman Robert C. Byrd,"Writes to approve transfer of funds to reprogram $1,727,000 of lapsed balances from the fiscal year 2008 CBP salaries and expenses account to the fiscal year 2009 CBP salaries and expenses account.",,,,,,,,,,
2790,835571,7/31/2009,Congressman Robert C. Byrd,"Writes to disapprove the use of lapsed and/or prior year unobligated balances from other agencies to fund USSS requirements. Also writes to approve the use of $1,750,000 of USSS funds proposed.",,,,,,,,,,
2791,835573,7/31/2009,Congressman Robert C. Byrd,"Writes to approve the various request outlined in the June 30, 2009 letter. Also writes to indicate that the request to make available and transfer to the USSS $3,632,000 in lapsed fiscal year 2008 ICE, salaries and expenses balances was not approved.",,,,,,,,,,
2792,,,,,,,,,,,,,,
2793,834652,7/24/2009,Senator Maria Cantwell,(bX6J    is requesting status and expedite of husband <bX6>    1-601.,,,,,,,,,,
2794,835138,7/28/2009,Senator Maria Cantwell,"Sen. Cantwell writes on behalf of constituent.Ib,l6)    1 regarding his concerns while traveling through the NEXUS lanes.",,,,,,,,,,
2795,832665,7/9/2009,Congressman Shelley Moore Capito,(bX6)    is requesting assistance in getting US citizenship for herself.,,,,,,,,,,
2796,832745,7/8/2009,Congressman Lois Capps,<bXfci)    is requesting that her FOIA request for her mother' (b'(6J    immigration file be expedited.,,,,,,,,,,
2797,834226,7/21/2009,Congressman Lois Capps,(b>(U    is requesting expedite and status of her husband (b)(6)    i L601 in time for him to attend the Adenotosillectomy.,,,,,,,,,,
2798,832757,7/8/2009,Congressman Dennis A. Cardoza,(bX6^    is requesting status and expedite of husband (b)(6)    1-601.,,,,,,,,,,
2799,834146,7/20/2009,Congressman Dennis A. Cardoza,(b)(6)    is requesting status and assistance with her husband (b)(6)    j_601,,,,,,,,,,
2800,,,,,,,,,,,,,,
2801,833259,7/13/2009,Senator Robert P. Casey,Requests an expedited review of the resettlement application submitted by |(b)(6)    |a blind Iraqi refugee and former translator.,,,,,,,,,,
2802,833299,7/13/2009,Senator Robert P. Casey,"Robert P. Casey, Jr. writes on behalf of the York County Board of Commissioners regarding a contractual issue involving ICE and the York County Prison.",,,,,,,,,,
2803,834711,7/24/2009,Senator Robert P. Casey,Senator Casey writes concerning missing Iraqi exchange studeni(b)(6) (b)(6)    -,,,,,,,,,,
2804,832784,7/8/2009,Congressman Kathy Castor,is requesting status and expedite of husband *b)(6) 1-601.,,,,,,,,,,
2805,833708,7/8/2009,Congressman Kathy Castor,seeks to have his sister immigrate with his mother.,,,,,,,,,,
2806,832255,7/1/2009,Senator Saxby Chambliss,Supports the application submitted by the Screven Fire Department for funding under the Assistance to Firefighters Grant Program.,,,,,,,,,,
2807,832342,7/2/2009,Senator Saxby Chambliss,Supports application submitted by the City of Catsworth Fire Department for funding under the Assistance to Firefighters Grant Program.,,,,,,,,,,
2808,,,,,,,,,,,,,,
2809,832556,7/6/2009,Senator Saxby Chambliss,Supports the Newnan Fire Department's grant application for the Assistance to Firefighters Grant under the Equipment Acquisition Program.,,,,,,,,,,
2810,832841,7/8/2009,Senator Saxby Chambliss,Sen. Chambliss writes on behalf of (b)(6)    whose Customs Bond Application was rejected.,,,,,,,,,,
2811,833684,7/14/2009,Senator Saxby Chambliss,Supports application submitted by the city of Metter for funding under the Assistance to Firefighters Grant Program.,,,,,,,,,,
2812,833686,7/14/2009,Senator Saxby Chambliss,Supports application submitted by the Hahira Fire Department for funding under the Assistance to Firefighters Grant Program.,,,,,,,,,,
2813,833919,7/15/2009,Senator Saxby Chambliss,"Saxby Chambliss writes on behalf of his constituent Edgar Furtado, regarding his resignation as a CBP officers and difficulties he has encountered with finding employment as a result of comments on his SF-51.",,,,,,,,,,
2814,834210,7/21/2009,Senator Saxby Chambliss,is requesting extension of the 7/29 deadline he has recieved regarding another RFE.,,,,,,,,,,
2815,834275,7/21/2009,Senator Saxby Chambliss,is requesting status of wife (b)(6)    1-601.,,,,,,,,,,
2816,834926,7/27/2009,Senator Saxby Chambliss,Expresses concern regarding the proposed elimination of the Intercity Bus Security Grant Program.,,,,,,,,,,
2817,,,,,,,,,,,,,,
2818,834968,7/27/2009,Senator Saxby Chambliss,Supports application submitted by the Webster Country Fire & Emergency Medical Services for funding under the Assistance to Firefighters Grant Program.,,,,,,,,,,
2819,835413,7/30/2009,Senator Saxby Chambliss,Supports the Southern Regional Medical Center Foundation's grant application for FY09 Assistance to Firefighters Grant Program.,,,,,,,,,,
2820,833764,7/15/2009,Congressman William Lacy Clay,"Writes on behalf of their constituents,(b)<6)    to request assisstance with an Advanced Travel Parole to re-enter the United States.",,,,,,,,,,
2821,832835,7/8/2009,Congressman Mike Coffman,Rep. Mike Coffman writes on behalf of his constituent<b)(6) who claims he was fired for falsification on his background investigation.,,,,,,,,,,
2822,833703,innwM,Congressman Stephen I. Cohen,filing N-565 for citizenship document,,,,,,,,,,
2823,833730,7/14/2009,Senator Susan M. Collins,is requesting USCIS confirm to the Department Of Eduction that his son Vijay Reddy qualifies as an eligible citizen for the purposes of financial aid.,,,,,,,,,,
2824,834242,7/21/2009,Senator Susan M. Collins,"are requesting assistance with their adoption ol    of Port-au-Prince, Haiti.",,,,,,,,,,
2825,,,,,,,,,,,,,,
2826,835350,7/30/2009,Congressman Gerry Connolly,"Requests clarification regarding the implementation of the Federal Acquisition Regulation Case 2007-013, Employment Eligibility Verification, requiring federal contractors to use the E-Verify system.",,,,,,,,,,
2827,834252,7/21/2009,Senator Bob Corker,is requesting status of her case.,,,,,,,,,,
2828,834390,7/22/2009,Senator Bob Corker,is requesting status and expedite of his 1-601.,,,,,,,,,,
2829,832721,7/9/2009,Senator John Cornyn,is requesting status of husband(b)<6) 1-601.,,,,,,,,,,
2830,832726,7/8/2009,Senator John Cornyn,Ts requesting reconsideration of his wife(b)(6) 1-601 denial.,,,,,,,,,,
2831,832735,7/9/2009,Senator John Cornyn,a soldier of the Salvadoran army - is requesting that he and his family be allowed to stay in the US.,,,,,,,,,,
2832,832749,7/8/2009,Senator John Cornyn,"is requesting assistance in obtaining a dedicated communter pass as well as with expediting his wife(b,(6- 1-130.",,,,,,,,,,
2833,,,,,,,,,,,,,,
2834,832819,7/8/2009,Senator John Cornyn,Re:(b)(6)    and proof of his Visa status.,,,,,,,,,,
2835,833111,7/9/2009,Senator John Cornyn,"writes about the Dangerous Performance Work Plan Evaluation System, (in Dallas Texas)",,,,,,,,,,
2836,833123,7/9/2009,Senator John Cornyn,Re (b)(6)    case.,,,,,,,,,,
2837,833309,7/13/2009,Senator John Cornyn,Writes on behalf of a constituent regarding presumed unlawful blockage and seizure of funds by the Department of Treasury.,,,,,,,,,,
2838,833959,7/16/2009,Senator John Cornyn,Senator Cornyn writes on behalf of constituen (b)<6>    who has a potential TRIP inquiry.,,,,,,,,,,
2839,834235,7/21/2009,Senator John Cornyn,is requesting the status of his petition for US citizenship based on the fact that his father is a US Citizen.,,,,,,,,,,
2840,834244,7/21/2009,Senator John Cornyn,"s requesting the status of his wife (b)(6) I-129f, K-3, and 1-601.",,,,,,,,,,
2841,834495,7/23/2009,Senator John Cornyn,s requesting proof of his US citizenship.,,,,,,,,,,
2842,834672,7/24/2009,Senator John Cornyn,is requesting assistance with pending refugee status.,,,,,,,,,,
2843,,,,,,,,,,,,,,
2844,835261,7/30/2009,Senator John Cornyn,is requesting status of wife(b)(6) 1-601.,,,,,,,,,,
2845,835531,7/31/2009,Senator John Cornyn,_Is requesting status of LI B for (b)(6) (b)(6),,,,,,,,,,
2846,832425,7/6/2009,Congressman Jim Costa,is requesting assistance with husband <b)(t5) 1-212 and 1-601.,,,,,,,,,,
2847,832731,7/8/2009,Senator Michael D. Crapo,is requesting status of husbands visa.,,,,,,,,,,
2848,834649,7/24/2009,Senator Michael D. Crapo,is requesting an alternate (safer) venue for his interview which is to take place in Ciudad Juarez.,,,,,,,,,,
2849,,,,,,,,,,,,,,
2850,834680,7/23/2009,Senator Michael D. Crapo,is requesting status of husband (b)(6) -601. -,,,,,,,,,,
2851,835284,7/30/2009,Senator Michael D. Crapo,is requesting the waiving of the fee for his replacement Naturalization Certificate.,,,,,,,,,,
2852,832580,7/9/2009,Congressman Joseph Crowley,is requesting review of his 1-730 petition for his wife and son.,,,,,,,,,,
2853,832603,7/7/2009,Congressman Joseph Crowley,is requesting status of husband (b)(6)    I- 730.,,,,,,,,,,
2854,832980,7/9/2009,Congressman Joseph Crowley,regarding the denial of son (b)(6)    1-730 petition.,,,,,,,,,,
2855,833053,7/8/2009,Congressman Joseph Crowley,"regarding the status of Refugee/Asylee Relative Petition, 1-730, for his daughter.",,,,,,,,,,
2856,833121,7/10/2009,Congressman Joseph Crowley,filed 1-730 for her childrer(b)(6)    and (b)(6),,,,,,,,,,
2857,,,,,,,,,,,,,,
2858,833146,7/10/2009,Congressman Joseph Crowley,regarding the status of his wife and daughter's I- 730 petitions.,,,,,,,,,,
2859,833148,7/9/2009,Congressman Joseph Crowley,regarding the denial of (b)(6)    baughter's 1-730 petition.,,,,,,,,,,
2860,834942,7/28/2009,Congressman Joseph Crowley,_Jis requesting humanitarian parole for (b)(6) on behald ol(b)(6),,,,,,,,,,
2861,832724,7/8/2009,Congressman Henry Cuellar,is requesting status of 1-485 for her husbanc <b)'°' |(b)(6)    |,,,,,,,,,,
2862,833625,7/14/2009,Congressman Henry Cuellar,_Jis requesting reconsideration of denial of his wife 3-601.,,,,,,,,,,
2863,,,,,,,,,,,,,,
2864,833162,7/9/2009,Congressman Lincoln Davis,Re an 1-601 for(b)(6),,,,,,,,,,
2865,833681,7/9/2009,Congressman Lincoln Davis,filed 1-601 for her husband (b)(6> and request current status,,,,,,,,,,
2866,835341,7/30/2009,Congressman Lincoln Davis,is requesting status of his 1-601.,,,,,,,,,,
2867,835519,7/31/2009,Congressman Lincoln Davis,_|s requesting the status of her husbandj(b)(6)    I- 601.,,,,,,,,,,
2868,834719,7/24/2009,Congressman Rosa L. DeLauro,Supports application submitted by the Town of Stratford for funding under the Assistance to Firefighters Grant Program.,,,,,,,,,,
2869,834725,7/24/2009,Congressman Rosa L. DeLauro,Supports the application submitted by the Town of Stratford under the Fire Prevention and Safety Grant Program to implement an address marker campaign.,,,,,,,,,,
2870,834747,7/24/2009,Congressman Rosa L. DeLauro,Supports the application submitted by the Town of Stratford for funding under the Assistance to Firefighters Grant Program.,,,,,,,,,,
2871,833762,7/15/2009,Congressman Jim DeMint,Gloria Zavala Castellanos is requesting expedite of her 1-601 filed by Severiano Castellanos and that has been pending 6 years.,,,,,,,,,,
2872,,,,,,,,,,,,,,
2873,833767,7/15/2009,Congressman Jim DeMint,"is requesting that his 1-129 fiance petition be exneditied so that hsi fiance(t""10’    be allowed to enter the US in order be by his side during the illness of his grandmother.",,,,,,,,,,
2874,835003,7/28/2009,Congressman Jim DeMint,"is requesting status of his appeal for permanent residency 1-140,1-485,1-129.",,,,,,,,,,
2875,835292,7/30/2009,Congressman Joe Donnelly,is requesting status of her adoption case.,,,,,,,,,,
2876,834482,7/23/2009,Congressman David Dreier,is requesting status and expedite oh his wife 1-601.,,,,,,,,,,
2877,834474,7/22/2009,Congressman John J. Duncan,Rep. Duncan writes on behalf of constituent    Regarding the travel difficulties of his friend (b)(6),,,,,,,,,,
2878,834476,7/22/2009,Congressman John J. Duncan,Writes on behalf of(b)(6)    who submits a proposal regarding Solar PV Public Works Application.,,,,,,,,,,
2879,,,,,,,,,,,,,,
2880,835451,7/31/2009,Senator Richard J. Durbin,are requesting status and expedite of their I-,,,,,,,,,,
2881,,,,130 and 1-485 for their adoptive son's (b)(6),,,,,,,,,,
2882,833796,7/15/2009,Congressman Chet Edwards,is requesting expedite and status of husband (b><6) 1-601. -,,,,,,,,,,
2883,832165,7/1/2014,Congressman Donna F. Edwards,is requesting status of his immigration case.,,,,,,,,,,
2884,832722,7/8/2009,Congressman Donna F. Edwards,s requesting reconsideration of his entry denial.,,,,,,,,,,
2885,833760,7/15/2009,Congressman Donna F. Edwards,is requesting expedite of his families I-797's.,,,,,,,,,,
2886,833788,7/15/2009,Congressman Donna F. Edwards,is requesting assistance in getting a copy of her final adoption decree which she believes USCIS has as part of her immigration to the USA from Africa.,,,,,,,,,,
2887,834164,7/20/2009,Congressman Donna F. Edwards,are requesting status of I-130's for children.,,,,,,,,,,
2888,,,,,,,,,,,,,,
2889,834230,7/21/2009,Congressman Donna F. Edwards,is requesting advance parole in order to attend a work related exhibition in Canada.(b)(6)    has a pending 1-485.,,,,,,,,,,
2890,834502,7/23/2009,Congressman Donna F. Edwards,is requesting status of 1-730 for his relative(b)(6),,,,,,,,,,
2891,835152,7/28/2009,Congressman Donna F. Edwards,Writes on behalf of constituent(b)(6)    Regarding the status of his asylee derivative petitions filed in Cameroon.,,,,,,,,,,
2892,835130,7/28/2009,Congressman John Ensign,sprites on behalf of his constituents(b)(6) regarding problems with travel reimbursement as a FPS/ICE employee.,,,,,,,,,,
2893,834264,7/21/2009,Congressman Anna Eshoo,Js requesting status and expedite of I-140/1-290 for he and his wife.,,,,,,,,,,
2894,835049,7/28/2009,Congressman Russell D. Feingold,Senator Russell D. Feingold writes to continue the dialogue regarding U.S. CBP’s policy that permits officials to search laptops and other electronic devises at our Nation's border without any suspicion of wrongdoing.,,,,,,,,,,
2895,832238,7/1/2009,Senator Dianne Feinstein,is requesting help/status with her husband 1-601.,,,,,,,,,,
2896,,,,,,,,,,,,,,
2897,832361,7/2/2009,Senator Dianne Feinstein,Sen. Feinstein writes on behalf of a consituent regarding the Friendship Festival in San Diego.,,,,,,,,,,
2898,832434,7/6/2009,Senator Dianne Feinstein,"_|s requesting expedite of wife(b,(6)    1-129 and I- 130.",,,,,,,,,,
2899,834189,7/21/2009,Senator Dianne Feinstein,3] is requesting assistance with father^ immigration case. He was denied entry into the USA after records show that he was previously an alien smuggler.,,,,,,,,,,
2900,833294,7/10/2009,Congressman J. Randy Forbes,"Assistance in expediting the residency process to ensure that Diego Zarate,s legal status in the US, and continued employment with Suffolk Public Schools is not affected.",,,,,,,,,,
2901,832640,7/7/2009,Congressman Jim Gerlach,Inquiry regarding an appeal pending with the AAO,,,,,,,,,,
2902,835131,7/28/2009,Congressman Gabrielle Giffords,is requesting status of husband(b)(6) 1-601.,,,,,,,,,,
2903,,,,,,,,,,,,,,
2904,835147,7/29/2009,Senator Kirsten E. Gillibrand,is requesting review and status of her Notice of Appeal and to recieve written notification of this appeal.,,,,,,,,,,
2905,835376,7/30/2009,Congressman Kirsten E. Gillibrand,"is requesting status of his I-290B appeal filed on his behalf by Anthony Road Company, Inc.",,,,,,,,,,
2906,832778,7/8/2009,Congressman Louie Gohmert,"|s requesting status and expedite of husband (b"" ’ Jl-601.",,,,,,,,,,
2907,833802,7/15/2009,Senator Lindsey O. Graham,is requesting to have her case file sent to Charleston Office of CIS.,,,,,,,,,,
2908,832400,7/2/2009,Senator Charles E. Grassley,"Writes on behalf of constituents,<b) regarding a refund request for a Replacement Naturalization Certificate application.",,,,,,,,,,
2909,833630,7/14/2009,Senator Charles E. Grassley,"writes to complain about difficulites she has experienced over 4 years with USCIS, and to request reconsideration of her denial based on use of 4.5 year information in determining case.",,,,,,,,,,
2910,,,,,,,,,,,,,,
2911,833946,7/16/2009,Senator Charles E. Grassley,Senator Grassley writes regarding the recent changes to the 287(g) program and requests a copy of the new Memorandum of Agreement template.,,,,,,,,,,
2912,834214,7/21/2009,Senator Charles E. Grassley,Writes on behalf of a constituent who is concerned about DHS not using services offered through GSA to procure office supplies.,,,,,,,,,,
2913,832343,7/2/2009,Congressman Judd Gregg,"Supports the Gilford, New Hampshire Fire Rescue's application for assistance under the Assistance to Firefighters Grant program to fund a digital simulation training program.",,,,,,,,,,
2914,834340,7/21/2009,Congressman Judd Gregg,"Supports application submitted by the Chester, New Hampshire Fire Department for funding under the Assistance to Firefighters Grant Program.",,,,,,,,,,
2915,834341,7/21/2009,Congressman Judd Gregg,"Supports application submitted by the Plaistow, New Hampshire Fire Department for funding under the Assistance to Firefighters Grant Program.",,,,,,,,,,
2916,834342,7/21/2009,Congressman Judd Gregg,"Supports application submitted by the Deerfield, New Hampshire Volunteer Fire Department for funding under the Assistance to Firefighters Grant Program.",,,,,,,,,,
2917,835139,7/28/2009,Congressman Judd Gregg,"Writes in support of the Groveton, New Hampshire Volunteer Fire Department's application (EMW-2009-FC-05544) under the Assistance to Firefighters Station Contrustrion Grant Program.",,,,,,,,,,
2918,,,,,,,,,,,,,,
2919,835148,7/28/2009,Congressman Judd Gregg,"Supports application submitted by the Milton, New Hampshire Fire-Rescue Department for funding under the Assistance to Firefighters Station Construction Grant Program.",,,,,,,,,,
2920,835343,7/30/2009,Congressman Judd Gregg,"Supports the Plaistow, New Hampshire Fire Department's application for funding under the Assistance to Firefighters Station Construction Grant Program.",,,,,,,,,,
2921,835345,7/29/2009,Congressman Judd Gregg,"Supports the Deerfield, New Hampshire Volunteer Fire Department's application for funding under the Assistance to Firefighters Station Construction Grant Program.",,,,,,,,,,
2922,832562,7/7/2009,Congressman Raul M. Grijalva,_Jis requesting status of 1-601 for his wife (t (b)(6),,,,,,,,,,
2923,834260,7/21/2009,Congressman Raul M. Grijalva,is requesting the status of his wife <b 1-601.,,,,,,,,,,
2924,834432,7/22/2009,Congressman Raul M. Grijalva,is requesting assistance with 1-130 he filed for his wife (b)(6),,,,,,,,,,
2925,,,,,,,,,,,,,,
2926,834717,7/24/2009,Congressman Raul M. Grijalva,Raul Grijalva (+42 ) write to encourage DHS to actively partner with DO1 and other applicable agencies to create and fund a robust borderwide environmental monitoring program and provide sufficient mitigation funding for damage caused by border security infrastructure and enforcement activities.,,,,,,,,,,
2927,834990,7/28/2009,Congressman Raul M. Grijalva,requests expedite of 1-601 waiver for her husband,,,,,,,,,,
2928,832639,7/9/2009,Congressman Ralph M. Hall,is requesting sttus of husband(b)<6)    IR 1 and K3 applications.,,,,,,,,,,
2929,833295,7/13/2009,Congressman Jane Harman,is requesting status and expedite of his wife's I- 601.,,,,,,,,,,
2930,833616,7/14/2009,Congressman Jane Harman,is requesting expedite of her husbanc^ (b)(6) |I-601.,,,,,,,,,,
2931,832768,7/8/2009,Congressman Alcee L. Hastings,and his wife (fa)(6)    are requesting expedite of their security clearances in order to resettle in the USA under refugee status.,,,,,,,,,,
2932,,,,,,,,,,,,,,
2933,834205,7/21/2009,Congressman Dean Heller,is requesting status of husband (b)(6) 1-601.,,,,,,,,,,
2934,832423,7/6/2009,Congressman Jeb Hensarling,95 anonymous employees of the Texas Sevice Center (through(b) write to ask for a change to their evaluation system currently used to measure performance in order to be able to provide high quality work while keeping the nation secure.,,,,,,,,,,
2935,834976,7/28/2009,Congressman Wally Herger,is requesting status of visa for (b)(6) 1-130.,,,,,,,,,,
2936,832346,7/2/2009,Congressman Maurice D. Hinchey,Rep. Hinchey writes on behalf of constituent(b)(6)    regarding his experience with airport security.,,,,,,,,,,
2937,832601,7/7/2009,Congressman Tim Holden,Scott Lake of Mukina Racing Stables is requesting 1-140 and other related documents for Jose G. Salazar.,,,,,,,,,,
2938,833114,7/9/2009,Congressman Tim Holden,filed FOIA request,,,,,,,,,,
2939,833768,7/15/2009,Congressman Tim Holden,is requesting the status of her 1-193.,,,,,,,,,,
2940,,,,,,,,,,,,,,
2941,833916,7/9/2009,Congressman Tim Holden,requests correction of her filed I-130 petition for her husband who is listed as her son.,,,,,,,,,,
2942,835010,1/23/2009,Congressman James Howe,USCG Report to Congress on Drug Interdiction Activity Expenditure (FY2008),,,,,,,,,,
2943,834454,7/22/2009,Senator James M. Inhofe,Js requesting status of reconstructed 1-601 case for his wife(b)(6),,,,,,,,,,
2944,835150,7/29/2009,Congressman Jay Inslee,Supports application submitted by the City of Bothell Fire and EMS and Snohomish County Fire Protection District #10 for funding under the Assistance to Firefighters Grant Program.,,,,,,,,,,
2945,835427,7/31/2009,Congressman Jay Inslee,is requesting status of wife(b)(6) J1-601 and 1-212.,,,,,,,,,,
2946,834464,7/22/2009,Senator Johnny Isakson,_ is requesting status and expedite of wifely 1-601.,,,,,,,,,,
2947,,,,,,,,,,,,,,
2948,835449,7/31/2009,Senator Johnny Isakson,J is requesting status of his naturalization petition N-400.,,,,,,,,,,
2949,833115,7/7/2009,Congressman Dennis/Sharon Jacksob,hardship letter regarding their house.,,,,,,,,,,
2950,833289,7/13/2009,Congressman Henry C. Johnson,is requesting reconsideration of the denial of his fee waiver request since he states that it came as a result of an error by Arlington Asylum.,,,,,,,,,,
2951,832132,7/1/2009,Congressman Timothy V. Johnson,"Writes on behalf of constituent    who plans to intern with DHS and is having difficulty going through a background check, in regards of foreign contacts in France.",,,,,,,,,,
2952,834653,7/24/2009,Congressman Timothy V. Johnson,s requesting the status of her 1-290 B application.,,,,,,,,,,
2953,834003,7/16/2009,Congressman Edward M. Kennedy,Requests assistance for his constituent 1 01    regarding his Freedom of Information Act Request.,,,,,,,,,,
2954,835289,7/30/2009,Congressman Edward M. Kennedy,write to complain and to request that the US government adopt the same regulations used by the Canadian Government in regards to photographs. That the US government request it's customers to use only Professional Photographers.,,,,,,,,,,
2955,,,,,,,,,,,,,,
2956,833636,7/1/2009,Congressman Ron Kind,"filed a 1-601 petition for her husband, (b)(6)",,,,,,,,,,
2957,834664,7/24/2009,Congressman Steve King,is requesting status of husband (b)(0) 1-601.,,,,,,,,,,
2958,835541,7/31/2009,Congressman Steve King,Representative Steve King looks forward to working with the Secretary to eliminate lookout posts on the U.S.-Mexico border.,,,,,,,,,,
2959,833560,7/14/2009,Congressman Jack Kingston,writes to complain and ask reconsideration of his wife <b)(6)    tourist visa denial.,,,,,,,,,,
2960,833564,7/14/2009,Congressman Jack Kingston,is requesting status and expedite of his N400 application.,,,,,,,,,,
2961,833621,7/14/2009,Congressman Jack Kingston,Js requesting reconsideration of his wife<b)(6) visa denial.,,,,,,,,,,
2962,834443,7/22/2009,Congressman Jack Kingston,Rep. Kingston writes on behalf of constituent(b)(6)    regarding the Guaranteed Home Sale program.,,,,,,,,,,
2963,,,,,,,,,,,,,,
2964,834453,7/22/2009,Congressman Jack Kingston,Representative Jack Kingston writes on behalf of his constituenl(b)(6) b)(6l regarding two specific questions regarding CBP retirement benefits and the 6c retirement benefit.,,,,,,,,,,
2965,835349,7/29/2009,Congressman Jack Kingston,"Representative Jack Kingston writes on behalf of his constituent<b)(6) regarding his request for a copy of a contract between Chenega Security and Protective Services, LLC and FLETC.",,,,,,,,,,
2966,832981,7/8/2009,Congressman Mark Steven Kirk,eeks statusof her N-600 immigratio papers.,,,,,,,,,,
2967,833963,7/16/2009,Congressman Ann Kirkpatrick,Supports the Beaver Valley Fire Department's application for funding under the Assistance to Firefighters Grant.,,,,,,,,,,
2968,832788,7/8/2009,Senator Amy Klobuchar,is requesting approval for submitting appeal 33 of I-601 denial although it is already over the 33 day submittal time.,,,,,,,,,,
2969,833677,7/14/2009,Senator Amy Klobuchar,is requesting expedite of her sister<b)(6) (b>(6> 1-130.,,,,,,,,,,
2970,834162,7/20/2009,Senator Amy Klobuchar,is requesting status of husband<b)( >    I- 601.,,,,,,,,,,
2971,834497,7/23/2009,Senator Amy Klobuchar,is requesting status of her husband's 1-601.,,,,,,,,,,
2972,,,,,,,,,,,,,,
2973,835262,7/30/2009,Senator Amy Klobuchar,s requesting status of husband's 1-601.,,,,,,,,,,
2974,835294,7/30/2009,Senator Amy Klobuehar,ire requesting that USCIS allow adoptive,,,,,,,,,,
2975,,,,"children to be immunized after they enter the US, rather than require immunization prior to entering the US.",,,,,,,,,,
2976,832596,7/7/2009,Congressman Suzanne Kosmas,is requesting revocation of his soon to be ex-wife and step-don (b)(6)    -797C based on the fact that he had requested USCIS to stop the proceedings.,,,,,,,,,,
2977,832824,7/8/2009,Congressman Frank Kratovil,Suggests the department develop a more equitable process for distributing H-2B visas throughout the year since many Maryland crabbers were unable to meet their labor needs as a result of the visa cap.,,,,,,,,,,
2978,834540,7/23/2009,Congressman Frank Kratovil,"Writes in support of a grant application submitted by the Kent Island Volunteer Fire Department in Chester, MD.",,,,,,,,,,
2979,,,,,,,,,,,,,,
2980,834541,7/23/2009,Congressman Frank Kratovil,Supports application submitted by the Parsonsburg Volunteer Fire Company for funding under the Assistance to Firefighters Grant Program.,,,,,,,,,,
2981,834563,7/23/2009,Congressman Frank Kratovil,"Supports application submitted by the Church Hill Volunteer Fire Company, Inc. for funding under the Assistance to Firefighters Fire Construction Grant.",,,,,,,,,,
2982,834605,7/23/2009,Congressman Frank Kratovil,"Supports application submitted by the Church Hill Volunteer Fire Company, Inc for funding under the Assistance to Firefighters Fire Construction Grant.",,,,,,,,,,
2983,834611,7/23/2009,Congressman Frank Kratovil,"Supports application submitted by the Kent Island Volunteer Fire Department, Inc for funding under the Assistance to Firefighters Fire Construction Grant.",,,,,,,,,,
2984,834632,7/23/2009,Congressman Frank Kratovil,"Supports the application submitted by the Church Hill Volunteer Fire Company, Inc. for funding under the Assistance to Firefighters Fire Construction Grant program.",,,,,,,,,,
2985,834637,7/23/2009,Congressman Frank Kratovil,Supports application submitted by the Kent Island Volunteer Fire Department for funding under the Assistance to Firefighters Fire Construction Grant program.,,,,,,,,,,
2986,834229,7/20/2009,Senator Mary L. Landrieu,"Senator Mary Landrieu writes on behalf of her constituent(b)(6) regarding hiring practices at DHS, specifically CBP.",,,,,,,,,,
2987,832967,7/9/2009,Congressman James R. Langevin,Supports the application submitted by the RI Economic Development Corporation for Port Security Grant funding.,,,,,,,,,,
2988,,,,,,,,,,,,,,
2989,835415,7/30/2009,Congressman James R. Langevin,Supports the application submitted by the Bradford Fire Department for funding under the Assistance to Firefighters Fire Station Construction Grant Program.,,,,,,,,,,
2990,833742,7/15/2009,Congressman Steven LaTourette,is requesting assistance with and reconsideration of his mother-in-law    denied 1-539.,,,,,,,,,,
2991,834050,7/17/2009,Senator Frank R. Lautenberg,Supports application submitted by the Township of Roxbury Fire Department for funding under the Assistance to Firefighters Grant Program.,,,,,,,,,,
2992,834887,7/27/2009,Senator Frank R. Lautenberg,_|s requesint status of son(b)(6)    affidavit proving their relationship.,,,,,,,,,,
2993,834963,7/27/2009,Senator Frank R. Lautenberg,Supports application submitted by the Singac Fire Company #3 of the Little Falls Volunteer Fire Department for funding under the Station Construction Grant Program.,,,,,,,,,,
2994,833302,7/13/2009,Senator Patrick J. Leahy,Supports proposals submitted by ScienceX for funding under the Small Business Innovation Research FY 09.2 solicitation.,,,,,,,,,,
2995,833306,7/13/2009,Senator Patrick J. Leahy,Supports proposals submitted by ScienceX for funding under the Small Business Innovation Research FY 09.2 solicitation.,,,,,,,,,,
2996,,,,,,,,,,,,,,
2997,835332,7/30/2009,Senator Patrick J. Leahy,is requesting the status of his appeal for an FOIA request.,,,,,,,,,,
2998,832887,7/8/2009,Congressman Barbara Lee,J request status of her asylum application for herself and her husband (b)(6) (b)(6),,,,,,,,,,
2999,834089,7/20/2009,Congressman Barbara Lee,~|is requesting status and expedite of 1-485 and 1-730 for his wife and 3 children.(b)(6)    and (b)(6),,,,,,,,,,
3000,834490,7/23/2009,Congressman Barbara Lee,is requesting status of her husband's 1-130.,,,,,,,,,,
3001,832979,7/8/2009,Senator Carl Levin,Re Danou Enterprises as an Immigrant Investor Regional Center.,,,,,,,,,,
3002,833138,7/10/2009,Senator Carl Levin,requesting that the cases of (b^6>    be reviewed.,,,,,,,,,,
3003,,,,,,,,,,,,,,
3004,833143,7/10/2009,Senator Carl Levin,[regarding his concerns with the processing of driver's license.,,,,,,,,,,
3005,834420,7/22/2009,Senator Carl Levin,is requesting status of 1-212 for his wife <b)(6),,,,,,,,,,
3006,832354,7/2/2009,Congressman Joseph I. Lieberman,Sen. Joseph Lieberman thanks the Secretary for being his guest on the Chaz and AJ in the Morning radio program on WPLR.,,,,,,,,,,
3007,833031,7/9/2009,Congressman Joseph I. Lieberman,"Chief Clerk, Committee on Homeland Security and Governmental Affairs, requests corrections to the hearing transcript ""Swine Flu: Coordinating the Federal Response"".",,,,,,,,,,
3008,833049,7/9/2009,Congressman Joseph I. Lieberman,"Zhief Clerk, Committee on Homeland Security and Governmental Affairs, requests corrections to the hearing transcript ""DHS Budget Submission for Fiscal Year 2010"".",,,,,,,,,,
3009,832158,7/1/2009,Congressman Richard G. Lugar,is requesting status and assistance with her husband 1-601.,,,,,,,,,,
3010,832785,7/8/2009,Congressman Richard G. Lugar,is requesting status of her petition fiancee (bX6) I-129F.,,,,,,,,,,
3011,832796,7/8/2009,Congressman Richard G. Lugar,is requesting status of wife's 129f.,,,,,,,,,,
3012,,,,,,,,,,,,,,
3013,832915,7/8/2009,Congressman Richard G. Lugar,^requests follow-up on his wife.(b)(6) 1601 application,,,,,,,,,,
3014,832921,7/8/2009,Congressman Richard G. Lugar,regarding adjustment of status application pending.,,,,,,,,,,
3015,833238,7/10/2009,Congressman Richard G. Lugar,Re:<b)(6)    regarding the 1-730 petitions he filed for his wife and daughters.,,,,,,,,,,
3016,835309,7/30/2009,Congressman Richard G. Lugar,Js requesting review and reconsideration of husband 1-601.,,,,,,,,,,
3017,835318,7/30/2009,Congressman Richard G. Lugar,is requesting an amendment to the Child Citizenship Act of 2000 to grant children from South Korea automatic Certificate of Citizenship.,,,,,,,,,,
3018,832130,6/26/2009,Congressman Ben Lujan,Write on behalf of the New Mexico Institute of Mining and Technology regarding reimbursement for the work the Institute performed on behalf of DHS.,,,,,,,,,,
3019,,,,,,,,,,,,,,
3020,835380,7/30/2009,Congressman Jane Holl Lute,"S2 has requested that S&T draft a response on behalf of DHS regarding questions posed by Chairman Carney (House of Representatives Committee on Homeland Security) to S2 during her testimony on July 29, 2009",,,,,,,,,,
3021,835527,7/30/2009,Congressman Jane Holl Lute,"S2 has requested that S&T draft a response on behalf of DHS regarding questions posed by Chairman Carney (House of Representatives Committee on Homeland Security) to S2 during her testimony on July 29, 2009. A letter is no longer being provided as this is being handled by OLA offline.",,,,,,,,,,
3022,833079,7/7/2009,Congressman Stephen F. Lynch,Re an IV Waiver (b)(6),,,,,,,,,,
3023,834708,7/24/2009,Congressman Stephen F. Lynch,Supports the application submitted by the City of Boston for funding under the Port Security Grant Program.,,,,,,,,,,
3024,832822,7/8/2009,Congressman Connie Mack,"Representative Connie Mack writes on behalf of constituent!b)!bl regarding his application for a position within CBP, who alleges that his civil rights were violated in the hiring process.",,,,,,,,,,
3025,834483,7/23/2009,Congressman Connie Mack,is requesting status and expedite of her husband -601.,,,,,,,,,,
3026,,,,,,,,,,,,,,
3027,834534,7/23/2009,Congressman Connie Mack,is requesting status of her husband ’ '    t 1601.,,,,,,,,,,
3028,834517,7/23/2009,Congressman Carolyn B. Maloney,is requesting the reopening of his 1-485 which was denied in May 2009.,,,,,,,,,,
3029,833778,7/15/2009,Congressman Edward J. Markey,Writes requesting information regarding the Department's Chemical Facility Anti-Terrorism Standards (CFATS) list of chemicals of interest.,,,,,,,,,,
3030,832879,3/23/2009,Congressman Mel Martinez,no action,,,,,,,,,,
3031,833695,7/14/2009,Congressman Eric Massa,Requests that I-140 be approved for(bi(6)    an employee of the Anthony Road Winery.,,,,,,,,,,
3032,834716,7/24/2009,Congressman Eric Massa,Rep. Massa writes to request the suspension of the construction of the border fence until DHS can fully evaluate its effectiveness and any problems that could result.,,,,,,,,,,
3033,832333,7/2/2009,Senator John McCain,Sen. John McCain recommends(b)(c>)    to serve as a member of DHS's State and Local Officials Senior Advisory Committee.,,,,,,,,,,
3034,833046,7/9/2009,Senator John McCain,Sen. McCain writes on behalf of constituent(b)(6) regarding an incident she had with customs.,,,,,,,,,,
3035,,,,,,,,,,,,,,
3036,833632,7/8/2009,Senator John McCain,attempting to apply for employment encounters problems,,,,,,,,,,
3037,834042,7/17/2009,Senator John McCain,Senators John McCain and Jon Kyi write and behalf of,,,,,,,,,,
3038,,,,"and ask why his name has been added to the ""No-Fly"" list.",,,,,,,,,,
3039,834134,7/20/2009,Senator John McCain,"Senator John McCain encloses a letter from his constituent,<b)(6) ^regarding the successful application of border security radar technology by United States Marine Corps, Yuma, Arizona.",,,,,,,,,,
3040,835282,7/30/2009,Senator John McCain,<b)(6)    is requesting expedite of humanitarian parole for his brother(b)(6),,,,,,,,,,
3041,835453,7/31/2009,Senator John McCain,is requesting status of J1 visa for(b)<6),,,,,,,,,,
3042,,,,,,,,,,,,,,
3043,835501,7/31/2009,Senator John McCain,is requesting status of his 1-730 for(b)(6),,,,,,,,,,
3044,834943,7/28/2009,Congressman Michael McCaul,is requesting status and expedite of her husband 1-601.,,,,,,,,,,
3045,,,,,,,,,,,,,,
3046,835146,7/28/2009,Congressman Michael McCaul,~|is requesting status of her husband |<6)(6) (b)(6> 1-601.,,,,,,,,,,
3047,835195,7/29/2009,Congressman Michael McCaul,is requesting reconsideration of his naturalization denial. He has since made a payment plan with the IRS for back taxes owed and would therefore like reconsideration.,,,,,,,,,,
3048,832747,7/8/2009,Senator Mitch McConnell,is requesting status of husband(b) 1-601.,,,,,,,,,,
3049,833283,7/13/2009,Senator Mitch McConnell,is requesting assistance regarding the Humanitarian Parole for his daughter <b)(6),,,,,,,,,,
3050,835001,7/28/2009,Senator Mitch McConnell,Form i-485 for (b)(6>,,,,,,,,,,
3051,833156,7/9/2009,Congressman Thaddeus G. McCotter,Regarding(b)(6)    1-751 application.,,,,,,,,,,
3052,834319,7/20/2009,Congressman John M. McHugh,Writes on behalf of(b)(6)    who has applied for employment as a Mission Support Specialist and Mission Support Assistant with DHS.,,,,,,,,,,
3053,,,,,,,,,,,,,,
3054,835179,7/29/2009,Congressman John M. McHugh,"_jis requesting that his information be forwarded to the ""appropriate office"" per James McCament's previous letter.",,,,,,,,,,
3055,834462,7/22/2009,"Congressman Howard ""Buck"" P. McKeon","is requesting status of husband ,bX6) 1-601.",,,,,,,,,,
3056,832959,7/8/2009,Senator Jeff Merkley,Regarding the denied of a application for adjustment of status (1-485) Of (b)(6),,,,,,,,,,
3057,834277,7/21/2009,Congressman John L. Mica,"is requesting help with employee(b)(6) EB-3,1-140 and I-290B appeal.",,,,,,,,,,
3058,832560,7/7/2009,Senator Barbara A. Mikulski,is requesting reconsideration of denial of I-800A.,,,,,,,,,,
3059,832573,7/7/2009,Senator Barbara A. Mikulski,is requesting additional review of his 1-129 denial based on changes in USCIS regulations.,,,,,,,,,,
3060,832661,7/7/2009,Senator Barbara A. Mikulski,Sen. Mikulski writes on behalf of her constituent(b)<6) regarding his suspension from DHS OCIO.,,,,,,,,,,
3061,,,,,,,,,,,,,,
3062,832668,7/7/2009,Senator Barbara A. Mikulski,Writes on behalf of <b)(6)    who was fired as a contractor from I&A for calling OPA and complaining about an article that was posted on the DHS intranet regarding the Letterman joke of Palin.,,,,,,,,,,
3063,832810,7/7/2009,Senator Barbara A. Mikulski,"Senator Barbara Mikulski writes on behalf of her constituent,(b)(6> regarding an EEO complaint filed against DHS's Office of the Chief Information Officer.",,,,,,,,,,
3064,833680,7/14/2009,Senator Barbara A. Mikulski,_Jis requesting expedite of husband<b)(6) 1-601 and 1-212.,,,,,,,,,,
3065,834448,7/22/2009,Senator Barbara A. Mikulski,2jis asking for expedite of husband(b,,,,,,,,,,
3066,,,,immigration case which is presently in the AAO.,,,,,,,,,,
3067,834451,7/22/2009,Senator Barbara A. Mikulski,is requesting reconsideration of 1-140 and 1-485 denial for(b)(6),,,,,,,,,,
3068,834500,7/23/2009,Senator Barbara A. Mikulski,"Requesting status of<b,(ti|    R-1 and R-2 visa's.",,,,,,,,,,
3069,835141,7/28/2009,Senator Barbara A. Mikulski,Writes with concerns about new H2-B Visa rules and their effects on small businesses.,,,,,,,,,,
3070,,,,,,,,,,,,,,
3071,832574,7/7/2009,Congressman Gary G. Miller,is requesting expedite of humanitarian parole for her son (b)(b>,,,,,,,,,,
3072,834400,7/22/2009,Congressman Gary G. Miller,is requesting status of 1-730 for her husband ' and daughter<b)(6),,,,,,,,,,
3073,833158,7/9/2009,Congressman George Miller,Regarding the status of(b)(6)    I- 601 application.,,,,,,,,,,
3074,832250,7/1/2009,Congressman Dennis Moore,Dennis Moore writes on behalf of constituent(b)<6) regarding his opposition to CBP's proposal to re-interpret the Switchbalde Knife Act of 1958.,,,,,,,,,,
3075,832322,7/2/2009,Congressman Dennis Moore,"Representative Dennis Moore writes on behalf of constituent, Steven L. Granzow, who opposes CBP's proposed revocation of a series of ruling letters that will impact ownership of folding/pocket knives.",,,,,,,,,,
3076,832838,7/8/2009,Congressman Dennis Moore,Rep. Moore writes on behalf of constituentlbll0)    regarding spring assisted knives.,,,,,,,,,,
3077,833960,7/16/2009,Congressman Dennis Moore,Writes on behalf of constituent|(b)(6)    regarding opposition to CBP's proposal to re-interpret the Switchblade Knife Act of 1958.,,,,,,,,,,
3078,,,,,,,,,,,,,,
3079,834064,7/17/2009,Congressman Dennis Moore,Dennis Moore writes on behalf of his constituent(b!'6’ regarding his opposition to CBP’s proposed revocation of ruling letters and revocation of treatment.,,,,,,,,,,
3080,834655,7/23/2009,Congressman Dennis Moore,Rep. Moore writes on behalf of constituent(b)(bl    ‘egarding truck cargo searches at the southwest border.,,,,,,,,,,
3081,835109,7/23/2009,Congressman Dennis Moore,"Dennis Moore writes on behalf of his constituent,<bX6^ regarding folding knives.",,,,,,,,,,
3082,835111,7/23/2009,Congressman Dennis Moore,Rep. Dennis Moore writes on behalf of his constituent<b)(6) regarding folding knives.,,,,,,,,,,
3083,835260,7/30/2009,Congressman Dennis Moore,s requesting assistance and status of her 1-130 petition filed on her behalf by her husband.,,,,,,,,,,
3084,834676,7/24/2009,Congressman Jerry Moran,is requesting status of husbancf b’(bl 1-601.,,,,,,,,,,
3085,834919,7/24/2009,Senator Lisa Murkowski,Sen. Murkowski writes on behalf of constituent<b)(6) regarding the tracking of serial numbers on weapons confiscated in Mexico.,,,,,,,,,,
3086,,,,,,,,,,,,,,
3087,834447,7/22/2009,Senator Patty Murray,Senator Murray writes on behalf of constituent(b)(6) regarding his TW1C.,,,,,,,,,,
3088,835431,7/31/2009,Senator Patty Murray,is requesting status of 1-140 filed for by FIC Investment Corporation.,,,,,,,,,,
3089,835199,7/29/2009,Congressman Sue Myrick,is requesting information on how it would be possible for her to stay in the US to continue physical therapy. Filed 1-539.,,,,,,,,,,
3090,835140,7/29/2009,Congressman Jerold Nadler,is requesting status of husband|(b)(6)    I- 130 petition.,,,,,,,,,,
3091,832962,7/9/2009,Congressman Richard E. Neal,"Write on behalf of Irish national lb,<bl    who requires assistance with residency and travel and work privileges.",,,,,,,,,,
3092,832982,7/8/2009,Senator Bill Nelson,Regarding the bl<0' amily for application records.,,,,,,,,,,
3093,,,,,,,,,,,,,,
3094,833610,7/9/2009,Senator Bill Nelson,American Red Cross of Central Florida petitions for<b),,,,,,,,,,
3095,,,,for immigration status and the appeal of the,,,,,,,,,,
3096,,,,decision that followed.,,,,,,,,,,
3097,834508,7/23/2009,Senator Bill Nelson,"is requesting a ""request for DNA testing"" from USCIS in order for him to meet the requirment and expedite his pending 1-730.",,,,,,,,,,
3098,834529,7/23/2009,Senator Bill Nelson,"s complaining that a subcontractor of the government has not paid her company, and is requesting that ""the governement withold final payment to the property owner until he satisfies his contractual agreements.""",,,,,,,,,,
3099,835351,7/30/2009,Senator Bill Nelson,is requesting assistance on how she and her 4 children can legally stay in the USA following the death of her husband. Both she and her husband held L1/L2 visas.,,,,,,,,,,
3100,833706,7/10/2009,Congressman James L. Oberstar,filed for his wife (b)(6)    to immigrate to the United States,,,,,,,,,,
3101,,,,,,,,,,,,,,
3102,835120,7/27/2009,Congressman David R. Obey,Rep. David Obey writes on behalf of constituents who are concerned that folding knives would become illegal under a CBP proposal.,,,,,,,,,,
3103,834681,7/24/2009,Congressman Solomon P. Ortiz,Request reconsideration of (b)(6)    denied 1-140 application.,,,,,,,,,,
3104,832907,7/7/2009,Congressman Frank Pallone,requests status of 1-601 application,,,,,,,,,,
3105,832791,7/8/2009,Congressman William Pascrell,~|s requesting verification of citizenship.,,,,,,,,,,
3106,832939,7/8/2009,Congressman William Pascrell,regarding clarification that she can reenter the US to visit her seriously ill father under an Hl-B visa.,,,,,,,,,,
3107,835542,7/31/2009,Congressman Mike Pence,Supports the application submitted by the City of Muncie for funding under the Assistance to Firefighters Fire Station Construction Grant Program.,,,,,,,,,,
3108,833683,7/14/2009,Congressman Thomas Petri,is requesting status of her husband (bX6) J1-601.,,,,,,,,,,
3109,832766,6/8/2009,Congressman Joseph R. Pitts,is requesting reconsideration of her denied 1-140 and I- 485.,,,,,,,,,,
3110,,,,,,,,,,,,,,
3111,833783,7/15/2009,Congressman Joseph R. Pitts,is requesting expedite of the FOIA he submitted.,,,,,,,,,,
3112,834527,7/23/2009,Congressman Joseph R. Pitts,is requesting status of the denied appeal (1-601) for his wife (b)(6),,,,,,,,,,
3113,833741,7/14/2009,Congressman Todd Russell Platts,is requesting status of his wife (b)(6) 1-601.,,,,,,,,,,
3114,835016,7/28/2009,Congressman Todd Russell Platts,s requesting status of Notice of Appeal I-129B.,,,,,,,,,,
3115,833739,7/15/2009,Congressman Bill Posey,is requesting assistance on behalf of her son(b)<6) regarding getting certificate of citizenship and interviews for his adopted children.,,,,,,,,,,
3116,833968,7/16/2009,Congressman David E. Price,"Writes to approve the DHS proposal to spend $4,000,000 from the Department of the Treasury's Super Surplus account to support programs of the U.S. Secret Service, ICE, and CBP.",,,,,,,,,,
3117,834221,7/21/2009,Senator Jack Reed,ire requesting expedite,,,,,,,,,,
3118,,,,and status of 1-129F for Roxana which has been delayed as a result of Vermont CService Center losing their documents.,,,,,,,,,,
3119,,,,,,,,,,,,,,
3120,834389,7/22/2009,Senator Jack Reed,"Attorney (b)(6)    writes concering the revocation of his client ^abor Certification.""",,,,,,,,,,
3121,834645,7/24/2009,Senator Jack Reed,Jis requesting status and expedite of his wife(b)<! 1-601.,,,,,,,,,,
3122,832741,7/8/2009,Senator Harry Reid,Senator Reid writes in support of deferred action status foif^ (b)(6),,,,,,,,,,
3123,832807,7/8/2009,Senator Harry Reid,Writes on behalf of a constituenf(b)(6)    1 who requests information related to an electoral post attack and missile defense system.,,,,,,,,,,
3124,834999,7/28/2009,Senator Harry Reid,Status of 1-601 pending in CDJ,,,,,,,,,,
3125,835210,7/28/2009,Senator Harry Reid,Senator Harry Reid writes on behalf of his constituent(b)(6) regarding the delay in processing of his TRIP inquiry.,,,,,,,,,,
3126,833292,7/13/2009,Senator Jim Risch,is requesting expedite of (b)(6) immigration case.,,,,,,,,,,
3127,,,,,,,,,,,,,,
3128,832609,7/7/2009,Senator Pat Roberts,is requesting status of husband<b)<6) 1-130.,,,,,,,,,,
3129,832614,7/6/2009,Senator John D. Rockefeller,Writes on behalf of his constituentj(b)(6)    regarding her desire to remain in West Virginia and be permitted to waive the 2-year home requirement before filing for immigration status in the U.S.,,,,,,,,,,
3130,833724,7/15/2009,Senator John D. Rockefeller,Writes regarding cybersecurity preparedness of the department and the effectiveness of its incident response capability.,,,,,,,,,,
3131,832576,7/7/2009,Congressman Ciro D. Rodriguez,is requesting a replacement of his Naturalization Certificate.,,,,,,,,,,
3132,832578,7/7/2009,Congressman Ciro D. Rodriguez,3s requesting information and assistance with son(b)(6) )<6) and daughter|(b)(6)    's immigration case.,,,,,,,,,,
3133,834423,7/20/2009,Congressman Ciro D. Rodriguez,is requesting assistance and with the denial of his N-600.,,,,,,,,,,
3134,,,,,,,,,,,,,,
3135,834446,7/22/2009,Congressman Ciro D. Rodriguez,is requesting status of his son (b)(6)    I- 130.,,,,,,,,,,
3136,834658,7/24/2009,Congressman Ciro D. Rodriguez,is requesting status of his wife(bX6) 1-601.,,,,,,,,,,
3137,834666,7/24/2009,Congressman Ciro D. Rodriguez,s requesting status of wife (b)(6) Rej 1-601.,,,,,,,,,,
3138,835263,7/30/2009,Congressman Ciro D. Rodriguez,"is requesting status with 1-130 filed for his daughter. The 1-130 was filed by his wife before the wife passed away, then continued by (b)(6)",,,,,,,,,,
3139,835303,7/30/2009,Congressman Ciro D. Rodriguez,"writes to inform USCS that he continues to recieve invoices requesting $290.00 which he has already paid for his permanent residency card. Also, that he is also recieving appointment dates for this same issue.",,,,,,,,,,
3140,834160,7/20/2009,Congressman Phil Roe,is requesting refund of the additional fee he paid as a result of USCIS clerical error.,,,,,,,,,,
3141,834481,7/23/2009,Congressman Phil Roe,writes is requesting reconsideration of his Hl-B denial.,,,,,,,,,,
3142,,,,,,,,,,,,,,
3143,833300,7/13/2009,Congressman Julie Rones,"Counsel, House Committee on Oversight and Government Reform, writes regarding a constitutional amendment that would enable Congress to work virtually in case of extreme emergency.",,,,,,,,,,
3144,832935,7/9/2009,Senator Bernard Sanders,"Sen. Sanders writes on behalf of constituent,(b)(6)    regarding his TRIP inquiry.",,,,,,,,,,
3145,833275,7/13/2009,Congressman Janice D. Schakowsky,is requesting assistance for (b><6>    |and her children in establishing refugee status for themselves.,,,,,,,,,,
3146,833694,7/9/2009,Congressman Janice D. Schakowsky,filed for Humanitarian parole for his wife (b)(6) and daughter (b)(6),,,,,,,,,,
3147,834485,7/23/2009,Congressman Janice D. Schakowsky,is requesting status of husband(b)(6)    I- 601.,,,,,,,,,,
3148,834493,7/23/2009,Congressman Janice D. Schakowsky,is requesting status of 1-730 she filed for her husband (b)(6),,,,,,,,,,
3149,,,,,,,,,,,,,,
3150,835242,7/30/2009,Congressman Janice D. Schakowsky,_bnd her daughter    are requesting status of I- 601 for her husband(b^6>,,,,,,,,,,
3151,833600,7/14/2009,Congressman Jean Schmidt,is requesting assistance in getting her fiancee back into the US following his deportation.,,,,,,,,,,
3152,832203,7/1/2009,Senator Charles E. Schumer,Supports the application submitted by the Stockport Volunteer Fire Company No. 1 for funding under the Assistance to Firefighters Grant Program.,,,,,,,,,,
3153,832204,7/1/2009,Senator Charles E. Schumer,Supports the application submitted by the Warrensburg Fire District for funding under the Assistance to Firefighters Grant Program.,,,,,,,,,,
3154,832207,7/1/2009,Senator Charles E. Schumer,Supports the application submitted by the Endicott Fire Department for funding under the Staffing for Adequate Fire and Emergency Response.,,,,,,,,,,
3155,832209,7/1/2009,Senator Charles E. Schumer,"Supports the application submitted by the Mineola Volunteer Ambulance Corps, Inc. for funding under the Assistance to Firefighters Grant Program.",,,,,,,,,,
3156,832212,7/1/2009,Senator Charles E. Schumer,Supports the application submitted by the Kent Fire Department for funding under the Assistance to Firefighters Grant Program.,,,,,,,,,,
3157,,,,,,,,,,,,,,
3158,832215,7/1/2009,Senator Charles E. Schumer,Supports the application submitted by the Great Neck Alert Fire Department for funding under the Assistance to Firefighters Grant Program to initiate a firefighter health and wellness program.,,,,,,,,,,
3159,832218,7/1/2009,Senator Charles E. Schumer,Supports the application submitted by the Bridgeport Fire Distrcit for funding under the Assistance to Firefighters Grant Program.,,,,,,,,,,
3160,832219,7/1/2009,Senator Charles E. Schumer,Supports the application submitted by the Great Neck Alert Fire Department to purchase a new rescue truck under the Assistance to Firefighters Grant Program.,,,,,,,,,,
3161,832231,7/1/2009,Senator Charles E. Schumer,Supports the application submitted by the Carmel Fire Department for funding under the Assistance to Firefighters Grant Program.,,,,,,,,,,
3162,832234,7/1/2009,Senator Charles E. Schumer,Supports the application submitted by the City of Oneida Fire Department for funding under the Assistance to Firefighters Grant Program.,,,,,,,,,,
3163,832239,7/1/2009,Senator Charles E. Schumer,Supports the application submitted by the West Fort Ann Volunteer Fire Company for funding under the Assistance to Firefighters Grant Program to purchase important safety equipment.,,,,,,,,,,
3164,832245,7/1/2009,Senator Charles E. Schumer,Supports the application submitted by the Big Flats Volunteer Fire Company for funding under the Assistance to Firefighters Grant Program.,,,,,,,,,,
3165,832247,7/1/2009,Senator Charles E. Schumer,Supports the application submitted by the East Rochester Volunteer Fire Department for funding under the Assistance to Firefighters Grant Program.,,,,,,,,,,
3166,,,,,,,,,,,,,,
3167,832326,7/2/2009,Senator Charles E. Schumer,Supports the application submitted by the Rouses Point Volunteer Fire Department for funding under the Assistance to Firefighters Grant Program.,,,,,,,,,,
3168,832330,7/2/2009,Senator Charles E. Schumer,Supports application submitted by the Rouses Point Volunteer Fire Department for funding under the Assistance to Firefighters Grant Program.,,,,,,,,,,
3169,832332,7/2/2009,Senator Charles E. Schumer,Supports application submitted by the C.H. Graham Hose Volunteer Fire Company for funding under the Assistance to Firefighters Grant Program.,,,,,,,,,,
3170,832334,7/2/2009,Senator Charles E. Schumer,Supports application submitted by the Pierrepont Volunteer Fire Department for funding under the Assistance to Firefighters Grant Program.,,,,,,,,,,
3171,832335,7/2/2009,Senator Charles E. Schumer,Supports the application submitted by the Pierrepont Volunteer Fire Department for funding under the Assistance to Firefighters Grant Program to purchase a new tanker.,,,,,,,,,,
3172,832338,7/2/2009,Senator Charles E. Schumer,Supports the application submitted by the Coeymans Hollow Volunteer Fire Department Company for funding under the Assistance to Firefighters Grant Program to construct a new fire station.,,,,,,,,,,
3173,832339,7/2/2009,Senator Charles E. Schumer,Supports the application submitted by the Willowvale Fire Company for funding under the Assistance to Firefighters Grant Program.,,,,,,,,,,
3174,,,,,,,,,,,,,,
3175,832968,7/9/2009,Senator Charles E. Schumer,Supports application submitted by the Glen Oaks Volunteer Ambulance Corps for funding under the Assistance to Firefighters Grant Program.,,,,,,,,,,
3176,832999,7/9/2009,Senator Charles E. Schumer,Supports the application submitted by the Dannemora Fire Department for funding under the Assistance to Firefighters Grant Program.,,,,,,,,,,
3177,833000,7/9/2009,Senator Charles E. Schumer,Supports the application submitted by the City of Jamestown Fire Department for funding under the Assistance to Firefighters Grant Program.,,,,,,,,,,
3178,833001,7/9/2009,Senator Charles E. Schumer,Supports the application submitted by the Glen Oaks Volunteer Ambulance Corps for funding under the Assistance to Firefighters Grant Program.,,,,,,,,,,
3179,834053,7/16/2009,Senator Charles E. Schumer,Supports the application submitted by the Barre Fire District for funding under the Assistance to Firefighters Grant Program.,,,,,,,,,,
3180,834307,7/21/2009,Senator Charles E. Schumer,Supports the application submitted by the Greenwood Lake Fire Department for funding under the Assistance to Firefighters Program to purchase a new pumper.,,,,,,,,,,
3181,834308,7/21/2009,Senator Charles E. Schumer,Supports the application submitted by the Verona Fire Department for funding under the Assistance to Firefighters Grant Program to purchase new equipment.,,,,,,,,,,
3182,,,,,,,,,,,,,,
3183,834309,7/21/2009,Senator Charles E. Schumer,Supports application submitted by the Wolcott Fire Department for funding under the Assistance to Firefighters Grant Program.,,,,,,,,,,
3184,834310,7/21/2009,Senator Charles E. Schumer,Supports application submitted by the Island Park Fire Department for funding under the Assistance to Firefighters Grant Program.,,,,,,,,,,
3185,834311,7/21/2009,Senator Charles E. Schumer,Supports the application submitted by Make th Road New York for funding under the Citizenship Education and Training Grant Program.,,,,,,,,,,
3186,834313,7/21/2009,Senator Charles E. Schumer,Supports the application submitted by the Hemuth and Springville Fire Controls for funding under the Assistance to Firefighters Grant Program.,,,,,,,,,,
3187,834318,7/21/2009,Senator Charles E. Schumer,Supports the application submitted by the Otter Lake Fire Company for funding under the Assistance to Firefighters Grant Program.,,,,,,,,,,
3188,834323,7/21/2009,Senator Charles E. Schumer,Supports the application submitted by the Moyers Corners Fire Department for funding under the Assistance to Firefighters Grant Program.,,,,,,,,,,
3189,834324,7/21/2009,Senator Charles E. Schumer,Supports the application submitted by the Mt. Kisco Volunteer Fire Department for funding under the Assistance to Firefighters Grant Program to purchase equipment.,,,,,,,,,,
3190,834325,7/21/2009,Senator Charles E. Schumer,Supports the application submitted by the Leonardsville Volunteer Fire Company for funding under the Assistance to Firefighters Grant Program for fire safety equipment.,,,,,,,,,,
3191,,,,,,,,,,,,,,
3192,834570,7/23/2009,Senator Charles E. Schumer,Supports the application submitted by the Herkimer Fire Department for funding under the Assistance to Firefighters Grant Program for a new fire engine.,,,,,,,,,,
3193,834571,7/23/2009,Senator Charles E. Schumer,Supports the application submitted by the Beukendaal Fire Department for funding under the Assistance to Firefighters Grant Program to purchase fire safety equipment.,,,,,,,,,,
3194,834700,7/24/2009,Senator Charles E. Schumer,Supports application submitted by the Tri-Village Fire Company for funding under the Fire Station Construction Grant Program.,,,,,,,,,,
3195,834701,7/24/2009,Senator Charles E. Schumer,Supports application submitted by the Alexander Fire Department for funding under the Assistance to Firefighters Grant Program.,,,,,,,,,,
3196,834703,7/24/2009,Senator Charles E. Schumer,Supports application submitted by the Alexander Fire Department for funding under the Assistance to Firefighters Grant Program (application No. EMW-2009 FV-03074).,,,,,,,,,,
3197,834705,7/24/2009,Senator Charles E. Schumer,Supports application submitted by Moyers Comers Fire Department for funding under the Fire Station Construction Grant Program.,,,,,,,,,,
3198,834709,7/24/2009,Senator Charles E. Schumer,Supports application submitted by the Tupper Lake Volunteer Fire Department for funding under the Fire Station Construction Grant Program.,,,,,,,,,,
3199,834710,7/24/2009,Senator Charles E. Schumer,Supports the application submitted by the Wallkill Fire Department for funding under the Fire Station Construction Grant Program.,,,,,,,,,,
3200,,,,,,,,,,,,,,
3201,834712,7/24/2009,Senator Charles E. Schumer,Supports the application submitted by the Carthage Area Rescue Squad for funding under the Assistance to Firefighters Grant Program.,,,,,,,,,,
3202,834718,7/24/2009,Senator Charles E. Schumer,Supports the application submitted by the Helena Volunteer Fire Department for funding under the Assistance to Firefighters Grant Program to purchase a Mobile Live Fire Training Trailer.,,,,,,,,,,
3203,834723,7/24/2009,Senator Charles E. Schumer,Supports the application submitted by the Fair Harbor Fire District for funding under the Fire Station Construction Grant Program for a new fire station.,,,,,,,,,,
3204,835410,7/30/2009,Senator Charles E. Schumer,Supports the application submitted by the Oswego Town Volunteer Fire Department for funding under the Assistance to Firefighters Grant Program for a new aerial truck.,,,,,,,,,,
3205,835411,7/30/2009,Senator Charles E. Schumer,Supports the application submitted by the North Area Volunteer Ambulance Corps for funding under the Assistance to Firefighters Grant Program.,,,,,,,,,,
3206,835488,7/31/2009,Senator Charles E. Schumer,Supports the application submitted by the Munnsville Volunteer Fire Company for funding under the Assistance to Firefighters Grant Program.,,,,,,,,,,
3207,835498,7/31/2009,Senator Charles E. Schumer,Supports the application submitted by the Lackawanna Fire Department for funding under the Fire Station Construction Grant Program to construct a new fire station.,,,,,,,,,,
3208,,,,,,,,,,,,,,
3209,835500,7/31/2009,Senator Charles E. Schumer,Supports the application submitted by the Jordan Volunteer Fire Company for funding under the Assistance to Firefighters Grant Programs to purchase a first response vehicle.,,,,,,,,,,
3210,835503,7/31/2009,Senator Charles E. Schumer,Supports the application submitted by the Mottville Fire Company for funding under the Assistance to Firefighters Grant Program to purchase vital fire safety equipment.,,,,,,,,,,
3211,832549,7/6/2009,Congressman Brian Schweitzer,Writes concerning TSA's delay in support of the Screening Partnership Program in Montana.,,,,,,,,,,
3212,834667,7/24/2009,Congressman Robert C. Scott,is requesting status of his 1-360 appeal.,,,,,,,,,,
3213,834525,7/23/2009,Congressman Joe Sestak,is requesting status of her husbanc(b)(6)    I- 601.,,,,,,,,,,
3214,832793,7/8/2009,Senator Richard C. Shelby,is requesting help in expediting her husband(b)(6) (b)(6)    1-601.,,,,,,,,,,
3215,833203,7/10/2009,Senator Richard C. Shelby,regarding 1-601 and G-325 for her husbantf^^ (b)(6),,,,,,,,,,
3216,,,,,,,,,,,,,,
3217,832930,7/8/2009,Congressman Brad Sherman,"Hregarding an explanation as to why his wife, denied entry to the US.",,,,,,,,,,
3218,833308,8/13/2009,Congressman Peggy Sherry,DHS Responsiveness to the Government Accountability Office (GAO) 2009 3rd Quarter Report to Congress,,,,,,,,,,
3219,832795,7/8/2009,Congressman Michael K. Simpson,is requesting status and assistance with wife 1-129 as well as verification of his own legal immigration status.,,,,,,,,,,
3220,835123,7/28/2009,Congressman Michael K. Simpson,vould like to know how the visa lottery works.,,,,,,,,,,
3221,835545,7/31/2009,Congressman Albio Sires,Supports application submitted by the City of Perth Amboy for funding under the Assistance to Firefighters Fire Station Construction Grant Program.,,,,,,,,,,
3222,833157,7/10/2009,Congressman Louise McIntosh Slaughter,Rep. Slaughter writes on behalf of consituenj^ regarding the construction of video towers over the Niagara River.,,,,,,,,,,
3223,834436,7/21/2009,Congressman Adam Smith,is requesting a Request for Evidence status on his I- 829.,,,,,,,,,,
3224,,,,,,,,,,,,,,
3225,833609,6/14/2009,Congressman Christopher H. Smith,"3s requesting expedite of his pending immigration applications: 1-130,1-485, and 1-765.",,,,,,,,,,
3226,832127,6/30/2009,Congressman Arlen Specter,Writes on behalf of the Clearfield County Department of Emergency Management concerning the determination made by DHS' program offie to cancel their FY08 AFG grant award.,,,,,,,,,,
3227,832641,7/7/2009,Congressman Arlen Specter,Requests assistance on behalf of constituent    regarding processing delays of immigrant visas for his family.,,,,,,,,,,
3228,832925,7/8/2009,Congressman Arlen Specter,concerning his 1-360 appeal to the AAO of a decision rendered by the California Service Center.,,,,,,,,,,
3229,833007,7/16/2009,Congressman Arlen Specter,"Senator Arlen Specter writes regarding GAO's findings related to FPS security failures and requests a report on what is being done to protect Federal employees and Federal buildings, specifically addressing corrective actions to be taken in the Commonwealth of Pennsylvania.",,,,,,,,,,
3230,833627,innwM,Congressman Arlen Specter,"petitoning 1-601 for her husbandf(b)(6) "" who is in Mexico",,,,,,,,,,
3231,834445,7/22/2009,Congressman Arlen Specter,Writes on behalf of constituent who needs his citizenship verified for Medicare and Medicaid Services.,,,,,,,,,,
3232,,,,,,,,,,,,,,
3233,834513,7/23/2009,Congressman Arlen Specter,J is requesting USCIS assistance in order for his wife(b)(6)    Jo qualify for a work permit.,,,,,,,,,,
3234,835452,7/31/2009,Congressman Arlen Specter,is requesting expedite of his verification of citizenship request to medicare and medicaid services.,,,,,,,,,,
3235,833059,7/8/2009,Congressman John Tanner,regarding his client(b)(6)    denial of I- 140 appeal.,,,,,,,,,,
3236,832743,7/8/2009,Congressman Ellen O. Tauscher,is requesting reconsideration of USCIS decision to have her reappy and pay because she filed too early for citizenship.,,,,,,,,,,
3237,834246,7/21/2009,Congressman Ellen O. Tauscher,is requesting approval of her husbands 1-601 waiver.,,,,,,,,,,
3238,832199,7/1/2009,Congressman Gene Taylor,"Urges the Secretary to support H.R. 1264, the Multiple Peril Insurance Act, to protect homeowners and taxpayers by creating an option in the NFIP to offer coverage for both wind and flood risk in one policy.",,,,,,,,,,
3239,,,,,,,,,,,,,,
3240,832927,7/9/2009,Congressman Bennie G. Thompson,Notifying TSA of hearing: General Aviation Security — Assessing Risk and the Road Ahead,,,,,,,,,,
3241,833025,7/10/2009,Congressman Bennie G. Thompson,"Chairman Bennie Thompson writes regarding identity management and ""single sign-on"" at DHS and requests: ljstatus of the single sign-on initiative at ICE; 2) plans to implement single sign-on Departmentwide; 3) reasons single sign-on could create risk to DHS networks; 4) what funding issues that need to be adressed.",,,,,,,,,,
3242,833727,7/15/2009,Congressman Bennie G. Thompson,"Chairman Thompson requests an investigation into possible DHS involvement in a secret counterterrorism program following the July 12, 2009 N.Y. Times article, ""Cheney is Linked to Concealment of C.I.A. Project"".",,,,,,,,,,
3243,834225,7/21/2009,Congressman Bennie G. Thompson,is requesting status of his employee(b)(6) (b)(e)    1-485.,,,,,,,,,,
3244,834974,7/22/2009,Congressman Bennie G. Thompson,"Congressman Thompson writes to USM Duke regarding the OIG 0981 Report entitled: ""Accountability for Property Purchased through Grant Funding.""",,,,,,,,,,
3245,834665,7/24/2009,Congressman Mike Thompson,is requesting status of husbanc^X6)    1-601.,,,,,,,,,,
3246,,,,,,,,,,,,,,
3247,835133,7/28/2009,Congressman Mike Thompson,His requesting status of her 1-601.,,,,,,,,,,
3248,834191,7/21/2009,"Congressman William ""Mac"" Thornberry",is requesting status and expedite of husband(b)(6)    1-601.,,,,,,,,,,
3249,835339,7/30/2009,Congressman Todd Tiahrt,"His requesting that USCIS replace the Permanent Residnecy Card they issued to him and was lost in the mail Secondly, that USCIS reimburse him for losing his passport and other documents he supplied.",,,,,,,,,,
3250,832559,7/7/2009,Congressman Dina Titus,is requeting status and expedite of his EB1 appeal.,,,,,,,,,,
3251,832960,7/9/2009,Congressman Dina Titus,Supports the application submitted by the Clark County Fire Department for funding under the Assistance to Firefighters Fire Station Construction Grant.,,,,,,,,,,
3252,834430,7/22/2009,Congressman Paul Tonko,is requesting status of her 1-751.,,,,,,,,,,
3253,833805,7/15/2009,Senator Mark Udall,is requesting appropriate consideration for she and her husband|(b)(6)    |at his July 20th 1-601 hearing in Ciudad Juarez.,,,,,,,,,,
3254,,,,,,,,,,,,,,
3255,834941,7/28/2009,Senator Tom Udall,"Hare requesting a review of their immigration case. Specificaaly, why (b)<6)    did not qualify under the Child Status Protection Act.",,,,,,,,,,
3256,833907,7/8/2009,Congressman Chris Van Hollen,Writes on behalf of constituentJ(b)(6)    Iregarding his suspension from the Private Sector Office.,,,,,,,,,,
3257,834895,7/27/2009,Congressman Chris Van Hollen,"Writes on behalf of constituent,(b)(6)    regarding the debriefing of her security clearance.",,,,,,,,,,
3258,834303,7/21/2009,Congressman Nydia M. Velazquez,jrge the Administration to adopt immigration policy that does not separate children from their parents and request a joint meeting with Eric Holder before the August recess.,,,,,,,,,,
3259,835360,7/30/2009,Congressman Nydia M. Velazquez,is requesting status of wife(b)(6) 1-730.,,,,,,,,,,
3260,835363,7/30/2009,Congressman Nydia M. Velazquez,is requesting status of wife and 6 children's 1-730.,,,,,,,,,,
3261,,,,,,,,,,,,,,
3262,835377,7/30/2009,Congressman Nydia M. Velazquez,is requesting status of 1-730 for his daughter(b)(6) (b)(6),,,,,,,,,,
3263,835425,7/31/2009,Congressman Nydia M. Velazquez,is requesting status of his wife (b)(6)    I- 730.,,,,,,,,,,
3264,835429,7/31/2009,Congressman Nydia M. Velazquez,is reqesting status of her husband <b)(6)    I- 730.,,,,,,,,,,
3265,832591,7/6/2009,Congressman Peter J. Visclosky,"Rep. Visclosky writes on behalf of constituent(b,(L”    regarding his concerns about the border fence and the environment.",,,,,,,,,,
3266,832645,innxw),Congressman Peter J. Visclosky,Rep. Visclosky writes on behalf of constituent^6) regarding the proposed legislation in folding knives.,,,,,,,,,,
3267,832729,7/8/2009,Congressman Peter J. Visclosky,is requesting status of his wife (b)(6) ? 1-601.,,,,,,,,,,
3268,834063,7/17/2009,Congressman Peter J. Visclosky,Rep. Visclosky writes on behalf of constituent!^6) regarding his opposition to proposed regulations on folding knives.,,,,,,,,,,
3269,,,,,,,,,,,,,,
3270,834988,7/28/2009,Congressman Peter J. Visclosky,is requesting status of his case.,,,,,,,,,,
3271,832798,7/8/2009,Senator David Vitter,Supports grant application submitted by Hotard Coaches for funding under the Intercity Bus Security Grant program.,,,,,,,,,,
3272,835447,7/31/2009,Senator David Vitter,J is requesting assistance with getting wife(b^6^ entered into the US through the visa waiver program.,,,,,,,,,,
3273,833747,6/29/2009,Congressman George V. Voinovich,Writes in support of Croatia's interest in joining the Visa Waiver Program.,,,,,,,,,,
3274,834532,7/23/2009,Senator Mark R. Warner,is requesting status of I-130's for his wifeJ(bX6) (b)(6),,,,,,,,,,
3275,835344,7/30/2009,Senator Mark R. Warner,is requesting reconsideration of his wifd(b)(6) denial for permanent residency. 1-485.,,,,,,,,,,
3276,832232,7/1/2009,Congressman Jim Webb,is requesting status of refugee petition for his family.,,,,,,,,,,
3277,,,,,,,,,,,,,,
3278,832662,7/9/2009,Congressman Jim Webb,^is requesting a review of the ill treatment she received while employed by DHS/CBP/Information Technology.,,,,,,,,,,
3279,833567,7/10/2009,Congressman Jim Webb,regarding giving visiter visas to the following beneficiaries(b)(6),,,,,,,,,,
3280,833659,7/9/2009,Congressman Jim Webb,applying for temp 1-551,,,,,,,,,,
3281,833675,7/7/2009,Congressman Jim Webb,Immigration status of (b)(6),,,,,,,,,,
3282,833720,7/14/2009,Congressman Jim Webb,"Jim Webb writes on behalf of his constituent(b,(0’ regarding his concerns about his name being included on a watch list as a result of receiving personal emails from Russian family members",,,,,,,,,,
3283,834509,7/23/2009,Congressman Jim Webb,Requesting status on (b)(6)    case.,,,,,,,,,,
3284,834642,7/24/2009,Congressman Jim Webb,3s requesting expedite of 1-589 for her husband and two sons.,,,,,,,,,,
3285,,,,,,,,,,,,,,
3286,835144,7/28/2009,Congressman Jim Webb,is requesting that their 1-600 should be approved.,,,,,,,,,,
3287,835459,7/31/2009,Congressman Jim Webb,is requesting status and expedite of 1-751.,,,,,,,,,,
3288,835483,7/31/2009,Congressman Jim Webb,is requesting expedite and status of his 1-129 F finance petition for (b)(6),,,,,,,,,,
3289,835489,7/31/2009,Congressman Anthony D. Weiner,Rep. Weiner writes on behalf of his constituent(b)(6) concerning a FOIA request.,,,,,,,,,,
3290,834569,7/23/2009,Congressman Robert Wexler,Writes on behalf of a constituent who is experiencing problems with his Employment Authorization.,,,,,,,,,,
3291,832725,7/8/2009,Senator Sheldon Whitehouse,is requesting status of her 1-212 and 1-601.,,,,,,,,,,
3292,833546,7/14/2009,Congressman Charlie Wilson,is requesting status of her husband(b)(6) appeal.,,,,,,,,,,
3293,832131,6/30/2009,Congressman Joe Wilson,Writes on behalf of his German girlfriend who encountered difficulties entering the U.S. on a recent visit.,,,,,,,,,,
3294,,,,,,,,,,,,,,
3295,835507,7/31/2009,Congressman Joe Wilson,are requesting date for their oath ceremony.,,,,,,,,,,
3296,832348,7/2/2009,Congressman Frank R. Wolf,Rep. Wolf writes on behalf of constituent^^6)    and regarding identify theft of retinal scans and fingerprints.,,,,,,,,,,
3297,835347,7/30/2009,Congressman Frank R. Wolf,Congressman Wolf writes in support of(bHt”    asylum application.,,,,,,,,,,
3298,834523,7/23/2009,Senator Ron Wyden,"states that her husbancR^)"""" has two arrests on his record as well as an incident with the local police. She is requesting the status of hte pending 1-601 for her husband.",,,,,,,,,,
3299,833655,7/9/2009,Congressman Don Young,concerning the problems he was having with his wife (b)<6) who he thinks is comitting immigration fraud,,,,,,,,,,
3300,832336,7/2/2009,,Classified Information Memo,,,,,,,,,,
3301,,,,,,,,,,,,,,
3302,833152,7/2/2009,,"The Honorable Congressman Jerrold Nadler received a letter from one of his constituents in reference to the scanning process/device used by the USCBP officers when her spouse which is an American Citizen, enters the country. There is some confusion surrounding his fingerprints being mismatched in the USCIS database. US-VISIT was asked to provide a response.",,,,,,,,,,
3303,834176,7/20/2009,,"Invitation to attend and testify about DHS's efforts to coordinate Federal Government plans, resources, and capabilities for response to an attack involving CBRNE.",,,,,,,,,,
3304,834515,7/23/2009,,"Response to Thompson regarding the OIG Management Advisory Report: ""Accountability for Property Purchased Through Grant Funding, OIG-09-81.""",,,,,,,,,,
3305,835183,6/18/2009,,Congressman Cao requested Janet Woodka's presence at a Health Care Roundtable. She was unable to attend.,,,,,,,,,,
3306,,,,,,,,,,,,,,
3307,Policy Congressional Report,,,,,,,,,,,,,
3308,Opened Between 08/01/2009 and 08/31/2009,,,,,,,,,,,,,
3309,WF#,Receive Date,Congressman Name,Subject of Request,,,,,,,,,,
3310,836311,8/7/2009,Congressman Gary L. Ackerman,is requesting status of 1-730 for (b)(6),,,,,,,,,,
3311,836329,8/7/2009,Congressman Gary L. Ackerman,is requesting status of 1-730 for (bX6) (b)(6),,,,,,,,,,
3312,836361,8/7/2009,Congressman Gary L. Ackerman,is requesting status of 1-730 for (b)(6) (b)(6),,,,,,,,,,
3313,836817,8/12/2009,Congressman Gary L. Ackerman,is requesting status of 1-730 for (b)(^    and (b)(6),,,,,,,,,,
3314,837382,8/18/2009,Congressman Gary L. Ackerman,(b)(6) js requesting status of 1-730 for(b (b)(6),,,,,,,,,,
3315,838049,8/25/2009,Congressman Gary L. Ackerman,is requesting status of 1-730 for his beneficary(b)(6) (b),,,,,,,,,,
3316,838127,8/25/2009,Congressman Gary L. Ackerman,is requesting status of 1-730 for<b)(6),,,,,,,,,,
3317,838266,8/26/2009,Congressman Gary L. Ackerman,is requesting status of 1-730 for (b)(6) (b)(6),,,,,,,,,,
3318,,,,,,,,,,,,,,
3319,838271,8/26/2009,Congressman Gary L. Ackerman,is requesting status of 1-730 for(b)(6),,,,,,,,,,
3320,838054,8/25/2009,Congressman Robert B. Aderholt,,,,,,,,,,,
3321,,,,is requesting status of wife (b)(6)    |-601.,,,,,,,,,,
3322,837859,8/21/2009,Congressman W. Todd Akin,is requesting status of 1-130 foi (b)(6>,,,,,,,,,,
3323,836378,8/7/2009,Senator Lamar Alexander,Senator Lamar Alexander writes on behalf of(b)(6) regarding the removal of his name from NSEERS.,,,,,,,,,,
3324,836969,8/13/2009,Senator Lamar Alexander,Supports the Munford Fire Department’s application for the Fire Station Construction Grant Program.,,,,,,,,,,
3325,838047,8/24/2009,Senator Lamar Alexander,Supports the Munford Fire Department's application for the Fire Station Grant Program.,,,,,,,,,,
3326,838272,8/26/2009,Senator Lamar Alexander,Sends inquiry on behalf of constituent who requests an investigation into the process leading up to the rejection of his application for an R-l visa.,,,,,,,,,,
3327,835666,7/31/2009,Congressman Tammy Baldwin,Representative Tammy Baldwin writes on behalf of her constituent* regarding his TRIP inquiry.,,,,,,,,,,
3328,836672,8/11/2009,Senator John Barrasso,who has a recently approved 1-751 is requesting to know if his recent divorce will effect his status* or his future propects of becoming a citizen.,,,,,,,,,,
3329,,,,,,,,,,,,,,
3330,836964,8/13/2009,Congressman Roscoe G. Bartlett,"¦ attorneys for(b)(6)    are requesting that documents issued by USCIS with incorrect spelling of the company name be accepted since the error was caused by the Texas Service Center, and since the employer ID is consistant in all documents. 1-140.",,,,,,,,,,
3331,836067,8/6/2009,Congressman Joe L. Barton,is requesting status of wife(b)( > 1-601.,,,,,,,,,,
3332,836786,8/12/2009,Congressman Joe L. Barton,is requesting status of husband (b)(6) _] 1-601.,,,,,,,,,,
3333,837748,8/20/2009,Congressman Evan Bayh,Js requesting expedite of husband (bX6) 1-601. She would like consideration of her child's medical condition as cause for extreme hardship.,,,,,,,,,,
3334,838487,8/28/2009,Congressman Shelley Berkley,is requesting expedite of 1-131 for his wife<b)(6) (b)(6),,,,,,,,,,
3335,,,,,,,,,,,,,,
3336,835948,8/5/2009,Congressman Timothy H. Bishop,Expresses concerns regarding the placement of the NBAF facility in Kansas.,,,,,,,,,,
3337,836270,8/5/2009,Congressman Timothy H. Bishop,Expresses concerns regarding the placement of the NBAF facility in Kansas.,,,,,,,,,,
3338,835637,7/31/2009,Congressman Jo Bonner,Rep. Bonner writes on behalf of constituent (b)(6)    regarding his FPS employment application.,,,,,,,,,,
3339,836387,8/7/2009,Congressman Jo Bonner,Representative Jo Bonner writes on behalf of 11 regarding his Dry Dock & Repair Yard coexist with the I-10 bridge.,,,,,,,,,,
3340,838329,8/27/2009,Congressman Jo Bonner,is requesting Humanitarian Parole for her brother (b)(6),,,,,,,,,,
3341,837716,8/20/2009,Congressman Rick Boucher,"Writes on behalf of constituent.(b,(6)    Iwho is concerned that her husband may get a green card and kidnap her son.",,,,,,,,,,
3342,835851,8/3/2009,Senator Barbara Boxer,Supports application submitted by the Woodland Fire Department for Funding under the Assistance to Firefighters Grant Program.,,,,,,,,,,
3343,836579,8/10/2009,Senator Barbara Boxer,Supports the American Recovery and Reinvestment Act's FEMA Fire Station grant submitted by the Aspendell Volunteer Fire Department.,,,,,,,,,,
3344,,,,,,,,,,,,,,
3345,836680,8/11/2009,Senator Barbara Boxer,Supports application submitted by the City of Colusa Fire Department for funding under the Assistance to Firefighters Grant.,,,,,,,,,,
3346,836818,8/12/2009,Senator Barbara Boxer,Supports the American Recovery and Reinvestment Act's FEMA Fire Station Construction grant submitted by the City of Farmsville for the construction of a new fire station.,,,,,,,,,,
3347,836821,8/12/2009,Senator Barbara Boxer,"Supports the Fire Station Construction grant application submitted by the Amador Fire Protection District for a new fire station in Pine Grove, California.",,,,,,,,,,
3348,838014,8/24/2009,Senator Barbara Boxer,Supports application submitted by the Trinity Center Community Service District for funding under the Assistance to Firefighters Grant.,,,,,,,,,,
3349,837506,8/19/2009,Congressman Bobby Bright,is requesting status of visa application for his mother. 1-130.,,,,,,,,,,
3350,838285,8/27/2009,Congressman Sam Brownback,is requesting status and expedite of 1-601.,,,,,,,,,,
3351,836835,8/12/2009,Congressman Vern Buchanan,"Representative Vern Buchanan writes on behalf of his constituent, regarding CBP rescinding his tentative offer for employment as an agriculture specialist.",,,,,,,,,,
3352,835694,8/3/2009,Congressman Jim Bunning,_lis requesting that the fees for her daughter(bX6)    and 1-130 and 1-485.,,,,,,,,,,
3353,,,,,,,,,,,,,,
3354,837689,8/20/2009,Congressman Jim Bunning,is requesting reconsideration of his fiance(b)(6)    K- 1 visa denial. I-129F.,,,,,,,,,,
3355,837696,8/20/2009,Senator Richard M. Burr,"is requesting reconsideration of 1-730 denials for his children (b)(6)    and 22 additional relatives, (see attached list).",,,,,,,,,,
3356,837099,8/14/2009,Congressman Dan Burton,is requesting assistance in getting replacement passport.,,,,,,,,,,
3357,835646,8/3/2009,Congressman Robert C. Byrd,Writes to approve DHS component reimbursements for the applicaple cost of shared services.,,,,,,,,,,
3358,836269,8/7/2009,Congressman Robert C. Byrd,"Writes to deny proposed $326,334 restoration of lapsed fiscal year 2008 balances and reprogramming of USFA funds. Approves the request to reprogram $3,658,138 in fiscal year 2006 unobligated balances which were appropriated to the FEMA Preparedness, Mitigation, Response and Recovery account. Approves the restoration and reprogramming of $2,100,958 in fiscal year 2008 lapsed appropriations from FEMA's Management and Administration account, FEMA's State and Local Programs and FEMA's Disaster Assistance Direct Loan Program account. Approves reprogramming of $1,114,570 from fiscal year 2009 FEMA Management and Administration.",,,,,,,,,,
3359,,,,,,,,,,,,,,
3360,836416,8/7/2009,Congressman Robert C. Byrd,Writes regarding the request to reprogram a classified amount within the FY 2009 appropriations for I&A.,,,,,,,,,,
3361,836417,8/10/2009,Congressman Robert C. Byrd,"Writes to approve the reprogramming of $6,182,733 within the Office of the Secretary and Executive Management. Approves the request to restore $74,739 in fiscal year 2008 lapsed balances for the Office of the Federal Coordinator for Gulf Coast Rebuilding.",,,,,,,,,,
3362,836419,8/7/2009,Congressman Robert C. Byrd,"Writes to deny the request to transfer $2,700,000 from the Flood Map Modernization Fund (FMMF) to the National Flood Insurance Fund (NFIF).",,,,,,,,,,
3363,837109,8/14/2009,Congressman Robert C. Byrd,"Approves the reprogramming of $21,450,0000 for U.S. Customs and Border Patrol and U.S. Immigration and Customs Enforcement.",,,,,,,,,,
3364,837123,8/14/2009,Congressman Robert C. Byrd,Approves the Revised Implementation Plan for Transfer of Disaster Relief Funds.,,,,,,,,,,
3365,837124,8/14/2009,Congressman Robert C. Byrd,"Writes to approve the DHS Comprehensive National Cybersecurity Initiative: FY 2009 Expenditure Plan and notes that $127,462,000 may not be obligated for the National Cybersecurity Initiative until an expenditure plan is submmitted and approved by the committee.",,,,,,,,,,
3366,837181,8/17/2009,Congressman Robert C. Byrd,"Writes to approve the revised request in the Report of Proposed Reprogramming Action attached to the July 29, 2009 letter.",,,,,,,,,,
3367,,,,,,,,,,,,,,
3368,837182,8/17/2009,Congressman Robert C. Byrd,"Writes to approve the use of the fiscal year 2008 lapsed balances or to use the $2,100,000 of funds provided for protective equiptment and vehicles.",,,,,,,,,,
3369,837183,8/14/2009,Congressman Robert C. Byrd,Writes regarding his inability to release Next Generation Networks (NGN) projects funding due to flaws within the Department's recently submitted NGN Priority Services Expenditure Plan.,,,,,,,,,,
3370,837188,8/14/2009,Congressman Robert C. Byrd,"Writes to approve the reprogramming of $42,289,000 within the CBP Salaries and Expense Account into the Inspections, Trade, and Travel Facilitation at the Ports of Entry program.",,,,,,,,,,
3371,837722,8/20/2009,Congressman Robert C. Byrd,Approves the request to reprogram a classified amount within the FY 09 appropriation for I&A and denies the request to change the availability of funds.,,,,,,,,,,
3372,837442,8/18/2009,Congressman John Campbell,writes to complain about a DHS vehicle driving wrecklessly.,,,,,,,,,,
3373,835963,8/5/2009,Senator Maria Cantwell,| is requesting approval and expedite of 1-60 l's for her two children (b$),,,,,,,,,,
3374,836006,8/5/2009,Senator Maria Cantwell,is requesting status of wife^W 3^601.,,,,,,,,,,
3375,,,,,,,,,,,,,,
3376,836011,8/5/2009,Senator Maria Cantwell,is requesting status and expedite of husband(b)(6)    • 1-601.,,,,,,,,,,
3377,836101,8/5/2009,Senator Maria Cantwell,"Writes on behalf of constituent 11,01    regarding difficulties accessing a YouTube site to view a demo provided by DHS.",,,,,,,,,,
3378,835740,8/4/2009,Congressman Shelley Moore Capito,3s requesting expedite and status of I-129F petition for his wife(b)(6>,,,,,,,,,,
3379,837880,8/21/2009,Congressman Lois Capps,Rep. Capps writes on behalf of constituent<b)(6) regarding his concerns with customs.,,,,,,,,,,
3380,836783,8/10/2009,Congressman Michael E. Capuano,Rep. Capuano recommends (b)(6) appointment to the Homeland Security Advisory Council (HSAC).,,,,,,,,,,
3381,835972,8/4/2009,Senator Benjamin L. Cardin,Writes on behalf of (b)(6>    who was fired as a contractor from I&A for calling OPA and complaining about an article that was posted on the DHS intranet regarding the Letterman joke of Palin.,,,,,,,,,,
3382,837299,8/18/2009,Congressman Dennis A. Cardoza,is requesting reconsideration of 1-601 denial for his wife (b^,,,,,,,,,,
3383,,,,,,,,,,,,,,
3384,837518,8/19/2009,Congressman Dennis A. Cardoza,is requesting status of 1-130 for his son (b)(6 (b)(6),,,,,,,,,,
3385,837524,8/19/2009,Congressman Dennis A. Cardoza,vrites to inform National Visa Center of his beneficiary change of address 1R11/1-865,,,,,,,,,,
3386,836257,8/7/2009,Senator Robert P. Casey,are requesting status of their pending 1-600 for their adoption of child from Haiti.,,,,,,,,,,
3387,836878,8/12/2009,Senator Robert P. Casey,no workflow creation,,,,,,,,,,
3388,835927,8/5/2009,Senator Saxby Chambliss,is requesting expedite of his 1-129 in order to renew his driverse license.,,,,,,,,,,
3389,836869,8/12/2009,Senator Saxby Chambliss,Writes on behalf of constituent who lost his Green Card and requests that his ad hoc travel docuements to reenter the U.S. be expedited.,,,,,,,,,,
3390,837439,8/18/2009,Congressman William Lacy Clay,is requesting reconsideration of 1-129 for (b)l6),,,,,,,,,,
3391,,,,,,,,,,,,,,
3392,837723,8/20/2009,Senator Thad Cochran,Senator Cochran writes is support of more equitable funding for the procurement and installation of advanced explosive detection systems at small and medium-sized airports.,,,,,,,,,,
3393,838144,8/25/2009,Congressman Stephen I. Cohen,write to complain about proposed road construction in their town.,,,,,,,,,,
3394,836424,8/10/2009,Senator Susan M. Collins,Writes to request a delay in and additional analysis of the TASC program.,,,,,,,,,,
3395,836633,8/11/2009,Senator Susan M. Collins,is requesting that the I-290B be considered as a motion to reopen rather than an appeal.,,,,,,,,,,
3396,836994,8/13/2009,Senator Susan M. Collins,Writes on behalf of constituent who was not satisfied with a response he received from USCG regarding a suspicious package at Port Everglades.,,,,,,,,,,
3397,837658,8/20/2009,Congressman John Conyers,is requesting expedite of wife(b)(6) immigration case.,,,,,,,,,,
3398,836005,8/5/2009,Senator Bob Corker,is requesting asylum.,,,,,,,,,,
3399,,,,,,,,,,,,,,
3400,835859,8/3/2009,Senator John Cornyn,Supports the application submitted by the Catholic Charities of Central Texas for the Citizenship Grant Program.,,,,,,,,,,
3401,837423,8/18/2009,Senator John Cornyn,is requesting status of his request to waive the 2 year residency requirement for his J-l visa.,,,,,,,,,,
3402,838097,8/25/2009,Senator John Cornyn,writes to explain the situation which now causes the possible deportation of his wife(b)(b)    md asks for advice on how he can stop these proceedings.,,,,,,,,,,
3403,838115,8/25/2009,Senator John Cornyn,is requesting status and expedite of his wife(b: 1-601.,,,,,,,,,,
3404,838595,8/31/2009,Senator John Cornyn,Re:®(6)    with a social security card issue.,,,,,,,,,,
3405,836903,8/13/2009,Congressman Jim Costa,is requesting status of her husband (b)(b) (b)(6)    1-601.,,,,,,,,,,
3406,837673,8/20/2009,Congressman Jim Costa,is requesting status of hwifefe^i-k 1-601.,,,,,,,,,,
3407,,,,,,,,,,,,,,
3408,837105,8/14/2009,Senator Michael D. Crapo,_Jis requesting is requesting non-immigrant travel visa for his mother(b)<6),,,,,,,,,,
3409,836017,8/5/2009,Congressman Joseph Crowley,is requesting status of children<b)(6) ]l-730.,,,,,,,,,,
3410,836278,8/7/2009,Congressman Joseph Crowley,is contacting our office to inform us of his new address. He states that he and his wife did not attend previous 1-730 interviews because notice was sent to wrong address.,,,,,,,,,,
3411,836747,8/12/2009,Congressman Joseph Crowley,is requesting status of 1-730 for(b)(6) (b)(6),,,,,,,,,,
3412,836018,8/5/2009,Congressman Elijah E. Cummings,is requesting status of I-129B.,,,,,,,,,,
3413,836810,8/12/2009,Congressman Elijah E. Cummings,is requesting status of 1-601 for(b)(6),,,,,,,,,,
3414,,,,,,,,,,,,,,
3415,836565,8/10/2009,Congressman Nathan Deal,"writes on behalf of his constituent, (b)(6) regarding his application for a bonded warehouse in Gainesville, GA.",,,,,,,,,,
3416,836635,8/11/2009,Congressman Nathan Deal,is complaining of the poor treatment his fiance ;cieved during her interview at the US embassy in Cambodia. He would also like to know the status of her I-129B.,,,,,,,,,,
3417,838393,8/27/2009,Congressman William D. Delahunt,"Writes on behalf of the cities of Quincy, Weymouth and Hingham, MA, which have formed a consortium to apply for $1,625,000 million under the Port Security Grant Program.",,,,,,,,,,
3418,835860,8/4/2009,Congressman Jim DeMint,Writes on behalf of constituent(b)(6'    regarding payments for housing DHS clients.,,,,,,,,,,
3419,836542,8/10/2009,Congressman Jim DeMint,s requesting status of husbanc(bl 1-601.,,,,,,,,,,
3420,836045,8/5/2009,Congressman Lloyd Doggett,Rep. Doggett writes on behalf of his constituen ' requesting clarification from CRCL on his case.,,,,,,,,,,
3421,836403,8/10/2009,Senator Richard J. Durbin,is requesting reconsideration of his 1-140 denial.,,,,,,,,,,
3422,,,,,,,,,,,,,,
3423,838703,8/31/2009,Senator Richard J. Durbin,whose husband(b)(6)    is requesting the status of his 1-601 case.,,,,,,,,,,
3424,835660,8/3/2009,Congressman Donna F. Edwards,is requesting status of his 1-765.,,,,,,,,,,
3425,836295,8/7/2009,Congressman Donna F. Edwards,is requesting status of his citizenship application.,,,,,,,,,,
3426,836544,8/10/2009,Congressman Donna F. Edwards,is requesting status of borthei(b)(6)    I- 90.,,,,,,,,,,
3427,836560,8/10/2009,Congressman Donna F. Edwards,Writes on behalf of constituents who need assistance with their son's case for asylum.,,,,,,,,,,
3428,836561,8/10/2009,Congressman Donna F. Edwards,is requesting status of wife (b)(6) 1-730.,,,,,,,,,,
3429,837410,8/18/2009,Congressman Donna F. Edwards,is requesting status of her certificate for citizenship N-600.,,,,,,,,,,
3430,837555,8/19/2009,Congressman Donna F. Edwards,_|s requesting new status of 1-730 petition for her children.,,,,,,,,,,
3431,,,,,,,,,,,,,,
3432,836501,8/10/2009,Congressman Jo Ann Emerson,is requesting «»*>,,,,,,,,,,
3433,838073,8/25/2009,Congressman John Ensign,s requesting immediate assistance to replace her green card. 1-90.,,,,,,,,,,
3434,837379,8/18/2009,Senator Michael B. Enzi,"is requesting status of her 1-90 card which USCIS sent to her, but she has not recieved.",,,,,,,,,,
3435,836608,8/11/2009,Congressman Anna Eshoo,"ittorney for (b)(6)    who works for Infovista Technologies is requesting expedite of his 1-140, through an I-290B.",,,,,,,,,,
3436,838397,8/27/2009,Congressman Bob Etheridge,Rep. Etheridge writes on behalf of constituent<b)(6)    whose wife's luggage was searched and damaged.,,,,,,,,,,
3437,835686,8/3/2009,Congressman Sam Farr,is requesting status of husband (b)(6) <bX6>    1-601.,,,,,,,,,,
3438,836069,8/6/2009,Congressman Sam Farr,s requesting status of husband<b)(6) 1-601.,,,,,,,,,,
3439,,,,,,,,,,,,,,
3440,835721,8/4/2009,Senator Dianne Feinstein,is requesting status of 1-730. he filed for his son <bX6> back in 2002.,,,,,,,,,,
3441,836773,8/11/2009,Senator Dianne Feinstein,Sen. Feinstein writes on behalf of constituent<b)<6' regarding his TRIP.,,,,,,,,,,
3442,836980,8/13/2009,Senator Dianne Feinstein,Supports the application submitted by the Hayfork Fire Department for funding under the Assistance to Firefighters Grant Program.,,,,,,,,,,
3443,836990,8/13/2009,Senator Dianne Feinstein,Support the City of Comton's application for an Assistance to Firefighters Fire Station Construction Grant.,,,,,,,,,,
3444,837113,8/14/2009,Senator Dianne Feinstein,Supports application submitted by the North Tahoe Fire Protection District for funding under the Assistance to Firefighters Fire Station Construction Grant.,,,,,,,,,,
3445,837270,8/17/2009,Senator Dianne Feinstein,Sen. Feinstein writes on behalf of constituent<b)(6) regarding his name being on a watchlist.,,,,,,,,,,
3446,837532,8/19/2009,Senator Dianne Feinstein,is requesting status of husband(b)(6)    I- 601.,,,,,,,,,,
3447,,,,,,,,,,,,,,
3448,838268,8/26/2009,Congressman J. Randy Forbes,Rep. Forbes writes on behalf of constituent(b)(6) regarding a letter received from DHS concerning threatening statements made at a Housing and Urban Development office.,,,,,,,,,,
3449,837112,8/14/2009,Congressman Trent Franks,"Representative Trent Franks requests a written report or in-office briefing from CBP regarding issues of tracking, detecting, and interdicting weapons of mass destruction and related materials that may illegally enter the United States.",,,,,,,,,,
3450,836280,8/7/2009,Congressman Gabrielle Giffords,is requesting status of her 1-698.,,,,,,,,,,
3451,836432,8/10/2009,Congressman Gabrielle Giffords,s requesting copy of husband (b>(6) J1-601 denial notice.,,,,,,,,,,
3452,838543,8/28/2009,Congressman Gabrielle Giffords,Rep. Giffords writes on behalf of constituent <b)(6) regarding denial of a position with CBP.,,,,,,,,,,
3453,838148,8/26/2009,Senator Kirsten E. Gillibrand,is requesting reconsideration of her husband Mr. I-290B denial.,,,,,,,,,,
3454,837267,8/17/2009,Congressman Louie Gohmert,Representative(b)(6)    writes on behalf of his constituent regarding his belief that his is on a watch list and it is impacting his banking.,,,,,,,,,,
3455,,,,,,,,,,,,,,
3456,836656,8/11/2009,Senator Lindsey O. Graham,is requesting expedite of 1-140.,,,,,,,,,,
3457,835632,8/3/2009,Senator Charles E. Grassley,is requesting status of husband(b)(6)    I- 130 petition.,,,,,,,,,,
3458,836499,8/10/2009,Senator Charles E. Grassley,Senator Grassley writes on behalf of constituent (b)(6) regarding the seizure of a historic aircraft.,,,,,,,,,,
3459,837376,8/18/2009,Senator Charles E. Grassley,is requesting to know why the US does not employ a naturalization process similar to the system used at Ellis Island at ports of entry along the Canadian and Mexican border.,,,,,,,,,,
3460,838149,8/26/2009,Senator Charles E. Grassley,is writes to complain about her experiences with USCIS in attempting to reinstate(b)(6)    onto the list of Civil Surgeons.,,,,,,,,,,
3461,835856,8/3/2009,Congressman Judd Gregg,"Supports application submitted by the Hillsboro, NH Fire Department for funding under the Assistance to Firefighters Grant Program.",,,,,,,,,,
3462,836012,8/5/2009,Congressman Judd Gregg,"Supports application submitted by the Bow, New Hampshire Fire/Rescue Department for funding under the Assistance to Firefighters Station Construction Grant Program.",,,,,,,,,,
3463,,,,,,,,,,,,,,
3464,836025,8/5/2009,Congressman Judd Gregg,"Supports applications submitted by the Manchester and Hooksett, New Hampshire Fire Departments for funding under the Assistance to Firefighters Station Construction Grant Program.",,,,,,,,,,
3465,836230,8/6/2009,Congressman Judd Gregg,"Supports the Hampton, New Hampshire Fire Department's application for funds under the Assistance to Firefighters Station Construction Grant Program.",,,,,,,,,,
3466,836856,8/12/2009,Congressman Judd Gregg,"Supports application submitted by the Rindge, New Hampshire Fire Department for funding under the Assistance to Firefighters Station Construction Grant Program.",,,,,,,,,,
3467,836857,8/12/2009,Congressman Judd Gregg,"Supports the Bow, New Hampshire Fire/Rescue Department's application for funding under the Assistance to Firefighters Station Construction Grant Program.",,,,,,,,,,
3468,837252,8/17/2009,Congressman Judd Gregg,"Supports application submitted by Merrimack, New Hampshire Fire-Rescue for funding under the Assistance to Firefighters Station Construction Grant Program.",,,,,,,,,,
3469,837583,8/19/2009,Congressman Judd Gregg,"Sen. Gregg writes on behalf of the Board of Selectmen of the Town of Stewartstown, New Hampshire regarding a new border station at the Port of Entry in Pittsburg, New Hampshire.",,,,,,,,,,
3470,,,,,,,,,,,,,,
3471,837714,8/20/2009,Congressman Judd Gregg,"Supports the Groveton, New Hampshire Volunteer Fire Department's application for funding under the Assistance to Firefighters and Station Construction Grant Program.",,,,,,,,,,
3472,837718,8/20/2009,Congressman Judd Gregg,"Supports the Milton, New Hampshire Fire-Rescue Department's application for assitance under the Assistance to Firefighters Grant Program",,,,,,,,,,
3473,837725,8/20/2009,Congressman Judd Gregg,"Supports the Hillsboro, NH Fire Department's application for assistance under the Assistance to Firefighters Grant Program.",,,,,,,,,,
3474,838604,8/31/2009,Congressman Judd Gregg,"Writes on behalf of constituents, (b)(6) —(regarding their concerns on the bid process to construct a new port of entry station in Pittsburg, New Hampshire.",,,,,,,,,,
3475,837728,8/20/2009,"Congressman Parker Griffith    (b)(6i    is requesting expedite and status of his wife <b J-130. He would also like to know 1-60 l's are processed and are approved in Manila. Also, if the consulate requires additional documentation on their case.",,,,,,,,,,,
3476,838156,8/26/2009,Congressman Ralph M. Hall,is requesting appointment with NVC.,,,,,,,,,,
3477,835849,8/4/2009,Congressman Jane Harman,Suggests several improvements be made to the FY 2010 guidance for Urban Areas Secure Initiative and port security grants.,,,,,,,,,,
3478,,,,,,,,,,,,,,
3479,838141,8/25/2009,Congressman Jane Harman,"is requesting status of I-129B for <b,(6)",,,,,,,,,,
3480,,,,,,,,,,,,,,
3481,837734,8/20/2009,Congressman Jeb Hensarling,is requesting status of wife<b)(6),,,,,,,,,,
3482,,,,1-601.,,,,,,,,,,
3483,836737,8/11/2009,Congressman Wally Herger,Rep. Wally Herger writes on behalf of his constituent<b)(6) regarding the role of(b)<6)    on Sl's advisory council.,,,,,,,,,,
3484,836891,8/13/2009,Congressman Wally Herger,_|s requesting that the Hmong people who served the US Government during the Vietnam War should be allowed to become citizens irrespective of their physical disabilities.,,,,,,,,,,
3485,837521,8/19/2009,Congressman Wally Herger,is requesting status of husbaiufb)(6 1-601 now that fingerprints have been supplied.,,,,,,,,,,
3486,837726,8/20/2009,Congressman Wally Herger,Supports application submitted by the Hayfork Fire Department for funding under the Assistance to Firefighters Grant.,,,,,,,,,,
3487,,,,,,,,,,,,,,
3488,837823,8/21/2009,Congressman Wally Herger,s requesting expedite of son <bH6)    I-130,,,,,,,,,,
3489,837120,8/14/2009,Congressman Brian Higgins,Requests presidential disaster declaration for areas in Western New York.,,,,,,,,,,
3490,836515,8/10/2009,Congressman Rush Holt,is requesting transportaion letter or replacement of her lost green card in order to travel.,,,,,,,,,,
3491,837540,8/19/2009,Congressman Michael M. Honda,is requesting status of husbanq^ 3-601.,,,,,,,,,,
3492,837737,8/20/2009,Congressman Michael M. Honda (,"is requesting status of husband (bl(0’ 3-130,1-601, and 1-212.",,,,,,,,,,
3493,837747,8/20/2009,Congressman Michael M. Honda,is requesting status and expedite of her husband^6)    -601.,,,,,,,,,,
3494,837950,8/24/2009,Congressman Michael M. Honda,Writes to recommend (b)(6)    for the position of the Officer of Civil Rights and Civil Liberties.,,,,,,,,,,
3495,,,,,,,,,,,,,,
3496,838100,8/25/2009,Congressman Michael M. Honda,is requesting status of wife (b)(6) 1-601.,,,,,,,,,,
3497,836285,1/15/2009,Congressman James Howe,USCG - Biannual Update on Foreign Fishing Incursions,,,,,,,,,,
3498,836353,1/30/2009,Congressman James Howe,USCIS Report to Congress - Use of Authority in the INA Related to Making Certain Terrorist Related Inadmissibilities Inapplicable,,,,,,,,,,
3499,,,,,,,,,,,,,,
3500,836367,2/3/2009,Congressman James Howe,Addendum to the DHS Other Transaction (OT) Report to Congress Fiscal Years 2004-2007,,,,,,,,,,
3501,838605,8/31/2009,Congressman Steny H. Hoyer,regarding her husband's appeal of his 1-601.,,,,,,,,,,
3502,835693,8/3/2009,Congressman Kay Bailey Hutchison,"Senators Kay Bailey Hutchison, and John Cornyn; and Representatives John Culberson and Pete Olson write regarding CBP's rush to reinterpret the Jones Act with potentially devastating impacts to the U.S. offshore oil and gas industry.",,,,,,,,,,
3503,835803,8/4/2009,Senator Johnny Isakson,is requesting reconsideration of his wife (b)(6) J-601.,,,,,,,,,,
3504,835806,8/4/2009,Senator Johnny Isakson,is requesting status and expedite of her naturalization petition filed 1/3/2005.,,,,,,,,,,
3505,,,,,,,,,,,,,,
3506,836567,8/10/2009,Senator Johnny Isakson,Rep. Isakson writes on behalf of constituent(b)(6)    who requests DHS review the policy allowing foreign governments access to U.S. citizen's driving records beyond a certain time period.,,,,,,,,,,
3507,837401,8/18/2009,Senator Johnny Isakson,|is requesting assistance in acquiring an 1-130 for her mentally disabled brothei,,,,,,,,,,
3508,837762,8/21/2009,Senator Johnny Isakson,is questioning if his status can be changed from naturalized US citizen to native-born US citizen.,,,,,,,,,,
3509,835845,8/4/2009,Congressman Darrell Issa,"Representatives Issa, Hastings, Souder, King, and Bishop write to request information relating to agreements between DHS and the Department of the Interior and the U.S. Forest Service.",,,,,,,,,,
3510,836625,8/11/2009,Congressman Darrell Issa,is requesting status and expedite of wife (b 601.,,,,,,,,,,
3511,838401,8/27/2009,Congressman Darrell Issa,Rep. Darrell Issa asks several questions regarding ARRA/stimulus spending as related to CBP's prioritization of Land Ports of Entry (LPOE).,,,,,,,,,,
3512,,,,,,,,,,,,,,
3513,836643,8/11/2009,Congressman Eddie Bernice Bernice Johnson,"is requesting acceptance of his ""No objection letter"" from the government of Yemen to the US State Department in order to be able to proceed with his 1-485 petition for he and his family.",,,,,,,,,,
3514,838262,8/26/2009,Congressman Timothy V. Johnson,"Congressman Johnson is requesting meeting to discuss reason for -485 denial, and possible solutions to help remedy the situation.",,,,,,,,,,
3515,838117,8/25/2009,Congressman Walter B. Jones,is requesting status of husband(b)( > 3-601.,,,,,,,,,,
3516,836220,8/6/2009,Congressman Marcy Kaptur,Rep. Kaptur writes on behalf of constituent    regarding obtaining a TWIC card.,,,,,,,,,,
3517,835699,8/3/2009,Congressman Edward M. Kennedy,Supports the City of Boston's application to the Department of Homeland Security's Port Security Grant Program.,,,,,,,,,,
3518,835757,8/4/2009,Congressman Edward M. Kennedy,"Senators Edwrd Kennedy and John Kerry and three Members of Congress from Massachuetts are requesting that each case filed by attorney(b,(6)    be reopened to ensure validity and that those consituents who have been victims of (bX6>    |fraud be allowed to remain in the US pending their case review.",,,,,,,,,,
3519,,,,,,,,,,,,,,
3520,838395,8/27/2009,Congressman Peter T. King,Writes on the behalf of a constituentj(b)(6)    |who is concerned about the inability to have his security clearance transferred from DHS.,,,,,,,,,,
3521,836828,8/12/2009,Congressman Jack Kingston,is requesting reconsideration of her and families denied 1-485.,,,,,,,,,,
3522,836912,8/13/2009,Congressman Jack Kingston,is reconsideration of his 1-485 denial.,,,,,,,,,,
3523,837259,8/17/2009,Congressman Jack Kingston,"writes on behalf of constituent, (bM6) regarding her application for Temporary Administrator of the Estate of her deceased husband.",,,,,,,,,,
3524,837560,8/19/2009,Congressman Mark Steven Kirk,is requesting status of I-129F for (b)(6),,,,,,,,,,
3525,836905,8/13/2009,Congressman Ron Klein,"is requesting information on status of her husbands I-145, as well as several other questions regarding the backlog of visas.",,,,,,,,,,
3526,,,,,,,,,,,,,,
3527,837516,8/19/2009,Congressman John Kline,is requesting a sworn statement document for his grandfather (b>(6>    showing that he did or did not renounce his Italian citizenship.,,,,,,,,,,
3528,836080,8/6/2009,Senator Amy Klobuchar,is inquiring about the possibility of his deportation.,,,,,,,,,,
3529,838488,8/28/2009,Senator Amy Klobuchar,is requesting status of husband^ -601.,,,,,,,,,,
3530,837713,8/20/2009,Congressman Herb Kohl,Writes on behalf of constituent (b)<6>    who has concerns about NLE 09.,,,,,,,,,,
3531,836932,8/13/2009,Congressman Leonard Lance,woul like to have Ecuador and the Slovick Republic included in the list of eligible countries for H2-A workers.,,,,,,,,,,
3532,836975,8/13/2009,Senator Mary L. Landrieu,Proposes that a comprehsenive package be put together to address areas of Gulf Coast still in need of assistance.,,,,,,,,,,
3533,836563,8/10/2009,Congressman Steven LaTourette,"Rep. LaTourette writes on behalf of ,bl bl    the lawver for Regarding his TRIP.",,,,,,,,,,
3534,837106,8/14/2009,Senator Frank R. Lautenberg,Supports application submitted by the City of Englewood Fire Department for funding under the Firehouse Construction Grant Program.,,,,,,,,,,
3535,,,,,,,,,,,,,,
3536,838481,8/28/2009,Senator Frank R. Lautenberg,Supports application submitted by the Milltown Fire Department for funding under the Firefighters Fire Station Construction Grant Program.,,,,,,,,,,
3537,836557,8/10/2009,Senator Carl Levin,is requesting status of his refugee resettlement application 1-590.,,,,,,,,,,
3538,837271,8/17/2009,Senator Carl Levin,Sen. Levin writes on behalf of constituent (bX6> regarding concerns with management overseeing the Behavior Detection Program.,,,,,,,,,,
3539,838477,8/28/2009,Senator Carl Levin,is requesting status of waiving of J-1 2 year residency requirment. H-IB.,,,,,,,,,,
3540,835949,8/5/2009,Congressman Joseph I. Lieberman,Senators Lieberman and Collins request the Benefit-Cost Report on Long Range Aide to Navigation (LORAN).,,,,,,,,,,
3541,837045,8/14/2009,Congressman Joseph I. Lieberman,"Joe Lieberman et. al. request the transition plan for transfer of FPS (from ICE to NPPD), and some additional information, be submitted to the Committee within 2 weeks.",,,,,,,,,,
3542,837993,8/24/2009,Congressman Joseph I. Lieberman,"Chairman Lieberman and Chairman Thompson write regarding opportunities for small businesses to participate in agency-specific acquisition programs, specifically the Advanced Technology X-ray acquisition program.",,,,,,,,,,
3543,835932,8/5/2009,Congressman Daniel W. Lipinski,is requesting status of his wife(b “    1-130.,,,,,,,,,,
3544,,,,,,,,,,,,,,
3545,837730,8/20/2009,Congressman Daniel W. Lipinski,is requesting status of husband (bX6) 3-130.,,,,,,,,,,
3546,835626,8/3/2009,Congressman Richard G. Lugar,writes to complain about the treatment he recieved at the US Embassy in Haiti.,,,,,,,,,,
3547,835644,8/3/2009,Congressman Richard G. Lugar,is requesting status of husbanc (b)<6) 1-601.,,,,,,,,,,
3548,835939,8/5/2009,Congressman Richard G. Lugar,is requesting status of his wife <b)<6)    i 1-601.,,,,,,,,,,
3549,835945,8/5/2009,Congressman Richard G. Lugar,is requesting status of husband(b)(6) 1-601.,,,,,,,,,,
3550,837876,8/21/2009,Congressman Richard G. Lugar,Sen. Lugar writes on behalf of constituent (bX6) regarding TSA's uniforms.,,,,,,,,,,
3551,838140,8/25/2009,Congressman Richard G. Lugar,is requesting reconsideration of her husband 1-601 denial.,,,,,,,,,,
3552,,,,,,,,,,,,,,
3553,838145,8/25/2009,Congressman Richard G. Lugar,is requesting assistance with 1-730 for his beneficiaries tb)<6) (b)(6),,,,,,,,,,
3554,838258,8/26/2009,Congressman Ben Lujan,is requesting status of 1-601 for her(b)(6) (b)(6),,,,,,,,,,
3555,836375,8/7/2009,Congressman Cynthia Lummis,Rep. Lummis writes on behalf of constituent lb)(6) regarding treatment at a border crossing.,,,,,,,,,,
3556,835743,8/4/2009,Congressman Daniel E. Lungren,is requesting assistance in clarifying the citizenship of her ex-husband|(b)(6)    She believes that he mistakenly holds dual citizenship in the UK and US.,,,,,,,,,,
3557,835661,8/3/2009,Congressman Connie Mack,is requesting status of husband (b>(6>    I- 601.,,,,,,,,,,
3558,837635,8/20/2009,Congressman Connie Mack,is requesting status of her 1-730 filed on her behalf by (b)(6>,,,,,,,,,,
3559,838283,8/26/2009,Congressman Connie Mack,is requesting expedite of his son's 1-485.,,,,,,,,,,
3560,,,,,,,,,,,,,,
3561,836834,8/12/2009,Congressman Dan Maffei,is requesting status and expedite of husband (b)(6> 1-601.,,,,,,,,,,
3562,838142,8/25/2009,Congressman Carolyn B. Maloney,~|s requesting reconsideration of 1-140 denial for(b)(6) (b)(6),,,,,,,,,,
3563,835785,8/4/2009,Congressman Donald A. Manzullo,is requesting status of husband (b)(6) 1-601.,,,,,,,,,,
3564,838131,8/25/2009,Congressman Betsy Markey,is requesting status of husbanc(b)(6) -601.,,,,,,,,,,
3565,837108,8/14/2009,Congressman Eric Massa,Writes on behalf of constituent(b)(6)    who is having issues getting his Supplemental Security Income due to citizenship problems.,,,,,,,,,,
3566,837888,8/21/2009,Congressman Doris O. Matsui,Rep. Matsui writes on behalf of constituent(b)(6)    regarding airport detainment.,,,,,,,,,,
3567,,,,,,,,,,,,,,
3568,836895,8/13/2009,Congressman Carolyn McCarthy,complain of there treatment by USCIS officers and request reconsideration of the N-400 denial recieved for (bH6>,,,,,,,,,,
3569,835966,8/5/2009,Congressman Kevin McCarthy,is requesting assistance/reason for her continual dentention each time she enters back into the US.,,,,,,,,,,
3570,837508,8/19/2009,Congressman Michael McCaul,asks for assistance from Rep. McCaul's office,,,,,,,,,,
3571,838013,8/24/2009,Congressman Michael McCaul,Rep. Michael T. McCaul writes regarding CBP’s rush to reinterpret the Jones Act with potentially devastating impacts to the U.S. offshore oil and gas industry; requests an extension to the comment period.,,,,,,,,,,
3572,838069,8/25/2009,Congressman Michael McCaul,is requesting status of his 1-495.,,,,,,,,,,
3573,838284,8/27/2009,Congressman Michael McCaul,is requesting authentication f great-grandfather's naturalization document. G-24.,,,,,,,,,,
3574,838494,8/28/2009,Congressman Michael McCaul,is requesting expedite and status of 1-485.,,,,,,,,,,
3575,835621,8/3/2009,Senator Mitch McConnell,is requesting status of her husband's 1-601.,,,,,,,,,,
3576,,,,,,,,,,,,,,
3577,838356,8/27/2009,Senator Mitch McConnell,"His requesting reconsideration of her I-601 denial. She questions why she did not qualify as having ""extreme hardship"" but her two children did.",,,,,,,,,,
3578,838041,8/25/2009,Congressman Thaddeus G. McCotter,is requesting expedite of K-3 visa for his fiance.,,,,,,,,,,
3579,836853,8/12/2009,Congressman Jim McDermott,Writes on behalf of constituent’1''0 regarding a TRIP inquiry.,,,,,,,,,,
3580,837110,8/14/2009,Congressman Mike McMahon,Request the Department to review the security implications of resuming car service on the Staten Island Ferry.,,,,,,,,,,
3581,835991,8/5/2009,Senator Robert Menendez,Supports application submitted by the Jacksonville Fire Company for funding under the Assistance to Firefighters Fire Station Construction Grant Program.,,,,,,,,,,
3582,837399,8/18/2009,Senator Robert Menendez,is requesting status of husband lb 3-601.,,,,,,,,,,
3583,837460,8/18/2009,Senator Robert Menendez,Supports the application submitted by the Burlington County Office of Emergency Management for funding under the American Recovery and Reinvestment Act.,,,,,,,,,,
3584,,,,,,,,,,,,,,
3585,836003,8/5/2009,Senator Jeff Merkley,is requesting status and expedite of her husbancFjH -601.,,,,,,,,,,
3586,838282,8/26/2009,Congressman Michael H. Michaud,are requesting status of their adoption of fom Vietnam. 1-600.,,,,,,,,,,
3587,836889,8/13/2009,Senator Barbara A. Mikulski,is requesting that USCIS approve the EB-5 for the Maryland Center for Foreign Investment.,,,,,,,,,,
3588,837189,8/17/2009,Senator Barbara A. Mikulski,Writes with concerns regarding DHS's Transformation and Systems Consolidation (TASC) Program.,,,,,,,,,,
3589,837872,8/21/2009,Senator Barbara A. Mikulski,Recommends(b)(6)    be reappointed as member and Chairman of the US Coast Guard's National Boating Safety Advisory Council.,,,,,,,,,,
3590,836453,8/10/2009,Congressman Gary G. Miller,is requesting status of wife(b)<6)    1-601.,,,,,,,,,,
3591,838267,8/26/2009,Congressman Gary G. Miller,Rep. Miller writes on behalf ol(b)(6)    who is a victim of illegal immigrant(b)(6)    and wants him deported.,,,,,,,,,,
3592,835829,6/9/2009,Congressman Ofelia Molina,Would like to known the status of her son's petition.,,,,,,,,,,
3593,,,,,,,,,,,,,,
3594,836265,8/7/2009,Congressman Alan B. Mollohan,and her husband (b)(6) whose LPR status is in jeopardy because of his return to India to care for family members.,,,,,,,,,,
3595,836282,1/8/2009,Congressman Lee Morris,DHS Report on Federal Personnel and Resource Requirements,,,,,,,,,,
3596,836290,1/7/2009,Congressman Lee Morris,CBP - Car Ferries Memo to Congress,,,,,,,,,,
3597,,,,,,,,,,,,,,
3598,836304,1/5/2009,Congressman Lee Morris,GAO-09-58 Public Health & Border Security: HHS and DHS Should Further Strengthen Their Ability to Respond to TB Incidents,,,,,,,,,,
3599,836319,1/14/2009,Congressman Lee Morris,NPPD - FY2009 Tierl/Tier2 List of Critical Infrastructure and Key Resources,,,,,,,,,,
3600,836327,1/5/2009,Congressman Lee Morris,DHS I&A Response to Section 511 of the Implementing Recommendation of the 9/11 Commission Act of 2007,,,,,,,,,,
3601,,,,,,,,,,,,,,
3602,836331,1/8/2009,Congressman Lee Morris,Privacy Office - 1st Quarterly Report for FY2009,,,,,,,,,,
3603,,,,,,,,,,,,,,
3604,835629,7/31/2009,Senator Lisa Murkowski,Sen. Murkowski writes on behalf of(b)(6)    regarding the deportation of (b)(6),,,,,,,,,,
3605,835807,7/31/2009,Senator Lisa Murkowski,Writes on behalf of(b!(6)    regarding closure of the southwest border in response to avian flu.,,,,,,,,,,
3606,836229,8/6/2009,Senator Lisa Murkowski,Supports all Alaskan fire departments' applications for funding under the Assistance to Firefighters Grant Program.,,,,,,,,,,
3607,836422,8/10/2009,Senator Patty Murray,"writes to inform that she mistakenly sent the application and supporting docs, for(D,(0)    I- 864 to the Chicago lock box instead of the National Visa Center.",,,,,,,,,,
3608,836650,8/11/2009,Senator Patty Murray,is requesting status of husband (b)(6) -601. -,,,,,,,,,,
3609,837629,8/20/2009,Senator Patty Murray,Senators Patty Murray and Maria Cantwell write regarding DHS's current policy on information disclosures to the rights holder when CBP seizes imported circumvention devices that are in violation of the Digital Millennium Copyright Act.,,,,,,,,,,
3610,835719,8/4/2009,Congressman Sue Myrick,is requesting assistance in obtaining her Permanent Residency Card.,,,,,,,,,,
3611,,,,,,,,,,,,,,
3612,836001,8/5/2009,Congressman Sue Myrick,"Writes on behalf of Global Compliance regarding security clearance process for contractors at DHS and DOT, and requests points of contacts for decision makers and not administrators.",,,,,,,,,,
3613,838240,8/26/2009,Congressman Janet Napolitano,Letter to Sen. Graham regarding Project Seahawk.,,,,,,,,,,
3614,835722,8/4/2009,Senator Bill Nelson,is requesting status of husband (b)(6) ”p601.,,,,,,,,,,
3615,835739,8/4/2009,Senator Bill Nelson,are requesting assistance in applying for refugee status.,,,,,,,,,,
3616,836547,8/7/2009,Senator Bill Nelson,Senator Nelson writes on behalf of his constituent <b)(6> 3'egarding the recent I&A report on Rightwing Extremism.,,,,,,,,,,
3617,836945,8/13/2009,Senator Bill Nelson,is requesting expedited US citizenship. N-400 based on being the widow of US Embassy employee killed while on duty in Bagdad.,,,,,,,,,,
3618,838092,8/25/2009,Congressman Glenn Nye,is requesting status of immigrant visa for his brother . 1-130.,,,,,,,,,,
3619,,,,,,,,,,,,,,
3620,837822,8/21/2009,Congressman James L. Oberstar,is requesting expedite of wife (bX6>    1-485.,,,,,,,,,,
3621,837029,8/13/2009,Congressman Solomon P. Ortiz,Request full and fair consideration of <b)(6) 1-140 application to become a legal permanent resident.,,,,,,,,,,
3622,837680,8/20/2009,Congressman Ed Pastor,is requesting status of 1-130 for her husbanc(b (b)(6),,,,,,,,,,
3623,838270,8/26/2009,Congressman Ed Pastor,Writes on behalf of constituent (b)(6)    who requests that TPS be designated for (bX6),,,,,,,,,,
3624,837819,8/21/2009,Congressman Erik Paulsen,is requesting status of his 1-485.,,,,,,,,,,
3625,838504,8/28/2009,Congressman Ed Perl mutter,Rep. Ed Perimutter expresses his concern with rightwing extremist groups and requests notification of the actions DOJ and DHS are undertaking to protect the Nation from their potential danger.,,,,,,,,,,
3626,836665,8/11/2009,Congressman Tom Perriello,is requesting status and expedite of wife 1-130.,,,,,,,,,,
3627,838661,8/31/2009,Congressman Gary Peters,-601 application.,,,,,,,,,,
3628,,,,,,,,,,,,,,
3629,835684,8/3/2009,Congressman Joshua Pillay,Requests assistance in obtaining a visitors visa so he can visit his wife in New York.,,,,,,,,,,
3630,835636,8/3/2009,Congressman Joseph R. Pitts,is requesting status of 1-730 for his family members.,,,,,,,,,,
3631,838667,8/31/2009,Congressman Joseph R. Pitts,filed an appeal,,,,,,,,,,
3632,838150,8/26/2009,Congressman Jared Polis,is requesting status and processing time for her 1-601.,,,,,,,,,,
3633,838151,8/26/2009,Congressman Jared Polis,is requesting status and processing time for his penidng I- 601.,,,,,,,,,,
3634,838152,8/26/2009,Congressman Jared Polis,is requesting status and processing times for pending 1-601.,,,,,,,,,,
3635,838490,8/28/2009,Congressman Jared Polis,is requesting expedite and status of his 1-539 change of adjustment.,,,,,,,,,,
3636,,,,,,,,,,,,,,
3637,836272,8/7/2009,Congressman David E. Price,"Writes to not object the request to reprogram and reactivate a total of $58,628,000 in fiscal year 2009 and lapsed fiscal year 2008 unobligated balances, and to make available for expenditure $15,000,000 in additional non-appropriated fee collections.",,,,,,,,,,
3638,836276,8/7/2009,Congressman David E. Price,"Approves the net increase of $6,182,733 to the Office of the Secretary and Executive Management (OSEM). Approves the request to restore fifty percent of its fiscal year 2008 lapsed balances in salaries and expenses accounts as permited for the Office of the Secretary and Executive Management (OSEM), Office of the Chief Information Officer, Office of the Chief Financial Officer, and Office of the Under Secretary of Management. Approves the request to reprogram $4,870,019 in Fiscal Year 2009 funding to the (OSEM).",,,,,,,,,,
3639,836343,8/7/2009,Congressman David E. Price,Writes regarding his inability to release Next Generation Networks projects funding currently withheld from obligation until Congress is provided with the information required in House Report 110-862,,,,,,,,,,
3640,836385,8/7/2009,Congressman David E. Price,"Writes to appove the reprogramming request for CBP for $43,789,000 for the Border Security and Control Between Ports Program, Project, and Activity.",,,,,,,,,,
3641,836386,8/7/2009,Congressman David E. Price,Writes to express that the House Committee on Appropriations' Subcommittee on Homeland Security does NOT object to the Department's Implementation Plan for Transfer of Disaster Relief Funds for management and administration purposes.,,,,,,,,,,
3642,,,,,,,,,,,,,,
3643,836566,8/10/2009,Congressman David E. Price,Writes in response to the request to reprogram FY 2009 appropriations from protective operations and other unused funds.,,,,,,,,,,
3644,836781,8/12/2009,Congressman David E. Price,is requesting revokation of husbantfbl 3^4 visa due to marriage fraud(b)(6)    is also concerned that her husband's actions may be harmful to her own H1B status.,,,,,,,,,,
3645,837732,8/20/2009,Congressman David E. Price,is requesting status of husband<b) 1-601.,,,,,,,,,,
3646,835691,7/31/2009,Congressman Tom Price,Rep. Price writes on behalf of constituent 1101    regarding the search of his shipping containers.,,,,,,,,,,
3647,836306,8/7/2009,Congressman Tom Price,is requesting expedite of his I-129F petition.,,,,,,,,,,
3648,837263,8/17/2009,Congressman Tom Price,Rep. Price writes on behalf of constituen bregarding a TRIP concern.,,,,,,,,,,
3649,836896,8/13/2009,Congressman Mike Quigley,Attorney Awbrey Watts is requesting expedite of(b)(6) Tran's Humanitarian Parole Application so that she may attend the funeral of her mother<b)<6),,,,,,,,,,
3650,,,,,,,,,,,,,,
3651,835861,8/4/2009,Senator Jack Reed,"Request input on a proposal to expand income tax relief benefits, specifically the Combat Zone Tax Exclusion, to civilian Federal employees in Iraq and Afghanistan.",,,,,,,,,,
3652,836666,8/11/2009,Senator Jack Reed,is requesting status of her chi Ids refugee case.,,,,,,,,,,
3653,836667,8/11/2009,Senator Jack Reed,Jvrite regarding their experiences with an adoption agency in Ethiopia and requesting guidance as to how to proceed.,,,,,,,,,,
3654,837504,8/19/2009,Senator Jack Reed,is requesting status of her pending request from the geneology program.,,,,,,,,,,
3655,837512,8/19/2009,Senator Jack Reed,is requesting status of(b)(6) 1-601.,,,,,,,,,,
3656,838264,8/26/2009,Senator Jack Reed,is requesting status of his pending 1-485.,,,,,,,,,,
3657,838652,8/31/2009,Senator Jack Reed,"Invites the Secretary to speak at the 2009 Rhode Island Business Leaders Day, September 16, 2009.",,,,,,,,,,
3658,,,,,,,,,,,,,,
3659,837871,8/21/2009,Congressman Denny Rehberg,is requesting expedite of permanent residency verification for(b)(6)    G-845.,,,,,,,,,,
3660,838089,8/25/2009,Congressman Denny Rehberg,is requesting status of wife (b)<6)    1-601.,,,,,,,,,,
3661,835698,8/3/2009,Senator Harry Reid,Writing to request that S1 reject or reverse any agency policy regarding official travel for DHS employees that discriminates against specific cities.,,,,,,,,,,
3662,838059,8/25/2009,Senator Harry Reid,is requesting status of daughter(b)(6i 1-601.,,,,,,,,,,
3663,838060,8/25/2009,Senator Harry Reid,is requesting status of wife's 1-601.,,,,,,,,,,
3664,837332,8/18/2009,Senator Jim Risch,"is requesting reconsideration of fiance petition denial for (b)<6)    Additionally, he is requesting to know the reasons for the denial and who interviewed his wife.",,,,,,,,,,
3665,836077,7/15/2009,Senator John D. Rockefeller,Writes regarding cybersecurity preparedness of the department and the effectiveness of its incident response capability.,,,,,,,,,,
3666,,,,,,,,,,,,,,
3667,835720,8/4/2009,Congressman Ciro D. Rodriguez,is requesting status of his wife(b)(6) 1-130.,,,,,,,,,,
3668,836887,8/13/2009,Congressman Ciro D. Rodriguez,is requesting status of wife (b)(6)    1- 130.,,,,,,,,,,
3669,837535,8/19/2009,Congressman Ciro D. Rodriguez,is requesting status of his wife ' 3-601.,,,,,,,,,,
3670,837686,8/20/2009,Congressman Ciro D. Rodriguez,is requesting the status of her husband(b)(6)    1-130.,,,,,,,,,,
3671,838045,8/25/2009,Congressman Ciro D. Rodriguez,is requesting update on her FOIA request.,,,,,,,,,,
3672,838122,8/25/2009,Congressman Ciro D. Rodriguez,"is requesting exception of her deportation due to exhusband being from American Samoa and therefore not eligible to immigrate her. Although she has held 2 greencards in the previously, she has recently recieved deportation notification.",,,,,,,,,,
3673,,,,,,,,,,,,,,
3674,838128,8/25/2009,Congressman Ciro D. Rodriguez,is requesting notice of his application for citizenship.,,,,,,,,,,
3675,838198,8/26/2009,Congressman Ciro D. Rodriguez,is requesting status of his step-son(b)(6) -130.,,,,,,,,,,
3676,835690,8/3/2009,Congressman Phil Roe,is requesting status of her 1-589 application for asylum.,,,,,,,,,,
3677,836674,8/11/2009,Congressman Phil Roe,Js requesting information of immigration law as is relates to minors brought illegally into the US by parents.,,,,,,,,,,
3678,837820,8/21/2009,Congressman Phil Roe,is requesting assistance in obtaining K-l visa for I-129F.,,,,,,,,,,
3679,837883,8/21/2009,Congressman Phil Roe,Writes on behalf of constituent who would like the status of his background investigation through FEMA.,,,,,,,,,,
3680,836805,8/12/2009,Congressman Michael J. Rogers,is requesting status of 1-730 she filed for her husbanc[(bX6),,,,,,,,,,
3681,836291,8/7/2009,Congressman Steven R. Rothman,is requesting status of 1-601 foi(b) (b)(6)    1,,,,,,,,,,
3682,,,,,,,,,,,,,,
3683,837509,8/19/2009,Congressman Steven R. Rothman,3s requesting status of his naturalization case. N- 400.,,,,,,,,,,
3684,838542,8/28/2009,Congressman Steven R. Rothman,"J writes on behalf of his constituent, who owns the small business M. Rothman & Company Inc., to seek assistance regarding CBP's seizure of DVD players that were improperly packaged.",,,,,,,,,,
3685,837661,8/20/2009,Senator Bernard Sanders,"is requesting ""something in writing"" to verify her immigration status in the US for the purposes of financial aid at her school.",,,,,,,,,,
3686,838660,8/31/2009,Senator Bernard Sanders,Jiled I -589 application for asylum,,,,,,,,,,
3687,836885,8/13/2009,Congressman Janice D. Schakowsky,is requesting status of humanitarian parole for his son (b)(6),,,,,,,,,,
3688,837554,8/19/2009,Congressman Janice D. Schakowsky,Rep. Schakowskv writes on behalf of her constituentl(b)(6)    1. who requests a SEVIS fee waiver.,,,,,,,,,,
3689,838043,8/25/2009,Congressman Jean Schmidt,is requesting expedite of wife (b)(6)    K-1 visa.,,,,,,,,,,
3690,,,,,,,,,,,,,,
3691,838050,8/25/2009,Congressman Kurt Schrader,is requesting status of husband (b)(6)    I- 601.,,,,,,,,,,
3692,835989,8/5/2009,Senator Charles E. Schumer,Supports the application submitted by the Town of Caton Fire District #1 for funding under the Fire Station Construction Grant Program to update and enhance their new fire station.,,,,,,,,,,
3693,836348,8/7/2009,Senator Charles E. Schumer,Supports application submitted by the Waterford Village Volunteer Fire Department for funding under the Fire Station Construction Grant Program.,,,,,,,,,,
3694,836350,8/7/2009,Senator Charles E. Schumer,Supports application submitted by the Roslyn Rescue Fire Department for funding under the Fire Station Construction Grant. Application No. EMW-2009-FC-00360 and Application No. EMW-2009-FO-02773.,,,,,,,,,,
3695,836355,8/7/2009,Senator Charles E. Schumer,Supports the application submitted by the Ames Fire Department for funding under the Assistance to Firefighters Grant Program.,,,,,,,,,,
3696,836356,8/7/2009,Senator Charles E. Schumer,Supports application submitted by the Bellmore Fire Department for funding under the Fire Station Construction Grant Program.,,,,,,,,,,
3697,836357,8/7/2009,Senator Charles E. Schumer,Supports the application submitted by the City of Port Jervis Fire Department for funding under the Fire Station Construction Grant to construct a new fire station.,,,,,,,,,,
3698,,,,,,,,,,,,,,
3699,836360,8/7/2009,Senator Charles E. Schumer,Supports the application submitted by the City of Watervliet Fire Department for funding under the Fire Station Construction Grant to construct a new fire station.,,,,,,,,,,
3700,836362,8/7/2009,Senator Charles E. Schumer,Supports application submitted by the Village of Fishkill Fire Department for funding under the Fire Station Construction Grant Program.,,,,,,,,,,
3701,836364,8/7/2009,Senator Charles E. Schumer,Supports the application submitted by the City of Niagara Falls Fire Department for funding under the Fire Station Construction Grant (Application No. EMW-2009-FC-01670).,,,,,,,,,,
3702,836365,8/7/2009,Senator Charles E. Schumer,Supports application submitted by the Horicon Fire Department for funding under the Assistance to Firefighters Grant Program.,,,,,,,,,,
3703,836580,8/10/2009,Senator Charles E. Schumer,Supports the application submitted by the Jonesville Fire District for funding under the Fire Station Construction Grant (Application No. EMW-2009-FC-00875).,,,,,,,,,,
3704,837054,8/13/2009,Senator Charles E. Schumer,Supports the application submitted by the City of Peekskill Fire Department for funding under the Fire Station Construction Grant Program.,,,,,,,,,,
3705,837711,8/20/2009,Senator Charles E. Schumer,Supports application submitted by the Oswego Town Volunteer Fire Department for funding under the Fire Station Construction Grant Program.,,,,,,,,,,
3706,,,,,,,,,,,,,,
3707,837712,8/20/2009,Senator Charles E. Schumer,Supports application submitted by the Rutland Volunteer Fire Company for funding under the Fire Station Construction Grant Program.,,,,,,,,,,
3708,837724,8/20/2009,Senator Charles E. Schumer,Supports application submitted by the Rockville Centre Fire Department for funding under the Fire Station Construction Grant Program.,,,,,,,,,,
3709,838017,8/24/2009,Senator Charles E. Schumer,Supports application submitted by the City of Auburn Fire Department for funding under the Assistance to Firefighters Grant Program.,,,,,,,,,,
3710,838019,8/24/2009,Senator Charles E. Schumer,Supports application submitted by the Cherry Creek Fire District for funding under the Fire Station Construction Grant Program.,,,,,,,,,,
3711,838024,8/24/2009,Senator Charles E. Schumer,Supports application submitted by the Fabius Volunteer Fire Department for funding under the Fire Station Construction Grant.,,,,,,,,,,
3712,838027,8/24/2009,Senator Charles E. Schumer,Supports the application submitted by the Otisville Fire Company for funding under the Fire Station Construction Grant Program.,,,,,,,,,,
3713,838539,8/28/2009,Senator Charles E. Schumer,Supports the application submitted by Norfolk Volunteer Fire Department for funding under the Assistance to Firefighters Grant Program.,,,,,,,,,,
3714,837367,8/18/2009,Congressman Robert C. Scott,is requesting status of her greencard and documentation.,,,,,,,,,,
3715,,,,,,,,,,,,,,
3716,838352,8/27/2009,Senator Jeff Sessions,is requesting status of 1-130 for his wife(b)(6) (b)(6),,,,,,,,,,
3717,835641,8/3/2009,Congressman Joe Sestak,is requesting status of her 1-140 petition filed on her behalf by her employer Swathmore College.,,,,,,,,,,
3718,835723,8/4/2009,Congressman Joe Sestak,is requesting status of husband(b)(6)    1-601.,,,,,,,,,,
3719,838644,8/31/2009,Congressman Joe Sestak,Re An application for dual citizenship and her Freedom of Information request.,,,,,,,,,,
3720,838012,8/24/2009,Senator Richard C. Shelby,Sen. Shelby and Rep. Bonner request a 60 day comment extension regarding CBP's intent to modify interpretations of the Jones Act.,,,,,,,,,,
3721,837550,8/19/2009,Congressman Brad Sherman,is requesting processing of his 1-601 waiver in order to be re-united with his wife and children.,,,,,,,,,,
3722,836178,8/6/2009,Congressman Peggy Sherry,FEMA Grant Announcement/Operation Stonegarden,,,,,,,,,,
3723,,,,,,,,,,,,,,
3724,838042,9/2/2009,Congressman Peggy Sherry,Letters to the Chairmen and Ranking Members of the House and Senate Appropriations Subcommittees on Homeland Security regarding Si's views on the upcoming conference on the FY 2010 DHS Appropriations Bill.,,,,,,,,,,
3725,837119,8/14/2009,Congressman Heath Shuler,Three members of Congress thank S1 and POTUS for implementation of E-Verify mandate rule.,,,,,,,,,,
3726,836186,8/6/2009,Congressman Michael K. Simpson,"is requesting that ICE hold on his daughter (b)(6)    |t Jbe recalled, and that ICE not pick her up when she is released from prison.",,,,,,,,,,
3727,836202,8/6/2009,Congressman Michael K. Simpson,is requesting waiver of fee for a copy of his naturalization certificate.,,,,,,,,,,
3728,,,,,,,,,,,,,,
3729,835627,8/3/2009,Congressman Albio Sires,Supports the application submitted by the City of Linden for funding under the Fire Station Construction Grant Program.,,,,,,,,,,
3730,836682,8/11/2009,Congressman Ike Skelton,"Invites the Secretary to be a key note speaker at the Homeland Security Global and Domestic Perspectives Conference, March 29, 2010.",,,,,,,,,,
3731,838685,8/31/2009,Congressman Colister Slater,no WF Creation,,,,,,,,,,
3732,836310,8/7/2009,Congressman Adrian Smith,is requesting status of her husband's 1-601.,,,,,,,,,,
3733,836180,8/6/2009,Congressman Christopher H. Smith,are requesting expedite of 1-130 for their adopted son (b)(6),,,,,,,,,,
3734,837779,8/21/2009,Congressman Lamar Smith,is requesting status of husband(b)(6) 1-601.,,,,,,,,,,
3735,835639,8/3/2009,Congressman Arlen Specter,of Spline Technologies is requesting status of 1-140 for employee (b)(6),,,,,,,,,,
3736,838279,8/26/2009,Congressman Arlen Specter,is requesting reconsideration of husband(b)<0' -601 denial.,,,,,,,,,,
3737,,,,,,,,,,,,,,
3738,837195,8/14/2009,Congressman Jackie Speier,Rep. Speier writes on behalf of her constituent.<b)(6) regarding a complaint against DHS's Policy office.,,,,,,,,,,
3739,837643,8/20/2009,Senator Debbie Stabenow,is requesting status of 1-730 forfbX6),,,,,,,,,,
3740,,,,(b)(6),,,,,,,,,,
3741,835850,8/3/2009,Congressman Bart Stupak,Requests the Secretary to testify before a hearing on July 30 on the proposed relocation of federal research activities relating to foot-and-mouth disease from the Plum Island Animal Disease Center in NY to a National Bio and Agro-Defense Facility in KS.,,,,,,,,,,
3742,838299,8/27/2009,Congressman Lee Terry,is requesting reconsideration of his wife(b)(6) -60 denial.,,,,,,,,,,
3743,835937,8/5/2009,Congressman Bennie G. Thompson,is requesting status of I-130 for her husband(b)<6) (b)(6),,,,,,,,,,
3744,836736,8/12/2009,Congressman Bennie G. Thompson,"Express concerns that DHS will not be able to meet the December 31, 2009 deadline for completion and submission of the Quadrennial Homeland Security Review. Requests monthly staff-level updates and periodic briefings.",,,,,,,,,,
3745,,,,,,,,,,,,,,
3746,837177,8/14/2009,Congressman Bennie G. Thompson,Writes to express his concern with the disconnect between the Stafford Act and FEMA regulations regarding which firms should be sought out and what actions should be taken to secure their business in disaster areas.,,,,,,,,,,
3747,837178,8/14/2009,Congressman Bennie G. Thompson,Expresses concerns regarding the applicability of the Stafford Disaster Relief and Emergency Assistance Act within the context of an influenza pandemic.,,,,,,,,,,
3748,837186,8/14/2009,Congressman Bennie G. Thompson,Requests a review and investigation into the State of New York Office of the Inspector General's findings that the Waterfront Commissionn of New York Harbor misused Federal port security grants.,,,,,,,,,,
3749,837881,8/21/2009,Congressman Bennie G. Thompson,Chairman Thompson and Representative King write regarding TSA's plans to delete the biometric data and identifiable information of participants of the Registered Traveler program from its database.,,,,,,,,,,
3750,838721,8/31/2009,"Congressman William ""Mac"" Thornberry",Re the denied 1-601 waiver.,,,,,,,,,,
3751,835624,8/3/2009,Congressman Patrick Tiberi,is requesting expedite of humanitarian parole for his son(b)(6),,,,,,,,,,
3752,,,,,,,,,,,,,,
3753,835952,8/5/2009,Congressman Patrick Tiberi,"is requesting assistance in verification of his US Citizenship. If found not to be citizen, is requesting to know what options are available to him to aquire citizenship.",,,,,,,,,,
3754,836642,8/11/2009,Congressman Paul Tonko,"lis inquiring as to reasons for the denial of her K-l fiance petition for(b)(6)    She is also expressing concern about unethical behavior, US Embassy charging more than listed fees for medical exams, and inquiring as to what her options are now following their denial.",,,,,,,,,,
3755,838203,8/26/2009,Congressman Paul Tonko,is requesting status of wife (b)(6)    /isa. I- 130.,,,,,,,,,,
3756,837559,8/19/2009,Senator Tom Udall,Tom Udall writes on behalf of his constituent(b)(6) regarding his treatment by customs as he re-entered the U.S.,,,,,,,,,,
3757,836926,8/13/2009,Congressman Chris Van Hollen,is requesting reconsideration of his denied 1-129.,,,,,,,,,,
3758,837269,8/17/2009,Congressman Chris Van Hollen,Rep.Chris Van Hollen writes on behalf of his constituent 01 patent rights pertaining to TSA Solicitation HSTS04-09-R- CT2070.,,,,,,,,,,
3759,,,,,,,,,,,,,,
3760,838391,8/27/2009,Congressman Chris Van Hollen,"Writes requesting assistance on behalf of constituent, <bX6) whose 1-485 petition was denied.",,,,,,,,,,
3761,837563,8/19/2009,Congressman Nydia M. Velazquez,is requesting status of her tow daughters(b)(6) (b)(e)    -730.,,,,,,,,,,
3762,837782,8/21/2009,Congressman Nydia M. Velazquez,is requesting status of 1-730 foribX6) (b)(6),,,,,,,,,,
3763,837889,8/21/2009,Congressman Nydia M. Velazquez,Rep. Velazquez writes regarding the deportation of a member of New York City's community.,,,,,,,,,,
3764,838093,8/25/2009,Congressman Nydia M. Velazquez,"is requesting status of 1-730 for her son (b,(E (b)(6)",,,,,,,,,,
3765,835786,8/4/2009,Congressman Peter J. Visclosky,is requesting status of husband (b T601.,,,,,,,,,,
3766,,,,,,,,,,,,,,
3767,837847,8/21/2009,Congressman Peter J. Visclosky,is requesting reconsideration of his mothei(b)<6) 1-601.,,,,,,,,,,
3768,838404,8/27/2009,Congressman Peter J. Visclosky,is requesting status of husband (b)(6)    1-601.,,,,,,,,,,
3769,837704,8/20/2009,Senator David Vitter,"Writes on behalf of constituent(b)(6)    who is interested in securing federal contracts for his company, Cool Hand Nuke.",,,,,,,,,,
3770,837800,8/21/2009,Congressman Zach Wamp,is requesting status of her N-400 application.,,,,,,,,,,
3771,835702,8/3/2009,Senator Mark R. Warner,3s requesting refund of I-290B fees she paid to the Vermont Service Center.,,,,,,,,,,
3772,838482,8/28/2009,Congressman Melvin L. Watt,3s requesting that the Texas Service Center use his earliest EB-3 priority date of 2/10/04 to process 1-485.,,,,,,,,,,
3773,835833,8/4/2009,Congressman Jim Webb,is requesting status of her I-130 petition.,,,,,,,,,,
3774,,,,,,,,,,,,,,
3775,837466,8/19/2009,Congressman Jim Webb,is requesting change of nonimmigrant status 1-539 for <bX6>,,,,,,,,,,
3776,837708,8/20/2009,Congressman Jim Webb,is requesting status of 1-601 for his wife<b^,,,,,,,,,,
3777,838044,8/25/2009,Congressman Jim Webb,is requesting expedite of his I-130 for his family members:|(b)(6) (b)(6),,,,,,,,,,
3778,838188,8/26/2009,Congressman Jim Webb,is requesting reconsideration of her 1-485 denial because it was made without consideration of her 1-360.,,,,,,,,,,
3779,836322,8/7/2009,Congressman Anthony D. Weiner,Writes on behalf of constituent who feels he was unfairly dismissed from his position as an interpreter for the New York Asylum Office.,,,,,,,,,,
3780,836518,6/1/2009,Congressman Chani Wiggins,USCIS Report to Congress - Immigration Examinations Fees Account,,,,,,,,,,
3781,,,,,,,,,,,,,,
3782,836546,6/2/2009,Congressman Chani Wiggins,"GAO-09-57, Highway Infrastructure: Federal Efforts to Strenghthen Security Should be Better Coordinated and Targeted on the Nation's Most Critical Highway Infrastructure",,,,,,,,,,
3783,836562,6/3/2009,Congressman Chani Wiggins,"GAO-09-70, Immigration Application Fees: Costing Methodology Imporovements Would Provide More Reliable Basis for Setting Fees",,,,,,,,,,
3784,838489,8/20/2009,Congressman Chani Wiggins,"GAO-09-630, FEDERAL CONTRACTING: Guidance on Award Fees Has Led to Better Practices but Is Not Consistently Applied",,,,,,,,,,
3785,,,,,,,,,,,,,,
3786,838704,8/31/2009,Congressman Chani Wiggins,"Thank you letter to Senator Tester for his phone call with the Secretary today, August 31, 2009.",,,,,,,,,,
3787,836951,8/13/2009,Congressman Charlie Wilson,"The Congressman writes on behalf ofKbX6>    Lvhn has an appeal of 1-485, and 1-601 petition pending. However, (bX6> is currently detained by ICE awaiting deportation.",,,,,,,,,,
3788,835695,8/3/2009,Congressman Joe Wilson,Jis requesting information regarding US Citizenship for her son both in and out of wedlock.,,,,,,,,,,
3789,835700,8/3/2009,Congressman Joe Wilson,is requesting reconsideration of her husbantf^ J-601 denial.,,,,,,,,,,
3790,835747,8/4/2009,Congressman Joe Wilson,is requesting information regarding his wife(b)(6) 1-130 petition.,,,,,,,,,,
3791,837255,8/17/2009,Congressman Joe Wilson,Writes on behalf of constituent(b)(6)    who requires assistance regarding denied 1-485 applications.,,,,,,,,,,
3792,,,,,,,,,,,,,,
3793,837580,8/19/2009,Congressman Joe Wilson,"Rep. Joe Wilson writes on behalf of his constituent,(b)(6) regarding her TRIP inquiry.",,,,,,,,,,
3794,835868,8/4/2009,Congressman Frank R. Wolf,Writes on behalf of<b)(6)    |who is seeking employment with DHS and has questions regarding the online application process.,,,,,,,,,,
3795,836771,8/11/2009,Congressman Frank R. Wolf,Writes on behalf of his constituent who is requesting a debrief from DHS on non contact bridge sensors.,,,,,,,,,,
3796,837946,8/11/2009,Congressman Frank R. Wolf,Writes on behalf of his constituent who is requesting a debrief from DHS on non contact bridge sensors.,,,,,,,,,,
3797,836075,8/6/2009,Congressman Lynn C. Woolsey,is requesting status of 1-589 he filed for his son b)(6),,,,,,,,,,
3798,837056,8/13/2009,Congressman Don Young,"Rep. Young writes to request the extension of the Jones Act comment period until at least October 15,2009.",,,,,,,,,,
3799,836299,1/5/2009,,USCG Report to Congress on Search and Rescue (SAR) Center -FY09 1st QTR,,,,,,,,,,
3800,836415,2/17/2009,,2009 National Infrastructure Protection Plan (NIPP),,,,,,,,,,
3801,,,,,,,,,,,,,,
3802,836610,8/21/2009,,"U.S. Immigration and Customs Enforcement, Office of International Affairs, Annual Report of the Task Force on the Prohibition of Importation of Products of Forced or Prison Labor from the People's Republic of China",,,,,,,,,,
3803,838521,8/28/2009,,is requesting stay of her deportation.,,,,,,,,,,
3804,838671,8/31/2009,,No WF Creation,,,,,,,,,,
3805,,,,,,,,,,,,,,
3806,Policy Congressional Report,,,,,,,,,,,,,
3807,Opened Between 09/01/2009 and 09/30/2009,,,,,,,,,,,,,
3808,WF#,Receive Date,Congressman Name,Subject of Request,,,,,,,,,,
3809,,,,,,,,,,,,,,
3810,839712,9/11/2009,Congressman Gary L. Ackerman,is requesting status of 1-730 for (b)(6),,,,,,,,,,
3811,840875,9/23/2009,Congressman Gary L. Ackerman,Js requesting status of 1-730 for (bX6> (b)(6),,,,,,,,,,
3812,841655,9/30/2009,Congressman Gary L. Ackerman,s requesting status of 1-730 for<b)(6),,,,,,,,,,
3813,841659,9/30/2009,Congressman Gary L. Ackerman,is requesting status of 1-730 foi(bX6>,,,,,,,,,,
3814,839707,,Congressman Robert B. Aderholt,ttornev for<b)(C)    is requesting assistance,,,,,,,,,,
3815,,9/11/2009,,in getting her client out of detention in Guatemala.(b Pascual has already provided a certificate of citizenship to authorities.,,,,,,,,,,
3816,839936,9/15/2009,Senator Lamar Alexander,~~|ire requesting status of 1-601 for their adoptive child (b)(6),,,,,,,,,,
3817,840959,9/23/2009,Senator Lamar Alexander,Writes on behalf of a constituent who is experiencing troubles receiving his R-l visa.,,,,,,,,,,
3818,,,,,,,,,,,,,,
3819,840430,9/18/2009,Congressman Steve Austria,His requesting expedite of her husbancf^ 1-130 so that he may seek medical attention for his injured knee in the U.S.,,,,,,,,,,
3820,841508,9/29/2009,Congressman Spencer Bachus,is requesting explanation of her 1-360 application.,,,,,,,,,,
3821,839021,9/2/2009,Congressman Brian Baird,"Writes on behalf of constituents,(b)(6) who request assistance with 1-485 applications.",,,,,,,,,,
3822,840894,9/23/2009,Senator Max Baucus,Senator Baucus writes regarding ARRA funding for upgrades to land ports of entry.,,,,,,,,,,
3823,841506,9/29/2009,Senator Max Baucus,is requesting expedite of ihis 1-845.,,,,,,,,,,
3824,838775,9/1/2009,Congressman Evan Bayh,filed humanitarian parole for his wife.(b)<6) caretaker]*^,,,,,,,,,,
3825,840824,9/22/2009,Congressman Evan Bayh,attorney for Howard Regional Specialty Care is requesting status of I-129 foi(b)(6)    .,,,,,,,,,,
3826,841161,9/25/2009,Congressman Evan Bayh,2|is requesting status of 1-601 for her husband<b)(6) ((b)(6),,,,,,,,,,
3827,,,,,,,,,,,,,,
3828,841581,9/29/2009,Congressman Rand Beers,Joint DHS and EPA Letter to Members of Congress on Chemical Security IST/Water Policies - Response to request from White House Restricted Interagency Policy Committee (IPC),,,,,,,,,,
3829,841400,9/28/2009,Senator Mark Begich,Sen. Mark Begich writes on behalf of his constituent regarding his TSA FOIA request concerning a gun in his checked baggage.,,,,,,,,,,
3830,839088,9/3/2009,Congressman Judy Biggert,is requesting status of husband^6) ?-601 and supplying additional evidence for consideration.,,,,,,,,,,
3831,841196,9/25/2009,Congressman Christopher S. Bond,Writes in support of Enviroguard Technologies for consideration in the SECURE program.,,,,,,,,,,
3832,839278,9/8/2009,Congressman Mary Bono Mack,"is requesting explanation as to what she must do to make the 1-601 she filed on behalf of her husband (b)<6) ""complete"".(b)(6)    is also requesting help for her husband (b)(6)",,,,,,,,,,
3833,840726,9/22/2009,Congressman Madeleine Z. Bordallo,is requesting status of his 1-485.,,,,,,,,,,
3834,840480,9/18/2009,Senator Barbara Boxer,Supports application submitted by the City of Hemet under the FEMA Assistance to Firefighters Fire Grants Program.,,,,,,,,,,
3835,,,,,,,,,,,,,,
3836,838819,9/1/2009,Congressman Allen Boyd,Refugee status assistance.,,,,,,,,,,
3837,840211,9/16/2009,Congressman Bobby Bright,is requesting expedite of husband (b)(6>    I- 130.,,,,,,,,,,
3838,840242,9/16/2009,Congressman Bobby Bright,"is requesting to know if 1-485 she filed for her husband and was denied, may have been influenced by her husband's previous 1-485 with previous wife.",,,,,,,,,,
3839,840479,9/18/2009,Congressman Corrine Brown,Writes in support of the City of Sanford's pending grant application submitted under the FEMA Assistance to Firefighters Station Construction Grant Program.,,,,,,,,,,
3840,840612,9/21/2009,Congressman Corrine Brown,is requesting expedite of his wife (b)<6) 11-601.,,,,,,,,,,
3841,838882,9/2/2009,Congressman Sam Brownback,"is requesting expedite of wife(b (b,(b) -601.",,,,,,,,,,
3842,840337,9/17/2009,Senator Richard M. Burr,Js requesting extension of (t (their Aupair) visa.,,,,,,,,,,
3843,,,,,,,,,,,,,,
3844,839022,9/2/2009,Congressman Robert C. Byrd,Writes to express support for proposal submitted by West Virginia University.,,,,,,,,,,
3845,840474,9/17/2009,Congressman Shelley Moore Capito,Representative Capito writes on behalf of constituents regarding a petition against the construction of a detention center in West Virginia.,,,,,,,,,,
3846,841670,9/30/2009,Congressman Lois Capps,writes to complain about the problems he and his wife have experienced with obtaining a K1 visa and the handling of medical physicals.,,,,,,,,,,
3847,839259,9/8/2009,Congressman Dennis A. Cardoza,writes to explain her request for change from FI visa to F2A for her daughte(b)<6),,,,,,,,,,
3848,841673,9/30/2009,Congressman Dennis A. Cardoza,is requesting status of his wife(b)<6) _J-601.,,,,,,,,,,
3849,838737,8/28/2009,Congressman John Carter,Writes on behalf of his constituent(b)(6)    regarding concerns over DHS form 11000-6 (Non-Disclosure Agreement).,,,,,,,,,,
3850,841555,9/29/2009,Congressman John Carter,Writes on behalf of a constituent(b)(6) regarding his recent application for employment with I&A.,,,,,,,,,,
3851,,,,,,,,,,,,,,
3852,839697,9/11/2009,Senator Robert P. Casey,Senator Casey writes in support of Philadelphia Area Citizenship Action Network's grant application.,,,,,,,,,,
3853,840737,9/22/2009,Senator Robert P. Casey,_ is requesting expedite and status of husband b ’’ 1-601. -,,,,,,,,,,
3854,839466,9/9/2009,Congressman Kathy Castor,is requesting status of wife(b)(6) 1-601.,,,,,,,,,,
3855,840732,9/22/2009,Congressman Kathy Castor,is requesting status of wife 1-601.,,,,,,,,,,
3856,840344,9/17/2009,Senator Saxby Chambliss,"is requesting that her name in the SAVE system be updated to reflect her name as it is printed on her green card. In SAVE her middle name of ""Tibus"" is missing.",,,,,,,,,,
3857,841216,9/25/2009,Senator Saxby Chambliss,Jis requesting status and expedite of husband 1-601.,,,,,,,,,,
3858,839938,9/15/2009,Congressman Judy Chu,is requesting status of husband(b)(6)    I-130.,,,,,,,,,,
3859,,,,,,,,,,,,,,
3860,840124,9/16/2009,Congressman Judy Chu,is requesting status of 1-730 for her sotfbX6>,,,,,,,,,,
3861,840126,9/16/2009,Congressman Judy Chu,is requesting status of 1-730 for<b)(6),,,,,,,,,,
3862,840130,9/16/2009,Congressman Judy Chu,is requesitng status of 1-730 for daughtei®,,,,,,,,,,
3863,840132,9/16/2009,Congressman Judy Chu,is requesting status of 1-730 for his wife and child. (b)(6),,,,,,,,,,
3864,840713,9/22/2009,Congressman Judy Chu,Js requesting status of 1-129.,,,,,,,,,,
3865,841484,9/28/2009,Congressman Yvette D. Clarke,Rep. Yvette D. Clarke writes to urge DHS to take proactive steps to afford sufficient opportunities for small business to participate in agency-specific acquisition programs.,,,,,,,,,,
3866,,,,,,,,,,,,,,
3867,841547,9/29/2009,Senator Tom A. Coburn,Sen. Cobum writes to request information regarding agreements between DHS and DOI and DHS and USDA that pertain to the southwest border land management.,,,,,,,,,,
3868,839715,9/11/2009,Congressman Stephen I. Cohen,is requesting status of wife(b)(6) (b)(6> _601,,,,,,,,,,
3869,839424,9/9/2009,Senator Susan M. Collins,"Js requesting reason for the denial of his 1-129, and reconsideration of same.",,,,,,,,,,
3870,841664,9/30/2009,Congressman K. Michael Conaway,is requesting reconsideration of wife(b)(6) 3-601.,,,,,,,,,,
3871,840273,9/16/2009,Congressman John Conyers,^writes regarding her inability to pay for passport renewal and the possibility of her being allowed to enter US from Canada for one day without renewal.,,,,,,,,,,
3872,839296,9/8/2009,Senator John Cornyn,His requesting status of 1-140 for her brother (b)(6),,,,,,,,,,
3873,,,,,,,,,,,,,,
3874,839730,9/11/2009,Senator John Cornyn,Jis requesting assistance in obtaining US citizenship for her grandson.pX6)    a US citizen is(b)(6)    father.,,,,,,,,,,
3875,839882,9/14/2009,Senator John Cornyn,is requesting status off(b)(6)    11- 130.,,,,,,,,,,
3876,840146,9/16/2009,Senator John Cornyn,is requesting assistance in obtaining her US Citizenship.,,,,,,,,,,
3877,840256,9/16/2009,Senator John Cornyn,is requesting status of 1-130 for(b)<6) (b)(6),,,,,,,,,,
3878,840258,9/16/2009,Senator John Cornyn,is requesting status of 1-601 foi (b)(6),,,,,,,,,,
3879,,,,and sor|(b)(6),,,,,,,,,,
3880,840416,9/17/2009,Senator John Cornyn,"Writes on behalf of constituent,(b)<6)    |a former CIS employee who requests that his SF-50 state the correct position title and would like a copy of his personnel file.",,,,,,,,,,
3881,,,,,,,,,,,,,,
3882,838765,9/1/2009,Congressman Jim Costa,file 1-485 for himself and he filed 1-130 for (b)(6),,,,,,,,,,
3883,840723,9/22/2009,Congressman Jim Costa,is requesting status of her husband J-601.,,,,,,,,,,
3884,841514,9/29/2009,Congressman Jim Costa,Js requesting status of his wife ^b) -601.,,,,,,,,,,
3885,839875,9/14/2009,Congressman Jerry F. Costello,Jof Southern Illinois University is requesting status of Hl-b and I-129 for(b)(6),,,,,,,,,,
3886,839705,9/11/2009,Senator Michael D. Crapo,is requesting reconsideration of fiance denial for (b)(6),,,,,,,,,,
3887,839764,9/11/2009,Senator Michael D. Crapo,is requesting status offib)(6)    1 O-l Artist visa.,,,,,,,,,,
3888,840250,9/16/2009,Senator Michael D. Crapo,is requesting status ot(b)(6)    11-601.,,,,,,,,,,
3889,,,,,,,,,,,,,,
3890,840349,9/17/2009,Senator Michael D. Crapo,is requesting expedite of his I-129F and 1-130 for his wife.,,,,,,,,,,
3891,840717,9/22/2009,Senator Michael D. Crapo,is requesting status and expedite of wife(b)(6 3-601.,,,,,,,,,,
3892,839272,9/8/2009,Congressman Joseph Crowley,is requesting status of his sons|(bM6> 1-730.,,,,,,,,,,
3893,839450,9/9/2009,Congressman Joseph Crowley,His requesting status of wife and son (t andFb)(6)    1-730.,,,,,,,,,,
3894,839611,9/10/2009,Congressman Joseph Crowley,s requesting the status of his wife's 1-730.,,,,,,,,,,
3895,839738,9/11/2009,Congressman Joseph Crowley,3s requesting status of 1-730 for(b)(6),,,,,,,,,,
3896,839741,9/11/2009,Congressman Joseph Crowley,is requesting status of 1-730 for (b,,,,,,,,,,
3897,,,,,,,,,,,,,,
3898,840064,9/15/2009,Congressman John Abney Culberson,SI is cc'd on a letter from Reps. Culberson and Olson to Peter Orszag of OMB asking him to intervene and postpone the Jones Act decision-making process indefinitely pending a thorough review of the many issues involved.,,,,,,,,,,
3899,839744,9/11/2009,Congressman Lincoln Davis,writes to obtain US Citizenship as a result of his adoption by US citizens.,,,,,,,,,,
3900,839607,9/10/2009,Congressman Nathan Deal,is requesting assistance with the fiance petition I-129F he has filed on behalf of(b)(6),,,,,,,,,,
3901,841668,9/30/2009,Congressman Rosa L. DeLauro,"is requesting status of 1-130,1-140, and 1-485.",,,,,,,,,,
3902,838883,9/2/2009,Congressman Jim DeMint,Jis requesting investigation of possible immigration marriage fraud by his ex-wife (bX®),,,,,,,,,,
3903,839934,9/15/2009,Congressman Jim DeMint,write to submit supporting documentation for their 1-601.,,,,,,,,,,
3904,,,,,,,,,,,,,,
3905,841647,9/30/2009,Congressman Norman Dicks,is requesting that USCIS reconsider the size of the fee for samll clerical correction on adoption applications.,,,,,,,,,,
3906,840198,9/16/2009,Congressman John D. Dingell,is requesting status of 1-730 for his family.,,,,,,,,,,
3907,839987,9/15/2009,Congressman Christopher J. Dodd,is requesting status of 1-360 foi(b)(6)    and (b)(6),,,,,,,,,,
3908,841652,9/30/2009,Congressman Lloyd Doggett,is requesting reconsideration of the denial of his I-600A application.,,,,,,,,,,
3909,840350,9/16/2009,Congressman Byron L. Dorgan,Urges the Secretary to suspend plans to replace port of entry facilities at various low-traffic points along the Northern Border.,,,,,,,,,,
3910,841519,9/29/2009,Congressman Byron L. Dorgan,requests the inclusion of the attached letters and article regarding (b)(6)    ssulting her into his pending immigration file.,,,,,,,,,,
3911,,,,,,,,,,,,,,
3912,840084,9/15/2009,Congressman Elaine C. Duke,"CBP has drafted Congressional letters for Ms. Duke's signature. As required by Public Law 100-203, Title IX, Section 9501(c), these letters are notifications of U.S. Customs and Border Protection^ intent to establish a Centralized Examination Station in Houston, Texas.",,,,,,,,,,
3913,841459,9/28/2009,Senator Richard J. Durbin,Senator Durbin writes on behalf of(b)(6)    regarding DHS's efforts to eradicate Carrizo Cane along the Rio Grande River.,,,,,,,,,,
3914,839963,9/15/2009,Congressman Donna F. Edwards,is requesting status of 1-730 for (b>(6>,,,,,,,,,,
3915,840319,9/17/2009,Congressman Eliot L. Engel,"writes for status of his wife' (b,(6(    replacement permanent residency card.",,,,,,,,,,
3916,841181,9/25/2009,Congressman John Ensign,Sen. Ensign writes on behalf of constituent(b)<6)    regarding the FPS contract at the Los Vegas airport FAA Tower.,,,,,,,,,,
3917,,,,,,,,,,,,,,
3918,839216,9/3/2009,Congressman Russell D. Feingold,"Writes on behalf of constituent, (bX6)    regarding the basic security and safety regulations of power plants",,,,,,,,,,
3919,841205,9/25/2009,Congressman Russell D. Feingold,Writes on behalf of constituent(b)(6)    whose client's adjustment of status case has been pending for five years.,,,,,,,,,,
3920,839360,9/8/2009,Senator Dianne Feinstein,"Writes on behalf of her constituent, (b>(6)    who experienced difficulties crossing the border from the U.S. to Mexico",,,,,,,,,,
3921,840728,9/22/2009,Congressman Bob Filner,is requesting status and expedite of wife <b)<6) -601.,,,,,,,,,,
3922,838886,9/2/2009,Congressman John Fleming,"Representative John Fleming writes on behalf of his constituent, regarding his trouble obtaining a TWIC card.",,,,,,,,,,
3923,839547,9/10/2009,Congressman Gabrielle Giffords,are requesting to know how their son's children can derive US Citizenship.,,,,,,,,,,
3924,839727,9/11/2009,Congressman Gabrielle Giffords,Rep. Giffords writes on behalf of constituen (b)(6) regarding difficulties with his application for employment with CBP.,,,,,,,,,,
3925,840137,9/15/2009,Congressman Gabrielle Giffords,Rep. Giffords writes on behalf of constituent(b)(6) regarding an inheritance DHS is inhibiting him from receiving.,,,,,,,,,,
3926,,,,,,,,,,,,,,
3927,839899,9/14/2009,Congressman Robert W. Goodlatte,"is requesting verification if her son, age 2 is required to have biometrics completed as part of his 1-90.",,,,,,,,,,
3928,841210,9/25/2009,Congressman Robert W. Goodlatte,Writes on behalf of the Sixth District of Virginia and their concerns with the TPS program for Honduras.,,,,,,,,,,
3929,841509,9/29/2009,Senator Lindsey O. Graham 1,is requesting to know immigration status of(b)(6) jHe indicates she may be in the US illegally^6)    is also requesting a full congressional hearing into the immigration and naturalization service actions regarding (b)<6),,,,,,,,,,
3930,839046,9/2/2009,Senator Charles E. Grassley,"Senator Charles E. Grassley writes on behalf of his constituent, Mr. egarding his employment with FPS.",,,,,,,,,,
3931,840409,9/17/2009,Congressman Sam Graves,"Write regarding concerns over the impact of H1N1 on small business, specifically the pork industry.",,,,,,,,,,
3932,841211,9/25/2009,Congressman Sam Graves,is requesting status of his I- 129B.,,,,,,,,,,
3933,838919,9/2/2009,Congressman A1 Green,is requesting expedite o f her husband(b)(6) 1-601.,,,,,,,,,,
3934,,,,,,,,,,,,,,
3935,838902,9/2/2009,Congressman Judd Gregg,"Supports application submitted by the Surry, New Hampshire Fire Department for funding under the Assistance to Firefighters Station Construction Grant Program.",,,,,,,,,,
3936,838910,9/2/2009,Congressman Judd Gregg,"Supports the application submitted by Effingham, New Hampsure Fire & Rescue Department's application (EMW-2009-FC-03627) for assistance under the Assistance to Firefighters Station Construction Grant Program.",,,,,,,,,,
3937,839773,9/11/2009,Congressman Judd Gregg,"Supports Surry, New Hampshire's application for assistance under the Assistance to Firefighters Station Construction Grant Program",,,,,,,,,,
3938,839777,9/11/2009,Congressman Judd Gregg,"Supports Effingham, New Hampshire Fire and Rescue Department's application for assistance under the Assistance to Firefighters Station Construction Grant Program",,,,,,,,,,
3939,839879,9/14/2009,Congressman Judd Gregg,is requesting status of 1-130 for his sone (b^6^,,,,,,,,,,
3940,840092,9/15/2009,Congressman Judd Gregg,Supports application submitted by the Laconia Fire Department for funding under the Assistance to Firefighters Station Construction Grant Program.,,,,,,,,,,
3941,841186,9/25/2009,Congressman Judd Gregg,"Supports application submitted by the Laconia, New Hampshire Fire Department for funding under the Assistance to Firefighters Fire Station Construction Grant Program.",,,,,,,,,,
3942,,,,,,,,,,,,,,
3943,839036,9/3/2009,Congressman Raul M. Grijalva,Southwest Rehabilitation Associates is requesting reconsideration of Hl-B visa for|(b)(6),,,,,,,,,,
3944,840149,9/16/2009,Congressman Raul M. Grijalva,is requesting assitance with 1-90 she filed on behalf of her daughter 'b',,,,,,,,,,
3945,841665,9/30/2009,Congressman Raul M. Grijalva,is requesting status of his wife(b)(6) ZRoi.,,,,,,,,,,
3946,839465,9/9/2009,Congressman Luis V. Gutierrez,Rep. Gutierrez writes regarding the immigration case of(b)(6) (b)(6),,,,,,,,,,
3947,838990,9/2/2009,Congressman Alcee L. Hastings,3'S requesting expedite of his wife^) (b)(6)    1-601.,,,,,,,,,,
3948,838773,9/1/2009,Senator Orrin G. Hatch,requests stats of her husband<b)(6)    I- 601,,,,,,,,,,
3949,,,,,,,,,,,,,,
3950,841512,9/29/2009,Congressman Martin Heinrich,is requesting status of husbanq(b)(6) -601.,,,,,,,,,,
3951,840097,9/15/2009,Congressman Wally Herger,Writes on behalf of constituent who needs proof of citizenship in order to obtain Social Security Disability.,,,,,,,,,,
3952,840022,9/23/2009,Congressman David Heyman,Thank you letters for Louisville Trip,,,,,,,,,,
3953,841091,9/24/2009,Congressman David Heyman,Thank you letters to the New Orleans Roundtable participants,,,,,,,,,,
3954,841393,9/28/2009,Congressman Mazie K. Hirono,Rep. Hirono writes on behalf of constituent 1 regarding the delay in obtaining a security clearance.,,,,,,,,,,
3955,841160,9/25/2009,Congressman Tim Holden,is requesting reconsideration of his 1-485 denial.,,,,,,,,,,
3956,839176,9/4/2009,Congressman Steny H. Hoyer,Writes to recommendpX6)    for reappointment as Chair of the USCG's National Boating Safety Advisory Council.,,,,,,,,,,
3957,839350,9/8/2009,Congressman Steny H. Hoyer,Rep. Hoyer write on behalf of constituen(b)(6)    regarding his employment with FPS.,,,,,,,,,,
3958,839785,9/11/2009,Congressman Steny H. Hoyer,Recommends <b>(6)    for reappointment as Chair of the USCG's National Boating Safety Advisory Council.,,,,,,,,,,
3959,839786,9/11/2009,Congressman Steny H. Hoyer,Writes on behalf of constituent (b)(6)    regarding an indefinate suspension of security clearance.,,,,,,,,,,
3960,,,,,,,,,,,,,,
3961,840187,9/16/2009,Congressman Kay Bailey Hutchison,and multiple co-signers are requesting review of their Performance Work Plan.,,,,,,,,,,
3962,839084,9/3/2009,Senator Johnny Isakson,js requesting status of husban^(b) [-601.,,,,,,,,,,
3963,839288,9/8/2009,Senator Johnny Isakson,Jis requesting expedite of his SAVE verification in order to renew his drivers license.,,,,,,,,,,
3964,839473,9/9/2009,Senator Johnny Isakson,is requesting expedite of humanitarian parole for her two cousinsP (b)(6),,,,,,,,,,
3965,839891,9/14/2009,Senator Johnny Isakson,is requesting expedite and status of 1-601 for his wife (b)(6),,,,,,,,,,
3966,840134,9/16/2009,Senator Johnny Isakson,is requesting status of husband^ ZJbOl.,,,,,,,,,,
3967,840278,9/16/2009,Senator Johnny Isakson 1,is requesting status and expedite of husband ? 1-601.,,,,,,,,,,
3968,,,,,,,,,,,,,,
3969,840427,9/18/2009,Senator Johnny Isakson,Jis requesting reconsideration of his step-daughter 1-485 which was denied based on her reaching the age of 21.,,,,,,,,,,
3970,840316,9/17/2009,Congressman Darrell Issa,_ is requesting status and expedite of husband b -601.,,,,,,,,,,
3971,840729,9/22/2009,Congressman Darrell Issa,is requesting status of correction of his adopted daughters birth records. USCIS has listed 3 different birth dates on documents and this has caused daughter to not be able to get either driver's license and other governement docs.,,,,,,,,,,
3972,839127,9/3/2009,Congressman Sheila Jackson Lee,Rep. Sheila Jackson Lee writes to express concern regarding CBP's proposed re-interpretation of the Jones Act.,,,,,,,,,,
3973,840122,9/16/2009,Congressman Walter B. Jones,is requesting status of her 1-601 and 1-121. Also would like to know if there are any other applications pending on this case and their respective processing times.,,,,,,,,,,
3974,841661,9/30/2009,Congressman Walter B. Jones,is requesting expedite of 1-602.,,,,,,,,,,
3975,,,,,,,,,,,,,,
3976,840483,9/18/2009,Congressman Paul E. Kanjorski,is requesting expedite and status of husband J-601.,,,,,,,,,,
3977,841138,9/24/2009,Congressman Patrick J. Kennedy,"Rep. Kennedy writes to Chairman Obey, Chairman Mollohan and Chairman Price regarding his concern with hate speech and armed protests at Presidential events.",,,,,,,,,,
3978,839471,9/9/2009,Senator John F. Kerry,"regarding ""slang"" and immigrants understanding of English",,,,,,,,,,
3979,840193,9/16/2009,Congressman Steve King,are requesting status of their G-845 Document Verification Request.,,,,,,,,,,
3980,839760,9/11/2009,Congressman Jack Kingston,is requesting status of his 1-485.,,,,,,,,,,
3981,840478,9/17/2009,Congressman Jack Kingston,Rep. Kingston writes on behalf of constituentf(b)(6)    and his CBP pay issue.,,,,,,,,,,
3982,840973,9/23/2009,Congressman Jack Kingston,Rep. Kingston writes on behalf of constituentlbl!c” regarding employment with FLETC.,,,,,,,,,,
3983,841201,9/25/2009,Congressman Ann Kirkpatrick,Rep. Kirkpatrick write son behalf of constituent j regarding her EEO complaint involving a company with an ICE contract.,,,,,,,,,,
3984,,,,,,,,,,,,,,
3985,839475,9/9/2009,Congressman Ron Klein,is requesting status of his I-290B.,,,,,,,,,,
3986,839728,9/11/2009,Congressman Ron Klein,Rep. Klein writes on behalf of constituent <b)(6)    regarding his retirement from CBP.,,,,,,,,,,
3987,839714,9/11/2009,Senator Amy Klobuchar,is requesting status of husbanc^ [(b)(6) -601.,,,,,,,,,,
3988,840119,9/16/2009,Senator Amy Klobuchar,"is requesting to know 1. Why refunds are not given for denied applications. 2. Why when calling the NCS center you cannot speak with an officer without first going ""through a myraid of confusing menus.",,,,,,,,,,
3989,839701,9/11/2009,Congressman Jon Kyi,is requesting that the country of Guinea-Bissau (West Africa) be included in PTS.,,,,,,,,,,
3990,839447,9/9/2009,Senator Mary L. Landrieu,is requesting reason and reconsideration for the humanitarian parole she filed for(b)<6),,,,,,,,,,
3991,,,,,,,,,,,,,,
3992,839726,9/11/2009,Senator Mary L. Landrieu,"Writes to request an accounting of DHS's current Recovery Act contracting numbers with respect to small business by Tuesday, September 15, 2009. Also requests a monthly report on Recovery Act dollars spent with small businesses.",,,,,,,,,,
3993,840697,9/22/2009,Senator Mary L. Landrieu,Is requesting status of humanitarian parole for his wife (b)(6),,,,,,,,,,
3994,839902,9/14/2009,Congressman Rick Larsen,is requesting expedite ol(bX6) 1-601.,,,,,,,,,,
3995,839718,9/11/2009,Senator Frank R. Lautenberg,Supports the East Vineland Fire Company's application for Assistance to Firefighters Fire Station Construction Grant.,,,,,,,,,,
3996,840091,9/15/2009,Senator Frank R. Lautenberg,Supports application submitted by the Daretown Fire Company for funding under the Firefighters Fire Station Construction Grant.,,,,,,,,,,
3997,840099,9/15/2009,Senator Frank R. Lautenberg,Supports the City of Asbury Park's application for an Assistance to Firefighters Fire Station Construction Grant.,,,,,,,,,,
3998,841323,9/28/2009,Senator Frank R. Lautenberg,Supports applicatin submitted by the City of Elizabeth Engine #2 for funding under the Fire Station Construction Grant Program.,,,,,,,,,,
3999,838998,9/2/2009,Senator Carl Levin,is requesting expeite of husband (b)(0) 1-601.,,,,,,,,,,
4000,,,,,,,,,,,,,,
4001,839612,9/10/2009,Senator Carl Levin,is requesting status and expedite of her husband(b)(6)    -601.,,,,,,,,,,
4002,840734,9/22/2009,Senator Carl Levin,Security check pending,,,,,,,,,,
4003,841646,9/30/2009,Congressman Jerry Lewis,is requesting status of wife(b)(6) 3-601.,,,,,,,,,,
4004,839200,9/4/2009,Congressman John Linder,Shares concerns about a May 2009 GAO report in regards to administrative pursuit of sponsor repayment being optional and requests specific actions DHS is taking to make progress on improving sponsorship information in the SAVE system.,,,,,,,,,,
4005,839474,9/9/2009,Congressman Frank A. LoBiondo,is requesting replacement of her Alien Registration Card.,,,,,,,,,,
4006,840160,9/16/2009,Congressman Richard G. Lugar,is requesting refund of fees paid for his wife's I- 131 application.,,,,,,,,,,
4007,,,,,,,,,,,,,,
4008,840162,9/16/2009,Congressman Richard G. Lugar,is requesting expedite and status of husband (b)(6) J-601.,,,,,,,,,,
4009,840446,9/18/2009,Congressman Richard G. Lugar,is requesting an earlier appointment for her husband (b)(6)    1-601.,,,,,,,,,,
4010,839081,9/3/2009,Congressman Connie Mack,is requesting status of husband (b)(6) 1-601.,,,,,,,,,,
4011,840209,9/16/2009,Congressman Connie Mack,s requesting status of I-129F and 1-130 she filed on behalf of (bW6),,,,,,,,,,
4012,841674,9/30/2009,Congressman Connie Mack,is requesting expedite and status of husband (bX6) 1-601.,,,,,,,,,,
4013,839698,9/11/2009,Congressman Carolyn B. Maloney,is requesting status of husbadn(b)(6)    I- 130 adn 1-485.,,,,,,,,,,
4014,,,,,,,,,,,,,,
4015,839349,9/8/2009,Congressman Kenny Marchant,Rep. Marchant writes on behalf of constituent(b)(6) regarding his ability to obtain a permanent medical shaving waiver.,,,,,,,,,,
4016,838835,9/1/2009,Congressman Mel Martinez,"Senator Mel Martinez writes on behalf of his constituent,(b)(6) regarding his TRIP application.",,,,,,,,,,
4017,840261,9/16/2009,Congressman Doris O. Matsui,Mirian Larici Productions is requesting status of 1-129 for (bX6) (b)(6),,,,,,,,,,
4018,841442,9/29/2009,Congressman Doris O. Matsui,Miriam Larici Productions is requesting expedite of 1-129 for (b)(6),,,,,,,,,,
4019,839024,9/3/2009,Senator John McCain,is requesting expedite of husband (bX6)    I- 601.,,,,,,,,,,
4020,839700,9/11/2009,Senator John McCain,is requesting expedite and reconsideration of his wife 1-601.,,,,,,,,,,
4021,839709,9/11/2009,Senator John McCain,writes regarding problem he encoutered when attempting to apply for employment.,,,,,,,,,,
4022,,,,,,,,,,,,,,
4023,840428,9/17/2009,Senator John McCain,Senator McCain writes to request an explanation for the 30-day review process regarding land ports of entry infrastructure improvement projects.,,,,,,,,,,
4024,840704,9/22/2009,Senator John McCain,"is requesting status and expedite of husband (b,(6) 1-601.",,,,,,,,,,
4025,838885,9/2/2009,Congressman Michael McCaul,is requesting expedite of his wiff^ (b’<6> |-601.,,,,,,,,,,
4026,840148,9/16/2009,Congressman Michael McCaul,is requesting status of husband (b)(6) 1-601.,,,,,,,,,,
4027,838927,9/2/2009,Senator Mitch McConnell,No Action,,,,,,,,,,
4028,838928,9/2/2009,Senator Mitch McConnell,"filed 1-730 for his son, (b)(6)",,,,,,,,,,
4029,839614,9/10/2009,Senator Mitch McConnell,is requesting status of his wife (b)(6)    1-601,,,,,,,,,,
4030,,,,,,,,,,,,,,
4031,840255,9/16/2009,Senator Mitch McConnell,—Jis requesting humanitarian parole for his adopted daughter (bX6>,,,,,,,,,,
4032,841650,9/30/2009,Senator Mitch McConnell,is requesting status of (b)(6)    I- 601.,,,,,,,,,,
4033,839615,9/10/2009,Congressman Thaddeus G. McCotter,is requesting status of wife (bX6) 601.,,,,,,,,,,
4034,840252,9/16/2009,Congressman Jim McDermott,is requesting status of I-130 and I-129F for <b)(6') (b)(6),,,,,,,,,,
4035,840429,9/18/2009,Congressman Jim McDermott,"FIC Investment USA Corp, is requesting status of I-290B appeal of I-140 for (b)(6)",,,,,,,,,,
4036,841067,9/24/2009,Congressman James P. McGovern,Requests approval of visa applications for Colombian human rights defenders (b)(6),,,,,,,,,,
4037,,,,(b)(6),,,,,,,,,,
4038,841182,9/25/2009,Congressman John M. McHugh,Rep. McHugh writes on behalf of constituenl(b)<6) regarding a school's SEVIS certification.,,,,,,,,,,
4039,,,,,,,,,,,,,,
4040,839139,9/3/2009,Congressman Kendrick B. Meek,Writes on behalf of consituentj(b)(6)    who requests assistance for brother who was deported.,,,,,,,,,,
4041,839099,9/3/2009,Congressman John L. Mica,is requesting status of husband (b)(6)    J-601.,,,,,,,,,,
4042,839427,9/9/2009,Congressman Michael H. Michaud,"is requesting reason for denial of his 1-129, and reconsideration of same.",,,,,,,,,,
4043,840318,9/17/2009,Congressman Michael H. Michaud,is requesting status of 1-485 for his wife and child; (b)(6),,,,,,,,,,
4044,841718,9/30/2009,Senator Barbara A. Mikulski,Writes on behalf of constituent|(b)(6)    Iregarding his concerns about not hearing back from DHS after applying to several job positions.,,,,,,,,,,
4045,841681,9/30/2009,Congressman Gary G. Miller,is requesting status on 1-601 fo rher husbanc^1 (b)(6),,,,,,,,,,
4046,,,,,,,,,,,,,,
4047,840529,9/18/2009,Congressman Dennis Moore,Rep. Dennis Moore writes on behalf of his constituent^ 'egarding CBP's proposed revocation of ruling letters and reocation of treatment relating to the admissibility of certain knives with spring-assisted opening mechanisms.,,,,,,,,,,
4048,840976,9/22/2009,Congressman Dennis Moore,Rep. Moore writes on behalf of constituent (b>(6>    regarding CBP's proposed plan to outlaw folding knives.,,,,,,,,,,
4049,841095,9/24/2009,Congressman Dennis Moore,Rep. Dennis Moore writes on behalf of his constituent(b)(6) egarding CBP's proposed revocation of ruling letters and Revocation of Treatment Relating to the Admissibility of Certain Knives with Spring-assisted opening mechanisms.,,,,,,,,,,
4050,839708,9/11/2009,Congressman James P. Moran,is requesting clarification of which of two issued A numbers is correct for her use. Two A numbers have been given her.,,,,,,,,,,
4051,839545,9/10/2009,Senator Patty Murray,"Write in support of their preferred canddidates to serve as Administrator for FEMA's Region X, (b)(6) (b)(6)",,,,,,,,,,
4052,839952,9/15/2009,Congressman John Murtha,Congressman Murtha writes to ask why it is necessary to provide a privacy release beneficiaries to immigration petitions and why a privacy release from the US Citizen petitioner is not sufficient.,,,,,,,,,,
4053,840431,9/18/2009,Congressman John Murtha,is requesting assistance in obtaining a Certificate of Nonexistence of a record.,,,,,,,,,,
4054,,,,,,,,,,,,,,
4055,839542,9/10/2009,Congressman Sue Myrick,Jis requesting investigation of L-l visa program abuse by US Textile companies.,,,,,,,,,,
4056,840695,9/22/2009,Congressman Sue Myrick,writes regarding his concern of L-l visa abuse in the textile industry.,,,,,,,,,,
4057,838909,9/2/2009,Congressman Grace F. Napolitano,Jis requesting reconsideration of her husband ; 1-601.,,,,,,,,,,
4058,840380,9/17/2009,Congressman Grace F. Napolitano,s requesting expedite and status of husband (b)<6),,,,,,,,,,
4059,,,,(b)(6) 1-601.,,,,,,,,,,
4060,838837,9/1/2009,Senator Bill Nelson,"is requesting Sen Nelson's assistance in establishing her daughter(D,(b)    right to United States citizenship",,,,,,,,,,
4061,839702,9/11/2009,Senator Bill Nelson,is status of his I-290B for N-600 certification of U.S. citizenship.,,,,,,,,,,
4062,840521,4/25/2006,Senator Bill Nelson,Writes concerning constitutent (bX6)    regarding the removal of her husband(b)(6),,,,,,,,,,
4063,,,,,,,,,,,,,,
4064,841505,9/29/2009,Senator Bill Nelson,Jwrites to send privacy release for his wife N-400.(b)(6)    would also like a status on his wife's case.,,,,,,,,,,
4065,839147,9/11/2009,Congressman Eleanor Holmes Norton,THIS WORKFLOW OPENED IN ERROR. PLEASE DISREGARD.,,,,,,,,,,
4066,839148,9/3/2009,Congressman Eleanor Holmes Norton,Writes to request that DHS adjust procedures at CARc and other regional centers,,,,,,,,,,
4067,841649,9/30/2009,Congressman Glenn Nye,is requesting status of 1-140 of his HB-1.,,,,,,,,,,
4068,839366,11/14/2006,Congressman Barack H. Obama,Writes on behalf of his constituent(b)(6)    regarding his discrimination complaint against TSA (b)<6),,,,,,,,,,
4069,839209,9/4/2009,Congressman James L. Oberstar,"write to ask if there is ""a legal alternative to the 1-864, Affidavit of Support. They seek to help their daughter's fiance immigrate.",,,,,,,,,,
4070,840143,9/16/2009,Congressman Solomon P. Ortiz,is requesting status of daughter (b Humanitarian Parole.,,,,,,,,,,
4071,,,,,,,,,,,,,,
4072,840702,9/22/2009,Congressman Solomon P. Ortiz,is requesting that Nicaragua be listed as an eligible country under the H2-B program.,,,,,,,,,,
4073,838922,9/2/2009,Congressman Ron Paul,"requests to resolve problems caused by his name being on the ""terrorist watch list""",,,,,,,,,,
4074,841159,9/25/2009,Congressman Ron Paul,is requesting reconsideration of 1-601.,,,,,,,,,,
4075,841180,9/25/2009,Congressman Nancy Pelosi,"Rep. Nancy Pelosi writes on behalf of her constituent,(t”01 regarding her request to the Hardship Review Board for a transfer.",,,,,,,,,,
4076,841542,9/29/2009,Congressman Sonny Perdue,"Writes to support PASS ID which could strengthen REAL ID, and enhance security and integrity of driver's licenses. Encourages Senator Isakson to see that legislation is considered in Congress.",,,,,,,,,,
4077,840267,9/16/2009,Congressman Pedro Pierluisi,is requesting expedite of 1-129 appeal I-120B.,,,,,,,,,,
4078,839763,9/11/2009,Congressman Joseph R. Pitts,writes to tell of possible immigration fraud and possible identity theft.,,,,,,,,,,
4079,840413,9/17/2009,Congressman Joseph R. Pitts,"Writes on behalf of constituent,(b)(6)    who requests immigration assistance for husband.",,,,,,,,,,
4080,,,,,,,,,,,,,,
4081,841494,9/29/2009,Congressman Ted Poe,"Congressman Ted Poe is requesting information (through FOIA) on H-lb and H-2b categories for companies Aircraft Engineer and Aircraft Technologies Engineer over the last 5 years. Also, the numbers and nationalities of employees on 1-129 and 1-184 petitions associated with H-1B and H-2b visas granted. And copies of all I-797 forms which approved or denied these provisions.",,,,,,,,,,
4082,840868,9/23/2009,Congressman David E. Price,"USSS's request to establish a new field office in Tallinn, Estonia.",,,,,,,,,,
4083,840253,9/16/2009,Congressman Tom Price,is requesting expedite of his pending 1-140.,,,,,,,,,,
4084,840443,9/18/2009,Congressman Tom Price,is requesting that her mother (b)(6) immigration records be corrected to reflect that she did not overstay on a visit to the US as is reflected on her passport.,,,,,,,,,,
4085,841488,9/29/2009,Congressman Tom Price,is requesting reconsideration of denial of stepdaughter's 1-485.,,,,,,,,,,
4086,840123,9/16/2009,Congressman Mike Quigley,is requesting status of husband(b)(b) 1-601.,,,,,,,,,,
4087,840181,6/11/2009,Congressman Charles Rangel,Rep. Rangel writes on behalf of constituent(b)<6) regarding his name being flagged.,,,,,,,,,,
4088,,,,,,,,,,,,,,
4089,839578,9/10/2009,Senator Jack Reed,"writes to make USCIS aware of her new address, and ensure it is reflected in her daughter's pending 1-601.",,,,,,,,,,
4090,839602,9/10/2009,Senator Jack Reed,is requesting status of 1-129 filed on his behalf by Rosebud Receptive Tour Operators.,,,,,,,,,,
4091,839605,9/10/2009,Senator Jack Reed,is requesting status of her children's refugee case.,,,,,,,,,,
4092,839889,9/14/2009,Senator Jack Reed,is requesting expedite of (b)(6)    1-140.,,,,,,,,,,
4093,838733,9/1/2009,Senator Harry Reid,Re: A update on a pending appeal with AAO. (1-601 case),,,,,,,,,,
4094,838880,9/2/2009,Senator Harry Reid,"is requesting to opt out from FI category to F2 visa classification for her daughter (b,(6^",,,,,,,,,,
4095,838959,9/2/2009,Senator Harry Reid,requests assistance with her 3 children's visas,,,,,,,,,,
4096,838966,9/2/2009,Senator Harry Reid,is requesting expedite of her husbanc-b)(6)_11- 601.,,,,,,,,,,
4097,,,,,,,,,,,,,,
4098,839101,9/2/2009,Senator Harry Reid,"Writes on behalf of constituent, (bX6)    who wishes to assist in oil spill recovery.",,,,,,,,,,
4099,840219,9/15/2009,Congressman Silvestre Reyes,"Representative Silvestre Reyes writes on behalf of his constituent, egarding a DHS helicopter crash in May 2007, and his request for assistance in recovering from the trauma.",,,,,,,,,,
4100,841667,9/30/2009,Congressman Silvestre Reyes,is requesting expedite and status of his wife<b' -601.,,,,,,,,,,
4101,839270,9/8/2009,Senator Jim Risch,is requesting to know the reason he was not notified of how long his punishment would be as well as the status of his pending 1-601.,,,,,,,,,,
4102,839600,9/10/2009,Senator Jim Risch,"is requesting an earlier appointment for his wife's(b)<6)    1-601, presently scheduled for October 22, 2009.",,,,,,,,,,
4103,840711,9/22/2009,Senator Jim Risch,"is requesting status and expedite of wife (b)!C,) 1-601.",,,,,,,,,,
4104,,,,,,,,,,,,,,
4105,838849,9/1/2009,Congressman Ciro D. Rodriguez,is requesting humanitarian consideration for her husband. I(b)(6)    1,,,,,,,,,,
4106,839713,9/11/2009,Congressman Ciro D. Rodriguez,"3s requesting assistance in clarifying that he has already recieved his permanent residency card, paid the appropriate fees, and should therefore not recieve any further notifications of pending appointments or overdue fees.",,,,,,,,,,
4107,839735,9/11/2009,Congressman Ciro D. Rodriguez,is requesting assistance with her husband|(b)(6)    1-601.,,,,,,,,,,
4108,840691,9/22/2009,Congressman Ciro D. Rodriguez,is requesting status of husband(b)(6) 3-130.,,,,,,,,,,
4109,840700,9/22/2009,Congressman Ciro D. Rodriguez,writes to get his US citizenship reinstated.,,,,,,,,,,
4110,841383,9/28/2009,Congressman Ciro D. Rodriguez,is requesting status of 1-601 for her husband (b)(6),,,,,,,,,,
4111,841691,9/30/2009,Congressman Ciro D. Rodriguez,is requesting status of wife (b>(6) 3-601.,,,,,,,,,,
4112,,,,,,,,,,,,,,
4113,839865,9/14/2009,Congressman Phil Roe,Jis requesting status of 1-130 for his soribX6) (b)(6),,,,,,,,,,
4114,840145,9/16/2009,Congressman Phil Roe,is requesting status of husband(b) -601.,,,,,,,,,,
4115,841183,9/25/2009,Congressman Phil Roe,Writes on behalf of constituent (b)(6)    |who is awaiting a FEMA background investigation.,,,,,,,,,,
4116,840088,9/15/2009,Congressman Ileana Ros-Lehtinen,Three members of Congress request that asylum cases for Venezuelan nationals be evaluated fairly and impartially.,,,,,,,,,,
4117,841125,9/25/2009,Congressman Ileana Ros-Lehtinen,Rep. Ros-Lehtinen writes to draw attention to Mayor Mike Cinque's request to establish the City of Marathon as a port of entry.,,,,,,,,,,
4118,840972,9/23/2009,Congressman C. A. Dutch Ruppersberger,Writes on behalf of constituent(b)(6)    1 regarding regarding her employment with the Federal Air Marshal Service.,,,,,,,,,,
4119,840663,9/21/2009,Congressman Gregorio Sablan,Rep. Sablan requests responses to letters he previously sent to the Secretary regarding numerous issues surrounding the incorporation of the Northern Mariana Islands into the federal immigration system.,,,,,,,,,,
4120,,,,,,,,,,,,,,
4121,841263,9/28/2009,Congressman John T. Salazar,Invites the Secretary or a Senior staff member to visit TSA's new Surface Transportation Security Training Center this fall.,,,,,,,,,,
4122,840317,9/17/2009,Congressman Linda T. Sanchez,_Jis requesting status of wife (b)(6) (b)(6> 1-601.,,,,,,,,,,
4123,839536,9/10/2009,Congressman Janice D. Schakowsky,s requesting status of husband (bX6)    1-601.,,,,,,,,,,
4124,840128,9/16/2009,Congressman Adam B. Schiff,is requesting status of 1-730 for (b)(6),,,,,,,,,,
4125,839890,9/14/2009,Congressman Jean Schmidt,"is requesting that <b)(6)    and his family be issued new travel permits and be ""allowed to travel in and out of the USA and away from the border.""",,,,,,,,,,
4126,838938,9/2/2009,Senator Charles E. Schumer,Supports application submitted by the West Fort Ann Volunteer Fire Company for funding under the Fire Station Construction Grant Program.,,,,,,,,,,
4127,,,,,,,,,,,,,,
4128,838960,9/2/2009,Senator Charles E. Schumer,Supports application submitted by the Elsmere Fire District for funding under the Fire Station Construction Grant Program.,,,,,,,,,,
4129,838987,9/2/2009,Senator Charles E. Schumer,Supports the application submitted by the North Greece Fire District for funding under the Fire Station Construction Grant Program.,,,,,,,,,,
4130,839001,9/2/2009,Senator Charles E. Schumer,Supports application submitted by the Fort Plain Volunteer Fire Department for funding under the Fire Station Construction Grant Program.,,,,,,,,,,
4131,839003,9/2/2009,Senator Charles E. Schumer,"Supports the application submitted by the AuSable, Chesterfield, Keeseville Joint Fire District for funding under the Fire Station Construction Grant Program.",,,,,,,,,,
4132,839704,9/11/2009,Senator Charles E. Schumer,is requesting status of wife(b)(6) 1-601.,,,,,,,,,,
4133,839776,9/11/2009,Senator Charles E. Schumer,Supports the application submitted by the Canastota Volunteer Fire Department for funding under the Assistance to Firefighter Grant Program to purchase new hydraulic rescue tools and pumpers.,,,,,,,,,,
4134,839778,9/11/2009,Senator Charles E. Schumer,Supports the application submitted by the Niskayuna Fire District No. 1 for funding under the Fire Station Construction Grant Program.,,,,,,,,,,
4135,,,,,,,,,,,,,,
4136,840271,9/16/2009,Senator Charles E. Schumer,is requesting expedite and status of <b)(6) (b)(6> 1-601.,,,,,,,,,,
4137,840666,9/21/2009,Senator Charles E. Schumer,Supports application submitted by the Elmira Fire Department for funding under the Assistance to Firefighters Fire Station Construction Grant Program.,,,,,,,,,,
4138,840668,9/21/2009,Senator Charles E. Schumer,Supports application submitted by the Lido and Point Lookout Fire District for funding under the Assistance to Firefighters Fire Station Construction Grant Program.,,,,,,,,,,
4139,840877,9/22/2009,Senator Charles E. Schumer,Supports application submitted by the Villiage of Holland Patent for funding under the Fire Station Construction Grant Program.,,,,,,,,,,
4140,840908,9/22/2009,Senator Charles E. Schumer,Supports application submitted by the Hall Fire Company for funding under the Assistance to Firefighters Fire Station Construction Grant Program.,,,,,,,,,,
4141,840910,9/22/2009,Senator Charles E. Schumer,Supports application submitted by the Lake Shore Fire District for funding under the Assistance to Firefighters Fire Station Construction Grant Program.,,,,,,,,,,
4142,840965,9/23/2009,Senator Charles E. Schumer,"Writes on behalf of constituent(b,<t”    eeardine his EEO case <b><6>",,,,,,,,,,
4143,840988,9/23/2009,Senator Charles E. Schumer,Inquires about implementation of US-VISIT biometric entry-exit screening system to track all non-citizens who enter through ports of entry.,,,,,,,,,,
4144,,,,,,,,,,,,,,
4145,841343,9/28/2009,Senator Charles E. Schumer,Supports application submitted by the Hughsonville Fire District for funding under the Fire Station Construction Grant Program.,,,,,,,,,,
4146,841396,9/28/2009,Senator Charles E. Schumer,Supports the application submitted by the Newland Wood Fire Company for funding under the Fire Station Construction Grant Program.,,,,,,,,,,
4147,840966,9/23/2009,Congressman David Scott,"Rep. David Scott writes on behalf of his constituent, r regarding her complaint against a CBP officer for making racist statements, harassment, stereotyping, and unprofessional conduct.",,,,,,,,,,
4148,840243,9/16/2009,Congressman Robert C. Scott,"is requesting to know why his 1-360 Religious Worker, was denied.",,,,,,,,,,
4149,839356,9/8/2009,Congressman F. James Sensenbrenner,"Rep. Sensenbrenner writes on behalf of constituent <b,(6> regarding his TRIP.",,,,,,,,,,
4150,841464,9/29/2009,Congressman Jose E. Serrano,is requesting expedite of siste<b)<6) non-immigrant visa.,,,,,,,,,,
4151,841209,9/25/2009,Congressman Joe Sestak,is requesting expedit of 1-129 for a troupe of nine Mongolian artists coming to perform at October 2009 Genghis Khan Exhibition in Denver.,,,,,,,,,,
4152,,,,,,,,,,,,,,
4153,838908,9/2/2009,Senator Richard C. Shelby,regarding N-400 application,,,,,,,,,,
4154,838983,9/2/2009,Senator Richard C. Shelby,Sen. Shelby writes on behalf of constituen (bM6>    Regarding border fence construction and the potential ceding of land to Mexico.,,,,,,,,,,
4155,839346,9/8/2009,Senator Richard C. Shelby,Writes on behalf of constituent|(b)(6)    |who has questions related to her company's cancelled contract.,,,,,,,,,,
4156,840707,9/22/2009,Senator Richard C. Shelby,is requesting reinstatement of his US citizenship.,,,,,,,,,,
4157,841507,9/29/2009,Senator Richard C. Shelby,is requesting status of her 1-485.,,,,,,,,,,
4158,839675,9/11/2009,Congressman Peggy Sherry,Fiscal Year (FY) 2011 Budget Submission to the Office of Management and Budget (OMB).,,,,,,,,,,
4159,840679,9/22/2009,Congressman Peggy Sherry,"DNDO/New York City Police Department - $12,000,000",,,,,,,,,,
4160,840403,9/17/2009,Congressman Bill Shuster,"Writes on behalf of his constituent,(b)(6)    concerning he and his wife's Work Visa, Green Card, and citizenship in the United States.",,,,,,,,,,
4161,840140,9/16/2009,Congressman Albio Sires,Supports the City of Bayonne's application under the Assistance to Firefighters Fire Station Construction Grants,,,,,,,,,,
4162,,,,,,,,,,,,,,
4163,841404,9/28/2009,Congressman Albio Sires,Supports application submitted by the City of Bayonne for funding under the Assistance to Firefighters Fire Station Construction Grant.,,,,,,,,,,
4164,839565,9/10/2009,Congressman Louise McIntosh Slaughter,is requesting reason and reconsideration of his wife’s travel visa denial.,,,,,,,,,,
4165,840485,9/18/2009,Congressman Adrian Smith,is requesting status of wifc(b) 1-601.,,,,,,,,,,
4166,838962,9/2/2009,Congressman Lamar Smith,Representative Smith requests information related to TN visas for FAA airline mechanics.,,,,,,,,,,
4167,840658,9/21/2009,Congressman Lamar Smith,Rep. Smith and Rep. Poe write about the Interagency Cooperation Agreement between ICE and DEA regarding investigative functions related to the Controlled Substances Act.,,,,,,,,,,
4168,839098,9/3/2009,Congressman Olympia J. Snowe,Offers recommendation for(b)(6)    (to be re-appointed as the regional administrator of FEMA Region I.,,,,,,,,,,
4169,840969,9/23/2009,Congressman Olympia J. Snowe,Olympia J. Snowe writes on behalf of her constituent ^b)<6) regarding security at Federal buildings.,,,,,,,,,,
4170,,,,,,,,,,,,,,
4171,839762,9/11/2009,Congressman Arlen Specter,writes to request clarification of his immigration record.,,,,,,,,,,
4172,840721,9/22/2009,Congressman Arlen Specter,is requesitng status of 1-485 permanent residency for her husband<b)<6),,,,,,,,,,
4173,840736,9/22/2009,Congressman Arlen Specter,is requesting status of 1-485.,,,,,,,,,,
4174,839178,9/4/2009,Congressman Jackie Speier,who are parents of <b)(6) are requesting extension of their humanitarian parole in order to care for their 14 year old son medical condition.,,,,,,,,,,
4175,839703,9/11/2009,Congressman Jackie Speier,is requesting that 250 investors and their families who came to the USA under EB-5 category be given consideration to obtain permanent residence.,,,,,,,,,,
4176,841545,9/29/2009,Congressman Jackie Speier,Rep. Speier writes on behalf of constituent<b)(6)    regarding the extradition of a skyjacker.,,,,,,,,,,
4177,841541,9/29/2009,Congressman John M. Spratt,Supports the Pleasant Valley Fire Department's application to build a new station,,,,,,,,,,
4178,,,,,,,,,,,,,,
4179,839287,9/8/2009,Congressman Gene Taylor,is requesting status of wife (b)(6) 601.,,,,,,,,,,
4180,841337,9/28/2009,Congressman Bennie G. Thompson,Writes with questions regarding the Nation's Critical Infrastructure and Key Resources (CIKR).,,,,,,,,,,
4181,839029,9/3/2009,"Congressman William ""Mac"" Thornberry",Jis requesting status of 1-601 for his wif^H®) (b)(6),,,,,,,,,,
4182,840356,9/17/2009,"Congressman William ""Mac"" Thornberry",is requesting status of wife <b)(6) 3-601.,,,,,,,,,,
4183,839870,9/14/2009,Congressman Todd Tiahrt,is requesting replacement of greencard and compensation for lost passport by USCIS.,,,,,,,,,,
4184,839039,9/3/2009,Congressman Patrick Tiberi,is requesting approval of his pending 1-485 so that his daughter's greencard also be accepted by USCIS.,,,,,,,,,,
4185,841215,9/25/2009,Congressman Paul Tonko,"is requesting via a lawsuit against USCIS, ""backdating of the date of approval of greencard to the date of the initial scheduled interview as reparation for the prejudice caused by USCIS losing file.""",,,,,,,,,,
4186,,,,,,,,,,,,,,
4187,839455,9/9/2009,Congressman Edolphus Towns,Js requesting status of adoption of children from Ghana.,,,,,,,,,,
4188,839761,9/11/2009,Congressman Chris Van Hollen,"Writes on behalf of constituent, (bX6>    regarding the status of her security clearance.",,,,,,,,,,
4189,839073,9/3/2009,Congressman Nydia M. Velazquez,Js requesting status of 1-730 for her son (b (b)(6),,,,,,,,,,
4190,839093,9/3/2009,Congressman Nydia M. Velazquez,s requesting status of 1-730 for his wife and two sons.,,,,,,,,,,
4191,839543,9/10/2009,Congressman Nydia M. Velazquez,is requesting status of his daughter(b)(6)    I- 730.,,,,,,,,,,
4192,839562,9/10/2009,Congressman Nydia M. Velazquez,is requesting status of I-730's for<b (b)(6),,,,,,,,,,
4193,,,,,,,,,,,,,,
4194,839437,9/9/2009,Congressman Peter J. Visclosky,is requesting extension of her visa without leaving the United States.,,,,,,,,,,
4195,840968,9/23/2009,Congressman Peter J. Visclosky,Rep. Visclosky writes on behalf of constituent^6) regarding regulations for transporting empty cargo tanks into the United States.,,,,,,,,,,
4196,840946,9/23/2009,Senator David Vitter,"Expresses his concern with FEMA awarding $997,402 to ACORN from the Assistance to Firefighters Grant Program.",,,,,,,,,,
4197,839976,9/15/2009,Congressman Greg Walden,3s requesting status of(b)(6)    I- 601.,,,,,,,,,,
4198,840698,9/22/2009,Congressman Greg Walden,is requesting status of 1-601 for his wife (b)(6) (b)(6),,,,,,,,,,
4199,841195,9/25/2009,Congressman Greg Walden,Writes on behalf of constituent regarding concerns with the recovery of toll free networks after a disaster.,,,,,,,,,,
4200,841197,9/25/2009,Senator Mark R. Warner,"writes to withdraw support for estranges wife(b,<0> (b)(6)    _75L",,,,,,,,,,
4201,,,,,,,,,,,,,,
4202,839719,9/11/2009,Congressman Diane E. Watson,"Rep. Watson requests S2's testimony at a hearing entitled, ""Investment Management and Acquisition Challenges at the Department of Homeland Security,"" on September 15,2009.",,,,,,,,,,
4203,839970,9/15/2009,Congressman Henry Waxman,is sending in information to be included in the reconsideration of his 1-765.,,,,,,,,,,
4204,839469,9/9/2009,Congressman Jim Webb,is requesting expedite of copy of her naturalization Certificate.,,,,,,,,,,
4205,840121,9/16/2009,Congressman Jim Webb,Virginia Beach City Public Schools is requesting status of greencard for Nobuko Takahata.,,,,,,,,,,
4206,840245,9/16/2009,Congressman Jim Webb,is requesting assistance in having (bX6) return 3 children in their care to the Ukraine now that the summer camp the children were here to attend is over.,,,,,,,,,,
4207,840958,9/23/2009,Congressman Jim Webb,are requesting that USCIS reconsider and expediteFb>(6> 1( half-sisterto(b)(6)    11-485.,,,,,,,,,,
4208,841212,9/25/2009,Congressman Jim Webb,"C.O.I.C.E. of No. Virginia is requesting status of 145 case files, (see list of names attached).",,,,,,,,,,
4209,,,,,,,,,,,,,,
4210,841483,9/29/2009,Congressman Jim Webb,"VOICE, a faith based organization is requesting status of 1-485 for several people (see attached)",,,,,,,,,,
4211,839699,9/11/2009,Senator Sheldon Whitehouse,"Sen Whitehouse, Sen. Hatch, Rep. Schiff, and Rep. Goodlatte write regarding the finalization of a CBP proposed regulation on seizures of circumvention devices.",,,,,,,,,,
4212,841704,5/18/2009,Congressman Chani Wiggins,"GAO-09-15, FEDERAL RESEARCH: Opportunities Exist to Improve the Management and Oversight of Federally Funded Research and Development Centers",,,,,,,,,,
4213,841188,9/25/2009,Congressman Joe Wilson,"Writes on behalf of constituent, (bX6>    who has complaints regarding his company's exclusion from the bid solicitation.",,,,,,,,,,
4214,839893,9/14/2009,Congressman Robert Wittman,"is requesting meeting with appropriate official of USCIS’s E-verify. Additionally,^6)    writes to complain of the lack of communication and follow-through from )f the Outreach branch of Verification.",,,,,,,,,,
4215,,,,,,,,,,,,,,
4216,841694,9/30/2009,Senator Ron Wyden,complains of some observations she made during here trip back into the US from Canada. 1. Confistcation of lawfully permited over the counter medine by officer. 2. Lack of restrooms in the waiting area. 3. Possible racial profiling by officers.,,,,,,,,,,
4217,839937,9/15/2009,Congressman Don Young,is requesting status of her 1-601.,,,,,,,,,,
4218,839208,9/4/2009,,NPPD City of Philadelphia $4 million Award,,,,,,,,,,
4219,839223,9/8/2009,,FEMA DCMPP - Mississippi,,,,,,,,,,
4220,839820,9/14/2009,,Report to Congress via CFO to USM,,,,,,,,,,
4221,840709,9/22/2009,,Rep Thompson have concerns about the contract awarded to a security company hired to monitor FDA,,,,,,,,,,
4222,,,,,,,,,,,,,,
4223,Policy Congressional Report,,,,,,,,,,,,,
4224,Opened Between 10/01/2009 and 10/31/2009,,,,,,,,,,,,,
4225,WF#,Receive Date,Congressman Name,Subject of Request,,,,,,,,,,
4226,841810,10/1/2009,Congressman Gary L. Ackerman,is requesting status of 1-730 for(b)(6),,,,,,,,,,
4227,841825,10/1/2009,Congressman Gary L. Ackerman,is requesting status of 1-730 foi(b)(6),,,,,,,,,,
4228,842107,10/5/2009,Congressman Gary L. Ackerman,is requesting status of 1-730 for(b)(6) (b)(6),,,,,,,,,,
4229,843654,10/16/2009,Congressman Gary L. Ackerman,is requesting status of 1-730 for(b)(6) (b)(6),,,,,,,,,,
4230,843656,10/16/2009,Congressman Gary L. Ackerman,is requesting status of 1-730 for(b)(6),,,,,,,,,,
4231,843660,10/16/2009,Congressman Gary L. Ackerman,is requesting status of 1-730 for <b)(6) (b)(6),,,,,,,,,,
4232,843662,10/16/2009,Congressman Gary L. Ackerman,is requesting status of 1-730 for(b)(6) (b)(6),,,,,,,,,,
4233,843688,10/16/2009,Congressman Gary L. Ackerman,is requesting status of 1-730 for (b)(6),,,,,,,,,,
4234,,,,,,,,,,,,,,
4235,843701,10/16/2009,Congressman Gary L. Ackerman,is. requesting status of 1-730 for (b)(6),,,,,,,,,,
4236,843965,10/20/2009,Congressman Gary L. Ackerman,is requesting status of 1-730 for <b)(6),,,,,,,,,,
4237,845000,10/29/2009,Congressman Gary L. Ackerman,3& requesting status of 1-730 for(b (b)(6),,,,,,,,,,
4238,845002,10/29/2009,Congressman Gary L. Ackerman,is requesting status of 1-730 for (b)(6),,,,,,,,,,
4239,845003,10/29/2009,Congressman Gary L. Ackerman,is requesting status of 1-730 foi(b)(6),,,,,,,,,,
4240,845007,10/29/2009,Congressman Gary L. Ackerman,is requesting status of 1-730 for<b)(6),,,,,,,,,,
4241,841826,10/1/2009,Congressman Robert B. Aderholt,is requesting expedite of 1-601 for her husband b (b)(6),,,,,,,,,,
4242,,,,,,,,,,,,,,
4243,842159,10/5/2009,Congressman John Adler,Requests an expedited decision on the 1-730 applications for his constituent's children in Uganda.,,,,,,,,,,
4244,843067,10/13/2009,Congressman Daniel K. Akaka,Sen. Akaka writes on behalf of a constituent who was denied entry into the United States.,,,,,,,,,,
4245,842326,10/7/2009,Senator Lamar Alexander,is requesting status of case.,,,,,,,,,,
4246,843302,10/14/2009,Congressman Jason Altmire,Rep. Altmire writes on behalf of a constituent who was suspended from his job at TSA.,,,,,,,,,,
4247,844009,10/20/2009,Congressman Jason Altmire,Requests that the Assistance to Firefighters Grant funds be disperesed.,,,,,,,,,,
4248,843677,10/16/2009,Congressman Joe Baca,3s requesting reason for husband (b)(6) greencard denial.,,,,,,,,,,
4249,842094,10/5/2009,Congressman Spencer Bachus,is requesting status of husband(b Santillan's 1-601.,,,,,,,,,,
4250,843672,10/16/2009,Congressman Spencer Bachus,is requesting status of 1-601 for her husbanc^ (b)(6),,,,,,,,,,
4251,,,,,,,,,,,,,,
4252,843968,10/20/2009,Congressman John Barrow,is requesting reconsideration of her request to classify her son (b)(6)    as an orphan.,,,,,,,,,,
4253,844314,10/22/2009,Congressman John Barrow,The Department of the Army transferred a complaint letter and an authorization to release confidential infomaton from[^ Jwho initially wrote to Rep. John Barrow regarding issues with the U.S. Coast Gurad and the U.S. National Guard.,,,,,,,,,,
4254,843673,10/16/2009,Congressman Evan Bayh,is requesting reinstatement in her own name of the 1-130 petition which was filed by her now deceased sistei(b)(6) on behalf of her niece(b)(6),,,,,,,,,,
4255,843978,10/20/2009,Congressman Evan Bayh,Jis requesting humanitarian Parole or some other sort of status for (bX6)    >o that she may enter the US to care for his terminally ill wife(b,,,,,,,,,,
4256,843707,10/16/2009,Senator Michael Bennet,Writes on behalf of constituent regarding claims that the Inspector General has not replied to his USCIS and NVC inquiries.,,,,,,,,,,
4257,843069,10/13/2009,Congressman Robert F. Bennett,"Writes on behalf of constituent,(b)(6'    who wants to inform about the Radio Frequency Identification technology used in U.S. Passports.",,,,,,,,,,
4258,843675,10/16/2009,Congressman Jeff Bingaman,is requesting status of husband<b' 1-601.,,,,,,,,,,
4259,,,,,,,,,,,,,,
4260,842370,10/7/2009,Congressman Marsha Blackburn,Writes on behalf of constituent (b)(6)    who has concerns regarding the Biological Emergency Response Team in Tennessee.,,,,,,,,,,
4261,843244,10/14/2009,Congressman John Boccieri,is requesting status of her and son's immigration status.,,,,,,,,,,
4262,844495,10/23/2009,Congressman Mary Bono Mack,is requesting reconsideration and expedite of wife(b)(6)    1-601.,,,,,,,,,,
4263,844550,10/26/2009,Congressman Madeleine Z. Bordallo,"Thanks the Secretary for allowing visitors from Russia and China to enter CNMI until a final rule is issued and requests a detailed briefing on the Guam-CNMI visa waiver program, parole authority for Chinese and Russian visitors, and the implementation of federalization in the CNMI.",,,,,,,,,,
4264,843738,10/16/2009,Congressman Charles W. Boustany,Representative Boustany writes on behalf of his constituent regarding a request for an investigation concerning CBP corruption allegations.,,,,,,,,,,
4265,842295,10/6/2009,Senator Barbara Boxer,Supports application submitted by the Stanislaus Consolidated Fire Protection District for funding under the Fire Station Construction Grant program.,,,,,,,,,,
4266,,,,,,,,,,,,,,
4267,843250,10/14/2009,Congressman Paul Broun,is requesting status of her 1-485.,,,,,,,,,,
4268,843336,10/15/2009,Congressman Sam Brownback,is requesting status of husbanq^ 3-601.,,,,,,,,,,
4269,842832,10/8/2009,Congressman Michael C. Burgess,is requesting expedite and status of 1-601 fo:(b) (b)(6),,,,,,,,,,
4270,842841,10/8/2009,Congressman Michael C. Burgess,is requesting status of wife (b)(6) 1-601.,,,,,,,,,,
4271,843074,10/13/2009,Congressman Michael C. Burgess,is requesting status of wift(b)(6) 1-601.,,,,,,,,,,
4272,843381,10/15/2009,Congressman Michael C. Burgess,is requesting expedite of wife(b)(6) 1-601. -,,,,,,,,,,
4273,843384,10/15/2009,Senator Richard M. Burr,is requesting reconsideration of 1-589 denial for he and his family.,,,,,,,,,,
4274,,,,,,,,,,,,,,
4275,843134,10/13/2009,Congressman Robert C. Byrd,Writes to request more detailed information regarding the NPPD’s Next Generation Priority Services Expenditure Plan that was submitted by NPPD.,,,,,,,,,,
4276,844744,10/27/2009,Congressman Robert C. Byrd,is requesting status of Humanitarian Parole for (b)(6),,,,,,,,,,
4277,844957,10/28/2009,Congressman Robert C. Byrd,"Writes on behalf of constituent,(b)(6'    | regarding his request for a SAFER grant revision to include stand alone EMS squads.",,,,,,,,,,
4278,841832,10/1/2009,Congressman Eric Cantor,Js requesting copies of her mother's 1-539 petition.,,,,,,,,,,
4279,845017,10/29/2009,Congressman Erie Cantor,is requesting status of 1-485.,,,,,,,,,,
4280,843743,10/16/2009,Congressman Shelley Moore Capito,is requesting expedite of I-129F foi<b)(6)    and son.,,,,,,,,,,
4281,843748,10/16/2009,Congressman Shelley Moore Capito,"Writes on behalf of her constituent who requested anonymity regarding their allegations of unfair practices, discrimination, and mismanagement within the Natonal Maritime Center for the USCG.",,,,,,,,,,
4282,,,,,,,,,,,,,,
4283,844925,10/28/2009,Congressman Shelley Moore Capito,is requesting status of husband 01 bl 1-601.,,,,,,,,,,
4284,842905,10/9/2009,Congressman Lois Capps,is requesting status of husbanc^ 1-601.,,,,,,,,,,
4285,844075,10/20/2009,Senator Benjamin L. Cardin,s requesting status of wife(b)(6)    I- 730.,,,,,,,,,,
4286,841985,10/2/2009,Senator Thomas R. Carper,Supports application submitted by Quantum Leap Innovations for funding from the Complex Event Modeling Simulation and Analysis.,,,,,,,,,,
4287,844990,10/28/2009,Congressman John Carter,Write regarding a Houston Chronicle article on ICE's Alternatives-to-Detention program.,,,,,,,,,,
4288,842085,10/5/2009,Senator Robert P. Casey,is requesting status of her permanent residency application 1-485.,,,,,,,,,,
4289,842885,10/9/2009,Senator Robert P. Casey,"is requesting status of 1-485, and 1-140.",,,,,,,,,,
4290,,,,,,,,,,,,,,
4291,842932,10/9/2009,"Senator Robert P, Casey",is. requesting status of 1-485 for her husband.,,,,,,,,,,
4292,844072,10/20/2009,Senator Robert P. Casey,is. requesting refund of N-600 application fees and would like status of her request.,,,,,,,,,,
4293,841792,10/1/2009,Congressman Jason Chaffetz,"Rep. Jason Chaffetz is upset by a recent cases in which illegal aliens convicted of child sexual abuse where deported on commercial flights without ICE escorts, and intends to introduce legislation that such deportees be escorted by ICE.",,,,,,,,,,
4294,842377,10/7/2009,Senator Saxby Chambliss,is requesting status of husbanc|^ -601.,,,,,,,,,,
4295,843047,10/13/2009,Senator Saxby Chambliss,Supports the City of Soperton's application for the Assistance to Firefighters Fire Station Construction grant.,,,,,,,,,,
4296,843157,10/14/2009,Senator Saxby Chambliss,is requesting SAVE verification in order to get his driver's licence.,,,,,,,,,,
4297,844030,10/20/2009,Senator Saxby Chambliss,is requesting correction of her name within the SAVE system.,,,,,,,,,,
4298,844691,10/27/2009,Senator Saxby Chambliss,is requesting status of wife<b)(6)    J-601.,,,,,,,,,,
4299,,,,,,,,,,,,,,
4300,842176,10/6/2009,Congressman Yvette D. Clarke,Rep. Clarke writes regarding Comprehensive Immigration Reform legislation and requests a meeting with the Secretary.,,,,,,,,,,
4301,843616,10/16/2009,Congressman Stephen I. Cohen,Rep. Cohen writes on behalf of constituent(b)<6) regarding corruption in the U.S. Air Marshal Service.,,,,,,,,,,
4302,843739,10/16/2009,Congressman Tom Cole,Jis requesting status of husband (bX6) -601.,,,,,,,,,,
4303,842403,10/7/2009,Senator Susan M. Collins,Express concern regarding ACORN obtaining federal funds from the Assistance to Firefighters Grant Program.,,,,,,,,,,
4304,845462,10/30/2009,Congressman January Contreras,Response to Homeland Security Committee request at July 29th hearing for S2 to provide updates on DHS pandemic influenza preparedness and response efforts.,,,,,,,,,,
4305,844130,10/21/2009,Congressman John Conyers,Chairman Conyers and Representative Smith request the immigration files of several individuals:(b)(6) (b)(6) (b)(6),,,,,,,,,,
4306,843725,10/16/2009,Senator Bob Corker,is requesting status of 1-600.,,,,,,,,,,
4307,,,,,,,,,,,,,,
4308,844024,10/20/2009,Senator Bob Corker,s requesting status of 1-130.,,,,,,,,,,
4309,844224,10/21/2009,Senator Bob Corker,Sen. Corker writes on behalf of constituent regarding his employment with CBP.,,,,,,,,,,
4310,842887,10/9/2009,Senator John Cornyn,is requesting status of 1-130 for his family,,,,,,,,,,
4311,,,,members (b)(6),,,,,,,,,,
4312,,,,(b)(6),,,,,,,,,,
4313,843663,10/16/2009,Senator John Cornyn,is requesting status of 1-601 foi(b)<6),,,,,,,,,,
4314,,,,,,,,,,,,,,
4315,843709,10/16/2009,Senator John Cornyn,is requesting status of husbanc|(bX6>    1-601,,,,,,,,,,
4316,843885,10/19/2009,Senator John Cornyn,is requesting status of 1-140 for relatives.,,,,,,,,,,
4317,843981,10/20/2009,Senator John Cornyn,is requesting status of 1-601 for his wife (C (b)(6),,,,,,,,,,
4318,,,,,,,,,,,,,,
4319,843982,10/20/2009,Senator John Cornyn,is requesting reconsideration of denial of permanent residency to his step-daughter.,,,,,,,,,,
4320,843278,10/14/2009,Senator Michael D. Crapo,is requesting status of H2B.,,,,,,,,,,
4321,843687,10/16/2009,Senator Michael D. Crapo,crystal ramos is requesting status of husband <b)(C” 1-601,,,,,,,,,,
4322,844736,10/27/2009,Congressman Joseph Crowley,is requesting status of 1-730 for(b)(6),,,,,,,,,,
4323,,,,,,,,,,,,,,
4324,844739,10/27/2009,Congressman Joseph Crowley,,,,,,,,,,,
4325,,,,is requesting status of 1-730 for wife (b)(6),,,,,,,,,,
4326,,,,,,,,,,,,,,
4327,844742,10/27/2009,Congressman Joseph Crowley,is requesting status of 1-730 for 'b)(6),,,,,,,,,,
4328,,,,,,,,,,,,,,
4329,843821,10/19/2009,Congressman Manuel I. Cruz,"Writes on behalf of constituent (b,(6)    who has a propsel for hurricane mitigation.",,,,,,,,,,
4330,,,,,,,,,,,,,,
4331,843050,10/13/2009,Congressman Elijah E. Cummings,"Rep. Elijah E. Cummings writes on behalf of constituent, Mr. regarding difficulty he is experiencing while traveling by air.",,,,,,,,,,
4332,843988,10/20/2009,Congressman Kathy Dahlkemper,are requesting status of their 1-485.,,,,,,,,,,
4333,844858,10/28/2009,Congressman Susan A. Davis,Rep. Davis requests a timeline for implementation of DHS's plan to maintain the slopes as part of the Border Infruatructure Project in San Diego County.,,,,,,,,,,
4334,845209,10/28/2009,Congressman Nathan Deal,Rep. Deal writes on behalf of constituent<bl(0*    regarding an application for a bonded warehouse.,,,,,,,,,,
4335,842836,10/8/2009,Congressman Jim DeMint,is requesting expedite of husband (b)(6) (b)(6),,,,,,,,,,
4336,843703,10/16/2009,Congressman Jim DeMint,"Inquiry regarding I-129F for(b,(6)",,,,,,,,,,
4337,844027,10/20/2009,Congressman Jim DeMint,is requesting that USCIS enforce the deportation proceeding againsf^,,,,,,,,,,
4338,842243,10/6/2009,Congressman Lincoln Diaz-Balart,Rep. Diaz-Balart writes on behalf of a constituent who is being stopped while going through customs.,,,,,,,,,,
4339,,,,,,,,,,,,,,
4340,844484,10/23/2009,Congressman John D. Dingell,"Writes with concerns over the security of the Ambassador Bridge in Detroit, MI.",,,,,,,,,,
4341,841787,10/1/2009,Congressman Christopher J. Dodd,Writes with requests regarding the Defense Production Act Committee.,,,,,,,,,,
4342,843063,10/13/2009,Congressman Christopher J. Dodd,Sen. Dodd writes on behalf of a constituent regarding her TRIP.,,,,,,,,,,
4343,843963,10/20/2009,Congressman Christopher J. Dodd,is requesting reconsideration of humanitarian parole denial of his wife (bX6),,,,,,,,,,
4344,845066,10/29/2009,Congressman David Dreier,is requesting status of daughter's 1-485.,,,,,,,,,,
4345,845069,10/29/2009,Congressman David Dreier,Jis requesting status of her husband (b 1-601.,,,,,,,,,,
4346,845072,10/29/2009,Congressman David Dreier,is requesting status of husbanc^ 1-601.,,,,,,,,,,
4347,844998,10/29/2009,Congressman John J. Duncan,is requesting status of 1-130 for (b)(6),,,,,,,,,,
4348,,,,,,,,,,,,,,
4349,843966,10/20/2009,Senator Richard J. Durbin,is requesting status of husband (b)(6) (b)(6)    1-601.,,,,,,,,,,
4350,842332,10/7/2009,Congressman Chet Edwards,is requesting expedite and status of wife (b)<6) j601.,,,,,,,,,,
4351,843913,10/19/2009,Congressman Donna F. Edwards,is requesting status of 1-485,,,,,,,,,,
4352,843972,10/20/2009,Congressman Donna F. Edwards,~Is requesting status and expedite of 1-485 forP^6) (b)(6),,,,,,,,,,
4353,844927,10/27/2009,Congressman Donna F. Edwards,Writes on behalf of constituent who beleives he is a target of a federal terrorist investigation for the past 4 years.,,,,,,,,,,
4354,842128,10/5/2009,Congressman Vernon J. Ehlers,Writes on behalf of the Michigan Migrant Legal Assistance Project and Central American students who were brought to the U.S. under false pretenses and obtained visas.,,,,,,,,,,
4355,,,,,,,,,,,,,,
4356,845107,10/29/2009,Congressman Keith Ellison,is requesting status of his and wife's case.,,,,,,,,,,
4357,845136,10/29/2009,Congressman Jo Ann Emerson,is requesting status of her replacement green card 1-90.,,,,,,,,,,
4358,843986,10/20/2009,Congressman John Ensign,is requesting status of his 1-601.,,,,,,,,,,
4359,845110,10/29/2009,Congressman John Ensign,Writes on behalf of constituent(b)(6)    regarding the TSA delays he has experienced.,,,,,,,,,,
4360,844083,10/20/2009,Senator Michael B. Enzi,Requests assistance on behalf of constituent(b)<6)    who needs a replacement permanent resident card.,,,,,,,,,,
4361,842199,10/6/2009,Congressman Bob Etheridge,is requesting reconsideration of his 1-140 denial.,,,,,,,,,,
4362,845444,10/30/2009,Congressman Sam Farr,Writes to thank S1 for attendance and for speaking at the inaugural Congressional Travel & Tourism Caucus Breakfast Series.,,,,,,,,,,
4363,842236,10/6/2009,Senator Dianne Feinstein,|s requesting status of husband(b)(6) (b)(6)    H-601.,,,,,,,,,,
4364,,,,,,,,,,,,,,
4365,842322,10/7/2009,Senator Dianne Feinstein,is requesting expedite of husband(b)(6)    I- 601.,,,,,,,,,,
4366,843059,10/13/2009,Senator Dianne Feinstein,CLASSIFIED,,,,,,,,,,
4367,844119,10/20/2009,Senator Dianne Feinstein,Sen. Feinstein writes on behalf of constituent(b)(6) regarding concerns over his application with CBP.,,,,,,,,,,
4368,844149,10/31/2009,Senator Dianne Feinstein,"Sen. Feinstein writes to congratulate the Department concerning the arrest of 1,785 gang members in association with Operation Community Shield.",,,,,,,,,,
4369,843969,10/20/2009,Congressman Bob Filner,is requesting status of I290B appeal for (b)(6),,,,,,,,,,
4370,841736,10/1/2009,Congressman Jeff Flake,Urges support of the Stopping Trained in America Ph.D's from Leaving the Economy (STAPLE) Act.,,,,,,,,,,
4371,843652,10/16/2009,Congressman Jeff Flake,Urges support of the Stopping Trained in America Ph.D's from Leaving the Economy (STAPLE) Act.,,,,,,,,,,
4372,843112,10/13/2009,Congressman John Fleming,Rep. Fleming writes on behalf of constituen t?'    regarding his TWIC card.,,,,,,,,,,
4373,,,,,,,,,,,,,,
4374,842328,10/7/2009,Senator Kirsten E. Gillibrand,is requesting reconsideration of I-290B denial on behalf of Anthony Road Wine Company.,,,,,,,,,,
4375,843361,10/15/2009,Congressman Robert W. Goodlatte,3s requesting replacement of 1-90 permanent residency card.,,,,,,,,,,
4376,844722,10/27/2009,Congressman Robert W. Goodlatte,is requesting status of her husband (b)<6) 1-601.,,,,,,,,,,
4377,845191,10/29/2009,Congressman Bob Graham,"Copy of Commission on the Prevention of Weapons of Mass Destruction Proliferation and Terrorism interim progress report ""The Clock is Ticking""",,,,,,,,,,
4378,843714,10/16/2009,Senator Lindsey O. Graham,Writes on behalf of a constituent{b)(6)    regarding review of her recently deceased husband’s medical records.,,,,,,,,,,
4379,841882,10/2/2009,Senator Charles E. Grassley,Senator Charles E. Grassley writes on behalf of his constituent(b: regarding regarding ICE's investigation into fraudulent emails.,,,,,,,,,,
4380,842105,10/5/2009,Senator Charles E. Grassley,is requesting status of wife's 1-601.,,,,,,,,,,
4381,,,,,,,,,,,,,,
4382,842293,10/6/2009,Senator Charles E. Grassley,"Senator Grassley, Sessions, Bailey Hutchison, Cornyn, Hatch, Coburn, McCain, Kyi request written confirmation that the current strength of 17,415 Border Patrol agents will be maintained or increased in FY2010.",,,,,,,,,,
4383,842320,10/7/2009,Senator Charles E. Grassley,Senator Grassley is requesting to know what steps USCIS has taken to address issues of fraud within the H-1B Non-immigrant Visa Program.,,,,,,,,,,
4384,843693,10/16/2009,Senator Charles E. Grassley,Jis requesting status of wife (b)(6) 1-601.,,,,,,,,,,
4385,843664,10/16/2009,Congressman Alan Grayson,is requesting status of N-336 appeal of original N- 400.,,,,,,,,,,
4386,845198,10/29/2009,Congressman Alan Grayson,is requesting status of wife(b)<6) (b)(6)    .601.,,,,,,,,,,
4387,842837,10/8/2009,Congressman Judd Gregg,"Supports the Groveton, NH Ambulance Corps’ application for assistance under the Assistance to Firefighters Grant Program.",,,,,,,,,,
4388,844008,10/20/2009,Congressman Judd Gregg,is requesting expedite of 1-730 for daughters.,,,,,,,,,,
4389,843712,10/16/2009,Congressman Parker Griffith,Js requesting status of K-l visa.,,,,,,,,,,
4390,,,,,,,,,,,,,,
4391,842086,10/5/2009,Congressman Raul M. Grijalva,is requesting status of 1-601 for her husbancf^ (b)(6),,,,,,,,,,
4392,845186,10/29/2009,Congressman John J. Hall,"filed for his wife,(b)(6) Form 1-601",,,,,,,,,,
4393,843165,10/5/2009,Senator Tom Harkin,Response to a call to Secretary Napolitano regarding the National Bio and AgrO-Defense Facility (NBAF),,,,,,,,,,
4394,843657,10/16/2009,Congressman Alcee L. Hastings,is requesting status of his case.,,,,,,,,,,
4395,845019,10/29/2009,Congressman Alcee L. Hastings,is requesting status of immigration case for his wife (b)(6),,,,,,,,,,
4396,841813,10/1/2009,Senator Orrin G. Hatch,is requesting status of naturalization for her son(b)(6) (b)(6),,,,,,,,,,
4397,845268,10/30/2009,Senator Orrin G. Hatch,"Sen. Hatch writes on behalf of the Salt Lake Customs Broker Association, who requests additional CBP staffing at the Customs office in Salt Lake City, Utah.",,,,,,,,,,
4398,,,,,,,,,,,,,,
4399,844029,10/20/2009,Congressman Jeb Hensarling,is requesting status of wife(b)(6) 1-601.,,,,,,,,,,
4400,844753,10/27/2009,Congressman Jeb Hensarling,is requsting status of(b)(6) 1-601.,,,,,,,,,,
4401,845377,10/30/2009,Congressman Jeb Hensarling,"~|s requesting further consideration of a previous request by USCIS Texas Service Center employees(b)(6)    is requesting that USCIS take a closer look at the issue of the adjudication process by using quantitative methods in order to establish the ""reasonable and attainable performance measures, actual and true cost of processing, and actual staffing requirements.",,,,,,,,,,
4402,844383,10/22/2009,Congressman Wally Herger,Writes on behalf of a citizen who experienced a boat crash due to under water hazards at Big Break Marina.,,,,,,,,,,
4403,,,,,,,,,,,,,,
4404,842089,10/5/2009,Congressman Tim Holden,is is requesting status of wife (b)(6)    I- 601.,,,,,,,,,,
4405,842003,10/2/2009,Congressman Rush Holt,filed n-400 and wishedsto get approval and reverse denied decision.,,,,,,,,,,
4406,845412,10/30/2009,Congressman Kay Bailey Hutchison,"is requesting that USCIS investigate ""all matters concerning my employment since November 2008"" and questions how his supervisor was hired on an INFOSEC Informaton Technology announcement since ""she has never been an IT Specialist.""",,,,,,,,,,
4407,842249,10/6/2009,Senator Johnny Isakson,Writes on behalf of a constituent whose wife is experiencing troubles obtaining a waiver to reenter the U.S.,,,,,,,,,,
4408,843713,10/16/2009,Senator Johnny Isakson,is requesting status of husband (b)(6)    I- 601.,,,,,,,,,,
4409,843912,10/19/2009,Senator Johnny Isakson,is requesting status of 1-918A for his brother.,,,,,,,,,,
4410,,,,,,,,,,,,,,
4411,844704,10/27/2009,Senator Johnny Isakson,"of Dale Schwartz & Assoc, is requesting status of client Jon de Namur's I-129F filed on behalf of his fiance (b)(6)",,,,,,,,,,
4412,844817,10/27/2009,Congressman Steve Israel,Requests assistance for constituent looking to open a business for fingerprinting services to assist with immigration and security matters,,,,,,,,,,
4413,842381,10/7/2009,Congressman Darrell Issa,is requesting status of husband(b)(6) 1-601.,,,,,,,,,,
4414,844085,10/20/2009,Congressman Darrell Issa,is requesting expedite of 1-601 for his wife<b)(6) (b)(6),,,,,,,,,,
4415,845104,10/29/2009,Congressman Eddie Bernice Bernice Johnson,"is requesting assistance with husband (b)(6) 1-601, and is supplying privacy release.",,,,,,,,,,
4416,842088,10/5/2009,Congressman Timothy V. Johnson,is requesting status of 1-140 and I-290B.,,,,,,,,,,
4417,843340,10/15/2009,Congressman Timothy V. Johnson,"is requesting to know the status of her ""re-papering.” application pertaining to her Cancellation of Removal.",,,,,,,,,,
4418,,,,,,,,,,,,,,
4419,844079,10/20/2009,Congressman Timothy V. Johnson,3s requesting reconsideration of denial of 1-140.,,,,,,,,,,
4420,841918,9/28/2009,Senator John F. Kerry,Recommends (b)(6)    for a position at the Department of Homeland Security,,,,,,,,,,
4421,841944,10/1/2009,Senator John F. Kerry,Senator Kerry writes in support of <b)(6),,,,,,,,,,
4422,842844,10/8/2009,Congressman Dale E. Kildee,"Writes on behalf of constituent, (bX6>    who has concerns about a permanent resident.",,,,,,,,,,
4423,843365,10/15/2009,Congressman Dale E. Kildee,Congressman Kildee writes on behalf of 7 former INS witnesses who are requesting S visas as a result of their service.,,,,,,,,,,
4424,842965,10/9/2009,Congressman Peter T. King,Write to express concern over nearly $1M in Assistance to Firefighter Grant funds being issued to ACORN.,,,,,,,,,,
4425,843297,10/14/2009,Congressman Peter T. King,Rep. King writes on behalf of a constituent regarding his TSA hiring issues.,,,,,,,,,,
4426,841800,10/1/2009,Congressman Jack Kingston,3s requesting reconsideration of 1-485 denial.,,,,,,,,,,
4427,,,,,,,,,,,,,,
4428,845418,10/30/2009,Congressman Jack Kingston,is requesting status of 1-130 for his wife (b)(6),,,,,,,,,,
4429,842331,10/7/2009,Congressman Ann Kirkpatrick,is requesting reconsideration of her 1-130 for her brother (b)(6),,,,,,,,,,
4430,843671,10/16/2009,Congressman John Kline,"Writes on behalf of a constituentJ^X6)    with concerns over her court-ordered spousal maintenance payments from her husband, who is a DHS employee.",,,,,,,,,,
4431,842237,10/6/2009,Congressman Suzanne Kosmas,Writes on behalf of her constituentJ^X6)    to request assistance some of his concerns.,,,,,,,,,,
4432,844912,10/28/2009,Congressman Jon Kyi,is requesting to know if(b)(6)    is currently under consideration for TPS designation.,,,,,,,,,,
4433,841809,10/1/2009,Senator Mary L. Landrieu,s requesting status of 1-129 filed for returning H2-B workers.,,,,,,,,,,
4434,844503,10/23/2009,Senator Mary L. Landrieu,Writes on behalf of a constituent who requests that FEMA expedite his payment for his annual leave.,,,,,,,,,,
4435,,,,,,,,,,,,,,
4436,845205,10/28/2009,Senator Mary L. Landrieu,Senator Mary Landrieu writes on behalf of her constituent.(b)<6) regarding what he perceives to be an unfair decision by ICE Hospital Employment.,,,,,,,,,,
4437,845371,10/30/2009,Senator Mary L. Landrieu,Recommends changes to enhance SBA's disaster assistance program,,,,,,,,,,
4438,843568,10/16/2009,Congressman Rick Larsen,Rep. Rick Larsen writes on behalf of his constituent<b)<6) (b)(6) regarding the need for CBP to correct his passport records.,,,,,,,,,,
4439,842397,10/7/2009,Senator Patrick J. Leahy,"Sen. Leahy Requests the Secretary's apperance before the Senate Judiciary Committee on December 9, 2009, for an oversight hearing",,,,,,,,,,
4440,843113,10/13/2009,Senator Carl Levin,Write with follow up questions regarding the closure of Riverside Park by the Detroit International Bridge Company (DIBC) and DHS's involvement in the closure.,,,,,,,,,,
4441,843883,10/19/2009,Senator Carl Levin,"is requesting assistance from USCIS to get the approval notice issued by|(b,(6)    to the US Consulate General in Ciudad Juarez ASAP. Her beneficiary is her husband (b)(6)",,,,,,,,,,
4442,843976,10/20/2009,Senator Carl Levin,Senator Levin writes in support of O-l visa petition for(b)(ti) (b)(6),,,,,,,,,,
4443,,,,,,,,,,,,,,
4444,844699,10/27/2009,Senator Carl Levin,"Sen. Levin writes regarding the need for a Federal Magistrate Judge or U.S. Attorney to be posted in Sault Ste. Marie, Michigan in relation to ICE criminal transports.",,,,,,,,,,
4445,844733,10/27/2009,Congressman Jerry Lewis,is requesting status of I-600A application.,,,,,,,,,,
4446,845452,10/30/2009,Congressman Joseph I. Lieberman,"Request testimony at Senate hearing October 21, 2009.",,,,,,,,,,
4447,841983,10/2/2009,Congressman Zoe Lofgren,Rep. Zoe Lofgren writes to request(b)(6)    eport on the detention system and her recommendations for comprehensive reform.,,,,,,,,,,
4448,844581,10/26/2009,Congressman Zoe Lofgren,writes requesting reasoning behind proposed fee increases.,,,,,,,,,,
4449,841797,10/1/2009,Congressman Nita M. Lowey,is requesting reconsideration of 1-601 denial for her husband(b)(6),,,,,,,,,,
4450,841805,10/1/2009,Congressman Richard G. Lugar,(attorney foi(b)(6)    is requesting reconsideration o|b)(6)    1-601.,,,,,,,,,,
4451,842961,10/9/2009,Congressman Richard G. Lugar,is requesting status of(b)(6)    1-601 on behalf of nis wift(b)(6),,,,,,,,,,
4452,,,,,,,,,,,,,,
4453,843053,10/13/2009,Congressman Richard G. Lugar,"Writes on behalf of constituent, <b)(6)    ] who voices support of a US Marine Corps Sergeant's Japanese widow who wishes to remain in the US and raise her son.",,,,,,,,,,
4454,843087,10/13/2009,Congressman Richard G. Lugar,Writes for views regarding Immigration Law and a specific ease of a widow who was to become a U.S. Citizen.,,,,,,,,,,
4455,844493,10/23/2009,Congressman Ben Lujan,is requesting reconsideration of 1-601 denial for her husband(b)(6),,,,,,,,,,
4456,845008,10/29/2009,Congressman Connie Mack,”Jis requesting status of 1-130 for (bX6> (b)(6)    -,,,,,,,,,,
4457,841967,10/2/2009,Congressman Eric Massa,Rep. Massa writes on behalf of constituent<b)(6) regarding his employment with CBP.,,,,,,,,,,
4458,843489,10/15/2009,Congressman Eric Massa,Writes to request that DHS representatives meet with New Scale Technologies regarding motion systems technologies.,,,,,,,,,,
4459,842248,10/6/2009,Senator John McCain,"Senator John McCain writes on behalf of his constituent(b)(6) Jeeking assistance in securing a grant or loan for his business, which suffers as a result of the post 9/11 highway restrictions at the Hoover Dam.",,,,,,,,,,
4460,,,,,,,,,,,,,,
4461,844295,10/22/2009,Senator John McCain,Js requesting expedite of son's refugee application 1-730.,,,,,,,,,,
4462,844451,11/13/2009,Senator John McCain,Senators McCain and Kyi request an explanation of ICE’s efforts and the review process to standardize MOAs with participating 287(g) jurisdictions and possible implications for the 287(g) partners in Arizona. Follow Up letter (dated 11/5/09) request further clarification.,,,,,,,,,,
4463,845451,10/30/2009,Senator John McCain,Writes in behalf of constituent(b)<6)    egarding the FPs contract at the Sky Harbor Airport Tower.,,,,,,,,,,
4464,841793,10/1/2009,Congressman Kevin McCarthy,is requesting status of 1-485.,,,,,,,,,,
4465,841830,10/1/2009,Congressman Michael McCaul,ts requesting status of 1-601 for her husband (b)(6),,,,,,,,,,
4466,843242,10/14/2009,Congressman Michael McCaul,"s requesting status of husband (b,(6)    I- 601.",,,,,,,,,,
4467,843404,10/15/2009,Congressman Michael McCaul,is requesting status of his 1-485.,,,,,,,,,,
4468,,,,,,,,,,,,,,
4469,843055,10/13/2009,Congressman Betty McCollum,Supports application submitted by the City of Saint Paul Fire Department for funding under the Fire Station Construction Grant Program.,,,,,,,,,,
4470,842084,10/5/2009,Senator Mitch McConnell,is requesting reconsideration of 1-601 denial for her husbanc(b)(6),,,,,,,,,,
4471,842102,10/5/2009,Senator Mitch McConnell,Writes on behalf of constituent<b)(6)    who is concerned after his property was placed in a flood-zone.,,,,,,,,,,
4472,843455,10/15/2009,Senator Mitch McConnell,is requesting status of Fiance petition I-129F for his wife (b)(6),,,,,,,,,,
4473,845022,10/29/2009,Senator Mitch McConnell,is requesting the reconsideration of I12F denial for his fiance (b)<6),,,,,,,,,,
4474,845025,10/29/2009,Senator Mitch McConnell,"writes to inform that new documents regarding her 1-601 were mailed to USCIS on September 17, 2009 and should be taken into consideration of her pending case.",,,,,,,,,,
4475,843350,10/15/2009,Congressman Mike McIntyre,Rep. McIntyre writes on behalf of constituent (b)(6) regarding his TWIC card.,,,,,,,,,,
4476,,,,,,,,,,,,,,
4477,843352,10/15/2009,Congressman Mike McIntyre,Rep. McIntyre writes on behalf of constituent <b)<6) regarding the status of his TW1C.,,,,,,,,,,
4478,843590,10/16/2009,Congressman Mike McIntyre,Rep. McIntyre writes on behalf of a constituent regarding his TWIC.,,,,,,,,,,
4479,841887,10/2/2009,"Congressman Howard ""Buck"" P. McKeon",Rep. McKeon writes on behlf of constituent '* ; regarding his difficulties entering the country.,,,,,,,,,,
4480,844017,10/20/2009,Congressman Jerry McNemey,Js requesting expedite and status of her 1-601.,,,,,,,,,,
4481,842830,10/8/2009,Senator Jeff Merkley,Jvrite regarding diffiucluties they are experiencing with adoption.,,,,,,,,,,
4482,843039,10/13/2009,Congressman John L. Mica,Supports the Flagler County's grant application for Assistance to Firefighters Station Construction Grant Program funds.,,,,,,,,,,
4483,843412,10/15/2009,Congressman John L. Mica,is requesting status of I-730's for (b)*6) and(b)(6>,,,,,,,,,,
4484,844482,10/23/2009,Congressman John L. Mica,"Representative Mica writes on behalf of <b)(6)    of Florida Aviation Career Training, Inc., who alleges flagrant violations of the SEVIS program by Florida Flyers European Flight School, Inc.",,,,,,,,,,
4485,,,,,,,,,,,,,,
4486,843670,10/16/2009,Congressman Michael H. Michaud,"-is reniie,sting status of adoption case for(b)<6)",,,,,,,,,,
4487,842392,10/7/2009,Senator Barbara A. Mikulski,Senator Mikulski writes on behalf of her constituent(b)(6) regarding his termination during a probationary period with ICE as a physical security specialist.,,,,,,,,,,
4488,844226,10/21/2009,Senator Barbara A. Mikulski,Writes on behalf of constituent and Federal employee]^ who was issued a recoupment by FEMA for being overpaid.,,,,,,,,,,
4489,841769,10/1/2009,Congressman Brad Miller,is requesting that processing times be updated.,,,,,,,,,,
4490,843695,10/16/2009,Congressman Candice S. Miller,is requesting status of his humanitarian parole petition for (b)(6),,,,,,,,,,
4491,843338,10/15/2009,Congressman Jeff Miller,is requesting replacement of lost alien registration card.,,,,,,,,,,
4492,842382,10/7/2009,Congressman Walt Minnick,Rep. Minnick writes on behalf of constituent bl ” regarding his pay while working for an FPS contracting company.,,,,,,,,,,
4493,,,,,,,,,,,,,,
4494,844933,10/28/2009,Congressman Dennis Moore,(bX6)    krites on behalf of his constituent^6) regarding troubles encountered when re-entering the United States.,,,,,,,,,,
4495,842383,10/7/2009,Senator Patty Murray,|is requesting expedite and status of husbandr^ (b)(6) 1-601.,,,,,,,,,,
4496,843035,10/13/2009,Senator Patty Murray,Sen. Murray writes on behalf of his constituent (b)(6) regarding a previously filed complaint against CBP.,,,,,,,,,,
4497,841988,10/2/2009,Congressman Richard E. Neal,Representative Neal recommends (b)<6)    |for the position of UAS Predator Pilot with U.S. Customs and Border Protection.,,,,,,,,,,
4498,843282,10/14/2009,Senator Bill Nelson,us requesting a private bill.,,,,,,,,,,
4499,844292,10/22/2009,Senator Bill Nelson,is requesting reopening of 1-601 and I-290B appeal for his wife (b)(6),,,,,,,,,,
4500,843248,10/14/2009,Congressman Glenn Nye,is requesting status of his 1-485.,,,,,,,,,,
4501,843255,10/14/2009,Congressman Glenn Nye,is requesting status of(b)(6)    I-130.,,,,,,,,,,
4502,,,,,,,,,,,,,,
4503,844373,10/22/2009,Congressman David R. Obey,Writes on behalf of constituent<b)(6)    who has questions regarding radio frequency regulations.,,,,,,,,,,
4504,843408,10/15/2009,Congressman John W. Olver,s requesting status of 1-485.,,,,,,,,,,
4505,841916,10/2/2009,Congressman Frank Pallone,Writes on behalf of constituent(b)(6)    who seeks information regarding non-immigrant visas for her friend.,,,,,,,,,,
4506,844021,10/20/2009,Congressman Frank Pallone,are requestin expedite of 1-130.,,,,,,,,,,
4507,843732,10/16/2009,Congressman Gary Peters,Is requesting expedite and status of daughter<b Humanitarian Parole.,,,,,,,,,,
4508,844071,10/20/2009,Congressman Pedro Pierluisi,RE 1-601 waiver,,,,,,,,,,
4509,841812,10/1/2009,Congressman Joseph R. Pitts,"Attorney(b,(6'    is requesting status of 1-601 for (b)(6) an behalf of husband(b)(6)",,,,,,,,,,
4510,,,,,,,,,,,,,,
4511,843284,10/14/2009,Congressman Joseph R. Pitts,Rep. Pitts writes on behalf of constituent(b)<6) regarding his name being on a watchlist.,,,,,,,,,,
4512,844488,10/23/2009,Congressman Joseph R. Pitts,is requesting status of I-730's for his family members (b)(6),,,,,,,,,,
4513,843027,10/13/2009,Congressman Ted Poe,Ted Poe ( 12) write to express serious concern regarding information contained in the Department's PAR for FY 2008-2010 regarding the reassignment of border patrol agents from the southern to northern border.,,,,,,,,,,
4514,842144,10/5/2009,Congressman David E. Price,"Approves the request to revise a previously submitted reprogramming request for ICE to reactivate $3,632,000 in lapsed FY 2008 unobligated balances.",,,,,,,,,,
4515,843746,10/16/2009,Congressman David E. Price,writes to notify USCIS of marriage/immigration fraud by his soon to be ex-wife,,,,,,,,,,
4516,,,,,,,,,,,,,,
4517,841831,10/1/2009,Congressman Tom Price,is requesting status of adoption case.,,,,,,,,,,
4518,842380,10/7/2009,Congressman Tom Price,is requesting status of his I-131.,,,,,,,,,,
4519,843689,10/16/2009,Congressman Tom Price,is requesting status of her case.,,,,,,,,,,
4520,845405,10/30/2009,Congressman Tom Price,is requesting expedite of her VAWA visa.,,,,,,,,,,
4521,843436,10/15/2009,Senator Mark L. Pryor,is requesting status and expedite of husband <b 1-601.,,,,,,,,,,
4522,842906,10/9/2009,Congressman Mike Quigley,"is requesting expedite of wife<b,(6- 1-601.",,,,,,,,,,
4523,843888 841986,10/2/2009,Congressman John Quorum Senator Jack Reed,"seeks status of her case for refugee resettlement, regardin;|(bX6>",,,,,,,,,,
4524,,,,,,,,,,,,,,
4525,843281,10/14/2009,Congressman David G. Reichert,Dave Reichert et. al. (+8) write to urge the Secretary to swiftly broaden an existing Departmental regulation that could be much more effective in combating infringement of intellectual property rights and related illegal goods that contribute to infringement.,,,,,,,,,,
4526,843014,10/13/2009,Senator Harry Reid,is requesting status of husband (b)(6) ?-601.,,,,,,,,,,
4527,844748,10/27/2009,Congressman Silvestre Reyes,Jis requesting reconsideration of his wife (f)(6)    11-485 denial.,,,,,,,,,,
4528,844750,10/27/2009,Congressman Silvestre Reyes,is requsting status of I-129F for her fiance.,,,,,,,,,,
4529,844752,10/27/2009,Congressman Silvestre Reyes,is requesting status of 1-130 foi^ (b)(6),,,,,,,,,,
4530,842202,10/6/2009,Congressman Laura Richardson,"Requests military aircraft to transport relief supplies and commodities from Long Beach, CA to American and Western Samoa.",,,,,,,,,,
4531,842238,10/21/2009,Senator Pat Roberts,Writes on behalf of constituent (b)(6)    regarding her name being on a watchlist.,,,,,,,,,,
4532,,,,,,,,,,,,,,
4533,844693,10/27/2009,Senator Pat Roberts,is requesting status of(b)(6)    I- 601.,,,,,,,,,,
4534,841969,10/2/2009,Congressman Ciro D. Rodriguez,Writes on behalf of their constiuent(b)(6) requesting assistance regarding being discharged from the USCG.,,,,,,,,,,
4535,842857,10/8/2009,Congressman Ciro D. Rodriguez,is requesting status of humanitarian parole for her husband (b)(6),,,,,,,,,,
4536,843667,10/16/2009,Congressman Ciro D. Rodriguez,Special Agent<b)(6)    writes with regards about an EEO complaint she filed against her Group Supervisor(b)(6),,,,,,,,,,
4537,843694,10/16/2009,Congressman Ciro D. Rodriguez,s requesting status of husband<b)<6) 1-601.,,,,,,,,,,
4538,843992,10/20/2009,Congressman Ciro D. Rodriguez,Js requesting status of husband(b (b)(6)    ¦    - mmigration case.,,,,,,,,,,
4539,843997,10/20/2009,Congressman Ciro D. Rodriguez,is requesting status of 1-130 for his wife(b)< (b)(6),,,,,,,,,,
4540,,,,,,,,,,,,,,
4541,845426,10/30/2009,Congressman Phil Roe,~Is requesting citizenship for the (b)(6)    |he,,,,,,,,,,
4542,,,,widow of(b)(6),,,,,,,,,,
4543,843905,10/19/2009,Congressman Dana Rohrabaeher,Rep. Dana Rohrabaeher requests funding for Joint Forces Training Base (JFTB) replacement runway.,,,,,,,,,,
4544,842298,10/6/2009,Congressman Centro Romero,no action,,,,,,,,,,
4545,844015,10/20/2009,Congressman Ileana Ros-Lehtinen,Is. requesting status of I-290B appeal for her I- 601 denial.,,,,,,,,,,
4546,844417,10/23/2009,Congressman Ileana Ros-Lehtinen,"Members Ros-Lehtinen, Lincoln Diaz-Balart, and Mario Diaz-Balart request a full explanation as to why no organization in South Florida was awarded a Citizenship Grant.",,,,,,,,,,
4547,843901,10/19/2009,Congressman Mike Ross,Mike Ross writes on behalf of his constituent J' regarding delays he encounters when returning to the U.S. after international travel.,,,,,,,,,,
4548,844510,10/23/2009,Congressman Gregorio Sablan,"Thanks the Secretary for allowing tourists from Russia and China to enter the Northern Mariana Islands without a visa after November 28, 2009 and requests a classified briefing on the security concerns behind the Interim Final Rule that excludes Russia and China as visa waiver nations.",,,,,,,,,,
4549,,,,,,,,,,,,,,
4550,841924,10/2/2009,Congressman John T. Salazar,Writes on behalf of constituent(b)(6)    who has a complaint regarding processing of a 1-140.,,,,,,,,,,
4551,845119,10/29/2009,Congressman John T. Salazar,Writes regarding a constituent complaint against USCIS (b)(6) (b)(6),,,,,,,,,,
4552,843445,10/15/2009,Congressman John P. Sarbanes,is requesting status of H1B.,,,,,,,,,,
4553,844702,10/27/2009,Congressman John P. Sarbanes,is requesting status of (b)(6)    1- 601.,,,,,,,,,,
4554,841823,10/1/2009,Congressman Janice D. Schakowsky,|s requesting status and expedite of husband te)    f-601.,,,,,,,,,,
4555,841814,10/1/2009,Congressman Kurt Schrader,"s requesting status of wifelD,lB) 3-601.",,,,,,,,,,
4556,841984,10/2/2009,Senator Charles E. Schumer,Writes in support of application submitted by the East Aurora Fire Department for funding under the Fire Station Construction Grant.,,,,,,,,,,
4557,,,,,,,,,,,,,,
4558,844275,10/21/2009,Senator Charles E. Schumer,Writes regarding his concern of the accessibility of triacetone triperoxide (TATP) and the potential danger of precursor chemicals.,,,,,,,,,,
4559,844907,10/28/2009,Senator Charles E. Schumer,Expresses concerns regarding preparedness grant funding regulations that prohibit funds from being used for sustainment costs,,,,,,,,,,
4560,845267,10/30/2009,Senator Charles E. Schumer,Supports application submitted by the Village of Mount Morris for funding under the Fire Station Construction Grant program.,,,,,,,,,,
4561,845112,10/29/2009,Congressman Robert C. Scott,Eva Rocha is requesting status of her husband (b)(6)    I- 601.,,,,,,,,,,
4562,843101,10/13/2009,Congressman F. James Sensenbrenner,Rep. Sensenbrenner writes on behalf of a constituent regarding his TRIP.,,,,,,,,,,
4563,843697,10/16/2009,Congressman John Shadegg,is requesting status of wife(b)(6) ’»’» |-601.,,,,,,,,,,
4564,842330,10/7/2009,Senator Richard C. Shelby,Sen. Shelby writes on behalf of constituent(b)<6) regarding his name being on a watch list.,,,,,,,,,,
4565,843453,10/15/2009,Senator Richard C. Shelby,Js requesting status of 1-485 for he and his wife.,,,,,,,,,,
4566,,,,,,,,,,,,,,
4567,841815,10/1/2009,Congressman Brad Sherman,is requesting status of 1-601 for her husband (b)(6) (b)(6),,,,,,,,,,
4568,844924,10/28/2009,Congressman Brad Sherman,is requesting status of parents 1-730.,,,,,,,,,,
4569,841795,10/1/2009,Congressman Bill Shuster,"3& requesting status of his work visa, green card and citizenship application.",,,,,,,,,,
4570,843680,10/16/2009,Congressman Michael K. Simpson,is requesting status of 1-601 for her husband<b: (b)(6),,,,,,,,,,
4571,841782,10/1/2009,Congressman Albio Sires,is requesting certification that he is a US citizen,,,,,,,,,,
4572,843484,10/15/2009,Congressman Albio Sires,Writes to epxress concerns regarding new guidance for FEMA grant funding,,,,,,,,,,
4573,843735,10/16/2009,Congressman Ike Skelton,writes concerning unequal adoption fee regulations.,,,,,,,,,,
4574,843907,10/19/2009,Congressman Adam Smith,Rep. Smith writes on behalf of constituent 01 regarding an arrest at the Seattle Federal Building.,,,,,,,,,,
4575,842930,10/9/2009,Congressman Adrian Smith,Expedite visa for(b)(6)    wife,,,,,,,,,,
4576,,,,,,,,,,,,,,
4577,842941,10/9/2009,Congressman Adrian Smith,"Write to express concern over $997,402 in Assistance to Firefighter Grant funds being issued to ACORN.",,,,,,,,,,
4578,843659,10/16/2009,Congressman Adrian Smith,is requesting status of 1-130 for husband (b)(6) (b)(6),,,,,,,,,,
4579,843990,10/20/2009,Congressman Adrian Smith,is requesting status of 1-140.,,,,,,,,,,
4580,844914,10/28/2009,Congressman Adrian Smith,is requesting status of affidavit for family.,,,,,,,,,,
4581,843658,10/16/2009,Congressman Lamar Smith,"Writes on behalf of constituent,(b)(6)    who has concerns regarding a company employing Italians on B-l visas instead of H-2B.",,,,,,,,,,
4582,842090,10/5/2009,Congressman Vic Snyder,is requesting status of adoption.,,,,,,,,,,
4583,843977,10/20/2009,Congressman Vic Snyder,is requesting information on the $500M dollar contract that was awarded to IBM form the Department of Homeland Security.,,,,,,,,,,
4584,,,,,,,,,,,,,,
4585,841910,10/1/2009,Congressman Alexei Soldatov,Jwrites to stop his deportation.,,,,,,,,,,
4586,842886,10/9/2009,Congressman Arlen Specter,is requesting status of his greencard.,,,,,,,,,,
4587,843357,10/15/2009,Congressman Arlen Specter,is requesting status of an 1-601.,,,,,,,,,,
4588,843643,10/16/2009,Congressman Arlen Specter,Writes on behalf of constituent|who requests citizenship verification for her father (bX6),,,,,,,,,,
4589,843685,10/16/2009,Congressman Arlen Specter,Js requesting expedite of 1-601 for her relative (b)(6),,,,,,,,,,
4590,,,,,,,,,,,,,,
4591,843705,10/16/2009,Congressman Arlen Specter,are requesting to know,,,,,,,,,,
4592,,,,when and whvf(bX6)    Fell out of status and if there is a ban on her reentering the country.,,,,,,,,,,
4593,843736,10/16/2009,Congressman Arlen Specter,would like to be on the list of civil surgeons.,,,,,,,,,,
4594,843989,10/20/2009,Congressman Arlen Specter,is requesting status and expedite of I-290B appeal for denied 1-601.,,,,,,,,,,
4595,,,,,,,,,,,,,,
4596,844492,10/23/2009,Congressman Arlen Specter,is requesting information on how to obtain his US Citizenship for which he believes he is qualified.,,,,,,,,,,
4597,845001,10/29/2009,Congressman Arlen Specter,"Writes regarding concerns over production of swine flu vaccines and requests support to manufacture of a bio-terrorism vaccine facility in Pittsburgh, Pennsylvania.",,,,,,,,,,
4598,841904,10/2/2009,Congressman Jackie Speier,Writes to see if there's a grant available for her constituent's company that secures ocean cargo containers.,,,,,,,,,,
4599,844929,10/26/2009,Congressman John M. Spratt,Rep. Spratt writes in support of a grant application submitted by the City of Florence for the construction of a new fire station.,,,,,,,,,,
4600,845214,10/29/2009,Congressman Fortney Pete Stark,"Representative Pete Stark writes on behalf of his constituent regarding problems he has encountered when trying to renew his driver's license as a result of a DHS ""Problem Driver"" program.",,,,,,,,,,
4601,842934,10/9/2009,Congressman Betty Sutton,is requesting expedite of her husband'1''0)_|- 601.,,,,,,,,,,
4602,843030,10/13/2009,Congressman Betty Sutton,Requests that the guidance for the FY09 Staffing Adequate Fire and Emergency Response (SAFER) Grants be released.,,,,,,,,,,
4603,,,,,,,,,,,,,,
4604,844504,10/23/2009,Congressman John Tanner,Express concerns regarding the Social Security Administration's use of its own budget for expenses incurred to support DHS's E-Verify program.,,,,,,,,,,
4605,843999,10/20/2009,Congressman Ellen 0. Tauscher,is requesting status of 1-485.,,,,,,,,,,
4606,844308,10/21/2009,Congressman Ellen 0. Tauscher,Please provide update on the pending TWIC card for<b)<6),,,,,,,,,,
4607,841811,10/1/2009,Congressman Harry Teague,is requesting status of 1-601 for her husband (b)(6) (b)(6),,,,,,,,,,
4608,842125,10/5/2009,Congressman Harry Teague,"Rep. Teague writes on behalf of constituent (b>(6)    Partner, Las Cruces Aero Services, LLC regarding aircraft maintenance contracts for small businesses.",,,,,,,,,,
4609,842839,10/8/2009,Congressman Harry Teague,is requesting expedite and status of husband 1-601.,,,,,,,,,,
4610,841850,10/1/2009,Senator Jon Tester,Senator Tester writes regarding CBP-owned ports that will be reconstructed or significantly renovated using funds provided to DHS in the American Recovery and Reinvestment Act.,,,,,,,,,,
4611,,,,,,,,,,,,,,
4612,841741,10/1/2009,Congressman Bennie G. Thompson,"Chairman Thompson writes with questions regarding DHS policy and resources concerning individuals who overstay their visas, particularly from special interest countries.",,,,,,,,,,
4613,842013,10/2/2009,Congressman Bennie G. Thompson,Writes concerning the Department's repeated failure to submit written witness testimony to the Committee in a timely manner.,,,,,,,,,,
4614,842782,10/8/2009,Congressman Bennie G. Thompson,Bennie Thompson writes that it has come to the Committes attention that the Federal Protective Service (FPS) has recently come into possession of canines trained in explosive detection.,,,,,,,,,,
4615,842936,10/9/2009,Congressman Bennie G. Thompson,is requesting visa for parents of fiance.,,,,,,,,,,
4616,843676,10/16/2009,Congressman Bennie G. Thompson,Six Congressional members express their concerns about recent policy changes to preparedness grant funding for maintenance and sustainment costs for homeland security equipment.,,,,,,,,,,
4617,844522,10/26/2009,Congressman Bennie G. Thompson,"Requests an update regarding Management Directive 2140.1, which established a policy that DHS would notify Congress of contract awards with a potential value in excess of $3 million.",,,,,,,,,,
4618,,,,,,,,,,,,,,
4619,844856,10/28/2009,Congressman Bennie G. Thompson,Requests info regarding conversion of contract positions to Federal positions.,,,,,,,,,,
4620,844901,10/28/2009,Congressman Bennie G. Thompson 1,is requesting status of 1-130 foi(b)(6> (b)(6),,,,,,,,,,
4621,844935,10/27/2009,Congressman Bennie G. Thompson,"Rep. Thompson writes regarding arbitration panels, and FEMA's publication of a final rule in the Federal Register establishing the panels, and issued regulations governing panel procedures.",,,,,,,,,,
4622,841789,10/1/2009,"Congressman William ""Mac"" Thornberry",is requesting status of 1-601 for her husband (b)(6),,,,,,,,,,
4623,843882,10/19/2009,"Congressman William ""Mac"" Thornberry",s requesting status of 1-601.,,,,,,,,,,
4624,843810,10/19/2009,Congressman Todd Tiahrt,Writes on behalf of constituent(b)(6;    who requests immigration assistance for his mother in Egypt who visits often.,,,,,,,,,,
4625,841979,10/1/2009,Congressman John F. Tierney,Writes to request information related to DHS domestic surveillance and intelligence gathering on anti-war groups.,,,,,,,,,,
4626,,,,,,,,,,,,,,
4627,844028,10/20/2009,Congressman Niki Tsongas,Representative Niki Tsongas writes on behalf of constituent.(bl (b)(6) vho is appealing on humanitarian grounds to withhold his removal from the United States based on the denial of his asylum application.,,,,,,,,,,
4628,844999,10/28/2009,Congressman Trina Tyrer,"Hearing transcript from testimony on ""Eight Years After 9/11: Confronting the Terrorist Threat to the Homeland"" on September 30, 2009.",,,,,,,,,,
4629,842357,10/7/2009,Senator Mark Udall,is requesting status of her husband fb'lc” (b)(6)    denied 1-601.,,,,,,,,,,
4630,842358,10/7/2009,Senator Mark Udall,is requesting status of husband (bX6) <b>(6> (-601.,,,,,,,,,,
4631,842375,10/7/2009,Senator Mark Udall,is requesting status of his 1-601.,,,,,,,,,,
4632,841818,10/1/2009,Senator Tom Udall,i requesting status of his father's 1-601.,,,,,,,,,,
4633,,,,,,,,,,,,,,
4634,844370,10/22/2009,Senator Tom Udall,Writes on behalf of constituent(b)(6;    whose name is on a no fly list.,,,,,,,,,,
4635,844954,10/28/2009,Congressman Chris Van Hollen,Writes on behalf of constituent]^6)    in regards to a pending 1-129.,,,,,,,,,,
4636,845113,10/29/2009,Congressman Chris Van Hollen,Writes to arrange meeting between CASA de Maryland and DHS officials regarding funding opportunities,,,,,,,,,,
4637,845206,10/29/2009,Congressman Chris Van Hollen,Rep. Van Hollen writes on behalf of constituent(b)(6) regarding Federal employment.,,,,,,,,,,
4638,841790,10/1/2009,Congressman Nydia M. Velazquez,s requesting status of 1-730 for (bX6),,,,,,,,,,
4639,844698,10/27/2009,Congressman Nydia M. Velazquez,is requesting status of(b)<6)    1-730.,,,,,,,,,,
4640,,,,,,,,,,,,,,
4641,844710,10/27/2009,Congressman Nydia M. Velazquez,"vrites concerning reports that USCIS is considering raising application fees. Also, to request a report of the cost and benefits of the July 2007 fee increase.",,,,,,,,,,
4642,,,,,,,,,,,,,,
4643,841773,9/30/2009,Senator David Vitter,Expresses support for the Bogalusa Fire Department's two proposals.,,,,,,,,,,
4644,843961,10/20/2009,Senator David Vitter,Re: a pending 1-601 that was filed by(b)(6) (b)(6),,,,,,,,,,
4645,841816,10/1/2009,Congressman Jim Webb,is requesting status of his 1-485.,,,,,,,,,,
4646,841817,10/1/2009,Congressman Jim Webb,is requesting status of 1-601 for her husband (b)(6) (b)(6),,,,,,,,,,
4647,841819,10/1/2009,Congressman Jim Webb,is requesting status of 1-130 for his wife and children.,,,,,,,,,,
4648,844297,10/22/2009,Congressman Jim Webb,is requesting status of I-130 for,,,,,,,,,,
4649,844307,10/22/2009,Congressman Jim Webb,are requesting status of their green card application 1-485.,,,,,,,,,,
4650,845207,10/27/2009,Congressman Jim Webb,Writes on behalf of a constituent<b 101    regarding his outstanding FOIA request with DHS.,,,,,,,,,,
4651,,,,,,,,,,,,,,
4652,841783,10/1/2009,Congressman Robert Wexler,is requesting information on deceased mother immigration status and maiden name.,,,,,,,,,,
4653,841770,10/1/2009,Senator Roger F. Wicker,Expresses support for the City of Collins Fire Department's application for an Assistance to Firefighters Station Construction Grant (SCG),,,,,,,,,,
4654,843682,10/16/2009,Congressman Charlie Wilson,inquires about status of his permanent residency card.,,,,,,,,,,
4655,841820,10/1/2009,Congressman Joe Wilson,is requesting status of husband (b)(6) 3-601.,,,,,,,,,,
4656,841993,10/2/2009,Congressman Joe Wilson,filed N-400 and reschedule for NATZ ceremony,,,,,,,,,,
4657,841999,10/2/2009,Congressman Joe Wilson,needs assistance determining whether he can be consider a United States,,,,,,,,,,
4658,844270,10/22/2009,Congressman Joe Wilson,writes to inform that (b)(6) supposed marriages have been noted judicia ly as having never occured and that therefore the hindrences to (bl(Cl    visa no longer exist.,,,,,,,,,,
4659,,,,,,,,,,,,,,
4660,844708,10/27/2009,Congressman Joe Wilson,is requesting status of 1-90.,,,,,,,,,,
4661,845086,10/29/2009,Congressman Joe Wilson,is requesting replacement of Permanent Residency Card 1-90.,,,,,,,,,,
4662,842371,10/7/2009,Congressman Frank R. Wolf,"Writes on behalf of his constituent, (bX6>    regarding an evacuation plan in an emergency situation.",,,,,,,,,,
4663,843081,10/13/2009,Congressman Frank R. Wolf,"Writes on behalf of a constituent, (b)(6> regarding her recent application with DHS and the Department's earlier response to her concerns.",,,,,,,,,,
4664,844986,10/28/2009,Congressman Frank R. Wolf,Writes on behalf of constituent(b)(6)    regarding the status of his candidacy for an ICE position.,,,,,,,,,,
4665,841833,10/1/2009,Senator Ron Wyden,Jvrites to complain of treatment by US Customs and Border Patrol at Sea Tae airport.,,,,,,,,,,
4666,843964,10/20/2009,Congressman John Yarmuth,_Is requesting status of 1-730 for (b)(6) (b)(6)    -,,,,,,,,,,
4667,,,,,,,,,,,,,,
4668,843266,10/8/2009,,Request to add (b)(6)    to H-2A visa list of eligible countries.,,,,,,,,,,
4669,843665,10/19/2009,,n/a,,,,,,,,,,
4670,844309,11/6/2009,,"ICE Office of Detention and Removal Operations Report to Congress on Section 903 of the Haitian Refugee Immigration Fairness Act, FY 2008 Detainees Seeking Asylum",,,,,,,,,,
4671,844312,11/6/2009,,"ICE Office of Detention and Removal Operations Report to Congress on Section 904 of the Haitian Refugee Immigration Fairness Act, FY 2008 Detainees Not Seeking Asylum",,,,,,,,,,
4672,,,,,,,,,,,,,,
4673,Policy Congressional Report,,,,,,,,,,,,,
4674,Opened Between 11/01/2009 and 11/30/2009,,,,,,,,,,,,,
4675,WF#,Receive Date,Congressman Name,Subject of Request,,,,,,,,,,
4676,847617,11/18/2009,Senator Lamar Alexander,Writes on behalf of constituent (b)(6)    vho requests assistance with bringing his wife to the U.S. from Vietnam,,,,,,,,,,
4677,847983,11/20/2009,Senator Lamar Alexander,Sen. Alexander writes on behalf of constituents(b)(6) regarding the number of Border Patrol agents.,,,,,,,,,,
4678,,,,,,,,,,,,,,
4679,848473,11/25/2009,Congressman Michael Arcuri,Writes on behalf of Norwich Meadows Farm and their request to have Egypt added to the list of participating coutnries for the HSA program.,,,,,,,,,,
4680,847442,11/17/2009,Congressman Brian Baird,Rep. Baird writes on behalf of constituent(b)<6)    regarding her name being on a watchlist.,,,,,,,,,,
4681,846715,11/10/2009,Congressman John Baldacci,"Writes to ask for support of the PASS ID Act before the Senate adjourns this fall, to fix concerns with the REAL ID Act of 2005.",,,,,,,,,,
4682,845798,11/3/2009,Congressman Tammy Baldwin,is requesting status of 1-601.,,,,,,,,,,
4683,,,,,,,,,,,,,,
4684,847602,11/18/2009,Senator John Barrasso,is requesting that his sister be allowed to pick up his naturalization certificate on his behalf because he is incarcerated.,,,,,,,,,,
4685,846005,11/4/2009,Congressman J. Gresham Barrett,"I(b)(6)    Is reauesting status and assistance with 1-601 for his wife (b)(6)    ,",,,,,,,,,,
4686,846011,11/4/2009,Congressman J. Gresham Barrett,is requesting status of 10 year old pending 1-485.,,,,,,,,,,
4687,845502,10/30/2009,Congressman Evan Bayh,"Supports application submitted by the City of Hammond, Indiana for funding under the Assistance to Firefighters Fire Construction grant program.",,,,,,,,,,
4688,848644,11/30/2009,Congressman Melissa L. Bean,"is requesting status of wife (b,<6) (b,(b) 1-601.",,,,,,,,,,
4689,845521,11/2/2009,Congressman Rand Beers,2009 National Critical Infrastructure and Key Resources Protection National Annual Report (NAR).,,,,,,,,,,
4690,847095,11/13/2009,Congressman Robert F. Bennett,is requesting status of his 1-601 for her husband(b)(6) (b)(6),,,,,,,,,,
4691,,,,,,,,,,,,,,
4692,846258,11/5/2009,Congressman Gus M. Bilirakis,is requesting expedite of son-in-law(b)(6)    I- 601.,,,,,,,,,,
4693,847267,9/17/2009,Congressman Gus M. Bilirakis,Express their concerns with FEMA awarding nearly $ 1 million ot ACORN from the Assistance to Firefighters Grant Program.,,,,,,,,,,
4694,846200,11/5/2009,Congressman Jeff Bingaman,is requesting status of his FOIA request.,,,,,,,,,,
4695,848119,11/23/2009,Congressman Jeff Bingaman,is requesting status of husband <b)(b) 1-601.,,,,,,,,,,
4696,847851,11/19/2009,Congressman Timothy H. Bishop,"Spoke with the Scheduling, and this inviatation was for Chani Wiggins OLA not for S1. The congressional was e-mailed back to OLA for processing by them.",,,,,,,,,,
4697,847531,11/18/2009,Congressman Roy Blunt,"Writes to DHS, HHS, and USDA with concerns about the government's pandemic preparedness and requests updates on 11 of the 24 GAO recommendations.",,,,,,,,,,
4698,845998,11/4/2009,Congressman Mary Bono Mack,is requesting reconsideration of her husband (b)(6> 1-601.,,,,,,,,,,
4699,,,,,,,,,,,,,,
4700,848224,11/24/2009,Congressman Mary Bono Mack,JJs requesting reconsideration of the denial of her husband(b)<6)    1-601. She includes additional supporting evidence of hardship for consideration.,,,,,,,,,,
4701,848559,11/30/2009,Congressman Leonard L. Boswell,write to request that USCIS in Haiti expedite the DNA testing of their prospective adoptive children.,,,,,,,,,,
4702,846008,11/4/2009,Congressman Jim Bunning,is requesting information as to why she has been denied visa on two occasions.,,,,,,,,,,
4703,848568,11/30/2009,Senator Richard M. Burr,is requesting the status of daughter (b>(6) laturalization.,,,,,,,,,,
4704,847625,11/18/2009,Congressman G. K. Butterfield,"Writes regarding the City of Wilson, North Carolina's Protected Critical Infrastructure Information submission for the Broadband Technology Opportunities Program.",,,,,,,,,,
4705,848624,11/30/2009,Congressman Mary Ellen Callahan,Draft 2009 DHS Data Mining Report,,,,,,,,,,
4706,,,,,,,,,,,,,,
4707,845514,11/2/2009,Congressman Shelley Moore Capito,are requesting that 1-130 applications for family members be given original (previous) filing dates.,,,,,,,,,,
4708,845553,11/2/2009,Congressman Shelley Moore Capito,is requesting status of his 1-485.,,,,,,,,,,
4709,846954,11/12/2009,Senator Benjamin L. Cardin,is requesting status of 1-601 for her husband (b)(6),,,,,,,,,,
4710,848438,11/24/2009,Senator Benjamin L. Cardin,"Writes on behalf of constituent,(bi(0>    regarding the revocation of his security clearance.",,,,,,,,,,
4711,847116,11/13/2009,Congressman Dennis A. Cardoza,is requesting status and expedite of his wife (b)(6) 1-601.,,,,,,,,,,
4712,847367,11/17/2009,Senator Saxby Chambliss,"Supports the grant application for the Assistance to Firefighters Grant submitted by the Edison Volunteer Fire Department in Edison, GA.",,,,,,,,,,
4713,847370,11/17/2009,Senator Saxby Chambliss,Supports the Calhoun County Fire Rescue's grant application for the Assistance to Firefighters Grant.,,,,,,,,,,
4714,,,,,,,,,,,,,,
4715,847922,11/20/2009,Senator Saxby Chambliss,Supports application submitted by the City of Darien for funding under the Fire Station Construction grant.,,,,,,,,,,
4716,847968,11/20/2009,Senator Saxby Chambliss,Supports the grant application for the Assistance to Firefighters Grant submitted by the Fairfield Plantation Fire Department.,,,,,,,,,,
4717,847619,11/18/2009,Congressman Yvette D. Clarke,The father of <b)(6)    is requesting status of daughter's permanent residency.,,,,,,,,,,
4718,845550,11/2/2009,Congressman William Lacy Clay,is requesting status of his advanced parole 1-131.,,,,,,,,,,
4719,847608,11/18/2009,Congressman William Lacy Clay,is requesting not to be deported.,,,,,,,,,,
4720,845895,11/3/2009,Senator Tom A. Coburn,Sen. Coburn writes on behalf of constituent(b)(6)    regarding his removal from his post at the Federal campus building.,,,,,,,,,,
4721,846958,11/12/2009,Congressman Stephen I. Cohen,is requesting status of(b)(6) 1-601.,,,,,,,,,,
4722,845891,11/3/2009,Senator Susan M. Collins,Writes on behalf of constituent(b)lbl    regarding his termination with DHS.,,,,,,,,,,
4723,,,,,,,,,,,,,,
4724,846339,11/6/2009,Congressman John Conyers,Congressman Conyers writes regarding the P3 program fraud and requests to know 1. what specific steps have been taken to locate and remove individuals who fradulently recieved P3 status. 2. Numbers of P3's who's status has been stripped and removed from USA. 3. How many individuals entered into US fraudulently via P3 program.,,,,,,,,,,
4725,848329,11/24/2009,Congressman John Conyers,Request a review of H-1B program violations occurring against Filipino nationals brought to the U.S. to work as public school teachers in Louisiana.,,,,,,,,,,
4726,845888,11/3/2009,Senator Bob Corker,Sen. Corker writes on behalf of constituent(b)(6) regarding secondary screening.,,,,,,,,,,
4727,845662,11/2/2009,Senator John Cornyn,is requesting review of new hardship evidence and reconsideration of husban<fb)(6)    J-601 denial.,,,,,,,,,,
4728,846288,11/6/2009,Senator John Cornyn,"writes concerning problems in K2 visas and asks that in consideration of the ""Artem Grushin ruling"" his step-daughter's status be adjusted to Permanent Resident.",,,,,,,,,,
4729,846362,11/6/2009,Senator John Cornyn,Congress Ave Baptist church is requesting status of expediteed 1-129 foiW    1,,,,,,,,,,
4730,,,,,,,,,,,,,,
4731,846741,11/10/2009,Senator John Cornyn,Sen. Cornyn writes to request a review of the DHS policy governing the admission of Mexican nationals at land ports of entry.,,,,,,,,,,
4732,847752,11/19/2009,Senator John Cornyn,Write regarding the immigration status and claims for asylum status of detainees at Guantanamo Bay once they are relocated to the U.S.,,,,,,,,,,
4733,848623,11/30/2009,Senator John Cornyn,Senator Cornyn writes to request an update on the investigation of the Jcase; and requests updates on any recent reforms adopted to restore integrity to the ICE informant program.,,,,,,,,,,
4734,847232,11/16/2009,Congressman Joe Courtney,is requesting status of his wife(b) 1-601.,,,,,,,,,,
4735,846518,11/9/2009,Senator Michael D. Crapo,is requesting status of 1-601 for (b)(6)    nd (b)(6),,,,,,,,,,
4736,847227,11/16/2009,Senator Michael D. Crapo,is requesting status of wife<b)(6)    1-601.,,,,,,,,,,
4737,,,,,,,,,,,,,,
4738,847243,11/16/2009,Senator Michael D. Crapo,Js requesting status and expedite of her husband(b)(6)    1-601.,,,,,,,,,,
4739,847596,11/18/2009,Senator Michael D. Crapo,Urges consideration of restoring Uruguay to the list of countries that can participate in the H-2A agricultural guest worker program.,,,,,,,,,,
4740,845823,11/3/2009,Congressman Joseph Crowley,is requesting status of son <bX6>    1-730.,,,,,,,,,,
4741,846924,11/12/2009,Congressman Joseph Crowley,is requesting status of his 1-485.,,,,,,,,,,
4742,845890,11/3/2009,Congressman Nathan Deal,writes on behalf of his constituent(b)(( regarding his inability to obtain employment with CBP because of his wife's status in the U.S.,,,,,,,,,,
4743,848378,11/24/2009,Congressman Peter A. DeFazio,"Writes on behalf of constituent,(b)(6)    who believes it is a violation of civil liberties to deny citizens the opportunity to photograph or film Federal buildings.",,,,,,,,,,
4744,846655,11/10/2009,Congressman Lincoln Diaz-Balart,No incoming,,,,,,,,,,
4745,848360,11/24/2009,Congressman Lincoln Diaz-Balart,Rep. Diaz-Balart (+ 5) request a stay of deportation of 11 until Congress has the opportunity to consider the American Dream Act.,,,,,,,,,,
4746,,,,,,,,,,,,,,
4747,846774,11/10/2009,Congressman Byron L. Dorgan,Sen. Dorgan writes on behalf of constituent(b)(0)    regarding questioning by U.S. agents during travel.,,,,,,,,,,
4748,847363,11/17/2009,Congressman Byron L. Dorgan,Supports North Dakota's request for the Federal Government to reimburse 90 percent of the eligible costs resulting from record flooding,,,,,,,,,,
4749,848220,11/24/2009,Congressman David Dreier,is requesting status of I-290B appeal of his 1-140 denial.,,,,,,,,,,
4750,848231,11/24/2009,Congressman David Dreier,Jwrite on behalf of (b)(6)    Requesting reconsideration of his wife's deportation.,,,,,,,,,,
4751,846615,11/6/2009,Congressman John J. Duncan,Writes on behalf of a constituentlb)<0'    regarding his application with DHS.,,,,,,,,,,
4752,845963,11/4/2009,Senator Richard J. Durbin,Constituen (b)<6)    is writing regarding the issues he's encountered while applying for a job with TSA,,,,,,,,,,
4753,846321,11/6/2009,Senator Richard J. Durbin,is requsting status of 1-130 for her husband(b)(bl (b)(6)    -    1,,,,,,,,,,
4754,846409,11/6/2009,Senator Richard J. Durbin,n/a,,,,,,,,,,
4755,,,,,,,,,,,,,,
4756,847638,11/18/2009,Senator Richard J. Durbin,Senator Durbin writes on behalf of his constituent(b)IC” concerning problems she has encountered with DHS.,,,,,,,,,,
4757,846478,11/9/2009,Congressman Keith Ellison,is requesting status of I-129F for fiance (b)(6),,,,,,,,,,
4758,845810,11/3/2009,Congressman Jo Ann Emerson,is requesting status of her 1-751 application.,,,,,,,,,,
4759,848650,11/30/2009,Senator Michael B. Enzi,is requesting expedite of her replacement 1-90 card,,,,,,,,,,
4760,847372,11/17/2009,Senator Dianne Feinstein,writes to complain of ill treatment of a friend by USCIS officer at Chicago International Airport.,,,,,,,,,,
4761,847928,11/20/2009,Senator Dianne Feinstein,Supports the National City Fire Department's application to the Assistance to Firefighters Fire Prevention Grant Program.,,,,,,,,,,
4762,848630,11/30/2009,Congressman John Garamendi,is requesting status of 1-601.,,,,,,,,,,
4763,847361,11/17/2009,Congressman Gabrielle Giffords,Writes to thank S1 for their meeting and the chance to talk about checkpoints in Arizona and employee verification.,,,,,,,,,,
4764,,,,,,,,,,,,,,
4765,847624,10/22/2009,Congressman Gabrielle Giffords,Rep. Giffords writes on behalf of her constituent lb!lb)    who complains of alleged discrimination by CBP based on disability.,,,,,,,,,,
4766,847995,11/20/2009,Congressman Gabrielle Giffords,Writes on behalf of a constituentlb|lb)    who is concerned that his company has been denied contracts with DHS.,,,,,,,,,,
4767,848122,11/23/2009,Congressman Gabrielle Giffords,writes to request a rescheduling of interview and waiving of fees for her husband(b)(6)    1-601.,,,,,,,,,,
4768,847365,11/17/2009,Congressman Phil Gingrey,Writes on behalf of constituent who needs his wife's 1-601 request for waiver approved.,,,,,,,,,,
4769,846936,11/12/2009,Congressman Robert W. Goodlatte,Representative Goodlatte writes on behalf of his constituent L b regarding concerns about new requirements to take a cruise.,,,,,,,,,,
4770,845803,11/3/2009,Senator Charles E. Grassley,is requesting a status of his Adjustment of Stataus to permanent residency. 1-485.,,,,,,,,,,
4771,845860,11/3/2009,Senator Charles E. Grassley,"Senator Grassley writes to inquire about trade compliance and revenue collection programs that may not be collection millions owed to the taxpayer and requests an update on the review ol(b,(6i allegations as well an an OIG audit into this matter.",,,,,,,,,,
4772,,,,,,,,,,,,,,
4773,847992,11/20/2009,Senator Charles E. Grassley,Express concern with statements made by the Secretary on comprehensive immigration reform at the Center for American Progress regarding the Obama Administration's desire to enact a legalization program.,,,,,,,,,,
4774,847094,11/13/2009,Congressman Raul M. Grijalva,is requesting status of families 1-730.,,,,,,,,,,
4775,848125,11/23/2009,Congressman Raul M. Grijalva,is requesting a copy of his son(b)(6) -Jmmigrant visa denial.,,,,,,,,,,
4776,846069,11/4/2009,Congressman Debbie Halvorson,is requesting status of 1-601 for his wife (b)(6) (b)(6),,,,,,,,,,
4777,845909,11/3/2009,Senator Tom Harkin,Requests clarification on why ACORN was awarded a fire prevention grant,,,,,,,,,,
4778,845698,11/2/2009,Congressman Alcee L. Hastings,is requesting status of 1-730 for <bi(0',,,,,,,,,,
4779,846921,11/12/2009,Congressman Alcee L. Hastings,Requests final approval of(b)<6)    U.S. refugee status.,,,,,,,,,,
4780,846065,11/4/2009,Congressman Doc Hastings,_|writes with supporting evidence for consideration of his wife's deportation case.,,,,,,,,,,
4781,,,,,,,,,,,,,,
4782,847963,11/20/2009,Senator Orrin G. Hatch,Writes on behalf of constituent who expresses concern with FEMA's laws on buildling in flood zones.,,,,,,,,,,
4783,845661,11/2/2009,Congressman Martin Heinrich,"is requesting status of husband '' (b)(6) 1-601. """,,,,,,,,,,
4784,847124,11/13/2009,Congressman Martin Heinrich,is requesting status of his wife (b)(6) -601.,,,,,,,,,,
4785,847234,11/16/2009,Congressman Martin Heinrich,is requesting status of 1-601 for his wife(b (b)(6),,,,,,,,,,
4786,847236,11/16/2009,Congressman Martin Heinrich,~Is requesting status of(b)(6)    I-130.,,,,,,,,,,
4787,848675,11/30/2009,Congressman Martin Heinrich,Writes on behalf of his constituen<b)(6)    who wishes to have the Coast Guard consider using the Richmond Products Color Vision Test.,,,,,,,,,,
4788,845995,11/4/2009,Congressman Tim Holden,is requesting the status of her husband <b)(6) (b)(6)    _60L,,,,,,,,,,
4789,,,,,,,,,,,,,,
4790,847075,11/13/2009,Congressman Tim Holden,is requesting certification of her citizenship N-600.,,,,,,,,,,
4791,847224,11/16/2009,Congressman Rush Holt,is requesting that her naturalization be reflected in the SAVE database.,,,,,,,,,,
4792,847226,11/16/2009,Congressman Rush Holt,is requesting status of 1-140 for(b,,,,,,,,,,
4793,847526,2/17/2009,Congressman James Howe,CBP- Northern Border Railroad Passanger & Cargo Screening Report,,,,,,,,,,
4794,,,,,,,,,,,,,,
4795,846066,11/4/2009,Congressman Steny H. Hoyer,"""""(sends additional information for consideration at interview of(b)(6)    1-601 case on Nov. 5th.",,,,,,,,,,
4796,846072,11/4/2009,Congressman Kay Bailey Hutchison,is requesting status and consideration o f 1-129 for (b)(6),,,,,,,,,,
4797,847440,11/17/2009,Senator James M. Inhofe,Writes on behalf of constituent    regarding his employment with TSA.,,,,,,,,,,
4798,845894,11/3/2009,Congressman Daniel K. Inouye,"Writes to request that DHS assist with arrangements for staff member's travel to Gaborone, Botswana.",,,,,,,,,,
4799,846313,11/6/2009,"Senator Johnny Isakson    (b,(6)    writes to clarify errors contained in letter bv James McCament regarding his clien| 010    and demands that the 1-601 for his client’s wife    1 be approved.",,,,,,,,,,,
4800,,,,,,,,,,,,,,
4801,846819,11/12/2009,Senator Johnny Isakson,Sen. Isakson writes regarding customs pre-clearance for AirTran’s proposed service from Aruba to Atlanta.,,,,,,,,,,
4802,848215,11/24/2009,Senator Johnny Isakson,"requests that USCIS recify his daughter's immigration case since, he asserts, his daughter ""aged out"" as a result of USCIS delays.",,,,,,,,,,
4803,848561,11/30/2009,Senator Johnny Isakson,writes to submit hardship evidence and to request the status of 1-601 she filed on behalf of her husband !bX6>,,,,,,,,,,
4804,845500,11/2/2009,Congressman Darrell Issa,is requesting that USCIS use it's discretionary powers to renew her visa (V-2).,,,,,,,,,,
4805,847589,11/18/2009,Congressman Darrell Issa,is requesting that fiance be interviewed in Tijuana in order to avoid violence in Ciudad Juarez. I-129F.,,,,,,,,,,
4806,848439,11/24/2009,Congressman Darrell Issa,Writes with questions regarding DHS use of American Recovery and Reinvestment Act (ARRA) funding.,,,,,,,,,,
4807,,,,,,,,,,,,,,
4808,846290,11/6/2009,Congressman Sheila Jackson Lee,Reps. Sheila Jackson-Lee and Peter DeFazio write requesting an update on the implementation of the Risk Emphasized Flight Screening (REFS) program.,,,,,,,,,,
4809,845670,11/2/2009,Congressman Timothy V. Johnson,"are requesting that their daughter <b)(6) (f)(6) be allowed to enter the US and be given permanent residency based on the fact that the immigration officer who initially allowed to enter into the US, failed to make the necessary immigration processes which would have afforded<b)(6) he status in the first instance.",,,,,,,,,,
4810,846452,11/6/2009,Congressman Marcy Kaptur,Rep. Kaptur writes on behalf of constituent (b)(6) regarding the treatment of his game birds by Customs and U.S. Fish and Wildlife Service officers.,,,,,,,,,,
4811,846346,11/6/2009,Senator John F. Kerry,"Request that the USCG respect Massachusetts' right to implement appropriate safeguards that are within the state's jurisdiction, specifically with relation to Buzzards Bay.",,,,,,,,,,
4812,846778,11/10/2009,Congressman Jack Kingston,Rep. Kingston writes on behalf of constituent(b)(6)    regarding her employment with FLETC.,,,,,,,,,,
4813,846781,11/10/2009,Congressman Jack Kingston,"Writes on behalf of constituent<b,(6)    regarding her difficulties with contract employment at FLETC.",,,,,,,,,,
4814,,,,,,,,,,,,,,
4815,845987,11/4/2009,Congressman Mark Steven Kirk,is requesting status of 1-601 for her husband(b)(6) (b)(6),,,,,,,,,,
4816,846461,11/9/2009,Congressman Paul Kirk,is requesting status of reconsideration of 1-140 denial.,,,,,,,,,,
4817,845900,11/3/2009,Congressman Larry Kissell,"Representative Kissell writes on behalf of a constituent(b who is concerned that his name has been added to a ""watch list.""",,,,,,,,,,
4818,847106,11/13/2009,Senator Amy Klobuchar,is requesting status of humanitarian parole for his son (b)(6),,,,,,,,,,
4819,847244,11/16/2009,Congressman Jon Kyi,Supports application submitted by the city of Yuma for funding to replace the main fire station.,,,,,,,,,,
4820,848117,11/23/2009,Congressman Doug Lamborn,Writes to request time line for the implementation of the HSPD 8 Annex 1 which mandates that DHS develop an Integrated Planning System.,,,,,,,,,,
4821,847480,11/17/2009,Senator Mary L. Landrieu,Sen. Landrieu writes to urge TSA to execute ARRA funding assigned to the Passenger Screening Program.,,,,,,,,,,
4822,,,,,,,,,,,,,,
4823,846407,11/6/2009,Senator Patrick J. Leahy,"Writes concerning 7,000 adjustment petitions for refugees and asylees which are on hold. Notes that he will raise this issue at the oversight hearing on December 9, 2009.",,,,,,,,,,
4824,846950,11/12/2009,Senator Carl Levin,is requesting status of his wife and children’s 1-601.,,,,,,,,,,
4825,848135,11/23/2009,Senator Carl Levin,is requesting waiving of 2 year home residency requirement of J-l visa and reconsideration of 1-612.,,,,,,,,,,
4826,847245,11/16/2009,Congressman Joseph I. Lieberman,Writes with concerns over projected budget cuts for DHS for FY 2011.,,,,,,,,,,
4827,848627,11/30/2009,Congressman Joseph I. Lieberman,"Request that the Department does not make certification that LORAN-C is not needed to backup GPS or other Federal navigation requirements, and urge the Secretary not to terminate the LORAN program.",,,,,,,,,,
4828,845703,11/2/2009,Congressman John Linder,is requesting status of wife's 1-601.,,,,,,,,,,
4829,845882,11/2/2009,Congressman Mark Lowry,Urges the implementation of the E-Verify system.,,,,,,,,,,
4830,845672,11/2/2009,Congressman Richard G. Lugar,arc requesting that promises of citizenship to |(b>(6)    |and his family members by the US government be honored.,,,,,,,,,,
4831,,,,,,,,,,,,,,
4832,846706,11/10/2009,Congressman Richard G. Lugar,is requesting status of wife^X6)    I- 601.,,,,,,,,,,
4833,847349,11/17/2009,Congressman Richard G. Lugar,is requesting status of wife (b)(6>    I- w-,,,,,,,,,,
4834,847610,11/18/2009,Congressman Richard G. Lugar,is requesting status 1-601 for her husband(b)(6) (b)(6),,,,,,,,,,
4835,847612,11/18/2009,Congressman Richard G. Lugar,is requesting status of 1-601 for her husbandj^ (b)(6),,,,,,,,,,
4836,848551,11/30/2009,Congressman Richard G. Lugar,(attorney foi<b)(6)    is requesting consideration of a reduction in processing time for initial I-130's filed by her client.,,,,,,,,,,
4837,846345,11/6/2009,Congressman Edward J. Markey,Rep. Markey and Rep. Nadler write with questions regarding the statutory deadline for screening 100 percent of cargo carried on passenger aircraft.,,,,,,,,,,
4838,,,,,,,,,,,,,,
4839,846002,11/4/2009,Senator John McCain,is requesting status of his 1-485.,,,,,,,,,,
4840,846373,11/6/2009,Senator John McCain,is requesting status of her 1-485.,,,,,,,,,,
4841,848228,11/24/2009,Senator John McCain,is requesting reconsideration of husband's 1-601.,,,,,,,,,,
4842,846357,11/6/2009,Congressman Michael McCaul,is requesting status of 1-130 for,,,,,,,,,,
4843,847423,11/17/2009,Congressman Michael McCaul,is requesting re-opening of N-400 application.,,,,,,,,,,
4844,847591,11/18/2009,Congressman Michael McCaul,is requesting status of wife(b)(6) 1-601.,,,,,,,,,,
4845,848124,11/23/2009,Congressman Michael McCaul,"is requesting clarification of fiance(b)<6) 3 immigration case. He states that while he was in the process of applying for a K-l immigrant visa for his fiance to travel to the US, her case was put on hold because records showed she had been deported (bl(6)    states that this deportation is erroneous information.",,,,,,,,,,
4846,,,,,,,,,,,,,,
4847,847238,11/16/2009,Senator Mitch McConnell,is requesting status of wife (b)(6) J-601.,,,,,,,,,,
4848,847594,11/18/2009,Senator Mitch McConnell,is requesting status of her husband(b)<6) 1-601.,,,,,,,,,,
4849,847270,11/16/2009,Congressman Thaddeus G. McCotter,is requesting certification of her US citizenship. N-600.,,,,,,,,,,
4850,846332,11/6/2009,Congressman Jim McDermott,"of FIC Investment USA Corp, is requesting status of his I-290B appeal for his 1-140 denial.",,,,,,,,,,
4851,847989,11/20/2009,Congressman James P. McGovern,Rep. McGovern writes to the Secretary of State to request temporary suspension of deportations of Salvadorans in the wake of Hurricane Ida.,,,,,,,,,,
4852,848130,11/23/2009,Congressman Charlie Melancon,is requesting reconsideration of his wife's denied I-129F petition.,,,,,,,,,,
4853,847455,11/17/2009,Senator Robert Menendez,Senators Menendez and Gillibrand write regarding much needed reforms to the immigration detention system.,,,,,,,,,,
4854,,,,,,,,,,,,,,
4855,845918,11/3/2009,Congressman John L. Mica,Writes on behalf of constituent (b)(6)    who believes his wife has committed marriage fraud.,,,,,,,,,,
4856,848478,11/25/2009,Congressman John L. Mica,Rep. Mica writes on behald of constituent(b)<6)    egarding marriage fraud.,,,,,,,,,,
4857,846265,11/5/2009,Senator Barbara A. Mikulski,Writes on behalf of her constituent(b)<6)    regarding the revocation of his security clearance.,,,,,,,,,,
4858,847984,11/20/2009,Congressman Brad Miller,Expresses concern regarding the Helium-3 shortage and the management of the Advanced Spectroscopic Portal (ASP) program.,,,,,,,,,,
4859,848645,11/30/2009,Congressman George Miller,is requesting reconsideration of wife (b)(6)    I- 601.,,,,,,,,,,
4860,846182,11/5/2009,Congressman Walt Minnick,3s requesting status of her families 1-730.,,,,,,,,,,
4861,845983,11/4/2009,Congressman Jerry Moran,is requesting status of wife<b)<6) 1-601.,,,,,,,,,,
4862,,,,,,,,,,,,,,
4863,848432,11/25/2009,Congressman Jerry Moran,Constituent (b)<6)    writes requesting assistance obtaining information pertaining to his TRIP application,,,,,,,,,,
4864,848563,11/25/2009,Senator Lisa Murkowski,"Senator Murkowski writes to Assistant Secretary Larry Echo Hawk, U.S. Department of the Interior, regarding the health and safety of residents of Diomede, Alaska.",,,,,,,,,,
4865,845561,11/2/2009,Senator Bill Nelson,is requesting status of I-130 for his family ® (b)(6),,,,,,,,,,
4866,845668,11/2/2009,Senator Bill Nelson,Js requesting the status of® (b)(6)    j_13Q,,,,,,,,,,
4867,845990,11/4/2009,Congressman Glenn Nye,"is requesting to know why USCIS did not inform her at the time of her application to become a naturalized citizen, N-400 that she could not do so unless she had been living in the same place for a minimum of 3 months.",,,,,,,,,,
4868,847183,11/16/2009,Congressman Solomon P. Ortiz,Rep. Ortiz writes on behalf of 101    who requests a compassionate duty transfer.,,,,,,,,,,
4869,,,,,,,,,,,,,,
4870,847272,11/16/2009,Congressman Frank Pallone,Recommends New Jersey State Assemblyman <b)(6)    for the position of Regional Administrator for FEMA Region II.,,,,,,,,,,
4871,848145,11/23/2009,Congressman William Pascrell,is requesting reconsideration of 1-140 denial.,,,,,,,,,,
4872,845643,11/2/2009,Congressman Ron Paul (,"is requesting status of 1-130 for his sister(b,(6) b)(6)",,,,,,,,,,
4873,846945,11/12/2009,Congressman Erik Paulsen,is requesting status of wife's I- 601.,,,,,,,,,,
4874,847358,11/17/2009,Congressman Nancy Pelosi,"Writes to thank SI for attending recent meeting, and reiterates effort to work towards building support for immigration reform.",,,,,,,,,,
4875,846206,11/5/2009,Congressman Tom Perriello,is requesting status of his N-400.,,,,,,,,,,
4876,846367,11/6/2009,Congressman Thomas Petri,is requesting status of husband <b)(6) 1-601.,,,,,,,,,,
4877,848207,11/24/2009,Congressman Thomas Petri,is requesting additional information as to the status of her husbands 1-601 in particular.,,,,,,,,,,
4878,,,,,,,,,,,,,,
4879,848665,11/30/2009,Congressman Thomas Petri,Constituent(b)(6)    writes with concerns regarding his security clearance that has been pending with the Dept of Homeland Security since April 2009,,,,,,,,,,
4880,847121,11/13/2009,Congressman Pedro Pierluisi,is requesting reconsideration of wife (bKo) and children’s 1-601 denial.,,,,,,,,,,
4881,846376,11/6/2009,Congressman Joseph R. Pitts,Attorne\lib'(0'    Is requesting status of 1-601 recently approved for his client (b)(6)    ;.,,,,,,,,,,
4882,848239,11/24/2009,Congressman Joseph R. Pitts,is requesting service motion to reopen due to service error of his 1-601.,,,,,,,,,,
4883,846772,11/10/2009,Congressman Earl Pomeroy,Writes on behalf of constituent!^6)    land his experience with CBP.,,,,,,,,,,
4884,847240,11/16/2009,Congressman Mike Quigley,is requesting status of his deportation appeal.,,,,,,,,,,
4885,848387,11/24/2009,Senator Jack Reed,Writes on behalf of constitueni(b)(b)    vho was rejected for employment with the Federal Protective Service.,,,,,,,,,,
4886,,,,,,,,,,,,,,
4887,845702,11/2/2009,Senator Harry Reid,is requesting status of her husband (b)(6)    I- 601.,,,,,,,,,,
4888,846203,11/5/2009,Senator Harry Reid,is requesting reason for USCIS cancelling her R visa and the status of the 1-360 filed for her by the Yung Kwang Presbyterian Church.,,,,,,,,,,
4889,847615,11/18/2009,Senator Harry Reid,is requesting approval and status of the 1-601 for her husband (b)(6),,,,,,,,,,
4890,848077,11/23/2009,Congressman Silvestre Reyes,Rep. Reyes writes regarding inadequate staffing and outdated infrastructure at U.S. land ports of entry.,,,,,,,,,,
4891,848283,,Congressman Silvestre Reyes,,,,,,,,,,,
4892,848297,11/24/2009,Congressman Silvestre Reyes,Rep. Reyes writes with questions concerning individuals on the no fly list who seek entry into the United States.,,,,,,,,,,
4893,848312,11/24/2009,Senator Pat Roberts,Sen. Roberts writes on behalf of constituent'<6)    Iregarding his name being on a no fly list.,,,,,,,,,,
4894,847924,11/20/2009,Senator John D. Rockefeller,"Invites the Secretary to testify before the Senate Committee on Commerce, Science, and Transportation on Transportation Security at 10:00am, December 2, 2009.",,,,,,,,,,
4895,,,,,,,,,,,,,,
4896,846188,11/5/2009,Congressman Ciro D. Rodriguez,Js requesting status of 1-130 for his daughter<b (b)(6),,,,,,,,,,
4897,846978,11/12/2009,Congressman Ciro D. Rodriguez,is requesting status of her husband <b)(6) 1-601.,,,,,,,,,,
4898,845967,11/3/2009,Congressman Michael D. Rogers,Writes with concerns regarding the Department's steps to ensure that there is adequate senior staff continuity within key program offices and to retain well-qualified senior level management.,,,,,,,,,,
4899,846906,11/12/2009,Congressman Ileana Ros-Lehtinen,writes concerning his Coast Guard Merchant Marine Application,,,,,,,,,,
4900,847642,12/8/2008,Congressman Ileana Ros-Lehtinen,"Congresswoman Ros-Lehtinen writes on behalf of her constituent, regarding a case and is requesting a FAD.",,,,,,,,,,
4901,847395,11/17/2009,Congressman Steven R. Rothman,is requesting emergency replacement of Permanent Residency card in order to travel to father's funeral on 11/18/09.,,,,,,,,,,
4902,847028,11/12/2009,Congressman Maria S.,Seeks expedited processing of EB-3 visa and adjustment of status.,,,,,,,,,,
4903,845976,11/4/2009,Congressman John T. Salazar,writes to propose a work permit/identification card for legal aliens to work in the US.,,,,,,,,,,
4904,,,,,,,,,,,,,,
4905,847606,11/18/2009,Congressman Linda T. Sanchez,"is requesting reconsideration of wife's 1-601 denial. Also, the reason for the denial. Wife is <b)(6) (b)(6)",,,,,,,,,,
4906,846092,11/4/2009,Senator Bernard Sanders,Write regarding improving the inspections of certain cross-border intercity passenger trains.,,,,,,,,,,
4907,846769,11/10/2009,Congressman Stephanie Herseth Sandlin,"Rep. Stephanie Herseth Sandlin writes on behalf of constituent ^regarding Border Patrol awards for being injured in the line of duty and re-issuance of ""retired credentials""",,,,,,,,,,
4908,848642,11/30/2009,Congressman Janice D. Schakowsky,is requesting status of 1-601 she filed on behald of her husband(b)(6),,,,,,,,,,
4909,848663,11/25/2009,Congressman Janice D. Schakowsky,Rep Jan Schakowsky writes with concerns pertaining the deportation oj (b)(6),,,,,,,,,,
4910,846929,11/12/2009,Congressman Kurt Schrader,wants to report immigration fraud of her former spouse.,,,,,,,,,,
4911,,,,,,,,,,,,,,
4912,845503,11/2/2009,Senator Charles E. Schumer,Sen. Schumer +9 write to Secretary Napolitano and Secretary Geithner to request CBP withdraw proposals to alter the drawback program and repeal the program for products eligible for substitution drawback which could result in negative effects on the domestic wine industry.,,,,,,,,,,
4913,845906,11/3/2009,Senator Charles E. Schumer,Supports application submitted by the Ridge Road Fire District for funding under the Assistance of Firefighters Grant Program.,,,,,,,,,,
4914,847242,11/16/2009,Senator Charles E. Schumer,Supports application submitted by the Ogdensburg Fire Department for funding under the Assistance to Firefighters Fire Station Construction Grant program.,,,,,,,,,,
4915,847925,11/20/2009,Senator Charles E. Schumer,Supports application submitted by the City of Yonkers funding under the Fire Station Construction grant.,,,,,,,,,,
4916,848271,11/24/2009,Senator Charles E. Schumer,Suppoorts the application submitted by the Firemen's Association of the State of New York (FASNY) Museum of Firefighting for funding under the Fire Prevention and Safety Grants Program.,,,,,,,,,,
4917,846238,11/5/2009,Congressman Robert C. Scott,is requesting status of families immigration case.,,,,,,,,,,
4918,847600,11/18/2009,Congressman Joe Sestak,s requesting the status of 1-140 for (b)(6),,,,,,,,,,
4919,,,,,,,,,,,,,,
4920,846260,11/5/2009,Senator Jeanne Shaheen,Writes on behalf of her constituent(b)(6)    Iregarding the delays that occur while shipping containers wait to be X-rayed.,,,,,,,,,,
4921,846382,11/6/2009,Senator Jeanne Shaheen,Supports the Town of Dorchester's Pre-Disaster Mitigation grant application,,,,,,,,,,
4922,846364,11/6/2009,Congressman Brad Sherman,"is requesting to know if he can obtain wife’s greencard from locally, or in tijuana Mexico in order to avoid trip to US Consulate in Ciudad Juarez.",,,,,,,,,,
4923,848300,11/24/2009,Congressman Brad Sherman,Writes on behalf of a constituent who needs retroactive documentation from DHS to prove his lawful status for SSA benefits.,,,,,,,,,,
4924,846458,11/9/2009,Congressman Michael K. Simpson,are requesting status of adoptive daughter’s 1-600.,,,,,,,,,,
4925,848625,11/30/2009,Congressman Michael K. Simpson,is requesting reconsideration of her husband 1-601 denial as well as answers to serveral questions.,,,,,,,,,,
4926,848134,11/23/2009,Congressman Adrian Smith,is requesting status of his 1-130 for (b)(6),,,,,,,,,,
4927,845719,11/2/2009,Congressman Lamar Smith,N/A CLOSED DUPLICATE,,,,,,,,,,
4928,,,,,,,,,,,,,,
4929,845723,11/2/2009,Congressman Lamar Smith,Writes regarding the P3 refugee category and fraud found in the program,,,,,,,,,,
4930,846308,11/6/2009,Congressman Lamar Smith,"Rep. Smith, et. al. write regarding the 287g program.",,,,,,,,,,
4931,846571,11/9/2009,Congressman Lamar Smith,"Representative Smith writes on behalf of his constituent,^6’ regarding the seizure of her vehicle by the Border Patrol.",,,,,,,,,,
4932,848566,11/30/2009,Congressman Vic Snyder,is requesting to know why I-730's for(b)(6) (his translators while on active duty) have been deferred.,,,,,,,,,,
4933,847457,11/17/2009,Congressman Paulino Soliman,Writes to request early deportation.,,,,,,,,,,
4934,846071,11/4/2009,Congressman Arlen Specter,s requesting reconsideration of her husband lbll°' deportation.,,,,,,,,,,
4935,846520,11/9/2009,Congressman Arlen Specter,is requesting reinstatement of original immigration case which her deceased husband had petitioned for regarding her daughter.,,,,,,,,,,
4936,,,,,,,,,,,,,,
4937,846563,11/9/2009,Congressman Arlen Specter,is requesting to know if she is eligible for permanent residency.,,,,,,,,,,
4938,847953,11/20/2009,Congressman Arlen Specter,Writes on behalf of a constituent who is looking for information on obtaining her permanent residency.,,,,,,,,,,
4939,848211,11/24/2009,Congressman Arlen Specter,is requesting status of his H2-B visa.,,,,,,,,,,
4940,846192,11/5/2009,Congressman Cliff Stearns,writes to cancel 1-134 mistakenly filed.,,,,,,,,,,
4941,846155,11/5/2009,Congressman Bennie G. Thompson,Requests additional information regarding the lack of diversity at the Department of Homeland Security,,,,,,,,,,
4942,846236,11/5/2009,Congressman Bennie G. Thompson,"Writes regarding a report entitled, CBP Needs to Improve the Monitoring of the Cash Collection Process (OIG-09-105), and has questions about OIG's recommendations.",,,,,,,,,,
4943,848669,11/30/2009,Congressman Bennie G. Thompson,Requests copies of any evaluations of US-VISIT's biometric exit systems pilots performed in June 2009.,,,,,,,,,,
4944,,,,,,,,,,,,,,
4945,847997,11/20/2009,Congressman Glenn Thompson,Writes on behalf of a constituent(b)(6)    regarding his complaint over an unfair bidding process in DHS.,,,,,,,,,,
4946,847559,11/18/2009,Congressman Dina Titus,Expresses concern over FEMA's 2010 National Level Exercise being held in her congressional district.,,,,,,,,,,
4947,848564,11/30/2009,Congressman Paul Tonko,writes to complain of mishandling of his file by USCIS and requesting back-dating of the date of approval of I-485 to his greencard to the date of the initial scheduled interview.,,,,,,,,,,
4948,846479,11/9/2009,Congressman Chris Van Hollen,is requesting that USCIS review adjudication policies.,,,,,,,,,,
4949,847505,11/17/2009,Congressman Chris Van Hollen,Writes on behalf of a constituent 1 ! j’    regarding his termination from the DHS Private Sector Office and the resulting investigation.,,,,,,,,,,
4950,847721,11/18/2009,Congressman Chris Van Hollen,Writes with questions regarding the Department's choice to use the Transformation and Systems Consolidation (TASC) Program to improve financial management.,,,,,,,,,,
4951,847940,11/20/2009,Congressman Chris Van Hollen,Rep. Van Hollen writes on behalf of his constituents(b)(6) —[regarding their humanitarian parole application filed on behalf of their son.’1”*01,,,,,,,,,,
4952,,,,,,,,,,,,,,
4953,847991,11/20/2009,Congressman Chris Van Hollen,"Wites on behalf of a consituent,(b)(6)    |who applied for several positions with DHS.",,,,,,,,,,
4954,848132,11/23/2009,Congressman Chris Van Hollen,s requesting status of 1-730 for her adopted daughter <b>(6),,,,,,,,,,
4955,846074,11/4/2009,Congressman Nydia M. Velazquez,is requesting status of 1-730 for her son (b)(6),,,,,,,,,,
4956,846078,11/4/2009,Congressman Nydia M. Velazquez,s requesting status of 1-730 foi(b)(6),,,,,,,,,,
4957,846923,11/12/2009,Congressman Nydia M. Velazquez,is requesting status of 1-730 she filed for her daughter [(b)(6),,,,,,,,,,
4958,846960,11/12/2009,Congressman Nydia M. Velazquez,s requesting status of 1-730 for (b)(6) (b)(6)    |,,,,,,,,,,
4959,848126,11/23/2009,Congressman Nydia M. Velazquez,is requesting status of 1-730 for (b)(6),,,,,,,,,,
4960,,,,,,,,,,,,,,
4961,845498,11/2/2009,Congressman Peter J. Visclosky,is requesting status of 1-601 for her husbandl(b)(6) (b)(6),,,,,,,,,,
4962,848572,11/30/2009,Congressman Peter J. Visclosky,is requesting waiver of 2 year home residency requirement of her J1 visa.,,,,,,,,,,
4963,845737,11/2/2009,Congressman George V. Voinovich,Writes to voice opposition to the nomination ol(b)(b)    ts the next DHS Under Secretary for Management.,,,,,,,,,,
4964,846561,11/9/2009,Congressman George V. Voinovich,Senoator Voinovich writes to express concern about the management challenges that persist at DHS and to seek information on DHS' efforts to address those challenges.,,,,,,,,,,
4965,847109,11/12/2009,Congressman Greg Walden,Requests that DHS and FCC consider broadening American access to radio emergency alert system via mobile phones,,,,,,,,,,
4966,846502,11/9/2009,Senator Mark R. Warner,are requesting status of 1-140.,,,,,,,,,,
4967,846286,11/6/2009,Congressman Melvin L. Watt,"is requesting to know ""what matters are now subject to pendin administrative actions and that he be reinstated at his job.",,,,,,,,,,
4968,,,,,,,,,,,,,,
4969,845557,11/2/2009,Congressman Jim Webb,is requesting status of 1-485.,,,,,,,,,,
4970,845901,11/3/2009,Congressman Jim Webb,Requests consideration of constituent's request for investigation of a USCG contract,,,,,,,,,,
4971,846380,11/6/2009,Congressman Jim Webb,writes in support of his I-129F.,,,,,,,,,,
4972,847368,11/17/2009,Congressman Jim Webb,is. requesting status of his N-400.,,,,,,,,,,
4973,847598,11/18/2009,Congressman Jim Webb,is requesting assistance in obtaining visa for his wif«(b)(6),,,,,,,,,,
4974,847605,11/18/2009,Congressman Jim Webb,is requesting status of N-400.,,,,,,,,,,
4975,847955,11/20/2009,Congressman Jim Webb,Requests a status report regarding his constituent's building contract through FEMA.,,,,,,,,,,
4976,848646,11/30/2009,Congressman Jim Webb,writes to complain about his performance evaluation and request that he be given a reating equal to or higher and a correponding award.,,,,,,,,,,
4977,,,,,,,,,,,,,,
4978,846964,11/10/2009,Congressman Peter Welch,Urges the Department to utilize the Energy Savings Performance Contract Program.,,,,,,,,,,
4979,845482,11/2/2009,Senator Roger F. Wicker,writes to express his concerns over the H2A visa program.,,,,,,,,,,
4980,847513,6/29/2009,Congressman Chani Wiggins,"GAO-09-260, Freedom of Information Act: DHS Has Taken Steps to Enhance Its Program, but Opportunities Exist to Improve Efficiency and cost-Effectiveness",,,,,,,,,,
4981,847539,3/30/2009,Congressman Chani Wiggins,Characteristics of Specialty Occupation Workers (H-1B),,,,,,,,,,
4982,847544,3/10/2009,Congressman Chani Wiggins,Temporary Protective Status (TPS) Calendar Year 2007 Annual Report,,,,,,,,,,
4983,,,,,,,,,,,,,,
4984,847558,6/16/2009,Congressman Chani Wiggins,USCG Annual Report on Foreign Flag Vessels 2009,,,,,,,,,,
4985,847581,3/10/2009,Congressman Chani Wiggins,Temporary Protective Status (TPS) Calendar Year 2008 Annual Report,,,,,,,,,,
4986,847585,3/10/2009,Congressman Chani Wiggins,Temporary Protective Status (TPS)Calendar Year 2006 Annual Report,,,,,,,,,,
4987,,,,,,,,,,,,,,
4988,847599,3/10/2009,Congressman Chani Wiggins,Temporary Protective Status (TPS) Calandar Year 2005 Annual Report,,,,,,,,,,
4989,847604,3/12/2009,Congressman Chani Wiggins,DHS Enrolled Bill Letter H.R. 1127,,,,,,,,,,
4990,847609,3/27/2009,Congressman Chani Wiggins,"DHS Enrolled Bill Views Letter on H.R. 146 "" Omnibus Public Land Management Act of 2009",,,,,,,,,,
4991,847643,6/15/2009,Congressman Chani Wiggins,USCG - Report on Foreign Fishing Vessels Incursions into the United States' Exclusive Economic Zone (Biannual Report to Congress),,,,,,,,,,
4992,848123,7/29/2009,Congressman Chani Wiggins,TSA Report on Maritime and Surface Transportation Security User Fee Study,,,,,,,,,,
4993,,,,,,,,,,,,,,
4994,848133,6/10/2009,Congressman Chani Wiggins,H.R. 1870 and S. 815,,,,,,,,,,
4995,848147,7/1/2009,Congressman Chani Wiggins,"GAO 09-273 Aviation Security: Federal Air Mrshall Service Has Taken Action to Furfill Its Core mission and Address Workforcelssues , But Additional Actions Are Needed to Improve Workforce Survey",,,,,,,,,,
4996,848253,6/19/2009,Congressman Chani Wiggins,GAO 08 1088 Improvements could further Enhance Ability to Acquire Innovative Technologies Using Other Transaction (OT) Authority,,,,,,,,,,
4997,,,,,,,,,,,,,,
4998,848256,7/20/2009,Congressman Chani Wiggins,"GAO-08-1086, Secure Border Initiative: DHS Needs to Address Significant Risks in Delivering Key Technology Investment",,,,,,,,,,
4999,848258,7/15/2009,Congressman Chani Wiggins,"GAO-0-935 (2009) U.S. Asylum System: Agencies Have Taken Action to Help Ensure Quality in the Asylum Adjudications Process, but Challenges Remain.""",,,,,,,,,,
5000,848269,6/29/2009,Congressman Chani Wiggins,USCG Report to Congress Search and Rescue (SAR) Center Standards 3RD QRT FY09,,,,,,,,,,
5001,,,,,,,,,,,,,,
5002,848275,6/22/2009,Congressman Chani Wiggins,USCG Threat of Terrorism To U.S. Ports and Vessels Annual Report,,,,,,,,,,
5003,848280,7/1/2009,Congressman Chani Wiggins,GAO 08 768 National Response Framework: FEMA Needs Policies and Procedures to Better Integrate Non-Federal Stakeholders in the Revisions Process,,,,,,,,,,
5004,848286,7/1/2009,Congressman Chani Wiggins,"GAO 09 354SU: Combating Nuclear Terrorism: DHS Improved Testing of Advanced Radiation Portal Monitors, But Preliminary Results Show Limits of the New Technology",,,,,,,,,,
5005,848296,6/4/2009,Congressman Chani Wiggins,Secret Service Uniformed Division Modernization ACT of 2010,,,,,,,,,,
5006,,,,,,,,,,,,,,
5007,848305,11/25/2009,Congressman Chani Wiggins,DHS Views on enrolled bill for S. 1677 - the Defense Production Act,,,,,,,,,,
5008,848327,7/1/2009,Congressman Chani Wiggins,"GAO-09-55, Immigration Benefits: Actions Needed to Address Vulnerabilities in Process for Granting Permanent Residency",,,,,,,,,,
5009,848336,7/15/2009,Congressman Chani Wiggins,"GAO-09-12, Flood Insurance: FEMA's Rate Setting Process Warrants Attention",,,,,,,,,,
5010,848343,4/7/2009,Congressman Chani Wiggins,USCIS Report on H-1B Petitions,,,,,,,,,,
5011,,,,,,,,,,,,,,
5012,848347,5/15/2009,Congressman Chani Wiggins,FEMA- Use of the Defense Production Act to Reduce Interruptions in Critical Infrastructure and Key Resource Operations During Emergencies,,,,,,,,,,
5013,848371,5/21/2009,Congressman Chani Wiggins,CBP- Update on Integrated Scanning System Pilot,,,,,,,,,,
5014,848372,5/22/2009,Congressman Chani Wiggins,TSA- DHS Transportation Security Information Sharing Plan First Semiannual Report (August 2008 to February 2009,,,,,,,,,,
5015,,,,,,,,,,,,,,
5016,848373,5/18/2009,Congressman Chani Wiggins,USCG- Interim Letter for the Annuel Foreign Flag Vessels Report,,,,,,,,,,
5017,848406,9/25/2009,Congressman Chani Wiggins,Interim to Congress - USCG Deepwater Implementation Plan Report,,,,,,,,,,
5018,848415,8/25/2009,Congressman Chani Wiggins,"GAO-09-243 Frieght Rail Security: Actions Have Been Taken to Enhance Security, but the Federal Strategy Can Be Strenghthened and Security Efforts Better Monitored",,,,,,,,,,
5019,,,,,,,,,,,,,,
5020,848577,4/5/2009,Congressman Chani Wiggins,Coast Guard Capabilities and Readiness to furfill National Defense Responsibilities,,,,,,,,,,
5021,848585,3/31/2009,Congressman Chani Wiggins,USCG Compliance with Security Standards Established Pursuant to Maritime Transportation Security (2008),,,,,,,,,,
5022,848597,4/30/2009,Congressman Chani Wiggins,USCIS H-2B Nonagricultural Temporary Worker Visa Program,,,,,,,,,,
5023,848610,4/30/2009,Congressman Chani Wiggins,USCIS Characteristics of Specialty Occupation Workers (H-2B),,,,,,,,,,
5024,848613,10/2/2009,Congressman Chani Wiggins,2008 DHS Office of Immigratioin Statistics (OIS) Yearbook,,,,,,,,,,
5025,848622,4/30/2009,Congressman Chani Wiggins,USCIS Report on H-1B Petitions FY 2007 Annual Report,,,,,,,,,,
5026,,,,,,,,,,,,,,
5027,848628,4/30/2009,Congressman Chani Wiggins,USCIS Characteristics of Nonagricultural Temporary Workers (H-2B),,,,,,,,,,
5028,848635,4/30/2009,Congressman Chani Wiggins,USCIS H-2B Nonagricultural Temporary Worker Visa Program FY 2007 SemiAnnual Submission,,,,,,,,,,
5029,848640,10/5/2009,Congressman Chani Wiggins,"GAO-09-749, Federal Protective Service Should Improve Human Capital Planning and Better Communicate with Tenants",,,,,,,,,,
5030,,,,,,,,,,,,,,
5031,848649,4/24/2009,Congressman Chani Wiggins,TSA Annual Report on Implementation of Title XIV of the Implementing Recommendations of the 911 Commission Act of 2007,,,,,,,,,,
5032,848654,4/17/2009,Congressman Chani Wiggins,Law Enforcement Deployment Team Report to Congress Section 101 of the 911 Act: Specialized Law Enforcement Deployment Teams (LEDT),,,,,,,,,,
5033,845559,11/2/2009,Congressman Joe Wilson,is requesting status of 1-140 appeal.,,,,,,,,,,
5034,847081,11/13/2009,Congressman Joe Wilson,"is requesting status of husband 1"" 1-601.",,,,,,,,,,
5035,846094,11/4/2009,Congressman Robert Wittman,"Writes on behalf of a constituent,<b)<6)    regarding concerns over Sheriff Joe Arpaio in Maricopa County, Arizona.",,,,,,,,,,
5036,,,,,,,,,,,,,,
5037,847982,11/20/2009,Congressman Robert Wittman,"Rep. Robert Wittman writes on behalf of his constituent, (b)(6 (b)(0) concerning her name being on a watch list.",,,,,,,,,,
5038,848041,11/20/2009,Congressman Frank R. Wolf,"Writes to request expedited clearance in order to obtain position with DHS contractor, CACI.",,,,,,,,,,
5039,848138,11/23/2009,Congressman David Wu,is requesting status of Humanitarian Parole for (b)(6),,,,,,,,,,
5040,847351,11/17/2009,Congressman John Yarmuth,is requesting status of refugee case 1-730 for her parents (b)(6>,,,,,,,,,,
5041,846459,11/9/2009,Congressman C. W. Bill Young,"is requesting that his 1-485 be ""moved to the front of the line"" in consideration of his help with conviction of roomates murderer.",,,,,,,,,,
5042,845960,11/4/2009,,Constituent(b)(6)    is writing regarding the issues he's encountered while applying for a job with TSA,,,,,,,,,,
5043,846383,10/30/2009,,etter re: diversity,,,,,,,,,,
5044,846504,9/16/2009,,(b)(6)    letter,,,,,,,,,,
5045,,,,,,,,,,,,,,
5046,846905,11/13/2009,,n/a,,,,,,,,,,
5047,847519,7/1/2009,,"GAO-09-180, Federal User Fees: Additional Analysis and Timely Reviews Could Improve Immigration and Naturalization User Fee Design and USCIS (United States Citizenship and Immigration Services) Operations.",,,,,,,,,,
5048,848255,11/24/2009,,Letter to USM requesting an accounting of DHS annual budget for promotional information.,,,,,,,,,,
5049,848434,11/25/2009,,writes on the behalf of Gibbs and Associates reauesting information pertaining to a 1    difficulties obtaining a employment based visa,,,,,,,,,,
5050,,,,,,,,,,,,,,
5051,Policy Congressional Report,,,,,,,,,,,,,
5052,Opened Between 12/01/2009 and 12/31/2009,,,,,,,,,,,,,
5053,WF#,Receive Date,Congressman Name,Subject of Request,,,,,,,,,,
5054,849331,12/4/2009,Congressman Gary L. Ackerman,is requesting status of 1-730 for beneficiaries.,,,,,,,,,,
5055,849514,12/7/2009,Congressman Gary L. Ackerman,Re<b)(6)    regarding the 1-730 cases of his beneficiaries (b)(6),,,,,,,,,,
5056,849526,12/8/2009,Congressman Gary L. Ackerman,regarding an 1-730 case for<b)(6),,,,,,,,,,
5057,849540,12/8/2009,Congressman Gary L. Ackerman,regarding the status of his 1-730 case.,,,,,,,,,,
5058,849651,12/8/2009,Congressman Gary L. Ackerman,regarding the 1-730 petition for<b)(6),,,,,,,,,,
5059,849654,12/8/2009,Congressman Gary L. Ackerman,regarding the status of his 1-730 for(b)(6) (b)(6),,,,,,,,,,
5060,849979,12/10/2009,Congressman Gary L. Ackerman,is requesting status of 1-730 for (b>(6),,,,,,,,,,
5061,850696,12/16/2009,Congressman Gary L. Ackerman,regarding the status of an 1-730.,,,,,,,,,,
5062,,,,,,,,,,,,,,
5063,850760,12/17/2009,Congressman Gary L. Ackerman,"regarding the 1-730 for His daughter,^6)",,,,,,,,,,
5064,850790,12/17/2009,Congressman Gary L. Ackerman,"regarding 1-730 for beneficiaries,(b)(6) (b)(6)",,,,,,,,,,
5065,850804,12/17/2009,Congressman Gary L. Ackerman,regarding an 1-730 for ®(6),,,,,,,,,,
5066,,,,,,,,,,,,,,
5067,850808,12/17/2009,Congressman Gary L. Ackerman,•egarding an 1-730 for (b>(6>,,,,,,,,,,
5068,851341,12/23/2009,Congressman Gary L. Ackerman,is requesting status of son (b)(6)    1-730.,,,,,,,,,,
5069,851344,12/23/2009,Congressman Gary L. Ackerman,s requesting status of 1-730 for (b)(6),,,,,,,,,,
5070,,,,,,,,,,,,,,
5071,849763,12/9/2009,Senator Lamar Alexander,Writes on behalf of constituent(b)<6)    egarding his TRIP.,,,,,,,,,,
5072,850725,12/17/2009,Senator Lamar Alexander,"Writes on behalf of constituent, (bX6)    who needs citizenship assistance for himself and his family.",,,,,,,,,,
5073,850728,12/17/2009,Senator Lamar Alexander,Writes on behalf of constituent(b)(6)    who requests that his wife's immigration case be expedited because he is ill.,,,,,,,,,,
5074,,,,,,,,,,,,,,
5075,848819,12/1/2009,Congressman Robert E. Andrews,Recommends (b)(6)    for the position of Regional Administrator for FEMA Region II,,,,,,,,,,
5076,850293,1/8/2010,Congressman Robert E. Andrews,seeks immigration status,,,,,,,,,,
5077,850147,12/11/2009,Congressman Spencer Bachus,rgarding his Naturalization Ceremony|(bX6) (b)(6),,,,,,,,,,
5078,850519,12/15/2009,Congressman Tammy Baldwin,Writes to complain about conduct of FPS officer.,,,,,,,,,,
5079,849512,12/7/2009,Congressman Roscoe G. Bartlett,RE: (b)(6)    regarding difficulties problem working in resolving his issues with his case.,,,,,,,,,,
5080,848758,12/1/2009,Congressman Joe L. Barton,s requesting status of wife(b)l6) -601.,,,,,,,,,,
5081,849822,12/10/2009,Congressman Joe L. Barton,concerning an 1-601 filed for Dashrathbhai Manilal Patel.,,,,,,,,,,
5082,850706,12/16/2009,Senator Max Baucus,"Writes to request support for the repeal of Title II of the REAL ID Act, especially for states that have laws that prohibit implementation of REAL ID.",,,,,,,,,,
5083,,,,,,,,,,,,,,
5084,849336,12/4/2009,Congressman Melissa L. Bean,is requesting status of 1-601 for her husband<b)(6) (b)(6),,,,,,,,,,
5085,849611,12/8/2009,Senator Michael Bennet,constituent is cheeking for status of 1-601 filed at CDJ.,,,,,,,,,,
5086,850684,12/16/2009,Senator Michael Bennet,seeks assistance with Chinese adoption,,,,,,,,,,
5087,849827,12/10/2009,Congressman Robert F. Bennett,regarding the status of her husband (b)(6)    I- 60 lease.,,,,,,,,,,
5088,850569,12/15/2009,Congressman Brian P. Bilbray,Writes on behalf of constituent to request a status report on the investigation of his complaint against TSA.,,,,,,,,,,
5089,848990,12/3/2009,Congressman Timothy H. Bishop,Expresses concern regarding the sale of Plum Island and the buildling of the National Bio- and Agro-defense Facility (NBAF) in Kansas.,,,,,,,,,,
5090,849770,12/9/2009,Congressman Timothy H. Bishop,"Congressman Timothy is requesting the directors consideration of FOD who is rotating back to the USA be ""considered for rotation to a grade level position available in New Orleans or Houston"" so that he may be near family requiring his immediate attention.",,,,,,,,,,
5091,,,,,,,,,,,,,,
5092,850137,12/11/2009,Congressman Christopher S. Bond,"Rep. Bond writes on behalf of several constituents regarding a request for a pay grade increase for CBP technicians, similair to the recent Journeyman increase.",,,,,,,,,,
5093,848891,12/2/2009,Congressman Mary Bono Mack,is submittin information and requesting certifiication of US citizenship.,,,,,,,,,,
5094,849939,12/10/2009,Congressman Madeleine Z. Bordallo,"seeks to determine status of the Appeal or Motion she filed for her husband, (b)(6>",,,,,,,,,,
5095,850113,12/11/2009,Congressman Madeleine Z. Bordallo,"Writes to Secretary Clinton about the affect of cancelled flights from China to the CNM1, as a result of misunderstanding from the PRC government, could have on the CNMI economy. Rep. Bordallo expresses that tourist travel would have decreased without the agreement by S1 to exercise discretionary parole authority, but the cancelled flights are interfering with travel.",,,,,,,,,,
5096,850730,12/17/2009,Congressman Kevin Brady,Writes on behalf of constituent(b)<6)    egarding a TWIC concern.,,,,,,,,,,
5097,848788,12/1/2009,Congressman Henry E. Brown,"Requests that DHS make a determination on the revised Top Screen review of the Alcoa-Mt. Holly facility in Goose Creek, South Carolina.",,,,,,,,,,
5098,,,,,,,,,,,,,,
5099,850495,12/15/2009,Congressman Henry E. Brown,Writes on behalf of constituent (b)(6)    regarding the nonpayment of services she provided to another company with a FLETC contract.,,,,,,,,,,
5100,850809,12/17/2009,Congressman Henry E. Brown,"Requests that his constituent's daughter,(b)(6)    receive citizenship or a green card.",,,,,,,,,,
5101,849409,12/7/2009,Senator Sherrod Brown,"Writes on behalf of constituent,<b)<6)    regarding his TRIP.",,,,,,,,,,
5102,851932,12/31/2009,Congressman Ginny Brown-Waite,Rep. Brown-Waite writes on behalf of her constituent regarding his encounter with TSA for carrying a firearm.,,,,,,,,,,
5103,849328,12/4/2009,Congressman Sam Brownback,3s requesting status of husband(b)(6) 1-601.,,,,,,,,,,
5104,850812,12/17/2009,Congressman Sam Brownback,checking on status of 1-601 filed at CDJ.,,,,,,,,,,
5105,850603,12/16/2009,Congressman Michael C. Burgess,"1-485, material support inquiry",,,,,,,,,,
5106,848886,12/1/2009,Senator Richard M. Burr,"Senator Burr writes on behalf of his constituents,(b)(6) regarding the disarray of their shipped package following inspection.",,,,,,,,,,
5107,,,,,,,,,,,,,,
5108,850378,12/14/2009,Senator Richard M. Burr,appeal of 1-140 petition,,,,,,,,,,
5109,850701,12/16/2009,Congressman John Campbell,appeal for 1-140,,,,,,,,,,
5110,849984,12/10/2009,Congressman Shelley Moore Capito,is requesting expedite and status of her N-565.,,,,,,,,,,
5111,851503,12/28/2009,Congressman Lois Capps,is requesting status of 1-130 for her mother (b)(6) (b)(6),,,,,,,,,,
5112,848794,12/1/2009,Congressman Dennis A. Cardoza,s requesting status of parents 1-601.,,,,,,,,,,
5113,850687,12/16/2009,Congressman Dennis A. Cardoza,re: 1-601 for(b)(6),,,,,,,,,,
5114,850393,12/15/2009,Senator Thomas R. Carper,"Write in support of the application submitted by the Wilimington, Delaware Fire Department for funding under the Assistance to Firefighters-Station Construction Grants.",,,,,,,,,,
5115,849648,12/8/2009,Senator Robert P. Casey,regarding his 1-485 application.,,,,,,,,,,
5116,850132,12/11/2009,Senator Robert P. Casey,seeks assistance to become permanent resident,,,,,,,,,,
5117,,,,,,,,,,,,,,
5118,850703,12/16/2009,Senator Saxby Chambliss,"Staus update for (b,(6)    immigration case",,,,,,,,,,
5119,850377,12/14/2009,Congressman Sunil K. Prakash Chand,decision appeal duplicate workflow,,,,,,,,,,
5120,851256,12/23/2009,Congressman Donna M. Christensen,Rep. Christensen writes on behalf of(b)(b) regarding repeated problems when he enters the U.S. due to inaccurate information regarding a prior deportation.,,,,,,,,,,
5121,849315,12/4/2009,Congressman William Lacy Clay,is requesting status of his 1-140.,,,,,,,,,,
5122,850935,12/18/2009,Congressman William Lacy Clay,1-601 filed at CDJ,,,,,,,,,,
5123,851504,12/28/2009,Congressman Howard L. Coble,"is requesting status of 1-130 he filed for his brother 'b,lbl",,,,,,,,,,
5124,850283,12/14/2009,Senator Bob Corker,Re an immigration visa for(b)<6),,,,,,,,,,
5125,849618,12/8/2009,Senator John Cornyn,"1-601, constituent is seeking assistance for daughter to re-unite with family.",,,,,,,,,,
5126,,,,,,,,,,,,,,
5127,850271,12/14/2009,Senator John Cornyn,is requesting the status of of 1-601 for (b)(6) 2nd request.,,,,,,,,,,
5128,850887,12/18/2009,Senator John Cornyn,checking on status of 1-601 filed in Haiti,,,,,,,,,,
5129,849918,12/10/2009,Congressman Jim Costa,no action required,,,,,,,,,,
5130,849924,12/10/2009,Congressman Jim Costa,Re 1-212 pending at CDJ for <bX6>,,,,,,,,,,
5131,848969,12/2/2009,Senator Michael D. Crapo,Request assistance in resolving some of the challenges the U.S. sheep industry is facing regarding the new H-2A agricultural guest worker program departure requirements.,,,,,,,,,,
5132,850284,12/14/2009,Senator Michael D. Crapo,filed 1-601 waiver for hia wife(b)(6),,,,,,,,,,
5133,850596,12/16/2009,Senator Michael D. Crapo,regarding the denied student visa (F-l) for his stepdaughter.,,,,,,,,,,
5134,850108,12/11/2009,Congressman Joseph Crowley,Form 1-730 for his wife <b)(6)    and daughter (b) (b)(6),,,,,,,,,,
5135,,,,,,,,,,,,,,
5136,850117,12/11/2009,Congressman Joseph Crowley,"filed 1-730 for her son,(b)(6)",,,,,,,,,,
5137,850130,12/11/2009,Congressman Joseph Crowley,"Jfiled 1-730 for his son, (b><6>",,,,,,,,,,
5138,851501,12/28/2009,Congressman Henry Cuellar,is requesting expedite and status of husband<b)<6) -601. -,,,,,,,,,,
5139,850112,12/11/2009,Congressman Lincoln Davis,Re the status of the 1-751 and 1-90 Petitions that was filed.,,,,,,,,,,
5140,850677,12/16/2009,Congressman Diana DeGette,(b)(6)    j_,,,,,,,,,,
5141,,,,601 case).,,,,,,,,,,
5142,850707,12/16/2009,Congressman Diana DeGette,1-601 status for (b)(6>,,,,,,,,,,
5143,849330,12/4/2009,Congressman Jim DeMint,would like to confirm an address change he submitted in March 2009.,,,,,,,,,,
5144,,,,,,,,,,,,,,
5145,849340,12/4/2009,Congressman Charles W. Dent,is requesting extension of Hl-B.,,,,,,,,,,
5146,851845,12/30/2009,Congressman Byron L. Dorgan,Jvrites on behalf of a constituent who wants to know if it is the law now that H-2B transportation expeses and visa fees for holders should be paid by employer.,,,,,,,,,,
5147,851930,12/31/2009,Congressman Byron L. Dorgan,Senator Dorgan writes on behalf of his constituent(b)(6) Jegarding coordinating all ports of entry traffic signal lights.,,,,,,,,,,
5148,850100,12/11/2009,Congressman John J. Duncan,Regarding an approved 1-130 petition for an undocumented Mexican Immigrant detained Ciudad Juarez (b)(6> awaiting a 2 interview based on filing a waiver.,,,,,,,,,,
5149,849782,12/9/2009,Congressman Vernon J. Ehlers,Rep. Ehlers writes on behalf of constituent (b)(6)    whos son is on a watch list.,,,,,,,,,,
5150,848885,12/2/2009,Congressman Keith Ellison,Cong. Ellison writes on behalf of a constituent who is complaining of USCIS denials of fee waivers for her clients at the Phoenix lock-box.,,,,,,,,,,
5151,849371,12/4/2009,Congressman Keith Ellison,is requestin status of fiancee visa he filed for his wife (b)(6),,,,,,,,,,
5152,,,,,,,,,,,,,,
5153,849372,12/4/2009,Congressman Keith Ellison,is requesting status of I-129F on behalf of(b)(6) (b)(6),,,,,,,,,,
5154,850225,12/14/2009,Congressman Keith Ellison,petitions for her children infefugee camp,,,,,,,,,,
5155,850229,12/14/2009,Congressman Keith Ellison,"3egarding nonimmigrant visa for his fiancee,(b)(6 (b)(6)",,,,,,,,,,
5156,849748,12/9/2009,Congressman Jo Ann Emerson,__|s requesting assistance in getting new ID showing his citizenship status.,,,,,,,,,,
5157,850634,12/16/2009,Congressman Jo Ann Emerson,requesting for expedite for humanitarian parole,,,,,,,,,,
5158,851850,12/30/2009,Congressman Jo Ann Emerson,is requesting humanitarian parole for(b)(6),,,,,,,,,,
5159,,,,,,,,,,,,,,
5160,849997,12/10/2009,Congressman John Ensign,"Writes on behalf of his constituent,(b)<6)    |who is requesting credentials from the USCG, as well as other documentation.",,,,,,,,,,
5161,,,,,,,,,,,,,,
5162,849277,12/4/2009,Senator Michael B. Enzi,Jvrites expressing concern for the manner in which in which USCIS processes humanitarian parole requests.,,,,,,,,,,
5163,850167,12/10/2009,Congressman Anna Eshoo,"Writes on behalf of a constituent, (bX6)    , regarding his resaerch into lie detection and its application to national security",,,,,,,,,,
5164,848754,12/1/2009,Congressman Sam Farr,is requesting reconsideration of husband’s 1-601.,,,,,,,,,,
5165,850779,12/17/2009,Congressman Sam Farr,need to submit additional hardship evidence,,,,,,,,,,
5166,851508,12/28/2009,Congressman Sam Farr,is requesting status of 1-601 appeal. (I-290B),,,,,,,,,,
5167,849987,12/10/2009,Congressman Russell D. Feingold,Writes on behalf of constituent<b)(6)    regarding WHTI photo identification for Amish travelers.,,,,,,,,,,
5168,850264,12/11/2009,Congressman Russell D. Feingold,Writes to request the status and submission of the 2007 and 2008 Buy American Reports.,,,,,,,,,,
5169,850524,12/15/2009,Congressman Russell D. Feingold,Writes on behalf of a constituent(b)<6)    Regarding regulations pertaining to photography of Federal buildings.,,,,,,,,,,
5170,,,,,,,,,,,,,,
5171,850929,12/18/2009,Congressman Russell D. Feingold,status of 1-601 appeal was sent to AAO,,,,,,,,,,
5172,851004,12/22/2009,Congressman Russell D. Feingold,Expresses concern regarding the authorities and mission of DHS's Office of Intelligence and Analysis related to recent FOIA requests. Asks 4 specific questions.,,,,,,,,,,
5173,851370,12/23/2009,Senator Dianne Feinstein,Write with questions regarding biometric exit systems at U.S. ports of entry.,,,,,,,,,,
5174,851912,12/31/2009,Senator Dianne Feinstein,"Senator Feinstein writes regarding the detection of would-be terrorists, explosives, and the utilization of advanced detection technologies by TSA.",,,,,,,,,,
5175,850599,12/16/2009,Congressman Bob Filner,"1-601 waiver, checking on status",,,,,,,,,,
5176,849342,12/4/2009,Congressman John Garamendi,is requesting status of 1-485.,,,,,,,,,,
5177,849335,12/4/2009,Congressman Gabrielle Giffords,_|s requesting reconsideration of 1-140 denail for his,,,,,,,,,,
5178,,,,"employee ""<b,(6)",,,,,,,,,,
5179,848756,12/1/2009,Senator Kirsten E. Gillibrand,Senator Gillibrand writes regarding food security and urges DHS to prioritize hiring agricultural specialists to protect our borders.,,,,,,,,,,
5180,,,,,,,,,,,,,,
5181,849751,12/9/2009,Congressman Phil Gingrey,Js requesting status and reconsideration of his wife's 1-601 denial.,,,,,,,,,,
5182,849626,12/8/2009,Congressman Louie Gohmert,question about how USC mother who lives abroad in Brazil can file for constituent's adjustment of status. Constituent is in the US as a student.,,,,,,,,,,
5183,851378,12/23/2009,Congressman Louie Gohmert,Writes on behalf of constituent |(bX6)    Regarding denial of military identification when crossing the US-Canada border.,,,,,,,,,,
5184,850902,12/18/2009,Congressman Alan Grayson,need assistance with denied 1-485 due to C1 entry.,,,,,,,,,,
5185,851131,12/22/2009,Congressman Alan Grayson,Writes on behalf of a constituent (bX6)    regarding his pending security clearance.,,,,,,,,,,
5186,849683,12/9/2009,Congressman Raul M. Grijalva,"1-601 waiver at CDJ, checking on status",,,,,,,,,,
5187,850695,12/16/2009,Congressman Raul M. Grijalva,Jeeks status of his 1-485 decision,,,,,,,,,,
5188,851507,12/28/2009,Congressman Raul M. Grijalva,is requesting status of her 1-601.,,,,,,,,,,
5189,,,,,,,,,,,,,,
5190,850300,12/14/2009,Senator Tom Harkin,Jasks assistance with his 1-601 waiver,,,,,,,,,,
5191,850661,12/16/2009,Congressman Alcee L. Hastings,"Re a Form 1-730,(b)(6)    on behalf of her son(b' (b)(6)",,,,,,,,,,
5192,849362,12/4/2009,Senator Orrin G. Hatch,lis requesting status of N-400 applications for herself and .    (b)(6) her son,,,,,,,,,,
5193,849513,12/7/2009,Senator Orrin G. Hatch,Re:l(b)(6)    land the petitioner(b)(6> regarding an 1-601 waiver.,,,,,,,,,,
5194,851278,12/23/2009,Congressman Jeb Hensarling,s requesting response to previous wfs regarding employee issues at the Texas Service Center.,,,,,,,,,,
5195,851643,12/29/2009,Congressman Jeb Hensarling,is requesting status of 1-601 for (bX6) (b)(6),,,,,,,,,,
5196,848760,12/1/2009,Congressman Wally Herger,is requesting status of 1-140 for(b)(6),,,,,,,,,,
5197,,,,,,,,,,,,,,
5198,848821,12/1/2009,Congressman Wally Herger,Rep. Herger writes on behalf of constituent (b)(6)    regarding the personal data required for online flight check-in.,,,,,,,,,,
5199,850815,12/17/2009,Congressman Wally Herger,Local Business would to have their product used by first responders,,,,,,,,,,
5200,851548,12/28/2009,Congressman Wally Herger,is requesting status of husband <b)(6) 1-601.,,,,,,,,,,
5201,851225,12/23/2009,Congressman Paul W. Hodes,Rep. Hodes writes on behalf of his constituent(b)(6)    -egarding hazmat laws and buses.,,,,,,,,,,
5202,849619,12/8/2009,Congressman Rush Holt,Re: 1-130,,,,,,,,,,
5203,849306,12/4/2009,Congressman Michael M. Honda,is requestin status of N-400.,,,,,,,,,,
5204,850577,12/16/2009,Congressman Michael M. Honda,regarding her husbandj(b)(6)    I- 130 case.,,,,,,,,,,
5205,851835,12/30/2009,Congressman Steny H. Hoyer,"and his wife(b)(6)    are requesting removal of their names from the ""no fly list.""",,,,,,,,,,
5206,,,,,,,,,,,,,,
5207,851020,12/22/2009,Congressman Kay Bailey Hutchison,Writes on behalf of constituent (b)(6)    | regarding her TRIP.,,,,,,,,,,
5208,848972,12/2/2009,Senator Johnny Isakson,Writes on behalf of constituent(b)(6)    regarding her ICE binding arbitration decision.,,,,,,,,,,
5209,850612,12/16/2009,Senator Johnny Isakson,checking on status of 1-601,,,,,,,,,,
5210,850708,12/16/2009,Senator Johnny Isakson,Re the status of an 1-601.,,,,,,,,,,
5211,850901,12/18/2009,Senator Johnny Isakson,checking on status of 1-601 filed at C DJ,,,,,,,,,,
5212,850904,12/18/2009,Senator Johnny Isakson,checking on status of 1-601 at CDJ,,,,,,,,,,
5213,851364,12/23/2009,Senator Johnny Isakson,is requesting status of 1-601 for his wife® (b)(6),,,,,,,,,,
5214,850821,12/17/2009,Congressman Steve Israel,Writes on behalf of constituent(b)(6)    regarding a promotion within ICE.,,,,,,,,,,
5215,,,,,,,,,,,,,,
5216,848757,12/1/2009,Congressman Darrell Issa,Js requesting visitor visa.,,,,,,,,,,
5217,851331,12/23/2009,Congressman Darrell Issa,is requesting expedite of humanitarian parole for wife *b>*6>,,,,,,,,,,
5218,851455,12/24/2009,Congressman Darrell Issa,is requesting expedite and status of daughter (b)(6),,,,,,,,,,
5219,851494,12/28/2009,Congressman Darrell Issa,"is requesting replacement of green card 1-90, and status of N-400 application.",,,,,,,,,,
5220,851558,12/28/2009,Congressman Darrell Issa,is requesting advice on behalf of green card holder father (b)(6),,,,,,,,,,
5221,850745,12/17/2009,Congressman Walter B. Jones,Re: I-129F that was returned by a US Consulate in March 2009.,,,,,,,,,,
5222,849740,12/9/2009,Congressman Paul E. Kanjorski,Writes on behalf of a constituent]*15)*6)    Iregarding his recent application with DHS.,,,,,,,,,,
5223,851925,12/31/2009,Congressman Paul E. Kanjorski,Recommends constituent for Financial Analyst position with DHS.,,,,,,,,,,
5224,,,,,,,,,,,,,,
5225,849779,12/9/2009,Congressman Peter T. King,Ren. King writes on behalf of constituent!^6)    Regarding a request for transfer of a security clearance.,,,,,,,,,,
5226,850048,12/11/2009,Congressman Peter T. King,"Reps. King, Dent, and Bilirakis request information regarding the measures DHS has implemented to mitigate the effects of the posting of TSA's standard operating procedures.",,,,,,,,,,
5227,850532,12/15/2009,Congressman Peter T. King,i-601 filed at Accra for wife(b)(6),,,,,,,,,,
5228,848764,12/1/2009,Congressman Jack Kingston,"Rep. Kingston writes on behalf of his constituent,^ regarding the Family and Medical Leave Act, and the callous and inconsistent treatment at the hands of CBP management.",,,,,,,,,,
5229,849407,12/7/2009,Congressman Jack Kingston,Rep. Kingston writes on behalf of his constituent b regarding a request for compassionate permanent reassignment and her certification for a position within CBP.,,,,,,,,,,
5230,848980,12/2/2009,Congressman Mark Steven Kirk,Rep. Kirk writes on behalf of constituent b)(0)    regarding a TRIP concern.,,,,,,,,,,
5231,849541,12/7/2009,Congressman Herb Kohl,Writes on behalf of constituent who is concerned with recent DHS appointments.,,,,,,,,,,
5232,,,,,,,,,,,,,,
5233,849543,12/7/2009,Congressman Herb Kohl,Writes on behalf of constituent who is concerned with recent DHS appointments.,,,,,,,,,,
5234,851917,12/31/2009,Congressman Herb Kohl,Senator Kohl writes on behalf of constituent (b)(6)    regarding the inadvertent disclosure of TSA security procedures.,,,,,,,,,,
5235,850705,12/16/2009,Congressman Frank Kratovil,"I-129F, consulate return",,,,,,,,,,
5236,850835,12/17/2009,Congressman Jon Kyi,"Senator Kyi writes regarding his constituent, (bX6) regarding the restrictive nature of eAPIS.",,,,,,,,,,
5237,851367,12/22/2009,Congressman Jon Kyi,Writes on behalf of a citizenj(b)<6)    who requests FEMA assistance to secure petroleum terminals,,,,,,,,,,
5238,851012,12/22/2009,Senator Mary L. Landrieu,Senator Landrieu writes regarding the Tensas Detention Center’s offer to house additional ICE detainees.,,,,,,,,,,
5239,848944,12/2/2009,Congressman Christopher Lee,Writes on behalf of a constituent.<b)<6)    regarding her recent application with DHS.,,,,,,,,,,
5240,849731,12/9/2009,Congressman Christopher Lee,"Writes on behalf of his constituentj(b)(6)    Iregarding a complaint against his wife's employer at the Buffalo Office of Monitoring and Compliance, USCIS.",,,,,,,,,,
5241,,,,,,,,,,,,,,
5242,848717,11/30/2009,Congressman George LeMieux,Sen. LeMieux writes on behalf of constituent(b)(6),,,,,,,,,,
5243,,,,"regarding the removal of his and his girlfriend, <b,*6) J names from the watch list.",,,,,,,,,,
5244,851858,12/30/2009,Congressman Jerry Lewis,"Request a report on the unsuccessful terrorist attack on Northwest Flight 253 on Christmas Day by Umar Farouk AbdulMutallab, including information related to visas, terrorist watchlists, and passenger screening.",,,,,,,,,,
5245,849734,12/9/2009,Congressman John Lewis,is requesting reinstatement of his son's greencard.,,,,,,,,,,
5246,850597,12/16/2009,Congressman John Lewis,"1-130, did not receive approval notice, asking for help in obtaining notice.",,,,,,,,,,
5247,849090,12/2/2009,Congressman Frank. A. LoBiondo,"Writes on behalf of constituent who is filing an EEO complaint, after not receiving an interview for a job he should have been qualified for.",,,,,,,,,,
5248,851257,12/23/2009,Congressman Dave Loebsack,"Writes regarding the decision to acquire the Thompson Correctional Center in Illinois to house detainees currently held at the Naval Station at Guantanamo Bay, Cuba.",,,,,,,,,,
5249,,,,,,,,,,,,,,
5250,851387,12/23/2009,Congressman Dave Loebsack,"Writes with concerns over the security implications of housing G1TMO detainees at the Thomson Correctional Center in Thomson, Illinois.",,,,,,,,,,
5251,850262,12/14/2009,Congressman Blaine Luetkemeyer,filed a 1-485,,,,,,,,,,
5252,849274,12/4/2009,Congressman Richard G. Lugar,is requesting status of U visa application for her client (b)(6),,,,,,,,,,
5253,849295,12/4/2009,Congressman Richard G. Lugar,"]pyrites to ask ""whether the physical presence she accrued prior to leaving the US and refiling for permanent status will be counted for naturalization purposes.",,,,,,,,,,
5254,849775,12/9/2009,Congressman Richard G. Lugar,Jis requesting status of 1-601 for her husband^ (b)(6),,,,,,,,,,
5255,849910,12/10/2009,Congressman Richard G. Lugar,Js requesting status of his I-600A.,,,,,,,,,,
5256,850238,12/14/2009,Congressman Richard G. Lugar,filed 1601 for husband(b)(6),,,,,,,,,,
5257,,,,,,,,,,,,,,
5258,848921,12/1/2009,Congressman Ben Lujan,Writes to express concern with REAL ID program and shares the memorial that was passed in New Mexico that resolves not to implement or fund any provisions of the REAL ID policy.,,,,,,,,,,
5259,849293,12/4/2009,Congressman Ben Lujan,is requesting assistance with wife(b)(6)    1-601,,,,,,,,,,
5260,850287,12/14/2009,Congressman Ben Lujan,requests appeal status,,,,,,,,,,
5261,850056,12/11/2009,Congressman Daniel E. Lungren,concerning the USCIs Genealogy Program.,,,,,,,,,,
5262,850115,12/11/2009,Congressman Connie Mack,is requesting that the I-129B and I-140 for<b)(6) H be withdrawn.,,,,,,,,,,
5263,848725,12/1/2009,Congressman Carolyn B. Maloney,is requesting status of immigrantg visa for her fiance (b)(6),,,,,,,,,,
5264,849752,12/9/2009,Congressman Carolyn B. Maloney,is requesting status of his 1-140.,,,,,,,,,,
5265,849908,12/10/2009,Congressman Donald A. Manzullo,regarding the status of his 1-360 appeal.,,,,,,,,,,
5266,,,,,,,,,,,,,,
5267,850773,12/17/2009,Congressman Betsy Markey,need assistance with request for reconsideration on denied refugee from Ethiopia,,,,,,,,,,
5268,850774,12/17/2009,Congressman Betsy Markey,need asssitance with appeal with denied 1-130.,,,,,,,,,,
5269,849332,12/4/2009,Congressman Eric Massa,Jequests fee waiver of $460.00 for N-600 filing.,,,,,,,,,,
5270,850932,12/18/2009,Congressman Eric Massa,letter of support for CR2 visa at Consulate in Guangzhou,,,,,,,,,,
5271,850571,12/16/2009,Congressman Doris O. Matsui,"Re: 1-601 for her husband, *b><6> (b)(6)",,,,,,,,,,
5272,849357,12/4/2009,Senator John McCain,writes regarding her concern that her Swiss-born sons will not be able to pass on their US citizenship to their children.,,,,,,,,,,
5273,850046,12/11/2009,Senator John McCain,"who has encounteredd aproblem he regarding his step-daughter,(b)(6)    visa waiver.",,,,,,,,,,
5274,,,,,,,,,,,,,,
5275,850234,12/14/2009,Senator John McCain,who has encountered a problem with an alleged violation. Regarding (b)(6)    (1-485),,,,,,,,,,
5276,849353,12/4/2009,Congressman Michael McCaul,is requesting status of 1-485.,,,,,,,,,,
5277,849354,12/4/2009,Congressman Michael McCaul,Js requesting that his naturalization case be re-opened.,,,,,,,,,,
5278,850135,12/11/2009,Congressman Michael McCaul,"seeks assistance with filing a Form 1-601 waiver for his wife,(bX6)",,,,,,,,,,
5279,850529,12/15/2009,Congressman Michael McCaul,status of 1-601 for(b)(6),,,,,,,,,,
5280,850126,12/11/2009,Senator Mitch McConnell,filed Form 1-601 waiver,,,,,,,,,,
5281,850629,12/16/2009,Senator Mitch McConnell,checking on status of 1-601,,,,,,,,,,
5282,850895,12/18/2009,Senator Mitch McConnell,checking on status of 1-485 TRIG,,,,,,,,,,
5283,851854,12/30/2009,Senator Mitch McConnell,Looking for status on(b)(6)    J-601.,,,,,,,,,,
5284,,,,,,,,,,,,,,
5285,851856,12/30/2009,Senator Mitch McConnell,is requesting verification of her date of entry into the USA in which she recieved a green card.,,,,,,,,,,
5286,848726,11/30/2009,Congressman James P. McGovern,"Representative McGovern writes on behalf of his constituent, Mr. and asks that TSA expedite the issuance of his identity card which authorizes an individual to carry a firearm.",,,,,,,,,,
5287,849385,12/4/2009,Congressman Mike McIntyre,Constituent (b)(6)    writes with regards to the Town of Sunset Beach grant application.,,,,,,,,,,
5288,850631,12/16/2009,Congressman Jerry McNemey,checking on status of 1-601,,,,,,,,,,
5289,850716,12/16/2009,Senator Robert Menendez,petitions for her son (b)(6)    to immigrate to the United States.,,,,,,,,,,
5290,849744,12/9/2009,Senator Jeff Merkley,is requesting status of wife's 1-485.,,,,,,,,,,
5291,851325,12/23/2009,Senator Jeff Merkley,is requesting expedite processing of her husband 1-601.,,,,,,,,,,
5292,,,,,,,,,,,,,,
5293,849356,12/4/2009,Congressman John L. Mica,is requesting status of appeal of wife's 1-485 denial.,,,,,,,,,,
5294,849675,12/9/2009,Senator Barbara A. Mikulski,Affidavit of relationship for relatives in Accra filed on 8/31/2006,,,,,,,,,,
5295,850003,12/10/2009,Senator Barbara A. Mikulski,Re: EEO/Personnel matter.,,,,,,,,,,
5296,851500,12/24/2009,Senator Barbara A. Mikulski,Supports Montgomery County's request for funding to update its computerized traffic signal system for roads which serve as evacuation routes for the National Capital Region,,,,,,,,,,
5297,850043,12/10/2009,Congressman Brad Miller,Writes regarding shortage of helium-3 and the affect as a national crisis.,,,,,,,,,,
5298,850322,12/14/2009,Congressman Gary G. Miller,regarding the status of her mother (b)(6) motion to reopen and Location of file.,,,,,,,,,,
5299,850099,12/11/2009,Congressman Walt Minnick,petitioning (b)(6)    work visa.,,,,,,,,,,
5300,849776,12/9/2009,Congressman Hany E. Mitchell,Rep. Mitchell writes to express concern about news reports that TSA inadvertently released sensitive information about airport screening procedures on a government website.,,,,,,,,,,
5301,,,,,,,,,,,,,,
5302,849337,12/4/2009,Congressman James P. Moran,Js requesting status of his application to adjust status.,,,,,,,,,,
5303,850711,12/16/2009,Congressman James P. Moran,check on status of 1-601 filed at WAS office,,,,,,,,,,
5304,848952,12/2/2009,Senator Patty Murray,Senators Murray and Cantwell writes to prevent the deportation of (b)(6),,,,,,,,,,
5305,850697,12/16/2009,Senator Patty Murray,expedite request for appeal in support of form I-129,,,,,,,,,,
5306,850299,12/14/2009,Congressman Richard E. Neal,egarding the status of his 1-485.,,,,,,,,,,
5307,851549,12/28/2009,Congressman Ben Nelson,3s requesting status of mother's 1-130.,,,,,,,,,,
5308,848718,12/1/2009,Senator Bill Nelson,is requesting return of his permanent residency status.,,,,,,,,,,
5309,850261,12/14/2009,Senator Bill Nelson,a victim of automible accident with DHS employee.,,,,,,,,,,
5310,,,,,,,,,,,,,,
5311,850308,12/14/2009,Senator Bill Nelson,Re: Petition to remove the condition on (b)(6) permanent residency. When he attempted to renew his Green Card. (Form 1-751),,,,,,,,,,
5312,851553,12/28/2009,Senator Bill Nelson,received results of appeal from removal proceedings.,,,,,,,,,,
5313,849742,12/9/2009,Congressman James L. Oberstar,Expresses support for (b)(6)    a candidate for Commandant of the USCG.,,,,,,,,,,
5314,850000,12/10/2009,Congressman James L. Oberstar,Rep. Oberstar writes on behalf of a constituent regarding TSA contractor wages.,,,,,,,,,,
5315,850840,12/17/2009,Congressman David R. Obey,"Authorizes a staff member of the House Appropriations Committee to ravel to Miami, Florida and Havana, Cuba during January 14-19, 2010",,,,,,,,,,
5316,849758,12/9/2009,Congressman Frank Pallone,Expreses support for New Jersey State Assemblyman(b)(6 to be Administrator of FEMA Region 11.,,,,,,,,,,
5317,849794,12/9/2009,Congressman Frank Pallone,Writes on behalf of constituent(b)(6)    regarding a CBP pre- clearance assignment in Canada.,,,,,,,,,,
5318,849750,12/9/2009,Congressman William Pascrell,Expresses support for Frederick Scalera to be Administrator of FEMA Region II.,,,,,,,,,,
5319,851050,12/14/2009,Congressman Connie Patrick,Congressman Diaz-Balart writes on behalf of constituent b (6 ' regarding missing necklace.,,,,,,,,,,
5320,,,,,,,,,,,,,,
5321,850637,12/16/2009,Congressman Mike Pence,asking assitance with 1-485 pending material support,,,,,,,,,,
5322,849297,12/4/2009,Congressman Tom Perriello,writes on behalf of her friend <bX6>    who is scheduled to be deported.,,,,,,,,,,
5323,849718,12/9/2009,Congressman Thomas Petri,is requesting assistance with problems with his Federal Protection Service application as an armed security guard. He would like to know that status of his application.,,,,,,,,,,
5324,849768,12/9/2009,Congressman Thomas Petri,is requesting certification of his citizenship. N-600.,,,,,,,,,,
5325,850272,12/14/2009,Congressman Joseph R. Pitts,concerning his wife's 1-601,,,,,,,,,,
5326,850533,12/15/2009,Congressman Jared Polis,1-601 appeal - checking on status and processing time.,,,,,,,,,,
5327,850290,12/14/2009,Congressman David E. Price,*b>*6>    petitions for(b)(6),,,,,,,,,,
5328,,,,,,,,,,,,,,
5329,848810,12/1/2009,Congressman Tom Price,Case or(b)(6),,,,,,,,,,
5330,849326,12/4/2009,Congressman Tom Price,is requesting status of family members refugee case. 1-730.,,,,,,,,,,
5331,849757,12/9/2009,Congressman Tom Price,is requesting assistance in getting her mother back from China.,,,,,,,,,,
5332,849759,12/9/2009,Congressman Tom Price,is requesting status of her 1-485.,,,,,,,,,,
5333,849761,12/9/2009,Congressman Tom Price,"is requesting status of 1-130,1-485.",,,,,,,,,,
5334,849862,12/8/2009,Senator Jack Reed,Senator Reed writes on behald of(b)<6)    President of Chapter 54 of the National Treasury Employees Union (NTEU) regarding the lack of security guards and safety measures at certain federal facilities.,,,,,,,,,,
5335,850060,11/12/2009,Senator Jack Reed,"seeks status of her husband, Mr Form 1-601 immigration case.",,,,,,,,,,
5336,,,,,,,,,,,,,,
5337,850906,12/18/2009,Senator Jack Reed,checking on status of 1-485 TRIG,,,,,,,,,,
5338,850907,12/18/2009,Senator Jack Reed,follow up on progress of 1-601 from CDJ,,,,,,,,,,
5339,851276,12/23/2009,Senator Jack Reed,Senator Reed is requesting status of immigration cases for(b)(6) (b)(6),,,,,,,,,,
5340,851284,12/23/2009,Senator Jack Reed,is requesting status of 1-601 and 1-290B appeals for his wife(b)(6),,,,,,,,,,
5341,851552,12/28/2009,Senator Jack Reed,is requesting use of original 1-130 priority date on new petition.,,,,,,,,,,
5342,849536,12/8/2009,Senator Harry Reid,Stresses his objections to the planned FEMA National Level Exercise 2010 in Las Vegas in May.,,,,,,,,,,
5343,850297,12/14/2009,Senator Harry Reid,"filed 1-601 for her husband, foX6)",,,,,,,,,,
5344,,,,,,,,,,,,,,
5345,849510,12/7/2009,Senator Jim Risch,"^regarding a 1-601 waiver of ineligibility application for husband,(b)(6)",,,,,,,,,,
5346,851363,12/23/2009,Senator Jim Risch,is requesting status and expedite of wife 1-601.,,,,,,,,,,
5347,850930,12/18/2009,Senator Pat Roberts,"I-130 approved as F2A, (b)(6)    isking for help to avoid the longer visa wait as FI",,,,,,,,,,
5348,851543,12/28/2009,Senator John D. Rockefeller,"Urge to implement a comprehensive campaign to identify, target and attack the funding networks that sustain terrorist enemies in Afghanistan and Pakistan.",,,,,,,,,,
5349,850709,12/16/2009,Congressman Ciro D. Rodriguez,follow up on 1-601,,,,,,,,,,
5350,850713,12/16/2009,Congressman Ciro D. Rodriguez,"is seeking to obtain a visitor's visa for her mother, *bX6>",,,,,,,,,,
5351,,,,,,,,,,,,,,
5352,850955,12/18/2009,Congressman Ciro D. Rodriguez,Constituen(b)(6)    writes with concerns about retaliation against her by management due to a EEO compliant she filed,,,,,,,,,,
5353,849303,12/4/2009,Congressman Phil Roe,is requesting status change to permanent resident from current F-l visa.,,,,,,,,,,
5354,848817,12/1/2009,Congressman C. A. Dutch Ruppersberger,Writes to suggest that the Department consider working with WIMSCO to create an electronic database to get easy access to critical information.,,,,,,,,,,
5355,851389,12/23/2009,Congressman Bobby L. Rush,Writes regarding the deportation case of (b)(6),,,,,,,,,,
5356,848903,12/2/2009,Senator Bernard Sanders,Writes on behalf of a constituent regarding his termination from CBP employment.,,,,,,,,,,
5357,848831,12/1/2009,Congressman Stephanie Herseth Sandlin,Requests that DHS and FCC consider extending Americans' access to radio emergency alert system via mobile phones.,,,,,,,,,,
5358,849655,12/8/2009,Congressman John P. Sarbanes,regarding the status of an I- 601 appeal.,,,,,,,,,,
5359,850632,12/16/2009,Congressman Kurt Schrader,asking for help with 1-130 and immigrating to the US,,,,,,,,,,
5360,,,,,,,,,,,,,,
5361,850566,12/16/2009,Senator Charles E. Schumer,Writes on behalf of constituent(b)<6)    regarding the denial of his Customs overflight permit.,,,,,,,,,,
5362,850699,12/16/2009,Senator Charles E. Schumer,regarding his 1-485,,,,,,,,,,
5363,849300,12/4/2009,Congressman Robert C. Scott,writes for guidance and assistance on his adoption from Kenya.,,,,,,,,,,
5364,850485,12/15/2009,Congressman Joe Sestak,"Writes on behalf of constituent(b)(6)    regarding his name being removed from the ""no fly"" list.",,,,,,,,,,
5365,850303,12/14/2009,Congressman John Shadegg,J'iled a 1-601 for his wife (b)(6) (b)(6),,,,,,,,,,
5366,849769,12/9/2009,Congressman Brad Sherman,is requesting status of 1-730 for her brother (b)(6),,,,,,,,,,
5367,850633,12/16/2009,Congressman Brad Sherman,asking for assistance with 1-130 for married daughter,,,,,,,,,,
5368,850729,12/17/2009,Congressman Brad Sherman,Writes on behalf of constituentwho submits her Anneal of Denial of her 1-601 Waiver of Grounds of Inadmissibility.,,,,,,,,,,
5369,,,,,,,,,,,,,,
5370,849686,12/9/2009,Congressman Heath Shuler,"checking on status of humanitarian parole, last notice from CIS requesting for additional documents",,,,,,,,,,
5371,850819,12/17/2009,Congressman Bill Shuster,Writes on behalf of constituent(b)(6)    regarding his Hazmat endorsement.,,,,,,,,,,
5372,850170,12/11/2009,Congressman Louise McIntosh Slaughter,"Representative Slaughter + 17 urge DHS and TREAS to withdraw proposals that would undercut the export of programs of U.S. businesses, including the domestic wine industry.",,,,,,,,,,
5373,850075,11/10/2009,Congressman Adam Smith,Form 1-485 for (b)<6)    who entered the United States as a refuguee,,,,,,,,,,
5374,850068,12/11/2009,Congressman Olympia J. Snowe,seeks assistance with his wife® immigration status,,,,,,,,,,
5375,849304,12/4/2009,Congressman Arlen Specter,is requesting status of nieces citizenship.,,,,,,,,,,
5376,849324,12/4/2009,Congressman Arlen Specter,is requesting reconsideration of 1-130 foi(b)(6) (b)(6),,,,,,,,,,
5377,849676,12/9/2009,Congressman Arlen Specter,Senator Specter writes regarding the need to clarify guidlines of program for EB-5 investors.,,,,,,,,,,
5378,,,,,,,,,,,,,,
5379,849964,12/10/2009,Congressman Arlen Specter,is requesting that his son (b)(6)    )be given,,,,,,,,,,
5380,,,,political asylum.,,,,,,,,,,
5381,850266,12/14/2009,Congressman Arlen Specter,?concerning his spouse's 1-130,,,,,,,,,,
5382,850642,12/16/2009,Senator Debbie Stabenow,Writes to thank S1 for speaking at <b)(6),,,,,,,,,,
5383,850237,12/14/2009,Congressman Harry Teague,"filed waiverd petition by his wife,",,,,,,,,,,
5384,850814,12/17/2009,Congressman Harry Teague,Writes on behalf of a constituent submitting his proposal for a mission and system design concept for mitigating devastating hurricanes.,,,,,,,,,,
5385,849739,12/8/2009,Congressman Bennie G. Thompson,"Extends congratulations on recent confirmation, and requests additional information and guidance to the House Committee in developing legislation that would authorize certain activities of the S&T Directorate.",,,,,,,,,,
5386,849756,12/8/2009,Congressman Bennie G. Thompson,Reps. Thompson and Jackson-Lee express their concern regarding TSA's discovery of a breach in Sensitive Security Information (SSI) related to management screening operations at airports.,,,,,,,,,,
5387,,,,,,,,,,,,,,
5388,850811,12/17/2009,Congressman Bennie G. Thompson,asking for help with 1-601 filed at local Memphis Office,,,,,,,,,,
5389,851025,12/22/2009,Congressman Bennie G. Thompson,Chairman Thompson writes with several follow-up questions regarding DHS identity management practices and the Single Sign-On (SSO) initiative.,,,,,,,,,,
5390,850156,12/11/2009,Congressman Todd Tiahrt,regarding a problem her husband(b)(6)    Js have with his N-600 case.,,,,,,,,,,
5391,851263,12/23/2009,Senator Mark Udall,Writes on behalf of his constituent(b)(6)    regarding the denial of his security clearance.,,,,,,,,,,
5392,850704,12/16/2009,Senator Tom Udall,Writes to request an extenion for state to become materially compliant with the REAL ID Act.,,,,,,,,,,
5393,850426,12/15/2009,Congressman Chris Van Hollen,"Writes on behalf of History Associates, Inc. regarding the status of the DHS Historian's Office.",,,,,,,,,,
5394,850794,12/17/2009,Congressman Chris Van Hollen,Writes on behalf of a constituent<b)(6)    regarding his recent termination with the DHS Private Sector Office.,,,,,,,,,,
5395,851339,12/23/2009,Congressman Chris Van Hollen,is requesting that all issues of his EEO complaint be addressed and complains of ill treatment by EEO councilor.,,,,,,,,,,
5396,,,,,,,,,,,,,,
5397,849644,12/8/2009,Congressman Nydia M. Velazquez,regarding 1-730 petitions on behalf of wifej(b)(6) and daughters (b)(6),,,,,,,,,,
5398,850095,12/11/2009,Congressman Nydia M. Velazquez,”|filed 1-730 for his son (b)(6),,,,,,,,,,
5399,850807,12/17/2009,Congressman Nydia M. Velazquez,checking on status of 1-730 from Guangzhou,,,,,,,,,,
5400,848749,12/1/2009,Congressman Peter J. Visclosky,Endorses application of (b)(6)    for appointment to the National Boating Safety Advisory Council.,,,,,,,,,,
5401,849370,12/4/2009,Congressman Peter J. Visclosky,is requesting status of 1-485.,,,,,,,,,,
5402,849737,12/9/2009,Congressman Peter J. Visclosky,is requesting is requesting status of 1-601 for here husband (b)(6),,,,,,,,,,
5403,849316,12/4/2009,Senator Mark R. Warner,is requesting status of son's permanent residency card.,,,,,,,,,,
5404,,,,,,,,,,,,,,
5405,850938,12/18/2009,Senator Mark R. Warner,Constituent (b)(6)    writes thanking the congressman for his kind words regarding his son death,,,,,,,,,,
5406,851093,12/18/2009,Senator Mark R. Warner,Writes to share resume of constituent for employment with DHS.,,,,,,,,,,
5407,848689,12/1/2009,Congressman Jim Webb,is requesting an investiaion into her ill treatment by employer (DHS/CBP/Office of Information and Technology).,,,,,,,,,,
5408,848991,12/2/2009,Congressman Jim Webb,Senator Jim Webb writes on behalf of his constituent.(b)<6) regarding his allegations of retaliation against a Federal employee for Whistle Blowing.,,,,,,,,,,
5409,849345,12/4/2009,Congressman Jim Webb,s requesting status of J-l.,,,,,,,,,,
5410,849753,12/9/2009,Congressman Jim Webb,S1 is cc'd on a letter to Secretary Gates regarding commercial projects that can potentially degrade air-survelliance radar coverage around the country.,,,,,,,,,,
5411,849755,12/9/2009,Congressman Jim Webb,is requeting status of I-290B for his 1-765 denial.,,,,,,,,,,
5412,849766,12/9/2009,Congressman Jim Webb,is requesting status of her 1-751.,,,,,,,,,,
5413,,,,,,,,,,,,,,
5414,850069,12/11/2009,Congressman Jim Webb,and his assistance with his naturalization process. (N- 400 case),,,,,,,,,,
5415,850086,12/11/2009,Congressman Jim Webb,regarding a pending I-129F case for*b)(b! (b)(6),,,,,,,,,,
5416,850402,12/14/2009,Congressman Jim Webb,Writes seeking status report regarding constituent(b)(6) case against the USCG.,,,,,,,,,,
5417,850898,12/18/2009,Congressman Jim Webb,asking for re-scheduling of a K1 interview in Paris,,,,,,,,,,
5418,850899,12/18/2009,Senator Roger F. Wicker,checking on status of 1-601 filed at CDJ,,,,,,,,,,
5419,848746,4/30/2009,Congressman Chani Wiggins,USCIS Characteristics of Specialty Occupation Workers (H-1B),,,,,,,,,,
5420,848932,8/18/2009,Congressman Chani Wiggins,USCG Oil Pollution Act Liability Limits Report FY 2009,,,,,,,,,,
5421,,,,,,,,,,,,,,
5422,848941,8/8/2008,Congressman Chani Wiggins,CBP Training Provided to Border and Immigration Officials,,,,,,,,,,
5423,848946,8/17/2009,Congressman Chani Wiggins,TSA Progress Report on the Transportation Worker Identification Credential Program,,,,,,,,,,
5424,848956,8/7/2009,Congressman Chani Wiggins,GAO-09-375 Sponsored Noncitizen and Public Benefits,,,,,,,,,,
5425,848966,8/7/2009,Congressman Chani Wiggins,GAO-09-492 Tranportation Security: Comprehensive Risk Assessments and Stronger Internal Controls Needed to Help Inform TSA Resources Allocation,,,,,,,,,,
5426,,,,,,,,,,,,,,
5427,849005,8/12/2009,Congressman Chani Wiggins,GAO-09-542R CBP Could Improve Its Estimation of Funding Needed for New Border Patrol Agents,,,,,,,,,,
5428,849008,8/6/2009,Congressman Chani Wiggins,GAO-09-85 Commercial Vechicles Security: Risk Based Approach Needed to Secure the Commericial Vehicle Sector,,,,,,,,,,
5429,849022,8/12/2009,Congressman Chani Wiggins,"GAO-08-739R Secure Border Initiative FY 2008 Expenditure Plan Shows Improvement, but Deficiencies Limit Congressional Oversight and DHS Accountability",,,,,,,,,,
5430,,,,,,,,,,,,,,
5431,849039,9/3/2009,Congressman Chani Wiggins,GAO-09-454 Foreign Military Sales Program Needs Better Controls for Exported Items and Imformation for Oversight,,,,,,,,,,
5432,849052,9/3/2009,Congressman Chani Wiggins,GAO-09-63 Drug Control Better coordination with the Department of Homeland Security and an Updated Accountability Framework Can Further Enhance DEA's Effort to Meet Post 9/11 Responsiblities,,,,,,,,,,
5433,850350,9/10/2009,Congressman Chani Wiggins,USCG Pilot Program to Improve The Security od Empty Containers,,,,,,,,,,
5434,,,,,,,,,,,,,,
5435,850363,8/13/2009,Congressman Chani Wiggins,TSA- Intelligence Reform and Terrorism Prevention Act of 2004-NIPP (Enclosure with TSA). National Strategy for Transportation Security (NSTS),,,,,,,,,,
5436,850376,9/22/2009,Congressman Chani Wiggins,"GAO-09-21 TSA Have Researched, Developed and Begun Deploying Passenger Checkpoint Screening Technologies, but Continue to Face Challenges",,,,,,,,,,
5437,,,,,,,,,,,,,,
5438,850601,12/16/2009,Congressman Charlie Wilson,checking on status of appeal of 1-601,,,,,,,,,,
5439,850134,12/11/2009,Congressman Joe Wilson,regarding the status of a 1-485.,,,,,,,,,,
5440,849283,12/4/2009,Congressman Frank R. Wolf,Iwrites on behalf ol *b)(6)    who requires lbJlb)    assistance for her care.,,,,,,,,,,
5441,849380,12/3/2009,Congressman Frank R. Wolf,Rep. Wolf writes on behalf of constituent <bX6)    Regarding his security clearance.,,,,,,,,,,
5442,850525,12/15/2009,Congressman Lynn C. Woolsey,"1-485 pending visa number, requesting for adjudications due to son's tragic accident who needs to be LPR in order to obtain medical benefits",,,,,,,,,,
5443,851358,12/23/2009,Congressman Lynn C. Woolsey,Rep. Woolsey requests DHS implement the provisions of the Humane Enforcement and Legal Protections for Separated Childern Act.,,,,,,,,,,
5444,849361,12/4/2009,Senator Ron Wyden,is concerned about processing of K-2 visas and the resulting age-out of children who turn 21.,,,,,,,,,,
5445,,,,,,,,,,,,,,
5446,849736,12/9/2009,Congressman John Yarmuth,Expresses support of Jewish Hospital and St. Mary's HelathCare's application for FEMA storm damage relief.,,,,,,,,,,
5447,849266,12/18/2009,,N/A,,,,,,,,,,
5448,,,,,,,,,,,,,,