Sort,X3,X4,X5,X6,FROM,DATE,SUBJECT,TYPE,CERTAINTY,ALT_TYPE,POLICY_EVENT,EVENT_NAME,EVENT_DATE,NOTES
2,WF#,Receive Date,Policy Congressional Report Opened Between 01/01/2013 and 01/31/2013,,,,,,,,,,,
3,,,Congressman Name,Subject of Request,,,,,,,,,,
4,971753,1/29/13,Senator Lamar Alexander,Department of State referral.,,,,,,,,,,
5,971774,1/29/13,Senator Lamar Alexander,Department of State referral.,,,,,,,,,,
6,969975,1/10/13,Congressman Jaime Herrera Beutler,Re an I-601-waiver.,,,,,,,,,,
7,969629,1/4/13,Congressman Gus M. Bilirakis,Form 1-485,,,,,,,,,,
8,970107,1/10/13,Senator Roy Blunt,Father is trying to get his family into the United States,,,,,,,,,,
9,971432,1/23/13,Senator Roy Blunt,Form I-290B case,,,,,,,,,,
10,,,,,,,,,,,,,,
11,969795,1/7/13,Congressman Charles W. Boustany,Re a penalty period that can be waived on a departure bond.,,,,,,,,,,
12,969879,1/9/13,Senator Sherrod Brown,Writes on behalf of a constituent regarding the pending finalization of this employment with the Federal Protective Service.,,,,,,,,,,
13,970982,1/15/13,Senator Sherrod Brown,Writes on behalf of his constituent regarding termination after she failed her Standard Operating Test three times.,,,,,,,,,,
14,971621,1/25/13,Congressman Larry Bucshon,Re an 1-140 petition.,,,,,,,,,,
15,969636,1/4/13,Senator Maria Cantwell,Wife filing for her husband Form 1-601,,,,,,,,,,
16,970399,1/15/13,Congressman Shelley Moore Capito,Writes on behalf of her constituent regarding the constituent's benefits as a contract security guard through Federal Protective Services.,,,,,,,,,,
17,970789,1/15/13,Congressman Shelley Moore Capito,Writes on behalf of a constituent regarding changes to his health insurance plan.,,,,,,,,,,
18,,,,,,,,,,,,,,
19,,,,,,,,,,,,,,
20,969369,12/31/12,Senator Benjamin L. Cardin,Writes on behalf of a constituent regarding the lack of food options offered in the new departure gates in the Munich Airport.,,,,,,,,,,
21,971107,1/18/13,Senator Benjamin L. Cardin,Writes on behalf of his constituent regarding his belief that he is being discriminated against by his supervisor.,,,,,,,,,,
22,970857,1/16/13,Congressman Mark E. Carter,Not completed,,,,,,,,,,
23,970808,1/15/13,Congressman Maria Raquel S. Carvalho,Not completed,,,,,,,,,,
24,969840,1/8/13,Senator Robert P. Casey,Writes on behalf of a constituent requesting a terrorist charge be expunged from record.,,,,,,,,,,
25,969482,1/3/13,Congressman Donna M. Christensen,Father files for 4 children Form 1-130,,,,,,,,,,
26,971019,1/17/13,Congressman Judy Chu,Re status of 1-485 cases.,,,,,,,,,,
27,,,,,,,,,,,,,,
28,,,,,,,,,,,,,,
29,969772,1/7/20I3,Congressman Yvette D. Clarke,Re an J-129F immigrant visa.,,,,,,,,,,
30,971878,1/30/13,Congressman Jim Cooper,Constituent is seeking help with his 1-730 case.,,,,,,,,,,
31,970832,1/16/13,Senator John Cornyn,"|W''    |s trying to have his daughter-in-law and her three children to immigration to U.S., currently residing in Doha (Qatar), ( British citizens)",,,,,,,,,,
32,971959,1/30/13,Congressman Tom Cotton,Re: Questions concerning the new regulations imposed upon the participants of the H2A program.,,,,,,,,,,
33,970885,1/16/13,Congressman Rick Crawford,Arkansas Regional Economic Development Center (AREDC),,,,,,,,,,
34,969533,1/3/13,Congressman Elijah E. Cummings,Wife writing for husband to clarify difficulties,,,,,,,,,,
35,970187,1/11/13,Congressman Elijah E. Cummings,Re status of an 1-485 application.,,,,,,,,,,
36,,,,,,,,,,,,,,
37,971645,1/25/13,Congressman Steve Dailies,Re an 1-485 application.,,,,,,,,,,
38,969841,1/8/13,Congressman Rosa L. DeLauro,Writes on behalf of constituent selling a new security system.,,,,,,,,,,
39,971728,1/29/13,Congressman Jeff Denham,Re an FDNS/I-751 case.,,,,,,,,,,
40,970891,1/16/13,"Congressman Theodore E, Deutch",Urges FEMA to thoroughly review appeal for assistance from Broward County that was denied.,,,,,,,,,,
41,969644,1/4/13,Congressman Jeff Duncan,Constituent tiling for beneficiary,,,,,,,,,,
42,971867,1/30/13,Congressman William Enyart,Writes on behalf of constituents (bX0>    |,,,,,,,,,,
43,,,,and <b'(61    |egarding immigration issues,,,,,,,,,,
44,971119,1/18/13,Congressman Blake Farenthold,Husband trying to get wife into the United States before he has surgery,,,,,,,,,,
45,969833,1/8/13,Senator Dianne Feinstein,Writes on behalf of constituent regarding concerns with the solicitation and terms of an upcoming contract.,,,,,,,,,,
46,,,,,,,,,,,,,,
47,,,,,,,,,,,,,,
48,970791,1/15/13,Senator Dianne Feinstein,Writes regarding international students wanting to enter the country for flight school and requests assistance in expediting the process after their site inspection was performed in March 2012.,,,,,,,,,,
49,970839,1/16/13,Senator Dianne Feinstein,Wife's case pending deportment,,,,,,,,,,
50,969634,1/4/13,Congressman J. Randy Forbes,Wife trying to provide documents for her husband,,,,,,,,,,
51,971150,1/18/13,Congressman J. Randy Forbes,Fiancee wants to get fiance here to the United States,,,,,,,,,,
52,969910,1/8/13,Congressman Trent Franks,"Writes on behalf of constituent (W,6} who was detained by CBP at West Palm Beach Airport.",,,,,,,,,,
53,970149,1/11/13,Congressman Joe Garcia,Requests CBP dedicate greater resources to expedite passenger processing at Miami International Airport.,,,,,,,,,,
54,,,,,,,,,,,,,,
55,,,,,,,,,,,,,,
56,969842,1/8/13,Congressman Chris Gibson,Writes on behalf of a constituent seeking a biweekly pay cap waiver for working the Republican and Democratic conventions.,,,,,,,,,,
57,969492,1/3/13,Senator Kirsten E. Gillibrand,Requests USCIS hold Form 1-485 and Form 1-130 in abeyance (DOMA).,,,,,,,,,,
58,971167,1/18/13,Senator Kirsten E. Gillibrand,Write regarding the Defense of Marriage Act (DOMA) and marriage-based immigration petitions.,,,,,,,,,,
59,969450,12/20/12,Senator Charles E. Grassley,"Write regarding the ICE arrest of Luis Abrahan Sanchez Zavaleta, an unpaid intern in the office of Senator Menendez.",,,,,,,,,,
60,969809,1/8/13,Senator Charles E. Grassley,Request a response to questions regarding the arrest of Luis Abrahan Sanchez Zavaleta.,,,,,,,,,,
61,,,,,,,,,,,,,,
62,969513,1/3/13,Congressman Tim Griffin,Request to reconsider expediting 1-924 application for EB-5 Regional Center status by the Regional Economic Development & Investment Group (REDIG) and Arkansas Regional Economic Development Center (AREDC).,,,,,,,,,,
63,970843,1/16/13,Congressman Morgan Griffith,Form I-129f for Petioner,,,,,,,,,,
64,969690,1/7/13,Congressman Raul M. Grijalva,"Expresses support for comprehesive immigration reform and suggests it include an increase in CBP personnel, improved port of entry infrastructure, and protection against racial profiling.",,,,,,,,,,
65,971690,1/25/13,Congressman Raul M. Grijalva,"Requests assistance on behalf of his constituent, who requests why his security clearance was revoked.",,,,,,,,,,
66,969843,1/8/13,Congressman Alcee L. Hastings,Writes on behalf of constituent requesting FEMA to restore her reputation.,,,,,,,,,,
67,971864,1/30/13,Senator Martin Heinrich,"Requested to retake tests for naturalization, constituent wants final results included",,,,,,,,,,
68,,,,,,,,,,,,,,
69,,,,,,,,,,,,,,
70,969569,1/4/13,Congressman Chris Van HoIIen,Writes on behalf of constituent regarding 1-130 petition. (DOMA case),,,,,,,,,,
71,971752,1/29/13,Congressman Chris Van Hollen,(b)(6)    uggest that the Federal Goverment offer a combined process for applying for a pasport and naturalization at the same time.,,,,,,,,,,
72,971972,1/31/13,Congressman Jared Huffman,"(b),c?    has received an EB-5 visa for his business in Hawaii, and now want to know if he can use it for one in California? Also, would like to know the status and potential timig of this visa application.",,,,,,,,,,
73,971746,1/29/13,Congressman Steve Israel,Writes to request that FEMA allocate Hurricane Sandy funds for co-ops in New Y ork,,,,,,,,,,
74,971873,1/30/13,Congressman Darrell Issa,Writes for more information regarding the delay in arresting intern Luis Abraham Sanchez Zavaleta.,,,,,,,,,,
75,969469,12/20/12,Senator Ron Johnson,"Request information regarding the investigation of the U.S. Secret Service incident in Cartagena, Colombia.",,,,,,,,,,
76,,,,,,,,,,,,,,
77,971880,1/30/13,Congressman Walter B. Jones,Writes on behalf of constituent who requests that spouse citizenship is taken because of fear of safety.,,,,,,,,,,
78,971095,1/18/13,Congressman William R. Keating,Writes on behalf of his constituent who would like to continue to work until his 60th birthday as a Deportation Officer.,,,,,,,,,,
79,971390,1/23/13,"Congressman William R, Keating",Constituent filed for his wife and daughter,,,,,,,,,,
80,969836,1/8/13,Senator John F. Kerry,Writes on behalf of a constituent requesting information under the Freedom of Information Act.,,,,,,,,,,
81,969871,1/8/13,Senator John F. Kerry,"Writes on behalf of constituent regarding his pending 1-485, Application to Register Permanent Residence",,,,,,,,,,
82,970892,1/16/13,Senator John F. Kerry,Re an 1-612 waiver.,,,,,,,,,,
83,971631,1/25/13,Senator John F. Kerry,Re status on several 1-730 cases.,,,,,,,,,,
84,,,,,,,,,,,,,,
85,,,,,,,,,,,,,,
86,969489,1/3/13,Congressman Jack Kingston,Mother moving to live near her son and daughter in law,,,,,,,,,,
87,969368,12/31/12,Senator Amy Klobuchar,"Writes on behalf of a constituent regarding frustrations with long lines at a TSA checkpoint, causing him to miss his connecting flight.",,,,,,,,,,
88,969844,1/8/13,Senator Amy Klobuchar,Writes on behalf of constituent (b)(6)    Regarding his recent notice of failure to re-certify and proposal removal.,,,,,,,,,,
89,971492,1/24/13,Senator Amy Klobuchar,Writes on behalf of a constituent regarding his frustrations with an audit conducted by DHS.,,,,,,,,,,
90,971494,1/24/13,Senator Amy Klobuchar,Writes regarding TSA denying him the right to board a flight because he was a security risk.,,,,,,,,,,
91,969393,12/31/12,Congressman Dennis J. Kucinich,Thanks the Secretary for her work in service of the American people.,,,,,,,,,,
92,,,,,,,,,,,,,,
93,969631,1/11/13,Senator Mary L. Landrieu,"As Chairwoman of Senate Appropriations Subcommittee on Homeland Security, requests USCIS provide information on transition adoption cases in Guatemala as needed.",,,,,,,,,,
94,970148,1/10/13,Senator Mary L. Landrieu,"As Chairwoman of Senate Appropriations Subcommittee on Homeland Security, requests USCIS provide information on Russian adoption cases.",,,,,,,,,,
95,969480,1/3/13,Congressman Sheila Jackson Lee,"Constituent was brought in United States, he wants to stay, asking for Request for Consideration of Prosecutorial Discretion",,,,,,,,,,
96,971792,1/29/13,Senator Carl Levin,"Writes in support of the inclusion of bicycle and pedestrian access on the New International Trade Crossing Bridge between Detroit, Michigan and Windsor, Ontario.",,,,,,,,,,
97,970263,1/14/13,Congressman Sander M. Levin,Mother trying to get her son a correct diagnosis here in the United States,,,,,,,,,,
98,,,,,,,,,,,,,,
99,,,,,,,,,,,,,,
100,971962,1/30/13,Congressman Jean Ligocki,Not completed,,,,,,,,,,
101,971963,1/30/13,Congressman Sam Lubner,Not completed,,,,,,,,,,
102,970901,1/16/13,Congressman Ben Lujan,Writes to express appreciation for working with the Secretary regarding the implementation of REAL ID in New Mexico.,,,,,,,,,,
103,971016,1/17/13,Congressman Carolyn B. Maloney,Writes on behalf of a constituent regarding a $300 fine for not declaring food at Newark International Airport.,,,,,,,,,,
104,969773,1/7/13,Congressman Carolyn McCarthy,Constituent sent a copy of his Form 1-485,,,,,,,,,,
105,972029,1/31/13,Congressman Michael McCaul,Request that the Adminstration’s budget enable the Department to assume responsibility for the Tethered Aerostat Radar System (TARS).,,,,,,,,,,
106,971711,1/28/13,Senator Mitch McConnell,Re status of an 1-601 waiver.,,,,,,,,,,
107,971127,1/18/13,Congressman Gloria McLeod,Grandmother has any options with regard to fixing her granddaughter's citizenship's status,,,,,,,,,,
108,,,,,,,,,,,,,,
109,,,,,,,,,,,,,,
110,971721,1/29/13,Congressman Grace Meng,Re status on an 1-730 petition.,,,,,,,,,,
111,971088,1/18/13,Congressman John L. Mica,Re: An H-1B case.,,,,,,,,,,
112,971207,1/22/13,Senator Barbara A. Mikulski,"Requests specific information on the impact that sequestor will have on Department operations, employees, contractors, and local economies.",,,,,,,,,,
113,971702,1/28/13,Congressman Gary G. Miller,"The Institute for Fair Elections is attempting to fgather statistics related to the number of persons seeking citizenship, who were declined due to having voted prior to becoming a citizen.",,,,,,,,,,
114,971488,1/24/13,Senator Jerry Moran,Writes on behalf of his constituent regarding the application process for hazmat certifications of a commercial drivers' license.,,,,,,,,,,
115,969466,1/3/13,Senator Bill Nelson,Appeal with officer,,,,,,,,,,
116,,,,,,,,,,,,,,
117,970795,1/16/13,Senator Bill Nelson,Re a pending 1-601 waiver.,,,,,,,,,,
118,970886,1/16/13,Senator Bill Nelson,Re an 1-360 case.,,,,,,,,,,
119,971493,1/24/13,Senator Bill Nelson,Writes on behalf of his constituent regarding the requirements to fly as an Air Marshal.,,,,,,,,,,
120,970993,8/3/11,Congressman Nelson Peacock,"USCIS REPORT TO CONGRESS - Characteristics of H-1B Specialty Occupation Workers FY2010 Annual Report (October 1,2009 - September 30, 2010)",,,,,,,,,,
121,970994,8/3/11,Congressman Nelson Peacock,"USCIS REPORT TO CONGRESS - Report on H-1B Petitions FY2010 Annual Report (October 1,2009 -September 30, 2010)",,,,,,,,,,
122,970995,8/1/11,Congressman Nelson Peacock,USCIS REPORT TO CONGRESS - Report on Certain Applications for Naturalization Pending Longer Than One Year as of December 2009 and December 2010,,,,,,,,,,
123,,,,,,,,,,,,,,
124,971008,7/29/11,Congressman Nelson Peacock,"USCIS REPORT TO CONGRESS - Report on Adjustments of Status Granted Under Section 13 of the Act of September 11, 1957 (October 1, 2010 to October 31, 2010)",,,,,,,,,,
125,971009,7/29/11,Congressman Nelson Peacock,"USCIS REPORT TO CONGRESS - Report on Adjustments of Status Granted Under Section 13 of the Act of September 11, 1957 (November 1, 2010 to November 30, 2010)",,,,,,,,,,
126,971010,7/29/11,Congressman Nelson Peacock,"USCIS REPORT TO CONGRESS - Report on Adjustments of Status Granted Under Section 13 of the Act of September 11, 1957 (January 1, 2011 to January 31, 2011)",,,,,,,,,,
127,970996,8/3/11,Congressman Nelson Peacock,"USCIS REPORT TO CONGRESS - Report on Adjustments of Status Granted Under Section 13 of the Act of September 11, 1957 (February 1, 2011 to February 28, 2011)",,,,,,,,,,
128,971013,8/3/11,Congressman Nelson Peacock,"USCIS REPORT TO CONGRESS - Report on Adjustments of Status Granted under Section 13 of the Act of September 11,1957 (December 1, 2010 to December 31, 2010)",,,,,,,,,,
129,,,,,,,,,,,,,,
130,970997,8/25/11,Congressman Nelson Peacock,USCIS REPORT TO CONGRESS - Report on Adjustments of Status Granted Under Section 13 of the Act of September 11. 1957 (Mid-1999 through September 2010),,,,,,,,,,
131,971086,12/9/11,Congressman Nelson Peacock,"GAO-12-25C. CHEMICAL, BIOLOGICAL, RADIOLOGICAL, AND NUCLEAR RISK ASSESSMENTS; DHS Should Establish More Specific Guidance for Their Use",,,,,,,,,,
132,971108,12/9/11,Congressman Nelson Peacock,"GAO-11-883T, MARITIME SECURITY; Progress Made, but Further Actionsl Needed to Secure the Maritime Energy Supply",,,,,,,,,,
133,969838,1/8/13,Congressman Steve Pearce,"Writes on behalf of his constituent, regarding Iris constituent's background check and clearance with FLETC.",,,,,,,,,,
134,970190,1/11/13,Congressman Steve Pearce,Re 1(f)(6)    vho need help in returning to the U.S. She has a green card issue. (1-130).,,,,,,,,,,
135,971938,1/30/13,Congressman Thomas Petri,Constuitent lives in Thailand,,,,,,,,,,
136,,,,,,,,,,,,,,
137,,,,,,,,,,,,,,
138,971679,1/28/13,Congressman Pedro Pierluisi,Re a request for a reconsideration of her denied waiver. (1-601).,,,,,,,,,,
139,971653,1/25/13,Congressman Robert Pittenger,Re an 1-730 case.,,,,,,,,,,
140,970831,1/16/13,Congressman Ted Poe,Re an 1-601 waiver.,,,,,,,,,,
141,969955,1/9/13,Congressman Bill Posey,Requests an itemized breakdown of the projects funded by Hurricane Sandy relief.,,,,,,,,,,
142,970833,1/16/13,Congressman Jim Renacci,Fiancee Filed Fonn 1-129F for fiance,,,,,,,,,,
143,971669,1/25/13,Senator Pat Roberts,"Re    concerning her son, who is in jail in Edgefield , South Carolina.",,,,,,,,,,
144,,,,,,,,,,,,,,
145,971308,1/22/13,Congressman Harold Rogers,Request candidates for the Professional Development Program in the House Appropriations Committee's Surveys and Investigations Division.,,,,,,,,,,
146,971646,1/25/13,Congressman Timothy Ryan,"Re|fb)<B>    |in seeking assistance in getting his US citizenship, (N-400).",,,,,,,,,,
147,969371,1/2/13,Congressman Gregorio Sablan,"Requests status of EB-5 Regional Center application submitted by Marianas Investment Company, LLC, subsidiary of Tan Holdings Corporation",,,,,,,,,,
148,971626,1/25/13,Senator Charles E. Schumer,Supports application submitted by the Hagaman Volunteer Fire Department for funding under the Fire Prevention and Safety Grant program.,,,,,,,,,,
149,971913,1/30/13,Congressman Austin Scott,Re an N-565 case.,,,,,,,,,,
150,969462,1/3/13,Congressman David Scott,Status of the case,,,,,,,,,,
151,971810,1/29/13,Congressman Terri Sewell,Work Permit,,,,,,,,,,
152,969405,1/2/13,Senator Jeanne Shaheen,"Writes in support of the Claremont, NH Fire Department's application for a grant",,,,,,,,,,
153,,,,,,,,,,,,,,
154,,,,,,,,,,,,,,
155,970308,1/14/13,Congressman Brad Sherman,Re status on an I-290B case.,,,,,,,,,,
156,970262,1/14/13,Congressman Brad Sherman,None,,,,,,,,,,
157,969370,1/2/13,Congressman Bill Shuster,Re status of an 1-601 waiver.,,,,,,,,,,
158,971102,1/18/13,Congressman Michael K. Simpson,Constituent wants servce in the US service as citizen,,,,,,,,,,
159,970876,1/16/13,Congressman Bennie G. Thompson,U visa Nonimmigrant status application,,,,,,,,,,
160,971092,1/18/13,Congressman Bennie G. Thompson,Constituent is trying to get his fiancee into the United States,,,,,,,,,,
161,971619,1/25/13,Congressman Nydia M. Velazquez,Re status of an 1-485 application.,,,,,,,,,,
162,969436,1/3/13,Congressman Peter J. Visclosky,Re status of an 1-130 petition.,,,,,,,,,,
163,,,,,,,,,,,,,,
164,969748,1/7/13,Congressman Peter J. Visclosky,Adjustment of Status,,,,,,,,,,
165,970247,1/11/13,Senator Mark R. Warner,Re an 1-730 Refugee ease.,,,,,,,,,,
166,970260,1/14/13,Senator Mark R. Warner,Constituent is checking the status of case.,,,,,,,,,,
167,971448,1/23/13,Senator Mark R. Warner,Son seeking to get his mother classified as United States citizen,,,,,,,,,,
168,971609,1/25/13,Senator Mark R. Warner,Constituents (bM0>    -equesting status of 1-140 and 1-485,,,,,,,,,,
169,971027,1/17/13,Congressman Henry Waxman,Writes regarding his constituent's claims that he was treated unfairly by CBP’s academy.,,,,,,,,,,
170,971304,1/22/13,Congressman Daniel Webster,Re a pending I-290B appeal.,,,,,,,,,,
171,971683,1/28/13,Congressman Joe Wilson,Re a fee waiver. Form 1-912).,,,,,,,,,,
172,,,,,,,,,,,,,,
173,970092,1/10/13,Congressman Frank R. Wolf,Writes to members of the Committee on Foreign Investment in the United States (CFIUS) to express concern with an acquisition of a Chinese firm.,,,,,,,,,,
174,970073,1/10/13,Congressman Frank R. Wolf,Re EOIR 29 case (Notice of Appeal).,,,,,,,,,,
175,971077,1/1S/2013,Congressman Frank R. Wolf,Writes on behalf of a constituent disputing a bill for an erroneous cash reward.,,,,,,,,,,
176,969973,1/9/13,Congressman Steve Womack,Writes in suppot of renewing the 287(g) task force agreements.,,,,,,,,,,
177,970099,1/8/13,,"Rep. Barber writes on behalf of his constituent,",,,,,,,,,,
178,,,,(t'Xei    <ho contends he has been harassed multiple times while traveling through a Border Patrol checkpoint.,,,,,,,,,,
179,971942,1/30/13,,,,,,,,,,,,
180,,,,,,,,,,,,,,
181,,,,,,,,,,,,,,
182,,,,,,,,,,,,,,
183,WF#,Receive Date,Congressman Name,Subject of Request,,,,,,,,,,
184,974000,2/25/13,Congressman Ron Barber,Writes on behalf of a constituent who is seeking clarification as to what the proper procedures and regulations are for the importation of prescription drugs for personal use from Mexico.,,,,,,,,,,
185,974250,2/27/13,Congressman Diane Black,Complains that the Department is using the pending sequester as a justification to further the Administration's goal of granting backdoor amnesty to the nation's illegal immigrant population.,,,,,,,,,,
186,972816,3/7/13,Congressman Rafael Borras,Quarterly High Dollar Overpayments Report-October to December 2012,,,,,,,,,,
187,973320,3/7/13,Congressman Rafael Borras,DHS’s Use of Federally Funded Research and Development Centers (FFRDCs) Fiscal Years (FYs) 2010-2012 Report,,,,,,,,,,
188,973941,2/26/13,Congressman Rafael Borras,Response from DHS Secretary to SAC-HS Chairman Mary Landrieu's request for a letter on the impacts of sequestration to International Trade,,,,,,,,,,
189,,,,,,,,,,,,,,
190,,,,,,,,,,,,,,
191,973944,2/22/13,Senator Sherrod Brown,"Writes on behalf of a constituents regarding security procedures at their workplace,",,,,,,,,,,
192,972126,2/1/13,Congressman Erie Cantor,Re the process of an I-130.,,,,,,,,,,
193,972664,2/6/13,Congressman Erie Cantor,"Write on behalf of constituent who complains that his grand-daughter, fb><6)    pew to Dulles Airport. DC and was detained and not allowed to make a phone call or eat for 5 hours.",,,,,,,,,,
194,972813,2/8/13,Senator Thomas R. Carper,Writes to request a detail extension for an employee through December 2013.,,,,,,,,,,
195,973210,2/13/13,Senator Thomas R. Carper,DHS Improper Payments Elimination and Recovery Act,,,,,,,,,,
196,972783,2/7/13,Senator Saxby Chambliss,Writes regarding an Agent who took her badge.,,,,,,,,,,
197,973806,2/21/13,Senator Tom A. Coburn,Writes to inquire about the impact of sequestration on the Department.,,,,,,,,,,
198,973930,2/22/13,Senator Susan M. Collins,"Write on behalf of a constituent regarding the constituent's job application status,",,,,,,,,,,
199,,,,,,,,,,,,,,
200,974282,2/28/13,Senator Susan M. Collins,Writes on behalf of constituents regarding the treatment of current certifications under the new FPS guidelines.,,,,,,,,,,
201,972895,2/8/13,Congressman Gerry Connolly,Writes on behalf of a constituent regarding her promotion issues within the federal government.,,,,,,,,,,
202,974306,2/28/13,Congressman Gerry Connolly,Writes on be-half of constituent concerning a complaint tiled with OIG.,,,,,,,,,,
203,973996,2/25/13,Senator John Cornyn,Writes on behalf of constituent requesting information about why he was fired.,,,,,,,,,,
204,973385,2/15/13,Congressman Joe Courtney,Writes on behalf of    |-ecomraending him for the position of Assistant Secretary for Communications.,,,,,,,,,,
205,972161,2/1/13,Senator Michael D. Crapo,(regarding his wife visa.,,,,,,,,,,
206,972506,2/6/13,Congressman Jeff Duncan,Writes on behalf of a constituent who believes he is on a federal watch list.,,,,,,,,,,
207,,,,,,,,,,,,,,
208,974363,2/28/13,Senator Richard J. Durbin,Letter attached,,,,,,,,,,
209,973830,2/27/13,Congressman Sam Farr,Writes on be-half of constituent    for assistance with Fl-visa.,,,,,,,,,,
210,972530,2/6/13,Senator Dianne Feinstein,Writes on behalf of a constituent who requests to use wine during religious ceremonies in federal prisons.,,,,,,,,,,
211,972979,2/12/13,Senator Jeff Flake,Requests information related to Border Patrol apprehensions along the Tucson Sector and on Ladd Ranch.,,,,,,,,,,
212,974272,2/28/13,Congressman Trent Franks,Writes with concents regarding Electromagnetic Pulse and the steps of action that must be taken in order to prevent such an event.,,,,,,,,,,
213,973032,2/12/13,Congressman David Gibbons,Requests a designated point of contact within five days in regard to obtaining data about the reprograming of appropriated funds.,,,,,,,,,,
214,974379,2/28/13,Congressman David Gibbons,Writes to request a point of contact within the Department to inquire about the plan for disaster recovery after Hum cane Sandy and the Hurricane Sandy Rebuilding Task Force.,,,,,,,,,,
215,,,,,,,,,,,,,,
216,974274,2/28/13,"Congressman Robert W, Goodlatte","Request information regarding the release of illegal and criminal aliens due to the sequestration, as well as other impacts of the budget cuts.",,,,,,,,,,
217,973552,2/19/13,Senator Charles E. Grassley,Writes on behalf of a constituent who requests a guest speaker regarding Cyber Security.,,,,,,,,,,
218,973779,2/21/13,Congressman Chris Van Hollen,Writes on behalf of a constituent regarding a pending EEO case.,,,,,,,,,,
219,974076,2/26/13,Congressman Steny H. Hoyer,Writes on behalf of constituent regarding reports of spouse immigration fraud.,,,,,,,,,,
220,973639,2/20/13,Congressman Jared Huffman,Writes on behalf of constituent to request status update for her husbands immigration case.,,,,,,,,,,
221,973535,2/19/13,Senator Johnny Isakson,Writes on behalf of a constituent who needs requests help to obtain his security clearance.,,,,,,,,,,
222,972121,2/1/13,Congressman Lynn Jenkins,"Department of State referral, regarding the process of an I-864.",,,,,,,,,,
223,972875,2/8/13,Congressman Walter B. Jones,Writes on behalf of his constituent who requests to reopen his application with TSA.,,,,,,,,,,
224,,,,,,,,,,,,,,
225,,,,,,,,,,,,,,
226,972240,2/4/13,Congressman William R. Keating,Administrative appeals case,,,,,,,,,,
227,972590,2/6/13,Senator John F. Kerry,Writes on behalf of a constituent requesting a meeting regarding a proposal for a more secure internet.,,,,,,,,,,
228,973933,2/22/13,Congressman Dale E. Kildee,"Writes on behalf of a constituent regarding an incident at Bishop International Airport in Flint, MI.",,,,,,,,,,
229,973287,2/14/13,Congressman Peter T. King,"Requests CFIUS investigation of the transaction that calls for building a Fertilizer plant in Indiana by Midwest Company,",,,,,,,,,,
230,972S78,2/8/13,Congressman Jack Kingston,"Writes on behalf of a constituent regarding an unpaid bill from a contractor of FLETC,",,,,,,,,,,
231,972678,2/6/13,Senator Mark Kirk,"Writes on behalf of constituent,    who is inquiring about employment with TSA.",,,,,,,,,,
232,,,,,,,,,,,,,,
233,972761,2/7/13,Senator Amy Klobuchar,Writes on behalf of her constituent who is having troubles obtaining a clearance in order to work at the stores in an airport.,,,,,,,,,,
234,972785,2/7/13,Senator Amy Klobuchar,"Writes on behalf of constituent, who was not allowed to board a plane to the United States.",,,,,,,,,,
235,972893,2/8/13,Senator Amy Klobuchar,"Writes on behalf of constituent, |iU<6>    Iwho is complaining that he always detained at the airport.",,,,,,,,,,
236,972982,2/12/13,Senator Amy Klobuchar,Writes on behalf of constituent requesting assistance with husband’s arrival as a refugee that was previously cancelled.,,,,,,,,,,
237,973752,2/20/13,Senator Mary L. Landrieu,Writes in support of the Integrated Cybersecurity Education Communities (ICEC) project.,,,,,,,,,,
238,972129,2/1/13,Senator Patrick J. Leahy,Requests information regarding the full-body x-ray scanners that were recently pulled from airports and their cost to taxpayers.,,,,,,,,,,
239,,,,,,,,,,,,,,
240,,,,,,,,,,,,,,
241,973117,2/13/13,Senator Patrick J. Leahy,Write with concerns regarding ongoing disaster recovery from Hurricane Irene in Vermont.,,,,,,,,,,
242,972215,2/4/13,Congressman Sander M. Levin,Expedite request of an humanitarian parole 2 cases. (I-730),,,,,,,,,,
243,973501,2/19/13,Congressman John Lewis,Writes regarding a constituent who claims he is being harrassed and was downgraded for being a gay male by a superior within USCIS.,,,,,,,,,,
244,972571,2/6/13,Congressman Blaine Luetkemeyer,Writes on behalf of constituent requesting to review customers request to receive a new password to utilize the E-verify program.,,,,,,,,,,
245,972138,2/1/13,Congressman Carolyn B. Maloney,Congratulates the Secretary on her tenure as Secretary of Homeland Security and emphasizes the importance of the use of high risk funding for fighting threats to the nation.,,,,,,,,,,
246,,,,,,,,,,,,,,
247,974028,2/25/13,Congressman Carolyn B. Maloney,Writes on behalf of constituentwho requests immigration assistance.,,,,,,,,,,
248,973537,2/19/13,Senator John McCain,Writes on behalf of his constituent regarding why he is always subjected to secondary screenings.,,,,,,,,,,
249,973571,2/19/13,Senator John McCain,Writes on behalf of constituent    pho writes with concerns with cyber security.,,,,,,,,,,
250,974100,2/26/13,Senator John McCain,Requests a detai lee from the Department to the minority staff of the Permanent Subcommittee on Investigations of the Senate Committee on Homeland Security and Government Affairs.,,,,,,,,,,
251,973772,2/21/13,Congressman Michael McCaul,Rep. McCaul expresses concerns about DHS' ability to pass a clean financial audits.,,,,,,,,,,
252,974210,2/27/13,Congressman Michael McCaul,Writes with concern about the recent ICE annoucement to release a large number of detained persons.,,,,,,,,,,
253,,,,,,,,,,,,,,
254,,,,,,,,,,,,,,
255,972733,2/7/13,Senator Mitch McConnell,Constituent is trying to change L-2 to L-l status,,,,,,,,,,
256,972090,2/1/13,Congressman Grace Meng,Re: Several 1-730 petitions.,,,,,,,,,,
257,972852,2/8/13,Senator Barbara A. Mikulski,Writes on behalf of a constituent regarding his complaint of being passed over for promotions.,,,,,,,,,,
258,974218,2/27/13,Congressman Beto O'Rourke,Writes regarding sequestration and its impact on CBP officers.,,,,,,,,,,
259,974030,2/25/13,Congressman Steven Palazzo,Writes on behalf of his constituent regarding an error with his Transportation Worker Identification Credential (TWIC) card application.,,,,,,,,,,
260,974299,2/28/13,Congressman Ted Poe,Writes with concerns regarding the release of hundreds of detainees from ICE custody.,,,,,,,,,,
261,972139,2/1/13,Congressman David E. Price,Re: Form 1-687 for (b)(6t,,,,,,,,,,
262,,,,,,,,,,,,,,
263,,,,,,,,,,,,,,
264,972573,2/6/13,Congressman Tom Price,Writes on behalf of constituent regarding a hostile work environment within the ICE Georgia office.,,,,,,,,,,
265,974022,2/25/13,Congressman Nick J. Rahall,Writes on behalf of constituent!'bwt    |vho expresses concern about Government agencies buying ammo and guns.,,,,,,,,,,
266,973146,2/13/13,Senator Pat Roberts,Address concerns regarding timing of the construction contract for National Bio and Agro-defense Facility (NBAF) Central Utilities Plant (CUP).,,,,,,,,,,
267,972149,2/1/13,Congressman Dennis Ross,Writes on behalf of his constituent requesting information about a hearing.,,,,,,,,,,
268,974301,2/28/13,Congressman Timothy Ryan,Writes on behalf of constituent requesting two metal detectors.,,,,,,,,,,
269,972171,2/1/13,Congressman Janice D. Schakowsky,Writes on behalf of constituentp)’6)    and,,,,,,,,,,
270,,,,"|'b,(6?    who are stopped by O'Hare International Airport each time they arrive home after traveling abroad.",,,,,,,,,,
271,,,,,,,,,,,,,,
272,972281,2/4/13,Senator Charles E. Schumer,Writes to support the Newark Valley Fire Department request for funding under the Assistance to Firefighters Grant program,,,,,,,,,,
273,972707,2/7/13,Senator Charles E. Schumer,Writes in support of the application submitted by the Cobleskill Fire Department for funding under the Fire Prevention and Safety Grant Program.,,,,,,,,,,
274,972750,2/7/13,Senator Charles E. Schumer,Writes in support of the application submitted by the Torah Community Network for funding under FEMA's Fire Prevention and Safety Program,,,,,,,,,,
275,974219,2/27/13,Senator Charles E. Schumer,Supports application submitted by the Niagara Engine Company No. 6 for funding under the Fire Prevention Safety Program.,,,,,,,,,,
276,974220,2/27/13,Senator Charles E. Schumer,Supports application submitted by the City of Niagara Falls Fire Department for funding under the Fire Prevention and Safety Program.,,,,,,,,,,
277,972094,2/1/13,Congressman David Scott,Re    replacement of her naturalization documents. (N-565).,,,,,,,,,,
278,,,,,,,,,,,,,,
279,973641,2/20/13,Congressman David Scott,Writes on behalf of his constituent who requests reconsideration on the issuance of his SIDA badge.,,,,,,,,,,
280,972922,2/11/13,Congressman Bill Shuster,Request for financial and project information on Hurricane Sandy disaster assistance funding.,,,,,,,,,,
281,973631,2/12/13,Congressman Silvia,Applicant writing regarding a complaint.,,,,,,,,,,
282,973998,2/25/13,Congressman Steve Southerland,Writes on behalf of constituent with concerns about the REAL ID Act.,,,,,,,,,,
283,974279,2/28/13,Congressman Steve Southerland,Writes on behalf of a constituent regarding his grievance appeal with USSS.,,,,,,,,,,
284,972147,2/1/13,Congressman Bennie G. Thompson,Writes to request information regarding the potential impact of sequestration on the Department and its ability to continue all necessary missions.,,,,,,,,,,
285,972652,2/6/13,Congressman Bennie G. Thompson,Inquiring into the employment status of *b)(0> (by6)    pnd would like detailed information on his lists questions.,,,,,,,,,,
286,,,,,,,,,,,,,,
287,973770,2/21/13,Congressman Bennie G. Thompson,Writes regarding    retirement with suggestions of what USSS's priorities should be in the future.,,,,,,,,,,
288,973164,2/13/13,Senator Tom Udall,Writes to request the Department assume full responsibility for the Tethered Aerostat Radar System (TARS).,,,,,,,,,,
289,972577,2/6/13,Senator David Vitter,"Writes on behalf of constituent to request a meeting with the Department regarding their company, Tube Pump Systems of West Monroe.",,,,,,,,,,
290,973635,2/20/13,Senator Mark R. Warner,Writes on behalf of constituent who addresses concern about pension offsets.,,,,,,,,,,
291,973009,2/12/13,Congressman Henry Waxman,Writes on behalf of his constituent regarding problems the constituent faces with secondary inspections.,,,,,,,,,,
292,972507,2/6/13,Congressman Frank R. Wolf,Writes regarding refusal of NPPD management staff to process award post policy of retired service badge which was authorized.,,,,,,,,,,
293,973999,2/25/13,"Congressman Frank R, Wolf",Writes on behalf of a constituent who asks why DHS was purchasing assault rifles.,,,,,,,,,,
294,,,,,,,,,,,,,,
295,Policy Congressional Report,,,,,,,,,,,,,
296,Opened Between 03/01/2013 and 03/31/2013,,,,,,,,,,,,,
297,WF#,Receive Date,Congressman Name,Subject of Request,,,,,,,,,,
298,974456,3/1/13,Senator Lamar Alexander,"Writes on behalf of constituent,|(t7<6)    who is concerned with the understaffing of TSA officers at the McGhee Tyson Airport in TN and the abusive treatment from upper management.",,,,,,,,,,
299,975281,3/12/13,Congressman Ron Barber,Urges the House and Senate to reverse the funding cuts affecting the security of the Nation's borders.,,,,,,,,,,
300,976882,3/28/13,Congressman Ron Barber,Writes to restore the currently scheduled cuts to Border Patrol personnel hours and pay.,,,,,,,,,,
301,974861,3/7/13,Congressman Earl Blumenauer,Write with concerns regarding the Special Immigration Visa program for Iraqis and Afghans.,,,,,,,,,,
302,974516,3/1/13,Congressman Bruce Braley,Requests an improvement plan from the Department regarding the Plain Writing Act of 2010.,,,,,,,,,,
303,,,,,,,,,,,,,,
304,974796,3/7/13,Congressman Julia Brownley,Urges the Department to take a closer look at CBP staffing at the ports and to provide sufficient resources for Port Hueneme to remain open for the same hours and the other west coast ports.,,,,,,,,,,
305,976042,3/20/13,Congressman Shelley Moore Capito,Writes on behalf of constituents regarding the proposed rule allowing H-4 dependent spouses to apply for employment authorization.,,,,,,,,,,
306,976741,3/27/13,Congressman Lois Capps,Urges the President to Appoint a Bipartisan Blue Ribbon Panel to Develop a Comprehensive Program to Help Local Communities Prepare for the Anticipated Impacts of an Increase in Climate-Related Extreme Weather Events.,,,,,,,,,,
307,974534,2/27/13,Congressman John Carter,Letter in response to verbal request for Deferred Action for Childhoold Arrivals (DACA) denial data.,,,,,,,,,,
308,975660,3/15/13,Congressman Jason Chaffetz,Requests a briefing and additional information in regards to DHS's procurement of ammunition.,,,,,,,,,,
309,974413,3/1/13,Senator Saxby Chambliss,Writes on behalf of constituent (b)<6)    |vho is requesting his badge be given back to him by ICE so he can continue to work.,,,,,,,,,,
310,976640,3/27/13,Senator Saxby Chambliss,Writes on behalf of constituents with concerns over recent reports alleging that the Department plans to procure armored vehicles for use within the U.S.,,,,,,,,,,
311,,,,,,,,,,,,,,
312,,,,,,,,,,,,,,
313,974442,3/1/13,Senator Daniel Coats,Writes with concerns regarding ICE’s decision to initiate an action to reduce the population of illegal aliens detained by the U.S.,,,,,,,,,,
314,974672,3/5/13,Congressman Howard L. Coble,Writes on behalf of a constituent regarding the Department's position on the new high security Matricula Consular ID cards issued by the Mexican Embassy.,,,,,,,,,,
315,974728,3/5/13,Senator Tom A. Cobum,Writes with concerns regarding CBP's unmanned aircraft system (UAS) program.,,,,,,,,,,
316,974877,3/7/13,Congressman Doug Collins,Writes regarding the release of illegal aliens as a result of sequestration.,,,,,,,,,,
317,975865,3/19/13,Congressman Doug Collins,Write with follow-up questions regarding the decision made by ICE to mas release illegal aliens in federal custody.,,,,,,,,,,
318,974953,,Senator John Cornyn,,,,,,,,,,,
319,975856,3/19/13,Congressman Elijah E. Cummings,"Writes on behalf of his constituent requesting the surveillance, racial profiling, and spying on her personal and business affairs be stopped.",,,,,,,,,,
320,975290,3/13/13,Congressman Theodore E. Deutch,Writes on behalf of a constituent regarding a possible terrorist in connection to Assa Corporation.,,,,,,,,,,
321,974782,3/7/13,Congressman Tammy Duckworth,Writes on behalf of constituent. |<b)<e’    Ivho wants to know whv her passports were taken away at the airport and if she will get them back.,,,,,,,,,,
322,975043,3/11/13,Congressman Jeff Duncan,Requests additional information regarding Conferences,,,,,,,,,,
323,,,,,,,,,,,,,,
324,,,,,,,,,,,,,,
325,975959,3/20/13,Senator Michael B. Enzi,"Writes on behalf of constituent,px6)    Jvho is having issues with the H2A visa program.",,,,,,,,,,
326,975430,3/14/13,Congressman Sam Farr,Writes on behalf of a constituent regarding a FOIA request for records from the Department of Justice.,,,,,,,,,,
327,974415,3/1/13,Congressman Jeff Flake,"Writes regarding the decision to release hundreds of detainees, as a budget cutting measure related to sequestration and the pending continuing resolution.",,,,,,,,,,
328,976934,3/28/13,Congressman John Fleming,Requests that DHS issue a Request for Proposals for the Integrated Cybersecurily Education Communities (ICEC) Project.,,,,,,,,,,
329,975087,3/11/13,Congressman David Gibbons,Writes on behalf of the Committee on Appropriations and inquires about the U.S. Customs and Border Protection's budget.,,,,,,,,,,
330,975426,3/14/13,Congressman Kirsten E. Gillibrand,Writes with concerns regarding TSA's recent decision to allow passengers to carry pocketknives onto commercial airplanes.,,,,,,,,,,
331,974435,3/1/13,Congressman Robert W. Goodlatte,Writes on behalf of constituent^6)’6)    |who is concerned that the Department is stockpiling excessive amounts of ammunition.,,,,,,,,,,
332,974652,3/5/13,Congressman Robert W. Goodlatte,Writes on behalf of a constituent seeking public access to the Navy Chapel at DHS Headquarters.,,,,,,,,,,
333,,,,,,,,,,,,,,
334,976828,3/27/13,Congressman Robert W. Goodlatte,Writes on behalf of constituents with concerns over recent reports alleging that the Department plans to procure armored vehicles for use within the U.S.,,,,,,,,,,
335,975833,3/19/13,Congressman Kay Granger,Writes on behalf of a constituent requesting assistance on receiving the necessary information that would validate a debt the Department claims he has from a 2010 oil spill.,,,,,,,,,,
336,974532,3/4/13,Senator Charles E. Grassley,Letter to Senator Grassley and Chairman Goodlatte of the Judiciary Committees to provide Deferred Action for Childhood Arrivals (DACA) denial data.,,,,,,,,,,
337,975630,3/15/13,Senator Charles E. Grassley,Writes regarding    and why it look so long to deny his application for Deferred Action for Childhood Arrivals and also requests an interview with ICE's Deputy Director.,,,,,,,,,,
338,976786,3/27/13,Congressman Raul M. Grijalva,"Request that the Department focuses on increasing the CBP workforce, improve Port of Entry infrastructure, and streamline border investment administration.",,,,,,,,,,
339,975741,3/18/13,Congressman Luis V. Gutierrez,Writes regarding the detention of U.S. citizens by ICE.,,,,,,,,,,
340,975829,3/19/13,Congressman Joe Heck,"Writes on behalf of a constituent regarding the recent reports indicating that the Department intends to procure 7,000 civilian AR-15's.",,,,,,,,,,
341,974651,3/5/13,Congressman Rush Holt,Writes as a follow up regarding a constituent's inquiry regarding his Traveler Redress Inquiry Program (DHS TRIP) membership.,,,,,,,,,,
342,,,,,,,,,,,,,,
343,975805,3/19/13,Congressman Steve Israel,Writes to voice concerns over significant lapse in eligibility for FEMA disaster recovery aid for housing co-ops and condominiums.,,,,,,,,,,
344,974558,3/4/13,Congressman Darrell Issa,Writes to request information regarding alternative spending measures within the Department to replace sequestration.,,,,,,,,,,
345,975088,3/11/13,Congressman Darrell Issa,Invites a representative from DHS to testify at a healing to examine opportunities to reduce waste and improve efficiencies on March 19. 2013.,,,,,,,,,,
346,975486,3/14/13,Congressman Darrell Issa,Requests information regarding conference spending within the Department.,,,,,,,,,,
347,974399,3/1/13,Senator Mike Johanns,"Writes to recommend a candidate for the position of Deputy Director of the U.S. Citizenship and Immigration Services Center in Lincoln, Nebraska",,,,,,,,,,
348,975443,3/14/13,Senator Tim Kaine,Writes on behalf of constituent||bX6>    |who requests immigrant assistance.,,,,,,,,,,
349,976490,3/26/13,Congressman William R. Keating,"Recommends,b)(^    Ifor a position within DHS.",,,,,,,,,,
350,975359,3/13/13,Congressman Ann Kirkpatrick,Writes with questions regarding the decision to release undocumented detainees.,,,,,,,,,,
351,974668,3/5/13,Senator Amy Klobuchar,Writes on behalf of constituent.kvho would like her green card back.,,,,,,,,,,
352,,,,,,,,,,,,,,
353,976081,3/20/13,Senator Amy Klobuchar,Writes on behalf of constituent^vho was turned away upon entering the U.S. because her visa was wrong.,,,,,,,,,,
354,976346,3/25/13,Senator Amy Klobuchar,Writes on behalf of constituent|who has been denied TSA pre-check six times on domestic flights.,,,,,,,,,,
355,975393,3/14/13,Congressman Doug LaMalfa,Writes regarding the purchase of vast quantities of ammunition by the Department and would like his list of questions answered.,,,,,,,,,,
356,974757,3/6/13,Senator Mary L. Landrieu,Requests information regarding the Department's STTR and SBIR contracts.,,,,,,,,,,
357,975549,3/15/13,Senator Patrick J. Leahy,Writes to urge a reconsideration of DHS policy regarding marriage based immigration petitions for same sex spouses.,,,,,,,,,,
358,974836,3/7/13,Congressman Daniel W. Lipinski,Writes on behalf of constituent (b)<6t    Regarding a complaint filed with OIG.,,,,,,,,,,
359,975047,3/11/13,Congressman Dan Maffei,Writes regarding a problem he encountered while being screened with a metal detector.,,,,,,,,,,
360,975283,3/12/13,Congressman Thomas Massie,Writes on behalf of constituent    Ivho would like to reschedule his trust traveler program appointment.,,,,,,,,,,
361,976625,3/27/13,Congressman Thomas Massie,"Writes on behalf of constituent, 'b)(6>    I who wants to schedule an interview to be part of the Global Entry Program.",,,,,,,,,,
362,,,,,,,,,,,,,,
363,974965,3/8/13,Senator John McCain,Writes regarding the release of immigrant detainees as a result of sequestration.,,,,,,,,,,
364,974968,,Senator John McCain,,,,,,,,,,,
365,975267,3/12/13,Senator Claire McCaskill,Requests information regarding how the Department handles Freedom of information Act requests.,,,,,,,,,,
366,976823,3/27/13,Congressman Michael McCaul,Write to express concern over the Department's decision to extend the Global Entry trusted traveler program to the Kingdom of Saudi Arabia.,,,,,,,,,,
367,975277,3/12/13,Congressman Jim McDermott,Writes on behalf of his constituent regarding an incident with Federal Protective Services.,,,,,,,,,,
368,975434,3/14/13,Congressman Patrick T. McHenry,Writes on behalf of a constituent regarding the status of his employment transfer and security clearance.,,,,,,,,,,
369,974841,3/7/13,Senator Robert Menendez,Requests the consideration of the Department to assign a detailee to the majority staff on the Senate Foreign Relations Committee.,,,,,,,,,,
370,974862,2/26/13,Senator Barbara A. Mikulski,Requests the Department to make any necessary arrangements for members of the Senate Appropriations Committee to travel.,,,,,,,,,,
371,974863,3/8/13,Senator Barbara A. Mikulski,Requests the Department to make any necessary arrangements for members of the Senate Appropriations Committee to travel.,,,,,,,,,,
372,,,,,,,,,,,,,,
373,975096,3/11/13,Senator Barbara A. Mikulski,Recommends Steven Cash for the position of Under Secretary for I&A.,,,,,,,,,,
374,974928,3/8/13,Congressman Gary G. Miller,"Writes on behalf of a constituent regarding potential fraud, waste, abuse, and misconduct committed by NPPD directors.",,,,,,,,,,
375,976326,3/25/13,Congressman Jeff Miller,Writes regarding the Fleet Reserve Association needing assistance to renew their logo licensing with the U.S. Patent and Trademark Office.,,,,,,,,,,
376,974434,3/1/13,Senator Christopher Murphy,Encourages the Department to work in partnership with New Haven to construct an indoor weapons firing range for recruit and in-service firearms training.,,,,,,,,,,
377,975301,3/13/13,Congressman Frank Pallone,Writes on behalf of constituent who shares his concerns about a national security threat.,,,,,,,,,,
378,974697,2/28/13,Congressman Nelson Peacock,"GAO-12-904, INFORMATION TECHNOLOGY: DHS Needs to Enhance Management of Cost and Schedule for Major Investments.",,,,,,,,,,
379,975831,8/30/11,Congressman Nelson Peacock,"GAO-07-300, Hurricanes Katrina and Rita Disaster Relief: Continued Findings of Fraud, Waste and Abuse",,,,,,,,,,
380,,,,,,,,,,,,,,
381,,,,,,,,,,,,,,
382,975834,8/22/11,Congressman Nelson Peacock,"GAO-11-602, Commerical Aviation: Program Aimed at High-Risk Parent Abductors Could Aid in Preventing Abductions",,,,,,,,,,
383,975836,7/8/11,Congressman Nelson Peacock,"GAO-11-411, Overstay Enforcement: Additional Mechanisms for Collecting and Sharing Data Could Strengthen DHS’s efforts but Would Have Costs",,,,,,,,,,
384,975839,7/29/11,Congressman Nelson Peacock,"GAO-11-383, Catastrophic Planning; States Participating in FEMA's Pilot Program Made Progress, but Better Guidance Could Enhance Future Pilot Programs",,,,,,,,,,
385,,,,,,,,,,,,,,
386,,,,,,,,,,,,,,
387,975843,9/15/11,Congressman Nelson Peacock,"GAO-11-492, Budget Issues: Better Fee Design Would Improve Federal Protective Service's and Federal Agencies Planning and Budgeting for Security",,,,,,,,,,
388,975844,9/13/11,Congressman Nelson Peacock,"USCIS Report on Adjustments of Status Granted Under Section 13 of the Act of September 11, 1957 for June 1, 2011 through June 30, 2011",,,,,,,,,,
389,975864,9/19/11,Congressman Nelson Peacock,"USCIS Report on Adjustments of Status Granted Under Section 13 of the Act of September 11, 1957 for July 1, 2011 through July 31, 2011",,,,,,,,,,
390,,,,,,,,,,,,,,
391,975845,9/19/11,Congressman Nelson Peacock,"USCIS Report on Adjustments of Status Granted Under Section 13 of the Act of September 11, 1957 for March 1, 2011 through March 31, 2011",,,,,,,,,,
392,975867,9/12/11,Congressman Nelson Peacock,"GAO-11-548R, Mentor Protege Programs Have Policies That Aim to benefit Participants but Do Not Require Postagreement Tracking",,,,,,,,,,
393,976035,5/11/11,Congressman Nelson Peacock,CBP Report to Congress - Update on Integrated Scanning System Operations FY2011,,,,,,,,,,
394,,,,,,,,,,,,,,
395,,,,,,,,,,,,,,
396,976051,7/29/11,Congressman Nelson Peacock,USCIS - Characteristics of H-2B Nonagricultural Temporary Workers FY2010,,,,,,,,,,
397,976052,7/29/11,Congressman Nelson Peacock,"GAO-11-606, National Preparedness: DHS and HHS Can Further Strengthen Coordination for Chemical, Biological, Radiological, and Nuclear Risk Assessments.",,,,,,,,,,
398,976038,7/8/11,Congressman Nelson Peacock,"GAO-11-315, Border Security: DHS's Visa Security Program Needs to Improve Performance Evaluation and Better Address Visa Risk Worldwide",,,,,,,,,,
399,,,,,,,,,,,,,,
400,,,,,,,,,,,,,,
401,976060,7/7/11,Congressman Nelson Peacock,"GAO-11-68, Secure Border Initiative: Controls over Contractor Payments for the Technology Component Need Improvement",,,,,,,,,,
402,976053,6/28/11,Congressman Nelson Peacock,"GAO-11-42SU, Federal Agencies Have Taken Steps to Secure Wireless Networks, but Further Actions Can Mitigate Risk",,,,,,,,,,
403,976092,6/8/11,Congressman Nelson Peacock,"GAO-11-480, Coast Guard: Oppportunities Exist to Further Improve Acquisition management Capabilities",,,,,,,,,,
404,,,,,,,,,,,,,,
405,,,,,,,,,,,,,,
406,976093,5/16/11,Congressman Nelson Peacock,USCG Conveyance of Coast Guard Real Property in 2010,,,,,,,,,,
407,976069,5/20/11,Congressman Nelson Peacock,FEMA Report to Congress - Use of the Defense Production Act to Reduce Interruptions in Critical Infrastructure and Key Resource Operations During Emergencies,,,,,,,,,,
408,977042,3/22/13,Congressman Nelson Peacock,"GAO-13-226, FLOOD INSURANCE: Participation of Indian Tribes in Federal and Private Programs.",,,,,,,,,,
409,975292,3/13/13,Congressman Steve Pearce,Writes on behalf of a Canadian citizen regarding troubles he encountered with CBP.,,,,,,,,,,
410,975472,3/14/13,Congressman Steve Pearce,Requests CBP works with Hidalgo County to upgrade and maintain the road to the Horse Camp Forward Operating Base.,,,,,,,,,,
411,,,,,,,,,,,,,,
412,976100,5/14/12,Congressman David E. Price,Request regarding U.S. Immigration and Customs Enforcement (ICE) healthcare standards with respect to reproductive services and proposed legislation in this matter.,,,,,,,,,,
413,976381,3/25/13,Congressman Lucille Roybal-Allard,Write regarding the Department's enforcement actions leaving a devastating impact on hundreds and thousands of families.,,,,,,,,,,
414,974690,3/5/13,Congressman Matt Salmon,Writes regarding the purchase of 21.6 million rounds of ammunition to add to the 1.6 billion rounds the Department has purchased over the previous 10 months.,,,,,,,,,,
415,975075,3/11/13,Congressman Matt Salmon,Request the halt to any further action to release detained illegal immigrants.,,,,,,,,,,
416,976006,3/20/13,Congressman Robert C. Scott,"Urge the Department to apply the standard of ""zero-tolerance"" regarding sexual abuse in confinement facilities to those run by private companies or local or state governments.",,,,,,,,,,
417,975254,3/12/13,Senator Jeanne Shaheen,Writes with concerns with CBP's plans to reduce the hours that agency personnel at Portsmouth International Airport will be available to provide customs processing services to members of the military and general public.,,,,,,,,,,
418,976160,,Congressman Peggy Sherry,"Update to Congressman Moran's Deceber 4, 2012, letter regarding a USSS employee's request for waiver of overpayment",,,,,,,,,,
419,,,,,,,,,,,,,,
420,,,,,,,,,,,,,,
421,976340,3/25/13,Congressman John M. Shimkus,Writes on behalf of his constituent regarding a notice of debt from FEMA.,,,,,,,,,,
422,976217,3/22/13,Congressman Eric Swalwell,Write to express serious concerns and urges withdrawal of the recently announced policy to permit passengers to bring knives and certain sporting equipment in the aircraft cabin.,,,,,,,,,,
423,975440,3/14/13,Congressman Glenn Thompson,"Writes on behalf of constituent,(b)(0)    who requests payment for assistance his company provided after Hurricane Sandy.",,,,,,,,,,
424,975633,3/15/13,Congressman Mac Thombeny,Writes on behalf of constituent regarding his pay as a DHS employee.,,,,,,,,,,
425,976483,3/26/13,Senator John Thune,Writes to thank the Secretary for testifying in the joint hearing with the Senate Commerce Committee and the Senate Homeland Security and Govermental Affairs Committee.,,,,,,,,,,
426,976740,3/27/13,Congressman Dina Titus,Requests the President to Ease the Visa Process to Promote the U.S. as a Tourist Destination and Create Job Growth.,,,,,,,,,,
427,976826,3/27/13,Senator Patrick Toomey,Writes on behalf of constituents concerned over the recent purchase of ammunition.,,,,,,,,,,
428,975300,3/13/13,Senator Tom Udall,Writes on behalf of constituentJ(b)< 1    Iwho reauests a name correction for her daughter.,,,,,,,,,,
429,,,,,,,,,,,,,,
430,976207,3/22/13,Congressman Filemon Vela,"Writes regarding the FAA announcement that as a result of sequestration, the air traffic control tower at Brownsville International Airport may close.",,,,,,,,,,
431,974447,3/1/13,Congressman Peter J. Visclosky,Writes on behalf of a constituent regarding custom duties on imports from Canada.,,,,,,,,,,
432,976449,3/26/13,Congressman Peter J. Visclosky,"Writes on behalf of a former National Boating Safety Advisory Council (NBSAC), who is concerned about delays in appointments and travel restrictions.",,,,,,,,,,
433,976342,3/25/13,Senator Mark R. Warner,Writes to request information regarding excessive ammunition purchase by DHS,,,,,,,,,,
434,975291,3/13/13,Congressman Frank R. Wolf,Writes on behalf of constituent who shares concerns about the purchase of large amounts of ammunition.,,,,,,,,,,
435,975637,3/15/13,Congressman Frank R. Wolf,"Writes on behalf of constituent^3)’6)    Iwho wants to know if the Government has the ability to search computers, phones, and etc within 100 miles of the border.",,,,,,,,,,
436,975631,3/15/13,Congressman Frank R. Wolf,Thanks DHS for all the work put forth to aid his constituents.,,,,,,,,,,
437,976883,3/28/13,Congressman Frank R. Wolf,Writes on behalf of constituenlJ'W(6)    Iwho shares his concents with the Department releasing illegal immigrants due to sequestration.,,,,,,,,,,
438,,,,,,,,,,,,,,
439,974680,3/5/13,Congressman Rob Woodall,"Writes on behalf constituent, (f)(6) his TWIC application.",who can't log in to process,,,,,,,,,
440,974373,3/5/13,,Conference Spending,,,,,,,,,,
441,974498,3/1/13,,CRCL Impact Assessment on National Fusion Centers,,,,,,,,,,
442,,,,,,,,,,,,,,
443,,,,,,,,,,,,,,
444,,,,,,,,,,,,,,
445,WF #,Receive Date,Congressman Name,Subject of Request,,,,,,,,,,
446,979075,4/4/04,Congressman Wayne Allard,Write on behalf of constituent regarding DHS contractor Northrop Grumman.,,,,,,,,,,
447,977705,4/4/13,Congressman Robert E. Andrews,Requests that the President consider waiving the requirements of the Jones Act for tankers shipping refined petroleum products to the northeast and mid-atlantic states.,,,,,,,,,,
448,978766,4/18/13,Congressman Lou Barletta,Writes on behalf of constituent regarding Homeland Security guidelines concerning his birth name on official documents.,,,,,,,,,,
449,978484,4/15/13,Congressman Earl Blumenauer,"Request further information/discovery as to why the Portland, OR metro area's MSA ranking fell this year along with 2013 funding alllocation to the UASI program.",,,,,,,,,,
450,978348,4/12/13,Senator Barbara Boxer,"Writes on behalf of a constituent regarding his complaint of not being able to fly internationally because his name has been placed on the ""No Fly List.""",,,,,,,,,,
451,,,,,,,,,,,,,,
452,978356,4/12/13,Congressman Corrine Brown,Writes in support of two pending grant applications. One being the Assistance of Firefighters (AFG) and the other Fire Prevention and Safety (FP&S) Grant Program.,,,,,,,,,,
453,978344,4/12/13,Senator Maria Cantwell,Writes on behalf of a constituent regarding his employment status with the Federal Protective Service.,,,,,,,,,,
454,977905,4/8/13,Senator Thomas R. Carper,"Thanks the Deputy Secretary for her testimony at the hearing ""The Department of Homeland Security at 10 Years: A Progress Report on Management"".",,,,,,,,,,
455,979787,4/29/13,Senator Thomas R. Carper,Request briefings and documents from the Department related to the attack at the Boston Marathon.,,,,,,,,,,
456,978925,4/19/13,Congressman Joaquin Castro,"Writes on behalf of his constituent regarding his son's status on the Department's ""Watch List.""",,,,,,,,,,
457,978403,4/12/13,Senator Tom A. Coburn,Follows up with questions regarding the Department's procurement of ammunition and firearms.,,,,,,,,,,
458,,,,,,,,,,,,,,
459,,,,,,,,,,,,,,
460,978644,4/16/13,Senator Tom A. Coburn,Writes with concerns regarding CBP's unmanned aircraft system program.,,,,,,,,,,
461,977761,4/5/13,Senator Susan M. Collins,Writes on behalf of constituent who requests assistance regarding being contracted to complete work and hasn't been paid yet.,,,,,,,,,,
462,977461,4/3/13,Senator William Cowan,Writes on behalf of a constituent whose security clearance was denied.,,,,,,,,,,
463,977524,4/4/13,Congressman Kevin Cramer,Writes on behalf of a constituent complaining of an incident he encountered with HSI.,,,,,,,,,,
464,978131,4/10/13,Congressman Henry Cuellar,Requests information regarding the Department's goals and objectives concerning the implementation of the GPRA Modernization Act.,,,,,,,,,,
465,979246,4/24/13,Congressman Henry Cuellar,Writes on behalf of constituent.^Bl5WM^B who was fired because of his disability.,,,,,,,,,,
466,978921,4/19/13,Congressman Steve Daines,"Writes on behalf of a constituent requesting information as to why two girls on a vacation visa were not allowed to enter the US, and no adults were contacted.",,,,,,,,,,
467,,,,,,,,,,,,,,
468,978902,4/19/13,Congressman Ted Deutch,Writes on behalf of a constituent requesting a FOIA form to obtain information required for him to receive a driver's license.,,,,,,,,,,
469,979305,4/24/13,Congressman Sam Farr,Writes on behalf of a constituent who complains that she is excessively questioned every time she travels.,,,,,,,,,,
470,979233,4/24/13,Senator Dianne Feinstein,Writes on behalf of constiuent^^^^Q^^^^^^^H who requests an explaination as to why his name appears on the No Fly List.,,,,,,,,,,
471,979809,4/29/13,Senator Dianne Feinstein,"Writes regarding the report ""The Buck Stops here: Improving U.S. Anti-Money Laundering Practices"" which provides recommendations for Congress and the Administration to beter combat money laundering in the U.S. and abroad.",,,,,,,,,,
472,977906,4/8/13,Senator Jeff Flake,Writes on behalf of constituent regarding the recent appropriation of weapons by the Department.,,,,,,,,,,
473,978240,4/11/13,Congressman Rodney P. Frelinghuysen,Writes to express support of NYPR radio station receiving funds from FEMA to repair transmitter that sustain damages during Hurricane Sandy.,,,,,,,,,,
474,,,,,,,,,,,,,,
475,979573,4/26/13,Congressman Rodney P. Frelinghuysen,Writes to thank the Secretary for answering his question at the recent Senate Appropriations Subcomittee meeting.,,,,,,,,,,
476,979314,4/24/13,Senator Kirsten E. Gillibrand,Writes on behalf of a constituent seeking aid in obtaining his retirement due to disability.,,,,,,,,,,
477,978719,4/17/13,Congressman Robert W. Goodlatte,Writes on behalf of his constituent who requests an interview for a job as an Emergency Management Specialist.,,,,,,,,,,
478,978105,4/10/13,Senator Charles E. Grassley,Requests gender related data on H-1B Program and asks the Department to ensure program works in support of women in STEM fields.,,,,,,,,,,
479,979128,4/23/13,Senator Charles E. Grassley,Writes with questions regarding Abdul Rahman Ali Alharbi and Tarmerlan Tsarnaev in regards to their visas.,,,,,,,,,,
480,979156,4/19/13,Senator Charles E. Grassley,Writes to gain clarity on statements made during the Senate Judiciary Committee hearing regarding the arrest of an Zavaleta.,,,,,,,,,,
481,979726,4/29/13,Congressman Sam Graves,Requests information regarding how the Department complies with the Small Business Act.,,,,,,,,,,
482,,,,,,,,,,,,,,
483,979666,4/29/13,Congressman A1 Green,"Writes in support for CBP inspection personnel at the William P. Hobby Airport in Houston, Texas.",,,,,,,,,,
484,977937,4/8/13,Congressman Tim Griffin,Writes on behalf of his constituent regarding the recent purchase of agent uniforms during sequestration.,,,,,,,,,,
485,977985,4/9/13,Congressman Morgan Griffith,Writes on behalf of a constituent with concerns regarding the safety of the park and ride system.,,,,,,,,,,
486,978959,4/19/13,Congressman Luis V. Gutierrez,Writes in opposition to building for-profit immigration detention centers.,,,,,,,,,,
487,978385,4/12/13,Congressman Janice Hahn,Urges the Secretary to reverse the Administrator's decision and override the policy allowing knives on airplanes.,,,,,,,,,,
488,979559,4/26/13,Congressman Colleen Hanabusa,Writes to express opposition to the Department's plans to open a CBP preclearance facility at the Abu Dhabi International Airport in the United Arab Emirates.,,,,,,,,,,
489,979585,4/26/13,Congressman Brian Higgins,Write in opposition of a conducting a study to see whether fees should be assessed on passengers and pedestrians crossing in the U.S. at land crossings.,,,,,,,,,,
490,,,,,,,,,,,,,,
491,979752,4/29/13,Congressman Brian Higgins,Write in opposition of a conducting a study to see whether fees should be assessed on passengers and pedestrians crossing in the U.S. at land crossings.,,,,,,,,,,
492,979254,4/24/13,Congressman Steven Horsford,Writes to request a detailed explanation of why the Las Vegas Urban Area (LUVA) Relative Risk Profile ranking has dropped from 30 to 33 affecting UASI funding.,,,,,,,,,,
493,978637,4/17/13,Senator Johnny Isakson,Writes on behalf of a constituent requesting information about why he was denied access to work in the Rutgers Building in Atlanta for the Federal Emergency Management Agency.,,,,,,,,,,
494,979549,4/26/13,Congressman Walter B. Jones,Writes to request the expeditious processing of H-2B nonimmigrant visa program applications.,,,,,,,,,,
495,979553,4/26/13,Congressman Joseph Kennedy,Writes to support a recent request made by the Massachusetts Executive Office of Public Safety and Security for a no-cost six-month extension on it's FY2010 State Homeland Security Program (SHSP) Grant funds.,,,,,,,,,,
496,,,,,,,,,,,,,,
497,977915,4/5/13,Congressman Dale E. Kildee,Writes on behalf of constituent regarding issues he has encountered on numerous occasions when coming back into the country from abroad.,,,,,,,,,,
498,979330,4/24/13,Congressman John Kline,"Requests information regarding the Department's procurement of ammunition, weapons, and armored vehicles.",,,,,,,,,,
499,979790,4/29/13,Senator Amy Klobuchar,Write to express concern with the legislative proposal included in the Department's Fiscal Year 2014 budget request to study the feasibility of establishing a land border crossing fee,,,,,,,,,,
500,978156,4/10/13,Congressman Leonard Lance,Requests a briefing about the procurement of ammunition by DHS.,,,,,,,,,,
501,977371,4/3/13,Senator Mary L. Landrieu,Requests information regarding the Department's progress towards the small business contracting goal after reduced spending under sequestration.,,,,,,,,,,
502,978515,4/15/13,Congressman John B. Larson,"Writes on behalf of constituent    his wife, regarding their request for Deferred Action Status/Prosecutorial Discretion.",,,,,,,,,,
503,,,,,,,,,,,,,,
504,978433,4/15/13,Senator Frank R. Lautenberg,Expresses concerns over airliner vulnerabilities to software hacking.,,,,,,,,,,
505,977620,4/4/13,Senator Patrick J. Leahy,Write to support the implementation of the cross border passenger rail preclearance facility in Montreal to improve and expand cross-border passenger rail travel between the U.S. and Canada.,,,,,,,,,,
506,979205,4/23/13,Senator Carl Levin,Writes regarding immigration issues with a constituent.,,,,,,,,,,
507,978329,4/12/13,Congressman Blaine Luetkemeyer,Expresses concern over the Department's request for personal information from the State of Missouri and requests information regarding Missouri's REAL ID compliance.,,,,,,,,,,
508,977538,4/4/13,Senator John McCain,"Writes on behalf of constituent,    who requests security at Stewart Mountain Dam.",,,,,,,,,,
509,978369,4/26/13,Senator John McCain,Request information on the release of immigrant detainees as a result of sequestration.,,,,,,,,,,
510,,,,,,,,,,,,,,
511,979551,4/26/13,Senator John McCain,Writes with questions concerning the Joint Field Command (JFC) organization in Tucson.,,,,,,,,,,
512,977246,4/2/13,Senator Claire McCaskill,Writes on behalf of constituent regarding a contractor's holiday pay.,,,,,,,,,,
513,977725,4/5/13,Congressman Michael McCaul,"Writes regarding the effectivness of keeping illegal immigrants, drug smugglers, and potential terrorists out of our country given the investment to border security.",,,,,,,,,,
514,978402,4/12/13,Congressman Michael McCaul,Requests the Department to provide a detailee from TSA to serve on the Committee on Homeland Security.,,,,,,,,,,
515,978834,4/18/13,Congressman Michael McCaul,Request information on the Department's decision to provide the CBP preclearance operations to the United Arab Emirates' Abu Dhabi International Airport.,,,,,,,,,,
516,,,,,,,,,,,,,,
517,978882,4/19/13,Congressman Michael McCaul,Write regarding media reports which indicate the person of interest in the terrorist attack at the Boston Marathon is currently scheduled for immediate deportation to Saudi Arabia.,,,,,,,,,,
518,978980,4/19/13,Congressman Michael McCaul,Requests a classified briefing regarding the original person of interest in the terrorist attack at the Boston Marathon.,,,,,,,,,,
519,979625,4/26/13,Congressman Michael McCaul,Request all information pertaining to one of the terrorists responsible for the attack in Boston.,,,,,,,,,,
520,979784,4/29/13,Congressman Michael McCaul,Write regarding an investigation into the Boston Marathon Bombing.,,,,,,,,,,
521,978187,4/10/13,Senator Barbara A. Mikulski,Urges DOL and DHS immediate approval of pending H-2B Nonimmigrant Visa Program petitions and publication of a new rule for H-2B Program wage structure.,,,,,,,,,,
522,,,,,,,,,,,,,,
523,,,,,,,,,,,,,,
524,978784,4/18/13,Senator Barbara A. Mikulski,Writes on behalf of a constituent requesting an SES position with the Department.,,,,,,,,,,
525,978909,4/19/13,Congressman Candice S. Miller,"Writes on behalf of a constituent seeking aid in retreiving documents related to her husband's, a CBP employee, death.",,,,,,,,,,
526,978432,4/15/13,Senator Lisa Murkowski,Urges DOL and DHS immediate approval of pending H-2B Nonimmigrant Visa Program petitions and publication of a new rule for H-2B Program wage structure.,,,,,,,,,,
527,979244,4/24/13,Senator Lisa Murkowski,Requests OIG closely scrutinize TSA's implementation of allowing small knives on planes in light of recent incident in Boston and the fact that it exposes a new weakness in aviation security.,,,,,,,,,,
528,979206,4/23/13,Congressman Christopher S. Murphy,Writes to request information confirming how the lack of domestically manufactured transformers or transformer parts delayed power restoration after Hurricane Sandy.,,,,,,,,,,
529,979472,4/25/13,Senator Patty Murray,Writes on behalf of constituent    who is having difficulties obtaining a new TWIC card.,,,,,,,,,,
530,,,,,,,,,,,,,,
531,,,,,,,,,,,,,,
532,978300,4/11/13,Congressman Richard E. Neal,Writes on behalf of a constituent regarding the Department's recent purchase of ammunition and tanks.,,,,,,,,,,
533,978350,4/11/13,Senator Bill Nelson,Writes on behalf of a constituent regarding her termination of service from TSA.,,,,,,,,,,
534,978236,4/11/13,Congressman Beto O'Rourke,Expresses the desire for El Paso to be considered for one of the five Section 560 Pilot Projects.,,,,,,,,,,
535,977908,4/8/13,Congressman Bill L. Owens,Writes on behalf of constituent to inform the Department about his company ITS3.,,,,,,,,,,
536,979275,4/24/13,Congressman Bill L. Owens,Writes with a follow up question to the House Appropriations Subcommittee hearing regarding his concern about the financial stability of Boarder Patrol agents in New York in regards to sequestration.,,,,,,,,,,
537,978521,4/11/13,Congressman Steven Palazzo,Encourages support of CBP's data center migration efforts to reduce costs and increase efficiency.,,,,,,,,,,
538,979114,4/23/13,Congressman Steven Palazzo,Writes on behalf of constituent who needs assistance with H-2B VISA approvals that have been suspended.,,,,,,,,,,
539,,,,,,,,,,,,,,
540,979380,4/25/13,Congressman Steven Palazzo,"Concerned over recent acquisition contracts dealing with ammunition, Mine Resistant Ambush Protected (MRAP) vehicles, and bagpipes.",,,,,,,,,,
541,977238,12/20/11,Congressman Nelson Peacock,"GAO-11-873, Quadrennial Homeland Security Review: Enhanced Stakeholder Consultation and Use of Risk Information Could Strengthen Future Reviews",,,,,,,,,,
542,977260,1/5/12,Congressman Nelson Peacock,"GAO-11-857, Federal Courthouses: Improved Collaboration Needed to Meet Demands of a Complex Security Environment",,,,,,,,,,
543,,,,,,,,,,,,,,
544,977262,12/19/11,Congressman Nelson Peacock,"GAO-12-22, Arizona Border Surveillance Technology: More Information on Plans and Costs Is Needed Before Proceeding",,,,,,,,,,
545,977264,12/6/11,Congressman Nelson Peacock,"GAO-11-554, Federal Protective Service: Progress Made but Improved Schedule and Cost Estimate Needed to Complete Transition",,,,,,,,,,
546,977268,12/15/11,Congressman Nelson Peacock,"GAO-12-86, Deepwater Horizon Oil Spill: Actions Needed to Reduce Evolving but Uncertain Federal Financial Risks",,,,,,,,,,
547,,,,,,,,,,,,,,
548,,,,,,,,,,,,,,
549,977995,2/24/12,Congressman Nelson Peacock,USCIS Report to Congress on Characteristics of H-1B Specialty Occupation Workers,,,,,,,,,,
550,977977,4/11/12,Congressman Nelson Peacock,USCG - Oil Pollution Act Liability Limits in 2011 (FY 2011 Annual Report to Congress),,,,,,,,,,
551,977997,2/2/12,Congressman Nelson Peacock,"USCIS - Report on Adjustments of Status Granted under Section 13 of the Act of September 11, 1957 (Monthly Report to Congress December 1, 2011 to December 31, 2011).",,,,,,,,,,
552,978000,5/21/12,Congressman Nelson Peacock,USCG - Preliminary Analysis of Emerging Biometric Capabilities for Coast Guard Operations,,,,,,,,,,
553,,,,,,,,,,,,,,
554,,,,,,,,,,,,,,
555,977999,10/18/12,Congressman Nelson Peacock,USCIS - Report on Internal Affairs Investigations (Semi-Annual Report to Congress for July - December 2011),,,,,,,,,,
556,978211,10/19/12,Congressman Nelson Peacock,"USCIS - H-2B Nonagricultural Temporary Worker Visa and Status (FY2012 Semiannual Report - Part 1: April 1,2011 - March 31, 2012)",,,,,,,,,,
557,978249,11/30/12,Congressman Nelson Peacock,"Enrolled Bill H.R. 915, the ""Jaime Zapata Border Enforcement Security Task Force Act"".",,,,,,,,,,
558,978217,11/21/12,Congressman Nelson Peacock,TSA - Dispersion Modeling of Catastrophic Chemical Releases of TIH Materials from Railroad Tank Cars,,,,,,,,,,
559,,,,,,,,,,,,,,
560,,,,,,,,,,,,,,
561,978255,9/26/12,Congressman Nelson Peacock,USCIS - Temporary Protected Status: Calendar Year 2011 Annual Report,,,,,,,,,,
562,978256,9/26/12,Congressman Nelson Peacock,USCIS - Report on Internal Affairs Investigations (SemiAnnual Report for January - June 2011),,,,,,,,,,
563,978145,4/10/13,Senator Jack Reed,Writes in support of Rhode Island Economic Development Corporation's (RIEDC) request for a four month extension on its current Port Security Grant.,,,,,,,,,,
564,979755,4/29/13,Senator Harry Reid,Writes to request immediate attention and a detailed explanation for why the LVUA (Las Vegas Urban Area) Relative Risk Profile ranking dropped from 30 to 33.,,,,,,,,,,
565,,,,,,,,,,,,,,
566,,,,,,,,,,,,,,
567,977934,4/8/13,Congressman Reid Ribble,Request adequate staffing by CBP at the Green Bay Airport to meet FAA requirements.,,,,,,,,,,
568,978908,4/19/13,Congressman Dennis Ross,"Writes on behalf of constituents, Mr and Mrs. Windham who write with concerns regarding the release of their belongings from the port of Miami that was shipped from Romania.",,,,,,,,,,
569,978542,4/15/13,Senator Marco Rubio,Writes on behalf of his constituent requesting expedited naturalization.,,,,,,,,,,
570,978647,,Senator Marco Rubio,,,,,,,,,,,
571,977726,4/5/13,Congressman John P. Sarbanes,Writes on behalf of a constituent who believes she's being targeted under a surveillance program.,,,,,,,,,,
572,978293,4/11/13,Congressman John P. Sarbanes,Writes on behalf of a constituent regarding the Department's recent decision to purchase larges amounts of ammunition.,,,,,,,,,,
573,978732,4/17/13,Congressman Janice D. Schakowsky,Writes in opposition of for-profit immigration detention facilities.,,,,,,,,,,
574,978510,4/15/13,Senator Brian Schatz,Writes on behalf of a constituent who believes approximately 3.3 pounds of fish were stollen by TSA employees in Las Vegas.,,,,,,,,,,
575,,,,,,,,,,,,,,
576,,,,,,,,,,,,,,
577,978615,4/16/13,Senator Charles E. Schumer,Requests assistance with pending grant application for City of Cortland Fire Department.,,,,,,,,,,
578,979227,4/23/13,Senator Jeanne Shaheen,"Writes in support of the Greenland, NH Fire Department's applications for funding frrom FEMA.",,,,,,,,,,
579,977972,4/9/13,Congressman Bill Shuster,Writes on behalf of a constituent regarding the trusted traveler program.,,,,,,,,,,
580,979219,,Congressman Bennie G. Thompson,,,,,,,,,,,
581,979730,4/26/13,Congressman Bennie G. Thompson,Requests information regarding Special Government Employees (SGEs).,,,,,,,,,,
582,978930,4/19/13,Congressman Dina Titus,Writes requesting information as to why Las Vegas Urban Area Relative Risk Profde ranking was adjusted.,,,,,,,,,,
583,978780,4/18/13,Senator Patrick Toomey,Writes on behalf of constituents concerned over the deportation of a family.,,,,,,,,,,
584,979214,4/23/13,Senator Mark Udall,"Invite the Secretary to brief the Colorado Thirty Group on homeland security, intelligence, and defense issues on May 21, 2013.",,,,,,,,,,
585,,,,,,,,,,,,,,
586,977561,4/4/13,Senator Tom Udall,Writes in regards to a constituent who is requesting assistance with changing her last name on permanent resident card and social security card in order to refinance home and after a divorce.,,,,,,,,,,
587,978422,4/12/13,Congressman Filemon Vela,Request justification for eliminating Administratively Uncontrolled Overtime for Border Patrol Agents and urge to reconsider any decision that will result in lower staffing levels along our nation's borders.,,,,,,,,,,
588,979750,4/29/13,Senator Mark R. Warner,Writes in support of re-instating the Hampton Roads region in the risk based Urban Area Security Grant (UASI) program.,,,,,,,,,,
589,978042,4/9/13,Congressman Henry Waxman,"The Bicameral Task Force on Climate Change requests the Secretary’s support for a response to their request to federal Inspectors General to assess the requirements, challenges, authorities and organizational performance of government agencies related to Climate Change Adaptation programs, in light of GAO having identified Climate Change as high-risk.",,,,,,,,,,
590,,,,,,,,,,,,,,
591,977540,4/4/13,Congressman Frank R. Wolf,Writes on behalf of a constituent whose contract request with the Department was denied.,,,,,,,,,,
592,,,,,,,,,,,,,,
593,,,,,,,,,,,,,,
594,,,,,,,,,,,,,,
595,WF#,Receive Date,Congressman Name,Subject of Request,,,,,,,,,,
596,982404,5/23/13,Congressman Janice South -West,Applicant writing regarding her husband death.,,,,,,,,,,
597,982165,5/23/13,Congressman Ron Barber,Writes on behalf of a constituent regarding his brother's Redress Inquiry over the claim he overstayed his visa.,,,,,,,,,,
598,981708,5/17/13,Senator Max Baucus,"Write with concern about the implementation of the fee reimbursement program authorized under section 560 in the Consolidated and Further Continuing Appropriations Act, 2013 and the request for similar authority proposed in the President's fiscal year 2014 budget.",,,,,,,,,,
599,982026,5/22/13,Senator Mark Begich,Encourages the Department to request the transfer of 14 C-27J aircraft from the U.S. Air Force to the U.S. Coast Guard.,,,,,,,,,,
600,,,,,,,,,,,,,,
601,982132,5/23/13,Senator Richard M. Burr,"Writes on behalf of constituent,    who took photographs of her fathers former place of service and was questioned by DHS who said they will place her on a watch list.",,,,,,,,,,
602,981560,5/16/13,Congressman Ken Calvert,Requests an update on TSA's overtime policy and implementation.,,,,,,,,,,
603,982652,5/30/13,Congressman Ken Calvert,Writes on behalf of a constituent in search of a response to a FOIA request.,,,,,,,,,,
604,980016,5/1/13,Congressman Shelley Moore Capita,"Writes on behalf of constituent,    who requests to obtain a copy of his certificate from FPS that shows his completion of the FPS Armed Security Guard course.",,,,,,,,,,
605,980018,5/1/13,Congressman Shelley Moore Capita,"Writes on behalf of constituent,    who is concerned he was removed from his position as a Security Guard at an IRS building at the behest of the FPS.",,,,,,,,,,
606,982075,5/22/13,Congressman John Carney,Writes on behalf of a constituent concerning issues he is experiencing with the Traveler Redress Inquiry Program.,,,,,,,,,,
607,982167,5/23/13,Congressman John Carney,Expresses his appreciation to the Secretary.,,,,,,,,,,
608,,,,,,,,,,,,,,
609,,,,,,,,,,,,,,
610,981061,5/10/13,Senator Thomas R. Carper,"Thank the Secretary for appearing before the Committee on Homeland Security and Governmental Affairs for the hearing ""The Homeland Security Department's Budget Submission for Fiscal Year 2014"".",,,,,,,,,,
611,982618,5/30/13,Congressman Bill Cassidy,"Writes on behalf of the Lower Mississippi River Port Wide Strategic Security Council's request for a six month extension on their grant that expires May 31, 2013.",,,,,,,,,,
612,982432,5/29/13,Congressman Donna M. Christensen,Requests a meeting to address issues of returned mail due to CBP proceedures.,,,,,,,,,,
613,980906,5/9/13,Senator Daniel Coats,Express concern with the Department's decision to extend CBP preclearance operations to the Abu Dhabi International Airport in the United Arab Emirates.,,,,,,,,,,
614,980026,5/1/13,Congressman Howard L. Coble,"Writes on behalf of a constituent to request funding to expand the town of Yansville, Noth Carolina Volunteer Fire Department's Station.",,,,,,,,,,
615,,,,,,,,,,,,,,
616,980825,5/8/13,Senator Tom A. Coburn,Writes regarding a requirement to submit reports to the Committee on Homeland Security and Homeland Security and Governmental Affairs Committee 14 days after submission to the Appropriations Committees.,,,,,,,,,,
617,982546,5/29/13,Senator Tom A. Coburn,Requests border security and immigration law enforcement data from the Department.,,,,,,,,,,
618,981653,5/16/13,Senator Susan M. Collins,Write to express concern with the legislative proposal included in the Department's Fiscal Year 2014 budget request to study the feasibility of establishing a land border crossing fee.,,,,,,,,,,
619,981850,5/20/13,Congressman Joseph Crowley,Encourage further cooperation with India on homeland security issues.,,,,,,,,,,
620,981772,5/17/13,Congressman Steve Daines,Writes to request a status of the pending 1924 and 1526 applications for the Idaho State Regional Center (ISRC)LLC and an estimated timeframe for when the review may be completed.,,,,,,,,,,
621,981944,5/21/13,Congressman Rosa L. DeLauro,Writes on behalf of constituent    who requests to speak to someone regarding a product that would benefit national security.,,,,,,,,,,
622,,,,,,,,,,,,,,
623,,,,,,,,,,,,,,
624,982188,5/23/13,Congressman Jeff Duncan,"Writes regarding the findings of the April 26 Oversight and Management Efficiency Subcommittee's hearing entitled ""Cutting DHS Duplication and Wasteful Spending: Implementing Private Sector Best Practices and Watchdog Recommendation.""",,,,,,,,,,
625,981996,5/21/13,Congressman Blake Farenthold,"Writes to support the request of Port of Corpus Christi Authority's Time Extension Request, FY2009 Port Security Grant #2009-PU-T9-K049.",,,,,,,,,,
626,981770,5/17/13,Senator Dianne Feinstein,"Provides Senate Caucus on International Narcotics Control report entitled ""The Buck Stops Here: Improving U.S. Anti-Money Laundering Practices.""",,,,,,,,,,
627,980013,5/1/13,Congressman J. Randy Forbes,Writes on behalf of a constituent seeking back retirement pay.,,,,,,,,,,
628,981350,5/14/13,Congressman J. Randy Forbes,"Writes on behalf of constituent,    who is having difficulties with employment at CBP.",,,,,,,,,,
629,982184,5/23/13,Congressman Bill Foster,Write in opposition of for-profit immigration detention facilities.,,,,,,,,,,
630,980551,5/6/13,Congressman Rodney P. Frelinghuysen,Writes to recommend a candidate for the Homeland Security Executive Leaders Program.,,,,,,,,,,
631,,,,,,,,,,,,,,
632,,,,,,,,,,,,,,
633,982519,5/29/13,Congressman Rodney P. Frelinghuysen,Writes to request that the New Jersey Task Force 1 NJ-TF1 be included in the FEMA National Urban Search and Rescue Team.,,,,,,,,,,
634,980753,5/7/13,Congressman Pete Gallego,Writes on behalf of a constituent who wants to establish a check cashing business at the border.,,,,,,,,,,
635,981253,5/13/13,Congressman David Gibbons,Requests a point of contact for obtaining data regarding the methodologies used by TSA to conduct security screenings.,,,,,,,,,,
636,981254,5/13/13,Congressman David Gibbons,Requests a point of contact for the Committee on Appropriations.,,,,,,,,,,
637,981255,5/13/13,Congressman David Gibbons,Writes to request a designated point of contact to arrange obtaining information on DHS Science and Technology Directorate,,,,,,,,,,
638,980750,5/7/13,Congressman Robert W. Goodlatte,"Writes to request information on time, place, manner of entry, and immigration status for Boston bombers.",,,,,,,,,,
639,,,,,,,,,,,,,,
640,982472,5/29/13,Congressman Robert W. Goodlatte,Writes again on behalf of his constituent requesting a response to his inquiry regarding the purchasing of armored vehicles (The repsonse was sent out on 5/24).,,,,,,,,,,
641,980305,5/3/13,Senator Charles E. Grassley,"Writes regarding the Kazakhstan students, Azamat Tazhayakov and Dias Kadyrbayev and how one of them (Tazhayakov) entered the country without a valid visa. Also, Provides a list of questions to be answered.",,,,,,,,,,
642,981330,5/14/13,Congressman Morgan Griffith,Writes on behalf of a constituent with a request for records regarding border crossings and possible removals.,,,,,,,,,,
643,982445,5/29/13,Congressman Morgan Griffith,"Writes on behalf of a constituent regarding his request to acquire 3 WWI dug pieces, a pistole, and 2 rifles.",,,,,,,,,,
644,980537,5/6/13,Senator Martin Heinrich,"Writes on behalf of constituent,    regarding issues with being on a watch list.",,,,,,,,,,
645,982279,5/24/13,Senator Martin Heinrich,Request the Department extend the hours of operation at the Santa Teresa Port of Entry to 24 hours per day and work with the Mexican government to ensure it maintains corresponding hours.,,,,,,,,,,
646,,,,,,,,,,,,,,
647,982242,5/24/13,Senator Dean Heller,Writes on behalf of his constituent concerning a request to modify immigration status.,,,,,,,,,,
648,982245,5/24/13,Senator John Hoeven,Write to express opposition to the proposal to conduct a study on implementing a fee on those coming into the U.S. at land crossings.,,,,,,,,,,
649,980877,5/8/13,Congressman Eloy S. Inos,Request an extension of the parole authority allowing tourists from China and Russia to visit the Northern Mariana Islands without a visa.,,,,,,,,,,
650,981994,5/21/13,Congressman Sam Johnson,Writes regarding a constituent requesting assistance from USCIS on a previous error on employment records.,,,,,,,,,,
651,981348,5/14/13,Congressman David Joyce,Writes regarding a constituents immigration issues.,,,,,,,,,,
652,980672,5/7/13,Senator Tim Kaine,Writes on behalf of a constituent with complaints about her treatment while going through airport security.,,,,,,,,,,
653,,,,,,,,,,,,,,
654,982516,5/29/13,Congressman Dale E. Kildee,Writes again on behalf of his constituent requesting a more definitive answer as to why he is repetitively screened by CBP.,,,,,,,,,,
655,982651,5/30/13,Senator Angus King,Requests a response to his inquiry regardingIQMQ1 promotion.,,,,,,,,,,
656,982439,5/28/13,Congressman Jack Kingston,Writes on behalf of a constituent regarding his application for a position as a Firearms Instructor.,,,,,,,,,,
657,982693,5/31/13,Congressman Jack Kingston,Writes regarding concern with the H-2B visa program.,,,,,,,,,,
658,980022,5/1/13,Senator Amy Klobuchar,Writes on behalf of a constituent complaining about her treatment as a TSA employee.,,,,,,,,,,
659,981588,5/16/13,Senator Amy Klobuchar,Writes on behalf of a constituent who is concerned that their name is on a watch list.,,,,,,,,,,
660,982152,5/23/13,Senator Amy Klobuchar,Writes on behalf of constituent    regarding difficulties with obtaining a full time position at a TSO Checkpoint.,,,,,,,,,,
661,981609,5/16/13,Congressman John B. Larson,Writes on behalf of a constituent who reported suspected money laundering.,,,,,,,,,,
662,,,,,,,,,,,,,,
663,981014,5/9/13,Senator Patrick J. Leahy,Request to provide a summary of all the duties that remain uncollected under the order on wooden bedroom furniture from China.,,,,,,,,,,
664,981747,5/17/13,Congressman Barbara Lee,Write in regard to the Oakland International Airport's efforts to maintain and expand its offering of international air service.,,,,,,,,,,
665,981636,5/16/13,Congressman Alan Lowenthal,Writes on behalf of a constituent to request reconsideration of his parole in place application denial.,,,,,,,,,,
666,981995,5/21/13,Congressman Carolyn B. Maloney,Writes regarding a constituents request for assistance in getting an H-1B visa application processed.,,,,,,,,,,
667,981308,5/14/13,Congressman Tom Marino,"Writes on behalf of a constituent who develop a ""Alert Level"" card and seal for first responders and the public.",,,,,,,,,,
668,981950,5/21/13,Congressman Tom Marino,"Writes on behalf of a constituent, requesting a risk assessment of the Little League Baseball World Series.",,,,,,,,,,
669,981331,5/14/13,Senator John McCain,Writes on behalf of his constituent regarding a Saudi National who he believes should not have been released from ICE custody.,,,,,,,,,,
670,,,,,,,,,,,,,,
671,982278,5/24/13,Senator John McCain,Writes with questions concerning Jesus Cabrera-Molina and his alleged involvement in the killing of Officer Daryl Raetz.,,,,,,,,,,
672,980271,5/3/13,Congressman Michael McCaul,Write with questions about the Chemical Facilities Anti-Terrorism Standards program in regard to the West Fertilizer plant explosion.,,,,,,,,,,
673,982559,5/29/13,Congressman Michael McCaul,Expresses concerns regarding the number of politcal leadership positon,,,,,,,,,,
674,981510,5/15/13,Congressman Jim McDermott,"Writes on behalf of constituent,    who would like clarification of the policies related to use of a laptop in the Federal Building located in Seattle, Washington.",,,,,,,,,,
675,980370,5/3/13,Congressman Mike McIntyre,"Invites the Secretary to be a speaker at the ""Taking Care of Business"" seminar on Capitol Hill.",,,,,,,,,,
676,980539,5/6/13,Congressman Patrick Meehan,Write regarding the Department finalizing an agreement with the United Arab Emirates to open a Customs and Border Protection preclearance facility in Abu Dhabi.,,,,,,,,,,
677,,,,,,,,,,,,,,
678,,,,,,,,,,,,,,
679,981346,5/14/13,Senator Jeff Merkley,Writes to express concern regarding USCIS's management of the EB-5 Immigrant Investor Visa Program.,,,,,,,,,,
680,981307,5/14/13,Senator Barbara A. Mikulski,Writes on behalf of a constituent requesting an SES position with the Department and includes additional information.,,,,,,,,,,
681,982291,5/23/13,Senator Barbara A. Mikulski,Writes on behalf of a constituent concerning wrongful termination from FEMA.,,,,,,,,,,
682,981980,5/21/13,Congressman Mick Mulvaney,Writes on behalf of a constituent regarding the status of his Redress case.,,,,,,,,,,
683,980017,5/1/13,Senator Patty Murray,Writes on behalf of a constituent regarding his concern that an individual was able to enter the U.S. using a stollen credit card.,,,,,,,,,,
684,980184,5/2/13,Congressman Richard E. Neal,Recommends a constituent for a position as a TSA security officer.,,,,,,,,,,
685,982635,5/30/13,Congressman Kristi Noem,Writes regarding a constituents family that was deported and are wanting to apply for asylum.,,,,,,,,,,
686,,,,,,,,,,,,,,
687,982634,5/30/13,Congressman William Pascrell,Writes on behalf of his constituent regarding his Traveler Redress Inquiry Identity Program case.,,,,,,,,,,
688,981349,5/9/13,Congressman Nelson Peacock,"GAO-12-981, UNMANNED AIRCRAFT SYSTEMS: Measuring Progress and Addressing Potential Privacy Concerns Would Facilitate Integration into the National Airspace System",,,,,,,,,,
689,982071,5/14/13,Congressman Nelson Peacock,"GAO-13-207SU, “Information Sharing: Agencies Could Better Coordinate to Reduce Overlap in Field-Based Activities",,,,,,,,,,
690,980243,5/2/13,Congressman Scott Perry,Requests a meeting to discuss DHS and DO1 taking an enhanced role in preparation for the 150th Anniversary of the Battle of Gettysburg.,,,,,,,,,,
691,980706,5/7/13,Congressman David G. Reichert,Writes on behalf of a constituent who is an instructor for both fire and law enforcement personnel and requests acess to a portal.,,,,,,,,,,
692,981640,5/16/13,Congressman Tom Rice,"Writes in support of Latta, Oak Grove, and Floyddale Fire Department's Joint 2012 FEMA communications grant.",,,,,,,,,,
693,,,,,,,,,,,,,,
694,981738,5/17/13,Congressman Heana Ros-Lehtinen,Express support for Miami International Airport's request to participate in the Reimbursable Services Program.,,,,,,,,,,
695,980771,5/7/13,Congressman John P. Sarbanes,"Writes on behalf of constituent, P*)MQl who is concerned about the Department purchasing shooting targets for its agents depicting pregnant women holding a child and children holding guns for target practice.",,,,,,,,,,
696,981982,5/21/13,Congressman John P. Sarbanes,"Writes on behalf of constituent, HImImH who expresses concern about the inclusion of Saudia Arabia in the Trusted Traveler Program.",,,,,,,,,,
697,980955,5/9/13,Senator Brian Schatz,Writes on behalf of constituent ¦lOWlSlM regarding the use of LED lighting.,,,,,,,,,,
698,981613,5/16/13,Senator Charles E. Schumer,Invites the Secretary to participate in the 2013 Congressional Summer Intern Lecture Series.,,,,,,,,,,
699,981983,5/21/13,Congressman David Schweikert,Writes on behalf of constituent^n^m^^^ who expresses concern and requests assistance with a decision regarding a recent incident with CBP.,,,,,,,,,,
700,982772,5/31/13,Senator Tim Scott,Writes supporting an extension of the Dorchester County grant extension requested.,,,,,,,,,,
701,,,,,,,,,,,,,,
702,,,,,,,,,,,,,,
703,980528,5/6/13,Senator Jeanne Shaheen,"Invites the Secretary to speak at the New Hampshire Business Day Luncheon, and attend the Experience New Hampshire reception on June 19.",,,,,,,,,,
704,982258,5/24/13,Congressman Peggy Sherry,"Letter to Sec. Napolitano regarding April 26, 2013, Oversight and Management Efficiency Hearing",,,,,,,,,,
705,982259,5/24/13,Congressman Peggy Sherry,"Letter to Sec. Napolitano regarding April 26, 2013, Oversight and Management Efficiency Hearing",,,,,,,,,,
706,982294,5/24/12,Congressman Peggy Sherry,"Letter to Sec. Napolitano regarding April 26, 2013, Oversight and Management Efficiency Hearing",,,,,,,,,,
707,982260,5/24/13,Congressman Peggy Sherry,"Letter to Sec. Napolitano regarding April 26, 2013, Oversight and Management Efficiency Hearing",,,,,,,,,,
708,982295,5/31/13,Congressman Peggy Sherry,"Letter to Sec. Napolitano regarding April 26, 2013, Oversight and Management Efficiency Hearing",,,,,,,,,,
709,982296,5/24/13,Congressman Peggy Sherry,"Letter to Sec. Napolitano regarding April 26, 2013, Oversight and Management Efficiency Hearing",,,,,,,,,,
710,,,,,,,,,,,,,,
711,982463,5/29/13,Congressman Christopher H. Smith,Requests deferred action or other discretionary humanitarian relief from a deportation order in the case olJJQJJgj],,,,,,,,,,
712,982705,5/31/13,Congressman Jackie Speier,Writes on behalf of a constituent with an unsolicited proposal.,,,,,,,,,,
713,980668,5/7/13,Senator Tom Udall,Writes regarding a constituents immigration issues.,,,,,,,,,,
714,980868,5/8/13,Senator Tom Udall,Writes on behalf of a constituent to request a deferral in future removal actions and allow him to remain in the U.S.,,,,,,,,,,
715,981788,5/17/13,Congressman Brian De Vallance,Congressional Report - Title X - Improving Critical Infrastructure Security Sec.210E(d) Annual Reports - FY 2011 and FY 2012 reports on the National Asset Database,,,,,,,,,,
716,981648,5/16/13,Congressman Greg Walden,Writes regarding his son's service with the USCG.,,,,,,,,,,
717,981266,4/16/13,Senator Mark R. Warner,Concerns regarding the H-2B nonimmigrant visa program.,,,,,,,,,,
718,982198,5/24/13,Senator Mark R. Warner,Writes on behalf of a constituent with complaints about new physical requirements for his security officer position.,,,,,,,,,,
719,,,,,,,,,,,,,,
720,981359,5/14/13,Congressman Henry Waxman,Urge to establish a Blue Ribbon Commission of experts that can examine chemical plants to reduce the security risks.,,,,,,,,,,
721,979993,5/1/13,Congressman Brad Wenstrup,Writes on behalf of a constituent regarding his request for passes to go the gate to say goodbye to his son who is going to Afghanistan.,,,,,,,,,,
722,982195,5/23/13,Congressman C. W. Bill Young,Asks if TSA has established a process to resolve reimbursement claims for airport screening equipment.,,,,,,,,,,
723,982518,5/29/13,,Contract Bundling,,,,,,,,,,
724,,,,,,,,,,,,,,
725,Receive Date,Congressman Name,Subject of Request,,,,,,,,,,,
726,984230,7/18/12,Congressman David V. Aguilar,Softwood Lumber Act of 2008 (8) Semiannual Report to Congress,,,,,,,,,,
727,983613,6/13/13,Congressman Andy Barr,Writes on behalf of a constituent regarding his FOIA request from ICE.,,,,,,,,,,
728,983716,6/14/13,Senator Max Baucus,"Write regarding an upcoming audit into Singapore's Institute of Microelectronics and a possible illegal transfer of technology with Hauwei, a Chinese telecommunications company.",,,,,,,,,,
729,983109,4/7/10,Congressman Alan Bersin,"Cover memo from Commissioner Alan Bersin for the Establishment of Centralized Examination Station (CES) in Blaine, Washington. Letters to Members of Congress of the intent to establish a CES in Blaine.",,,,,,,,,,
730,983301,6/10/13,Congressman Jaime Herrera Beutler,Writes on behalf of a constituent who was stopped by a FPS officer while driving.,,,,,,,,,,
731,984019,6/18/13,Congressman Timothy H. Bishop,Writes on behalf of constituent    who complains that she was unhappy with the polygraph test.,,,,,,,,,,
732,,,,,,,,,,,,,,
733,982828,6/3/13,Congressman Diane Black,Requests information regarding the Department's participation in the Student Loan Repayment Program.,,,,,,,,,,
734,984668,6/25/13,Congressman Charles W. Boustany,Writes on behalf of a constituent seeking to rejoin the Trusted Traveler Program.,,,,,,,,,,
735,984018,6/18/13,Senator Barbara Boxer,Writes on behalf of constituent.^K5Wra^H who complains that he wasn't allowed in an FPS building due to the expiration on his California Driver's License.,,,,,,,,,,
736,983813,6/14/13,Congressman Larry Buschon,Writes regarding a constituents immigration issues.,,,,,,,,,,
737,983312,6/10/13,Congressman Eric Cantor,Writes on behalf of a constituent who wants to apply for the Homeland Security/FEMA UASI non-profit security grant.,,,,,,,,,,
738,983102,6/6/13,Senator Thomas R. Carper,Writes to seek information about the Department's role in regulating West Fertilizer and similiar facilities and what lessons can be learned from the tragic incident.,,,,,,,,,,
739,983853,6/17/13,Senator Daniel Coats,Writes on behalf of a constituent regarding the constituent's privacy concerns about wire transfers.,,,,,,,,,,
740,,,,,,,,,,,,,,
741,983663,6/13/13,Senator Tom A. Coburn,Requests the Department's plan to secure the border including a break down sector-by-sector. In addition requests to provide Congress the Congressionally Mandated Quarterly Border Security Status Report.,,,,,,,,,,
742,984574,6/24/13,Senator Tom A. Coburn,"Writes to request FEMA grant documents in review of the local, state, and federal roles in preparing for and responding to the bombings of the Boston Marathon.",,,,,,,,,,
743,984144,6/19/13,Congressman Mike Coffman,Requests a briefing from the Office of Cybersecurity and Communications regarding the Department of Veterans Affairs' IT network security.,,,,,,,,,,
744,985139,6/26/13,Congressman Stephen I. Cohen,Writes on behalf of constituent regarding the Department's purchase of armored carriers and ammunition.,,,,,,,,,,
745,984028,6/18/13,Congressman Chris Collins,Writes regarding concern with the H-2B visa program.,,,,,,,,,,
746,983375,6/10/13,Senator Susan M. Collins,Writes requesting information regarding the process by which Ibragim Todashev was granted asylum.,,,,,,,,,,
747,,,,,,,,,,,,,,
748,,,,,,,,,,,,,,
749,984694,6/25/13,Senator William Cowan,Writes in support of the Congregation Lubaviteh-Chabad Jewish (CLC) center of Massachusetts receiving a Urban Area National Security Initiative (UASI) grant.,,,,,,,,,,
750,982819,6/3/13,Senator Dianne Feinstein,Requests information regarding efforts to address security vulnerabilities relating to student visas.,,,,,,,,,,
751,984290,6/20/13,Senator Deb Fischer,Writes on behalf of his constituent regarding his concerns about the Hazmat endorsement for a CDL license.,,,,,,,,,,
752,982840,6/3/13,Congressman J. Randy Forbes,Writes on behalf of a constituent arguing against a $250 fine due to the discovery of ammunition during an inspection.,,,,,,,,,,
753,984353,6/20/13,Congressman J. Randy Forbes,Requests information regarding the Committee on Foreign Investments in the United States' investigation into a potential acquisition.,,,,,,,,,,
754,984418,6/20/13,Congressman Pete Gallego,Writes in support of the Urban Area Security Initiative (UASI) funding for the city of San Antonio.,,,,,,,,,,
755,,,,,,,,,,,,,,
756,984334,6/20/13,Congressman Kirsten E. Gillibrand,Writes on behalf of a constituent regarding the use of AIT scanners.,,,,,,,,,,
757,982834,6/3/13,Congressman Paul Gosar,"Writes on behalf of a constituent regarding his frustrations with being on the ""No Fly"" list.",,,,,,,,,,
758,983135,6/6/13,Senator Lindsey 0. Graham,Request to establish a CBP pre-clearance facility at the Billy Bishop Toronto City Airport.,,,,,,,,,,
759,983132,6/6/13,Congressman Gene Green,Writes to encourage the secretary to attend and be keynote speaker at the Houston Ship Channel Security District annual luncheon,,,,,,,,,,
760,982995,6/5/13,Congressman Morgan Griffith,Writes on behalf of a constituent requesting information about DHS's need and planned use of specific ammunition purchases.,,,,,,,,,,
761,983174,6/6/13,Congressman Alcee L. Hastings,Writes on behalf of a constituent with a complaint about a security guard's behavior.,,,,,,,,,,
762,985604,6/28/13,Senator Heidi Heitkamp,Urges to maintain the current hours of operations at the 17 border crossing stations in North Dakota.,,,,,,,,,,
763,983205,6/6/13,Congressman Chris Van Hollen,Writes on behalf of a constituent regarding a pending EEO case.,,,,,,,,,,
764,,,,,,,,,,,,,,
765,,,,,,,,,,,,,,
766,983111,6/6/13,Congressman Richard Hudson,Write with concern about the Department's failure to fund the Federal Flight Deck Officer program in its FY 2014 budget request.,,,,,,,,,,
767,984155,6/19/13,Congressman Richard Hudson,Write regarding TSA's decision to cancel its explosives detection canine breeding program at Lackland Air Force Base.,,,,,,,,,,
768,983791,6/14/13,Senator Tim Kaine,Requests an update regarding    redress claim of unjust and prejudice treatment at airports.,,,,,,,,,,
769,984899,6/26/13,Congressman William R. Keating,Write with concern over TSA's proposed plan to abandon its responsibility for staffing passenger exit lanes and shift that responsibility to airport operators.,,,,,,,,,,
770,,,,,,,,,,,,,,
771,,,,,,,,,,,,,,
772,983491,6/12/13,Senator Amy Klobuchar,Writes on behalf of a constituent with complaints about a work authorization investigation.,,,,,,,,,,
773,984202,6/19/13,Senator Amy Klobuchar,Writes on behalf of a constituent regarding his claim that items were stollen from his wife's luggage.,,,,,,,,,,
774,984206,6/19/13,Senator Amy Klobuchar,"Writes on behalf of constituent, Marinpom Rachwat regarding issues she had traveling to Cancun, Mexico where she was stopped and questioned and eventually sent back to Miami after landing in Mexico. She would like to clear her record",,,,,,,,,,
775,,,,,,,,,,,,,,
776,982990,6/5/13,Senator Patrick J. Leahy,Request that CBP begin discussions with the Toronto Port Authority and Porter Airlines to consider the establishment of a pre-clearance facility.,,,,,,,,,,
777,984143,6/19/13,Senator Patrick J. Leahy,Requests the Department exercises prosecutorial discretion in the case of,,,,,,,,,,
778,983309,6/10/13,Senator Carl Levin,Writes on behalf of a constituent who complains about the implementation of a new Physical Abilities Test.,,,,,,,,,,
779,983824,6/17/13,Senator Joe Manchin,Writes on behalf of constituent offering a facility to lodge Border Patrol trainees.,,,,,,,,,,
780,983757,6/14/13,Senator Barbara A. Mikulski,Writes regarding a constituent with USCIS job application issue.,,,,,,,,,,
781,982849,6/3/13,Congressman Candice S. Miller,Requests information regarding the lack of student visa-related information sharing between CBP and ICE which led to the unlawful reentry into the United States of an individual involved with the Boston Marathon bombing.,,,,,,,,,,
782,,,,,,,,,,,,,,
783,,,,,,,,,,,,,,
784,982963,6/4/13,Congressman Candice S. Miller,Urges the President to revise the CBP five year plan to re-prioritize funding for the blue water bridge plaza and work with both the state of Michigan and Canada to finally complete this vital land crossing.,,,,,,,,,,
785,983619,6/13/13,Congressman Gary G. Miller,Writes regarding a constituent with immigration issues obtaining a U-visa.,,,,,,,,,,
786,982832,6/3/13,Senator Lisa Murkowski,Writes on behalf of a constituent regarding their concerns on the arrangement between DHS and Saudi Arabia to establish a trusted traveler program.,,,,,,,,,,
787,,,,,,,,,,,,,,
788,983854,6/17/13,Senator Bill Nelson,Writes on behalf of his constituent regarding the transfer of his soon to be son-in-law to the Port of Key West.,,,,,,,,,,
789,984287,6/20/13,Senator Bill Nelson,"Writes on behalf of his constituent requesting a transfer from Los Angeles to the Port of Key West, Florida.",,,,,,,,,,
790,985645,6/28/13,Congressman Steven Palazzo,Writes on behalf of his constituent requesting INS documents for a legal proceeding.,,,,,,,,,,
791,984620,10/19/11,Congressman Nelson Peacock,Coast Guard Enforcement of Coastwise Trade Laws,,,,,,,,,,
792,985639,6/28/13,Congressman Nancy Pelosi,Writes in support of the San Francisco Bay Area Rapid Transit District's (BART) grant request to secure a key component of BART's underwater Transbay Tube connecting San Francisco and Oakland.,,,,,,,,,,
793,984534,6/21/13,Congressman Dra Karina Antonia Perez,Attorney Perez is writing regarding mistaken charges to be removed from Records.,,,,,,,,,,
794,984221,6/19/13,Senator Brian Schatz,Writes on behalf of a constituent who lost his wallet at a TSA checkpoint.,,,,,,,,,,
795,,,,,,,,,,,,,,
796,983803,6/14/13,Senator Charles E. Schumer,Request a summary of all the duties that remain uncollected under the order on wooden bedroom furniture from China.,,,,,,,,,,
797,984185,6/19/13,Senator Charles E. Schumer,Urges the Committee on Foreign Investment in the United States (CFIUS) to carefully consider the acquisition by SoftBank Corporation of Sprint Nextel Corporation.,,,,,,,,,,
798,983194,6/6/13,Congressman Allyson Y. Schwartz,Writes on behalf of a constituent who requests reconsideration of employment with a security contractor.,,,,,,,,,,
799,982810,5/31/13,Senator Tim Scott,Writes to request an extension of a DHS grant to Dorchester County for an additional two years to build an Emergency Management Dept. and Commmunications Division.,,,,,,,,,,
800,984678,6/25/13,Senator Tim Scott,Writes on behalf of his constituent regarding a FOIA request he had previously submitted.,,,,,,,,,,
801,984069,6/18/13,Senator Jeanne Shaheen,Writes to support the extension of the New Hampshire Department of Safety FY 2010 Homeland Security Grant Program (HSGP) allocation.,,,,,,,,,,
802,984696,6/25/13,Senator Jeanne Shaheen,Writes in support of the Bhutanese Community of New Hampshire (BCNH) receiving a grant from USCIS.,,,,,,,,,,
803,,,,,,,,,,,,,,
804,984752,6/25/13,Senator Jeanne Shaheen,Writes to support the New Hampshire Division of Ports and Harbors (DPH) application for grant fundinig for the Port Security Grant Program to install camera systems at Portsmouth Harbor and Hampton Harbor Marine Facility.,,,,,,,,,,
805,982829,6/3/13,Congressman Eric Swalwell,Writes on behalf of a constituent requesting status of her security clearance.,,,,,,,,,,
806,982972,6/4/13,Congressman Bennie G. Thompson,Raises concerns over the West Fertilizer Plant's compliance with the Chemical Facilities Anti-Terrorism Standards (CFATS) program.,,,,,,,,,,
807,982956,,Congressman Bennie G. Thompson,,,,,,,,,,,
808,985140,6/26/13,Congressman Bennie G. Thompson,"Based on an OIG report regarding DHS helicopter programs, poses several questions on the role of the Office of Program Accountability and Risk Assessment and CBP's acquisition process and conversion plans.",,,,,,,,,,
809,983617,6/13/13,Congressman Frank R. Wolf,Writes regarding a constituent who claims to have never been paid for 9-11 services and has serious health issues as a result of his efforts.,,,,,,,,,,
810,,,,,,,,,,,,,,
811,983986,6/18/13,Congressman Frank R. Wolf,Requests a response to his March 27 letter regarding a constituent whose contract request with the Department was denied.,,,,,,,,,,
812,984250,6/20/13,Congressman Frank R. Wolf,Writes on behalf of a constituent who never received a response regarding a disagreement about compensation.,,,,,,,,,,
813,984640,6/6/13,,Training Videos at DHS,,,,,,,,,,
814,984779,6/26/13,,Response from OCSO (attachment 3) to Congressman Connolly regarding a constituent's OIG complaint. Please route to Congressman as appropriate.,,,,,,,,,,
815,,,,,,,,,,,,,,
816,Policy Congressional Report,,,,,,,,,,,,,
817,Opened Between 07/01/2013 and 07/31/2013,,,,,,,,,,,,,
818,WF#,Receive Date,Congressman Name,Subject of Request,,,,,,,,,,
819,989434,7/30/13,Congressman Rodney Alexander,"Writes on behalf of constituent,    who requests an interview to receive membership to the global entry program before her trip.",,,,,,,,,,
820,986429,7/8/13,Senator Kelly Ayotte,Request an inquiry into an investigation currently being led by the Office of Civil Rights and Civil Liberties.,,,,,,,,,,
821,989)49,7/26/13,Senator Tammy Baldwin,Writes on behalf of a constituent who was detained at O’Hare Airport,,,,,,,,,,
822,989025,7/26/13,Senator John Barrasso,Writes on behalf of his constituent who has concerns about aviation and security issues.,,,,,,,,,,
823,986022,7/2/13,Senator Mark Begich,"Requests an update on the status of the Asia-Pacific Economic Cooperation (APEC) Business Travel Card, and encourages the Department to expedite its implementation.",,,,,,,,,,
824,,,,,,,,,,,,,,
825,988478,7/23/13,Senator Michael Bennet,"Writes on behalf of constituent,(b)(6'    who has additional questions in regards to her initial FOIA request as to why TSA searched her luggage.",,,,,,,,,,
826,988477,7/23/13,Congressman Gus M. Bilirakis,Writes concerning a constituent trying to obtain her SSN and has been experiencing unreasonable delays with DHS verifying her status.,,,,,,,,,,
827,988499,7/23/13,Congressman Charles W. Boustany,Writes on behalf of his constituent regarding his multiple detentions by CBP and TSA while traveling.,,,,,,,,,,
828,986165,7/3/13,Congressman Larry Bucshon,Writes on behalf of a constituent who requests his wife's green card renewed.,,,,,,,,,,
829,986361,7/8/13,Congressman John Carney,Writes on behalf of a constituent regarding issues with her mother's visa.,,,,,,,,,,
830,986921,7/11/13,Congressman Joaquin Castro,Writes regarding a constituent who was denied Medicare benefits due to DHS's inability to verify immigrant document he submitted.,,,,,,,,,,
831,988360,7/23/13,Congressman Jason Chaffetz,Writes to request documents on the Transportation Security Administration's Advanced Imaging Technology (AIT) screening sevices.,,,,,,,,,,
832,,,,,,,,,,,,,,
833,,,,,,,,,,,,,,
834,988367,7/23/13,Congressman Jason Chaffetz,Requests documents and information relating to the Department's extry/exit program and enforcement of BI and B2 visas.,,,,,,,,,,
835,988930,7/25/13,Congressman Jason Chaffetz,Writes regarding the use of canines in the airport screening process.,,,,,,,,,,
836,987561,7/17/13,Congressman Jeffrey S. Chiesa,Writes on behalf of Essex County regarding concerns with their agreement with DHS to house ICE detainees.,,,,,,,,,,
837,988856,7/25/13,Congressman Donna M. Christensen,"Thanks the Secretary for her service and the commitment to provide the needed resources to fight drug and gun trafficking, gun, and other violent crime in America's carribbean.",,,,,,,,,,
838,989475,7/30/13,Congressman David Cicilline,Supports the Ouonset Development Corporation's Port Security Grant Application which would help increase security for Narragansett Bay.,,,,,,,,,,
839,986684,7/9/13,Congressman William Lacy Clay,Supports the St. Louis Metropolitan Police Department's application for the 2013 Port Security Grant.,,,,,,,,,,
840,,,,,,,,,,,,,,
841,986768,7/10/13,Congressman Emanuel Cleaver,Writes requesting DHS give consideration a grant request to fund a Quantum Fingerprint (QF) Sensor development program.,,,,,,,,,,
842,986945,7/11/13,Congressman Emanuel Cleaver,Writes on behalf of a constituent who is requesting assistance obtaining U.S. citizenship.,,,,,,,,,,
843,986668,7/9/13,Senator Tom A. Coburn,Requests answers to questions regarding employees on paid administrative leave and other process protections for employees that have engaged in wrongdoing.,,,,,,,,,,
844,988476,7/23/13,Congressman Paul Cook,Writes on behalf of a constituent’s green card issues.,,,,,,,,,,
845,988501,7/23/13,Congressman Paul Cook,Writes regarding a constituent who needs a replacement green card to receive Social Security benefits.,,,,,,,,,,
846,989635,7/31/13,Senator Michael D. Crapo,Writes regarding a constituent's request for assistance applying for citizenship.,,,,,,,,,,
847,,,,,,,,,,,,,,
848,989043,7/26/13,Congressman Rosa L. DeLauro,Writes on behalf of constituent    |who complains that because of a mistake Filling out the Customs card while entering the U.S. he was taken off the Gobal Entry Program and would like it reinstated.,,,,,,,,,,
849,986745,7/10/13,Senator Richard J. Durbin,Support the Chicago Transit Authority's (CTA) application for the DHS Transit Security Grant Program (TSGP).,,,,,,,,,,
850,986876,7/11/13,Senator Michael B. Enzi,Writes to request a review of DHS performing aimed detainment of random private pilots without probable cause and be advised of findings.,,,,,,,,,,
851,989029,7/26/13,Senator Dianne Feinstein,Writes regarding a constituent that requests a grant to support his research work for IT security systems.,,,,,,,,,,
852,989012,7/26/13,Senator Dianne Feinstein,Requests information regarding the Department's plan of action after the Supreme Court's ruling on DOMA in United States v. Windsor.,,,,,,,,,,
853,989113,7/26/13,Senator Dianne Feinstein,Congratulates the Secretary on her upcoming appointment as President of the University of California system.,,,,,,,,,,
854,,,,,,,,,,,,,,
855,988082,7/19/13,Congressman Stephen Fincher,Writes on behalf of a constituent raising concerns regarding homeland Security Police personnel.,,,,,,,,,,
856,987719,7/18/13,Congressman David Gibbons,Requests a point of contact to obtain information regarding the data center consolidation at the Department.,,,,,,,,,,
857,987384,7/16/13,Congressman Chris Gibson,Writes on behalf of his constituent requesting the wait time for DHS to verify documents so he can get a Social Security card.,,,,,,,,,,
858,987465,7/16/13,Senator Kirsten E. Gillibrand,Writes on behalf of a constituent who requests a grant extension for Albany County before the grant expiration date of 7/31.,,,,,,,,,,
859,986847,7/11/13,Congressman Brett Guthrie,Writes on behalf of his constituent regarding a fine she received from TSA for accidently carrying a firearm into an airport.,,,,,,,,,,
860,986946,7/11/13,Congressman Joe Heck,Writes on behalf of a constituent requesting the status of her relative's pending visas.,,,,,,,,,,
861,987339,7/16/13,Congressman Joe Heck,Writes on behalf of his constituent regarding the constituent's certificate of naturalization.,,,,,,,,,,
862,,,,,,,,,,,,,,
863,,,,,,,,,,,,,,
864,986619,7/9/13,Senator Martin Heinrich,Writes on behalf of his constituent regarding issues with his passport when travelling.,,,,,,,,,,
865,988359,7/23/13,Congressman Steny H. Hoyer,Writes on behalf of a constituent regarding his security clearance review.,,,,,,,,,,
866,987000,7/12/13,Congressman Darrell Issa,Request information regarding oversight of alias email accounts used by DHS officials.,,,,,,,,,,
867,987041,7/12/13,Congressman Hakeen Jeffries,Writes to request reconsidering opening the immigration remaval proceedings for a constituent.,,,,,,,,,,
868,985865,7/1/13,Senator Tim Kaine,"Requests the 51st Annual Independence Day Celebration and Naturalization Ceremony at Monticello on July 4, 2013 be designated as a Special Event.",,,,,,,,,,
869,986776,,Congressman Derek Kilmer,,,,,,,,,,,
870,986492,7/8/13,Congressman Peter T. King,Writes to suggest that FEMA put aside grant money for peer-to-peer training for New York fire departments.,,,,,,,,,,
871,,,,,,,,,,,,,,
872,988895,7/25/13,Congressman Peter T. King,Requests that S&T work with FDNY and partially fund research how susceptible standpipes are to terrorist attacks and how they can be repaired if they are damaged.,,,,,,,,,,
873,985944,7/2/13,Congressman Jack Kingston,Writes on behalf of a constituent regarding a previously submitted complaint of a hostile work environment in one of the Department's Components.,,,,,,,,,,
874,987343,7/16/13,Congressman Jack Kingston,Writes on behalf of a constituent who would like the return of personal property.,,,,,,,,,,
875,989033,7/26/13,Congressman Jack Kingston,Writes on behalf of a constituent who has had difficulties getting a TWIC card.,,,,,,,,,,
876,985929,7/2/13,Senator Amy Klobuchar,Writes on be-half of a constituent requesting more information concerning classified information in his file after being denied travel outside the U.S.,,,,,,,,,,
877,986600,7/9/13,Senator Amy Klobuchar,Writes on behalf of a constituent complaining of treatment by CBP towards one of his Filipino friends in the Minneapolis Airport and requests her visa be reinstated.,,,,,,,,,,
878,,,,,,,,,,,,,,
879,,,,,,,,,,,,,,
880,987322,7/16/13,Senator Mary L. Landrieu,"Writes on behalf of her constituent regarding his their request for their bond to be returned,",,,,,,,,,,
881,986063,7/2/13,Senator Patrick J. Leahy,Writes on behalf of a constituent regarding his immigration removal case.,,,,,,,,,,
882,989476,7/30/13,Senator Carl Levin,Supports the Detroit Wayne county Port Authority's (DWCPA) Port Security Grant to install a generator at its Public Dock along Detroit's riverfront.,,,,,,,,,,
883,988462,7/23/13,Congressman John Lewis,Writes on behalf of his constituent regarding her request to have her suspension removed from her records.,,,,,,,,,,
884,989013,7/26/13,Congressman Dan Maffei,Writes on behalf of constituent’egarding some concerns he has with his employment with TSA.,,,,,,,,,,
885,987620,7/17/13,Congressman Kenny Marchant,Writes with concerns and questions regarding recent reports of CBP agents conducting searches of general aviation airplanes that did not cross international borders or airspace.,,,,,,,,,,
886,,,,,,,,,,,,,,
887,988317,7/22/13,Senator John McCain,Writes on behalf of constituent |(C1(61    who is requesting an investigation for(-(61    who was removed from the Commander promotion list.,,,,,,,,,,
888,988390,7/23/13,Congressman Michael McCauI,Writes to request reports from NPPD regarding Chemical Facilities Anti-Terrorism Standards (CFATS) program.,,,,,,,,,,
889,986901,7/11/13,Senator Barbara A. Mikulski,Writes on behalf of a constituent requesting assistance with obtaining a security clearance.,,,,,,,,,,
890,986924,7/11/13,Senator Barbara A. Mikulski,Writes in support of a grant request for the Torah School of Greater Washington.,,,,,,,,,,
891,987088,7/12/13,Senator Barbara A. Mikulski,Writes in support of the grant application by the Jewish Council for Aging (JCA) for the 2013 High-Risk Nonprofit Security Grant Program.,,,,,,,,,,
892,987070,7/12/13,Senator Barbara A. Mikulski,Writes in support of Congregation Har Tzeon-Agudath Achim for the 2013 High-Risk Nonprofit Security Grant Program.,,,,,,,,,,
893,,,,,,,,,,,,,,
894,987093,7/12/13,Senator Barbara A. Mikulski,Writes in support of the grant application by the Jewish Social Service Agency of Metropolitan Washington for the 2013 High-Risk Nonprofit Security Grant Program.,,,,,,,,,,
895,987094,7/12/13,Senator Barbara A. Mikulski,Writes in support of the grant application by the Jewish Federal of Greater Washington for the High-Risk Nonprofit Security Grant Program.,,,,,,,,,,
896,987072,7/12/13,Senator Barbara A. Mikulski,Writes in support of the grant application by the Jewish Community Center of Greater Washington (JCCGW) for the 2013 High-Risk Nonprofit Security Grant Program.,,,,,,,,,,
897,987230,7/15/13,Senator Barbara A. Mikulski,Writes in support of the grant application by Adat Shalom for the 2013 High-Risk Nonprofit Security Grant Program.,,,,,,,,,,
898,987232,7/15/13,Senator Barbara A. Mikulski,Writes in support of the grant application by Aish HaTorah of Washington DC for the 2013 High-Risk Nonprofit Security Grant Program.,,,,,,,,,,
899,,,,,,,,,,,,,,
900,987249,7/15/13,"Senator Barbara A, Mikulski",Writes in support of the grant application by Young Israel Shomrai Emunah (YISE) of Greater Washington for the 2013 High-Risk Nonprofit Security Grant Program.,,,,,,,,,,
901,987410,7/16/13,Senator Barbara A. Mikulski,"Writes in support of the giant application by the Washington Hebrew Congregation, Bindeman Center, for the 2013 High-Risk Nonprofit Security Grant Program.",,,,,,,,,,
902,988497,7/23/13,Senator Barbara A. Mikulski,Writes on behalf of constituent who believes she has been discrminated against at work.,,,,,,,,,,
903,986884,7/11/13,Congressman Gary G. Miller,Writes on behalf of constituent    vho is requesting an investigation be conducted against FPS HQ Upper Management for HQ violations of laws.,,,,,,,,,,
904,987822,7/18/13,Senator Patty Murray,Requests information regarding the Department’s plan of action after the Supreme Court's ruling on DOMA in United States v. Windsor.,,,,,,,,,,
905,,,,,,,,,,,,,,
906,,,,,,,,,,,,,,
907,987840,7/18/13,Senator Bill Nelson,Writes on the behalf of his constituent regarding a previously submitted Freedom of Information Act (FOIA) request.,,,,,,,,,,
908,988029,7/19/13,Senator Bill Nelson,"Write regarding customs operations at international airports in the United States and its preclearance facilities that screen passengers on international flights bound for the U.S. Also, request a status of the 45 CBP officers that Congress directed CBP to add to priority preclearance locations.",,,,,,,,,,
909,988849,7/25/13,Senator Bill Nelson,Writes on behalf of the City of Riviera Beach Police Department's port security grant request.,,,,,,,,,,
910,985927,7/2/13,Congressman Randy Neugebauer,Writes on behalf of a constituent regarding the Department's weapon and ammunition acquisition.,,,,,,,,,,
911,988458,7/23/13,Congressman Richard B. Nugent,Writes on behalf of a constituent regarding her e-verify issues.,,,,,,,,,,
912,,,,,,,,,,,,,,
913,986900,7/11/13,Senator Rob Portman,Follows up on behalf of his constituent regarding her complaint of a hostile work environment within CBP.,,,,,,,,,,
914,986923,7/11/13,Senator Harry Reid,Writes regarding a constituent who is requesting FEMA funding for an invention for self-sustaining energy to power portable generators during natural disasters.,,,,,,,,,,
915,985960,7/2/13,Congressman Jim Renacci,"Writes to request the status of exit lane technology pending TSA approval, a cost analysis and timeline to implement the new security measures and alternatives considered prior to TSA settling on this decision.",,,,,,,,,,
916,986848,7/11/13,Congressman Michael J. Rogers,Writes on behalf of constituent    |who requests to expedite his Traveler Redress Inquiry Identity Program application.,,,,,,,,,,
917,988753,7/24/13,Congressman Gregorio Sablan,Congratulates the Secretary on her upcoming appointment as the President of the University of California system.,,,,,,,,,,
918,,,,,,,,,,,,,,
919,988934,7/25/13,Congressman Matt Salmon,"Requests the results of a 2007 CBP study conducted by the Homeland Security Institute, and other related studies.",,,,,,,,,,
920,989016,7/26/13,Congressman Mark Sanford,Writes on behalf of constituent]^6'    pho seeks an appeal for the deinal of the Global Entry program.,,,,,,,,,,
921,987779,7/18/13,Congressman Adam B. Schiff,Urge the extension of humanitarian parole to Syrians with approved immigrant petitions.,,,,,,,,,,
922,986978,7/11/13,Senator Jeanne Shaheen,"Writes to request assistance with a matter concerning a CBP policy, the Department of Treasury and a New Hampshire seafood company",,,,,,,,,,
923,985772,7/1/13,Congressman Eric Swalwell,California delegation writes in support of the San Francisco Bay Area Rapid Transit District (BART) application for funding for their FY 2013 Transit Security Grant Program.,,,,,,,,,,
924,,,,,,,,,,,,,,
925,986929,7/11/13,Congressman Eric SwaJwell,Writes with concerns regarding the use of 1-9 audits as an immigration enforcement tool in the Bay Area.,,,,,,,,,,
926,986786,7/10/13,Congressman Mark Takano,"Requests state government agencies, like CalVet, be included in the Transition GPS program so that transitioning servicemembers receive the highest quality and most comprehensive transition assistance.",,,,,,,,,,
927,986513,7/8/13,Congressman Fred Uplon,Request documents pertaining to the BioWatch program and the Report of Investigation regarding the former program manager,,,,,,,,,,
928,988434,7/23/13,Congressman Ann Wagner,Writes on behalf of a constituent with a civil rights complaint.,,,,,,,,,,
929,986039,7/2/13,Senator Mark R. Warner,"Writes on behalf of constituent ,b)l6>    |vho requests to have her name taken off a watch list.",,,,,,,,,,
930,989637,7/31/13,Congressman Henry Waxman,"Urges the Department to take actions at Rancho LPG Holdings LLC in San Pedro, California and the larger CFATS program.",,,,,,,,,,
931,,,,,,,,,,,,,,
932,988875,7/25/13,Congressman Rob Woodall,"Writes on behalf of constituent fb,(6t    who has received documents to transfer money and requests the department confirm if they are fradulent.",,,,,,,,,,
933,989389,7/30/13,Congressman Todd Young,Writes on behalf of constituent (bK6t    who received a ticket from FPS for illegally parking and would like to know the developments of his complaint.,,,,,,,,,,
934,986297,7/5/13,,FLETC's response to Congressman Duncan regarding his request for information about the use of FLETC by federal agencies.,,,,,,,,,,
935,989411,7/30/13,,Attached is the joint FEMA USACE Report -Flood Protection Structure Accreditation Task Force:,,,,,,,,,,
936,,,,,,,,,,,,,,
937,Policy Congressional Report,,,,,,,,,,,,,
938,Opened Between 08/01/2013 and 08/31/2013,,,,,,,,,,,,,
939,WF#,Receive Date,Congressman Name,Subject of Request,,,,,,,,,,
940,990316,8/6/13,Congressman Ron Barber,Writes on behalf of a constituent regarding concerns he has with CBP agents at the Douglas Port of Entry.,,,,,,,,,,
941,990742,8/9/13,Congressman Ron Barber,Writes to urge the department to review the solicitation process pertaining to the TECS Systems to ensure it is not further delayed.,,,,,,,,,,
942,991871,8/19/13,Congressman Lou Barletta,Writes on behalf of a constituent providing his resume for consideration and requesting assistance with obtaining a security clearance.,,,,,,,,,,
943,990795,8/9/13,Congressman Joyce Beatty,Writes on behalf of a constituent who is having difficulty with his supervisor and is requesting a fair hearing with the NPPD Office of Security and Compliance.,,,,,,,,,,
944,990602,8/8/13,Congressman Kevin Brady,Writes in regarding a constituent of Rep. Brady's who wrote regarding immigration issues.,,,,,,,,,,
945,,,,,,,,,,,,,,
946,989862,8/1/13,Congressman Julia Brownley,Writes in support of the Port of Hueneme's FY2013 Port Security Grant Program Application.,,,,,,,,,,
947,991994,8/19/13,Congressman Julia Brownley,Writes in support of Port of Hueneme's FY2013 Port Security Grant Program Application.,,,,,,,,,,
948,991691,8/16/13,Congressman Eric Cantor,Writes in support of Henrico County Division of Fire's application for FEMA's Port Security Grant Program.,,,,,,,,,,
949,990551,8/7/13,Congressman Shelley Moore Capito,Writes on behalf of a constituent seeking assistance for a relative in a detention center.,,,,,,,,,,
950,990992,8/12/13,Senator Thomas R. Carper,Write with questions regarding to the Department's policies and procedures related to the treatment or regulation of virtual currencies.,,,,,,,,,,
951,992898,8/28/13,Senator Robert P. Casey,Writes on behalf of his constituent regarding a matter involving TSA.,,,,,,,,,,
952,990736,8/9/13,Congressman Kathy Castor,Request information regarding the FY2013 Homeland Security Appropriations Act and the Department's plan to utilize $10 million for the CBP preclearance program.,,,,,,,,,,
953,,,,,,,,,,,,,,
954,990193,8/5/13,Congressman Joaquin Castro,Thanks the Secretary for attending the immigration forum on June 21 and congratulates her on her new position.,,,,,,,,,,
955,990758,8/9/13,Congressman Joaquin Castro,Write to request members of the young DREAMers organization be released from detainement in Arizona.,,,,,,,,,,
956,992717,8/27/13,Congressman Jason Chaffetz,Writes to request information related to DHS’s and DOJ's roles in the asylum process in protecting the Southwestern Border.,,,,,,,,,,
957,990007,8/2/13,Congressman Howard L. Coble,Writes to request that OIG conduct a review of CBP's enforcement procedures and issue a public report.,,,,,,,,,,
958,991134,8/13/13,Congressman Howard L. Coble,"Writes on behalf of the town of Yanceyville, NC's request for special funding for their fire department.",,,,,,,,,,
959,990006,8/2/13,Senator Tom A. Coburn,Writes to request information pertaining to USCIS Employment-Based Immigration: Fifth Preferrence (EB-5) Immigrant Investor Visa Program,,,,,,,,,,
960,,,,,,,,,,,,,,
961,990350,8/6/13,Senator Tom A. Coburn,Writes as a follow up requesting information regarding how effective the Department is securing the border and enforcing the rule of law.,,,,,,,,,,
962,992820,8/27/13,Senator Tom A. Coburn,Writes to request information regarding the limits of DHS's statutory authority for cyber security and how these limits have affected the Department's work.,,,,,,,,,,
963,993110,8/29/13,Congressman Chris Collins,Write on behalf of the Seneca Nation of Indians requesting assistance in assuring the Enhanced Tribal Identification Cards will be recognized and accepted at land and sea borders for entry into Canada.,,,,,,,,,,
964,992863,8/28/13,Senator Susan M. Collins,Writes on behalf of constituents who express concern with recent changes to their work schedule.,,,,,,,,,,
965,990695,8/8/13,Senator Christopher Coons,Writes on behalf of a constituent requesting an expungement of an arrest record.,,,,,,,,,,
966,990673,8/8/13,Senator Bob Corker,Writes on behalf of his constituent seeking assistants with SEVIS and his username/password.,,,,,,,,,,
967,990310,8/6/13,Senator John Cornyn,Requests updates on the Port Arthur grant proposal under the Port Security Grant Program.,,,,,,,,,,
968,,,,,,,,,,,,,,
969,991997,8Z19/2013,Congressman Jeff Duncan,Requests an explanation as to why the appropriations report on integrity efforts is late.,,,,,,,,,,
970,990584,8/8/13,Congressman Blake Farenthold,Writes on behalf of a constituent who is inquiring about the status of his DACA request.,,,,,,,,,,
971,989859,8/1/13,Congressman Sam Farr,Writes on behalf of constituent who is inquiring information about registration before attending Aptos High School.,,,,,,,,,,
972,990309,8/6/13,Senator Dianne Feinstein,Writes on behalf of a constituent regarding the negligent management of personal information by a company contracted under DHS.,,,,,,,,,,
973,990733,8/9/13,Senator Dianne Feinstein,Write in support of the San Francisco Fire Department's application for the Department of Homeland Security's Port Security Grant Program.,,,,,,,,,,
974,992405,8/22/13,Senator Dianne Feinstein,Writes in support of the San Francisco Bay Area Rapid Transit District's (BART) grant request to secure a key component of BART's underwater Transbay Tube connecting San Francisco and Oakland.,,,,,,,,,,
975,992458,8/22/13,Senator Dianne Feinstein,Writes on behalf of constituent who is denied entry into Costa Rica.,,,,,,,,,,
976,990216,8/5/13,Senator Jeff Flake,Follow up letter to previous incoming letter where he wrote to requests information related to Border Patrol apprehensions along the Tucson Sector and on Ladd Ranch.,,,,,,,,,,
977,,,,,,,,,,,,,,
978,993302,8/30/13,Senator Jeff Flake,Writes on behalf of his constituent's concerns with a DHS audit of his companies I-9s.,,,,,,,,,,
979,990329,8/6/13,Congressman J. Randy Forbes,"Writes on behalf of constituent, who complains that he may be on the TSA watch list because of the extra search and delays while traveling,",,,,,,,,,,
980,990738,8/9/13,Congressman Lois Frankel,"Writes in support of the City of Riviera Beach, Florida's application for FEMA's FY 2013 Port Security Grant Program.",,,,,,,,,,
981,992090,8/20/13,Congressman Pete Gallego,"Writes on behalf of a constituent regarding his request for assistance from FPS due to abuse of Handicap Parking at the Del Rio, Texas Port of Entry.",,,,,,,,,,
982,990215,8/5/13,Congressman Robert W. Goodlatte,Expresses concern over TSA's proposed plan to shift the responsibility of staffing exit lane to our Nation's airport operators.,,,,,,,,,,
983,990632,8/8/13,Congressman Robert W. Goodlatte,Requests a detailee from the Office of Policy to the Subcommittee on Immigration and Border Security.,,,,,,,,,,
984,992263,8/21/13,Congressman Robert W. Goodlatte,Writes regarding recent surge of foreign nationals primarily from Mexico claiming asylum.,,,,,,,,,,
985,990003,8/2/13,Congressman Paul Gosar,"Requests to release unredacted documents regarding apprehension data, biometric figures, border crossing recidivism, and probability figures related to apprehending individuals attempting to cross U.S. borders.",,,,,,,,,,
986,,,,,,,,,,,,,,
987,,,,,,,,,,,,,,
988,992129,8/21/13,Senator Charles E. Grassley,Seeks information regarding the implementation of the Whistleblower Protection Enhancement Act.,,,,,,,,,,
989,992362,8/22/13,Senator Charles E. Grassley,Writes on behalf of constituent who received a fradulent email from DHS and the Gamiban Government.,,,,,,,,,,
990,992466,8/22/13,Senator Charles E. Grassley,"Writes in regards to unanswered questions from a May 3, 2013 letter on immigration issues.",,,,,,,,,,
991,991629,8/15/13,Congressman Raul M. Grijalva,Writes to request information regarding immigration specifically detention of illegal immigrants and cost related to these detentions.,,,,,,,,,,
992,989938,8/2/13,Congressman Brian Higgins,Express their strong opposition to decreasing the number of metropolitan areas eligible for participation in the Urban Area Security Initiative (UASI) program.,,,,,,,,,,
993,991552,4/26/13,Congressman Brian Higgins,Write in opposition of a conducting a study to see whether fees should be assessed on passengers and pedestrians crossing in the U.S. at land crossings.,,,,,,,,,,
994,,,,,,,,,,,,,,
995,,,,,,,,,,,,,,
996,993147,8/29/13,Congressman Ruben Hinojosa,"Writes regarding a DOMA related issue concerning an exemption for his constituent who wishes to travel with his partner, who is in the U.S. illegally, so that his constituents can be married.",,,,,,,,,,
997,990449,8/6/13,Senator Mike Johanns,"Writes to request an immediate explanation of the ""Immigration and Custom Enforcement Detainer - Notice of Action"" sent to Lancaster County Corrections pertaining to a illegal immigrant.",,,,,,,,,,
998,,,,,,,,,,,,,,
999,992098,8/20/13,Senator Mike Johanns,Writes as a follow-up to a previous letter regarding the cancellation of a hold order against an ICE detainee.,,,,,,,,,,
1000,991510,8/15/13,Congressman Jack Kingston,Writes on behalf of his constituent requesting to be reimbursed for his travel costs as his co-worker was but he was not.,,,,,,,,,,
1001,992185,8/21/13,Senator Mark Kirk,Writes on behalf of his constituent who requests details as to why his grant application was denied.,,,,,,,,,,
1002,990535,8/7/13,Congressman Ann Krister,"Writes on behalf of a constituent requesting to be considered for the Transportation 9-11 Medal for his service aboard the U.S. Navy Hospital Ship USNS Comfort on September 11, 2001.",,,,,,,,,,
1003,993298,8/30/13,Senator Patrick J. Leahy,"Requests to change the current interpretation of ""material support"" for terrorism so that more refugees and asylum seekers who pose no threat to the U.S. can immigrate.",,,,,,,,,,
1004,990771,8/9/13,Senator John McCain,Writes to request information on the steps taken to prepare the C-27J for transfer and request to be immediately notified when a plan is near implementation.,,,,,,,,,,
1005,990712,8/9/13,Congressman Michael McCaul,"Request the Department develop a staffing plan that provides sufficient CBP staff at Bush International Airport, the Port of Houston, Sugar Land Regional Airport, and the soon-to-be constructed Federal Inspection Services Facility at Hobby Airport.",,,,,,,,,,
1006,,,,,,,,,,,,,,
1007,991588,8/15/13,Congressman Michael McCauI,"Request the Department develop a staffing plan and grant Southwest the necessary landing rights, which will enable Hobby Airport to serve arriving international passengers and cargo beginning on or about October 1,2015.",,,,,,,,,,
1008,992119,8/21/13,Congressman Michael McCauI,Write with concerns regarding the new Acting Director of ICE.,,,,,,,,,,
1009,992899,8/28/13,Senator Mitch McConnell,Writes on behalf of constituent who expresses concerns regarding not extending the opeartions at the Paducah plant which can result in reduction in security force.,,,,,,,,,,
1010,992867,8/28/13,Congressman Jim McDermott,Writes on behalf of a constituent with immigration issues.,,,,,,,,,,
1011,992982,8/28/13,Senator Barbara A. Mikulski,Requests information on the status of the department's strategic plan per the requirements of the GPRAMA of 2010.,,,,,,,,,,
1012,993123,8/29/13,Senator Barbara A. Mikulski,Writes to support the Maryland Department of Human Resources decision to provide transitional housing to Maryland residents during the aftermath of Super Storm Sandy.,,,,,,,,,,
1013,992704,8/26/13,Senator Patty Murray,Writes on behalf of a same sex couple that are constituents with immigration issues because of their same sex relationship and they are requesting humanitarian parole because one of the individuals has had HIV since 1998 and is receiving inferior health care in the UK much of which is not covered due to their immigration status.,,,,,,,,,,
1014,992866,8/21/13,Congressman Prithvi Patel,Applicant writing regarding status of citizenship.,,,,,,,,,,
1015,,,,,,,,,,,,,,
1016,992125,8/21/13,Congressman Nick J. Rahall,Writes on behalf of constituent regarding concerns of being on the watch list.,,,,,,,,,,
1017,990292,8/6/13,Senator Harry Reid,Writes on behalf of a constituent regarding a software program they have created to combat hackers.,,,,,,,,,,
1018,990355,8/6/13,Senator Harry Reid,Requests information regarding an immigration policy under which minors will no longer be permanently baired for making false citizenship claims.,,,,,,,,,,
1019,991911,8/19/13,Senator Harry Reid,Writes on behalf of constituent who is seeking to remedy a TSA fine.,,,,,,,,,,
1020,990065,8/5/13,Congressman Ileana Ros-Lehtinen,Requests the release to the media figures on the arrival of unauthorized Cuban migrants at the Southwest border and various ports of entry.,,,,,,,,,,
1021,992461,8/22/13,Congressman John P. Sarbanes,"Writes on behall ol consituent,|(b)(Si    |who is having issues with CHCO.",,,,,,,,,,
1022,992880,8/28/13,Congressman Janice D. Schakowsky,Writes on behalf of her constituent who needs assistance with processing 1-17 forms.,,,,,,,,,,
1023,990192,8/5/13,Senator Jeanne Shaheen,Writes on behalf of a non-US citizen requesting reimbursement for medical bills.,,,,,,,,,,
1024,990670,8/8/13,Senator Jeanne Shaheen,"Writes on behalf of a constituent with a FOIA request for records pertaining to himself with the Department, as well as issues concerning the United States Postal Service and the Federal Bureau of Investigation.",,,,,,,,,,
1025,,,,,,,,,,,,,,
1026,,,,,,,,,,,,,,
1027,990190,8/5/13,Congressman Christopher H. Smith,Writes on behalf of a constituent's company regarding their LED light products currently being held by CBP.,,,,,,,,,,
1028,990214,8/1/13,Congressman Bennie G. Thompson,Rep. Thompson writes requesting information on DHS policies on protecting elassfied information. Response due 8/19.,,,,,,,,,,
1029,990539,8/7/13,Congressman John F. Tierney,Writes to commend two TSA Officers for their professional and helpful service while he was traveling in July.,,,,,,,,,,
1030,989734,8/1/13,Congressman Dina Titus,Writes regarding concerns with the current funding system and risk formulas used in the Urban Area Security Initiative for Las Vegas.,,,,,,,,,,
1031,990934,8/12/13,Senator Patrick Toomey,"Writes on behalf of constituent who was involved in an incident on March 22, 2008 on an airplane he was piloting.",,,,,,,,,,
1032,992809,8/19/13,Congressman Brian De Vallance,USCIS Temporary Protective Status CY 2012,,,,,,,,,,
1033,991513,8/15/13,Congressman Peter J. Visclosky,Writes on behalf of his constituents who has been experiencing problems with TSA,,,,,,,,,,
1034,992615,8/26/13,"Senator Mark R, Warner",Writes on behalf of a constituent with safety concerns in the St. Elizabeth's Coast Guard campus.,,,,,,,,,,
1035,992231,8/21/13,Senator Elizabeth Warren,Writes on behalf of her constituent to request an investigation in a workplace violence case,,,,,,,,,,
1036,,,,,,,,,,,,,,
1037,992727,8/27/13,Congressman Henry Waxman,Writes on behalf of a constituent who has a small business and is trying to bring inidividuals from the UK to the US to acquiring sport pilot licenses.,,,,,,,,,,
1038,989958,8/2/13,Senator Roger F. Wicker,"Invites the Secretary to attend a demonstration at Waste Reduction Technology in Mississippi on August 8, 2013.",,,,,,,,,,
1039,992018,8/19/13,,TWIC Program,,,,,,,,,,
1040,,,,,,,,,,,,,,
1041,Policy Congressional Report,,,,,,,,,,,,,
1042,Opened Between 09/01/2013 and 09/30/2013,,,,,,,,,,,,,
1043,WF#,Receive Date,Congressman Name,Subject of Request,,,,,,,,,,
1044,994369,9/11/13,Congressman Robert B. Aderholt,"Writes on behalf of the superintendent of the Franklin County Board of Education, regarding delays in funding to repair Phil Campbell High School in Alabama.",,,,,,,,,,
1045,994400,9/11/13,Senator Lamar Alexander,Expresses his support for the University of Tennessee's Center for Agriculture and Food Security Preparedness application for a State and Local Homeland Security National Training Program continuing Training Grant.,,,,,,,,,,
1046,994061,9/9/13,Senator Kelly Ayotte,Writes on behalf of a constituent requesting a copy of her naturalization certificate.,,,,,,,,,,
1047,994576,9/12/13,Congressman Ron Barber,Writes with concerns and questions regarding the decision to leave portions of the U.S.-Mexico border fence open during Arizona's monsoon season.,,,,,,,,,,
1048,,,,,,,,,,,,,,
1049,994918,9/16/13,Congressman Ron Barber,"Requests a meeting with the Acting Secretary to discuss the department's continued priorities regarding border security, as well as the department’s efforts towards finalizing a comprehensive border security strategy to meet the November 2013 deadline.",,,,,,,,,,
1050,995230,9/18/13,Congressman Karen Bass,Writes on behalf of a constituent regarding the status of an EEOC claim made over a year ago.,,,,,,,,,,
1051,994602,9/12/13,Senator Mark Begich,Requests that a small business contract be prevented as the business awarded the contract is a large company with a history of misrepresenting itself and requests answers to questions regarding the contract.,,,,,,,,,,
1052,996331,9/26/13,Senator Mark Begich,"Encourages DHS to find funding to to produce ""Smart Sensing Resin"" technology that could help protect its citizens.",,,,,,,,,,
1053,994718,9/13/13,Senator Michael Bennet,Writes on behalf of a constituent regarding the status of his DHS Traveler Redress Inquiry Program application.,,,,,,,,,,
1054,,,,,,,,,,,,,,
1055,994806,9/13/13,Senator Richard Blumenthal,Writes on behalf of his constituent regarding his name on the watch list because he was unjustifiedly placed on it and he continues to be delayed while traveling.,,,,,,,,,,
1056,993947,9/6/13,Congressman Kevin Brady,Requests the Department's involvement to finalize the APEC Business Travel Card legislation as quickly as possible.,,,,,,,,,,
1057,995001,9/16/13,Senator Maria Cantwell,Writes regarding a constituent and his same sex husband who are interested in having his application for a Humanitarian Parole reconsidered.,,,,,,,,,,
1058,994444,9/11/13,Senator Thomas R. Carper,Write regarding challenges faced by the Chemical Facilities and Anti-Terrorism Standards program and requests the status of the ongoing improvement to the progress.,,,,,,,,,,
1059,994508,9/12/13,Senator Robert P. Casey,Writes on behalf of a constituent regarding the status of his Trusted Traveler status appeal.,,,,,,,,,,
1060,994601,9/12/13,Senator Robert P. Casey,Writes on behalf of his constituent regarding being place on the government watch list.,,,,,,,,,,
1061,995843,9/24/13,Senator Daniel Coats,Writes on behalf of constituent who complains about ICE not taking 6 illegal immigrants into custody who were found in Putnam County.,,,,,,,,,,
1062,995844,9/24/13,Congressman Stephen I. Cohen,Writes on behalf of a constituent who had his place of business and home raided on suspicion that fake merchandise was being sold.,,,,,,,,,,
1063,995339,9/18/13,Congressman Elijah E. Cummings,Writes on behalf of his constituent regarding a retired criminal investigators badge and certificate request.,,,,,,,,,,
1064,,,,,,,,,,,,,,
1065,,,,,,,,,,,,,,
1066,996245,9/26/13,Congressman Elijah E. Cummings,"Writes on behalf of constituent,Fb>,t3)    Iwho requests a retired criminal investigator’s badge and certificate.",,,,,,,,,,
1067,994375,9/16/13,Congressman Rosa L. DeLauro,Writes on behalf of a constituent requesting a meeting with the Project Manager for the Advanced Surveillance Systems Project to showcase a new line of products.,,,,,,,,,,
1068,994063,9/9/13,Congressman Jeff Denham,Writes on behalf of his constituent regarding a hold that has been placed on their social security card.,,,,,,,,,,
1069,995747,9/23/13,Congressman Donna F. Edwards,Writes on behalf of constituent who scheduled an interview to be part of the Nexus program but later discovered made a mistake and would like his money refunded.,,,,,,,,,,
1070,995878,9/24/13,Congressman Donna F. Edwards,Writes on behalf of her constituent requesting a refund of an application fee,,,,,,,,,,
1071,993405,9/3/13,Senator Dianne Feinstein,Writes again to request that ICE redirect its enforcement efforts towards violent offenders rather than agricultural workers and exercise prosecutorial discretion for those already in custody.,,,,,,,,,,
1072,996074,9/25/13,Senator Dianne Feinstein,Writes on behalf of her constituent regarding Global Aviators Academy,,,,,,,,,,
1073,993380,9/3/13,"Congressman J,. Randy Forbes",Writes on behalf of a constituent who writes regarding a FEMA review which is causing issues with his business.,,,,,,,,,,
1074,,,,,,,,,,,,,,
1075,996248,9/26/13,Congressman J. Randy Forbes,Writes on behalf of constituent who complains about the negative impact his company has endured due to DHS adopting changes to its strategic sourcing contracting.,,,,,,,,,,
1076,995456,9/19/13,Congressman Joe Garcia,Supports Miami-Dade County's FY2013 Staffing for Fire and Emergency Response (SAFER) Grant application.,,,,,,,,,,
1077,995721,9/23/13,Congressman Robert W. Goodlatte,Writes with concerns regarding a recently promoted individual at the Department of Homeland Security with potential ties to the Muslim Brotherhood.,,,,,,,,,,
1078,995740,9/23/13,Congressman Robert W. Goodlatte,Writes on behalf of a constituent with concents about required background checks and fingerprinting for volunteers at National Park Services sites.,,,,,,,,,,
1079,995604,9/20/13,Senator Lindsey O. Graham,Requests information regarding the effects of the potential government shutdown on the Department of Homeland Security.,,,,,,,,,,
1080,995842,9/24/13,Senator Lindsey O. Graham,Writes on behalf of constituent who is constantly stopped while traveling and questioned despite having a redress number.,,,,,,,,,,
1081,993943,8/22/13,Senator Charles E. Grassley,Writes on behalf of constituent who received a fradulent email from DHS and the Gamiban Government.,,,,,,,,,,
1082,994916,9/16/13,Senator Charles E. Grassley,Urges the Department to ensure whistleblower protection for DHS employees contacting Congress regarding CFIUS cases.,,,,,,,,,,
1083,995496,9/19/13,Senator Charles E. Grassley,Requests information regarding Special Government Employees (SGEs).,,,,,,,,,,
1084,,,,,,,,,,,,,,
1085,996602,9/30/13,Senator Mazie Hirono,"Writes regarding his constituents requesting that he write in support of a new product under development in partnership with UCLA called ""Smart Sensing Resin” and making the department aware of it's existence.",,,,,,,,,,
1086,995227,9/18/13,Congressman Duncan D. Hunter,Writes on behalf of a constituent concerned with her background check processed by DHS and is worried she has been erased from the system.,,,,,,,,,,
1087,996230,9/26/13,Senator Mark Kirk,Writes on behalf of his constituent requesting DHS provide a plaque for retiring employees.,,,,,,,,,,
1088,996425,9/27/13,Senator Patrick J. Leahy,Writes regarding concerns about plans for a permanent Border Patrol checkpoint nearly 100 miles from Vermont's border with Canada.,,,,,,,,,,
1089,996247,9/26/13,Congressman Alan Lowenthal,Writes on behalf of a constituent regarding her request for federal financial aid for the USS Lane Victory.,,,,,,,,,,
1090,995746,9/23/13,Congressman Tom Marino,Writes on behalf of constituent who complains she is still detained at airports for hours after obtaining a redress number.,,,,,,,,,,
1091,994060,9/9/13,Congressman Jim McDermott,"Writes on behalf of his constituent, requesting humanitarian parole.",,,,,,,,,,
1092,993389,9/3/13,Congressman James P. McGovern,Writes on behalf of his constituent regarding propane storage and International facilities Grifton.,,,,,,,,,,
1093,994085,9/9/13,Congressman Patrick T. McHenry,Writes on behalf of a constituent regarding treatment from FPS at a job fair after he could not produce a campaign medal on his DD-214.,,,,,,,,,,
1094,,,,,,,,,,,,,,
1095,994050,9/9/13,Congressman Grace Meng,Writes on behalf of a constituent regarding extensive screening from TSA.,,,,,,,,,,
1096,996598,9/30/13,Senator Barbara A. Mikulski,Writes on behalf of a constituent who believes she has been the victim of age and race discrimination,,,,,,,,,,
1097,994605,9/12/13,Senator Bill Nelson,Writes in support of South Daytona's request to obtain federal grant money for improving the Lantern Park Stormwater Improvement Project.,,,,,,,,,,
1098,995042,9/13/13,Congressman Oscar A. Nunez,Applicant writing regarding status of mother case.,,,,,,,,,,
1099,994516,9/12/13,Congressman Pete Olson,Writes on behalf of a constituent regarding the processing of his TWIC card.,,,,,,,,,,
1100,994045,9/9/13,Congressman Bill L. Owens,Writes on behalf of a constituent about the cutting of funding for the E-Plan program at the University of Texas.,,,,,,,,,,
1101,995444,9/19/13,Congressman Bill L. Owens,Writes on behalf of his constituent voicing his concerns on the lack of staffing at the Fort Covington Port of Entry in regards to the Rail VACIS system.,,,,,,,,,,
1102,995455,9/19/13,Congressman Bill L. Owens,Writes on behalf of a constituent regarding the results of his polygraph examination for a Border Protection Officer position.,,,,,,,,,,
1103,996560,9/30/13,Senator Rand Paul,Writes on behalf of a constituent regarding the federal law enforcement qualifications.,,,,,,,,,,
1104,993898,9/6/13,Congressman Jared Polls,Writes to request the reconsideration of the recent denial of humanitarian parole.,,,,,,,,,,
1105,,,,,,,,,,,,,,
1106,,,,,,,,,,,,,,
1107,994620,9/12/13,Senator Rob Portman,Writes on behalf of constituent requesting assistance with the Traveler Redress Inquiry Program.,,,,,,,,,,
1108,994144,9/9/13,Congressman Bill Posey,Writes on behalf of a constituent regarding a concerning security issue at the Canaveral Port Authority.,,,,,,,,,,
1109,994899,9/16/13,Congressman David G. Reichert,"Write with concerns regarding related to the adequacy, transparency, and fairness of CBP's process for implementing exclusion ordereds issued by the International Trade Commission (ITC).",,,,,,,,,,
1110,995104,9/17/13,Senator Marco Rubio,Writes on behalf of his constituent regarding an investigation and response to his claim of wrongful termination and retaliation.,,,,,,,,,,
1111,995514,9/19/13,Senator Marco Rubio,Writes on behalf of a constituent who believes he has been wrongfully placed on terrorist watch lists.,,,,,,,,,,
1112,995858,9/24/13,Congressman Raul Ruiz,Writes on behalf of his constituent requesting reconsideration of the constituent's Hl-B Visa Renewal.,,,,,,,,,,
1113,994736,9/13/13,Congressman John P. Sarbanes,Writes on behalf of constituent who writes with concern regarding a preclearance site at the Abu Dhabi International Airport.,,,,,,,,,,
1114,994767,9/13/13,Congressman David Scott,Writes on behalf of constituent who complains that NPPD FOIA is refusing to respond to his FOIA request for information supporting FLRA case against ICE.,,,,,,,,,,
1115,995238,9/18/13,Congressman Kyrsten Sinema,Congratulates former Secretary Napolitano on her new position as the President of the University of California.,,,,,,,,,,
1116,,,,,,,,,,,,,,
1117,,,,,,,,,,,,,,
1118,993844,9/2/13,Congressman Brian De Vallance,"GAO-13-256, COMBATING NUCLEAR SMUGGLING: Lessons Learned from Cancelled Radiation Portal Monitor Program Could Help Future Acquisitions",,,,,,,,,,
1119,995229,9/18/13,Congressman Peter J. Visclosky,Writes again on behalf of his constituents who have been experiencing difficulties resolving an issue with TSA.,,,,,,,,,,
1120,994166,9/9/13,Congressman Frank R. Wolf,Writes on behalf of constituent who requests information on DHS procurement practices and Whistleblower protection procedures.,,,,,,,,,,
1121,994722,9/13/13,Congressman Frank R. Wolf,Writes on behalf of a constitutent who is a FEMA employee who is disputing increases in insurance rates.,,,,,,,,,,
1122,995749,9/23/13,Congressman Frank R. Wolf,Writes with concern regarding a preclearace facility at the Abu Dhabi International Airport.,,,,,,,,,,
1123,995799,9/23/13,Congressman Frank R. Wolf,Writes on behalf of constituent who feels that her supervisor is harassing and stressing her at work and requests to transfer to another division,,,,,,,,,,
1124,995651,9/20/13,Congressman Don Young,"Requests that DHS find funding to prove, optimize and test ""Smart Sensing Resin” technology that could help protect it's citizens.",,,,,,,,,,
1125,995478,9/19/13,,Federal Protective Service review of PA&E Office,,,,,,,,,,
1126,,,,,,,,,,,,,,
1127,Policy Congressional Report,,,,,,,,,,,,,
1128,Opened Between 10/01/2013 and 10/31/2013,,,,,,,,,,,,,
1129,WF#,Receive Date,Congressman Name,Subject of Request,,,,,,,,,,
1130,998324,10/25/13,Senator Tammy Baldwin,Writes on behalf of constituent regarding the status of her redress.,,,,,,,,,,
1131,997196,10/17/13,Congressman Karen Bass,Writes on behalf of a constituent regarding his Global Entry status.,,,,,,,,,,
1132,997521,10/21/13,Senator Mark Begich,Writes on behalf of his constituent requesting an investigation into allegations of abuse by FPS officers during detainment.,,,,,,,,,,
1133,997323,10/18/13,Congressman Robert A. Brady,Writes with concerns regarding furloughed Boeing Company employees.,,,,,,,,,,
1134,998271,10/25/13,Congressman Paul Broun,Writes on behalf of a constituent complaining of the treatment of his disabled son by a TSA agent.,,,,,,,,,,
1135,997731,10/22/13,Senator Thomas R. Carper,"Request that reports required under the Consolidated and Further Continuing Appropriations Act, 2013 be provided to the Senate Committee on Homeland Security.",,,,,,,,,,
1136,,,,,,,,,,,,,,
1137,997926,10/23/13,Congressman John Carter,Writes on behalf of a company regarding their TSA contract issues.,,,,,,,,,,
1138,997118,10/17/13,Congressman Donna M. Christensen,Writes to request a meeting regarding CBP USVI agents work conditions and other issues.,,,,,,,,,,
1139,997749,10/22/13,Senator Tom A. Cobum,Requests additional information regarding EB-5 program vulnerabilities.,,,,,,,,,,
1140,998425,10/28/13,Congressman Stephen I. Cohen,Writes on behalf of a constituent seeking assistance with the seizure of goods/property from his restaurant,,,,,,,,,,
1141,998765,10/29/13,Congressman Jeff Denham,Writes on behalf of a constituent requesting information as to why he is detained every time he travels abroad.,,,,,,,,,,
1142,997824,10/23/13,Congressman Theodore E. Deutch,Writes on behalf of a constituent regarding possible identity theft creating a problem with getting a driver’s license issued.,,,,,,,,,,
1143,997540,10/21/13,Congressman Sam Farr,Writes regarding the backlog of H-2A visas caused by the Government Shutdown which needs to be addressed and resolved before it negatively impacts the economy.,,,,,,,,,,
1144,997497,10/21/13,Senator Jeff Flake,Writes regarding any delays caused by the furlough which could bottleneck or backlog the H-2A visa process that Arizona farmers rely on to hire immigrant workers.,,,,,,,,,,
1145,,,,,,,,,,,,,,
1146,,,,,,,,,,,,,,
1147,997484,10/21/13,Congressman Bill Flores,Writes regarding a constituent's FOIA request.,,,,,,,,,,
1148,997913,10/23/13,Congressman J. Randy Forbes,Writes on behalf of constituent who owns a contracting business with DHS and since the Department has implemented some changes its strategy its having significant impacts on his company.,,,,,,,,,,
1149,998044,10/24/13,Congressman Joe Garcia,Writes on behalf of a constituent regarding charges of overstaying her J-1 visa.,,,,,,,,,,
1150,998087,10/24/13,Congressman Joe Garcia,Writes on behalf of his constituent seeking a stay in deportation,,,,,,,,,,
1151,998824,10/29/13,Congressman Scott Garrett,Writes on behalf of a constituent who has trouble flying because of information on his record,,,,,,,,,,
1152,997217,10/17/13,Senator Charles E. Grassley,Writes regarding a recent letter from Majority Leader Reid concerning change of policy regarding immigration law interpretation.,,,,,,,,,,
1153,997750,10/22/13,Congressman Alan Grayson,Writes on behalf of constituent Skyship Services regarding the presence of their airship at the World Series or Super Bowl.,,,,,,,,,,
1154,997378,10/18/13,Congressman Raul M. Grijalva,"Requests to grand humanitarian parole to the DREAMers detained at the border crossing in Laredo, Texas on September 20, 2013.",,,,,,,,,,
1155,998766,10/29/13,Congressman Andrew Harris,Writes on behalf of constituent who complains they are always searched by customs while at the airport.,,,,,,,,,,
1156,997215,10/17/13,Congressman Doc Hastings,Writes requesting the status of a constituent's son's refugee case.,,,,,,,,,,
1157,,,,,,,,,,,,,,
1158,,,,,,,,,,,,,,
1159,997954,10/23/13,Congressman Randy Hultgren,Writes on behalf of constituent who owns a repair service company and complains that Customs has held their merchandise.,,,,,,,,,,
1160,998905,10/22/13,Congressman Achilles A. Leao,Applicant writing regarding status of case.,,,,,,,,,,
1161,997468,10/21/13,Congressman John Lewis,"Writes regarding DREAMers who presented themselves at the Laredo, Texas border and are requesting humanitarian parole.",,,,,,,,,,
1162,998989,10/30/13,Congressman John Lewis,"Requests to exercise discretion to grand humanitarian parole to DREAMers detained at the border crossing in Laredo, TX.",,,,,,,,,,
1163,997140,10/17/13,Congressman Zoe Lofgren,Request the President considering allowing the release on humanitarian parole policy the nine children who turned themselves over to U.S. Customs and Border Protection and official and are now in detention.,,,,,,,,,,
1164,997148,10/17/13,Congressman Zoe Lofgren,Request the President considering allowing the release on humanitarian parole policy the nine children who turned themselves over to U.S. Customs and Border Protection and official and are now in detention.,,,,,,,,,,
1165,997161,10/17/13,Congressman Zoe Lofgren,Request the President considering allowing the release on humanitarian parole policy the nine children who turned themselves over to U.S. Customs and Border Protection and official and are now in detention.,,,,,,,,,,
1166,,,,,,,,,,,,,,
1167,997886,10/23/13,Congressman Tom Marino,Writes on behalf of his constituent regarding her need for an admissions class on her passport.,,,,,,,,,,
1168,997119,10/4/13,Congressman Michael McCauI,"Request answers to (heir concerns regarding the theft of keys to major transit systems in DC and Chicago, and the actions being carried out in order to ensure safety.",,,,,,,,,,
1169,997944,10/23/13,Senator Barbara A. Mikulski,Writes on behalf of four civilian USCG employees and constituents regarding the denial of a travel claim for a recent work order to Honolulu. Hawaii.,,,,,,,,,,
1170,997300,10/2/13,Congressman Jeff Miller,Write encouraging DHS and DOD to return all USCG civilian employees to work immediately.,,,,,,,,,,
1171,998123,10/24/13,Congressman James P. Moran,"Writes on behalf of constituent,    |who requests a no- cost extension of his company's contract.",,,,,,,,,,
1172,997542,10/21/13,Congressman Beto O'Rourke,Writes on behalf of his constituent's green card issues.,,,,,,,,,,
1173,997061,10/8/13,Congressman Donald M. Payne,Writes regarding Acting Secretary Beers' request to attend (he 43rd Annual Legislative Conference of the Congressional Black Caucus Foundation’s Phoenix Awards Dinner.,,,,,,,,,,
1174,997333,10/18/13,Congressman Pedro Pierluisi,Supports the Municipality of Mayamon for the Bayamon - Villa Espana's application for Federal Assistance.,,,,,,,,,,
1175,998104,10/24/13,Congressman Pedro Pierluisi,Writes to request consideration of the Caribbean Regional Center (CRC) to be designed as an EB-5 Regional Center.,,,,,,,,,,
1176,,,,,,,,,,,,,,
1177,997771,10/23/13,Congressman Mike Pompeo,Writes urging the Department to complete rulemaking regarding aircraft repair station security and issue operating certificates for foreign repair stations.,,,,,,,,,,
1178,997479,10/21/13,Congressman Raul Ruiz,Writes on behalf of a constituent who requests humanitarian parole for his sister.,,,,,,,,,,
1179,997336,10/18/13,Senator Charles E. Schumer,Writes on behalf of a constituent who's candidacy as a CBP agent was terminated after being suspected of manipulating his polygraph exam.,,,,,,,,,,
1180,998093,10/24/13,Senator Jeff Sessions,Writes with questions regarding the Department's alternative fuel vehicle goals.,,,,,,,,,,
1181,997244,10/17/13,Congressman Albio Sires,Writes regarding a constituents delay in USCIS processing political asylumn request.,,,,,,,,,,
1182,997159,10/17/13,Congressman Mike Thompson,Requests information and clarification regarding the Secure Communities program,,,,,,,,,,
1183,998444,10/18/13,Congressman Brian De Vallance,"GAO-13-275, COMMUNICATIONS NETWORKS: Outcome-Based Measures Would Assist DHS in Assessing Effectiveness of Cybersecurity Efforts.",,,,,,,,,,
1184,997213,10/17/13,Congressman Marc Veasey,Writes regarding DREAMers who presented themselves at the border and are requesting humanitarian parole.,,,,,,,,,,
1185,998794,10/29/13,Senator Ron Wyden,"Requests assistance to combat ""re-homing"", a process where adopted children are relinquished by their adoptive parents and given to strangers with no governmental oversight.",,,,,,,,,,
1186,,,,,,,,,,,,,,
1187,997588,10/22/13,,Applicant writing regarding status of wife case.,,,,,,,,,,
1188,,,,,,,,,,,,,,
1189,Policy Congressional Report,,,,,,,,,,,,,
1190,Opened Between 11/01/2013 and 11/30/2013,,,,,,,,,,,,,
1191,WF#,Receive Date,Congressman Name,Subject of Request,,,,,,,,,,
1192,1001081,11/22/13,Senator Kelly Ayotte,Writes on behalf of constituent regarding his business proposal to the Department.,,,,,,,,,,
1193,1000605,11/18/13,Congressman Ron Barber,Writes to request an update on the Department's efforts to develop and implement specific metrics for assessing progress made toward securing the border at and between ports of entry in order to meet its Nov. 30th deadline.,,,,,,,,,,
1194,1000819,11/20/13,Congressman Dan Benishek,Writes on behalf of a constituent regarding difficulties he is having renewing his TWIC card.,,,,,,,,,,
1195,1001049,11/22/13,Senator Roy Blunt,Writes on behalf of a constituent's request to correct an error in his paperwork so he isn't required to fill out a waiver every time he travels to the U.S.,,,,,,,,,,
1196,1000435,11/15/13,Senator Maria Cantwell,Urge the Department to authorize limited expansion of rail preinspection services in the Pacific Northwest while the cross-border bilateral agreement is being finalized.,,,,,,,,,,
1197,,,,,,,,,,,,,,
1198,,,,,,,,,,,,,,
1199,999308,11/4/13,Senator Thomas R. Carper,"Reauests thatI10'*01    Idetail to the Homeland Security and Governmental Affiars Committee be extended until 8/1/2014,",,,,,,,,,,
1200,1001165,11/25/13,Senator Thomas R. Carper,"Request CBP provide complete, unredacted copies of any documents identifying and describing unmanned aerial systems missions flown between January 2010 and October 2013.",,,,,,,,,,
1201,1001421,11/27/13,Senator Robert P. Casey,Writes on behalf of constituent regarding the process in gaining employment with CBP.,,,,,,,,,,
1202,1001101,11/22/13,Congressman Emanuel Cleaver,Writes on behalf of a constituent regarding TSA contract screeners at the Kansas City International Airport.,,,,,,,,,,
1203,999773,11/6/13,Senator Tom A. Coburn,Requests information regarding the use of Administratively Uncontrollable Overtime (AUO) by DHS employees and actions taken by the Department as a result.,,,,,,,,,,
1204,1000913,11/21/13,Senator Tom A. Cobum,Write regarding concerns with OIG recommendations that have not been implemented.,,,,,,,,,,
1205,,,,,,,,,,,,,,
1206,1001039,11/22/13,Senator Tom A. Coburn,Writes with questions regarding the current employment status of a DHS employee currently on adminstrative leave.,,,,,,,,,,
1207,1001251,11/26/13,Congressman Chris Collins,Request that the Department consider the Niagara Falls Air Reserve Station as the next site for a regional facility.,,,,,,,,,,
1208,1000470,11/15/13,Congressman John Conyers,"Request TSA reescind its proposed changes to the exit lane staffing process at the Nation's airports, including at Detroit Metropolitan Airport.",,,,,,,,,,
1209,1001149,11/25/13,Congressman Henry Cuellar,Writes in support of the proposal introduced by NextEra to ensure that an additional gab filling radar is installed during the construction of the Javelina Energy Wind Center project.,,,,,,,,,,
1210,1001250,11/26/13,Congressman Henry Cuellar,"Invites participants from the Department to participate in the Science, Technology, Engineering, and Match (STEM) Alliance event in March 2014.",,,,,,,,,,
1211,999604,11/5/13,Congressman Donna F. Edwards,Writes on behalf of a constituent with an EEO complaint.,,,,,,,,,,
1212,999606,11/5/13,Congressman Blake Farenthold,"Writes on behalf of a constituent who is requesting a compassionate transfer to the Corpus Christi, Texas Border Patrol Ofiice",,,,,,,,,,
1213,999750,11/6/13,Congressman Blake Farenthold,Writes on behalf of a constituent regarding their permanent resident card.,,,,,,,,,,
1214,1000167,11/13/13,Congressman Blake Farenthold,Writes regarding a constituent's 1-130 petition.,,,,,,,,,,
1215,,,,,,,,,,,,,,
1216,,,,,,,,,,,,,,
1217,1001318,11/13/13,Congressman Blake Farenthold,Writes regarding a constituent's 1-130 petition.,,,,,,,,,,
1218,1000368,11/14/13,Senator Dianne Feinstein,Writes on behalf of a constituent regarding his Traveler Redress Inquiry Program issue.,,,,,,,,,,
1219,1000292,11/14/13,Congressman Kirsten E. Gillibrand,Writes on behalf of a constituent who's candidacy as a CBP agent was terminated after being suspected of manipulating his polygraph exam.,,,,,,,,,,
1220,1001229,11/25/13,Congressman Robert W. Goodlatte,Write with concerns regarding the plan to lift the ban on Libyans entering the United States seeking to engage in flight-related training and nuclear science studies.,,,,,,,,,,
1221,999232,11/1/13,Senator Lindsey O. Graham,Writes to recommend a potential candidate for the Chief of Staff position at ICE.,,,,,,,,,,
1222,999305,,Senator Charles E. Grassley,,,,,,,,,,,
1223,1000125,11/12/13,Senator Charles E. Grassley,Writes on behalf of a constituent with concerns about the appointment of a Muslim Brotherhood supporter to the Homeland Security Advisory Council.,,,,,,,,,,
1224,1000798,11/20/13,Senator Charles E. Grassley,Writes on behalf of a constituent regarding concerns with the appointment of an alleged Muslim Brotherhood supporter to the Homeland Security Advisory Council.,,,,,,,,,,
1225,,,,,,,,,,,,,,
1226,999228,11/1/13,Congressman Sam Graves,Requests that the IG's investigation into CBP 0AM be completed before before new rules are put into place.,,,,,,,,,,
1227,1000343,11/14/13,Congressman Morgan Griffith,Writes on behalf of constituent who had his item seized by Customs and requests to not be on a suspcious persons list.,,,,,,,,,,
1228,1000366,11/14/13,Congressman Joe Heck,Writes concerning the Temporary Protected Status (TPS) of Filipino citizens currently present in the U.S.,,,,,,,,,,
1229,1000829,11/20/13,Congressman Michael M. Honda,Writes on behalf of a constituent concerning verification of his social security number,,,,,,,,,,
1230,1000920,11/21/13,Congressman Michael M. Honda,Writes regarding several occasions where an official from DHS has directly contacted their employees which has resulted in the termination of one employee.,,,,,,,,,,
1231,1001001,11/21/13,Congressman Steven Horsford,Request Temporary Protected Status (TPS) for Filipino citizens due to the recent typhoon.,,,,,,,,,,
1232,1001394,11/27/13,Congressman Steny H. Hoyer,Writes on behalf of constituent <r”<U)    regarding the civil rights violation case he filed on behalf of his partner who was recently deported and has not received an acknowledgement.,,,,,,,,,,
1233,1001242,11/25/13,Congressman Eloy S. Inos,Request that the Department look into best practices for carriers transporting visitors to the Commonwealth of the Northern Mariana Islands under the parole program.,,,,,,,,,,
1234,,,,,,,,,,,,,,
1235,999864,11/7/13,Congressman Darrell Issa,Requests information regarding the Affordable Care Act and whether Department leadership has elected health coverage for themselves through the Federal Employees Health Benefits Program (FEHB).,,,,,,,,,,
1236,999369,11/4/13,Congressman William R. Keating,Writes to recommend a candidate for a leadership position within the Department.,,,,,,,,,,
1237,999770,11/6/13,Congressman Mike Kelly,Writes on behalf of their constituent regarding additional DHS verification regarding the constituent's immigration identification documents.,,,,,,,,,,
1238,1001414,11/28/13,Congressman Mike Kelly,Requests assistance in verifying her U.S. citizenship for the purpose of obtaining a learner's permit.,,,,,,,,,,
1239,999545,11/5/13,Congressman Jack Kingston,Writes on behalf of a constituent with an EEO complaint.,,,,,,,,,,
1240,999778,11/7/13,Senator Patrick J. Leahy,Inquires about border searches and guidelines implemented for the TECS surveillance system used.,,,,,,,,,,
1241,999610,11/5/13,Senator Carl Levin,Writes on behalf of a constituent regarding two bills for collection he has received from DHS.,,,,,,,,,,
1242,1000720,11/19/13,Congressman Zoe Lofgren,Request Temporary Protected Status (TPS) for Filippino citizens due to the recent typhoon.,,,,,,,,,,
1243,999605,11/5/13,Senator John McCain,Writes on behalf of a constituent seeking assistance with the seizure of his weapons.,,,,,,,,,,
1244,1000469,11/15/13,Congressman Michael McCauI,Write with concerns regarding challenges that should be addressed in the upcoming Quadrennial Homeland Security Review.,,,,,,,,,,
1245,,,,,,,,,,,,,,
1246,,,,,,,,,,,,,,
1247,1001107,11/22/13,Congressman Jerry McNerney,Writes regarding funding for staffing exit lanes as it related to report language.,,,,,,,,,,
1248,999865,11/7/13,Senator Robert Menendez,Requests a review of the denial of GOES cards for (b)(6),,,,,,,,,,
1249,1001042,11/22/13,Senator Robert Menendez,Request Temporary Protected Status (TPS) and other measures to help Filipino citizens impacted by Typhoon Haiyan.,,,,,,,,,,
1250,1001050,11/22/13,Congressman Jeff Miller,Writes on behalf of a constituent needing assistance with a background check.,,,,,,,,,,
1251,1000049,11/12/13,Senator Lisa Murkowski,Writes with concerns regarding the low staffing levels at Fairbanks International Airport.,,,,,,,,,,
1252,1001395,11/27/13,Senator Bill Nelson,Supports Alachua County's SAFER grant application.,,,,,,,,,,
1253,999144,11/1/13,Congressman Eleanor Holmes Norton,Writes on behalf of a constituent with a proposal to help the Department file electronic records.,,,,,,,,,,
1254,1000293,11/14/13,Congressman Pete Olson,Writes on behalf of constituentwho was discharged from work due to a back injury but would like to remain in the Coast Guard.,,,,,,,,,,
1255,1000910,11/21/13,Congressman Pete Olson,"Supports Missouri City, Texas’s SAFER grant application.",,,,,,,,,,
1256,999611,11/5/13,Congressman Bill L. Owens,Writes on behalf of a constituent regarding the cut of funding for the E-Plan program at the University of Texas.,,,,,,,,,,
1257,,,,,,,,,,,,,,
1258,1000291,11/13/13,Congressman Bill L. Owens,Writes on behalf of his constituent regarding staffing issues at the CBP port of entry,,,,,,,,,,
1259,1000603,11/18/13,Congressman Steven Palazzo,Reauests assistance on behalf of constituent    who is having issues applying for DHS jobs.,,,,,,,,,,
1260,1001032,11/22/13,Senator Jack Reed,Writes on behalf of a constituent regarding employment with the Department.,,,,,,,,,,
1261,999992,11/8/13,Congressman Cedric Richmond,Writes in support of the university of New Orleans and the University of Southern Mississippi's proposal seeking to create an innovative integrated academic curriculum to improve maritime security.,,,,,,,,,,
1262,999871,11/7/13,Senator Pat Roberts,Request information regarding CBP searches of general aviation aircraft in the United States since 2009.,,,,,,,,,,
1263,1001198,11/25/13,Congressman Lucille Roybal-Allard,"Writes to request a meeting with CBP to discuss in detail the Department's plans for improving its use of force policies and practices, including oversight and accountability mechanisms.",,,,,,,,,,
1264,999780,11/7/13,Senator Brian Schatz,"Writes on behalf of constituent, Henry Richmond, regarding his participation in the Global Online Enrollment System.",,,,,,,,,,
1265,999284,11/1/13,Senator Charles E. Schumer,Supports a Grant Application submitted by the Fayetteville Fire Department.,,,,,,,,,,
1266,1000446,11/15/13,Congressman Albio Sires,Writes in support of the proposal for the funding of a Center of Excellence - Center for Maritime Research.,,,,,,,,,,
1267,,,,,,,,,,,,,,
1268,1000131,11/13/13,Senator Jon Tester,Request information regarding the Department's investigation into the abuse of Administratively Uncontrollable Overtime (AUO).,,,,,,,,,,
1269,1000882,11/20/13,Congressman Michael R. Turner,Writes on behalf of a constituent regarding his son's internship with HSI.,,,,,,,,,,
1270,1000126,11/12/13,Congressman Marc Veasey,Writes on behalf of a constituent who is currently being detained by ICE,,,,,,,,,,
1271,1000193,11/13/13,Congressman Marc Veasey,Writes on behalf of constituent who was traveling when he was detained at DEW Airport and being charged by ICE for a previous case. Requests a bond set.,,,,,,,,,,
1272,999483,11/4/13,Senator David Vitter,Writes in support of the University of Southern Mississippi and the University of New Orleans' proposal seeking to create an innovative integrated academic curriculum to improve maritime security.,,,,,,,,,,
1273,999607,11/5/13,Senator Mark R. Warner,Writes on behalf of a constituent questioning the need for a DHS police force.,,,,,,,,,,
1274,1000893,11/21/13,,National Capital Region Coordination Report to Congress,,,,,,,,,,
1275,1000907,8/27/13,,Senator Cantwell writes on behalf of (b'(6)    who claims to be on a watchlist and has filed FOIA cases with the National Security Agency and the Federal Bureau of Investigations with no mention of DHS.,,,,,,,,,,
1276,1001293,11/26/13,,FY 2013 Chemical Stockpile Emergency Preparedness Program Annual Report,,,,,,,,,,
1277,,,,,,,,,,,,,,
1278,Policy Congressional Report,,,,,,,,,,,,,
1279,Opened Between 12/01/2013 and 12/31/2013,,,,,,,,,,,,,
1280,WF#,Receive Date,Congressman Name,Subject of Request,,,,,,,,,,
1281,1002139,12/5/13,Senator Tammy Baldwin,Writes on behalf of constituent regarding the status of her application for redress.,,,,,,,,,,
1282,1002184,12/6/13,Congressman John Barrow,Writes in reference to a constituent who is having trouble renewing her driver's license because of DHS has not verified her citizenship status.,,,,,,,,,,
1283,1003538,12/19/13,Senator Richard Blumenthal,Writes on behalf of constituent(bl(0)    regarding the denial of his application for the Global Entry Program.,,,,,,,,,,
1284,1002133,12/5/13,Congressman Dave Camp,"Requests information on his school's eligibility to receive a grant from DHS for communication and transportation equipment, possibly from the Transit Security Grant Program.",,,,,,,,,,
1285,1002820,12/12/13,Senator Thomas R. Carper,Writes with questions regarding the Department’s efforts to secure the country's borders.,,,,,,,,,,
1286,,,,,,,,,,,,,,
1287,1003561,12/19/13,Congressman Jason Chaffetz,Requests that information regarding the asylum process and statistics be provided to the House Committee on Oversight and Government Reform's Subcommittee on National Security.,,,,,,,,,,
1288,1002343,12/5/13,Congressman Yvette D. Clarke,Writes on behalf of a constituent who requests a replacement of his certification of naturalization.,,,,,,,,,,
1289,1002129,12/5/13,Senator Daniel Coats,Writes on behalf of constituent who complains about TSA's random inspections.,,,,,,,,,,
1290,1003658,12/20/13,Senator Tom A. Coburn,Requests information regarding the size and composition of the Department's workforce.,,,,,,,,,,
1291,1002598,12/11/13,Senator John Cornyn,Writes regarding issues that NATO allies experience trying to obtain licenses since the implementation of the Systematic Alien Verification for Enrollment (SAVE) system.,,,,,,,,,,
1292,1003558,12/19/13,Senator John Cornyn,Writes on behalf of a constituent regarding a compassionate reassignment,,,,,,,,,,
1293,1003641,12/19/13,Congressman Susan A. Davis,Request Temporary Protected Status (TPS) for the Philippines.,,,,,,,,,,
1294,,,,,,,,,,,,,,
1295,,,,,,,,,,,,,,
1296,1003738,12/23/13,Congressman Mario Diaz-Balart,"Supports the City of Miramar, Florida's application for funding under the Assistance to Firefighters Grant Program.",,,,,,,,,,
1297,1002378,12/9/13,Congressman Tulsi Gabbard,Writes on behalf of a constituent regarding re-entry to the United States.,,,,,,,,,,
1298,1001598,12/2/13,Congressman Louie Gohmert,Write with concerns regarding the Department's intention to spend $19 million on Top Secret Armed Protective Service Officers (PSOs) throughout Minnesota and Wisconsin.,,,,,,,,,,
1299,1003960,12/26/13,Congressman Louie Gohmert,"Invitation to Mr. and Mrs. Beers for the National Prayer Breakfast on February 6, 2014.",,,,,,,,,,
1300,1002701,12/12/13,Congressman Robert W. Goodlatte,Writes on behalf of a constituent regarding the fingerprinting of volunteers at National Park Service sites.,,,,,,,,,,
1301,1003280,12/18/13,Senator Charles E. Grassley,Writes on behalf of a constituent with concerns regarding the appointment of a Muslim Brotherhood supporter to the Homeland Security Advisory Council (HSAC).,,,,,,,,,,
1302,1003298,12/18/13,Senator Charles E. Grassley,Writes on behalf of a constituent with concerns regarding the appointment of a Muslim Brotherhood supporter to the Homeland Security Advisory Council (HSAC).,,,,,,,,,,
1303,1003678,12/20/13,Senator Charles E. Grassley,Writes on behalf of a constituent regarding a ongoing dilemma she experiences with re-entering the U.S. everytime she travels after obtaining a Redress number.,,,,,,,,,,
1304,1001640,12/2/13,Congressman A1 Green,"Supports Missouri City, Texas’s SAFER grant application.",,,,,,,,,,
1305,,,,,,,,,,,,,,
1306,,,,,,,,,,,,,,
1307,1002827,12/13/13,Congressman Gene Green,Writes on behalf of a constituent regarding automobile searching on ferryboats to Bolivar Peninsula.,,,,,,,,,,
1308,1001742,12/3/13,Congressman Morgan Griffith,Writes on behalf of constituent who complains that Customs held a shipment from him and he would like to be taken ofl a suspcious persons list based on his shipment.,,,,,,,,,,
1309,1003465,12/19/13,Congressman Raul M. Grijalva,Request a meeting to discuss CBP practices at the U.S.-Mexico border.,,,,,,,,,,
1310,1003958,12/23/13,Congressman Raul M. Grijalva,Request the suspension of deportations and expansion of the Deferred Action for Childhood Arrivals (DACA) program.,,,,,,,,,,
1311,1001967,12/4/13,Congressman Brett Guthrie,Writes on behalf of a constituent requesting the status of his security clearance.,,,,,,,,,,
1312,1003779,12/23/13,Senator Mazie Hirono,Requests the Department explore the use of Smart Sensing Resin for facility security research in the FY 2015 budget.,,,,,,,,,,
1313,1003623,12/19/13,Senator Tim Kaine,Supports the City of Norfolk Fire-Rescue (NFR) request for funding under the Assistance to Firefighters Grant Program.,,,,,,,,,,
1314,1002906,12/13/13,Congressman Mike Kelly,Writes on behalf of constituent (b)(6)    who is inquiring about the status of his finger prints to renew his hazmat.,,,,,,,,,,
1315,1002660,12/11/13,Senator Amy Klobuchar,Writes on behalf ot a constituent regarding issues with a pending job application.,,,,,,,,,,
1316,,,,,,,,,,,,,,
1317,1003651,12/20/13,Senator Carl Levin,"Writes regarding the deportation proceedings for(b,<6)    lease and requests justification for the decision to not accept the recommendation of the Office of Immigration Litigation.",,,,,,,,,,
1318,1002398,12/9/13,Congressman Frank A. LoBiondo,"Writes on behalf of constituentlb,(6)    regarding his request for a hardship transfer.",,,,,,,,,,
1319,1003798,12/23/13,Congressman Dave Loebsack,Representative Loebsack writes in support of the Mingo Volunteer Fire Department grant application.,,,,,,,,,,
1320,1003799,12/23/13,Congressman Dave Loebsack,Representative Loebsack writes in support of the Camanche Volunteer Fire Department grant application.,,,,,,,,,,
1321,1003820,12/23/13,Congressman Dave Loebsack,Representative Loebsack writes in support of the West Burlington Fire Department grant application.,,,,,,,,,,
1322,1001536,11/15/13,Congressman Michael McCaul,Write with concerns regarding challenges that should be addressed in the upcoming Quadrennial Homeland Security Review.,,,,,,,,,,
1323,1002318,12/9/13,Congressman Michael McCaul,Write with concerns regarding Rapiscan Systems' violation of terms of unapproved Advanced Technology 2 x-ray machines that were made in China.,,,,,,,,,,
1324,1002719,12/12/13,Congressman Jim McDermott,Requests the status update of an Iraqi interpreter's Special Immigration Visa.,,,,,,,,,,
1325,1002319,12/9/13,Congressman Beto O'Rourke,Writes on behalf of a constituent regarding TSA issues when travelling.,,,,,,,,,,
1326,,,,,,,,,,,,,,
1327,,,,,,,,,,,,,,
1328,1002013,12/4/13,Congressman Jim Renacci,Writes on behalf of a constituent who requests a status update on their I-130 petition.,,,,,,,,,,
1329,1002023,12/4/13,Congressman Jim Renacci,Writes on behalf of a constituent regarding her 1-130 petition for her husband.,,,,,,,,,,
1330,1002746,12/12/13,Congressman Scott Rigell,Writes on behalf of a constituent regarding the constituent's religious visa.,,,,,,,,,,
1331,1002478,12/9/13,Congressman Dana Rohrabacher,Writes on behalf of a constituent requesting an explanation of why his visa request was denied.,,,,,,,,,,
1332,1001726,12/3/13,Congressman Gregorio Sablan,Requests to add his name to the members of congress requesting temporary protected status for Filipino citizens impacted by Typhoon Haiyan.,,,,,,,,,,
1333,1003800,12/24/13,Congressman Gregorio Sablan,Congratulations letter to Alejandro Mayorkas,,,,,,,,,,
1334,1002905,12/13/13,Congressman Janice D. Schakowsky,Requests Temporary Protected Status for the Philippines.,,,,,,,,,,
1335,1002920,12/13/13,Senator Charles E. Schumer,"Writes regarding traffic delays at the Peace Bridge in Buffalo, New York.",,,,,,,,,,
1336,1003548,12/19/13,Senator Charles E. Schumer,Supports the Troy Fire Department's request for funding under the Assitance ot Firefighters Grant Program.,,,,,,,,,,
1337,1002458,12/9/13,Congressman Christopher H. Smith,Writes on behalf of his constituents requesting a meeting to discuss entry options for a constituent who is currently under a 10-year visa ban.,,,,,,,,,,
1338,,,,,,,,,,,,,,
1339,,,,,,,,,,,,,,
1340,1002924,12/13/13,Senator Jon Tester,"Invites the Acting Secretary to testify at a hearing entitled ""Examining the Use and Abuse of Administratively Uncontrollable Overtime at the Department of Homeland Security"" on December 10, 2013.",,,,,,,,,,
1341,1002299,12/9/13,Congressman Bennie G. Thompson,Writes with concerns and questions regarding DHS’s preclearance operations agreement with the United Arab Emirates.,,,,,,,,,,
1342,1003603,12/18/13,Congressman Greg Walden,Writes on behalf of a constituent regarding a self-funded humanitarian transfer.,,,,,,,,,,
1343,1003839,12/23/13,Senator Mark R. Warner,Supports the City of Norfolk Fire-Rescue (NFR) request for funding under the Assistance to Firefighters Grant Program.,,,,,,,,,,
1344,1003499,12/18/13,,Congratulations letter to Jeh Johnson,,,,,,,,,,