Sort,X2,X3,X4,X5,FROM,DATE,SUBJECT,TYPE,CERTAINTY,ALT_TYPE,POLICY_EVENT,EVENT_NAME,EVENT_DATE,NOTES
2,January Privacy Office Congressional Report,,,,,,,,,,,,,
3,Opened between 1/1/2017 -1/31/2017,,,,,,,,,,,,,
4,,,,,,,,,,,,,,
5,WF #,Receive Date,Congressman Name,Subject of Request,,,,,,,,,,
6,1137987,1/31/2017,Congressman Karen Bass,"Writes to urge POTUS to lift recent ban
on citizens from seven Muslim majority
countries.",,,,,,,,,,
7,1137535,1/18/2017,Congressman Alan D. Bersin,"Visa Waiver Program Batch Report to
Congress",,,,,,,,,,
8,1137984,1/31/2017,Senator Cory A. Booker,"Writes with questions regarding recent
immigration orders.",,,,,,,,,,
9,1137021,1/5/2017,Congressman Robert Casey,"Writes regarding OX®) Family
Residential Center in Pennsylvania",,,,,,,,,,
10,1137961,1/30/2017,Congressman Robert Casey,"Writes regarding recent immigration
orders.",,,,,,,,,,
11,1137041,1/6/2017,Congressman Jason Chaffetz,"Writes to request information of a
criminal illegal alien.",,,,,,,,,,
12,1137112,1/10/2017,Congressman Jason Chaffetz,Writes to inquire about hiring process.,,,,,,,,,,
13,January Privacy Office Congressional Report,,,,,,,,,,,,,
14,Opened between 1/1/2017 -1/31/2017,,,,,,,,,,,,,
15,1137255,1/12/2017,Congressman Jason Chaffetz,"Requests investigation of recent
allegations by Georgia Secretary of State
Brian Kemp regarding DHS and
unauthorized scans of computer network.",,,,,,,,,,
16,1 137350,1/13/2017,Congressman Jason Chaffetz,"Writes regarding previous reports
released regarding OPM data breaches.",,,,,,,,,,
17,1137203,1/11/2017,Congressman Emanuel Cleaver,"Requests designation of event to National
Special Security Event (NSSE)",,,,,,,,,,
18,1137941,1/30/2017,Congressman John Conyers,"Requests meeting with the Secretary
regarding recent immigration orders.",,,,,,,,,,
19,1138000,1/31/2017,Congressman Elijah Cummings,"Writes requesting information about
actions taken by CBP regarding
Immigration ban EO.",,,,,,,,,,
20,1137703,1/24/2017,Congressman Steve Daines,"Writes about CBP staffing, cybersecurity,
and hosting the Secretary on a visit to
Montana.",,,,,,,,,,
21,1137996,1/31/2017,Congressman Charles W. Dent,"Writes requesting information about
immigrants who were denied entry into
the country.",,,,,,,,,,
22,Januarv Privacy Office Congressional Report,,,,,,,,,,,,,
23,Opened between 1/1/2017 -1/31/2017,,,,,,,,,,,,,
24,1136894,1/4/2017,Congressman Theodore E. Dcutch,"Writes in support of AFG Program to
purchase power loaders and cots for
firefighters.",,,,,,,,,,
25,1137519,1/18/2017,Congressman Bob Goodlatte,"USCIS Follow-up letter to MOC who
received 12/30/16 responses to OIG
letters. Reference 9 WFs that are now
closed.",,,,,,,,,,
26,1137617,12/20/2016,Congressman Bob Goodlatte,Writes regarding U Visas.,,,,,,,,,,
27,1137014,12/30/2016,Congressman Lindsey Graham,"Senator Graham forwards an inquiry from
4X6)	|regarding her
identification.",,,,,,,,,,
28,1137426,1/17/2017,Senator Charles E. Grassley,"Requests information on two individuals
charged with murder.",,,,,,,,,,
29,1137427,1/17/2017,Senator Charles E. Grassley,"Requests information on an individual on
the run suspected of rape.",,,,,,,,,,
30,1137514,1/18/2017,Senator Charles E. Grassley,"Requests information on an individual
charged with sex trafficking.",,,,,,,,,,
31,January Privacy Office Congressional Report,,,,,,,,,,,,,
32,Opened between 1/1/2017 -1/31/2017,,,,,,,,,,,,,
33,1137702,1/24/2017,Senator Charles E. Grassley,"A letter to	from
Chairman Grassley requesting the detail
of	to the Senate
Judiciary Committee.",,,,,,,,,,
34,"1137019
1136954","1/5/2017
1/4/2017","Congressman Steny Hoyer
Congressman Johnny Isakson","Rep. Hover writes on behalf of (b)(6)
(b)(6) regarding concerns with receiving
her retroactive pay.
Senator Johnny Isakson writes in support
of the Georgia Institute of Technology
grant application.",,,,,,,,,,
35,1137650,1/23/2017,Congressman Sheila Jackson Lee,"Issues Press Statement congratulating
John Kelly on confirmation as SI.",,,,,,,,,,
36,1137734,1/25/2017,Congressman John Katko,"Writes with concern about Community
Engagement Tours given at airports
across the United States",,,,,,,,,,
37,1136948,1/4/2017,Congressman John Larson,"Rep. Larson forwards an inquiry from |(b) 1.
(b)(6)	Iregarding travel issues
he faces due to his being a victim of
identity theft.",,,,,,,,,,
38,January Privacy Office Congressional Report,,,,,,,,,,,,,
39,Opened between 1/1/2017 -1/31/2017,,,,,,,,,,,,,
40,,,,,,,,,,,,,,
41,1 137107,12/23/2016,Congressman Patrick Leahy,"Thank you notes for Congressional
Members and staff for working to pass
H.R. 6431, the Promoting Travel,
Commerce, and National Security Act of
2016",,,,,,,,,,
42,1 137721,1/24/2017,Congressman Zoe Lofgren,"Writes regarding recent reports that CBP
officers arc denying entry to the U.S.
based on political and/or religious
affiliation.",,,,,,,,,,
43,1137951,1/30/2017,Congressman Edward Markey,"Writes regarding recent immigration
orders.",,,,,,,,,,
44,1137964,1/30/2017,Congressman Claire McCaskill,"Writes requesting information about
Executive Order signed by the President.",,,,,,,,,,
45,1136966,1/4/2017,Congressman Michael McCaul,Requests A-File of Ohio State attacker.,,,,,,,,,,
46,1137897,1/27/2017,Congressman Michael McCaul,"Writes requesting copies of statutorily
mandated reports.",,,,,,,,,,
47,1137334,1/13/2017,Congressman Jennifer M. Miller,"Writes regarding the Department's
Federal Real Property",,,,,,,,,,
48,Januarv Privacy Office Congressional Report,,,,,,,,,,,,,
49,Opened between 1/1/2017 -1/31/2017,,,,,,,,,,,,,
50,1137942,1/30/2017,Congressman Jerry Moran,"Writes to recommend Dr. Tammy
Beckham to serve as Under Secretary for
Science and Technology in the
Department of Homeland Security.",,,,,,,,,,
51,1137105,1/9/2017,Senator Bill Nelson,"Writes to request reimbursement for
ancillary costs associated with providing
security for President -elect.",,,,,,,,,,
52,1137405,1/13/2017,Senator Bill Nelson,"Writes to request federal resources to
assist law enforcement and the
surrounding community after the Ft.
Lauderdale attack.",,,,,,,,,,
53,1137968,1/30/2017,Congressman Bill Pascrell,"Writes with concern regarding Trump
Administrations recent Executive Order
on immigration",,,,,,,,,,
54,1137993,1/31/2017,Congressman Gary Peters,"Writes with concern on the executive
order issued by President Trump targeting
individuals from majority Muslim
countries serving as a religious test to
determine entry into the U.S.",,,,,,,,,,
55,1137573,1/19/2017,Congressman Mark Pocan,"Requests hearings on two individuals
immigration statuses.",,,,,,,,,,
56,January Privacy Office Congressional Report,,,,,,,,,,,,,
57,Opened between 1/1/2017 -1/31/2017,,,,,,,,,,,,,
58,1137174,1/10/2017,Congressman Dennis Ross,"Requests clarification for law
enforcement regarding alien detention
rules.",,,,,,,,,,
59,1137705,1/25/2017,Congressman Dennis Ross,"Writes requesting clarification on ICE
procedures regarding detainees.",,,,,,,,,,
60,1137428,1/17/2017,Congressman Linda Sanchez,"Requests President Obama to take
immediate action on three specific
policies regarding immigrant
communities.",,,,,,,,,,
61,1137940,1/30/2017,Congressman Adam B. Schiff,"Writes regarding the implementation of
the executive order banning visa holders
from certain majority muslim countries
and refugees from the United States.",,,,,,,,,,
62,1136899,1/4/2017,Congressman Charles Schumer,"Writes in support of City of Watervliet
Fire Department's application for funding
through FEMA's Assistance to
Firefighters Grant program.",,,,,,,,,,
63,1136900,1/4/2017,Congressman Charles Schumer,"Writes in support of application
submitted by the City of Amsterdam
(NY) for funding through FEMA's
Assistance to Firefighters Grant program.",,,,,,,,,,
64,January Privacy Office Congressional Report,,,,,,,,,,,,,
65,Opened between 1/1/2017 -1/31/2017,,,,,,,,,,,,,
66,1136923,1/4/2017,Congressman Charles Schumer,"Writes in support of Watkins Glen Fire
Department's application for funding
through FEMA's Assistance to
Firefighters Grant program",,,,,,,,,,
67,1136926,1/4/2017,Congressman Charles Schumer,"Writes in support of Morrisonville-
Schuyler Falls Volunteer Ambulance
Service, Inc. for FEMA's 2016 Assistance
to Firefighters Grant program",,,,,,,,,,
68,1136928,1/4/2017,Congressman Charles Schumer,"Writes in support of Niagara Engine
Company No. 6 of Schoharie Fire
Department for funding under Assistance
to Firefighters Grant Program",,,,,,,,,,
69,1136929,1/4/2017,Congressman Charles Schumer,"Writes in support of Depew Volunteer
Fire Department's application for funding
through FEMA's Assistance to
Firefighters Grant program",,,,,,,,,,
70,1136939,1/4/2017,Congressman Charles Schumer,"Writes in support of Stuyvesant Falls Fire
District's application for funding through
FEMA’s Assistance to Firefighters Grant
Program",,,,,,,,,,
71,Januarv Privacy Office Congressional Report,,,,,,,,,,,,,
72,Opened between 1/1/2017 -1/31/2017,,,,,,,,,,,,,
73,1 136941,1/4/2017,Congressman Charles Schumer,"Writes in support of application
submitted by Three Mile Bay Volunteer
Fire Department for funding through
FEMA's 2016 Assistance to Firefighters
Grant program",,,,,,,,,,
74,1136944,1/4/2017,Congressman Charles Schumer,"Writes in support of Utica Fire
Department’s application for funding
under FEMA's Assistance to Firefighters
Grant program",,,,,,,,,,
75,1136946,1/4/2017,Congressman Charles Schumer,"Writes in support Dundee Fire
Department's request for funding under
FEMA's Assistance to Firefighters Grant
program.",,,,,,,,,,
76,1136950,1/4/2017,Congressman Charles Schumer,"Writes in support of Oriskany Falls
Volunteer Fire Department's application
for funding through FEMA's Assistance
to Firefighters Grant program",,,,,,,,,,
77,1136978,1/5/2017,Congressman Charles Schumer,"Writes in support of Syracuse Fire
Department’s application for FEMA
Assistance to Firefighters Grant program",,,,,,,,,,
78,January Privacy Office Congressional Report,,,,,,,,,,,,,
79,Opened between 1/1/2017 -1/31/2017,,,,,,,,,,,,,
80,1136979,1/5/2017,Congressman Charles Schumer,"Writes in support of Chi Ison Volunteer
Fire Company's application for FEMA's
2016 Assistance to Firefighters Grant
program",,,,,,,,,,
81,1137063,1/6/2017,Congressman Charles Schumer,"Writes on behalf of various companies
and departments applying for FEMA
grant programs",,,,,,,,,,
82,1137988,1/31/2017,Congressman Jeanne Shaheen,"Writes regarding Special Immigrant Visa
program in context of recent immigration
orders.",,,,,,,,,,
83,1137735,1/25/2017,Congressman Lamar Smith,"Invites Secretary Kelly to meet with
members of the Congressional Border
Security Caucus.",,,,,,,,,,
84,1137780,1/11/2017,Congressman Elise Stefanik,"Rep. Stefanik forwards correspondence
from |i>X6)	|
concerning an issue he is experiencing
with DHS.",,,,,,,,,,
85,January Privacy Office Congressional Report,,,,,,,,,,,,,
86,Opened between 1/1/2017 -1/31/2017,,,,,,,,,,,,,
87,1137759,1/25/2017,Congressman Jon Tester,"Writes regarding the United States -
Canadian border in the State of Montana.",,,,,,,,,,
88,,,,Writes regarding REAL ID for Montana,,,,,,,,,,
89,1137797,1/26/2017,Congressman Jon Tester,,,,,,,,,,,
90,1137351,1/13/2017,Congressman Greg Walden,Writes regarding US-CERT,,,,,,,,,,
91,1138027,1/31/2017,Congressman Tim Walz,"Requests information regarding Trump
Administration executive order banning
travel to the U.S. from 7 specified
nations.",,,,,,,,,,
92,1137944,1/30/2017,Congressman Mark Warner,"Writes with concern about the executive
order entitled ""Protecting the Nation
From Foreign Terrorist Entry Into the
United States""",,,,,,,,,,
93,February Privacy Office Congressional Report,,,,,,,,,,,,,
94,Opened between 2/1/17 - 2/28/17,,,,,,,,,,,,,
95,WF#,Receive Date,Congressman Name,Subject of Request,,,,,,,,,,
96,1139011,2/8/2017,Congressman Ehsan Ahmed,"Applicant writing regarding status of
case.",,,,,,,,,,
97,1139253,2/24/2017,Congressman Louis Barletta,"Rep. Barletta writes on behalf of llb>|lS 1
(bX6)	regarding the processing
of his Hazmat application.",,,,,,,,,,
98,1139387,2/28/2017,Congressman Andy Barr,"Writes on behalf of constituents in
Central Kentucky who have expressed
specific concerns about the President's
Executive Order No. 13,769 entitled
""Protecting the Nation from Foreign
Terrorist Entry into the United States.""",,,,,,,,,,
99,1138482,2/10/2017,Congressman Don Beyer,Rep. Beyer writes on behalf of,,,,,,,,,,
100,,,,"W© request for immediate placement
in the DHS into a GS-15 position.",,,,,,,,,,
101,1139380,2/28/2017,Congressman Earl Blumenauer,"Writes to request that you include
additional visas for the Afghan Special
Immigrant Visa (SIV) program within the
administration's supplemental defense
budget request for Fiscal Year 2017.",,,,,,,,,,
102,February Privacy Office Congressional Report,,,,,,,,,,,,,
103,Opened between HlfYl - 2/28/17,,,,,,,,,,,,,
104,1138436,2/9/2017,Senator Cory A. Booker,Write regarding the focus of CVE efforts,,,,,,,,,,
105,1138816,2/16/2017,Congressman Mike Bost,"4X6)	|is seeking help",,,,,,,,,,
106,,,,with his Global Entry interview date,,,,,,,,,,
107,1138120,2/2/2017,Congressman Robert Brady,"Representative Brady writes in on behalf
of 4X6)	who is
seeking guidance on how to obtain or
renew his green card",,,,,,,,,,
108,1138292,2/6/2017,Senator Sherrod Brown,"Writes regarding President Trump’s
executive order, ""Protecting the Nation
from Foreign Terrorist Entry in the
United States.""",,,,,,,,,,
109,1138926,2/21/2017,Congressman Maria Cantwell,"Write to express concern that Executive
Order ""Enhancing Public Safety int he
Interior of the United States"" could affect
DACA recipients.",,,,,,,,,,
110,1139032,2/22/2017,Congressman Salud Carbajal,"Urges ICE to immediately remove the
word ""Police"" from all ICE gear.",,,,,,,,,,
111,1138277,2/6/2017,Congressman Andre Carson,"Writes regarding recent Executive Orders
on immigration.",,,,,,,,,,
112,1138469,2/10/2017,Senator Robert P. Casey,Writes regarding DHS Grant Programs,,,,,,,,,,
113,February Privacy Office Congressional Report,,,,,,,,,,,,,
114,Opened between 2/1/17 - 2/28/17,,,,,,,,,,,,,
115,1138126,2/2/2017,Congressman David Cicillinc,"Urges CBP and DHS to comply with
court orders regarding immigrants being
removed and detained at Dulles
International Airport.",,,,,,,,,,
116,1138794,2/16/2017,Congressman Thad Cochran,"Writes on behalf of various departments
applying for FEMA grant programs",,,,,,,,,,
117,1138121,2/2/2017,Congressman Chris Collins,"Writes to express concern about EO
signed by President Trump regarding
travel restrictions.",,,,,,,,,,
118,1138704,2/15/2017,Congressman Chris Collins,"Writes with concerns regarding expedited
implementation of National Biometric
Entry-Exit Tracking System",,,,,,,,,,
119,1139360,2/28/2017,Congressman Susan Collins,"Urges DHS to conduct immediate audit of
number of unused H-2B visas from the
first half of FY 2017",,,,,,,,,,
120,1138348,2/8/2017,Congressman Gerald E. Connolly,"Requests information about DHS use of
nondisclosure agreements",,,,,,,,,,
121,1138100,2/2/2017,Congressman John Conyers,"Write to strongly condemn the President's
executive order titled ""Protecting the
Nation From Foreign Terrorist Entry into
the United States""",,,,,,,,,,
122,February Privacy Office Congressional Report,,,,,,,,,,,,,
123,Opened between 2/1/17 - 2/28/17,,,,,,,,,,,,,
124,1138566,2/12/2017,Congressman Susan A. Davis,"Requests Information on Executive
Order: Protecting the Nation from
Terrorist Entry into the U.S. by Foreign
Nationals",,,,,,,,,,
125,1138706,2/15/2017,Congressman Peter Defazio,"Writes regarding Federal Aviation
Administration personnel security
screening",,,,,,,,,,
126,1138552,2/13/2017,Congressman Rosa L. DeLauro,"Requests Information on Executive
Order: Protecting the Nation from
Terrorist Entry into the U.S. by Foreign
Nationals",,,,,,,,,,
127,1138570,2/13/2017,Congressman Suzan Delbene,"Requests Information on Executive
Order: Protecting the Nation from
Terrorist Entry into the U.S. by Foreign
Nationals",,,,,,,,,,
128,1138086,5/12/2016,Congressman Debbie Dingell,"Writes regarding her constituents (b)(6)
(b)(6)
(b)(6)",,,,,,,,,,
129,1139347,2/27/2017,Congressman Debbie Dingell,"Writes regarding the implementation of
President Trump's border security and
immigration enforcement executive order",,,,,,,,,,
130,February Privacy Office Congressional Report,,,,,,,,,,,,,
131,Opened between 2/1/17 - 2/28/17,,,,,,,,,,,,,
132,1138485,2/10/2017,Congressman Anna Eshoo,"Writes to congratulate SI on
appointment.",,,,,,,,,,
133,1138966,2/21/2017,Congressman Dianne Feinstein,"Writes regarding immigration raids in
Southern California.",,,,,,,,,,
134,1139355,2/28/2017,Congressman Dianne Feinstein,"Writes with concerns regarding guidance
and related materials released on
February 21, 2017 that seeks to
implement two of President Trump’s
Executive Orders on immigration.",,,,,,,,,,
135,1138363,2/8/2017,Congressman Jeff Flake,"Writes regarding staffing levels for
officers and Border Patrol agents.",,,,,,,,,,
136,1139084,2/23/2017,Congressman Jeff Fortenberry,"Writes regarding the concept of creating
""safe zones"" in the Middle East.",,,,,,,,,,
137,1138623,2/13/2017,Congressman A1 Franken,"Thanks Secretary for help regarding a
constituent.",,,,,,,,,,
138,1139369,2/28/2017,Congressman Tulsi Gabbard,"|4X6)	frites regarding his leave",,,,,,,,,,
139,1138905,2/17/2017,Congressman Kirsten Gillibrand,"lbx6)	is filing a rebuttal
against the decision made on an inquiry
filed with the Coast Guard in April 2016.",,,,,,,,,,
140,February Privacy Office Congressional Report,,,,,,,,,,,,,
141,Opened between 2/1/17 - 2/28/17,,,,,,,,,,,,,
142,1138777,2/16/2017,Congressman Louie Gohmcrt,"Writes with concern regarding DHS
Countering Violent Extremism (CVE)
grants for FY 2016",,,,,,,,,,
143,1138331,2/7/2017,Senator Charles E. Grassley,"Writes regarding a recent DHS OIG
report",,,,,,,,,,
144,1138442,2/10/2017,Senator Charles E. Grassley,"Requests A-Fiie of an individual involved
in sexual assault and robbery of others.",,,,,,,,,,
145,1138443,2/10/2017,Senator Charles E. Grassley,"Requests A-file of individual convicted of
murder in Texas.",,,,,,,,,,
146,1138561,2/13/2017,Congressman Raul Grijalva,"Requests Information on Executive
Order: Protecting the Nation from
Terrorist Entry into the U.S. by Foreign
Nationals",,,,,,,,,,
147,1138511,2/13/2017,Congressman Michelle Lujan Grisham,"Requests that DHS promptly respond to
specified questions regarding
implementation of President Trump’s
executive orders on immigration.",,,,,,,,,,
148,February Privacy Office Congressional Report,,,,,,,,,,,,,
149,Opened between 2/1/17 - 2/28/17,,,,,,,,,,,,,
150,1138645,2/9/2017,Congressman Andy P. Harris,"Rep. Harris writes on behalf of(bX6)
1(b)(6)	Regarding
concerns over a recent experience they
had at the Fort Lauderdale International
Airport.",,,,,,,,,,
151,1139132,2/23/2017,Senator Kamala D. Harris,"Writes urging that due process be
provided to individuals that are affected
by the Executive Order ""Protecting the
Nation From Foreign Terrorist Entry Into
the United States""",,,,,,,,,,
152,1138124,2/2/2017,Senator Dean Heller,"Writes to follow up on his meeting with
Secretary Kelly regarding UAS1.",,,,,,,,,,
153,1138658,2/14/2017,Congressman Brian Higgins,"Writes regarding the implementation of
biometric exit at Land Ports of Entry",,,,,,,,,,
154,1138869,2/17/2017,Senator Mazie Hirono,"Writes with concern about executive
order relating to the suspension of the
issuance of visas and other immigration
benefits.",,,,,,,,,,
155,1139273,2/24/2017,Congressman Steny Hoyer,"Thank you note from Rep. Hoyer
regarding a discussion over the
Immigration EO.",,,,,,,,,,
156,February Privacy Office Congressional Report,,,,,,,,,,,,,
157,Opened between 2/1/17 - 2/28/17,,,,,,,,,,,,,
158,1138635,2/10/2017,Congressman Duncan Hunter,"Rep. Duncan writes on behalf of 14)4) |
(b)(6)	regarding her complaint against
TSA and how her supervisors handled her
termination.",,,,,,,,,,
159,1138906,2/17/2017,Congressman Duncan Hunter,Writes regarding funding for USCG.,,,,,,,,,,
160,1138932,2/21/2017,Congressman Pramila Jayapal,"Writes regarding a DACA applicant that
was picked up by ICE.",,,,,,,,,,
161,1138637,2/14/2017,Congressman Tim Kaine,"Opposes Trump Administration's plan to
rename U.S. Government countering
violent extremism programs",,,,,,,,,,
162,1138405,2/9/2017,Congressman John Katko,"Writes regarding security on the Northern
Border.",,,,,,,,,,
163,1139368,2/28/2017,Congressman John Katko,"Writes concerning the cybersecurity of
the nation's major airlines and how the
Department of Homeland Security (DHS)
is assisting to prevent and mitigate cyber-
attacks.",,,,,,,,,,
164,1138061,2/1/2017,Congressman Bill Keating,"Writes regarding the recent Executive
Order on immigration",,,,,,,,,,
165,,,February Privacy Office Congressional Report,,,,,,,,,,,
166,,,Opened between 2/1/17 - 2/28/17,,,,,,,,,,,
167,1138791,2/16/2017,Congressman Joseph Kennedy,"Writes with concern regarding perceived
lack of clear guidance with immigration
enforcement priorities.",,,,,,,,,,
168,1138715,2/15/2017,Congressman Peter King,"Requests answers to questions provided
regarding meeting between U.S. allies",,,,,,,,,,
169,1138630,2/14/2017,Congressman Amy Klobuchar,"Recommends a constituent for a position
within DHS",,,,,,,,,,
170,1138227,2/3/2017,Congressman Patrick Leahy,"Concerns regarding President Trump's
Executive Order on immigration",,,,,,,,,,
171,1 138440,2/9/2017,Congressman Edward Markey,"Writes regarding Executive Order entitled
Enhancing Public Safety in the Interior of
the United States.",,,,,,,,,,
172,1138573,2/13/2017,Congressman Edward Markey,"Requests Information on Executive
Order: Protecting the Nation from
Terrorist Entry into the U.S. by Foreign
Nationals",,,,,,,,,,
173,1138844,2/17/2017,Congressman Claire McCaskill,"Writes regarding implementation of cyber
provisions contained in the FY 2016
Consolidated Appropriations Act",,,,,,,,,,
174,February Privacy Office Congressional Report,,,,,,,,,,,,,
175,Opened between 2/1/17 - 2/28/17,,,,,,,,,,,,,
176,1138852,2/17/2017,Congressman Claire McCaskill,"Writes regarding a report by GAO about
the construction and deployment of
fencing along the Southwest border in
addition to a follow up inquiry regarding
previous Executive Order
correspondence.",,,,,,,,,,
177,1138831,2/17/2017,Congressman Michael McCaul,"Writes regarding overdue reports and
capability requirements required by the
Cybersecurity Act of 2015",,,,,,,,,,
178,1138854,2/17/2017,Congressman Michael McCaul,"Writes to inform POTUS about launching
a Counter a Task Force for Denying
Terrorists entry into the United States.",,,,,,,,,,
179,1139061,2/22/2017,Congressman Michael McCaul,"Thanks Secretary Kelly for appearing
before February 7, 2017 Committee and
provides addition questions from the
Committee for the Secretary to answer.",,,,,,,,,,
180,1138956,2/21/2017,Congressman Robert Menendez,"Writes regarding enforcement actions
conducted by ICE as a result of Executive
Order ""Enhancing Public Safety in the
Interior of the United States""",,,,,,,,,,
181,February Privacy Office Congressional Report,,,,,,,,,,,,,
182,Opened between 2/1/17 - 2/28/17,,,,,,,,,,,,,
183,1139175,2/23/2017,Congressman Stephanie Murphy,"Writes regarding recent anonymous bomb
threats against Jewish Community
Centers across the nation.",,,,,,,,,,
184,1138967,2/21/2017,Congressman Beto O'Rourke,"Writes with concern over recent
immigration enforcement actions in El
Paso, Texas",,,,,,,,,,
185,1138632,2/10/2017,Congressman Frank Pallone,"Rep. Pallone writes regarding concerns
raised by his constituents pertaining to
Form 1-407.",,,,,,,,,,
186,1138640,2/10/2017,Congressman Frank Pallone,"Rep. Pallone writes on hehalf of I'M® |
(b)(6)
(b)(6)	|regarding
his removal from the U.S. by CBP.",,,,,,,,,,
187,1138557,2/13/2017,Congressman Jamie Raskin,"Requests Information on Executive
Order: Protecting the Nation from
Terrorist Entry into the U.S. by Foreign
Nationals",,,,,,,,,,
188,1138654,2/14/2017,Congressman Larry Jack Rowley,"Writes with suggestions on how to
construct the southern border wall.",,,,,,,,,,
189,February Privacy Office Congressional Report,,,,,,,,,,,,,
190,Opened between 2/1/17 - 2/28/17,,,,,,,,,,,,,
191,1138758,2/16/2017,Congressman Edward Royce,"Requests consideration to be given to an
individual seeking entry into U.S. on visa
granted before President Trump's
executive order on immigration took
effect",,,,,,,,,,
192,1138873,2/17/2017,Congressman Charles Schumer,"Writes on behalf of various companies
and departments applying for FEMA
grant programs",,,,,,,,,,
193,1138848,2/17/2017,Congressman Robert C. Scott,"Writes regarding CBP officers
implementation of Executive Order that
suspends admission of refugees into the
United States",,,,,,,,,,
194,1138409,2/9/2017,Congressman Jose E. Serrano,"Writes urging an investigation be
conducted into potential abuse of civil
rights and constitutional rights of
individuals detained by CBP agents under
Executive Order, ""Protecting the Nation
from Foreign Terrorist Entry into the
United Slates.""",,,,,,,,,,
195,1138322,2/7/2017,Congressman Pete Sessions,"Writes regarding President Trump’s
executive order on immigration.",,,,,,,,,,
196,February Privacy Office Congressional Report,,,,,,,,,,,,,
197,Opened between 2/1/17 - 2/28/17,,,,,,,,,,,,,
198,1139222,2/23/2017,Congressman Pete Sessions,"Writes regarding Executive Order 13769,
"" Protecting the Nation from Foreign
Terrorist Entry into the United States""
affecting airline employees.",,,,,,,,,,
199,1138672,2/14/2017,Congressman Jeanne Shaheen,"Writes to request that additional visas for
the Afghan Special Immigrant Visa
program be included within the
administration’s .supplemental defense
budget request.",,,,,,,,,,
200,1138221,2/3/2017,Congressman Brad Sherman,"Writes regarding Executive Order
concerning travel and refugees.",,,,,,,,,,
201,1138539,2/13/2017,Congressman Albio Sires,"Requests Information on Executive
Order: Protecting the Nation from
Terrorist Entry into the U.S. by Foreign
Nationals",,,,,,,,,,
202,1139227,2/23/2017,Congressman Christopher H. Smith,"(b)(6)	writes regarding
the difficulties she has experienced
receiving compensation from DHS.",,,,,,,,,,
203,1139383,2/28/2017,Congressman Eli sc Stefanik,"Writes regarding issue of illicitat trade in
tobacco on U.S. border.",,,,,,,,,,
204,February Privacy Office Congressional Report,,,,,,,,,,,,,
205,Opened between 2/1/17 - 2/28/17,,,,,,,,,,,,,
206,1138282,2/6/2017,Congressman Bennie G. Thompson,"Write with concern that POTUS intends
to overhaul the government program
which appears pointed at only Islam.",,,,,,,,,,
207,1138750,2/16/2017,Congressman Bennie G. Thompson,"Writes with concern regarding the
potential impact of Executive Order,
Enhancing Public Safety in the Interior of
the United States may have on the first
responder community.",,,,,,,,,,
208,1139083,2/23/2017,Congressman Bennie G. Thompson,"Writes regarding the implementation of
provisions of Executive Orders, ""Border
Security and Immigration Enforcement
Improvements"" and ""Enhancing Public
Safety in the Interior of the United States""",,,,,,,,,,
209,1139275,2/24/2017,Congressman Bennie G. Thompson,"Writes regarding an incident that occured
at JFK airport on February 22, 2017",,,,,,,,,,
210,1139286,2/27/2017,Congressman Bennie G. Thompson,"Writes regarding President Trump's
demand that DHS and DOJ build legal
standing for his travel ban.",,,,,,,,,,
211,February Privacy Office Congressional Report,,,,,,,,,,,,,
212,Opened between 2/1/17 - 2/28/17,,,,,,,,,,,,,
213,1138371,12/8/2016,Senator Thom Tillis,"Senator writes on behalf of
0X6)	regarding his issues with U.S
Secret Service",,,,,,,,,,
214,1138989,2/21/2017,Congressman Norma Torres,"Writes regarding the new deportation
policies outlined in DHS's February 20
Implementation Memos.",,,,,,,,,,
215,1138617,2/13/2017,Congressman Chris Van Hollen,"Constituent raises questions on how the
E.O. will affect his wife's entry into the
U.S.",,,,,,,,,,
216,1138965,2/21/2017,Congressman Jackie Walorski,"Writes with concern regarding the DHS
approach in designating election systems
and databases as ""critical infrastructure.""",,,,,,,,,,
217,1138461,2/10/2017,Congressman Elizabeth Warren,"Writes regarding President Trump’s
executive order on immigration.",,,,,,,,,,
218,1138058,2/1/2017,Congressman Sheldon Whitehouse,"Writes on hehalf of constituent who
recently was granted a Special Immigrant
Visa",,,,,,,,,,
219,February Privacy Office Congressional Report,,,,,,,,,,,,,
220,Opened between 2/1/17 - 2/28/17,,,,,,,,,,,,,
221,1 139221,2/23/2017,Congressman Frederica Wilson,"Writes with concern regarding the
development and implementation of
Executive Order ""Protecting the Nation
from Foreign Terrorist Entry into the
United States""",,,,,,,,,,
222,1138913,2/17/2017,Senator Ron Wyden,"Writes regarding recent reports of CBP
officers demanding smart phone/ social
media access of people entering the
United States.",,,,,,,,,,
223,1139088,2/23/2017,Congressman Lee Zeldin,"Writes regarding violent acts against the
American Jewish community.",,,,,,,,,,
224,1 138471,2/10/2017,Congressman Don Beyer,Security Clearance,,,,,,,,,,
225,1 138521,2/13/2017,Congressman Keith Ellison,"Requests Information on Executive
Order: Protecting the Nation from
Terrorist Entry into the U.S. by Foreign
Nationals",,,,,,,,,,
226,1 138780,2/13/2017,Congressman Keith Ellison,"Requests Information on Executive
Order: Protecting the Nation from
Terrorist Entry into the U.S. by Foreign
Nationals",,,,,,,,,,
227,March Privacy Office Congressional Report,,,,,,,,,,,,,
228,Opened between 3/1/17 - 3/31/17,,,,,,,,,,,,,
229,WF#,Receive Date,Congressman Name,Subject of Request,,,,,,,,,,
230,I 140024,3/10/2017,Congressman Karen Bass,"Writes with concern regarding
immigration policy statements made by
Secretary Kelly",,,,,,,,,,
231,1140263,3/16/2017,Senator Michael Bennet,"The Agency's regulation, guidance,
process, and standards for implementing
the Freedom of Information Act.",,,,,,,,,,
232,I 140846,3/24/2017,Congressman Richard Blumenthal,"Writes to express grave concerns
regarding the revised Executive Order
Protecting the Nation from Foreign
Terrorist Entry into the United States
(EO).",,,,,,,,,,
233,1140015,3/10/2017,Senator Cory A. Booker,"Writes in support of FY16 DHS FEMA
Program to Prepare Communities for
Complex Coordinated Terror Attacks",,,,,,,,,,
234,1140018,3/10/2017,Senator Cory A. Booker,"Writes with concern regarding the decline
in funding for the Homeland Security
Grant Program",,,,,,,,,,
235,1140865,3/27/2017,Senator Cory A. Booker,Write regarding the focus of CVE efforts,,,,,,,,,,
236,March Privacy Office Congressional Report,,,,,,,,,,,,,
237,Opened between 3/1/17 - 3/31/17,,,,,,,,,,,,,
238,1139767,3/6/2017,Congressman Madeleine Bordallo,"Representative Bordallo writes in on
behalf of 'b)l'6)
who’s application to work for DHS in
Customs and Border Protection was
halted due to a failed polygraph test",,,,,,,,,,
239,1139957,3/10/2017,Congressman Brendan Boyle,"Writes with concern regarding an
individual's freedom to travel.",,,,,,,,,,
240,1140662,3/22/2017,Senator Sherrod Brown,"Senator Brown forwards correspondence
from 4)4)	-elating to his
duties at Westlake Police Department and
his attempts to enroll in FLETC classes.",,,,,,,,,,
241,1139869,3/8/2017,Congressman Maria Cantwell,"Urges OMG to refrain from reported cuts
to USCG",,,,,,,,,,
242,I 139756,3/6/2017,Senator Shelley Moore Capito,"Senator Capito writes in on behalf of 4> |
|4)4)	|who would like to be relocated to
be closer to her doctors.",,,,,,,,,,
243,I 139651,3/3/2017,Congressman Benjamin Cardin,"Writes regarding the U.S.-Mexico
partnership",,,,,,,,,,
244,I 140515,3/21/2017,Congressman Benjamin Cardin,"Writes with concern regarding Trump
Administration's plan to pursue deep cuts
to America’s ""Function 150"" budget
account involving international affairs
spending",,,,,,,,,,
245,"March Privacy Office Congressional Report
Opened between 3/1/17 - 3/31/17",,,,,,,,,,,,,
246,1140459,3/17/2017,Congressman John Carter,Representative Carter writes in on the,,,,,,,,,,
247,,,,"behalf of	who expressing his",,,,,,,,,,
248,,,,displeasure with ICE,,,,,,,,,,
249,1141107,3/30/2017,Senator Bill Cassidy,"Writes supporting request for Public and
Individual Assistance for Louisiana areas
affected by recent tornados.",,,,,,,,,,
250,I 139900,3/9/2017,Congressman Jason Chaffetz,"Write regarding the preservation of
official records using new forms of
electronic communication.",,,,,,,,,,
251,1140842,3/27/2017,Congressman Jason Chaffetz,"Writes regarding open Congressional
correspondence from previous
Administration.",,,,,,,,,,
252,I 141028,3/28/2017,Congressman Jason Chaffetz,"Writes to request DHS identify the top
three mission - critical IT Systems in need
of modernization.",,,,,,,,,,
253,1141126,3/30/2017,Congressman Judy Chu,"Thanks Secretary Kelly for meeting with
House Democratic Caucus and invites
Secretary to attend an upcoming
Congressional Asian Pacific America
Caucus meeting.",,,,,,,,,,
254,1140719,3/24/2017,Congressman Thad Cochran,"Writes in support of an application
submitted to DHS by the Mississippi
Office of Homeland Security for funding
through the Complex Coordinated
Terrorist Attacks Grant Program.",,,,,,,,,,
255,March Privacy Office Congressional Report,,,,,,,,,,,,,
256,Opened between 3/1/17 - 3/31/17,,,,,,,,,,,,,
257,1140130,3/14/2017,Congressman Mike Coffman,"Writes on behalf of constituent regarding
recent treatment of those wishing to enter
the United States",,,,,,,,,,
258,1139548,3/2/2017,Congressman Chris Collins,Requests updated organization chart.,,,,,,,,,,
259,I 140362,3/17/2017,Congressman Chris Collins,Writes regarding the H-2A visa program.,,,,,,,,,,
260,1141052,3/30/2017,Congressman Barbara Comstock,"Supports GMU's application for funding
for Criminal Investigations Center of
Excellence.",,,,,,,,,,
261,1140122,3/14/2017,Congressman John Cornyn,"Writes to inquire about the Department's
policy on private relief legislation.",,,,,,,,,,
262,1141184,3/31/2017,Congressman Joe Courtney,"Writes with concern of enforcement
priorities and requests information on
repatriation processes to recalcitrant
countries",,,,,,,,,,
263,1140553,3/22/2017,Congressman Mike Crapo,"Congratulates Secretary Kelly on
confirmation as DHS Secretary",,,,,,,,,,
264,1139803,3/7/2017,Congressman Joseph Crowley,"Requests meeting with Secretary Kelly at
the House Democratic Caucus",,,,,,,,,,
265,1140214,3/16/2017,Congressman Neal Dunn,"Writes in support for full funding of the
Offshore Patrol Cutter Program",,,,,,,,,,
266,1140389,3/17/2017,Congressman Richard Durbin,"Writes regarding a senior White House
counterterrorism advisor",,,,,,,,,,
267,March Privacy Office Congressional Report,,,,,,,,,,,,,
268,Opened between 3/1/17 - 3/31/17,,,,,,,,,,,,,
269,1140591,3/23/2017,Congressman Keith Ellison,"Requests information regarding claims of
DHS personnel screening individuals on a
Minnesota public transit line.",,,,,,,,,,
270,1139937,3/9/2017,Congressman Dianne Feinstein,"Writes regarding the implementation of
Executive Order ""Protecting the Nation
from Foreign Terrorist Entry into the
United States""",,,,,,,,,,
271,1140154,3/15/2017,Congressman Dianne Feinstein,"Expresses deep concern regarding recent
comments made by Secretary Kelly",,,,,,,,,,
272,I 14U09,3/30/2017,Congressman Dianne Feinstein,"Writes to request deferred action be
granted to the beneficiaries of private
immigration bills introduced to Congress.",,,,,,,,,,
273,1140720,3/24/2017,Congressman Deb Fischer,"Writes regarding implementation of a
comprehensive entry-exit system that
includes both biographic and biometric
data",,,,,,,,,,
274,1139602,3/3/2017,Congressman Rodney Frelinghuysen,"Writes with concern regarding high
number of threats towards Jewish
Community Centers.",,,,,,,,,,
275,1139845,3/8/2017,Congressman Rodney Frelinghuysen,"Writes in support of Maritime Security
Center (MSC) located at the Stevens
Institute of Technology.",,,,,,,,,,
276,March Privacy Office Congressional Report,,,,,,,,,,,,,
277,Opened between 3/1/17 - 3/31/17,,,,,,,,,,,,,
278,1140906,3/28/2017,Congressman Rodney Frclinghuyscn,"Per conversation with AS2, Rep.
Frelinghuysen requests letter to
Governors and SAAs regarding NSGP
Grants / HSGP fund prioritization
flexibility.",,,,,,,,,,
279,1139792,3/6/2017,Congressman Ramon Garcia,"Writes regarding continued Partnership
for Protecting the US/Mexico Border -
Border Levee Strengthening & Security
Infrastructure Project",,,,,,,,,,
280,1140099,3/13/2017,Congressman Kirsten Gillibrand,"Writes to request an increase in money
programmed to address the threats to
Jewish Community Centers and cultural
and religious institutions across the
country.",,,,,,,,,,
281,1139660,3/3/2017,Congressman Bob Goodlatte,"Requests ease history of individual
claiming to be a refugee",,,,,,,,,,
282,1140602,3/23/2017,Congressman Bob Goodlatte,"Requests information surrounding sexual
assault that reportedly occurred at
Rockville High School in Rockville, MD",,,,,,,,,,
283,1139748,2/27/2017,Congressman Paul Gosar,"Representative Gosar writes in oil behalf
of 4)4)	who is
expressing his displeasure about the way
he’s heinu treated.",,,,,,,,,,
284,1139650,3/3/2017,Congressman Kay Granger,"Writes to congratulate Secretary Kelly
and to request a meeting to discuss
homeland security challenges.",,,,,,,,,,
285,March Privacy Office Congressional Report,,,,,,,,,,,,,
286,Opened between 3/1/17 - 3/31/17,,,,,,,,,,,,,
287,1139948,3/9/2017,Congressman Kay Granger,"Writes to bring to attention a company
that specializes in cutting edge
technology with regard to securing our
borders.",,,,,,,,,,
288,I 140571,3/22/2017,Senator Charles E. Grassley,"Writes to request information on a
criminal illegal immigrant.",,,,,,,,,,
289,1140682,3/23/2017,Senator Charles E. Grassley,"Requests information regarding two
suspects in a recent sexual assault in
Maryland.",,,,,,,,,,
290,I 139953,3/9/2017,Congressman Michelle Lujan Grisham,"Writes with concern of the consideration
of separating parents from their children
at the U.S.-Mexico border.",,,,,,,,,,
291,1141143,3/31/2017,Congressman Michelle Lujan Grisham,"Writes regarding ""sanctuary jurisdiction""
policy.",,,,,,,,,,
292,I 141113,3/30/2017,Congressman Luis Gutierrez,"Writes regarding a shooting involving an
ICE auent.",,,,,,,,,,
293,1141027,3/29/2017,Congressman Andy P. Harris,"Representative Hands wrote in on the
behalf of my constituents,
and ] 0X6}	| who reached out to
our office with concerns over a recent
experience they had at the Fort
Lauderdale International Airport",,,,,,,,,,
294,I 140761,3/24/2017,Congressman Alcee L. Hastings,"Requests extension of TPS designation
for Haiti",,,,,,,,,,
295,1141130,3/30/2017,Congressman Dean Heller,"Writes regarding the FYI8 budget as it
relates to operations and security of the
U.S. travel system.",,,,,,,,,,
296,March Privacy Office Congressional Report,,,,,,,,,,,,,
297,Opened between Wfn - 3/31/17,,,,,,,,,,,,,
298,I 139536,3/2/2017,Congressman Duncan Hunter,Writes regarding USCG budget for FYI8.,,,,,,,,,,
299,1141169,3/31/2017,Congressman Duncan Hunter,"Write regarding the application of the
Jones Act to offshore operations.",,,,,,,,,,
300,1139661,3/3/2017,Congressman Sheila Jackson Lee,"Writes regarding the deportation of an
individual",,,,,,,,,,
301,1139701,3/6/2017,Congressman Sheila Jackson Lee,"Writes on behalf of the University of
Houston's Borders, Trade, and
Immigration Institute program, who
would like to conduct an assessment of
the Transportation Worker Identification
Credential Security Card Program
Improvements and Assessment.",,,,,,,,,,
302,I 140769,3/24/2017,Congressman Ron Johnson,"Requests assistance in inqury regarding
the state of border security and
immigration enforcement in the U.S.",,,,,,,,,,
303,1140569,3/22/2017,Congressman Walter Jones,"Requests that an array of assets be
deployed to secure U.S. borders. Also
recommends the PGSS assets be declared
EDA and transferred to DHS",,,,,,,,,,
304,March Privacy Office Congressional Report,,,,,,,,,,,,,
305,Opened between 3/1/17 - 3/31/17,,,,,,,,,,,,,
306,1140518,3/21/2017,Congressman Walter B. Jones,"Writes to inquire into the status of a 1-130
Petition for Alien Relative submitted by a
constituent",,,,,,,,,,
307,1140434,3/20/2017,Congressman William R. Keating,"Writes on behalf of businesses that rely
on the H-2B program.",,,,,,,,,,
308,1139409,3/1/2017,Congressman Peter King,"Writes regarding bomb threats against
Jewish Community Centers.",,,,,,,,,,
309,1140848,3/27/2017,Congressman Peter King,Write regarding illicit cigarette sales,,,,,,,,,,
310,1141018,3/29/2017,Congressman Peter King,"Writes regarding immigration case of
person seeking political asylum.",,,,,,,,,,
311,1140131,3/14/2017,Congressman Robert Latta,"Writes regarding threats against Jewish
Community Centers.",,,,,,,,,,
312,1140655,3/23/2017,Congressman Kenny Marchant,"Writes regarding ban on certain carry-on
items from flights to the U.S. on foreign
flag carriers from Middle East and Africa.",,,,,,,,,,
313,1140786,3/24/2017,Congressman Kenny Marchant,"Requests that DHS conduct a thorough
review on the current H-IB and L-l visa
programs",,,,,,,,,,
314,March Privacy Office Congressional Report,,,,,,,,,,,,,
315,Opened between 3/1/17 - 3/31/17,,,,,,,,,,,,,
316,I 140435,3/20/2017,Congressman Catherine Cortez Masto,"Writes regarding budget cuts for TSA
during FYI8.",,,,,,,,,,
317,1139600,3/3/2017,Congressman Claire McCaskill,"Writes regarding the implementation of
the contractor whistleblower protections
pilot program.",,,,,,,,,,
318,1139630,3/3/2017,Congressman Claire McCaskill,"Writes to request copies of all reports and
memoranda as a result of the executive
orders.",,,,,,,,,,
319,1139816,3/7/2017,Congressman Claire McCaskill,"Requests that the Department provide a
briefing for the Committee regarding
DHS acquisition process as pertains to the
border wall.",,,,,,,,,,
320,I 139838,3/8/2017,Congressman Claire McCaskill,"Writes regarding the designation of
election infrastructure as a critical
infrastructure subsector.",,,,,,,,,,
321,1140156,3/15/2017,Congressman Claire McCaskill,"Write to express disappointment that
Acting Director Homan declined ail
invitation to testify at a hearing titled,
""The Effects of Border Insecurity and Lax
Immigration Enforcement on American
Communities.""",,,,,,,,,,
322,I 140979,3/28/2017,Congressman Claire McCaskill,"Writes to request materials DHS authored
or contributed to regarding Russia's
interference in the 2016 presidential
election",,,,,,,,,,
323,1140519,3/21/2017,Congressman Michael McCaul,"Requests a standard DHS official flag to
be loaned to U.S. House of
Representatives",,,,,,,,,,
324,March Privacy Office Congressional Report,,,,,,,,,,,,,
325,Opened between 3/1/17 - 3/31/17,,,,,,,,,,,,,
326,1140840,3/27/2017,Congressman Michael McCaul,"Write regarding DHS's Quadrennial
Homeland Security Review.",,,,,,,,,,
327,1140989,3/29/2017,Congressman Michael McCaul,"Writes regarding February 2017 GAO
report",,,,,,,,,,
328,1140544,3/22/2017,Congressman Martha McSally,"Writes regarding the President's recent
supplemental appropriations request to
Congress relating to the border wall.",,,,,,,,,,
329,1140063,3/13/2017,Congressman Nuala O'Connor,"Writes with concern regarding screening
activities at U.S. borders.",,,,,,,,,,
330,I 139601,3/3/2017,Congress-man Joe Henry Ogg,"Applicant writing regarding status of
ease.",,,,,,,,,,
331,1141190,3/31/2017,Congressman Steven Palazzo,"Writes thanking Secretary Kelly
regarding remarks on restoring funding
cuts to USCG",,,,,,,,,,
332,1140451,3/20/2017,Congressman Frank Pallone,"Writes regarding a group of Canadian
volunteers that were refused entry at the
US/Canadian border",,,,,,,,,,
333,1140837,3/27/2017,Congressman Bill Pascrell,"Write to inquire about the status of the
CVE program.",,,,,,,,,,
334,March Privacy Office Congressional Report,,,,,,,,,,,,,
335,Opened between 3/1/17 - 3/31/17,,,,,,,,,,,,,
336,1139425,3/1/2017,Congressman Scott Perry,"Writes regarding the high number of
bomb threats made against Jewish
Community Centers (JCC's) in recent
months.",,,,,,,,,,
337,1139841,3/8/2017,Senator Gary Peters,"U.S. Senate writes urging swift action
regarding anonymous bomb threats made
against Jewish Community Centers, Jewish
Day Schools, Synagogues etc.",,,,,,,,,,
338,I 139502,3/2/2017,Congressman Jared Polls,"Writes with concern regarding
information communicated to CBP
relating to the recent rulings on
immigration executive orders.",,,,,,,,,,
339,I 140319,3/17/2017,Congressman Mike Quigley,"Requests that POTUS rescind provision
of EO 13768 regarding sanctuary
jurisdictions.",,,,,,,,,,
340,1139797,3/7/2017,Congressman Kathleen Rice,"Requests an update on any efforts
undertaken pursuant to sections of the
original Executive Order on immigration.",,,,,,,,,,
341,1139744,3/6/2017,Congressman Pat Roberts,"Recommends a candidate for position of
Assistant Secretary of Homeland Security
and Legislative Affairs.",,,,,,,,,,
342,1139751,3/6/2017,Congressman David P. Roe,"Representative Roe writes in on behalf of
4X6)	|who is expressing
interest in working for The Department of
Homeland Security.",,,,,,,,,,
343,1140125,3/14/2017,Congressman Lucille Roybal-Allard,"Writes to express concern and opposition
to an immigration plan to separate
immigrant children from their parents.",,,,,,,,,,
344,March Privacy Office Congressional Report,,,,,,,,,,,,,
345,Opened between 3/1/17 - 3/31/17,,,,,,,,,,,,,
346,1140763,3/24/2017,Senator Marco Rubio,"Senator Marco Rubio forwards
correspondence from 1(b)(6)	1
(b)(6)	regarding her TRIP
application.",,,,,,,,,,
347,1139860,3/8/2017,Congressman Brian Schatz,"Writes to urge financial assistance and
resources to organizations threatened by
violence against racial, ethnic, and
religious minorities in the United States.",,,,,,,,,,
348,1141129,3/30/2017,Congressman Charles Schumer,FEMA Grant Program Requests,,,,,,,,,,
349,1139899,3/9/2017,Congressman Jeanne Shaheen,"Write regarding the detention of an
Afghan family who possessed valid
Special Immigrant Visas",,,,,,,,,,
350,1139938,3/9/2017,Congressman Louise McIntosh Slaughter,"Writes with concern regarding reports
that CBP denied entry to individuals
based on political and/or religious beliefs.",,,,,,,,,,
351,1139493,3/1/2017,Congressman Bennie G. Thompson,"Writes regarding the appointment of the
25th USSS Director.",,,,,,,,,,
352,1139857,3/8/2017,Congressman Bennie G. Thompson,"Write with concern regarding the
separation of children from their parents
at the border",,,,,,,,,,
353,1139934,3/9/2017,Congressman Bennie G. Thompson,"Writes to request release of a DACA
recipient from ICE detention.",,,,,,,,,,
354,1140461,3/20/2017,Congressman Mike Thompson,"Writes to urge DHS to reconsider position
on ICE officers and agents displaying the
word ""police’' on their attire.",,,,,,,,,,
355,March Privacy Office Congressional Report,,,,,,,,,,,,,
356,Opened between 3/1/17 - 3/31/17,,,,,,,,,,,,,
357,1139794,3/6/2017,Senator Thom Till is,"Writes expressing concern that the H-2B
statutory cap will be reached soon and
requests information.",,,,,,,,,,
358,1140872,3/27/2017,Senator Thom Till is,"Writes regarding a request for resources
for the 2018 World Equestrian Games
held in North Carolina.",,,,,,,,,,
359,I 141132,3/30/2017,Congressman Dina Titus,"Writes regarding the impact of EOs on
the travel and tourism industry.",,,,,,,,,,
360,1140672,3/23/2017,Congressman Ralph Torres,"Writes regarding speculative acquisition
in relation to the Commonwealth-Only
Transitional Worker Program (CW)",,,,,,,,,,
361,1139859,3/8/2017,Congressman Tom Udall,"Writes regarding president's private real
estate as potential targets for attacks.",,,,,,,,,,
362,1139884,3/8/2017,Congressman Juan Vargas,"Writes regarding a report of an
immigration enforcement checkpoint in
National City, CA.",,,,,,,,,,
363,1140121,3/14/2017,Congressman Juan Vargas,"Writes on behalf of AFGE Local 2805
requesting meeting with Secretary Kelly
regarding EEO complaints against ICE
field office",,,,,,,,,,
364,1140316,3/17/2017,Congressman Juan Vargas,"Requests information regarding
Executive Order 13768, ""Enhancing
Public Safety in the Interior of the U.S.""",,,,,,,,,,
365,1140533,3/21/2017,Congressman Juan Vargas,"Writes with concern regarding CBP/ICE
hiring surge.",,,,,,,,,,
366,March Privacy Office Congressional Report,,,,,,,,,,,,,
367,Opened between 3/1/17 - 3/31/17,,,,,,,,,,,,,
368,1141194,3/31/2017,Congressman Greg Walden,"Write regarding the Common
Vulnerabilities and Exposures program",,,,,,,,,,
369,1141205,3/31/2017,Senator Mark R. Warner,"Writes to Secretary Kelly urging efforts to
prioritize modernizing and updating
DHS's spending and governance practices",,,,,,,,,,
370,1139460,3/1/2017,Congressman Elizabeth Warren,"Writes with concern regarding executive
order on ""Border Security and
Immigration Enforcement Efforts”",,,,,,,,,,
371,1139947,3/9/2017,Congressman Roger Wicker,"Writes in support for the Mississippi
Office of Homeland Security’s application
for a Complex Coordinated Terrorist
Attacks grant.",,,,,,,,,,
372,1139824,3/7/2017,Congressman Robert Wittman,Rep. Wittman forwards an inquiry from,,,,,,,,,,
373,,,,"4)4)	regarding the issuance",,,,,,,,,,
374,,,,"of his retired credentials per DHS policy
for LEOSA purposes.",,,,,,,,,,
375,1140170,3/15/2017,Senator Ron Wyden,"Writes regarding warnings of U.S.
cellular communications vulnerability to
surveillance by foreign governments.",,,,,,,,,,
376,1140496,3/21/2017,Congressman John Yarnruth,"Writes on behalf of a constituent on an
Order of Supervision.",,,,,,,,,,
377,1140596,3/23/2017,Senator Elizabeth Warren,"Donald Trump, Executive Order:
ETHICS COMMITMENTS BY
EXECUTIVE BRANCH APPOINTEES",,,,,,,,,,
378,"April Privacy Office Congressional Report
Opened between	- 4/30/17",,,,,,,,,,,,,
379,,,,,,,,,,,,,,
380,WF#,Receive Date,Congressman Name,Subject of Request,,,,,,,,,,
381,1141917,4/13/2017,Congressman Lamar Alexander,"Supports Knox County Sheriffs Office
request to partner with ICE through the
287(g) program.",,,,,,,,,,
382,1142179,4/19/2017,Congressman Annonymous,Writes regarding immigration concerns.,,,,,,,,,,
383,1142340,4/21/2017,Senator Cory A. Booker,"Writes regarding recent reports that DHS
has been revoked the membership of
people enrolled in the Global Entry
Program",,,,,,,,,,
384,1141252,4/3/2017,Congressman Jason Chaffetz,"Requests information regarding an
individual who was deported but recently
alleged to have been involved in violent
assaults in the U.S.",,,,,,,,,,
385,1141587,4/10/2017,Congressman Chris Collins,"Writes to thank Secretary Kelly for
response letter regarding biometric entry-
exit tracking system.",,,,,,,,,,
386,1142159,4/19/2017,Congressman Barbara Comstock,"Writes to request a meeting to discuss
ways to expand partnerships with Muslim
communities to protect civil rights and
combat extremism.",,,,,,,,,,
387,April Privacy Office Congressional Report,,,,,,,,,,,,,
388,Opened between 4/1/17 - 4/30/17,,,,,,,,,,,,,
389,1141423,4/6/2017,Congressman John Conyers,"Write to express concern on recent
changes in immigration enforcement at
schools",,,,,,,,,,
390,1142294,4/21/2017,Congressman John Cornyn,"Write regarding H-1B nonimmigrant
visas for visiting foreign professors",,,,,,,,,,
391,1141571,4/10/2017,Congressman Joseph Crowley,"Writes regarding the Good Friday
Agreement and an individual seeking to
remain in the U.S.",,,,,,,,,,
392,1142556,4/26/2017,Congressman Joseph Crowley,"Urges the deportation of an individual
accused of being a guard at a Nazi
concentration camp.",,,,,,,,,,
393,1142679,4/28/2017,Congressman John Culberson,"Requests OMB postpone decision making
process for CBP proposal regarding the
Jones Act",,,,,,,,,,
394,1142353,4/21/2017,Congressman Susan Davis,"Writes regarding AFGE Local 2805 and
the number of EEO complaints that have
been filed by ICE field office in San
Diego, California",,,,,,,,,,
395,April Privacy Office Congressional Report,,,,,,,,,,,,,
396,Opened between 4/1/17 - 4/30/17,,,,,,,,,,,,,
397,1141761,4/12/2017,Congressman Suzan Delbene,"Writes on behalf of a constituent
company that has developed a patient-
owned digital medical record",,,,,,,,,,
398,1142452,4/25/2017,Senator Tammy Duckworth,"Writes in support of Oak Lawn and South
Suburban Complex Coordinated Terrorist
Attack (CTTA) grant application",,,,,,,,,,
399,1142699,4/27/2017,Congressman John J. Duncan,"Rep. Duncan writes in support of
Ekto’WS)	employment applications
with DHS.",,,,,,,,,,
400,1142438,4/25/2017,Congressman Adriano Espaillat,"Writes regarding ICE officers and body
cameras",,,,,,,,,,
401,1142628,4/27/2017,Congressman Adriano Espaillat,Writes on behalf of a constituent,,,,,,,,,,
402,1142701,4/28/2017,Congressman Dianne Feinstein,"Writes urging approval of emergency
declaration for direct federal assistance",,,,,,,,,,
403,April Privacy Office Congressional Report,,,,,,,,,,,,,
404,Opened between 4/1/17 - 4/30/17,,,,,,,,,,,,,
405,1141545,4/10/2017,Congressman A1 Franken,"Writes regarding suspension of the H- IB
visa premium processing service.",,,,,,,,,,
406,1141540,4/11/2017,Senator Cory Gardner,"Writes requesting clarification of CBP
internal protocols for ordering that private
companies divulge customer information",,,,,,,,,,
407,1142195,4/19/2017,Congressman Thomas A. Garrett,"Representative Garrett wrote in on behalf
of|M7MbK6)	|who would to have
his pay grade re-evaluated",,,,,,,,,,
408,1141307,4/4/2017,Congressman Kirsten Gillibrand,"Writes with concern regarding the mental
health effects in children whose parents
have been deported from the U.S.",,,,,,,,,,
409,1142266,4/20/2017,Congressman Kirsten Gillibrand,"Writes on behalf of community college
seeking to host the 2017 Homeland
Security National Seminar and Tabletop
exercise.",,,,,,,,,,
410,1142389,4/24/2017,Congressman Patricia J. Goedecke,"Writes regarding Haitians being sent to
Haiti",,,,,,,,,,
411,April Privacy Office Congressional Report,,,,,,,,,,,,,
412,Opened between 4/1/17 - 4/30/17,,,,,,,,,,,,,
413,1141331,4/4/2017,Congressman Bob Goodlatte,"Writes requesting information of
individuals who have been charged with
second degree murder.",,,,,,,,,,
414,1141226,4/3/2017,Senator Charles E. Grassley,"Writes regarding purchased passports
being used to circumvent immigration
laws.",,,,,,,,,,
415,1141279,4/4/2017,Senator Charles E. Grassley,"Write regarding alleged abuse of the H-
1B visa program",,,,,,,,,,
416,1141344,4/4/2017,Senator Charles E. Grassley,"Writes regarding citizens of recalcitrant
countries.",,,,,,,,,,
417,1141370,4/4/2017,Senator Charles E. Grassley,"Requests to obtain information regarding
an immigrant to the U.S. accused of
acting as an unregistered agent for
Russian interests",,,,,,,,,,
418,1141482,4/7/2017,Senator Charles E. Grassley,"Writes to request information on
individuals with gang affiliation recently
charged with murder",,,,,,,,,,
419,"April Privacy Office Congressional Report
Opened between 4/1/17 - 4/30/17",,,,,,,,,,,,,
420,1142102,4/18/2017,Senator Charles E. Grassley,"Writes requesting information on an
individual in the country illegally who
was recently charged with sexual abuse.",,,,,,,,,,
421,1142296,4/21/2017,Senator Charles E. Grassley,"Writes to request information about an
EB-5 regional center linked to an
immigration scam.",,,,,,,,,,
422,1142698,4/18/2017,Senator Charles E. Grassley,"Senator Grassley writes on behalf of
|regarding his being
stopped by security for long interviews
and additional screenings.",,,,,,,,,,
423,1141358,4/4/2017,Congressman Michelle Lujan Grisham,"Writes with questions regarding recent
changes in immigration policy at DHS",,,,,,,,,,
424,1141499,4/7/2017,Congressman Michelle Lujan Grisham,"Thanks Secretary Kelly for meeting with
members of the Congressional Hispanic
Caucus (CHC)",,,,,,,,,,
425,1141815,4/13/2017,Congressman Michelle Lujan Grisham,"Writes regarding an immigrant mother
with U.S. citizen children recently
detained by ICE.",,,,,,,,,,
426,1141471,4/6/2017,Congressman Clay Higgins,"Writes on behalf of a constituent who has
a discrepancy with TSA",,,,,,,,,,
427,April Privacy Office Congressional Report,,,,,,,,,,,,,
428,Opened between 4/1/17 - 4/30/17,,,,,,,,,,,,,
429,1141364,4/4/2017,Congressman French Hill,"Writes to request information on planned
actions by the Department regarding
changes to U.S. visa programs, and in
particular, to the H-I B visa program.",,,,,,,,,,
430,1141582,4/10/2017,Congressman Steny Hoyer,"Wrote in regarding his LEO Retirement
Pay",,,,,,,,,,
431,1142034,4/17/2017,Senator James M. Inhofe,"Writes to request the Department of
Homeland Security consider Check-6
Inc.’ s response to the agency’s request for
information regarding construction of the
border wall.",,,,,,,,,,
432,1141270,4/3/2017,Congressman Ron Johnson,"Writes to invite S Ito testify at a hearing
titled ""Improving Border Security and
Public Safety” before the Committee on
Homeland Security and Governmental
Affairs",,,,,,,,,,
433,1141271,3/1/2017,Congressman Ron Johnson,"Writes to DI Requesting Information on
Multiple Illegal Immigrants and
Enforcement Policy",,,,,,,,,,
434,,April Privacy Office Congressional Report,,,,,,,,,,,,
435,,Opened between 4/1/17 - 4/30/17,,,,,,,,,,,,
436,1142027,4/17/2017,Congressman Ron Johnson,"Thanks Secretary Kelly for appearing on
April 5, 2017 hearing titled ""Improving
Border Security and Public Safety.""",,,,,,,,,,
437,1142356,4/21/2017,Congressman Ron Johnson,"Sends post-hearing questions related to
the hearing held on 4/5/17.",,,,,,,,,,
438,1141601,4/1.0/2017,Congressman Tim Kaine,"Writes to express support for grant
application for CRANE",,,,,,,,,,
439,1141438,4/6/2017,Congressman John F. Kelly,"SI letter to Sen. Harris regarding ordinary
training that our officers and agents go
through throughout their careers.",,,,,,,,,,
440,1141374,4/4/2017,Senator John Kennedy,"Writes in support of CBP modification
and revocation of certain letter rulings
CBP deemed inconsistent with the
application of the Jones Act for offshore
operations.",,,,,,,,,,
441,,,April Privacy Office Congressional Report,,,,,,,,,,,
442,,,Opened between 4/1/17 - 4/30/17,,,,,,,,,,,
443,1141559,4/10/2017,Congressman Peter King,"Write to request an update on DHS's
implementation of the Controlled
Unclassified Information program as
directed by EO 13556",,,,,,,,,,
444,1141284,4/3/2017,Congressman Daniel W. Lipinski,"Writes to support the Oak Lawn and
South Suburban Complex Coordinated
Terrorist Attack (CCTA) grant
application being submitted by the
Village of Oak Lawn’s Office of CCTA.
Emergency Management.",,,,,,,,,,
445,1142584,4/26/2017,Congressman Zoe Lofgren,"Writes to express concern regarding
recent reports that DHS may abandon the
longstanding requirement that facilities
housing immigrants adhere to basic
detention standards.",,,,,,,,,,
446,1142135,4/18/2017,Congressman Edward Markey,"Writes to encourage extending TPS to
Haitian nationals",,,,,,,,,,
447,1141603,4/10/2017,Congressman Claire McCaskill,"Invites Secretary Kelly to testify at a
hearing before the Committee on
Homeland Security and Governmental
Affairs on March 22, 2017",,,,,,,,,,
448,April Privacy Office Congressional Report,,,,,,,,,,,,,
449,Opened between 4/1/17 - 4/30/17,,,,,,,,,,,,,
450,1142427,4/24/2017,Congressman Claire McCaskill,"Requests details concerning DHS plans to
address potential conflicts of interests
involving POTUS in CFIUS
determinations.",,,,,,,,,,
451,1142168,4/19/2017,Congressman Michael McCaul,"Writes regarding DHS taking action to
more effectively counter terrorist
recruitment.",,,,,,,,,,
452,1142587,4/26/2017,Congressman Michael McCaul,"Invites Secretary Kelly to the first annual
Capitol Hill National Security Forum on
June 22, 2017",,,,,,,,,,
453,1142689,4/28/2017,Congressman Martha MeSally,"Writes regarding cross border commerce
at Point of Entry",,,,,,,,,,
454,1142636,4/27/2017,Congressman Robert Menendez,"Writes to request an extension to the
existing Temporary Protected Status
(TPS) for certain Haitian nationals
currently living in the United States,
which is set to expire on July 22,2017.",,,,,,,,,,
455,1141853,4/13/2017,Congressman Christopher Murphy,"Write regarding equipment worn by ICE
officers indicating their ICE affiliation.",,,,,,,,,,
456,April Privacy Office Congressional Report,,,,,,,,,,,,,
457,Opened between 4/1/17 - 4/30/17,,,,,,,,,,,,,
458,1142700,4/28/2017,Congressman Ed Perimutter,"Writes on to request a stay of removal be
granted for an individual who was
detained.",,,,,,,,,,
459,1141874,4/13/2017,Senator Gary Peters,"Thanks Secretary Kelly for accepting
invite to visit Michigan",,,,,,,,,,
460,1141551,4/10/2017,Senator Rob Portman,"Writes requesting information regarding
the Department's Office of the Chief
Information Officer",,,,,,,,,,
461,1141749,4/12/2017,Senator Rob Portman,"Requests a DHS acquisition professional
detailee to HSGAC Subcommittee on
Investigations.",,,,,,,,,,
462,1142124,4/12/2017,Congressman Jack Reed,"SI response for Senator Jack Reed
regarding his request for landing rights
from Norwegian Airlines International for
seven precleared and eleven post cleared
flights into T.F. Green Airport in
Providence, Rhode Island.",,,,,,,,,,
463,1141532,4/7/2017,Congressman Jacky Rosen,"Writes with concern regarding the
proposed reduction to the TSA budget.",,,,,,,,,,
464,"April Privacy Office Congressional Report
Opened between 4/1/17 - 4/30/17",,,,,,,,,,,,,
465,1142270,4/20/2017,Congressman Gregorio Sablan,"Thanks Secretary Kelly for meeting and
offers help if needed with law
enforcement",,,,,,,,,,
466,1141289,4/3/2017,Congressman Charles Schumer,"Writes in support of applications
submitted by various districts for funding
through the Assistance to Firefighters
Grant Program .",,,,,,,,,,
467,1141367,4/4/2017,Congressman Charles Schumer,"Writes in support of the application
submitted by the Charleston Volunteer
Fire Department (CVFD) for funding
through the Assistance to Firefighters
Grant Program.",,,,,,,,,,
468,1141446,4/6/2017,Congressman Charles Schumer,FEMA Grant Program requests,,,,,,,,,,
469,1141577,4/11/2017,Congressman Charles Schumer,"Writes regarding extension of TPS for
Haitian Nationals in light of the continued
devastation caused by Hurricane Matthew
in 2016",,,,,,,,,,
470,1142712,2/27/2017,Congressman Bennie G. Thompson,"Writes regarding President Trump’s
demand that DHS and DOJ build legal
standing for his travel ban.",,,,,,,,,,
471,,,"April Privacy Office Congressional Report
Opened between 4/1/17 - 4/30/17",,,,,,,,,,,
472,1142711,4/28/2017,Congressman John Thune,"Recommendation for disaster declaration
for the Sisseton Wahpeton Oyate and
subsequent recommendation for denial
from FEMA",,,,,,,,,,
473,1142225,4/20/2017,Congressman Juan Vargas,"Writes regarding the deportation of an
individual who allegedly was denied
protections granted under DACA.",,,,,,,,,,
474,1141575,4/10/2017,Congressman Filemon Vela,"Writes in support for Hl-B Visa
application submitted by a constituent",,,,,,,,,,
475,1141492,4/7/2017,Senator Mark R. Warner,"Sen. Warner writes with concern
regarding the prioritization of campaign
promises over proven national security
programs as it relates to the FY 18 B udget
Blueprint and FYI7 Supplemental
Appropriations request by President
Trump.",,,,,,,,,,
476,1142703,4/28/2017,Senator Ron Wyden,"Writes regarding weather events in
Oregon communities",,,,,,,,,,
477,1142122,4/18/2017,Senator Claire McCaskill,"Senator writes requesting details on cost
estimates regarding the southern border.",,,,,,,,,,
478,"Mav Privacy Office Congressional Report
Opened between 5/1/17 - 5/31/17",,,,,,,,,,,,,
479,WF#,Receive Date,Congressman Name,Subject of Request,,,,,,,,,,
480,1143885,5/22/2017,Congressman Nanette Diaz Barragan,"Writes in support of the CBP reversal of
the application of the Jones Act in
relation to offshore operations.",,,,,,,,,,
481,1143828,5/19/2017,Congressman Michael Bennet,"Writes regarding ICE’s recent
enforcement actions at Colorado
courthouses",,,,,,,,,,
482,1143369,5/11/2017,Congressman Don Beyer,"Writes regarding a constituent's
experience upon re-entered the United
States",,,,,,,,,,
483,1143731,5/18/2017,Congressman Andy Biggs,"Rep. Biggs forwards correspondence on
trying to obtain a decision on his case
before the Commercial and
Administration Law' Division, Office of
the Principal Legal Advisor under U.S.
Immigration & Customs Enforcement.",,,,,,,,,,
484,1143377,5/11/2017,Senator John Boozman,"Requests Secretary Kelly's participation
as a witness at a public hearing",,,,,,,,,,
485,1142941,5/3/2017,Congressman Madeleine Bordallo,Writes regarding Guam Workforce issues.,,,,,,,,,,
486,"Mav Privacy Office Congressional Report
Opened between 5/1/17 - 5/31/17",,,,,,,,,,,,,
487,1143355,4/14/2017,Senator Sherrod Brown,"Senator Brown writes regarding the status
of the DHS Chemical Security Analysis
Centers Jack Rabbit II Program.",,,,,,,,,,
488,1144285,5/30/2017,Congressman Richard Burr,Classified letter to Secretary Kelly,,,,,,,,,,
489,1142786,5/2/2017,Congressman Maria Cantwell,"Writes to request that Department of
Energy take lead on U.S. Government
efforts relating to cybersecurity incidents
affecting our critical energy systems and
networks.",,,,,,,,,,
490,1143913,5/22/2017,Congressman Benjamin Cardin,"Writes with grave concern for the safety
of gay men in Chechnya",,,,,,,,,,
491,1143520,5/16/2017,Congressman Thomas Carper,"Write requesting information on DHS's
use of private, for-profit detention
facilities.",,,,,,,,,,
492,1142970,5/4/2017,Senator Robert P. Casey,"Writes urging the immediate release of
specific individuals from the Berks
County Residential Center",,,,,,,,,,
493,1142918,5/3/2017,Congressman Jason Chaffetz,"Writes regarding DHS OIG investigating
allegations of wasteful spending,
noncompliance with procedures,
improper travel, and prohibited personnel
practices",,,,,,,,,,
494,"May Privacy Office Congressional Report
Opened between 5/1/17 - 5/31/17",,,,,,,,,,,,,
495,1142788,5/2/2017,Congressman Yvette Clarke,"Writes to urge the extension of TPS for
Haiti",,,,,,,,,,
496,1143141,5/8/2017,Congressman Thad Cochran,"Writes in support of Fire Department
receiving funding through Assistance to
Firefighters Grant Program",,,,,,,,,,
497,1144358,5/31/2017,Congressman Steve Cohen,"Writes regarding attempts by Russia to
influence the 2016 U.S. presidential
election.",,,,,,,,,,
498,1144255,5/26/2017,Congressman Paul Cook,"Write regarding critical pending matter at
the San Bernardino International Airport
(SBLAA) with CBP",,,,,,,,,,
499,1142744,5/1/2017,Congressman Bob Corker,"Writes recommending Knox County
Sheriff s Office be accepted to participate
in 287(g) Program",,,,,,,,,,
500,1144167,5/25/2017,Congressman John Culberson,"Writes requesting DHS ensure
applications of two constituents for
residency status be restored",,,,,,,,,,
501,1143362,5/11/2017,Congressman Daniel Donovan,"Writes in support of extending TPS
designation for Haiti",,,,,,,,,,
502,1143201,5/9/2017,Congressman Richard Durbin,"Writes regarding possible Russian
interference with elections",,,,,,,,,,
503,,"Mav Privacy Office Congressional Report
Opened between 5/1/17 - 5/31/17",,,,,,,,,,,,
504,1144164,5/25/2017,Congressman Keith Ellison,"Writes regarding pending deportation of
Somalis",,,,,,,,,,
505,1143884,5/22/2017,Congressman Adriano Espaillat,"Writes regarding body camera
procurement.",,,,,,,,,,
506,1144323,5/30/2017,Congressman John Faso,"Writes on behalf of constituent regarding
a cyber security patent",,,,,,,,,,
507,1144243,5/26/2017,Congressman A1 Franken,Writes regarding H-2B visas,,,,,,,,,,
508,1144242,4/27/2016,Congressman Claudia Frias,"Applicant writing regarding status of
case.",,,,,,,,,,
509,1143994,5/23/2017,Congressman Kirsten Gillibrand,"Writes regarding healthcare access
provided to people confined in
immigration detention facilities.",,,,,,,,,,
510,1143938,5/22/2017,Congressman Louie Gohmert,"Write to encourage SI to consider |(M6]
fOr a senior leadership
position.",,,,,,,,,,
511,1142944,5/3/2017,Congressman Vicente Gonzalez,"Writes regarding reports that U.S.
military veterans are being deported.",,,,,,,,,,
512,1142917,5/3/2017,Congressman Josh Gottheimer,"Write regarding cybersecurity
investments and policy as it relates to the
cyber domain.",,,,,,,,,,
513,,"Mav Privacy Office Congressional Report
Opened between 5/1/17 - 5/31/17",,,,,,,,,,,,
514,1142785,5/2/20.17,Senator Charles E. Grassley,"Follow up letter regarding the DHS policy
on Private relief legislation.",,,,,,,,,,
515,1143316,5/10/2017,Senator Charles E. Grassley,"Writes to request additional information
about an FBI contractor marrying an ISIS
recruiter.",,,,,,,,,,
516,1143361,5/11/2017,Senator Charles E. Grassley,"writes regarding the processing of EB-5
petitions.",,,,,,,,,,
517,1143641,5/17/2017,Senator Charles E. Grassley,"Writes with concern regarding approval
of more foreign workers on H-2B visas,
and the impact it may have on U.S.
workers",,,,,,,,,,
518,1144105,5/24/2017,Senator Charles E. Grassley,"Writes requesting review of potentially
fraudulent statements and
misrepresentations byfWi	j",,,,,,,,,,
519,1144215,5/26/2017,Senator Charles E. Grassley,"Writes requesting information on an
undocument immigrant",,,,,,,,,,
520,1144434,5/31/2017,Congressman Gregg Harper,"Invites Secretary Kelly to speak at the
2017 Congressional Summer Intern
Lecture Series",,,,,,,,,,
521,1143131,5/8/2017,Congressman Dean Heller,"Writes regarding disaster declaration
issued by Nevada Gov. Sandoval on
March 9,2017",,,,,,,,,,
522,,,"May Privacy Office Congressional Report
Opened between 5/1/17 - 5/31/17",,,,,,,,,,,
523,1143142,5/8/2017,Senator Mazie Hirono,"Writes in support of the Filipino World
War II Veterans Parole (FWVP) Program",,,,,,,,,,
524,1143679,5/18/2017,Congressman Ron Johnson,"Writes requesting information on the
national biodefense strategy.",,,,,,,,,,
525,1143887,5/22/2017,Congressman Ron Johnson,"Writes to request information on
unobligated funds at the end of FY15.",,,,,,,,,,
526,1144257,5/26/2017,Congressman Ron Johnson,"Writes regarding companies being
blacklisted for participating in
construction of physical banners",,,,,,,,,,
527,1143318,5/10/2017,Congressman William R. Keating,"Writes regarding FY 2017 spending and
legislation that would increase the cap on
H-2B visas",,,,,,,,,,
528,1143390,5/12/20.1.7,Congressman Fred Keller,"Writes on behalf of two constituents who
recently achieved the rank of Eagle Scout",,,,,,,,,,
529,1143447,5/15/2017,Senator Angus King,"Writes encouraging DHS and DOL to
make efforts to allow for efficient
processing for additional applications
with regards to H-2B cap adjustment.",,,,,,,,,,
530,,,"Mav Privacy Office Congressional Report
Opened between 5/1/17 - 5/31/17",,,,,,,,,,,
531,1143152,5/8/2017,Congressman Peter King,Classified letter to Secretary Kelly,,,,,,,,,,
532,1143637,5/17/2017,Congressman Amy Klobuchar,"Writes requesting more information
regarding DHS's designation of election
infrastructure as critical infrastructure",,,,,,,,,,
533,1142792,5/2/2017,Congressman Raja Krishnamoorthi,"Writes urging Secretary Kelly to use the
full powers of DHS to stop further
racially-motivated attacks",,,,,,,,,,
534,1143682,5/18/2017,Congressman James Langevin,"Writes requesting extension of TPS for
Haiti",,,,,,,,,,
535,1144223,5/26/2017,Congressman Barbara Lee,"Writes regarding the FY 2017
Department of Homeland Security
Appropriations bill",,,,,,,,,,
536,1144213,5/26/2017,Congressman Zoe Lofgren,"Writes regarding Americans re-entering
the U.S.",,,,,,,,,,
537,1144282,5/30/2017,Congressman Joseph B. Maher,"Writes regarding Committee's request to
subpoena TSA Administrator for
documents withheld from OSC on
grounds of attorney-client privilege",,,,,,,,,,
538,1143837,5/19/2017,Congressman Brian Mast,Writes urging extension of TPS for Haiti,,,,,,,,,,
539,"Mav Privacy Office Congressional Report
Opened between 5/1/17 - 5/31/17",,,,,,,,,,,,,
540,1143429,5/12/2017,Congressman John McCain,"Writes letter of recommendation on
behalf of a candidate for the position of
Deputy Assistant Secretary for OLA",,,,,,,,,,
541,1143090,5/5/2017,Congressman Claire McCaskill,"Writes requesting information regarding
the process and scale of searches of
electronic devices, and plans for the
border wall.",,,,,,,,,,
542,1144259,5/26/2017,Congressman Claire McCaskill,"Writes regarding changes to screening
procedures",,,,,,,,,,
543,1143833,5/19/2017,Congressman Robert Menendez,Writes urging extension of TPS for Haiti,,,,,,,,,,
544,1143901,5/22/2017,Congressman Jerry Moran,"Writes to request that CFIUS conduct an
exhaustive review of Ant Financial
Services' proposed acquisition of
MoneyGram.",,,,,,,,,,
545,1143672,5/18/2017,Congressman Lisa Murkowski,"Writes requesting approval of H-2B visa
petitions for admission up to the new
statutory level set in the bill for this fiscal
year",,,,,,,,,,
546,1143527,5/16/201.7,Congressman Stephanie Murphy,"Writes to urge renewal of Haiti's
Temporary Protected Status (TPS).",,,,,,,,,,
547,"Mav Privacy Office Congressional Report
Opened between 5/1/17 - 5/31/17",,,,,,,,,,,,,
548,1142820,5/2/2017,Congressman Patty Murray,"Writes to President Trump urging
revocation of EO halting immigration and
refugee resettlement to the U.S.",,,,,,,,,,
549,1142897,5/3/2017,Congressman Patty Murray,"Write with concern regarding President
Trump’s action to halt immigration and
refugee resettlement to the United States.",,,,,,,,,,
550,1143645,5/17/2017,Senator Bill Nelson,"Writes again regarding the extension of
TPS for Haiti",,,,,,,,,,
551,1143368,5/11/2017,Congressman Frank Pallone,"Writes regarding TPS for Haitian
nationals.",,,,,,,,,,
552,1143160,5/8/2017,Congressman Bill Pascrell,"Follow up letter regarding the review of
the CVE program at DHS.",,,,,,,,,,
553,1143845,5/19/2017,Congressman Donald Payne,"Writes in support for the reauthorization
of TPS for Guinea, Liberia, and Sierra
Leone",,,,,,,,,,
554,1143367,5/11/2017,Congressman Scott Peters,"Writes regarding an ICE field office in
San Diego, California",,,,,,,,,,
555,,,"Mav Privacy Office Congressional Report
Opened between Wu - 5/31/17",,,,,,,,,,,
556,1143495,5/15/2017,Congressman Scott Peters,"Writes with concern regarding reduced
ranking of the San Diego MSA from #11
in FY 2016 to #12 in preliminary risk
assessment for FY 2017",,,,,,,,,,
557,1144015,5/23/2017,Senator Rob Portman,"Write to request a briefing on MOA
between HHS and DHS regarding
Unaccompanied Alien Children.",,,,,,,,,,
558,1143128,5/8/2017,Congressman Mike Quigley,"Writes regarding section 9(a) of EO
13768 which directs the federal
government to withhold federal funds
from ""sanctuary"" jurisdictions",,,,,,,,,,
559,1143725,5/18/2017,Congressman Jamie Raskin,"Writes requesting extension of TPS for
Haiti",,,,,,,,,,
560,1143089,5/5/2017,Congressman Kathleen Rice,"Write in support of extending the TPS
designation for Haiti",,,,,,,,,,
561,1144437,5/31/2017,Congressman Pat Roberts,"Writes regarding DHS National Bio and
Agro-Defense Facility (NBAF)",,,,,,,,,,
562,1144175,5/25/2017,Congressman Gregorio Sablan,"Writes regarding closure of FY 2017
applications for CW-1 permits",,,,,,,,,,
563,,,"Mav Privacy Office Congressional Report
Opened between 5/1/17 - 5/31/17",,,,,,,,,,,
564,1143721,5/15/2017,Congressman Charles Schumer,"Writes in support of the application
submitted by the Laurelton Fire District
for funding",,,,,,,,,,
565,1144320,5/30/2017,Congressman Charles Schumer,"Writes in support of constituent Police
Department's application for a grant
program",,,,,,,,,,
566,1143832,5/19/2017,Congressman David Scott,"Writes regarding deaths of two
immigrants in ICE custody",,,,,,,,,,
567,1142981,5/4/2017,Congressman Jeanne Shaheen,"Writes regarding current administration
of the U.S. Refugee Admission Program
(USRAP)",,,,,,,,,,
568,1143636,5/17/2017,Congressman Darren Soto,"Writes asking for extension of TPS to
Haitian immigrants and refugees under
Section 244 of the Immigration and
Nationality Act",,,,,,,,,,
569,1144321,5/30/2017,Congressman Darren Soto,"Writes regarding a constituent’s
experience with CBP at an airport",,,,,,,,,,
570,1142817,5/2/2017,Congressman Jon Tester,"Writes to President Trump regarding
security clearance process and insider
threat initiatives in the United States.",,,,,,,,,,
571,"Mav Privacy Office Congressional Report
Opened between 5/1/17 - 5/31/17",,,,,,,,,,,,,
572,1142945,2/27/2017,Congressman Bennie G. Thompson,"Writes regarding President Trump's
demand that DHS and DOJ build legal
standing for his travel ban.",,,,,,,,,,
573,1143301,5/10/2017,Congressman Bennie G. Thompson,"Requests information on implementation
of two provisions of the Chemical
Facility Anti-Terrorism Standards
(CFATS) program",,,,,,,,,,
574,1144225,5/26/2017,Congressman Bennie G. Thompson,"Writes with concern regarding the recent
announcement of David Clarke to serve
as Assistant Secretary for the Office of
Partnership and Engagement",,,,,,,,,,
575,1144035,5/23/2017,Congressman Norma Torres,"Write regarding the potential appointment
of Sheriff Clarke as Assistant Secretary in
OPE.",,,,,,,,,,
576,1144148,5/25/2017,Congressman Norma Torres,"Writes urging investigation into claims of
asylum denials ""HEARING 6/7/2017""",,,,,,,,,,
577,1144245,4/26/2017,Congressman Tri Trinh,"Applicant writing regarding status of
case.",,,,,,,,,,
578,1143349,5/11/2017,Congressman Juan Vargas,"Write with concern of the recent
appointment of a DHS official.",,,,,,,,,,
579,"Mav Privacy Office Congressional Report
Opened between 5/1/17 - 5/31/17",,,,,,,,,,,,,
580,1144107,5/24/2017,Congressman Juan Vargas,"Writes to request information concerning
the upcoming construction of prototypes
for the United States-Mexico border wall
in San Diego County, California",,,,,,,,,,
581,1143505,5/16/2017,Senator Mark R. Warner,"Writes requesting information about DHS
Cybersecurity in light of the recent
ransom ware attack.",,,,,,,,,,
582,1143016,5/4/2017,Congressman Elizabeth Warren,"Writes urging Secretary Kelly to extend
TPS to Haitian nationals",,,,,,,,,,
583,1143143,5/8/2017,Congressman Bonnie Watson Coleman,"Writes requesting clarification regarding
DHS polices towards individuals granted
DACA status",,,,,,,,,,
584,1143124,5/8/2017,Congressman Robert Wittman,"Writes to emphasize the importance of H-
2B workers",,,,,,,,,,
585,1143147,5/8/2017,Congressman Robert Wittman,"Writes regarding UASI program funding
and FEMA's formula to determine
relative risk",,,,,,,,,,
586,,"Mav Privacy Office Congressional Report
Opened between 5/1/17 - 5/31/17",,,,,,,,,,,,
587,1143737,4/3/20.1.7 Congressman Robert Wittman,"Rep. Wittman forwards correspondence
from	.regarding
personal hostile communications between
himself and a company business owner.",,,,,,,,,,,
588,1144029,5/23/2017 Senator Ron Wyden,"Writes regarding reports of ICE
Deportation Officers using stingray
surveillance",,,,,,,,,,,
589,,,June Privacy Office Congressional Report,,,,,,,,,,,
590,,,Opened between 6/1/17 - 6/30/17,,,,,,,,,,,
591,WF#,Receive Date,Congressman Name,Subject of Request,,,,,,,,,,
592,1145723,6/21/2017,Congressman Jodey C. Arrington,"Rep. Arrington forwards concerns from
several dairies, Legacy Farms, Red Rock
Dairy, T&K Dairy, Caprock Dairy, VB
Ranch and Boehning Dairy, concerning I-
9 audits.",,,,,,,,,,
593,1144664,6/6/2017,Congressman Don Beyer,"Requests records relating to US
withdrawal from Paris Agreement on
climate change.",,,,,,,,,,
594,1144710,6/6/2017,Congressman Benjamin Cardin,Writes regarding TPS extension for Haiti.,,,,,,,,,,
595,1145945,6/28/2017,Congressman Thomas Carper,"Writes regarding H-2B visas cap in FY
2017",,,,,,,,,,
596,1145073,6/13/2017,Congressman Earl Carter,"Writes regarding H-2A temporary
agricultural labor program",,,,,,,,,,
597,1145901,6/27/2017,Congressman Earl Carter,"Representative Carter wrote in on behalf
of his constituent^6*	Jwho is
expressing his displeasure about TSA
FAMS transfer policy",,,,,,,,,,
598,"June Privacy Office Congressional Report
Opened between 6/1/17 - 6/30/17",,,,,,,,,,,,,
599,1144913,6/9/2017,Congressman Kathy Castor,"Writes on behalf of constituent regarding
patent on digital transmission process
making",,,,,,,,,,
600,1145266,6/16/2017,Congressman Thad Cochran,"Writes in support of a grant application
submitted by the New Albany Fire
Department in New Albany, Mississippi,
for funding through the Assistance to
Firefighters Grant Program.",,,,,,,,,,
601,1144537,6/2/2017,Congressman Barbara Comstock,"Writes in support of Arktis Detection
Systems' bid submission for the DHS’s
DNDO Radiation Portal Monitor
Replacement Program",,,,,,,,,,
602,1145591,6/22/2017,Congressman Barbara Comstock,"1 regarding
her application to the Department of
Intelligence & Analysis Summer
Internship Program.",,,,,,,,,,
603,1145944,6/26/2017,"Congressman Gerald E, Connolly","Rep. Connolly and Sen. Kaine write on
behalf of (dAOA	,regarding the
status of his security clearance.",,,,,,,,,,
604,1145548,6/21/2017,Congressman Joseph Crowley,"Writes regarding the deportation of an
individual",,,,,,,,,,
605,"June Privacy Office Congressional Report
Opened between 6/1/17 - 6/30/17",,,,,,,,,,,,,
606,1144805,6/172017,Congressman Ted Deuteh,"Rep. Deuteh writes in regard to the
students at FLETC HIS classes with the
24 employess who are job ready and are
in danger of losing their jobs.",,,,,,,,,,
607,1145718,6/19/2017,Congressman Theodore E. Deuteh,"Rep. Deuteh forwards concerns from
EWi	regarding travel concerns
citing TSA and ICE.",,,,,,,,,,
608,1144459,6/1/2017,Congressman Michael Dougherty,"Letter to Representative Brad Sherman
Responding to Questions Raised during
May 8, 2017 Meeting Regarding Israel's
Status for Designation in the Visa Waiver
Program",,,,,,,,,,
609,1145083,6/13/2017,Congressman Blake Farenthold,Writes regarding H-2A visa program.,,,,,,,,,,
610,1145085,6/13/2017,Congressman Blake Farenthold,Writes regarding H-2B visa program.,,,,,,,,,,
611,1144714,6/6/2017,Congressman Dianne Feinstein,"Writes regarding private immigration
bills.",,,,,,,,,,
612,"June Privacy Office Congressional Report
Opened between 6/1/17 - 6/30/17",,,,,,,,,,,,,
613,1145455,6/20/2017,Congressman Deb Fischer,"Writes on behalf of constituents seeking
data related to TCE processes",,,,,,,,,,
614,1145834,6/27/20.17,Congressman Brian K. Fitzpatrick,"I write to you today on behalf of a
business in my district, Intelligent
Decision Partners LLC, who has
expressed interest in opening lines of
communication with the Department of
Homeland Security in regards to their
work on security threats to the United
States from Mexico's Southern border.",,,,,,,,,,
615,1145631,6/23/2017,Congressman Rodney Frelinghuysen,"Writes to thank SI for an
acknowledgment at a recent event.",,,,,,,,,,
616,1144707,6/6/2017,Congressman Kirsten Gillibrand,"Writes in support of application
submitted by constituent Volunteer Fire
Department for funding through the
Assistance to Firefighters Grant Program",,,,,,,,,,
617,1144821,6/8/2017,Congressman Jenniffer Gonzalez-Col6n,"Writes regarding detrimental effect the
regulations governing the Electronic
Export Information (EEI) have on Puerto
Rico",,,,,,,,,,
618,"June Privacy Office Congressional Report
Opened between 6/1/17 - 6/30/17",,,,,,,,,,,,,
619,1145160,6/14/2017,Senator Charles E. Grassley,"Writes regarding Yanping Chen Frame,
founder and president of online
University of Management and
Technology",,,,,,,,,,
620,1144610,6/5/2017,Congressman A1 Green,"Writes regarding the deportation of
fbuei",,,,,,,,,,
621,1144862,6/9/2017,Congressman Dean Heller,"Writes regarding Relative Risk Profile
formula for UASI",,,,,,,,,,
622,1146117,6/30/2017,Congressman Dean Heller,"Write regarding the EB-5 Immigrant
Investor Program",,,,,,,,,,
623,1144469,,Congressman Jeb Hensarling,"Chairman wrote re: Committee Intent to
Control Congressional Records.",,,,,,,,,,
624,1144729,6/6/2017,Senator Mazie Hirono,"Write in support of India's participation in
CBP’s Global Entry Program and urges
implementation of the June 2016 bilateral
memorandum of understanding to achieve
this goal.",,,,,,,,,,
625,1144769,6/7/2017,Senator Mazie Hirono,"Write in support of the Filipino World
War II Veterans Parole (FWVP) Program,
and to advocate for its continued
implementation.",,,,,,,,,,
626,"June Privacy Office Congressional Report
Opened between 6/1/17 - 6/30/17",,,,,,,,,,,,,
627,1145268,6/16/2017,Senator Mazie Hirono,"Write to request the Department exercise
its prosecutorial discretion and
re-evaluate the request for a stay of
removal for an individual.",,,,,,,,,,
628,1145828,6/27/2017,Senator Mazie Hirono,"Senator Hirono forwards correspondence
as follow up to a March 2017 inquiry on
behalf of	;oncerning
alleged mistreatment by Homeland
Security Customs.",,,,,,,,,,
629,1145836,6/27/2017,Senator Mazie Hirono,"Senator Hirono writes on behalf of	|
regarding her
transitional compensation appeal.",,,,,,,,,,
630,1145612,6/22/2017,Congressman Jared Huffman,"Writes on behalf of constituents regarding
deportation cases.",,,,,,,,,,
631,1144801,6/8/2017,Congressman Sheila Jackson Lee,"Writes regarding an individual who was
deported",,,,,,,,,,
632,"June Privacv Office Congressional Report
Opened between 6/1/17 - 6/30/17",,,,,,,,,,,,,
633,1144687,6/6/2017,Congressman Ron Johnson,"Invitation for SI to testify at a hearing
titled ""The Department of Homeland
Security Fiscal Year 2018 Budget
Request""",,,,,,,,,,
634,1145424,6/20/2017,Congressman Ron Johnson,"Write to thank Secretary Kelly for
appearing on June 6, 2017 at the hearing
""The Department of Homeland Security
Fiscal year 2018 Budget Request.""",,,,,,,,,,
635,1145955,6/28/2017,Congressman John Katko,"Writes regarding a threat assessment for
the northern border",,,,,,,,,,
636,1145213,6/15/2017,Congressman Bill Keating,"Writes regarding Joint Land Attack
Cruise Missile Defense Elevated Netted
Sensor System (JLENS).",,,,,,,,,,
637,1145360,6/19/2017,Congressman Bill Keating,Writes regarding 11-2B Visas,,,,,,,,,,
638,1146055,6/29/2017,Congressman Derek Kilmer,"Writes regarding legislation to reinforce
cybersecurity",,,,,,,,,,
639,1145697,6/26/2017,Congressman Leonard Lance,"Writes to request that DHS implement H-
2B cap relief provided in the FY 2017
Consolidated Appropriations Act",,,,,,,,,,
640,1144893,6/9/2017,Senator James Lankford,"Writes regarding FEMA not providing
assistance to houses of worship.",,,,,,,,,,
641,"June Privacy Office Congressional Report
Opened between 6/1/17 - 6/30/17",,,,,,,,,,,,,
642,1145845,6/27/2017,Congressman Brenda Lawrence,"Writes to request a meeting to discuss
ICE enforcement and removal activities
of religious minorities",,,,,,,,,,
643,1145952,6/28/2017,Congressman Patrick Leahy,Writes regarding H-2B Visa program.,,,,,,,,,,
644,1145193,6/15/2017,Congressman Sander Levin,"Write regarding a large number of Iraqi-
American immigrants who are being
placed in detention and are awaiting
removal.",,,,,,,,,,
645,1145813,6/27/2017,Congressman Ted Lieu,"Writes with concern regarding a recent
report indicating vulnerability in the
security of Wi-Fi networks used by the
President at locations he has traveled",,,,,,,,,,
646,1145344,6/19/2017,Congressman Frank Lobiondo,"fbX6)	writes regarding his
reentry to the United States.",,,,,,,,,,
647,1145716,6/21/2017,Congressman Barry Loudermilk,"Rep. Loudermilk writes on behalf of
iWd	regarding a matter with
the Student and Exchange visitor
Program.",,,,,,,,,,
648,"June Privacy Office Congressional Report
Opened between 6/1/17 - 6/30/17",,,,,,,,,,,,,
649,1144457,6/172017,Congressman Edward Markey,"Writes regarding recent statements made
by Secretary Kelly about airline bag fees
and dangerous devices in luggage",,,,,,,,,,
650,1146096,6/30/2017,Congressman John McCain,"Writes regarding a letter received about
the border wall.",,,,,,,,,,
651,1146123,6/30/2017,Congressman Claire McCaskill,"Writes requesting a REAL ID extension
fot the State of Missouri",,,,,,,,,,
652,1145292,6/16/2017,Congressman Michael McCaul,"Requests information on 41 topics related
to the work of the Task Force on Denying
Terrorist Entry to the US",,,,,,,,,,
653,1145722,6/26/2017,Congressman Robert Menendez,"Write regarding recent actions taken by
the ICE ERO Newark Field Office.",,,,,,,,,,
654,1145198,6/15/2017,Congressman John Moolenaar,"Write to express strong support for the
fight against corruption in Central
America.",,,,,,,,,,
655,1144513,6/1/2017,Senator Bill Nelson,"Writes again regarding the renewal of
Temporary Protected Status (TPS) for
Haitian nationals.",,,,,,,,,,
656,"June Privacv Office Congressional Report
Opened between 6/1/17 - 6/30/17",,,,,,,,,,,,,
657,1145811,6/27/2017,Congressman Scott Perry,"Writes regarding securing infrastructure
from the threat of geomagnetic
disturbance or an electromagnetic pulse
attack",,,,,,,,,,
658,1145368,6/19/2017,Congressman Chellie Pingree,"Writes to urge DHS to act quickly to raise
the cap on H-2B visas.",,,,,,,,,,
659,1145388,6/19/2017,Congressman Stacey Plaskett,"Writes to request notice of matters
affecting her district",,,,,,,,,,
660,1144971,6/12/2017,Senator Rob Portman,"Detail of|tx6>	to Senator
Portman Staff",,,,,,,,,,
661,1145699,6/26/2017,Congressman David Price,"Writes in support of Radiation Portal
Monitor Replacement Program.",,,,,,,,,,
662,1145520,6/21/2017,Congressman Mike Quigley,Write regarding EO 13768.,,,,,,,,,,
663,1144692,6/6/2017,Congressman Jim Renacci,"Writes to express support for preserving
duty drawback and deferral rights for U.S.
manufacturers and exporters in free trade
agreements.",,,,,,,,,,
664,1145261,6/16/2017,Congressman Cedric Richmond,Writes regarding DACA policies.,,,,,,,,,,
665,"June Privacy Office Congressional Report
Opened between 6/1/17 - 6/30/17",,,,,,,,,,,,,
666,1145703,6/22/2017,Congressman Dana Rohrabaeher,"Rep. Rohrabaeher writes on behalf of|M&>
|tW)	Iregarding his medical
clearance.",,,,,,,,,,
667,1144723,6/6/2017,Senator Marco Rubio,"Writes regarding the start of the 2017
Atlantic hurricane season",,,,,,,,,,
668,1144915,6/9/2017,Congressman Charles Schumer,"Writes in support of constituent Fire
Department for funding through
Assistance to Firefighters Grant Program",,,,,,,,,,
669,1146100,6/30/2017,Congressman Jeanne Shaheen,"Writes regarding the U.S. Refugee
Admissions Program (USRAP).",,,,,,,,,,
670,1145145,6/14/2017,Congressman Jason Smith,"Writes requesting REAL ID extension for
Missouri.",,,,,,,,,,
671,1145574,6/22/2017,Congressman Bennie G. Thompson,"Writes regarding election infrastructure
and foreign interference.",,,,,,,,,,
672,1145804,6/27/2017,Congressman Bennie G. Thompson,"Writes regarding the implementation of
Executive Order 13780",,,,,,,,,,
673,1146082,6/30/2017,Congressman Bennie G. Thompson,"Write to request information on the
Health Cybersecurity & Communications
Integration Center and National
Cybersecurity Communications &
Integration Center",,,,,,,,,,
674,"June Privacy Office Congressional Report
Opened between 6/1/17 - 6/30/17",,,,,,,,,,,,,
675,1144987,6/9/2017,Congressman Chris Van Hollen,"Senator Van Hollen writes on behalf of
regarding the status of
his security clearance application.",,,,,,,,,,
676,1145139,6/14/2017,Senator Chris Van Hollen,"Senator Van Hollen writes in on behalf of
the constituent,
regarding difficulties he experiences
when traveling within and across U.S.
borders.",,,,,,,,,,
677,1145141,6/17/20.17,Congressman Chris Van Hollen,"Senator Van Hollen writes on behalf of
Stoto	I regarding his
friend, 4)4)
and his distressful experience with DHS.",,,,,,,,,,
678,1145149,6/14/2017,"Congressman Chris Van Hollen
£","Sen. Van Hollen writes on behalf of	]
| regarding his request to have
his name removed from the ""No Fly List"".",,,,,,,,,,
679,"June Privacv Office Congressional Report
Opened between 6/1/17 - 6/30/17",,,,,,,,,,,,,
680,1145590,6/22/2017,Congressman Chris Van Hollen,"Representative Van Hollen wrote in on
behalf of his constituent,^®
regarding his concerns that an Audiotape
of his pre-employment polygraph
examination in September 20 14 was
tampered with or destroyed.",,,,,,,,,,
681,1145601,6/22/2017,Congressman Chris Van Hollen,"Representative Van Hollen writes in on
behalf His constituent, p)(5>
regarding difficulties he
experiences when traveling within and
across U.S. borders",,,,,,,,,,
682,1145510,6/21/2017,Senator Mark R. Warner,"Writes regarding foreign attempts to
interfere with the U.S. election",,,,,,,,,,
683,1145204,6/15/2017,Congressman Robert Wittman,"Rep. Wittman writes on behalf of P’XSj
rbK6) ] regarding her suspension from
duty and pending security clearance
revocation.",,,,,,,,,,
684,"June Privacy Office Congressional Report
Opened between 6/1/17 - 6/30/17",,,,,,,,,,,,,
685,1145319,6/16/2017,Congressman Don Young,"Writes regarding a civil claim made
against the Coast Guard.",,,,,,,,,,
686,July Privacy Office Congressional Report,,,,,,,,,,,,,
687,Opened between 7/1/17 - 7/31/17,,,,,,,,,,,,,
688,WF#,Receive Date,Congressman Name,Subject of Request,,,,,,,,,,
689,1146783,7/11/2017,Senator Tammy Baldwin,"Writes to support the City of Milwaukee's
application for the Port Security Grant
Program.",,,,,,,,,,
690,1146312,7/6/2017,Congressman Nanette Diaz Barragan,"Writes in support of the CBP reversal of
the application of the Jones Act in
relation to offshore operations.",,,,,,,,,,
691,1146349,7/6/2017,Congressman Richard Blumenthal,"Writes regarding the designation of
courthouses as sensitive locations",,,,,,,,,,
692,1147264,7/25/2017,Senator John Boozman,"Writes to inform approval of
reprogramming and transfer actions by
DHS",,,,,,,,,,
693,1147265,7/25/2017,Senator John Boozman,"Writes to inform approval of
reprogramming and transfer actions by
DHS",,,,,,,,,,
694,1147139,7/24/2017,Congressman Tony Cardenas,"Writes regarding reports that ICE will
begin targeting 16 and 17 year olds
suspected to be gang members",,,,,,,,,,
695,"July Privacy Office Congressional Report
Opened between 7/1/17 - 7/31/17",,,,,,,,,,,,,
696,1146311,7/6/2017,Congressman Benjamin Cardin,"Writes regarding S&T budget proposal
and planned lab closures.",,,,,,,,,,
697,1147266,7/25/2017,Congressman John Carter,"Writes to inform approval of
reprogramming and transfer actions by
DHS",,,,,,,,,,
698,1146560,7/10/2017,Senator Thad Cochran,"Writes in support of a grant application
submitted by the Natchez (Mississippi)
Fire Department.",,,,,,,,,,
699,1146596,7/10/2017,Senator Thad Cochran,"Writes in support of a grant application
submitted by the Summit Fire
Department in Pike County, Mississippi,",,,,,,,,,,
700,1146524,7/11/2017,Congressman Chris Collins,"Write regarding commercial and travel
delays at the northern border",,,,,,,,,,
701,1147581,7/28/2017,Congressman Paul Cook,"Write regarding legislation passed in the
State of California that will impair the
federal government’s ability to carry out
immigration mandates",,,,,,,,,,
702,1146580,7/12/2017,Congressman Henry Cuellar,"Writes regarding research on border
security being conducted at the University
of Houston’s BTI Institute",,,,,,,,,,
703,1146730,7/14/2017,Congressman Keith Ellison,"Writes regarding pending deportation of
Somalis",,,,,,,,,,
704,"July Privacy Office Congressional Report
Opened between 7/1/17 - 7/31/17",,,,,,,,,,,,,
705,1146731,7/14/2017,Congressman Keith Ellison,"Writes regarding pending deportation of
Somalis",,,,,,,,,,
706,1146979,7/14/2017,Congressman John Faso,"Writes to encourage issuance of
additional H-2B visas.",,,,,,,,,,
707,1146508,7/10/2017,Congressman Dianne Feinstein,"Writes regarding sponsors of
unaccompanied alien children.",,,,,,,,,,
708,1147205,7/25/2017,Congressman Dianne Feinstein,"Writes with concern over reports that
asylum seekers are being turned away at
the U.S.-Mexico border",,,,,,,,,,
709,1146586,7/10/2017,Senator Jeff Flake,"Writes in support of the International
Entrepreneur Rule.",,,,,,,,,,
710,1146313,7/6/2017,Senator Cory Gardner,"Senator Gardner writes o behalf of
Wv	(regarding his
travel concerns.",,,,,,,,,,
711,1147019,7/19/2017,Congressman Thomas A. Garrett,"Representative Garrett wrote in on behalf
of his constituent	|who is
expressing his displeasure with NPPD
FAMs",,,,,,,,,,
712,"July Privacv Office Congressional Report
Opened between 7/1/17 - 7/31/17",,,,,,,,,,,,,
713,1146927,7/18/2017,Congressman Kirsten Gillibrand,"Writes regarding upcoming TPS
extensions.",,,,,,,,,,
714,1146857,7/18/2017,Congressman Jeniffer Gonzalez-Colon,"Writes regarding impact of Electronic
Export Information regulations on Puerto
Rico.",,,,,,,,,,
715,1146484,7/10/2017,Congressman Bob Goodlatte,"Writes to request an extension forfbiwi |
Subcommittee on Immigration and
Border Security.",,,,,,,,,,
716,1146566,7/11/2017,Senator Charles E. Grassley,"Writes to request information on an
individual",,,,,,,,,,
717,1146567,7/11/2017,Senator Charles E. Grassley,"Writes to request information regarding
undocumented workers identiy theft",,,,,,,,,,
718,1146873,7/18/2017,Senator Charles E. Grassley,Writes regarding a potential O visa abuse.,,,,,,,,,,
719,1146878,7/18/2017,Senator Charles E. Grassley,"Writes to follow-up onpW' ]
kuv)",,,,,,,,,,
720,1147584,7/28/2017,Senator Charles E. Grassley,"Writes requesting information into
allegations that agents of the Russian
government have worked on behalf of
Russian interests",,,,,,,,,,
721,"July Privacy Office Congressional Report
Opened between 7/1/17 - 7/31/17",,,,,,,,,,,,,
722,1146487,7/10/2017,Congressman Michelle Lujan Grisham,"Writes regarding ICE Targeting Sponsors
of Unaccompanied Minors,",,,,,,,,,,
723,1147359,7/26/2017,Congressman Michelle Lujan Grisham,"Writes with concern regarding the
Department using prosecutorial discretion",,,,,,,,,,
724,1147102,7/21/2017,Congressman Kamala Harris,"Write regarding claims of a surge
initiative targeting relatives of UACs.",,,,,,,,,,
725,1146434,7/10/2017,Congressman Mazie K. Hirono,"Writes with concerns about the new
VOICE office within ICE.",,,,,,,,,,
726,1147507,7/27/2017,Congressman John Hoeven,"Writes regarding UAS technology as it
relates to national security",,,,,,,,,,
727,1147103,7/21/2017,Congressman Steny Hoyer,"writes in expressing her
displeasure with TSA regarding her leave
status",,,,,,,,,,
728,1146834,7/17/2017,Congressman Ron Johnson,"Writes to request DHS OIG evaluate
whether the CFATS program has made
America more secure",,,,,,,,,,
729,"July Privacy Office Congressional Report
Opened between 7/1/17 - 7/31/17",,,,,,,,,,,,,
730,1147627,7/28/2017,Congressman Ron Johnson,"Writes regarding human smuggling
across the border",,,,,,,,,,
731,1146173,7/3/2017,Senator John Kennedy,"Writes regarding ICE Notifications to
Local Jurisdictions of Sex Offenders.",,,,,,,,,,
732,1147061,7/20/2017,Congressman Peter King,"Writes with follow up questions
regarding the ""Five Country Ministerial
and Quintet of Attorney Generals”",,,,,,,,,,
733,1146382,7/7/2017,Congressman Amy Klobuchar,"Writes regarding financial hardship of
Rapidan Township in Minnesota.",,,,,,,,,,
734,1146496,7/10/2017,Congressman Alan Lowenthal,"Writes to request a briefing on
cybersecurity information sharing
between DHS and critical infrastructure
operators.",,,,,,,,,,
735,1146526,7/11/2017,Congressman Edward Markey,"Writes to request information about
reports that foreign hackers compromised
the cybersecurity of U.S. nuclear power
plants",,,,,,,,,,
736,1146514,7/10/2017,Congressman Michael McCaul,Supports Capital Metro grant application.,,,,,,,,,,
737,"July Privacy Office Congressional Report
Opened between 7/1/17 - 7/31/17",,,,,,,,,,,,,
738,1147189,7/24/2017,Congressman Michael McCaul,"Writes in support of Capital Metro in
Austin, TX for TSGP.",,,,,,,,,,
739,1147257,7/25/2017,Congressman Patrick McHenry,"Write regarding trade policies and textile
customs enforcement",,,,,,,,,,
740,1146501,7/10/2017,Congressman Martha McSally,"Writes regarding border security and
infrastructure needs in Arizona",,,,,,,,,,
741,1146561,7/10/2017,Congressman Grace Meng,"Writes in support of New York-
Presbyterian Queens' application for the
Nonprofit Security Grants Program.",,,,,,,,,,
742,1146549,7/10/2017,Congressman Patty Murray,"Writes with concern regarding proposed
cuts to FEMA administered grant
programs in FY2018 budget request.",,,,,,,,,,
743,1146925,7/18/2017,Congressman Patty Murray,"Requests information regarding
immigration enforcement policies
concerning cases involving the Violence
Against Women Act and the Trafficking
Victim Protection Act.",,,,,,,,,,
744,1147289,7/25/2017,Senator Bill Nelson,"Writes in support of the City of
Hallandale Beach's efforts to obtain a
federal grant",,,,,,,,,,
745,"July Privacv Office Congressional Report
Opened between 7/1/17 - 7/31/17",,,,,,,,,,,,,
746,1146394,7/7/2017,Congressman Bill Pascrell,"Writes regarding MAVNI impacting a
constituent.",,,,,,,,,,
747,1146563,7/10/2017,Congressman Donald M. Payne,"Writes to support application submitted
by the Port Newark Container Terminal
for the FY 2017 Port Security Grant
Program.",,,,,,,,,,
748,1147190,7/24/2017,Senator David Perdue,"Writes in support of City East Point's
application for the Fire Prevention and
Safety Grant Program.",,,,,,,,,,
749,1146799,7/17/2017,Congressman Cedric Richmond,"Writes regarding concerns with the H-2B
program",,,,,,,,,,
750,1146160,7/3/2017,Congressman Adam Schiff,"Requests an investigation into events at
the Adelanto West ICE facility.",,,,,,,,,,
751,1147194,7/24/2017,Congressman Brad Schneider,"Writes in support of Arktis Radiation
Detector and their submission for
DNDO’s Radiation Portal Monitor
Replacement Program.",,,,,,,,,,
752,"July Privacy Office Congressional Report
Opened between 7/1/17 - 7/31/17",,,,,,,,,,,,,
753,1146435,7/10/2017,Congressman Charles Schumer,"Writes in support of an application
submitted by Prevention 1st for FEMA
funding",,,,,,,,,,
754,1146592,7/10/2017,Senator Charles E. Schumer,"Writes in support of the application for
the Non-Profit Security Grant Program
submitted by |(M6)	]
|tH«)	|",,,,,,,,,,
755,1146598,7/10/2017,Senator Charles E. Schumer,"Writes to request investigation into cyber
breach and hack of Town of
Brookhaven's official website.",,,,,,,,,,
756,1146600,7/10/2017,Congressman Christopher H. Smith,"Writes to request temporary stay of
removal for Chaldean Christian
immigrants who face harm if returned to
Iraq.",,,,,,,,,,
757,1147587,7/28/2017,Congressman Lamar Smith,"Writes to request information from DHS
regarding Kaspersky Lab",,,,,,,,,,
758,1146482,7/10/2017,Congressman Bennie G. Thompson,"Write to request information regarding
TSA's new security directive raising
security at airports serving as LPDs",,,,,,,,,,
759,"July Privacy Office Congressional Report
Opened between 7/1/17 - 7/31/17",,,,,,,,,,,,,
760,1146777,7/17/2017,Congressman Bennie G. Thompson,"Writes requesting information on EO
13770",,,,,,,,,,
761,1147516,7/27/2017,Congressman Bennie G. Thompson,"Writes requesting information on FEMA’s
review of the CVE grant program",,,,,,,,,,
762,1147686,7/31/2017,Congressman Bennie G. Thompson,"Writes regarding the progress of the
Department to ensure that U.S.-bound
maritime cargo is scanned.",,,,,,,,,,
763,1146665,7/13/2017,Congressman William Thornberry,"Representative Thornberry wrote in on
the behalf of |fMS>	|who is having
problems with ICE and his application for
employment",,,,,,,,,,
764,1147730,7/31/2017,Senator Chris Van Hollen,"Writes requesting information on
administration’s implementation of the
U.S. Refugee Admissions Program",,,,,,,,,,
765,1146692,7/14/2017,Congressman Nydia M. Velazquez,"Writes regarding ICE policy on human
trafficking.",,,,,,,,,,
766,1146686,7/13/2017,Congressman Elizabeth Warren,"Writes regarding H-2B Visa program
impacting businesses in Cape Cod.",,,,,,,,,,
767,"July Privacv Office Congressional Report
Opened between 7/1/17 - 7/31/17",,,,,,,,,,,,,
768,1146741,7/14/2017,"Congressman Debbie Wasserman-
Schultz","Writes to support the application of the
Islamic Foundation of South Florida for a
Non-Profit Security Grant.",,,,,,,,,,
769,1146877,7/18/2017,Congressman Robert Wittman,"Representative Wittman writes in on
behalf oflfcw)	|who is expressing
her displeasure with NPPD for placing
her on indefinite suspension without pay",,,,,,,,,,
770,August Privacy Office Congressional Report,,,,,,,,,,,,,
771,Opened between 8/1/17 - 8/31/17,,,,,,,,,,,,,
772,WF#,Receive Date,Congressman Name,Subject of Request,,,,,,,,,,
773,1147808,8/1/2017,Congressman Don Beyer,"Representative Beyer wrote in on behalf
of a company in his district who would
like to know why DHS is terminating
their contract",,,,,,,,,,
774,1147757,8/1/2017,Congressman Richard Blumenthal,"Writes regarding current deportation
policies",,,,,,,,,,
775,1149212,8/25/2017,Senator Richard Blumenthal,"Writes with concern about the data
disclosure from the DHS-VINE database.",,,,,,,,,,
776,1148550,8/10/2017,Senator Cory A. Booker,"Writes to support grant application
submitted by the Mount Laurel Fire
Department (EMW-2016-FP-00786).",,,,,,,,,,
777,1147852,8/2/2017,Congressman Michael Capuano,"Writes to express dismay at reports of the
consideration to transfer the bureaus of
Consular Affairs and Population,
Refugees, and Migration from DOS to
DHS.",,,,,,,,,,
778,1148687,8/15/2017,Senator Robert P. Casey,"Writes in support of the application
submitted by
Reconstructionist Congregation to the
NSGP",,,,,,,,,,
779,August Privacy Office Congressional Report,,,,,,,,,,,,,
780,Opened between 8/1/17 - 8/31/17,,,,,,,,,,,,,
781,1148707,8/15/2017,Congressman Steve Cohen,"Writes regarding domestic terrorism and
urges reestablishment of the Extremism
and Radical ization Branch of the
Homeland Environment Threat Analysis
Division",,,,,,,,,,
782,1147768,8/1/2017,Congressman John Cornyn,"Writes in support of UTEP application
for Center of Excellence for Cross-Border
Threat Screening and Supply Chain
Defense",,,,,,,,,,
783,1147786,8/1/2017,Congressman John Cornyn,"Writes in support of UTRGV application
for Center of Excellence for Cross-Border
Threat Screening and Supply Chain
Defense",,,,,,,,,,
784,1148578,8/14/2017,Congressman Joseph Crowley,"Requests the delay of the deportation of a
constituent.",,,,,,,,,,
785,1147793,8/1/2017,Congressman Elijah Cummings,"Write regarding reports that CBP officials
are turning away asylum seekers",,,,,,,,,,
786,1148253,8/9/2017,Congressman Elijah Cummings,"Write to request documents related to
federal funds expended by DHS on
products or services provided by
businesses affdiated with the Trump
Organization",,,,,,,,,,
787,"August Privacy Office Congressional Report
Opened between 8/1/17 - 8/31/17",,,,,,,,,,,,,
788,1147781,8/1/2017,Congressman Susan Davis,"Writes regarding denial of visas for six
Afghan girls travelling to the United
States for the FIRST Global robotics
competition",,,,,,,,,,
789,1148953,8/21/2017,Congressman Diana Degette,"Writes regarding efforts to combat
domestic organizations that engage in
racial and ethnic-based threats",,,,,,,,,,
790,1148912,8/21/2017,Congressman Val Demings,"Write regarding violent white supremacist
movements in the U.S.",,,,,,,,,,
791,1149091,8/23/2017,Congressman Ron Desantis,"Writes to request information regarding
the 26 organization that DHS approved
for grant funding for the Countering
Violent Extremism program.",,,,,,,,,,
792,1148955,8/21/2017,Congressman Richard Durbin,"Write regarding an individual who
allegedly falsified a naturalization
application",,,,,,,,,,
793,1148648,8/15/2017,Congressman Dianne Feinstein,"Supports stay of removal applications and
private bill for two individuals",,,,,,,,,,
794,1149114,8/23/2017,Senator Jeff Flake,"Writes regarding ""catch and release""
policy and its impact on Arizona.",,,,,,,,,,
795,1149112,8/24/2017,Congressman Al Franken,"Requests information regarding
Department use of cell-site simulators.",,,,,,,,,,
796,"August Privacy Office Congressional Report
Opened between 8/1/17 - 8/31/17",,,,,,,,,,,,,
797,1149215,8/25/2017,Congressman Vicente Gonzalez,"Writes requesting Secretary’s support of
H.R. 3429, Repatriate Our Patriot's Act.",,,,,,,,,,
798,1148279,8/9/2017,Congressman Trey Gowdy,"Writes to request case files for FLETC's
Office of Professional Responsibility's
investigation into an individual",,,,,,,,,,
799,1147849,8/2/2017,Senator Charles E. Grassley,Writes regarding Hl-B visa fraud,,,,,,,,,,
800,1148081,8/7/2017,Senator Charles E. Grassley,Writes requesting A-Files on individuals.,,,,,,,,,,
801,1148271,8/9/2017,Senator Charles E. Grassley,"Writes regarding a human smuggling
incident",,,,,,,,,,
802,1148520,8/10/2017,Congressman Al Green,"Writes requesting review of scheduled
deportation",,,,,,,,,,
803,1148592,8/14/2017,Congressman Raul Grijalva,"Write in support to continue the DACA
program",,,,,,,,,,
804,1148092,8/7/2017,Congressman Michelle Lujan Grisham,"Writes with concern regarding the
Department using prosecutorial discretion",,,,,,,,,,
805,1149273,8/29/2017,Congressman Michelle Lujan Grisham,"Writes regarding termination of the CAM
Parole Program.",,,,,,,,,,
806,"August Privacy Office Congressional Report
Opened between 8/1/17 - 8/31/17",,,,,,,,,,,,,
807,1147802,8/1/2017,Congressman Steny Hoyer,"Steny Hoyer writes on behalf of ffcx6)
p»(6> (regarding his problem with DHS Do
Not Admit List.",,,,,,,,,,
808,1148228,8/8/2017,Congressman Duncan Hunter,"Writes regarding a company with a
transformational and disruptive
technology and product",,,,,,,,,,
809,1149111,8/24/2017,Senator Johnny Isakson,Sen. Isakson writes on behalf of,,,,,,,,,,
810,,,,"J who asks if there is an official
procedure to received copies of the
records that were seized so that his
company can function normally.",,,,,,,,,,
811,1148666,8/14/2017,Congressman Mike Johnson,"Writes on behalf of constituent hits'	|
*9^	concerning employment
with ICE.",,,,,,,,,,
812,1147803,8/1/2017,Congressman Ron Johnson,"Writes regarding the USCIS system for
processing immigration benefits",,,,,,,,,,
813,1148129,8/8/2017,Senator Ron Johnson,"Writes to request an extension of a detail
for an individual",,,,,,,,,,
814,1148991,8/22/2017,Congressman Ron Johnson,"Write regarding DHS policy of the use of
union official LWOP for political
campaign activity.",,,,,,,,,,
815,"August Privacy Office Congressional Report
Opened between 8/1/17 - 8/31/17",,,,,,,,,,,,,
816,1149329,8/30/2017,Congressman Ron Johnson,"Requests cybersecurity report required by
Executive Order 13800",,,,,,,,,,
817,1148522,8/11/2017,Congressman Amy Klobuchar,"Writes regarding a REAL ID extension
for Minnesota",,,,,,,,,,
818,1148851,8/18/2017,Congressman Raja Krishnamoorthi,"Writes regarding domestic terror and
CVE grants",,,,,,,,,,
819,1147853,8/2/2017,Congressman John Lewis,"Writes to express support for the DACA
program",,,,,,,,,,
820,1149056,8/23/2017,Congressman Daniel W. Lipinski,"Writes in support of Village of Oak
Lawn's grant application.",,,,,,,,,,
821,1148995,8/22/2017,Congressman Zoe Lofgren,"Writes to request assistance in obtaining a
visitor visa for a constituent's mother",,,,,,,,,,
822,1149016,8/23/2017,Congressman Zoe Lofgren,"Writes regarding the International
Entrepreneur Rule",,,,,,,,,,
823,1147888,8/3/2017,Congressman Tom MacArthur,"Writes regarding a proposal for a border
wall",,,,,,,,,,
824,1148149,8/8/2017,Congressman Edward Markey,"Write to urge consideration for a stay of
removal and release from detention for an
individual",,,,,,,,,,
825,"August Privacy Office Congressional Report
Opened between 8/1/17 - 8/31/17",,,,,,,,,,,,,
826,1148507,8/10/2017,Congressman Catherine Cortez Masto,"Writes regarding FEMA’s UAS1 Risk
Profile for Las Vegas.",,,,,,,,,,
827,1147763,8/1/2017,Congressman Claire McCaskill,"Writes regarding the threat of violent
extremists poisoning or adulterating U.S.
food supplies",,,,,,,,,,
828,1149262,8/28/2017,Congressman Claire McCaskill,"Writes regarding an OIG report on DHS
PALMS",,,,,,,,,,
829,1148175,8/8/2017,Congressman Grace Meng,"Writes regarding foreign-bom individuals
in the armed forces",,,,,,,,,,
830,1149069,8/24/2017,Congressman Hercule Myrthil,"Applicant writing regarding status of
case.",,,,,,,,,,
831,1147890,8/3/2017,Senator Bill Nelson,"Write regarding transgender personnel in
the United States Armed Forces",,,,,,,,,,
832,1149106,8/23/2017,Senator Bill Nelson,"Writes in support of Manatee County Port
Authority's application for a Homeland
Security Port Security grant.",,,,,,,,,,
833,1149167,8/25/2017,Senator Bill Nelson,"Writes regarding TPS for Haitian
Nationals",,,,,,,,,,
834,1149332,8/30/2017,Senator Bill Nelson,"Write to urge TPS for eligible
Venezuelans currently in the U.S.",,,,,,,,,,
835,"August Privacy Office Congressional Report
Opened between 8/1/17 - 8/31/17",,,,,,,,,,,,,
836,1148082,8/7/2017,Congressman Beto O'Rourke,"Write to express concern regarding recent
reports that DHS is considering shifting
funds out of its current budget to pay for a
proposed border wall.",,,,,,,,,,
837,1147973,8/4/2017,Congressman Steven Palazzo,Security clearance forf*1116',,,,,,,,,,
838,1148086,8/22/2017,Congressman Frank Pallone,"Write regarding waivers and construction
of a border wall.",,,,,,,,,,
839,1148240,8/8/2017,Congressman Scott Perry,"Writes regarding the Department's
Performance and Learning Management
System (PALMS)",,,,,,,,,,
840,1147758,8/1/2017,Congressman Cedric Richmond,"Writes to request information about the
status of the cybersecurity strategy which
DHS was required to provide to
Congress.",,,,,,,,,,
841,1149078,8/11/2017,Congressman Juan Rodriguez,"Applicant writing regarding status of
ease.",,,,,,,,,,
842,1149144,8/25/2017,Congressman John Sarbanes,"Rep. Sarbanes writes on behalf ot1
^’4)	regarding his
concerns about security requirements for
visitors to federal buildings.",,,,,,,,,,
843,"August Privacy Office Congressional Report
Opened between 8/1/17 - 8/31/17",,,,,,,,,,,,,
844,1148629,8/14/2017,Congressman Brad Schneider,"Write with concern regarding executive
orders on immigration and homeland
security and their impact on small
businesses",,,,,,,,,,
845,1147766,8/1/2017,Congressman Charles Schumer,"Writes in support of constituent Fire
Department for funding through
Assistance to Firefighters Grant Program",,,,,,,,,,
846,1147771,8/1/2017,Congressman Charles Schumer,"Writes in support of constituent Fire
Department for funding through
Assistance to Firefighters Grant Program",,,,,,,,,,
847,1148734,8/15/2017,Senator Charles E. Schumer,"Writes in support of application
submitted by the Depew Fire Department
for funding^-",,,,,,,,,,
848,1148735,8/15/2017,Senator Charles E. Schumer,"Writes in support of application
submitted by South Plattsburgh Fire
District for funding h»'6>	i",,,,,,,,,,
849,1147789,8/1/2017,Congressman Eric Swalwell,"Writes in support of the San Francisco
Bay Area Rapid Transit District
application for Transit Security Grant
Program in FY 2017",,,,,,,,,,
850,"August Privacv Office Congressional Report
Opened between 8/1/17 - 8/31/17",,,,,,,,,,,,,
851,1147879,8/3/2017,Congressman Bennie G. Thompson,"Writes regarding the Secretary's waiver
authority as it relates to building
infrastructure along the U.S. southwest
border",,,,,,,,,,
852,1148067,8/7/2017,Congressman Bennie G. Thompson,"Writes to seek clarification regarding
inconsistent reports, regarding the
potential formation of an ""impenetrable
Cyber Security Unit"" with Russia.",,,,,,,,,,
853,1148235,8/8/2017,Congressman Bennie G. Thompson,"Invites several DHS Components to
participate in a forum on employment
opportunities",,,,,,,,,,
854,1148084,8/7/2017,Senator Thom Tillis,"Writes to provide update on the Tryon
International Equestrian Center's work to
be ready for the 2018 World Equestrian
Games (WEG).",,,,,,,,,,
855,1147908,8/3/2017,Congressman Juan Vargas,"Write regarding an incident at the San
Ysidro Land Port of Entry which resulted
in the death of an individual",,,,,,,,,,
856,1148179,8/8/2017,Congressman David Young,"Write requesting support for a bill
introduced as a result of the murder of
Sarah Root from an illegal criminal
immigrant.",,,,,,,,,,
857,"August Privacy Office Congressional Report
Opened between 8/1/17 - 8/31/17",,,,,,,,,,,,,
858,1148548,8/1.0/2017,Congressman Bennie G. Thompson,"Chairman Scot t Perry of CHS OME
writes to request an update regarding the
Munro building reconfiguration effort at
St. Elizabeths.",,,,,,,,,,
859,1148952,8/21/2017,Congressman Susan W. Brooks,"Rep. Brooks writes on behalf of Ifex]
concerning the status and
resolution of a long-standing employment
related issue under investigation by DHS",,,,,,,,,,
860,September Privacy Office Congressional Report,,,,,,,,,,,,,
861,Opened between 9/1/17 - 9/30/17,,,,,,,,,,,,,
862,WF#,Receive Date,Congressman Name,Subject of Request,,,,,,,,,,
863,1149668,9/7/2017,Congressman Sanford Bishop,"Writes in support of a request by HAECO
Americas concerning their efforts to
secure CBP support for a Canadian airline
to fly directly from Canada to an airport
in Georgia",,,,,,,,,,
864,1150528,9/21/2017,Congressman Mo Brooks,"Write to request assistance from DHS and
DOJ to compile data for the FBI
regarding the immigration status of
convicted criminals",,,,,,,,,,
865,1150761,9/26/2017,Congressman Mo Brooks,"Writes regarding the immigration status
of an individual responsible for a church
shooting in Nashville, Tennessee",,,,,,,,,,
866,1149436,9/1/2017,Congressman Michael Capuano,"Writes about reports regarding transfer of
two bureaus from Dept. of State to DHS.",,,,,,,,,,
867,1151075,9/29/2017,Congressman Tony Cardenas,"Cohort from the Congressional Hispanic
Caucus writes advocating for the
incorporation of Hispanic-owned
businesses, and the Latino community as
part of the Puerto Rican recovery efforts.",,,,,,,,,,
868,September Privacv Office Congressional Report,,,,,,,,,,,,,
869,Opened between 9/1/17 - 9/30/17,,,,,,,,,,,,,
870,1150316,9/19/2017,Senator Benjamin L. Cardin,"Writes regarding the possible targeting of
the U.S. energy sector by hacker group
nicknamed Dragonfly.",,,,,,,,,,
871,1150699,9/25/2017,Senator Benjamin L. Cardin,"Writes regarding a grant application
submitted by the Washington
Metropolitan Area Transit Authority",,,,,,,,,,
872,1150400,9/20/2017,Senator Robert P. Casey,"Writes regarding the threat that major
data breaches pose to voter rolls in states
across the country.",,,,,,,,,,
873,1150997,9/28/2017,Congressman Bill Cassidy,"Writes POTUS urging him to consider
using US flagged ships located in
Louisiana to assist with the Puerto Rico
recovery efforts.",,,,,,,,,,
874,1149489,9/5/2017,Congressman Joaquin Castro,"Writes regarding reports of DHS officials
denying entry of an individual to bury her
son who is a DACA recipient that
volunteered to rescue Hurricane Harvey
victims",,,,,,,,,,
875,1150285,9/19/2017,Congressman Mike Coffinan,Writes regarding DACA.,,,,,,,,,,
876,1150792,9/26/2017,Senator Susan M. Collins,"Writes regarding the humanitarian crisis
in Puerto Rico and the U.S. Virgin
Islands, and its impact on senior citizens
as highlighted by the events in Florida.",,,,,,,,,,
877,"September Privacy Office Congressional Report
Opened between 9/1/17 - 9/30/17",,,,,,,,,,,,,
878,1150982,9/28/2017,Congressman Joseph Crowley,"House Democratic Caucus requests a
briefing regarding the Federal
Government's response to Hurricanes
Maria and Irma.",,,,,,,,,,
879,1149442,9/1/2017,Congressman Daniel M. Donovan,"Requests preservation of the DACA
program.",,,,,,,,,,
880,1150714,9/25/2017,Congressman Jeffrey Duncan,"Writes with concern of public remarks
made by a Clemson University Professor",,,,,,,,,,
881,1150053,9/14/2017,Senator Dianne Feinstein,"Writes regarding the possibly reduction in
the number of refugees entering the U.S.
by POTUS.",,,,,,,,,,
882,1149873,9/12/2017,Congressman Brian Fitzpatrick,"Write regarding Anbang Insurance
Group's acquisition of Strategic Hotels
and Resorts.",,,,,,,,,,
883,1150708,9/25/2017,Congressman Vicente Gonzalez,"Writes regarding nine DACA recipients
that were detained by CBP in Texas",,,,,,,,,,
884,1150486,9/21/2017,Congressman Trey Gowdy,"Write regarding EO 13771 and federal
regulatory costs",,,,,,,,,,
885,1150070,9/14/2017,Senator Charles E. Grassley,"Writes regarding a criminal foreign
national arrested in Portland, Oregon.",,,,,,,,,,
886,,"September Privacy Office Congressional Report
Opened between 9/1/17 - 9/30/17",,,,,,,,,,,,
887,1150659,9/25/2017,Congressman Michelle Lujan Grisham,Write regarding DACA deadline,,,,,,,,,,
888,1150319,9/19/2017,Congressman Ateee L. Hastings,"Writes regarding additional extension of
TPS for Haitian nationals for an
additional 18 months under See. 244 of
the Immigration and Nationality Act.",,,,,,,,,,
889,1150187,9/15/2017,Congressman Heidi Heitkamp,"Writes regarding the Northern Border
Strategy",,,,,,,,,,
890,1150361,9/20/2017,Congressman Sheila Jackson Lee,"Writes to request that the deadline for
Major Disaster Declarations claims for
the State of Texas be extended due to the
impact of Hurricane Harvey",,,,,,,,,,
891,1150846,9/27/2017,Congressman Ron Johnson,"Writes regarding DHS capabilities in the
case of an EMP attack upon the U.S.",,,,,,,,,,
892,1150848,9/27/2017,Congressman Ron Johnson,"Writes regarding the use of disaster
recover funds",,,,,,,,,,
893,1150629,9/18/2017,Congressman Sam Johnson,"Rep. Johnson forwards correspondence
from W©	regarding the G845
process.",,,,,,,,,,
894,1150000,9/13/2017,Senator Amy Klobuchar,"Writes regarding U.S. Government use of
Moscow-based cyber security firm
Kaspersky Lab.",,,,,,,,,,
895,,"September Privacv Office Congressional Report
Opened between 9/1/17 - 9/30/17",,,,,,,,,,,,
896,1150845,9/27/2017,Congressman Leonard Lance,"Writes urging the Department reconsider
its decision not to waive the Jones Act for
Puerto Rico.",,,,,,,,,,
897,1149497,9/5/2017,Congressman Patrick Leahy,"Write regarding an incident of domestic
terrorism and racist violence in
Charlottesville, Virginia",,,,,,,,,,
898,1151047,9/29/2017,Congressman Ted Lieu,"Writes with concern regarding the DHS
newly-proposed rule published in the
Federal Register which has privacy and
constitutional implications",,,,,,,,,,
899,1150790,9/26/2017,Congressman Alan Lowenthal,"Writes regarding a constituent requiring
stem-cell transplant from her sister, and
requires USCIS assistance in approving
the petition for her to enter the country.",,,,,,,,,,
900,1150981,9/28/2017,Congressman Stephen F. Lynch,"Writes urging POTUS appoint a Special
Coordinator for Caribbean Storm Relief.",,,,,,,,,,
901,1149852,9/12/2017,Congressman John McCain,"Sen. McCain writes on behalf TV©
)(6)	| who has encountered a problem
with his background cheek process.",,,,,,,,,,
902,1150825,9/27/2017,Congressman John McCain,"Writes regarding disaster relief and
reconstruction efforts",,,,,,,,,,
903,,"September Privacy Office Congressional Report
Opened between 9/1/17 - 9/30/17",,,,,,,,,,,,
904,1149649,9/7/2017,Congressman Michael McCaul,"Writes regarding vetting of non- U.S.
citizens in the military since the inception
of the Military Accessions Vital to
National Interest (MAVNI) pilot
program.",,,,,,,,,,
905,1149861,9/12/2017,Congressman Betty McCollum,"Rep. McCollum forwards concerns from
4)4)	regarding the
inability of his wife and step son to travel
from Djibouti to Minnesota.",,,,,,,,,,
906,1150056,9/12/2017,Congressman James P. McGovern,"Writes regarding the renewal of TPS for
Salvadorans and Hondurans.",,,,,,,,,,
907,1149590,9/6/2017,Congressman Patty Murray,"Write with concern of the decision to
repeal the DACA program",,,,,,,,,,
908,1150725,9/25/2017,Senator Bill Nelson,"Write to request an extension for the
DACA deadline",,,,,,,,,,
909,1150180,9/15/2017,Congressman Jamie Raskin,"Writes regarding the extension of TPS for
Salvadorans in the State of Maryland.",,,,,,,,,,
910,"September Privacy Office Congressional Report
Opened between 9/1/17 - 9/30/17",,,,,,,,,,,,,
911,1149748,9/8/2017,Congressman F. James Sensenbrenner,"Rep. Sensenbrenner writes on behalf of
b>4)	who continues to
experience delays when traveling
although he uses TRIP.",,,,,,,,,,
912,1150360,9/20/2017,Congressman Darren Soto,"Writes regarding the renewal applications
for recipients of DACA.",,,,,,,,,,
913,1150621,9/22/2017,Congressman Darren Soto,"Writes urging the Department to continue
its support of for victims of Hurricane
Maria.",,,,,,,,,,
914,1151002,9/28/2017,Congressman Scott Taylor,"Writes requesting that the DACA renewal
deadline be extended to January 15, 2018.",,,,,,,,,,
915,1150931,9/28/2017,Congressman Bennie G. Thompson,"Writes regarding the Department's refusal
to provide briefings to CHS on Homeland
Security Democratic Members.",,,,,,,,,,
916,1150998,9/28/2017,Congressman Bennie G. Thompson,"Writes regarding the travel moratorium
placed on Members of Congress to Puerto
Rico and the U.S. Virgin Islands.",,,,,,,,,,
917,1150369,9/19/2017,Senator Patrick Toomey,"Writes regarding Pl visa denial for a
Pittsburgh Pirates player.",,,,,,,,,,
918,"September Privacy Office Congressional Report
Opened between 9/1/17 - 9/30/17",,,,,,,,,,,,,
919,1150860,9/27/2017,Congressman Nydia Velazquez,"Write to request two regulatory changes
to expedite the delivery of essential
supplies to Puerto Rico",,,,,,,,,,
920,1150570,9/22/2017,Senator Elizabeth Warren,"Writes regarding Equifax's failure to
address systems vulnerabilities made
public by US-CERT in light of its recent
security breach by hackers.",,,,,,,,,,
921,1149848,9/12/2017,"Congressman Daniel Webster
(I","Rep. Webster writes on behalf of|(bxs|
0(6)	regarding U.S. Coast
Guard Sector St. Petersburg.",,,,,,,,,,
922,1150546,9/21/2017,Congressman Daniel Webster,"ConstituentM6)	is
expressing his displeasure with
inconsistencies in the USCG rules and
regulation",,,,,,,,,,
923,1150713,9/25/2017,Senator Ron Wyden,"Writes regarding private golf clubs and
resorts owned by The Trump
Organization",,,,,,,,,,
924,,,,,,,,,,,,,,