Sort,X2,X3,X4,X5,FROM,DATE,SUBJECT,TYPE,CERTAINTY,ALT_TYPE,POLICY_EVENT,EVENT_NAME,EVENT_DATE,NOTES
2,January Privacy Office Congressional Report Opened Between 01/01/2016 and 01/31/2016,,,,,,,,,,,,,
3,WF#,Receive Date,Congressman Name,Subject of Request,,,,,,,,,,
4,1117499,1/5/2016,Senator Cory A. Booker,Senator Booker is writing in on behalf of two fire departments in Pennsylvania that's having their grant recalled,,,,,,,,,,
5,1116572,1/6/2016,Congressman Madeleine Bordallo,Requests information for Guam REAL ID compliance standards.,,,,,,,,,,
6,1117835,1/19/2016,Congressman Benjamin Cardin,Senator Cardin writes in on behalf of one of his constituents who seeking help resolving issues she's having with supervisor and team lead,,,,,,,,,,
7,1117650,1/15/2016,Congressman John Carter,Urge the Administration to not house undocumented immigrants on military installations,,,,,,,,,,
8,1117637,1/14/2016,Congressman Robert Casey,Requests the Secretary meet him in Philadelphia to discuss CVE,,,,,,,,,,
9,1117621,1/13/2016,Congressman Barbara Comstock,Rep. Comstock writes on behalf of | <b>(6) regarding the status of her security clearance.,,,,,,,,,,
10,1116489,12/4/2015,Congressman Gerry Connolly,Representative Connolly writes on behalf of who js checking the status her employment application because she received a determination letter,,,,,,,,,,
11,1118120,1/28/2016,Congressman Bob Corker,Expresses concerns over the implementation of the Visa Waiver Program.,,,,,,,,,,
12,1118074,1/20/2016,Congressman Michaeleen Crowell,Requests USSS protection for Senator Bernard Sanders during his presidential campaign.,,,,,,,,,,
13,,,,,,,,,,,,,,
14,1117916,1/21/2016,Senator Ted Cruz,Requests information about the Department's alleged restrictions on investigator access to publicly accessible social media.,,,,,,,,,,
15,1116568,1/6/2016,Congressman Rosa Delauro,Requests information regarding recent immigration enforcement raids targeting families.,,,,,,,,,,
16,1116774,1/8/2016,Congressman Mario Diaz-Balart,Requests information on efforts to address the increasing number of Cuban refugees and the costs on communities receiving them.,,,,,,,,,,
17,1118015,1/27/2016,Congressman Jeff Flake,Request the immigration history of an individual who received deferred action under DACA.,,,,,,,,,,
18,1118054,1/28/2016,Congressman Jeff Flake,Requests an update on the Department’s plans regarding dual nationals impacted by recent changes to the Visa Waiver Program.,,,,,,,,,,
19,1118231,1/29/2016,Congressman Rodney Frelinghuysen,Forwards a letter from a former intern in Rep. Frelinghuysen’s office and I,,,,,,,,,,
20,1117294,1/11/2016,Congressman Bob Goodlatte,Writes with concern regarding stays recently issued in four removal cases by the Board of Immigration Appeals.,,,,,,,,,,
21,1116537,1/6/2016,Senator Charles E. Grassley,Requests information regarding vetting procedures for individuals from Specially Designated Countires (SDCs).,,,,,,,,,,
22,1117232,1/11/2016,Senator Charles E. Grassley,Requests the immigration history of two individuals.,,,,,,,,,,
23,1117417,1/11/2016,Senator Charles E. Grassley,Writes with concern regarding Cuban refugees currently in Costa Rica and seeking to travel to the United States.,,,,,,,,,,
24,1117803,1/20/2016,Senator Charles E. Grassley,Requests the immigration history of an individual.,,,,,,,,,,
25,,,,,,,,,,,,,,
26,1118224,1/29/2016,Senator Charles E. Grassley,Expresses concerns regarding the increased fees for certain HUB and L-l petitioners.,,,,,,,,,,
27,1117656,1/15/2016,Congressman Dean Heller,Requests information regarding the Relative Risk Profile issued by EEMA for the Las Vegas urban area.,,,,,,,,,,
28,1118150,1/29/2016,Congressman Michael Honda,Commends the Secretary for providing human trafficking awareness training at FLETC,,,,,,,,,,
29,1117921,1/22/2016,Congressman Jeh Charles Johnson,Write with concerns regarding the recent Immigration enforcement raids targeting mothers and children from Central America.,,,,,,,,,,
30,1117500,12/18/2015,Senator Ron Johnson,Requests an individual's immigration and criminal history,,,,,,,,,,
31,1118096,1/27/2016,Congressman Ron Johnson,Requests information regarding the implementation of the Visa Waiver Program Improvement and Terrorist Travel Prevention Act of 2015.,,,,,,,,,,
32,1118088,1/28/2016,Congressman Ron Johnson,Request information on how the Department intends to address the growing threat of the Zika virus in the US.,,,,,,,,,,
33,1117464,1/12/2016,Congressman Peter King,Requests information on the Department's plans to address radicalized prisoners who are to be released in the coming decades,,,,,,,,,,
34,1117546,1/13/2016,Congressman Peter T. King,Request information regarding the Department's participation in Capstone 16.,,,,,,,,,,
35,,,,,,,,,,,,,,
36,1118111,1/28/2016,Congressman Leonard Lance,"Congressman is writing on behalf of a constituent that is employed at ICE, who believes he is due overtime pay for work on the papal visit protection but is currently salary capped. Constituent believes or was told there was a waiver approved for employees such as himself that are salary capped to earn overtime.",,,,,,,,,,
37,1117934,1/22/2016,Congressman Zoe Lofgren,Writes to strongly condemn recent Department enforcement operations targeting refugees.,,,,,,,,,,
38,1118134,1/28/2016,Congressman Alan Lowenthal,|writes regarding his case with FPS.,,,,,,,,,,
39,1117611,1/14/2016,Congressman Sean Patrick Maloney,Rep. Maloney writes on behalf of|(b) | 1(b)(6) | regarding his (citizenship) status in the U.S.,,,,,,,,,,
40,1118108,1/28/2016,Congressman Kevin McCarthy,Express concerns over the implementation of the Visa Waiver Program.,,,,,,,,,,
41,1117922,1/22/2016,Congressman Claire McCaskill,Requests copies of all prior annual reports on the use of Other Transaction Authority by the Department.,,,,,,,,,,
42,1116320,12/28/2015,Congressman Michael McCaul,Requests answers to questions regarding TSA's screening for Terrorist threats.,,,,,,,,,,
43,1116462,1/4/2016,Congressman Michael McCaul,Request the Department's cooperation throughout the Committee's review of the Department's Intelligence Enterprise,,,,,,,,,,
44,1116835,,Congressman Michael McCaul,,,,,,,,,,,
45,1117629,1/14/2016,Congressman Michael McCaul,Writes with concerns regarding security gaps that exists within the processing of mail sent to the US,,,,,,,,,,
46,1116632,1/6/2016,Congressman Gregory Meeks,Requests the Department oversee the investigation at JFK airport regarding perimeter security.,,,,,,,,,,
47,,,,,,,,,,,,,,
48,1117465,1/1272016,Congressman Grace Meng,Urges the Department to allow homeless shelters to use funds from the Emergency Food and Shelter National Board Program for feminine hygiene products,,,,,,,,,,
49,1117898,1/21/2016,Senator Bill Nelson,"Recommends increased collaboration between federal agencies to mitigate the risk posed by UAS to aviation, critical infrastructure, and national security",,,,,,,,,,
50,1116324,12/28/2015,Congressman Scott Perry,Notifies the Department of the Committee's intent to investigation TSA employee misconduct.,,,,,,,,,,
51,1116687,1/7/2016,Congressman Scott Perry,Requests information on the management of the Department's vehicle fleet.,,,,,,,,,,
52,1117645,12/18/2015,Senator Rob Portman,Review of the policies and procedures of the Department in relation to the TECS database.,,,,,,,,,,
53,1117826,1/20/2016,Senator Harry Reid,Writes with concerns regarding FEMA’s calculation of the relative risk to Las Vegas.,,,,,,,,,,
54,1116453,1/4/2016,Congressman Martha Roby,Opposes HHS’ plan to house undocumented immigrant detainees at Maxwell-Gunter Air Force Base,,,,,,,,,,
55,1117857,1/20/2016,Congressman C. A. Dutch Ruppersberger,Writes with concerns about the CBP Multirole Enforcement Aircraft (MEA) program.,,,,,,,,,,
56,1116328,1/4/2016,Congressman Gregorio Sablan,Requests that the situation concerning the backlog of CW-1 permit renewals be addressed.,,,,,,,,,,
57,1116642,1/7/2016,Congressman Bernard Sanders,Urges the Department employ administrative relief to vulnerable groups who have been targeted by recent raids.,,,,,,,,,,
58,,,,,,,,,,,,,,
59,1117815,1/20/2016,Congressman Charles Schumer,Requests an update on the Department's efforts to field the Ultralight Aircraft Detection (ULAD) System.,,,,,,,,,,
60,1118070,1/28/2016,Congressman Jeanne Shaheen,Urges a coordinated and comprehensive response to the Zika virus.,,,,,,,,,,
61,1116717,1/7/2016,Congressman Adam Smith,Expresses concerns over ICE’s deportation of undocumented women and children.,,,,,,,,,,
62,1117529,1/13/2016,Congressman Bennie G. Thompson,Writes to express great concern about the Department's recent enforcement operations targeting families from Central America.,,,,,,,,,,
63,1117718,1/19/2016,Congressman Fred Upton,Requests the Department reopen the case of an individual for relief under the Conventions Against Torture (CAT) protections.,,,,,,,,,,
64,1118262,1/29/2016,Congressman Chris Van Hollen,Representative Van Hollen writes in support of | who applied for a Job with USCIS,,,,,,,,,,
65,1117439,1/11/2016,Congressman Brad Wenstrup,Rep. Wenstrup forwards concerns from J regarding his wait for his security clearance and background check.,,,,,,,,,,
66,,,,,,,,,,,,,,
67,February Privacy Office Congressional Report Opened Between 02/01/2016 and 02/29/2016,,,,,,,,,,,,,
68,WF#,Receive Date,Congressman Name,Subject of Request,,,,,,,,,,
69,1118895,2/9/2016,Congressman Sanford D. Bishop,Expresses concern on the defederalization of the Middle Georgia Regional Airport (MCN).,,,,,,,,,,
70,1119196,2/16/2016,Senator Richard Blumenthal,"Requests the Department to provide the strategy to develop an interoperable communications system relating to H.R. 615, the DHS Interoperable Communications Act.",,,,,,,,,,
71,1119006,2/11/2016,Senator Cory A. Booker,Write with concern regarding Homeland Security Grant Program funding for New Jersey.,,,,,,,,,,
72,1118818,2/4/2016,Congressman Cheri Bustos,Expresses concern about new security procedures for the Rock Island Arsenal.,,,,,,,,,,
73,1119035,2/11/2016,Congressman Shelley Moore Capito,Senator Capito writes on behalf of (b) regarding his being removed from his position because FPS pulled his suitability.,,,,,,,,,,
74,1119601,2/24/2016,Congressman Thomas Carper,Requests response regarding the Federal Cybersecurity Enhancement Act of 2015 and the EINSTEIN system.,,,,,,,,,,
75,1119011,2/10/2016,Congressman Jason Chaffetz,Requests information related to USSS's Policies.,,,,,,,,,,
76,1119256,1/21/2016,Congressman Jason Chaffetz,"Wrote to Director Saldana requesting supporting documents for an investigation involving former ICE Senior Advisor for Cybercrime Alvin Smith, detailed from the USSS in 2015",,,,,,,,,,
77,1119373,2/19/2016,Congressman Jason Chaffetz,Requests information about the Department's inventory controls and procedures for reporting lost or stolen items.,,,,,,,,,,
78,,,,,,,,,,,,,,
79,1119555,2/23/2016,Congressman Jason Chaffetz,Requests information regarding federal employees who receive taxpayer salaries and benefits for official time duties.,,,,,,,,,,
80,1119707,2/24/2016,Congressman Jason Chaffetz,Requests information regarding the Department's IT systems.,,,,,,,,,,
81,1118923,2/10/2016,Congressman John Conyers,Request information regarding the Department's implementation of recent changes to the Visa Waiver Program.,,,,,,,,,,
82,1119654,2/17/2016,Congressman Ander Crenshaw,Rep. Crenshaw writes on behalf of (b)(6) regarding his claim for eligibility for Post 9/11 GI Bill benefits.,,,,,,,,,,
83,1119145,2/12/2016,Congressman Carlos Curbelo,Requests assistance on behalt oi 1(b)(6) | (b)(6) | in obtaining admission to the United States.,,,,,,,,,,
84,1119185,2/16/2016,Congressman Carlos Curbelo,Requests information regarding constituent's discharge from USCG,,,,,,,,,,
85,1119139,2/11/2016,Congressman Ron Desantis,"Request testimony at a hearing on February 10, 2016 titled ""The President’s Waiver of Restrictions on the Visa Waiver Program."" The letter was received on 2/11/16, the day after the hearing, at which Commissioner Kerlikowske testified.",,,,,,,,,,
86,1119834,2/25/2016,Congressman Mario Diaz-Balart,"Rep. Mario Diaz-Balart invites Asst. Sec. Johnson to participate in an Identity Theft Prevention seminar on March 30th and March 31st in Naples, FL and Miami Lakes, FL respectively.",,,,,,,,,,
87,1118940,2/4/2016,Congressman Shaun Donovan,"Responds on behalf of Secretary Johnson. Response is to the ""Stop the Bleed"" campaign.",,,,,,,,,,
88,1118866,2/4/2016,Congressman Jeff Duncan,"Requests information on U.S. national security implications of U.S. actions with Cuba,",,,,,,,,,,
89,,,,,,,,,,,,,,
90,1118777,2/5/2016,Senator Richard J. Durbin,Writes regarding Illinois’ REAL ID status.,,,,,,,,,,
91,1119065,2/11/2016,Senator Richard J. Durbin,Write regarding recent changes to the Visa Waiver Program and their effect on certain dual nationals.,,,,,,,,,,
92,1119780,2/25/2016,Congressman Rodney Frelinghuysen,Writes to highlight the following areas that are of critical importance to New Jersey in the Department’s budget request.,,,,,,,,,,
93,1119948,2/29/2016,Congressman Bob Goodlatte,"Requests alien registration on an individual in Columbus, Ohio.",,,,,,,,,,
94,1119672,2/22/2016,Congressman Lindsey Graham,Senator Graham writes regarding an article written in The Hill.,,,,,,,,,,
95,1118271,2/1/2016,Senator Charles E. Grassley,Requests the Department rescind the regulations authorizing H-2A workers to enter the country.,,,,,,,,,,
96,1118460,2/2/2016,Senator Charles E. Grassley,Requests responses to questions regarding the Victims of Trafficking and Violence Protection Act (VTVPA),,,,,,,,,,
97,1118461,2/2/2016,Senator Charles E. Grassley,Requests information regarding a Cuban immigrant.,,,,,,,,,,
98,1118959,2/10/2016,Senator Charles E. Grassley,Requests information regarding two suspected MS-13 gang members.,,,,,,,,,,
99,1119144,2/12/2016,Senator Charles E. Grassley,Request information regarding screening Syrian refugees in Jordan.,,,,,,,,,,
100,1119249,2/17/2016,Senator Charles E. Grassley,Requests response to questions regarding the Office of Refugee Resettlement's (ORR) screening processes for sponsors and family of unaccompanied children (UAC).,,,,,,,,,,
101,1119814,2/25/2016,Senator Charles E. Grassley,"Senator Grassley requested that |<b}<g> | (UP |be approved a detail extension from February 20, 2016 through August 19, 2016.",,,,,,,,,,
102,1119900,,Senator Charles E. Grassley,Senator Grassley and Representative Goodlatte requesting information on the Los Angeles alien arrests,,,,,,,,,,
103,,,,,,,,,,,,,,
104,1118298,2/1/2016,Congressman Alan Grayson,Requests the Department reexamine the FY 2016 risk profile for the Orlando-Kissimmee-Sanford Metropolitan Statistical Area.,,,,,,,,,,
105,1119099,2/11/2016,Congressman Raul M. Grijalva,Write with concern regarding the Department's Priority Enforcement Program.,,,,,,,,,,
106,1119357,2/11/2016,Congressman Alcee L. Hastings,Writes with concern on behalf of a constituent regarding his impending deportation for a non-violent offense.,,,,,,,,,,
107,1118801,2/4/2016,Congressman Joe Heck,Submits comments regarding FEMA's Relative Risk Profile for Las Vegas for the Urban Area Security Initiative (UAS1) grant for Fiscal Year (FY) 2016.,,,,,,,,,,
108,1119847,1/14/2016,Senator Dean Heller,Senator Dean Heller forwards inquiries via fax and U.S. mail on behalf of|(b) | (b)(6) |regarding the U<0) | family which was barred entrance in the U.S. from the United Kingdom.,,,,,,,,,,
109,1118916,2/8/2016,Congressman Michael M. Honda,Commends the Secretary on providing human trafficking awareness training in Federal Law Enforcement Training Centers.,,,,,,,,,,
110,1119498,2/22/2016,Congressman Michael M. Honda,"Urges to stop the practice of immigration enforcement and extend temporary protected status to Honduras, Guatemala, and El Salvador.",,,,,,,,,,
111,1118717,2/4/2016,Congressman Jared Huffman,Requests further actions on the Visa Waiver Program Improvement and Terrorist Travel Preventation Act.,,,,,,,,,,
112,1119122,2/11/2016,Congressman Bill Johnson,Requests information regarding the implementation of the SAFE Port Act of 2006.,,,,,,,,,,
113,1118948,2/5/2016,Congressman Jeh Charles Johnson,Response to Rep. Roybal-Allard: Provided Legislative Priorities from the Department.,,,,,,,,,,
114,,,,,,,,,,,,,,
115,1119942,2/29/2016,Congressman M. Tia Johnson,CBP AMO,,,,,,,,,,
116,1118763,2/5/2016,Senator Ron Johnson,Requests response on the expansion of the Refugee Admissions Program in Central America.,,,,,,,,,,
117,1119453,2/22/2016,Senator Ron Johnson,Requests information about the Department's compliance with federal record-keeping requirements and its policies about the use of non-official email for official business.,,,,,,,,,,
118,1119650,2/24/2016,Senator Ron Johnson,"Invites the Secretary to testify at a hearing titled ""The Homeland Security Department's Budget Submission for Fiscal Year 2017"" before the Committee on Homalnd Security and Governmental Affairs on March 8, 2016.",,,,,,,,,,
119,1118571,1/28/2016,Congressman William R. Keating,Invites the Secretary to visit the Joint Base Cape Cod (JBCC).,,,,,,,,,,
120,1118417,2/2/2016,Congressman Peter King,Write concerning a screening incident at JFK International Airport.,,,,,,,,,,
121,1119640,2/24/2016,Congressman Mark Kirk,"Requests review on a deportation case in McHenry County, Illinois.",,,,,,,,,,
122,1119500,2/22/2016,Congressman Zoe Lofgren,Request information regarding recent immigration enforcement actions.,,,,,,,,,,
123,1119186,2/16/2016,Congressman Stephen F. Lynch,"Invites the Secretary or appropriate designee to the Rail Security Summit on February 29, 2016 at 10:00am at the Federal Reserve Bank of Boston.",,,,,,,,,,
124,1119512,2/22/2016,Congressman Sean Maloney,Writes with concern regarding a recent ICE investigation.,,,,,,,,,,
125,1118936,2/5/2016,Congressman Kenny Marchant,Writes with concern regarding the Visa Overstay Report for FY 2015.,,,,,,,,,,
126,,,,,,,,,,,,,,
127,1119124,2/11/2016,Congressman Thomas Massie,Writes supporting the City of Carrollton for funding though the Department of Homeland Security - American Firefighter Grant 2015.,,,,,,,,,,
128,1118770,2/5/2016,Congressman Michael McCaul,Inquires about the Department's efforts to address the Zika virus.,,,,,,,,,,
129,1118282,2/1/2016,Congressman John Mica,Writes to support an appeal for the Central Florida 2016 Risk Profile Rank.,,,,,,,,,,
130,1119197,2/16/2016,Senator Jerry Moran,Requests that the Department examine the interactions with American businesses attempting to participate in the H-2A and H-2B programs.,,,,,,,,,,
131,1118292,2/1/2016,Congressman Gary Peters,Writes on behalf of |(b)(S> | motion for the Immigration Board of Appeals.,,,,,,,,,,
132,1118993,2/9/2016,Congressman Robert Pittenger,Rep. Pittenger wirites in support [(U~| 1(b)(6) |request for a transfer.,,,,,,,,,,
133,1119244,2/17/2016,Congressman Robert Pittenger,Writes to Assistant Secretary Lago at Department of Treasury regarding the Chongqing Casin Enterprise Group (CCEG) acquiring the Chicago Stock Exchange.,,,,,,,,,,
134,1118645,2/4/2016,Senator Harry Reid,Requests more pro-bono lawyers at the detention facilities in Texas.,,,,,,,,,,
135,1119785,2/25/2016,Senator Harry Reid,"Writes on behalf of his constituent regarding TSA background cheeks in Reno, NV.",,,,,,,,,,
136,1119074,2/11/2016,Congressman Mike Rounds,Requests information on ISIS’ reported ability to manufacture fraudulent passports.,,,,,,,,,,
137,1119198,2/16/2016,Congressman Edward Royce,Requests the Department make individuals traveling to Libya ineligible for visa free travel in the United States.,,,,,,,,,,
138,,,,,,,,,,,,,,
139,1119758,2/25/2016,Congressman Charles Schumer,Writes in support of the Albany Fire Departmen'ts request for funding under FEMA's Assistance to Firefighters Grant Program.,,,,,,,,,,
140,1119812,2/25/2016,Congressman Charles Schumer,Writes in support of the St. Regis Falls Volunteer Fire Department's application for funding under FEMA’s Assistance to Firefighters Grant program.,,,,,,,,,,
141,1119819,2/25/2016,Congressman Charles Schumer,"Writes in support of the St. Regis Falls Ambulance, Inc's (SRFA) application for funding under FEMA's Assistance to Firefighters Grant program.",,,,,,,,,,
142,1119825,2/25/2016,Congressman Charles Schumer,Writes in support of Kiryas Joel Volunteer EMS' application funding under FEMA's Assistance to Firefighters Grant program.,,,,,,,,,,
143,1119831,2/25/2016,Congressman Charles Schumer,Writes in support of the City of Fulton Fire Department's request for funding under FEMA's Assistance to Firefighters Grant program.,,,,,,,,,,
144,1119835,2/25/2016,Congressman Charles Schumer,Writes in support of the City of Fulton Fire Department's request for funding under FEMA's Assistance to Firefighters Grant program.,,,,,,,,,,
145,1119855,2/25/2016,Congressman Charles Schumer,Writes in support of the West Cathage Volunteer Fire Department's (WCVFD) request for funding under FEMA's Assistance to Firefighters Grant program.,,,,,,,,,,
146,1119857,2/25/2016,Congressman Charles Schumer,Writes in support of the Ogdensburg Fire Department's application for funding under FEMA's Assistance to Firefighters Grant Program.,,,,,,,,,,
147,1119858,2/25/2016,Congressman Charles Schumer,Writes in support of the Ogdensburg Fire Department's application for funding under FEMA's Assistance to Fireffighters grant program.,,,,,,,,,,
148,,,,,,,,,,,,,,
149,1119859,2/25/2016,Congressman Charles Schumer,Writes in support of the West Endicott Fire District's request for funding under FEMA's Assistance to Firefighters Grant program.,,,,,,,,,,
150,1119860,2/25/2016,Congressman Charles Schumer,Writes in support of the Niagra Engine Company No. 6 of Schoharie Fire Department's application for funding under FEMA's Assistance to Firefighters Grant program.,,,,,,,,,,
151,1119110,2/12/2016,Senator Jeanne Shaheen,Request the Department reconsider its interpretation of recent changes to the Afghanistan Special Immigrant Visa Program.,,,,,,,,,,
152,1119632,2/24/2016,Congressman Albio Sires,"Expresses support for the FY 2015 AFG Grant applications of Newark, New Jersey.",,,,,,,,,,
153,1118695,2/5/2016,Congressman Bennie G. Thompson,"Requests response to questions regarding Policy Directive 047-02, a Departmentwide policy regarding the use of cell-site simulator technology.",,,,,,,,,,
154,1118702,2/4/2016,Congressman Norma Torres,Express concerns over the recent ICE immigration enforcement actions.,,,,,,,,,,
155,1119323,2/18/2016,Congressman Tom Udall,Urge the Department to grant immediate extension of REAL ID Act Compliance to the State of New Mexico.,,,,,,,,,,
156,1119322,2/18/2016,Congressman Chris Van Hollen,"I am writing on behalf of the constituent, with regards to his appeal of the revocation of his security clearance",,,,,,,,,,
157,,,,,,,,,,,,,,
158,March Privacy Office Congressional Report Opened between 3/1/2016 and 3/31/2016,,,,,,,,,,,,,
159,WF#,Receive Date,Congressman Name,Subject of Request,,,,,,,,,,
160,1122038,3/31/2016,Congressman Alma Adams,Inquires about the continued detention of three men from el Salvador.,,,,,,,,,,
161,1120310,3/8/2016,Congressman Tammy Baldwin,Request that CBP use space for its Port Office at the General Aviation Facility at Austin Straubel International Airport.,,,,,,,,,,
162,1120804,3/16/2016,Congressman John Barrasso,Requests information regarding the security clearance of an individual.,,,,,,,,,,
163,1120279,3/7/2016,Congressman Jaime Herrera Beutler,Write regarding the H-2A visa program.,,,,,,,,,,
164,1121632,3/28/2016,Congressman Madeleine Bordallo,"Representative Bordallo writes on behalf of <b>(S) who js experiencing problems when he travels, specifically being detained for long periods.",,,,,,,,,,
165,1121084,3/21/2016,Congressman Tony Cardenas,Writes in regard to technology development that supports the country's national security interest.,,,,,,,,,,
166,1119954,2/29/2016,Congressman Earl Carter,Rep. Carter writes on behalf of (b)(6> (b)(6) |who is seeking assistance in securing a grant for Long County and Ludowici.,,,,,,,,,,
167,1120249,3/7/2016,Congressman Jason Chaffetz,"Requests information regarding a report on visa overstays in 2013,",,,,,,,,,,
168,1120449,4/30/2015,Congressman Jason Chaffetz,Request information related to the Department's use of cell-site simulation technology.,,,,,,,,,,
169,1120461,4/30/2015,Congressman Jason Chaffetz,Request information related to the Department's use of cell-site simulation technology.,,,,,,,,,,
170,1120535,3/10/2016,Congressman Jason Chaffetz,Writes in regard to accessing personal email accounts on DHS equipment.,,,,,,,,,,
171,1120801,3/16/2016,Congressman Jason Chaffetz,Request information regarding the cybersecurity posture of federal agencies that use the ScreenOS platform.,,,,,,,,,,
172,1121238,3/22/2016,Congressman Jason Chaffetz,Requests information on the Department's acquisition and maintenance of art collections.,,,,,,,,,,
173,,,,,,,,,,,,,,
174,]120805,3/15/2016,Congressman WM Lacy Clay,Requests information regarding a TSA employee.,,,,,,,,,,
175,1120584,3/11/2016,Congressman Barbara Comstock,is expressing his displeasure with the Federal Protective Service (FPS) removing his suitability,,,,,,,,,,
176,1120845,3/16/2016,Congressman Barbara Comstock,[RR lwrites asking for the status of this FOIA request,,,,,,,,,,
177,1120987,3/18/2016,Congressman Jeffrey Denham,Requests information regarding the H-2A and H-2B visa program backlogs.,,,,,,,,,,
178,1121101,3/18/2016,Congressman Mario Diaz-Balart,"Rep. Mario Diaz-Balart invites A/S OLA Johnson to join them again for a forum ""Protecting Children Online"" on Wednesday, April 6, 2016 in Doral, FLA.",,,,,,,,,,
179,1120997,3/18/2016,Congressman Sean Duffy,"Letters addressed to the Secretary - week of March 14, 2016",,,,,,,,,,
180,1121283,2/5/2016,Congressman Donna Edwards,Rep. Donna Edwards forwards correspondence fromlR® | alleging retaliation by the Department for a reasonable accommodation request.,,,,,,,,,,
181,1120795,3/16/2016,Congressman Dianne Feinstein,Requests that certain dual-nationals be allowed to travel without a visa.,,,,,,,,,,
182,1121108,3/18/2016,Congressman Dianne Feinstein,Senator Feinstein forwards a letter from W =1 [RR ^regarding poor treatment ot its students by CBP.,,,,,,,,,,
183,1120228,2/29/2016,Congressman John Garamendi,Requests response to questions regarding cybersecurity.,,,,,,,,,,
184,1120101,3/2/2016,Congressman Bob Goodlatte,"Requests A-files of individuals in March 2, 2016 letter.",,,,,,,,,,
185,1120102,3/2/2016,Congressman Boh Goodlatte,Writes in regard to the EB-5 program.,,,,,,,,,,
186,1120734,3/15/2016,Congressman Bob Goodlatte,Write regarding a criminal illegal alien to emphasize systematic failure in immigration enforcement policies.,,,,,,,,,,
187,,,,,,,,,,,,,,
188,1120450,3/9/2016,Congressman Paul Gosar,Writes in regard to the security of the Southwest border.,,,,,,,,,,
189,1120096,3/2/2016,Senator Charles E. Grassley,Requests response regarding the advance parole program as applied to the Deferred Action for Childhood Arrivals (DACA) program.,,,,,,,,,,
190,1120396,3/9/2016,Senator Charles E. Grassley,Requests information regarding border security.,,,,,,,,,,
191,1120477,3/9/2016,Senator Charles E. Grassley,Requests information on a case involving a motor vehicle homicide.,,,,,,,,,,
192,1120482,3/10/2016,Senator Charles E. Grassley,Requests a briefing regarding a case for a criminal illegal alien.,,,,,,,,,,
193,1121000,3/18/2016,Senator Charles E. Grassley,"Request for detail extension for <bX0) |<b><6> to the U.S. Senate Committee on the Judiciary (Full Committee - Senator Leahy),",,,,,,,,,,
194,1122029,3/31/2016,Senator Charles E. Grassley,Writes expressing concern regarding the EB-5 immigrant investor visa program.,,,,,,,,,,
195,1121151,3/22/2016,Congressman Morgan Griffith,Rep. Griffith forwards correspondence on behalf of l(b)(6) regarding their Global Entry memberships.,,,,,,,,,,
196,1121842,3/28/2016,Congressman Morgan Griffith,Rep. Griffith writes on behalf of |<b><6> | |(b)(6) | regarding her daughters' cirizensip.,,,,,,,,,,
197,1121741,3/29/2016,Congressman Michael Honda,"Writes in regard to the treatment of lesbian, gay, bisexual, and transgender (LGBT) individuals who are held at ICE detention centers.",,,,,,,,,,
198,1121729,3/29/2016,Congressman Henry C. Johnson,"Henry C. ""Hank"" Johnson writes regarding the security issue of truck access to airport terminals at American commercial service airports.",,,,,,,,,,
199,1120908,3/17/2016,Congressman Jeh Charles Johnson,CIS A 2015 certification,,,,,,,,,,
200,1120235,3/4/2016,Congressman Ron Johnson,Requests information regarding a personnel matter.,,,,,,,,,,
201,,,,,,,,,,,,,,
202,1120617,2/26/2016,Senator Ron Johnson,A-File request for|(RB |,,,,,,,,,,
203,120864,3/17/2016,Congressman Ron Johnson,Requests the Department uphold whistleblower protections.,,,,,,,,,,
204,1121539,3/25/2016,Congressman Ron Johnson,Requests information regarding items entering the country through international mail.,,,,,,,,,,
205,1121638,3/28/2016,Congressman Ron Johnson,Thanks SI for his cooperation shown to the Committee on Homeland Security and Governmental Affairs during the course of inquiry.,,,,,,,,,,
206,1121697,3/18/2016,Congressman John Katko,"Rep. John Katko writes on behalf ofWW"" (ttW",,,,,,,,,,
207,1121110,3/17/2016,Congressman Peter King,Rep. Peter King forwards a request from Wrv regarding corrections in accounting for his active duty service time.,,,,,,,,,,
208,1120050,10/2/2015,Congressman Mark Kirk,Request that NPPD complete its analysis of Poe Lock and provide the report to the members of the Great Lakes Taskforce.,,,,,,,,,,
209,1120186,3/3/2016,Congressman Michael McCaul,Writes in regard to the Department's approach to securing ammonium nitrate (AN) and Improvised Explosive Devices (IED) precursor chemicals from miappropriation by terrorists.,,,,,,,,,,
210,1121347,3/24/2016,Congressman Michael McCaul,Writes in regard to the FY16 NPSG applications.,,,,,,,,,,
211,1120802,3/16/2016,Congressman Martha Me Sally,Requests information regarding fraud and deception detection in the Electronic System for Travel Authorization.,,,,,,,,,,
212,1121927,3/31/2016,Senator Barbara A. Mikulski,Writes in regard to the Department of Homeland Security's Nonprofit Security Grant Program.,,,,,,,,,,
213,,,,,,,,,,,,,,
214,1121105,3/21/2016,Senator Bill Nelson,Writes in regard to the emerging problem experienced by H-2A employers in Florida.,,,,,,,,,,
215,1121413,3/17/2016,Congressman Nancy Pelosi,Thanks the Deputy Secretary for a discussion they had on January 7.,,,,,,,,,,
216,1119953,2/26/2016,Senator Harry Reid,Senator Harry Reid writes on behalf of encounter with a TSA employee.,,,,,,,,,,
217,1120736,3/16/2016,Senator Harry Reid,Writes with concerns regarding the placement and care of transgender detainees.,,,,,,,,,,
218,1120800,3/16/2016,Congressman Cedric Richmond,Requests the postponement of an individual's pending deportation.,,,,,,,,,,
219,1120058,3/2/2016,Congressman Lucille Roybal-Allard,Thanks the Deputy Secretary for attending the Womens Working Group on Immigration.,,,,,,,,,,
220,1121339,2/29/2016,Congressman Ben Sasse,Requests an explanation as to why ICE did not detain illegal immigrant (b)(6) after killing a young women in Nebraska.,,,,,,,,,,
221,1120182,2/25/2016,Congressman Charles Schumer,Writes in support of the New York City Volunteer Firefighters Association for funding under Fema's Assistance to Firefighters Grant program. Funding will enable the NYC Volunteer Firefighters Association to purchase new communication radios.,,,,,,,,,,
222,1120183,2/25/2016,Congressman Charles Schumer,Writes in support of the Village of Fishkill Fire Department's application for funding under FEMA’s Assistance to Firefighters Grant program. Funding will enable the them to purchase turnout gear and pagers.,,,,,,,,,,
223,1120227,2/25/2016,Congressman Charles Schumer,Writes in support of Earlville Fire Department’s application for funding under FEMA's Assistance to Firefighters Grant program. Funding will enable the Earlville Fire Department to purchase a new tanker truck.,,,,,,,,,,
224,,,,,,,,,,,,,,
225,1120688,3/14/2016,Congressman Charles Schumer,Expresses concerns over the implementation of the recent decision to require visas for certain Caribbean agricultural temporary workers.,,,,,,,,,,
226,1120817,3/16/2016,Congressman Charles Schumer,Supports the Rotterdam Fire District No. 3's request for funding under the Assistance to Firefighters Grant program.,,,,,,,,,,
227,1121364,3/24/2016,Congressman Charles Schumer,Writes in support of the McConnellsville Volunteers Fire Department's application under FEMA's Assistance to Firefighters Grant program. Funding will enable the department to purchase SCBA units and SCBA compressor.,,,,,,,,,,
228,1121396,3/24/2016,Congressman Charles Schumer,Writes in support of the McConnellsville Volunteer Fire Department's application for funding under FEMA's Assistance to Firefighters Grant program. Funding will enable the department to purchase a new tanker truck.,,,,,,,,,,
229,1121398,3/24/2016,Congressman Charles Schumer,Writes in support of the West Charlton Fire District's application under FEMA's Assistance to Firefighters Grant Program. Funding will enable the District to purchase new SCBA and PPE equipment.,,,,,,,,,,
230,1121386,3/24/2016,Congressman Charles Schumer,Writes in support of the Dundee Fire Department's request for funding under FEMA’s Assistance to Firefighters Grant program. Funding will enable the Department to purchase new personal protective equipment.,,,,,,,,,,
231,1121401,3/24/2016,Congressman Charles Schumer,Writes in support of the Tupper Lake Fire Department's request for funding under FEMA’s Assistance to Firefighters Grant program. Funding will enable the Department to purchase a new pumper truck.,,,,,,,,,,
232,,,,,,,,,,,,,,
233,1121388,3/24/2016,Congressman Charles Schumer,Writes in support of the North Tonawanda Fire Department's request for funding under FEMA’s Assistance to Firefighters Grant prgram. Funding will enable the department to purchase new SCBA units and rope bailout kits,,,,,,,,,,
234,1121393,3/24/2016,Congressman Charles Schumer,Writes in support of the Lake Pleasant Volunteer Fire Department's application for funding under FEMA's Assistance to Firefighters Grant program. Funding will enable the department to purchase a new pumper truck.,,,,,,,,,,
235,1121405,3/24/2016,Congressman Charles Schumer,Writes in support of the Virgil Fire Department's application for funding under FEMA's Assistance to Firefighters Grant program. Funding will enable the Department to purchase a hose washer and roller system.,,,,,,,,,,
236,1121636,3/28/2016,Congressman Charles Schumer,Write in support of Troy Fire Department request for funding under FEMA's Assistance to Firefighters Grant program.,,,,,,,,,,
237,1121637,3/28/2016,Congressman Charles Schumer,Supports the Utica Fire Department's application for the Assistance to Firefighters Grant program f AFG).,,,,,,,,,,
238,1121929,3/31/2016,Congressman Charles Schumer,Writes in support of the Grahams vine Fire Department for funding under FEMA's Assistance to Firefighters Grant program. Funding will enable the department to purchase new SCBA pniiinmpnt,,,,,,,,,,
239,1121953,3/31/2016,Congressman Charles Schumer,Writes in support of the Syracause Fire Department's application for funding under FEMA's Assistance to Firefighters Grant program. Funding will enable the Syracause Fire Department to purchase new SCBA units.,,,,,,,,,,
240,,,,,,,,,,,,,,
241,1121983,3/31/2016,Congressman Charles Schumer,Writes in support of the Inwood Fire Department's request for funding under FEMA's Assistance to Firefighters Grant Program. Funding will enable the department to purchase new SCBA units.,,,,,,,,,,
242,1121985,3/31/2016,Congressman Charles Schumer,Writes in support of the New York City Fire Department's request for funding under FEMA's Assistance to Firefighters Grant Program. Funding will enable the department to purchase ballistic personal protective equipment for their new Counterterrorism Response Team.,,,,,,,,,,
243,1121986,3/31/2016,Congressman Charles Schumer,Writes in support of the Hoosick Falls Fire Department's application for funding under FEMA's Assistance to Firefighters Grant program. Funding will enable the department to purchase an SCBA compressor system.,,,,,,,,,,
244,1121838,3/30/2016,Congressman Bill Shuster,Rep. Shuster writes on behalf of regarding his application for a driver's license being flagged.,,,,,,,,,,
245,1120288,3/7/2016,Congressman Bennie G. Thompson,Requests 2014 annual report from NCC1C.,,,,,,,,,,
246,1120658,3/11/2016,Congressman Bennie G. Thompson,Request information on how the Department maintains situational awareness during presidential campaign events.,,,,,,,,,,
247,1120189,3/3/2016,Congressman John Thune,Writes in regard to the delays in processing of H-2B visas.,,,,,,,,,,
248,1119990,3/1/2016,Congressman Norma Torres,"Writes in regard to the regional refugee program that Secretary Kerry anounced on January 13, 2016.",,,,,,,,,,
249,,,,,,,,,,,,,,
250,1121605,3/28/2016,Congressman Niki Tsongas,Writes in regard to the Radiation Portal Monitor Replacement Program (RPMRP) and the anticipated acquisition of more than one hundred RPM systems between FY 2018-2020.,,,,,,,,,,
251,1121303,3/23/2016,Congressman Chris Van Hollen,Constituent Katherine Cureton is voicing her displeasure with Department of Homeland Security Hiring process.,,,,,,,,,,
252,1120188,3/3/2016,Congressman Mark Warner,Writes in regard to the proposed Federal Civilian Cyber Campus.,,,,,,,,,,
253,1120232,3/4/2016,Senator Ron Wyden,Writes in regard to the Peruvian timber trade.,,,,,,,,,,
254,1121287,3/4/2016,Senator Ron Wyden,Request a Presidential disaster declaration for areas of Oregon.,,,,,,,,,,
255,1120481,3/10/2016,Congressman Ted Yoho,Write in regard to an issue within the H-2A agricultural guest worker program which impacts its ability to provide a stable legal workforce.,,,,,,,,,,
256,,,,,,,,,,,,,,
257,April Privacy Office Congressional Report Opened between 4/1/2016 and 4/30/2016,,,,,,,,,,,,,
258,WF#,Receive Date,Congressman Name,Subject of Request,,,,,,,,,,
259,1123404,4/21/2016,Congressman Kelly Ayotte,Se. Ayotte's office forwards a letter regarding the NH Pease greeters concerns about DHS law enforcement/security on hand at the Pease International Airport when they are there greeting members of our Armed Forces.,,,,,,,,,,
260,1122779,4/13/2016,Congressman Don Beyer,Write on behalf of a constituent involved in a legal matter.,,,,,,,,,,
261,1122436,4/5/2016,Congressman Susan Brooks,Rep. Brooks writes on behalf of concerning an appeal he has made in a reprimand and investigation relating to his employment with DHS in Indianapolis.,,,,,,,,,,
262,1122630,4/7/2016,Congressman GK Butterfield,"Write on behalf of an UAC in that was detained in Durham, NC.",,,,,,,,,,
263,1123400,4/19/2016,Congressman Bill Cassidy,"Senator Bill Cassidy forwards an inquiry on behalf of |,bK6) concerning white papers being rejected.",,,,,,,,,,
264,,,,,,,,,,,,,,
265,April Privacy Office Congressional Report Opened between 4/1/2016 and 4/30/2016,,,,,,,,,,,,,
266,1122341,4/6/2016,Congressman Jason Chaffetz,"Requests policies, procedures, directives and/or guidance for taking corrective, disciplinary, and adverse actions against civilian employees.",,,,,,,,,,
267,1122929,4/15/2016,Congressman Jason Chaffetz,Requests information on an individual who was released from prison that has been charged with murder.,,,,,,,,,,
268,1123601,4/28/2016,Congressman Jason Chaffetz,Write with Committee recommendations for the Agency.,,,,,,,,,,
269,1123634,3/18/2016,Congressman Jason Chaffetz,Rep. Chaffetz wrote to ICE Director Saldana requesting supporting documents for recent media report about 135 homicides by illegal immigrants from 2010-2015,,,,,,,,,,
270,1122368,4/6/2016,Congressman Susan Collins,"Requests that the proposed move of CBP Office of Air and Marine Operations from Houlton, Maine, be suspended in addition to remaining fully operational while the Department conducts a national security risk.",,,,,,,,,,
271,1122962,4/18/2016,Congressman Joseph Crowley,Request that the Department grant political asylum to an Irish individual.,,,,,,,,,,
272,,,,,,,,,,,,,,
273,April Privacy Office Congressional Report Opened between 4/1/2016 and 4/30/2016,,,,,,,,,,,,,
274,1123339,4/20/2016,Congressman Suzan Delbene,"DOJ forwarded a letter to DHS A/S OLA Johnson from Rep. DelBene on behalf of her constituent, <bX6> Washington, alleging civil rights violations by U.S. CBP officers.",,,,,,,,,,
275,1123477,4/27/2016,Congressman Keith Ellison,Writes regarding allegations of Somali profiling by TSA at Minneapolis airport.,,,,,,,,,,
276,1122398,4/5/2016,Congressman Bill Flores,Rep. Flores writes on behalf of (bff regarding his being detained when traveling.,,,,,,,,,,
277,1123201,4/21/2016,Congressman Kirsten Gillibrand,Supports application of Fire Department of New York (FDNY) for funding from the Assistance to Firefighters Grant Program for Counterterrorism Response Team,,,,,,,,,,
278,1123021,4/18/2016,Congressman Bob Goodlatte,Requests assurance for whistleblower protections.,,,,,,,,,,
279,1123292,4/20/2016,Congressman Patrick Green,Applicant writing regarding status of case.,,,,,,,,,,
280,1123511,4/28/2016,Congressman Luis Gutierrez,Requests TPS to be extended to the people of Ecuador.,,,,,,,,,,
281,,,,,,,,,,,,,,
282,April Privacy Office Congressional Report Opened between 4/1/2016 and 4/30/2016,,,,,,,,,,,,,
283,1122352,4/6/2016,Congressman Martin Heinrich,Requests the Department extend the hours of operation for north-bound and south-bound commercial traffic at the Santa Teresa Port of Entry.,,,,,,,,,,
284,1123189,4/15/2016,Congressman Brian Higgins,Constituent writes in expressing her displeasure with the way she's being treated as an employee TSA,,,,,,,,,,
285,1122184,4/4/2016,Congressman Michael Honda,Write with concerns of improper asylum proceedings for over 100 Bangladeshi asylum seekers.,,,,,,,,,,
286,1122886,4/13/2016,Congressman Steny Hoyer,Representative Hoyer writes on behalf of |who expressing her displeasure with the way she's being treated,,,,,,,,,,
287,1122790,4/13/2016,Congressman Robert Hurt,Rep. Robert Hurt forwards concerns on behalf of Regarding DHS.,,,,,,,,,,
288,1122821,4/12/2016,Congressman M. Tia Johnson,"M. Tia Johnson, Asst. Secretary' for Legislative Affairs is requesting Si's signature on a Letter of Appreciation for Ted Lovett, departing from OLA.",,,,,,,,,,
289,1123650,4/29/2016,Congressman M. Tia Johnson,"CVE - Countering Violent Extremism/Funding, to include the promotion of alternative content and private sector engagement",,,,,,,,,,
290,1123659,4/29/2016,Congressman M. Tia Johnson,Unaccompanied Children/ICE,,,,,,,,,,
291,1123661,4/29/2016,Congressman M. Tia Johnson,287(g)/Secure Communities,,,,,,,,,,
292,,,,,,,,,,,,,,
293,April Privacy Office Congressional Report Opened between 4/1/2016 and 4/30/2016,,,,,,,,,,,,,
294,1123651,4/29/2016,Congressman M. Tia Johnson,ICE Detainers,,,,,,,,,,
295,1123676,4/29/2016,Congressman M. Tia Johnson,Criminal Alien Releases/DACA Recipients,,,,,,,,,,
296,1123696,4/29/2016,Congressman M. Tia Johnson,Family Residential Centers,,,,,,,,,,
297,1123677,4/29/2016,Congressman M. Tia Johnson,A-Files to People in Removal,,,,,,,,,,
298,1123697,4/29/2016,Congressman M. Tia Johnson,Detention Beds,,,,,,,,,,
299,1123698,4/29/2016,Congressman M. Tia Johnson,Priority Enforcement Program (PEP),,,,,,,,,,
300,1123678,4/29/2016,Congressman M. Tia Johnson,Unaccompanied Children/TCE Attacment,,,,,,,,,,
301,1123699,4/29/2016,Congressman M. Tia Johnson,(b)(6),,,,,,,,,,
302,1123679,4/29/2016,Congressman M. Tia Johnson,Recalcitrant Countries,,,,,,,,,,
303,1123680,4/29/2016,Congressman M. Tia Johnson,Congressional Correspondence Processing by DHS,,,,,,,,,,
304,1123681,4/29/2016,Congressman M. Tia Johnson,Supreme Court case — U.S. v. Texas (review of the Hanen decision),,,,,,,,,,
305,1123683,4/29/2016,Congressman M. Tia Johnson,"Issue Paper to be Revised/Updated 1, Unity of Effort",,,,,,,,,,
306,,,,,,,,,,,,,,
307,April Privacy Office Congressional Report Opened between 4/1/2016 and 4/30/2016,,,,,,,,,,,,,
308,1123685,4/29/2016,Congressman M. Tia Johnson,Screening - Tiger Team Recommendations,,,,,,,,,,
309,1123686,4/29/2016,Congressman M. Tia Johnson,Zika (Interagency Efforts),,,,,,,,,,
310,1123350,4/20/2016,Congressman Tim Kaine,"On April 12, 2016 Senator Kaine forwards corresoondence from (b)(5) H-7— regarding a rejection of transfer. On April 20, 2016 Senator Kaine's office requested that this case be reviewed by someone above the Director of DHS DNDO.",,,,,,,,,,
311,1123613,4/28/2016,Congressman Barry Loudermilk,Request information regarding the relocation of FEMA Region IV Headquarters.,,,,,,,,,,
312,1122248,4/8/2016,Congressman Blaine Luetkemeyer,Request the immigration history of an individual.,,,,,,,,,,
313,1122654,4/12/2016,Congressman John McCain,"Requests information regarding DHS involvement with DOD UAV programs at Fort Huachuca, Arizona.",,,,,,,,,,
314,1122335,4/5/2016,Congressman Michael McCaul,Writes requesting information regarding the Department's CVE programs.,,,,,,,,,,
315,1122736,4/13/2016,Congressman Michael McCaul,Write concerning the beginning of scheduled commercial flights to Cuba.,,,,,,,,,,
316,,,,,,,,,,,,,,
317,April Privacy Office Congressional Report Opened between 4/1/2016 and 4/30/2016,,,,,,,,,,,,,
318,1122802,4/14/2016,Congressman Michael McCaul,Requests the administration work with Congress to ensure all countries are complying with H.R. 158.,,,,,,,,,,
319,1123103,4/20/2016,Congressman Grace Meng,Supports RR Congregation's application for the Nonprofit Security Grant Program.,,,,,,,,,,
320,1123108,4/20/2016,Congressman Grace Meng,Supports New York Presbyterian/Queens application for the Nonprofit Security Grant Program.,,,,,,,,,,
321,1123109,4/20/2016,Congressman Grace Meng,Supports Chabad Lubavitch Community Center of Northeast Queens' application for the Department of Homeland Security's Nonprofit Security Grant Program.,,,,,,,,,,
322,1122978,4/18/2016,Congressman Jerrold Nadler,Write regarding the investigation and prosecution of the individuals associated with the website Rentboy.com,,,,,,,,,,
323,1123569,4/28/2016,Senator Bill Nelson,Senator Bill Nelson writes in on behalf of tPK6) who would like an update on a case he filed with DHS .,,,,,,,,,,
324,1122182,4/1/2016,Congressman Robert Pittenger,Constituent IRt®1 |would like to be transferred to be closer to his new built home,,,,,,,,,,
325,,,,,,,,,,,,,,
326,April Privacy Office Congressional Report Opened between 4/1/2016 and 4/30/2016,,,,,,,,,,,,,
327,1122410,4/7/2016,Senator Hany Reid,"Supports Global Security System's (GSS) proposal for the FEMA Integrated Public Alert and Warning System Program, and requests a meeting between SI and GSS.",,,,,,,,,,
328,1122247,4/4/2016,Congressman Mark Sanford,Thanks the Secretary for his leadership.,,,,,,,,,,
329,1122261,4/4/2016,Congressman Ben Sasse,"Writes regarding a previous DHS response dated February 29, 2016.",,,,,,,,,,
330,1123372,4/26/2016,Congressman Charles Schumer,Supports Chabad Center for Jewish Life's application for Urban Security Initiative Nonprofit Security Grant,,,,,,,,,,
331,1123244,4/22/2016,Congressman Jeff Sessions,Requests information on three named individuals.,,,,,,,,,,
332,1123005,4/18/2016,Congressman Albio Sires,Supports the Belleville Fire Department's applications for the AFG and SAFER grants.,,,,,,,,,,
333,1123431,4/27/2016,Congressman Albio Sires,Supports the Belleville Fire Department's applications for AFG and SAFER grant programs.,,,,,,,,,,
334,1123369,4/26/2016,Congressman Lamar Smith,Write with follow up questions from SI testimony before House Committee on Homeland Security.,,,,,,,,,,
335,,,,,,,,,,,,,,
336,April Privacy Office Congressional Report Opened between 4/1/2016 and 4/30/2016,,,,,,,,,,,,,
337,1123363,4/20/2016,Congressman Elise Stefanik,Rep. Stefanik forwards correspondence from pH0) Iregarding citizenship.,,,,,,,,,,
338,1122985,4/18/2016,Congressman Jon Tester,Requests information regarding the processing of Syrian refugees.,,,,,,,,,,
339,1123198,4/21/2016,Congressman Mark Warner,Requests information regarding the Department's implementation of the DATA Act.,,,,,,,,,,
340,1122626,4/8/2016,Congressman Robert Wittman,Rep. Wittman writes on behalf of (b)(6) (b)(6) concerning his request that a decision be made on the proposal to terminate so that he can return to service or proceed to the Merit Systems Review Board and to know the status of his security clearances.,,,,,,,,,,
341,1123393,4/19/2016,Congressman Robert Wittman,Re. Wittman writes on behalf of (bXS) |,,,,,,,,,,
342,,,,,,,,,,,,,,
343,May Privacy Office Congressional Report Opened between 5/1/2016 and 5/31/16,,,,,,,,,,,,,
344,WF#,Receive Date,Congressman Name,Subject of Request,,,,,,,,,,
345,1125251,5/25/2016,Congressman Kelly Ayotte,Urges the Secretary to review and enhance the security of the VWP.,,,,,,,,,,
346,1124847,5/10/2016,Congressman Tammy Baldwin,Senator Tammy Baldwin writes in on behalf ol (b)(6) who has concerns with FEMA preparedness due their personnel,,,,,,,,,,
347,1125396,5/26/2016,Congressman Tammy Baldwin,Senator Baldwin writes on behalf ofpb)(6) 1 (bX0) Regarding her complaint with DHS OIG.,,,,,,,,,,
348,1124742,5/18/2016,Congressman Don Beyer,Writes concerning a constituent seeking reinstatement with the Department.,,,,,,,,,,
349,1124964,5/20/2016,Congressman Thomas Carper,"Requests information regarding the ""Enhanced Consolidation Plan"" for the St. Elizabeth’s project.",,,,,,,,,,
350,1125093,5/24/2016,Congressman John Carter,Informs the Department that the House Appropriations Committee approves the TSA funding reprogramming.,,,,,,,,,,
351,1124849,5/19/2016,Congressman Jason Chaffetz,Rep. Chaffetz wrote to ICE requesting information about the EB-5 program,,,,,,,,,,
352,1123813,5/3/2016,Congressman Joseph Crowley,Request to extend TPS for Ecuadorians in the U.S.,,,,,,,,,,
353,1124619,5/17/2016,Congressman Joseph Crowley,Request that the Department grant political asylum to an Irish individual.,,,,,,,,,,
354,1124620,5/17/2016,Congressman Joseph Crowley,Request that the Department grant political asylum to an Irish individual.,,,,,,,,,,
355,1124621,5/17/2016,Congressman Joseph Crowley,Request that the Department grant political asylum to an Irish individual.,,,,,,,,,,
356,,,,,,,,,,,,,,
357,May Privacy Office Congressional Report Opened between 5/1/2016 and 5/31/16,,,,,,,,,,,,,
358,1124951,5/20/2016,Congressman Robert Dold,Writes in support of Metra's application for FEMA funding.,,,,,,,,,,
359,1124785,5/19/2016,Congressman Richard Durbin,Express support for resettling Syrian refugees in the United States.,,,,,,,,,,
360,1125467,5/31/2016,Congressman Chip Fulghum,"Senate Appropriations Committee Approval of May 26, 2016 TSA Reprogramming Notification.",,,,,,,,,,
361,1124247,5/10/2016,Congressman Kirsten E. Gillibrand,Request Temporary Protected Status for Ecuador.,,,,,,,,,,
362,1123881,5/3/2016,Congressman Bob GoodJalle,Writes regarding DHS removal operations.,,,,,,,,,,
363,1123864,5/3/2016,Congressman Bob Goodlatte,Write regarding DHS removal operations.,,,,,,,,,,
364,1124582,5/16/2016,Congressman Lindsey Graham,Write in support of the grant application submitted by the Berkeley County Sheriff’s Office.,,,,,,,,,,
365,1125278,5/26/2016,Congressman Lindsey Graham,Supports the Berkeley County Sheriffs Office's application for the Port Security Grant Program.,,,,,,,,,,
366,1124080,5/5/2016,Senator Charles E. Grassley,Writes requesting details regarding the cost of construction of ICE Director's suite.,,,,,,,,,,
367,1124420,5/12/2016,Senator Charles E. Grassley,Requests information regarding two Afghan immigrants arrested in Italy.,,,,,,,,,,
368,1124450,5/12/2016,Senator Charles E. Grassley,"Requests information regarding interviews and investigations related to Joaquin ""El Chapo"" Guzman",,,,,,,,,,
369,1125403,5/27/2016,Senator Charles E. Grassley,Requests records and documents related to DACA litigation.,,,,,,,,,,
370,,,,,,,,,,,,,,
371,May Privacy Office Congressional Report Opened between 5/1/2016 and 5/31/16,,,,,,,,,,,,,
372,1124594,5/17/2016,Congressman Raul Grijalva,Write regarding a request to DOJ to conduct an investigation on the deaths of two individuals at the Eloy Detention Center.,,,,,,,,,,
373,1124306,5/10/2016,Congressman Sheila Jackson Lee,Requests that Houston be reimbursed for funds provided to house victims displaced by recent flooding and that DHS provide housing assistance to those still in need of shelter.,,,,,,,,,,
374,1124944,5/20/2016,Congressman Jeh Charles Johnson,Writes in support of the Tarrytown Volunteer Fire Department's application for FEMA funding.,,,,,,,,,,
375,1123700,5/1/2016,Congressman M. Tia Johnson,New Issue Papers to be Developed - 1. Protective Mission Panel and House Oversight Committee Report recommendations.,,,,,,,,,,
376,1123716,5/1/2016,Congressman M. Tia Johnson,New Issue Papers to be Developed - 2. Conventions/Soft Target Planning.,,,,,,,,,,
377,1123717,5/1/2016,Congressman M. Tia Johnson,NPPD Issue Papers to be Revised/Updated 1. Infrastructure Protection - revise to include Soft Targets and nuclear facilities 2. Cyber Information Sharing Act (CISA) Implementation (revise the Cyber Legislation document) 3. NPPD Transition to Cyber and Infrastructure Protection Agency and OBIM Transition 4. Einstein 3 Accelerated (E3A); Continuous Diagnostics and Mitigation (CDM) Issue Paper to be Located or Developed as New Document 1. CFATS -Chemical Facility Anti-Terrorism Standards/Ammonium Nitrate Rule,,,,,,,,,,
378,,,,,,,,,,,,,,
379,May Privacy Office Congressional Report Opened between 5/1/2016 and 5/31/16,,,,,,,,,,,,,
380,1123701,5/1/2016,Congressman M. Tia Johnson,NPPD Issue Papers to be Revised/Updated 1. Infrastructure Protection - revise to include Soft Targets and nuclear facilities 2. Cyber Information Sharing Act (CISA) Implementation (revise the Cyber Legislation document) 3. NPPD Transition to Cyber and Infrastructure Protection Agency and OBIM Transition 4. Einstein 3 Accelerated (E3A); Continuous Diagnostics and Mitigation (CDM) Issue Paper to be Located or Developed as New Document 1. CFATS -Chemical Facility Anti-Terrorism Standards/Ammonium Nitrate Rule,,,,,,,,,,
381,1123702,5/1/2016,Congressman M. Tia Johnson,NPPD Issue Papers to be Revised/Updated 1. Infrastructure Protection - revise to include Soft Targets and nuclear facilities 2. Cyber Information Sharing Act (CISA) Implementation (revise the Cyber Legislation document) 3. NPPD Transition to Cyber and Infrastructure Protection Agency and OBIM Transition 4. Einstein 3 Accelerated (E3A); Continuous Diagnostics and Mitigation (CDM) Issue Paper to be Located or Developed as New Document 1. CFATS -Chemical Facility Anti-Terrorism Standards/Ammonium Nitrate Rule,,,,,,,,,,
382,,,,,,,,,,,,,,
383,May Privacy Office Congressional Report Opened between 5/1/2016 and 5/31/16,,,,,,,,,,,,,
384,1123703,5/1/2016,Congressman M. Tia Johnson,NPPD Issue Papers to be Revised/Updated 1. Infrastructure Protection - revise to include Soft Targets and nuclear facilities 2. Cyber Information Sharing Act (CISA) Implementation (revise the Cyber Legislation document) 3. NPPD Transition to Cyber and Infrastructure Protection Agency and OBTM Transition 4. Einstein 3 Accelerated (E3A); Continuous Diagnostics and Mitigation (CDM) Issue Paper to be Located or Developed as New Document 1. CFATS -Chemical Facility Anti-Terrorism Standards/Ammonium Nitrate Rule,,,,,,,,,,
385,1123718,5/1/2016,Congressman M. Tia Johnson,NPPD Issue Papers to be Revised/Updated 1. Infrastructure Protection - revise to include Soft Targets and nuclear facilities 2. Cyber Information Sharing Act (CISA) Implementation (revise the Cyber legislation document) 3. NPPD Transition to Cyber and Infrastructure Protection Agency and OBIM Transition 4. Einstein 3 Accelerated (E3A); Continuous Diagnostics and Mitigation (CDM) Issue Paper to be Located or Developed as New Document 1. CFATS -Chemical Facility Anti-Terrorism Standards/Ammonium Nitrate Rule,,,,,,,,,,
386,,,,,,,,,,,,,,
387,May Privacy Office Congressional Report Opened between 5/1/2016 and 5/31/16,,,,,,,,,,,,,
388,1123704,5/1/2016,Congressman M. Tia Johnson,USCIS - US Citizenship and Immigration Services Issue Papers to be Revised/Updated 1. Credible Fear/Asylum Claims 2. Asylum Issues -to include Vetting 3. Refugee Issues and K1 Review - to include Vetting 4. Executive Action on Immigration Update 5. EB-5 Update - to include Grassley Letter Response and Status of Bills 6. TRIG - Terrorism Related Inadmissibility Grounds 7. Central American In-country Processing of Children New Issue Papers to be Developed 1. Social Media Vetting 2. Fee Rule,,,,,,,,,,
389,1123719,5/1/2016,Congressman M. Tia Johnson,USCIS - US Citizenship and Immigration Services Issue Papers to be Revised/Updated 1. Credible Fear/Asylum Claims 2. Asylum Issues -to include Vetting 3. Refugee Issues and K1 Review - to include Vetting 4. Executive Action on Immigration Update 5. EB-5 Update - to include Grassley Letter Response and Status of Bills 6. TRIG - Terrorism Related Inadmissibility Grounds 7. Central American In-country Processing of Children New Issue Papers to be Developed 1. Social Media Vetting 2. Fee Rule,,,,,,,,,,
390,,,,,,,,,,,,,,
391,May Privacy Office Congressional Report Opened between 5/1/2016 and 5/31/16,,,,,,,,,,,,,
392,1123705,5/1/2016,Congressman M. Tia Johnson,USCIS - US Citizenship and Immigration Services Issue Papers to be Revised/Updated 1. Credible Fear/Asylum Claims 2. Asylum Issues -to include Vetting 3. Refugee Issues and K1 Review - to include Vetting 4. Executive Action on Immigration Update 5. EB-5 Update - to include Grassley Letter Response and Status of Bills 6. TRIG - Terrorism Related Inadmissibility Grounds 7. Central American In-country Processing of Children New Issue Papers to be Developed 1. Social Media Vetting 2. Fee Rule,,,,,,,,,,
393,1123720,5/1/2016,Congressman M. Tia Johnson,USCIS - US Citizenship and Immigration Services Issue Papers to be Revised/Updated 1. Credible Fear/Asylum Claims 2. Asylum Issues -to include Vetting 3. Refugee Issues and K1 Review - to include Vetting 4. Executive Action on Immigration Update 5. EB-5 Update - to include Grassley Letter Response and Status of Bills 6. TRIG - Terrorism Related Inadmissibility Grounds 7. Central American In-country Processing of Children New Issue Papers to be Developed 1. Social Media Vetting 2. Fee Rule,,,,,,,,,,
394,,,,,,,,,,,,,,
395,May Privacy Office Congressional Report Opened between 5/1/2016 and 5/31/16,,,,,,,,,,,,,
396,1123706,4/29/2016,Congressman M. Tia Johnson,USCIS - US Citizenship and Immigration Services Issue Papers to be Revised/Updated 1. Credible Fear/Asylum Claims 2. Asylum Issues -to include Vetting 3. Refugee Issues and K1 Review - to include Vetting 4. Executive Action on Immigration Update 5. EB-5 Update - to include Grassley Letter Response and Status of Bills 6. TRIG - Terrorism Related Inadmissibility Grounds 7. Central American In-country Processing of Children New Issue Papers to be Developed 1. Social Media Vetting 2. Fee Rule,,,,,,,,,,
397,1123707,4/29/2016,Congressman M. Tia Johnson,USCIS - US Citizenship and Immigration Services Issue Papers to be Revised/Updated 1. Credible Fear/Asylum Claims 2. Asylum Issues -to include Vetting 3. Refugee Issues and K1 Review - to include Vetting 4. Executive Action on Immigration Update 5. EB-5 Update - to include Grassley Letter Response and Status of Bills 6. TRIG - Terrorism Related Inadmissibility Grounds 7. Central American In-country Processing of Children New Issue Papers to be Developed 1. Social Media Vetting 2. Fee Rule,,,,,,,,,,
398,,,,,,,,,,,,,,
399,May Privacy Office Congressional Report Opened between 5/1/2016 and 5/31/16,,,,,,,,,,,,,
400,1123708,4/29/2016,Congressman M. Tia Johnson,USCIS - US Citizenship and Immigration Services Issue Papers to be Revised/Updated 1. Credible Fear/Asylum Claims 2. Asylum Issues -to include Vetting 3. Refugee Issues and K1 Review - to include Vetting 4. Executive Action on Immigration Update 5. EB-5 Update - to include Grassley Letter Response and Status of Bills 6. TRIG - Terrorism Related Inadmissibility Grounds 7. Central American In-country Processing of Children New Issue Papers to be Developed 1. Social Media Vetting 2. Fee Rule,,,,,,,,,,
401,1123722,4/29/2016,Congressman M. Tia Johnson,USCIS - US Citizenship and Immigration Services - New Issue Papers to be Developed 1. Social Media Vetting,,,,,,,,,,
402,1123723,4/29/2016,Congressman M. Tia Johnson,USCIS - US Citizenship and Immigration ServicesNew Issue Papers to be Developed 2. Fee Rule,,,,,,,,,,
403,1123724,4/29/2016,Congressman M. Tia Johnson,CBP - Customs and Border Protection Issue Papers to be Revised (Attached) 1. Biometric Entry/Exit 2. CBPO Staffing Challenges and Status 3. UAS operations 4. UAS IG Report 5. Pre-clearance (non-Canada) 6. Pre-clearance 7. ESTA 8. Family Units 9. Northern Border Operations 10. Overstay Rates 1 L Op Phalanx/DoD Support for Southwest Border 12. Border Metrics 13. Southern Border and Approaches & JTFs (Cross-Cutting) 14. Efforts to prevent Foreign Fighter Travel 15. Watchlisting/CBP Use and ATS-G 16. UAS OIG Report 17. Office of Air and Marine Realignment 18. Lfnaccompanied Children/CBP,,,,,,,,,,
404,,,,,,,,,,,,,,
405,May Privacy Office Congressional Report Opened between 5/1/2016 and 5/31/16,,,,,,,,,,,,,
406,1123709,4/29/2016,Congressman M. Tia Johnson,CBP - Customs and Border Protection Issue Papers to be Revised (Attached) 1. Biometric Entry/Exit 2. CBPO Staffing Challenges and Status 3. UAS operations 4. UAS IG Report 5. Pre-clearance (non-Canada) 6. Pre-clearance 7. ESTA 8. Family Units 9. Northern Border Operations 10. Overstay Rates 11. Op Phalanx/DoD Support for Southwest Border 12. Border Metrics 13. Southern Border and Approaches & JTFs (Cross-Cutting) 14. Efforts to prevent Foreign Fighter Travel 15. Watchlisting/CBP Use and ATS-G 16. UAS OIG Report 17. Office of Air and Marine Realignment 18. Unaccompanied Children/CBP,,,,,,,,,,
407,1123725,4/29/2016,Congressman M. Tia Johnson,CBP - Customs and Border Protection Issue Papers to be Revised (Attached) 1. Biometric Entry/Exit 2. CBPO Staffing Challenges and Status 3. UAS operations 4. UAS IG Report 5. Pre-clearance (non-Canada) 6. Pre-clearance 7. ESTA 8. Family Units 9. Northern Border Operations 10. Overstay Rates 11. Op Phalanx/DoD Support for Southwest Border 12. Border Metrics 13. Southern Border and Approaches & JTFs (Cross-Cutting) 14. Efforts to prevent Foreign Fighter Travel 15. Watchlisting/CBP Use and ATS-G 16. UAS OIG Report 17. Office of Air and Marine Realignment 18. Unaccompanied Children/CBP,,,,,,,,,,
408,,,,,,,,,,,,,,
409,May Privacy Office Congressional Report Opened between 5/1/2016 and 5/31/16,,,,,,,,,,,,,
410,1123726,4/29/2016,Congressman M. Tia Johnson,CBP - Customs and Border Protection Issue Papers to be Revised (Attached) 1. Biometric Entry/Exit 2. CBPO Staffing Challenges and Status 3. UAS operations 4. UAS IG Report 5. Pre-clearance (non-Canada) 6. Pre-clearance 7. ESTA 8. Family Units 9. Northern Border Operations 10. Overstay Rates 11. Op Phalanx/DoD Support for Southwest Border 12. Border Metrics 13. Southern Border and Approaches & JTFs (Cross-Cutting) 14. Efforts to prevent Foreign Fighter Travel 15. Watchlisting/CBP Use and ATS-G 16. UAS OIG Report 17. Office of Air and Marine Realignment 18. Unaccompanied Children/CBP,,,,,,,,,,
411,1123710,4/29/2016,Congressman M. Tia Johnson,CBP - Customs and Border Protection Issue Papers to be Revised (Attached) 1. Biometric Entry/Exit 2. CBPO Staffing Challenges and Status 3. UAS operations 4. UAS IG Report 5. Pre-clearance (non-Canada) 6. Pre-clearance 7. ESTA 8. Family Units 9. Northern Border Operations 10. Overstay Rates 11. Op Phalanx/DoD Support for Southwest Border 12. Border Metrics 13. Southern Border and Approaches & JTFs (Cross-Cutting) 14. Efforts to prevent Foreign Fighter Travel 15. Watchlisting/CBP Use and ATS-G 16. UAS OIG Report 17. Office of Air and Marine Realignment 18. Unaccompanied Children/CBP,,,,,,,,,,
412,,,,,,,,,,,,,,
413,May Privacy Office Congressional Report Opened between 5/1/2016 and 5/31/16,,,,,,,,,,,,,
414,1123727,4/29/2016,Congressman M. Tia Johnson,CBP - Customs and Border Protection Issue Papers to be Revised (Attached) 1. Biometric Entry/Exit 2. CBPO Staffing Challenges and Status 3. UAS operations 4. UAS IG Report 5. Pre-clearance (non-Canada) 6. Pre-clearance 7. ESTA 8. Family Units 9. Northern Border Operations 10. Overstay Rates 11. Op Phalanx/DoD Support for Southwest Border 12. Border Metrics 13. Southern Border and Approaches & JTFs (Cross-Cutting) 14. Efforts to prevent Foreign Fighter Travel 15. Watchlisting/CBP Use and ATS-G 16. UAS OIG Report 17. Office of Air and Marine Realignment 18. Unaccompanied Children/CBP,,,,,,,,,,
415,1123728,4/29/2016,Congressman M. Tia Johnson,CBP - Customs and Border Protection Issue Papers to be Revised (Attached) 1. Biometric Entry/Exit 2. CBPO Staffing Challenges and Status 3. UAS operations 4. UAS IG Report 5. Pre-clearance (non-Canada) 6. Pre-clearance 7. ESTA 8. Family Units 9. Northern Border Operations 10. Overstay Rates 11. Op Phalanx/DoD Support for Southwest Border 12. Border Metrics 13. Southern Border and Approaches & JTFs (Cross-Cutting) 14. Efforts to prevent Foreign Fighter Travel 15. Watchlisting/CBP Use and ATS-G 16. UAS OIG Report 17. Office of Air and Marine Realignment 18. Unaccompanied Children/CBP,,,,,,,,,,
416,,,,,,,,,,,,,,
417,May Privacy Office Congressional Report Opened between 5/1/2016 and 5/31/16,,,,,,,,,,,,,
418,1123711,4/29/2016,Congressman M. Tia Johnson,CBP - Customs and Border Protection Issue Papers to be Revised (Attached) 1. Biometric Entry/Exit 2. CBPO Staffing Challenges and Status 3. UAS operations 4. UAS IG Report 5. Pre-clearance (non-Canada) 6. Pre-clearance 7. ESTA 8. Family Units 9. Northern Border Operations 10. Overstay Rates 11. Op Phalanx/DoD Support for Southwest Border 12. Border Metrics 13. Southern Border and Approaches & JTFs (Cross-Cutting) 14. Efforts to prevent Foreign Fighter Travel 15. Watchlisting/CBP Use and ATS-G 16. UAS OIG Report 17. Office of Air and Marine Realignment 18. Unaccompanied Children/CBP,,,,,,,,,,
419,1123712,4/29/2016,Congressman M. Tia Johnson,CBP - Customs and Border Protection Issue Papers to be Revised (Attached) I. Biometric Entry/Exit 2. CBPO Staffing Challenges and Status 3. UAS operations 4. UAS IG Report 5. Pre-clearance (non-Canada) 6. Pre-clearance 7. ESTA 8. Family Units 9. Northern Border Operations 10. Overstay Rates 11. Op Phalanx/DoD Support for Southwest Border 12. Border Metrics 13. Southern Border and Approaches & JTFs (Cross-Cutting) 14. Efforts to prevent Foreign Fighter Travel 15. Watchlisting/CBP Use and ATS-G 16. UAS OIG Report 17. Office of Air and Marine Realignment 18. Unaccompanied Children/CBP,,,,,,,,,,
420,,,,,,,,,,,,,,
421,May Privacy Office Congressional Report Opened between 5/1/2016 and 5/31/16,,,,,,,,,,,,,
422,1123729,4/29/2016,Congressman M. Tia Johnson,CBP - Customs and Border Protection Issue Papers to be Revised (Attached) 1. Biometric Entry/Exit 2. CBPO Staffing Challenges and Status 3. UAS operations 4. UAS IG Report 5. Pre-clearance (non-Canada) 6. Pre-clearance 7. ESTA 8. Family Units 9. Northern Border Operations 10. Overstay Rates 11. Op Phalanx/DoD Support for Southwest Border 12. Border Metrics 13. Southern Border and Approaches & JTFs (Cross-Cutting) 14. Efforts to prevent Foreign Fighter Travel 15. Watchlisting/CBP Use and ATS-G 16. UAS OIG Report 17. Office of Air and Marine Realignment 18. Unaccompanied Children/CBP,,,,,,,,,,
423,1123730,4/29/2016,Congressman M. Tia Johnson,CBP - Customs and Border Protection Issue Papers to be Revised (Attached) 1. Biometric Entry/Exit 2. CBPO Staffing Challenges and Status 3. UAS operations 4. UAS IG Report 5. Pre-clearance (non-Canada) 6. Pre-clearance 7. ESTA 8. Family Units 9. Northern Border Operations 10. Overstay Rates 11. Op Phalanx/DoD Support for Southwest Border 12. Border Metrics 13. Southern Border and Approaches & JTFs (Cross-Cutting) 14. Efforts to prevent Foreign Fighter Travel 15. Watchlisting/CBP Use and ATS-G 16. UAS OIG Report 17. Office of Air and Marine Realignment 18. Unaccompanied Children/CBP,,,,,,,,,,
424,,,,,,,,,,,,,,
425,May Privacy Office Congressional Report Opened between 5/1/2016 and 5/31/16,,,,,,,,,,,,,
426,1123713,4/29/2016,Congressman M. Tia Johnson,CBP - Customs and Border Protection Issue Papers to be Revised (Attached) 1. Biometric Entry/Exit 2. CBPO Staffing Challenges and Status 3. UAS operations 4. UAS IG Report 5. Pre-clearance (non-Canada) 6. Pre-clearance 7. ESTA 8. Family Units 9. Northern Border Operations 10. Overstay Rates 11. Op Phalanx/DoD Support for Southwest Border 12. Border Metrics 13. Southern Border and Approaches & JTFs (Cross-Cutting) 14. Efforts to prevent Foreign Fighter Travel 15. Watchlisting/CBP Use and ATS-G 16. UAS OIG Report 17. Office of Air and Marine Realignment 18. Unaccompanied Children/CBP,,,,,,,,,,
427,1123731,4/29/2016,Congressman M. Tia Johnson,CBP - Customs and Border Protection Issue Papers to be Revised (Attached) 1. Biometric Entry/Exit 2. CBPO Staffing Challenges and Status 3. UAS operations 4. UAS IG Report 5. Pre-clearance (non-Canada) 6. Pre-clearance 7. ESTA 8. Family Units 9. Northern Border Operations 10. Overstay Rates 11. Op Phalanx/DoD Support for Southwest Border 12. Border Metrics 13. Southern Border and Approaches & JTFs (Cross-Cutting) 14. Efforts to prevent Foreign Fighter Travel 15. Watchlisting/CBP Use and ATS-G 16. UAS OIG Report 17. Office of Air and Marine Realignment 18. Unaccompanied Children/CBP,,,,,,,,,,
428,,,,,,,,,,,,,,
429,May Privacy Office Congressional Report Opened between 5/1/2016 and 5/31/16,,,,,,,,,,,,,
430,1123714,4/29/2016,Congressman M. Tia Johnson,CBP - Customs and Border Protection Issue Papers to be Revised (Attached) 1. Biometric Entry/Exit 2. CBPO Staffing Challenges and Status 3. UAS operations 4. UAS IG Report 5. Pre-clearance (non-Canada) 6. Pre-clearance 7. ESTA 8. Family Units 9. Northern Border Operations 10. Overstay Rates 11. Op Phalanx/DoD Support for Southwest Border 12. Border Metrics 13. Southern Border and Approaches & JTFs (Cross-Cutting) 14. Efforts to prevent Foreign Fighter Travel 15. Watchlisting/CBP Use and ATS-G 16. UAS OIG Report 17. Office of Air and Marine Realignment 18. Unaccompanied Children/CBP,,,,,,,,,,
431,1123732,4/29/2016,Congressman M. Tia Johnson,CBP - Customs and Border Protection Issue Papers to be Revised (Attached) I. Biometric Entry/Exit 2. CBPO Staffing Challenges and Status 3. UAS operations 4. UAS IG Report 5. Pre-clearance (non-Canada) 6. Pre-clearance 7. ESTA 8. Family Units 9. Northern Border Operations 10. Overstay Rates 11. Op Phalanx/DoD Support for Southwest Border 12. Border Metrics 13. Southern Border and Approaches & JTFs (Cross-Cutting) 14. Efforts to prevent Foreign Fighter Travel 15. Watchlisting/CBP Use and ATS-G 16. UAS OIG Report 17. Office of Air and Marine Realignment 18. Unaccompanied Children/CBP,,,,,,,,,,
432,,,,,,,,,,,,,,
433,May Privacy Office Congressional Report Opened between 5/1/2016 and 5/31/16,,,,,,,,,,,,,
434,1123715,4/29/2016,Congressman M. Tia Johnson,CBP - Customs and Border Protection Issue Papers to be Revised (Attached) 1. Biometric Entry/Exit 2. CBPO Staffing Challenges and Status 3. UAS operations 4. UAS IG Report 5. Pre-clearance (non-Canada) 6. Pre-clearance 7. ESTA 8. Family Units 9. Northern Border Operations 10. Overstay Rates 11. Op Phalanx/DoD Support for Southwest Border 12. Border Metrics 13. Southern Border and Approaches & JTFs (Cross-Cutting) 14. Efforts to prevent Foreign Fighter Travel 15. Watchlisting/CBP Use and ATS-G 16. UAS OIG Report 17. Office of Air and Marine Realignment 18. Unaccompanied Children/CBP,,,,,,,,,,
435,1123733,4/29/2016,Congressman M. Tia Johnson,CBP - Customs and Border Protection Issue Papers to be Revised (Attached) 1. Biometric Entry/Exit 2. CBPO Staffing Challenges and Status 3. UAS operations 4. UAS IG Report 5. Pre-clearance (non-Canada) 6. Pre-clearance 7. ESTA 8. Family Units 9. Northern Border Operations 10. Overstay Rates 11. Op Phalanx/DoD Support for Southwest Border 12. Border Metrics 13. Southern Border and Approaches & JTFs (Cross-Cutting) 14. Efforts to prevent Foreign Fighter Travel 15. Watchlisting/CBP Use and ATS-G 16. UAS OIG Report 17. Office of Air and Marine Realignment 18. Unaccompanied Children/CBP,,,,,,,,,,
436,,,,,,,,,,,,,,
437,May Privacy Office Congressional Report Opened between 5/1/2016 and 5/31/16,,,,,,,,,,,,,
438,1123736,4/29/2016,Congressman M. Tia Johnson,CBP - Customs and Border Protection Issue Papers to be Revised (Attached) 1. Biometric Entry/Exit 2. CBPO Staffing Challenges and Status 3. UAS operations 4. UAS IG Report 5. Pre-clearance (non-Canada) 6. Pre-clearance 7. ESTA 8. Family Units 9. Northern Border Operations 10. Overstay Rates 11. Op Phalanx/DoD Support for Southwest Border 12. Border Metrics 13. Southern Border and Approaches & JTFs (Cross-Cutting) 14. Efforts to prevent Foreign Fighter Travel 15. Watchlisting/CBP Use and ATS-G 16. UAS OIG Report 17. Office of Air and Marine Realignment 18. Unaccompanied Children/CBP,,,,,,,,,,
439,1123734,4/29/2016,Congressman M. Tia Johnson,New Issue Papers to be Developed- TSA Behavior Detection and Analysis Program,,,,,,,,,,
440,1123735,4/29/2016,Congressman M. Tia Johnson,CBP - Customs and Border Protection New Issue Papers to be Developed 1. Layered Border Screening Approach (classified and unclassified versions),,,,,,,,,,
441,1123756,4/29/2016,Congressman M. Tia Johnson,"Policy: Please update the attached issue papers into one updated paper on this topic ” Heroin/Opioid Trends and DHS Interdiction Efforts""",,,,,,,,,,
442,1123757,4/29/2016,Congressman M. Tia Johnson,New Issue Papers to be Developed - TSA Wait times and Passenger Volume Mitigation,,,,,,,,,,
443,1123737,4/29/2016,Congressman M. Tia Johnson,CBP - Customs and Border Protection New Issue Papers to be Developed 3. Zika - Border Control Measures,,,,,,,,,,
444,1123758,4/29/2016,Congressman M. Tia Johnson,New Issue Papers to be Developed - TSA Response to IS IL aviation threat,,,,,,,,,,
445,,,,,,,,,,,,,,
446,May Privacy Office Congressional Report Opened between 5/1/2016 and 5/31/16,,,,,,,,,,,,,
447,1123759,4/29/2016,Congressman M. Tia Johnson,CBP - Customs and Border Protection New Issue Papers to be Developed 4. Special Interest Aliens,,,,,,,,,,
448,1123739,4/29/2016,Congressman M. Tia Johnson,New Issue Paper to be Developed - ICE Conversion of ERO to LEAP,,,,,,,,,,
449,1123760,4/29/2016,Congressman M. Tia Johnson,New Issue Papers to be Developed -MGMT Management Issues Overview Paper,,,,,,,,,,
450,1123761,4/29/2016,Congressman M. Tia Johnson,New Issue Papers to be Developed -MGMT Employee Morale/Engagement and HQ and Component Survey Results Over the Past Two Years,,,,,,,,,,
451,1123762,4/29/2016,Congressman M. Tia Johnson,New Issue Papers to be Developed -MGMT Cyber Hiring and Implementation of new cyber hiring authorities,,,,,,,,,,
452,1123740,4/29/2016,Congressman M. Tia Johnson,Issue Papers to be Revised/Updated -T&A Social Media Task Force,,,,,,,,,,
453,1123763,4/29/2016,Congressman M. Tia Johnson,Issue Papers to be Located or Developed as New Documents World Wide/Homeland Threats,,,,,,,,,,
454,1123741,4/29/2016,Congressman M. Tia Johnson,Issue Papers to be Located or Developed as New Documents Threat to aviation,,,,,,,,,,
455,1123764,4/29/2016,Congressman M. Tia Johnson,Issue Papers to be Located or Developed as New Documents 1S1L chemical/biological threat,,,,,,,,,,
456,1123765,4/29/2016,Congressman M. Tia Johnson,Issue Papers to be Located or Developed as New Documents DHS Data Framework,,,,,,,,,,
457,1123766,4/29/2016,Congressman M. Tia Johnson,Issue Papers to be Located or Developed as New Documents Fusion Centers,,,,,,,,,,
458,,,,,,,,,,,,,,
459,May Privacy Office Congressional Report Opened between 5/1/2016 and 5/31/16,,,,,,,,,,,,,
460,1123767,4/29/2016,Congressman M. Tia Johnson,"New Issue Paper to be Developed Hot FEMA Topics (Grants, CCTA, Catastrophic Planning, NCR)",,,,,,,,,,
461,1123768,4/29/2016,Congressman M. Tia Johnson,New Issue Papers to be Developed 1. Engagement/Information Sharing with Europe,,,,,,,,,,
462,1123742,4/29/2016,Congressman M. Tia Johnson,"New Issue Papers to be Developed 2, Engagement/Information Sharing with Middle East",,,,,,,,,,
463,1123743,4/29/2016,Congressman M. Tia Johnson,New Issue Papers to be Developed 3. Secure Real-Time Platform,,,,,,,,,,
464,1123744,4/29/2016,Congressman M. Tia Johnson,New Issue Papers to be Developed 4. Watchlisting/DHS Operations and Overview,,,,,,,,,,
465,1123745,4/29/2016,Congressman M. Tia Johnson,New Issue Papers to be Developed 5. Turkey engagement on stemming foreign fighter flows,,,,,,,,,,
466,1123746,4/29/2016,Congressman M. Tia Johnson,"Issue Papers to be Revised/Updated 1, Visa Waiver Program/Dual nationals",,,,,,,,,,
467,1123747,4/29/2016,Congressman M. Tia Johnson,"Issue Papers to be Revised/Updated 2, Preclearance Agreement/Canada",,,,,,,,,,
468,1123769,4/29/2016,Congressman M. Tia Johnson,Issue Papers to be Revised/Updated 2. Foreign Fighters,,,,,,,,,,
469,1123835,4/29/2016,Congressman M. Tia Johnson,"Issue Papers to be Updated (Attached) 2, S&T Border Technology",,,,,,,,,,
470,1124942,5/20/2016,Congressman Ron Johnson,Thank the Deputy Secretary for agreeing to testify before the Senate Homeland Security and Governmental Affairs Committee on May 26.,,,,,,,,,,
471,1125002,5/23/2016,Congressman Daniel W. Lipinski,Supports the City of Lockport's application under the Port Security grant Program.,,,,,,,,,,
472,,,,,,,,,,,,,,
473,May Privacy Office Congressional Report Opened between 5/1/2016 and 5/31/16,,,,,,,,,,,,,
474,1124643,5/17/2016,Congressman Stephen Lynch,Requests assistance for a constituent regarding his Global Entry application.,,,,,,,,,,
475,1125097,5/24/2016,Congressman Kenny Marchant,Requests information regarding transport of illegal aliens on commercial airline flights.,,,,,,,,,,
476,1124587,5/17/2016,Congressman Claire McCaskill,Requests information regarding the Department's assistance to OPM's secure information technology environment.,,,,,,,,,,
477,1124871,5/19/2016,Congressman Michael McCaul,Write regarding commercial air service to Cuba.,,,,,,,,,,
478,1125015,5/23/2016,Congressman Michael McCaul,"Supports the Austin Capital Metropolitan Transportation Authority’s application for the Transit Security Grant Program,",,,,,,,,,,
479,1123828,5/3/2016,Congressman Patty Murray,Requests a briefing from State Department regarding steps taken to address problems with the agriculture industry.,,,,,,,,,,
480,1124250,5/10/2016,Senator Bill Nelson,"Urges the Departments of Homeland Security, Commerce, and Transportation to become formal members of the Subcommittee on Social and Behavioral Sciences Team.",,,,,,,,,,
481,1125099,5/24/2016,Senator Bill Nelson,Requests information regarding commercial air service to and from Cuba.,,,,,,,,,,
482,123845,/3/2016,Congressman Gary Peters,Write on behalf of a constituent and her daughter.,,,,,,,,,,
483,1124150,5/6/2016,Congressman Matt Salmon,Requests information regarding the Student and Exchange Visitor Program (SEVP).,,,,,,,,,,
484,,,,,,,,,,,,,,
485,May Privacy Office Congressional Report Opened between 5/1/2016 and 5/31/16,,,,,,,,,,,,,
486,1124693,5/18/2016,Congressman Bernard Sanders,Writes regarding National Border Patrol Council claims of union grie vances and violations of law.,,,,,,,,,,
487,1125400,5/27/2016,Congressman Ben Sasse,Urges the Department to make a report to Congress of a plan to address any vulnerability related to terrorism and border security.,,,,,,,,,,
488,1123810,5/2/2016,Congressman Charles Schumer,Write in support of the City of Newburgh Fire Department's application for FEMA funding.,,,,,,,,,,
489,1123811,5/3/2016,Congressman Charles Schumer,Write in support of the Syracuse Fire Department’s application for FEMA funding.,,,,,,,,,,
490,1123812,5/3/2016,Congressman Charles Schumer,Write in support of Congregation Aish Kodesh's application for FEMA funding.,,,,,,,,,,
491,1124699,5/13/2016,Congressman Charles Schumer,Supports University at Albany Center for Technology in Government’s application for FEMA’s Fire Prevention & Safety grant.,,,,,,,,,,
492,1124700,5/13/2016,Congressman Charles Schumer,Supports Elmira Fire Department's application for FEMA’s Assistance to Firefighters grant.,,,,,,,,,,
493,1124701,5/13/2016,Congressman Charles Schumer,Supports Troy Fire Department's application for FEMA’s Staffing for Adequate Fire and Emergency Response grant.,,,,,,,,,,
494,1124943,5/20/2016,Congressman Charles Schumer,Writes in support of the Fireman's Association of New York's application for FEMA funding.,,,,,,,,,,
495,1124947,5/20/2016,Congressman Charles Schumer,Writes in support of the Cold Spring Harbor Fire Department's application for FEMA funding.,,,,,,,,,,
496,,,,,,,,,,,,,,
497,May Privacy Office Congressional Report Opened between 5/1/2016 and 5/31/16,,,,,,,,,,,,,
498,1124948,5/20/2016,Congressman Charles Schumer,Writes in support of the City of Fulton Harbor Fire Department's application for FEMA funding.,,,,,,,,,,
499,1124949,5/20/2016,Congressman Charles Schumer,Writes in support of the Jamesport Fire District’s application for FEMA funding.,,,,,,,,,,
500,1124953,5/20/2016,Congressman Charles Schumer,Writes in support of Nyack Joint Fire District's application for FEMA funding.,,,,,,,,,,
501,1123790,5/2/2016,Congressman Bennie G. Thompson,Writes regarding Chemical Facility Anti-Terrorism Standards Expedited Approval Program.,,,,,,,,,,
502,1125252,5/25/2016,Congressman Kevin Yoder,Seeks plan of action to improve TSA security line waiting times.,,,,,,,,,,
503,1125387,5/17/2016,Congressman Debbie Stabenow,Senator Stabenow writes on behalf of (N 'egarding the status of his application for a certificate of documentation for a vessel.,,,,,,,,,,
504,,,,,,,,,,,,,,
505,June Privacy Office Congressional Report Opened between 6/1/2016 - 6/30/2016,,,,,,,,,,,,,
506,WF#,Receive Date,Congressman Name,Subject of Request,,,,,,,,,,
507,1i25800,6/6/2016,Congressman Joe Barton,Rep. Barton forwards a request from|(b)( | |a former Federal Air Marshal who would like a piece of history from 911.,,,,,,,,,,
508,1125805,6/6/2016,1 Congressman Roy Blunt,"Senator Blunt forwards concerns from (b)(6) | regarding his reinstatement at his post at the Social Security Administration, Missouri office.",,,,,,,,,,
509,1126364,6/16/2016,Senator Cory A. Booker,Requests TPS for Ecuador.,,,,,,,,,,
510,1126036,6/9/2016,Congressman Bradley Byrne,Write in strong opposition to using a facility for housing of UACs.,,,,,,,,,,
511,1125589,6/1/2016,Congressman Shelley Moore Capito,Senator Capito writes on behalf of regarding the status of her TS/SCI clearance.,,,,,,,,,,
512,1126534,6/20/2016,Congressman Michael Cap nano,Writes of constituent complaints of excessive wait times for interviews for PreCheck and Global Entry.,,,,,,,,,,
513,1125899,6/8/2016,Congressman Thomas Carper,Requests information regarding the Department's response to recent cyber attacks.,,,,,,,,,,
514,1126602,6/20/2016,Congressman Earl Carter,Representative Carter forwards a request from (b)(6) for a Law Enforcement Officers Safety Act (LEOSA) identification.,,,,,,,,,,
515,1126183,6/14/2016,Congressman John Carter,Writes concerning the reprograming and transferring of funds within TSA appropriations.,,,,,,,,,,
516,,,,,,,,,,,,,,
517,June Privacy Office Congressional Report Opened between 6/1/2016 - 6/30/2016,,,,,,,,,,,,,
518,1125835,6/6/2016,Congressman Jason Chaffetz,Request a briefing regarding DHS' Silicon Valley Office.,,,,,,,,,,
519,1126009,6/9/2016,Congressman Jason Chaffetz,Requests information on two individuals accused of human rights violations.,,,,,,,,,,
520,1126333,6/15/2016,Congressman Jason Chaffetz,Requests information related to an incident at a USCJS facility in San Bernardi no.,,,,,,,,,,
521,1126429,6/16/2016,Congressman Jason Chaffetz,Requests information related to Orlando's Risk Profile.,,,,,,,,,,
522,1127082,6/28/2016,Congressman Jason Chaffetz,Requests immigration information on an individual who attempted to assassinate Donald Trump.,,,,,,,,,,
523,1126821,6/23/2016,Congressman Chris Collins,Supports Niagara Frontier Transportation Authority's application for a Transit Security Grant.,,,,,,,,,,
524,1127071,6/17/2016,Congressman Barbara Comstock,Rep. Comstock forwards concerns from requesting the status of his DHS OIG Complaint.,,,,,,,,,,
525,1125786,6/6/2016,Congressman Paul Cook,Representative Cook writes in on behalf ofPW Iwho trving to obtain a copy of her deceased husband certificate of naturalization,,,,,,,,,,
526,1125814,6/6/2016,Congressman Paul Cook,RR would like to know if the Department of Homeland Security could change the name on his citizenship certificate,,,,,,,,,,
527,1126251,6/13/2016,Congressman Henry Cuellar,Thanks Director Saldana for providing an ICE Agent as a fellow in his office.,,,,,,,,,,
528,1125871,6/7/2016,Congressman Rosa Delauro,Write in support of a TPS extension request from legislators from the State of Connecticut.,,,,,,,,,,
529,,,,,,,,,,,,,,
530,June Privacy Office Congressional Report Opened between 6/1/2016 - 6/30/2016,,,,,,,,,,,,,
531,1125907,6/8/2016,Congressman Richard Durbin,Write with concern of recent immigration raids targeting individuals from Central America and requests TPS be considered.,,,,,,,,,,
532,1126153,6/13/2016,Congressman Jeff Flake,"Senator Flake forwards correspondence from | offering a reasonable solution to enhance state and national security, reduce unemployment, assist our disabled veterans and more in wake of recent tragic and horrific events.",,,,,,,,,,
533,1127010,6/22/2016,Congressman J. Randy Forbes,Rep. Forbes forwards an inquiry from [WR asking DHS to appeal a decision made by the U.S. Coast Guard.,,,,,,,,,,
534,1126911,6/24/2016,Congressman Kirsten Gillibrand,Supports grant request for funding from Urban Area Security Grant Program.,,,,,,,,,,
535,1126155,6/13/2016,Congressman Bob Goodlatte,Requests information on an individual charged with attempting to bring an alien to the United States for financial gain.,,,,,,,,,,
536,1126180,6/14/2016,Congressman Bob Goodlatte,Requests information for individuals regarding the Orlando nightclub mass shooting.,,,,,,,,,,
537,1126603,6/21/2016,Congressman Bob Goodlatte,"Requests information regarding criminal aliens for FY 2014, 2015, and YTD 2016.",,,,,,,,,,
538,1127021,6/27/2016,Congressman Bob Goodlatte,Requests A-file and other information regarding an alien.,,,,,,,,,,
539,,,,,,,,,,,,,,
540,June Privacy Office Congressional Report Opened between 6/1/2016 - 6/30/2016,,,,,,,,,,,,,
541,1127329,6/30/2016,Congressman Bob Goodlatte,Rep. Goodlatte forwards concerns from (PX6) | regarding issues he has about re-entry into the U.S. following international travel.,,,,,,,,,,
542,1125854,6/7/2016,Senator Charles E. Grassley,Requests information regarding Special Immigrant Visas issued to Afghans.,,,,,,,,,,
543,1125874,6/7/2016,Senator Charles E. Grassley,Expresses concern regarding abuse of the B visa program.,,,,,,,,,,
544,1126047,6/10/2016,Senator Charles E. Grassley,Requests information on the new screening processes for individuals from Specially Designated Countries (SDC).,,,,,,,,,,
545,1126154,6/13/2016,Senator Charles E. Grassley,"Requests information related to June 12, 2016 Orlando shooting.",,,,,,,,,,
546,1126367,6/16/2016,Senator Charles E. Grassley,Requests information regarding human subject testing.,,,,,,,,,,
547,1126866,6/24/2016,Senator Charles E. Grassley,Requests additional information regarding employees on extended administrative leave.,,,,,,,,,,
548,1127011,6/27/2016,Senator Charles E. Grassley,Writes concerning the Department's interactions with recalcitrant countries regarding repatriating nationals.,,,,,,,,,,
549,1127012,6/27/2016,Senator Charles E. Grassley,Requests information related to an employee and a intra-departmental Memorandum of Agreement.,,,,,,,,,,
550,1127013,6/27/2016,Senator Charles E. Grassley,Write regarding OIG report about the DHS Visa Security Program and the implementation of OIG recommendations.,,,,,,,,,,
551,,,,,,,,,,,,,,
552,June Privacy Office Congressional Report Opened between 6/1/2016 - 6/30/2016,,,,,,,,,,,,,
553,1127073,6/28/2016,Senator Charles E. Grassley,Write to request an individual he approved to extend their detail to the U.S. Senate Committee on the Judiciary.,,,,,,,,,,
554,1127074,6/28/2016,Senator Charles E. Grassley,Requests information regarding the adult entertainment industry's use of employment-based visa categories.,,,,,,,,,,
555,1126489,6/17/2016,Congressman Luis Gutierrez,Writes regarding DHS recommendation for TPS status for Ecuadorian nationals.,,,,,,,,,,
556,1127333,6/28/2016,Congressman Andrew Harris,Rep. Harris forwards correspondence on behalf of |(b>(6> | concerning secondary inspections she's been experiencing whenever she returns to the U.S. from abroad.,,,,,,,,,,
557,1126852,6/23/2016,Congressman Mazie Hirono,Support Singapore's participation in the Global Entry Program.,,,,,,,,,,
558,1126932,6/17/2016,Congressman Steny Hoyer,"Rep. Steny Hoyer writes on behalf of |(b)( I 1(b)(0) Regarding his reauest for 0PM to accept all three elements of TSA Special Agents salary-basic pay, LEAP locality pay - for retirement purposes.",,,,,,,,,,
559,1127076,6/15/2016,Congressman Steny Hoyer,"Rep. Hoyer copied A/S OLA Johnson on the inquiry addressed to OPM regarding (b)(6) | concerning the Law Enforcement Availability Pay (LEAP) not being applied to his retirement, and OPM not honoring the pay cap for TSA Law Enforcement Officers.",,,,,,,,,,
560,1125804,6/6/2016,Congressman Duncan Hunter,Requests information regarding the circumstances relating to certain Special Interest Aliens.,,,,,,,,,,
561,1126362,6/16/2016,Congressman Duncan Hunter,"Invites the Department to testify at a joint hearing title ""Prevention of Smuggling at United States Ports.""",,,,,,,,,,
562,,,,,,,,,,,,,,
563,June Privacy Office Congressional Report Opened between 6/1/2016 - 6/30/2016,,,,,,,,,,,,,
564,1126439,6/16/2016,Congressman Duncan Hunter,"Invites the Secretary to present testimony at joint hearing on July 7, 2016,",,,,,,,,,,
565,1126917,6/24/2016,Congressman Duncan Hunter,"Requests the Secretary to present testimony before the Subcommittee on Coast Guard and Maritime Transportation of the Committee on Trans portant and Infrastructure and the Subcommittee on Border and Maritime Security of the Committee on Homeland Security on July 7th, 2016,",,,,,,,,,,
566,1125825,6/6/2016,Congressman Sheila Jackson Lee,Write on behalf on a constituent regarding a request for an extension of Deferred Action and Employment Authorization.,,,,,,,,,,
567,1126337,6/15/2016,Congressman Ron Johnson,Requests a briefing regarding the Orlando nightclub shooting.,,,,,,,,,,
568,1126415,6/16/2016,Congressman Ron Johnson,Thanks the Deputy Secretary for his testimony during the May 26 hearing.,,,,,,,,,,
569,1126869,6/16/2016,Congressman Mike Kelly,"Rep. Mike Kelly writes on behalf of 1(b) (1 1(b)(6) land his wife,|(b)(6) | (b)(6) regarding their Homeland Security check for renewal of their PA driver’s licenses.",,,,,,,,,,
570,1127282,6/30/2016,Congressman Barbara Lee,"Requests review of Oakland, CA terminal project for compliance with the Civil Rights Act.",,,,,,,,,,
571,1126366,6/16/2016,Congressman John Lewis,Write with concern regarding Operation Border Guardian.,,,,,,,,,,
572,1126048,6/10/2016,Congressman Kenny Marchant,Writes concerning the difficulties for Global Entry applicants in the vicinity of the Dallas/Ft. Worth International Airport.,,,,,,,,,,
573,,,,,,,,,,,,,,
574,June Privacy Office Congressional Report Opened between 6/1/2016 - 6/30/2016,,,,,,,,,,,,,
575,1125683,6/2/2016,Congressman Michael McCaul,"Write concerning the Department's witnesses for a May 17, 2016 hearing regarding the security of airports in Cuba.",,,,,,,,,,
576,1125696,6/2/2016,Congressman Michael McCaul,Supports the Austin Capital Metropolitan Transportation Authority for the FY 2016 Transit Security Grant Program (TSGP).,,,,,,,,,,
577,1125822,6/6/2016,Congressman Michael McCaul,Write requesting A-files for an airport employee accused of war crimes and his wife.,,,,,,,,,,
578,1125824,6/6/2016,Congressman Michael McCaul,Express concern about aviation security vulnerabilities.,,,,,,,,,,
579,1126132,6/13/2016,Congressman Michael McCaul,Write with concern that ISIS is systematically exploiting refugee flows to conduct terrorist attacks.,,,,,,,,,,
580,1126282,6/15/2016,Congressman Michael McCaul,Requests travel information for two individuals related to the Orlando nightclub mass shooting.,,,,,,,,,,
581,1126593,6/20/2016,Congressman Michael McCaul,Two legislative proposals related to the licensure requirements for health care providers and technology clearinghouse authorities.,,,,,,,,,,
582,1126964,6/24/2016,Congressman Michael McCaul,Urge POTUS to implement the American Security Against Foreign Enemies (SAFE) Act of 2015.,,,,,,,,,,
583,1125557,6/1/2016,Congressman Jerry McNemey,Rep. McNemey writes on behalf of |(b><6> | (b)(6) Iconceming her minor son in regards to his information being cleared by DHS.,,,,,,,,,,
584,,,,,,,,,,,,,,
585,June Privacy Office Congressional Report Opened between 6/1/2016 - 6/30/2016,,,,,,,,,,,,,
586,1126773,6/23/2016,Congressman Lisa Murkowski,"Supports grant application from City of Juneau, Docks & Harbors Department for DHS fiscal year 2016 Port Security Grant Program.",,,,,,,,,,
587,1125802,6/6/2016,Senator Bill Nelson,Writes the Department regarding an oil spill response agreement with Cuba.,,,,,,,,,,
588,1126901,6/24/2016,Senator Bill Nelson,Senator Nelson wrote in on behalf of |(b) | 1(b)(6) |who feels he was subjected to a terrorist threat.,,,,,,,,,,
589,1126915,6/3/2016,Congressman Richard Nugent,Rep. Nugent forwards correspondence from|(b)(6) Regarding an online application for global entry.,,,,,,,,,,
590,1125601,6/1/2016,Congressman Peter M. Olsen,Writes regarding his experience with trying to obtain employment with TSA and implies age discrimination.,,,,,,,,,,
591,1126343,6/20/2016,Congressman Scott Perry,Requests information regarding a member of the Homeland Security Advisory Council's (HSAC) Subcommittee on Countering Violent Extremism.,,,,,,,,,,
592,1125587,6/1/2016,Congressman Scott Peters,Supports North County Transit District Grant Application,,,,,,,,,,
593,1125591,6/1/2016,Congressman Scott Peters,Supports North County Transit District Grant Application,,,,,,,,,,
594,1126353,6/15/2016,Congressman Marco Rubio,"Request Urban Area Security Initiative re-evaluation for Orlando, Florida.",,,,,,,,,,
595,1125520,6/1/2016,Congressman C. A. Dutch Ruppersberger,Writes regarding RadSeeker DL radioisotope detectors.,,,,,,,,,,
596,1126545,6/20/2016,Congressman Linda T. Sanchez,Expresses support of Freedom of Information Act request for naturalizatoin documents.,,,,,,,,,,
597,,,,,,,,,,,,,,
598,June Privacy Office Congressional Report Opened between 6/1/2016 - 6/30/2016,,,,,,,,,,,,,
599,1125784,6/6/2016,Congressman Charles Schumer,Write in support of Sidney EMS's application for FEMA funding.,,,,,,,,,,
600,1125792,6/6/2016,Congressman Charles Schumer,Write in support of the Hartsdale Fire District's application for FEMA funding.,,,,,,,,,,
601,1125793,6/6/2016,Congressman Charles Schumer,"Supports the Gouverneur Volunteer Rescue Squad’s application for the Assistance to Firefighter's Grant (AFG),",,,,,,,,,,
602,1125795,6/6/2016,Congressman Charles Schumer,Supports the Village of Owego's application for the Staffing for Adequate Fire and Emergency Response grant program.,,,,,,,,,,
603,1125797,6/6/2016,Congressman Charles Schumer,Write in support of the Smithfield Fire Department's application for FEMA funding.,,,,,,,,,,
604,1125799,6/6/2016,Congressman Charles Schumer,Supports the Ithaca Fire Department's application for the Assistance to Firefighters Grant program.,,,,,,,,,,
605,1125597,6/1/2016,Congressman Austin Scott,Rep. Scott forwards a signed privacy release form from TX6) regarding his being wrongfu ly terminated from Paragon Systems.,,,,,,,,,,
606,1126368,6/16/2016,Congressman Jeff Sessions,Follow up to previous letters requesting immigration histories for individuals linked to terrorism.,,,,,,,,,,
607,1126904,6/24/2016,Congressman Jeanne Shaheen,Write concerning the asylum applications for two Syrian individuals.,,,,,,,,,,
608,1126908,6/3/2016,Congressman John Shimkus,"Rep. Shimkus forward correspondence from|(bX6) Iconcerning her incident with a TSA employee at Lambert International Airport on May 9, 2016.",,,,,,,,,,
609,,,,,,,,,,,,,,
610,June Privacy Office Congressional Report Opened between 6/1/2016 - 6/30/2016,,,,,,,,,,,,,
611,1126151,6/13/2016,Congressman Debbie Stabenow,Senator Stabenow writes on behalf of|(b)( |(b)(6> Iregarding his retirement overpayment issue.,,,,,,,,,,
612,1125858,6/7/2016,Congressman Dan Sullivan,"Write in support of the City and Borough of Juneau, Docks and Harbors Department's application for FEMA funding.",,,,,,,,,,
613,1125801,6/6/2016,Congressman Erie Swalwell,Write in support of the San Francisco Bay Area Rapid Transit District for FEMA funding FY 2016.,,,,,,,,,,
614,1127037,6/27/2016,Congressman Jon Tester,Write regarding the Orlando shooting and information on DHS oversight and vetting of security contracters.,,,,,,,,,,
615,1126595,6/20/2016,Congressman Bennie G. Thompson,Two legislative proposals related to the licensure requirements for health care providers and technology clearinghouse authorities.,,,,,,,,,,
616,1126653,6/9/2016,Congressman Chris Van Hollen,General (non-specific) constituent inquiry regarding TSA security protocol for merchant mariners specifically the Program.,,,,,,,,,,
617,1127235,6/29/2016,Congressman Mark Warner,"Senator Warner forwards correspondence from |F-')(6) | regard i n g a FOIA request he submitted on December 10,2015.",,,,,,,,,,
618,1126188,6/9/2016,Congressman Robert Wittman,ConstituentIwrites in expressing her displeasure with FEMA for dismissed from work while under doctor's care.,,,,,,,,,,
619,1126440,6/9/2016,Congressman Robert Wittman,Constituent |(b)(6) Iwrites concerning his security clearance and his change of address.,,,,,,,,,,
620,,,,,,,,,,,,,,
621,June Privacy Office Congressional Report Opened between 6/1/2016 - 6/30/2016,,,,,,,,,,,,,
622,1126605,6/16/2016,Congressman Robert Wittman,"Rep. Wittman forwards concerns from (who states he completed 03 years of H’B visa and applied for extension for another term which, was denied then he tiled MTR appeal against that decision and that appeal is pending since April! 29 2015.",,,,,,,,,,
623,1125576,6/1/2016,Congressman David Young,Rep. Young forwards correspondence on behalf ot|(bW (regarding the status of his 1-589.,,,,,,,,,,
624,1126736,6/22/2016,Congressman Scott Perry,Congressman Perry wrote the CHCO regarding the findings of the recent OIG report CBP Needs Better Data to Justify Its Criminal Investigator Staffing.,,,,,,,,,,
625,1126738,6/22/2016,Senator Tom Carper,"Senator Carper writes the Department to achieve a better understanding of DHS recruiting, hiring and retaining cyber personnel.",,,,,,,,,,
626,,,,,,,,,,,,,,
627,July Privacy Office Congressional Report Opened between 7/1/2016-7/31/2016,,,,,,,,,,,,,
628,WF#,Receive Date,Congressman Name,Subject of Request,,,,,,,,,,
629,1128629,7/26/2016,Senator Tammy Baldwin,Urges fair and equal application of test standards for the selection of the contract of USCG Offshore Patrol Cutter.,,,,,,,,,,
630,1128449,7/21/2016,Congressman Roy Blunt,Thanks the Secretary for participating in the 2016 Summer Congressional Intern Lecture Series.,,,,,,,,,,
631,1128123,7/14/2016,Senator Cory A. Booker,Express concern regarding UAS1 assessment and risk scoring methodology.,,,,,,,,,,
632,It 27524,7/5/2016,Congressman Richard Burr,Requests briefing and background information related to suspension of adoptions from Nepal.,,,,,,,,,,
633,1128730,7/27/2016,Congressman GK Butterfield,Writes regarding a constituent currently held in detention.,,,,,,,,,,
634,1127409,7/1/2016,Congressman Thomas Carper,Requests information regarding hiring of cybersecurity personnel.,,,,,,,,,,
635,1127732,7/11/2016,Congressman Jason Chaffetz,Requests a briefing on (he role of USSS and its essential responsibilities,,,,,,,,,,
636,1128032,7/13/2016,Congressman Jason Chaffetz,Requests information regarding a Mexican national charged with murder at an Oregon blueberry farm.,,,,,,,,,,
637,1128492,7/21/2016,Congressman Jason Chaffetz,Requests information on how DHS manages responsibilities relating to the Hatch Act.,,,,,,,,,,
638,1128667,7/27/2016,Congressman Jason Chaffetz,Write regarding compliance with elements of the Federal Information Security Management Act of 2002.,,,,,,,,,,
639,,,,,,,,,,,,,,
640,July Privacy Office Congressional Report Opened between 7/1/2016-7/31/2016,,,,,,,,,,,,,
641,1128247,7/18/2016,Congressman Antler Crenshaw,"Rep. Crenshaw forwards correspondence from KbW ,|a retired Senior Federal Air Marshal, who was recently denied a FLEOSA card.",,,,,,,,,,
642,1128421,7/20/2016,Congressman Jeffrey Denham,Rep. Denham forwards correspondence from RS) ] of Skyview Flight Academy regarding an appeal submitted on 6-17-2016.,,,,,,,,,,
643,1128904,7/25/2016,Congressman Chinedu Ezeoeha,Applicant writing regarding a complaint.,,,,,,,,,,
644,1128020,7/13/2016,Congressman Dianne Feinstein,Writes requesting information on the Priority Enforcement Program,,,,,,,,,,
645,1127670,7/8/2016,Congressman Jeff Flake,Write regarding the Unified Cargo Examination pilot program in Arizona.,,,,,,,,,,
646,1128079,7/13/2016,Congressman Marcia Fudge,Supports the application of an individual for a position with MGMT.,,,,,,,,,,
647,1128126,7/14/2016,Congressman Christopher Gibson,"Representative Gibson writes in on behalf ofPMSf Iwould like the sign in log for the Federal Building located at 130 South Elmwood Ave in Buffalo, NY and the timesheets of all Buffalo VA Ro personnel.",,,,,,,,,,
648,1128615,7/25/2016,Congressman Lindsey Graham,Senator Graham writes in on behalf of | who expressing his displeasure with the fines his company is being assessed,,,,,,,,,,
649,1127729,7/11/2016,Senator Charles E. Grassley,Write regarding Li AC and gang violence.,,,,,,,,,,
650,1128443,7/21/2016,Senator Charles E. Grassley,Write requesting information regarding the individual involved in the attack in Nice.,,,,,,,,,,
651,,,,,,,,,,,,,,
652,July Privacy Office Congressional Report Opened between 7/1/2016-7/31/2016,,,,,,,,,,,,,
653,1128854,7/28/2016,Senator Charles E. Grassley,Writes concerning potential abuse of the H-IB visa program by schools affiliated with the Giilen movement.,,,,,,,,,,
654,1128253,7/12/2016,Congressman Johnny Isakson,Senator Isakson forwards correspondence from |(b)(6) Regarding a rash of incidents at the Federal Law Enforcement Training Centers.,,,,,,,,,,
655,1128821,7/27/2016,Congressman Johnny Isakson,"Senator Isakson forwards correspondence from |(b><6> 1 regarding his termination from Paragon Systems, Inc. at the request of Federal Protective Service (FPS).",,,,,,,,,,
656,1128824,7/27/2016,Congressman Johnny Isakson,Senator Isakson writes on behalf of (b) (b)(6) Regarding his applications for positions as a law enforcement instructor.,,,,,,,,,,
657,1128813,7/27/2016,Congressman Sheila Jackson Lee,Rep. Jackson Lee forwards correspondence from ((b)(6) | (b)(6) concerning the processing of his claim of discrimination by DHS.,,,,,,,,,,
658,1127745,7/11/2016,Congressman Ron Johnson,"Invites the Secretary to testify at a hearing titled ""Fifteen Years after 9/11: Threats to the Homeland""",,,,,,,,,,
659,1127613,7/7/2016,Congressman Ann Kirkpatrick,Arizona Delegation that wants S&T to consider establishing a Center of Excellence within DHS,,,,,,,,,,
660,,,,,,,,,,,,,,
661,July Privacy Office Congressional Report Opened between 7/1/2016-7/31/2016,,,,,,,,,,,,,
662,1128172,7/14/2016,Congressman Doug Lamalfa,Rep. Doug LaMalfa forwards correspondence from his constituent RR. regarding a pending,,,,,,,,,,
663,,,,security clearance interview.,,,,,,,,,,
664,1127911,7/7/2016,Congressman Emanuel Lile,Applicant writing regarding status of case.,,,,,,,,,,
665,1128760,7/28/2016,Congressman Zoe Lofgren,Urges the Department release families held in detention with pending asylum claims.,,,,,,,,,,
666,1128510,7/22/2016,Congressman Doris Matsui,Requests the Secretary to review the need among metropolitan statistical areas (MSAs) when allocating homeland security funding,,,,,,,,,,
667,1127728,7/11/2016,Congressman Michael McCaul,Writes expressing concerns over CVE grants,,,,,,,,,,
668,1128828,7/28/2016,Senator Lisa Murkowski,Writes expressing support for the grant application by the State of Alaska for the Pre-Disaster Mitigation Grant Program.,,,,,,,,,,
669,1128517,7/22/2016,Congressman Representative Patrick E. Murphy,"Writes in support of Urban Areas Security Initiative (UASI) funding l'or Orange County, FL in the wake of Orlando shooting.",,,,,,,,,,
670,1128502,7/21/2016,Congressman Belo O’Rourke,Writes of complaints regarding CBP activities.,,,,,,,,,,
671,1127688,7/8/2016,Congressman Scott Perry,Requests information related to an employee.,,,,,,,,,,
672,1128426,7/20/2016,Congressman Robert Pittenger,Writes in support of Charlotte-Mecklenburg Schools' Student Exchange and Visitor Program application.,,,,,,,,,,
673,1127455,7/5/2016,Congressman Ted Poe,Urges focus on maritime ports and CBP staffing shortage issues.,,,,,,,,,,
674,,,,,,,,,,,,,,
675,July Privacy Office Congressional Report Opened between 7/1/2016-7/31/2016,,,,,,,,,,,,,
676,1127690,7/8/2016,Senator Rob Portman,Writes regarding the Trade Facilitation and Trade Enforcement Act of 2015,,,,,,,,,,
677,1127549,7/6/2016,Senator Harry Reid,Write regarding families who do not have access to counsel with potentially legitimate asylum claims.,,,,,,,,,,
678,1127410,7/1/2016,Congressman Mark Sanl'ord,Requests information regarding Pre-Check.,,,,,,,,,,
679,1128337,7/19/2016,Congressman John Sarbanes,Rep. Sarbanes forwards correspondence fromllBK® 1 regarding his former employment with DHS and a debt issue that has persisted for two years.,,,,,,,,,,
680,1127810,7/11/2016,Congressman Brian Schatz,Urges action to allow time for CW-1 visa crisis response.,,,,,,,,,,
681,1127407,7/1/2016,Senator Charles E. Schumer,Writes in support of the Willowvale Fire Company for funding through FEMA's Assistance to Firefighters Grant program.,,,,,,,,,,
682,1127414,7/1/2016,Senator Charles E. Schumer,Writes in support of the application submitted by the FDNY Foundation for funding through FEMA's Fire Safety & Prevention grant program.,,,,,,,,,,
683,1128594,7/25/2016,Senator Charles E. Schumer,Requests a review of New York area airports to increase security camera surveillance,,,,,,,,,,
684,1128395,7/20/2016,Congressman Tim Scott,"Write in support of Berkeley County, South Carolina for their proposal for the Port Security Grant Program,",,,,,,,,,,
685,1127593,7/6/2016,Congressman Jeff Sessions,Opposes evaluation of Naval Air Station Whiting Field as a potential location to house alien juveniles and requests information related to Office of Refugee Resettlement activities.,,,,,,,,,,
686,,,,,,,,,,,,,,
687,July Privacy Office Congressional Report Opened between 7/1/2016-7/31/2016,,,,,,,,,,,,,
688,1128218,7/18/2016,Congressman Norma Torres,"Request to designate the northern triangle countries of Guatemala, El Salvador, and Honduras for TPS.",,,,,,,,,,
689,1128919,7/29/2016,Congressman Tom Udall,"Senator Udall writes on behalf ofKbX0l 1WS 1 who would like to have his name removed off DHS A&D List,",,,,,,,,,,
690,1128638,7/26/2016,Congressman Timothy Walherg,"1(SW&U ""Ils Requesting Assistance with His Federal Employees Group Life Insurance Premiums Waivers",,,,,,,,,,
691,1128816,7/27/2016,Congressman Robert Wittman,Rep. Wittman forwards correspondence fromlR®1 ^concerning the demotion she received from the TSA Office of Security Operations.,,,,,,,,,,
692,1127411,7/1/2016,Congressman Don Young,Writes in support of the City and Bourough of Juneau to the Department of Homeland Security Fiscal Year 2016 Port Security Grant Program.,,,,,,,,,,
693,1127700,7/8/2016,Congressman Don Young,Writes expressing support for a grant application to the Pre-Disaster Mitigation Grant Program,,,,,,,,,,
694,1128161,7/15/2016,Congressman Perry,IT Workforce,,,,,,,,,,
695,,,,,,,,,,,,,,
696,August Privacy Office Congressional Report Opened between 8/1/2016 - 8/31/2016,,,,,,,,,,,,,
697,WF#,Receive Date,Congressman Name,Subject of Request,,,,,,,,,,
698,1129156,8/4/2016,Senator John Barrasso,Thanks employees of ICE and CBP for their work during a Congressional visit,,,,,,,,,,
699,1129163,8/4/2016,Senator John Barrasso,"Writes to express appreciation for DHS staff during their Congressional Staff Delegation visit to the Tohono O'odham Indian Nation in Tucson and Sells, Arizona on June 30th and July 1st.",,,,,,,,,,
700,1129518,8/11/2016,Senator Cory A. Booker,Supports Fire Department of Morris County's grant application.,,,,,,,,,,
701,1129320,8/8/2016,Congressman Thomas Carper,Writes regarding election system security.,,,,,,,,,,
702,1130297,8/22/2016,Congressman John Carter,Approves fund reprogramming for CVE,,,,,,,,,,
703,1130302,8/22/2016,Congressman John Carter,Disapproves reprogramming of funds for various activities.,,,,,,,,,,
704,1130775,8/26/2016,Congressman Robert Casey,Writes with concern regarding the Berks Family Residential Center.,,,,,,,,,,
705,,,,,,,,,,,,,,
706,August Privacy Office Congressional Report Opened between 8/1/2016 - 8/31/2016,,,,,,,,,,,,,
707,1129113,8/3/2016,Congressman Jason Chaffetz,Inquires about release of aliens convicted of sex offenses in FY 2015.,,,,,,,,,,
708,1130002,8/17/2016,Congressman Jason Chaffetz,Requests information related to two individuals,,,,,,,,,,
709,1130459,8/23/2016,Congressman Jason Chaffetz,Requests the Department provide documents requested in the 3/10/2016 letter.,,,,,,,,,,
710,1129149,8/4/2016,Congressman Tammy Duckworth,Writes to request the Department grant TPS for Ecuadorians in the U.S.,,,,,,,,,,
711,1129702,8/15/2016,Congressman Joni Ernst,Senator Ernst writes on behalf of Id?) 1 |(bX6> who is asking how can he contest or appeal the decision that found him ineligible to begin employment with the TSA as a Federal Air Marshal,,,,,,,,,,
712,1129127,8/3/2016,Congressman Bob Goodlatte,Requests information on an individual who fled the U.S. prior to his trial.,,,,,,,,,,
713,1130647,8/25/2016,Congressman Bob Goodlatte,"Requests information regarding an individual arrested for assault in Twin Falls, Idaho.",,,,,,,,,,
714,,,,,,,,,,,,,,
715,August Privacy Office Congressional Report Opened between 8/1/2016 - 8/31/2016,,,,,,,,,,,,,
716,1130858,8/29/2016,Congressman Bob Goodlatte,Requests A-File and other information regarding an individual.,,,,,,,,,,
717,1129248,8/5/2016,Senator Charles E. Grassley,Write regarding vulnerabilities in the EB-5 program.,,,,,,,,,,
718,1130285,8/22/2016,Senator Charles E. Grassley,"US Senator Charles Grassley sent W) , |a letter regarding jwho committed violent crimes and has been determined dangerous to the community.",,,,,,,,,,
719,1130934,8/31/2016,Senator Charles E. Grassley,Request information regarding an illegal alien involved in a charter bus incident in Louisiana.,,,,,,,,,,
720,1130416,8/23/2016,Congressman Brian Higgins,Writes concerning the Department of Energy's transportation of radioactive waste.,,,,,,,,,,
721,1130449,8/23/2016,Congressman Steny Hoyer,Representative Hover writes on behalf of * regarding his Selective Service Registration,,,,,,,,,,
722,,,,,,,,,,,,,,
723,August Privacy Office Congressional Report Opened between 8/1/2016 - 8/31/2016,,,,,,,,,,,,,
724,1130489,8/24/2016,Congressman Brenda Lawrence,"Supports Basic Marine, Inc, and North Shore Marine Terminal and Logistics, Inc.'s upcoming international cargo shipment to Escanaba, Michigan.",,,,,,,,,,
725,1130317,8/22/2016,Congressman Barbara Lee,Writes to share language to include in FY 2017 Department of Homeland Security Appropriations bill.,,,,,,,,,,
726,1129228,8/5/2016,Congressman Ted Lieu,Expresses concern regarding the allocation of Nonprofit Security Grant Program funds.,,,,,,,,,,
727,1128958,8/1/2016,Congressman Kenny Marchant,Writes with objection to the Central American Minors Refugee/Parole Program.,,,,,,,,,,
728,1129021,8/2/2016,Congressman Kenny Marchant,Requests information regarding Syrian refugees relocated to Texas.,,,,,,,,,,
729,1130542,8/24/2016,Congressman Michael McCaul,Writes regarding employee discipline,,,,,,,,,,
730,,,,,,,,,,,,,,
731,August Privacy Office Congressional Report Opened between 8/1/2016 - 8/31/2016,,,,,,,,,,,,,
732,1130837,8/29/2016,Congressman Michael McCaul,Writes regarding the CVE grant vetting process.,,,,,,,,,,
733,1130100,8/18/2016,Congressman Grace Meng,Requests issuance of memorandum prohibiting federal use of privately operated detention facilities.,,,,,,,,,,
734,1129006,8/1/2016,Congressman Candice Miller,Thanks the Secretary for volunteering time at the Congressional Summer Intern Lecture Series.,,,,,,,,,,
735,1130478,8/24/2016,Congressman Mike Quigley,Requests grant of TPS for nationals of Ecuador,,,,,,,,,,
736,1130038,8/18/2016,Congressman Jack Reed,Request the Department extend TPS and Deferred Enforcement Departure for Liberians in the US.,,,,,,,,,,
737,1129717,8/16/2016,Congressman Cedric Richmond,Writes regarding declared flooding disaster in Louisiana.,,,,,,,,,,
738,1129604,8/12/2016,Congressman Edward Royce,Requests information on Nigerian students studying in the United States.,,,,,,,,,,
739,,,,,,,,,,,,,,
740,August Privacy Office Congressional Report Opened between 8/1/2016 - 8/31/2016,,,,,,,,,,,,,
741,1130223,8/19/2019,Congressman Bernard Sanders,Requests Department look into issue related to obtaining Real ID compliant licenses.,,,,,,,,,,
742,1130305,8/22/2016,Congressman Bernard Sanders,Urges the Department to end use of privately operated detention facilities.,,,,,,,,,,
743,1130324,8/22/2016,Congressman Bernard Sanders,Urges the Department to end use of privately operated detention facilities.,,,,,,,,,,
744,1130326,8/22/2016,Congressman Bernard Sanders,Urges the Department to end use of privately operated detention facilities.,,,,,,,,,,
745,1129282,8/4/2016,Congressman Sami A1 Sardieh,Applicant writing regarding a complaint.,,,,,,,,,,
746,1130491,8/24/2016,Congressman Charles Schumer,Requests an investigation into events at JFK Airport.,,,,,,,,,,
747,,,,,,,,,,,,,,
748,August Privacy Office Congressional Report Opened between 8/1/2016 - 8/31/2016,,,,,,,,,,,,,
749,1130588,8/25/2016,Congressman Louise McIntosh Slaughter,Writes on behalf of constituent regarding a compensation claim.,,,,,,,,,,
750,1129343,8/8/2016,Congressman Bennie G. Thompson,Writes regarding potential Department activities to ensure voting system security during the upcoming election.,,,,,,,,,,
751,1129242,8/4/2016,Congressman Brad Wenstrup,Representative Wenstrup writes on behalf of one his constituents who believe that in 2009 DHS wiped all their database clean of individuals with terrorist connects,,,,,,,,,,
752,,,,,,,,,,,,,,
753,September Privacy Office Congressional Report Opened between 9/1/2016 - 9/30/2016,,,,,,,,,,,,,
754,WF#,Receive Date,Congressman Name,Subject of Request,,,,,,,,,,
755,1132205,9/23/2016,Congressman Michael Bennet,Senator Bennet forwards concerns from |<b)(6> | regarding his Secret security clearance process.,,,,,,,,,,
756,1131246,9/9/2016,Congressman Don Beyer,Support George Mason University's grant application for proposal DHS-16-ST-061-CINA-LEAD.,,,,,,,,,,
757,1131027,9/1/2016,Senator Richard Blumenthal,Wrote with serious concerns regarding the Inspector General's preliminary report with the Department's handling of deportation of undocumented persons with criminal histories.,,,,,,,,,,
758,1131066,9/1/2016,Senator Cory A. Booker,Supports City of Elizabeth Fire Department grant application.,,,,,,,,,,
759,1131097,9/2/2016,Congressman Robert Brady,Writes of concerns regarding election system cybersecurity.,,,,,,,,,,
760,1132249,9/27/2016,Congressman Tony Cardenas,Informs the Department regarding a Security Technology company in his District.,,,,,,,,,,
761,,,,,,,,,,,,,,
762,September Privacy Office Congressional Report Opened between 9/1/2016 - 9/30/2016,,,,,,,,,,,,,
763,1132019,9/22/2016,Congressman Kathy Castor,Writes in support for the Tampa Bay Regional Planning Council's application for CVE grant funding.,,,,,,,,,,
764,1132310,9/28/2016,Congressman Joaquin Castro,Requests information regarding reported DACA renewal application delays.,,,,,,,,,,
765,1131174,9/7/2016,Congressman Jason Chaffetz,Requests information regarding the conversion of political appointees to career positions.,,,,,,,,,,
766,1131835,9/19/2016,Congressman Jason Chaffetz,Writes requesting information on an individual taken into custody as the suspect beleived to be responsible for the bombings in Manhattan and New Jersey.,,,,,,,,,,
767,1132194,9/26/2016,Congressman Jason Chaffetz,Requests information related to refugee numbers.,,,,,,,,,,
768,1132344,9/28/2016,Congressman Jason Chaffetz,Requests A-File and information related to an individual involved in Minnesota stabbing incident.,,,,,,,,,,
769,,,,,,,,,,,,,,
770,September Privacy Office Congressional Report Opened between 9/1/2016 - 9/30/2016,,,,,,,,,,,,,
771,1131932,9/21/2016,Senator Ted Cruz,Requests the Department designate the death of a Border Patrol Agent a line of duty fatality.,,,,,,,,,,
772,1132454,9/30/2016,Senator Ted Cruz,Requests information related to screening individuals for radicalization and the bombings in New York and New Jersey.,,,,,,,,,,
773,1132000,9/22/2016,Congressman Debbie Dingell,Writes in support of two grant applications submitted by Leaders Advancing and Helping Communities for the CVE grant program.,,,,,,,,,,
774,1131858,9/20/2016,Congressman Joe Donnelly,Writes concerning a reduction in domestic steel production and a surge in steel importation.,,,,,,,,,,
775,1132346,9/28/2016,Congressman Dianne Feinstein,Express concern regarding an OIG report regarding citizenship to ineligible aliens.,,,,,,,,,,
776,1132338,9/28/2016,Congressman Jeff Flake,Writes about DHS staff travel policy for U.S. Border Patrol Agents.,,,,,,,,,,
777,,,,,,,,,,,,,,
778,September Privacy Office Congressional Report Opened between 9/1/2016 - 9/30/2016,,,,,,,,,,,,,
779,1131167,9/7/2016,Congressman Chip Fulghum,Advanced Integrated Passenger and Baggage Screening Technologies,,,,,,,,,,
780,1131169,9/1/2016,Congressman Bob Goodlatte,Requests information on an individual charged with attempting to bring an alien to the United States for financial gain.,,,,,,,,,,
781,1131827,9/19/2016,Congressman Bob Goodlatte,"Requests information on an individual in connection with the bombings in Seaside, New Jersey and New York City.",,,,,,,,,,
782,1131996,9/22/2016,Congressman Bob Goodlatte,Request information regarding details listed in a recent DHS OIG report.,,,,,,,,,,
783,1131095,9/2/2016,Senator Charles E. Grassley,"Requests information regarding two individuals arrested in Haverhill, Massachusetts.",,,,,,,,,,
784,1131124,9/6/2016,Senator Charles E. Grassley,Requests information regarding terrorist entities along the U.S. border with Mexico.,,,,,,,,,,
785,,,,,,,,,,,,,,
786,September Privacy Office Congressional Report Opened between 9/1/2016 - 9/30/2016,,,,,,,,,,,,,
787,1131210,9/8/2016,Senator Charles E. Grassley,Requests clarification regarding information posted on CBP and ICE websites.,,,,,,,,,,
788,1131350,9/12/2016,Senator Charles E. Grassley,Requests A-file and other information related to a individual.,,,,,,,,,,
789,1131380,9/12/2016,Senator Charles E. Grassley,Requests investigation into foreign abuse of EB-5 program.,,,,,,,,,,
790,1131492,9/13/2016,Senator Charles E. Grassley,Requests A-File and other information regarding an individual.,,,,,,,,,,
791,1131633,9/15/2016,Senator Charles E. Grassley,Follow up letter requesting information on a fugitive suspect gang member.,,,,,,,,,,
792,1131764,9/16/2016,Senator Charles E. Grassley,Requests A-File and other information regarding an individual.,,,,,,,,,,
793,1131811,9/19/2016,Senator Charles E. Grassley,Request information regarding two individuals.,,,,,,,,,,
794,1131812,9/19/2016,Senator Charles E. Grassley,Write to request information on an individual released from ICE custody who reportedly shot and critically injured two correctional officers.,,,,,,,,,,
795,,,,,,,,,,,,,,
796,September Privacy Office Congressional Report Opened between 9/1/2016 - 9/30/2016,,,,,,,,,,,,,
797,1131903,9/21/2016,Senator Charles E. Grassley,Requests information regarding information gleaned from a DHS OIG report.,,,,,,,,,,
798,1131951,9/21/2016,Senator Charles E. Grassley,Requests explanation regarding allegations of naturalization acceleration.,,,,,,,,,,
799,1132206,9/27/2016,Senator Charles E. Grassley,Requests information regarding a lawful permanent resident.,,,,,,,,,,
800,1132389,9/29/2016,Congressman Raul Grijalva,Writes regarding the use of privately run immigration detention facilities.,,,,,,,,,,
801,1131636,9/15/2016,Congressman Dean Heller,Expresses concerns regarding processing of refugee applications.,,,,,,,,,,
802,1131946,9/21/2016,Congressman Dean Heller,Asks about Department risk assessment.,,,,,,,,,,
803,1132496,9/30/2016,Congressman Mazie Hirono,Urges the Department to consider Kansai International Airport for participation in CBP's preclearance program.,,,,,,,,,,
804,1131370,9/12/2016,Congressman Will Hurd,Write regarding cyber-attacks targeting election systems,,,,,,,,,,
805,,,,,,,,,,,,,,
806,September Privacy Office Congressional Report Opened between 9/1/2016 - 9/30/2016,,,,,,,,,,,,,
807,1132015,9/22/2016,Congressman Eddie Bernice Johnson,Writes regarding an unpleasant experience with TSA personnel at the Dallas Love Field.,,,,,,,,,,
808,1131816,9/19/2016,Congressman Ron Johnson,Writes with concern about information sharing among Department Components.,,,,,,,,,,
809,1131818,9/19/2016,Congressman Ron Johnson,Requests a briefing regarding the Department's missed reporting deadline for the DHS Headquarters Consolidation Act of 2015.,,,,,,,,,,
810,1131881,9/20/2016,Congressman Ron Johnson,Writes regarding the number of apprehensions at the southwest border.,,,,,,,,,,
811,1131909,9/21/2016,Congressman Ron Johnson,Requests information on the individuals involved in the recent New York and New Jersey bombings.,,,,,,,,,,
812,1131184,9/7/2016,Congressman Tim Kaine,Senator Kaine writes on behalf of his constituents who are scheduled for imminent deportation:,,,,,,,,,,
813,,,,,,,,,,,,,,
814,September Privacy Office Congressional Report Opened between 9/1/2016 - 9/30/2016,,,,,,,,,,,,,
815,1132176,9/26/2016,Congressman Amy Klobuchar,Writes with concern about the H2-B visa application timeline.,,,,,,,,,,
816,1132201,9/26/2016,Congressman Patrick Leahy,Strongly opposes the use of for-profit prison companies for immigration detention.,,,,,,,,,,
817,1132284,9/27/2016,Congressman Patrick Leahy,Write with concern about children who have been detained by ICE at the Berks County Residential Center.,,,,,,,,,,
818,1131265,9/9/2016,Congressman Kenny Marchant,Writes regarding the Administration's policy towards recalcitrant countries.,,,,,,,,,,
819,1131268,9/9/2016,Congressman Kenny Marchant,Urges the Department cease using domestic commercial flights to transport illegal immigrants.,,,,,,,,,,
820,1131212,9/8/2016,Congressman Michael McCaul,Urges the Department to review vetting procedures prior to awarding grants.,,,,,,,,,,
821,1131781,9/16/2016,Congressman Michael McCaul,Requests the Department's Report regarding the Headquarters Project.,,,,,,,,,,
822,1131910,9/21/2016,Congressman Michael McCaul,Requests information on the individuals involved in the recent New York and New Jersey bombings.,,,,,,,,,,
823,,,,,,,,,,,,,,
824,September Privacy Office Congressional Report Opened between 9/1/2016 - 9/30/2016,,,,,,,,,,,,,
825,1132077,9/23/2016,Congressman Michael McCaul,Write regarding provisions enacted to bolster the DHS cybersecurity workforce.,,,,,,,,,,
826,1132240,9/27/2016,Congressman Michael McCaul,Writes with questions regarding homegrown violent extremists.,,,,,,,,,,
827,1132317,9/28/2016,Congressman Michael McCaul,Writes about Texas center for Unmanned Aircraft Systems.,,,,,,,,,,
828,1132474,9/30/2016,Congressman Michael McCaul,Requests information regarding foreign countries' counter-radical ization programs.,,,,,,,,,,
829,1131956,9/21/2016,Congressman Martha McSally,Requests report analyzing illicit flows.,,,,,,,,,,
830,1132188,9/26/2016,Congressman Robert Menendez,Writes to commend the work done for the completion of the People's Mojahedin Organization of Iran.,,,,,,,,,,
831,1131062,8/21/2016,Congressman Latoya Menzies,Applicant writing regarding status of case.,,,,,,,,,,
832,1132125,9/23/2016,Congressman Mick Mulvaney,Representative Mulvaney writes on behalf of RR ' who is express his displeasure with the response to his previous letter,,,,,,,,,,
833,,,,,,,,,,,,,,
834,,,September Privacy C Opened betweei,Jffice Congressional Report i 9/1/2016 - 9/30/2016,,,,,,,,,,
835,1132073,9/23/2016,Congressman Lisa Murkowski,Write requesting extension of REAL ID compliance for Alaska.,,,,,,,,,,
836,1132113,9/23/2016,Congressman Lisa Murkowski,Requests investigation into allegations of fraud related to the guest worker program.,,,,,,,,,,
837,1132008,9/22/2016,Congressman Patty Murray,Write regarding a resident of Washington state who has been ordered for removal.,,,,,,,,,,
838,1131867,9/20/2016,Congressman Donald Payne,"Write in support for the reauthorization of TPS for Guinea, Liberia, and Sierra Leone due to the outbreak of Ebola Virus Disease in West Africa.",,,,,,,,,,
839,1131829,9/19/2016,Congressman Gary Peters,Request prioritization of discussion of cybersecurity at financial firms at the upcoming G-20 Leaders summit.,,,,,,,,,,
840,1131215,9/8/2016,Senator Harry Reid,Requests the Department allocate funds to implement ALERT FM.,,,,,,,,,,
841,1131292,9/9/2016,Congressman Kathleen Rice,Writes regarding voting systems.,,,,,,,,,,
842,,,,,,,,,,,,,,
843,September Privacy Office Congressional Report Opened between 9/1/2016 - 9/30/2016,,,,,,,,,,,,,
844,1132278,9/13/2016,Congressman Tom Rice,Rep. Rice writes on behalf of ((b)(6) | ((b)(6) | (b)(6) W)1O js requesting a transfer under a hardship consideration.,,,,,,,,,,
845,1131248,9/9/2016,Congressman Pat Roberts,Writes concerning the affect of the Operational Planning and Technology Integration Contact solicitation cancellation on the National Bio and Agro-defense Facility.,,,,,,,,,,
846,1131963,9/21/2016,Congressman Pat Roberts,Requests A-File and other information regarding an individual.,,,,,,,,,,
847,1131854,9/20/2016,Congressman Marco Rubio,Requests information regarding Federal Air Marshals on flights between the U.S. and Cuba.,,,,,,,,,,
848,1131960,9/21/2016,Congressman Loretta Sanchez,"Requests TPS for Guinea, Liberia, and Siera Leona.",,,,,,,,,,
849,1132455,9/30/2016,Congressman Ben Sasse,Requests information related to OIG Report on improper naturalizations.,,,,,,,,,,
850,,,,,,,,,,,,,,
851,September Privacy Office Congressional Report Opened between 9/1/2016 - 9/30/2016,,,,,,,,,,,,,
852,1131323,9/12/2016,Congressman Charles Schumer,Write in support of an application by John Jay College of Criminal Justice for funding through DHS.,,,,,,,,,,
853,1131962,9/21/2016,Congressman Charles Schumer,Writes with concern on 911 system security.,,,,,,,,,,
854,1131732,9/16/2016,Congressman Jose Serrano,Urges reform of telephone access policies in ICE detection facilities.,,,,,,,,,,
855,1131193,9/7/2016,Congressman Jeff Sessions,"Request the President direct the Departments of Homeland Security, Justice, and State reply to previously sent letters.",,,,,,,,,,
856,1132117,9/23/2016,Congressman Pete Sessions,Makes inquiries related to recent DHS OIG Report.,,,,,,,,,,
857,1131237,9/8/2016,Congressman Jon Tester,Write regarding updated visa requirements between Canada and Mexico and the national security implications.,,,,,,,,,,
858,1132192,9/26/2016,Congressman Jon Tester,Requests information related to grant of citizenship to 858 individuals.,,,,,,,,,,
859,,,,,,,,,,,,,,
860,September Privacy Office Congressional Report Opened between 9/1/2016 - 9/30/2016,,,,,,,,,,,,,
861,1131810,9/19/2016,Congressman Paul Tonko,Supports the University of Albany's proposal for the DHS Center of Excellence funding opportunity.,,,,,,,,,,
862,1131820,9/19/2016,Senator Patrick Toomey,Writes in support of an application proposal to DHS's Center of Excellence for Criminal Investigations and Network Analysis.,,,,,,,,,,
863,1131139,9/6/2016,Congressman Peter J. Visclosky,Writes to endorse the appointment of an individual to the United States Coast Guard National Advisory Council.,,,,,,,,,,
864,1132189,9/26/2016,Congressman Mark Warner,Writes regarding the DATA Act and requests DHS's resubmitted implementation plan.,,,,,,,,,,
865,1132064,9/23/2016,Congressman Kevin Yoder,Seeks information related to an individual alleged to have killed an officer while driving drunk.,,,,,,,,,,
866,,,,,,,,,,,,,,
867,September Privacy Office Congressional Report Opened between 9/1/2016 - 9/30/2016,,,,,,,,,,,,,
868,1131611,9/15/2016,Congressman Lee Zeldin,Urges full consideration to a grant proposal for Mastic Beach Ambulance Company.,,,,,,,,,,
869,1131834,9/19/2016,Congressman Bob Goodlatte,"Requests information on an individual who allegedly stabbed several people in an attack at a St. Cloud, Minnesota shopping center.",,,,,,,,,,
870,,,,,,,,,,,,,,
871,October Privacy Office Congressional Report Opened between 10/1/2016 - 10/31/2016,,,,,,,,,,,,,
872,WF#,Receive Date,Congressman Name,Subject of Request,,,,,,,,,,
873,1133401,10/17/2016,Congressman Alan D. Bersin,Letters to House Judiciary Committee re Preclearance,,,,,,,,,,
874,1134276,10/31/2016,Congressman Don Beyer,Replies to ICE's response letter regarding immigrant women and children at Berks Family Detention Center. This is a follow up letter to Workflow #1132284.,,,,,,,,,,
875,1133950,10/25/2016,Congressman Dave Brat,Rep. Dave Brat writes on behalf of |(b)(6)| Iconceming his public trust clearance.,,,,,,,,,,
876,1133958,10/25/2016,Congressman Dave Brat,Rep. Brat writes on behalf of |<b><6> 1 (b)(6) [who is requesting accurate statistics outlining the federal governments intentions to further accept and resettle immigrants.,,,,,,,,,,
877,,,,,,,,,,,,,,
878,October Privacy Office Congressional Report Opened between 10/1/2016 - 10/31/2016,,,,,,,,,,,,,
879,1132700,10/5/2016,Congressman Tony Cardenas,Writes urging the resourcing of programs related to Central American refugees.,,,,,,,,,,
880,1132806,10/6/2016,Congressman John Carter,Writes regarding support for the creation of a USCIS field office in the North Austin metropolitan area.,,,,,,,,,,
881,1132679,10/5/2016,Congressman Bill Cassidy,Writes on behalf of constituent regarding a proposal to an Agency Announcement.,,,,,,,,,,
882,1132734,10/5/2016,Congressman Jason Chaffetz,Request any correspondence from DHS to the Department of State regarding the State of Gambia's failure to repatriate its nationals that have been removed from the U.S.,,,,,,,,,,
883,1133891,10/24/2016,Congressman Jason Chaffetz,Follow up letter regarding information on an alien who allegedly attempted to assassinate a candidate for President.,,,,,,,,,,
884,1134140,10/28/2016,Congressman Thad Cochran,Write regarding small unmanned aircraft systems demonstration range facilities,,,,,,,,,,
885,,,,,,,,,,,,,,
886,October Privacy Office Congressional Report Opened between 10/1/2016 - 10/31/2016,,,,,,,,,,,,,
887,1133757,10/21/2016,Congressman Doug Collins,Rep. Doug Collins writes on behalf of jwho believes his identity has been compromised.,,,,,,,,,,
888,1133663,10/20/2016,Congressman John Cornyn,Sen. Cornyn writes in support of the grant application submitted by the University of Texas at San Antonio (UTSA).,,,,,,,,,,
889,1133165,10/13/2016,Congressman Tom Cotton,Writes regarding DHS OIG Report,,,,,,,,,,
890,1133865,10/24/2016,Senator Ted Cruz,Requests the Department designate the death of a Border Patrol Agent a line of duty fatality.,,,,,,,,,,
891,,,,,,,,,,,,,,
892,October Privacy Office Congressional Report Opened between 10/1/2016 - 10/31/2016,,,,,,,,,,,,,
893,1133866,10/24/2016,Senator Ted Cruz,Requests the Department designate the death of a Border Patrol Agent a line of duty fatality.,,,,,,,,,,
894,1133867,10/24/2016,Senator Ted Cruz,Requests the Department designate the death of a Border Patrol Agent a line of duty fatality.,,,,,,,,,,
895,1133324,10/14/2016,Congressman Carlos Curbelo,"Supports proposal led by Purdue University for ""Technology Research and Analysis for Criminal network Exploration"".",,,,,,,,,,
896,1132581,10/4/2016,Congressman Steve Daines,"Requests the Department grant the State of Montana an extension for REAL ID enforcement through October 31, 2017.",,,,,,,,,,
897,1132670,10/5/2016,Congressman Susan Davis,Encourage the Department phase out the use of private immigration detention centers.,,,,,,,,,,
898,1133306,10/14/2016,Congressman Joe Donnelly,Writes about concerns regarding transnational criminal organizations.,,,,,,,,,,
899,,,,,,,,,,,,,,
900,October Privacy Office Congressional Report Opened between 10/1/2016 - 10/31/2016,,,,,,,,,,,,,
901,1133610,10/19/2016,Congressman Keith Ellison,Write with concern regarding recent deportations of Southeast Asian community members.,,,,,,,,,,
902,1133251,10/14/2016,Congressman Dianne Feinstein,"Senator Feinstein wrote a letter on July 12, 2016, asking FEMA to provide its perspective on the National Earthquake Hazards Reduction Program and to provide ideas for how the goals of seismic safety and resiliency can be advanced most effectively by Congress.",,,,,,,,,,
903,1133807,10/21/2016,Congressman Jeff Flake,Write regarding the influx of Haitians with asylum claims at the San Luis Port of Entry,,,,,,,,,,
904,1133928,10/25/2016,Congressman Jeff Flake,Writes regarding use of polygraph examinations for CBP applicants.,,,,,,,,,,
905,1133658,10/13/2016,Congressman John Fleming,Rep. Fleming writes on behalf of IMfl |RB _ Iregarding the update of her Social Security card with her married name.,,,,,,,,,,
906,,,,,,,,,,,,,,
907,October Privacy Office Congressional Report Opened between 10/1/2016 - 10/31/2016,,,,,,,,,,,,,
908,1133661,10/20/2016,Congressman John Fleming,Rep. Fleming writes on behalf of (bX6) (b)(6) regarding the status of her case with USCIS.,,,,,,,,,,
909,1133919,10/21/2016,Congressman John Fleming,Rep. Fleming writes on behalf otf(b)(6) 1 |(b)(6) |who Is seeking assistance in expediting the process of receiving U.S. citizenship.,,,,,,,,,,
910,1133117,10/13/2016,Congressman Cory Gardner,Writes concerning a constituent designated a Secondary Security Screen Selection/Seeondary Security Screening Selectee.,,,,,,,,,,
911,1132838,10/6/2016,Congressman Bob Goodlatte,Requests A-File and information related to an individual arrested by the FBI in Maryland.,,,,,,,,,,
912,1133798,10/21/2016,Congressman Bob Goodlatte,"Requests information about criminal aliens in the United States,",,,,,,,,,,
913,1134060,10/27/2016,Congressman Bob Goodlatte,"Requests information involved in a shooting incident in Roanoke, Virginia.",,,,,,,,,,
914,,,,,,,,,,,,,,
915,October Privacy Office Congressional Report Opened between 10/1/2016 - 10/31/2016,,,,,,,,,,,,,
916,1132848,10/7/2016,Writes regarding the FY 2017 continuing resolution affecting four expiring immigration programs. Senator Charles E. Grassley,,,,,,,,,,,
917,1133121,10/13/2016,Requests information regarding an individual suspected of treason and Senator Charles E. Grassley espionage.,,,,,,,,,,,
918,1133328,10/14/2016,Requests information regarding Senator Charles E. Grassley allegations of B-2 Visa program abuse.,,,,,,,,,,,
919,1133872,10/24/2016,"DOS Clearance Request: Sen. Grassley - „ , information regarding an individual Senator Charles E. Grassley . , suspected of treason and espionage.",,,,,,,,,,,
920,1134086,10/27/2016,"Requests information regarding an _ , individual involved with a fire in Senator Charles E. Grassley California.",,,,,,,,,,,
921,1132689,10/5/2016,Requests the Department address issues „ _ _ with Louisiana's Shelter at Home Congressman Garret Graves program.,,,,,,,,,,,
922,,,,,,,,,,,,,,
923,October Privacy Office Congressional Report Opened between 10/1/2016 - 10/31/2016,,,,,,,,,,,,,
924,1133708,10/20/2016,Congressman Michelle Lujan Grisham,Writes regarding FPS agents outside the Albuquerque Social Security Administration,,,,,,,,,,
925,1132626,10/4/2016,Congressman Luis Gutierrez,Request TPS for Ecuador.,,,,,,,,,,
926,1133665,10/20/2016,Congressman Martin Heinrich,Requests Department ensure state and local governments are aware of federal funding opportunities.,,,,,,,,,,
927,1133296,10/14/2016,Congressman Heidi Heitkamp,Supports application submitted by the Global Friends Coalition for FY 2016 Countering Violent Extremism Grant Program.,,,,,,,,,,
928,1132829,10/6/2016,Congressman Mazie Hirono,Requests POTUS to declare major disaster as a result of Hawaii flooding.,,,,,,,,,,
929,1132992,10/11/2016,Congressman Mazie Hirono,Writes to request Kansai International Airport be included in CBP’s preclearance expansion.,,,,,,,,,,
930,1133116,10/13/2016,Congressman Sheila Jackson Lee,Requests the Department assist with a constituent obtaining a T.W.I.C. card.,,,,,,,,,,
931,,,,,,,,,,,,,,
932,October Privacy Office Congressional Report Opened between 10/1/2016 -10/31/2016,,,,,,,,,,,,,
933,1132988,10/11/2016,Congressman Ron Johnson,"Thanks the Secretary for appearing on Septebmer 27, 2016 at the hearing titled ""Fiften Years After 9/11: Threats to the Homeland""",,,,,,,,,,
934,1133874,10/24/2016,Congressman Ron Johnson,Provides post-hearing questions following the 'Fifteen Years After 9/11: Threats to the Homeland' hearing.,,,,,,,,,,
935,1133863,10/24/2016,Congressman Tim Kaine,Senator Kaine forwards correspondence from ^97 | regardi ng an issue he has encountered involving the Federal Protective Service.,,,,,,,,,,
936,1132586,10/4/2016,Congressman Derek Kilmer,Commends the Department on its recent hiring efforts regarding cybersecurity workforce.,,,,,,,,,,
937,1132793,10/6/2016,Congressman Derek Kilmer,Write concerning threats to the maritime commons of the Asia-Pacific.,,,,,,,,,,
938,1132835,10/6/2016,Congressman Steve King,Calls upon the Secretary to suspend dealings with Islamic Society of North America.,,,,,,,,,,
939,,,,,,,,,,,,,,
940,October Privacy Office Congressional Report Opened between 10/1/2016 - 10/31/2016,,,,,,,,,,,,,
941,1133885,10/24/2016,Congressman Doug Lamalfa,Writes regarding constituent church’s sponsorship of a religious worker visa application.,,,,,,,,,,
942,1132834,10/6/2016,Congressman James Lankford,Invites the Secretary to testify before the U.S. Senate Homeland Security and Governmental Affairs Subcommittee on Regulatory Affairs and Federal Management.,,,,,,,,,,
943,1133413,10/17/2016,Congressman Zoe Lofgren,Requests information on the DHS Traveler Redress Inquiry Program (DHS TRIP),,,,,,,,,,
944,1133020,10/12/2016,Congressman Kenny Marchant,Writes concerning press reports regarding the deportation proceedings of illegal immigrants.,,,,,,,,,,
945,1133387,10/18/2016,Congressman Robert W. Mason,"Major Acquisition Programs Risk Assessment (FY17,Q1)",,,,,,,,,,
946,1132636,10/4/2016,Congressman Michael McCaul,Requests the TECS files of three individuals.,,,,,,,,,,
947,1132791,10/6/2016,Congressman Michael McCaul,Write regarding the Transformation Program.,,,,,,,,,,
948,,,,,,,,,,,,,,
949,October Privacy Office Congressional Report Opened between 10/1/2016 - 10/31/2016,,,,,,,,,,,,,
950,,,,,,,,,,,,,,
951,1132683,10/5/2016,Congressman David McKinley,Requests a briefing regarding law enforcement and national security efforts to combat terrorist attacks.,,,,,,,,,,
952,1133168,10/13/2016,Congressman Robert Menendez,Requests Temporary Protected Status to eligible Haitian nationals.,,,,,,,,,,
953,1133404,10/17/2016,Senator Bill Nelson,Supports Tampa Bay Regional Planning Council's efforts to obtain a federal grant.,,,,,,,,,,
954,1133876,10/24/2016,Senator Bill Nelson,Writes on behalf of constituent company seeking DHS business.,,,,,,,,,,
955,1133371,10/17/2016,Congressman Devin Nunes,Requests briefing regarding air traffic security on commercial flights between U.S. and Cuba.,,,,,,,,,,
956,1133017,10/12/2016,Congressman Donald Payne,Write regarding contracts with private prison operators.,,,,,,,,,,
957,1133110,10/12/2016,Congressman Donald Payne,"Representative Payne and Other writes expressing their support for the reauthorizing of the TPS for Guinea, Liberia, and Sierra Leone due to the continued impact of the outbreak of the Ebola Virus in West Africa.",,,,,,,,,,
958,,,,,,,,,,,,,,
959,October Privacy Office Congressional Report Opened between 10/1/2016 - 10/31/2016,,,,,,,,,,,,,
960,,,,,,,,,,,,,,
961,1133402,10/17/2016,Congressman Scott Perry,Requests re-review of constituent USCG Officer's Record,,,,,,,,,,
962,1133112,10/10/2016,Senator Rob Portman,Senator Portman writes in on behalf of 11:1 who is interested in becoming an Secret Service Agent,,,,,,,,,,
963,1133300,10/14/2016,Congressman Todd Rokita,"Supports proposal led by Purdue University titled ""Technology Research and Analysis for Criminal network Exploration"".",,,,,,,,,,
964,1132521,10/3/2016,Congressman Tom Rooney,Representative tom Rooney writes in on behalf of (bt(6> |who is expressing his displeasure with the way he being treated at the airports due to his names being on some type of list,,,,,,,,,,
965,1132982,10/11/2016,Congressman Marco Rubio,Writes concerning federal regulations following a hurricane.,,,,,,,,,,
966,1133869,10/24/2016,Congressman Marco Rubio,Senator Marco Rubio forwards correspondence from (b)(6) regarding a wire transfer.,,,,,,,,,,
967,1132994,10/11/2016,Congressman Gregorio Sablan,Thanks the Deputy Secretary for his service.,,,,,,,,,,
968,,,,,,,,,,,,,,
969,October Privacy Office Congressional Report Opened between 10/1/2016 - 10/31/2016,,,,,,,,,,,,,
970,1132686,10/5/2016,Congressman Loretta Sanchez,"Expresses support for reauthorizing TPS for Guinea, Liberia, and Sierra Leone.",,,,,,,,,,
971,1132787,10/6/2016,Congressman Bernard Sanders,Writes concerning constituent complaint about TSA PreCheck.,,,,,,,,,,
972,1133317,10/14/2016,Congressman Brian Schatz,Writes urging TSA to extend fair treatment to Transportation Security Officers.,,,,,,,,,,
973,1133024,10/12/2016,Congressman Charles Schumer,Writes requesting Temporary Protected Status to eligible Haitian nationals.,,,,,,,,,,
974,1133947,10/25/2016,Congressman Jeanne Shaheen,Senator Shaheen writes in on behalf of (b)(6) who is not happy with his encounter with an CBP agent,,,,,,,,,,
975,1132633,10/4/2016,Congressman Bennie G. Thompson,Request information regarding the Department's cybersecurity workforce efforts.,,,,,,,,,,
976,1133313,10/14/2016,Congressman Bennie G. Thompson,"Questions DHS regarding information, timelines, and status' of a variety of mandates.",,,,,,,,,,
977,,,,,,,,,,,,,,
978,October Privacy Office Congressional Report Opened between 10/1/2016 - 10/31/2016,,,,,,,,,,,,,
979,1133711,10/20/2016,Congressman Bennie G. Thompson,Writes regarding anti government militia groups in relation to the presidential election.,,,,,,,,,,
980,1133980,10/26/2016,Congressman Bennie G. Thompson,Writes regarding cyber attacks against critical systems,,,,,,,,,,
981,1133309,10/14/2016,Congressman Pat Toomey,Supports Cambria County’s application to the DHS Fiscal Year 2016 Countering Violent Extremism grant program.,,,,,,,,,,
982,1133868,10/24/2016,Congressman Tom Udall,Requests immigration information regarding a constituent.,,,,,,,,,,
983,1132601,10/4/2016,Congressman Mark Warner,|(b)(6) |write regarding the Coast Guards plans to create an anchorage for ships waiting to use the port of Hampton Roads in front of our public beach.,,,,,,,,,,
984,1134201,10/31/2016,Congressman Elizabeth Warren,Urges selection of Joint Base Cape Cod as host of Department’s range facility for small unmanned aircraft.,,,,,,,,,,
985,,,,,,,,,,,,,,
986,October Privacy Office Congressional Report Opened between 10/1/2016 - 10/31/2016,,,,,,,,,,,,,
987,1133666,10/5/2016,Congressman Brad Wenstrup,Rep. Wenstrup writes on behalf of |<£> | (b)(6) regarding his concerns with TSA.,,,,,,,,,,
988,1133884,10/24/2016,Congressman Brad Wenstrup,Requests information on behalf of a constituent.,,,,,,,,,,
989,1132937,10/7/2016,Congressman Frederica Wilson,Request the Department reconsider resuming non-criminal deportations to Haiti.,,,,,,,,,,
990,1133269,10/14/2016,Congressman Frederica Wilson,Opposes resumption of non-criminal deportations to Haiti.,,,,,,,,,,
991,1133881,10/24/2016,Congressman Rob Woodall,Requests information on behalf of a constituent.,,,,,,,,,,
992,1132998,10/11/2016,Congressman Todd Young,Write regarding security risks from records maintenance within the IDENT system,,,,,,,,,,
993,,,,,,,,,,,,,,
994,November Privacy Office Congressional Report Opened between 11/1/2016 -11/30/2016,,,,,,,,,,,,,
995,,,,,,,,,,,,,,
996,WF#,Receive Date,Congressman Name,Subject of Request,,,,,,,,,,
997,1135378,11/23/2016,Congressman Abed A. Ayoub,Urges immediate action regarding the National Security Entry-Exit Registration System.,,,,,,,,,,
998,1134729,11/9/2016,Congressman Jason Chaffetz,Requests the A-file of an individual linked to a person interviewed by the FBI.,,,,,,,,,,
999,1135622,11/29/2016,Congressman Jason Chaffetz,"Requests A-File for suspect involved in Columbus, Ohio attack on November 28, 2016.",,,,,,,,,,
1000,1135450,11/28/2016,Congressman Barbara Comstock,Writes on behalf of a constituent and their FOIA request.,,,,,,,,,,
1001,1134487,11/3/2016,Congressman John Conyers,Writes regarding humanitarian crisis in Haiti in the aftermath of Hurricane Matthew.,,,,,,,,,,
1002,1135379,11/23/2016,Congressman John Cornyn,"Write regarding requested flight hours for Operation Phalanx,",,,,,,,,,,
1003,1135274,11/21/2016,Congressman Ted Deutch,Writes regarding detention procedures and community based alternatives,,,,,,,,,,
1004,,,,,,,,,,,,,,
1005,November Privacy Office Congressional Report Opened between 11/1/2016 -11/30/2016,,,,,,,,,,,,,
1006,1135518,11/28/2016,Congressman Louie Gohmcrt,Writes in support of lawful immigration system and effective border security.,,,,,,,,,,
1007,1134507,11/3/2016,Congressman Bob Goodlatte,Requests immediate action to mobilize all available DHS resources to stop illegal immigration.,,,,,,,,,,
1008,1135629,11/29/2016,Congressman Bob Goodlatte,Requests A-files for two individuals involved in conspiracy to provide material support to ISIS.,,,,,,,,,,
1009,1135666,11/30/2016,Congressman Bob Goodlatte,"Requests A-File for suspect involved in Columbus, Ohio attack on November 28, 2016.",,,,,,,,,,
1010,1134620,11/4/2016,Congressman Paul Gosar,Writes regarding recent surge of Haitians seeking entry into the U.S. through the southwest border.,,,,,,,,,,
1011,1134420,11/2/2016,Senator Charles E. Grassley,Writes to request information on an individual.,,,,,,,,,,
1012,1135350,1 1/22/2016,Senator Charles E. Grassley,"Writes with concern regarding press report disclosing 1,800 refugees that the U.S. Government and Australia have agreed to transfer to U.S.",,,,,,,,,,
1013,,,,,,,,,,,,,,
1014,November Privacy Office Congressional Report Opened between 11/1/2016 -11/30/2016,,,,,,,,,,,,,
1015,1135376,11/23/2016,Senator Charles E. Grassley,Requests information on an individual alleged to have committed rape in Virginia.,,,,,,,,,,
1016,1135623,11/29/2016,Senator Charles E. Grassley,"Requests A-File for suspect involved in Columbus, Ohio attack on November 28, 2016.",,,,,,,,,,
1017,1135671,11/30/2016,Senator Charles E. Grassley,Writes to request information on an individual arrested for plotting a terror attack,,,,,,,,,,
1018,1135453,11/28/2016,Congressman Janice Hahn,Writes on behalf of a constituent regarding seized property subject to forfeiture.,,,,,,,,,,
1019,1135144,11/17/2016,Congressman Mazie Hirono,Asks the President to expedite an APEC agreement regarding travel cards.,,,,,,,,,,
1020,1135370,11/22/2016,Congressman Robert A. Hoke,Writes regarding deportations.,,,,,,,,,,
1021,1135375,11/22/2016,Congressman Steny Hoyer,Representative Hoyer writes in on behalf of|(b)(6) |who is trying to obtain the status of her back pay with TSA,,,,,,,,,,
1022,,,,,,,,,,,,,,
1023,,,November Privacy Office Congressional Report Opened between 11/1/2016 -11/30/2016,,,,,,,,,,,
1024,1135268,11/21/2016,Congressman Duncan Hunter,Writes regarding Unaccompanied Alien Children and Family Unit Aliens into the U.S.,,,,,,,,,,
1025,1135584,11/28/2016,Congressman Angus King,Senator King writes on behalf of (b)(6) (b)(6) regardi ng the .status of his pending TRIP inquiry.,,,,,,,,,,
1026,1134731,11/9/2016,Congressman Zoe Lofgren,Writes to Secretary Johnson supporting the Department's initiated review of private prisons.,,,,,,,,,,
1027,1135146,11/17/2016,Congressman Alan Lowenthal,Urges Secretary to change a DHS policy regarding family members of current and former members of the U.S. Armed Forces.,,,,,,,,,,
1028,1135449,11/28/2016,Congressman Carolyn Maloney,Writes on behalf of constituent regarding whether or not they need to file an 1-20 application.,,,,,,,,,,
1029,1135057,11/16/2016,Congressman Kenny Marchant,Writes with concern of reports of a spike in illegal immigrants from outside the western hemisphere.,,,,,,,,,,
1030,,,,,,,,,,,,,,
1031,November Privacy Office Congressional Report Opened between 11/1/2016 -11/30/2016,,,,,,,,,,,,,
1032,1135060,11/16/2016,Congressman Kenny Marchant,Writes with concern regarding the OIG report indicating the Department's delays in hiring law enforcement personnel,,,,,,,,,,
1033,1135371,1 1/22/2016,Congressman Claire McCaskill,Writes regarding a GAO report about Federal Strategic Sourcing Initiative and DHS budget savings.,,,,,,,,,,
1034,1135403,11/23/2016,Congressman Michael McCaul,Writes regarding converted career positions with the new administration,,,,,,,,,,
1035,1135433,11/25/2016,Congressman Seth Moulton,Requests that the interagency consider the removal of the Kurdistan Democratic Party of Syria (KDPS) from Tier III Foreign Terrorist Organization (FTO) consideration.,,,,,,,,,,
1036,1135143,11/17/2016,Senator Bill Nelson,Writes regarding the Department's issuing monetary bonuses to Senior Executive Service employees.,,,,,,,,,,
1037,1135568,11/1/2016,Congressman Steven Palazzo,Rep. Palazzo forwards an inquiry on behalf of regarding the hiring process for the Federal Protective Service.,,,,,,,,,,
1038,,,,,,,,,,,,,,
1039,November Privacy Office Congressional Report Opened between 11/1/2016 -11/30/2016,,,,,,,,,,,,,
1040,1135452,11/28/2016,Congressman Rob Portman,Writes on behalf of constituent regarding their retirement from a law enforcement position.,,,,,,,,,,
1041,1135436,11/25/2016,Congressman Mark Sanford,Requests that the Department reconsider its extension denials for REAL ID.,,,,,,,,,,
1042,113545 I,11/28/2016,Senator Tim Scott,Writes on behalf of a constituent regarding their application for employment.,,,,,,,,,,
1043,1135432,11/25/2016,Congressman Patrick Tiberi,"Writes with concern regarding family detention system for illegal immigrants, their families, and minors.",,,,,,,,,,
1044,1134754,11/9/2016,Congressman Mark Warner,Writes in support of Old Dominion University's proposal lo become the next Center for Excellence in support of the Center for Homeland Security Quantitative Analysis.,,,,,,,,,,
1045,1134579,11/4/2016,Congressman Doug LaMalfa,security clearance,,,,,,,,,,
1046,1135163,11/18/2016,Congressman Bennie Thompson,"Rep. Thompson, writes to CHCO <bX6) regarding GAO's review of the latest employee action plans.",,,,,,,,,,
1047,,,,,,,,,,,,,,
1048,December Privacy Office Congressional Report Opened between 12/1/2016 -12/31/2016,,,,,,,,,,,,,
1049,WF#,Receive Date,Congressman Name,Subject of Request,,,,,,,,,,
1050,1136655,12/21/2016,Congressman Robert Adcrholt,Rep. Aderholt forwards a request for assistance on behalf of Police Chief Randy Bynum for|(b)(6) | (b)(6) | for|(b)( Iretum to Alabama.,,,,,,,,,,
1051,1136544,12/21/2016,Congressman Kelly Ayotte,Writes seeking assistance providing adequate CBP services for Portsmouth International Airport.,,,,,,,,,,
1052,1136657,12/20/2016,Congressman Diane Black,Rep. Black forwards a request frorn|(b) (b)( 1 egarding the No Fly list.,,,,,,,,,,
1053,1135976,12/7/2016,Congressman Brendan Boyle,Supports Department cooperation and assistance given to Ukraine on cybersecurity.,,,,,,,,,,
1054,1135930,12/1/2016,Congressman Kathy Castor,Rep. Castor writes on behalf of £) (b)(6) regarding his employment application with U.S. Secret Service.,,,,,,,,,,
1055,1135761,12/1/2016,Congressman Jason Chaffetz,Follow letter requesting information on an ICE document regarding the refugee program.,,,,,,,,,,
1056,,,,,,,,,,,,,,
1057,December Privacy Dffice Congressional Report Opened between 12/1/2016 -12/31/2016,,,,,,,,,,,,,
1058,1135950,12/7/2016,Congressman Jason Chaffetz,Writes to Secretary Johnson encouraging the Department to be mindful of ongoing oversight matters as well as the Committee on Oversight and Government Reform's outstanding requests.,,,,,,,,,,
1059,1136618,12/23/2016,Congressman Judy Chu,Requests that DHS halt the use of private detention centers.,,,,,,,,,,
1060,1136805,12/29/2016,Congressman Judy Chu,Write regarding potential misuse of the personal information of enrollees in the DACA program.,,,,,,,,,,
1061,136293,12/14/2016,Congressman Emanuel Cleaver,Writes in support of Higginsville Fire Protection District application for Assistance to Firefighters Grant Program.,,,,,,,,,,
1062,1135814,12/5/2016,Congressman John Conyers,Urges the Administration rescind the NSEERS regulation,,,,,,,,,,
1063,,,,,,,,,,,,,,
1064,December Privacy Dffice Congressional Report Opened between 12/1/2016 -12/31/2016,,,,,,,,,,,,,
1065,1135891,12/6/2016,Congressman Joseph Crowley,Urges an exemption be granted from admissibility grounds for an Irish national.,,,,,,,,,,
1066,1136760,12/28/2016,Congressman Dianne Feinstein,"Requests response to July 12, 2016 letter regarding the National Earthquake Hazards Reduction Program.",,,,,,,,,,
1067,1135870,12/6/2016,Congressman Kirsten Gillibrand,Writes in support of various universities for funding.,,,,,,,,,,
1068,1135795,12/2/2016,Congressman Bob Goodlatte,Writes regarding background checks for foreign nationals seeking immigration benefits,,,,,,,,,,
1069,1135895,12/6/2016,Congressman Bob Goodlatte,Follow up to 11/22/2016 letter regarding agreement between U.S. and Australia for the U.S. to consider admission of refugees.,,,,,,,,,,
1070,1136511,12/20/2016,Congressman Bob Goodlatte,Writes regarding U Visas.,,,,,,,,,,
1071,1136701,12/27/2016,Congressman Bob Goodlatte,Writes to request an extension for (b)(6) (b)(6) [with the USCIS Detailee Program.,,,,,,,,,,
1072,1136109,12/9/2016,Senator Charles E. Grassley,Writes to request information for a citizen of Mexico unlawfully present in the United States,,,,,,,,,,
1073,,,,,,,,,,,,,,
1074,December Privacy Dffice Congressional Report Opened between 12/1/2016 -12/31/2016,,,,,,,,,,,,,
1075,1136155,12/12/2016,Senator Charles E. Grassley,Writes regarding an OIG report indicating USCIS issued green cards which included incorrect information,,,,,,,,,,
1076,1136274,12/14/2016,Senator Charles E. Grassley,Requests additional information about (b)(6),,,,,,,,,,
1077,1136470,12/19/2016,Senator Charles E. Grassley,Requests information about Administration's oversight of flight training by foreign nationals.,,,,,,,,,,
1078,1135869,11/30/2016,Congressman Janice Hahn,"Rep. Hahn forwards a request on behalf of ""egarding seized property subject to forfeiture.",,,,,,,,,,
1079,1136673,12/27/2016,Congressman Alccc L. Hastings,Writes to support city of Ft. Lauderdale's application for FEMA funding to acquire power loaders and ambulance cots.,,,,,,,,,,
1080,1135712,12/1/2016,Congressman Mazie Hirono,Asks for President to expedite implementation of the Asia Pacific Economic Cooperation Business Mobility Group agreement.,,,,,,,,,,
1081,,,,,,,,,,,,,,
1082,December Privacy Dffice Congressional Report Opened between 12/1/2016 -12/31/2016,,,,,,,,,,,,,
1083,1136213,12/13/2016,Congressman Will Hurd,"Requests testimony from the Chief Information Officer, Chief Financial Officer, and designated Senior Official responsible for implementation of Federal Information Technology Acquisition Reform Act (FITARA)",,,,,,,,,,
1084,1135701,12/1/2016,Congressman James Inhofc,Write requesting REAL ID compliance extension,,,,,,,,,,
1085,1136666,12/23/2016,Congressman M. Tia Johnson,"Thank you notes for Congressional Members and staff for working to pass H.R. 6431, the Promoting Travel, Commerce, and National Security Act of 2016",,,,,,,,,,
1086,1136504,12/9/2016,Congressman James Lankford,Senator Lankford's office forwards an inouirv on behalf of|<bX6) stating that DHS did not appropriately handle a contract proposal he submitted in 2004.,,,,,,,,,,
1087,1136254,12/14/2016,Congressman Claire McCaskill,Requests information regarding the Department's treatment of whistleblowers.,,,,,,,,,,
1088,,,,,,,,,,,,,,
1089,December Privacy Dffice Congressional Report Opened between 12/1/2016 -12/31/2016,,,,,,,,,,,,,
1090,1135917,12/6/2016,Congressman Michael McCaul,Requests a Department Report regarding its real property portfolio.,,,,,,,,,,
1091,1136512,12/12/2016,Congressman Beto O'Rourke,Representative O’Rourke writes in on behalf of (bX6) who is expressing his displeasure about the he and his wife are being treated at the airport,,,,,,,,,,
1092,1135872,12/6/2016,Congressman Robert Pittenger,Writes with concern regarding the purchase of Lattice Semiconductor Corporation by Canyon Bridge Capital Partners.,,,,,,,,,,
1093,1136185,12/12/2016,Congressman Charles Schumer,Writes in support of FEMA grant to be awarded to Richburg Wirt Fire Department.,,,,,,,,,,
1094,1136193,12/13/2016,Congressman Charles Schumer,Writes in support for Mooers Volunteer Fire Department for FEMA funding.,,,,,,,,,,
1095,1136194,12/13/2016,Congressman Charles Schumer,Writes in support for the Ionia Volunteer Fire Company's request for FEMA funding,,,,,,,,,,
1096,1136196,12/13/2016,Congressman Charles Schumer,Writes in support of the City of Fulton Fire Department's request for FEMA funding.,,,,,,,,,,
1097,,,,,,,,,,,,,,
1098,December Privacy Dffice Congressional Report Opened between 12/1/2016 -12/31/2016,,,,,,,,,,,,,
1099,1136198,12/13/2016,Congressman Charles Schumer,Writes in support for Greenville Fire Department's request for FEMA funding,,,,,,,,,,
1100,1136199,12/13/2016,Congressman Charles Schumer,Writes in support of Greenville Fire District's application for funding through FEMA's 2016 Assistance to Firefighters Grant Program.,,,,,,,,,,
1101,1136201,12/13/2016,Congressman Charles Schumer,Writes in support of Coeymans Hollow Volunteer Fire Corp's request for FEMA funding,,,,,,,,,,
1102,1136203,12/13/2016,Congressman Charles Schumer,Writes in support of Johnsburg Volunteer Fire Company for FEMA funding.,,,,,,,,,,
1103,1136328,12/15/2016,Congressman Charles Schumer,Writes in support of Esopus Fire District's request for FEMA funding.,,,,,,,,,,
1104,1136329,12/15/2016,Congressman Charles Schumer,Writes in support of the requet for FEMA funding submitted by West Glenville Fire District 6,,,,,,,,,,
1105,1136330,12/15/2016,Congressman Charles Schumer,Writes in support of the Lido and Point Lookout Fire District's request for FEMA funding.,,,,,,,,,,
1106,,,,,,,,,,,,,,
1107,December Privacy Dffice Congressional Report Opened between 12/1/2016 -12/31/2016,,,,,,,,,,,,,
1108,1136332,12/15/2016,Congressman Charles Schumer,Writes in support of Eposus Fire District's application for FEMA funding for a NFPA 1901-compliant Quint truck.,,,,,,,,,,
1109,1136334,12/15/2016,Congressman Charles Schumer,Writes in support of the Somers Fire District’s application for FEMA funding to purchase new SCBAs and related equipment.,,,,,,,,,,
1110,1136338,12/15/2016,Congressman Charles Schumer,Writes in support of the Naples Fire Department's application for FEMA funding to update hydraulic rescue tools.,,,,,,,,,,
1111,1136344,12/15/2016,Congressman Charles Schumer,Writes in support of the application submitted by the Town of Plattsburgh Fire District No. 3 Fire Department for FEMA funding to purchase PPE.,,,,,,,,,,
1112,1136346,12/15/2016,Congressman Charles Schumer,Writes in support of the Davis Park Fire District's application for FEMA funding to replace two outdated fire trucks.,,,,,,,,,,
1113,1136163,12/12/2016,Senator Charles E. Schumer,Writes in support of Town of Mamaroneck's Assistance to Firefighters grant application.,,,,,,,,,,
1114,1136165,12/12/2016,Senator Charles E. Schumer,Writes in support of Ogdensburg Fire Department's grant application.,,,,,,,,,,
1115,,,,,,,,,,,,,,
1116,December Privacy Dffice Congressional Report Opened between 12/1/2016 -12/31/2016,,,,,,,,,,,,,
1117,1136168,12/12/2016,Senator Charles E. Schumer,Writes in support of Sidney EMS's grant application.,,,,,,,,,,
1118,1136175,12/12/2016,Senator Charles E. Schumer,Writes in support of Palmyra Fire Department's grant application.,,,,,,,,,,
1119,1136181,12/12/2016,Senator Charles E. Schumer,Writes regarding Richburg Wirt's application for FEMA grant program.,,,,,,,,,,
1120,1136183,12/12/2016,Senator Charles E. Schumer,Writes supporting the Nanuet Fire Department's grant application,,,,,,,,,,
1121,1136195,12/13/2016,Senator Charles E. Schumer,Writes in support of Port Ewen Fire Department's grant application.,,,,,,,,,,
1122,1136197,12/13/2016,Senator Charles E. Schumer,Writes in support of Vienna Fire Department's grant application.,,,,,,,,,,
1123,1136598,12/22/2016,Senator Charles E. Schumer,Writes in support of the Jordan Volunteer Fire Co grant application.,,,,,,,,,,
1124,1136533,12/21/2016,Congressman Jeanne Shaheen,Writes concerning asylum application status.,,,,,,,,,,
1125,1136343,12/15/2016,Congressman Albio Sires,Writes in support of the Newark Fire Department's application for FEMA funding to purchase personal protective equipment.,,,,,,,,,,
1126,,,,,,,,,,,,,,
1127,December Privacy Dffice Congressional Report Opened between 12/1/2016 -12/31/2016,,,,,,,,,,,,,
1128,135759,12/1/2016,Congressman Adam Smith,Requests a meeting to discuss privately operated detention centers,,,,,,,,,,
1129,1135910,12/6/2016,Congressman Bennie G. Thompson,Urges termination of the NSEERS program.,,,,,,,,,,
1130,1135940,12/7/2016,Congressman Bennie G. Thompson,Writes regarding the Chemical Facilities Anti-Terrorism Standards program.,,,,,,,,,,
1131,1136635,12/23/2016,Congressman Bennie G. Thompson,Writes regarding use of Ricin toxin at FEMA CDP Training Facility.,,,,,,,,,,
1132,136640,12/23/2016,Congressman Bennie G. Thompson,Requests letter from I&A supporting CBP's request to join the IC.,,,,,,,,,,
1133,1135873,12/6/2016,Congressman Randy Weber,Rep. Weber writes on behalf of (bX6) (b)(6),,,,,,,,,,
1134,136381,12/15/2016,Congressman Frederica Wilson,"Response to Representative Frederica Wilson questions from your phone call with her on December 6, 2016 on TPS for Haiti",,,,,,,,,,
1135,136503,12/20/2016,Congressman Dutch Ruppersberger,"Congressman Dutch Ruppersberger, writes on behalf of his constituent regarding security clearance package.",,,,,,,,,,