first_name,last_name,LetterID,ID,agency,DATE,FROM,bioname,SUBJECT,TYPE,NOTES,ERROR
NA,NA,NA,312,DOJ_CIV,2020-01-01,BILL SHUSTER,,COMPLAINT AGAINST OIG BOP,NA,NA,NA
Charles,SCHUMER,NA,629,DOJ_CIV,2020-01-02,CHARLES E. SCHUMER,"SCHUMER, Charles Ellis (Chuck)",SEPTEMBER 11 VICTIM COMPENSATION FUND,NA,NA,NA
Thomas,UDALL,NA,642,DOJ_CIV,2020-01-02,TOM UDALL,"UDALL, Thomas (Tom)",FALSE CLAIMS ACT,1,NA,NA
Jerrold,NADLER,NA,227,DOJ_CIV,2020-01-03,JERROLD NADLER,"NADLER, Jerrold Lewis",HEARINGS/CANADIAN CITIZEN(b) (6),1,NA,NA
David,PRICE,NA,522,DOJ_CIV,2020-01-03,DAVID E. PRICE,"PRICE, David Eugene",DISCRIMINATION AT FEDERAL PRISON,NA,NA,NA
Roy,BLUNT,NA,626,DOJ_CIV,2020-01-03,ROY BLUNT,"BLUNT, Roy",RECA,NA,NA,NA
Mark,WARNER,NA,769,DOJ_CIV,2020-01-03,MARK WARNER,"WARNER, Mark",VA IMPLEMENTATION OF (b) (6),1,NA,NA
Mark,WARNER,NA,82,DOJ_CIV,2020-01-05,MARK WARNER,"WARNER, Mark",CONT CONCERN/MANDATORY AA/REGION,"NA","NA",NA
Patty,MURRAY,NA,140,DOJ_CIV,2020-01-05,PATTY MURRAY,"MURRAY, Patty",LIEN IMPOSED BY DOJ OFFICE/SEATTLE,"NA","NA",NA
NA,NA,NA,264,DOJ_CIV,2020-01-05,Bill YOUNG,,PROTECTION OF MEDICAL RECORDS,NA,NA,NA
Patrick,TOOMEY,NA,508,DOJ_CIV,2020-01-05,PATRICK TOOMEY,"TOOMEY, Patrick Joseph",GARNISHMENT OF WAGES,NA,NA,NA
NA,NA,NA,512,DOJ_CIV,2020-01-05,KEVIN YODER,,RECA,NA,NA,NA
Johnny,ISAKSON,NA,832,DOJ_CIV,2020-01-05,JOHNNY ISAKSON,"ISAKSON, Johnny",VCF,NA,NA,NA
NA,NA,NA,29,DOJ_CIV,2020-01-06,BENNIE/SHEILA THOMPSON/JACKSON-LEE,,SF-95 FORMS FILED AFTER KATRINA,NA,NA,NA
Danny,DAVIS,NA,30,DOJ_CIV,2020-01-06,DANNY DAVIS,"DAVIS, Danny K.",SF-95 FORMS FILED AFTER KATRINA,NA,NA,NA
Eddie,JOHNSON,NA,515,DOJ_CIV,2020-01-06,CEDRIC/EDDIE RICHMOND/BERNICE JOHNSON,"JOHNSON, Eddie Bernice",SF-95 FORMS FILED AFTER KATRINA,NA,NA,NA
Kenny,MARCHANT,NA,830,DOJ_CIV,2020-01-06,KENNY MARCHANT,"MARCHANT, Kenny",OPERATION CHOKE POINT FOLLOW UP QUESTIONS,NA,NA,NA
NA,NA,NA,964,DOJ_CIV,2020-01-06,JASON CHAFFETZ,,LTR FROM CHMN CHAFFETZ OVERSIGHT AND GOVERNMENT REFORM COMTE AND CHMN JORDAN HEALTHCARE BENEFTS AND ADMINISTRATIVE RULES SUBCOMTE ADVISING THAT DOJ SENT A RESPONSE LETTER TO CONGRESS ON 10/23/2015 STATING THAT THE DEPARTMENT HAS CONCLUDED THEIR INVESTIGATION INTO WHETHER ANY IRS OFFICIALS COMMITTED CRIMES IN CONNECTION WITH THE HANDLING OF TAX-EXEMPTION APPLICATIONS FILED BY THE TEA PARTY AND IDEOLOGICALLY SIMILAR ORGANIZATIONS.,NA,NA,NA
NA,NA,NA,972,DOJ_CIV,2020-01-06,BILL NELSON,,ALLEGATIONS OF MEDICAID FRAUD,NA,NA,NA
NA,NA,NA,1045,DOJ_CIV,2020-01-06,MARK KIRK,,VILLAGE TOOK HIS LAND?,NA,NA,NA
NA,NA,NA,342,DOJ_CIV,2020-01-07,BILL NELSON,,CONSTITUENT FEELS HE IS ENTITLED TO AWARD FROM FCA SETTLEMENT WITH KAMAN PREC SION PRODUCTS,NA,NA,NA
Robert,SCOTT,NA,892,DOJ_CIV,2020-01-07,ROBERT SCOTT,"SCOTT, Robert C.",LTR ON BEHALF OF VA CONSTITUENT REQUESTING ASSISTANCE WITH HIS ALIAH APP WNTS 2 IMMIGRATE TO ISRAEL,1,NA,NA
NA,NA,NA,70,DOJ_CIV,2020-01-08,SCOTT GARRETT,,"LTR ON BEHALF OF(b) (6) REQUESTING AN UPDATE REGARDING THE CLASS ACTION LAWSUIT ENTITLED U.S. DISTRICT COURT NR.
 (b) (6) VS. STARKIST CO. (13-CV-00729).",1,NA,NA
NA,NA,NA,210,DOJ_CIV,2020-01-08,DAN BURTON*,,PROSECUTION OF BORDER PATROL AGENTS,5,NA,NA
NA,NA,NA,211,DOJ_CIV,2020-01-08,CHRIS CANNON*,,PROSECUTION OF BORDER PATROL AGENTS,5,NA,NA
John,CARTER,NA,212,DOJ_CIV,2020-01-08,JOHN R. CARTER*,"CARTER, John R.",PROSECUTION OF BORDER PATROL AGENTS,5,NA,NA
NA,NA,NA,213,DOJ_CIV,2020-01-08,DAVE WELDON*,,PROSECUTION OF BORDER PATROL AGENTS,5,NA,NA
NA,NA,NA,214,DOJ_CIV,2020-01-08,STEVE PEARCE*,,PROSECUTION OF BORDER PATROL AGENTS,5,NA,NA
NA,NA,NA,215,DOJ_CIV,2020-01-08,GINNY BROWN-WAITE*,,PROSECUTION OF BORDER PATROL AGENTS,5,NA,NA
NA,NA,NA,221,DOJ_CIV,2020-01-08,RANDY NEUGEBAUER*,,PROSECUTION OF BORDER PATROL AGENTS,5,NA,NA
Michael,BURGESS,NA,223,DOJ_CIV,2020-01-08,MICHAEL C. BURGESS*,"BURGESS, Michael C.",PROSECUTION OF BORDER PATROL AGENTS,5,NA,NA
Kenny,MARCHANT,NA,224,DOJ_CIV,2020-01-08,KENNY MARCHANT*,"MARCHANT, Kenny",PROSECUTION OF BORDER PATROL AGENTS,5,NA,NA
NA,NA,NA,225,DOJ_CIV,2020-01-08,BARBARA CUBIN*,,PROSECUTION OF BORDER PATROL AGENTS,5,NA,NA
Steve,KING,NA,226,DOJ_CIV,2020-01-08,STEVE KING*,"KING, Steve",PROSECUTION OF BORDER PATROL AGENTS,5,NA,NA
NA,NA,NA,228,DOJ_CIV,2020-01-08,CLIFF STEARNS*,,PROSECUTION OF BORDER PATROL AGENTS,5,NA,NA
NA,NA,NA,229,DOJ_CIV,2020-01-08,W. TODD AKIN*,,PROSECUTION OF BORDER PATROL AGENTS,5,NA,NA
NA,NA,NA,230,DOJ_CIV,2020-01-08,MARK SOUDER*,,PROSECUTION OF BORDER PATROL AGENTS,5,NA,NA
NA,NA,NA,231,DOJ_CIV,2020-01-08,JOHN CULBERSON*,,PROSECUTION OF BORDER PATROL AGENTS,5,NA,NA
NA,NA,NA,232,DOJ_CIV,2020-01-08,GARY G MILLER*,,PROSECUTION OF BORDER PATROL AGENTS,5,NA,NA
NA,NA,NA,233,DOJ_CIV,2020-01-08,SAM JOHNSON*,,PROSECUTION OF BORDER PATROL AGENTS,5,NA,NA
NA,NA,NA,234,DOJ_CIV,2020-01-08,TED POE*,,PROSECUTION OF BORDER PATROL AGENTS,5,NA,NA
Walter,JONES,NA,247,DOJ_CIV,2020-01-08,WALTER JONES*,"JONES, Walter Beaman, Jr.",PROSECUTION OF BORDER PATROL AGENTS,5,NA,NA
NA,NA,NA,251,DOJ_CIV,2020-01-08,JIM MCDERMOTT,,INQUIRY IF(b) (6) IN BANGLADESH,1,NA,NA
NA,NA,NA,252,DOJ_CIV,2020-01-08,DANA ROHRABACHER*,,PROSECUTION OF BORDER PATROL AGENTS,5,NA,NA
NA,NA,NA,253,DOJ_CIV,2020-01-08,TOM TANCREDO*,,PROSECUTION OF BORDER PATROL AGENTS,5,NA,NA
NA,NA,NA,254,DOJ_CIV,2020-01-08,PHIL GINGREY*,,PROSECUTION OF BORDER PATROL AGENTS,5,NA,NA
Ken,CALVERT,NA,255,DOJ_CIV,2020-01-08,KEN CALVERT*,"CALVERT, Ken",PROSECUTION OF BORDER PATROL AGENTS,5,NA,NA
NA,NA,NA,256,DOJ_CIV,2020-01-08,JOHN T DOOLITTLE*,,PROSECUTION OF BORDER PATROL AGENTS,5,NA,NA
NA,NA,NA,257,DOJ_CIV,2020-01-08,DAVID DAVIS*,,PROSECUTION OF BORDER PATROL AGENTS,5,NA,NA
NA,NA,NA,258,DOJ_CIV,2020-01-08,WILLIAM T. SALI*,,PROSECUTION OF BORDER PATROL AGENTS,5,NA,NA
NA,NA,NA,259,DOJ_CIV,2020-01-08,JOHN CAMPBELL*,,PROSECUTION OF BORDER PATROL AGENTS,5,NA,NA
NA,NA,NA,260,DOJ_CIV,2020-01-08,BRIAN P. BILBRAY*,,PROSECUTION OF BORDER PATROL AGENTS,5,NA,NA
NA,NA,NA,261,DOJ_CIV,2020-01-08,VIRGIL GOODE*,,PROSECUTION OF BORDER PATROL AGENTS,5,NA,NA
NA,NA,NA,262,DOJ_CIV,2020-01-08,JEFF BINGAMAN,,RADIATION COMPENSATION,1,NA,NA
NA,NA,NA,263,DOJ_CIV,2020-01-08,"RUSSELL, D FEINGOLD",,HR6407/GOVT. READING FIRST CLASS MAIL,1,NA,NA
Addison,WILSON,NA,265,DOJ_CIV,2020-01-08,JOE WILSON*,"WILSON, Addison Graves (Joe)",PROSECUTION OF BORDER PATROL AGENTS,5,NA,NA
NA,NA,NA,266,DOJ_CIV,2020-01-08,BOB GOODLATTE*,,PROSECUTION OF BORDER PATROL AGENTS,5,NA,NA
NA,NA,NA,267,DOJ_CIV,2020-01-08,ED ROYCE*,,PROSECUTION OF BORDER PATROL AGENTS,5,NA,NA
Marsha,BLACKBURN,NA,268,DOJ_CIV,2020-01-08,MARSHA BLACKBURN*,"BLACKBURN, Marsha",PROSECUTION OF BORDER PATROL AGENTS,5,NA,NA
NA,NA,NA,269,DOJ_CIV,2020-01-08,"JOHN J DUNCAN, JR *",,PROSECUTION OF BORDER PATROL AGENTS,5,NA,NA
Duncan,HUNTER,NA,270,DOJ_CIV,2020-01-08,DUNCAN HUNTER*,"HUNTER, Duncan Duane",PROSECUTION OF BORDER PATROL AGENTS,5,NA,NA
NA,NA,NA,271,DOJ_CIV,2020-01-08,ROBIN HAYES*,,PROSECUTION OF BORDER PATROL AGENTS,5,NA,NA
NA,NA,NA,278,DOJ_CIV,2020-01-08,SUE MYRICK*,,PROSECUTION OF BORDER PATROL AGENTS,5,NA,NA
NA,NA,NA,279,DOJ_CIV,2020-01-08,WALLY HERGER*,,PROSECUTION OF BORDER PATROL AGENTS,5,NA,NA
NA,NA,NA,760,DOJ_CIV,2020-01-08,DARRELL AND JIM ISSA AND JORDAN,,OPERATION CHOKE POINT SHORT-TERM ONLINE LENDERS. REQUESTS DOCUMENTS.,1,NA,NA
Marc,VEASEY,NA,838,DOJ_CIV,2020-01-08,MARC VEASEY,"VEASEY, Marc",ATI ENTERPRISES FCA CASE,NA,NA,NA
NA,NA,NA,208,DOJ_CIV,2020-01-09,TED STEVENS,,TOBACCO LITIGATION,4,NA,NA
Richard,SHELBY,NA,250,DOJ_CIV,2020-01-09,RICHARD C SHELBY,"SHELBY, Richard C.",BREAST IMPLANTS/DOW CORNING SETTLEMENT,1,NA,NA
Patrick,TOOMEY,NA,325,DOJ_CIV,2020-01-09,PATRICK TOOMEY,"TOOMEY, Patrick Joseph",CONCERNS ABOUT SUSPENSION OF MED CAL LICENSE,NA,NA,NA
Sheila,JACKSON LEE,NA,762,DOJ_CIV,2020-01-09,SHEILA JACKSON LEE ET AL. (NEED TO BE LOGGED),"JACKSON LEE, Sheila",ASKING DOJ TO ENJOIN REGULAT ONS PROPOSED BY TEXAS DEPARTMENT OF INSURANCE,NA,NA,NA
Johnny,ISAKSON,NA,837,DOJ_CIV,2020-01-09,JOHNNY ISAKSON,"ISAKSON, Johnny",VCF CLAIM (WANTS TO KNOW STATUS),1,NA,NA
NA,NA,NA,1081,DOJ_CIV,2020-01-09,JIM MATHESON,,RECA,NA,NA,NA
NA,NA,NA,209,DOJ_CIV,2020-01-10,"JOHN CONYERS, JR",,LEEGIN CREATIVE LEATHER PRODUCTS V PSKS,NA,NA,NA
NA,NA,NA,513,DOJ_CIV,2020-01-10,EDOLPHUS TOWNS,,VIOLATION OF CIVIL RIGHTS ACT,NA,NA,NA
Richard,BLUMENTHAL,NA,364,DOJ_CIV,2020-01-11,RICHARD BLUMENTHAL,"BLUMENTHAL, Richard","LTR ON BEHALF OF(b) (6) REQUESTING ASSISTANCE WITH AN AMENDED CLAIM FOR
 COMPENSATION UNDER THE 911 VICTIM COMPENSATION FUND.",1,NA,NA
NA,NA,NA,514,DOJ_CIV,2020-01-11,MARK BEGICH,,CLEAN AIR ACT CASE,NA,NA,NA
NA,NA,NA,963,DOJ_CIV,2020-01-11,HARRY REID,,"RECOMMENDING(b) (6) TO BE THE SPECIAL MASTER OF THE NEWLY ESTABLISHED
 VICTIMS COMPENSAT ON FUND. W/HANDWRITTEN NOTE.",1,NA,NA
Patrick,LEAHY,NA,222,DOJ_CIV,2020-01-12,PATRICK J LEAHY,"LEAHY, Patrick Joseph",DOD INTIMIDATION OF DETAINEES' ATTORNEYS,5,NA,NA
NA,NA,NA,1058,DOJ_CIV,2020-01-12,BILL NELSON,,GCCF OIL SPILL,NA,NA,NA
NA,NA,NA,517,DOJ_CIV,2020-01-13,ELTON GALLEGLY,,RECA,NA,NA,NA
NA,NA,NA,519,DOJ_CIV,2020-01-13,JOHN F. TIERNEY,,WANTS PROSECUTION OF CITI/COUNTRYW DE,5,NA,NA
Charles,SCHUMER,NA,772,DOJ_CIV,2020-01-13,CHARLES E. SCHUMER,"SCHUMER, Charles Ellis (Chuck)",SEPTEMBER 11TH VCF,NA,NA,NA
NA,NA,NA,834,DOJ_CIV,2020-01-13,JEFF FLAKE,,COMPLAINT RE THE ADVOCACY FOR CONSUME RIGHTS ADMIN TORT CLAIMS ARE BEING DENIED,1,NA,NA
Mark,WARNER,NA,365,DOJ_CIV,2020-01-15,MARK R. WARNER,"WARNER, Mark",LTR ON BEHALF OF(b) (6) REQUESTING DOJ TO STOP DIRECTING MONEY TO THE SPECIAL INTEREST GROUPS.,1,NA,NA
Richard,DURBIN,NA,638,DOJ_CIV,2020-01-15,RICHARD DURBIN,"DURBIN, Richard Joseph",WALGREENS DISCOUNTS FOR INDIVIDUALS WITH FEDERAL HEALTH INSURANCE,NA,NA,NA
NA,NA,NA,249,DOJ_CIV,2020-01-16,JEFF SESSIONS,,DOD WHISTLEBLOWERS,5,NA,NA
NA,NA,NA,349,DOJ_CIV,2020-01-16,JOHN MCCAIN,,RECA,NA,NA,NA
NA,NA,NA,763,DOJ_CIV,2020-01-16,MARK TAMMY BARBARA JEFF JEANNE RICHARD CHRIS UDALL BALDWIN BOXER MERKLEY SHAHEEN BLUMENTHAL COONS,,VA IMPLEMENTATION OF (b) (6),1,NA,NA
NA,NA,NA,246,DOJ_CIV,2020-01-17,THE HONORABLE ERIC CANTOR,,"CIVIL RIGHTS, (b) (6) V FELT PRODUCTS",1,NA,NA
Richard,BURR,NA,518,DOJ_CIV,2020-01-17,RICHARD BURR,"BURR, Richard M.",QUI TAM LAWSUIT,NA,NA,NA
NA,NA,NA,524,DOJ_CIV,2020-01-17,BOB CORKER,,CRIMINAL COMPLAINT AGAINST NISSAN,NA,NA,NA
James,CLYBURN,NA,765,DOJ_CIV,2020-01-17,JAMES E. CLYBURN,"CLYBURN, James Enos",JUDGMENT AGAINT TUOMEY HEALTH SYSTEM,NA,NA,NA
NA,NA,NA,766,DOJ_CIV,2020-01-17,BARBARA MIKULSKI,,OPERATION CHOKE POINT,NA,NA,NA
NA,NA,NA,1062,DOJ_CIV,2020-01-17,T M HOLDEN,,FEDERAL TORT CLAIMS ACT,1,NA,NA
NA,NA,NA,1065,DOJ_CIV,2020-01-17,THAD COCHRAN,,BLACK FARMERS LITIGATION,NA,NA,NA
NA,NA,NA,218,DOJ_CIV,2020-01-18,PETE HOEKSTRA,,REQ COPIES FISA COURT ORDERS/TERRORIST,5,NA,NA
NA,NA,NA,219,DOJ_CIV,2020-01-18,SILVESTRE REYES,,REQ COPIES FISA COURT ORDERS/TERRORIST,5,NA,NA
NA,NA,NA,220,DOJ_CIV,2020-01-18,HARRY REID,,RADIATION COMPENSATION,1,NA,NA
Christopher,SMITH,NA,520,DOJ_CIV,2020-01-18,CHRIS SMITH,"SMITH, Christopher Henry",RECA,NA,NA,NA
Kirsten,GILLIBRAND,NA,631,DOJ_CIV,2020-01-18,KRISTEN GILLIBRAND/12 OTHERS,"GILLIBRAND, Kirsten",ORDERS OF REMOVAL,NA,NA,NA
NA,NA,NA,1053,DOJ_CIV,2020-01-18,CHARLES W. BOUSTANY,,WANTS INVESTIGATION OF VA,NA,NA,NA
NA,NA,NA,245,DOJ_CIV,2020-01-19,HEATHER WILSON,,SEN JUD CMTE ON TERRORIST SURVEILLANCE,NA,NA,NA
NA,NA,NA,248,DOJ_CIV,2020-01-19,"JOHN CONYERS, JR",,REQ BRIEFING ON DOMESTIC WIRETAPPING PRO,5,NA,NA
Kirsten,GILLIBRAND,NA,966,DOJ_CIV,2020-01-19,KRISTEN E. GILLIBRAND,"GILLIBRAND, Kirsten",WRITING TO REMAIN ENGAGED WITH DOJ S IMPLEMENTATION OF THE JAMES ZADROGA 9/11 HEALTH AND COMPENSATION REAUTHORIZATION ACT EXSPECIALLY UNDER THE 9/11 VICTIM COMPENSATION FUND (VCF).,NA,NA,NA
NA,NA,NA,967,DOJ_CIV,2020-01-19,JEB HENSARLING,,LTR FROM CHMN HENSARLING FINANCIAL SERVICES COMTE PROVIDING THE AG W TH A COPY OF A FINANCIAL SERVICE COMTE MAJORITY STAFF REPORT RELEASED ON 1/20/2016 ENTITLED UNSAFE AT ANY BUREAUCRACY PART II.,1,NA,NA
NA,NA,NA,523,DOJ_CIV,2020-01-20,T MOTHY BISHOP,,TERRORIST VICTIMS COMPENSATION,NA,NA,NA
Bruce,WESTERMAN,NA,965,DOJ_CIV,2020-01-20,BRUCE WESTERMAN,"WESTERMAN, Bruce Eugene",EXPRESSING CONCERNS REGARDING THE POTENTIAL FEDERAL LIABILITY IN A CIVL MATTER IN ARKANSAS (DELTIC TIMBER),NA,NA,NA
NA,NA,NA,1047,DOJ_CIV,2020-01-20,MARY L. LANDRIEU,,COUNTRYWIDE/BOA DISCRIM CASE,NA,NA,NA
NA,NA,NA,839,DOJ_CIV,2020-01-21,BOB GOODLATTE,,INVITE AG TO TESTIFY @ HOUSE JUD CMTE HEARING RE CIV ASSET FORF ETURE,5,NA,NA
NA,NA,NA,217,DOJ_CIV,2020-01-22,BOB GOODLATTE,,PROSECUTION OF BORDER PATROL AGENTS,5,NA,NA
NA,NA,NA,242,DOJ_CIV,2020-01-22,"THELMA, D DRAKE",,NAVAL AIR STATION OCEANA/PROPERTY VALUES,5,NA,NA
NA,NA,NA,244,DOJ_CIV,2020-01-22,JOHN MCCAIN,,REQUEST FOR STATUS ON EEOICP CLAIM,1,NA,NA
Marcia,FUDGE,NA,343,DOJ_CIV,2020-01-22,MARCIA FUDGE,"FUDGE, Marcia L.",CONSENT AGREEMENT W TH TOBACCO-FREE KIDS ACTION FUND,4,NA,NA
Peter,VISCLOSKY,NA,640,DOJ_CIV,2020-01-22,PETER J. VISCLOSKY,"VISCLOSKY, Peter",APPROVAL OF SETTLEMENT,NA,NA,NA
John,CORNYN,NA,770,DOJ_CIV,2020-01-22,JOHN CORNYN,"CORNYN, John",RECA,NA,NA,NA
NA,NA,NA,771,DOJ_CIV,2020-01-22,MIKE POMPEO,,RECA,NA,NA,NA
NA,NA,NA,243,DOJ_CIV,2020-01-23,GORDON H SMITH,,MID-COLUMBIA MEDICAL CTR/CMMS SETTLEMENT,NA,NA,NA
NA,NA,NA,768,DOJ_CIV,2020-01-24,TOM COBURN,,CASE WITH HHS IMPACTING CONST TUENT'S ABILITY TO GET MEDICARE/MEDICAID,NA,NA,NA
NA,NA,NA,311,DOJ_CIV,2020-01-25,LAMAR SMITH,,DOJ SETTLEMENT WITH COUNTRYWIDE,NA,NA,NA
NA,NA,NA,525,DOJ_CIV,2020-01-25,KELLY AYOTTE,,COMPLAINT ABOUT CAR THEY PURCHASED,NA,NA,NA
Ron,JOHNSON,NA,1051,DOJ_CIV,2020-01-25,RON JOHNSON,"JOHNSON, Ron",UNFAIR TRIAL UNHAPPY W TH LAWYER,NA,NA,NA
Sheldon,WHITEHOUSE,NA,1005,DOJ_CIV,2020-01-26,SHELDON WHITEHOUSE,"WHITEHOUSE, Sheldon",EXPRESSING CONCERNS ABOUT ALLEGED MISINFORMATION CAMPAIGN FUELED BY CONSERVATIVE THINK TANKS WHICH IS WELL DOCUMENTED THAT SEVERAL THINK TANKS STUDIES HAVE BEEN FUNDED BY EXXON.,NA,NA,NA
NA,NA,NA,1048,DOJ_CIV,2020-01-26,LAMAR SMITH,,WANTS DOJ TO CHALLENGE COUNTY IMM. LAW,NA,NA,NA
Kathy,CASTOR,NA,773,DOJ_CIV,2020-01-27,KATHY CASTOR,"CASTOR, Kathy","ADMISSION OF(b) (6) 
 (UNDOCUMENTED IMMIGRANT) TO FLOR DA STATE
 BAR",1,NA,NA
NA,NA,NA,1050,DOJ_CIV,2020-01-27,DANIEL INOUYE,,ASSISTANCE WITH FORECLOSURE,NA,NA,NA
Bennie,THOMPSON,NA,76546,DHHS_CMS,2020-01-28,"Thompson, Bennie G.","THOMPSON, Bennie",requesting reduction in payment or temporary stay for 1 year,1,NA,NA
NA,NA,NA,39,DOJ_CIV,2020-01-28,MARK BEGICH,,INDIAN HEALTH SERV CE CONTRACT CLAIMS WH 1100038,1,NA,NA
NA,NA,NA,635,DOJ_CIV,2020-01-28,BILL NELSON,,RECA,NA,NA,NA
Maria,CANTWELL,NA,216,DOJ_CIV,2020-01-29,MARIA CANTWELL,"CANTWELL, Maria E.",ILLEGAL DRUG RAIDS & HIPAA VIOLATIONS,5,NA,NA
Maria,CANTWELL,NA,275,DOJ_CIV,2020-01-29,MARIA CANTWELL,"CANTWELL, Maria E.",ILLEGAL DRUG RAIDS & HIPAA VIOLATIONS,5,NA,NA
NA,NA,NA,634,DOJ_CIV,2020-01-29,SAXBY CHAMBLISS,,RECA,NA,NA,NA
Mark,WARNER,NA,780,DOJ_CIV,2020-01-29,MARK WARNER,"WARNER, Mark",TRIBAL-OWNED ONLINE LENDERS,NA,NA,NA
NA,NA,NA,840,DOJ_CIV,2020-01-29,ORIN HATCH,,SEN FINANCE CMTE REQ INVESTIGATIONS DOCS RE INVESTIG OF IRS TARGETING OF TAX EXEMPT ORGS,5,NA,NA
NA,NA,NA,25,DOJ_CIV,2020-01-30,JOHN/JEFF CORNYN/SESSIONS,,COOK COUNTY IMMIGRATION LAW,NA,NA,NA
NA,NA,NA,26,DOJ_CIV,2020-01-30,DAVID/MIKE VITTER/JOHANNS,,COOK COUNTY IMMIGRATION LAW,NA,NA,NA
NA,NA,NA,286,DOJ_CIV,2020-01-30,JIM/JON DEMINT/KYL,,COOK COUNTY IMMIGRATION LAW,NA,NA,NA
NA,NA,NA,841,DOJ_CIV,2020-01-30,CEDRIC STEVE RICHMOND SCALISE,,TAYLOR ENERGY COMPANY MC-20A DOJ DELAYED RESPONSE,NA,NA,NA
NA,NA,NA,1049,DOJ_CIV,2020-01-30,CHARLES E./TOM GRASSLEY/COBURN,,COOK COUNTY IMMIGRATION LAW,NA,NA,NA
NA,NA,NA,636,DOJ_CIV,2020-01-31,CARL LEVIN,,RECA,NA,NA,NA
Tom,COLE,NA,775,DOJ_CIV,2020-01-31,TOM COLE,"COLE, Tom",RECA,NA,NA,NA
NA,NA,NA,1044,DOJ_CIV,2020-01-31,MARK KIRK,,VARIOUS LEGAL ISSUES,NA,NA,NA
Adam,SCHIFF,NA,1055,DOJ_CIV,2020-01-31,ADAM B. SCHIFF,"SCHIFF, Adam",PATR OT ACT INVESTIGATION,NA,NA,NA
Addison,McCONNELL,NA,108,DOJ_CIV,2020-02-01,MITCH MCCONNELL,"McCONNELL, Addison Mitchell (Mitch)",RADIATION COMPENSATION,1,"NA",NA
Martin,HEINRICH,NA,141,DOJ_CIV,2020-02-01,MARTIN HEINRICH,"HEINRICH, Martin",COBELL V (b) (6),1,"NA",NA
Ben,LUJAN,NA,142,DOJ_CIV,2020-02-01,BEN RAY LUJAN,"LUJÁN, Ben Ray",COBELL V (b) (6),1,"NA",NA
NA,NA,NA,143,DOJ_CIV,2020-02-01,HARRY TEAGUE,,COBELL V (b) (6),1,"NA",NA
NA,NA,NA,146,DOJ_CIV,2020-02-01,JOHN CONYERS  JR.,,FSIA & COMMERCIAL ACCOUNTABILITY,"NA","NA",NA
Lindsey,GRAHAM,NA,147,DOJ_CIV,2020-02-01,LINDSEY O. GRAHAM,"GRAHAM, Lindsey O.",PIGFORD II/BLACK FARMERS CASE,"NA","NA",NA
Marco,RUBIO,NA,288,DOJ_CIV,2020-02-01,MARCO RUBIO,"RUBIO, Marco",CLAIM FOR COMPENSATION,1,NA,NA
NA,NA,NA,632,DOJ_CIV,2020-02-01,CLAIRE MCCASKILL,,RECA,NA,NA,NA
James,LANKFORD,NA,637,DOJ_CIV,2020-02-01,JAMES LANKFORD,"LANKFORD, James",RECA,NA,NA,NA
Patrick,TOOMEY,NA,639,DOJ_CIV,2020-02-01,PATRICK TOOMEY,"TOOMEY, Patrick Joseph",RECA,NA,NA,NA
NA,NA,NA,648,DOJ_CIV,2020-02-01,MICHAEL MICHAUD,,REQUESTING ASSISTANCE WITH MORTGAGE ISSUE,1,NA,NA
Dianne,FEINSTEIN,NA,649,DOJ_CIV,2020-02-01,DIANNE FEINSTEIN,"FEINSTEIN, Dianne",COBELL SETTLEMENT,NA,NA,NA
NA,NA,NA,1052,DOJ_CIV,2020-02-01,JIM DEMINT,,CASE AGAINST COMPANY,NA,NA,NA
Tammy,BALDWIN,NA,1070,DOJ_CIV,2020-02-01,TAMMY BALDWIN,"BALDWIN, Tammy",GOVERNOR S USE OF MORTGAGE SETTLEMENT,NA,NA,NA
David,SCOTT,NA,1080,DOJ_CIV,2020-02-01,DAVID SCOTT,"SCOTT, David",MED CARE BILLING FRAUD,NA,NA,NA
NA,NA,NA,109,DOJ_CIV,2020-02-02,BARBARA BOXER,,STATUS OF RESP TO CONST LTR TO DOJ,"NA","NA",NA
Ben,LUJAN,NA,110,DOJ_CIV,2020-02-02,BEN RAY LUJAN,"LUJÁN, Ben Ray",CONST COMPLNT AGNST US FOREST SERVICE,"NA","NA",NA
Janice,SCHAKOWSKY,NA,241,DOJ_CIV,2020-02-02,JANICE D SCHAKOWSKY,"SCHAKOWSKY, Janice D.",RADIATION COMPENSATION,1,NA,NA
NA,NA,NA,274,DOJ_CIV,2020-02-02,FRANK LAUTENBERG,,911 VICTIM COMPENSATION FUND,1,NA,NA
Joseph,KENNEDY,NA,350,DOJ_CIV,2020-02-02,JOSEPH KENNEDY,"KENNEDY, Joseph P. III",RECA,NA,NA,NA
Dianne,FEINSTEIN,NA,848,DOJ_CIV,2020-02-02,DIANNE FEINSTEIN,"FEINSTEIN, Dianne",CONSTITUENT FTCA CONCERN RE THE ADVOCACY FOR CONSUMER RIGHTS,NA,NA,NA
NA,NA,NA,883,DOJ_CIV,2020-02-02,PATRICK MURPHY,,REQUESTING DOJ TO COMPLETE THE COMPREHENSIVE GUIDANCE ON BENEFITS TO SAME-SEX MARRIED VETERANS,1,NA,NA
NA,NA,NA,111,DOJ_CIV,2020-02-03,BEN CHANDLER,,CONST REQ MORE INFO ABT HIS FTCA CLA M,5,"NA",NA
Patrick,LEAHY,NA,112,DOJ_CIV,2020-02-03,PATRICK LEAHY,"LEAHY, Patrick Joseph",QUESTNS FOR AAG WEST -1 26 FRAUD HEARNG,1,"NA",NA
Patrick,LEAHY,NA,119,DOJ_CIV,2020-02-03,PATRICK LEAHY,"LEAHY, Patrick Joseph",QUESTNS - AAG BREUER -1/26 FRAUD HEARNG,1,"NA",NA
NA,NA,NA,353,DOJ_CIV,2020-02-03,RUBIO MARCO,,CONSTITUENT IS HAVING MORTGAGE AND CREDIT PROBLEMS WITH BANK OF AMERICA,NA,NA,NA
Lloyd,DOGGETT,NA,968,DOJ_CIV,2020-02-03,LLOYD DOGGETT,"DOGGETT, Lloyd Alton, II",EXPRESSING CONCERN ABOUT THE MEDIA REPORTS ALLEGING THAT BRITISH AMERICAN TOBACCO (BAT) CONSPIRED TO BRIBE POLITICIANS AND PUBLIC HEALTH OFFICIALS ACROSS CENTRAL AND EAST AFRICA TO BLOCK WEAKEN AND DELAY THE PASSAGE IMPLEMENTAITON OF PUBLIC HEALTH LAWS DESIGNED TO PROTECT PEOPLE FROM THE DEADLY EFFECTS OF TOBACCO. REQUESTING DOJ TO INVESTIGATE BATS ALLEGED BRIBERY TO DETERMINE WHETHER IT VIOLATED THE TERMS OF THE FOREIGN CORRUPT PRACTICES ACT.,1,NA,NA
Ruben,GALLEGO,NA,969,DOJ_CIV,2020-02-03,RUBEN GALLEGO,"GALLEGO, Ruben","LTR ON BEHALF OF(b) (6) REQUESTING ASSISTANCE REGARDING THE STATUS OF HER
 HUSBAND S CLAIM FOR BENEFITS UNDER THE RADIATION EXPOSURE COMPENSATION ACT (RECA). SEE WF 2723239",1,NA,NA
Steve,SCALISE,NA,1057,DOJ_CIV,2020-02-03,STEVE SCALISE/23 OTHERS,"SCALISE, Steve",SOLYNDRA,NA,NA,NA
Lois,FRANKEL,NA,40,DOJ_CIV,2020-02-05,LOIS FRANKEL,"FRANKEL, Lois",MORTGAGE FRAUD,NA,NA,NA
Peter,DeFAZIO,NA,776,DOJ_CIV,2020-02-05,PETER A. DEFAZIO,"DeFAZIO, Peter Anthony",CONSTITUENT WANTS COPIES OF HIS RECORDS WHICH DOJ PROVIDED COURT AS PART OF VIETNAM VETS V. CIA,NA,NA,NA
NA,NA,NA,786,DOJ_CIV,2020-02-05,MARK BEGICH,,SUPPOSED $10 BILLION SETTLEMENT WITH DOJ,NA,NA,NA
Theodore,DEUTCH,NA,842,DOJ_CIV,2020-02-05,TED DEUTCH,"DEUTCH, Theodore E. (Ted)",VCF,NA,NA,NA
James,LANKFORD,NA,970,DOJ_CIV,2020-02-05,JAMES LANKFORD,"LANKFORD, James",LTR ON BEHALF OF CONSTITUENT SEEKING ASSISTANCE CONCERNING THE PROPOSED SETTLEMENT.,NA,NA,NA
NA,NA,NA,272,DOJ_CIV,2020-02-06,JOHN SULLIVAN,,ACROMED CORP CLASS ACTION SETTLEMENT,NA,NA,NA
NA,NA,NA,644,DOJ_CIV,2020-02-06,BILL SHUSTER,,ASSISTANCE WITH KEEPING HER K-9 PARTNER,NA,NA,NA
Theodore,DEUTCH,NA,645,DOJ_CIV,2020-02-06,THEODORE DEUTCH,"DEUTCH, Theodore E. (Ted)",FORECLOSER OF HOME,NA,NA,NA
Mark,WARNER,NA,803,DOJ_CIV,2020-02-06,MARK WARNER,"WARNER, Mark",TRIBAL-OWNED ONLINE LENDERS (OPEARTION CHOKE POINT),NA,NA,NA
Robert,PORTMAN,NA,1054,DOJ_CIV,2020-02-06,ROB PORTMAN,"PORTMAN, Robert Jones (Rob)",HHS BIRTH CONTROL REGULATION,NA,NA,NA
NA,NA,NA,1067,DOJ_CIV,2020-02-06,TOM LATHAM,,ILLEGAL ARRESTS OTHER NONSENSE,NA,NA,NA
Walter,JONES,NA,1077,DOJ_CIV,2020-02-06,WALTER B. JONES,"JONES, Walter Beaman, Jr.",BLACK FARMERS LITIGATION,NA,NA,NA
Charles,GRASSLEY,NA,185,DOJ_CIV,2020-02-07,CHARLES GRASSLEY,"GRASSLEY, Charles Ernest",REQ COPY ST. JUDGE MED SETTLEMENT,5,"NA",NA
Marco,RUBIO,NA,186,DOJ_CIV,2020-02-07,MARCO RUBIO,"RUBIO, Marco",CIVIL FEDERAL TAX L EN CASE,"NA","NA",NA
NA,NA,NA,187,DOJ_CIV,2020-02-07,JO BONNER,,THANK ASG - VISIT AL - IMPCT OF BP SPILL,"NA","NA",NA
NA,NA,NA,238,DOJ_CIV,2020-02-07,RON PAUL,,PROSECUTION OF BORDER PATROL AGENTS,5,NA,NA
NA,NA,NA,239,DOJ_CIV,2020-02-07,"WALTER, B JONES",,PROSECUTION OF BORDER PATROL AGENTS,5,NA,NA
NA,NA,NA,240,DOJ_CIV,2020-02-07,JOHN T SALAZAR,,RADIATION COMPENSATION,1,NA,NA
John,CORNYN,NA,273,DOJ_CIV,2020-02-07,JOHN CORNYN,"CORNYN, John",PROSECUTION OF BORDER PATROL AGENTS,5,NA,NA
Charles,ROBERTS,NA,779,DOJ_CIV,2020-02-07,PAT ROBERTS,"ROBERTS, Charles Patrick (Pat)",RECA,NA,NA,NA
Gus,BILIRAKIS,NA,783,DOJ_CIV,2020-02-07,GUS BILIRAKIS,"BILIRAKIS, Gus",SEPTEMBER 11TH VICTIMS COMPENSATION (VCF),NA,NA,NA
Robert,LATTA,NA,144,DOJ_CIV,2020-02-08,ROBERT LATTA,"LATTA, Robert E.",LAWSUIT AGAINST GMC MOTORS CORP.,"NA","NA",NA
Charles,GRASSLEY,NA,182,DOJ_CIV,2020-02-08,CHARLES GRASSLEY,"GRASSLEY, Charles Ernest",REQ INFO RE SEC/DOJ FRAUD CORDINATION,5,"NA",NA
Sherrod,BROWN,NA,183,DOJ_CIV,2020-02-08,SHERROD BROWN,"BROWN, Sherrod",ENFORCE SERVICEMBRS CIV RELIEF ACT,"NA","NA",NA
Rick,CRAWFORD,NA,184,DOJ_CIV,2020-02-08,RICK CRAWFORD,"CRAWFORD, Rick",REQ INFO ABOUT EOUSA PRETRIAL PRGM,5,"NA",NA
Sheila,JACKSON LEE,NA,204,DOJ_CIV,2020-02-08,SHEILA JACKSON LEE,"JACKSON LEE, Sheila",PROSECUTION OF BORDER PATROL AGENTS,5,NA,NA
NA,NA,NA,205,DOJ_CIV,2020-02-08,JEFF BINGAMAN,,RADIATION COMPENSATION,1,NA,NA
NA,NA,NA,206,DOJ_CIV,2020-02-08,JEFF BINGAMAN,,RADIATION COMPENSATION,1,NA,NA
Dianne,FEINSTEIN,NA,207,DOJ_CIV,2020-02-08,DIANNE FEINSTEIN,"FEINSTEIN, Dianne",PROSECUTION OF BORDER PATROL AGENTS,5,NA,NA
NA,NA,NA,646,DOJ_CIV,2020-02-08,BILL NELSON,,REQUESTING THE REMOVAL OF PHYSICIANS LICENSE SUSPENSION,1,NA,NA
NA,NA,NA,145,DOJ_CIV,2020-02-09,NATHAN DEAL,,BANK FRAUD/GA COMMUNITY BANK,"NA","NA",NA
NA,NA,NA,237,DOJ_CIV,2020-02-09,PETE DOMENICI,,RADIATION COMPENSATION,1,NA,NA
NA,NA,NA,843,DOJ_CIV,2020-02-09,ORIN CHUCK DEAN MIKE PAT JOHN JOHN JOHNNY T M PAT RICHARD MICHAEL ROB HATCH GRASSLEY HELLER CRAPO ROBERTS CORNYN THUNE ISAKSON SCOTT TOOMEY BURR ENZI PORTMAN,,"SEN FINANCE CMTTEE - LACK OF INFO FROM OBAMA ADMIN RE (b) (6) 
 CONTINGENCY PLAN IF LOST",1,NA,NA
NA,NA,NA,844,DOJ_CIV,2020-02-09,DAN COATS,,CONCERN W/ LACK OF CONTENGINCY PLACE RE IF ADMIN LOSES(b) (6),1,NA,NA
Charles,GRASSLEY,NA,971,DOJ_CIV,2020-02-09,CHARLES GRASSLEY,"GRASSLEY, Charles Ernest",LTR FROM CHMN GRASSLEY JUDICIARY COMTE EXPRESSING CONCERN REGARDING THE USE AND ABUSE OF PAID ADMINISTRATIVE LEAVE.,NA,NA,NA
NA,NA,NA,974,DOJ_CIV,2020-02-09,DEAN HELLER,,"LTR ON BEHALF OF(b) (6) REGARD NG THE AMOUNT OF COMPENSAT ON SHE RECEIVED FROM
 HER RECA CLAIM.",1,NA,NA
NA,NA,NA,1056,DOJ_CIV,2020-02-09,CONNIE MACK,,RECA,NA,NA,NA
Christopher,VAN HOLLEN,NA,845,DOJ_CIV,2020-02-10,CHRIS VAN HOLLEN,"VAN HOLLEN, Christopher",RECOMMENDING CONSTITUENT FOR ATTORNEY JOB WITH VCF,NA,NA,NA
Kevin,McCARTHY,NA,846,DOJ_CIV,2020-02-10,KEVIN MCCARTHY,"MCCARTHY, Kevin",RECA,NA,NA,NA
NA,NA,NA,777,DOJ_CIV,2020-02-11,ALLYSON Y. SCHWARTZ,,OPERATION CHOKE POINT,NA,NA,NA
NA,NA,NA,1199,DOJ_CIV,2020-02-11,JAMES PETER MCGOVERN KING,,LEGAL REPRESENATION FOR(b) (6) (b) (6),1,NA,NA
NA,NA,NA,199,DOJ_CIV,2020-02-12,SCOTT GARRETT,,PROSECUTION OF BORDER PATROL AGENTS,5,NA,NA
NA,NA,NA,203,DOJ_CIV,2020-02-12,TRENT LOTT*,,REFUND FROM INTERNET PURCHASE,1,NA,NA
Amy,KLOBUCHAR,NA,647,DOJ_CIV,2020-02-12,AMY KLOBUCHAR,"KLOBUCHAR, Amy",LOAN MODIFICATION DIFFICULTY,NA,NA,NA
Scott,PETERS,NA,976,DOJ_CIV,2020-02-12,SCOTT PETERS,"PETERS, Scott",REQUESTING INFORMATION REGARDING THE SETTLEMENT DOJ ENTERED INTO WITH METLIFE HOME LOANS.,1,NA,NA
NA,NA,NA,641,DOJ_CIV,2020-02-13,BILL OWENS,,RECA,NA,NA,NA
NA,NA,NA,1046,DOJ_CIV,2020-02-13,BILL NELSON,,RECA,NA,NA,NA
NA,NA,NA,276,DOJ_CIV,2020-02-14,JEFF BINGAMAN,,RADIATION COMPENSATION,1,NA,NA
NA,NA,NA,781,DOJ_CIV,2020-02-14,DONNA F. EDWARDS,,ODOMETER FRAUD OTHER ISSUES WITH AUTO DEALER,NA,NA,NA
NA,NA,NA,202,DOJ_CIV,2020-02-16,JEFF BINGAMAN,,RADIATION COMPENSATION,1,NA,NA
NA,NA,NA,975,DOJ_CIV,2020-02-16,DAVID JOLLY,,LTR ON BEHALF OF(b) (6) REGARDING THE ISSUES HE IS HAVING WITH HIS BP CLAIM.,1,NA,NA
NA,NA,NA,1060,DOJ_CIV,2020-02-16,ALLEN WEST,,QUI TAM MATTER,NA,NA,NA
Susan,COLLINS,NA,1068,DOJ_CIV,2020-02-16,SUSAN M. COLLINS,"COLLINS, Susan Margaret",GARNISHMENT OF WAGES,NA,NA,NA
NA,NA,NA,1073,DOJ_CIV,2020-02-16,KELLY AYOTTE,,WORKERS COMP FROM BOP,NA,NA,NA
NA,NA,NA,1078,DOJ_CIV,2020-02-16,JOHN MCCAIN,,MORTGAGE SETTLEMENT WITH BANKS,NA,NA,NA
Ted,LIEU,NA,1203,DOJ_CIV,2020-02-17,TED LIEU,"LIEU, Ted",LTR TO THE AG REQUESTING A DOJ INVESTIGATION INTO EXXONMOBIL FOR THE ORGANIZED ENTERPRISE OF DECEIVING THE PUBLIC ON CLIMATE SCIENCE IN ORDER TO BENEFIT THE SALE OF ITS PRODUCTS.,1,NA,NA
NA,NA,NA,1204,DOJ_CIV,2020-02-17,NA Loudermilk,,Requesting info for consitituent about unpaid depo transcript,1,NA,NA
Vernon,BUCHANAN,NA,973,DOJ_CIV,2020-02-19,VERN BUCHANAN,"BUCHANAN, Vernon G.",LTR ON BEHALF OF(b) (6) REGARDING THE STATUS OF HIS DEEP WATER HORIZON CLAIM.,1,NA,NA
Mark,WARNER,NA,52,DOJ_CIV,2020-02-20,MARK WARNER,"WARNER, Mark",TRIBAL-OWNDED ONLINE LENDERS,NA,NA,NA
NA,NA,NA,200,DOJ_CIV,2020-02-20,RUSSELL D FEINGOLD,,PROSECUTION OF BORDER PATROL AGENTS,5,NA,NA
NA,NA,NA,201,DOJ_CIV,2020-02-20,EDWARD M KENNEDY,,RETURN OF PROBATE ESTATE DOCUMENTS,1,NA,NA
NA,NA,NA,787,DOJ_CIV,2020-02-20,BARBARA BOXER,,FBI INVESTIGATION OF R.E. LOANS FAILURE OF DOJ TO PROSECUTE,NA,NA,NA
Buddy,CARTER,NA,890,DOJ_CIV,2020-02-20,EARL CARTER,"CARTER, Buddy",LTR ON BEHALF OF GA CONSTITUTENT WHO BELIEVES THAT SAVANNAH JUDGES BROKE LAWS RE CLOSED CASES,NA,NA,NA
NA,NA,NA,197,DOJ_CIV,2020-02-21,KAY BAILEY HUTCHISON,,TELECOMMUNICATIONS SUITS & SURVEILLANCE,NA,NA,NA
NA,NA,NA,198,DOJ_CIV,2020-02-21,"WALTER, B JONES",,PROSECUTION OF BORDER PATROL AGENTS,5,NA,NA
NA,NA,NA,782,DOJ_CIV,2020-02-21,BOB J. RANDY GOODLATTE FORBES,,(b) (6) V. HOLDER,1,NA,NA
NA,NA,NA,1059,DOJ_CIV,2020-02-21,ED WHITFIELD,,RECA,NA,NA,NA
Sherrod,BROWN,NA,42,DOJ_CIV,2020-02-22,SHERROD BROWN,"BROWN, Sherrod",DISPUTE WITH INSURANCE COMPANY,NA,NA,NA
NA,NA,NA,189,DOJ_CIV,2020-02-22,JEFF BINGAMAN,,RADIATION COMPENSATION,1,NA,NA
NA,NA,NA,194,DOJ_CIV,2020-02-22,JEFF BINGAMAN,,RADIATION COMPENSATION,1,NA,NA
NA,NA,NA,196,DOJ_CIV,2020-02-22,JEFF BINGAMAN,,RADIATION COMPENSATION,1,NA,NA
NA,NA,NA,1074,DOJ_CIV,2020-02-22,JIM MATHESON,,RECA,NA,NA,NA
NA,NA,NA,190,DOJ_CIV,2020-02-23,GINNY BROWN-WAITE,,CLAIM AGAINST CORNING/ASBESTOS EXPOSURE,1,NA,NA
NA,NA,NA,191,DOJ_CIV,2020-02-23,CHARLIE MELANCO N,,KATRINA FTCA CLAIM EXTENSION REQUEST,1,NA,NA
NA,NA,NA,192,DOJ_CIV,2020-02-23,MARY L LANDRIEU,,KATRINA FTCA CLAIM EXTENSION REQUEST,1,NA,NA
NA,NA,NA,195,DOJ_CIV,2020-02-23,JEFF BINGAMAN,,RADIATION COMPENSATION,1,NA,NA
NA,NA,NA,51,DOJ_CIV,2020-02-25,NIKI TSONGAS,,SEPTEMBER 11TH VICTIMS COMPENSATION FUND (VCF),NA,NA,NA
Brad,SHERMAN,NA,650,DOJ_CIV,2020-02-25,BRAD SHERMAN,"SHERMAN, Brad",NATIONAL MORTGAGE SETTLEMENT,NA,NA,NA
Gerald,CONNOLLY,NA,662,DOJ_CIV,2020-02-25,GERALD CONNOLLY,"CONNOLLY, Gerald E. (Gerry)",CONSTITUENT WANTS LAWFUL PERMANENT RESIDENCY,NA,NA,NA
Mark,TAKANO,NA,41,DOJ_CIV,2020-02-26,MARK TAKANO,"TAKANO, Mark",AMICUS BRIEF IN(b) (6),1,NA,NA
NA,NA,NA,56,DOJ_CIV,2020-02-26,GARY G. MILLER,,VA WHISTLEBLOWER,NA,NA,NA
NA,NA,NA,193,DOJ_CIV,2020-02-26,RICK RENZI,,RADIATION COMPENSATION,1,NA,NA
NA,NA,NA,784,DOJ_CIV,2020-02-26,"JEFF TOM RICHARD MAZIE EL ZABETH RICHARD
 ELIJAH SUZANNE ALLYSON JOHN MAXINE MERKLEY UDALL DURBIN HIRONO WARREN
 BLUMENTHAL CUMMINGS BONAMICI SCHWARTZ",,"PAYMENTS BY BANKS AND THIRD-PARTY
 PAYMENT PROCESSORS",NA,NA,NA
Karen,BASS,NA,894,DOJ_CIV,2020-02-26,KAREN BASS,"BASS, Karen",LTR ON BEHALF OF CA CONSITUENT REGARDING UNFAIR LOAN PRACTICES PERTAINING TO BOA LOAN,NA,NA,NA
Charles,SCHUMER,NA,785,DOJ_CIV,2020-02-27,CHARLES SCHUMER,"SCHUMER, Charles Ellis (Chuck)","SEPTEMBER 11TH VICTIMS COMPENSATION FUND
 (VCF)",NA,NA,NA
NA,NA,NA,1063,DOJ_CIV,2020-02-27,Bill YOUNG,,(b) (6) V. UNITED STATES,1,NA,NA
Emanuel,CLEAVER,NA,55,DOJ_CIV,2020-02-28,EMANUEL CLEAVER,"CLEAVER, Emanuel, II",CONSTITUENT WANTS TO MAKE AN APPOINTMENT WITH CIV,NA,NA,NA
NA,NA,NA,1075,DOJ_CIV,2020-02-28,MARY L. LANDRIEU,,SERVICEMEMBERS CIVIL RELIEF ACT,NA,NA,NA
John,THUNE,NA,1076,DOJ_CIV,2020-02-28,JOHN THUNE,"THUNE, John",VICTIMS OF CRIME FUND,NA,NA,NA
Christopher,VAN HOLLEN,NA,1200,DOJ_CIV,2020-02-28,CHRIS VAN HOLLEN,"VAN HOLLEN, Christopher",IMMIGRATION CASE,NA,NA,NA
NA,NA,NA,534,DOJ_CIV,2020-02-29,BARBARA MIKULSKI,,SEED MODIFICATION BY MONSANTO,NA,NA,NA
Raul,GRIJALVA,NA,1064,DOJ_CIV,2020-02-29,RAUL M. GRIJALVA,"GRIJALVA, Raúl M.",(b) (6) ET AL V. BP EXPLORATION,1,NA,NA
Edward,MARKEY,NA,1071,DOJ_CIV,2020-02-29,EDWARD J. MARKEY/2 OTHERS,"MARKEY, Edward John",WANT BP SETTLEMENT INVESTED IN GULF,NA,NA,NA
Adam,SMITH,NA,53,DOJ_CIV,2020-03-01,ADAM SMITH,"SMITH, Adam",REGULATION OF SECURIT ES COMPANIES,NA,NA,NA
Amy,KLOBUCHAR,NA,127,DOJ_CIV,2020-03-01,AMY KLOBUCHAR,"KLOBUCHAR, Amy",REQ INVEST/ARMY BIOLOGICAL RES LAB,5,"NA",NA
Charles,GRASSLEY,NA,128,DOJ_CIV,2020-03-01,CHARLES E. GRASSLEY,"GRASSLEY, Charles Ernest",GM SITE IN SIOUX CITY,"NA","NA",NA
NA,NA,NA,134,DOJ_CIV,2020-03-01,BARBARA MIKULSKI,,BLACK FARMERS SETTLEMENT/P GFORD II,"NA","NA",NA
NA,NA,NA,138,DOJ_CIV,2020-03-01,BARBARA A. MIKULSKI,,BLACK FARMERS CASE/PIGFORD II,"NA","NA",NA
NA,NA,NA,139,DOJ_CIV,2020-03-01,BARBARA A. MIKULSKI,,BLACK FARMERS/PIGFORD II,"NA","NA",NA
NA,NA,NA,172,DOJ_CIV,2020-03-01,RANDY NEUGEBAUER,,REQ ADMIN HALT ENFORCEMENT - HEALTH LAW,5,"NA",NA
NA,NA,NA,173,DOJ_CIV,2020-03-01,JEFF MILLER,,REQ ADMIN HALT ENFORCEMENT - HEALTH LAW,5,"NA",NA
NA,NA,NA,653,DOJ_CIV,2020-03-01,CLAIRE MCCASKILL,,RECA,NA,NA,NA
Bill,JOHNSON,NA,656,DOJ_CIV,2020-03-01,BILL JOHNSON,"JOHNSON, Bill","MORTGAGE FRAUD AND VARIOUS OTHER
 CRIMINAL ISSUES",NA,NA,NA
Jon,TESTER,NA,660,DOJ_CIV,2020-03-01,JON TESTER,"TESTER, Jon",ISSUE WITH VA BENEFITS,NA,NA,NA
Danny,DAVIS,NA,891,DOJ_CIV,2020-03-01,DANNY DAVIS,"DAVIS, Danny K.",LTR ON BEHALF OF IL CONSTITUENT REQUESTING ASSISTANCE WITH ARBITRATION CASE,1,NA,NA
NA,NA,NA,1066,DOJ_CIV,2020-03-01,LAMAR/CHARLES SMITH/GRASSLEY,,OVERREACH OF AUTHORITY BY NINTH C RCUIT,NA,NA,NA
NA,NA,NA,74,DOJ_CIV,2020-03-02,L SA MURKOWSKI,,THE SKIES OF INTERIOR ALASKA WERE BLACKEND BY A WILDFIRE TOUCHED OFF BY MILITARY. EXPRESSING CONCERNS THAT CHENA HOT SPRINGS RESORT ENTERED IN A SETTLEMENT WITH THE ARMY FOR DAMAGES ARISING FROM THE FIRE.,NA,NA,NA
NA,NA,NA,181,DOJ_CIV,2020-03-02,LAMAR SMITH,,DOJ FOIA ENFRCEMNT/CRT FOIA,"NA","NA",NA
NA,NA,NA,388,DOJ_CIV,2020-03-02,CHARLES GONZALEZ,,HISPANIC/FEMALE USDA DISCIM (b) (6),1,NA,NA
NA,NA,NA,389,DOJ_CIV,2020-03-02,JO BONNER,,CONST REQ MONEY FOR INVLVMT IN CASE,5,NA,NA
NA,NA,NA,852,DOJ_CIV,2020-03-02,BILL NELSON,,CONSTITUENT/SMALL NON-PROFIT REQUEST FOR AN INVESTIGATION OF A BANK,1,NA,NA
Richard,BURR,NA,71,DOJ_CIV,2020-03-03,RICHARD BURR,"BURR, Richard M.",LTR ON BEHALF OF(b) (6) REGARDING PROBLEMS WITH HER MOTHER'S (b) (6) 911 COMPENSATION FUND CLAIM.,1,NA,NA
NA,NA,NA,136,DOJ_CIV,2020-03-03,PARKER GRIFF TH,,COMPLAINT RE  DECISION IN EEOC CASE,"NA","NA",NA
NA,NA,NA,137,DOJ_CIV,2020-03-03,CLIFF STEARNS,,VETERAN MEDICAL FILE STOLEN,"NA","NA",NA
Ben,LUJAN,NA,179,DOJ_CIV,2020-03-03,BEN RAY LUJAN,"LUJÁN, Ben Ray",RADIATION COMPENSATION,1,"NA",NA
NA,NA,NA,27,DOJ_CIV,2020-03-05,TOM/RICHARD HARKIN/BLUMENTHAL,,FDA WARNING ON CIGARETTE LABELS,NA,NA,NA
Jeff,MERKLEY,NA,28,DOJ_CIV,2020-03-05,JEFF MERKLEY,"MERKLEY, Jeff",FDA WARNING ON CIGARETTE LABELS,NA,NA,NA
NA,NA,NA,529,DOJ_CIV,2020-03-05,RICHARD LUGAR,,MORTGAGE SETTLEMENT,NA,NA,NA
NA,NA,NA,530,DOJ_CIV,2020-03-05,RICHARD LUGAR,,MORTGAGE SETTLEMENT,NA,NA,NA
NA,NA,NA,1069,DOJ_CIV,2020-03-05,FRANK/RICHARD LAUTENBERG/DURBIN,,FDA WARNING ON CIGARETTE LABELS,NA,NA,NA
NA,NA,NA,537,DOJ_CIV,2020-03-06,JOHN DUNCAN JR.,,RECA,NA,NA,NA
Tammy,BALDWIN,NA,851,DOJ_CIV,2020-03-06,TAMMY BALDWIN,"BALDWIN, Tammy",NOAA ALLEGEDLY VIOLATING 28 CFR 50 23 IN PROPOSED SETTLEMENT,NA,NA,NA
NA,NA,NA,54,DOJ_CIV,2020-03-07,CHARLES DENT,,SEPTEMBER 11TH VICTIMS COMPENSATION FUND (VCF),NA,NA,NA
Ronald,WYDEN,NA,652,DOJ_CIV,2020-03-07,RON WYDEN,"WYDEN, Ronald Lee","MORTGAGE INDUSTRY CHARGING FEES ALREADY PAID BY GOVERNMENT ENTITY (FALSE CLAIMS
 CT)",1,NA,NA
Charles,GRASSLEY,NA,978,DOJ_CIV,2020-03-07,CHARLES GRASSLEY,"GRASSLEY, Charles Ernest",LEAGUE OF WOMEN VOTERS V NEWBY (EAC) - EXPRESSING CONCERNS THAT DOJ D D NOT ADVOCATE FOR EAC AND SIDED W/ PLAINTIFFS REQUESTS ANSWERS TO FIVE QUESTIONS INCLUDED IN LETTER,1,NA,NA
NA,NA,NA,1079,DOJ_CIV,2020-03-07,CHARLES BOUSTANY JR.,,(b) (6) V. USA,1,NA,NA
NA,NA,NA,149,DOJ_CIV,2020-03-08,JIM MATHESON,,RADIATION COMPENSATION,1,"NA",NA
Patrick,LEAHY,NA,150,DOJ_CIV,2020-03-08,PATRICK LEAHY,"LEAHY, Patrick Joseph",REQ INFO - DOJ USE OF STATE SECRETS PRIV,5,"NA",NA
NA,NA,NA,151,DOJ_CIV,2020-03-08,DONALD CLARK,,NOTIFY DOJ  FTC/TOYS R US SETLMNT AGRMNT,"NA","NA",NA
Sheila,JACKSON LEE,NA,152,DOJ_CIV,2020-03-08,SHEILA JACKSON LEE,"JACKSON LEE, Sheila",REQ USMS F ND FUJITVE(b) (6) IN NIGERIA,1,"NA",NA
Charles,GRASSLEY,NA,1072,DOJ_CIV,2020-03-08,CHARLES E. GRASSLEY,"GRASSLEY, Charles Ernest",DOJ INVESTIGATION OF MINNESOTA MEDICAID,NA,NA,NA
Charles,GRASSLEY,NA,72,DOJ_CIV,2020-03-09,CHARLES E. GRASSLEY,"GRASSLEY, Charles Ernest",LTR FROM CHMN GRASSLEY JUDICIARY COMTE EXPRESSING CONCERNS REGARDING POTENTIAL ABUSES WITHIN THE MEDICARE HOSPICE BENEFIT WHEREAS HOSPICE COMPANIES ARE RECRUITING PATIENTS WHO ARE NOT ACTUALLY TERMINALLY ILL.,NA,NA,NA
Sean,DUFFY,NA,75,DOJ_CIV,2020-03-09,SEAN P. DUFFY,"DUFFY, Sean",CHRMAN EXPRESSING CONCERNS REGARDING DOJ'S FAILURE TO COMPLY WITH THE COMTE S SUBPOENA AND INFORMAT ON REQUEST ON 5/11/15 INVOLVING MORTGAGE-LENDING SETTLEMENTS.,1,NA,NA
NA,NA,NA,77,DOJ_CIV,2020-03-09,STEVE ISRAEL,,9/11 VCF,NA,NA,NA
NA,NA,NA,135,DOJ_CIV,2020-03-09,JEAN SCHMIDT,,CONTRACTING ISSUE WITH AIRPORT,"NA","NA",NA
NA,NA,NA,153,DOJ_CIV,2020-03-09,RICHARD LUGAR,,CONST CONCERN - DOJ/ST SECRETS PRIVLEGE,"NA","NA",NA
Jon,TESTER,NA,291,DOJ_CIV,2020-03-09,JON TESTER,"TESTER, Jon",ADVISING THAT ROTHE DEVELOPMENT CORP INC. IS CHALLENGING THE FACIAL CONSTITUTIONAL VALIDITY OF SBAS SECTION 8(A) BUSINESS DEVELOPMENT PROGRAM.,NA,NA,NA
NA,NA,NA,73,DOJ_CIV,2020-03-10,BOB GOODLATTE,,LTR EXPRESSING APPRECIATION FOR DOJ'S COOPERATION TO MAKE AVAILABLE THIRD PARTY PAYMENT TERMS IN CERTAIN DOJ SETTLEMENTS.,NA,NA,NA
Kathleen,RICE,NA,76,DOJ_CIV,2020-03-10,KATHLEEN RICE,"RICE, Kathleen Maura",RADIATION EXPOSURE,NA,NA,NA
Charles,GRASSLEY,NA,990,DOJ_CIV,2020-03-10,CHARLES E. GRASSLEY,"GRASSLEY, Charles Ernest",REQUESTING INFORMAITON ON AGENCY USE OF ADMINISTRATIVE LEAVE.,1,NA,NA
NA,NA,NA,57,DOJ_CIV,2020-03-11,MARK BEGICH (THREE OTHERS),,(b) (6),1,NA,NA
NA,NA,NA,148,DOJ_CIV,2020-03-11,SANDY ADAMS,,REQ ADMIN HALT ENFORCEMENT - HEALTH LAW,5,"NA",NA
John,CARTER,NA,154,DOJ_CIV,2020-03-11,JOHN CARTER,"CARTER, John R.",REQ ADMIN HALT ENFORCEMENT - HEALTH LAW,5,"NA",NA
Scott,DESJARLAIS,NA,155,DOJ_CIV,2020-03-11,SCOTT DESJARLAIS,"DESJARLAIS, Scott",REQ ADMIN HALT ENFORCEMENT - HEALTH LAW,5,"NA",NA
Patty,MURRAY,NA,791,DOJ_CIV,2020-03-11,PATTY MURRAY,"MURRAY, Patty",COBELL SETTLEMENT (DEDUCTION OF ADMINISTRATIVE FEE FROM PAYMENTS),NA,NA,NA
Thomas,CARPER,NA,850,DOJ_CIV,2020-03-11,THOMAS CARPER,"CARPER, Thomas Richard",RECA,NA,NA,NA
Suzan,DelBENE,NA,886,DOJ_CIV,2020-03-11,SUZAN DELBENE,"DelBENE, Suzan K.","LTR ON BEHALF OF(b) (6) REQ ASSISTANT W THE DECISION OF THE BOARD OF
 IMMIGRATION APPEALS",1,NA,NA
NA,NA,NA,788,DOJ_CIV,2020-03-12,ALAN GRAYSON,,MORTGAGE FRAUD,NA,NA,NA
NA,NA,NA,654,DOJ_CIV,2020-03-13,Bill YOUNG,,"IHS CONTRACT CLAIMS (b) (6) 
 NAVAJO CHAPTER. WH 1107287",1,NA,NA
NA,NA,NA,129,DOJ_CIV,2020-03-15,GRANT R. VINIK,,FOIA DOCUMENT REQ(b) (6),1,"NA",NA
NA,NA,NA,130,DOJ_CIV,2020-03-15,HARRY TEAGUE,,MORTGAGE FRAUD,"NA","NA",NA
NA,NA,NA,326,DOJ_CIV,2020-03-15,BILL SUSAN NELSON COLLINS,,PROJECT JOLT,NA,NA,NA
NA,NA,NA,131,DOJ_CIV,2020-03-16,SPENCER BACHUS III,,LTR TO OBAMA/NAT L DAY OF PRAYER,"NA","NA",NA
NA,NA,NA,132,DOJ_CIV,2020-03-16,LAMAR SMITH,,REQ DOJ APPEAL/NAT DAY OF PRAYER RULING,5,"NA",NA
Michael,BENNET,NA,849,DOJ_CIV,2020-03-17,MICHAEL BENNET,"BENNET, Michael F.",CONSTITUENT CONCERN RE OPERATION CHOKE POINT,NA,NA,NA
NA,NA,NA,853,DOJ_CIV,2020-03-17,JEFF FLAKE,,RECA,NA,NA,NA
Charles,GRASSLEY,NA,854,DOJ_CIV,2020-03-17,CHARLES GRASSLEY,"GRASSLEY, Charles Ernest",CONSTITUENT ASKING FOR HELP RE DOJ IMMIGRATION CASE AGAINST HIM,NA,NA,NA
James,INHOFE,NA,977,DOJ_CIV,2020-03-18,JAMES INHOFE,"INHOFE, James Mountain",EXPRESSING CONCERN REGARDING DOJ'S RECOGNITION OF STEVEN WALKER S WHISTLEBLOWING ACT THAT EXPOSED CONTRACTOR FRAUD VALUED N THE MILLIONS INVOLVING PAE GOVERNMENT SERVICES AND RM ASIA LIMITED,NA,NA,NA
NA,NA,NA,133,DOJ_CIV,2020-03-19,MORGAN J. FRANKEL,,REP REQUEST(b) (6)   V SEN SHAHEEN,1,"NA",NA
Johnny,ISAKSON,NA,792,DOJ_CIV,2020-03-19,JOHNNY ISAKSON,"ISAKSON, Johnny",D SPUTE W TH BANK,NA,NA,NA
Paul,GOSAR,NA,789,DOJ_CIV,2020-03-20,PAUL GOSAR,"GOSAR, Paul",RECA,NA,NA,NA
NA,NA,NA,657,DOJ_CIV,2020-03-21,PETE GALLEGO,,TO OLA VIA EXEC SEC 10.21,NA,NA,NA
NA,NA,NA,1,DOJ_CIV,2020-03-22,REID/MICHELE RIBBLE/BACHMANN,,DOMA DECISION - D SAPPROVE/REQ DOCS,5,NA,NA
NA,NA,NA,2,DOJ_CIV,2020-03-22,RANDY/JEFF NEUGEBAUER/LANDRY,,DOMA DECISION - D SAPPROVE/REQ DOCS,5,NA,NA
NA,NA,NA,3,DOJ_CIV,2020-03-22,DENNIS/JEFF ROSS/DUNCAN,,DOMA DECISION - D SAPPROVE/REQ DOCS,5,NA,NA
NA,NA,NA,4,DOJ_CIV,2020-03-22,CHRIS/VICKY SMITH/HARTZLER,,DOMA DECISION - D SAPPROVE/REQ DOCS,5,NA,NA
NA,NA,NA,5,DOJ_CIV,2020-03-22,MIKE/LYNN KELLY/JENKINS,,DOMA DECISION - D SAPPROVE/REQ DOCS,5,NA,NA
NA,NA,NA,6,DOJ_CIV,2020-03-22,STEVE/WALTER KING/JONES,,DOMA DECISION - D SAPPROVE/REQ DOCS,5,NA,NA
NA,NA,NA,7,DOJ_CIV,2020-03-22,RALPH/JAMES HALL/LANKFORD,,DOMA DECISION - D SAPPROVE/REQ DOCS,5,NA,NA
NA,NA,NA,8,DOJ_CIV,2020-03-22,PHIL/TODD ROE/AKIN,,DOMA DECISION - D SAPPROVE/REQ DOCS,5,NA,NA
NA,NA,NA,280,DOJ_CIV,2020-03-22,T M/BILL WALBERG/JOHNSON,,DOMA DECISION - D SAPPROVE/REQ DOCS,5,NA,NA
NA,NA,NA,292,DOJ_CIV,2020-03-22,BOB/STEVE LATTA/AUSTRIA,,DOMA DECISION - D SAPPROVE/REQ DOCS,5,NA,NA
NA,NA,NA,374,DOJ_CIV,2020-03-22,FRANK JOHNS,,NOTICE PATENT RULES AND PROCEDUES,NA,NA,NA
NA,NA,NA,375,DOJ_CIV,2020-03-22,T M/JIM HUELSKAMP/JORDAN,,DOMA DECISION - D SAPPROVE/REQ DOCS,5,NA,NA
NA,NA,NA,376,DOJ_CIV,2020-03-22,BILL/SCOTT HUIZENGA/DESJARLAIS,,DOMA DECISION - D SAPPROVE/REQ DOCS,5,NA,NA
NA,NA,NA,377,DOJ_CIV,2020-03-22,FRANCISCO/DOUG CANSECO/LAMBORN,,DOMA DECISION - D SAPPROVE/REQ DOCS,5,NA,NA
NA,NA,NA,378,DOJ_CIV,2020-03-22,ROSCOE/DON BARTLETT/MANZULLO,,DOMA DECISION - D SAPPROVE/REQ DOCS,5,NA,NA
NA,NA,NA,379,DOJ_CIV,2020-03-22,SPENCER/JEFF BACHUS/DERHAM,,DOMA DECISION - D SAPPROVE/REQ DOCS,5,NA,NA
NA,NA,NA,380,DOJ_CIV,2020-03-22,ROB/JACK BISHOP/KINGSTON,,DOMA DECISION - D SAPPROVE/REQ DOCS,5,NA,NA
NA,NA,NA,381,DOJ_CIV,2020-03-22,JOHN/PHIL FLEMING/GINGREY,,DOMA DECISION - D SAPPROVE/REQ DOCS,5,NA,NA
NA,NA,NA,382,DOJ_CIV,2020-03-22,JOE/BILL PITTS/FLORES,,DOMA DECISION - D SAPPROVE/REQ DOCS,5,NA,NA
NA,NA,NA,383,DOJ_CIV,2020-03-22,CHUCK/STEPHEN FLEISCHMANN/FINCHER,,DOMA DECISION - D SAPPROVE/REQ DOCS,5,NA,NA
NA,NA,NA,384,DOJ_CIV,2020-03-22,STEVE/MIKE PEARCE/PENCE,,DOMA DECISION - D SAPPROVE/REQ DOCS,5,NA,NA
NA,NA,NA,527,DOJ_CIV,2020-03-22,JOHN MCCAIN,,RECA,NA,NA,NA
NA,NA,NA,1043,DOJ_CIV,2020-03-22,DAN/LOUIS BURTON/GOHMERT,,DOMA DECISION - D SAPPROVE/REQ DOCS,5,NA,NA
NA,NA,NA,887,DOJ_CIV,2020-03-23,LOU BARLETTA,,LTR ON BEHALF OF(b) (6) REQ ASSISTANCE W HIS 911 VICTIM COMPENSATION FUND (VCF),1,NA,NA
Peter,KING,NA,979,DOJ_CIV,2020-03-23,PETER KING,"KING, Peter T.","LTR ON BEHALF O (b) (6) 
 REGARDING STATUS OF FOIA REQUEST RE 911 VCF",1,NA,NA
NA,NA,NA,980,DOJ_CIV,2020-03-23,BOB GOODLATTE,,"LETTER ON BEHALF OF(b) (6) REQUESTING ASSISTANCE CONCERNING HIS REQUEST TO
 RECEIVED PAYMENT UNDER THE RECA",1,NA,NA
Chris,STEWART,NA,982,DOJ_CIV,2020-03-23,CHRIS STEWART,"STEWART, Chris","LTR ON BEHALF OF CONSTITUENT RE DOWNW NDER COMPENSATION UNDER RECA ASKING IF SHE IS DUE TO RECEIVE MORE
 COMPENSATION OR HAS SHE RECEIVED IT ALL FOR HER AND HER DECEASED HUSBAND.",NA,NA,NA
Richard,BLUMENTHAL,NA,790,DOJ_CIV,2020-03-24,RICHARD BLUMENTHAL,"BLUMENTHAL, Richard",CIVIL REMEDIES FOR CONSUMERS WHO PURCHASED DEFECTIVE GM CARS,NA,NA,NA
Patty,MURRAY,NA,241,DOC_NTIA,2020-03-25,Sen. Patty Murray,"MURRAY, Patty",NA,NA,NA,NA
Charles,GRASSLEY,NA,373,DOJ_CIV,2020-03-25,CHARLES GRASSLEY,"GRASSLEY, Charles Ernest",CUBAN GOV INVLMNT IN MEDICARE FRAUD,NA,NA,NA
NA,NA,NA,385,DOJ_CIV,2020-03-25,Bill YOUNG,,HEARING HR 887/COBELL - REQ AG TESTIFY,5,NA,NA
Rob,WOODALL,NA,861,DOJ_CIV,2020-03-25,ROBERT WOODALL,"WOODALL, Rob",VCF,NA,NA,NA
NA,NA,NA,981,DOJ_CIV,2020-03-25,CHRIS GIBSON,,"LTR ON BEHALF OF(b) (6) REQUESTING ASSISTANCE WITH HER CLAIM FOR
 COMPENSATION THROUGH THE 9/11 VCF FOR HER DECEASED HUSBAND",1,NA,NA
Ben,LUJAN,NA,526,DOJ_CIV,2020-03-26,BEN R. LUJAN,"LUJÁN, Ben Ray",RECA,NA,NA,NA
Terri,SEWELL,NA,666,DOJ_CIV,2020-03-26,TERRI SEWELL/35 OTHERS,"SEWELL, Terri",TIMELINESS OF PAYMENTS TO BLACK FARMERS (PIGFORD II),NA,NA,NA
Thomas,UDALL,NA,793,DOJ_CIV,2020-03-26,TOM UDALL,"UDALL, Thomas (Tom)",IHS CONTRACT CLAIMS (b) (6) - SEVERAL PREVIOUS PENDING LETTERS ABOUT THIS DECISION,1,NA,NA
NA,NA,NA,896,DOJ_CIV,2020-03-26,MORGAN GRIFF TH,,LTR ON BEHALF OF VA CONSTITUENT REQUESTING INFO REGARDING USE OF US GOV JUDGEMENT FUNDS,1,NA,NA
NA,NA,NA,344,DOJ_CIV,2020-03-27,CARL DEBBIE SANDER JOHN GARY DAN LEVIN STABENOW LEVIN DINGELL PETERS KILDEE,,(b) (6),1,NA,NA
NA,NA,NA,369,DOJ_CIV,2020-03-27,BETO O ROURKE,,ASKING WHY DOJ ADVISED SSA TO ABIDE BY THE LAWS OF STATES IN REGARDS TO SAME-SEX MARRIAGES,NA,NA,NA
Mark,POCAN,NA,655,DOJ_CIV,2020-03-27,MARK POCAN,"POCAN, Mark",CRIMINAL PROSECUTION OF (b) (6) FOR DADT PROTESTS,1,NA,NA
NA,NA,NA,663,DOJ_CIV,2020-03-27,NICK J. RAHALL II,,"DEPORTATION PROCEEDINGS AGAINST(b) (6) 
 FAMILY (HOMESCHOOLING ISSUE)",1,NA,NA
NA,NA,NA,1082,DOJ_CIV,2020-03-27,DARRELL/TREY/JIM ISSA/GOWDY/JORDAN,,USAO INVESTIGATION OF CITY OF NEW YORK,NA,NA,NA
NA,NA,NA,386,DOJ_CIV,2020-03-28,CLAIRE MCCASKILL,,RADIATION COMPENSATION,1,NA,NA
Doris,MATSUI,NA,387,DOJ_CIV,2020-03-28,DORIS MATSUI,"MATSUI, Doris",RADIATION COMPENSATION,1,NA,NA
NA,NA,NA,366,DOJ_CIV,2020-03-29,CLAIRE MCCASKILL,,SEN. MCCASKILL IS REQUESTING INFO ABOUT DIETARY SUPPLEMENT-RELATED ACTIONS TAKEN BY DOJ,1,NA,NA
Steve,SCALISE,NA,367,DOJ_CIV,2020-03-29,STEVE SCALISE,"SCALISE, Steve",REQUESTING UPDATE ON DOJ ACTION TAKEN RE RESTITUTION FOR CONSTITUENTS INVOLVED IN THE 201 CHINESE DRY WALL CASE,1,NA,NA
NA,NA,NA,536,DOJ_CIV,2020-03-30,RICHARD LUGAR,,NATIONAL MORTGAGE SETTLEMENT,NA,NA,NA
Lamar,ALEXANDER,NA,415,DOJ_CIV,2020-03-31,LAMAR ALEXANDER,"ALEXANDER, Lamar",SLM TRANS INC BANKRUPTCY CASE,NA,NA,NA
NA,NA,NA,416,DOJ_CIV,2020-03-31,BOB CORKER,,SLM TRANS INC BANKRUPTCY CASE,NA,NA,NA
Mark,WARNER,NA,794,DOJ_CIV,2020-03-31,MARK WARNER,"WARNER, Mark",SEPTEMBER 11TH VICTIMS COMPENSATION FUND (VCF),NA,NA,NA
Dianne,FEINSTEIN,NA,885,DOJ_CIV,2020-03-31,DIANNE FEINSTEIN,"FEINSTEIN, Dianne",LTR ON BEHALF OF(b) (6) RE HIS COMPLAINT AGAINST FLORIDA DEPT OF TRANSPORTATION,1,NA,NA
NA,NA,NA,1041,DOJ_CIV,2020-03-31,MARK KIRK,,CONST REQ INVEST RE ELDER ABUSE,5,NA,NA
NA,NA,NA,1301,DOC_OS,2020-04-02,REPRESENTATIVE SAM FARR (CA),,SUPPORT LETTER - THE CITY OF SALINAS' {CA} GRANT APPUCATION FOR {RIS) 16 CHALLENGE,NA,NA,NA
NA,NA,NA,1302,DOC_OS,2020-04-02,"STATE SENATOR ANN RIVERS, 18TH LEGISLATIVE DISTRICT (WA)",,SUPPORT LETTER - THE VANCOUVER- PORTLAND-SALEM REGIONAL APPLICATION (1MCP1,NA,NA,NA
Kathy,CASTOR,NA,531,DOJ_CIV,2020-04-02,KATHY CASTOR,"CASTOR, Kathy",ULTRAMEDIX HEALTH CARE SYSTEMS,NA,NA,NA
Scott,DESJARLAIS,NA,535,DOJ_CIV,2020-04-02,SCOTT DESJARLAIS,"DESJARLAIS, Scott",NATIONAL MORTGAGE SETTLEMENT,NA,NA,NA
NA,NA,NA,799,DOJ_CIV,2020-04-02,MARK PRYOR,,RECA,NA,NA,NA
Patty,MURRAY,NA,528,DOJ_CIV,2020-04-03,PATTY MURRAY,"MURRAY, Patty",RECA,NA,NA,NA
Bill,FOSTER,NA,795,DOJ_CIV,2020-04-03,BILL FOSTER,"FOSTER, Bill",IMMIGRATION SCAMS,NA,NA,NA
NA,NA,NA,9,DOJ_CIV,2020-04-04,BRUCE BRALEY,,INVSTIG TRANSOCEAN SAFETY BONUSES,NA,NA,NA
Robert,MENENDEZ,NA,804,DOJ_CIV,2020-04-04,ROBERT MENENDEZ,"MENENDEZ, Robert",USE OF CONSTITUENT S NAME ON WEBSITE,NA,NA,NA
NA,NA,NA,390,DOJ_CIV,2020-04-05,RICHARD NUGENT,,RADIATION COMPENSATION,1,NA,NA
Rand,PAUL,NA,393,DOJ_CIV,2020-04-05,RAND PAUL,"PAUL, Rand",RADIATION COMPENSATION,1,NA,NA
NA,NA,NA,10,DOJ_CIV,2020-04-06,BOXER/AKAKA BARBARA/DANIEL,,SUPPRT SAME-SEX IMMG MARRIAGE PETITIONS,NA,NA,NA
NA,NA,NA,11,DOJ_CIV,2020-04-06,BROWN/SHERROD WYDEN RON,,SUPPRT SAME-SEX IMMG MARRIAGE PETITIONS,NA,NA,NA
NA,NA,NA,12,DOJ_CIV,2020-04-06,FRANK/JEFFREY LAUTENBERG/MERKLEY,,SUPPRT SAME-SEX IMMG MARRIAGE PETITIONS,NA,NA,NA
NA,NA,NA,13,DOJ_CIV,2020-04-06,KRISTEN/CHRIS GILLIBRAND/COONS,,SUPPRT SAME-SEX IMMG MARRIAGE PETITIONS,NA,NA,NA
NA,NA,NA,14,DOJ_CIV,2020-04-06,JOHN/PATRICK KERRY/LEAHY,,SUPPRT SAME-SEX IMMG MARRIAGE PETITIONS,NA,NA,NA
NA,NA,NA,281,DOJ_CIV,2020-04-06,SHELDON/DANIEL WHITEHOUSE/INOUYE,,SUPPRT SAME-SEX IMMG MARRIAGE PETITIONS,NA,NA,NA
NA,NA,NA,293,DOJ_CIV,2020-04-06,MARY LANDRIEU,,UST EMPLY - COMPLNT AGAINST BOSS,NA,NA,NA
NA,NA,NA,533,DOJ_CIV,2020-04-06,CHRIS GIBSON,,HAMP PROGRAM BANK OF AMERICA,NA,NA,NA
Patrick,TOOMEY,NA,985,DOJ_CIV,2020-04-06,PATRICK TOOMEY,"TOOMEY, Patrick Joseph",STATUS OF CLAIM FOR COMPENSATION UNDER THE 9/11 VCF,1,NA,NA
NA,NA,NA,391,DOJ_CIV,2020-04-07,CHARLES/JEFF GRASSLEY/SESSIONS,,DID DOJ CONSULT OLC/OSG B DOMA DECISION,NA,NA,NA
NA,NA,NA,392,DOJ_CIV,2020-04-07,ORIN HATCH,,DID DOJ CONSULT OLC/OSG B DOMA DECISION,NA,NA,NA
Vernon,BUCHANAN,NA,983,DOJ_CIV,2020-04-07,VERN BUCHANAN,"BUCHANAN, Vernon G.",STATUS OF CLAIM FOR COMPENSATION THROUGH THE BP DEEP HORIZON PROGRAM,1,NA,NA
NA,NA,NA,984,DOJ_CIV,2020-04-07,DAVID JOLLY,,STATUS OF CLAIM FOR COMPENSATION THROUGH THE BP DEEP HORIZON PROGRAM,1,NA,NA
NA,NA,NA,986,DOJ_CIV,2020-04-07,CARLOS CURBELO,,STATUS OF CLAIM FOR COMPENSATION UNDER THE 9/11 VCF,1,NA,NA
NA,NA,NA,327,DOJ_CIV,2020-04-08,ROBERT HURT,,RECA,NA,NA,NA
NA,NA,NA,417,DOJ_CIV,2020-04-08,ROSA/ANNA DELAURO/ESHOO,,HISPANIC FARMERS,NA,NA,NA
NA,NA,NA,659,DOJ_CIV,2020-04-08,CAROLYN MCCARTHY,,SEPTEMBER 11 VCF,NA,NA,NA
John,SARBANES,NA,688,DOJ_CIV,2020-04-08,JOHN P. SARBANES,"SARBANES, John","REQUEST FOR DOJ TO GRANT ASYLUM FOR
 (b) (6) FAMILY",1,NA,NA
Thomas,UDALL,NA,856,DOJ_CIV,2020-04-08,TOM UDALL,"UDALL, Thomas (Tom)",RECA,NA,NA,NA
NA,NA,NA,991,DOJ_CIV,2020-04-08,JOHN MCCAIN,,EXPRESSING CONCERNS REGARDING A LTR TO THE DEPT OF VA OIG REGARDING ALLEGATIONS OF APPOINTMENTS INCORRECTLY DELETED FROM THE SYSTEMS AT ARIZONA VA HOSPITAL AND CLINICS.,NA,NA,NA
NA,NA,NA,540,DOJ_CIV,2020-04-09,MARY L. LANDRIEU,,(b) (6) ET AL V. USA,1,NA,NA
NA,NA,NA,797,DOJ_CIV,2020-04-10,MICHAEL FITZPATRICK,,RECA,NA,NA,NA
Robert,MENENDEZ,NA,1119,DOJ_CIV,2020-04-10,ROBERT MENENDEZ,"MENENDEZ, Robert",SEPTEMBER 11TH VICTIMS COMPENSATION FUND (VCF),NA,NA,NA
NA,NA,NA,796,DOJ_CIV,2020-04-11,RICHARD BARBARA ROBERT MAZIE EDWARD BLUMENTHAL BOXER CASEY HIRONO MARKEY,,SAME AS WF 280 0 5 (BLUMENTHAL) JUST WITH MORE SIGNATORIES,NA,NA,NA
NA,NA,NA,408,DOJ_CIV,2020-04-12,KAY BAILEY HUTCHINSON,,BOP EEO COMPLAINT,NA,NA,NA
NA,NA,NA,658,DOJ_CIV,2020-04-12,BARBARA BOXER,,NATIONAL MORTGAGE SETTLEMENT ENFORCEMENT,NA,NA,NA
Ted,YOHO,NA,855,DOJ_CIV,2020-04-13,TED YOHO,"YOHO, Ted",RECA,NA,NA,NA
Zoe,LOFGREN,NA,409,DOJ_CIV,2020-04-14,ZOE LOFGREN,"LOFGREN, Zoe",SAME-SEX IMMIG PET TIONS,NA,NA,NA
Charles,GRASSLEY,NA,900,DOJ_CIV,2020-04-14,CHARLES GRASSLEY,"GRASSLEY, Charles Ernest",LTR FROM CHMN GRASSLEY RE THE CREATION OF THE HEALTH CARE FRAUD PREVENTION PARTNERSHIP (HFPP).,NA,NA,NA
Thomas,MARINO,NA,798,DOJ_CIV,2020-04-16,TOM MARINO,"MARINO, Thomas A.",WELLS FARGO SETTLEMENT,NA,NA,NA
NA,NA,NA,857,DOJ_CIV,2020-04-16,GLENN KEITH THOMPSON ROTHFUS,,CONCERN RE CBP COLLECTING DUTIES AFTER RULING IN INTERNATIONAL CUSTOMS PRODUCTS VS US,NA,NA,NA
Chris,COLLINS,NA,345,DOJ_CIV,2020-04-17,CHRIS COLLINS,"COLLINS, Chris",USA EX REL(b) (6) V. ALLSTATE ET AL.,1,NA,NA
Glenn,THOMPSON,NA,532,DOJ_CIV,2020-04-17,GLENN THOMPSON,"THOMPSON, Glenn",RECA,NA,NA,NA
Tom,COLE,NA,543,DOJ_CIV,2020-04-17,TOM COLE,"COLE, Tom",WILDFIRE N OKLAHOMA,NA,NA,NA
Paul,GOSAR,NA,800,DOJ_CIV,2020-04-17,PAUL GOSAR,"GOSAR, Paul",RECA,NA,NA,NA
Robert,BISHOP,NA,31,DOJ_CIV,2020-04-18,ROB BISHOP,"BISHOP, Robert (Rob)",RECA,NA,NA,NA
NA,NA,NA,395,DOJ_CIV,2020-04-18,MAURICE HINCHEY,,UPHOLD 9 CIR DECISION WILDERNESS V. DOE,NA,NA,NA
Dianne,FEINSTEIN,NA,801,DOJ_CIV,2020-04-18,DIANNE FEINSTEIN,"FEINSTEIN, Dianne",POTENTIAL QUI TAM CASE ALSO FTCA CLAIM,1,NA,NA
NA,NA,NA,1042,DOJ_CIV,2020-04-18,LAMAR SMITH,,REQ DOJ SUE UT FOR IMMIG LAW H B. 116,1,NA,NA
NA,NA,NA,282,DOJ_CIV,2020-04-19,ROBERT ANDREWS,,CONST WAGE DISPUTE W/ HER EMPLYR,NA,NA,NA
NA,NA,NA,394,DOJ_CIV,2020-04-19,JON KYL,,DOJ WEBSITE REMOVED AMERICAN FLAG,NA,NA,NA
NA,NA,NA,396,DOJ_CIV,2020-04-19,BOB GODDLATTE,,D FFICULTIES W/ AMERICAN HOME MORTGAGE,NA,NA,NA
NA,NA,NA,661,DOJ_CIV,2020-04-19,BOB JAMES RANDY TRENT RAUL BLAKE GEORGE DOUG KEITH GOODLATTE SENSENBRENNER FORBES FRANKS LABRADOR FARENTHOLD HOLDING COLLINGS ROTHFUS,,PLAN B DECISION,NA,NA,NA
Sherrod,BROWN,NA,669,DOJ_CIV,2020-04-19,SHERROD BROWN,"BROWN, Sherrod",ALLEGED MEDICAL MALPRACTICE,NA,NA,NA
Jon,TESTER,NA,987,DOJ_CIV,2020-04-19,JON TESTER,"TESTER, Jon",REQUESTING ASSISTANCE REGARDING THE DENIAL OF CONSTITUENT S APPLICATION FOR COMPENSATION THROUGH RECA,1,NA,NA
Steny,HOYER,NA,356,DOJ_CIV,2020-04-20,STENY HOYER,"HOYER, Steny Hamilton",LTR ON BEHALF OF(b) (6) REQ ASSISTANCE W MORTGAGE FRAUD ISSUE,1,NA,NA
Glenn,THOMPSON,NA,538,DOJ_CIV,2020-04-20,GLENN THOMPSON,"THOMPSON, Glenn",RECA,NA,NA,NA
Mark,WARNER,NA,1101,DOJ_CIV,2020-04-20,MARK WARNER,"WARNER, Mark",CONSUMER COMPLAINT,NA,NA,NA
NA,NA,NA,1201,DOJ_CIV,2020-04-20,KRYSTEN SINEMA,,OPERATION CHOKE POINT,NA,NA,NA
Charles,ROBERTS,NA,346,DOJ_CIV,2020-04-21,PAT ROBERTS,"ROBERTS, Charles Patrick (Pat)",MED CARE LIEN FROM SETTLEMENT WITH PFIZER,NA,NA,NA
NA,NA,NA,398,DOJ_CIV,2020-04-21,JOHN MCCAIN,,RADIATION COMPENSATION,1,NA,NA
NA,NA,NA,995,DOJ_CIV,2020-04-22,CANDICE MILLER,,"EXPRESSING CONCERNS REGARDING SERVICES PROVIDED BY A R ADVANTAGE FOR EMGERGENCY SERVICES PROVIDERS. ADVISING THAT AIR ADVANTAGE IS ALLEGED TO HAVE DEFAULTED ON
 $13.9 MILLION IN LOANS WITH THE U.S. DEPT OF AGRICULTURE AND IS CURRENTLY INVOLVED IN A LAWSUIT WITH DOJ.",NA,NA,NA
Walter,JONES,NA,351,DOJ_CIV,2020-04-23,WALTER JONES,"JONES, Walter Beaman, Jr.",VCF,NA,NA,NA
NA,NA,NA,313,DOJ_CIV,2020-04-24,HOWARD L. BERMAN,,ISSUES WITH SBA LOAN,NA,NA,NA
NA,NA,NA,539,DOJ_CIV,2020-04-24,BILL NELSON,,MED CARE FRAUD,NA,NA,NA
Marco,RUBIO,NA,542,DOJ_CIV,2020-04-24,MARCO RUBIO,"RUBIO, Marco",HEALTHCARE FRAUD CHARGES,NA,NA,NA
NA,NA,NA,671,DOJ_CIV,2020-04-24,BILL NELSON,,COMPLAINT AGAINST LEGAL AID SOCIETY,NA,NA,NA
Patrick,TOOMEY,NA,802,DOJ_CIV,2020-04-24,PATRICK TOOMEY,"TOOMEY, Patrick Joseph",SEPTEMBER 11TH VICTIMS COMPENSATION FUND (VCF),NA,NA,NA
John,REED,NA,818,DOJ_CIV,2020-04-24,JACK REED,"REED, John F. (Jack)",OPERATION CHOKE POINT (TRIBAL LENDERS),NA,NA,NA
James,RISCH,NA,858,DOJ_CIV,2020-04-24,JAMES RISCH,"RISCH, James",RECA,NA,NA,NA
NA,NA,NA,15,DOJ_CIV,2020-04-25,DARRELL ISSA,,CONCERN CONTERFEIT PHARMA,NA,NA,NA
Mark,MEADOWS,NA,681,DOJ_CIV,2020-04-25,MARK MEADOWS SMITH HARRIS PITTS PITTENGER SHUSTER MULWANEY ROGERS FLEMING JORDAN NUNNELEE,"MEADOWS, Mark",(b) (6) V. HAMBURG PLAN B DECISION,1,NA,NA
Charles,GRASSLEY,NA,988,DOJ_CIV,2020-04-25,CHARLES GRASSLEY,"GRASSLEY, Charles Ernest",LETTER SUPPORTING(b) (6) AS THE NEXT SPECIAL MASTER OF THE SEPTEMBER 11TH VCF,1,NA,NA
NA,NA,NA,399,DOJ_CIV,2020-04-26,KAY HAGAN,,CONST WANT $ FROM(b) (6) V. VILSACK,1,NA,NA
Jim,JORDAN,NA,403,DOJ_CIV,2020-04-26,JIM JORDAN,"JORDAN, Jim",REQ ASST SETTLING ED DPT STUDENT LOANS,5,NA,NA
Carolyn,MALONEY,NA,664,DOJ_CIV,2020-04-26,CAROLYN MALONEY WAXMAN SLAUGHTER DEGETTE QUIGLEY RANGEL GRISHAM MOORE NORTON NADLER LEE DEFAZ O,"MALONEY, Carolyn Bosher",URGING DOJ NOT TO APPEAL PLAN B DECISION,NA,NA,NA
NA,NA,NA,993,DOJ_CIV,2020-04-26,STEVE ISRAEL,,9/11 VCF CLAIM,1,NA,NA
NA,NA,NA,994,DOJ_CIV,2020-04-26,RICHARD HANNA,,STATUS OF APPLICATION FOR COMPENSATION UNDER THE 911 VCF,NA,NA,NA
NA,NA,NA,860,DOJ_CIV,2020-04-27,BOB GOODLATTE,,OFFICIAL INVITE FOR P/DAAG MIZER TO TESTIFY AT HJC SUBCOMMITTEE ON 5/19/15,NA,NA,NA
NA,NA,NA,989,DOJ_CIV,2020-04-27,CHARLES/JEFF GRASSLEY/SESSIONS,,HABITUAL DRUNKARD 9TH CIR. DECISION (b) (6) V. LYNCH,1,NA,NA
NA,NA,NA,397,DOJ_CIV,2020-04-28,MARK PRYOR,,ALLEGED MILITARY MISCONDUCT/ABUSE,NA,NA,NA
NA,NA,NA,400,DOJ_CIV,2020-04-28,FRANK WOLF,,CONST RPT GSA CONTRCTR MISCONDUCT,NA,NA,NA
Jerry,MORAN,NA,404,DOJ_CIV,2020-04-28,JERRY MORAN,"MORAN, Jerry",SIERRA CLUB V. UDSA,NA,NA,NA
NA,NA,NA,405,DOJ_CIV,2020-04-28,T M/LYNN HUELSKAMP/JENKINS,,SIERRA CLUB V. UDSA,NA,NA,NA
NA,NA,NA,406,DOJ_CIV,2020-04-28,MIKE/KEVIN POMPEO/YODER,,SIERRA CLUB V. UDSA,NA,NA,NA
NA,NA,NA,859,DOJ_CIV,2020-04-28,PAUL TRENT ANN MATT KYRSTEN GOSAR FRANKS KIRKPATRICK SALMON SINEMA,,REQ DOJ/FTC INVESTIGATE FAKE HOTEL BOOKING WEBSITES/SCAMS,5,NA,NA
Paul,GOSAR,NA,665,DOJ_CIV,2020-04-29,PAUL A. GOSAR,"GOSAR, Paul",RECA,NA,NA,NA
NA,NA,NA,670,DOJ_CIV,2020-04-29,MARY LANDRIEU,,VICTIM OF CRIME COMMITTED BY (b) (6) (b) (6) (US ATTORNEY S OFFICE PROSECUTED THE CASE),1,NA,NA
Steven,PALAZZO,NA,674,DOJ_CIV,2020-04-29,STEVEN M. PALAZZO,"PALAZZO, Steven",LAWSUIT AGAINST FORREST COUNTY MS,NA,NA,NA
Ami,BERA,NA,668,DOJ_CIV,2020-04-30,AMI BERA/20 OTHERS,"BERA, Ami",NEVADA SHIPPING MENTAL HEALTH PATIENTS OUT OF STATE,NA,NA,NA
Patrick,TOOMEY,NA,411,DOJ_CIV,2020-05-01,PATRICK TOOMEY,"TOOMEY, Patrick Joseph",CONST ALLEGE IP THEFT,NA,NA,NA
Cathy,McMORRIS RODGERS,NA,541,DOJ_CIV,2020-05-01,CATHY MCMORRIS RODGERS,"McMORRIS RODGERS, Cathy",RECA,NA,NA,NA
NA,NA,NA,545,DOJ_CIV,2020-05-01,JOHN KERRY,,RECA,NA,NA,NA
NA,NA,NA,548,DOJ_CIV,2020-05-01,ALLEN WEST,,FRANCH SE FRAUD,NA,NA,NA
Kirsten,GILLIBRAND,NA,680,DOJ_CIV,2020-05-01,KIRSTEN GILLIBRAND,"GILLIBRAND, Kirsten",9/11 VICTIMS COMPENSATION FUND,NA,NA,NA
NA,NA,NA,807,DOJ_CIV,2020-05-01,XAVIER BECERRA,,(b) (6) IMPLEMENTATION AT SOCIAL SECURITY ADMINISTRATION,1,NA,NA
Deborah,STABENOW,NA,903,DOJ_CIV,2020-05-01,DEBBIE STABENOW,"STABENOW, Deborah Ann",RECA,NA,NA,NA
Lindsey,GRAHAM,NA,996,DOJ_CIV,2020-05-01,LINDSEY O. GRAHAM,"GRAHAM, Lindsey O.",(FAX REC'D FROM OLA) LTR ON BEHALF OF (b) ( (b) (6) REQUESTING INFORMATION REGARDING RECA SHE FILED ON BEHALF OF HER HUSBAND.,1,NA,NA
NA,NA,NA,997,DOJ_CIV,2020-05-01,SCOTT GARRETT,,(FAX REC'D FROM OLA) LTR ON BEHALF OF (b) (6) ADVISING THAT HIS COMPANY MILK STREET DISTILLERY APPLIED FOR A DISTILLED SPIRITS PERMIT ON 10/25/2015 AND REQUESTING STATUS.,1,NA,NA
NA,NA,NA,1102,DOJ_CIV,2020-05-01,KIRSTEN KILLIBRAND,,CONSUMER COMPLAINT,NA,NA,NA
Patrick,TOOMEY,NA,294,DOJ_CIV,2020-05-02,PATRICK TOOMEY,"TOOMEY, Patrick Joseph",REMEDIES FOR PPL VICTMS OF PONZI,NA,NA,NA
Gerald,CONNOLLY,NA,402,DOJ_CIV,2020-05-02,GERALD CONNOLLY,"CONNOLLY, Gerald E. (Gerry)",ASK DOJ NOT REHEAR CA WILDERNESS V DOE,NA,NA,NA
NA,NA,NA,414,DOJ_CIV,2020-05-02,LAMAR SMITH,,DOJ SETTLMNT TALKS W/ MORTGAGE SERVICERS,NA,NA,NA
NA,NA,NA,550,DOJ_CIV,2020-05-02,JOE WALSH,,SETTLEMENT FROM WHISTLEBLOWER CASE,NA,NA,NA
Patrick,TOOMEY,NA,683,DOJ_CIV,2020-05-02,PAT TOOMEY,"TOOMEY, Patrick Joseph",COMPLAINT AGAINST CAR DEALER,NA,NA,NA
NA,NA,NA,687,DOJ_CIV,2020-05-02,MARLIN A. STUTZMAN BACHMANN NUNNELEE PITTS WALORSKI HUIZENGA WEBSTER SCALISE ROE MESSER LAMALFA,,"REQUEST FOR DOJ TO GRANT ASYLUM FOR
 (b) (6) FAMILY",1,NA,NA
Cedric,RICHMOND,NA,1007,DOJ_CIV,2020-05-02,CEDRIC RICHMOND,"RICHMOND, Cedric",EXPRESSING CONCERNS REGARDING THE ORLEANS PARISH SHERIFF S OFFICE CONSENT DECREE LITIGATION.,NA,NA,NA
Carolyn,MALONEY,NA,368,DOJ_CIV,2020-05-03,CAROLYN MALONEY,"MALONEY, Carolyn Bosher",RECOMMENDING(b) (6) FOR THE POSITION OF THE SPECIAL MASTER OF THE SEPT 11TH VICTIM COMP FUND (VCF). LTR ALSO SIGNED BY MC S NADLER & KING.,1,NA,NA
NA,NA,NA,412,DOJ_CIV,2020-05-03,JIM WEBB,,REQ INVEST OF VA - ALLEGES CORRUPTION,5,NA,NA
Robert,ADERHOLT,NA,1100,DOJ_CIV,2020-05-03,ROBERT B. ADERHOLT,"ADERHOLT, Robert",GCCF CLAIM,1,NA,NA
NA,NA,NA,401,DOJ_CIV,2020-05-05,CLIFF STEARNS,,QUI TAM CASE CONST REQ CRM NVEST,5,NA,NA
Charles,GRASSLEY,NA,805,DOJ_CIV,2020-05-05,CHARLES E. GRASSLEY,"GRASSLEY, Charles Ernest",RECA,NA,NA,NA
Theodore,DEUTCH,NA,808,DOJ_CIV,2020-05-05,TED DEUTCH,"DEUTCH, Theodore E. (Ted)",D SPUTE W TH HOMEOWNERS ASSOCIATION,NA,NA,NA
Edward,MARKEY,NA,863,DOJ_CIV,2020-05-05,RICHARD ELIZABETH RICHARD JACK EDWARD CHRISTOPHER AL DURBIN WARREN BLUMENTHAL REED MARKEY MURPHY FRANKEN,"MARKEY, Edward John",URGING DOJ TO NVESTIGATE THE MISCONDUCT OF CORINTHIAN COLLEGES INC,NA,NA,NA
Kirsten,GILLIBRAND,NA,1129,DOJ_CIV,2020-05-05,KIRSTEN GILLIBRAND,"GILLIBRAND, Kirsten",SEPTEMBER 11TH VICTIMS COMPENSATION FUND (VCF),NA,NA,NA
NA,NA,NA,175,DOJ_CIV,2020-05-06,THAD COCHRAN,,ROXCO  LTD V U.S.,"NA","NA",NA
John,YARMUTH,NA,176,DOJ_CIV,2020-05-06,JOHN YARMUTH,"YARMUTH, John",(b) (6)    V REPUBLIC OF IRAN,1,"NA",NA
NA,NA,NA,410,DOJ_CIV,2020-05-06,KELLY AYOTTE,,REPT ATTORNEY CONDUCT,NA,NA,NA
Eric,SWALWELL,NA,675,DOJ_CIV,2020-05-06,ERIC SWALWELL,"SWALWELL, Eric",RECA,NA,NA,NA
NA,NA,NA,806,DOJ_CIV,2020-05-06,L NDSEY GRAHAM,,TUOMEY HEALTHCARE CASE,NA,NA,NA
Susan,DAVIS,NA,177,DOJ_CIV,2020-05-07,SUSAN A. DAVIS,"DAVIS, Susan A.",HARASSMENT/SURVEILLANCE BY ORGANIZATIONS,"NA","NA",NA
Kirsten,GILLIBRAND,NA,331,DOJ_CIV,2020-05-07,KIRSTEN E. GILLIBRAND,"GILLIBRAND, Kirsten",9/11 VCF,NA,NA,NA
Suzan,DelBENE,NA,866,DOJ_CIV,2020-05-07,SUZAN DELBENE,"DelBENE, Suzan K.",(b) (6) REQ DOJ TO PROSECUTE VIOLATIONS OF THE FALSE CLAIM ACT BY BAXTER HEALTHCARE,1,NA,NA
Addison,McCONNELL,NA,178,DOJ_CIV,2020-05-08,MITCH MCCONNELL,"McCONNELL, Addison Mitchell (Mitch)",PROBATE DOCUMENT CERT/FOREIGN BANK,"NA","NA",NA
NA,NA,NA,1156,DOJ_CIV,2020-05-08,JOHN MCCAIN,,"CONCERNED W/ ADMIN REQ THAT A COURT
 ALLOW USAF TO BUY RUSSIAN STATE OWNED ROCKET ENGINES",5,NA,NA
NA,NA,NA,180,DOJ_CIV,2020-05-09,JOE SESTAK,,DETAINED IN JAIL/CIVIL CONTEMPT CHARGES,"NA","NA",NA
NA,NA,NA,407,DOJ_CIV,2020-05-09,HENRY WAXMAN,,STATUS OF QUI TAM CASE,NA,NA,NA
NA,NA,NA,678,DOJ_CIV,2020-05-09,HARRY REID,,RECA,NA,NA,NA
NA,NA,NA,815,DOJ_CIV,2020-05-09,HENRY WAXMAN,,NATIONAL MORTGAGE SETTLEMENT SETTLEMENT WITH JPMORGAN CHASE,NA,NA,NA
Dianne,FEINSTEIN,NA,816,DOJ_CIV,2020-05-09,DIANNE FEINSTEIN,"FEINSTEIN, Dianne",TORT CLAIM AGAINST DOJ,1,NA,NA
Charles,GRASSLEY,NA,999,DOJ_CIV,2020-05-09,CHARLES E. GRASSLEY,"GRASSLEY, Charles Ernest",(REC D FROM OLA VIA EMAIL) LTR FROM CHMN GRASSLEY JUDICIARY COMTE EXPRESSING CONCERNS REGARDING ELDER FINANCIAL EXPLOITATION WHICH HAS BEEN CALLED THE CRIME OF THE 21ST CENTURY. ADVISING THAT STUDIES INDICATE THE MOST WIDESPREAD FORM OF ELDER ABUSE COSTING SENIORS IN THE U S. AN ESTIMATED $2.9 BILLION OR MORE ANNUALLY.,NA,NA,NA
Emanuel,CLEAVER,NA,295,DOJ_CIV,2020-05-10,EMANUEL CLEAVER,"CLEAVER, Emanuel, II",DIFFICULTY OBTAINING $ DAMAGES,NA,NA,NA
Vernon,BUCHANAN,NA,1000,DOJ_CIV,2020-05-10,VERN BUCHANAN,"BUCHANAN, Vernon G.",STATUS OF AN INDIVIDUAL ECONOMIC LOSS CLAIM FILED BY CONSTITUENT'S HUSBAND (NOW DECEASED) HANDLED THROUGH W J.T. GROUP INC.,1,NA,NA
Vernon,BUCHANAN,NA,1001,DOJ_CIV,2020-05-10,VERN BUCHANAN,"BUCHANAN, Vernon G.",REQUESTING ASSISTANCE REGARDING THE STATUS OF ECONOMIC DAMAGE CLA M FOR COMPENSATION THROUGH THE BP DEEP HORIZON PROGRAM,1,NA,NA
NA,NA,NA,1103,DOJ_CIV,2020-05-10,JOHN FORBES KERRY/16 OTHERS,,GAY FAMILIES ONE SPOUSE NOT CITIZEN,NA,NA,NA
NA,NA,NA,16,DOJ_CIV,2020-05-11,MALIK BENIN,,W/ BILL,NA,NA,NA
Emanuel,CLEAVER,NA,347,DOJ_CIV,2020-05-11,EMANUEL CLEAVER,"CLEAVER, Emanuel, II",ALLEG NG ARMY IS RESPONSIBLE FOR HIS INJURIES (KNEE JOINT ISSUES),NA,NA,NA
NA,NA,NA,881,DOJ_CIV,2020-05-11,DAVID VITTER,,PIGFORD COMPENSATION - PROBLEMS WITH CLAIM BLACK FARMERS DISCRIMINATION CASE REQ ASSISTANCE,1,NA,NA
Bill,POSEY,NA,884,DOJ_CIV,2020-05-11,BILL POSEY,"POSEY, Bill",LTR ON BEHALF OF(b) (6) ALLEGING THAT SUN TRUST MORTGAGE ISN'T COMPLYING W THE JUDGE S RULING,1,NA,NA
NA,NA,NA,1008,DOJ_CIV,2020-05-11,ORRIN G. HATCH,,EXPRESSING CONCERNS REGARDING ALLEGATIONS OF POTENTIAL PROSECUTORIAL MISCONDUCT IN CONNECTION WITH THE PROSECUTION OF(b) (6),1,NA,NA
NA,NA,NA,821,DOJ_CIV,2020-05-12,JOE TONY JIM HENRY FILEMON GARCIA CARDENAS COSTA CUELLAR VELA,,OPERATION CHOKE POINT,NA,NA,NA
Kirsten,GILLIBRAND,NA,1127,DOJ_CIV,2020-05-12,KIRSTEN GILLIBRAND,"GILLIBRAND, Kirsten",SEPTEMBER 11TH VICTIMS COMPENSATION FUND (VCF),NA,NA,NA
Ronald,WYDEN,NA,809,DOJ_CIV,2020-05-13,RON WYDEN,"WYDEN, Ronald Lee",RECA,NA,NA,NA
NA,NA,NA,819,DOJ_CIV,2020-05-13,HARRY REID,,OPERATION CHOKE POINT,NA,NA,NA
Robert,PORTMAN,NA,1002,DOJ_CIV,2020-05-13,ROB PORTMAN,"PORTMAN, Robert Jones (Rob)","LTR FROM CHMN PORTMAN AND RMM MCCASKILL PERMANENT SUBCOMTE ON INVESTIGATIONS ADVISING THAT THE SUBCOMTE
 IS REV EWING THE PRACTICES OF DOJ RELATED TO SETTLEMENT AGREEMENTS UNDER WHICH DOJ MAY UNILATERALLY ASSESS FINES OR PENALTIES WITHOUT JUDICAL REVIEW.",NA,NA,NA
NA,NA,NA,329,DOJ_CIV,2020-05-15,STEVE ISRAEL,,SEPTEMBER 11TH VCF,NA,NA,NA
Adam,SCHIFF,NA,811,DOJ_CIV,2020-05-15,ADAM B. SCHIFF,"SCHIFF, Adam",(b) (6) IMPLEMENTATION AT SSA,1,NA,NA
Sheldon,WHITEHOUSE,NA,865,DOJ_CIV,2020-05-15,SHELDON WHITEHOUSE,"WHITEHOUSE, Sheldon",COPY OF HIS REMARKS GIVEN ON THE SENATE FLOOR COMPARING CLIMATE DENYING FOSSIL FUEL INDUSTRY S TACTICS,NA,NA,NA
NA,NA,NA,911,DOJ_CIV,2020-05-15,BILL NELSON,,REQUESTING AN INVESTIGATION INTO A CREDIT CARD SCAM,1,NA,NA
NA,NA,NA,679,DOJ_CIV,2020-05-16,HARRY RE D,,SETTLEMENT WITH LENDER PROCESSING SERVICES (LPS),NA,NA,NA
Kenny,MARCHANT,NA,820,DOJ_CIV,2020-05-16,KENNY MARCHANT,"MARCHANT, Kenny",OPERATION CHOKE POINT,NA,NA,NA
Richard,BURR,NA,330,DOJ_CIV,2020-05-17,RICHARD BURR,"BURR, Richard M.",ASSISTANCE WITH LAWSUIT AGAINST (b) (6),1,NA,NA
NA,NA,NA,673,DOJ_CIV,2020-05-17,RON BARBER,,RECA,NA,NA,NA
Robert,CASEY,NA,413,DOJ_CIV,2020-05-18,ROBERT CASEY,"CASEY, Robert (Bob), Jr.",ALLEGES IP THEFT - AMAZON ET AL,NA,NA,NA
NA,NA,NA,910,DOJ_CIV,2020-05-18,BARBAA COMSTOCK,,LTR ON BEHALF OF(b) (6) RE AN INVESTIGATION CASE BROUGHT AGA NST ENZO BIOCHEM,1,NA,NA
John,KATKO,NA,1006,DOJ_CIV,2020-05-18,JOHN KATKO,"KATKO, John",CONSTITUENTS 911 VCF CLAIM,1,NA,NA
NA,NA,NA,2015,DOD_OSDJS,2020-05-19," BISHOP, T",,CONCERNS OF FITNESS FOR DEPLOYMENT BY SER\1CE ME ffiER NEEDING,1,NA,NA
NA,NA,NA,17,DOJ_CIV,2020-05-19,JAMES/MARK WEBB/WARNER,,CONCERN - ATR SUIT V. TYSON'S NC.,NA,NA,NA
NA,NA,NA,18,DOJ_CIV,2020-05-19,BOB GOODLATTE,,CONCERN - ATR SUIT V TYSON'S INC,NA,NA,NA
NA,NA,NA,126,DOJ_CIV,2020-05-19,RICHARD LUGAR,,CONSTITUENT QUESTIONS,"NA","NA",NA
NA,NA,NA,283,DOJ_CIV,2020-05-19,PAT MEEHAN,,ASST RECIEVE $ FROM FLSA SUIT,NA,NA,NA
Matt,CARTWRIGHT,NA,813,DOJ_CIV,2020-05-19,MATT CARTWRIGHT,"CARTWRIGHT, Matt",SEPTEMBER 11TH VICTIMS COMPENSATION (VCF),NA,NA,NA
Robert,CASEY,NA,897,DOJ_CIV,2020-05-19,ROBERT CASEY JR,"CASEY, Robert (Bob), Jr.",LTR ON BEHALF OF(b) (6) REQ ASSISTANCE W USERRA GUIDELINES,1,NA,NA
Charles,GRASSLEY,NA,898,DOJ_CIV,2020-05-19,CHARLES GRASSLEY,"GRASSLEY, Charles Ernest",LTR FROM CHMN GRASSLEY RE INCREASING NUMBER OF LAWSUITS AGAINST INSURANCE COMPANIES ALLEGEDLY,NA,NA,NA
NA,NA,NA,899,DOJ_CIV,2020-05-19,ORRIN MARTIN HATCH HEINRICH,,LTR CONGRATULATIONG THE AG ON HER APPOINTMENT EXSPRESSING CONCERS RE THE ENFORCEMENT OF DIETARY,NA,NA,NA
Charles,GRASSLEY,NA,1003,DOJ_CIV,2020-05-19,CHARLES E. GRASSLEY,"GRASSLEY, Charles Ernest",LTR FROM CHMN GRASSLEY AND MC LEE JUDICIARY COMTE EXPRESSING CONCERNS ABOUT THE DEPARTMENT'S HANDLING OF ALLEGATIONS OF MISCONDUCT BY FEDERAL PROSECUTORS.,NA,NA,NA
Christopher,MURPHY,NA,124,DOJ_CIV,2020-05-20,CHRISTOPHER S. MURPHY,"MURPHY, Christopher",RECOMMENDATION FOR DATA MGMT. INC.,"NA","NA",NA
NA,NA,NA,125,DOJ_CIV,2020-05-20,HARRY TEAGUE,,RADIATION COMPENSATION,1,"NA",NA
NA,NA,NA,348,DOJ_CIV,2020-05-20,BARBARA MIKULSKI,,"ALLEGED VIOLATION OF FALSE CLAIMS ACT BY
 HALLIBURTON/KBR",1,NA,NA
NA,NA,NA,430,DOJ_CIV,2020-05-20,BETTY SUTTON,,REQUESTIONG UPDATE ON CRT INVESTIGATION,1,NA,NA
NA,NA,NA,822,DOJ_CIV,2020-05-20,JOHN BOEHNER,,"SEPTEMBER 11TH VICTIMS COMPENSATION FUND
 (VCF)",NA,NA,NA
David,PRICE,NA,672,DOJ_CIV,2020-05-21,DAVID E. PRICE,"PRICE, David Eugene",RECA,NA,NA,NA
NA,NA,NA,814,DOJ_CIV,2020-05-21,T M SCOTT,,K-CON BUILDING SYSTEMS V. UNITED STATES,NA,NA,NA
John,CORNYN,NA,817,DOJ_CIV,2020-05-21,JOHN CORNYN,"CORNYN, John",RECA,NA,NA,NA
NA,NA,NA,906,DOJ_CIV,2020-05-21,JOE DONNELLY,,RECA,NA,NA,NA
Steve,CHABOT,NA,1099,DOJ_CIV,2020-05-21,STEVE CHABOT,"CHABOT, Steve",RECA,NA,NA,NA
Richard,BURR,NA,123,DOJ_CIV,2020-05-22,RICHARD BURR,"BURR, Richard M.",BOP EMPLOYMENT DISABILITY DISCRIMINATION,"NA","NA",NA
Charles,SCHUMER,NA,812,DOJ_CIV,2020-05-22,CHARLES SCHUMER,"SCHUMER, Charles Ellis (Chuck)",SEPTEMBER 11TH VICTIMS COMPENSATION FUND (VCF),NA,NA,NA
NA,NA,NA,122,DOJ_CIV,2020-05-23,ARLEN SPECTER,,HIPPA ACT PRIVACY/D SABILITY ADVOCATE,"NA","NA",NA
NA,NA,NA,544,DOJ_CIV,2020-05-23,RICHARD LUGAR,,RECA,NA,NA,NA
NA,NA,NA,418,DOJ_CIV,2020-05-25,BILL NELSON,,SUPPORT CFTC SUIT OIL SPECULATORS,NA,NA,NA
Thomas,UDALL,NA,1009,DOJ_CIV,2020-05-25,TOM UDALL,"UDALL, Thomas (Tom)",LTR ON BEHALF OF NEW MEXICO STATE LEGISLATURE SANTE FE NM REQUESTING AN INVESTIGATION REGARDING PROBLEMS RELATED TO THE STATE OF NEW MEXICO S MEDICAID- FUNDED BEHAVIORAL HEALTH SYSTEM.,1,NA,NA
Mike,LEE,NA,1010,DOJ_CIV,2020-05-25,MIKE LEE,"LEE, Mike",REQUESTING DOJ IMMEDIATELY CEASE ITS ONGOING USE OF LAW ENFORCEMENT RESOURCES TO STIFLE PRIVATE DEBATE ON CLIMATE CHANGE.,1,NA,NA
Kevin,McCARTHY,NA,693,DOJ_CIV,2020-05-26,KEVIN MCCARTHY,"MCCARTHY, Kevin",RECA,NA,NA,NA
Sheldon,WHITEHOUSE,NA,1012,DOJ_CIV,2020-05-26,SHELDON WHITEHOUSE,"WHITEHOUSE, Sheldon",LTR URGING THE AG TO VIEW THE REPUBLICAN SENATORS' 5/25/2016 LETTER AS EXHIBIT A AMONG THE REASONS WHY DOJ SHOULD TAKE A FULL AND HONEST LOOK AT POSSIBLE FRAUD IN THE FOSSIL FUEL INDUSTRY S CLIMATE DENIAL OPERATION. REQUESTING AN INVESTIGATION INTO WHETHER WHAT THE FOSSIL FULE INDUSTRY IS UP TO IS CORE POTILICAL SPEECH OR WHETHER IT IS DOWNRIGHT FRAUD. LTR ALSO SIGNED BY MCS WARREN SAUNDERS & MERKLY. SEE WF 303 66 . (NOTE NO RECORD OF LTR DTD 5/26/16 IN ES),1,NA,NA
NA,NA,NA,120,DOJ_CIV,2020-05-27,DANIEL B. MAFFEI,,GRYPHON FINANCIAL/CANCELLATION REQ,5,"NA",NA
NA,NA,NA,121,DOJ_CIV,2020-05-27,LORRAINE C. MILLER,,LOBBYING DISCLOSURE ACT VIOLATIONS,"NA","NA",NA
Peter,VISCLOSKY,NA,355,DOJ_CIV,2020-05-27,PETER VISCLOSKY,"VISCLOSKY, Peter",URGING DOJ TO NVESTIGATE THE MISCONDUCT OF CORINTHIAN COLLEGES INC.,NA,NA,NA
NA,NA,NA,420,DOJ_CIV,2020-05-27,MARK/JOHN PRYOR/BOOZMAN,,CONCERN ATR SUIT V. TYSON/GEORGE S INC,NA,NA,NA
NA,NA,NA,421,DOJ_CIV,2020-05-27,RICK/TIM CRAWFORD/GRIFFIN,,CONCERN ATR SUIT V. TYSON/GEORGE S INC,NA,NA,NA
NA,NA,NA,422,DOJ_CIV,2020-05-27,STEVE/MIKE WOMACK ROSS,,CONCERN ATR SUIT V. TYSON/GEORGE S INC,NA,NA,NA
NA,NA,NA,424,DOJ_CIV,2020-05-27,NICK RAHALL,,RADIATION COMPENSATION,1,NA,NA
Edward,MARKEY,NA,1011,DOJ_CIV,2020-05-27,EDWARD MARKEY,"MARKEY, Edward John",URGING DOJ TO NVESTIGATE ALLEGATIONS THAT THE DRUG MANUFACTURER PURDUE PHARMA L.P. HAS MADE FALSE CLAIMS THAT ITS PRESCRIPTION OPIOID DRUG OXYCONTIN RELIEVES PAIN FOR TWELVE HOURS KNOWING THAT IT WEARS OFF MUCH SOONER IN MANY PATIENTS AND THEREBY EXPOSING THEM TO AN INCREASED RISK OF DEPENDENCY AND ADDICTION. MENTIONS A REPORT BY THE L.A. TIMES REGARDING THIS MATTER. IF WARRANTED REQUESTING THAT DOJ TAKE THE NECESSARY ACTION TO HOLD PURDUE ACCOUNTABLE INCLUDING RECOUPING TAXPAYER DOLLARS THAT FEDERAL HEALTHCARE PROGRAMS MAY HAVE NEEDLESSLY AND UNNECESSARILY SPENT ON OXYCONTIN PRESCRIPTIONS,1,NA,NA
Patrick,McHENRY,NA,1166,DOJ_CIV,2020-05-27,PATRICK MCHENRY,"McHENRY, Patrick T.",REQ DOCS IN RE U.S. V. MCGRAW HILL,5,NA,NA
NA,NA,NA,115,DOJ_CIV,2020-05-28,MICHAEL M. HONDA,,KOREAN IMMIGRANTS/INS FRAUD VICTIMS,"NA","NA",NA
NA,NA,NA,117,DOJ_CIV,2020-05-28,JOHN MCCAIN,,RADIATION COMPENSATION,1,"NA",NA
Charles,GRASSLEY,NA,118,DOJ_CIV,2020-05-28,CHARLES E. GRASSLEY,"GRASSLEY, Charles Ernest",DRA AND UPDATE OF FCA GU DANCE,"NA","NA",NA
Matt,CARTWRIGHT,NA,867,DOJ_CIV,2020-05-28,MATT CARTWRIGHT,"CARTWRIGHT, Matt",RECA,NA,NA,NA
NA,NA,NA,113,DOJ_CIV,2020-05-29,ED PASTOR,,ARIZONA IMM GRATION BILL (SB 1070),"NA","NA",NA
Raul,GRIJALVA,NA,114,DOJ_CIV,2020-05-29,RAUL GRIJALVA,"GRIJALVA, Raúl M.",ARIZONA IMM GRATION BILL (SB 1070),"NA","NA",NA
NA,NA,NA,116,DOJ_CIV,2020-05-29,JEFF BINGAMAN,,ARIZONA IMM GRATION LAW SB 1070,"NA","NA",NA
Robert,CASEY,NA,682,DOJ_CIV,2020-05-29,ROBERT P. CASEY JR.,"CASEY, Robert (Bob), Jr.",RECA,NA,NA,NA
Lindsey,GRAHAM,NA,685,DOJ_CIV,2020-05-29,LINDSEY GRAHAM,"GRAHAM, Lindsey O.",FORECLOSURE THAT MAY HAVE VIOLATED SERVICEMEMBERS CIVIL RELIEF ACT,NA,NA,NA
NA,NA,NA,314,DOJ_CIV,2020-05-30,KAY BAILEY HUTCHISON,,RECA,NA,NA,NA
NA,NA,NA,676,DOJ_CIV,2020-05-30,CANDICE MILLER,,RECA,NA,NA,NA
Benjamin,CARDIN,NA,823,DOJ_CIV,2020-05-30,BENJAMIN CARDIN,"CARDIN, Benjamin Louis",DISCRIMINATION SETTLEMENT WITH WELLS FARGO,NA,NA,NA
Thomas,REED,NA,19,DOJ_CIV,2020-05-31,TOM REED,"REED, Thomas W. II",SENECA NATION INDIANS V NY STATE DISPUTE,NA,NA,NA
Steve,CHABOT,NA,547,DOJ_CIV,2020-05-31,STEVE CHABOT,"CHABOT, Steve",RECA,NA,NA,NA
NA,NA,NA,677,DOJ_CIV,2020-05-31,RODNEY ALEXANDER,,RECA,NA,NA,NA
NA,NA,NA,33,DOJ_CIV,2020-06-01,STEVE ISRAEL,,COMPLAINT AGAINST CAR DEALER,NA,NA,NA
NA,NA,NA,174,DOJ_CIV,2020-06-01,MEL MARTINEZ,,PREVENT/DETECT MEDICARE FRAUD,"NA","NA",NA
Ben,LUJAN,NA,296,DOJ_CIV,2020-06-01,BEN R. LUJAN,"LUJÁN, Ben Ray",RECA,NA,NA,NA
Collin,PETERSON,NA,352,DOJ_CIV,2020-06-01,COLLIN PETERSON,"PETERSON, Collin Clark",LONG PRAIRIE PACKING RE TORT CLAIM FILED 5/21/1 FOR LOSS OF PRODUCT DUE TO INSPECTION ERROR,1,NA,NA
NA,NA,NA,419,DOJ_CIV,2020-06-01,GEORGE MADISON,,REQ POC AT DOJ FOR DEBT COLLECTION,5,NA,NA
NA,NA,NA,426,DOJ_CIV,2020-06-01,MARY BONO MACK,,MED CAL CREDENTIALS OF PROFESSOR,NA,NA,NA
NA,NA,NA,427,DOJ_CIV,2020-06-01,CHARLES W. DENT,,DEFRAUDED/SCAMMED BY COMPANY,NA,NA,NA
NA,NA,NA,549,DOJ_CIV,2020-06-01,L SA MURKOWSKI,,APPROVAL OF REPAYMENT SELEY/PLL AND USDA,NA,NA,NA
Michael,THOMPSON,NA,695,DOJ_CIV,2020-06-01,MIKE THOMPSON,"THOMPSON, Michael",LETTERS OF ROGATORY PRIVATE LAWSUIT FILED IN SPAIN,NA,NA,NA
Richard,BLUMENTHAL,NA,862,DOJ_CIV,2020-06-01,RICHARD BLUMENTHAL,"BLUMENTHAL, Richard",REQ DOJ HELP VA-OIG W/ INVESTIGATION OF VA CONSTRUCTION COST OVERRUNS,5,NA,NA
NA,NA,NA,1014,DOJ_CIV,2020-06-01,PATRICIA M. BRYAN,,"LTR FROM(b) (6) REQUESTING THROUGH THE U.S. ATTORNEY S OFFICE FOR THE SOUTHERN
 DISTRICT OF INDIANA THAT DOJ REPRESENTS FORMER U.S. SENATOR EVAN BAYH NAMED AS
 DEFENDANT IN THE CASE (b) (6) 
 V (b) (6) ET AL. CASE NO. 29C01-1605-PL- 506 (CIR. CT. HAMILTON CITY IND )",1,NA,NA
Emanuel,CLEAVER,NA,1084,DOJ_CIV,2020-06-01,EMANUEL CLEAVER,"CLEAVER, Emanuel, II",TROUBLE WITH COURTS IN INDIA,NA,NA,NA
Kathy,CASTOR,NA,425,DOJ_CIV,2020-06-02,KATHY CASTOR,"CASTOR, Kathy",CHARGES BROUGHT FOR BURN NG OF QURAN?,NA,NA,NA
NA,NA,NA,432,DOJ_CIV,2020-06-02,CAROLYN/JERROLD/PETER MALONEY/NADLER/KING,,THANKS FOR 9/11 ACT CHECK WITH TWL,NA,NA,NA
NA,NA,NA,694,DOJ_CIV,2020-06-02,JOHN MCCAIN,,RECA,NA,NA,NA
Ann,KIRKPATRICK,NA,1013,DOJ_CIV,2020-06-02,ANN KIRKPATRICK,"KIRKPATRICK, Ann",EXPRESSING CONCERNS AND OUTRAGE OVER NEWS REPORTS THAT DOJ IS REFUSING TO DEFEND PORTIONS OF THE VA REFORM LAW AMID A LEGAL CHALLENGE FROM FORMER PHOENIX VA DIRECTOR . WH201252,NA,NA,NA
NA,NA,NA,105,DOJ_CIV,2020-06-03,DARRELL ISSA,,REQUESTS DOJ CONTINUE INV. OF ACORN,1,"NA",NA
NA,NA,NA,423,DOJ_CIV,2020-06-03,DOC/DON HASTINGS/YOUNG,,REQ ADTL INFO - COBELL FEES,5,NA,NA
NA,NA,NA,166,DOJ_CIV,2020-06-05,BARBARA BOXER,,FEDERAL TORT CLAIM RE  TAX REFUND ERROR,1,"NA",NA
NA,NA,NA,546,DOJ_CIV,2020-06-05,HOWARD L. BERMAN,,FALSE CLAIMS ACT,1,NA,NA
Peter,DeFAZIO,NA,824,DOJ_CIV,2020-06-05,PETER DEFAZIO,"DeFAZIO, Peter Anthony","FOLLOW-UP REGARDING RECORDS FROM
 EDGEWOOD ARSENAL",NA,NA,NA
Kirsten,GILLIBRAND,NA,1130,DOJ_CIV,2020-06-05,KIRSTEN GILLIBRAND,"GILLIBRAND, Kirsten",SEPTEMBER 11TH VICTIMS COMPENSATION FUND (VCF),NA,NA,NA
NA,NA,NA,689,DOJ_CIV,2020-06-07,DOUGH LAMBORN,,REQUESTING IG REVIEW OF US ATTORNEYS HANDLING OF CRIM NAL PROSECUTION,1,NA,NA
NA,NA,NA,104,DOJ_CIV,2020-06-08,ARLEN SPECTER,,REQUESTING INVESTIGAT ON OF SEC,1,"NA",NA
NA,NA,NA,167,DOJ_CIV,2020-06-08,JOHN CONYERS  JR.,,UPCOMING HEARING ON 6/25/09  AG INVITED,1,"NA",NA
Roy,BLUNT,NA,168,DOJ_CIV,2020-06-08,ROY BLUNT,"BLUNT, Roy",REQ ASSISTANCE REGARDING DEBT,5,"NA",NA
NA,NA,NA,169,DOJ_CIV,2020-06-08,JOSEPH PITTS,,(b) (6)    REFRAIN FROM DEPORTATION,1,"NA",NA
Robert,CASEY,NA,170,DOJ_CIV,2020-06-08,ROBERT P CASEY  JR.,"CASEY, Robert (Bob), Jr.",(b) (6)    REFRAIN FROM DEPORTATION,1,"NA",NA
NA,NA,NA,171,DOJ_CIV,2020-06-08,ARLEN SPECTER,,LAND FOR 911'S FLIGHT 93 MEMORIAL IN PA,"NA","NA",NA
NA,NA,NA,103,DOJ_CIV,2020-06-09,LAMAR S. SMITH,,ALLEGED ILLEGALITY OF HHS MAILING,"NA","NA",NA
NA,NA,NA,165,DOJ_CIV,2020-06-09,JOE SESTAK,,BACK PAY FLSA CASE/LAW ENFORCEMENT OFF.,"NA","NA",NA
Charles,GRASSLEY,NA,370,DOJ_CIV,2020-06-09,CHARLES E. GRASSLEY,"GRASSLEY, Charles Ernest","LTR FROM CHMN GRASSLEY JUDICIARY COMTE EXPRESSING CONCERNS ABOUT DOJ ATTORNEYS IN TEXAS ET AL. V. U S. ET AL. AND THE SANCTIONS IMPOSED BY THE COURT IN THAT CASE IN RESPONSE TO THOSE ACTIONS WHICH THE JUDGE DESCRIBED AS CALCULATED AND UNETHICAL MISREPRESENTATION TO THE
 COURT. REQUESTING ANSWERS TO THE FOLLOWING QUESTIONS NTD 6/23/2016.",1,NA,NA
Martha,McSALLY,NA,58,DOJ_CIV,2020-06-10,MARTHA MCSALLY,"McSALLY, Martha",(b) (6) REQ ASSISTANCE AND INVESTIGATION RE A LIEN ON HIS SOCIAL SECURITY,1,NA,NA
Michael,ENZI,NA,825,DOJ_CIV,2020-06-10,MICHAEL B. ENZI,"ENZI, Michael B.",SEEKING PROSECUTION OF STOLEN PATENT UNDER ESPIONAGE ACT,5,NA,NA
Emanuel,CLEAVER,NA,826,DOJ_CIV,2020-06-11,EMANUEL CLEAVER,"CLEAVER, Emanuel, II",CONSTITUENT IS REQUESTING OIG INVESTIGATION BECAUSE HE IS UNHAPPY WITH CIV S PREVIOUS RESPONSES,1,NA,NA
Marco,RUBIO,NA,864,DOJ_CIV,2020-06-11,MARCO RUBIO,"RUBIO, Marco",(b) (6) RE HIS CONSUMER COMPLAINT AGAINST RIDE GREEN SCOOTERS,1,NA,NA
Christopher,SMITH,NA,1121,DOJ_CIV,2020-06-11,CHRISTOPHER SMITH,"SMITH, Christopher Henry",RECA,NA,NA,NA
Patrick,TOOMEY,NA,60,DOJ_CIV,2020-06-12,PATRICK TOOMEY,"TOOMEY, Patrick Joseph",REQ AN INVESTIGATION INTO THE DEATH OF THEIR DAUGHTER RE GM RECALL,5,NA,NA
NA,NA,NA,684,DOJ_CIV,2020-06-12,BILL NELSON,,ASSET FORFEITURE FROM CRIMINAL CASE,NA,NA,NA
John,CORNYN,NA,32,DOJ_CIV,2020-06-13,JOHN CORNYN,"CORNYN, John",RECA,NA,NA,NA
Jon,TESTER,NA,827,DOJ_CIV,2020-06-13,JON JOHN TESTER WALSH,"TESTER, Jon",MED CARE SECONDARY PAYER CLAIMS RELATING TO LIBBY MEDICAL PROGRAM,1,NA,NA
NA,NA,NA,1120,DOJ_CIV,2020-06-13,BILL NELSON,,SEPTEMBER 11TH VICTIMS COMPENSATION FUND (VCF),NA,NA,NA
NA,NA,NA,63,DOJ_CIV,2020-06-15,HARRY REID,,EXPRESSING CONCERNS REGARDING DOJ'S AUDIT OF THE NEVADA FIRE SAFE COUNCIL S MANAGEMENT/DISTRIBUTION,NA,NA,NA
John,CORNYN,NA,62,DOJ_CIV,2020-06-16,JOHN CORNYN,"CORNYN, John",(b) (6) REGARD NG HIS CONCERNS WITH OPERATION CHOKE POINT,1,NA,NA
Tammy,BALDWIN,NA,1132,DOJ_CIV,2020-06-16,TAMMY BALDWIN OTHERS WHO NEED TO BE LOGGED,"BALDWIN, Tammy",FEDERAL RECOGNITION OF SAME-SEX MARRIAGES PERFORMED IN WISCONSIN,NA,NA,NA
NA,NA,NA,59,DOJ_CIV,2020-06-17,TOM DIANNE DEAN DOUG MARK MCCLINTOCK FEINSTEIN HELLER LAMALFA AMODEI,,EXPRESSING CONCERNS ABOUT DOJ'S AUDIT OF THE NAVADA FIRE SAFE COUNCILS MANAGEMENT/DISTRIBUTION,NA,NA,NA
NA,NA,NA,429,DOJ_CIV,2020-06-17,CLIFF STEARNS,,GENDER DISCRIM BY DIA,NA,NA,NA
NA,NA,NA,1015,DOJ_CIV,2020-06-17,JASON CHAFFETZ,,"LTR FROM CHMN CHAFFETZ OVERSIGHT AND GOVERNMENTAL REFORM COMTE AND CHMN JORDAN HEALTHCARE BENEFITS ADMINISTRATIVE RULES SUB COMTE EXPRESSING CONCERNS ABOUT THE CENTERS FOR MEDICARE AND MEDICAID SERVICES (CMS) AWARDED OF 2.
 BILLION IN START-UP AND SOLVENCY LOANS TO HELP CREATE TWENTY-THREE CONSUMER OPERATED AND ORIENTED PLANS (CO-0PS) PURSUANT TO THE PATIENT PROTECTION AND AFFORDABLE CARE ACT (PPACA). STATING THAT IT IS UNCLEAR WHETHER ANY TAXPAYER DOLLARS WILL BE RECOUPED FROM FAILED CO- OPS. SINCE BILLIONS OF TAXPAYERS DOLLARS ARE AT RISK IT IS CRITICAL THAT CONGRESS HAS ALL THE DOCUMENTS AND NFORMAITON NEEDED TO ASSESS THE AGENCY S EFFORTS TO PROTECT THE CONSUMERS NLT 6/2 /2016.",1,NA,NA
Michael,ENZI,NA,1016,DOJ_CIV,2020-06-17,MICHAEL B. ENZI,"ENZI, Michael B.","LTR ON BEHALF OF(b) (6) REQUESTING ASSISTANCE REGARDING HIS CONCERNS WITH
 OPERATION CHECK POINT.",1,NA,NA
Patty,MURRAY,NA,1117,DOJ_CIV,2020-06-17,PATTY MURRAY,"MURRAY, Patty",COBELL SETTLEMENT TRUST,NA,NA,NA
Marco,RUBIO,NA,61,DOJ_CIV,2020-06-18,MARCO RUBIO,"RUBIO, Marco",(b) (6) REQ ASSISTANCE WITH THE FCC IN OBTAINING A REFUND FROM VERIZON RE HIS CELL PHONE,1,NA,NA
Charles,GRASSLEY,NA,290,DOJ_CIV,2020-06-18,CHARLES GRASSLEY,"GRASSLEY, Charles Ernest",REGARDING COMPENSATING THE VICTIMS OF THE 1998 EMBASSY BOMBING IN NAIROBI KENYA,NA,NA,NA
Martin,HEINRICH,NA,555,DOJ_CIV,2020-06-18,MARTIN HEINRICH,"HEINRICH, Martin",WORKERS' COMPENSATION ISSUE,NA,NA,NA
Adam,SCHIFF,NA,551,DOJ_CIV,2020-06-19,ADAM B. SCHIFF,"SCHIFF, Adam",IMMIGRATION CASE,NA,NA,NA
NA,NA,NA,562,DOJ_CIV,2020-06-19,HOWARD P. MCKEON,,DMX V. ASCAP,NA,NA,NA
NA,NA,NA,686,DOJ_CIV,2020-06-19,JOHN MCCAIN,,RECA,NA,NA,NA
NA,NA,NA,692,DOJ_CIV,2020-06-20,JEFF DENHAM,,RECA,NA,NA,NA
Sherrod,BROWN,NA,428,DOJ_CIV,2020-06-21,SHERROD BROWN,"BROWN, Sherrod",ALLEGED FRAUD BY DEALERSHIP,NA,NA,NA
Jeanne,SHAHEEN,NA,431,DOJ_CIV,2020-06-21,JEANNE SHAHEEN,"SHAHEEN, Jeanne",DOMESTIC PARTNER BENFTS FOR FED EMPLOYEE,NA,NA,NA
Cedric,RICHMOND,NA,553,DOJ_CIV,2020-06-21,CEDRIC RICHMOND,"RICHMOND, Cedric",ROAD HOME PROGRAM FUNDS,NA,NA,NA
NA,NA,NA,1122,DOJ_CIV,2020-06-23,STEVE ISRAEL,,SEPTEMBER 11TH VICTIMS COMPENSATION FUND (VCF),NA,NA,NA
Mark,MEADOWS,NA,339,DOJ_CIV,2020-06-25,MARK MEADOWS ET AL,"MEADOWS, Mark",PLAN B DECISION(b) (6) V. HAMBURG),1,NA,NA
John,CARTER,NA,691,DOJ_CIV,2020-06-25,JOHN CARTER,"CARTER, John R.",RECA,NA,NA,NA
David,ROE,NA,904,DOJ_CIV,2020-06-25,DAVID ROE,"ROE, David P. (Phil)",REFERRAL FROM TREASURY LTR ON BEHALF OF TN CONSTITUENT RE SENIOR CITIZEN CNTR EVICTION,NA,NA,NA
Vernon,BUCHANAN,NA,690,DOJ_CIV,2020-06-26,VERN BUCHANAN,"BUCHANAN, Vernon G.",RECA,NA,NA,NA
Theodore,DEUTCH,NA,912,DOJ_CIV,2020-06-26,TED DEUTCH,"DEUTCH, Theodore E. (Ted)",LTR ON BEHALF OF(b) (6) REQUESTING ASST W HIS LAWSUIT RE MEDICAL COVERAGE,1,NA,NA
NA,NA,NA,1123,DOJ_CIV,2020-06-26,DAN BENISHEK,,ILLEGAL FORECLOSURE,NA,NA,NA
Glenn,THOMPSON,NA,1087,DOJ_CIV,2020-06-27,GLENN THOMPSON,"THOMPSON, Glenn",TAKING ADVANTAGE OF SUBSIDIES OVERCHARG,NA,NA,NA
Ben,LUJAN,NA,433,DOJ_CIV,2020-06-28,BEN RAY LUJAN,"LUJÁN, Ben Ray",RECA,NA,NA,NA
NA,NA,NA,317,DOJ_CIV,2020-06-29,DENNIS CARDOZA,,NATIONAL MORTGAGE SETTLEMENT,NA,NA,NA
NA,NA,NA,318,DOJ_CIV,2020-06-29,JANICE HAHN,,NATIONAL MORTGAGE SETTLEMENT,NA,NA,NA
Lucille,ROYBAL-ALLARD,NA,319,DOJ_CIV,2020-06-29,LUCILLE ROYBAL-ALLARD,"ROYBAL-ALLARD, Lucille",NATIONAL MORTGAGE SETTLEMENT,NA,NA,NA
Maxine,WATERS,NA,320,DOJ_CIV,2020-06-29,MAXINE WATERS,"WATERS, Maxine",NATIONAL MORTGAGE SETTLEMENT,NA,NA,NA
Marco,RUBIO,NA,354,DOJ_CIV,2020-06-29,MARCO RUBIO,"RUBIO, Marco",LTR ON BEHALF OF(b) (6) REQ STATUS OF H S 911 V CTIM COMPENSATION FUND CLAIM SEE WF 2958779,1,NA,NA
Zoe,LOFGREN,NA,552,DOJ_CIV,2020-06-29,ZOE LOFGREN,"LOFGREN, Zoe",NATIONAL MORTGAGE SETTLEMENT,NA,NA,NA
NA,NA,NA,578,DOJ_CIV,2020-06-29,JOE BACA,,NATIONAL MORTGAGE SETTLEMENT,NA,NA,NA
Karen,BASS,NA,579,DOJ_CIV,2020-06-29,KAREN BASS,"BASS, Karen",NATIONAL MORTGAGE SETTLEMENT,NA,NA,NA
NA,NA,NA,580,DOJ_CIV,2020-06-29,XAVIER BECERRA,,NATIONAL MORTGAGE SETTLEMENT,NA,NA,NA
NA,NA,NA,581,DOJ_CIV,2020-06-29,HOWARD BERMAN,,NATIONAL MORTGAGE SETTLEMENT,NA,NA,NA
NA,NA,NA,582,DOJ_CIV,2020-06-29,LOIS CAPPS,,NATIONAL MORTGAGE SETTLEMENT,NA,NA,NA
Judy,CHU,NA,583,DOJ_CIV,2020-06-29,JUDY CHU,"CHU, Judy",NATIONAL MORTGAGE SETTLEMENT,NA,NA,NA
Jim,COSTA,NA,584,DOJ_CIV,2020-06-29,JIM COSTA,"COSTA, Jim",NATIONAL MORTGAGE SETTLEMENT,NA,NA,NA
Susan,DAVIS,NA,585,DOJ_CIV,2020-06-29,SUSAN DAVIS,"DAVIS, Susan A.",NATIONAL MORTGAGE SETTLEMENT,NA,NA,NA
Anna,ESHOO,NA,586,DOJ_CIV,2020-06-29,ANNA G. ESHOO,"ESHOO, Anna Georges",NATIONAL MORTGAGE SETTLEMENT,NA,NA,NA
NA,NA,NA,587,DOJ_CIV,2020-06-29,SAM FARR,,NATIONAL MORTGAGE SETTLEMENT,NA,NA,NA
NA,NA,NA,588,DOJ_CIV,2020-06-29,BOB FILNER,,NATIONAL MORTGAGE SETTLEMENT,NA,NA,NA
John,GARAMENDI,NA,589,DOJ_CIV,2020-06-29,JOHN GARAMENDI,"GARAMENDI, John",NATIONAL MORTGAGE SETTLEMENT,NA,NA,NA
NA,NA,NA,590,DOJ_CIV,2020-06-29,MIKE HONDA,,NATIONAL MORTGAGE SETTLEMENT,NA,NA,NA
Barbara,LEE,NA,591,DOJ_CIV,2020-06-29,BARBARA LEE,"LEE, Barbara",NATIONAL MORTGAGE SETTLEMENT,NA,NA,NA
Doris,MATSUI,NA,592,DOJ_CIV,2020-06-29,DORIS MATSUI,"MATSUI, Doris",NATIONAL MORTGAGE SETTLEMENT,NA,NA,NA
Jerry,McNERNEY,NA,593,DOJ_CIV,2020-06-29,JERRY MCNERNEY,"McNERNEY, Jerry",NATIONAL MORTGAGE SETTLEMENT,NA,NA,NA
NA,NA,NA,594,DOJ_CIV,2020-06-29,GEORGE MILLER,,NATIONAL MORTGAGE SETTLEMENT,NA,NA,NA
Grace,NAPOLITANO,NA,595,DOJ_CIV,2020-06-29,GRACE NAPOLITANO,"NAPOLITANO, Grace Flores",NATIONAL MORTGAGE SETTLEMENT,NA,NA,NA
NA,NA,NA,596,DOJ_CIV,2020-06-29,LAURA RICHARDSON,,NATIONAL MORTGAGE SETTLEMENT,NA,NA,NA
NA,NA,NA,597,DOJ_CIV,2020-06-29,LAURA RICHARDSON,,NATIONAL MORTGAGE SETTLEMENT,NA,NA,NA
NA,NA,NA,598,DOJ_CIV,2020-06-29,L NDA SANCHEZ,,NATIONAL MORTGAGE SETTLEMENT,NA,NA,NA
NA,NA,NA,599,DOJ_CIV,2020-06-29,LORETTA SANCHEZ,,NATIONAL MORTGAGE SETTLEMENT,NA,NA,NA
Adam,SCHIFF,NA,600,DOJ_CIV,2020-06-29,ADAM SCHIFF,"SCHIFF, Adam",NATIONAL MORTGAGE SETTLEMENT,NA,NA,NA
Brad,SHERMAN,NA,601,DOJ_CIV,2020-06-29,BRAD SHERMAN,"SHERMAN, Brad",NATIONAL MORTGAGE SETTLEMENT,NA,NA,NA
Karen,SPEIER,NA,602,DOJ_CIV,2020-06-29,JACKIE SPEIER,"SPEIER, Karen Lorraine Jacqueline (Jackie)",NATIONAL MORTGAGE SETTLEMENT,NA,NA,NA
NA,NA,NA,603,DOJ_CIV,2020-06-29,PETE STARK,,NATIONAL MORTGAGE SETTLEMENT,NA,NA,NA
Michael,THOMPSON,NA,604,DOJ_CIV,2020-06-29,MIKE THOMPSON,"THOMPSON, Michael",NATIONAL MORTGAGE SETTLEMENT,NA,NA,NA
NA,NA,NA,605,DOJ_CIV,2020-06-29,HENRY WAXMAN,,NATIONAL MORTGAGE SETTLEMENT,NA,NA,NA
NA,NA,NA,606,DOJ_CIV,2020-06-29,LYNN WOOLSEY,,NATIONAL MORTGAGE SETTLEMENT,NA,NA,NA
NA,NA,NA,607,DOJ_CIV,2020-06-29,LYNN WOOLSEY,,NATIONAL MORTGAGE SETTLEMENT,NA,NA,NA
NA,NA,NA,1017,DOJ_CIV,2020-06-29,BOB GOODLATTE,,LTR FROM CHMN GOODLATTE JUD CIARY COMTE WRITING AT REPRESENTATIVE GLENN THOMPSON'S REQUEST REGARDING POLICY ISSUES THAT HAVE ARISEN DURING THE UNITED STATES GOVERNMENT'S LITIGATION WITH INTERNATIONAL CUSTOMS PRODUCTS (ICP) A COMPANY LOCATED IN MR. THOMPSON'S DISTRICT. UNDERSTANDS THAT TH S LITIGATION AND THE UNDERLYING FAILURE OF U.S. CUSTOMS AND BORDER PROTECTION (CUSTOMS) TO FOLLOW STATUTORILY REQUIRED PROCEDURES HAS RENDERED ICP PENNILESS AND CAUSED ITS $65 MILLION-DOLLAR FOOD PRODUCT PLANT TO BE SURRENDERED TO ITS BANK AND SHUT DOWN. MENTIONS THAT DOJ CONTINUES TO APPEAL THE TRADE COURTS DETERMINATION THAT ICP IS ENTITLED TO ATTORNEYS' FEES AND EXPENSES. REQUESTING INFORMATION ON HOW OFTEN THE UNITED STATES APPEALS A FEDERAL TRIAL COURT'S DETERMINATION TO AWARD FEES AND EXPENSES UNDER THE EQUAL ACCESS TO JUSTICE ACT AND HOW OFTEN THE UNITED STATES MAKES SUCH AN APPEAL AFTER A FEDERAL CIRCUIT COURT HAS ALREADY DETERM NED THAT THE PRIVATE PARTY HAS PREVAILED ON THE MERITS OF ITS,1,NA,NA
Charles,GRASSLEY,NA,889,DOJ_CIV,2020-06-30,CHARLES GRASSLEY,"GRASSLEY, Charles Ernest",LTR FROM CHMN GRASSLEY RE AN INVESTIGAITON INTO SEVERAL DENISTRY PRACTICES ENGAGING IN FRAUD,NA,NA,NA
NA,NA,NA,83,DOJ_CIV,2020-07-01,CAROL SHEA-PORTER,,PROBLEM WITH BANK OF THE WEST ANNUITY,"NA","NA",NA
Bennie,THOMPSON,NA,84,DOJ_CIV,2020-07-01,BENNIE THOMPSON,"THOMPSON, Bennie",FEMA TRAILERS BEING REUSED FOR OIL SPILL,"NA","NA",NA
Zoe,LOFGREN,NA,85,DOJ_CIV,2020-07-01,ZOE LOFGREN,"LOFGREN, Zoe",FINANCIAL DISCLOSURE STATEMENT,"NA","NA",NA
Thomas,UDALL,NA,298,DOJ_CIV,2020-07-01,TOM UDALL,"UDALL, Thomas (Tom)",WORKPLACE CONDITIONS,NA,NA,NA
NA,NA,NA,357,DOJ_CIV,2020-07-01,DIANNE/PATRICK FEINSTEIN/LEAHY,,CONCERN DOJ HASN T OPENED SEN SELECT INTEL COMMITTEE REPORT SAYS ACLU V. CIA SHOULDN T BE EXCUSE,NA,NA,NA
NA,NA,NA,438,DOJ_CIV,2020-07-01,MARY LANDRIEU,,BACKPAYMENTS FROM CONTRACTOR,NA,NA,NA
NA,NA,NA,876,DOJ_CIV,2020-07-01,RAUL LABRADOR,,CONSTITUENT BELIEVES HE WAS DENIED A BUSINESS LOAN B/C OF OPERATION CHOKE POINT,NA,NA,NA
John,KATKO,NA,1019,DOJ_CIV,2020-07-01,JOHN KATKO,"KATKO, John","LTR ON BEHALF OF(b) (6) CICERO NY REQUESTING ASSISTANCE CONCERNING THE
 STATUS OF HER 911 VICTIMS COMPENSATION FUND CLAIM ON BEHALF OF HER HUSBAND.",1,NA,NA
John,KATKO,NA,1033,DOJ_CIV,2020-07-01,JOHN KATKO,"KATKO, John","LTR ON BEHALF OF(b) (6) CICERO NY REQUESTING ASSISTANCE CONCERNING THE
 STATUS OF HIS 911 VICTIM COMPENSATION FUND CLAIM. SEE WF 3296 99",1,NA,NA
NA,NA,NA,164,DOJ_CIV,2020-07-02,Bill YOUNG,,COMPLAINT/D SCHARGE FROM THE ARMY,"NA","NA",NA
NA,NA,NA,702,DOJ_CIV,2020-07-02,L NDSEY GRAHAM,,RECA,NA,NA,NA
Dianne,FEINSTEIN,NA,705,DOJ_CIV,2020-07-02,DIANNE FEINSTEIN,"FEINSTEIN, Dianne","DOJ IMPLEMENTATION OF MANDATE FROM
 (b) (6) CASE (DOMA)",1,NA,NA
NA,NA,NA,1125,DOJ_CIV,2020-07-02,BOB GOODLATTE,,INVITING AAG DELERY TO TESTIFY AT HEARING,5,NA,NA
NA,NA,NA,554,DOJ_CIV,2020-07-05,T MOTHY BISHOP,,RECA,NA,NA,NA
Mark,MEADOWS,NA,1020,DOJ_CIV,2020-07-05,MARK MEADOWS,"MEADOWS, Mark","LTR ON BEHALF OF(b) (6) SAPPHIRE NC REQUESTING ASSISTANCE WITH OBTAINING A
 FORM TO FILE THE VACCINE INJURY COMPENSATION PROGRAM.",1,NA,NA
NA,NA,NA,86,DOJ_CIV,2020-07-06,GREG HARPER,,ARIZONA IMM GRATION LAW SB 1070,"NA","NA",NA
NA,NA,NA,87,DOJ_CIV,2020-07-06,GARY MILLER,,ARIZONA IMM GRATION LAW SB 1070,"NA","NA",NA
NA,NA,NA,88,DOJ_CIV,2020-07-06,JAMES  F SENSENBRENNER,,ARIZONA IMM GRATION LAW SB 1070,"NA","NA",NA
NA,NA,NA,89,DOJ_CIV,2020-07-06,HOWARD  P MCKEON,,ARIZONA IMM GRATION LAW SB 1070,"NA","NA",NA
NA,NA,NA,90,DOJ_CIV,2020-07-06,DAN BURTON,,ARIZONA IMM GRATION LAW SB 1070,"NA","NA",NA
Marsha,BLACKBURN,NA,91,DOJ_CIV,2020-07-06,MARSHA BLACKBURN,"BLACKBURN, Marsha",ARIZONA IMM GRATION LAW SB 1070,"NA","NA",NA
NA,NA,NA,92,DOJ_CIV,2020-07-06,ELTON GALLEGLY,,ARIZONA IMM GRATION LAW SB 1070,"NA","NA",NA
NA,NA,NA,93,DOJ_CIV,2020-07-06,SUE MYRICK,,ARIZONA IMM GRATION LAW SB 1070,"NA","NA",NA
NA,NA,NA,94,DOJ_CIV,2020-07-06,DANA ROHRABACHER,,ARIZONA IMM GRATION LAW SB 1070,"NA","NA",NA
NA,NA,NA,95,DOJ_CIV,2020-07-06,TODD TIAHRT,,ARIZONA IMM GRATION LAW SB 1070,"NA","NA",NA
NA,NA,NA,96,DOJ_CIV,2020-07-06,ED ROYCE,,ARIZONA IMM GRATION LAW SB 1070,"NA","NA",NA
NA,NA,NA,97,DOJ_CIV,2020-07-06,TRENT FRANKS,,ARIZONA IMM GRATION LAW SB 1070,"NA","NA",NA
NA,NA,NA,98,DOJ_CIV,2020-07-06,ROSCOE BARTLETT,,(b) (6)   ET AL V. USA,1,"NA",NA
Steve,KING,NA,99,DOJ_CIV,2020-07-06,STEVE KING,"KING, Steve",ARIZONA IMM GRATION LAW SB 1070,"NA","NA",NA
NA,NA,NA,100,DOJ_CIV,2020-07-06,LAMAR SMITH,,ARIZONA IMM GRATION LAW SB 1070,"NA","NA",NA
NA,NA,NA,160,DOJ_CIV,2020-07-06,CLIFF STEARNS,,RADIATION COMPENSATION,1,"NA",NA
NA,NA,NA,434,DOJ_CIV,2020-07-06,STEVEN KIRK / 3 OTHERS,,CIVILIAN TRIALS FOR TERRORIST,NA,NA,NA
NA,NA,NA,557,DOJ_CIV,2020-07-06,MARTIN HE NRICH,,RECA,NA,NA,NA
Brad,WENSTRUP,NA,1018,DOJ_CIV,2020-07-06,BRAD WENSTRUP,"WENSTRUP, Brad",EXPRESSING CONCERNS THAT THE VICTIMS OF THE NEW ENGLAND COMPOUNDING CENTER (NECC) MEN NGITIS OUTBREAK ARE STILL AWAITING FINANCIAL COMPENSAT ON. ENCLOSING A LTR FROM A CONSTITUENT WHO RECEIVED A TAINTED STEROID INJECTION N HIS BACK IN 9/2012. THE STEROID WAS MADE AND SOLD BY NECC AND HE WAS DIAGNOSED WITH FUNGAL MENINGITIS AND HAS SUFFERED A VARIETY OF SEVERE COMPLICATIONS AS A RESULT. REQUESTING THAT DOJ AND HHS ACT SWIFTLY TO COMPENSATE THE VICTIMS. SEE RELATED CORRES IN ES.,1,NA,NA
NA,NA,NA,102,DOJ_CIV,2020-07-07,TOM PERRIELLO,,POST OFFICE VIOLATIONS,"NA","NA",NA
NA,NA,NA,161,DOJ_CIV,2020-07-07,RICHARD LUGAR,,RIGHTS VIOLATED AT FT. WAYNE  ID VA HOSP,"NA","NA",NA
Thomas,UDALL,NA,162,DOJ_CIV,2020-07-07,TOM UDALL,"UDALL, Thomas (Tom)",RADIATION COMPENSATION,1,"NA",NA
Ron,JOHNSON,NA,1031,DOJ_CIV,2020-07-07,RON H. JOHNSON,"JOHNSON, Ron","LTR ON BEHALF OF(b) (6) WAUSAU WISCONSIN REQUESTING ASSISTANCE ALLEGING
 HE IS A VICTIM OF MORTGAGE AT THE HAND OF BANK OF AMERICA AND WANTS TO KNOW WHO ENFORCES THE NATIONAL SETTLEMENT AGREEMENT.",1,NA,NA
NA,NA,NA,1083,DOJ_CIV,2020-07-07,HENRY WAXMAN,,STUDENT LOAN (DOJ IS COLLECTING),NA,NA,NA
Doris,MATSUI,NA,1144,DOJ_CIV,2020-07-07,DORIS MATSUI,"MATSUI, Doris",RECA,NA,NA,NA
Charles,GRASSLEY,NA,101,DOJ_CIV,2020-07-08,CHARLES GRASSLEY,"GRASSLEY, Charles Ernest",USE OF SETTLEMENT FUNDS WITHIN CRT,"NA","NA",NA
NA,NA,NA,163,DOJ_CIV,2020-07-08,JOHN M. SPRATT  JR.,,FED GOVT ROLE IN MANAGING NUCLEAR WASTE,"NA","NA",NA
Charles,SCHUMER,NA,332,DOJ_CIV,2020-07-08,CHARLES E. SCHUMER,"SCHUMER, Charles Ellis (Chuck)",STATUS OF 9/11 VICTIMS COMPENSATION FUND (VCF) CLAIM,1,NA,NA
Tom,GRAVES,NA,371,DOJ_CIV,2020-07-08,TOM GRAVES,"GRAVES, Tom","LTR ON BEHALF O (b) (6) 
 REQUESTING ASSISTANCE REGARDING THE STATUS OF HIS CLAIM THAT HE FILED IN 10/2013 WITH THE 911 VICTIMS COMPENSATION FUND. (NOTE NO RECORD OF PRIOR CORESS IN ES.)",1,NA,NA
Ben,LUJAN,NA,437,DOJ_CIV,2020-07-08,BEN RAY LUJAN,"LUJÁN, Ben Ray",RECA,NA,NA,NA
NA,NA,NA,703,DOJ_CIV,2020-07-08,GARY G. MILLER,,REQUESTING AND INVESTIGATION INTO THE DHS FOR M SCONDUCT,1,NA,NA
Sean,DUFFY,NA,893,DOJ_CIV,2020-07-08,SEAN DUFFY,"DUFFY, Sean",REQ DOJ EMPLOYEE(b) (6) BE AVAILBLE FOR NTERV EWS RE CHOKE POINT,1,NA,NA
David,SCOTT,NA,1021,DOJ_CIV,2020-07-08,DAVID SCOTT,"SCOTT, David","LTR ON BEHALF OF(b) (6) 
 REQUESTING ASSISTANCE SEEKING RESTITUTION FOR AN ALLEGED FRAUDULENT HOME LOAN AND FORECLOSURE.",1,NA,NA
Patty,MURRAY,NA,1124,DOJ_CIV,2020-07-08,PATTY MURRAY,"MURRAY, Patty",RECA,NA,NA,NA
NA,NA,NA,1138,DOJ_CIV,2020-07-08,PAT MEEHAN,,"OPERATION CHOKE POINT - AFFECTED CONST
 BUSINESS LINE OF CREDIT",NA,NA,NA
Robert,CASEY,NA,895,DOJ_CIV,2020-07-09,ROBERT CASEY,"CASEY, Robert (Bob), Jr.",LTR ON BEHALF OF(b) (6) REQ ASSISTANCE UNER THE 911 VICTIM COMPENSATION FUND,1,NA,NA
William,CLAY,NA,1113,DOJ_CIV,2020-07-09,WILLIAM LACY CLAY,"CLAY, William Lacy, Jr.",CONTRACT DISPUTE,NA,NA,NA
NA,NA,NA,334,DOJ_CIV,2020-07-10,REID RIBBLE,,PAYMENTS TO VETERANS UNDER NATIONAL MORTGAGE SETTLEMENT,NA,NA,NA
NA,NA,NA,556,DOJ_CIV,2020-07-10,BRIAN BILBRAY,,RECA,NA,NA,NA
NA,NA,NA,696,DOJ_CIV,2020-07-10,MATT (REST NEED TO BE LOGGED) SALMON ET AL,,USA AMICUS BRIEF IN NML CAPITAL LTD V. REPUBIC OF ARGENTINA,NA,NA,NA
NA,NA,NA,888,DOJ_CIV,2020-07-10,SHELDON ORRIN JEFF WHITEHOUSE HATCH SESSIONS,,PROBLEMS US COMPANIES HAVE SERVING LEGAL ACTIONS AGAINST CH NA-BASED CORPS IN US. WH 117 830,NA,NA,NA
Benjamin,CARDIN,NA,20,DOJ_CIV,2020-07-11,BENJAMIN CARDIN,"CARDIN, Benjamin Louis",RECOMMENDING HIS CHIEF COUNSEL FOR JOB,NA,NA,NA
Charles,GRASSLEY,NA,697,DOJ_CIV,2020-07-11,CHARLES E. GRASSLEY,"GRASSLEY, Charles Ernest",USA AMICUS BR EF IN NML CAPITAL V. REPUBLIC OF ARGENTINA,NA,NA,NA
NA,NA,NA,708,DOJ_CIV,2020-07-11,CHARLES DENT,,USA V. COUNTRYWIDE (CRT CASE),NA,NA,NA
Patrick,TOOMEY,NA,1086,DOJ_CIV,2020-07-11,PATRICK TOOMEY,"TOOMEY, Patrick Joseph",PROBLEM WITH UNPAID PROP. TAXES TO BANK,NA,NA,NA
Duncan,HUNTER,NA,1110,DOJ_CIV,2020-07-11,DUNCAN HUNTER,"HUNTER, Duncan Duane",COOK COUNTY IMMIGRAT ON LAW,NA,NA,NA
NA,NA,NA,301,DOJ_CIV,2020-07-12,JOHN FLEMING,,ALLIANCE FOR OPEN SOCIETY V. USAID,NA,NA,NA
Christopher,SMITH,NA,436,DOJ_CIV,2020-07-12,CHRISTOPHER SMITH,"SMITH, Christopher Henry",ALLIANCE FOR OPEN SOCIETY V. USAID,NA,NA,NA
Jeff,FORTENBERRY,NA,446,DOJ_CIV,2020-07-12,JEFF FORTENBERRY,"FORTENBERRY, Jeff",ALLIANCE FOR OPEN SOCIETY V. USAID,NA,NA,NA
NA,NA,NA,447,DOJ_CIV,2020-07-12,MIKE PENCE,,ALLIANCE FOR OPEN SOCIETY V. USAID,NA,NA,NA
NA,NA,NA,448,DOJ_CIV,2020-07-12,TED POE,,ALLIANCE FOR OPEN SOCIETY V. USAID,NA,NA,NA
NA,NA,NA,449,DOJ_CIV,2020-07-12,TIM HUELSKAMP,,ALLIANCE FOR OPEN SOCIETY V. USAID,NA,NA,NA
NA,NA,NA,450,DOJ_CIV,2020-07-12,Todd AKIN,,ALLIANCE FOR OPEN SOCIETY V. USAID,NA,NA,NA
NA,NA,NA,451,DOJ_CIV,2020-07-12,THADDEUS MCCOTTER,,ALLIANCE FOR OPEN SOCIETY V. USAID,NA,NA,NA
NA,NA,NA,452,DOJ_CIV,2020-07-12,DAN BURTON,,ALLIANCE FOR OPEN SOCIETY V. USAID,NA,NA,NA
Vicky,HARTZLER,NA,453,DOJ_CIV,2020-07-12,VICKY HARTZLER,"HARTZLER, Vicky",ALLIANCE FOR OPEN SOCIETY V. USAID,NA,NA,NA
Steve,KING,NA,454,DOJ_CIV,2020-07-12,STEVE KING,"KING, Steve",ALLIANCE FOR OPEN SOCIETY V. USAID,NA,NA,NA
Doug,LAMBORN,NA,455,DOJ_CIV,2020-07-12,DOUG LAMBORN,"LAMBORN, Doug",ALLIANCE FOR OPEN SOCIETY V. USAID,NA,NA,NA
James,LANKFORD,NA,456,DOJ_CIV,2020-07-12,JAMES LANKFORD,"LANKFORD, James",ALLIANCE FOR OPEN SOCIETY V. USAID,NA,NA,NA
NA,NA,NA,457,DOJ_CIV,2020-07-12,MIKE POMPEO,,ALLIANCE FOR OPEN SOCIETY V. USAID,NA,NA,NA
NA,NA,NA,458,DOJ_CIV,2020-07-12,JEAN SCHMIDT,,ALLIANCE FOR OPEN SOCIETY V. USAID,NA,NA,NA
NA,NA,NA,558,DOJ_CIV,2020-07-12,MARK BEGICH,,USA V. STATE OF ALASKA DEPT. OF TRANS.,NA,NA,NA
Sherrod,BROWN,NA,699,DOJ_CIV,2020-07-12,SHERROD BROWN,"BROWN, Sherrod",RECA,NA,NA,NA
Raul,GRIJALVA,NA,700,DOJ_CIV,2020-07-12,RAUL M. GRIJALVA,"GRIJALVA, Raúl M.",FTCA CLAIM AGAINST DOJ,1,NA,NA
NA,NA,NA,710,DOJ_CIV,2020-07-12,RICK NOLAN,,PREVIOUS CORRESPONDENCE TO DOJ ILLEGAL ACTIVITY SURROUNDING HOUSE LOAN,NA,NA,NA
NA,NA,NA,1085,DOJ_CIV,2020-07-12,LAMAR SMITH,,MEMOS REGARDING FALSE CLAIMS ACT,1,NA,NA
Kurt,SCHRADER,NA,435,DOJ_CIV,2020-07-13,KURT SCHRADER,"SCHRADER, Kurt",INVOLVED IN PONZI SCHEME,NA,NA,NA
Ron,JOHNSON,NA,902,DOJ_CIV,2020-07-13,RONALD JOHNSON,"JOHNSON, Ron",WANTS INFO RE HOW DOJ IDENTIFIES AND ADDRESSES FRAUDULENT CLASS-ACTION LITIGATION,NA,NA,NA
Alex,MOONEY,NA,1022,DOJ_CIV,2020-07-13,ALEX MOONEY,"MOONEY, Alex X.",REQUESTING ASSISTANCE REGARDING THE STATUS OF DOJ'S INVESTIGATIONS INTO COMPOUND PHARMACIES FOR POSSIBLE FALSE CLAIM ACT VIOLATIONS. ADVISING THAT IS THEIR UNDERSTANDING THAT ONCE A BUSINESS RECEIVES A CIVIL INVESTIGATIVE DEMAND (CID) LETTER FROM THE USAO THE DEFENSE HEALTH AGENCY SENDS A SUBSEQUENT LETTER INFORMING THE BUSINESS THAT PRESENT AND FUTURE PAYMENTS FROM TRICARE WILL BE SUSPENDED UNTIL THE CID IS RESOLVED. STATING THAT THE BUSINESSES UNDER INVESTIGATION BUT NOT CHARGED ARE PROHIBITED FROM REIMBURSEMENT BUT ARE ALSO CONTRACTUALLY REQUIRED TO CONT NUE FILLING PRESCRIPTIONS FOR THEIR CUSTOMERS AS THE DOJ INVESTIGATION PROGRESSES. SINCE THOSE BUSINESSES MAY FACE FINANCIAL BURDENS DURING THE INVESTIGATIONS REQUESTING AN UPDATE ON THE STATUS OF THESE MATTERS. LTR ALSO SIGNED BY 3 OTHER MCS.,1,NA,NA
Susan,DAVIS,NA,868,DOJ_CIV,2020-07-14,SUSAN DAVIS,"DAVIS, Susan A.",LTR ON BEHALF OF CONSTITUENT OF SAN DIEGO REQUESTING ASSISTANCE WITH HER MORTGAGE CASE AGAINST BOA,1,NA,NA
Patty,MURRAY,NA,1140,DOJ_CIV,2020-07-14,PATTY MURRAY,"MURRAY, Patty","FTCA SETTLEMENT PAYMENT FOR M NOR (b) (6)
 (b) (6)",1,NA,NA
NA,NA,NA,704,DOJ_CIV,2020-07-15,JON RUNYAN,,9/11 VICT MS COMPENSATION FUND (VCF),NA,NA,NA
Christopher,SMITH,NA,875,DOJ_CIV,2020-07-15,CHRISTOPHER SMITH,"SMITH, Christopher Henry",9/11 VCF,NA,NA,NA
Mark,WARNER,NA,882,DOJ_CIV,2020-07-15,MARK WARNER,"WARNER, Mark",CONSTITUENT QUESTION RE CRIME VICTIM GRANT,NA,NA,NA
Maxine,WATERS,NA,1023,DOJ_CIV,2020-07-15,MAXINE WATERS,"WATERS, Maxine","LTR FROM RMM WATERS COMTE ON FINANCIAL SERVICES EXPRESSING CONCERNS THAT IN 2012 HSBC BANK USA N.A. AND HSBC HOLDINGS PLC ( HSBC ) AVOIDED CR MINAL PROSECUTION FOR FAILING TO PREVENT MONEY LAUNDERING BY INTERNAITONAL DRUG CARTELS AND FOR KNOWINGLY AND WILLINGLY HELP TO MOVE HUNDREDS OF MILLIONS OF DOLLARS TO SEVERAL COUNTRIES UNDER U S. SANCTIONS. ADVISING THAT THE BANKERS WHO ORCHESTRATED AND PROFITED FROM THE VIOLATIONS OF FEDERAL ANTI-MONEY LAUNDERING AND TERRORISM FINANCING LAWS
 DID NOT FACE THE THREAT OF PRISION. THE HSBC ENTERED A FIVE YEAR DEFERRED PROSCUTION AGREEMENT WITH DOJ WHEREBY HSBC EMPLOYEES ESCAPED CRIMINAL PROSECTUION WHILE THE COMPANY PAID FINES AND AGREED TO REFORM ITS COMPLIANCE EFFORTS UNDER THE WATCH OF AN INDEPENDENT MINITOR.",5,NA,NA
Brian,HIGGINS,NA,333,DOJ_CIV,2020-07-16,BRIAN HIGGINS,"HIGGINS, Brian",9/11 VICT MS COMPENSATION FUND (VCF),NA,NA,NA
Adam,SCHIFF,NA,698,DOJ_CIV,2020-07-16,ADAM SCHIFF,"SCHIFF, Adam",RECA,NA,NA,NA
NA,NA,NA,874,DOJ_CIV,2020-07-16,ROBERT WHITTMAN,,CLAIMS HE WASN'T PAID FOR WORK IN A CASE HANDLED BY USAO-CT,1,NA,NA
Marco,RUBIO,NA,915,DOJ_CIV,2020-07-17,MARCO RUBIO,"RUBIO, Marco",RECA,NA,NA,NA
NA,NA,NA,1126,DOJ_CIV,2020-07-17,MICHAEL MICHAUD,,FREEDOM OF ACCESS TO CLINIC ENTRANCES ACT,NA,NA,NA
NA,NA,NA,297,DOJ_CIV,2020-07-18,CONNIE MACK,,TELEPHONE SCAM,NA,NA,NA
NA,NA,NA,1111,DOJ_CIV,2020-07-18,ALLYSON SCHWARTZ,,RECA,NA,NA,NA
Kirsten,GILLIBRAND,NA,1133,DOJ_CIV,2020-07-18,KIRSTEN GILLIBRAND,"GILLIBRAND, Kirsten",SEPTEMBER 11TH VICTIMS COMPENSATION FUND (VCF),NA,NA,NA
Steve,STIVERS,NA,701,DOJ_CIV,2020-07-19,STEVE STIVERS,"STIVERS, Steve",REDEMPTION PERIOD ON A PROPERTY,NA,NA,NA
NA,NA,NA,1131,DOJ_CIV,2020-07-21,CARL LEVIN,,RECA,NA,NA,NA
NA,NA,NA,709,DOJ_CIV,2020-07-22,MARY LANDRIEU,,DOCUMENTS SHE SENT TO DOJ WANTING HER CASE REVIEWED WERE NEVER RESPONDED TO,NA,NA,NA
Doug,LAMBORN,NA,1142,DOJ_CIV,2020-07-22,DOUG LAMBORN,"LAMBORN, Doug","CONCERNED THAT FEDERAL COURT IN DISTRICT
 OF COLORADO ISN T RELEASING COURT DOCS",NA,NA,NA
NA,NA,NA,1149,DOJ_CIV,2020-07-23,SAXBY CHAMBLISS,,RECA,NA,NA,NA
NA,NA,NA,1134,DOJ_CIV,2020-07-24,DARRELL ISSA,,REQUESTING DOCUMENTS FOR OVERSIGHT OF LITIGATION POLICY OF LARGE FINANCIAL INSTITUTIONS,1,NA,NA
NA,NA,NA,1135,DOJ_CIV,2020-07-24,JACK SHELDON JIM DAV D REED WHITEHOUSE LANGEVIN CICILLINE,,REQUEST SSA REVIEW ITS POLICIES W/ RESPECT TO EFFECTIVE DATE OF SAME-SEX MARRIAGE RECOGNITION,1,NA,NA
Bradley,BYRNE,NA,1184,DOJ_CIV,2020-07-25,BRADLEY BYRNE,"BYRNE, Bradley",IS DOJ TAKING ACTION AGAINST CHINESE COMPANIES SELLING DEFECTIVE DRYWALL,NA,NA,NA
NA,NA,NA,559,DOJ_CIV,2020-07-26,JON KYL,,RECA,NA,NA,NA
John,CORNYN,NA,561,DOJ_CIV,2020-07-26,JOHN CORNYN,"CORNYN, John",RECA,NA,NA,NA
David,PRICE,NA,1027,DOJ_CIV,2020-07-26,DAVID E. PRICE,"PRICE, David Eugene","LTR ON BEHALF OF(b) (6) 
 DURHAM NC REQUEST NG ASSISTANCE CONCERNING RECEIPT OF PAYMENT OWED TO HER FROM NC COURT OF APPEALS BASED ON A DECISION THAT WAS MADE IN 2/2016 ABOUT MONEY THAT SHOULD HAVE BEEN RECEIVED BETWEEN 7/2013 AND 6/201 .",1,NA,NA
NA,NA,NA,439,DOJ_CIV,2020-07-27,WALLY HERGER,,IC3.GOV FUNCTIONAL TY,NA,NA,NA
Ron,JOHNSON,NA,901,DOJ_CIV,2020-07-28,RONALD JOHNSON,"JOHNSON, Ron",FOLLOWING UP W/ MORE QUESTIONS ABOUT MAJOR FINANCIAL SETTLEMENT PAYMENTS BANK OF AMERICA ETC.,NA,NA,NA
NA,NA,NA,1025,DOJ_CIV,2020-07-28,BETO O ROURKE,,"LTR ON BEHALF OF(b) (6) 
 REQUESTING ASSISTANCE REGARDING THE WTHHOLDING OF CONTRACT FUNDS.",1,NA,NA
NA,NA,NA,441,DOJ_CIV,2020-07-29,JEFF BINGAMAN,,FOIA REQUEST,1,NA,NA
Timothy,KAINE,NA,1024,DOJ_CIV,2020-07-29,T M KAINE,"KAINE, Timothy Michael (Tim)","LTR ON BEHALF OF(b) (6) REGARDING AN ISSUE HE IS HAVING VAS TORT RECOVERY
 POLICIES AND PRACTICES.",1,NA,NA
NA,NA,NA,1136,DOJ_CIV,2020-07-29,MIKE JOHANNS,,ASKING DOJ TO CONSIDER RURUAL COMMUNITIES WHEN REVIEWING MERGERS IN COMMUNICATIONS INDUSTRY.,NA,NA,NA
Kirsten,GILLIBRAND,NA,1191,DOJ_CIV,2020-07-29,KRISTEN GILLIBRAND,"GILLIBRAND, Kirsten",VCF,NA,NA,NA
Kirsten,GILLIBRAND,NA,1295,DOC_OS,2020-07-31,Kirsten Gillibrand (NY),"GILLIBRAND, Kirsten",Compensation For Unused Vacation Time,NA,NA,NA
NA,NA,NA,35,DOJ_CIV,2020-07-31,MARK BEGICH/7 OTHER,,(b) (6),1,NA,NA
NA,NA,NA,566,DOJ_CIV,2020-07-31,BEN CHANDLER,,FORECLOSURE ISSUE,NA,NA,NA
Mark,WARNER,NA,1139,DOJ_CIV,2020-07-31,MARK WARNER,"WARNER, Mark",OPERATION CHOKE POINT,NA,NA,NA
Charles,GRASSLEY,NA,1150,DOJ_CIV,2020-07-31,CHARLES GRASSLEY,"GRASSLEY, Charles Ernest",REQ DOCS RE WHISTLEBLOWER PROTECTION ENHANCEMENT ACT,5,NA,NA
Janice,SCHAKOWSKY,NA,1202,DOJ_CIV,2020-07-31,JANICE SCHAKOWSKY,"SCHAKOWSKY, Janice D.",ASKING DOJ NOT TO INTERVENE IN(b) (6) V. PALESTINE,1,NA,NA
NA,NA,NA,287,DOJ_CIV,2020-08-01,ED PASTOR,,HOSPICE OF ARIZONA,NA,NA,NA
NA,NA,NA,440,DOJ_CIV,2020-08-01,CHARLES W. DENT,,WAGE GARNISHMENT STUDENT LOAN,NA,NA,NA
NA,NA,NA,445,DOJ_CIV,2020-08-01,NICK RAHALL III,,PROHIBITED PERSONNEL PRACTICE AT PRISON,NA,NA,NA
NA,NA,NA,461,DOJ_CIV,2020-08-01,RICHARD G. LUGAR,,SAFETY OF TURBINES AND RIVER GATES,NA,NA,NA
NA,NA,NA,567,DOJ_CIV,2020-08-01,CHARLES W. DENT,,NATIONAL MORTGAGE SETTLEMENT,NA,NA,NA
Ron,JOHNSON,NA,1026,DOJ_CIV,2020-08-01,RON H. JOHNSON,"JOHNSON, Ron","LTR ON BEHALF OF(b) (6) 
 REQUESTING ASSISTANCE REGARDING THE DENIAL OF HIS CLAIM INVOLVING THE DEEPWATER HORIZON OIL SP LL IN THE GULF OF MEX CO.",1,NA,NA
Kathy,CASTOR,NA,107,DOJ_CIV,2020-08-02,KATHY CASTOR,"CASTOR, Kathy",BP O L DISASTER & KEN FEINBERG,"NA","NA",NA
NA,NA,NA,574,DOJ_CIV,2020-08-02,ROBERT E. ANDREWS,,RECA,NA,NA,NA
NA,NA,NA,575,DOJ_CIV,2020-08-02,TOM COBURN,,PIGFORD II,NA,NA,NA
Richard,SHELBY,NA,1028,DOJ_CIV,2020-08-02,RICHARD C. SHELBY,"SHELBY, Richard C.","LTR ON BEHALF OF(b) (6) 
 BIRMINGHAM AL REQUESTING INFORMATION REGARDING FINES IMPOSED BY THE FEDERAL GOVERNMENT ON MORGAN STANLEY BETWEEN FEBRUARY 201 AND FEBRUARY 2016.",1,NA,NA
NA,NA,NA,1034,DOJ_CIV,2020-08-02,CARL TRUJILLO,,"(FAX) EXPRESSING CONCERNS FROM MANY OF HIS CONSTITUENTS REGARDING THE
 IMPLEMENTATION OF THE AAMODT SETTLEMENT AGREEMENT (SA) DTD 0 /19/2012. ADVISING THAT THE SA WAS A RESULT OF THE AAMODT WATER SETTLEMENT WHICH AFTER DECADES WAS SIGNED IN 2006 AND AUTHORIZED RATIF ED AND CONFIRMED BY THE CONGRESS THROUGH THE AAMODT LITIGATION SETTLEMENT ACT IN 2010.",1,NA,NA
NA,NA,NA,106,DOJ_CIV,2020-08-03,JIM MATHESON,,RADIATION COMPENSATION,1,"NA",NA
NA,NA,NA,443,DOJ_CIV,2020-08-03,SAXBY CHAMBLISS,,WRONGFUL TERMINATION BY FED PRISON,NA,NA,NA
NA,NA,NA,563,DOJ_CIV,2020-08-03,ROSA/ANNA DELAURO/ESHOO,,WOMEN/HISPANIC FARMERS,NA,NA,NA
NA,NA,NA,1357,DOD_OIG,2020-08-04,COCHRAN 2011-189 STEARNS,,NA,1,NA,NA
Charles,SCHUMER,NA,907,DOJ_CIV,2020-08-05,CHARLES SCHUMER,"SCHUMER, Charles Ellis (Chuck)",ASKING DOJ NOT TO INTERVENE IN RE(b) (6) V. PALESTINE,1,NA,NA
NA,NA,NA,65,DOJ_CIV,2020-08-06,STEVE ISRAEL,,VCF,NA,NA,NA
Jerrold,NADLER,NA,157,DOJ_CIV,2020-08-06,JERROLD NADLER,"NADLER, Jerrold Lewis",SPEC COUNSEL(b) (6),1,"NA",NA
NA,NA,NA,158,DOJ_CIV,2020-08-06,BOB FILNER,,INVESTIGATION/ CA'S WORKERS COMP SYSTEM,"NA","NA",NA
Jerrold,NADLER,NA,159,DOJ_CIV,2020-08-06,JERROLD NADLER,"NADLER, Jerrold Lewis",(b) (6)       CASE REVIEW,1,"NA",NA
Kevin,McCARTHY,NA,706,DOJ_CIV,2020-08-06,KEVIN MCCARTHY,"MCCARTHY, Kevin",RECA,NA,NA,NA
NA,NA,NA,1151,DOJ_CIV,2020-08-06,BETO O ROURKE,,CONSTITUENT WANTS INFO ON SUBMITTING FTCA CLAIM,1,NA,NA
NA,NA,NA,34,DOJ_CIV,2020-08-07,JOHN MCCAIN,,RECA,NA,NA,NA
NA,NA,NA,442,DOJ_CIV,2020-08-07,TOM HARKIN,,DAAG HIRING RECOMMENDATION,NA,NA,NA
Adam,SCHIFF,NA,569,DOJ_CIV,2020-08-07,ADAM B. SCHIFF,"SCHIFF, Adam",DOJ INVESTIGATION DIRECTV AND DISH NET,NA,NA,NA
Jaime,HERRERA BEUTLER,NA,571,DOJ_CIV,2020-08-07,JAIME HERRERA BEUTLER,"HERRERA BEUTLER, Jaime",MISSING FUNDS FROM BANK ACCOUNT,NA,NA,NA
John,THUNE,NA,707,DOJ_CIV,2020-08-07,JOHN THUNE,"THUNE, John",(b) (6),1,NA,NA
NA,NA,NA,711,DOJ_CIV,2020-08-07,AL FRANKEN,,ASBESTOS LIABILITY CLA MS WITH API (NEED DOJ APPROVAL BECAUSE OF INSURANCE COMPANY LIQUIDATION),NA,NA,NA
Stephen,LYNCH,NA,909,DOJ_CIV,2020-08-07,STEPHEN LYNCH,"LYNCH, Stephen F.",REQUESTING DOJ NOT INTERVENE IN(b) (6) V. PALESTINE LIBERATION ORGANIZATION,1,NA,NA
Alice,TITUS,NA,1147,DOJ_CIV,2020-08-07,DINA TITUS,"TITUS, Alice (Dina)",RECA,NA,NA,NA
Marcia,FUDGE,NA,1181,DOJ_CIV,2020-08-07,MARCIA FUDGE,"FUDGE, Marcia L.",CONSUMER RELIEF AS APART OF BOA SETTLEMENT,NA,NA,NA
Charles,GRASSLEY,NA,560,DOJ_CIV,2020-08-08,CHARLES E. GRASSLEY,"GRASSLEY, Charles Ernest",DOJ INVESTIGATION OF INFOSYS,NA,NA,NA
John,CORNYN,NA,1153,DOJ_CIV,2020-08-08,JOHN CORNYN,"CORNYN, John",RECA,NA,NA,NA
NA,NA,NA,50,DOJ_CIV,2020-08-09,CAROLYN MCCARTHY,,SEPTEMBER 11TH VICTIMS COMPENSATION (VCF),NA,NA,NA
NA,NA,NA,299,DOJ_CIV,2020-08-09,BRIAN BILBRAY/1 OTHERS,,CALIFORNIA PROP 65 (A RPLANE FUEL),1,NA,NA
Gus,BILIRAKIS,NA,1029,DOJ_CIV,2020-08-09,GUS BILIRAKIS,"BILIRAKIS, Gus","LTR ON BEHALF OF(b) (6) OLDSMAR FL REQUESTING THE STATUS OF HER CLAIM FOR
 COMPENSATION UNDER THE 911 VICTIMS COMPENSATION FUND.",1,NA,NA
NA,NA,NA,573,DOJ_CIV,2020-08-10,STEVE SOUTHERLAND,,SAFE HARBOR CERTIFICATION,NA,NA,NA
NA,NA,NA,444,DOJ_CIV,2020-08-11,MARK UDALL,,DAAG HIRING RECOMMENDATION,NA,NA,NA
NA,NA,NA,869,DOJ_CIV,2020-08-11,MARY LANDRIEU,,LTR ON BEHALF OF LA CONSTITUENT RQUESTING INFO ON BOA MULTI-BILLION DOLLAR STLMT,NA,NA,NA
Vernon,BUCHANAN,NA,905,DOJ_CIV,2020-08-11,VERN BUCHANAN,"BUCHANAN, Vernon G.",CONSTITUENT REQ HELP WITH HER GCCF/DEEPWATER CLAIM,1,NA,NA
NA,NA,NA,733,DOJ_CIV,2020-08-12,RICHARD CHRIS MARK KIRSTEN BRIAN CHRISTOPHER BLUMENTHAL COONS UDALL GILLIBRAND SCHATZ MURPHY,,VAS IMPLEMENTATION OF (b) (6) DECISION,1,NA,NA
Robert,CASEY,NA,1030,DOJ_CIV,2020-08-12,ROBERT P. CASEY JR.,"CASEY, Robert (Bob), Jr.","LTR ON BEHALF O (b) (6) 
 GIRARD PA REGARDING THE STATUS OF HER 9/11 VICTIM COMPENSATION FUN CASE. SEE WF 3058618",1,NA,NA
NA,NA,NA,1143,DOJ_CIV,2020-08-12,LEE MIKE TERRY DOYLE,,REQ FCA INVESTIGATION OF PERSON COMPLETING NUMEROUS LOW POWER FM LICENCES,5,NA,NA
NA,NA,NA,1145,DOJ_CIV,2020-08-12,DARRELL ISSA,,FYI HOUSE OVERSIGHT CMMTTEE USE OF IMMUNITY FOR INDIVIDUALS,NA,NA,NA
Dianne,FEINSTEIN,NA,1146,DOJ_CIV,2020-08-12,DIANNE FEINSTEIN,"FEINSTEIN, Dianne",ASKING DOJ TO NOT YET RELEASE INFO VIA FOIA RE CIA INTERROGATION PROGRAM,NA,NA,NA
NA,NA,NA,1167,DOJ_CIV,2020-08-14,T M GRIFF N,,CONST REQ INSURANCE COMPANY ALLEGED PRICE FIXING,5,NA,NA
John,REED,NA,1152,DOJ_CIV,2020-08-15,JACK REED,"REED, John F. (Jack)",RECA,NA,NA,NA
Al,GREEN,NA,1114,DOJ_CIV,2020-08-17,AL GREEN,"GREEN, Al",JUDICIAL MISCONDUCT,NA,NA,NA
Addison,WILSON,NA,715,DOJ_CIV,2020-08-19,JOE WILSON,"WILSON, Addison Graves (Joe)",RECA,NA,NA,NA
Marco,RUBIO,NA,913,DOJ_CIV,2020-08-19,MARCO RUBIO,"RUBIO, Marco",VCF,NA,NA,NA
Charles,GRASSLEY,NA,1032,DOJ_CIV,2020-08-19,CHARLES E. GRASSLEY,"GRASSLEY, Charles Ernest",LTR FROM CHMN GRASSLEY JUDICIARY COMTE AND CHMN SESSIONS SUBCOMTE ON IMMIGRATION AND THE NATIONAL INTEREST JUDICIARY COMTE EXPRESSING CONCERNS THAT DESPITE THE CLEAR DANGER POSED BY CRIMINAL ALIENS THE UNITED STATES COURTS OF APPEALS FOR THE NINTH CIRCUIT HELD IN PREAP V. JOHNSON THAT THE GOVERNMENT MAY DETAIN WITHOUT BOND HEARING ONLY THOSE CRIMINAL ALIENS IT TAKES INTO IMMIGRATION CUSTODY. STATING THAT THE DECIS ON IS WRONG AS A MATTER OF LAW AND POLICY AND THAT THE DECISION ENDANGERS OUR COMMUNITIES AND ERODES THE CONSTITUTIONAL POWER OF CONGRESS TO DETERMINE WHEN CRIMINAL ALIENS ARE SUBJECT TO THE AUTHORITY OF THE UNITED STATES IMMIGRATION AUTHORITIES. URGING DOJ TO VIGOROUSLY DEFEND THE LAWFUL STATUTES PASSED BY CONGRESS AND TO HAVE THEM INTERPRETED AS INTENDED BY SEEKING REHEARING EN BANC OR BY SEEKING SUPREME COURT REVIEW. REQUESTING DOJ TO ADVISE THE DETAIL AS HOW DOJ INTENDS TO PROCEED WITH THIS CASE NLT 9/9/2016. SEE WF 3250909,1,NA,NA
Billy,LONG,NA,713,DOJ_CIV,2020-08-20,BILLY LONG,"LONG, Billy",RECA,NA,NA,NA
Elizabeth,WARREN,NA,712,DOJ_CIV,2020-08-21,ELIZABETH WARREN,"WARREN, Elizabeth",FALSE CLAIMS ACT PORTION OF THE NATIONAL MORTGAGE SETTLEMENT,1,NA,NA
David,SCOTT,NA,564,DOJ_CIV,2020-08-22,DAVID SCOTT,"SCOTT, David",RECA,NA,NA,NA
NA,NA,NA,714,DOJ_CIV,2020-08-22,BLAINE KEVIN PETE PATRICK SPENCER STEVE SCOTT TOM DAVID LYNN... LUETKEMEYER YODER SESSIONS MCHENRY BACHUS STIVERS GARRETT COTTON SCHWEIKERT WESTMORELAND. .,,REQUESTING DOJ & FDIC STOP ACTIONS DESIGNED TO PRESSURE BANKS,1,NA,NA
Jeanne,SHAHEEN,NA,1154,DOJ_CIV,2020-08-22,JEANNE SHAHEEN,"SHAHEEN, Jeanne","CONSTITUENT PROBLEMS W/ MORTGAGE
 COMPANIES",NA,NA,NA
Christopher,COONS,NA,300,DOJ_CIV,2020-08-23,CHRIS COONS,"COONS, Christopher A.",RECOMMENDATION FOR DAAG POSITION,NA,NA,NA
John,BOOZMAN,NA,462,DOJ_CIV,2020-08-23,JOHN BOOZMAN,"BOOZMAN, John",CASE HANDLED BY US ATTORNEYS,NA,NA,NA
NA,NA,NA,565,DOJ_CIV,2020-08-23,JOHN MCCAIN,,RECA,NA,NA,NA
NA,NA,NA,66,DOJ_CIV,2020-08-25,BARBARA BOXER,,VCIP CLAIM,1,NA,NA
NA,NA,NA,933,DOJ_CIV,2020-08-25,BARBARA COMSTOCK,,LTR ON BEHALF OF(b) (6) CONCERNING AN APPEAL FOR HIS IFE(b) (6) (b) (6) I-601 APPLICATION FOR WAVIER ON GROUNDS OF ADMISSIBILITY.,1,NA,NA
Amy,KLOBUCHAR,NA,1040,DOJ_CIV,2020-08-25,AMY KLOBUCHAR,"KLOBUCHAR, Amy",URGING DOJ TO ENSURE THAT ALL STATES ARE CONSIDERED EQUALLY UNDER THE NATIONAL ZERO EMISS ON VEHICLES (ZEV) INVESTMENT PLAN. THE PARTIAL CONSENT DECREE OF THE VOLKSWAGEN CLEAN AIR ACT PARTIAL SETTLEMENT CALL FOR $2 BILLION OVER A 10- YEAR PERIOD TO SUPPORT THE INCREASED USE OF ZEV TECHNOLOGY. STATING THAT EVERY STATE SHOULD BE ELIGIBLE FOR FUNDING NOT JUST THOSE EXISTING ZEV POLICIES.,NA,NA,NA
Bill,POSEY,NA,1141,DOJ_CIV,2020-08-25,BILL POSEY,"POSEY, Bill",9/11 VCF ASKING FOR MEDICAL DOCS HE DOESN T HAVE BUT VA DOES,NA,NA,NA
Peter,KING,NA,303,DOJ_CIV,2020-08-26,PETER KING,"KING, Peter T.",CAR ACCIDENT WITH DOD EMPLOYEE,5,NA,NA
NA,NA,NA,460,DOJ_CIV,2020-08-26,PAUL C. BROUN,,FORECLOSURE,NA,NA,NA
NA,NA,NA,716,DOJ_CIV,2020-08-26,JASON CHAFFETZ,,ASYLUM REQUESTS,1,NA,NA
John,CORNYN,NA,1162,DOJ_CIV,2020-08-26,JOHN CORNYN,"CORNYN, John",CONSTITUENT CONCERNED ABOUT PROLONGED FCPA INVESTIGATION,NA,NA,NA
Johnny,ISAKSON,NA,43,DOJ_CIV,2020-08-27,JOHNNY ISAKSON,"ISAKSON, Johnny",RECA,NA,NA,NA
Brian,HIGGINS,NA,44,DOJ_CIV,2020-08-27,BRIAN HIGGINS,"HIGGINS, Brian",RECA,NA,NA,NA
Patrick,McHENRY,NA,45,DOJ_CIV,2020-08-27,PATRICK MCHENRY,"McHENRY, Patrick T.",RECA,NA,NA,NA
Mark,WARNER,NA,1004,DOJ_CIV,2020-08-27,MARK WARNER,"WARNER, Mark",MORTGAGE CONCERNS,NA,NA,NA
NA,NA,NA,1137,DOJ_CIV,2020-08-27,RICHARD NUGENT,,REQUESTING PERMISSION TO SEU FEDERAL GOV/FTCA,1,NA,NA
NA,NA,NA,1175,DOJ_CIV,2020-08-27,TOOMEY PATRICK,,"CONSTITUENT ASKING FOR STATUS OF HIS 9/11
 VCF CLAIM",1,NA,NA
NA,NA,NA,1118,DOJ_CIV,2020-08-28,JEFF FLAKE,,RECA,NA,NA,NA
Joseph,KENNEDY,NA,1035,DOJ_CIV,2020-08-29,JOSEPH KENNEDY,"KENNEDY, Joseph P. III",EXPRESSING STRONG SUPPORT FOR CLEAR ROBUST PARITY RULES THAT ENSURES PATIENTS HAVE EQUITABLE ACCESS TO BOTH PHYSICAL AND MENTAL HEALTH CARE. ADD TIONALLY ENCOURAGING THE MENTAL HEALTH AND SUBSTANCE USE DISORDER PARITY TASK FORCE TO CONSIDER KEY LEGISLATIVE INITIATIVES ALREADY NTRODUCED IN CONGRESS AS IT IDENTIFIES AND PROMOTES BEST PRACTICES IN THE COMING MONTHS.,NA,NA,NA
Tom,RICE,NA,1128,DOJ_CIV,2020-08-29,TOM RICE,"RICE, Tom",RECA,NA,NA,NA
Dianne,FEINSTEIN,NA,1157,DOJ_CIV,2020-08-29,DIANNE FEINSTEIN,"FEINSTEIN, Dianne",CONSTITUENT PROBLEMS W/ LOCAL POLICE AND CITY ATTORNEY. REQUESTING LEGAL ASSISTANCE CRIMINAL INVEST,1,NA,NA
NA,NA,NA,463,DOJ_CIV,2020-08-30,JO BONNER,,ADMINISTRATION OF GCCF,NA,NA,NA
Zoe,LOFGREN,NA,568,DOJ_CIV,2020-08-30,ZOE LOFGREN,"LOFGREN, Zoe",OPERATION N OUR SITES,NA,NA,NA
NA,NA,NA,1037,DOJ_CIV,2020-08-30,JOHN FLEMING,,"LTR ON BEHALF OF(b) (6) BOSSIER CITY LA REQUESTING ASSISTANCE FROM THE
 ATTORNEY GENERAL S CONSUMER PROTECTION SECTION IN RESOLVING A DISPUTE WITH LIL LODGE'S COMPANY.",1,NA,NA
NA,NA,NA,1088,DOJ_CIV,2020-08-30,T M HOLDEN,,COMPLAINT AGAINST DOJ,NA,NA,NA
Bill,FLORES,NA,315,DOJ_CIV,2020-08-31,BILL FLORES,"FLORES, Bill",FTCA SETTLEMENT,NA,NA,NA
NA,NA,NA,459,DOJ_CIV,2020-08-31,CHARLES W. DENT,,DOJ FORECLOSURE,NA,NA,NA
Matt,CARTWRIGHT,NA,67,DOJ_CIV,2020-09-01,MATT CARTWRIGHT,"CARTWRIGHT, Matt",VCF,NA,NA,NA
Kurt,SCHRADER,NA,465,DOJ_CIV,2020-09-01,KURT SCHRADER,"SCHRADER, Kurt",ASSISTANCE GETTING NAME OFF WEBSITE,NA,NA,NA
Sherrod,BROWN,NA,570,DOJ_CIV,2020-09-01,SHERROD BROWN,"BROWN, Sherrod",INVESTIGATION OF EDMC,NA,NA,NA
NA,NA,NA,914,DOJ_CIV,2020-09-01,BOB CORKER,,CONSTITUENT REQUESTING DOJ APPROVE DOD WAIVER RE HIS ADMIN CLA M,1,NA,NA
Ron,JOHNSON,NA,917,DOJ_CIV,2020-09-01,RONALD JOHNSON,"JOHNSON, Ron",REQUESTING ASST REGARDING REAL ESTATE INVESTMENT HE PURCHASED THAT APPEARS NOT TO EXIST,1,NA,NA
Thomas,CARPER,NA,1036,DOJ_CIV,2020-09-01,THOMAS R. CARPER,"CARPER, Thomas Richard",EXPRESSING CONCERNS REGARDING THE PROPOSED VOLKSWAGEN PARTIAL CONSENT DECREE FOR 2.0 LITER SUBJECT VEHICLES CASE NO. MDL 2672 CRB. AS THE SENATE SPONSOR AND COSPONSOR OF THE DIESEL EMISSIONS REDUCTION ACT (DERA) REAUTHORIZATION LEGISLATION ADVISING THE DECREE TAKES A POSITIVE STEP TOWARD ASSISTING AFFECTED CONSUMERS AND ADDRESSING THE POLLUT ON ATTRIBUTABLE TO THOSE VOLKSWAGEN VEHICLES EQUIPPED WITH DEFECT DEVICES.,1,NA,NA
Patrick,TOOMEY,NA,68,DOJ_CIV,2020-09-02,PATRICK TOOMEY,"TOOMEY, Patrick Joseph",9/11 VCF,NA,NA,NA
NA,NA,NA,81,DOJ_CIV,2020-09-02,RICK BOUCHER,,POSSIBLE MEDICARE FRAUD  UNITED HEALTHCA,"NA","NA",NA
John,SARBANES,NA,156,DOJ_CIV,2020-09-02,JOHN P. SARBANES,"SARBANES, John",HELP FROM VACCINE INJURY COMP PROGRAM,"NA","NA",NA
NA,NA,NA,235,DOJ_CIV,2020-09-02,RUSH HOLT,,ROXEY BALLET CO. ALLEGING UPAID FEES,"NA","NA",NA
NA,NA,NA,720,DOJ_CIV,2020-09-02,BILL NELSON,,APPROVAL OF FTCA SETTLEMENT(b) (6),1,NA,NA
Dianne,FEINSTEIN,NA,931,DOJ_CIV,2020-09-02,DIANNE FEINSTEIN,"FEINSTEIN, Dianne",LTR ON BEHALF OF(b) (6) REQUESTING A COPY OF DOJ'S SETTLEMENT AGREEMENT WITH BANK OF AMERICA. SEE WF 2985370,1,NA,NA
Brian,HIGGINS,NA,1148,DOJ_CIV,2020-09-02,BRIAN HIGGINS,"HIGGINS, Brian",CONSTITUENTS 2ND LTR ASKING FOR STATUS UPDATE ON 9/11 VCF CLAIM,1,NA,NA
Cory,GARDNER,NA,46,DOJ_CIV,2020-09-03,CORY GARDNER,"GARDNER, Cory",ENFORCEMENT OF CONTROLLED SUBSTANCES ACT,NA,NA,NA
William,KEATING,NA,49,DOJ_CIV,2020-09-03,WILLIAM KEATING,"KEATING, William R.",SEPTEMBER 11TH VICTIMS COMPENSATION FUND (VCF),NA,NA,NA
Vernon,BUCHANAN,NA,289,DOJ_CIV,2020-09-04,VERN BUCHANAN,"BUCHANAN, Vernon G.",DOJ PROSECUTION OF E-GOLD COMPANY,5,NA,NA
NA,NA,NA,717,DOJ_CIV,2020-09-05,SAXBY CHAMBLISS,,RECA,NA,NA,NA
NA,NA,NA,744,DOJ_CIV,2020-09-05,CANDICE MILLER,,NATIONAL MORTGAGE SETTLEMENT,NA,NA,NA
NA,NA,NA,236,DOJ_CIV,2020-09-06,RODNEY P. FRELINGHUYSEN,,ASSETS SEIZED FROM(b) (6),1,"NA",NA
Steven,PALAZZO,NA,609,DOJ_CIV,2020-09-06,STEVEN PALAZZO,"PALAZZO, Steven",ERISA SELF-INSURERS,NA,NA,NA
Dianne,FEINSTEIN,NA,1170,DOJ_CIV,2020-09-06,DIANNE FEINSTEIN,"FEINSTEIN, Dianne",RECA,NA,NA,NA
NA,NA,NA,78,DOJ_CIV,2020-09-07,LAMAR SMITH,,CONGRAT/DOJ/APPEAL/ACORN VS US,"NA","NA",NA
NA,NA,NA,79,DOJ_CIV,2020-09-07,ROBERT/FRANK MENENDEZ LAUTENBERG,,SUPPORT/INVEST/REL LOCKERBIE BOMBER,"NA","NA",NA
NA,NA,NA,277,DOJ_CIV,2020-09-07,KIRSTEN/CHARLES GILLIBRAND/SCHUMER,,SUPPORT/INVEST/REL LOCKERBIE BOMBER,"NA","NA",NA
Mark,WARNER,NA,1038,DOJ_CIV,2020-09-07,MARK R. WARNER,"WARNER, Mark","LTR ON BEHALF OF(b) (6) FAIRFAX VA REQUESTING ASSISTANCE REGARDING H S FOIA
 REQUEST.",1,NA,NA
NA,NA,NA,916,DOJ_CIV,2020-09-08,LORETTA SANCHEZ,,RECA,NA,NA,NA
John,THUNE,NA,1039,DOJ_CIV,2020-09-08,JOHN THUNE,"THUNE, John","LTR FROM CHMN THUNE COMMERCE SCIENCE AND TRANSPORTAT ON COMTE CHMN UPTON ENERGY AND COMMERCE COMTE AND CHMNS GRASSLEY & GOODLATTE SENATE AND HOUSE JUDICIARY COMTE ADVISING THAT ON 8/16/2016 THE NATIONAL TELECOMMUNICATIONS AND INFORMATION ADM NISTRATION (NTIA) NOTIFIED THE INTERNET CORPORATION FOR ASSIGNED NAMES AND NUMBERS (ICANN) THAT BARRING ANY IMPEDIMENT NTIA INTENDS TO ALLOW INTERNET ASSIGNED NUMBERS AUTHORITY (IANA) FUNCTIONS CONTRACT EXPIRES ON 10/1/2016.
 EXPRESSING CONCERNS REGARDING THE ABILITY TO ENSURE THAT ICANN WOULD FOLLOW ITS OWN BYLAWS IF THE ADMINISTRATIONS WERE TO RELINQUISH THE IANA FUNCTIONS CONTRACT. QUESTIONS HAVE ALSO BEEN RA SED ABOUT ICANN'S ANTITRUST STATUS AND THE GAO REQUESTED AUDIT REPORT ON WHETHER TERMINATIONS OF THE IANA FUNCTIONS CONTRACT CONSTITUTES THE RELINQUISHMENT OF THE U S. GOVERNMENT PROPERTY WAS NEVER PROVIDED.",1,NA,NA
NA,NA,NA,80,DOJ_CIV,2020-09-09,JON KYL,,CRT BACKGROUND CHECK/ MMIGRANTS,"NA","NA",NA
NA,NA,NA,932,DOJ_CIV,2020-09-09,BILL NELSON,,LTR ON BEHALF OF(b) (6) REQUESTING ASSISTANCE WITH FILING CHARGES AGAINST AUTO NATION,1,NA,NA
Ted,LIEU,NA,998,DOJ_CIV,2020-09-09,TED LIEU,"LIEU, Ted",LETTER ON BEHALF OF CONSTITUENT REQUEST ASSISTANCE INVOLVING MORTGATE THREATS OF FORECLOSURE AND SALE OF HIS PROPERTY INVOLVING ONWEST/OCWEN BANK,1,NA,NA
Angus,KING,NA,1158,DOJ_CIV,2020-09-09,ANGUS KING,"KING, Angus Stanley, Jr.",CONST WRITE-IN RE CHOKE POINT EFFECT ON GUN MANUFACTUERS,NA,NA,NA
Ronald,WYDEN,NA,1160,DOJ_CIV,2020-09-09,RON WYDEN,"WYDEN, Ronald Lee",RECA,NA,NA,NA
NA,NA,NA,47,DOJ_CIV,2020-09-10,MARK BEGICH,,(b) (6) V. USA,1,NA,NA
NA,NA,NA,48,DOJ_CIV,2020-09-10,CHARLES W. DENT,,RECA,NA,NA,NA
Thomas,CARPER,NA,992,DOJ_CIV,2020-09-11,THOMAS CARPER,"CARPER, Thomas Richard",RECA,NA,NA,NA
NA,NA,NA,336,DOJ_CIV,2020-09-12,TOM MARTIN UDALL HEINRICH,,"WOMEN HISPANIC FARMERS (b) (6) 
 CASES)",1,NA,NA
Kevin,McCARTHY,NA,572,DOJ_CIV,2020-09-12,KEVIN MCCARTHY,"MCCARTHY, Kevin",RECA,NA,NA,NA
Michael,THOMPSON,NA,1159,DOJ_CIV,2020-09-12,MIKE THOMPSON,"THOMPSON, Michael",RECA,NA,NA,NA
Bennie,THOMPSON,NA,464,DOJ_CIV,2020-09-13,BENNIE G. THOMPSON,"THOMPSON, Bennie",ALCETC LLC V. US,NA,NA,NA
NA,NA,NA,718,DOJ_CIV,2020-09-16,CHARLES W. DENT,,PENDING CLAIM UNDER FEDERAL TORT CLAIMS ACT (FTCA),1,NA,NA
Greg,WALDEN,NA,1164,DOJ_CIV,2020-09-16,GREG WALDEN,"WALDEN, Greg",RECA,NA,NA,NA
NA,NA,NA,870,DOJ_CIV,2020-09-17,STEVE ISRAEL,,LTR ON BEHALF OF NY CONSTITUENT EXPRESSING HER SSUE REGARDING BANKS WRONGFUL REPOSSES ON OF CARS,NA,NA,NA
Kirsten,GILLIBRAND,NA,918,DOJ_CIV,2020-09-17,KRISTEN GILLIBRAND,"GILLIBRAND, Kirsten",VCF,NA,NA,NA
Dianne,FEINSTEIN,NA,1161,DOJ_CIV,2020-09-17,DIANNE FEINSTEIN,"FEINSTEIN, Dianne",REQ ADDITIONAL TIME BEFORE DECLASSIFYING DOCS IN FOIA RE CIA DETENTION/INTER,5,NA,NA
NA,NA,NA,624,DOJ_CIV,2020-09-18,TOM COBURN,,SEPTEMBER 11TH VCF,NA,NA,NA
NA,NA,NA,1112,DOJ_CIV,2020-09-18,LYNN A. WESTMORELAND,,MED CAL TRUST FUND TORT CLAIM,1,NA,NA
NA,NA,NA,625,DOJ_CIV,2020-09-19,CAROLYN MCCARTHY,,SEPTEMBER 11TH VCF,NA,NA,NA
Mark,WARNER,NA,873,DOJ_CIV,2020-09-19,MARK WARNER,"WARNER, Mark",LTR ON BEHALF OF VA CONSTITUENT EXPRESSING CONCERNS ON BOA SETTLEMENT,NA,NA,NA
NA,NA,NA,719,DOJ_CIV,2020-09-20,RON/JEFF/ELIZABETH/EDWARD/MARK/BERNIE/RO BERT/TIM/CHRISTOPHER/BILL MARK/RICHARD WYDEN MERKLEY/WARREN/MARKEY/WARNER/SA NDERS/MENENDEZ KAINE/MURPHY/NELSON/BEGI CH/BLUMENTHAL,,D.C.'S TAX LIEN SALES PROGRAM,NA,NA,NA
NA,NA,NA,919,DOJ_CIV,2020-09-21,KATHLEEN CHARLES GREGORY FRANK JEROLD JOSE BILL NITA ALBIO DONALD RICE RANGEL MEEKS PALLONE NADLER SERRANO PASCRELL LOWEY SIRES PAYNE,,REQUESTING AN INVESTIGATION INTO THE ENGINEER NG FIRMS HIRED BY INSURANCE COMPANIES THAT ADMINISTER FLOOD INSURANCE PLANS FOR FEMA REGARDING THE INTERNATIONALLY DENIED AND UNDERPAID CLAIMS IN NEW YORK AND NEW JERSEY FOR DAMAGES CAUSED BY SUPERSTORM SANDY,1,NA,NA
Elise,STEFANIK,NA,926,DOJ_CIV,2020-09-21,ELISE STEFANIK,"STEFANIK, Elise M",VCF,NA,NA,NA
NA,NA,NA,920,DOJ_CIV,2020-09-22,JOHN BOEHNER,,EXPRESSING CONCERNS WITH HIS BUS NESS BEING TARGETED BY OPERATION CHOKE POINT.,NA,NA,NA
Cory,BOOKER,NA,1165,DOJ_CIV,2020-09-22,CORY BOOKER,"BOOKER, Cory Anthony",RECA,NA,NA,NA
Roy,BLUNT,NA,335,DOJ_CIV,2020-09-23,ROY BLUNT,"BLUNT, Roy",RECA,NA,NA,NA
Vernon,BUCHANAN,NA,358,DOJ_CIV,2020-09-23,VERN BUCHANAN,"BUCHANAN, Vernon G.",REQUESTING THE STATUS OF BP DEEPWATER HORIZON CLAIM THAT WAS FILED ON 7/2013,1,NA,NA
Sherrod,BROWN,NA,466,DOJ_CIV,2020-09-23,SHERROD BROWN,"BROWN, Sherrod",DISABILITY DISCRIM. BY INSURANCE COMPANY,NA,NA,NA
Charles,ROBERTS,NA,721,DOJ_CIV,2020-09-23,PAT ROBERTS,"ROBERTS, Charles Patrick (Pat)",RECA,NA,NA,NA
Marsha,BLACKBURN,NA,722,DOJ_CIV,2020-09-23,MARSHA BLACKBURN,"BLACKBURN, Marsha",RECA,NA,NA,NA
Johnny,ISAKSON,NA,908,DOJ_CIV,2020-09-23,JOHNNY ISAKSON,"ISAKSON, Johnny",CONSTITUENT IS UPSET WITH FDA ACTIONS REGARDING HER COMPANY BIOANUE,NA,NA,NA
C.,RUPPERSBERGER,NA,921,DOJ_CIV,2020-09-25,C.A. DUTCH RUPPERSBERGER,"RUPPERSBERGER, C. A. (Dutch)",LETTER ON BEHALF OF(b) (6) REGARDING HIS CONCERS WITH INVALIDITY DUE TO IMPROPER SECURITIZATION OF HIS MORTGAGE. REQUESTING INFORMATION AS WHETHER ANY OFFICE IN DOJ WAS TASKED WITH REGULATING CONFIRMING OR INVESTIGATING THE RBMS SECURITIZATION PROCESS,1,NA,NA
Amy,KLOBUCHAR,NA,923,DOJ_CIV,2020-09-25,AMY KLOBUCHAR,"KLOBUCHAR, Amy",EXPRESSING CONCERNS ABOUT VOLKSWAGEN S EVASION OF U.S. EMISSION STANDARDS,NA,NA,NA
NA,NA,NA,576,DOJ_CIV,2020-09-26,DARRELL ISSA,,RECA,NA,NA,NA
Diana,DeGETTE,NA,610,DOJ_CIV,2020-09-26,DIANA DEGETTE,"DeGETTE, Diana",WORKMAN S COMP SSUE,NA,NA,NA
Mark,WARNER,NA,872,DOJ_CIV,2020-09-26,MARK WARNER,"WARNER, Mark",LTR FROM VA CONSTITUENT EXPRESSING CONCERNS WITH BOA SETTLEMENT,NA,NA,NA
NA,NA,NA,1163,DOJ_CIV,2020-09-26,HENRY WAXMAN,,CONSTITUENT QUESTION RE ASSET PORTION OF TOYOTA SETTLEMENT,NA,NA,NA
NA,NA,NA,1168,DOJ_CIV,2020-09-26,LOU BARLETTA,,REQ INVESTIGATION OF THE SALE OF HIS INSURANCE POLICY,5,NA,NA
NA,NA,NA,21,DOJ_CIV,2020-09-27,JAY INSLEE,,SETTLEMENT TALKS WITH MORTGAGE SERVICERS,NA,NA,NA
Thomas,CARPER,NA,36,DOJ_CIV,2020-09-27,THOMAS CARPER,"CARPER, Thomas Richard",COMPENSATION FOR CAR ACCIDENT,NA,NA,NA
NA,NA,NA,304,DOJ_CIV,2020-09-27,RUBEN HINOJOSA,,VARIOUS COMPLAINTS AGAINST GOV'T,NA,NA,NA
NA,NA,NA,467,DOJ_CIV,2020-09-27,MARY BONO MACK,,DEBT REFERRED TO US ATTORNEYS OFF CE,NA,NA,NA
NA,NA,NA,468,DOJ_CIV,2020-09-27,DAN BOREN,,CONTRACTOR BENEFITS,NA,NA,NA
John,REED,NA,472,DOJ_CIV,2020-09-27,JACK REED,"REED, John F. (Jack)",ROLE OF OFFICE OF THRIFT SUPERVISION,NA,NA,NA
Jerrold,NADLER,NA,486,DOJ_CIV,2020-09-27,JERROLD NADLER/68 OTHERS,"NADLER, Jerrold Lewis",DHS MMIGRATION PROCEDURE,NA,NA,NA
NA,NA,NA,613,DOJ_CIV,2020-09-27,CHIP CRAVAACK,,COLLUSION,NA,NA,NA
Mark,WARNER,NA,64,DOJ_CIV,2020-09-28,MARK WARNER,"WARNER, Mark",VCF,NA,NA,NA
Thomas,CARPER,NA,922,DOJ_CIV,2020-09-28,THOMAS CARPER,"CARPER, Thomas Richard",RECA,NA,NA,NA
NA,NA,NA,476,DOJ_CIV,2020-09-29,ORRIN/JON HATCH/KYL,,FTC IP POLICY,NA,NA,NA
Mark,DESAULNIER,NA,924,DOJ_CIV,2020-09-29,MARK DESAULNIER,"DESAULNIER, Mark James",EXPRESSING CONCERNS REGARDING VOLKSWAGEN REPORT TO USE DEFEAT DEVICES,NA,NA,NA
Thomas,MARINO,NA,925,DOJ_CIV,2020-09-29,TOM MARINO,"MARINO, Thomas A.",VCF,NA,NA,NA
NA,NA,NA,1299,DOC_OS,2020-09-30,Edolphus Towns,,Letter requesting update from Dept. of Commerce on implementing reforms in the areas cited by OIG,NA,NA,NA
NA,NA,NA,470,DOJ_CIV,2020-09-30,BILL NELSON,,(b) (6) V. USA (INDIAN LAND),1,NA,NA
NA,NA,NA,871,DOJ_CIV,2020-09-30,DANIEL COATS,,LTR ON BEHALF OF IN CONST TUENT ON DOJ ALLEGEDLY D STRIBUTING FUND NG FROM BOA STLMT TO LIBERALS,NA,NA,NA
NA,NA,NA,22,DOJ_CIV,2020-10-01,HOWARD L. BERMAN,,CONSTITUENT DISPUTES SPEEDING TICKET,NA,NA,NA
Sherrod,BROWN,NA,69,DOJ_CIV,2020-10-01,SHERROD BROWN,"BROWN, Sherrod",RECA,NA,NA,NA
Carolyn,MALONEY,NA,723,DOJ_CIV,2020-10-01,CAROLYN B. MALONEY,"MALONEY, Carolyn Bosher",9/11 VICTIMS COMPENSATION FUND (VCF) CLAIM,1,NA,NA
Brian,HIGGINS,NA,727,DOJ_CIV,2020-10-01,BRIAN HIGGINS,"HIGGINS, Brian",9/11 VICTIMS COMPENSATION ACT (VCF) CLAIM,1,NA,NA
Sheldon,WHITEHOUSE,NA,928,DOJ_CIV,2020-10-01,SHELDON WHITEHOUSE,"WHITEHOUSE, Sheldon",THANKING THE AG FOR MEETING WITH THE MC IN JULY REGARDING AN ARTICLE ENTITLED INSIDE CLIMATE NEWS ADDITIONAL INFORMATION CONCERNING THE ROLE OF FOSS L FUEL COMPANIES IN ONGOING EFFORTS TO SHED DOUBT ON THE ESTABLISHED SCIENCE OF CLIMATE CHANGE. SEE WF 303 66 .,1,NA,NA
Charles,SCHUMER,NA,935,DOJ_CIV,2020-10-01,CHARLES SCHUMER,"SCHUMER, Charles Ellis (Chuck)",EXPRESSING CONCERNS REGARDING THE RECENT REPORTS THAT THE VOLKSWAGEN GROUP MAY HAVE INTENTIONALLY DEVELOPED AND IMPLEMENTED SOFTWARE DESIGNED TO TRICK EMISSIONS TESTERS.,NA,NA,NA
NA,NA,NA,1116,DOJ_CIV,2020-10-01,JOHN MCCAIN,,RECA,NA,NA,NA
NA,NA,NA,321,DOJ_CIV,2020-10-02,RALPH M. HALL,,INSURANCE ISSUE,NA,NA,NA
John,CORNYN,NA,608,DOJ_CIV,2020-10-02,JOHN CORNYN,"CORNYN, John",RECA,NA,NA,NA
Charles,GRASSLEY,NA,725,DOJ_CIV,2020-10-02,CHARLES GRASSLEY,"GRASSLEY, Charles Ernest",FALSE CLAIMS ACT/AFORDABLE CARE ACT,1,NA,NA
NA,NA,NA,730,DOJ_CIV,2020-10-02,JOE HECK,,ONLINE SHORT-TERM LENDERS (SEE ALSO WF 2708367),1,NA,NA
NA,NA,NA,743,DOJ_CIV,2020-10-02,PETE KYRSTEN RON WILLIAM GALLEGO SINEMA BARBER ENYART,,REVIEW OF CONTRACTS CONTRACTORS USED TO BUILD HEALTHCARE.GOV,NA,NA,NA
NA,NA,NA,1169,DOJ_CIV,2020-10-02,L NDSEY GRAHAM,,RECA,NA,NA,NA
John,SHIMKUS,NA,473,DOJ_CIV,2020-10-03,JOHN M. SHIMKUS,"SHIMKUS, John M.",WHISTLEBLOWER PROTECTION ACT,NA,NA,NA
NA,NA,NA,724,DOJ_CIV,2020-10-03,DARRELL ISSA,,RECA,NA,NA,NA
Paul,GOSAR,NA,1171,DOJ_CIV,2020-10-03,PAUL GOSAR,"GOSAR, Paul",RECA,NA,NA,NA
NA,NA,NA,810,DOJ_CIV,2020-10-04,CHRIS GIBSON,,SEPTEMBER 11TH VICTIMS COMPENSATION FUND (VCF),NA,NA,NA
NA,NA,NA,302,DOJ_CIV,2020-10-05,HENRY WAXMAN,,WANTS CRM INVESTIGATION OF MATTEL,NA,NA,NA
Sherrod,BROWN,NA,469,DOJ_CIV,2020-10-05,SHERROD BROWN,"BROWN, Sherrod",FORECLOSURE SCRA,NA,NA,NA
NA,NA,NA,474,DOJ_CIV,2020-10-05,MARY LANDRIEU,,LIQUIDATION OF LEGION INDEMNITY COMPANY,NA,NA,NA
NA,NA,NA,577,DOJ_CIV,2020-10-05,JOHN D. DINGELL,,RECA,NA,NA,NA
Frederica,WILSON,NA,929,DOJ_CIV,2020-10-05,FREDERICA WILSON,"WILSON, Frederica",REQUESTING DOJ S CONTINUED ATTENTION AND FOCUS ON THE PATTERN AND PRACTICE OF THE MIAMI POLICE DEPARTMENT CONCERNING THE SHOOTING OF BLACK MEN BY POLICE OFFICERS IN 7/2010 AND 2/2011.,1,NA,NA
Charles,GRASSLEY,NA,930,DOJ_CIV,2020-10-05,CHARLES GRASSLEY,"GRASSLEY, Charles Ernest",LTR ON BEHALF OF(b) (6) REGARDING HIS CIVIL CASE INVOLVING THE REVOKING OF HIS CITIZENSHIP. SEE WF 3003583.,1,NA,NA
NA,NA,NA,957,DOJ_CIV,2020-10-05,CHRIS GIBSON,,LTR ON BEHALF OF(b) (6) REQUESTING ASSISTANCE REGARDING THE ZADROGA BILL INVOLVING THE VICTIM COMPENSATION FUND.,1,NA,NA
Bill,POSEY,NA,359,DOJ_CIV,2020-10-06,BILL POSEY,"POSEY, Bill",REQUESTING ASSISTANCE OF A COMPLAINT HE SENT TO DOJ REGARDING HIS STUDENT LOANS. SEE WF 30 566,1,NA,NA
NA,NA,NA,477,DOJ_CIV,2020-10-06,MIKE POMPEO,,HOLDS GOV T RESPONSIBLE FOR ACTIONS. .,NA,NA,NA
Dianne,FEINSTEIN,NA,878,DOJ_CIV,2020-10-08,DIANNE FEINSTEIN,"FEINSTEIN, Dianne",REFERRED FROM WHITE HOUSE URGING OBAMA TO GRANT SAME SEX VA SS BENEFITS,NA,NA,NA
Emanuel,CLEAVER,NA,927,DOJ_CIV,2020-10-08,EMANUEL CLEAVER,"CLEAVER, Emanuel, II",LETTER OF APPRECIATION TO AG STAFFERS (b) (6 (b) (6) AND(b) (6) FOR BEING HELPFUL WHILE THE PRESS WAS BEING NEGATIVE ON KANSAS CITY IMMIGRATION,1,NA,NA
Rosa,DeLAURO,NA,360,DOJ_CIV,2020-10-09,ROSA DELAURO,"DeLAURO, Rosa L.",LTR ON BEHALF OF(b) (6) REQUESTING ASSISTANCE REGARDING HER TORT CLAIM INVOLVING HER PERSONAL POSSESS ONS BEING MOVED FROM HER GOVT STORAGE TO HER HUSBAND S GOVT STORAGE WITHOUT HER KNOWLEDGE OR CONSENT.,1,NA,NA
NA,NA,NA,471,DOJ_CIV,2020-10-11,DARRELL/CHARLES ISSA/GRASSLEY,,FAST AND FURIOUS,NA,NA,NA
Jon,TESTER,NA,480,DOJ_CIV,2020-10-11,JON TESTER,"TESTER, Jon",BANKS OVERCHARGING VETERANS,NA,NA,NA
Richard,BLUMENTHAL,NA,1115,DOJ_CIV,2020-10-11,RICHARD BLUMENTHAL,"BLUMENTHAL, Richard",WRONGDOING BY NECC,NA,NA,NA
NA,NA,NA,475,DOJ_CIV,2020-10-12,FRANK R. WOLF,,PAYMENT IN QUI TAM CASE US V. TALEO,NA,NA,NA
Richard,BLUMENTHAL,NA,951,DOJ_CIV,2020-10-12,RICHARD BLUMENTHAL,"BLUMENTHAL, Richard",LTR EXPRESSING CONCERNS REGARDING THE DECEPTIVE AND POSSIBLY FRAUDULENT PRACTICES IN THE DAILY FANTASY SPORTS (DFS) ONLINE BETTING MARKET SUCH AS FANDUEL AND DRAFTKINGS.,NA,NA,NA
NA,NA,NA,1173,DOJ_CIV,2020-10-15,KAY HAGAN,,CONSTITUENT WANTS TO KNOW IF ELEGIBLE FOR BOA SETTLEMENT FUNDS,NA,NA,NA
NA,NA,NA,1300,DOC_OS,2020-10-16,REPRESENTATIVE LUIS V. GUTIERREZ (IL),,SU PPORT LETTER - THE LITTLE VILLAGE ENVIRO NM ENTAL J USTICE ORGANIZATION (LVEJO) - GRANT APPLICATION TO WORK ON THE CRAWFORD GENERATING STATION,NA,NA,NA
Peter,VISCLOSKY,NA,726,DOJ_CIV,2020-10-16,PETER J. VISCLOSKY,"VISCLOSKY, Peter",LIBOR/CRIMINAL BANKING ACTIVITY,NA,NA,NA
Lindsey,GRAHAM,NA,729,DOJ_CIV,2020-10-17,LINDSEY GRAHAM,"GRAHAM, Lindsey O.",STARK LAW/FALSE CLAIMS ACT CASE AGA NST TUOMEY HEALTHCARE SYSTEM,1,NA,NA
Alice,TITUS,NA,1172,DOJ_CIV,2020-10-17,DINA TITUS,"TITUS, Alice (Dina)",ASKING DOJ TO EXTEND FEDERAL BENEFITS TO ALL LEGALLY MARRIED SAME-SEX COUPLES,NA,NA,NA
NA,NA,NA,1182,DOJ_CIV,2020-10-17,RICHARD NUGENT,,REQUESTING THE STATUS REGARDING HIS ADMIN TORT CLAIM,1,NA,NA
Kenny,MARCHANT,NA,1185,DOJ_CIV,2020-10-17,KENNY MARCHANT,"MARCHANT, Kenny",QUESTION RE WHAT ORGANIZATIONS ARE GETTING BOA CONSUMER RELIEF FUNDS,NA,NA,NA
NA,NA,NA,23,DOJ_CIV,2020-10-19,AL FRANKEN,,INVITING AG TO TESTIFY AT SUBCOMMITTEE,NA,NA,NA
NA,NA,NA,479,DOJ_CIV,2020-10-19,FRANK LAUTENBERG,,HELP WITH MALPRACTICE SUIT,NA,NA,NA
NA,NA,NA,611,DOJ_CIV,2020-10-19,JEFF MILLER,,MORTGAGE FRAUD,NA,NA,NA
Paul,GOSAR,NA,934,DOJ_CIV,2020-10-19,PAUL GOSAR,"GOSAR, Paul",LTR ON BEHALF OF(b) (6) REQUESTING THE STATUS OF HIS RECA CLAIM (CLAIM NO (b) (6) (b) (6,1,NA,NA
NA,NA,NA,478,DOJ_CIV,2020-10-20,ILEANA ROS-LEHTINEN,,INTER-AMERICAN CONVENTION ON LETTERS ROG,NA,NA,NA
Sean,DUFFY,NA,728,DOJ_CIV,2020-10-21,SEAN P. DUFFY,"DUFFY, Sean",ONLINE-SHORT TERM LENDERS,NA,NA,NA
John,THUNE,NA,742,DOJ_CIV,2020-10-21,JOHN THUNE,"THUNE, John",ALLEGED MEDICAL MALPRACTICE,NA,NA,NA
Peter,KING,NA,1179,DOJ_CIV,2020-10-21,PETER KING,"KING, Peter T.",VCF,NA,NA,NA
NA,NA,NA,741,DOJ_CIV,2020-10-22,BILL NELSON,,SOME SORT OF FRAUD,NA,NA,NA
Martha,McSALLY,NA,936,DOJ_CIV,2020-10-22,MARTHA MCSALLY,"McSALLY, Martha",LTR ON BEHALF OF(b) (6) REGARDING HIS MORTGAGE PAYMENTS WITH MORGAN CHASE BANK,1,NA,NA
Richard,BURR,NA,1174,DOJ_CIV,2020-10-22,RICHARD BURR,"BURR, Richard M.",CONSTITUENT REQUESTING AN ATTORNEY FOR HIS CIVIL CASE,1,NA,NA
Ann,KIRKPATRICK,NA,1177,DOJ_CIV,2020-10-22,ANN KIRKPATRICK,"KIRKPATRICK, Ann",RECA,NA,NA,NA
Peter,DeFAZIO,NA,316,DOJ_CIV,2020-10-23,PETER A. DEFAZIO,"DeFAZIO, Peter Anthony",RECA,NA,NA,NA
Robert,CASEY,NA,732,DOJ_CIV,2020-10-23,ROBERT CASEY,"CASEY, Robert (Bob), Jr.",RECA,NA,NA,NA
NA,NA,NA,948,DOJ_CIV,2020-10-23,JOHN MCCAIN,,LTR ON BEHALF OF(b) (6) REQUESTING AN INVESTIGATION INTO CRIMINAL AND CIVIL RIGHTS VIOLATION CARRIED OUT BY THE STATE OF ILLINOIS. SEE WF 3085966,1,NA,NA
NA,NA,NA,481,DOJ_CIV,2020-10-26,MARK PRYOR,,LITIGATION AGAINST BLM ARMY C ENGINEERS,NA,NA,NA
Elizabeth,WARREN,NA,937,DOJ_CIV,2020-10-26,ELIZABETH WARREN,"WARREN, Elizabeth",REQUESTING INFORMATION REGARDING THE STEPS SOCIAL SECURITY ADMINISTRATION IS TAKING TO ENSURE THE ACCOUNTING OF MARITAL STATUS AND ADMINISTER FEDERAL BENEFITS TO ALL INDIVIDUALS.,1,NA,NA
NA,NA,NA,482,DOJ_CIV,2020-10-27,BILL NELSON,,LOCAL POLICE WON T INVESTIGATE,NA,NA,NA
Charles,GRASSLEY,NA,1061,DOJ_CIV,2020-10-27,CHARLES GRASSLEY,"GRASSLEY, Charles Ernest",COMPLAINT AGAINST STATE DEPARTMENT,NA,NA,NA
Yvette,CLARKE,NA,938,DOJ_CIV,2020-10-28,YVETTE CLARKE,"CLARKE, Yvette Diane",LTR ON BEHALF OF(b) (6) REQUESTING ASSISTANCE REGARDING THE STATUS OF HIS 9/11 VICTIM COMPENSATION FUND,1,NA,NA
NA,NA,NA,731,DOJ_CIV,2020-10-29,MAZIE BILL ELIZABETH MARTIN SHELDON HIRONO NELSON WARREN HEINRICH WHITEHOUSE,,SETTLEMENT NEGOTIATIONS WITH JP MORGAN CHASE,NA,NA,NA
Bruce,WESTERMAN,NA,939,DOJ_CIV,2020-10-29,BRUCE WESTERMAN,"WESTERMAN, Bruce Eugene",EXPRESSING CONCERNS ON A CIVIL MATTER INVOLVING DELTIC TIMBER CORP THAT HAS BEEN PENDING WITH DOJ.,NA,NA,NA
NA,NA,NA,1178,DOJ_CIV,2020-10-29,RICHARD NUGENT,,VCF,NA,NA,NA
NA,NA,NA,1304,DOC_OS,2020-10-30,SENATOR DEBBIE STABKNOW (Mil,,"MW RAIL ITRfiETCAP. PRCJECT IN DETROIT Ml - M-2RAJL IS THE APPt,XANT",NA,NA,NA
NA,NA,NA,612,DOJ_CIV,2020-10-30,JEB HENSARLING,,RECA,NA,NA,NA
NA,NA,NA,736,DOJ_CIV,2020-10-30,DAVID VITTER,,RECA,NA,NA,NA
NA,NA,NA,1180,DOJ_CIV,2020-10-30,LOU BARLETTA,,VCF,NA,NA,NA
NA,NA,NA,734,DOJ_CIV,2020-10-31,RAUL ET AL RUIZ VELA SWALWELL ESTY GABBARD BARBER FOSTER SINEMA COSTA MENG CARTWRIGHT GARCIA CARDENAS MCLEOD,,AFFORDABLE CARE ACT FRAUD,NA,NA,NA
Deborah,STABENOW,NA,188,DOJ_CIV,2020-11-01,DEBBIE STABENOW,"STABENOW, Deborah Ann",INQUIRE/LEGAL/IRS/FRM AGNCY PARTNERSHIP,"NA","NA",NA
Tammy,BALDWIN,NA,305,DOJ_CIV,2020-11-01,TAMMY BALDWIN 2 OTHERS,"BALDWIN, Tammy",SETTLEMENT TALKS WITH MORTGAGE COMPANIES,NA,NA,NA
NA,NA,NA,490,DOJ_CIV,2020-11-01,BARBARA MIKULSKI,,PROSECUTION OF MORTGAGE FRAUD,5,NA,NA
Ron,JOHNSON,NA,616,DOJ_CIV,2020-11-01,RONALD H. JOHNSON,"JOHNSON, Ron",CRIMINAL ROBO SIGNING ON MORTGAGE,NA,NA,NA
NA,NA,NA,483,DOJ_CIV,2020-11-02,SAM FARR,,ENVIRONMENTAL VIOLATIONS BY COMPANY,NA,NA,NA
Rafael,CRUZ,NA,940,DOJ_CIV,2020-11-02,TED CRUZ,"CRUZ, Rafael Edward (Ted)",URGING THE AG TO TAKE SPECIFIC STEPS TO ENSURE THAT DOJ PRESERVES ALL OF ITS RS RELATED DOCUMENTS AND INFORMATION INDEFINITELY.,NA,NA,NA
NA,NA,NA,941,DOJ_CIV,2020-11-02,CHARLES DENT,,LTR ON BEHALF OF(b) (6) REGARDING FRAUDULENT FORECLOSURES AND HOMEOWNER EVICTIONS IN LEHIGH COUNTY PENNSYLVANIA. ADVISING THAT HER PROPERTY IS SCHEDULED FO SHERIFF SALE ON 11 20/15.,1,NA,NA
Robert,WITTMAN,NA,943,DOJ_CIV,2020-11-02,ROBERT WITTMAN,"WITTMAN, Robert J.",LTR ON BEHALF OF(b) (6) REQUESTING ASSISTNCE AND AN IVESTIGATION CONCERNING WHAT HE PRECEIVES AS AN INJUSTICE PRACTICE BY THE COURTS TO PURGE COURT RECORDS DENYING CITIZENS ACCESS TO HAVE THEIR CASE HEARD.,1,NA,NA
Robert,CASEY,NA,945,DOJ_CIV,2020-11-02,ROBERT CASEY JR,"CASEY, Robert (Bob), Jr.",ADVISING THAT DESPITE THE DECISION IN(b) (6) RULING ALLOWING SAME SEX MARRIAGES THROUGHOUT THE COUNTRY SOME OLDER COUPLES FACE CHALLENGES.,1,NA,NA
Martha,ROBY,NA,361,DOJ_CIV,2020-11-03,MARTHA ROBY,"ROBY, Martha","LTR ON BEHALF OF(b) (6) 
 REQUESTING COMPENSATION THROUGH THE SERVICEMEMBERS CIVIL RELIEF ACT PORTION OF
 THE 2012 NATIONAL MORTGAGE SETTLEMENT.",1,NA,NA
NA,NA,NA,942,DOJ_CIV,2020-11-04,JEFF FLAKE,,LTR REGARDING A REPORT DTD 11/2/2015 BY THE HILL INVOLV NG THE POTENTIAL PLANS TO CIRCUMVENT THE U.S. DISTRICTS COURT'S PRELIMINARY INJUCT ON IN THE CASE OF TEXAS VS. UNITED STATES.,NA,NA,NA
NA,NA,NA,1094,DOJ_CIV,2020-11-04,CARL LEVIN,,PERSONAL PROTECTION ORDER,NA,NA,NA
Terri,SEWELL,NA,37,DOJ_CIV,2020-11-05,TERRI SEWELL,"SEWELL, Terri",WOMEN HISPANIC FARMERS,NA,NA,NA
Larry,BUCSHON,NA,618,DOJ_CIV,2020-11-05,LARRY BUCSHON,"BUCSHON, Larry",THEFT OF UNION PENSION MONEY,NA,NA,NA
Richard,DURBIN,NA,944,DOJ_CIV,2020-11-05,RICHARD DURBIN,"DURBIN, Richard Joseph",LTR REGARDING THE RESPONSE DOJ PROVIDED TO THE LTR DTD 5/5/2015 REQUESTING AN INVESTIGATION INTO THE MISCONDUCT OF THE RECENTLY FAILED FOR-PROFIT EDUCATION COMPANY CORINTHIAN COLLEGES INC.,1,NA,NA
Tom,GRAVES,NA,946,DOJ_CIV,2020-11-05,TOM GRAVES,"GRAVES, Tom",LTR ON BEHALF OF(b) (6) ALLEGING SHE IS TO RECEIVE A SETTLEMENT AGREEMENT CHECK FROM THE WELLS FARGO ADA LAWSUIT ON BEHALF OF HER DECEASED HUSBAND (b) (6 (b) (6),1,NA,NA
NA,NA,NA,1186,DOJ_CIV,2020-11-05,RICHARD HANNA,,DOJ'S IMPLEMENTATION OF THE CIVILIAN SERVICE RECOGNITION ACT,NA,NA,NA
Dianne,FEINSTEIN,NA,1188,DOJ_CIV,2020-11-05,DIANNE FEINSTEIN,"FEINSTEIN, Dianne",REQUESTING DOD/DOJ PROVIDE SEN INTEL CMTE W/ GTMO FORCED FEEDING VIDEOS,1,NA,NA
NA,NA,NA,1189,DOJ_CIV,2020-11-05,BILL NELSON,,VCF CLAIM RE(b) (6) (SEE RELATED WF 2920 56),1,NA,NA
Raul,GRIJALVA,NA,1,DOI_BSEE,2020-11-06,Rep. Raul Grijalva,"GRIJALVA, Raúl M.",Atlantis investigation followup,5,"BP Atlantis safety, related to Deepwater Horizon",NA
Tammy,BALDWIN,NA,947,DOJ_CIV,2020-11-06,TAMMY BALDWIN,"BALDWIN, Tammy",LTR EXPRESSING CONCERNS REGARDING IMPROPER ACTIVITY INVOLVING FEDERAL FUNDS PROVIDED TO WISCONSIN ECONOMIC DEVELOPMENT (WEDC) THROUGH THE AMERICAN REINVESTMENT AND RECOVERY ACT (ARRA).,NA,NA,NA
Rob,WOODALL,NA,337,DOJ_CIV,2020-11-07,ROBERT WOODALL,"WOODALL, Rob",RECA,NA,NA,NA
Ronald,WYDEN,NA,338,DOJ_CIV,2020-11-07,RON WYDEN,"WYDEN, Ronald Lee",JP MORGAN SETTLEMENT (TAX DEDUCTABILITY OF SETTTLEMENT PAYMENTS),NA,NA,NA
Charles,GRASSLEY,NA,735,DOJ_CIV,2020-11-07,CHARLES GRASSLEY,"GRASSLEY, Charles Ernest",EXEMPTIONS FROM ANTI-FRAUD PROVISIONS FOR AFFORDABLE CARE ACT,NA,NA,NA
NA,NA,NA,1190,DOJ_CIV,2020-11-07,DARRELL ISSA,,QUESTION RE OVERSIGHT OF GOVT USE OF COPYRIGHTED MATERIAL,NA,NA,NA
NA,NA,NA,306,DOJ_CIV,2020-11-08,FRANK LAUTENBERG/5 OTHERS,,WARNING LABELS ON CIGARETTES,NA,NA,NA
NA,NA,NA,484,DOJ_CIV,2020-11-08,BARBARA MIKULSKI,,CONCERNS ABOUT FEDERAL CONTRACTOR,NA,NA,NA
Mark,WARNER,NA,516,DOJ_CIV,2020-11-08,MARK WARNER,"WARNER, Mark",US COPYRIGHT LAW,NA,NA,NA
NA,NA,NA,737,DOJ_CIV,2020-11-08,DAN MAFFEI,,CONSTITUENT WANTS TO FILE CLAIM FOR VACCINE INJURY COMPENSATION (VICP),1,NA,NA
NA,NA,NA,739,DOJ_CIV,2020-11-08,MARK UDALL,,SAME SEX MARRIAGE (b) (6) DECISION,1,NA,NA
NA,NA,NA,485,DOJ_CIV,2020-11-09,TODD RUSSELL PLATTS,,DEFAULT OF STUDENT LOAN,NA,NA,NA
NA,NA,NA,614,DOJ_CIV,2020-11-09,THOMAS J. ROONEY,,RECA,NA,NA,NA
Martin,HEINRICH,NA,615,DOJ_CIV,2020-11-09,MARTIN HEINRICH,"HEINRICH, Martin",RECA,NA,NA,NA
Charles,GRASSLEY,NA,949,DOJ_CIV,2020-11-10,CHARLES GRASSLEY,"GRASSLEY, Charles Ernest","LTR FROM CHMN GRASSLEY JUDICIARY COMTE WRITING FURTHER TO RENEW HIS REQUEST TO DOJ TO PUBLICLY DISCLOSE THE LEGAL ADVICE THAT IT PROVIDED TO OBAMA ADMINISTRATION RELATED TO THE JUNE 201 TRANSFER OF FIVE SENIOR TALIBAN LEADERS FROM GUANTANAMO BAY IN EXCHANGE FOR U S. ARMY SERGEANT
 (b) (6)",1,NA,NA
NA,NA,NA,1093,DOJ_CIV,2020-11-10,JOHN MCCAIN,,COMPLAINT ABOUT BANK DIVORCE CASE,NA,NA,NA
James,McGOVERN,NA,1095,DOJ_CIV,2020-11-10,JAMES P. MCGOVERN,"McGOVERN, James P.",BUREAU OF WAR RISK INSURANCE,NA,NA,NA
Austin,SCOTT,NA,1183,DOJ_CIV,2020-11-10,AUSTIN SCOTT,"SCOTT, Austin",STATUS OF CPB CASE AGAINST HIS CONSTITUENT,NA,NA,NA
Brian,HIGGINS,NA,1193,DOJ_CIV,2020-11-10,BRIAN HIGGINS,"HIGGINS, Brian",VCF CLAIM STATUS,1,NA,NA
Dianne,FEINSTEIN,NA,1195,DOJ_CIV,2020-11-10,DIANNE FEINSTEIN,"FEINSTEIN, Dianne",ADVOCACY FOR CONSUMER RIGHTS COMPLAINT RE ADMIN TORT DENIAL,NA,NA,NA
Raul,RUIZ,NA,1196,DOJ_CIV,2020-11-10,RAUL RUIZ,"RUIZ, Raul",CONSUMER ADVOCACY ADMIN TORT DENIAL,NA,NA,NA
NA,NA,NA,257,NWTRB,2020-11-10,"Martin Malsch; Egan, Fitzpatrick, Malsch & La wrence, PLLC",,"Lessons Learned from Yucca Mountain: How to Improve the Process in the United States for Developing Facilities for Geologic Disposal of Used Nuclear Reactor Fuel and
High-Level Radioactive Waste",NA,NA,NA
NA,NA,NA,738,DOJ_CIV,2020-11-12,BARBARA A. MIKULSKI,,9/11 VICTIMS COMPENSATION FUND (VCF),NA,NA,NA
NA,NA,NA,740,DOJ_CIV,2020-11-13,CAROLYN MCCARTHY,,9/11 VICTIMS COMPENSATION FUND (VCF),NA,NA,NA
John,SHIMKUS,NA,755,DOJ_CIV,2020-11-13,JOHN M. SHIMKUS,"SHIMKUS, John M.",TAX COLLECTION CASE AGAINST CONSTITUENT,NA,NA,NA
Emanuel,CLEAVER,NA,1303,DOC_OS,2020-11-14,"REPRESENTATIVE EMANUEL CLEAVER, ll (MO)","CLEAVER, Emanuel, II",SUPPORT LETTER - IS CHALLENGE-THE UNIVERSITY OF MISSOURI KANSAS CITY (UMKO'S GRANT APPLICATION,NA,NA,NA
Rob,WOODALL,NA,1192,DOJ_CIV,2020-11-14,ROBERT WOODALL,"WOODALL, Rob",RECA,NA,NA,NA
NA,NA,NA,1298,DOC_OS,2020-11-15,Aaron Schock,,NA,NA,NA,NA
Brad,SHERMAN,NA,745,DOJ_CIV,2020-11-15,BRAD SHERMAN,"SHERMAN, Brad",ONLINE SHORT-TERM LENDERS,NA,NA,NA
Raul,GRIJALVA,NA,362,DOJ_CIV,2020-11-18,RAUL GRIJALVA,"GRIJALVA, Raúl M.",EXPRESSING CONCERNS ABOUT THE RECENTLY ANNOUNCED SETTLEMENT BETWEEN DOJ BRITISH PETROLEUM (BP) AND FIVE STATES OF THE GULF COAST.,NA,NA,NA
NA,NA,NA,1089,DOJ_CIV,2020-11-18,MITCH/JON MCCONNELL/KYL,,JUST CE KAGAN CONFLICT OF INTERSEST,NA,NA,NA
NA,NA,NA,1091,DOJ_CIV,2020-11-18,CHUCK/MIKE GRASSLEY/LEE,,JUST CE KAGAN CONFLICT OF INTERSEST,NA,NA,NA
NA,NA,NA,1096,DOJ_CIV,2020-11-18,ED PASTOR,,MED CARE FRAUD HOSPICE FAMILY CARE,NA,NA,NA
Roger,WICKER,NA,1187,DOJ_CIV,2020-11-18,ROGER WICKER,"WICKER, Roger F.",STATUS OF(b) (6) ADMIN TORT CLAIM,1,NA,NA
Roy,BLUNT,NA,753,DOJ_CIV,2020-11-19,ROY BLUNT,"BLUNT, Roy",RECA,NA,NA,NA
Johnny,ISAKSON,NA,950,DOJ_CIV,2020-11-19,JOHNNY ISAKSON,"ISAKSON, Johnny","LTR ON BEHALF OF(b) (6) REQUEST NG STATUS OF THE 9/11 VICTIM COMPENSATION FUND
 CLAIM HE FILED IN 1/2011. SEE WF 3026991 & 2796702.",1,NA,NA
NA,NA,NA,952,DOJ_CIV,2020-11-19,MIKE POMPEO,,"LTR EXPRESSING GREAT CONCERNS OF THE PRESIDENT ORDERING A TRANSFER OF DETAINEES CURRENTLY HELD AT GUANTANAMO BAY TO THE
 U.S. VIA AN EXECUTIVE ORDER.",NA,NA,NA
NA,NA,NA,828,DOJ_CIV,2020-11-20,MICHAEL FITZPATRICK,,RECA,NA,NA,NA
Martin,HEINRICH,NA,1197,DOJ_CIV,2020-11-20,MARTIN HEINRICH,"HEINRICH, Martin",RECA,NA,NA,NA
NA,NA,NA,1198,DOJ_CIV,2020-11-20,PALLONE FRANK,,VCF,NA,NA,NA
NA,NA,NA,2016,DOD_OSDJS,2020-11-21," SARBANES, J
MOCMILLER C",,"MICHAEL  HENSLEY'S  CONCERNS  REGARDING  GAS PRICES  IN OKINA\VA
CONCERNS  OVER PLANNED  FUNDING  FOR COMBAT  VEHICLES  IN DRAFT  OF",1,NA,NA
Carolyn,MALONEY,NA,38,DOJ_CIV,2020-11-21,CAROLYN MALONEY,"MALONEY, Carolyn Bosher",COPYRIGHT INFRINGEMENT,NA,NA,NA
NA,NA,NA,836,DOJ_CIV,2020-11-21,MIKE COFFMAN,,"QUESTIONING VA ACTION TO BUILD AMPHITHEATER IN WEST LA IN LIGHT OF RULING IN
 (b) (6)",1,NA,NA
William,KEATING,NA,1097,DOJ_CIV,2020-11-21,WILLIAM KEATING,"KEATING, William R.",CONSTITUENT FIRED FROM OSHA,NA,NA,NA
NA,NA,NA,1090,DOJ_CIV,2020-11-22,LAMAR SMITH,,JUST CE KAGAN CONFLICT OF INTERSEST,NA,NA,NA
NA,NA,NA,1092,DOJ_CIV,2020-11-22,TRENT FRANKS,,INVESTIGATION INTO FRAUD ASBESTOS CLAIMS,1,NA,NA
NA,NA,NA,499,DOJ_CIV,2020-11-23,JULIE DAUM,,ENCLOSING COPY OF REPORT,NA,NA,NA
NA,NA,NA,877,DOJ_CIV,2020-11-24,VINCENT GRAY,,SNFS AND LTACHS IN DC,NA,NA,NA
NA,NA,NA,1194,DOJ_CIV,2020-11-25,BOB/JEB GOODLATTE/HENSARLING,,HJC AND FINANCIAL SERVICES CHMN REQUESTING INFO RE CONSUMER RELIEF IN MORTGAGE SETTLEMENTS,1,NA,NA
Jeanne,SHAHEEN,NA,746,DOJ_CIV,2020-11-26,JEANNE SHAHEEN,"SHAHEEN, Jeanne",(b) (6) IMPLEMENTATION AT SOCIAL SECURITY ADMINISTRATION,1,NA,NA
Theodore,DEUTCH,NA,617,DOJ_CIV,2020-11-27,THEODORE DEUTCH,"DEUTCH, Theodore E. (Ted)",RECA,NA,NA,NA
NA,NA,NA,747,DOJ_CIV,2020-11-27,STEVE ISRAEL,,SEPTEMBER 11TH VICTIMS COMPENSATION FUND (VCF),NA,NA,NA
Michael,TURNER,NA,323,DOJ_CIV,2020-11-28,MICHAEL TURNER,"TURNER, Michael R.",CHAPMAN LAW FIRM V. USA,NA,NA,NA
NA,NA,NA,622,DOJ_CIV,2020-11-28,ANDER CRENSHAW,,SERVICEMEMBERS CIVIL RELIEF ACT,NA,NA,NA
NA,NA,NA,630,DOJ_CIV,2020-11-28,RICHARD BENJAMIN CARL PATRICK LUGAR CARDIN LEV N LEAHY,,AMICUS BRIEF FOR CARDIN-LUGAR AMENDMENT,NA,NA,NA
NA,NA,NA,509,DOJ_CIV,2020-11-29,JIM DEMINT,,VIOLATIONS OF STARK LAW,NA,NA,NA
NA,NA,NA,651,DOJ_CIV,2020-11-29,MICHAEL MICHAUD,,PROJECT JOLT - JAMAICAN TELEMARKETING SCAM,NA,NA,NA
NA,NA,NA,489,DOJ_CIV,2020-11-30,MARK STEVEN KIRK,,CRIMES COMMITTED BY LOCAL GOVERNMENT,NA,NA,NA
Mark,WARNER,NA,623,DOJ_CIV,2020-11-30,MARK WARNER,"WARNER, Mark",NATIONAL MORTGAGE SETTLEMENT,NA,NA,NA
David,SCOTT,NA,751,DOJ_CIV,2020-11-30,DAVID SCOTT,"SCOTT, David",BLACK FARMERS CASE,NA,NA,NA
Elizabeth,WARREN,NA,953,DOJ_CIV,2020-11-30,ELIZABETH WARREN,"WARREN, Elizabeth",LTR EXPRESSING CONCERS REGARDING THE SETTLEMENT WITH THE FOR-PROFIT COLLEGE COMPANY EDUCAITON MANAGEMENT CORPORATION (EDMC) WHICH OPERATES THE ART INSTITUTES ARGOSY BROWN MACKIE AND OTHER FOR -PROFIT COLLEGES.,NA,NA,NA
Thomas,UDALL,NA,955,DOJ_CIV,2020-11-30,TOM UDALL,"UDALL, Thomas (Tom)",LTR ON BEHALF O (b) (6) REQUESTING ASSISTANCE REGARDING HIS BROTHER (b) (6) (b) (6) FOR RECOGNITION INCLUSION AND POSSIBLE COMPENSATION UNDER THE RECENT DOWN-WINDER DELIBERATIONS.,1,NA,NA
Frank,PALLONE,NA,363,DOJ_CIV,2020-12-01,FRANK PALLONE JR.,"PALLONE, Frank, Jr.",(REC D FROM OLA VIA EMAIL) LTR ON BEHALF OF (b) (6) REQUESTING ASSISTANCE CONCERNING THE STATUS OF HIS CLAIM FOR VICTIMS COMPENSAT ON FUNDS (VCF0035675) (NOTE NO RECORD OF CORRES IN ES),1,NA,NA
NA,NA,NA,487,DOJ_CIV,2020-12-01,JON KYL,,RECA,NA,NA,NA
NA,NA,NA,488,DOJ_CIV,2020-12-01,PATRCK TOOMEY,,CARRIER SOLUTIONS RISK RETENTION GROUP,NA,NA,NA
NA,NA,NA,494,DOJ_CIV,2020-12-01,DARRELL/ELIJAH ISSA/CUMMINGS,,MED CARE FRAUD BY MAXIM HEALTHCARE,NA,NA,NA
NA,NA,NA,495,DOJ_CIV,2020-12-01,TODD RUSSELL/EDOLPHUS PLATTS/TOWNS,,MED CARE FRAUD BY MAXIM HEALTHCARE,NA,NA,NA
NA,NA,NA,954,DOJ_CIV,2020-12-01,JASON CHAFFETZ,,LTR FROM CHMAN CHAFFETZ OVERSIGHT AND GOVERNMENT REFORM COMTE ADVISING THAT THE AG WAS QUESTIONED AT A HEARING HELD ON 11/17/2015 ABOUT DOJ'S INVESTIGATION INTO THE IRS'S DESTRUCT ON OF 22 BACKUP TAPES THAT LIKELY CONTAINED LOS LERNER EMAILS. STATES THAT THE COMTE'S EFFORTS CONT NUE TO ENSUSRE THAT THOSE RESPONSIBLE ARE HELD ACCOUNTABLE.,5,NA,NA
NA,NA,NA,958,DOJ_CIV,2020-12-01,FRANK LOBIONDO,,"LTR ON BEHALF OF(b) (6) 
 REQUESTING ASSISTANCE REGARDING WELLS FARGO BANK AND THE STUDENT LOAN SHE CO-
 SIGNED FOR HER GRANDDAUGHTER (b) (6) 
 WF #313 070",1,NA,NA
NA,NA,NA,1098,DOJ_CIV,2020-12-01,TREY/DANNY GOWDY/DAVIS,,MED CARE FRAUD BY MAXIM HEALTHCARE,NA,NA,NA
Robert,MENENDEZ,NA,503,DOJ_CIV,2020-12-02,ROBERT MENENDEZ,"MENENDEZ, Robert",WRONGFUL DEATH CASE,NA,NA,NA
NA,NA,NA,764,DOJ_CIV,2020-12-02,J. RANDY FORBES/OTHERS,,(b) (6) CASE RELIGIOUS FREEDOM,1,NA,NA
Mazie,HIRONO,NA,960,DOJ_CIV,2020-12-02,MAZIE HIRONO,"HIRONO, Mazie","LTR ON BEHALF OF(b) (6) REQUESTING ASSISTANCE REGARDING PROPERTY HE
 PURCHASED IN HONOLULU HI FROM THE CITY OF MUNICIPALITY OF BREMEN GERMANY.",1,NA,NA
NA,NA,NA,750,DOJ_CIV,2020-12-03,LAMAR SMITH,,RECA,NA,NA,NA
NA,NA,NA,748,DOJ_CIV,2020-12-04,ORRIN HATCH,,RECA,NA,NA,NA
NA,NA,NA,758,DOJ_CIV,2020-12-04,SAXBY CHAMBLISS,,VARIOUS ISSUES AT EASTERN AIRL NES IN 1980S (LABOR DISPUTE CRIMINAL ACTIVITY AIRPLANE SAFETY),NA,NA,NA
NA,NA,NA,956,DOJ_CIV,2020-12-04,BILL NELSON,,LTR EXPRESSING CONCERNS REGARDING THE PROPOSED CONSENT DECREE TO RESOLVE CIVIL CLAIMS AGAINST BP FOR ITS ROLE IN THE DEEPWATER HORIZON OIL SP LL.,1,NA,NA
Robert,CASEY,NA,308,DOJ_CIV,2020-12-05,ROBERT CASEY,"CASEY, Robert (Bob), Jr.",CARRIER SOLUTIONS RISK RETENTION GROUP,NA,NA,NA
NA,NA,NA,310,DOJ_CIV,2020-12-05,DAN BOREN,,RADIATION EXPOSURE COMPENSATION RECA,NA,NA,NA
Robert,CASEY,NA,497,DOJ_CIV,2020-12-05,ROBERT CASEY,"CASEY, Robert (Bob), Jr.",CARRIER SOLUTIONS RISK RETENTION GROUP,NA,NA,NA
NA,NA,NA,628,DOJ_CIV,2020-12-05,CARL LEV N,,NATIONAL MORTGAGE SETTLEMENT,NA,NA,NA
NA,NA,NA,774,DOJ_CIV,2020-12-05,DOC HASTINGS,,"VA DISABILITY BENEFITS FOR SAME-SEX SPOUSE
 (b) (6) )",1,NA,NA
Robert,CASEY,NA,307,DOJ_CIV,2020-12-06,ROBERT CASEY,"CASEY, Robert (Bob), Jr.",CARRIER SOLUTIONS RISK RETENTION GROUP,NA,NA,NA
Patrick,LEAHY,NA,619,DOJ_CIV,2020-12-06,PATRICK LEAHY,"LEAHY, Patrick Joseph",TWO FALSE CLAIMS ACT CASES,1,NA,NA
Steve,DAINES,NA,752,DOJ_CIV,2020-12-06,STEVE DAINES,"DAINES, Steve",ONLINE SHORT-TERM LENDERS INDIAN COUNTRY OPERATION CHOKE POINT,NA,NA,NA
Paul,GOSAR,NA,754,DOJ_CIV,2020-12-06,PAUL A. GOSAR,"GOSAR, Paul",RECA,NA,NA,NA
NA,NA,NA,372,DOJ_CIV,2020-12-07,JO BONNER,,PROBLEMS W/ GCCF,NA,NA,NA
NA,NA,NA,491,DOJ_CIV,2020-12-07,LOUISE SLAUGHTER,,PATENT CASE (NO US NVOLVEMENT),NA,NA,NA
NA,NA,NA,667,DOJ_CIV,2020-12-07,JACK KINGSTON,,INDEPENDENT FORECLOSURE REVIEW,NA,NA,NA
Robert,CASEY,NA,309,DOJ_CIV,2020-12-08,ROBERT CASEY,"CASEY, Robert (Bob), Jr.",CARRIER SOLUTIONS RISK RETENTION GROUP,NA,NA,NA
Robert,CASEY,NA,492,DOJ_CIV,2020-12-08,ROBERT CASEY,"CASEY, Robert (Bob), Jr.",CARRIER SOLUTIONS RISK RETENTION GROUP,NA,NA,NA
NA,NA,NA,284,DOJ_CIV,2020-12-09,BILL NELSON,,ALLEG NG CRIM NAL ACTIVITY,NA,NA,NA
Marco,RUBIO,NA,501,DOJ_CIV,2020-12-09,MARCO RUBIO,"RUBIO, Marco",CRIMINAL INVESTIGATION OF BLACKSTONE,NA,NA,NA
Scott,PETERS,NA,749,DOJ_CIV,2020-12-09,SCOTT PETERS,"PETERS, Scott",OPERATION CHOKE POINT,NA,NA,NA
Johnny,ISAKSON,NA,833,DOJ_CIV,2020-12-09,JOHNNY ISAKSON,"ISAKSON, Johnny",WANTS TO RE-OPEN HER BIOANUE LABS FDA CLOSED B/C OF FDCA V OLATIONS,NA,NA,NA
NA,NA,NA,778,DOJ_CIV,2020-12-10,BILL NELSON,,SEPTEMBER 11TH VICTIMS COMPENATION FUND (VCF),NA,NA,NA
Judy,CHU,NA,340,DOJ_CIV,2020-12-11,JUDY CHU,"CHU, Judy",HAMP LOAN MODIFICATION,NA,NA,NA
Mark,WARNER,NA,829,DOJ_CIV,2020-12-11,MARK WARNER,"WARNER, Mark",CONSTITUENT FORECLOSURE ISSUES,NA,NA,NA
Steny,HOYER,NA,324,DOJ_CIV,2020-12-12,STENY HOYER,"HOYER, Steny Hamilton",BANKING COMPLAINT,NA,NA,NA
Robert,CASEY,NA,493,DOJ_CIV,2020-12-12,ROBERT CASEY,"CASEY, Robert (Bob), Jr.",CARRIER SOLUTIONS RISK RETENTION GROUP,NA,NA,NA
Frederica,WILSON,NA,507,DOJ_CIV,2020-12-12,FREDERICA WILSON,"WILSON, Frederica",CRT INVESTIGATION,NA,NA,NA
John,REED,NA,759,DOJ_CIV,2020-12-12,JACK REED,"REED, John F. (Jack)",ILLEGAL FORECLOSURE BID RIGGING,NA,NA,NA
NA,NA,NA,835,DOJ_CIV,2020-12-12,HARRY REID,,CONSTITUENT CONCERNS ABOUT USE OF EXEC PRIVLEGE IN FAST IN FUR OUS,NA,NA,NA
Michael,THOMPSON,NA,322,DOJ_CIV,2020-12-13,MIKE THOMPSON,"THOMPSON, Michael",RECA,NA,NA,NA
NA,NA,NA,500,DOJ_CIV,2020-12-13,DAN BOREN,,PIGFORD CLAIM,1,NA,NA
Robert,WITTMAN,NA,504,DOJ_CIV,2020-12-13,ROBERT J. WITTMAN,"WITTMAN, Robert J.",DIFFICULTY OBTAINING AWARD SETTLEMENT,NA,NA,NA
Kirsten,GILLIBRAND,NA,847,DOJ_CIV,2020-12-14,KIRSTEN GILLIBRAND,"GILLIBRAND, Kirsten",VCF,NA,NA,NA
Maria,CANTWELL,NA,496,DOJ_CIV,2020-12-15,MARIA CANTWELL,"CANTWELL, Maria E.",SETTLEMENT TALKS OVER MORTGAGE FRAUD,NA,NA,NA
Raul,GRIJALVA,NA,506,DOJ_CIV,2020-12-15,RAUL M. GRIJALVA,"GRIJALVA, Raúl M.",HOSPICE FAMILY CARE IN PHOENIX,NA,NA,NA
NA,NA,NA,505,DOJ_CIV,2020-12-16,JOHN F. KERRY,,SEPT 11 VCF,NA,NA,NA
NA,NA,NA,757,DOJ_CIV,2020-12-16,STEVE ISRAEL,,SEPTEMBER 11TH VICTIMS COMPENSATION FUND (VCF),NA,NA,NA
Paul,GOSAR,NA,831,DOJ_CIV,2020-12-16,PAUL GOSAR,"GOSAR, Paul",RECA,NA,NA,NA
Raul,GRIJALVA,NA,620,DOJ_CIV,2020-12-18,RAUL M. GRIJALVA,"GRIJALVA, Raúl M.",RECA,NA,NA,NA
NA,NA,NA,633,DOJ_CIV,2020-12-18,DAN BURTON,,CIVIL CASE,NA,NA,NA
John,CORNYN,NA,643,DOJ_CIV,2020-12-18,JOHN CORNYN,"CORNYN, John",INVESTIGATION REQUEST,1,NA,NA
NA,NA,NA,24,DOJ_CIV,2020-12-20,KAY HAGAN,,PROBLEM WITH INSURANCE COMPANY,NA,NA,NA
NA,NA,NA,761,DOJ_CIV,2020-12-20,JEB AND PATRICK HENSARLING AND MCHENRY,,JP MORGAN SETTLEMENT (ANTI-BL GHT PROVISIONS),NA,NA,NA
NA,NA,NA,1297,DOC_OS,2020-12-21,John Mica,,Request For Wages,NA,NA,NA
NA,NA,NA,285,DOJ_CIV,2020-12-21,BILL NELSON,,GULF COAST CLAIMS FACIL TY,1,NA,NA
John,CARTER,NA,621,DOJ_CIV,2020-12-21,JOHN CARTER,"CARTER, John R.",RECA,NA,NA,NA
Dianne,FEINSTEIN,NA,627,DOJ_CIV,2020-12-21,DIANNE FEINSTEIN,"FEINSTEIN, Dianne",CONTACT INFO FOR DOJ CONSULTANT,NA,NA,NA
Ted,LIEU,NA,959,DOJ_CIV,2020-12-21,TED LIEU,"LIEU, Ted",EXPRESSING CONCERN REGARDING THE MULTIPLE MEDIA REPORTS OF THE MEDICAL SCOPES MADE BY OLYMPUS CORPORATION THAT HAVE KILLED AND SICKENED NUMEROUS PATIENTS ACROSS AMERICA. REQUESTING AN INVESTIGAITON BY THE SECURITIES AND EXCHANGE COMMISSION FOR FRAUD AND VIOLATIONS OF U.S. SECUR TIES LAWS AND OTHER APPLICABLE LAWS.,1,NA,NA
NA,NA,NA,498,DOJ_CIV,2020-12-22,SCOTT BROWN,,CRIMINAL INVESTIGATION OF FANNIE/FREDDIE,NA,NA,NA
Charles,GRASSLEY,NA,502,DOJ_CIV,2020-12-22,CHARLES E. GRASSLEY,"GRASSLEY, Charles Ernest",RAILS TO TRAILS CASE,NA,NA,NA
NA,NA,NA,521,DOJ_CIV,2020-12-22,PAT MEEHAN,,PROPERTY OBTAINED BY DOJ,NA,NA,NA
NA,NA,NA,880,DOJ_CIV,2020-12-22,RICHARD NUGENT,,LTR ON BEHALF OF CONSTITUENT REQUESTING HELP IN GETTING HER DECEASED MOTHER S MORTGAGE IN HER NAME,1,NA,NA
NA,NA,NA,962,DOJ_CIV,2020-12-22,MICHELLE GRISHAM,,"FOLLOW UP LTR REQUESTING THAT A FEDERAL MONITOR BE PLACED AT THE RAYMOND G. MURPHY MED CAL CENTER (VA HOSPITAL) IN ALBUQUERQUE NEW MEXICO. EXPRESSING
 CONCERNS REGARDING THE CARE THAT(b) (
 (b) (6) RECEIVED AT THE VA HOSPITAL.",1,NA,NA
NA,NA,NA,511,DOJ_CIV,2020-12-23,ROBERT/JOE MENENDEZ BACA,,WOMEN AND HISPANIC FARMERS,NA,NA,NA
NA,NA,NA,756,DOJ_CIV,2020-12-23,AL FRANKEN,,(b) (6) V. UNITED STATES MESOTHELIOMA (SEE FRANKEN S PREVIOUS LETTER),1,NA,NA
NA,NA,NA,767,DOJ_CIV,2020-12-23,BILL NELSON,,MED CAL MALPRACTICE DEATH OF HIS WIFE,NA,NA,NA
NA,NA,NA,1104,DOJ_CIV,2020-12-23,ANNA/RAUL ESHOO/GRIJALVA,,WOMEN AND HISPANIC FARMERS,NA,NA,NA
NA,NA,NA,1105,DOJ_CIV,2020-12-23,ROSA/SILVESTRE DELAURO/REYES,,WOMEN AND HISPANIC FARMERS,NA,NA,NA
NA,NA,NA,1106,DOJ_CIV,2020-12-23,LUIS/JOSE GUTIERREZ/SERRANO,,WOMEN AND HISPANIC FARMERS,NA,NA,NA
NA,NA,NA,1107,DOJ_CIV,2020-12-23,GWEN/LOUISE MOORE/SLAUGHTER,,WOMEN AND HISPANIC FARMERS,NA,NA,NA
NA,NA,NA,1108,DOJ_CIV,2020-12-23,JUDY/CHARLES CHU/GONZALEZ,,WOMEN AND HISPANIC FARMERS,NA,NA,NA
Carolyn,MALONEY,NA,1109,DOJ_CIV,2020-12-23,CAROLYN MALONEY,"MALONEY, Carolyn Bosher",WOMEN AND HISPANIC FARMERS,NA,NA,NA
Peter,VISCLOSKY,NA,341,DOJ_CIV,2020-12-27,PETER J VISCLOSKY,"VISCLOSKY, Peter",PRESCRIPTION DISCOUNT SERVICE MAY POTENTIALLY BE A SCAM,NA,NA,NA
NA,NA,NA,1296,DOC_OS,2020-12-29,Jim Webb,,Followup Survey,NA,NA,NA
Theodore,DEUTCH,NA,961,DOJ_CIV,2020-12-29,TED DEUTCH,"DEUTCH, Theodore E. (Ted)","LTR ON BEHALF OF(b) (6) REQUESTING ASSISTANCE WITH SUBMITTING A CLAIM FOR
 IRANIAN HOSTAGE COMPENSATION.",1,NA,NA
Robert,ADERHOLT,NA,510,DOJ_CIV,2020-12-30,ROBERT B. ADERHOLT,"ADERHOLT, Robert",GCCF AUDIT,NA,NA,NA
Christopher,SMITH,NA,879,DOJ_CIV,2020-12-31,CHRISTOPHER SMITH,"SMITH, Christopher Henry",LTR REQUESTING INESTIGATION INTO SHNEIDER ELECTRIC PRACTICES RE MERGING PENSIONS FROM YATES-SQUARE,1,NA,NA
NA,NA,NA,2272,DOC_OS,2022-03-06,SENATOR CHARLES E.SCH UWE* (NT) (A-PRIOCl.TY),,SUPPORT LETTER -THE WO MENS ENTERPMSE C EV CENTO (WSDC) AT MAR 1ST COLLEGE EAA AN D PW’ FUNDING ASSISTANCE,NA,NA,NA
NA,NA,NA,77290,DHHS_CMS,2023-03-01,"Black, Diane",,"Letter signed by 11 Members in letter co-addressed to FDA Commissioner Margaret Hamburg, expressing concern over the growing prevalence of Neonatal Abstinence Syndrome which has become a major national health problem. As members of the Tennessee delegation, request information regarding actions HHS and FDA are taking to monitor these cases on a national level.",5,NA,NA
NA,NA,NA,77291,DHHS_CMS,2023-05-02,"Paulsen, Erik",,"While he supports CMS' efforts to reduce fraudulent and improper payments, it has come to his attention that some of these measures may be unnecessarily jeopardizing access to some of our most vulnerable medicare beneficiaries, especially in the field of prosthetics and orthotics.",5,NA,NA
NA,NA,NA,2273,DOC_OS,2024-07-17,sc rwron fatty mUioay <wa),,SJPPOTT t£-rr» - COLUMBIA RVFR POC • APV MrGJOBS APPLICATION,NA,NA,NA
NA,NA,NA,2271,DOC_OS,2028-09-01,SENATOR KIRSTEN uCL^BVNO (NY),,"SUPPORT _ma -SONY iNJTTVTl OF TECHNOLOGY- AO \SFG J012,",NA,NA,NA
NA,NA,NA,2274,DOC_OS,2032-01-06,RE’ RANDY MUttBAJE* fTXi,,SUPPORT LETTER LUCCOCK .‘CVOVATKJN s jppott xerwc rk- Texas ugh uwv,NA,NA,NA
NA,NA,NA,2266,DOC_OS,2033-04-15,SENATOR TIM KANE [VA[,,HtS (YYN’mTT’J* N'    AOVOCAT NG THE R EMOVAL OF RTVHf9lflM NAT1C HAL AOLTSd^buHOL ON INNOVATION ANC BI^RSPRENEURSHlP,NA,NA,NA
NA,NA,NA,2265,DOC_OS,2033-07-01,SENATOR BOB CORKER - (TN),,SUPPORT LETTER - ENTERPRISE CENTER - APPUCATION FOR FUNDING ASSISTANCE UNDER THE [MCP GRANT,NA,NA,NA
