LetterID,ID,DATE,year,congress,FROM,pattern,bioname,agency,SUBJECT,TYPE,ALT_TYPE,CERTAINTY,POLICY_EVENT,EVENT_NAME,EVENT_DATE,NOTES,ERROR,first_name,first_initial,common_name,middle_name,middle_initial,last_name,id,icpsr,party_code,cqlabel,state,state_abbrev,chamber,bioImgURL,seo_name,district_code,party_name,nominate.dim2,nominate.dim1,nominate.geo_mean_probability,party_size,maiden_name,first_last,first_maiden,common_last,first_middle_last,first_initial_last,common_middle_last,common_initial_last,last_comma_first,first_maiden_last,common_maiden_last,firstinitial_middleinitial_last,last_comma_initial,last_comma_commoninitial,last_comma_common,last_comma_first_maiden,chamber_last,n
NA,2,2010-09-30,2010,111,NA Levin,NA,,CNCS,Constituent (b)(6) left (b)(6) AmeriCorps commitment early and is requesting partial Ed. Award,NA,NA,NA,NA,NA,NA,Multiple Levin's FOIA,NA,NA,NA,NA,NA,NA,NA,NA,NA,NA,NA,NA,NA,,NA,NA,NA,,NA,NA,NA,NA,NA,NA,NA,NA,NA,NA,NA,NA,NA,NA,NA,NA,NA,NA,NA,NA,NA,1
NA,203,2010-04-09,2010,111,Senator Udall Mark,NA,,CNCS,Grant Support Letter - The Aspen Community Foundation (SIF),NA,NA,NA,NA,NA,NA,Multiple Udall's FOIA,NA,NA,NA,NA,NA,NA,NA,NA,NA,NA,NA,NA,NA,,NA,NA,NA,,NA,NA,NA,NA,NA,NA,NA,NA,NA,NA,NA,NA,NA,NA,NA,NA,NA,NA,NA,NA,NA,1
NA,253,2010-04-28,2010,111,Senator Udall,NA,,CNCS,Constituent (b)(6) overpaid for VISTA,NA,NA,NA,NA,NA,NA,Multiple Udall's FOIA,NA,NA,NA,NA,NA,NA,NA,NA,NA,NA,NA,NA,NA,,NA,NA,NA,,NA,NA,NA,NA,NA,NA,NA,NA,NA,NA,NA,NA,NA,NA,NA,NA,NA,NA,NA,NA,NA,1
NA,584,2011-05-12,2011,112,NA Mayor Kasim Reed,NA,,CNCS,Thanks for visit,NA,NA,NA,NA,NA,NA,Multiple Reed's FOIA,State Politician,NA,NA,NA,NA,NA,NA,NA,NA,NA,NA,NA,NA,,NA,NA,NA,,NA,NA,NA,NA,NA,NA,NA,NA,NA,NA,NA,NA,NA,NA,NA,NA,NA,NA,NA,NA,NA,1
NA,617,2011-05-24,2011,112,NA Gov. Sam Brownback,NA,,CNCS,AC Week Thank You,NA,NA,NA,NA,NA,NA,Multiple Brown's FOIA,State Politician,NA,NA,NA,NA,NA,NA,NA,NA,NA,NA,NA,NA,,NA,NA,NA,,NA,NA,NA,NA,NA,NA,NA,NA,NA,NA,NA,NA,NA,NA,NA,NA,NA,NA,NA,NA,NA,1
NA,962,2012-06-05,2012,112,NA Brown,NA,,CNCS,AC Grant support letter for Boston Teacher Residency's,NA,NA,NA,NA,NA,NA,Multiple Brown's FOIA,NA,NA,NA,NA,NA,NA,NA,NA,NA,NA,NA,NA,NA,,NA,NA,NA,,NA,NA,NA,NA,NA,NA,NA,NA,NA,NA,NA,NA,NA,NA,NA,NA,NA,NA,NA,NA,NA,1
NA,1210,2013-05-20,2013,113,NA Mayor Byron Brown Buffalo,NA,,CNCS,Thanks for Mayor's Day,NA,NA,NA,NA,NA,NA,Multiple Brown's FOIA,State Politician,NA,NA,NA,NA,NA,NA,NA,NA,NA,NA,NA,NA,,NA,NA,NA,,NA,NA,NA,NA,NA,NA,NA,NA,NA,NA,NA,NA,NA,NA,NA,NA,NA,NA,NA,NA,NA,1
NA,1357,2014-01-22,2014,113,NA Alexander,NA,,CNCS,NA,NA,NA,NA,NA,NA,NA,Multiple Alexander's FOIA,NA,NA,NA,NA,NA,NA,NA,NA,NA,NA,NA,NA,NA,,NA,NA,NA,,NA,NA,NA,NA,NA,NA,NA,NA,NA,NA,NA,NA,NA,NA,NA,NA,NA,NA,NA,NA,NA,1
NA,1381,2014-01-16,2014,113,NA Reed,NA,,CNCS,grant support: Ocean State Environmental Education Collaborative,NA,NA,NA,NA,NA,NA,Multiple Reed's FOIA,NA,NA,NA,NA,NA,NA,NA,NA,NA,NA,NA,NA,NA,,NA,NA,NA,,NA,NA,NA,NA,NA,NA,NA,NA,NA,NA,NA,NA,NA,NA,NA,NA,NA,NA,NA,NA,NA,1
NA,4,2013-11-06,2013,113,NA,NA,,DOC_NIST,Support of the New York Photonics Initiative's (NYPI) for Advanced Manufacturing Technology Cortia Program (AMTech) from (B)(6),2,4,2,NA,NA,NA,FOIA,NA FROM information,NA,NA,NA,NA,NA,NA,NA,NA,NA,NA,NA,NA,,NA,NA,NA,,NA,NA,NA,NA,NA,NA,NA,NA,NA,NA,NA,NA,NA,NA,NA,NA,NA,NA,NA,NA,NA,1
NA,5,2013-11-06,2013,113,?,NA,,DOC_NIST,Support of the FlexTech Alliance for Advanced Manufacturing Technology Cortia Program (AMTech) from (B)(6),2,4,2,NA,NA,NA,FOIA,NA,NA,NA,NA,NA,NA,NA,NA,NA,NA,NA,NA,NA,,NA,NA,NA,,NA,NA,NA,NA,NA,NA,NA,NA,NA,NA,NA,NA,NA,NA,NA,NA,NA,NA,NA,NA,NA,1
NA,6,2013-11-06,2013,113,?,NA,,DOC_NIST,Support of the New York State Manufacturing Extension Partnership for Advanced Manufacturing Technology Cortia Program (AMTech) from (B)(6),2,4,2,NA,NA,NA,FOIA,NA,NA,NA,NA,NA,NA,NA,NA,NA,NA,NA,NA,NA,,NA,NA,NA,,NA,NA,NA,NA,NA,NA,NA,NA,NA,NA,NA,NA,NA,NA,NA,NA,NA,NA,NA,NA,NA,1
NA,8,2013-11-07,2013,113,NA,NA,,DOC_NIST,(B)(6) - VA Preference from (B)(6),NA,NA,NA,NA,NA,NA,FOIA,NA FROM information,NA,NA,NA,NA,NA,NA,NA,NA,NA,NA,NA,NA,,NA,NA,NA,,NA,NA,NA,NA,NA,NA,NA,NA,NA,NA,NA,NA,NA,NA,NA,NA,NA,NA,NA,NA,NA,1
NA,12,2013-11-07,2013,113,NA,NA,,DOC_NIST,Support of the Ben Franklin Technology Partners of Southeastern Pennsylvania (BFTP/SEP) for Advanced Manufacturing Technology Cortia Program (AMTech) from (B)(6),3,NA,NA,NA,NA,NA,FOIA,NA FROM information,NA,NA,NA,NA,NA,NA,NA,NA,NA,NA,NA,NA,,NA,NA,NA,,NA,NA,NA,NA,NA,NA,NA,NA,NA,NA,NA,NA,NA,NA,NA,NA,NA,NA,NA,NA,NA,1
NA,101,2016-01-22,2016,114,?,NA,,DOC_NIST,Network for Manufacturing Innovation (NMI) Strategic Plan,4,NA,NA,NA,NA,NA,FOIA,NA,NA,NA,NA,NA,NA,NA,NA,NA,NA,NA,NA,NA,,NA,NA,NA,,NA,NA,NA,NA,NA,NA,NA,NA,NA,NA,NA,NA,NA,NA,NA,NA,NA,NA,NA,NA,NA,1
NA,920,2016-03-29,2016,114, NA ALEXANDER,NA,,DOD_USACE, CONGRESSIONAL - Alexander-multi - Concerns regarding additional costs to Tennessee communities for safety repairs at Center Hill Dam CECW-LRD,NA,NA,NA,NA,NA,NA,FOIA NA,NA,NA,NA,NA,NA,NA,NA,NA,NA,NA,NA,NA,NA,,NA,NA,NA,,NA,NA,NA,NA,NA,NA,NA,NA,NA,NA,NA,NA,NA,NA,NA,NA,NA,NA,NA,NA,NA,1
NA,925,2016-03-07,2016,114, Keith ROTHFUS,"keith rothfus|keith j rothfus|rothfus, keith|^rothfus, k$|^rothfus, na$|representative rothfus($|,)|k j rothfus","ROTHFUS, Keith",DOD_USACE, CONGRESSIONAL - Rothfus-multi - Concerns regarding the completion of the Upper Ohio Navigation Study CECW-LRD,NA,NA,NA,NA,NA,NA,FOIA NA,NA,Keith,K,NA,NA,J,ROTHFUS,MH11421357,21357,200,(PA-12),pennsylvania,PA,House,021357.jpg,keith-rothfus,12,Republican Party,0.044,0.498,0.917409653753305,251,404error,Keith ROTHFUS,404error,404error,404error,Keith J ROTHFUS,404error,404error,"ROTHFUS, Keith",404error,404error,K J ROTHFUS,"^ROTHFUS, K$","^ROTHFUS, NA$",404error,404error,"Representative ROTHFUS($|,)",1
NA,928,2016-03-01,2016,114, NA KELLY,NA,,DOD_USACE, CONGRESSIONAL - Kelly-multi - Request funding for the Presque Isle Stare Park in the FY 2016 budget CECW-LRD,NA,NA,NA,NA,NA,NA,FOIA NA,NA,NA,NA,NA,NA,NA,NA,NA,NA,NA,NA,NA,NA,,NA,NA,NA,,NA,NA,NA,NA,NA,NA,NA,NA,NA,NA,NA,NA,NA,NA,NA,NA,NA,NA,NA,NA,NA,1
NA,930,2016-02-23,2016,114, NA JOYCE,NA,,DOD_USACE, CONGRESSIONAL - Joyce-multi - Request funding for Cleveland Harbor in the FY 2016 work plan CECW-LRD,NA,NA,NA,NA,NA,NA,FOIA NA,NA,NA,NA,NA,NA,NA,NA,NA,NA,NA,NA,NA,NA,,NA,NA,NA,,NA,NA,NA,NA,NA,NA,NA,NA,NA,NA,NA,NA,NA,NA,NA,NA,NA,NA,NA,NA,NA,1
NA,931,2016-02-23,2016,114, Marcia KAPTUR,"marcia kaptur|marcia carolyn kaptur|marcia c kaptur|marcy kaptur|marcy carolyn kaptur|marcy c kaptur|kaptur, marcia|^kaptur, m$|representative kaptur($|,)|kaptur, marcy|m c kaptur","KAPTUR, Marcia Carolyn (Marcy)",DOD_USACE, CONGRESSIONAL - Kaptur-multi - Great Lakes Task Force - Request funding for the Great Lakes Navigation System in the FY 2016 work plan CECW-LRD,NA,NA,NA,NA,NA,NA,FOIA NA,NA,Marcia,M,Marcy,Carolyn,C,KAPTUR,MH11415029,15029,100,(OH-09),ohio,OH,House,015029.jpg,marcia-carolyn-marcy-kaptur,9,Democratic Party,0.109,-0.35,0.8787463668354915,190,404error,Marcia KAPTUR,404error,Marcy KAPTUR,Marcia Carolyn KAPTUR,Marcia C KAPTUR,Marcy Carolyn KAPTUR,Marcy C KAPTUR,"KAPTUR, Marcia",404error,404error,M C KAPTUR,"^KAPTUR, M$","^KAPTUR, M$","KAPTUR, Marcy",404error,"Representative KAPTUR($|,)",1
NA,936,2016-02-16,2016,114, John WARNER,NA,,DOD_USACE, CONGRESSIONAL - Warner-multi - Request funding for the Levisa and Tug Forks and Upper Cumberland River project in the FY 2016 work plan CECW-LRD,NA,NA,NA,NA,NA,NA,FOIA NA,NA,NA,NA,NA,NA,NA,NA,NA,NA,NA,NA,NA,NA,,NA,NA,NA,,NA,NA,NA,NA,NA,NA,NA,NA,NA,NA,NA,NA,NA,NA,NA,NA,NA,NA,NA,NA,NA,1
NA,937,2016-02-16,2016,114, NA BROWN,NA,,DOD_USACE, CONGRESSIONAL - Brown-multi - Request funding for the Cleveland Harbor in the FY 2016 work plan CECW-LRD,NA,NA,NA,NA,NA,NA,FOIA NA,NA,NA,NA,NA,NA,NA,NA,NA,NA,NA,NA,NA,NA,,NA,NA,NA,,NA,NA,NA,NA,NA,NA,NA,NA,NA,NA,NA,NA,NA,NA,NA,NA,NA,NA,NA,NA,NA,1
NA,938,2016-02-16,2016,114, NA KIRK,NA,,DOD_USACE, CONGRESSIONAL - Kirk-multi - Request funding for the Great Lakes Navigation System in the FY 2016 work plan CECW-LRD,NA,NA,NA,NA,NA,NA,FOIA NA,NA,NA,NA,NA,NA,NA,NA,NA,NA,NA,NA,NA,NA,,NA,NA,NA,,NA,NA,NA,NA,NA,NA,NA,NA,NA,NA,NA,NA,NA,NA,NA,NA,NA,NA,NA,NA,NA,1
NA,943,2015-12-28,2015,114, Marcia FUDGE,"marcia fudge|marcia l fudge|fudge, marcia|^fudge, m$|^fudge, na$|representative fudge($|,)|m l fudge","FUDGE, Marcia L.",DOD_USACE, CONGRESSIONAL - Fudge-multi - Supports the proposed project modification request in section 7001 of WRRDA 2014 CECW-LRD,NA,NA,NA,NA,NA,NA,FOIA NA,NA,Marcia,M,NA,L,L,FUDGE,MH11420941,20941,100,(OH-11),ohio,OH,House,020941.jpg,marcia-l-fudge,11,Democratic Party,0.14,-0.58,0.9180669193218902,190,404error,Marcia FUDGE,404error,404error,Marcia L FUDGE,Marcia L FUDGE,404error,404error,"FUDGE, Marcia",404error,404error,M L FUDGE,"^FUDGE, M$","^FUDGE, NA$",404error,404error,"Representative FUDGE($|,)",1
NA,944,2015-12-28,2015,114, Richard DURBIN,"richard durbin|richard joseph durbin|richard j durbin|dick durbin|dick joseph durbin|dick j durbin|durbin, richard|^durbin, r$|^durbin, d$|senator durbin($|,)|durbin, dick|r j durbin","DURBIN, Richard Joseph",DOD_USACE, CONGRESSIONAL - Durbin-multi - Supports funding for McCook Reservoir CECW-LRD,NA,NA,NA,NA,NA,NA,FOIA NA,NA,Richard,R,Dick,Joseph,J,DURBIN,MS11415021,15021,100,(IL),illinois,IL,Senate,015021.jpg,richard-joseph-durbin,0,Democratic Party,-0.351,-0.356,0.9096082636271269,44,404error,Richard DURBIN,404error,Dick DURBIN,Richard Joseph DURBIN,Richard J DURBIN,Dick Joseph DURBIN,Dick J DURBIN,"DURBIN, Richard",404error,404error,R J DURBIN,"^DURBIN, R$","^DURBIN, D$","DURBIN, Dick",404error,"Senator DURBIN($|,)",1
NA,945,2015-12-21,2015,114, NA BROWN,NA,,DOD_USACE, CONGRESSIONAL - Brown-multi - Supports the proposed project modification request in section 7001 of WRRDA 2014 for Smale Riverfront Project CECW-LRD,NA,NA,NA,NA,NA,NA,FOIA NA,NA,NA,NA,NA,NA,NA,NA,NA,NA,NA,NA,NA,NA,,NA,NA,NA,,NA,NA,NA,NA,NA,NA,NA,NA,NA,NA,NA,NA,NA,NA,NA,NA,NA,NA,NA,NA,NA,1
NA,952,2015-11-06,2015,114, Deborah STABENOW,"deborah stabenow|deborah ann stabenow|deborah a stabenow|(deb|debbie) stabenow|(deb|debbie) ann stabenow|(deb|debbie) a stabenow|stabenow, deborah|^stabenow, d$|senator stabenow($|,)|stabenow, (deb|debbie)|d a stabenow","STABENOW, Deborah Ann",DOD_USACE, CONGRESSIONAL - Stabenow-multi - Supports funding for the City of New Buffalo shoreline beach nourishment CECW-LRD,NA,NA,NA,NA,NA,NA,FOIA NA,NA,Deborah,D,(Deb|Debbie),Ann,A,STABENOW,MS11429732,29732,100,(MI),michigan,MI,Senate,029732.jpg,deborah-ann-stabenow,0,Democratic Party,0.017,-0.336,0.8916576497793952,44,404error,Deborah STABENOW,404error,(Deb|Debbie) STABENOW,Deborah Ann STABENOW,Deborah A STABENOW,(Deb|Debbie) Ann STABENOW,(Deb|Debbie) A STABENOW,"STABENOW, Deborah",404error,404error,D A STABENOW,"^STABENOW, D$","^STABENOW, D$","STABENOW, (Deb|Debbie)",404error,"Senator STABENOW($|,)",1
NA,953,2015-11-06,2015,114, Deborah STABENOW,"deborah stabenow|deborah ann stabenow|deborah a stabenow|(deb|debbie) stabenow|(deb|debbie) ann stabenow|(deb|debbie) a stabenow|stabenow, deborah|^stabenow, d$|senator stabenow($|,)|stabenow, (deb|debbie)|d a stabenow","STABENOW, Deborah Ann",DOD_USACE, CONGRESSIONAL - Stabenow-multi - Supports funding for the City of New Buffalo shoreline beach nourishment CECW-LRD,NA,NA,NA,NA,NA,NA,FOIA NA,NA,Deborah,D,(Deb|Debbie),Ann,A,STABENOW,MS11429732,29732,100,(MI),michigan,MI,Senate,029732.jpg,deborah-ann-stabenow,0,Democratic Party,0.017,-0.336,0.8916576497793952,44,404error,Deborah STABENOW,404error,(Deb|Debbie) STABENOW,Deborah Ann STABENOW,Deborah A STABENOW,(Deb|Debbie) Ann STABENOW,(Deb|Debbie) A STABENOW,"STABENOW, Deborah",404error,404error,D A STABENOW,"^STABENOW, D$","^STABENOW, D$","STABENOW, (Deb|Debbie)",404error,"Senator STABENOW($|,)",1
NA,373,2011-06-14,2011,112,Jim Bates ,NA,,DOJ_EOIR,Requesting a motion to reopen the case of (b)(6) due to ineffective counsel.  (WF  2385799),NA,NA,NA,NA,NA,NA,Jim Bates FOIA,NA,NA,NA,NA,NA,NA,NA,NA,NA,NA,NA,NA,NA,,NA,NA,NA,,NA,NA,NA,NA,NA,NA,NA,NA,NA,NA,NA,NA,NA,NA,NA,NA,NA,NA,NA,NA,NA,1
NA,218,2007-01-30,2007,110,20 Others,NA,,DOL_SOL,Final OSHA Regs on Employer Payment for Personal Protective Equipment,NA,NA,NA,NA,NA,NA,"Multiple Unnamed Members, FOIA",NA,NA,NA,NA,NA,NA,NA,NA,NA,NA,NA,NA,NA,,NA,NA,NA,,NA,NA,NA,NA,NA,NA,NA,NA,NA,NA,NA,NA,NA,NA,NA,NA,NA,NA,NA,NA,NA,1
NA,252,2007-02-01,2007,110,11 Others,NA,,DOL_SOL,Proposed Rules Changes to Workforce Investment Act (WIA) & Wagner-Peyer Act,NA,NA,NA,NA,NA,NA,"Multiple Unnamed Members, FOIA",NA,NA,NA,NA,NA,NA,NA,NA,NA,NA,NA,NA,NA,,NA,NA,NA,,NA,NA,NA,NA,NA,NA,NA,NA,NA,NA,NA,NA,NA,NA,NA,NA,NA,NA,NA,NA,NA,1
NA,388,2007-02-20,2007,110,51 Others,NA,,DOL_SOL,Family Medical Leave Act (FMLA) Comments - Response to RFI Published 12/01/2006,NA,NA,NA,NA,NA,NA,"Multiple Unnamed Members, FOIA",NA,NA,NA,NA,NA,NA,NA,NA,NA,NA,NA,NA,NA,,NA,NA,NA,,NA,NA,NA,NA,NA,NA,NA,NA,NA,NA,NA,NA,NA,NA,NA,NA,NA,NA,NA,NA,NA,1
NA,522,2007-03-02,2007,110,14 Others,NA,,DOL_SOL,Support Request for Trade Adjustment Assistance (TAA),NA,NA,NA,NA,NA,NA,"Multiple Unnamed Members, FOIA",NA,NA,NA,NA,NA,NA,NA,NA,NA,NA,NA,NA,NA,,NA,NA,NA,,NA,NA,NA,NA,NA,NA,NA,NA,NA,NA,NA,NA,NA,NA,NA,NA,NA,NA,NA,NA,NA,1
NA,618,2007-03-12,2007,110,Representative Udall,NA,,DOL_SOL,Request Info About Beryllium- Related Claims in Relation to Vendors Under EEOICPA,NA,NA,NA,NA,NA,NA,Multiple Udall's FOIA,NA,NA,NA,NA,NA,NA,NA,NA,NA,NA,NA,NA,NA,,NA,NA,NA,,NA,NA,NA,NA,NA,NA,NA,NA,NA,NA,NA,NA,NA,NA,NA,NA,NA,NA,NA,NA,NA,1
NA,1229,2007-05-03,2007,110,25 Others,NA,,DOL_SOL,Restore Funding to WB for Women Work! and Other Initiatives for Women,NA,NA,NA,NA,NA,NA,"Multiple Unnamed Members, FOIA",NA,NA,NA,NA,NA,NA,NA,NA,NA,NA,NA,NA,NA,,NA,NA,NA,,NA,NA,NA,NA,NA,NA,NA,NA,NA,NA,NA,NA,NA,NA,NA,NA,NA,NA,NA,NA,NA,1
NA,1293,2007-05-08,2007,110,3 Others,NA,,DOL_SOL,Requesting Information About Telework Progs At DOL/Current Data for Each Office,NA,NA,NA,NA,NA,NA,"Multiple Unnamed Members, FOIA",NA,NA,NA,NA,NA,NA,NA,NA,NA,NA,NA,NA,NA,,NA,NA,NA,,NA,NA,NA,NA,NA,NA,NA,NA,NA,NA,NA,NA,NA,NA,NA,NA,NA,NA,NA,NA,NA,1
NA,1413,2007-05-21,2007,110,3 Others,NA,,DOL_SOL,Support for the CA Partnership for San Joaquin Valley WIRED Grant Proposal,NA,NA,NA,NA,NA,NA,"Multiple Unnamed Members, FOIA",NA,NA,NA,NA,NA,NA,NA,NA,NA,NA,NA,NA,NA,,NA,NA,NA,,NA,NA,NA,NA,NA,NA,NA,NA,NA,NA,NA,NA,NA,NA,NA,NA,NA,NA,NA,NA,NA,1
NA,1471,2007-05-25,2007,110,Senator Others,NA,,DOL_SOL,"Support for the WIRED Initiative, the FUTURE NEOhio Initiative is for Econ Dev",NA,NA,NA,NA,NA,NA,"Multiple Unnamed Members, FOIA",NA,NA,NA,NA,NA,NA,NA,NA,NA,NA,NA,NA,NA,,NA,NA,NA,,NA,NA,NA,NA,NA,NA,NA,NA,NA,NA,NA,NA,NA,NA,NA,NA,NA,NA,NA,NA,NA,1
NA,1557,2007-06-05,2007,110,12 Others,NA,,DOL_SOL,Request Sufficient Funding for Part B of the EEOICPA in Fiscal Year 2007,NA,NA,NA,NA,NA,NA,"Multiple Unnamed Members, FOIA",NA,NA,NA,NA,NA,NA,NA,NA,NA,NA,NA,NA,NA,,NA,NA,NA,,NA,NA,NA,NA,NA,NA,NA,NA,NA,NA,NA,NA,NA,NA,NA,NA,NA,NA,NA,NA,NA,1
NA,1941,2007-07-13,2007,110,"25 Other Cong,",NA,,DOL_SOL,Opposed OSHA's Proposed Rule on Explosives,NA,NA,NA,NA,NA,NA,"Multiple Unnamed Members, FOIA",NA,NA,NA,NA,NA,NA,NA,NA,NA,NA,NA,NA,NA,,NA,NA,NA,,NA,NA,NA,NA,NA,NA,NA,NA,NA,NA,NA,NA,NA,NA,NA,NA,NA,NA,NA,NA,NA,1
NA,2253,2007-08-09,2007,110,24 Others,NA,,DOL_SOL,Delays in H-2A Labor Certification Prog & the Impact on NYs Agriculture Industry,NA,NA,NA,NA,NA,NA,"Multiple Unnamed Members, FOIA",NA,NA,NA,NA,NA,NA,NA,NA,NA,NA,NA,NA,NA,,NA,NA,NA,,NA,NA,NA,NA,NA,NA,NA,NA,NA,NA,NA,NA,NA,NA,NA,NA,NA,NA,NA,NA,NA,1
NA,2739,2007-10-03,2007,110,6 Others,NA,,DOL_SOL,Special Textile Safeguards of CAFTA on Honduras Sock Imports/Sock Safeguard,NA,NA,NA,NA,NA,NA,"Multiple Unnamed Members, FOIA",NA,NA,NA,NA,NA,NA,NA,NA,NA,NA,NA,NA,NA,,NA,NA,NA,,NA,NA,NA,NA,NA,NA,NA,NA,NA,NA,NA,NA,NA,NA,NA,NA,NA,NA,NA,NA,NA,1
NA,2851,2007-10-16,2007,110,3 Others,NA,,DOL_SOL,Support to Keep the EEOICPA Office of the Ombudsman in Operation,NA,NA,NA,NA,NA,NA,"Multiple Unnamed Members, FOIA",NA,NA,NA,NA,NA,NA,NA,NA,NA,NA,NA,NA,NA,,NA,NA,NA,,NA,NA,NA,NA,NA,NA,NA,NA,NA,NA,NA,NA,NA,NA,NA,NA,NA,NA,NA,NA,NA,1
NA,2887,2007-10-22,2007,110,32 Others,NA,,DOL_SOL,Block the Acquisition of the 3Com Corp. by Bain Capital & China's Huawei Techn.,NA,NA,NA,NA,NA,NA,"Multiple Unnamed Members, FOIA",NA,NA,NA,NA,NA,NA,NA,NA,NA,NA,NA,NA,NA,,NA,NA,NA,,NA,NA,NA,NA,NA,NA,NA,NA,NA,NA,NA,NA,NA,NA,NA,NA,NA,NA,NA,NA,NA,1
NA,2908,2007-10-23,2007,110,24 Others,NA,,DOL_SOL,Sock Safeguards/Surging Honduran Sock Imports Which Will Impose Pre-CAFTA Tariff,NA,NA,NA,NA,NA,NA,"Multiple Unnamed Members, FOIA",NA,NA,NA,NA,NA,NA,NA,NA,NA,NA,NA,NA,NA,,NA,NA,NA,,NA,NA,NA,NA,NA,NA,NA,NA,NA,NA,NA,NA,NA,NA,NA,NA,NA,NA,NA,NA,NA,1
NA,2916,2007-10-24,2007,110,9 Others,NA,,DOL_SOL,Support Grant to Establish Training Program for Dislocated Workers,NA,NA,NA,NA,NA,NA,"Multiple Unnamed Members, FOIA",NA,NA,NA,NA,NA,NA,NA,NA,NA,NA,NA,NA,NA,,NA,NA,NA,,NA,NA,NA,NA,NA,NA,NA,NA,NA,NA,NA,NA,NA,NA,NA,NA,NA,NA,NA,NA,NA,1
NA,2918,2007-10-24,2007,110,13 Others,NA,,DOL_SOL,Concern Over Announced Acquisition of the 3Com Corporation,NA,NA,NA,NA,NA,NA,"Multiple Unnamed Members, FOIA",NA,NA,NA,NA,NA,NA,NA,NA,NA,NA,NA,NA,NA,,NA,NA,NA,,NA,NA,NA,NA,NA,NA,NA,NA,NA,NA,NA,NA,NA,NA,NA,NA,NA,NA,NA,NA,NA,1
NA,3076,2007-11-13,2007,110,2 Others,NA,,DOL_SOL,"Support DOL EEOICPA Decision On 775 Rocky Flats Wkrs, Bldg. 881 Under SEC Status",NA,NA,NA,NA,NA,NA,"Multiple Unnamed Members, FOIA",NA,NA,NA,NA,NA,NA,NA,NA,NA,NA,NA,NA,NA,,NA,NA,NA,,NA,NA,NA,NA,NA,NA,NA,NA,NA,NA,NA,NA,NA,NA,NA,NA,NA,NA,NA,NA,NA,1
NA,3335,2007-12-21,2007,110,3 Others,NA,,DOL_SOL,DOL to Postpone Implementation of the New LM-30 Regulation,NA,NA,NA,NA,NA,NA,"Multiple Unnamed Members, FOIA",NA,NA,NA,NA,NA,NA,NA,NA,NA,NA,NA,NA,NA,,NA,NA,NA,,NA,NA,NA,NA,NA,NA,NA,NA,NA,NA,NA,NA,NA,NA,NA,NA,NA,NA,NA,NA,NA,1
NA,3553,2008-01-29,2008,110,92 Others,NA,,DOL_SOL,H-2B Visa Prog Offers Assist to Small Businesses Who Cannot Hire Enough Workers,NA,NA,NA,NA,NA,NA,"Multiple Unnamed Members, FOIA",NA,NA,NA,NA,NA,NA,NA,NA,NA,NA,NA,NA,NA,,NA,NA,NA,,NA,NA,NA,NA,NA,NA,NA,NA,NA,NA,NA,NA,NA,NA,NA,NA,NA,NA,NA,NA,NA,1
NA,3775,2008-02-20,2008,110,90 Others,NA,,DOL_SOL,H-2B Visas Program to Assist Small Businesses Who Cannot Hire Enough Workers,NA,NA,NA,NA,NA,NA,"Multiple Unnamed Members, FOIA",NA,NA,NA,NA,NA,NA,NA,NA,NA,NA,NA,NA,NA,,NA,NA,NA,,NA,NA,NA,NA,NA,NA,NA,NA,NA,NA,NA,NA,NA,NA,NA,NA,NA,NA,NA,NA,NA,1
NA,4092,2008-03-25,2008,110,Representative Udall,NA,,DOL_SOL,Support for High-Growth Job Trng Grant to Produce Electric Utilties Workforce,NA,NA,NA,NA,NA,NA,Multiple Udall's FOIA,NA,NA,NA,NA,NA,NA,NA,NA,NA,NA,NA,NA,NA,,NA,NA,NA,,NA,NA,NA,NA,NA,NA,NA,NA,NA,NA,NA,NA,NA,NA,NA,NA,NA,NA,NA,NA,NA,1
NA,4299,2008-04-17,2008,110,Representative Udall,NA,,DOL_SOL,Workers or Survivors Are Denied Benefits Under SEC by Bulletin 8-14/EEOICPA,NA,NA,NA,NA,NA,NA,Multiple Udall's FOIA,NA,NA,NA,NA,NA,NA,NA,NA,NA,NA,NA,NA,NA,,NA,NA,NA,,NA,NA,NA,NA,NA,NA,NA,NA,NA,NA,NA,NA,NA,NA,NA,NA,NA,NA,NA,NA,NA,1
NA,4417,2008-04-30,2008,110,16 Other,NA,,DOL_SOL,"NEG for 1,200 Dislocated Workers of Aloha & ATA Airlines",NA,NA,NA,NA,NA,NA,"Multiple Unnamed Members, FOIA",NA,NA,NA,NA,NA,NA,NA,NA,NA,NA,NA,NA,NA,,NA,NA,NA,,NA,NA,NA,NA,NA,NA,NA,NA,NA,NA,NA,NA,NA,NA,NA,NA,NA,NA,NA,NA,NA,1
NA,4469,2008-05-06,2008,110,15 Others,NA,,DOL_SOL,Support Michigan's Request for Trade Adjustment Assistance (TAA) & NEG Funds,NA,NA,NA,NA,NA,NA,"Multiple Unnamed Members, FOIA",NA,NA,NA,NA,NA,NA,NA,NA,NA,NA,NA,NA,NA,,NA,NA,NA,,NA,NA,NA,NA,NA,NA,NA,NA,NA,NA,NA,NA,NA,NA,NA,NA,NA,NA,NA,NA,NA,1
NA,4625,2008-05-21,2008,110,3 Others,NA,,DOL_SOL,Support High Growth Job Training Initiative for Energy Industry & Construction,NA,NA,NA,NA,NA,NA,"Multiple Unnamed Members, FOIA",NA,NA,NA,NA,NA,NA,NA,NA,NA,NA,NA,NA,NA,,NA,NA,NA,,NA,NA,NA,NA,NA,NA,NA,NA,NA,NA,NA,NA,NA,NA,NA,NA,NA,NA,NA,NA,NA,1
NA,4735,2008-06-03,2008,110,5 Others,NA,,DOL_SOL,NEG for Approximately 350 Displaced Airline Workers/Individual Trng Account (ITA,NA,NA,NA,NA,NA,NA,"Multiple Unnamed Members, FOIA",NA,NA,NA,NA,NA,NA,NA,NA,NA,NA,NA,NA,NA,,NA,NA,NA,,NA,NA,NA,NA,NA,NA,NA,NA,NA,NA,NA,NA,NA,NA,NA,NA,NA,NA,NA,NA,NA,1
NA,4865,2008-06-17,2008,110,7 Others,NA,,DOL_SOL,NEG for Displaced Workers & Businesses Affected by 11 Tornadoes & Flooding,NA,NA,NA,NA,NA,NA,"Multiple Unnamed Members, FOIA",NA,NA,NA,NA,NA,NA,NA,NA,NA,NA,NA,NA,NA,,NA,NA,NA,,NA,NA,NA,NA,NA,NA,NA,NA,NA,NA,NA,NA,NA,NA,NA,NA,NA,NA,NA,NA,NA,1
NA,4890,2008-06-18,2008,110,14 Others,NA,,DOL_SOL,Crane Collapse in NYC/Request Overdue Safety Standards for Cranes & Derricks,NA,NA,NA,NA,NA,NA,"Multiple Unnamed Members, FOIA",NA,NA,NA,NA,NA,NA,NA,NA,NA,NA,NA,NA,NA,,NA,NA,NA,,NA,NA,NA,NA,NA,NA,NA,NA,NA,NA,NA,NA,NA,NA,NA,NA,NA,NA,NA,NA,NA,1
NA,5115,2008-07-15,2008,110,4 Others,NA,,DOL_SOL,Demo Projects Proposal for Funding & Technical Asst to Help Flooding Industries,NA,NA,NA,NA,NA,NA,"Multiple Unnamed Members, FOIA",NA,NA,NA,NA,NA,NA,NA,NA,NA,NA,NA,NA,NA,,NA,NA,NA,,NA,NA,NA,NA,NA,NA,NA,NA,NA,NA,NA,NA,NA,NA,NA,NA,NA,NA,NA,NA,NA,1
NA,5191,2008-07-23,2008,110,6 Others,NA,,DOL_SOL,Unsafe Working Conditions for Construction Workers,NA,NA,NA,NA,NA,NA,"Multiple Unnamed Members, FOIA",NA,NA,NA,NA,NA,NA,NA,NA,NA,NA,NA,NA,NA,,NA,NA,NA,,NA,NA,NA,NA,NA,NA,NA,NA,NA,NA,NA,NA,NA,NA,NA,NA,NA,NA,NA,NA,NA,1
NA,5327,2008-08-06,2008,110,2 Others,NA,,DOL_SOL,Withdraw Citation Guidance Related to Tree Trimming & Tree Removal Operations,NA,NA,NA,NA,NA,NA,"Multiple Unnamed Members, FOIA",NA,NA,NA,NA,NA,NA,NA,NA,NA,NA,NA,NA,NA,,NA,NA,NA,,NA,NA,NA,NA,NA,NA,NA,NA,NA,NA,NA,NA,NA,NA,NA,NA,NA,NA,NA,NA,NA,1
NA,5488,2008-08-22,2008,110,5 Others,NA,,DOL_SOL,Support Indiana's NEG for Workers Dislocated in the RV Industry,NA,NA,NA,NA,NA,NA,"Multiple Unnamed Members, FOIA",NA,NA,NA,NA,NA,NA,NA,NA,NA,NA,NA,NA,NA,,NA,NA,NA,,NA,NA,NA,NA,NA,NA,NA,NA,NA,NA,NA,NA,NA,NA,NA,NA,NA,NA,NA,NA,NA,1
NA,5527,2008-08-27,2008,110,14 Others,NA,,DOL_SOL,"NEG to Assist in Economic Recovery from a Possible Closure in Wilmington, OH",NA,NA,NA,NA,NA,NA,"Multiple Unnamed Members, FOIA",NA,NA,NA,NA,NA,NA,NA,NA,NA,NA,NA,NA,NA,,NA,NA,NA,,NA,NA,NA,NA,NA,NA,NA,NA,NA,NA,NA,NA,NA,NA,NA,NA,NA,NA,NA,NA,NA,1
NA,5847,2008-10-03,2008,110,8 Others,NA,,DOL_SOL,Request for Asssistance to Preserve Existing Jobs & Retain Displaced NY Workers,NA,NA,NA,NA,NA,NA,"Multiple Unnamed Members, FOIA",NA,NA,NA,NA,NA,NA,NA,NA,NA,NA,NA,NA,NA,,NA,NA,NA,,NA,NA,NA,NA,NA,NA,NA,NA,NA,NA,NA,NA,NA,NA,NA,NA,NA,NA,NA,NA,NA,1
NA,5871,2008-10-08,2008,110,5 Others,NA,,DOL_SOL,Proposed MSHA Drug & Alcohol Testing Rule/Reconsider the Provision,NA,NA,NA,NA,NA,NA,"Multiple Unnamed Members, FOIA",NA,NA,NA,NA,NA,NA,NA,NA,NA,NA,NA,NA,NA,,NA,NA,NA,,NA,NA,NA,NA,NA,NA,NA,NA,NA,NA,NA,NA,NA,NA,NA,NA,NA,NA,NA,NA,NA,1
NA,6255,2008-11-25,2008,110,4 Others,NA,,DOL_SOL,NEG for $48M to Address the Needs of Financial Service Industry Workers,NA,NA,NA,NA,NA,NA,"Multiple Unnamed Members, FOIA",NA,NA,NA,NA,NA,NA,NA,NA,NA,NA,NA,NA,NA,,NA,NA,NA,,NA,NA,NA,NA,NA,NA,NA,NA,NA,NA,NA,NA,NA,NA,NA,NA,NA,NA,NA,NA,NA,1
NA,6265,2008-11-26,2008,110,11 Others,NA,,DOL_SOL,Proposed Rule Making Protecting the Privacy of Workers/Extend the Comment Period,NA,NA,NA,NA,NA,NA,"Multiple Unnamed Members, FOIA",NA,NA,NA,NA,NA,NA,NA,NA,NA,NA,NA,NA,NA,,NA,NA,NA,,NA,NA,NA,NA,NA,NA,NA,NA,NA,NA,NA,NA,NA,NA,NA,NA,NA,NA,NA,NA,NA,1
NA,6338,2008-12-05,2008,110,Representative Udall,NA,,DOL_SOL,Trade Adjustment Assistance (TAA) for Approximately 600 Displaced Workers,NA,NA,NA,NA,NA,NA,Multiple Udall's FOIA,NA,NA,NA,NA,NA,NA,NA,NA,NA,NA,NA,NA,NA,,NA,NA,NA,,NA,NA,NA,NA,NA,NA,NA,NA,NA,NA,NA,NA,NA,NA,NA,NA,NA,NA,NA,NA,NA,1
NA,7611,2009-04-27,2009,111,28 Others,NA,,DOL_SOL,Oppose Notice to Withdraw Final Rule Requiring Union Annual Financial Reports,NA,NA,NA,NA,NA,NA,"Multiple Unnamed Members, FOIA",NA,NA,NA,NA,NA,NA,NA,NA,NA,NA,NA,NA,NA,,NA,NA,NA,,NA,NA,NA,NA,NA,NA,NA,NA,NA,NA,NA,NA,NA,NA,NA,NA,NA,NA,NA,NA,NA,1
NA,7683,2009-04-30,2009,111,11 Others,NA,,DOL_SOL,Oppose DOL's Mandate that State Merit Staff (ES) Administer Change of TAA Prog.,NA,NA,NA,NA,NA,NA,"Multiple Unnamed Members, FOIA",NA,NA,NA,NA,NA,NA,NA,NA,NA,NA,NA,NA,NA,,NA,NA,NA,,NA,NA,NA,NA,NA,NA,NA,NA,NA,NA,NA,NA,NA,NA,NA,NA,NA,NA,NA,NA,NA,1
NA,7718,2009-05-04,2009,111,7 Others,NA,,DOL_SOL,Oppose DOL Mandate that State Merit Staff the TAA Program,NA,NA,NA,NA,NA,NA,"Multiple Unnamed Members, FOIA",NA,NA,NA,NA,NA,NA,NA,NA,NA,NA,NA,NA,NA,,NA,NA,NA,,NA,NA,NA,NA,NA,NA,NA,NA,NA,NA,NA,NA,NA,NA,NA,NA,NA,NA,NA,NA,NA,1
NA,7913,2009-05-19,2009,111,32 Others,NA,,DOL_SOL,"Eliminating the FLSA ""Companionship"" Exemption for Home Care Workers",NA,NA,NA,NA,NA,NA,"Multiple Unnamed Members, FOIA",NA,NA,NA,NA,NA,NA,NA,NA,NA,NA,NA,NA,NA,,NA,NA,NA,,NA,NA,NA,NA,NA,NA,NA,NA,NA,NA,NA,NA,NA,NA,NA,NA,NA,NA,NA,NA,NA,1
NA,8159,2009-06-10,2009,111,16 Others,NA,,DOL_SOL,Support for Michigan's Application for Three (3) Regional Economic Impact NEGs,NA,NA,NA,NA,NA,NA,"Multiple Unnamed Members, FOIA",NA,NA,NA,NA,NA,NA,NA,NA,NA,NA,NA,NA,NA,,NA,NA,NA,,NA,NA,NA,NA,NA,NA,NA,NA,NA,NA,NA,NA,NA,NA,NA,NA,NA,NA,NA,NA,NA,1
NA,8241,2009-06-16,2009,111,12 Others,NA,,DOL_SOL,Eliminate FLSA Companionship Exemption for Professional Caretakers,NA,NA,NA,NA,NA,NA,"Multiple Unnamed Members, FOIA",NA,NA,NA,NA,NA,NA,NA,NA,NA,NA,NA,NA,NA,,NA,NA,NA,,NA,NA,NA,NA,NA,NA,NA,NA,NA,NA,NA,NA,NA,NA,NA,NA,NA,NA,NA,NA,NA,1
NA,8277,2009-06-18,2009,111,3 Others,NA,,DOL_SOL,"Support for TAA Petition, Workers at Questa Mine",NA,NA,NA,NA,NA,NA,"Multiple Unnamed Members, FOIA",NA,NA,NA,NA,NA,NA,NA,NA,NA,NA,NA,NA,NA,,NA,NA,NA,,NA,NA,NA,NA,NA,NA,NA,NA,NA,NA,NA,NA,NA,NA,NA,NA,NA,NA,NA,NA,NA,1
NA,8279,2009-06-18,2009,111,Senator Udall,NA,,DOL_SOL,"Support for TAA Petition, Workers at Gold Canyon Mining & Construction",NA,NA,NA,NA,NA,NA,Multiple Udall's FOIA,NA,NA,NA,NA,NA,NA,NA,NA,NA,NA,NA,NA,NA,,NA,NA,NA,,NA,NA,NA,NA,NA,NA,NA,NA,NA,NA,NA,NA,NA,NA,NA,NA,NA,NA,NA,NA,NA,1
NA,8282,2009-06-18,2009,111,Senator Udall,NA,,DOL_SOL,"Support for TAA Petition, Workers at the Morenci Mine",NA,NA,NA,NA,NA,NA,Multiple Udall's FOIA,NA,NA,NA,NA,NA,NA,NA,NA,NA,NA,NA,NA,NA,,NA,NA,NA,,NA,NA,NA,NA,NA,NA,NA,NA,NA,NA,NA,NA,NA,NA,NA,NA,NA,NA,NA,NA,NA,1
NA,8481,2009-07-08,2009,111,23 Others,NA,,DOL_SOL,Request DOL Special Assistant for Farmworker Issues,NA,NA,NA,NA,NA,NA,"Multiple Unnamed Members, FOIA",NA,NA,NA,NA,NA,NA,NA,NA,NA,NA,NA,NA,NA,,NA,NA,NA,,NA,NA,NA,NA,NA,NA,NA,NA,NA,NA,NA,NA,NA,NA,NA,NA,NA,NA,NA,NA,NA,1
NA,8487,2009-07-09,2009,111,11 Others,NA,,DOL_SOL,Wage Classifications for ARRA Weatherization Programs,NA,NA,NA,NA,NA,NA,"Multiple Unnamed Members, FOIA",NA,NA,NA,NA,NA,NA,NA,NA,NA,NA,NA,NA,NA,,NA,NA,NA,,NA,NA,NA,NA,NA,NA,NA,NA,NA,NA,NA,NA,NA,NA,NA,NA,NA,NA,NA,NA,NA,1
NA,8700,2009-07-28,2009,111,12 Others,NA,,DOL_SOL,Allocate Necessary Resources for Increased Demands of TAA Prog./ ARRA,NA,NA,NA,NA,NA,NA,"Multiple Unnamed Members, FOIA",NA,NA,NA,NA,NA,NA,NA,NA,NA,NA,NA,NA,NA,,NA,NA,NA,,NA,NA,NA,NA,NA,NA,NA,NA,NA,NA,NA,NA,NA,NA,NA,NA,NA,NA,NA,NA,NA,1
NA,8898,2009-08-18,2009,111,23 Others,NA,,DOL_SOL,Regulations for Mental Health Parity and Addiction Equity Act of 2008,NA,NA,NA,NA,NA,NA,"Multiple Unnamed Members, FOIA",NA,NA,NA,NA,NA,NA,NA,NA,NA,NA,NA,NA,NA,,NA,NA,NA,,NA,NA,NA,NA,NA,NA,NA,NA,NA,NA,NA,NA,NA,NA,NA,NA,NA,NA,NA,NA,NA,1
NA,9313,2009-09-28,2009,111,72 Others,NA,,DOL_SOL,Urge Issuance of Regs to Implement the Mental Health Parity & Addiction Act,NA,NA,NA,NA,NA,NA,"Multiple Unnamed Members, FOIA",NA,NA,NA,NA,NA,NA,NA,NA,NA,NA,NA,NA,NA,,NA,NA,NA,,NA,NA,NA,NA,NA,NA,NA,NA,NA,NA,NA,NA,NA,NA,NA,NA,NA,NA,NA,NA,NA,1
NA,9809,2009-11-09,2009,111,10 Others,NA,,DOL_SOL,Oppose Proposed Changes in H-2A Agricultural Guest Worker Program,NA,NA,NA,NA,NA,NA,"Multiple Unnamed Members, FOIA",NA,NA,NA,NA,NA,NA,NA,NA,NA,NA,NA,NA,NA,,NA,NA,NA,,NA,NA,NA,NA,NA,NA,NA,NA,NA,NA,NA,NA,NA,NA,NA,NA,NA,NA,NA,NA,NA,1
NA,9924,2009-11-23,2009,111,4 Others,NA,,DOL_SOL,Support High Growth & Emerging Industries $5M Grant for Shortages in Health Care,NA,NA,NA,NA,NA,NA,"Multiple Unnamed Members, FOIA",NA,NA,NA,NA,NA,NA,NA,NA,NA,NA,NA,NA,NA,,NA,NA,NA,,NA,NA,NA,NA,NA,NA,NA,NA,NA,NA,NA,NA,NA,NA,NA,NA,NA,NA,NA,NA,NA,1
NA,10065,2009-12-08,2009,111,6 Others,NA,,DOL_SOL,Support Implementation of Interim Final Regulation Under GINA,NA,NA,NA,NA,NA,NA,"Multiple Unnamed Members, FOIA",NA,NA,NA,NA,NA,NA,NA,NA,NA,NA,NA,NA,NA,,NA,NA,NA,,NA,NA,NA,NA,NA,NA,NA,NA,NA,NA,NA,NA,NA,NA,NA,NA,NA,NA,NA,NA,NA,1
NA,10193,2009-12-23,2009,111,8 Others,NA,,DOL_SOL,Congratulation on Your Confirmation as Assistant Secretary of Labor for OSHA,NA,NA,NA,NA,NA,NA,"Multiple Unnamed Members, FOIA",NA,NA,NA,NA,NA,NA,NA,NA,NA,NA,NA,NA,NA,,NA,NA,NA,,NA,NA,NA,NA,NA,NA,NA,NA,NA,NA,NA,NA,NA,NA,NA,NA,NA,NA,NA,NA,NA,1
NA,10250,2009-12-30,2009,111,5 Others,NA,,DOL_SOL,Consortium of Concerned in Response to ETA's July Notice of Funding Under ARRA,NA,NA,NA,NA,NA,NA,"Multiple Unnamed Members, FOIA",NA,NA,NA,NA,NA,NA,NA,NA,NA,NA,NA,NA,NA,,NA,NA,NA,,NA,NA,NA,NA,NA,NA,NA,NA,NA,NA,NA,NA,NA,NA,NA,NA,NA,NA,NA,NA,NA,1
NA,10456,2010-01-27,2010,111,8 Others,NA,,DOL_SOL,Oppose Proposed Changes in H-2A Agriculture Guest Worker Program,NA,NA,NA,NA,NA,NA,"Multiple Unnamed Members, FOIA",NA,NA,NA,NA,NA,NA,NA,NA,NA,NA,NA,NA,NA,,NA,NA,NA,,NA,NA,NA,NA,NA,NA,NA,NA,NA,NA,NA,NA,NA,NA,NA,NA,NA,NA,NA,NA,NA,1
NA,10460,2010-01-28,2010,111,11 Others,NA,,DOL_SOL,Support the Reauthorization of the Workforce Investment Act (WIA),NA,NA,NA,NA,NA,NA,"Multiple Unnamed Members, FOIA",NA,NA,NA,NA,NA,NA,NA,NA,NA,NA,NA,NA,NA,,NA,NA,NA,,NA,NA,NA,NA,NA,NA,NA,NA,NA,NA,NA,NA,NA,NA,NA,NA,NA,NA,NA,NA,NA,1
NA,10475,2010-01-28,2010,111,2 Others,NA,,DOL_SOL,Request Extention of the Closing Date for the Submission of Wage Data,NA,NA,NA,NA,NA,NA,"Multiple Unnamed Members, FOIA",NA,NA,NA,NA,NA,NA,NA,NA,NA,NA,NA,NA,NA,,NA,NA,NA,,NA,NA,NA,NA,NA,NA,NA,NA,NA,NA,NA,NA,NA,NA,NA,NA,NA,NA,NA,NA,NA,1
NA,10689,2010-03-01,2010,111,Representative Others,NA,,DOL_SOL,Recent Activities of the Mine Safety & Health Adminstration (MSHA) Inspectors,NA,NA,NA,NA,NA,NA,"Multiple Unnamed Members, FOIA",NA,NA,NA,NA,NA,NA,NA,NA,NA,NA,NA,NA,NA,,NA,NA,NA,,NA,NA,NA,NA,NA,NA,NA,NA,NA,NA,NA,NA,NA,NA,NA,NA,NA,NA,NA,NA,NA,1
NA,11176,2010-04-28,2010,111,7 Others,NA,,DOL_SOL,NEG Formula Replenishment Funding Support for $11M Under ARRA,NA,NA,NA,NA,NA,NA,"Multiple Unnamed Members, FOIA",NA,NA,NA,NA,NA,NA,NA,NA,NA,NA,NA,NA,NA,,NA,NA,NA,,NA,NA,NA,NA,NA,NA,NA,NA,NA,NA,NA,NA,NA,NA,NA,NA,NA,NA,NA,NA,NA,1
NA,11245,2010-05-07,2010,111,11 Others,NA,,DOL_SOL,Oppose Any Effort to Nationalize the Private 401(k) Sys in Favor of Govt-Run Sys,NA,NA,NA,NA,NA,NA,"Multiple Unnamed Members, FOIA",NA,NA,NA,NA,NA,NA,NA,NA,NA,NA,NA,NA,NA,,NA,NA,NA,,NA,NA,NA,NA,NA,NA,NA,NA,NA,NA,NA,NA,NA,NA,NA,NA,NA,NA,NA,NA,NA,1
NA,11268,2010-05-11,2010,111,2 Others,NA,,DOL_SOL,Support TAA & Outreach Partnership Grant Proposal Under ARRA,NA,NA,NA,NA,NA,NA,"Multiple Unnamed Members, FOIA",NA,NA,NA,NA,NA,NA,NA,NA,NA,NA,NA,NA,NA,,NA,NA,NA,,NA,NA,NA,NA,NA,NA,NA,NA,NA,NA,NA,NA,NA,NA,NA,NA,NA,NA,NA,NA,NA,1
NA,11673,2010-06-30,2010,111,6 Others,NA,,DOL_SOL,Request Wolf Act Be Part of This Petition for Rulemaking & Reform EEOICPA Regs,NA,NA,NA,NA,NA,NA,"Multiple Unnamed Members, FOIA",NA,NA,NA,NA,NA,NA,NA,NA,NA,NA,NA,NA,NA,,NA,NA,NA,,NA,NA,NA,NA,NA,NA,NA,NA,NA,NA,NA,NA,NA,NA,NA,NA,NA,NA,NA,NA,NA,1
NA,11704,2010-07-02,2010,111,50 Others,NA,,DOL_SOL,Oppose Insurance Industry Reducing Access to Mental Health Care & Addiction Care,NA,NA,NA,NA,NA,NA,"Multiple Unnamed Members, FOIA",NA,NA,NA,NA,NA,NA,NA,NA,NA,NA,NA,NA,NA,,NA,NA,NA,,NA,NA,NA,NA,NA,NA,NA,NA,NA,NA,NA,NA,NA,NA,NA,NA,NA,NA,NA,NA,NA,1
NA,11715,2010-07-06,2010,111,4 Others,NA,,DOL_SOL,Support Two Minnesota Applications through NEG Program Funding Under ARRA,NA,NA,NA,NA,NA,NA,"Multiple Unnamed Members, FOIA",NA,NA,NA,NA,NA,NA,NA,NA,NA,NA,NA,NA,NA,,NA,NA,NA,,NA,NA,NA,NA,NA,NA,NA,NA,NA,NA,NA,NA,NA,NA,NA,NA,NA,NA,NA,NA,NA,1
NA,11890,2010-07-29,2010,111,5 Others,NA,,DOL_SOL,Request the U.S Remove Uzbekistan From the GSP Until They End Forced Child Labor,NA,NA,NA,NA,NA,NA,"Multiple Unnamed Members, FOIA",NA,NA,NA,NA,NA,NA,NA,NA,NA,NA,NA,NA,NA,,NA,NA,NA,,NA,NA,NA,NA,NA,NA,NA,NA,NA,NA,NA,NA,NA,NA,NA,NA,NA,NA,NA,NA,NA,1
NA,11913,2010-07-30,2010,111,18 Others,NA,,DOL_SOL,Support Establishment of DOE Energy Innovation Hub for Energy Efficient Tech,NA,NA,NA,NA,NA,NA,"Multiple Unnamed Members, FOIA",NA,NA,NA,NA,NA,NA,NA,NA,NA,NA,NA,NA,NA,,NA,NA,NA,,NA,NA,NA,NA,NA,NA,NA,NA,NA,NA,NA,NA,NA,NA,NA,NA,NA,NA,NA,NA,NA,1
NA,11975,2010-08-06,2010,111,8 Others,NA,,DOL_SOL,Request You Approve Illinois' One Year Extension of the TAA Merit Staffing Rule,NA,NA,NA,NA,NA,NA,"Multiple Unnamed Members, FOIA",NA,NA,NA,NA,NA,NA,NA,NA,NA,NA,NA,NA,NA,,NA,NA,NA,,NA,NA,NA,NA,NA,NA,NA,NA,NA,NA,NA,NA,NA,NA,NA,NA,NA,NA,NA,NA,NA,1
NA,11987,2010-08-09,2010,111,4 Other,NA,,DOL_SOL,NEG Support for 969 Returning National Guard Combat Team Members,NA,NA,NA,NA,NA,NA,"Multiple Unnamed Members, FOIA",NA,NA,NA,NA,NA,NA,NA,NA,NA,NA,NA,NA,NA,,NA,NA,NA,,NA,NA,NA,NA,NA,NA,NA,NA,NA,NA,NA,NA,NA,NA,NA,NA,NA,NA,NA,NA,NA,1
NA,12116,2010-08-20,2010,111,4 Others,NA,,DOL_SOL,New England Energy Efficient Bldg Systems Regional Innovation Cluster Initiative,NA,NA,NA,NA,NA,NA,"Multiple Unnamed Members, FOIA",NA,NA,NA,NA,NA,NA,NA,NA,NA,NA,NA,NA,NA,,NA,NA,NA,,NA,NA,NA,NA,NA,NA,NA,NA,NA,NA,NA,NA,NA,NA,NA,NA,NA,NA,NA,NA,NA,1
NA,12125,2010-08-23,2010,111,18 Others,NA,,DOL_SOL,Include a New Youth Cohort for the NLSY As Part of DOL's FY 2012 Budget Request,NA,NA,NA,NA,NA,NA,"Multiple Unnamed Members, FOIA",NA,NA,NA,NA,NA,NA,NA,NA,NA,NA,NA,NA,NA,,NA,NA,NA,,NA,NA,NA,NA,NA,NA,NA,NA,NA,NA,NA,NA,NA,NA,NA,NA,NA,NA,NA,NA,NA,1
NA,12131,2010-08-23,2010,111,6 Others,NA,,DOL_SOL,Support for the E-RIC Consortium Proposal Submitted by Six New England States,NA,NA,NA,NA,NA,NA,"Multiple Unnamed Members, FOIA",NA,NA,NA,NA,NA,NA,NA,NA,NA,NA,NA,NA,NA,,NA,NA,NA,,NA,NA,NA,NA,NA,NA,NA,NA,NA,NA,NA,NA,NA,NA,NA,NA,NA,NA,NA,NA,NA,1
NA,12764,2010-11-19,2010,111,7 Others,NA,,DOL_SOL,NPRM on Wage Methodology for Temporary Non- Agricultural Employment H-2B Program,NA,NA,NA,NA,NA,NA,"Multiple Unnamed Members, FOIA",NA,NA,NA,NA,NA,NA,NA,NA,NA,NA,NA,NA,NA,,NA,NA,NA,,NA,NA,NA,NA,NA,NA,NA,NA,NA,NA,NA,NA,NA,NA,NA,NA,NA,NA,NA,NA,NA,1
NA,12793,2010-11-23,2010,111,2 Others,NA,,DOL_SOL,Collect Data On Acupuncture Services in the Essential Health Benefits Package,NA,NA,NA,NA,NA,NA,"Multiple Unnamed Members, FOIA",NA,NA,NA,NA,NA,NA,NA,NA,NA,NA,NA,NA,NA,,NA,NA,NA,,NA,NA,NA,NA,NA,NA,NA,NA,NA,NA,NA,NA,NA,NA,NA,NA,NA,NA,NA,NA,NA,1
NA,13525,2011-03-17,2011,112,6 Others,NA,,DOL_SOL,Diesel Particulate Emissions/ Exposure to Workplace Contaminants,NA,NA,NA,NA,NA,NA,"Multiple Unnamed Members, FOIA",NA,NA,NA,NA,NA,NA,NA,NA,NA,NA,NA,NA,NA,,NA,NA,NA,,NA,NA,NA,NA,NA,NA,NA,NA,NA,NA,NA,NA,NA,NA,NA,NA,NA,NA,NA,NA,NA,1
NA,13784,2011-04-19,2011,112,5 Others,NA,,DOL_SOL,"DOL's Proposal to Redefine the Term ""fiduciary"" For Purposes of ERISA (IRA)",NA,NA,NA,NA,NA,NA,"Multiple Unnamed Members, FOIA",NA,NA,NA,NA,NA,NA,NA,NA,NA,NA,NA,NA,NA,,NA,NA,NA,,NA,NA,NA,NA,NA,NA,NA,NA,NA,NA,NA,NA,NA,NA,NA,NA,NA,NA,NA,NA,NA,1
NA,13953,2011-05-04,2011,112,6 Others,NA,,DOL_SOL,"DOL's Proposal to Redefine the Term ""fiduciary"" For Purposes of ERISA (IRA)",NA,NA,NA,NA,NA,NA,"Multiple Unnamed Members, FOIA",NA,NA,NA,NA,NA,NA,NA,NA,NA,NA,NA,NA,NA,,NA,NA,NA,,NA,NA,NA,NA,NA,NA,NA,NA,NA,NA,NA,NA,NA,NA,NA,NA,NA,NA,NA,NA,NA,1
NA,13984,2011-05-11,2011,112,6 Others,NA,,DOL_SOL,Support TAA Community College & Career Training Grant Program,NA,NA,NA,NA,NA,NA,"Multiple Unnamed Members, FOIA",NA,NA,NA,NA,NA,NA,NA,NA,NA,NA,NA,NA,NA,,NA,NA,NA,,NA,NA,NA,NA,NA,NA,NA,NA,NA,NA,NA,NA,NA,NA,NA,NA,NA,NA,NA,NA,NA,1
NA,14026,2011-05-11,2011,112,28 Others,NA,,DOL_SOL,DOL's Proposal to Redefine the Term fiduciary For Purposes of ERISA (IRA),NA,NA,NA,NA,NA,NA,"Multiple Unnamed Members, FOIA",NA,NA,NA,NA,NA,NA,NA,NA,NA,NA,NA,NA,NA,,NA,NA,NA,,NA,NA,NA,NA,NA,NA,NA,NA,NA,NA,NA,NA,NA,NA,NA,NA,NA,NA,NA,NA,NA,1
NA,14062,2011-05-16,2011,112,6 Others,NA,,DOL_SOL,Support TAACCT Grant Application,NA,NA,NA,NA,NA,NA,"Multiple Unnamed Members, FOIA",NA,NA,NA,NA,NA,NA,NA,NA,NA,NA,NA,NA,NA,,NA,NA,NA,,NA,NA,NA,NA,NA,NA,NA,NA,NA,NA,NA,NA,NA,NA,NA,NA,NA,NA,NA,NA,NA,1
NA,14096,2011-05-20,2011,112,3 Others,NA,,DOL_SOL,Review DOL's Implementation of the EEOICPA,NA,NA,NA,NA,NA,NA,"Multiple Unnamed Members, FOIA",NA,NA,NA,NA,NA,NA,NA,NA,NA,NA,NA,NA,NA,,NA,NA,NA,,NA,NA,NA,NA,NA,NA,NA,NA,NA,NA,NA,NA,NA,NA,NA,NA,NA,NA,NA,NA,NA,1
NA,14127,2011-05-23,2011,112,38 Others,NA,,DOL_SOL,Issue Final or Sub- Regulatory Guidance on MHPAEA Act,NA,NA,NA,NA,NA,NA,"Multiple Unnamed Members, FOIA",NA,NA,NA,NA,NA,NA,NA,NA,NA,NA,NA,NA,NA,,NA,NA,NA,,NA,NA,NA,NA,NA,NA,NA,NA,NA,NA,NA,NA,NA,NA,NA,NA,NA,NA,NA,NA,NA,1
NA,14131,2011-05-23,2011,112,19 Others,NA,,DOL_SOL,Follow-Up Regarding Additional Guidance on MHPAEA Act,NA,NA,NA,NA,NA,NA,"Multiple Unnamed Members, FOIA",NA,NA,NA,NA,NA,NA,NA,NA,NA,NA,NA,NA,NA,,NA,NA,NA,,NA,NA,NA,NA,NA,NA,NA,NA,NA,NA,NA,NA,NA,NA,NA,NA,NA,NA,NA,NA,NA,1
NA,14200,2011-05-27,2011,112,2 Others,NA,,DOL_SOL,Cong. Intent for FY11 Funding Changes to Governors Activities Accounts Under WIA,NA,NA,NA,NA,NA,NA,"Multiple Unnamed Members, FOIA",NA,NA,NA,NA,NA,NA,NA,NA,NA,NA,NA,NA,NA,,NA,NA,NA,,NA,NA,NA,NA,NA,NA,NA,NA,NA,NA,NA,NA,NA,NA,NA,NA,NA,NA,NA,NA,NA,1
NA,14223,2011-06-01,2011,112,4 Others,NA,,DOL_SOL,"Support Clean Start Consortium, A Northern New England Alliance",NA,NA,NA,NA,NA,NA,"Multiple Unnamed Members, FOIA",NA,NA,NA,NA,NA,NA,NA,NA,NA,NA,NA,NA,NA,,NA,NA,NA,,NA,NA,NA,NA,NA,NA,NA,NA,NA,NA,NA,NA,NA,NA,NA,NA,NA,NA,NA,NA,NA,1
NA,14240,2011-06-02,2011,112,3 Others,NA,,DOL_SOL,Support TAACCCT Grant Application,NA,NA,NA,NA,NA,NA,"Multiple Unnamed Members, FOIA",NA,NA,NA,NA,NA,NA,NA,NA,NA,NA,NA,NA,NA,,NA,NA,NA,,NA,NA,NA,NA,NA,NA,NA,NA,NA,NA,NA,NA,NA,NA,NA,NA,NA,NA,NA,NA,NA,1
NA,14302,2011-06-07,2011,112,1 Other,NA,,DOL_SOL,Support CERT Pathways Grant Under TAA,NA,NA,NA,NA,NA,NA,"Multiple Unnamed Members, FOIA",NA,NA,NA,NA,NA,NA,NA,NA,NA,NA,NA,NA,NA,,NA,NA,NA,,NA,NA,NA,NA,NA,NA,NA,NA,NA,NA,NA,NA,NA,NA,NA,NA,NA,NA,NA,NA,NA,1
NA,14377,2011-06-15,2011,112,2 Others,NA,,DOL_SOL,Support Application for TAACCCT Grant Funding,NA,NA,NA,NA,NA,NA,"Multiple Unnamed Members, FOIA",NA,NA,NA,NA,NA,NA,NA,NA,NA,NA,NA,NA,NA,,NA,NA,NA,,NA,NA,NA,NA,NA,NA,NA,NA,NA,NA,NA,NA,NA,NA,NA,NA,NA,NA,NA,NA,NA,1
NA,14507,2011-06-27,2011,112,Three Others,NA,,DOL_SOL,"Support of TAA Petition for Birds Eye Foods - TA-W-80,231",NA,NA,NA,NA,NA,NA,"Multiple Unnamed Members, FOIA",NA,NA,NA,NA,NA,NA,NA,NA,NA,NA,NA,NA,NA,,NA,NA,NA,,NA,NA,NA,NA,NA,NA,NA,NA,NA,NA,NA,NA,NA,NA,NA,NA,NA,NA,NA,NA,NA,1
NA,14567,2011-07-05,2011,112,15 Other,NA,,DOL_SOL,Regulations on Small Business to Rising Cost of Transporting Goods in the U.S.,NA,NA,NA,NA,NA,NA,"Multiple Unnamed Members, FOIA",NA,NA,NA,NA,NA,NA,NA,NA,NA,NA,NA,NA,NA,,NA,NA,NA,,NA,NA,NA,NA,NA,NA,NA,NA,NA,NA,NA,NA,NA,NA,NA,NA,NA,NA,NA,NA,NA,1
NA,14677,2011-07-14,2011,112,10 Others,NA,,DOL_SOL,Requests H-2A Applications Be Processed Efficiently And In Timely Fashion,NA,NA,NA,NA,NA,NA,"Multiple Unnamed Members, FOIA",NA,NA,NA,NA,NA,NA,NA,NA,NA,NA,NA,NA,NA,,NA,NA,NA,,NA,NA,NA,NA,NA,NA,NA,NA,NA,NA,NA,NA,NA,NA,NA,NA,NA,NA,NA,NA,NA,1
NA,14712,2011-07-19,2011,112,30 Others,NA,,DOL_SOL,Support Colombia Free Trade Agreement,NA,NA,NA,NA,NA,NA,"Multiple Unnamed Members, FOIA",NA,NA,NA,NA,NA,NA,NA,NA,NA,NA,NA,NA,NA,,NA,NA,NA,,NA,NA,NA,NA,NA,NA,NA,NA,NA,NA,NA,NA,NA,NA,NA,NA,NA,NA,NA,NA,NA,1
NA,14758,2011-07-22,2011,112,3 Others,NA,,DOL_SOL,Implementing Legislation for Free Trade Agreement with Columbia,NA,NA,NA,NA,NA,NA,"Multiple Unnamed Members, FOIA",NA,NA,NA,NA,NA,NA,NA,NA,NA,NA,NA,NA,NA,,NA,NA,NA,,NA,NA,NA,NA,NA,NA,NA,NA,NA,NA,NA,NA,NA,NA,NA,NA,NA,NA,NA,NA,NA,1
NA,14788,2011-07-25,2011,112,2 Others,NA,,DOL_SOL,"DOL's Proposal to Redefine the Term ""fiduciary"" For Purposes of ERISA",NA,NA,NA,NA,NA,NA,"Multiple Unnamed Members, FOIA",NA,NA,NA,NA,NA,NA,NA,NA,NA,NA,NA,NA,NA,,NA,NA,NA,,NA,NA,NA,NA,NA,NA,NA,NA,NA,NA,NA,NA,NA,NA,NA,NA,NA,NA,NA,NA,NA,1
NA,14868,2011-08-02,2011,112,10 Others,NA,,DOL_SOL,"DOL's Proposal to Redefine the Term ""fiduciary"" For Purposes of ERISA (IRA)",NA,NA,NA,NA,NA,NA,"Multiple Unnamed Members, FOIA",NA,NA,NA,NA,NA,NA,NA,NA,NA,NA,NA,NA,NA,,NA,NA,NA,,NA,NA,NA,NA,NA,NA,NA,NA,NA,NA,NA,NA,NA,NA,NA,NA,NA,NA,NA,NA,NA,1
NA,14983,2011-08-11,2011,112,30 Others,NA,,DOL_SOL,Request A Second Waiver Of Interest Due On Loans Made To UI Trust Fund,NA,NA,NA,NA,NA,NA,"Multiple Unnamed Members, FOIA",NA,NA,NA,NA,NA,NA,NA,NA,NA,NA,NA,NA,NA,,NA,NA,NA,,NA,NA,NA,NA,NA,NA,NA,NA,NA,NA,NA,NA,NA,NA,NA,NA,NA,NA,NA,NA,NA,1
NA,15037,2011-08-17,2011,112,3 Others,NA,,DOL_SOL,"Questions For The Record: August 9, 2011 Hearing",NA,NA,NA,NA,NA,NA,"Multiple Unnamed Members, FOIA",NA,NA,NA,NA,NA,NA,NA,NA,NA,NA,NA,NA,NA,,NA,NA,NA,,NA,NA,NA,NA,NA,NA,NA,NA,NA,NA,NA,NA,NA,NA,NA,NA,NA,NA,NA,NA,NA,1
NA,15060,2011-08-19,2011,112,5 Others,NA,,DOL_SOL,OSHA's Regulatory Proposal to Alter Existing Crystalline Silica Standards,NA,NA,NA,NA,NA,NA,"Multiple Unnamed Members, FOIA",NA,NA,NA,NA,NA,NA,NA,NA,NA,NA,NA,NA,NA,,NA,NA,NA,,NA,NA,NA,NA,NA,NA,NA,NA,NA,NA,NA,NA,NA,NA,NA,NA,NA,NA,NA,NA,NA,1
NA,15241,2011-09-12,2011,112,12 Others,NA,,DOL_SOL,Utilizing Natural Gas Resources to Increase Ohio Employment,NA,NA,NA,NA,NA,NA,"Multiple Unnamed Members, FOIA",NA,NA,NA,NA,NA,NA,NA,NA,NA,NA,NA,NA,NA,,NA,NA,NA,,NA,NA,NA,NA,NA,NA,NA,NA,NA,NA,NA,NA,NA,NA,NA,NA,NA,NA,NA,NA,NA,1
NA,15542,2011-10-17,2011,112,2 Others,NA,,DOL_SOL,Request Information on FBNP Priorities and Programs,NA,NA,NA,NA,NA,NA,"Multiple Unnamed Members, FOIA",NA,NA,NA,NA,NA,NA,NA,NA,NA,NA,NA,NA,NA,,NA,NA,NA,,NA,NA,NA,NA,NA,NA,NA,NA,NA,NA,NA,NA,NA,NA,NA,NA,NA,NA,NA,NA,NA,1
NA,15557,2011-10-20,2011,112,20 Others,NA,,DOL_SOL,Proposed Rule Pretaining to the Section 203(c) Advice Exemption of the LMDRA,NA,NA,NA,NA,NA,NA,"Multiple Unnamed Members, FOIA",NA,NA,NA,NA,NA,NA,NA,NA,NA,NA,NA,NA,NA,,NA,NA,NA,,NA,NA,NA,NA,NA,NA,NA,NA,NA,NA,NA,NA,NA,NA,NA,NA,NA,NA,NA,NA,NA,1
NA,15561,2011-10-20,2011,112,8 Others,NA,,DOL_SOL,"DOL's Re-Proposal to Redefine the Term ""fiduciary"" For Purposes of ERISA (IRA)",NA,NA,NA,NA,NA,NA,"Multiple Unnamed Members, FOIA",NA,NA,NA,NA,NA,NA,NA,NA,NA,NA,NA,NA,NA,,NA,NA,NA,,NA,NA,NA,NA,NA,NA,NA,NA,NA,NA,NA,NA,NA,NA,NA,NA,NA,NA,NA,NA,NA,1
NA,15567,2011-10-24,2011,112,78 Others,NA,,DOL_SOL,Extend Comments On Proposed Rule That Will Limit Child Labor On Farms,NA,NA,NA,NA,NA,NA,"Multiple Unnamed Members, FOIA",NA,NA,NA,NA,NA,NA,NA,NA,NA,NA,NA,NA,NA,,NA,NA,NA,,NA,NA,NA,NA,NA,NA,NA,NA,NA,NA,NA,NA,NA,NA,NA,NA,NA,NA,NA,NA,NA,1
NA,15618,2011-10-28,2011,112,31 Others,NA,,DOL_SOL,Extend Comments on Proposed Rule That Will Limit Child Labor On Farms,NA,NA,NA,NA,NA,NA,"Multiple Unnamed Members, FOIA",NA,NA,NA,NA,NA,NA,NA,NA,NA,NA,NA,NA,NA,,NA,NA,NA,,NA,NA,NA,NA,NA,NA,NA,NA,NA,NA,NA,NA,NA,NA,NA,NA,NA,NA,NA,NA,NA,1
NA,15634,2011-11-01,2011,112,6 Others,NA,,DOL_SOL,Proposed Rule On Establisment of Hlth. Insurance Exchges & Qualified Health Plan,NA,NA,NA,NA,NA,NA,"Multiple Unnamed Members, FOIA",NA,NA,NA,NA,NA,NA,NA,NA,NA,NA,NA,NA,NA,,NA,NA,NA,,NA,NA,NA,NA,NA,NA,NA,NA,NA,NA,NA,NA,NA,NA,NA,NA,NA,NA,NA,NA,NA,1
NA,15692,2011-11-08,2011,112,32 Others,NA,,DOL_SOL,"DOL's Re-Proposal to Redefine the Term ""fiduciary"" For Purposes of ERISA",NA,NA,NA,NA,NA,NA,"Multiple Unnamed Members, FOIA",NA,NA,NA,NA,NA,NA,NA,NA,NA,NA,NA,NA,NA,,NA,NA,NA,,NA,NA,NA,NA,NA,NA,NA,NA,NA,NA,NA,NA,NA,NA,NA,NA,NA,NA,NA,NA,NA,1
NA,15698,2011-11-09,2011,112,19 Others,NA,,DOL_SOL,Regarding OSHA's Efforts In Connection To Sweep Augers,NA,NA,NA,NA,NA,NA,"Multiple Unnamed Members, FOIA",NA,NA,NA,NA,NA,NA,NA,NA,NA,NA,NA,NA,NA,,NA,NA,NA,,NA,NA,NA,NA,NA,NA,NA,NA,NA,NA,NA,NA,NA,NA,NA,NA,NA,NA,NA,NA,NA,1
NA,15802,2011-11-29,2011,112,7 Others,NA,,DOL_SOL,Concerns About Inconsistent Directives for H-2A Program,NA,NA,NA,NA,NA,NA,"Multiple Unnamed Members, FOIA",NA,NA,NA,NA,NA,NA,NA,NA,NA,NA,NA,NA,NA,,NA,NA,NA,,NA,NA,NA,NA,NA,NA,NA,NA,NA,NA,NA,NA,NA,NA,NA,NA,NA,NA,NA,NA,NA,1
NA,15807,2011-11-29,2011,112,7 Others,NA,,DOL_SOL,Concerns About Practices of MSHA Inspectors,NA,NA,NA,NA,NA,NA,"Multiple Unnamed Members, FOIA",NA,NA,NA,NA,NA,NA,NA,NA,NA,NA,NA,NA,NA,,NA,NA,NA,,NA,NA,NA,NA,NA,NA,NA,NA,NA,NA,NA,NA,NA,NA,NA,NA,NA,NA,NA,NA,NA,1
NA,15810,2011-11-29,2011,112,16 Others,NA,,DOL_SOL,Concerns About MSHA Inspector's Enforcement Efforts,NA,NA,NA,NA,NA,NA,"Multiple Unnamed Members, FOIA",NA,NA,NA,NA,NA,NA,NA,NA,NA,NA,NA,NA,NA,,NA,NA,NA,,NA,NA,NA,NA,NA,NA,NA,NA,NA,NA,NA,NA,NA,NA,NA,NA,NA,NA,NA,NA,NA,1
NA,15903,2011-12-06,2011,112,54 Others,NA,,DOL_SOL,"DOL's Re-Proposal to Redefine the Term ""fiduciary"" For the Purposes of ERISA",NA,NA,NA,NA,NA,NA,"Multiple Unnamed Members, FOIA",NA,NA,NA,NA,NA,NA,NA,NA,NA,NA,NA,NA,NA,,NA,NA,NA,,NA,NA,NA,NA,NA,NA,NA,NA,NA,NA,NA,NA,NA,NA,NA,NA,NA,NA,NA,NA,NA,1
NA,15922,2011-12-09,2011,112,18 Other,NA,,DOL_SOL,U.S. - Colombia Trade Promotion Agreement,NA,NA,NA,NA,NA,NA,"Multiple Unnamed Members, FOIA",NA,NA,NA,NA,NA,NA,NA,NA,NA,NA,NA,NA,NA,,NA,NA,NA,,NA,NA,NA,NA,NA,NA,NA,NA,NA,NA,NA,NA,NA,NA,NA,NA,NA,NA,NA,NA,NA,1
NA,15941,2011-12-13,2011,112,5 Others,NA,,DOL_SOL,Summary of Benefits and Coverage (SBC) Under the Affordable Care Act (ACA),NA,NA,NA,NA,NA,NA,"Multiple Unnamed Members, FOIA",NA,NA,NA,NA,NA,NA,NA,NA,NA,NA,NA,NA,NA,,NA,NA,NA,,NA,NA,NA,NA,NA,NA,NA,NA,NA,NA,NA,NA,NA,NA,NA,NA,NA,NA,NA,NA,NA,1
NA,15946,2011-12-13,2011,112,3 Others,NA,,DOL_SOL,Support Application for Techinical Skills Training Grant,NA,NA,NA,NA,NA,NA,"Multiple Unnamed Members, FOIA",NA,NA,NA,NA,NA,NA,NA,NA,NA,NA,NA,NA,NA,,NA,NA,NA,,NA,NA,NA,NA,NA,NA,NA,NA,NA,NA,NA,NA,NA,NA,NA,NA,NA,NA,NA,NA,NA,1
NA,15949,2011-12-14,2011,112,37 Others,NA,,DOL_SOL,Oppose Proposed Rule That Will Limit Child Labor on Farms,NA,NA,NA,NA,NA,NA,"Multiple Unnamed Members, FOIA",NA,NA,NA,NA,NA,NA,NA,NA,NA,NA,NA,NA,NA,,NA,NA,NA,,NA,NA,NA,NA,NA,NA,NA,NA,NA,NA,NA,NA,NA,NA,NA,NA,NA,NA,NA,NA,NA,1
NA,15980,2011-12-19,2011,112,Representative Others,NA,,DOL_SOL,Oppose Proposed Rule That Will Limit Child Labor On Farms,NA,NA,NA,NA,NA,NA,"Multiple Unnamed Members, FOIA",NA,NA,NA,NA,NA,NA,NA,NA,NA,NA,NA,NA,NA,,NA,NA,NA,,NA,NA,NA,NA,NA,NA,NA,NA,NA,NA,NA,NA,NA,NA,NA,NA,NA,NA,NA,NA,NA,1
NA,15987,2011-12-20,2011,112,28 Others,NA,,DOL_SOL,Oppose Proposed Rule That Will Limit Child Labor on Farms,NA,NA,NA,NA,NA,NA,"Multiple Unnamed Members, FOIA",NA,NA,NA,NA,NA,NA,NA,NA,NA,NA,NA,NA,NA,,NA,NA,NA,,NA,NA,NA,NA,NA,NA,NA,NA,NA,NA,NA,NA,NA,NA,NA,NA,NA,NA,NA,NA,NA,1
NA,16161,2012-01-23,2012,112,22 Others,NA,,DOL_SOL,Oppose Proposed Rule That Will Limit Child Labor On Farms,NA,NA,NA,NA,NA,NA,"Multiple Unnamed Members, FOIA",NA,NA,NA,NA,NA,NA,NA,NA,NA,NA,NA,NA,NA,,NA,NA,NA,,NA,NA,NA,NA,NA,NA,NA,NA,NA,NA,NA,NA,NA,NA,NA,NA,NA,NA,NA,NA,NA,1
NA,16356,2012-02-16,2012,112,6 Others,NA,,DOL_SOL,Questions to DOL H-2A Application Rejection to Domestic Agricultural Workforce,NA,NA,NA,NA,NA,NA,"Multiple Unnamed Members, FOIA",NA,NA,NA,NA,NA,NA,NA,NA,NA,NA,NA,NA,NA,,NA,NA,NA,,NA,NA,NA,NA,NA,NA,NA,NA,NA,NA,NA,NA,NA,NA,NA,NA,NA,NA,NA,NA,NA,1
NA,16385,2012-02-17,2012,112,21 Others,NA,,DOL_SOL,Oppose to Extend Proposed Rulemaking on Companionship Exemption Under FLSA,NA,NA,NA,NA,NA,NA,"Multiple Unnamed Members, FOIA",NA,NA,NA,NA,NA,NA,NA,NA,NA,NA,NA,NA,NA,,NA,NA,NA,,NA,NA,NA,NA,NA,NA,NA,NA,NA,NA,NA,NA,NA,NA,NA,NA,NA,NA,NA,NA,NA,1
NA,16397,2012-02-21,2012,112,8 Others,NA,,DOL_SOL,Oppose to Extend Proposal Rulemaking on Companionship Exemption Under FLSA,NA,NA,NA,NA,NA,NA,"Multiple Unnamed Members, FOIA",NA,NA,NA,NA,NA,NA,NA,NA,NA,NA,NA,NA,NA,,NA,NA,NA,,NA,NA,NA,NA,NA,NA,NA,NA,NA,NA,NA,NA,NA,NA,NA,NA,NA,NA,NA,NA,NA,1
NA,16435,2012-02-24,2012,112,6 Others,NA,,DOL_SOL,OSHA's Fall Protection Directive for Workplace Safety in the Roofing Industry,NA,NA,NA,NA,NA,NA,"Multiple Unnamed Members, FOIA",NA,NA,NA,NA,NA,NA,NA,NA,NA,NA,NA,NA,NA,,NA,NA,NA,,NA,NA,NA,NA,NA,NA,NA,NA,NA,NA,NA,NA,NA,NA,NA,NA,NA,NA,NA,NA,NA,1
NA,16442,2012-02-28,2012,112,4 Others,NA,,DOL_SOL,Support Proposed Community College To Career Fund Initiative,NA,NA,NA,NA,NA,NA,"Multiple Unnamed Members, FOIA",NA,NA,NA,NA,NA,NA,NA,NA,NA,NA,NA,NA,NA,,NA,NA,NA,,NA,NA,NA,NA,NA,NA,NA,NA,NA,NA,NA,NA,NA,NA,NA,NA,NA,NA,NA,NA,NA,1
NA,16522,2012-03-09,2012,112,7 Others,NA,,DOL_SOL,Oppose DOL Rule to Undo Companionship Exemption Under FLSA,NA,NA,NA,NA,NA,NA,"Multiple Unnamed Members, FOIA",NA,NA,NA,NA,NA,NA,NA,NA,NA,NA,NA,NA,NA,,NA,NA,NA,,NA,NA,NA,NA,NA,NA,NA,NA,NA,NA,NA,NA,NA,NA,NA,NA,NA,NA,NA,NA,NA,1
NA,16558,2012-03-15,2012,112,3 Others,NA,,DOL_SOL,Administration of the H-2A Visa System Impact on Agriculture,NA,NA,NA,NA,NA,NA,"Multiple Unnamed Members, FOIA",NA,NA,NA,NA,NA,NA,NA,NA,NA,NA,NA,NA,NA,,NA,NA,NA,,NA,NA,NA,NA,NA,NA,NA,NA,NA,NA,NA,NA,NA,NA,NA,NA,NA,NA,NA,NA,NA,1
NA,16628,2012-03-23,2012,112,6 Others,NA,,DOL_SOL,Release of Unemployment Insurance Program Letter (UPL),NA,NA,NA,NA,NA,NA,"Multiple Unnamed Members, FOIA",NA,NA,NA,NA,NA,NA,NA,NA,NA,NA,NA,NA,NA,,NA,NA,NA,,NA,NA,NA,NA,NA,NA,NA,NA,NA,NA,NA,NA,NA,NA,NA,NA,NA,NA,NA,NA,NA,1
NA,16647,2012-03-27,2012,112,8 Others,NA,,DOL_SOL,Support Wisconsin's Workforce Innovation Fund Proposal,NA,NA,NA,NA,NA,NA,"Multiple Unnamed Members, FOIA",NA,NA,NA,NA,NA,NA,NA,NA,NA,NA,NA,NA,NA,,NA,NA,NA,,NA,NA,NA,NA,NA,NA,NA,NA,NA,NA,NA,NA,NA,NA,NA,NA,NA,NA,NA,NA,NA,1
NA,16653,2012-03-28,2012,112,65 Others,NA,,DOL_SOL,Support Proposed Rule That Will Limit Child Labor On Farms,NA,NA,NA,NA,NA,NA,"Multiple Unnamed Members, FOIA",NA,NA,NA,NA,NA,NA,NA,NA,NA,NA,NA,NA,NA,,NA,NA,NA,,NA,NA,NA,NA,NA,NA,NA,NA,NA,NA,NA,NA,NA,NA,NA,NA,NA,NA,NA,NA,NA,1
NA,16784,2012-04-11,2012,112,2 Others,NA,,DOL_SOL,Restore Salaried GM Employees Retirement Benefits,NA,NA,NA,NA,NA,NA,"Multiple Unnamed Members, FOIA",NA,NA,NA,NA,NA,NA,NA,NA,NA,NA,NA,NA,NA,,NA,NA,NA,,NA,NA,NA,NA,NA,NA,NA,NA,NA,NA,NA,NA,NA,NA,NA,NA,NA,NA,NA,NA,NA,1
NA,16842,2012-04-19,2012,112,5 Others,NA,,DOL_SOL,Support Trade Adjustment Assistance (TAA) Petition Related to PA Refinery,NA,NA,NA,NA,NA,NA,"Multiple Unnamed Members, FOIA",NA,NA,NA,NA,NA,NA,NA,NA,NA,NA,NA,NA,NA,,NA,NA,NA,,NA,NA,NA,NA,NA,NA,NA,NA,NA,NA,NA,NA,NA,NA,NA,NA,NA,NA,NA,NA,NA,1
NA,16982,2012-05-07,2012,112,4 Others,NA,,DOL_SOL,Support Connecticut Application for a Workforce Innovation Fund (WIF) Grant,NA,NA,NA,NA,NA,NA,"Multiple Unnamed Members, FOIA",NA,NA,NA,NA,NA,NA,NA,NA,NA,NA,NA,NA,NA,,NA,NA,NA,,NA,NA,NA,NA,NA,NA,NA,NA,NA,NA,NA,NA,NA,NA,NA,NA,NA,NA,NA,NA,NA,1
NA,17090,2012-05-22,2012,112,21 Others,NA,,DOL_SOL,Support Trade Adjustment Assistance Community College & Career Trng (TAACCCT),NA,NA,NA,NA,NA,NA,"Multiple Unnamed Members, FOIA",NA,NA,NA,NA,NA,NA,NA,NA,NA,NA,NA,NA,NA,,NA,NA,NA,,NA,NA,NA,NA,NA,NA,NA,NA,NA,NA,NA,NA,NA,NA,NA,NA,NA,NA,NA,NA,NA,1
NA,17093,2012-05-22,2012,112,37 Others,NA,,DOL_SOL,Concerns Regarding DOL's Proposed H-2B Wage Methodology Rule Regulation,NA,NA,NA,NA,NA,NA,"Multiple Unnamed Members, FOIA",NA,NA,NA,NA,NA,NA,NA,NA,NA,NA,NA,NA,NA,,NA,NA,NA,,NA,NA,NA,NA,NA,NA,NA,NA,NA,NA,NA,NA,NA,NA,NA,NA,NA,NA,NA,NA,NA,1
NA,17457,2012-06-27,2012,112,3 Others,NA,,DOL_SOL,Support Application For Veterans' Workforce Investment Program Grant Funding,NA,NA,NA,NA,NA,NA,"Multiple Unnamed Members, FOIA",NA,NA,NA,NA,NA,NA,NA,NA,NA,NA,NA,NA,NA,,NA,NA,NA,,NA,NA,NA,NA,NA,NA,NA,NA,NA,NA,NA,NA,NA,NA,NA,NA,NA,NA,NA,NA,NA,1
NA,17470,2012-06-28,2012,112,4 Others,NA,,DOL_SOL,Support Trade Adjustment Assistance Community College & Career Training Grant,NA,NA,NA,NA,NA,NA,"Multiple Unnamed Members, FOIA",NA,NA,NA,NA,NA,NA,NA,NA,NA,NA,NA,NA,NA,,NA,NA,NA,,NA,NA,NA,NA,NA,NA,NA,NA,NA,NA,NA,NA,NA,NA,NA,NA,NA,NA,NA,NA,NA,1
NA,17481,2012-06-28,2012,112,45 Others,NA,,DOL_SOL,Support Senior Community Service Employment Program (SCSEP) Grant Funding,NA,NA,NA,NA,NA,NA,"Multiple Unnamed Members, FOIA",NA,NA,NA,NA,NA,NA,NA,NA,NA,NA,NA,NA,NA,,NA,NA,NA,,NA,NA,NA,NA,NA,NA,NA,NA,NA,NA,NA,NA,NA,NA,NA,NA,NA,NA,NA,NA,NA,1
NA,17502,2012-07-02,2012,112,33 Others,NA,,DOL_SOL,DOL's Proposal To Redefine the Term ''fiduciary'' For Purposes of ERISA (IRA),NA,NA,NA,NA,NA,NA,"Multiple Unnamed Members, FOIA",NA,NA,NA,NA,NA,NA,NA,NA,NA,NA,NA,NA,NA,,NA,NA,NA,,NA,NA,NA,NA,NA,NA,NA,NA,NA,NA,NA,NA,NA,NA,NA,NA,NA,NA,NA,NA,NA,1
NA,17592,2012-07-16,2012,112,13 Others,NA,,DOL_SOL,Restore The National Longitudinal Survey (NLS),NA,NA,NA,NA,NA,NA,"Multiple Unnamed Members, FOIA",NA,NA,NA,NA,NA,NA,NA,NA,NA,NA,NA,NA,NA,,NA,NA,NA,,NA,NA,NA,NA,NA,NA,NA,NA,NA,NA,NA,NA,NA,NA,NA,NA,NA,NA,NA,NA,NA,1
NA,17648,2012-07-23,2012,112,6 Others,NA,,DOL_SOL,Support DOL's Trade Adjustment Assistance Community College & Career Trng,NA,NA,NA,NA,NA,NA,"Multiple Unnamed Members, FOIA",NA,NA,NA,NA,NA,NA,NA,NA,NA,NA,NA,NA,NA,,NA,NA,NA,,NA,NA,NA,NA,NA,NA,NA,NA,NA,NA,NA,NA,NA,NA,NA,NA,NA,NA,NA,NA,NA,1
NA,17653,2012-07-24,2012,112,3 Others,NA,,DOL_SOL,Support Trade Adjustment Assistance Community College & Trng Grants,NA,NA,NA,NA,NA,NA,"Multiple Unnamed Members, FOIA",NA,NA,NA,NA,NA,NA,NA,NA,NA,NA,NA,NA,NA,,NA,NA,NA,,NA,NA,NA,NA,NA,NA,NA,NA,NA,NA,NA,NA,NA,NA,NA,NA,NA,NA,NA,NA,NA,1
NA,17753,2012-08-03,2012,112,7 Others,NA,,DOL_SOL,Investigation into Jamaican Migrant Workers Under the H- 2A and H-2B Visa Program,NA,NA,NA,NA,NA,NA,"Multiple Unnamed Members, FOIA",NA,NA,NA,NA,NA,NA,NA,NA,NA,NA,NA,NA,NA,,NA,NA,NA,,NA,NA,NA,NA,NA,NA,NA,NA,NA,NA,NA,NA,NA,NA,NA,NA,NA,NA,NA,NA,NA,1
NA,17761,2012-08-06,2012,112,3 Others,NA,,DOL_SOL,Support Grant Application Formally Submitted by Norwalk Community College,NA,NA,NA,NA,NA,NA,"Multiple Unnamed Members, FOIA",NA,NA,NA,NA,NA,NA,NA,NA,NA,NA,NA,NA,NA,,NA,NA,NA,,NA,NA,NA,NA,NA,NA,NA,NA,NA,NA,NA,NA,NA,NA,NA,NA,NA,NA,NA,NA,NA,1
NA,17769,2012-08-08,2012,112,6 Others,NA,,DOL_SOL,DOL's Documents Relating To White House Council On Recovery For Auto Workers,NA,NA,NA,NA,NA,NA,"Multiple Unnamed Members, FOIA",NA,NA,NA,NA,NA,NA,NA,NA,NA,NA,NA,NA,NA,,NA,NA,NA,,NA,NA,NA,NA,NA,NA,NA,NA,NA,NA,NA,NA,NA,NA,NA,NA,NA,NA,NA,NA,NA,1
NA,17831,2012-08-23,2012,112,2 Others,NA,,DOL_SOL,Clarification of FLSA Hot Goods Provisions for Agriculture Enterprises,NA,NA,NA,NA,NA,NA,"Multiple Unnamed Members, FOIA",NA,NA,NA,NA,NA,NA,NA,NA,NA,NA,NA,NA,NA,,NA,NA,NA,,NA,NA,NA,NA,NA,NA,NA,NA,NA,NA,NA,NA,NA,NA,NA,NA,NA,NA,NA,NA,NA,1
NA,17855,2012-08-27,2012,112,2 Others,NA,,DOL_SOL,Support Senior Community Service Employment Program (SCSEP) Grant Funding,NA,NA,NA,NA,NA,NA,"Multiple Unnamed Members, FOIA",NA,NA,NA,NA,NA,NA,NA,NA,NA,NA,NA,NA,NA,,NA,NA,NA,,NA,NA,NA,NA,NA,NA,NA,NA,NA,NA,NA,NA,NA,NA,NA,NA,NA,NA,NA,NA,NA,1
NA,17996,2012-09-24,2012,112,6 Others,NA,,DOL_SOL,Thank You For Participating In The 2012 North Carolina Summit,NA,NA,NA,NA,NA,NA,"Multiple Unnamed Members, FOIA",NA,NA,NA,NA,NA,NA,NA,NA,NA,NA,NA,NA,NA,,NA,NA,NA,,NA,NA,NA,NA,NA,NA,NA,NA,NA,NA,NA,NA,NA,NA,NA,NA,NA,NA,NA,NA,NA,1
NA,18005,2012-09-25,2012,112,2 Others,NA,,DOL_SOL,Concern Regarding VATD Senior Community Employment Program (SCSEP),NA,NA,NA,NA,NA,NA,"Multiple Unnamed Members, FOIA",NA,NA,NA,NA,NA,NA,NA,NA,NA,NA,NA,NA,NA,,NA,NA,NA,,NA,NA,NA,NA,NA,NA,NA,NA,NA,NA,NA,NA,NA,NA,NA,NA,NA,NA,NA,NA,NA,1
NA,18027,2012-09-27,2012,112,17 Others,NA,,DOL_SOL,Support DOL's Upcoming Delegation Trip To Colombia,NA,NA,NA,NA,NA,NA,"Multiple Unnamed Members, FOIA",NA,NA,NA,NA,NA,NA,NA,NA,NA,NA,NA,NA,NA,,NA,NA,NA,,NA,NA,NA,NA,NA,NA,NA,NA,NA,NA,NA,NA,NA,NA,NA,NA,NA,NA,NA,NA,NA,1
NA,18047,2012-10-02,2012,112,5 Others,NA,,DOL_SOL,Protections For The Southern 32 & Broad Implementation Provisions Of DHS/ICE,NA,NA,NA,NA,NA,NA,"Multiple Unnamed Members, FOIA",NA,NA,NA,NA,NA,NA,NA,NA,NA,NA,NA,NA,NA,,NA,NA,NA,,NA,NA,NA,NA,NA,NA,NA,NA,NA,NA,NA,NA,NA,NA,NA,NA,NA,NA,NA,NA,NA,1
NA,18145,2012-10-23,2012,112,3 Others,NA,,DOL_SOL,Request Status Of The Multiemployer Pension Plan Report,NA,NA,NA,NA,NA,NA,"Multiple Unnamed Members, FOIA",NA,NA,NA,NA,NA,NA,NA,NA,NA,NA,NA,NA,NA,,NA,NA,NA,,NA,NA,NA,NA,NA,NA,NA,NA,NA,NA,NA,NA,NA,NA,NA,NA,NA,NA,NA,NA,NA,1
NA,18159,2012-10-24,2012,112,2 Others,NA,,DOL_SOL,Concerns Regarding VATD Senior Community Service Employment Program (SCSEP),NA,NA,NA,NA,NA,NA,"Multiple Unnamed Members, FOIA",NA,NA,NA,NA,NA,NA,NA,NA,NA,NA,NA,NA,NA,,NA,NA,NA,,NA,NA,NA,NA,NA,NA,NA,NA,NA,NA,NA,NA,NA,NA,NA,NA,NA,NA,NA,NA,NA,1
NA,18175,2012-10-26,2012,112,3 Others,NA,,DOL_SOL,Request Information & Documents Relating To The Spring And Fall Agendas,NA,NA,NA,NA,NA,NA,"Multiple Unnamed Members, FOIA",NA,NA,NA,NA,NA,NA,NA,NA,NA,NA,NA,NA,NA,,NA,NA,NA,,NA,NA,NA,NA,NA,NA,NA,NA,NA,NA,NA,NA,NA,NA,NA,NA,NA,NA,NA,NA,NA,1
NA,18222,2012-11-08,2012,112,7 Others,NA,,DOL_SOL,Failure To Provide & Use Flame- Resistant Clothing (FRC) Enforcement Policy,NA,NA,NA,NA,NA,NA,"Multiple Unnamed Members, FOIA",NA,NA,NA,NA,NA,NA,NA,NA,NA,NA,NA,NA,NA,,NA,NA,NA,,NA,NA,NA,NA,NA,NA,NA,NA,NA,NA,NA,NA,NA,NA,NA,NA,NA,NA,NA,NA,NA,1
NA,18271,2012-11-21,2012,112,56 Others,NA,,DOL_SOL,Status & Implementation Of The Paul Wellstone & Pete Domenici Act Of 2008,NA,NA,NA,NA,NA,NA,"Multiple Unnamed Members, FOIA",NA,NA,NA,NA,NA,NA,NA,NA,NA,NA,NA,NA,NA,,NA,NA,NA,,NA,NA,NA,NA,NA,NA,NA,NA,NA,NA,NA,NA,NA,NA,NA,NA,NA,NA,NA,NA,NA,1
NA,18365,2012-12-13,2012,112,9 Others,NA,,DOL_SOL,Provide At Least 60 Days Comment Period For Recent & Future PPACA Regulations,NA,NA,NA,NA,NA,NA,"Multiple Unnamed Members, FOIA",NA,NA,NA,NA,NA,NA,NA,NA,NA,NA,NA,NA,NA,,NA,NA,NA,,NA,NA,NA,NA,NA,NA,NA,NA,NA,NA,NA,NA,NA,NA,NA,NA,NA,NA,NA,NA,NA,1
NA,18416,2013-01-02,2013,113,23 Others,NA,,DOL_SOL,Status & Implementation Of The Paul Wellstone & Pete Domenici Act Of 2008,NA,NA,NA,NA,NA,NA,"Multiple Unnamed Members, FOIA",NA,NA,NA,NA,NA,NA,NA,NA,NA,NA,NA,NA,NA,,NA,NA,NA,,NA,NA,NA,NA,NA,NA,NA,NA,NA,NA,NA,NA,NA,NA,NA,NA,NA,NA,NA,NA,NA,1
NA,18437,2013-01-07,2013,113,29 Others,NA,,DOL_SOL,Urge Final Rules For Mental Health Parity & Addiction Equity Act Of 2008-MHPAEA,NA,NA,NA,NA,NA,NA,"Multiple Unnamed Members, FOIA",NA,NA,NA,NA,NA,NA,NA,NA,NA,NA,NA,NA,NA,,NA,NA,NA,,NA,NA,NA,NA,NA,NA,NA,NA,NA,NA,NA,NA,NA,NA,NA,NA,NA,NA,NA,NA,NA,1
NA,18530,2013-01-25,2013,113,70 Others,NA,,DOL_SOL,Oppose Temporary Suspension of Enrollment at Job Corps Centers,NA,NA,NA,NA,NA,NA,"Multiple Unnamed Members, FOIA",NA,NA,NA,NA,NA,NA,NA,NA,NA,NA,NA,NA,NA,,NA,NA,NA,,NA,NA,NA,NA,NA,NA,NA,NA,NA,NA,NA,NA,NA,NA,NA,NA,NA,NA,NA,NA,NA,1
NA,18538,2013-01-25,2013,113,5 Others,NA,,DOL_SOL,Oppose Temporary Suspension of Enrollment at Job Corps Centers,NA,NA,NA,NA,NA,NA,"Multiple Unnamed Members, FOIA",NA,NA,NA,NA,NA,NA,NA,NA,NA,NA,NA,NA,NA,,NA,NA,NA,,NA,NA,NA,NA,NA,NA,NA,NA,NA,NA,NA,NA,NA,NA,NA,NA,NA,NA,NA,NA,NA,1
NA,18542,2013-01-28,2013,113,16 Others,NA,,DOL_SOL,Oppose Temporary Suspension of Enrollment At Job Corps Centers,NA,NA,NA,NA,NA,NA,"Multiple Unnamed Members, FOIA",NA,NA,NA,NA,NA,NA,NA,NA,NA,NA,NA,NA,NA,,NA,NA,NA,,NA,NA,NA,NA,NA,NA,NA,NA,NA,NA,NA,NA,NA,NA,NA,NA,NA,NA,NA,NA,NA,1
NA,18664,2013-02-11,2013,113,3 Others,NA,,DOL_SOL,Concerns Regarding Methodology for Closure of Job Corps Centers,NA,NA,NA,NA,NA,NA,"Multiple Unnamed Members, FOIA",NA,NA,NA,NA,NA,NA,NA,NA,NA,NA,NA,NA,NA,,NA,NA,NA,,NA,NA,NA,NA,NA,NA,NA,NA,NA,NA,NA,NA,NA,NA,NA,NA,NA,NA,NA,NA,NA,1
NA,18702,2013-02-15,2013,113,6 Others,NA,,DOL_SOL,Concerns on H-2A Program in Florida: Area of Intended Employment,NA,NA,NA,NA,NA,NA,"Multiple Unnamed Members, FOIA",NA,NA,NA,NA,NA,NA,NA,NA,NA,NA,NA,NA,NA,,NA,NA,NA,,NA,NA,NA,NA,NA,NA,NA,NA,NA,NA,NA,NA,NA,NA,NA,NA,NA,NA,NA,NA,NA,1
NA,18743,2013-02-25,2013,113,4 Others,NA,,DOL_SOL,Oppose Temporary Suspension of Enrollment at Job Corps Centers,NA,NA,NA,NA,NA,NA,"Multiple Unnamed Members, FOIA",NA,NA,NA,NA,NA,NA,NA,NA,NA,NA,NA,NA,NA,,NA,NA,NA,,NA,NA,NA,NA,NA,NA,NA,NA,NA,NA,NA,NA,NA,NA,NA,NA,NA,NA,NA,NA,NA,1
NA,18908,2013-03-22,2013,113,4 Others,NA,,DOL_SOL,Follow-up on DOL Proposal To Redefine the Term 'fiduciary' For Purposes of ERISA,NA,NA,NA,NA,NA,NA,"Multiple Unnamed Members, FOIA",NA,NA,NA,NA,NA,NA,NA,NA,NA,NA,NA,NA,NA,,NA,NA,NA,,NA,NA,NA,NA,NA,NA,NA,NA,NA,NA,NA,NA,NA,NA,NA,NA,NA,NA,NA,NA,NA,1
NA,18934,2013-03-22,2013,113,5 Others,NA,,DOL_SOL,Oppose Temp Suspension of Enrollment at Job Corps + CR Transfer,NA,NA,NA,NA,NA,NA,"Multiple Unnamed Members, FOIA",NA,NA,NA,NA,NA,NA,NA,NA,NA,NA,NA,NA,NA,,NA,NA,NA,,NA,NA,NA,NA,NA,NA,NA,NA,NA,NA,NA,NA,NA,NA,NA,NA,NA,NA,NA,NA,NA,1
NA,19031,2013-04-09,2013,113,23 Others,NA,,DOL_SOL,Concerns Regarding Methodology for Closure of Job Corps Centers,NA,NA,NA,NA,NA,NA,"Multiple Unnamed Members, FOIA",NA,NA,NA,NA,NA,NA,NA,NA,NA,NA,NA,NA,NA,,NA,NA,NA,,NA,NA,NA,NA,NA,NA,NA,NA,NA,NA,NA,NA,NA,NA,NA,NA,NA,NA,NA,NA,NA,1
NA,19090,2013-04-15,2013,113,33 Others,NA,,DOL_SOL,Oppose Temporary Suspension of Enrollment at Job Corps Centers,NA,NA,NA,NA,NA,NA,"Multiple Unnamed Members, FOIA",NA,NA,NA,NA,NA,NA,NA,NA,NA,NA,NA,NA,NA,,NA,NA,NA,,NA,NA,NA,NA,NA,NA,NA,NA,NA,NA,NA,NA,NA,NA,NA,NA,NA,NA,NA,NA,NA,1
NA,19098,2013-04-15,2013,113,2 Others,NA,,DOL_SOL,GAO High Risk Report to Climate Change Adaptation Plans of Federal Programs,NA,NA,NA,NA,NA,NA,"Multiple Unnamed Members, FOIA",NA,NA,NA,NA,NA,NA,NA,NA,NA,NA,NA,NA,NA,,NA,NA,NA,,NA,NA,NA,NA,NA,NA,NA,NA,NA,NA,NA,NA,NA,NA,NA,NA,NA,NA,NA,NA,NA,1
NA,19127,2013-04-18,2013,113,49 Others,NA,,DOL_SOL,Regarding ACA Women's Preventive Health (Contraceptive Services) Eff 8/1/12,NA,NA,NA,NA,NA,NA,"Multiple Unnamed Members, FOIA",NA,NA,NA,NA,NA,NA,NA,NA,NA,NA,NA,NA,NA,,NA,NA,NA,,NA,NA,NA,NA,NA,NA,NA,NA,NA,NA,NA,NA,NA,NA,NA,NA,NA,NA,NA,NA,NA,1
NA,19131,2013-04-19,2013,113,43 Others,NA,,DOL_SOL,DOL Proposed Rule Lowering Miners' Exposure To Respirable Coal Mine Dust,NA,NA,NA,NA,NA,NA,"Multiple Unnamed Members, FOIA",NA,NA,NA,NA,NA,NA,NA,NA,NA,NA,NA,NA,NA,,NA,NA,NA,,NA,NA,NA,NA,NA,NA,NA,NA,NA,NA,NA,NA,NA,NA,NA,NA,NA,NA,NA,NA,NA,1
NA,19245,2013-05-02,2013,113,6 Others,NA,,DOL_SOL,2nd NPRM Hearing of Unemployment Insurance Reforms on Drug Screening & Testing,NA,NA,NA,NA,NA,NA,"Multiple Unnamed Members, FOIA",NA,NA,NA,NA,NA,NA,NA,NA,NA,NA,NA,NA,NA,,NA,NA,NA,,NA,NA,NA,NA,NA,NA,NA,NA,NA,NA,NA,NA,NA,NA,NA,NA,NA,NA,NA,NA,NA,1
NA,19546,2013-06-13,2013,113,34 Others,NA,,DOL_SOL,Support California's Displaced Worker Training National Emergency Grant (NEG),NA,NA,NA,NA,NA,NA,"Multiple Unnamed Members, FOIA",NA,NA,NA,NA,NA,NA,NA,NA,NA,NA,NA,NA,NA,,NA,NA,NA,,NA,NA,NA,NA,NA,NA,NA,NA,NA,NA,NA,NA,NA,NA,NA,NA,NA,NA,NA,NA,NA,1
NA,19574,2013-06-17,2013,113,19 Others,NA,,DOL_SOL,Congratulations On Appointment As Administrator For The Office Of Job Corps,NA,NA,NA,NA,NA,NA,"Multiple Unnamed Members, FOIA",NA,NA,NA,NA,NA,NA,NA,NA,NA,NA,NA,NA,NA,,NA,NA,NA,,NA,NA,NA,NA,NA,NA,NA,NA,NA,NA,NA,NA,NA,NA,NA,NA,NA,NA,NA,NA,NA,1
NA,19685,2013-06-27,2013,113,29 Others,NA,,DOL_SOL,DOL's Re-Proposal To Redefine The Term 'fiduciary' For The Purposes Of ERISA,NA,NA,NA,NA,NA,NA,"Multiple Unnamed Members, FOIA",NA,NA,NA,NA,NA,NA,NA,NA,NA,NA,NA,NA,NA,,NA,NA,NA,,NA,NA,NA,NA,NA,NA,NA,NA,NA,NA,NA,NA,NA,NA,NA,NA,NA,NA,NA,NA,NA,1
NA,19728,2013-07-03,2013,113,21 Others,NA,,DOL_SOL,Support Trade Adjustment Assistance Community College & Career Trng (TAACCCT),NA,NA,NA,NA,NA,NA,"Multiple Unnamed Members, FOIA",NA,NA,NA,NA,NA,NA,NA,NA,NA,NA,NA,NA,NA,,NA,NA,NA,,NA,NA,NA,NA,NA,NA,NA,NA,NA,NA,NA,NA,NA,NA,NA,NA,NA,NA,NA,NA,NA,1
NA,19773,2013-07-12,2013,113,13 Others,NA,,DOL_SOL,Examine Fees and Practices Associated with Wages Paid by Prepaid Payroll Cards,NA,NA,NA,NA,NA,NA,"Multiple Unnamed Members, FOIA",NA,NA,NA,NA,NA,NA,NA,NA,NA,NA,NA,NA,NA,,NA,NA,NA,,NA,NA,NA,NA,NA,NA,NA,NA,NA,NA,NA,NA,NA,NA,NA,NA,NA,NA,NA,NA,NA,1
NA,20019,2013-08-15,2013,113,2 Others,NA,,DOL_SOL,Support TAACCCT Grant Application For Funding,NA,NA,NA,NA,NA,NA,"Multiple Unnamed Members, FOIA",NA,NA,NA,NA,NA,NA,NA,NA,NA,NA,NA,NA,NA,,NA,NA,NA,,NA,NA,NA,NA,NA,NA,NA,NA,NA,NA,NA,NA,NA,NA,NA,NA,NA,NA,NA,NA,NA,1
NA,20119,2013-08-29,2013,113,4 Others,NA,,DOL_SOL,Support Pathways (STEM-UP) Grant Application For Funding,NA,NA,NA,NA,NA,NA,"Multiple Unnamed Members, FOIA",NA,NA,NA,NA,NA,NA,NA,NA,NA,NA,NA,NA,NA,,NA,NA,NA,,NA,NA,NA,NA,NA,NA,NA,NA,NA,NA,NA,NA,NA,NA,NA,NA,NA,NA,NA,NA,NA,1
NA,20164,2013-09-09,2013,113,7 Others,NA,,DOL_SOL,Funding for the BART Silicon Valley Project,NA,NA,NA,NA,NA,NA,"Multiple Unnamed Members, FOIA",NA,NA,NA,NA,NA,NA,NA,NA,NA,NA,NA,NA,NA,,NA,NA,NA,,NA,NA,NA,NA,NA,NA,NA,NA,NA,NA,NA,NA,NA,NA,NA,NA,NA,NA,NA,NA,NA,1
NA,20266,2013-09-24,2013,113,18 Others,NA,,DOL_SOL,Taft-Hartley Health Insurance Plans & PPACA,NA,NA,NA,NA,NA,NA,"Multiple Unnamed Members, FOIA",NA,NA,NA,NA,NA,NA,NA,NA,NA,NA,NA,NA,NA,,NA,NA,NA,,NA,NA,NA,NA,NA,NA,NA,NA,NA,NA,NA,NA,NA,NA,NA,NA,NA,NA,NA,NA,NA,1
NA,20285,2013-09-25,2013,113,6 Others,NA,,DOL_SOL,Implement Section 913 of Dodd-Frank Act w/Redefining Term Fiduciary Under ERISA,NA,NA,NA,NA,NA,NA,"Multiple Unnamed Members, FOIA",NA,NA,NA,NA,NA,NA,NA,NA,NA,NA,NA,NA,NA,,NA,NA,NA,,NA,NA,NA,NA,NA,NA,NA,NA,NA,NA,NA,NA,NA,NA,NA,NA,NA,NA,NA,NA,NA,1
NA,20290,2013-09-25,2013,113,3 Others,NA,,DOL_SOL,Support Trade Adjustment Assistance Community College & Career Trng (TAACCCT),NA,NA,NA,NA,NA,NA,"Multiple Unnamed Members, FOIA",NA,NA,NA,NA,NA,NA,NA,NA,NA,NA,NA,NA,NA,,NA,NA,NA,,NA,NA,NA,NA,NA,NA,NA,NA,NA,NA,NA,NA,NA,NA,NA,NA,NA,NA,NA,NA,NA,1
NA,20388,2013-10-22,2013,113,20 Others,NA,,DOL_SOL,H-2A Guestworker Applications Were Not Processed During The Government Shutdown,NA,NA,NA,NA,NA,NA,"Multiple Unnamed Members, FOIA",NA,NA,NA,NA,NA,NA,NA,NA,NA,NA,NA,NA,NA,,NA,NA,NA,,NA,NA,NA,NA,NA,NA,NA,NA,NA,NA,NA,NA,NA,NA,NA,NA,NA,NA,NA,NA,NA,1
NA,20392,2013-10-22,2013,113,7 Others,NA,,DOL_SOL,Request To Expedite H-2A Immigration Process for U.S. Growers,NA,NA,NA,NA,NA,NA,"Multiple Unnamed Members, FOIA",NA,NA,NA,NA,NA,NA,NA,NA,NA,NA,NA,NA,NA,,NA,NA,NA,,NA,NA,NA,NA,NA,NA,NA,NA,NA,NA,NA,NA,NA,NA,NA,NA,NA,NA,NA,NA,NA,1
NA,20544,2013-11-18,2013,113,16 Others,NA,,DOL_SOL,Support The National Longitudinal Surveys (NLS) Program,NA,NA,NA,NA,NA,NA,"Multiple Unnamed Members, FOIA",NA,NA,NA,NA,NA,NA,NA,NA,NA,NA,NA,NA,NA,,NA,NA,NA,,NA,NA,NA,NA,NA,NA,NA,NA,NA,NA,NA,NA,NA,NA,NA,NA,NA,NA,NA,NA,NA,1
NA,20568,2013-11-21,2013,113,15 Others,NA,,DOL_SOL,Silica NPRM - Request for Small Business Panel and Research Funding Sources,NA,NA,NA,NA,NA,NA,"Multiple Unnamed Members, FOIA",NA,NA,NA,NA,NA,NA,NA,NA,NA,NA,NA,NA,NA,,NA,NA,NA,,NA,NA,NA,NA,NA,NA,NA,NA,NA,NA,NA,NA,NA,NA,NA,NA,NA,NA,NA,NA,NA,1
NA,20734,2013-12-26,2013,113,42 Others,NA,,DOL_SOL,Requirements Under the OSHA Act of 1976 to Farming Operations,NA,NA,NA,NA,NA,NA,"Multiple Unnamed Members, FOIA",NA,NA,NA,NA,NA,NA,NA,NA,NA,NA,NA,NA,NA,,NA,NA,NA,,NA,NA,NA,NA,NA,NA,NA,NA,NA,NA,NA,NA,NA,NA,NA,NA,NA,NA,NA,NA,NA,1
NA,20737,2013-12-30,2013,113,7 Others,NA,,DOL_SOL,Employer Shared Responsibility Provision of the Affordable Care Act (ACA),NA,NA,NA,NA,NA,NA,"Multiple Unnamed Members, FOIA",NA,NA,NA,NA,NA,NA,NA,NA,NA,NA,NA,NA,NA,,NA,NA,NA,,NA,NA,NA,NA,NA,NA,NA,NA,NA,NA,NA,NA,NA,NA,NA,NA,NA,NA,NA,NA,NA,1
NA,20799,2014-01-13,2014,113,18 Others,NA,,DOL_SOL,Previous Year Surplus Funding to Increase Job Corps Enrollment,NA,NA,NA,NA,NA,NA,"Multiple Unnamed Members, FOIA",NA,NA,NA,NA,NA,NA,NA,NA,NA,NA,NA,NA,NA,,NA,NA,NA,,NA,NA,NA,NA,NA,NA,NA,NA,NA,NA,NA,NA,NA,NA,NA,NA,NA,NA,NA,NA,NA,1
NA,20810,2014-01-14,2014,113,27 Others,NA,,DOL_SOL,DOL's Re-Proposal to Redefine the Term Fiduciary for Purposes of ERISA,NA,NA,NA,NA,NA,NA,"Multiple Unnamed Members, FOIA",NA,NA,NA,NA,NA,NA,NA,NA,NA,NA,NA,NA,NA,,NA,NA,NA,,NA,NA,NA,NA,NA,NA,NA,NA,NA,NA,NA,NA,NA,NA,NA,NA,NA,NA,NA,NA,NA,1
NA,20821,2014-01-15,2014,113,7 Others,NA,,DOL_SOL,OSHA's Misguided Guidance Regarding Family Farming Operations,NA,NA,NA,NA,NA,NA,"Multiple Unnamed Members, FOIA",NA,NA,NA,NA,NA,NA,NA,NA,NA,NA,NA,NA,NA,,NA,NA,NA,,NA,NA,NA,NA,NA,NA,NA,NA,NA,NA,NA,NA,NA,NA,NA,NA,NA,NA,NA,NA,NA,1
NA,20916,2014-01-30,2014,113,79 Others,NA,,DOL_SOL,OSHA's Enforcement Activities of Grain Storage Operations on Small Farms,NA,NA,NA,NA,NA,NA,"Multiple Unnamed Members, FOIA",NA,NA,NA,NA,NA,NA,NA,NA,NA,NA,NA,NA,NA,,NA,NA,NA,,NA,NA,NA,NA,NA,NA,NA,NA,NA,NA,NA,NA,NA,NA,NA,NA,NA,NA,NA,NA,NA,1
NA,20923,2014-01-31,2014,113,12 Others,NA,,DOL_SOL,California's Employment Development Department (EDD) Processing of UI benefits,NA,NA,NA,NA,NA,NA,"Multiple Unnamed Members, FOIA",NA,NA,NA,NA,NA,NA,NA,NA,NA,NA,NA,NA,NA,,NA,NA,NA,,NA,NA,NA,NA,NA,NA,NA,NA,NA,NA,NA,NA,NA,NA,NA,NA,NA,NA,NA,NA,NA,1
NA,20982,2014-02-07,2014,113,53 Others,NA,,DOL_SOL,OSHA's Occupational Exposure To Respirable Crystalline Silica Proposed Rule,NA,NA,NA,NA,NA,NA,"Multiple Unnamed Members, FOIA",NA,NA,NA,NA,NA,NA,NA,NA,NA,NA,NA,NA,NA,,NA,NA,NA,,NA,NA,NA,NA,NA,NA,NA,NA,NA,NA,NA,NA,NA,NA,NA,NA,NA,NA,NA,NA,NA,1
NA,21061,2014-02-21,2014,113,54 Others,NA,,DOL_SOL,OSHA's Occupational Exposure To Respirable Crystalline Silica Proposed Rule,NA,NA,NA,NA,NA,NA,"Multiple Unnamed Members, FOIA",NA,NA,NA,NA,NA,NA,NA,NA,NA,NA,NA,NA,NA,,NA,NA,NA,,NA,NA,NA,NA,NA,NA,NA,NA,NA,NA,NA,NA,NA,NA,NA,NA,NA,NA,NA,NA,NA,1
NA,21127,2014-03-04,2014,113,6 Others,NA,,DOL_SOL,Concern About Access to Medical Records for Black Lung Claimants,NA,NA,NA,NA,NA,NA,"Multiple Unnamed Members, FOIA",NA,NA,NA,NA,NA,NA,NA,NA,NA,NA,NA,NA,NA,,NA,NA,NA,,NA,NA,NA,NA,NA,NA,NA,NA,NA,NA,NA,NA,NA,NA,NA,NA,NA,NA,NA,NA,NA,1
NA,21142,2014-03-07,2014,113,15 Others,NA,,DOL_SOL,High Rates Of Unemployment & Discrimination Faced By LGBT Workers,NA,NA,NA,NA,NA,NA,"Multiple Unnamed Members, FOIA",NA,NA,NA,NA,NA,NA,NA,NA,NA,NA,NA,NA,NA,,NA,NA,NA,,NA,NA,NA,NA,NA,NA,NA,NA,NA,NA,NA,NA,NA,NA,NA,NA,NA,NA,NA,NA,NA,1
NA,21154,2014-03-07,2014,113,5 Others,NA,,DOL_SOL,OALJs' Proposed Rule On Discovery Of Nontestifying Experts' Opinions,NA,NA,NA,NA,NA,NA,"Multiple Unnamed Members, FOIA",NA,NA,NA,NA,NA,NA,NA,NA,NA,NA,NA,NA,NA,,NA,NA,NA,,NA,NA,NA,NA,NA,NA,NA,NA,NA,NA,NA,NA,NA,NA,NA,NA,NA,NA,NA,NA,NA,1
NA,21195,2014-03-12,2014,113,3 Others,NA,,DOL_SOL,Support Youth CareerConnect Grant Application For Funding,NA,NA,NA,NA,NA,NA,"Multiple Unnamed Members, FOIA",NA,NA,NA,NA,NA,NA,NA,NA,NA,NA,NA,NA,NA,,NA,NA,NA,,NA,NA,NA,NA,NA,NA,NA,NA,NA,NA,NA,NA,NA,NA,NA,NA,NA,NA,NA,NA,NA,1
NA,21198,2014-03-12,2014,113,6 Others,NA,,DOL_SOL,Requests for Review & Redetermination of Indiana Prevailing Wage Determinations,NA,NA,NA,NA,NA,NA,"Multiple Unnamed Members, FOIA",NA,NA,NA,NA,NA,NA,NA,NA,NA,NA,NA,NA,NA,,NA,NA,NA,,NA,NA,NA,NA,NA,NA,NA,NA,NA,NA,NA,NA,NA,NA,NA,NA,NA,NA,NA,NA,NA,1
NA,21213,2014-03-12,2014,113,34 Others,NA,,DOL_SOL,Proposed International Labour Organization (ILO) Convention,NA,NA,NA,NA,NA,NA,"Multiple Unnamed Members, FOIA",NA,NA,NA,NA,NA,NA,NA,NA,NA,NA,NA,NA,NA,,NA,NA,NA,,NA,NA,NA,NA,NA,NA,NA,NA,NA,NA,NA,NA,NA,NA,NA,NA,NA,NA,NA,NA,NA,1
NA,21246,2014-03-18,2014,113,2 Others,NA,,DOL_SOL,"Support Capital Workforce Partners, of Hartford, CT Youth CareerConnect Grant",NA,NA,NA,NA,NA,NA,"Multiple Unnamed Members, FOIA",NA,NA,NA,NA,NA,NA,NA,NA,NA,NA,NA,NA,NA,,NA,NA,NA,,NA,NA,NA,NA,NA,NA,NA,NA,NA,NA,NA,NA,NA,NA,NA,NA,NA,NA,NA,NA,NA,1
NA,21249,2014-03-19,2014,113,10 Others,NA,,DOL_SOL,Oppose Proposed Rule Tracking Workplace Injuries & Illnesses By OSHA,NA,NA,NA,NA,NA,NA,"Multiple Unnamed Members, FOIA",NA,NA,NA,NA,NA,NA,NA,NA,NA,NA,NA,NA,NA,,NA,NA,NA,,NA,NA,NA,NA,NA,NA,NA,NA,NA,NA,NA,NA,NA,NA,NA,NA,NA,NA,NA,NA,NA,1
NA,21251,2014-03-19,2014,113,6 Others,NA,,DOL_SOL,Request Meeting with A/S for OSHA David Michaels,NA,NA,NA,NA,NA,NA,"Multiple Unnamed Members, FOIA",NA,NA,NA,NA,NA,NA,NA,NA,NA,NA,NA,NA,NA,,NA,NA,NA,,NA,NA,NA,NA,NA,NA,NA,NA,NA,NA,NA,NA,NA,NA,NA,NA,NA,NA,NA,NA,NA,1
NA,21268,2014-03-20,2014,113,3 Others,NA,,DOL_SOL,Budget & Staffing Cuts In The DOL's Office of Administrative Law Judges (OALJ),NA,NA,NA,NA,NA,NA,"Multiple Unnamed Members, FOIA",NA,NA,NA,NA,NA,NA,NA,NA,NA,NA,NA,NA,NA,,NA,NA,NA,,NA,NA,NA,NA,NA,NA,NA,NA,NA,NA,NA,NA,NA,NA,NA,NA,NA,NA,NA,NA,NA,1
NA,21325,2014-03-31,2014,113,3 Others,NA,,DOL_SOL,Regulation of Ammonium Nitrate (AN) under EPA Risk Management Program (RMP),NA,NA,NA,NA,NA,NA,"Multiple Unnamed Members, FOIA",NA,NA,NA,NA,NA,NA,NA,NA,NA,NA,NA,NA,NA,,NA,NA,NA,,NA,NA,NA,NA,NA,NA,NA,NA,NA,NA,NA,NA,NA,NA,NA,NA,NA,NA,NA,NA,NA,1
NA,21398,2014-04-11,2014,113,37 Others,NA,,DOL_SOL,Service Contract Act (SCA) Wages for MWR Programs under E.O. 13658 & WHD Memo,NA,NA,NA,NA,NA,NA,"Multiple Unnamed Members, FOIA",NA,NA,NA,NA,NA,NA,NA,NA,NA,NA,NA,NA,NA,,NA,NA,NA,,NA,NA,NA,NA,NA,NA,NA,NA,NA,NA,NA,NA,NA,NA,NA,NA,NA,NA,NA,NA,NA,1
NA,21414,2014-04-14,2014,113,2 Others,NA,,DOL_SOL,Adverse Effect Wage Rate (AEWR) For H-2A Workers In Nebraska,NA,NA,NA,NA,NA,NA,"Multiple Unnamed Members, FOIA",NA,NA,NA,NA,NA,NA,NA,NA,NA,NA,NA,NA,NA,,NA,NA,NA,,NA,NA,NA,NA,NA,NA,NA,NA,NA,NA,NA,NA,NA,NA,NA,NA,NA,NA,NA,NA,NA,1
NA,21426,2014-04-14,2014,113,3 Others,NA,,DOL_SOL,Support for the Appointment of Betty Jean Hall as Chief Judge for DOL's BRB,NA,NA,NA,NA,NA,NA,"Multiple Unnamed Members, FOIA",NA,NA,NA,NA,NA,NA,NA,NA,NA,NA,NA,NA,NA,,NA,NA,NA,,NA,NA,NA,NA,NA,NA,NA,NA,NA,NA,NA,NA,NA,NA,NA,NA,NA,NA,NA,NA,NA,1
NA,21428,2014-04-15,2014,113,19 Others,NA,,DOL_SOL,"Support Strengthening U.S. Efforts to Combat Racism, Discrimination & Xenophobia",NA,NA,NA,NA,NA,NA,"Multiple Unnamed Members, FOIA",NA,NA,NA,NA,NA,NA,NA,NA,NA,NA,NA,NA,NA,,NA,NA,NA,,NA,NA,NA,NA,NA,NA,NA,NA,NA,NA,NA,NA,NA,NA,NA,NA,NA,NA,NA,NA,NA,1
NA,21454,2014-04-17,2014,113,39 Others,NA,,DOL_SOL,Procurement of Contracts for Operations & Maintenance of Job Corps Centers,NA,NA,NA,NA,NA,NA,"Multiple Unnamed Members, FOIA",NA,NA,NA,NA,NA,NA,NA,NA,NA,NA,NA,NA,NA,,NA,NA,NA,,NA,NA,NA,NA,NA,NA,NA,NA,NA,NA,NA,NA,NA,NA,NA,NA,NA,NA,NA,NA,NA,1
NA,21465,2014-04-21,2014,113,5 Others,NA,,DOL_SOL,Oppose DOL's Ways to Establish Important H-2B Visa Allocations,NA,NA,NA,NA,NA,NA,"Multiple Unnamed Members, FOIA",NA,NA,NA,NA,NA,NA,NA,NA,NA,NA,NA,NA,NA,,NA,NA,NA,,NA,NA,NA,NA,NA,NA,NA,NA,NA,NA,NA,NA,NA,NA,NA,NA,NA,NA,NA,NA,NA,1
NA,21475,2014-04-23,2014,113,3 Others,NA,,DOL_SOL,President's Proposal to Strengthen Overtime Protections for American Workers,NA,NA,NA,NA,NA,NA,"Multiple Unnamed Members, FOIA",NA,NA,NA,NA,NA,NA,NA,NA,NA,NA,NA,NA,NA,,NA,NA,NA,,NA,NA,NA,NA,NA,NA,NA,NA,NA,NA,NA,NA,NA,NA,NA,NA,NA,NA,NA,NA,NA,1
NA,21551,2014-05-05,2014,113,4 Others,NA,,DOL_SOL,Support Luna Community College in New Mexico YouthBuild Grant Application,NA,NA,NA,NA,NA,NA,"Multiple Unnamed Members, FOIA",NA,NA,NA,NA,NA,NA,NA,NA,NA,NA,NA,NA,NA,,NA,NA,NA,,NA,NA,NA,NA,NA,NA,NA,NA,NA,NA,NA,NA,NA,NA,NA,NA,NA,NA,NA,NA,NA,1
NA,21660,2014-05-22,2014,113,2 Others,NA,,DOL_SOL,Federal Salary Council's (FSC) Recommendations For The Locality Pay Program,NA,NA,NA,NA,NA,NA,"Multiple Unnamed Members, FOIA",NA,NA,NA,NA,NA,NA,NA,NA,NA,NA,NA,NA,NA,,NA,NA,NA,,NA,NA,NA,NA,NA,NA,NA,NA,NA,NA,NA,NA,NA,NA,NA,NA,NA,NA,NA,NA,NA,1
NA,21683,2014-05-27,2014,113,2 Others,NA,,DOL_SOL,GAO Report To Congressional Requesters; Chemical Safety,NA,NA,NA,NA,NA,NA,"Multiple Unnamed Members, FOIA",NA,NA,NA,NA,NA,NA,NA,NA,NA,NA,NA,NA,NA,,NA,NA,NA,,NA,NA,NA,NA,NA,NA,NA,NA,NA,NA,NA,NA,NA,NA,NA,NA,NA,NA,NA,NA,NA,1
NA,21689,2014-05-28,2014,113,2 Others,NA,,DOL_SOL,Recommend Participate in White House Summit on Working Families,NA,NA,NA,NA,NA,NA,"Multiple Unnamed Members, FOIA",NA,NA,NA,NA,NA,NA,NA,NA,NA,NA,NA,NA,NA,,NA,NA,NA,,NA,NA,NA,NA,NA,NA,NA,NA,NA,NA,NA,NA,NA,NA,NA,NA,NA,NA,NA,NA,NA,1
NA,21725,2014-06-02,2014,113,3 Others,NA,,DOL_SOL,Request That You Consider Revoking The Layoff Aversion Requirement Of TEGL 30-09,NA,NA,NA,NA,NA,NA,"Multiple Unnamed Members, FOIA",NA,NA,NA,NA,NA,NA,NA,NA,NA,NA,NA,NA,NA,,NA,NA,NA,,NA,NA,NA,NA,NA,NA,NA,NA,NA,NA,NA,NA,NA,NA,NA,NA,NA,NA,NA,NA,NA,1
NA,21786,2014-06-11,2014,113,2 Others,NA,,DOL_SOL,"Support Mine Workers in Questa, New Mexico Application for TAA",NA,NA,NA,NA,NA,NA,"Multiple Unnamed Members, FOIA",NA,NA,NA,NA,NA,NA,NA,NA,NA,NA,NA,NA,NA,,NA,NA,NA,,NA,NA,NA,NA,NA,NA,NA,NA,NA,NA,NA,NA,NA,NA,NA,NA,NA,NA,NA,NA,NA,1
NA,21808,2014-06-16,2014,113,34 Others,NA,,DOL_SOL,Correct FAQ on Non- Discrimination Against Any Licensed Health Care Provider,NA,NA,NA,NA,NA,NA,"Multiple Unnamed Members, FOIA",NA,NA,NA,NA,NA,NA,NA,NA,NA,NA,NA,NA,NA,,NA,NA,NA,,NA,NA,NA,NA,NA,NA,NA,NA,NA,NA,NA,NA,NA,NA,NA,NA,NA,NA,NA,NA,NA,1
NA,21847,2014-06-19,2014,113,6 Others,NA,,DOL_SOL,Correct FAQ On Non- Discrimination Against Any Licensed Health Care Provider,NA,NA,NA,NA,NA,NA,"Multiple Unnamed Members, FOIA",NA,NA,NA,NA,NA,NA,NA,NA,NA,NA,NA,NA,NA,,NA,NA,NA,,NA,NA,NA,NA,NA,NA,NA,NA,NA,NA,NA,NA,NA,NA,NA,NA,NA,NA,NA,NA,NA,1
NA,21987,2014-07-10,2014,113,8 Others,NA,,DOL_SOL,Support Massachusetts Community Colleges TAACCCT Grant Program Round 4 Funding,NA,NA,NA,NA,NA,NA,"Multiple Unnamed Members, FOIA",NA,NA,NA,NA,NA,NA,NA,NA,NA,NA,NA,NA,NA,,NA,NA,NA,,NA,NA,NA,NA,NA,NA,NA,NA,NA,NA,NA,NA,NA,NA,NA,NA,NA,NA,NA,NA,NA,1
NA,22040,2014-07-16,2014,113,4 Others,NA,,DOL_SOL,SCA Wage Determinations For The Fast Food Industry,NA,NA,NA,NA,NA,NA,"Multiple Unnamed Members, FOIA",NA,NA,NA,NA,NA,NA,NA,NA,NA,NA,NA,NA,NA,,NA,NA,NA,,NA,NA,NA,NA,NA,NA,NA,NA,NA,NA,NA,NA,NA,NA,NA,NA,NA,NA,NA,NA,NA,1
NA,22056,2014-07-17,2014,113,4 Others,NA,,DOL_SOL,Request PBGC's Final Benefit Determination for Delphi Salaried Retirees,NA,NA,NA,NA,NA,NA,"Multiple Unnamed Members, FOIA",NA,NA,NA,NA,NA,NA,NA,NA,NA,NA,NA,NA,NA,,NA,NA,NA,,NA,NA,NA,NA,NA,NA,NA,NA,NA,NA,NA,NA,NA,NA,NA,NA,NA,NA,NA,NA,NA,1
NA,22089,2014-07-22,2014,113,9 Others,NA,,DOL_SOL,Retroactive Cancellation of Health Coverage & Fiduciary Breaches Under ERISA,NA,NA,NA,NA,NA,NA,"Multiple Unnamed Members, FOIA",NA,NA,NA,NA,NA,NA,NA,NA,NA,NA,NA,NA,NA,,NA,NA,NA,,NA,NA,NA,NA,NA,NA,NA,NA,NA,NA,NA,NA,NA,NA,NA,NA,NA,NA,NA,NA,NA,1
NA,22111,2014-07-24,2014,113,24 Others,NA,,DOL_SOL,Concerns Regarding Methodology for Closure of Job Corps Centers,NA,NA,NA,NA,NA,NA,"Multiple Unnamed Members, FOIA",NA,NA,NA,NA,NA,NA,NA,NA,NA,NA,NA,NA,NA,,NA,NA,NA,,NA,NA,NA,NA,NA,NA,NA,NA,NA,NA,NA,NA,NA,NA,NA,NA,NA,NA,NA,NA,NA,1
NA,22141,2014-07-30,2014,113,8 Others,NA,,DOL_SOL,Support Ohio TechNet TAACCCT Grant Program Application for Funding,NA,NA,NA,NA,NA,NA,"Multiple Unnamed Members, FOIA",NA,NA,NA,NA,NA,NA,NA,NA,NA,NA,NA,NA,NA,,NA,NA,NA,,NA,NA,NA,NA,NA,NA,NA,NA,NA,NA,NA,NA,NA,NA,NA,NA,NA,NA,NA,NA,NA,1
NA,22166,2014-08-04,2014,113,9 Others,NA,,DOL_SOL,Establishment of New Locality Pay Areas For Federal Workers,NA,NA,NA,NA,NA,NA,"Multiple Unnamed Members, FOIA",NA,NA,NA,NA,NA,NA,NA,NA,NA,NA,NA,NA,NA,,NA,NA,NA,,NA,NA,NA,NA,NA,NA,NA,NA,NA,NA,NA,NA,NA,NA,NA,NA,NA,NA,NA,NA,NA,1
NA,22190,2014-08-08,2014,113,4 Others,NA,,DOL_SOL,Support Application For Funding Under DOL's H-1B Ready to Work Partnership Grant,NA,NA,NA,NA,NA,NA,"Multiple Unnamed Members, FOIA",NA,NA,NA,NA,NA,NA,NA,NA,NA,NA,NA,NA,NA,,NA,NA,NA,,NA,NA,NA,NA,NA,NA,NA,NA,NA,NA,NA,NA,NA,NA,NA,NA,NA,NA,NA,NA,NA,1
NA,22210,2014-08-11,2014,113,7 Others,NA,,DOL_SOL,Support H-1B Visa Ready to Work ((R2W) Partnership Grant,NA,NA,NA,NA,NA,NA,"Multiple Unnamed Members, FOIA",NA,NA,NA,NA,NA,NA,NA,NA,NA,NA,NA,NA,NA,,NA,NA,NA,,NA,NA,NA,NA,NA,NA,NA,NA,NA,NA,NA,NA,NA,NA,NA,NA,NA,NA,NA,NA,NA,1
NA,22321,2014-08-27,2014,113,48 Others,NA,,DOL_SOL,Urging Stronger Protections for Immigrant Workers,NA,NA,NA,NA,NA,NA,"Multiple Unnamed Members, FOIA",NA,NA,NA,NA,NA,NA,NA,NA,NA,NA,NA,NA,NA,,NA,NA,NA,,NA,NA,NA,NA,NA,NA,NA,NA,NA,NA,NA,NA,NA,NA,NA,NA,NA,NA,NA,NA,NA,1
NA,22378,2014-09-08,2014,113,6 Others,NA,,DOL_SOL,Underrepresentation Of Diverse & Emerging Managers For PBGC Investment Funds,NA,NA,NA,NA,NA,NA,"Multiple Unnamed Members, FOIA",NA,NA,NA,NA,NA,NA,NA,NA,NA,NA,NA,NA,NA,,NA,NA,NA,,NA,NA,NA,NA,NA,NA,NA,NA,NA,NA,NA,NA,NA,NA,NA,NA,NA,NA,NA,NA,NA,1
NA,22383,2014-09-08,2014,113,4 Others,NA,,DOL_SOL,Workforce Innovation & Opportunity Act (WIOA) Implementation Of The New Law,NA,NA,NA,NA,NA,NA,"Multiple Unnamed Members, FOIA",NA,NA,NA,NA,NA,NA,NA,NA,NA,NA,NA,NA,NA,,NA,NA,NA,,NA,NA,NA,NA,NA,NA,NA,NA,NA,NA,NA,NA,NA,NA,NA,NA,NA,NA,NA,NA,NA,1
NA,22399,2014-09-10,2014,113,6 Others,NA,,DOL_SOL,Support Advance HealthCare Project H-1B Ready to Work Partnership Grant,NA,NA,NA,NA,NA,NA,"Multiple Unnamed Members, FOIA",NA,NA,NA,NA,NA,NA,NA,NA,NA,NA,NA,NA,NA,,NA,NA,NA,,NA,NA,NA,NA,NA,NA,NA,NA,NA,NA,NA,NA,NA,NA,NA,NA,NA,NA,NA,NA,NA,1
NA,22409,2014-09-11,2014,113,2 Others,NA,,DOL_SOL,Exempt Kansas or Extend Implementation of DOL's Final Rule on Home Care Workers,NA,NA,NA,NA,NA,NA,"Multiple Unnamed Members, FOIA",NA,NA,NA,NA,NA,NA,NA,NA,NA,NA,NA,NA,NA,,NA,NA,NA,,NA,NA,NA,NA,NA,NA,NA,NA,NA,NA,NA,NA,NA,NA,NA,NA,NA,NA,NA,NA,NA,1
NA,22475,2014-09-23,2014,113,32 Others,NA,,DOL_SOL,Issue A Proposed Rule Prohibiting Child Labor On Tobacco Farms,NA,NA,NA,NA,NA,NA,"Multiple Unnamed Members, FOIA",NA,NA,NA,NA,NA,NA,NA,NA,NA,NA,NA,NA,NA,,NA,NA,NA,,NA,NA,NA,NA,NA,NA,NA,NA,NA,NA,NA,NA,NA,NA,NA,NA,NA,NA,NA,NA,NA,1
NA,22528,2014-09-30,2014,113,21 Others,NA,,DOL_SOL,Extend Implementation of DOL's Final Rule on Home Care Workers for 18 Months,NA,NA,NA,NA,NA,NA,"Multiple Unnamed Members, FOIA",NA,NA,NA,NA,NA,NA,NA,NA,NA,NA,NA,NA,NA,,NA,NA,NA,,NA,NA,NA,NA,NA,NA,NA,NA,NA,NA,NA,NA,NA,NA,NA,NA,NA,NA,NA,NA,NA,1
NA,22583,2014-10-15,2014,113,2 Others,NA,,DOL_SOL,Concerned About QPAM Waiver for Credit Suisee & Request Public Hearing,NA,NA,NA,NA,NA,NA,"Multiple Unnamed Members, FOIA",NA,NA,NA,NA,NA,NA,NA,NA,NA,NA,NA,NA,NA,,NA,NA,NA,,NA,NA,NA,NA,NA,NA,NA,NA,NA,NA,NA,NA,NA,NA,NA,NA,NA,NA,NA,NA,NA,1
NA,22619,2014-10-22,2014,113,36 Others,NA,,DOL_SOL,Concerns Regarding Use of Non-Compete Agreements by Employers in Food Service,NA,NA,NA,NA,NA,NA,"Multiple Unnamed Members, FOIA",NA,NA,NA,NA,NA,NA,NA,NA,NA,NA,NA,NA,NA,,NA,NA,NA,,NA,NA,NA,NA,NA,NA,NA,NA,NA,NA,NA,NA,NA,NA,NA,NA,NA,NA,NA,NA,NA,1
NA,22657,2014-11-04,2014,113,10 Others,NA,,DOL_SOL,Delphi Retirement Program for Salaried Retirees (the Plan),NA,NA,NA,NA,NA,NA,"Multiple Unnamed Members, FOIA",NA,NA,NA,NA,NA,NA,NA,NA,NA,NA,NA,NA,NA,,NA,NA,NA,,NA,NA,NA,NA,NA,NA,NA,NA,NA,NA,NA,NA,NA,NA,NA,NA,NA,NA,NA,NA,NA,1
NA,22682,2014-11-10,2014,113,7 Others,NA,,DOL_SOL,Drug Screening & Testing of Unemployment Insurance (UI) Claimants,NA,NA,NA,NA,NA,NA,"Multiple Unnamed Members, FOIA",NA,NA,NA,NA,NA,NA,NA,NA,NA,NA,NA,NA,NA,,NA,NA,NA,,NA,NA,NA,NA,NA,NA,NA,NA,NA,NA,NA,NA,NA,NA,NA,NA,NA,NA,NA,NA,NA,1
NA,22731,2014-11-24,2014,113,6 Others,NA,,DOL_SOL,Final Rule for the Special Procedures for Sheepherding under the H-2A Program,NA,NA,NA,NA,NA,NA,"Multiple Unnamed Members, FOIA",NA,NA,NA,NA,NA,NA,NA,NA,NA,NA,NA,NA,NA,,NA,NA,NA,,NA,NA,NA,NA,NA,NA,NA,NA,NA,NA,NA,NA,NA,NA,NA,NA,NA,NA,NA,NA,NA,1
NA,22761,2014-12-03,2014,113,8 Others,NA,,DOL_SOL,Support NEG Proposal Filed By New Jersey On Behalf Of Dislocated Workers,NA,NA,NA,NA,NA,NA,"Multiple Unnamed Members, FOIA",NA,NA,NA,NA,NA,NA,NA,NA,NA,NA,NA,NA,NA,,NA,NA,NA,,NA,NA,NA,NA,NA,NA,NA,NA,NA,NA,NA,NA,NA,NA,NA,NA,NA,NA,NA,NA,NA,1
NA,22782,2014-12-08,2014,113,9 Others,NA,,DOL_SOL,DOL to Encourage Companies to Provide Overtime/Holiday Pay for Retail Workers,NA,NA,NA,NA,NA,NA,"Multiple Unnamed Members, FOIA",NA,NA,NA,NA,NA,NA,NA,NA,NA,NA,NA,NA,NA,,NA,NA,NA,,NA,NA,NA,NA,NA,NA,NA,NA,NA,NA,NA,NA,NA,NA,NA,NA,NA,NA,NA,NA,NA,1
NA,22823,2014-12-16,2014,113,6 Others,NA,,DOL_SOL,Implementation of US- Colombia Labor Action Plan/Violence Against Trade Unionists,NA,NA,NA,NA,NA,NA,"Multiple Unnamed Members, FOIA",NA,NA,NA,NA,NA,NA,NA,NA,NA,NA,NA,NA,NA,,NA,NA,NA,,NA,NA,NA,NA,NA,NA,NA,NA,NA,NA,NA,NA,NA,NA,NA,NA,NA,NA,NA,NA,NA,1
NA,22836,2014-12-17,2014,113,4 Others,NA,,DOL_SOL,New Workforce Innovation and Opportunity Act (WIOA) Regulations,NA,NA,NA,NA,NA,NA,"Multiple Unnamed Members, FOIA",NA,NA,NA,NA,NA,NA,NA,NA,NA,NA,NA,NA,NA,,NA,NA,NA,,NA,NA,NA,NA,NA,NA,NA,NA,NA,NA,NA,NA,NA,NA,NA,NA,NA,NA,NA,NA,NA,1
NA,22930,2015-01-20,2015,114,30 Others,NA,,DOL_SOL,"Raise The Income Threshold For Overtime Pay To $69,000",NA,NA,NA,NA,NA,NA,"Multiple Unnamed Members, FOIA",NA,NA,NA,NA,NA,NA,NA,NA,NA,NA,NA,NA,NA,,NA,NA,NA,,NA,NA,NA,NA,NA,NA,NA,NA,NA,NA,NA,NA,NA,NA,NA,NA,NA,NA,NA,NA,NA,1
NA,23033,2015-02-10,2015,114,11 Others,NA,,DOL_SOL,Request DOL Rescind The Private Wage Surveys (PWS) for H-2B Workers,NA,NA,NA,NA,NA,NA,"Multiple Unnamed Members, FOIA",NA,NA,NA,NA,NA,NA,NA,NA,NA,NA,NA,NA,NA,,NA,NA,NA,,NA,NA,NA,NA,NA,NA,NA,NA,NA,NA,NA,NA,NA,NA,NA,NA,NA,NA,NA,NA,NA,1
NA,23036,2015-02-10,2015,114,4 Others,NA,,DOL_SOL,Negotiations Between PMA & ILWU Regarding West Coast Ports,NA,NA,NA,NA,NA,NA,"Multiple Unnamed Members, FOIA",NA,NA,NA,NA,NA,NA,NA,NA,NA,NA,NA,NA,NA,,NA,NA,NA,,NA,NA,NA,NA,NA,NA,NA,NA,NA,NA,NA,NA,NA,NA,NA,NA,NA,NA,NA,NA,NA,1
NA,23040,2015-02-10,2015,114,5 Others,NA,,DOL_SOL,ACA Preventive Services- Clarify No Co-Pay for FDA- Approved Contraception,NA,NA,NA,NA,NA,NA,"Multiple Unnamed Members, FOIA",NA,NA,NA,NA,NA,NA,NA,NA,NA,NA,NA,NA,NA,,NA,NA,NA,,NA,NA,NA,NA,NA,NA,NA,NA,NA,NA,NA,NA,NA,NA,NA,NA,NA,NA,NA,NA,NA,1
NA,23223,2015-03-12,2015,114,5 Others,NA,,DOL_SOL,DOL's Proposal To Redefine the Term 'fiduciary' For Purposes of ERISA (IRA),NA,NA,NA,NA,NA,NA,"Multiple Unnamed Members, FOIA",NA,NA,NA,NA,NA,NA,NA,NA,NA,NA,NA,NA,NA,,NA,NA,NA,,NA,NA,NA,NA,NA,NA,NA,NA,NA,NA,NA,NA,NA,NA,NA,NA,NA,NA,NA,NA,NA,1
NA,23226,2015-03-12,2015,114,7 Others,NA,,DOL_SOL,DOL's Proposal To Redefine the Term 'fiduciary' For Purposes of ERISA (IRA),NA,NA,NA,NA,NA,NA,"Multiple Unnamed Members, FOIA",NA,NA,NA,NA,NA,NA,NA,NA,NA,NA,NA,NA,NA,,NA,NA,NA,,NA,NA,NA,NA,NA,NA,NA,NA,NA,NA,NA,NA,NA,NA,NA,NA,NA,NA,NA,NA,NA,1
NA,23253,2015-03-16,2015,114,7 Others,NA,,DOL_SOL,Implications of Court Decision on Processing Applications in the H-2B Program,NA,NA,NA,NA,NA,NA,"Multiple Unnamed Members, FOIA",NA,NA,NA,NA,NA,NA,NA,NA,NA,NA,NA,NA,NA,,NA,NA,NA,,NA,NA,NA,NA,NA,NA,NA,NA,NA,NA,NA,NA,NA,NA,NA,NA,NA,NA,NA,NA,NA,1
NA,23257,2015-03-16,2015,114,3 Others,NA,,DOL_SOL,Implications of Court Decision on Processing Applications in the H-2B Program,NA,NA,NA,NA,NA,NA,"Multiple Unnamed Members, FOIA",NA,NA,NA,NA,NA,NA,NA,NA,NA,NA,NA,NA,NA,,NA,NA,NA,,NA,NA,NA,NA,NA,NA,NA,NA,NA,NA,NA,NA,NA,NA,NA,NA,NA,NA,NA,NA,NA,1
NA,23267,2015-03-17,2015,114,21 Others,NA,,DOL_SOL,Implications of Court Decision on Processing Applications in the H-2B Program,NA,NA,NA,NA,NA,NA,"Multiple Unnamed Members, FOIA",NA,NA,NA,NA,NA,NA,NA,NA,NA,NA,NA,NA,NA,,NA,NA,NA,,NA,NA,NA,NA,NA,NA,NA,NA,NA,NA,NA,NA,NA,NA,NA,NA,NA,NA,NA,NA,NA,1
NA,23272,2015-03-17,2015,114,4 Others,NA,,DOL_SOL,Implications of Court Decision on Processing Applications in the H-2B Program,NA,NA,NA,NA,NA,NA,"Multiple Unnamed Members, FOIA",NA,NA,NA,NA,NA,NA,NA,NA,NA,NA,NA,NA,NA,,NA,NA,NA,,NA,NA,NA,NA,NA,NA,NA,NA,NA,NA,NA,NA,NA,NA,NA,NA,NA,NA,NA,NA,NA,1
NA,23286,2015-03-17,2015,114,6 Others,NA,,DOL_SOL,Implications of Court Decision on Processing Applications in the H-2B Program,NA,NA,NA,NA,NA,NA,"Multiple Unnamed Members, FOIA",NA,NA,NA,NA,NA,NA,NA,NA,NA,NA,NA,NA,NA,,NA,NA,NA,,NA,NA,NA,NA,NA,NA,NA,NA,NA,NA,NA,NA,NA,NA,NA,NA,NA,NA,NA,NA,NA,1
NA,23298,2015-03-18,2015,114,8 Others,NA,,DOL_SOL,Implications of Court Decision on Processing Applications in the H-2B Program,NA,NA,NA,NA,NA,NA,"Multiple Unnamed Members, FOIA",NA,NA,NA,NA,NA,NA,NA,NA,NA,NA,NA,NA,NA,,NA,NA,NA,,NA,NA,NA,NA,NA,NA,NA,NA,NA,NA,NA,NA,NA,NA,NA,NA,NA,NA,NA,NA,NA,1
NA,23325,2015-03-23,2015,114,76 Others,NA,,DOL_SOL,Implications of Court Decision on Processing Applications in the H-2B Program,NA,NA,NA,NA,NA,NA,"Multiple Unnamed Members, FOIA",NA,NA,NA,NA,NA,NA,NA,NA,NA,NA,NA,NA,NA,,NA,NA,NA,,NA,NA,NA,NA,NA,NA,NA,NA,NA,NA,NA,NA,NA,NA,NA,NA,NA,NA,NA,NA,NA,1
NA,23358,2015-03-25,2015,114,6 Others,NA,,DOL_SOL,Support DOL H-2A Sheepherder Proposed Rule-Making Program,NA,NA,NA,NA,NA,NA,"Multiple Unnamed Members, FOIA",NA,NA,NA,NA,NA,NA,NA,NA,NA,NA,NA,NA,NA,,NA,NA,NA,,NA,NA,NA,NA,NA,NA,NA,NA,NA,NA,NA,NA,NA,NA,NA,NA,NA,NA,NA,NA,NA,1
NA,23384,2015-03-27,2015,114,16 Others,NA,,DOL_SOL,Urge Guidance on President Obama's Executive Order Fair Pay & Safe Workplaces,NA,NA,NA,NA,NA,NA,"Multiple Unnamed Members, FOIA",NA,NA,NA,NA,NA,NA,NA,NA,NA,NA,NA,NA,NA,,NA,NA,NA,,NA,NA,NA,NA,NA,NA,NA,NA,NA,NA,NA,NA,NA,NA,NA,NA,NA,NA,NA,NA,NA,1
NA,23483,2015-04-09,2015,114,7 Others,NA,,DOL_SOL,Displacement of U.S. Workers by H-1B Visa Holders,NA,NA,NA,NA,NA,NA,"Multiple Unnamed Members, FOIA",NA,NA,NA,NA,NA,NA,NA,NA,NA,NA,NA,NA,NA,,NA,NA,NA,,NA,NA,NA,NA,NA,NA,NA,NA,NA,NA,NA,NA,NA,NA,NA,NA,NA,NA,NA,NA,NA,1
NA,23544,2015-04-16,2015,114,77 Others,NA,,DOL_SOL,Urge Guidance on President Obama's Executive Order on Fair Pay & Safe Workplaces,NA,NA,NA,NA,NA,NA,"Multiple Unnamed Members, FOIA",NA,NA,NA,NA,NA,NA,NA,NA,NA,NA,NA,NA,NA,,NA,NA,NA,,NA,NA,NA,NA,NA,NA,NA,NA,NA,NA,NA,NA,NA,NA,NA,NA,NA,NA,NA,NA,NA,1
NA,23560,2015-04-20,2015,114,3 Others,NA,,DOL_SOL,DOL Administrative Review Board's (ARB) Decisions in Fordham v. Fannie Mae,NA,NA,NA,NA,NA,NA,"Multiple Unnamed Members, FOIA",NA,NA,NA,NA,NA,NA,NA,NA,NA,NA,NA,NA,NA,,NA,NA,NA,,NA,NA,NA,NA,NA,NA,NA,NA,NA,NA,NA,NA,NA,NA,NA,NA,NA,NA,NA,NA,NA,1
NA,23612,2015-04-27,2015,114,5 Other,NA,,DOL_SOL,Support For the American Apprenticeship Initiative (AAI) Grant Application,NA,NA,NA,NA,NA,NA,"Multiple Unnamed Members, FOIA",NA,NA,NA,NA,NA,NA,NA,NA,NA,NA,NA,NA,NA,,NA,NA,NA,,NA,NA,NA,NA,NA,NA,NA,NA,NA,NA,NA,NA,NA,NA,NA,NA,NA,NA,NA,NA,NA,1
NA,23653,2015-05-01,2015,114,31 Others,NA,,DOL_SOL,Extending the Comment Period for the H-2A NPRM (775500),NA,NA,NA,NA,NA,NA,"Multiple Unnamed Members, FOIA",NA,NA,NA,NA,NA,NA,NA,NA,NA,NA,NA,NA,NA,,NA,NA,NA,,NA,NA,NA,NA,NA,NA,NA,NA,NA,NA,NA,NA,NA,NA,NA,NA,NA,NA,NA,NA,NA,1
NA,23657,2015-05-01,2015,114,5 Others,NA,,DOL_SOL,Support Final Rule On The H-2B Foreign Labor Certification Program,NA,NA,NA,NA,NA,NA,"Multiple Unnamed Members, FOIA",NA,NA,NA,NA,NA,NA,NA,NA,NA,NA,NA,NA,NA,,NA,NA,NA,,NA,NA,NA,NA,NA,NA,NA,NA,NA,NA,NA,NA,NA,NA,NA,NA,NA,NA,NA,NA,NA,1
NA,23665,2015-05-04,2015,114,4 Others,NA,,DOL_SOL,Call On DOL to Release New Workplace Safety Standard for Healthcare Workers,NA,NA,NA,NA,NA,NA,"Multiple Unnamed Members, FOIA",NA,NA,NA,NA,NA,NA,NA,NA,NA,NA,NA,NA,NA,,NA,NA,NA,,NA,NA,NA,NA,NA,NA,NA,NA,NA,NA,NA,NA,NA,NA,NA,NA,NA,NA,NA,NA,NA,1
NA,23669,2015-05-04,2015,114,5 Others,NA,,DOL_SOL,Support American Apprenticeship Initiative Grant Application For Funding,NA,NA,NA,NA,NA,NA,"Multiple Unnamed Members, FOIA",NA,NA,NA,NA,NA,NA,NA,NA,NA,NA,NA,NA,NA,,NA,NA,NA,,NA,NA,NA,NA,NA,NA,NA,NA,NA,NA,NA,NA,NA,NA,NA,NA,NA,NA,NA,NA,NA,1
NA,23674,2015-05-04,2015,114,5 Others,NA,,DOL_SOL,Support Final Rule On The H-2B Foreign Labor Certification Program,NA,NA,NA,NA,NA,NA,"Multiple Unnamed Members, FOIA",NA,NA,NA,NA,NA,NA,NA,NA,NA,NA,NA,NA,NA,,NA,NA,NA,,NA,NA,NA,NA,NA,NA,NA,NA,NA,NA,NA,NA,NA,NA,NA,NA,NA,NA,NA,NA,NA,1
NA,23692,2015-05-05,2015,114,2 Other,NA,,DOL_SOL,Support American Apprenticeship Initiative Grant Application For Funding,NA,NA,NA,NA,NA,NA,"Multiple Unnamed Members, FOIA",NA,NA,NA,NA,NA,NA,NA,NA,NA,NA,NA,NA,NA,,NA,NA,NA,,NA,NA,NA,NA,NA,NA,NA,NA,NA,NA,NA,NA,NA,NA,NA,NA,NA,NA,NA,NA,NA,1
NA,23705,2015-05-06,2015,114,36 Others,NA,,DOL_SOL,Ensure Access to All FDA- Approved Contraception at No-Cost Under ACA,NA,NA,NA,NA,NA,NA,"Multiple Unnamed Members, FOIA",NA,NA,NA,NA,NA,NA,NA,NA,NA,NA,NA,NA,NA,,NA,NA,NA,,NA,NA,NA,NA,NA,NA,NA,NA,NA,NA,NA,NA,NA,NA,NA,NA,NA,NA,NA,NA,NA,1
NA,23710,2015-05-06,2015,114,5 Others,NA,,DOL_SOL,Extend Comment Period for Fiduciary Proposed Rule to a Total of 120 Days,NA,NA,NA,NA,NA,NA,"Multiple Unnamed Members, FOIA",NA,NA,NA,NA,NA,NA,NA,NA,NA,NA,NA,NA,NA,,NA,NA,NA,,NA,NA,NA,NA,NA,NA,NA,NA,NA,NA,NA,NA,NA,NA,NA,NA,NA,NA,NA,NA,NA,1
NA,23731,2015-05-08,2015,114,15 Others,NA,,DOL_SOL,Extend 75-Day Comment Period For Fiduciary Proposed Rule By 45 Days,NA,NA,NA,NA,NA,NA,"Multiple Unnamed Members, FOIA",NA,NA,NA,NA,NA,NA,NA,NA,NA,NA,NA,NA,NA,,NA,NA,NA,,NA,NA,NA,NA,NA,NA,NA,NA,NA,NA,NA,NA,NA,NA,NA,NA,NA,NA,NA,NA,NA,1
NA,23759,2015-05-11,2015,114,11 Others,NA,,DOL_SOL,Trans-Pacific Partnership (TPP) Agreement,NA,NA,NA,NA,NA,NA,"Multiple Unnamed Members, FOIA",NA,NA,NA,NA,NA,NA,NA,NA,NA,NA,NA,NA,NA,,NA,NA,NA,,NA,NA,NA,NA,NA,NA,NA,NA,NA,NA,NA,NA,NA,NA,NA,NA,NA,NA,NA,NA,NA,1
NA,23775,2015-05-13,2015,114,"Alexander, Lamar  35 Others","lamar alexander|alexander, lamar|^alexander, l$|^alexander, na$|senator alexander($|,)","ALEXANDER, Lamar",DOL_SOL,Extend the Comment Period for Fiduciary Proposed Rule to 120 days,NA,NA,NA,NA,NA,NA,"Multiple Unnamed Members, FOIA",NA,Lamar,L,NA,NA,NA,ALEXANDER,MS11440304,40304,200,(TN),tennessee,TN,Senate,040304.jpg,lamar-alexander,0,Republican Party,-0.177,0.324,0.7750767848562753,54,404error,Lamar ALEXANDER,404error,404error,404error,404error,404error,404error,"ALEXANDER, Lamar",404error,404error,404error,"^ALEXANDER, L$","^ALEXANDER, NA$",404error,404error,"Senator ALEXANDER($|,)",1
NA,23779,2015-05-14,2015,114,73 Others,NA,,DOL_SOL,Support New ACA Contraceptive Guidance; Request More Education & Enforcement,NA,NA,NA,NA,NA,NA,"Multiple Unnamed Members, FOIA",NA,NA,NA,NA,NA,NA,NA,NA,NA,NA,NA,NA,NA,,NA,NA,NA,,NA,NA,NA,NA,NA,NA,NA,NA,NA,NA,NA,NA,NA,NA,NA,NA,NA,NA,NA,NA,NA,1
NA,23819,2015-05-19,2015,114,24 Others,NA,,DOL_SOL,Clarify Application of ERISA to State Retirement Reform Initiatives (Preemption),NA,NA,NA,NA,NA,NA,"Multiple Unnamed Members, FOIA",NA,NA,NA,NA,NA,NA,NA,NA,NA,NA,NA,NA,NA,,NA,NA,NA,,NA,NA,NA,NA,NA,NA,NA,NA,NA,NA,NA,NA,NA,NA,NA,NA,NA,NA,NA,NA,NA,1
NA,23899,2015-06-01,2015,114,18 Others,NA,,DOL_SOL,Extend Comment Period for Fiduciary Proposed Rule to a Total of 120 Days,NA,NA,NA,NA,NA,NA,"Multiple Unnamed Members, FOIA",NA,NA,NA,NA,NA,NA,NA,NA,NA,NA,NA,NA,NA,,NA,NA,NA,,NA,NA,NA,NA,NA,NA,NA,NA,NA,NA,NA,NA,NA,NA,NA,NA,NA,NA,NA,NA,NA,1
NA,23905,2015-06-01,2015,114,1 Other,NA,,DOL_SOL,Support Application for Susan Harwood Training Grant Program,NA,NA,NA,NA,NA,NA,"Multiple Unnamed Members, FOIA",NA,NA,NA,NA,NA,NA,NA,NA,NA,NA,NA,NA,NA,,NA,NA,NA,,NA,NA,NA,NA,NA,NA,NA,NA,NA,NA,NA,NA,NA,NA,NA,NA,NA,NA,NA,NA,NA,1
NA,23924,2015-06-05,2015,114,9 Others,NA,,DOL_SOL,Hold Hearing on QPAM Waiver Requests of 5 Banks,NA,NA,NA,NA,NA,NA,"Multiple Unnamed Members, FOIA",NA,NA,NA,NA,NA,NA,NA,NA,NA,NA,NA,NA,NA,,NA,NA,NA,,NA,NA,NA,NA,NA,NA,NA,NA,NA,NA,NA,NA,NA,NA,NA,NA,NA,NA,NA,NA,NA,1
NA,23974,2015-06-12,2015,114,2 Others,NA,,DOL_SOL,Support Grant Application For Funding Through ETA's YouthBuild Program,NA,NA,NA,NA,NA,NA,"Multiple Unnamed Members, FOIA",NA,NA,NA,NA,NA,NA,NA,NA,NA,NA,NA,NA,NA,,NA,NA,NA,,NA,NA,NA,NA,NA,NA,NA,NA,NA,NA,NA,NA,NA,NA,NA,NA,NA,NA,NA,NA,NA,1
NA,24007,2015-06-16,2015,114,4 Others,NA,,DOL_SOL,DOL Notice of Proposed Rulemaking Implementing Changes to Job Corps Under WIOA,NA,NA,NA,NA,NA,NA,"Multiple Unnamed Members, FOIA",NA,NA,NA,NA,NA,NA,NA,NA,NA,NA,NA,NA,NA,,NA,NA,NA,,NA,NA,NA,NA,NA,NA,NA,NA,NA,NA,NA,NA,NA,NA,NA,NA,NA,NA,NA,NA,NA,1
NA,24010,2015-06-16,2015,114,31 Others,NA,,DOL_SOL,Implementing the Workforce Innovation & Oppotunity Act (WIOA),NA,NA,NA,NA,NA,NA,"Multiple Unnamed Members, FOIA",NA,NA,NA,NA,NA,NA,NA,NA,NA,NA,NA,NA,NA,,NA,NA,NA,,NA,NA,NA,NA,NA,NA,NA,NA,NA,NA,NA,NA,NA,NA,NA,NA,NA,NA,NA,NA,NA,1
NA,24032,2015-06-18,2015,114,2 Others,NA,,DOL_SOL,OFCCP to Enforce Executive Order 11246,NA,NA,NA,NA,NA,NA,"Multiple Unnamed Members, FOIA",NA,NA,NA,NA,NA,NA,NA,NA,NA,NA,NA,NA,NA,,NA,NA,NA,,NA,NA,NA,NA,NA,NA,NA,NA,NA,NA,NA,NA,NA,NA,NA,NA,NA,NA,NA,NA,NA,1
NA,24075,2015-06-22,2015,114,2 Others,NA,,DOL_SOL,OFCCP to Enforce Executive Order 11246,NA,NA,NA,NA,NA,NA,"Multiple Unnamed Members, FOIA",NA,NA,NA,NA,NA,NA,NA,NA,NA,NA,NA,NA,NA,,NA,NA,NA,,NA,NA,NA,NA,NA,NA,NA,NA,NA,NA,NA,NA,NA,NA,NA,NA,NA,NA,NA,NA,NA,1
NA,24093,2015-06-23,2015,114,7 Others,NA,,DOL_SOL,Request Certification Of All Pending Transit Grants To The State's Mass Transit,NA,NA,NA,NA,NA,NA,"Multiple Unnamed Members, FOIA",NA,NA,NA,NA,NA,NA,NA,NA,NA,NA,NA,NA,NA,,NA,NA,NA,,NA,NA,NA,NA,NA,NA,NA,NA,NA,NA,NA,NA,NA,NA,NA,NA,NA,NA,NA,NA,NA,1
NA,24135,2015-06-29,2015,114,1 Other,NA,,DOL_SOL,Support Grant Application for Funding Through DOL's NEG Program,NA,NA,NA,NA,NA,NA,"Multiple Unnamed Members, FOIA",NA,NA,NA,NA,NA,NA,NA,NA,NA,NA,NA,NA,NA,,NA,NA,NA,,NA,NA,NA,NA,NA,NA,NA,NA,NA,NA,NA,NA,NA,NA,NA,NA,NA,NA,NA,NA,NA,1
NA,24176,2015-07-07,2015,114,7 Others,NA,,DOL_SOL,Proposed Retirement (Fiduciary) Regulation for New Requirement & Exemptions,NA,NA,NA,NA,NA,NA,"Multiple Unnamed Members, FOIA",NA,NA,NA,NA,NA,NA,NA,NA,NA,NA,NA,NA,NA,,NA,NA,NA,,NA,NA,NA,NA,NA,NA,NA,NA,NA,NA,NA,NA,NA,NA,NA,NA,NA,NA,NA,NA,NA,1
NA,24245,2015-07-17,2015,114,5 Others,NA,,DOL_SOL,Request Proposed Implementing Guidance & EO 13673 Rule Be Withdrawn Or Extended,NA,NA,NA,NA,NA,NA,"Multiple Unnamed Members, FOIA",NA,NA,NA,NA,NA,NA,NA,NA,NA,NA,NA,NA,NA,,NA,NA,NA,,NA,NA,NA,NA,NA,NA,NA,NA,NA,NA,NA,NA,NA,NA,NA,NA,NA,NA,NA,NA,NA,1
NA,24263,2015-07-21,2015,114,142 Others,NA,,DOL_SOL,"Support Increasing The Overtime Salary Threshold To $50,440 Per Year",NA,NA,NA,NA,NA,NA,"Multiple Unnamed Members, FOIA",NA,NA,NA,NA,NA,NA,NA,NA,NA,NA,NA,NA,NA,,NA,NA,NA,,NA,NA,NA,NA,NA,NA,NA,NA,NA,NA,NA,NA,NA,NA,NA,NA,NA,NA,NA,NA,NA,1
NA,24302,2015-07-27,2015,114,6 Others,NA,,DOL_SOL,Extend Comment Period on Overtime NPRM (Proposed Rule) for 90 Days,NA,NA,NA,NA,NA,NA,"Multiple Unnamed Members, FOIA",NA,NA,NA,NA,NA,NA,NA,NA,NA,NA,NA,NA,NA,,NA,NA,NA,,NA,NA,NA,NA,NA,NA,NA,NA,NA,NA,NA,NA,NA,NA,NA,NA,NA,NA,NA,NA,NA,1
NA,24312,2015-07-27,2015,114,11 Others,NA,,DOL_SOL,"Concerns About Impact of Fiduciary Rule on Small Businesses, Investors, & Advice",NA,NA,NA,NA,NA,NA,"Multiple Unnamed Members, FOIA",NA,NA,NA,NA,NA,NA,NA,NA,NA,NA,NA,NA,NA,,NA,NA,NA,,NA,NA,NA,NA,NA,NA,NA,NA,NA,NA,NA,NA,NA,NA,NA,NA,NA,NA,NA,NA,NA,1
NA,24337,2015-07-28,2015,114,30 Others,NA,,DOL_SOL,Oppose DOL H-2A Sheepherder Proposed Rule-Making Program,NA,NA,NA,NA,NA,NA,"Multiple Unnamed Members, FOIA",NA,NA,NA,NA,NA,NA,NA,NA,NA,NA,NA,NA,NA,,NA,NA,NA,,NA,NA,NA,NA,NA,NA,NA,NA,NA,NA,NA,NA,NA,NA,NA,NA,NA,NA,NA,NA,NA,1
NA,24357,2015-07-30,2015,114,42 Others,NA,,DOL_SOL,Proposed Fiduciary Rule for Retirement Investment Advice is Unworkable,NA,NA,NA,NA,NA,NA,"Multiple Unnamed Members, FOIA",NA,NA,NA,NA,NA,NA,NA,NA,NA,NA,NA,NA,NA,,NA,NA,NA,,NA,NA,NA,NA,NA,NA,NA,NA,NA,NA,NA,NA,NA,NA,NA,NA,NA,NA,NA,NA,NA,1
NA,24361,2015-07-30,2015,114,18 Others,NA,,DOL_SOL,Proposed Fiduciary Rule for Retirement Investment Advice is Unworkable,NA,NA,NA,NA,NA,NA,"Multiple Unnamed Members, FOIA",NA,NA,NA,NA,NA,NA,NA,NA,NA,NA,NA,NA,NA,,NA,NA,NA,,NA,NA,NA,NA,NA,NA,NA,NA,NA,NA,NA,NA,NA,NA,NA,NA,NA,NA,NA,NA,NA,1
NA,24366,2015-07-30,2015,114,6 Others,NA,,DOL_SOL,Support American Apprenticeship Initiative Grant Application For Funding,NA,NA,NA,NA,NA,NA,"Multiple Unnamed Members, FOIA",NA,NA,NA,NA,NA,NA,NA,NA,NA,NA,NA,NA,NA,,NA,NA,NA,,NA,NA,NA,NA,NA,NA,NA,NA,NA,NA,NA,NA,NA,NA,NA,NA,NA,NA,NA,NA,NA,1
NA,24415,2015-08-05,2015,114,3 Others,NA,,DOL_SOL,"Concerns About Impact of Fiduciary Rule on Small Businesses, Investors, & Advice",NA,NA,NA,NA,NA,NA,"Multiple Unnamed Members, FOIA",NA,NA,NA,NA,NA,NA,NA,NA,NA,NA,NA,NA,NA,,NA,NA,NA,,NA,NA,NA,NA,NA,NA,NA,NA,NA,NA,NA,NA,NA,NA,NA,NA,NA,NA,NA,NA,NA,1
NA,24447,2015-08-10,2015,114,5 Others,NA,,DOL_SOL,Ensure High Standards for Investment Advisors to 401(k) & IRAs (Fiduciary Rule),NA,NA,NA,NA,NA,NA,"Multiple Unnamed Members, FOIA",NA,NA,NA,NA,NA,NA,NA,NA,NA,NA,NA,NA,NA,,NA,NA,NA,,NA,NA,NA,NA,NA,NA,NA,NA,NA,NA,NA,NA,NA,NA,NA,NA,NA,NA,NA,NA,NA,1
NA,24497,2015-08-17,2015,114,18 Others,NA,,DOL_SOL,Comments on Regulations Implementing Fair Pay & Safe Workplaces Executive Order,NA,NA,NA,NA,NA,NA,"Multiple Unnamed Members, FOIA",NA,NA,NA,NA,NA,NA,NA,NA,NA,NA,NA,NA,NA,,NA,NA,NA,,NA,NA,NA,NA,NA,NA,NA,NA,NA,NA,NA,NA,NA,NA,NA,NA,NA,NA,NA,NA,NA,1
NA,24500,2015-08-17,2015,114,12 Others,NA,,DOL_SOL,Renew Use of Project Labor Agreements (PLAs) for Federal Construction,NA,NA,NA,NA,NA,NA,"Multiple Unnamed Members, FOIA",NA,NA,NA,NA,NA,NA,NA,NA,NA,NA,NA,NA,NA,,NA,NA,NA,,NA,NA,NA,NA,NA,NA,NA,NA,NA,NA,NA,NA,NA,NA,NA,NA,NA,NA,NA,NA,NA,1
NA,24504,2015-08-17,2015,114,19 Others,NA,,DOL_SOL,Support For Flexibility in Workforce Innovation and Opportunity Act Regulations,NA,NA,NA,NA,NA,NA,"Multiple Unnamed Members, FOIA",NA,NA,NA,NA,NA,NA,NA,NA,NA,NA,NA,NA,NA,,NA,NA,NA,,NA,NA,NA,NA,NA,NA,NA,NA,NA,NA,NA,NA,NA,NA,NA,NA,NA,NA,NA,NA,NA,1
NA,24584,2015-09-01,2015,114,5 Others,NA,,DOL_SOL,Comments on Proposed Regulations Defining the Term 'Fiduciary' RIN 1210- AB32,NA,NA,NA,NA,NA,NA,"Multiple Unnamed Members, FOIA",NA,NA,NA,NA,NA,NA,NA,NA,NA,NA,NA,NA,NA,,NA,NA,NA,,NA,NA,NA,NA,NA,NA,NA,NA,NA,NA,NA,NA,NA,NA,NA,NA,NA,NA,NA,NA,NA,1
NA,24588,2015-09-02,2015,114,4 Others,NA,,DOL_SOL,Support American Apprenticeship Initiative Grant Application For Funding,NA,NA,NA,NA,NA,NA,"Multiple Unnamed Members, FOIA",NA,NA,NA,NA,NA,NA,NA,NA,NA,NA,NA,NA,NA,,NA,NA,NA,,NA,NA,NA,NA,NA,NA,NA,NA,NA,NA,NA,NA,NA,NA,NA,NA,NA,NA,NA,NA,NA,1
NA,24653,2015-09-14,2015,114,5 Others,NA,,DOL_SOL,Support American Apprenticeship Initiative Grant Application for Funding,NA,NA,NA,NA,NA,NA,"Multiple Unnamed Members, FOIA",NA,NA,NA,NA,NA,NA,NA,NA,NA,NA,NA,NA,NA,,NA,NA,NA,,NA,NA,NA,NA,NA,NA,NA,NA,NA,NA,NA,NA,NA,NA,NA,NA,NA,NA,NA,NA,NA,1
NA,24671,2015-09-17,2015,114,1 Other,NA,,DOL_SOL,Support Increasing Exeter Job Corps Center's 'On Board Strength' To Capacity,NA,NA,NA,NA,NA,NA,"Multiple Unnamed Members, FOIA",NA,NA,NA,NA,NA,NA,NA,NA,NA,NA,NA,NA,NA,,NA,NA,NA,,NA,NA,NA,NA,NA,NA,NA,NA,NA,NA,NA,NA,NA,NA,NA,NA,NA,NA,NA,NA,NA,1
NA,24680,2015-09-21,2015,114,3 Others,NA,,DOL_SOL,Comments on the Overtime NPRM (Proposed Rule) - Burdens Small Businesses,NA,NA,NA,NA,NA,NA,"Multiple Unnamed Members, FOIA",NA,NA,NA,NA,NA,NA,NA,NA,NA,NA,NA,NA,NA,,NA,NA,NA,,NA,NA,NA,NA,NA,NA,NA,NA,NA,NA,NA,NA,NA,NA,NA,NA,NA,NA,NA,NA,NA,1
NA,24724,2015-09-25,2015,114,67 Others,NA,,DOL_SOL,Proposed Changes to EPA's Agricultural Worker Protection Standard (WPS),NA,NA,NA,NA,NA,NA,"Multiple Unnamed Members, FOIA",NA,NA,NA,NA,NA,NA,NA,NA,NA,NA,NA,NA,NA,,NA,NA,NA,,NA,NA,NA,NA,NA,NA,NA,NA,NA,NA,NA,NA,NA,NA,NA,NA,NA,NA,NA,NA,NA,1
NA,24736,2015-09-28,2015,114,78 Others,NA,,DOL_SOL,Abandon Fiduciary Rule (COI),NA,NA,NA,NA,NA,NA,"Multiple Unnamed Members, FOIA",NA,NA,NA,NA,NA,NA,NA,NA,NA,NA,NA,NA,NA,,NA,NA,NA,,NA,NA,NA,NA,NA,NA,NA,NA,NA,NA,NA,NA,NA,NA,NA,NA,NA,NA,NA,NA,NA,1
NA,24754,2015-09-29,2015,114,92 Others,NA,,DOL_SOL,DOL Proposal to Redefine the Term Fiduciary for Purposes of ERISA,NA,NA,NA,NA,NA,NA,"Multiple Unnamed Members, FOIA",NA,NA,NA,NA,NA,NA,NA,NA,NA,NA,NA,NA,NA,,NA,NA,NA,,NA,NA,NA,NA,NA,NA,NA,NA,NA,NA,NA,NA,NA,NA,NA,NA,NA,NA,NA,NA,NA,1
NA,24761,2015-09-29,2015,114,2 Others,NA,,DOL_SOL,Concerns About Process Used To Develop Three Guidance Documents Issued by OSHA,NA,NA,NA,NA,NA,NA,"Multiple Unnamed Members, FOIA",NA,NA,NA,NA,NA,NA,NA,NA,NA,NA,NA,NA,NA,,NA,NA,NA,,NA,NA,NA,NA,NA,NA,NA,NA,NA,NA,NA,NA,NA,NA,NA,NA,NA,NA,NA,NA,NA,1
NA,24765,2015-09-29,2015,114,3 Others,NA,,DOL_SOL,DOL Guidance on State- Based Savings Arrangements Should Not Impede Oregon Law,NA,NA,NA,NA,NA,NA,"Multiple Unnamed Members, FOIA",NA,NA,NA,NA,NA,NA,NA,NA,NA,NA,NA,NA,NA,,NA,NA,NA,,NA,NA,NA,NA,NA,NA,NA,NA,NA,NA,NA,NA,NA,NA,NA,NA,NA,NA,NA,NA,NA,1
NA,24800,2015-10-05,2015,114,3 Others,NA,,DOL_SOL,DOL Proposal to Redefine the Term Fiduciary for Purposes of ERISA,NA,NA,NA,NA,NA,NA,"Multiple Unnamed Members, FOIA",NA,NA,NA,NA,NA,NA,NA,NA,NA,NA,NA,NA,NA,,NA,NA,NA,,NA,NA,NA,NA,NA,NA,NA,NA,NA,NA,NA,NA,NA,NA,NA,NA,NA,NA,NA,NA,NA,1
NA,24804,2015-10-05,2015,114,2 Others,NA,,DOL_SOL,Comment on DOL's Proposed Conflict of Interest Rule and Related Proposals,NA,NA,NA,NA,NA,NA,"Multiple Unnamed Members, FOIA",NA,NA,NA,NA,NA,NA,NA,NA,NA,NA,NA,NA,NA,,NA,NA,NA,,NA,NA,NA,NA,NA,NA,NA,NA,NA,NA,NA,NA,NA,NA,NA,NA,NA,NA,NA,NA,NA,1
NA,24819,2015-10-07,2015,114,1 Other,NA,,DOL_SOL,Proposed Fiduciary Rule for Retirement Investment Advice is Unworkable,NA,NA,NA,NA,NA,NA,"Multiple Unnamed Members, FOIA",NA,NA,NA,NA,NA,NA,NA,NA,NA,NA,NA,NA,NA,,NA,NA,NA,,NA,NA,NA,NA,NA,NA,NA,NA,NA,NA,NA,NA,NA,NA,NA,NA,NA,NA,NA,NA,NA,1
NA,24874,2015-10-15,2015,114,22 Others,NA,,DOL_SOL,Implement & Enforce The Mental Health Parity & Addiction Equity Act (MHPAEA),NA,NA,NA,NA,NA,NA,"Multiple Unnamed Members, FOIA",NA,NA,NA,NA,NA,NA,NA,NA,NA,NA,NA,NA,NA,,NA,NA,NA,,NA,NA,NA,NA,NA,NA,NA,NA,NA,NA,NA,NA,NA,NA,NA,NA,NA,NA,NA,NA,NA,1
NA,24897,2015-10-19,2015,114,102 Others,NA,,DOL_SOL,Proposed Fiduciary Rule Will Eliminate Choices Currently Available In My IRA,NA,NA,NA,NA,NA,NA,"Multiple Unnamed Members, FOIA",NA,NA,NA,NA,NA,NA,NA,NA,NA,NA,NA,NA,NA,,NA,NA,NA,,NA,NA,NA,NA,NA,NA,NA,NA,NA,NA,NA,NA,NA,NA,NA,NA,NA,NA,NA,NA,NA,1
NA,24932,2015-10-23,2015,114,36 Others,NA,,DOL_SOL,Rescind OSHA July 22 Memo Interpretation Of What Constitutes A 'retail facility',NA,NA,NA,NA,NA,NA,"Multiple Unnamed Members, FOIA",NA,NA,NA,NA,NA,NA,NA,NA,NA,NA,NA,NA,NA,,NA,NA,NA,,NA,NA,NA,NA,NA,NA,NA,NA,NA,NA,NA,NA,NA,NA,NA,NA,NA,NA,NA,NA,NA,1
NA,24971,2015-10-28,2015,114,22 Others,NA,,DOL_SOL,Concerns on H-2B Prevailing Wage Determination (PWD),NA,NA,NA,NA,NA,NA,"Multiple Unnamed Members, FOIA",NA,NA,NA,NA,NA,NA,NA,NA,NA,NA,NA,NA,NA,,NA,NA,NA,,NA,NA,NA,NA,NA,NA,NA,NA,NA,NA,NA,NA,NA,NA,NA,NA,NA,NA,NA,NA,NA,1
NA,24995,2015-10-30,2015,114,10 Others,NA,,DOL_SOL,Request That You Withdraw & Re-Propose DOL's Proposed Conflicts of Interest Rule,NA,NA,NA,NA,NA,NA,"Multiple Unnamed Members, FOIA",NA,NA,NA,NA,NA,NA,NA,NA,NA,NA,NA,NA,NA,,NA,NA,NA,,NA,NA,NA,NA,NA,NA,NA,NA,NA,NA,NA,NA,NA,NA,NA,NA,NA,NA,NA,NA,NA,1
NA,24999,2015-10-30,2015,114,31 Others,NA,,DOL_SOL,Implement & Enforce The Mental Health Parity & Addiction Equity Act (MHPAEA),NA,NA,NA,NA,NA,NA,"Multiple Unnamed Members, FOIA",NA,NA,NA,NA,NA,NA,NA,NA,NA,NA,NA,NA,NA,,NA,NA,NA,,NA,NA,NA,NA,NA,NA,NA,NA,NA,NA,NA,NA,NA,NA,NA,NA,NA,NA,NA,NA,NA,1
NA,25003,2015-10-30,2015,114,12 Others,NA,,DOL_SOL,National Emphasis Program to Address Hazards to Poultry & Meatpacking Workers,NA,NA,NA,NA,NA,NA,"Multiple Unnamed Members, FOIA",NA,NA,NA,NA,NA,NA,NA,NA,NA,NA,NA,NA,NA,,NA,NA,NA,,NA,NA,NA,NA,NA,NA,NA,NA,NA,NA,NA,NA,NA,NA,NA,NA,NA,NA,NA,NA,NA,1
NA,25007,2015-11-02,2015,114,7 Other,NA,,DOL_SOL,Concerns About Detrimental Changes To State Workers' Compensation Laws,NA,NA,NA,NA,NA,NA,"Multiple Unnamed Members, FOIA",NA,NA,NA,NA,NA,NA,NA,NA,NA,NA,NA,NA,NA,,NA,NA,NA,,NA,NA,NA,NA,NA,NA,NA,NA,NA,NA,NA,NA,NA,NA,NA,NA,NA,NA,NA,NA,NA,1
NA,25031,2015-11-04,2015,114,45 Others,NA,,DOL_SOL,DOL Proposal to Redefine the term Fiduciary for Purposes of ERISA,NA,NA,NA,NA,NA,NA,"Multiple Unnamed Members, FOIA",NA,NA,NA,NA,NA,NA,NA,NA,NA,NA,NA,NA,NA,,NA,NA,NA,,NA,NA,NA,NA,NA,NA,NA,NA,NA,NA,NA,NA,NA,NA,NA,NA,NA,NA,NA,NA,NA,1
NA,25119,2015-11-20,2015,114,7 Others,NA,,DOL_SOL,Issue Guidance on Autoportability & Negative Consent for Small 401(k) Accounts,NA,NA,NA,NA,NA,NA,"Multiple Unnamed Members, FOIA",NA,NA,NA,NA,NA,NA,NA,NA,NA,NA,NA,NA,NA,,NA,NA,NA,,NA,NA,NA,NA,NA,NA,NA,NA,NA,NA,NA,NA,NA,NA,NA,NA,NA,NA,NA,NA,NA,1
NA,25223,2015-12-11,2015,114,2 Others,NA,,DOL_SOL,Support TAA and ATAA Petition for 880 employees at both facilities,NA,NA,NA,NA,NA,NA,"Multiple Unnamed Members, FOIA",NA,NA,NA,NA,NA,NA,NA,NA,NA,NA,NA,NA,NA,,NA,NA,NA,,NA,NA,NA,NA,NA,NA,NA,NA,NA,NA,NA,NA,NA,NA,NA,NA,NA,NA,NA,NA,NA,1
NA,25253,2015-12-16,2015,114,16 Others,NA,,DOL_SOL,Support the North American Agreement on Labor Cooperation (NAALC),NA,NA,NA,NA,NA,NA,"Multiple Unnamed Members, FOIA",NA,NA,NA,NA,NA,NA,NA,NA,NA,NA,NA,NA,NA,,NA,NA,NA,,NA,NA,NA,NA,NA,NA,NA,NA,NA,NA,NA,NA,NA,NA,NA,NA,NA,NA,NA,NA,NA,1
NA,25268,2015-12-18,2015,114,3 Others,NA,,DOL_SOL,Request an additional 30 days for the EEO Apprenticeship reg comment period,NA,NA,NA,NA,NA,NA,"Multiple Unnamed Members, FOIA",NA,NA,NA,NA,NA,NA,NA,NA,NA,NA,NA,NA,NA,,NA,NA,NA,,NA,NA,NA,NA,NA,NA,NA,NA,NA,NA,NA,NA,NA,NA,NA,NA,NA,NA,NA,NA,NA,1
NA,25280,2015-12-23,2015,114,28 Others,NA,,DOL_SOL,College Affordability,NA,NA,NA,NA,NA,NA,"Multiple Unnamed Members, FOIA",NA,NA,NA,NA,NA,NA,NA,NA,NA,NA,NA,NA,NA,,NA,NA,NA,,NA,NA,NA,NA,NA,NA,NA,NA,NA,NA,NA,NA,NA,NA,NA,NA,NA,NA,NA,NA,NA,1
NA,25298,2015-12-28,2015,114,2 Others,NA,,DOL_SOL,Proposal to Cut Benefits Under FECA as Part of DOL's FY 2017 Budget,NA,NA,NA,NA,NA,NA,"Multiple Unnamed Members, FOIA",NA,NA,NA,NA,NA,NA,NA,NA,NA,NA,NA,NA,NA,,NA,NA,NA,,NA,NA,NA,NA,NA,NA,NA,NA,NA,NA,NA,NA,NA,NA,NA,NA,NA,NA,NA,NA,NA,1
NA,25301,2015-12-28,2015,114,7 Others,NA,,DOL_SOL,GAO Oversight of Agencies Legacy IT to Government's Poor Performance,NA,NA,NA,NA,NA,NA,"Multiple Unnamed Members, FOIA",NA,NA,NA,NA,NA,NA,NA,NA,NA,NA,NA,NA,NA,,NA,NA,NA,,NA,NA,NA,NA,NA,NA,NA,NA,NA,NA,NA,NA,NA,NA,NA,NA,NA,NA,NA,NA,NA,1
NA,25348,2016-01-08,2016,114,3 Others,NA,,DOL_SOL,Extend comment period for proposed EEOICPA rule changes,NA,NA,NA,NA,NA,NA,"Multiple Unnamed Members, FOIA",NA,NA,NA,NA,NA,NA,NA,NA,NA,NA,NA,NA,NA,,NA,NA,NA,,NA,NA,NA,NA,NA,NA,NA,NA,NA,NA,NA,NA,NA,NA,NA,NA,NA,NA,NA,NA,NA,1
NA,25393,2016-01-21,2016,114,74 Others,NA,,DOL_SOL,Implementation of DOL's Final Rule on the Equal Pay Report,NA,NA,NA,NA,NA,NA,"Multiple Unnamed Members, FOIA",NA,NA,NA,NA,NA,NA,NA,NA,NA,NA,NA,NA,NA,,NA,NA,NA,,NA,NA,NA,NA,NA,NA,NA,NA,NA,NA,NA,NA,NA,NA,NA,NA,NA,NA,NA,NA,NA,1
NA,25418,2016-01-29,2016,114,4 Others,NA,,DOL_SOL,Juniper Networks Press Release,NA,NA,NA,NA,NA,NA,"Multiple Unnamed Members, FOIA",NA,NA,NA,NA,NA,NA,NA,NA,NA,NA,NA,NA,NA,,NA,NA,NA,,NA,NA,NA,NA,NA,NA,NA,NA,NA,NA,NA,NA,NA,NA,NA,NA,NA,NA,NA,NA,NA,1
NA,25469,2016-02-04,2016,114,1 Other,NA,,DOL_SOL,Questions On The Labor Force Statistics From The Current Population Survey (CPS),NA,NA,NA,NA,NA,NA,"Multiple Unnamed Members, FOIA",NA,NA,NA,NA,NA,NA,NA,NA,NA,NA,NA,NA,NA,,NA,NA,NA,,NA,NA,NA,NA,NA,NA,NA,NA,NA,NA,NA,NA,NA,NA,NA,NA,NA,NA,NA,NA,NA,1
NA,25486,2016-02-09,2016,114,6 Others,NA,,DOL_SOL,Delays in Processing H- 2B Applications,NA,NA,NA,NA,NA,NA,"Multiple Unnamed Members, FOIA",NA,NA,NA,NA,NA,NA,NA,NA,NA,NA,NA,NA,NA,,NA,NA,NA,,NA,NA,NA,NA,NA,NA,NA,NA,NA,NA,NA,NA,NA,NA,NA,NA,NA,NA,NA,NA,NA,1
NA,25494,2016-02-10,2016,114,106 Others,NA,,DOL_SOL,"Overtime NPRM Burdens Employers, Small Businesses, Workers & Duties Test",NA,NA,NA,NA,NA,NA,"Multiple Unnamed Members, FOIA",NA,NA,NA,NA,NA,NA,NA,NA,NA,NA,NA,NA,NA,,NA,NA,NA,,NA,NA,NA,NA,NA,NA,NA,NA,NA,NA,NA,NA,NA,NA,NA,NA,NA,NA,NA,NA,NA,1
NA,25521,2016-02-16,2016,114,3 Others,NA,,DOL_SOL,Proposed Changes to the Overtime Rule Will Harm Businesses and Workers,NA,NA,NA,NA,NA,NA,"Multiple Unnamed Members, FOIA",NA,NA,NA,NA,NA,NA,NA,NA,NA,NA,NA,NA,NA,,NA,NA,NA,,NA,NA,NA,NA,NA,NA,NA,NA,NA,NA,NA,NA,NA,NA,NA,NA,NA,NA,NA,NA,NA,1
NA,25540,2016-02-17,2016,114,44 Others,NA,,DOL_SOL,Transparency Concerns of China and its Governance to Conduct Investigation,NA,NA,NA,NA,NA,NA,"Multiple Unnamed Members, FOIA",NA,NA,NA,NA,NA,NA,NA,NA,NA,NA,NA,NA,NA,,NA,NA,NA,,NA,NA,NA,NA,NA,NA,NA,NA,NA,NA,NA,NA,NA,NA,NA,NA,NA,NA,NA,NA,NA,1
NA,25581,2016-02-29,2016,114,21 Others,NA,,DOL_SOL,Applaud DOL for Updating the Overtime Pay Threshold; Finalize the Rule Quickly,NA,NA,NA,NA,NA,NA,"Multiple Unnamed Members, FOIA",NA,NA,NA,NA,NA,NA,NA,NA,NA,NA,NA,NA,NA,,NA,NA,NA,,NA,NA,NA,NA,NA,NA,NA,NA,NA,NA,NA,NA,NA,NA,NA,NA,NA,NA,NA,NA,NA,1
NA,25607,2016-03-07,2016,114,15 Others,NA,,DOL_SOL,Delays Currently Impacting Applicants to the H-2B Programs,NA,NA,NA,NA,NA,NA,"Multiple Unnamed Members, FOIA",NA,NA,NA,NA,NA,NA,NA,NA,NA,NA,NA,NA,NA,,NA,NA,NA,,NA,NA,NA,NA,NA,NA,NA,NA,NA,NA,NA,NA,NA,NA,NA,NA,NA,NA,NA,NA,NA,1
NA,25622,2016-03-11,2016,114,4 Others,NA,,DOL_SOL,Promotion of Entrepreneurship in DOL Final Rules Implementing WIOA,NA,NA,NA,NA,NA,NA,"Multiple Unnamed Members, FOIA",NA,NA,NA,NA,NA,NA,NA,NA,NA,NA,NA,NA,NA,,NA,NA,NA,,NA,NA,NA,NA,NA,NA,NA,NA,NA,NA,NA,NA,NA,NA,NA,NA,NA,NA,NA,NA,NA,1
NA,25645,2016-03-16,2016,114,35 Others,NA,,DOL_SOL,Extend West Coast Port Labor Contract to Expire 2019,NA,NA,NA,NA,NA,NA,"Multiple Unnamed Members, FOIA",NA,NA,NA,NA,NA,NA,NA,NA,NA,NA,NA,NA,NA,,NA,NA,NA,,NA,NA,NA,NA,NA,NA,NA,NA,NA,NA,NA,NA,NA,NA,NA,NA,NA,NA,NA,NA,NA,1
NA,25649,2016-03-17,2016,114,4 Others,NA,,DOL_SOL,Extend Comment Period for NPRM on Paid Sick Leave for Federal Contractors,NA,NA,NA,NA,NA,NA,"Multiple Unnamed Members, FOIA",NA,NA,NA,NA,NA,NA,NA,NA,NA,NA,NA,NA,NA,,NA,NA,NA,,NA,NA,NA,NA,NA,NA,NA,NA,NA,NA,NA,NA,NA,NA,NA,NA,NA,NA,NA,NA,NA,1
NA,25708,2016-03-23,2016,114,3 Others,NA,,DOL_SOL,Assistance With A Backlog Of Pending H- 2A Applications,NA,NA,NA,NA,NA,NA,"Multiple Unnamed Members, FOIA",NA,NA,NA,NA,NA,NA,NA,NA,NA,NA,NA,NA,NA,,NA,NA,NA,,NA,NA,NA,NA,NA,NA,NA,NA,NA,NA,NA,NA,NA,NA,NA,NA,NA,NA,NA,NA,NA,1
NA,25824,2016-04-11,2016,114,3 Others,NA,,DOL_SOL,Support Grant Application for DOL's TechHire Partnership Program,NA,NA,NA,NA,NA,NA,"Multiple Unnamed Members, FOIA",NA,NA,NA,NA,NA,NA,NA,NA,NA,NA,NA,NA,NA,,NA,NA,NA,,NA,NA,NA,NA,NA,NA,NA,NA,NA,NA,NA,NA,NA,NA,NA,NA,NA,NA,NA,NA,NA,1
NA,25873,2016-04-20,2016,114,6 Others,NA,,DOL_SOL,Support Grant Application for TechHire Grant Proposal For LACCD,NA,NA,NA,NA,NA,NA,"Multiple Unnamed Members, FOIA",NA,NA,NA,NA,NA,NA,NA,NA,NA,NA,NA,NA,NA,,NA,NA,NA,,NA,NA,NA,NA,NA,NA,NA,NA,NA,NA,NA,NA,NA,NA,NA,NA,NA,NA,NA,NA,NA,1
NA,25888,2016-04-21,2016,114,22 Others,NA,,DOL_SOL,Address Key Questions In the CWS to the Current Population Survey (CPS),NA,NA,NA,NA,NA,NA,"Multiple Unnamed Members, FOIA",NA,NA,NA,NA,NA,NA,NA,NA,NA,NA,NA,NA,NA,,NA,NA,NA,,NA,NA,NA,NA,NA,NA,NA,NA,NA,NA,NA,NA,NA,NA,NA,NA,NA,NA,NA,NA,NA,1
NA,25907,2016-04-26,2016,114,3 Others,NA,,DOL_SOL,Support Homeless Veterans' Reintegration Program (HVRP)/IVTP Grant Application,NA,NA,NA,NA,NA,NA,"Multiple Unnamed Members, FOIA",NA,NA,NA,NA,NA,NA,NA,NA,NA,NA,NA,NA,NA,,NA,NA,NA,,NA,NA,NA,NA,NA,NA,NA,NA,NA,NA,NA,NA,NA,NA,NA,NA,NA,NA,NA,NA,NA,1
NA,25934,2016-05-02,2016,114,2 Others,NA,,DOL_SOL,Delay Proposed Overtime Threshold for Medicaid HCBS Providers and ICF-IDs,NA,NA,NA,NA,NA,NA,"Multiple Unnamed Members, FOIA",NA,NA,NA,NA,NA,NA,NA,NA,NA,NA,NA,NA,NA,,NA,NA,NA,,NA,NA,NA,NA,NA,NA,NA,NA,NA,NA,NA,NA,NA,NA,NA,NA,NA,NA,NA,NA,NA,1
NA,25960,2016-05-09,2016,114,10 Others,NA,,DOL_SOL,Accumulation of Significant Amount of Backlog of H-2A Visa Labor Applications,NA,NA,NA,NA,NA,NA,"Multiple Unnamed Members, FOIA",NA,NA,NA,NA,NA,NA,NA,NA,NA,NA,NA,NA,NA,,NA,NA,NA,,NA,NA,NA,NA,NA,NA,NA,NA,NA,NA,NA,NA,NA,NA,NA,NA,NA,NA,NA,NA,NA,1
NA,25964,2016-05-09,2016,114,2 Others,NA,,DOL_SOL,Support BridgeValley CTC Recently Submitted TechHire Program Application,NA,NA,NA,NA,NA,NA,"Multiple Unnamed Members, FOIA",NA,NA,NA,NA,NA,NA,NA,NA,NA,NA,NA,NA,NA,,NA,NA,NA,,NA,NA,NA,NA,NA,NA,NA,NA,NA,NA,NA,NA,NA,NA,NA,NA,NA,NA,NA,NA,NA,1
NA,25990,2016-05-13,2016,114,15 Others,NA,,DOL_SOL,Continue Focus On Occupational Hazards Faced By Poultry & Meatpacking Workers,NA,NA,NA,NA,NA,NA,"Multiple Unnamed Members, FOIA",NA,NA,NA,NA,NA,NA,NA,NA,NA,NA,NA,NA,NA,,NA,NA,NA,,NA,NA,NA,NA,NA,NA,NA,NA,NA,NA,NA,NA,NA,NA,NA,NA,NA,NA,NA,NA,NA,1
NA,26009,2016-05-17,2016,114,8 Others,NA,,DOL_SOL,Update Standard on Flammable and Combustible Liquids (NFPA 30),NA,NA,NA,NA,NA,NA,"Multiple Unnamed Members, FOIA",NA,NA,NA,NA,NA,NA,NA,NA,NA,NA,NA,NA,NA,,NA,NA,NA,,NA,NA,NA,NA,NA,NA,NA,NA,NA,NA,NA,NA,NA,NA,NA,NA,NA,NA,NA,NA,NA,1
NA,26048,2016-05-24,2016,114,2 Others,NA,,DOL_SOL,Support Senior Community Service Employment Program (SCSEP) Grant Funding,NA,NA,NA,NA,NA,NA,"Multiple Unnamed Members, FOIA",NA,NA,NA,NA,NA,NA,NA,NA,NA,NA,NA,NA,NA,,NA,NA,NA,,NA,NA,NA,NA,NA,NA,NA,NA,NA,NA,NA,NA,NA,NA,NA,NA,NA,NA,NA,NA,NA,1
NA,26075,2016-05-27,2016,114,5 Others,NA,,DOL_SOL,African American Diversity Tech Industry/ Affirmative Action Plan for Contractor,NA,NA,NA,NA,NA,NA,"Multiple Unnamed Members, FOIA",NA,NA,NA,NA,NA,NA,NA,NA,NA,NA,NA,NA,NA,,NA,NA,NA,,NA,NA,NA,NA,NA,NA,NA,NA,NA,NA,NA,NA,NA,NA,NA,NA,NA,NA,NA,NA,NA,1
NA,26081,2016-05-27,2016,114,48 Others,NA,,DOL_SOL,OSHA's Process Safety Management (PSM) Program Anhydrous Ammonia Response,NA,NA,NA,NA,NA,NA,"Multiple Unnamed Members, FOIA",NA,NA,NA,NA,NA,NA,NA,NA,NA,NA,NA,NA,NA,,NA,NA,NA,,NA,NA,NA,NA,NA,NA,NA,NA,NA,NA,NA,NA,NA,NA,NA,NA,NA,NA,NA,NA,NA,1
NA,26113,2016-06-02,2016,114,2 Others,NA,,DOL_SOL,Current Fall Protection Standards & Safety Harness Regulations/Meeting Request,NA,NA,NA,NA,NA,NA,"Multiple Unnamed Members, FOIA",NA,NA,NA,NA,NA,NA,NA,NA,NA,NA,NA,NA,NA,,NA,NA,NA,,NA,NA,NA,NA,NA,NA,NA,NA,NA,NA,NA,NA,NA,NA,NA,NA,NA,NA,NA,NA,NA,1
NA,26126,2016-06-03,2016,114,3 Others,NA,,DOL_SOL,Work with Fixed Indexed Annuity Providers on a PTE for the Final Fiduciary Rule,NA,NA,NA,NA,NA,NA,"Multiple Unnamed Members, FOIA",NA,NA,NA,NA,NA,NA,NA,NA,NA,NA,NA,NA,NA,,NA,NA,NA,,NA,NA,NA,NA,NA,NA,NA,NA,NA,NA,NA,NA,NA,NA,NA,NA,NA,NA,NA,NA,NA,1
NA,26161,2016-06-08,2016,114,13 Others,NA,,DOL_SOL,Request That The (BLS) Resume Its Green Goods & Services (GGS) Program,NA,NA,NA,NA,NA,NA,"Multiple Unnamed Members, FOIA",NA,NA,NA,NA,NA,NA,NA,NA,NA,NA,NA,NA,NA,,NA,NA,NA,,NA,NA,NA,NA,NA,NA,NA,NA,NA,NA,NA,NA,NA,NA,NA,NA,NA,NA,NA,NA,NA,1
NA,26176,2016-06-08,2016,114,16 Others,NA,,DOL_SOL,Thank You For All Your Work & That Of Your Staff In Finalizing The Overtime Rule,NA,NA,NA,NA,NA,NA,"Multiple Unnamed Members, FOIA",NA,NA,NA,NA,NA,NA,NA,NA,NA,NA,NA,NA,NA,,NA,NA,NA,,NA,NA,NA,NA,NA,NA,NA,NA,NA,NA,NA,NA,NA,NA,NA,NA,NA,NA,NA,NA,NA,1
NA,26279,2016-06-24,2016,114,101 Others,NA,,DOL_SOL,Issues Occuring with the Adminstration on the H-2A Agricultural Worker Program,NA,NA,NA,NA,NA,NA,"Multiple Unnamed Members, FOIA",NA,NA,NA,NA,NA,NA,NA,NA,NA,NA,NA,NA,NA,,NA,NA,NA,,NA,NA,NA,NA,NA,NA,NA,NA,NA,NA,NA,NA,NA,NA,NA,NA,NA,NA,NA,NA,NA,1
NA,26299,2016-06-29,2016,114,11 Other,NA,,DOL_SOL,Update ACA Implementation to Ensure Covered Cessation Treatments & Counseling,NA,NA,NA,NA,NA,NA,"Multiple Unnamed Members, FOIA",NA,NA,NA,NA,NA,NA,NA,NA,NA,NA,NA,NA,NA,,NA,NA,NA,,NA,NA,NA,NA,NA,NA,NA,NA,NA,NA,NA,NA,NA,NA,NA,NA,NA,NA,NA,NA,NA,1
NA,26371,2016-07-08,2016,114,14 Others,NA,,DOL_SOL,Subsidized Student Health Insurance Plans (SHIP) For Graduate Students Under ACA,NA,NA,NA,NA,NA,NA,"Multiple Unnamed Members, FOIA",NA,NA,NA,NA,NA,NA,NA,NA,NA,NA,NA,NA,NA,,NA,NA,NA,,NA,NA,NA,NA,NA,NA,NA,NA,NA,NA,NA,NA,NA,NA,NA,NA,NA,NA,NA,NA,NA,1
NA,26394,2016-07-11,2016,114,4 Others,NA,,DOL_SOL,Petition Filed Under The U.S.-Colombia Trade Promotion Agreement (TPA),NA,NA,NA,NA,NA,NA,"Multiple Unnamed Members, FOIA",NA,NA,NA,NA,NA,NA,NA,NA,NA,NA,NA,NA,NA,,NA,NA,NA,,NA,NA,NA,NA,NA,NA,NA,NA,NA,NA,NA,NA,NA,NA,NA,NA,NA,NA,NA,NA,NA,1
NA,26407,2016-07-12,2016,114,17 Others,NA,,DOL_SOL,Request That The (BLS) Resume Its Green Goods & Services (GGS) Program,NA,NA,NA,NA,NA,NA,"Multiple Unnamed Members, FOIA",NA,NA,NA,NA,NA,NA,NA,NA,NA,NA,NA,NA,NA,,NA,NA,NA,,NA,NA,NA,NA,NA,NA,NA,NA,NA,NA,NA,NA,NA,NA,NA,NA,NA,NA,NA,NA,NA,1
NA,26469,2016-07-19,2016,114,2 Others,NA,,DOL_SOL,Federal Workplace Violence Prevention Standard to Protect Healthcare Workers,NA,NA,NA,NA,NA,NA,"Multiple Unnamed Members, FOIA",NA,NA,NA,NA,NA,NA,NA,NA,NA,NA,NA,NA,NA,,NA,NA,NA,,NA,NA,NA,NA,NA,NA,NA,NA,NA,NA,NA,NA,NA,NA,NA,NA,NA,NA,NA,NA,NA,1
NA,26657,2016-08-22,2016,114,2 Others,NA,,DOL_SOL,Support Application For Funds Through America's Promise Job Driven Grant Program,NA,NA,NA,NA,NA,NA,"Multiple Unnamed Members, FOIA",NA,NA,NA,NA,NA,NA,NA,NA,NA,NA,NA,NA,NA,,NA,NA,NA,,NA,NA,NA,NA,NA,NA,NA,NA,NA,NA,NA,NA,NA,NA,NA,NA,NA,NA,NA,NA,NA,1
NA,26763,2016-09-12,2016,114,2 Others,NA,,DOL_SOL,Overtime Rule/Detrimental Impact On Louisiana Businesses Due To Flooding,NA,NA,NA,NA,NA,NA,"Multiple Unnamed Members, FOIA",NA,NA,NA,NA,NA,NA,NA,NA,NA,NA,NA,NA,NA,,NA,NA,NA,,NA,NA,NA,NA,NA,NA,NA,NA,NA,NA,NA,NA,NA,NA,NA,NA,NA,NA,NA,NA,NA,1
NA,26792,2016-09-14,2016,114,2 Others,NA,,DOL_SOL,Support Application For Funds Through America's Promise Job- Driven Grant Program,NA,NA,NA,NA,NA,NA,"Multiple Unnamed Members, FOIA",NA,NA,NA,NA,NA,NA,NA,NA,NA,NA,NA,NA,NA,,NA,NA,NA,,NA,NA,NA,NA,NA,NA,NA,NA,NA,NA,NA,NA,NA,NA,NA,NA,NA,NA,NA,NA,NA,1
NA,26805,2016-09-16,2016,114,11 Others,NA,,DOL_SOL,Support Application for DOL's ApprenticeshipUSA State Expansion Grant Program,NA,NA,NA,NA,NA,NA,"Multiple Unnamed Members, FOIA",NA,NA,NA,NA,NA,NA,NA,NA,NA,NA,NA,NA,NA,,NA,NA,NA,,NA,NA,NA,NA,NA,NA,NA,NA,NA,NA,NA,NA,NA,NA,NA,NA,NA,NA,NA,NA,NA,1
NA,26810,2016-09-16,2016,114,6 Others,NA,,DOL_SOL,Support DOL's America's Promise Job Driven Grant Program Proposal,NA,NA,NA,NA,NA,NA,"Multiple Unnamed Members, FOIA",NA,NA,NA,NA,NA,NA,NA,NA,NA,NA,NA,NA,NA,,NA,NA,NA,,NA,NA,NA,NA,NA,NA,NA,NA,NA,NA,NA,NA,NA,NA,NA,NA,NA,NA,NA,NA,NA,1
NA,26861,2016-09-22,2016,114,4 Others,NA,,DOL_SOL,Investigate Whether Wells Fargo Has Violated The Fair Labor Standards Act (FLSA),NA,NA,NA,NA,NA,NA,"Multiple Unnamed Members, FOIA",NA,NA,NA,NA,NA,NA,NA,NA,NA,NA,NA,NA,NA,,NA,NA,NA,,NA,NA,NA,NA,NA,NA,NA,NA,NA,NA,NA,NA,NA,NA,NA,NA,NA,NA,NA,NA,NA,1
NA,26867,2016-09-23,2016,114,6 Others,NA,,DOL_SOL,Support DOL ApprenticeshipUSA State Expansion Grant Program,NA,NA,NA,NA,NA,NA,"Multiple Unnamed Members, FOIA",NA,NA,NA,NA,NA,NA,NA,NA,NA,NA,NA,NA,NA,,NA,NA,NA,,NA,NA,NA,NA,NA,NA,NA,NA,NA,NA,NA,NA,NA,NA,NA,NA,NA,NA,NA,NA,NA,1
NA,26975,2016-10-19,2016,114,28 Others,NA,,DOL_SOL,Oppose OSHA's 'Improve Tracking of Workplace Injuries & Illnesses' Final Rule,NA,NA,NA,NA,NA,NA,"Multiple Unnamed Members, FOIA",NA,NA,NA,NA,NA,NA,NA,NA,NA,NA,NA,NA,NA,,NA,NA,NA,,NA,NA,NA,NA,NA,NA,NA,NA,NA,NA,NA,NA,NA,NA,NA,NA,NA,NA,NA,NA,NA,1
NA,26987,2016-10-21,2016,114,3 Others,NA,,DOL_SOL,Support DOL's America's Promise Job Drive Grant Application For Funding,NA,NA,NA,NA,NA,NA,"Multiple Unnamed Members, FOIA",NA,NA,NA,NA,NA,NA,NA,NA,NA,NA,NA,NA,NA,,NA,NA,NA,,NA,NA,NA,NA,NA,NA,NA,NA,NA,NA,NA,NA,NA,NA,NA,NA,NA,NA,NA,NA,NA,1
NA,27028,2016-11-02,2016,114,15 Others,NA,,DOL_SOL,Submission Under NAALC on Labor Standard Violations by Grupo Commercial Chedraui,NA,NA,NA,NA,NA,NA,"Multiple Unnamed Members, FOIA",NA,NA,NA,NA,NA,NA,NA,NA,NA,NA,NA,NA,NA,,NA,NA,NA,,NA,NA,NA,NA,NA,NA,NA,NA,NA,NA,NA,NA,NA,NA,NA,NA,NA,NA,NA,NA,NA,1
NA,27190,2016-12-08,2016,114,8 Others,NA,,DOL_SOL,Request A Public Hearing To Consider Its Proposed QPAM Disqualification Waivers,NA,NA,NA,NA,NA,NA,"Multiple Unnamed Members, FOIA",NA,NA,NA,NA,NA,NA,NA,NA,NA,NA,NA,NA,NA,,NA,NA,NA,,NA,NA,NA,NA,NA,NA,NA,NA,NA,NA,NA,NA,NA,NA,NA,NA,NA,NA,NA,NA,NA,1
NA,27200,2016-12-12,2016,114,8 Others,NA,,DOL_SOL,Proposed Revision of Annual Info. Return/ Reports;Annual Reporting & Disclosure,NA,NA,NA,NA,NA,NA,"Multiple Unnamed Members, FOIA",NA,NA,NA,NA,NA,NA,NA,NA,NA,NA,NA,NA,NA,,NA,NA,NA,,NA,NA,NA,NA,NA,NA,NA,NA,NA,NA,NA,NA,NA,NA,NA,NA,NA,NA,NA,NA,NA,1
NA,27228,2016-12-20,2016,114,6 Others,NA,,DOL_SOL,Concerns Over Reports That Meat & Poultry Workers Are Being Harmed By PAA,NA,NA,NA,NA,NA,NA,"Multiple Unnamed Members, FOIA",NA,NA,NA,NA,NA,NA,NA,NA,NA,NA,NA,NA,NA,,NA,NA,NA,,NA,NA,NA,NA,NA,NA,NA,NA,NA,NA,NA,NA,NA,NA,NA,NA,NA,NA,NA,NA,NA,1
NA,27594,2017-02-21,2017,115,30 Others,NA,,DOL_SOL,H-2B Visa Questions Concerning Trump's Mar-a-Lago Club,NA,NA,NA,NA,NA,NA,"Multiple Unnamed Members, FOIA",NA,NA,NA,NA,NA,NA,NA,NA,NA,NA,NA,NA,NA,,NA,NA,NA,,NA,NA,NA,NA,NA,NA,NA,NA,NA,NA,NA,NA,NA,NA,NA,NA,NA,NA,NA,NA,NA,1
NA,27632,2017-03-02,2017,115,44 Others,NA,,DOL_SOL,Regarding Significant Delays At DOL In Processing H-2B Visa Applications,NA,NA,NA,NA,NA,NA,"Multiple Unnamed Members, FOIA",NA,NA,NA,NA,NA,NA,NA,NA,NA,NA,NA,NA,NA,,NA,NA,NA,,NA,NA,NA,NA,NA,NA,NA,NA,NA,NA,NA,NA,NA,NA,NA,NA,NA,NA,NA,NA,NA,1
NA,27655,2017-03-07,2017,115,28 Others,NA,,DOL_SOL,Possible Regulatory Improvements to H- 2B Statutory Cap Affecting Small Business,NA,NA,NA,NA,NA,NA,"Multiple Unnamed Members, FOIA",NA,NA,NA,NA,NA,NA,NA,NA,NA,NA,NA,NA,NA,,NA,NA,NA,,NA,NA,NA,NA,NA,NA,NA,NA,NA,NA,NA,NA,NA,NA,NA,NA,NA,NA,NA,NA,NA,1
NA,27692,2017-03-14,2017,115,8 Others,NA,,DOL_SOL,Request for Information Regarding Legacy IT and Modernization Initiatives,NA,NA,NA,NA,NA,NA,"Multiple Unnamed Members, FOIA",NA,NA,NA,NA,NA,NA,NA,NA,NA,NA,NA,NA,NA,,NA,NA,NA,,NA,NA,NA,NA,NA,NA,NA,NA,NA,NA,NA,NA,NA,NA,NA,NA,NA,NA,NA,NA,NA,1
NA,27715,2017-03-20,2017,115,19 Others,NA,,DOL_SOL,"Support Proposed Delay of the Fiduciary Rule, President's Memo & Replacing Rule",NA,NA,NA,NA,NA,NA,"Multiple Unnamed Members, FOIA",NA,NA,NA,NA,NA,NA,NA,NA,NA,NA,NA,NA,NA,,NA,NA,NA,,NA,NA,NA,NA,NA,NA,NA,NA,NA,NA,NA,NA,NA,NA,NA,NA,NA,NA,NA,NA,NA,1
NA,27744,2017-03-22,2017,115,31 Others,NA,,DOL_SOL,Support Proposal To Delay Fiduciary Rule Applicability Date For At Least 60 Days,NA,NA,NA,NA,NA,NA,"Multiple Unnamed Members, FOIA",NA,NA,NA,NA,NA,NA,NA,NA,NA,NA,NA,NA,NA,,NA,NA,NA,,NA,NA,NA,NA,NA,NA,NA,NA,NA,NA,NA,NA,NA,NA,NA,NA,NA,NA,NA,NA,NA,1
NA,27748,2017-03-23,2017,115,13 Others,NA,,DOL_SOL,Indefinitely Delay Effective Date of Beryllium Rule and Reissue Exposure Rule,NA,NA,NA,NA,NA,NA,"Multiple Unnamed Members, FOIA",NA,NA,NA,NA,NA,NA,NA,NA,NA,NA,NA,NA,NA,,NA,NA,NA,,NA,NA,NA,NA,NA,NA,NA,NA,NA,NA,NA,NA,NA,NA,NA,NA,NA,NA,NA,NA,NA,1
NA,27816,2017-04-03,2017,115,4 Others,NA,,DOL_SOL,Regarding H-1B Workers Replacing American Workers,NA,NA,NA,NA,NA,NA,"Multiple Unnamed Members, FOIA",NA,NA,NA,NA,NA,NA,NA,NA,NA,NA,NA,NA,NA,,NA,NA,NA,,NA,NA,NA,NA,NA,NA,NA,NA,NA,NA,NA,NA,NA,NA,NA,NA,NA,NA,NA,NA,NA,1
NA,27896,2017-04-18,2017,115,20 Others,NA,,DOL_SOL,Delay Fiduciary Rule Until Completion of Analysis Required by President's Memo,NA,NA,NA,NA,NA,NA,"Multiple Unnamed Members, FOIA",NA,NA,NA,NA,NA,NA,NA,NA,NA,NA,NA,NA,NA,,NA,NA,NA,,NA,NA,NA,NA,NA,NA,NA,NA,NA,NA,NA,NA,NA,NA,NA,NA,NA,NA,NA,NA,NA,1
NA,27940,2017-04-27,2017,115,7 Others,NA,,DOL_SOL,Request Information of WHD's Enforcement Strategy & Resources for FY 2018,NA,NA,NA,NA,NA,NA,"Multiple Unnamed Members, FOIA",NA,NA,NA,NA,NA,NA,NA,NA,NA,NA,NA,NA,NA,,NA,NA,NA,,NA,NA,NA,NA,NA,NA,NA,NA,NA,NA,NA,NA,NA,NA,NA,NA,NA,NA,NA,NA,NA,1
NA,27956,2017-05-01,2017,115,5 Others,NA,,DOL_SOL,"Delay Fiduciary Rule Beyond June 9, 2017, To Conduct A Thorough Review",NA,NA,NA,NA,NA,NA,"Multiple Unnamed Members, FOIA",NA,NA,NA,NA,NA,NA,NA,NA,NA,NA,NA,NA,NA,,NA,NA,NA,,NA,NA,NA,NA,NA,NA,NA,NA,NA,NA,NA,NA,NA,NA,NA,NA,NA,NA,NA,NA,NA,1
NA,27969,2017-05-02,2017,115,121 Others,NA,,DOL_SOL,Delay Entire Fiduciary Rule and Act Expeditiously to Reverse It,NA,NA,NA,NA,NA,NA,"Multiple Unnamed Members, FOIA",NA,NA,NA,NA,NA,NA,NA,NA,NA,NA,NA,NA,NA,,NA,NA,NA,,NA,NA,NA,NA,NA,NA,NA,NA,NA,NA,NA,NA,NA,NA,NA,NA,NA,NA,NA,NA,NA,1
NA,27999,2017-05-10,2017,115,2 Others,NA,,DOL_SOL,Support Reentry Project Grant For The Reentry Jobs Compact (RJC) Program,NA,NA,NA,NA,NA,NA,"Multiple Unnamed Members, FOIA",NA,NA,NA,NA,NA,NA,NA,NA,NA,NA,NA,NA,NA,,NA,NA,NA,,NA,NA,NA,NA,NA,NA,NA,NA,NA,NA,NA,NA,NA,NA,NA,NA,NA,NA,NA,NA,NA,1
NA,28013,2017-05-12,2017,115,11 Others,NA,,DOL_SOL,Plan To Improve The Security Of Our Multiemployer Pension System & Fund PBGC,NA,NA,NA,NA,NA,NA,"Multiple Unnamed Members, FOIA",NA,NA,NA,NA,NA,NA,NA,NA,NA,NA,NA,NA,NA,,NA,NA,NA,,NA,NA,NA,NA,NA,NA,NA,NA,NA,NA,NA,NA,NA,NA,NA,NA,NA,NA,NA,NA,NA,1
NA,28020,2017-05-15,2017,115,85 Others,NA,,DOL_SOL,Implement H-2B Cap Relief Provided; Fiscal 2017 Consolidated Appropriations Act,NA,NA,NA,NA,NA,NA,"Multiple Unnamed Members, FOIA",NA,NA,NA,NA,NA,NA,NA,NA,NA,NA,NA,NA,NA,,NA,NA,NA,,NA,NA,NA,NA,NA,NA,NA,NA,NA,NA,NA,NA,NA,NA,NA,NA,NA,NA,NA,NA,NA,1
NA,28026,2017-05-16,2017,115,4 Others,NA,,DOL_SOL,Review H-2A Regulations & Pursue Administrative Actions To Streamline Program,NA,NA,NA,NA,NA,NA,"Multiple Unnamed Members, FOIA",NA,NA,NA,NA,NA,NA,NA,NA,NA,NA,NA,NA,NA,,NA,NA,NA,,NA,NA,NA,NA,NA,NA,NA,NA,NA,NA,NA,NA,NA,NA,NA,NA,NA,NA,NA,NA,NA,1
NA,28063,2017-05-22,2017,115,4 Others,NA,,DOL_SOL,Delay 'Occupational Exposure to Beryllium' Final Rule; Reopen Rulemaking Process,NA,NA,NA,NA,NA,NA,"Multiple Unnamed Members, FOIA",NA,NA,NA,NA,NA,NA,NA,NA,NA,NA,NA,NA,NA,,NA,NA,NA,,NA,NA,NA,NA,NA,NA,NA,NA,NA,NA,NA,NA,NA,NA,NA,NA,NA,NA,NA,NA,NA,1
NA,28119,2017-06-05,2017,115,12 Others,NA,,DOL_SOL,Rescission of Agency Regulations & Adminstrative Guidance on Redefinition of Sex,NA,NA,NA,NA,NA,NA,"Multiple Unnamed Members, FOIA",NA,NA,NA,NA,NA,NA,NA,NA,NA,NA,NA,NA,NA,,NA,NA,NA,,NA,NA,NA,NA,NA,NA,NA,NA,NA,NA,NA,NA,NA,NA,NA,NA,NA,NA,NA,NA,NA,1
NA,28190,2017-07-11,2017,115,4 Others,NA,,DOL_SOL,Questions on Workplace Safety on Injuries/Deaths to Latino & Immigrant Workers,NA,NA,NA,NA,NA,NA,"Multiple Unnamed Members, FOIA",NA,NA,NA,NA,NA,NA,NA,NA,NA,NA,NA,NA,NA,,NA,NA,NA,,NA,NA,NA,NA,NA,NA,NA,NA,NA,NA,NA,NA,NA,NA,NA,NA,NA,NA,NA,NA,NA,1
NA,28198,2017-07-13,2017,115,9 Others,NA,,DOL_SOL,Adverse Impact of New Home Care Regulations; Urge Immediate DOL Action,NA,NA,NA,NA,NA,NA,"Multiple Unnamed Members, FOIA",NA,NA,NA,NA,NA,NA,NA,NA,NA,NA,NA,NA,NA,,NA,NA,NA,,NA,NA,NA,NA,NA,NA,NA,NA,NA,NA,NA,NA,NA,NA,NA,NA,NA,NA,NA,NA,NA,1
NA,28204,2017-07-18,2017,115,3 Others,NA,,DOL_SOL,Expedite the Approval Process to Raise the Cap for H-2B Visas,NA,NA,NA,NA,NA,NA,"Multiple Unnamed Members, FOIA",NA,NA,NA,NA,NA,NA,NA,NA,NA,NA,NA,NA,NA,,NA,NA,NA,,NA,NA,NA,NA,NA,NA,NA,NA,NA,NA,NA,NA,NA,NA,NA,NA,NA,NA,NA,NA,NA,1
NA,28209,2017-07-19,2017,115,2 Others,NA,,DOL_SOL,Suggestions for Regulatory Change/ H- 2A Agricultural Industry to Reduce Burdens,NA,NA,NA,NA,NA,NA,"Multiple Unnamed Members, FOIA",NA,NA,NA,NA,NA,NA,NA,NA,NA,NA,NA,NA,NA,,NA,NA,NA,,NA,NA,NA,NA,NA,NA,NA,NA,NA,NA,NA,NA,NA,NA,NA,NA,NA,NA,NA,NA,NA,1
NA,28218,2017-07-20,2017,115,7 Others,NA,,DOL_SOL,Urge DOL to Expedite the Issue of Additional H-2B Visas,NA,NA,NA,NA,NA,NA,"Multiple Unnamed Members, FOIA",NA,NA,NA,NA,NA,NA,NA,NA,NA,NA,NA,NA,NA,,NA,NA,NA,,NA,NA,NA,NA,NA,NA,NA,NA,NA,NA,NA,NA,NA,NA,NA,NA,NA,NA,NA,NA,NA,1
NA,28228,2017-07-25,2017,115,26 Others,NA,,DOL_SOL,Ratio of Inspectors Exceeds Operating Mines/Realign MSHA Resources,NA,NA,NA,NA,NA,NA,"Multiple Unnamed Members, FOIA",NA,NA,NA,NA,NA,NA,NA,NA,NA,NA,NA,NA,NA,,NA,NA,NA,,NA,NA,NA,NA,NA,NA,NA,NA,NA,NA,NA,NA,NA,NA,NA,NA,NA,NA,NA,NA,NA,1
NA,28233,2017-07-28,2017,115,9 Others,NA,,DOL_SOL,Delay or Repeal Implementation of OSHA's Respirable Crystalline Silica Rule,NA,NA,NA,NA,NA,NA,"Multiple Unnamed Members, FOIA",NA,NA,NA,NA,NA,NA,NA,NA,NA,NA,NA,NA,NA,,NA,NA,NA,,NA,NA,NA,NA,NA,NA,NA,NA,NA,NA,NA,NA,NA,NA,NA,NA,NA,NA,NA,NA,NA,1
NA,28239,2017-07-28,2017,115,25 Others,NA,,DOL_SOL,Urge DOL to Delay and Reexamine the Disability Claims Regulation,NA,NA,NA,NA,NA,NA,"Multiple Unnamed Members, FOIA",NA,NA,NA,NA,NA,NA,NA,NA,NA,NA,NA,NA,NA,,NA,NA,NA,,NA,NA,NA,NA,NA,NA,NA,NA,NA,NA,NA,NA,NA,NA,NA,NA,NA,NA,NA,NA,NA,1
NA,28243,2017-07-31,2017,115,8 Others,NA,,DOL_SOL,"Implement/Enforce Labor Provisions in US-Colombia Trade Promotion Agreement, TPA",NA,NA,NA,NA,NA,NA,"Multiple Unnamed Members, FOIA",NA,NA,NA,NA,NA,NA,NA,NA,NA,NA,NA,NA,NA,,NA,NA,NA,,NA,NA,NA,NA,NA,NA,NA,NA,NA,NA,NA,NA,NA,NA,NA,NA,NA,NA,NA,NA,NA,1
NA,28248,2017-08-01,2017,115,4 Others,NA,,DOL_SOL,Delay or Revise Implementation of OSHA's Respirable Crystaline Silica Rule,NA,NA,NA,NA,NA,NA,"Multiple Unnamed Members, FOIA",NA,NA,NA,NA,NA,NA,NA,NA,NA,NA,NA,NA,NA,,NA,NA,NA,,NA,NA,NA,NA,NA,NA,NA,NA,NA,NA,NA,NA,NA,NA,NA,NA,NA,NA,NA,NA,NA,1
NA,28266,2017-08-10,2017,115,6 Others,NA,,DOL_SOL,Rules for WIOA/HCBS Provide Broader Support Choice of Citizens with Disabilities,NA,NA,NA,NA,NA,NA,"Multiple Unnamed Members, FOIA",NA,NA,NA,NA,NA,NA,NA,NA,NA,NA,NA,NA,NA,,NA,NA,NA,,NA,NA,NA,NA,NA,NA,NA,NA,NA,NA,NA,NA,NA,NA,NA,NA,NA,NA,NA,NA,NA,1
NA,28272,2017-08-14,2017,115,9 Others,NA,,DOL_SOL,Nomination to Serve on the EO Task Force on Apprenticeship Expansion,NA,NA,NA,NA,NA,NA,"Multiple Unnamed Members, FOIA",NA,NA,NA,NA,NA,NA,NA,NA,NA,NA,NA,NA,NA,,NA,NA,NA,,NA,NA,NA,NA,NA,NA,NA,NA,NA,NA,NA,NA,NA,NA,NA,NA,NA,NA,NA,NA,NA,1
NA,28277,2017-08-14,2017,115,16 Others,NA,,DOL_SOL,Federal Expenditures of American Taxpayer Funds Affiliated with President Trump,NA,NA,NA,NA,NA,NA,"Multiple Unnamed Members, FOIA",NA,NA,NA,NA,NA,NA,NA,NA,NA,NA,NA,NA,NA,,NA,NA,NA,,NA,NA,NA,NA,NA,NA,NA,NA,NA,NA,NA,NA,NA,NA,NA,NA,NA,NA,NA,NA,NA,1
NA,28293,2017-08-17,2017,115,2 Other,NA,,DOL_SOL,Issue Guidance to Clarify and Implement Nondiscrimination in Health Care,NA,NA,NA,NA,NA,NA,"Multiple Unnamed Members, FOIA",NA,NA,NA,NA,NA,NA,NA,NA,NA,NA,NA,NA,NA,,NA,NA,NA,,NA,NA,NA,NA,NA,NA,NA,NA,NA,NA,NA,NA,NA,NA,NA,NA,NA,NA,NA,NA,NA,1
NA,28302,2017-08-22,2017,115,2 Others,NA,,DOL_SOL,Investigation Into Recent Death of H-2A Temporary Guest Migrant Farmworker,NA,NA,NA,NA,NA,NA,"Multiple Unnamed Members, FOIA",NA,NA,NA,NA,NA,NA,NA,NA,NA,NA,NA,NA,NA,,NA,NA,NA,,NA,NA,NA,NA,NA,NA,NA,NA,NA,NA,NA,NA,NA,NA,NA,NA,NA,NA,NA,NA,NA,1
NA,28331,2017-09-05,2017,115,21 Others,NA,,DOL_SOL,OSHA's Cranes & Derricks in Construction Rule Place Burden in Propane Industry,NA,NA,NA,NA,NA,NA,"Multiple Unnamed Members, FOIA",NA,NA,NA,NA,NA,NA,NA,NA,NA,NA,NA,NA,NA,,NA,NA,NA,,NA,NA,NA,NA,NA,NA,NA,NA,NA,NA,NA,NA,NA,NA,NA,NA,NA,NA,NA,NA,NA,1
NA,28345,2017-09-12,2017,115,4 Others,NA,,DOL_SOL,EO 13777 Briefing on DOL's Task Force Reducing Unnecessary Regulations,NA,NA,NA,NA,NA,NA,"Multiple Unnamed Members, FOIA",NA,NA,NA,NA,NA,NA,NA,NA,NA,NA,NA,NA,NA,,NA,NA,NA,,NA,NA,NA,NA,NA,NA,NA,NA,NA,NA,NA,NA,NA,NA,NA,NA,NA,NA,NA,NA,NA,1
NA,28351,2017-09-19,2017,115,3 Others,NA,,DOL_SOL,"Oppose Extension of Transition Period Beyond January 1, 2018",NA,NA,NA,NA,NA,NA,"Multiple Unnamed Members, FOIA",NA,NA,NA,NA,NA,NA,NA,NA,NA,NA,NA,NA,NA,,NA,NA,NA,,NA,NA,NA,NA,NA,NA,NA,NA,NA,NA,NA,NA,NA,NA,NA,NA,NA,NA,NA,NA,NA,1
NA,28357,2017-09-21,2017,115,2 Others,NA,,DOL_SOL,Ensure American Wages & Working Conditions Don't Deteriorate to Increased Trade,NA,NA,NA,NA,NA,NA,"Multiple Unnamed Members, FOIA",NA,NA,NA,NA,NA,NA,NA,NA,NA,NA,NA,NA,NA,,NA,NA,NA,,NA,NA,NA,NA,NA,NA,NA,NA,NA,NA,NA,NA,NA,NA,NA,NA,NA,NA,NA,NA,NA,1
NA,28361,2017-09-22,2017,115,6 Others,NA,,DOL_SOL,Commitment to Worker Safety /Susan Harwood Grants/FY18 Budget,NA,NA,NA,NA,NA,NA,"Multiple Unnamed Members, FOIA",NA,NA,NA,NA,NA,NA,NA,NA,NA,NA,NA,NA,NA,,NA,NA,NA,,NA,NA,NA,NA,NA,NA,NA,NA,NA,NA,NA,NA,NA,NA,NA,NA,NA,NA,NA,NA,NA,1
NA,28385,2017-10-02,2017,115,26 Others,NA,,DOL_SOL,Reconsider/Delay Implementation Of OSHA's Respirable Crystalline Silica Rule,NA,NA,NA,NA,NA,NA,"Multiple Unnamed Members, FOIA",NA,NA,NA,NA,NA,NA,NA,NA,NA,NA,NA,NA,NA,,NA,NA,NA,,NA,NA,NA,NA,NA,NA,NA,NA,NA,NA,NA,NA,NA,NA,NA,NA,NA,NA,NA,NA,NA,1
NA,28390,2017-10-04,2017,115,4 Others,NA,,DOL_SOL,Reconsider/Delay Implementation of Crystalline Silica Rule; Impact KS Businesses,NA,NA,NA,NA,NA,NA,"Multiple Unnamed Members, FOIA",NA,NA,NA,NA,NA,NA,NA,NA,NA,NA,NA,NA,NA,,NA,NA,NA,,NA,NA,NA,NA,NA,NA,NA,NA,NA,NA,NA,NA,NA,NA,NA,NA,NA,NA,NA,NA,NA,1
NA,28394,2017-10-04,2017,115,17 Others,NA,,DOL_SOL,Regarding Lapses In The Re- Chartering/Reappointment Of Members To MACOSH,NA,NA,NA,NA,NA,NA,"Multiple Unnamed Members, FOIA",NA,NA,NA,NA,NA,NA,NA,NA,NA,NA,NA,NA,NA,,NA,NA,NA,,NA,NA,NA,NA,NA,NA,NA,NA,NA,NA,NA,NA,NA,NA,NA,NA,NA,NA,NA,NA,NA,1
NA,28411,2017-10-23,2017,115,30 Others,NA,,DOL_SOL,Recommends Actions to Make H-2A Programs More Predictable,NA,NA,NA,NA,NA,NA,"Multiple Unnamed Members, FOIA",NA,NA,NA,NA,NA,NA,NA,NA,NA,NA,NA,NA,NA,,NA,NA,NA,,NA,NA,NA,NA,NA,NA,NA,NA,NA,NA,NA,NA,NA,NA,NA,NA,NA,NA,NA,NA,NA,1
NA,28475,2017-11-01,2017,115,4 Others,NA,,DOL_SOL,DOL's Implementation Of The Executive Order And Its Impact On The ACA,NA,NA,NA,NA,NA,NA,"Multiple Unnamed Members, FOIA",NA,NA,NA,NA,NA,NA,NA,NA,NA,NA,NA,NA,NA,,NA,NA,NA,,NA,NA,NA,NA,NA,NA,NA,NA,NA,NA,NA,NA,NA,NA,NA,NA,NA,NA,NA,NA,NA,1
NA,28500,2017-11-15,2017,115,120 Others,NA,,DOL_SOL,Expressing Concern About Reduction of Job Corps Slot Capacity For PY 2017,NA,NA,NA,NA,NA,NA,"Multiple Unnamed Members, FOIA",NA,NA,NA,NA,NA,NA,NA,NA,NA,NA,NA,NA,NA,,NA,NA,NA,,NA,NA,NA,NA,NA,NA,NA,NA,NA,NA,NA,NA,NA,NA,NA,NA,NA,NA,NA,NA,NA,1
NA,28508,2017-11-17,2017,115,17 Others,NA,,DOL_SOL,Uphold DOL Regulation Clarifying That Tips Are The Employee's/FLSA/Minimum Wage,NA,NA,NA,NA,NA,NA,"Multiple Unnamed Members, FOIA",NA,NA,NA,NA,NA,NA,NA,NA,NA,NA,NA,NA,NA,,NA,NA,NA,,NA,NA,NA,NA,NA,NA,NA,NA,NA,NA,NA,NA,NA,NA,NA,NA,NA,NA,NA,NA,NA,1
NA,28529,2017-12-05,2017,115,22 Others,NA,,DOL_SOL,"Ensure H-2A Interagency Work Group Maintain Protections, Oversight & Enforcement",NA,NA,NA,NA,NA,NA,"Multiple Unnamed Members, FOIA",NA,NA,NA,NA,NA,NA,NA,NA,NA,NA,NA,NA,NA,,NA,NA,NA,,NA,NA,NA,NA,NA,NA,NA,NA,NA,NA,NA,NA,NA,NA,NA,NA,NA,NA,NA,NA,NA,1
NA,28546,2017-12-12,2017,115,46 Others,NA,,DOL_SOL,Request for Extention of Comment Period NPRM/RIN 1235-AA21 Tip Regulation/FLSA,NA,NA,NA,NA,NA,NA,"Multiple Unnamed Members, FOIA",NA,NA,NA,NA,NA,NA,NA,NA,NA,NA,NA,NA,NA,,NA,NA,NA,,NA,NA,NA,NA,NA,NA,NA,NA,NA,NA,NA,NA,NA,NA,NA,NA,NA,NA,NA,NA,NA,1
NA,28551,2017-12-12,2017,115,3 Others,NA,,DOL_SOL,Request DOL To Comply To All Aspects of IT Management & Cybersecurity; FITARA,NA,NA,NA,NA,NA,NA,"Multiple Unnamed Members, FOIA",NA,NA,NA,NA,NA,NA,NA,NA,NA,NA,NA,NA,NA,,NA,NA,NA,,NA,NA,NA,NA,NA,NA,NA,NA,NA,NA,NA,NA,NA,NA,NA,NA,NA,NA,NA,NA,NA,1
NA,28565,2017-12-15,2017,115,3 Others,NA,,DOL_SOL,"Provide List of Guidance Documents Issued by DOL Since January 1, 2008",NA,NA,NA,NA,NA,NA,"Multiple Unnamed Members, FOIA",NA,NA,NA,NA,NA,NA,NA,NA,NA,NA,NA,NA,NA,,NA,NA,NA,,NA,NA,NA,NA,NA,NA,NA,NA,NA,NA,NA,NA,NA,NA,NA,NA,NA,NA,NA,NA,NA,1
NA,28583,2017-12-22,2017,115,2 Others,NA,,DOL_SOL,Oppose Reexamination of The Respirable Dust Rule As Reflected In Unified Agenda,NA,NA,NA,NA,NA,NA,"Multiple Unnamed Members, FOIA",NA,NA,NA,NA,NA,NA,NA,NA,NA,NA,NA,NA,NA,,NA,NA,NA,,NA,NA,NA,NA,NA,NA,NA,NA,NA,NA,NA,NA,NA,NA,NA,NA,NA,NA,NA,NA,NA,1
NA,28637,2018-01-31,2018,115,21 Others,NA,,DOL_SOL,Urges Collection Of Data On Cost And Prevalence Of Sexual Harassment,NA,NA,NA,NA,NA,NA,"Multiple Unnamed Members, FOIA",NA,NA,NA,NA,NA,NA,NA,NA,NA,NA,NA,NA,NA,,NA,NA,NA,,NA,NA,NA,NA,NA,NA,NA,NA,NA,NA,NA,NA,NA,NA,NA,NA,NA,NA,NA,NA,NA,1
NA,28669,2018-03-05,2018,115,7 Others,NA,,DOL_SOL,Ensure Timely Process of H-2B Visa Applications for Massachusetts Businesses,NA,NA,NA,NA,NA,NA,"Multiple Unnamed Members, FOIA",NA,NA,NA,NA,NA,NA,NA,NA,NA,NA,NA,NA,NA,,NA,NA,NA,,NA,NA,NA,NA,NA,NA,NA,NA,NA,NA,NA,NA,NA,NA,NA,NA,NA,NA,NA,NA,NA,1
NA,28691,2018-04-03,2018,115,32 Others,NA,,DOL_SOL,Allow Efficient Processing of H-2B Applications; Re- Open Petition Process,NA,NA,NA,NA,NA,NA,"Multiple Unnamed Members, FOIA",NA,NA,NA,NA,NA,NA,NA,NA,NA,NA,NA,NA,NA,,NA,NA,NA,,NA,NA,NA,NA,NA,NA,NA,NA,NA,NA,NA,NA,NA,NA,NA,NA,NA,NA,NA,NA,NA,1
NA,28694,2018-04-04,2018,115,5 Others,NA,,DOL_SOL,OECD Trade & Labor Committee; Consideration of Colombian Government Assession,NA,NA,NA,NA,NA,NA,"Multiple Unnamed Members, FOIA",NA,NA,NA,NA,NA,NA,NA,NA,NA,NA,NA,NA,NA,,NA,NA,NA,,NA,NA,NA,NA,NA,NA,NA,NA,NA,NA,NA,NA,NA,NA,NA,NA,NA,NA,NA,NA,NA,1
NA,28698,2018-04-05,2018,115,88 Others,NA,,DOL_SOL,Re-Open Petition Process/Allow Efficient Processing of H-2B Applications,NA,NA,NA,NA,NA,NA,"Multiple Unnamed Members, FOIA",NA,NA,NA,NA,NA,NA,NA,NA,NA,NA,NA,NA,NA,,NA,NA,NA,,NA,NA,NA,NA,NA,NA,NA,NA,NA,NA,NA,NA,NA,NA,NA,NA,NA,NA,NA,NA,NA,1
NA,28737,2018-06-20,2018,115,4 Others,NA,,DOL_SOL,Requesting Audit of BPSS's Permanent Labor Certification Program (PERM),NA,NA,NA,NA,NA,NA,"Multiple Unnamed Members, FOIA",NA,NA,NA,NA,NA,NA,NA,NA,NA,NA,NA,NA,NA,,NA,NA,NA,,NA,NA,NA,NA,NA,NA,NA,NA,NA,NA,NA,NA,NA,NA,NA,NA,NA,NA,NA,NA,NA,1
NA,28740,2018-06-27,2018,115,79 Others,NA,,DOL_SOL,Supports Additional Visa Allocation Through the 2018 Omnibus Appropriation Act,NA,NA,NA,NA,NA,NA,"Multiple Unnamed Members, FOIA",NA,NA,NA,NA,NA,NA,NA,NA,NA,NA,NA,NA,NA,,NA,NA,NA,,NA,NA,NA,NA,NA,NA,NA,NA,NA,NA,NA,NA,NA,NA,NA,NA,NA,NA,NA,NA,NA,1
NA,28751,2018-09-20,2018,115,7 Others,NA,,DOL_SOL,Petition For Rulemaking to Restore Coverage for Workers Compensation Insurance,NA,NA,NA,NA,NA,NA,"Multiple Unnamed Members, FOIA",NA,NA,NA,NA,NA,NA,NA,NA,NA,NA,NA,NA,NA,,NA,NA,NA,,NA,NA,NA,NA,NA,NA,NA,NA,NA,NA,NA,NA,NA,NA,NA,NA,NA,NA,NA,NA,NA,1
NA,65,2009-04-03,2009,111,Representative Miller,NA,,EOP_CEQ,Recommending science-based global warming legislation,NA,NA,NA,NA,NA,NA,Multiple Miller's FOIA,NA,NA,NA,NA,NA,NA,NA,NA,NA,NA,NA,NA,NA,,NA,NA,NA,,NA,NA,NA,NA,NA,NA,NA,NA,NA,NA,NA,NA,NA,NA,NA,NA,NA,NA,NA,NA,NA,1
NA,66,2009-04-03,2009,111,Representative Miller,NA,,EOP_CEQ,Recommending science-based global warming legislation,NA,NA,NA,NA,NA,NA,Multiple Miller's FOIA,NA,NA,NA,NA,NA,NA,NA,NA,NA,NA,NA,NA,NA,,NA,NA,NA,,NA,NA,NA,NA,NA,NA,NA,NA,NA,NA,NA,NA,NA,NA,NA,NA,NA,NA,NA,NA,NA,1
NA,130,2009-11-16,2009,111,Senator Kirk,NA,,EOP_CEQ,Ocean Policy Task Force Comments,NA,NA,NA,NA,NA,NA,Multiple Kirk's FOIA,NA,NA,NA,NA,NA,NA,NA,NA,NA,NA,NA,NA,NA,,NA,NA,NA,,NA,NA,NA,NA,NA,NA,NA,NA,NA,NA,NA,NA,NA,NA,NA,NA,NA,NA,NA,NA,NA,1
NA,132,2009-11-17,2009,111,Representative Thompson,NA,,EOP_CEQ,Ocean Policy Task Force Comments,NA,NA,NA,NA,NA,NA,Multiple Thompson's FOIA,NA,NA,NA,NA,NA,NA,NA,NA,NA,NA,NA,NA,NA,,NA,NA,NA,,NA,NA,NA,NA,NA,NA,NA,NA,NA,NA,NA,NA,NA,NA,NA,NA,NA,NA,NA,NA,NA,1
NA,169,2010-01-15,2010,111,Representative DIAZ-BALART,NA,,EOP_CEQ,Drywall Caucus,NA,NA,NA,NA,NA,NA,Multiple Diaz-Balart's FOIA,NA,NA,NA,NA,NA,NA,NA,NA,NA,NA,NA,NA,NA,,NA,NA,NA,,NA,NA,NA,NA,NA,NA,NA,NA,NA,NA,NA,NA,NA,NA,NA,NA,NA,NA,NA,NA,NA,1
NA,175,2010-01-25,2010,111,Representative DIAZ-BALART,NA,,EOP_CEQ,Contaminated Drywall,NA,NA,NA,NA,NA,NA,Multiple Diaz-Balart's FOIA,NA,NA,NA,NA,NA,NA,NA,NA,NA,NA,NA,NA,NA,,NA,NA,NA,,NA,NA,NA,NA,NA,NA,NA,NA,NA,NA,NA,NA,NA,NA,NA,NA,NA,NA,NA,NA,NA,1
NA,176,2010-02-01,2010,111,Representative McCarthy,NA,,EOP_CEQ,OPTF,NA,NA,NA,NA,NA,NA,Multiple McCarthy's FOIA,NA,NA,NA,NA,NA,NA,NA,NA,NA,NA,NA,NA,NA,,NA,NA,NA,,NA,NA,NA,NA,NA,NA,NA,NA,NA,NA,NA,NA,NA,NA,NA,NA,NA,NA,NA,NA,NA,1
NA,187,2010-02-22,2010,111,Senator Kirk,NA,,EOP_CEQ,Letter to Salazar re: Cape Wind,NA,NA,NA,NA,NA,NA,Multiple Kirk's FOIA,NA,NA,NA,NA,NA,NA,NA,NA,NA,NA,NA,NA,NA,,NA,NA,NA,,NA,NA,NA,NA,NA,NA,NA,NA,NA,NA,NA,NA,NA,NA,NA,NA,NA,NA,NA,NA,NA,1
NA,193,2010-03-09,2010,111,Representative Price,NA,,EOP_CEQ,invitation,NA,NA,NA,NA,NA,NA,Multiple Price's FOIA,NA,NA,NA,NA,NA,NA,NA,NA,NA,NA,NA,NA,NA,,NA,NA,NA,,NA,NA,NA,NA,NA,NA,NA,NA,NA,NA,NA,NA,NA,NA,NA,NA,NA,NA,NA,NA,NA,1
NA,196,2010-03-11,2010,111,Representative DIAZ-BALART,NA,,EOP_CEQ,thank you,NA,NA,NA,NA,NA,NA,Multiple Diaz-Balart's FOIA,NA,NA,NA,NA,NA,NA,NA,NA,NA,NA,NA,NA,NA,,NA,NA,NA,,NA,NA,NA,NA,NA,NA,NA,NA,NA,NA,NA,NA,NA,NA,NA,NA,NA,NA,NA,NA,NA,1
NA,215,2010-04-20,2010,111,Senator Nelson,NA,,EOP_CEQ,P + G Comments,NA,NA,NA,NA,NA,NA,Multiple Nelson's FOIA,NA,NA,NA,NA,NA,NA,NA,NA,NA,NA,NA,NA,NA,,NA,NA,NA,,NA,NA,NA,NA,NA,NA,NA,NA,NA,NA,NA,NA,NA,NA,NA,NA,NA,NA,NA,NA,NA,1
NA,268,2011-06-15,2011,112,Representative Young,NA,,EOP_CEQ,Request that EPA accept the decision of the US Army Corps of Engineers issue a full permit under the CWA to allow construction of the Phase 1 Northern Rail Extension project,NA,NA,NA,NA,NA,NA,Multiple Young's FOIA,NA,NA,NA,NA,NA,NA,NA,NA,NA,NA,NA,NA,NA,,NA,NA,NA,,NA,NA,NA,NA,NA,NA,NA,NA,NA,NA,NA,NA,NA,NA,NA,NA,NA,NA,NA,NA,NA,1
NA,3112,2015-09-09,2015,114,Rep. Chris Collins,"chris collins|christopher collins|collins, chris|^collins, c$|collins, christopher","COLLINS, Chris",NARA,"medals, father, Paul Zika, Army, ssn (b)(6)",NA,NA,NA,NA,NA,NA,"constituent's own request, 2-11697942201, said records burned, but FOIA request listed medals on it",NA,Chris,C,Christopher,NA,NA,COLLINS,MH11421345,21345,200,(NY-27),new york,NY,House,021345.jpg,chris-collins,27,Republican Party,0.233,0.358,0.903661063893992,251,404error,Chris COLLINS,404error,Christopher COLLINS,404error,404error,404error,404error,"COLLINS, Chris",404error,404error,404error,"^COLLINS, C$","^COLLINS, C$","COLLINS, Christopher",404error,NA,1
NA,3703,2016-01-20,2016,114,Rep. Barry Loudermilk,"barry loudermilk|barry d loudermilk|loudermilk, barry|^loudermilk, b$|^loudermilk, na$|representative loudermilk($|,)|b d loudermilk","LOUDERMILK, Barry D.",NARA,"FOIA request for muster rolls, returning form sent by RDT2",NA,NA,NA,NA,NA,NA,"Mary forwarded to Martha Murphy and the FOIA office (didn't have to go through Mary), additional information about Mr. Tatum being a driver was sent then forwarded to Martha Murphy Jan. 27.",NA,Barry,B,NA,D,D,LOUDERMILK,MH11421515,21515,200,(GA-11),georgia,GA,House,021515.jpg,barry-d-loudermilk,11,Republican Party,-0.015,0.689,0.9040520575220492,251,404error,Barry LOUDERMILK,404error,404error,Barry D LOUDERMILK,Barry D LOUDERMILK,404error,404error,"LOUDERMILK, Barry",404error,404error,B D LOUDERMILK,"^LOUDERMILK, B$","^LOUDERMILK, NA$",404error,404error,"Representative LOUDERMILK($|,)",1
NA,3918,2016-03-02,2016,114,Sen. Lamar Alexander,"lamar alexander|alexander, lamar|^alexander, l$|^alexander, na$|senator alexander($|,)","ALEXANDER, Lamar",NARA,"deck logs, USS Belknap Aug, Sep, Nov 1983, PTSD claim",NA,NA,NA,NA,NA,NA,"RS responded to earlier request, NARA does not have records, they're at Suitland, go to Navy FOIA.  Navy Historian said make FOIA request to NARA",NA,Lamar,L,NA,NA,NA,ALEXANDER,MS11440304,40304,200,(TN),tennessee,TN,Senate,040304.jpg,lamar-alexander,0,Republican Party,-0.177,0.324,0.7750767848562753,54,404error,Lamar ALEXANDER,404error,404error,404error,404error,404error,404error,"ALEXANDER, Lamar",404error,404error,404error,"^ALEXANDER, L$","^ALEXANDER, NA$",404error,404error,"Senator ALEXANDER($|,)",1
NA,4394,2016-05-27,2016,114,Rep. Jason Chaffetz,"jason chaffetz|chaffetz, jason|^chaffetz, j$|^chaffetz, na$|representative chaffetz($|,)","CHAFFETZ, Jason",NARA,"OMPF and medical records, Navy, ssn (b)(6)",NA,NA,NA,NA,NA,NA,"Congressional add-on to the veteran's own request, SR 2-19572993599, the veteran keeps citing FOIA in his requests, so he doesn't get the complete file",NA,Jason,J,NA,NA,NA,CHAFFETZ,MH11420949,20949,200,(UT-03),utah,UT,House,020949.jpg,jason-chaffetz,3,Republican Party,-0.278,0.647,0.8709818674111092,251,404error,Jason CHAFFETZ,404error,404error,404error,404error,404error,404error,"CHAFFETZ, Jason",404error,404error,404error,"^CHAFFETZ, J$","^CHAFFETZ, NA$",404error,404error,"Representative CHAFFETZ($|,)",1
NA,33,2007-01-30,2007,110,JAMES PAUL,NA,,NASA,GIBSON/REQUEST SHUTTLE LAUNCH PASSES,1,NA,1,NA,NA,NA,FOIA,NA,NA,NA,NA,NA,NA,NA,NA,NA,NA,NA,NA,NA,,NA,NA,NA,,NA,NA,NA,NA,NA,NA,NA,NA,NA,NA,NA,NA,NA,NA,NA,NA,NA,NA,NA,NA,NA,1
NA,45,2007-02-05,2007,110,Representative ROGERS,NA,,NASA,GIBSON/CONSTITUENTS REQUEST LAUNCH PASSES,1,NA,1,NA,NA,NA,Multiple Rogers FOIA,NA,NA,NA,NA,NA,NA,NA,NA,NA,NA,NA,NA,NA,,NA,NA,NA,,NA,NA,NA,NA,NA,NA,NA,NA,NA,NA,NA,NA,NA,NA,NA,NA,NA,NA,NA,NA,NA,1
NA,97,2007-02-20,2007,110,Representative MARTINEZ,NA,,NASA,FARRELL/CONSTITUENT REQUEST TERMINATION OF ASTRONAUT LISA NOWAK,1,NA,1,NA,NA,NA,FOIA,NA,NA,NA,NA,NA,NA,NA,NA,NA,NA,NA,NA,NA,,NA,NA,NA,,NA,NA,NA,NA,NA,NA,NA,NA,NA,NA,NA,NA,NA,NA,NA,NA,NA,NA,NA,NA,NA,1
NA,103,2007-03-09,2007,110,Representative HALL,NA,,NASA,FLAHERTY/COMMITTEE ON SCIENCE AND TECHNOLOGY WRITE RE: NATIONAL-POLAR-ORBITING OPERATIONAL ENVIRONMENTAL SATELLITE SYSTEM (NPOESS),NA,NA,NA,NA,NA,NA,Multiple Hall's FOIA,NA,NA,NA,NA,NA,NA,NA,NA,NA,NA,NA,NA,NA,,NA,NA,NA,,NA,NA,NA,NA,NA,NA,NA,NA,NA,NA,NA,NA,NA,NA,NA,NA,NA,NA,NA,NA,NA,1
NA,117,2007-03-13,2007,110,Representative THOMPSON,NA,,NASA,GIBSON/CONSTITUENT REQUEST SHUTTLE LAUNCH PASSES STS- 118,1,NA,1,NA,NA,NA,Multiple Thompson's FOIA,NA,NA,NA,NA,NA,NA,NA,NA,NA,NA,NA,NA,NA,,NA,NA,NA,,NA,NA,NA,NA,NA,NA,NA,NA,NA,NA,NA,NA,NA,NA,NA,NA,NA,NA,NA,NA,NA,1
NA,219,2007-05-08,2007,110,Representative ROGERS,NA,,NASA,PERKINS/REQUEST NASA PROVIDE FULL CONSIDERATION TO AEROSPACE EDUCATORS SERVICES PROGRAM PROPOSAL,NA,NA,NA,NA,NA,NA,Multiple Rogers FOIA,NA,NA,NA,NA,NA,NA,NA,NA,NA,NA,NA,NA,NA,,NA,NA,NA,,NA,NA,NA,NA,NA,NA,NA,NA,NA,NA,NA,NA,NA,NA,NA,NA,NA,NA,NA,NA,NA,1
NA,424,2007-11-14,2007,110,Representative HALL,NA,,NASA,IRVING/WHR - MEMBERS OF THE TEXAS DELEGATION URGE THE PRESIDENT TO SUPPORT THE ALPHA MAGNETIC SPECTROMETER (AMS) PROJECT,NA,NA,NA,NA,NA,NA,Multiple Hall's FOIA,NA,NA,NA,NA,NA,NA,NA,NA,NA,NA,NA,NA,NA,,NA,NA,NA,,NA,NA,NA,NA,NA,NA,NA,NA,NA,NA,NA,NA,NA,NA,NA,NA,NA,NA,NA,NA,NA,1
NA,532,2008-02-14,2008,110,Representative HALL,NA,,NASA,MURPHY/CONSTITUENT INTERESTED IN EMPLOYMENT AT NASA HQ/OLIA,1,NA,1,NA,NA,NA,Multiple Hall's FOIA,NA,NA,NA,NA,NA,NA,NA,NA,NA,NA,NA,NA,NA,,NA,NA,NA,,NA,NA,NA,NA,NA,NA,NA,NA,NA,NA,NA,NA,NA,NA,NA,NA,NA,NA,NA,NA,NA,1
NA,566,2008-04-07,2008,110,Representative HALL,NA,,NASA,"GIBSON/ASTRONAUT REQUESTED TO PARTICIPATE IN FIELD HEARING, ""IMPORTANCE OF STEM EDUCATION"", MAY 12, 2008, TEXARKANA, TX",NA,NA,NA,NA,NA,NA,Multiple Hall's FOIA,NA,NA,NA,NA,NA,NA,NA,NA,NA,NA,NA,NA,NA,,NA,NA,NA,,NA,NA,NA,NA,NA,NA,NA,NA,NA,NA,NA,NA,NA,NA,NA,NA,NA,NA,NA,NA,NA,1
NA,660,2008-06-26,2008,110,Representative HALL,NA,,NASA,IRVING/CONGRESSMAN HALL RECOMMENDS CONSTITUENT FOR ASTRONAUT TRAINING PROGRAM,1,NA,1,NA,NA,NA,Multiple Hall's FOIA,NA,NA,NA,NA,NA,NA,NA,NA,NA,NA,NA,NA,NA,,NA,NA,NA,,NA,NA,NA,NA,NA,NA,NA,NA,NA,NA,NA,NA,NA,NA,NA,NA,NA,NA,NA,NA,NA,1
NA,948,2011-02-09,2011,112,Representative THOMPSON,NA,,NASA,REQUEST FOR A SUMMER INTERNSHIP,NA,NA,NA,NA,NA,NA,Multiple Thompson's FOIA,NA,NA,NA,NA,NA,NA,NA,NA,NA,NA,NA,NA,NA,,NA,NA,NA,,NA,NA,NA,NA,NA,NA,NA,NA,NA,NA,NA,NA,NA,NA,NA,NA,NA,NA,NA,NA,NA,1
NA,1390,2011-12-08,2011,112,Representative THOMPSON,NA,,NASA,MURPHY/MEMBERS OF THE CALIFORNIA DELEGATION LETTER RE: PRESERVATION OF HANGAR ONE,NA,NA,NA,NA,NA,NA,Multiple Thompson's FOIA,NA,NA,NA,NA,NA,NA,NA,NA,NA,NA,NA,NA,NA,,NA,NA,NA,,NA,NA,NA,NA,NA,NA,NA,NA,NA,NA,NA,NA,NA,NA,NA,NA,NA,NA,NA,NA,NA,1
NA,1601,2012-03-23,2012,112,Representative THOMPSON,NA,,NASA,MURPHY/NASA ARC JET TESTING CAPABILITIES AT AMES RESEARCH CENTER,NA,NA,NA,NA,NA,NA,Multiple Thompson's FOIA,NA,NA,NA,NA,NA,NA,NA,NA,NA,NA,NA,NA,NA,,NA,NA,NA,,NA,NA,NA,NA,NA,NA,NA,NA,NA,NA,NA,NA,NA,NA,NA,NA,NA,NA,NA,NA,NA,1
NA,2299,2010-02-12,2010,111,Representative HALL,NA,,NASA,PALMER/CONSTELLATION PROGRAM CONCERNS,NA,NA,NA,NA,NA,NA,Multiple Hall's FOIA,NA,NA,NA,NA,NA,NA,NA,NA,NA,NA,NA,NA,NA,,NA,NA,NA,,NA,NA,NA,NA,NA,NA,NA,NA,NA,NA,NA,NA,NA,NA,NA,NA,NA,NA,NA,NA,NA,1
NA,2320,2010-02-12,2010,111,Representative ROGERS,NA,,NASA,PALMER/CONSTELLATION PROGRAM CONCERNS,NA,NA,NA,NA,NA,NA,Multiple Rogers FOIA,NA,NA,NA,NA,NA,NA,NA,NA,NA,NA,NA,NA,NA,,NA,NA,NA,,NA,NA,NA,NA,NA,NA,NA,NA,NA,NA,NA,NA,NA,NA,NA,NA,NA,NA,NA,NA,NA,1
NA,2380,2010-03-11,2010,111,Representative ROGERS,NA,,NASA,PALMER/MEMBERS EXPRESS CONCERN OF THE FUTURE OF EXPLORATION,NA,NA,NA,NA,NA,NA,Multiple Rogers FOIA,NA,NA,NA,NA,NA,NA,NA,NA,NA,NA,NA,NA,NA,,NA,NA,NA,,NA,NA,NA,NA,NA,NA,NA,NA,NA,NA,NA,NA,NA,NA,NA,NA,NA,NA,NA,NA,NA,1
NA,2545,2010-06-10,2010,111,Representative HALL,NA,,NASA,KIEFFER/COMMITTEE ON SCIENCE & TECHNOLOGY REQUEST FOLLOW UP INFORMATION FROM MAY 26 HEARING,NA,NA,NA,NA,NA,NA,Multiple Hall's FOIA,NA,NA,NA,NA,NA,NA,NA,NA,NA,NA,NA,NA,NA,,NA,NA,NA,,NA,NA,NA,NA,NA,NA,NA,NA,NA,NA,NA,NA,NA,NA,NA,NA,NA,NA,NA,NA,NA,1
NA,2553,2010-06-17,2010,111,Representative HALL,NA,,NASA,KIEFFER/FUTURE OF HUMAN SPACE FLIGHT,NA,NA,NA,NA,NA,NA,Multiple Hall's FOIA,NA,NA,NA,NA,NA,NA,NA,NA,NA,NA,NA,NA,NA,,NA,NA,NA,,NA,NA,NA,NA,NA,NA,NA,NA,NA,NA,NA,NA,NA,NA,NA,NA,NA,NA,NA,NA,NA,1
NA,2606,2010-06-11,2010,111,Representative THOMPSON,NA,,NASA,IRVING/CALIFORNIA DELEGATION SUPPORT CALIFORNIA SCIENCE CENTER REQUEST TO OBTAIN SHUTTLE AFTER RETIREMENT,NA,NA,NA,NA,NA,NA,Multiple Thompson's FOIA,NA,NA,NA,NA,NA,NA,NA,NA,NA,NA,NA,NA,NA,,NA,NA,NA,,NA,NA,NA,NA,NA,NA,NA,NA,NA,NA,NA,NA,NA,NA,NA,NA,NA,NA,NA,NA,NA,1
NA,2646,2010-07-30,2010,111,Representative ROGERS,NA,,NASA,PALMER/CONSTELLATION PROGRAM TERMINATIONS,NA,NA,NA,NA,NA,NA,Multiple Rogers FOIA,NA,NA,NA,NA,NA,NA,NA,NA,NA,NA,NA,NA,NA,,NA,NA,NA,,NA,NA,NA,NA,NA,NA,NA,NA,NA,NA,NA,NA,NA,NA,NA,NA,NA,NA,NA,NA,NA,1
NA,2780,2010-11-22,2010,111,Representative HALL,NA,,NASA,"FOREHAND/DEVELOPMENT OF RAMJET ENGINE TECHNOLOGIES BY RED RIVER MILITARY SYSTEMS, INC.",NA,NA,NA,NA,NA,NA,Multiple Hall's FOIA,NA,NA,NA,NA,NA,NA,NA,NA,NA,NA,NA,NA,NA,,NA,NA,NA,,NA,NA,NA,NA,NA,NA,NA,NA,NA,NA,NA,NA,NA,NA,NA,NA,NA,NA,NA,NA,NA,1
NA,2812,2013-01-23,2013,113,Representative KELLY,NA,,NASA,GAINE/CONGRESSMAN KELLY SUPPORTS THE MEDIAPRESERVE PROPOSAL FOR NASA MSFC MEDIA SOLICITATION,NA,NA,NA,NA,NA,NA,Multiple Kelly's FOIA,NA,NA,NA,NA,NA,NA,NA,NA,NA,NA,NA,NA,NA,,NA,NA,NA,,NA,NA,NA,NA,NA,NA,NA,NA,NA,NA,NA,NA,NA,NA,NA,NA,NA,NA,NA,NA,NA,1
NA,2976,2013-07-11,2013,113,Representative BROOKS,NA,,NASA,MITCHELL/EEO INVESTIGATION FILED AT NASA MSFC,NA,NA,NA,NA,NA,NA,Multiple Brooks FOIA,NA,NA,NA,NA,NA,NA,NA,NA,NA,NA,NA,NA,NA,,NA,NA,NA,,NA,NA,NA,NA,NA,NA,NA,NA,NA,NA,NA,NA,NA,NA,NA,NA,NA,NA,NA,NA,NA,1
NA,3076,2013-11-02,2013,113,Representative KELLY,NA,,NASA,HUBER/CONGRESSWOMAN KELLY REQUEST AN ASTRONAUT FOR SCHOOL VISITS DECEMBER 2013 - JANUARY 2014,NA,NA,NA,NA,NA,NA,Multiple Kelly's FOIA,NA,NA,NA,NA,NA,NA,NA,NA,NA,NA,NA,NA,NA,,NA,NA,NA,,NA,NA,NA,NA,NA,NA,NA,NA,NA,NA,NA,NA,NA,NA,NA,NA,NA,NA,NA,NA,NA,1
NA,3122,2014-03-18,2014,113,Representative BROOKS,NA,,NASA,PALMER/HSSTC REQUEST RESPONSES AND RECORDS RELATED TO NASA'S TREATMENT OF POTENTIAL TERMINATION LIABILITY FUNDING,NA,NA,NA,NA,NA,NA,Multiple Brooks FOIA,NA,NA,NA,NA,NA,NA,NA,NA,NA,NA,NA,NA,NA,,NA,NA,NA,,NA,NA,NA,NA,NA,NA,NA,NA,NA,NA,NA,NA,NA,NA,NA,NA,NA,NA,NA,NA,NA,1
NA,3143,2014-04-29,2014,113,Representative ROGERS,NA,,NASA,"BRYANT:KERWIN/CHAIRMAN ROGERS, COMMITTEE ON ARMED FORCES, SUBCOMMITTEE ON STRATEGIC FORCES, REQUEST INFORMATION ON NASA LAUNCH PROGRAMS",NA,NA,NA,NA,NA,NA,Multiple Rogers FOIA,NA,NA,NA,NA,NA,NA,NA,NA,NA,NA,NA,NA,NA,,NA,NA,NA,,NA,NA,NA,NA,NA,NA,NA,NA,NA,NA,NA,NA,NA,NA,NA,NA,NA,NA,NA,NA,NA,1
NA,3158,2014-05-15,2014,113,Representative BROOKS,NA,,NASA,IRVING/HSSTC REQUESTS INFORMATION ON THE FUTURE OF THE INTERNATIONAL SPACE STATION,NA,NA,NA,NA,NA,NA,Multiple Brooks FOIA,NA,NA,NA,NA,NA,NA,NA,NA,NA,NA,NA,NA,NA,,NA,NA,NA,,NA,NA,NA,NA,NA,NA,NA,NA,NA,NA,NA,NA,NA,NA,NA,NA,NA,NA,NA,NA,NA,1
NA,3173,2014-06-17,2014,113,Representative BROOKS,NA,,NASA,"PALMER/HOUSE SCIENCE, SPACE, AND TECHNOLOGY COMMITTEE REQUEST RESPONSES AND RECORDS RELATED TO NASA'S TREATMENT OF POTENTIAL TERMINATION LIABILITY FUNDING",NA,NA,NA,NA,NA,NA,Multiple Brooks FOIA,NA,NA,NA,NA,NA,NA,NA,NA,NA,NA,NA,NA,NA,,NA,NA,NA,,NA,NA,NA,NA,NA,NA,NA,NA,NA,NA,NA,NA,NA,NA,NA,NA,NA,NA,NA,NA,NA,1
NA,3180,2014-07-15,2014,113,Representative BROOKS,NA,,NASA,BRYANT/REPRESENTATIVES REQUEST FOR COPY OF ALL ANOMALIES AND MISHAP INFORMATION,NA,NA,NA,NA,NA,NA,Multiple Brooks FOIA,NA,NA,NA,NA,NA,NA,NA,NA,NA,NA,NA,NA,NA,,NA,NA,NA,,NA,NA,NA,NA,NA,NA,NA,NA,NA,NA,NA,NA,NA,NA,NA,NA,NA,NA,NA,NA,NA,1
NA,3215,2014-10-22,2014,113,Representative BROOKS,NA,,NASA,KERWIN/CONGRESSMAN ADERHOLT AND CONGRESSMAN BROOKS LETTER REGARDING SLS FUNDING,NA,NA,NA,NA,NA,NA,Multiple Brooks FOIA,NA,NA,NA,NA,NA,NA,NA,NA,NA,NA,NA,NA,NA,,NA,NA,NA,,NA,NA,NA,NA,NA,NA,NA,NA,NA,NA,NA,NA,NA,NA,NA,NA,NA,NA,NA,NA,NA,1
NA,3235,2014-12-15,2014,113,Representative ROGERS,NA,,NASA,HOUSE APPROPRIATIONS COMMITEE ANNOUNCES PROFESSIONAL DEVELOPMENT PROGRAM,NA,NA,NA,NA,NA,NA,Multiple Rogers FOIA,NA,NA,NA,NA,NA,NA,NA,NA,NA,NA,NA,NA,NA,,NA,NA,NA,,NA,NA,NA,NA,NA,NA,NA,NA,NA,NA,NA,NA,NA,NA,NA,NA,NA,NA,NA,NA,NA,1
NA,3297,2015-01-06,2015,114,Representative ROGERS,NA,,NASA,"HUBER/ASTRONAUT REQUESTED FOR SOMERSET COMMUNITY COLLEGE 50TH ANNIVERSARY CELEBRATION, MARCH 2015, SOMERSET, KENTUCKY",NA,NA,NA,NA,NA,NA,Multiple Rogers FOIA,NA,NA,NA,NA,NA,NA,NA,NA,NA,NA,NA,NA,NA,,NA,NA,NA,,NA,NA,NA,NA,NA,NA,NA,NA,NA,NA,NA,NA,NA,NA,NA,NA,NA,NA,NA,NA,NA,1
NA,3346,2015-05-14,2015,114,Representative BROOKS,NA,,NASA,MURPHY/CONSTITUENT REQUEST NASA FURTHER REVIEW MSFC CONTRACTOR PERSONNEL COMPLAINT,1,NA,1,NA,NA,NA,Multiple Brooks FOIA,NA,NA,NA,NA,NA,NA,NA,NA,NA,NA,NA,NA,NA,,NA,NA,NA,,NA,NA,NA,NA,NA,NA,NA,NA,NA,NA,NA,NA,NA,NA,NA,NA,NA,NA,NA,NA,NA,1
NA,3358,2015-07-30,2015,114,Representative BROOKS,NA,,NASA,BRYANT/MEMBERS RAISE QUESTIONS REGARDING THE SPACEX-7 MISHAP INVESTIGATION AND FALCON 9 CERTIFICATION,NA,NA,NA,NA,NA,NA,Multiple Brooks FOIA,NA,NA,NA,NA,NA,NA,NA,NA,NA,NA,NA,NA,NA,,NA,NA,NA,,NA,NA,NA,NA,NA,NA,NA,NA,NA,NA,NA,NA,NA,NA,NA,NA,NA,NA,NA,NA,NA,1
NA,3390,2015-09-16,2015,114,Representative BROOKS,NA,,NASA,IRVING/CONGRESSMAN BROOKS REQUEST UPDATE ON EXPLORATION UPPER STAGE (EUS) FOR THE SPACE LAUNCH SYSTEM (SLS),NA,NA,NA,NA,NA,NA,Multiple Brooks FOIA,NA,NA,NA,NA,NA,NA,NA,NA,NA,NA,NA,NA,NA,,NA,NA,NA,,NA,NA,NA,NA,NA,NA,NA,NA,NA,NA,NA,NA,NA,NA,NA,NA,NA,NA,NA,NA,NA,1
NA,3421,2015-11-09,2015,114,Representative KELLY,NA,,NASA,PALMER/HOUSE COMMITTEE ON OVERSIGHT AND GOVERNMENT REFORM REQUEST DOCUMENTS RELATED TO CELL-SITE SIMULATION TECHNOLOGY,NA,NA,NA,NA,NA,NA,Multiple Kelly's FOIA,NA,NA,NA,NA,NA,NA,NA,NA,NA,NA,NA,NA,NA,,NA,NA,NA,,NA,NA,NA,NA,NA,NA,NA,NA,NA,NA,NA,NA,NA,NA,NA,NA,NA,NA,NA,NA,NA,1
NA,3448,2016-01-07,2016,114,Representative BROOKS,NA,,NASA,MURPHY/MSFC EMPLOYEE CONCERNED WITH CLOSING OF MSFC SKEET CLUB,NA,NA,NA,NA,NA,NA,Multiple Brooks FOIA,NA,NA,NA,NA,NA,NA,NA,NA,NA,NA,NA,NA,NA,,NA,NA,NA,,NA,NA,NA,NA,NA,NA,NA,NA,NA,NA,NA,NA,NA,NA,NA,NA,NA,NA,NA,NA,NA,1
NA,3465,2016-02-23,2016,114,Representative BROOKS,NA,,NASA,IRVING/CONGRESSMAN BROOKS CONCERNED WITH NEXTSTEPS HABITAT FUNDING FOR FY 2016,NA,NA,NA,NA,NA,NA,Multiple Brooks FOIA,NA,NA,NA,NA,NA,NA,NA,NA,NA,NA,NA,NA,NA,,NA,NA,NA,,NA,NA,NA,NA,NA,NA,NA,NA,NA,NA,NA,NA,NA,NA,NA,NA,NA,NA,NA,NA,NA,1
NA,3471,2016-01-21,2016,114,Representative KELLY,NA,,NASA,GROVE/HOUSE COMMITTEE ON OVERSIGHT AND GOVERNMENT REFORM REQUEST JUNIPER NETWORKS DOCUMENTS (SBU),NA,NA,NA,NA,NA,NA,Multiple Kelly's FOIA,NA,NA,NA,NA,NA,NA,NA,NA,NA,NA,NA,NA,NA,,NA,NA,NA,,NA,NA,NA,NA,NA,NA,NA,NA,NA,NA,NA,NA,NA,NA,NA,NA,NA,NA,NA,NA,NA,1
NA,3480,2016-03-03,2016,114,Representative BROOKS,NA,,NASA,SILCOX/CONGRESSMAN BROOKS SUPPORTS NUCLEAR THERMAL PROPULSION (NTP) FUNDING,NA,NA,NA,NA,NA,NA,Multiple Brooks FOIA,NA,NA,NA,NA,NA,NA,NA,NA,NA,NA,NA,NA,NA,,NA,NA,NA,,NA,NA,NA,NA,NA,NA,NA,NA,NA,NA,NA,NA,NA,NA,NA,NA,NA,NA,NA,NA,NA,1
NA,3518,2016-05-04,2016,114,Representative KELLY,NA,,NASA,"GROVE/HOUSE COMMITTEE ON OVERSIGHT AND GOVERNMENT REFORM HEARING INVITATION TO RENEE WYNN, CIO, ON ""THE FEDERAL INFORMATION TECHNOLOGY ACQUISITION REFORM ACT (FITARA) SCORECARD 2.0: MEASURING AGENCIES IMPLEMENTATION"", MAY 18, 2016",NA,NA,NA,NA,NA,NA,Multiple Kelly's FOIA,NA,NA,NA,NA,NA,NA,NA,NA,NA,NA,NA,NA,NA,,NA,NA,NA,,NA,NA,NA,NA,NA,NA,NA,NA,NA,NA,NA,NA,NA,NA,NA,NA,NA,NA,NA,NA,NA,1
NA,3529,2016-04-21,2016,114,Representative ROGERS,NA,,NASA,STEWART/CONGRESSMAN ROGERS REQUEST ASTRONAUT FOR DOWNLINK,NA,NA,NA,NA,NA,NA,Multiple Rogers FOIA,NA,NA,NA,NA,NA,NA,NA,NA,NA,NA,NA,NA,NA,,NA,NA,NA,,NA,NA,NA,NA,NA,NA,NA,NA,NA,NA,NA,NA,NA,NA,NA,NA,NA,NA,NA,NA,NA,1
NA,3539,2016-08-22,2016,114,Representative BROOKS,NA,,NASA,GROVE/CONSTITUENT INTERESTED IN RETURNING TO NASA PATHWAYS PROGRAM AT MSFC,1,NA,1,NA,NA,NA,Multiple Brooks FOIA,NA,NA,NA,NA,NA,NA,NA,NA,NA,NA,NA,NA,NA,,NA,NA,NA,,NA,NA,NA,NA,NA,NA,NA,NA,NA,NA,NA,NA,NA,NA,NA,NA,NA,NA,NA,NA,NA,1
NA,3585,2016-09-29,2016,114,Representative BROOKS,NA,,NASA,IRVING/SEVERAL MEMBER RAISE QUESTIONS REGARDING RECENT SPACE X FALCON 9 MISHAPS,NA,NA,NA,NA,NA,NA,Multiple Brooks FOIA,NA,NA,NA,NA,NA,NA,NA,NA,NA,NA,NA,NA,NA,,NA,NA,NA,,NA,NA,NA,NA,NA,NA,NA,NA,NA,NA,NA,NA,NA,NA,NA,NA,NA,NA,NA,NA,NA,1
NA,3606,2016-11-10,2016,114,Representative BROOKS,NA,,NASA,LEE/CONGRESSMAN BROOKS REQUEST NASA BRIEFING,NA,NA,NA,NA,NA,NA,Multiple Brooks FOIA,NA,NA,NA,NA,NA,NA,NA,NA,NA,NA,NA,NA,NA,,NA,NA,NA,,NA,NA,NA,NA,NA,NA,NA,NA,NA,NA,NA,NA,NA,NA,NA,NA,NA,NA,NA,NA,NA,1
NA,3608,2016-12-01,2016,114,Representative KELLY,NA,,NASA,BRYANT/CONSTITUENT REQUEST NASA REVIEW HIGH LIFE TECHNOLOGY DEVELOPMENT,1,NA,1,NA,NA,NA,Multiple Kelly's FOIA,NA,NA,NA,NA,NA,NA,NA,NA,NA,NA,NA,NA,NA,,NA,NA,NA,,NA,NA,NA,NA,NA,NA,NA,NA,NA,NA,NA,NA,NA,NA,NA,NA,NA,NA,NA,NA,NA,1
NA,3774,2017-08-08,2017,115,Representative KELLY,NA,,NASA,FLAHERTY/COMMITTEE ON OVERSIGHT AND GOVERNMENT REFORM DOCUMENT REQUEST FOR FEDERAL FUNDS AFFILIATED WITH THE TRUMP ORGANIZATION,NA,NA,NA,NA,NA,NA,Multiple Kelly's FOIA,NA,NA,NA,NA,NA,NA,NA,NA,NA,NA,NA,NA,NA,,NA,NA,NA,,NA,NA,NA,NA,NA,NA,NA,NA,NA,NA,NA,NA,NA,NA,NA,NA,NA,NA,NA,NA,NA,1
NA,3838,2017-11-06,2017,115,Representative KELLY,NA,,NASA,MURPHY/MEMBERS REQUEST ACCOUNTABILITY REFORM INPUT,NA,NA,NA,NA,NA,NA,Multiple Kelly's FOIA,NA,NA,NA,NA,NA,NA,NA,NA,NA,NA,NA,NA,NA,,NA,NA,NA,,NA,NA,NA,NA,NA,NA,NA,NA,NA,NA,NA,NA,NA,NA,NA,NA,NA,NA,NA,NA,NA,1
NA,3868,2017-12-13,2017,115,Representative BROOKS,NA,,NASA,GROVE/CONSTITUENT CONCERNED WITH MSFC MANAGEMENT TEAM,1,NA,1,NA,NA,NA,Multiple Brooks FOIA,NA,NA,NA,NA,NA,NA,NA,NA,NA,NA,NA,NA,NA,,NA,NA,NA,,NA,NA,NA,NA,NA,NA,NA,NA,NA,NA,NA,NA,NA,NA,NA,NA,NA,NA,NA,NA,NA,1
NA,3926,2018-04-17,2018,115,Representative KELLY,NA,,NASA,GROVE/COMMITTEE ON OVERSIGHT AND GOVERNMENT REFORM LETTER REGARDING MODERNIZING GOVERNMENT TECHNOLOGY (MGT) IMPLEMENTATION AT NASA,NA,NA,NA,NA,NA,NA,Multiple Kelly's FOIA,NA,NA,NA,NA,NA,NA,NA,NA,NA,NA,NA,NA,NA,,NA,NA,NA,,NA,NA,NA,NA,NA,NA,NA,NA,NA,NA,NA,NA,NA,NA,NA,NA,NA,NA,NA,NA,NA,1
NA,3947,2018-06-06,2018,115,Representative BROOKS,NA,,NASA,IRVING/CONSTITUENT INQUIRY FROM REPRESENTATIVE BROOKS,1,NA,1,NA,NA,NA,Multiple Brooks FOIA,NA,NA,NA,NA,NA,NA,NA,NA,NA,NA,NA,NA,NA,,NA,NA,NA,,NA,NA,NA,NA,NA,NA,NA,NA,NA,NA,NA,NA,NA,NA,NA,NA,NA,NA,NA,NA,NA,1
NA,3950,2018-06-07,2018,115,Representative ROGERS,NA,,NASA,"PUTTER/HOUSE ARMED SERVICES HEARING INVITATION TO ADMINISTRATOR BRIDENSTINE, 6/22/2018, ""SPACE ON THE WHOLE OF GOVERNMENT APPROACHES TO SPACE SITUATIONAL AWARENESS (SSA)",NA,NA,NA,NA,NA,NA,Multiple Rogers FOIA,NA,NA,NA,NA,NA,NA,NA,NA,NA,NA,NA,NA,NA,,NA,NA,NA,,NA,NA,NA,NA,NA,NA,NA,NA,NA,NA,NA,NA,NA,NA,NA,NA,NA,NA,NA,NA,NA,1
NA,3972,2018-07-26,2018,115,Representative BROOKS,NA,,NASA,GROVE/CONGRESSMAN BROOKS LETTER REGARDING CYBERSECURITY AT MARSHALL SPACE FLIGHT CENTER,NA,NA,NA,NA,NA,NA,Multiple Brooks FOIA,NA,NA,NA,NA,NA,NA,NA,NA,NA,NA,NA,NA,NA,,NA,NA,NA,,NA,NA,NA,NA,NA,NA,NA,NA,NA,NA,NA,NA,NA,NA,NA,NA,NA,NA,NA,NA,NA,1
NA,4002,2018-11-15,2018,115,Representative KELLY,NA,,NASA,GROVE/HOUSE COMMITTEE ON OVERSIGHT AND GOVERNMENT REFORM LETTER REGARDING MODERNIZING GOVERNMENT TECHNOLOGY IMPLEMENTATION,NA,NA,NA,NA,NA,NA,Multiple Kelly's FOIA,NA,NA,NA,NA,NA,NA,NA,NA,NA,NA,NA,NA,NA,,NA,NA,NA,,NA,NA,NA,NA,NA,NA,NA,NA,NA,NA,NA,NA,NA,NA,NA,NA,NA,NA,NA,NA,NA,1
NA,4011,2018-11-29,2018,115,Representative KELLY,NA,,NASA,GHEE/CONGRESSMAN KELLY REQUEST FOR ISS IN-FLIGHT EDUCATION DOWNLINK,NA,NA,NA,NA,NA,NA,Multiple Kelly's FOIA,NA,NA,NA,NA,NA,NA,NA,NA,NA,NA,NA,NA,NA,,NA,NA,NA,,NA,NA,NA,NA,NA,NA,NA,NA,NA,NA,NA,NA,NA,NA,NA,NA,NA,NA,NA,NA,NA,1
NA,4,2014-08-28,2014,113,Duncan,NA,,TVA,Employee Concerns - [ EX 6 ] (Duncan),NA,NA,NA,NA,NA,NA,Multiple Duncan's FOIA,NA,NA,NA,NA,NA,NA,NA,NA,NA,NA,NA,NA,NA,,NA,NA,NA,,NA,NA,NA,NA,NA,NA,NA,NA,NA,NA,NA,NA,NA,NA,NA,NA,NA,NA,NA,NA,NA,1
NA,6,2014-09-02,2014,113,Duncan,NA,,TVA,Substation - [ EX 6 ] (Duncan),NA,NA,NA,NA,NA,NA,Multiple Duncan's FOIA,NA,NA,NA,NA,NA,NA,NA,NA,NA,NA,NA,NA,NA,,NA,NA,NA,,NA,NA,NA,NA,NA,NA,NA,NA,NA,NA,NA,NA,NA,NA,NA,NA,NA,NA,NA,NA,NA,1
NA,11,2014-10-28,2014,113,Duncan,NA,,TVA,Solar Power [ EX 6 ] Duncan,NA,NA,NA,NA,NA,NA,Multiple Duncan's FOIA,NA,NA,NA,NA,NA,NA,NA,NA,NA,NA,NA,NA,NA,,NA,NA,NA,,NA,NA,NA,NA,NA,NA,NA,NA,NA,NA,NA,NA,NA,NA,NA,NA,NA,NA,NA,NA,NA,1
NA,13,2014-10-30,2014,113,Duncan,NA,,TVA,Employment Termination - [ EX 6 ] (Duncan),NA,NA,NA,NA,NA,NA,Multiple Duncan's FOIA,NA,NA,NA,NA,NA,NA,NA,NA,NA,NA,NA,NA,NA,,NA,NA,NA,,NA,NA,NA,NA,NA,NA,NA,NA,NA,NA,NA,NA,NA,NA,NA,NA,NA,NA,NA,NA,NA,1
NA,14,2014-10-31,2014,113,Duncan,NA,,TVA,[ EX 6 ] (Duncan),NA,NA,NA,NA,NA,NA,Multiple Duncan's FOIA,NA,NA,NA,NA,NA,NA,NA,NA,NA,NA,NA,NA,NA,,NA,NA,NA,,NA,NA,NA,NA,NA,NA,NA,NA,NA,NA,NA,NA,NA,NA,NA,NA,NA,NA,NA,NA,NA,1
NA,16,2014-11-03,2014,113,Duncan,NA,,TVA,Security at TVA Dams - Duncan,NA,NA,NA,NA,NA,NA,Multiple Duncan's FOIA,NA,NA,NA,NA,NA,NA,NA,NA,NA,NA,NA,NA,NA,,NA,NA,NA,,NA,NA,NA,NA,NA,NA,NA,NA,NA,NA,NA,NA,NA,NA,NA,NA,NA,NA,NA,NA,NA,1
NA,20,2014-12-02,2014,113,Duncan,NA,,TVA,Employee Concerns - [ EX 6 ] (Duncan),NA,NA,NA,NA,NA,NA,Multiple Duncan's FOIA,NA,NA,NA,NA,NA,NA,NA,NA,NA,NA,NA,NA,NA,,NA,NA,NA,,NA,NA,NA,NA,NA,NA,NA,NA,NA,NA,NA,NA,NA,NA,NA,NA,NA,NA,NA,NA,NA,1
NA,22,2014-12-10,2014,113,Duncan,NA,,TVA,TVARS - [ EX 6 ] (Duncan),NA,NA,NA,NA,NA,NA,Multiple Duncan's FOIA,NA,NA,NA,NA,NA,NA,NA,NA,NA,NA,NA,NA,NA,,NA,NA,NA,,NA,NA,NA,NA,NA,NA,NA,NA,NA,NA,NA,NA,NA,NA,NA,NA,NA,NA,NA,NA,NA,1
NA,26,2015-02-10,2015,114,Duncan,NA,,TVA,Complaint - [ EX 6 ] (Duncan),NA,NA,NA,NA,NA,NA,Multiple Duncan's FOIA,NA,NA,NA,NA,NA,NA,NA,NA,NA,NA,NA,NA,NA,,NA,NA,NA,,NA,NA,NA,NA,NA,NA,NA,NA,NA,NA,NA,NA,NA,NA,NA,NA,NA,NA,NA,NA,NA,1
NA,27,2015-02-10,2015,114,Duncan,NA,,TVA,Employee Concerns - [ EX 6 ] (Duncan),NA,NA,NA,NA,NA,NA,Multiple Duncan's FOIA,NA,NA,NA,NA,NA,NA,NA,NA,NA,NA,NA,NA,NA,,NA,NA,NA,,NA,NA,NA,NA,NA,NA,NA,NA,NA,NA,NA,NA,NA,NA,NA,NA,NA,NA,NA,NA,NA,1
NA,68,2017-02-02,2017,115,Duncan,NA,,TVA,Employee Concerns - [ EX 6 ] (Duncan),NA,NA,NA,NA,NA,NA,Multiple Duncan's FOIA,NA,NA,NA,NA,NA,NA,NA,NA,NA,NA,NA,NA,NA,,NA,NA,NA,,NA,NA,NA,NA,NA,NA,NA,NA,NA,NA,NA,NA,NA,NA,NA,NA,NA,NA,NA,NA,NA,1
NA,79,2018-01-04,2018,115,Duncan,NA,,TVA,[ EX 6 ] (Duncan) 26a Permit,NA,NA,NA,NA,NA,NA,Multiple Duncan's FOIA,NA,NA,NA,NA,NA,NA,NA,NA,NA,NA,NA,NA,NA,,NA,NA,NA,,NA,NA,NA,NA,NA,NA,NA,NA,NA,NA,NA,NA,NA,NA,NA,NA,NA,NA,NA,NA,NA,1
NA,81,2018-01-09,2018,115,Duncan,NA,,TVA,[ EX 6 ] (Duncan) Barges Docking,NA,NA,NA,NA,NA,NA,Multiple Duncan's FOIA,NA,NA,NA,NA,NA,NA,NA,NA,NA,NA,NA,NA,NA,,NA,NA,NA,,NA,NA,NA,NA,NA,NA,NA,NA,NA,NA,NA,NA,NA,NA,NA,NA,NA,NA,NA,NA,NA,1
NA,83,2018-01-09,2018,115,Duncan,NA,,TVA,Right of Way - [ EX 6 ] (Duncan),NA,NA,NA,NA,NA,NA,Multiple Duncan's FOIA,NA,NA,NA,NA,NA,NA,NA,NA,NA,NA,NA,NA,NA,,NA,NA,NA,,NA,NA,NA,NA,NA,NA,NA,NA,NA,NA,NA,NA,NA,NA,NA,NA,NA,NA,NA,NA,NA,1
NA,93,2018-07-25,2018,115,Duncan,NA,,TVA,26A Permit Request [ EX 6 ] (Duncan),NA,NA,NA,NA,NA,NA,Multiple Duncan's FOIA,NA,NA,NA,NA,NA,NA,NA,NA,NA,NA,NA,NA,NA,,NA,NA,NA,,NA,NA,NA,NA,NA,NA,NA,NA,NA,NA,NA,NA,NA,NA,NA,NA,NA,NA,NA,NA,NA,1
NA,102,2018-09-07,2018,115,Duncan,NA,,TVA,Contractor Records - [ EX 6 ] (Duncan),NA,NA,NA,NA,NA,NA,Multiple Duncan's FOIA,NA,NA,NA,NA,NA,NA,NA,NA,NA,NA,NA,NA,NA,,NA,NA,NA,,NA,NA,NA,NA,NA,NA,NA,NA,NA,NA,NA,NA,NA,NA,NA,NA,NA,NA,NA,NA,NA,1
NA,104,2018-09-11,2018,115,Markey,NA,,TVA,"Facial Recognition Technology - Booker, Markey and Wyden",NA,NA,NA,NA,NA,NA,Multiple Markey's FOIA,NA,NA,NA,NA,NA,NA,NA,NA,NA,NA,NA,NA,NA,,NA,NA,NA,,NA,NA,NA,NA,NA,NA,NA,NA,NA,NA,NA,NA,NA,NA,NA,NA,NA,NA,NA,NA,NA,1
NA,114,2018-09-19,2018,115,Markey,NA,,TVA,"TVAP Questions Facial Recognition (Wyden, Booker and Markey)",NA,NA,NA,NA,NA,NA,Multiple Markey's FOIA,NA,NA,NA,NA,NA,NA,NA,NA,NA,NA,NA,NA,NA,,NA,NA,NA,,NA,NA,NA,NA,NA,NA,NA,NA,NA,NA,NA,NA,NA,NA,NA,NA,NA,NA,NA,NA,NA,1
NA,121,2018-11-06,2018,115,Duncan,NA,,TVA,Employee Concerns - [ EX 6 ] (Duncan),NA,NA,NA,NA,NA,NA,Multiple Duncan's FOIA,NA,NA,NA,NA,NA,NA,NA,NA,NA,NA,NA,NA,NA,,NA,NA,NA,,NA,NA,NA,NA,NA,NA,NA,NA,NA,NA,NA,NA,NA,NA,NA,NA,NA,NA,NA,NA,NA,1
NA,61,2010-05-06,2010,111,Lincoln & 12 Senators,NA,,USDA_RMA,NA,NA,NA,NA,NA,NA,NA,FOIA,multiple,NA,NA,NA,NA,NA,NA,NA,NA,NA,NA,NA,NA,,NA,NA,NA,,NA,NA,NA,NA,NA,NA,NA,NA,NA,NA,NA,NA,NA,NA,NA,NA,NA,NA,NA,NA,NA,1
NA,744,2019-01-09,2019,116,Representative Davis,NA,,VA,NOD For Debt,1,NA,1,NA,NA,NA,Multiple Davis' FOIA,NA,NA,NA,NA,NA,NA,NA,NA,NA,NA,NA,NA,NA,,NA,NA,NA,,NA,NA,NA,NA,NA,NA,NA,NA,NA,NA,NA,NA,NA,NA,NA,NA,NA,NA,NA,NA,NA,1
NA,746,2019-01-09,2019,116,Representative Davis,NA,,VA,Unpaid Non VA Bills,1,NA,1,NA,NA,NA,Multiple Davis' FOIA,NA,NA,NA,NA,NA,NA,NA,NA,NA,NA,NA,NA,NA,,NA,NA,NA,,NA,NA,NA,NA,NA,NA,NA,NA,NA,NA,NA,NA,NA,NA,NA,NA,NA,NA,NA,NA,NA,1
NA,784,2019-01-11,2019,116,Representative Davis,NA,,VA,Status of Appeal,1,NA,1,NA,NA,NA,Multiple Davis' FOIA,NA,NA,NA,NA,NA,NA,NA,NA,NA,NA,NA,NA,NA,,NA,NA,NA,,NA,NA,NA,NA,NA,NA,NA,NA,NA,NA,NA,NA,NA,NA,NA,NA,NA,NA,NA,NA,NA,1
NA,885,2019-01-17,2019,116,Representative Davis,NA,,VA,Survivor benefits,1,NA,1,NA,NA,NA,Multiple Davis' FOIA,NA,NA,NA,NA,NA,NA,NA,NA,NA,NA,NA,NA,NA,,NA,NA,NA,,NA,NA,NA,NA,NA,NA,NA,NA,NA,NA,NA,NA,NA,NA,NA,NA,NA,NA,NA,NA,NA,1
NA,965,2019-01-23,2019,116,Representative Rose,NA,,VA,voc-rehab non-payment to school,1,NA,2,NA,NA,NA,Multiple Rose's FOIA,NA,NA,NA,NA,NA,NA,NA,NA,NA,NA,NA,NA,NA,,NA,NA,NA,,NA,NA,NA,NA,NA,NA,NA,NA,NA,NA,NA,NA,NA,NA,NA,NA,NA,NA,NA,NA,NA,1
NA,969,2019-01-23,2019,116,"Young, Don","donald young|donald edwin young|donald e young|don young|don edwin young|don e young|young, donald|^young, d$|representative young($|,)|young, don|d e young","YOUNG, Donald Edwin",VA,VA not following timeline,1,NA,1,NA,NA,NA,Multiple Young's FOIA,NA,Donald,D,Don,Edwin,E,YOUNG,MH11614066,14066,200,(AK-01),alaska,AK,House,014066.jpg,donald-edwin-young,1,Republican Party,0.021,0.283,0.7284913370167102,200,404error,Donald YOUNG,404error,Don YOUNG,Donald Edwin YOUNG,Donald E YOUNG,Don Edwin YOUNG,Don E YOUNG,"YOUNG, Donald",404error,404error,D E YOUNG,"^YOUNG, D$","^YOUNG, D$","YOUNG, Don",404error,"Representative YOUNG($|,)",1
NA,1047,2019-01-28,2019,116,Representative Smith,NA,,VA,ChampVA f/u 55213,1,NA,1,NA,NA,NA,Multiple Smith's FOIA,NA,NA,NA,NA,NA,NA,NA,NA,NA,NA,NA,NA,NA,,NA,NA,NA,,NA,NA,NA,NA,NA,NA,NA,NA,NA,NA,NA,NA,NA,NA,NA,NA,NA,NA,NA,NA,NA,1
NA,1069,2019-01-29,2019,116,Representative Johnson,NA,,VA,employee and collections process,1,NA,1,NA,NA,NA,Multiple Johnson's FOIA,NA,NA,NA,NA,NA,NA,NA,NA,NA,NA,NA,NA,NA,,NA,NA,NA,,NA,NA,NA,NA,NA,NA,NA,NA,NA,NA,NA,NA,NA,NA,NA,NA,NA,NA,NA,NA,NA,1
NA,1104,2019-01-31,2019,116,Representative Smith,NA,,VA,non-payment,1,NA,2,NA,NA,NA,Multiple Smith's FOIA,NA,NA,NA,NA,NA,NA,NA,NA,NA,NA,NA,NA,NA,,NA,NA,NA,,NA,NA,NA,NA,NA,NA,NA,NA,NA,NA,NA,NA,NA,NA,NA,NA,NA,NA,NA,NA,NA,1
NA,1119,2019-01-31,2019,116,Representative Smith,NA,,VA,f/u:  166566 (ChampVA),1,NA,1,NA,NA,NA,Multiple Smith's FOIA,NA,NA,NA,NA,NA,NA,NA,NA,NA,NA,NA,NA,NA,,NA,NA,NA,,NA,NA,NA,NA,NA,NA,NA,NA,NA,NA,NA,NA,NA,NA,NA,NA,NA,NA,NA,NA,NA,1
NA,1166,2019-02-05,2019,116,Representative Davis,NA,,VA,Debt,1,NA,1,NA,NA,NA,Multiple Davis' FOIA,NA,NA,NA,NA,NA,NA,NA,NA,NA,NA,NA,NA,NA,,NA,NA,NA,,NA,NA,NA,NA,NA,NA,NA,NA,NA,NA,NA,NA,NA,NA,NA,NA,NA,NA,NA,NA,NA,1
NA,1168,2019-02-05,2019,116,Representative Rose,NA,,VA,home health,1,NA,1,NA,NA,NA,Multiple Rose's FOIA,NA,NA,NA,NA,NA,NA,NA,NA,NA,NA,NA,NA,NA,,NA,NA,NA,,NA,NA,NA,NA,NA,NA,NA,NA,NA,NA,NA,NA,NA,NA,NA,NA,NA,NA,NA,NA,NA,1
NA,1185,2019-02-06,2019,116,Representative Smith,NA,,VA,coverage for medication,1,NA,1,NA,NA,NA,Multiple Smith's FOIA,NA,NA,NA,NA,NA,NA,NA,NA,NA,NA,NA,NA,NA,,NA,NA,NA,,NA,NA,NA,NA,NA,NA,NA,NA,NA,NA,NA,NA,NA,NA,NA,NA,NA,NA,NA,NA,NA,1
NA,1188,2019-02-06,2019,116,Representative Smith,NA,,VA,survivor benefits,1,NA,1,NA,NA,NA,Multiple Smith's FOIA,NA,NA,NA,NA,NA,NA,NA,NA,NA,NA,NA,NA,NA,,NA,NA,NA,,NA,NA,NA,NA,NA,NA,NA,NA,NA,NA,NA,NA,NA,NA,NA,NA,NA,NA,NA,NA,NA,1
NA,1197,2019-02-06,2019,116,Representative Rose,NA,,VA,status of claim,1,NA,1,NA,NA,NA,Multiple Rose's FOIA,NA,NA,NA,NA,NA,NA,NA,NA,NA,NA,NA,NA,NA,,NA,NA,NA,,NA,NA,NA,NA,NA,NA,NA,NA,NA,NA,NA,NA,NA,NA,NA,NA,NA,NA,NA,NA,NA,1
NA,1205,2019-02-06,2019,116,"Rogers, M.","mike rogers|mike dennis rogers|mike d rogers|michael rogers|michael dennis rogers|michael d rogers|rogers, mike|^rogers, m$|rogers, michael|m d rogers","ROGERS, Mike Dennis",VA,Chairlift,1,NA,1,NA,NA,NA,Multiple Rogers' FOIA,NA,Mike,M,Michael,Dennis,D,ROGERS,MH11620301,20301,200,(AL-03),alabama,AL,House,020301.jpg,mike-dennis-rogers,3,Republican Party,0.457,0.352,0.7342056422154044,200,404error,Mike ROGERS,404error,Michael ROGERS,Mike Dennis ROGERS,Mike D ROGERS,Michael Dennis ROGERS,Michael D ROGERS,"ROGERS, Mike",404error,404error,M D ROGERS,"^ROGERS, M$","^ROGERS, M$","ROGERS, Michael",404error,NA,1
NA,1223,2019-02-08,2019,116,Representative Davis,NA,,VA,appeal information,1,NA,1,NA,NA,NA,Multiple Davis' FOIA,NA,NA,NA,NA,NA,NA,NA,NA,NA,NA,NA,NA,NA,,NA,NA,NA,,NA,NA,NA,NA,NA,NA,NA,NA,NA,NA,NA,NA,NA,NA,NA,NA,NA,NA,NA,NA,NA,1
NA,1225,2019-02-08,2019,116,Representative Davis,NA,,VA,education payments,1,NA,1,NA,NA,NA,Multiple Davis' FOIA,NA,NA,NA,NA,NA,NA,NA,NA,NA,NA,NA,NA,NA,,NA,NA,NA,,NA,NA,NA,NA,NA,NA,NA,NA,NA,NA,NA,NA,NA,NA,NA,NA,NA,NA,NA,NA,NA,1
NA,1227,2019-02-08,2019,116,Representative Rose,NA,,VA,access to HHC 24/7,1,NA,1,NA,NA,NA,Multiple Rose's FOIA,NA,NA,NA,NA,NA,NA,NA,NA,NA,NA,NA,NA,NA,,NA,NA,NA,,NA,NA,NA,NA,NA,NA,NA,NA,NA,NA,NA,NA,NA,NA,NA,NA,NA,NA,NA,NA,NA,1
NA,1231,2019-02-08,2019,116,Representative Davis,NA,,VA,status of appeal,1,NA,1,NA,NA,NA,Multiple Davis' FOIA,NA,NA,NA,NA,NA,NA,NA,NA,NA,NA,NA,NA,NA,,NA,NA,NA,,NA,NA,NA,NA,NA,NA,NA,NA,NA,NA,NA,NA,NA,NA,NA,NA,NA,NA,NA,NA,NA,1
NA,1413,2019-02-21,2019,116,Representative Johnson,NA,,VA,status of appeal,1,NA,1,NA,NA,NA,Multiple Johnson's FOIA,NA,NA,NA,NA,NA,NA,NA,NA,NA,NA,NA,NA,NA,,NA,NA,NA,,NA,NA,NA,NA,NA,NA,NA,NA,NA,NA,NA,NA,NA,NA,NA,NA,NA,NA,NA,NA,NA,1
NA,1508,2019-02-26,2019,116,Representative Davis,NA,,VA,f/u:  97484 (appeal status),1,NA,1,NA,NA,NA,Multiple Davis' FOIA,NA,NA,NA,NA,NA,NA,NA,NA,NA,NA,NA,NA,NA,,NA,NA,NA,,NA,NA,NA,NA,NA,NA,NA,NA,NA,NA,NA,NA,NA,NA,NA,NA,NA,NA,NA,NA,NA,1
NA,1515,2019-02-26,2019,116,"Young, D.","donald young|donald edwin young|donald e young|don young|don edwin young|don e young|young, donald|^young, d$|representative young($|,)|young, don|d e young","YOUNG, Donald Edwin",VA,Religious exemption,1,NA,1,NA,NA,NA,Multiple Young's FOIA,NA,Donald,D,Don,Edwin,E,YOUNG,MH11614066,14066,200,(AK-01),alaska,AK,House,014066.jpg,donald-edwin-young,1,Republican Party,0.021,0.283,0.7284913370167102,200,404error,Donald YOUNG,404error,Don YOUNG,Donald Edwin YOUNG,Donald E YOUNG,Don Edwin YOUNG,Don E YOUNG,"YOUNG, Donald",404error,404error,D E YOUNG,"^YOUNG, D$","^YOUNG, D$","YOUNG, Don",404error,"Representative YOUNG($|,)",1
NA,1529,2019-02-27,2019,116,Representative Davis,NA,,VA,status of appeal,1,NA,1,NA,NA,NA,Multiple Davis' FOIA,NA,NA,NA,NA,NA,NA,NA,NA,NA,NA,NA,NA,NA,,NA,NA,NA,,NA,NA,NA,NA,NA,NA,NA,NA,NA,NA,NA,NA,NA,NA,NA,NA,NA,NA,NA,NA,NA,1
NA,1531,2019-02-27,2019,116,Representative Smith,NA,,VA,payment question,1,NA,1,NA,NA,NA,Multiple Smith's FOIA,NA,NA,NA,NA,NA,NA,NA,NA,NA,NA,NA,NA,NA,,NA,NA,NA,,NA,NA,NA,NA,NA,NA,NA,NA,NA,NA,NA,NA,NA,NA,NA,NA,NA,NA,NA,NA,NA,1
NA,1597,2019-03-01,2019,116,Representative Davis,NA,,VA,eligibility for care,1,NA,1,NA,NA,NA,Multiple Davis' FOIA,NA,NA,NA,NA,NA,NA,NA,NA,NA,NA,NA,NA,NA,,NA,NA,NA,,NA,NA,NA,NA,NA,NA,NA,NA,NA,NA,NA,NA,NA,NA,NA,NA,NA,NA,NA,NA,NA,1
NA,1725,2019-03-08,2019,116,"Young, Don","donald young|donald edwin young|donald e young|don young|don edwin young|don e young|young, donald|^young, d$|representative young($|,)|young, don|d e young","YOUNG, Donald Edwin",VA,f/u:  166478,NA,NA,NA,NA,NA,NA,Multiple Young's FOIA,NA,Donald,D,Don,Edwin,E,YOUNG,MH11614066,14066,200,(AK-01),alaska,AK,House,014066.jpg,donald-edwin-young,1,Republican Party,0.021,0.283,0.7284913370167102,200,404error,Donald YOUNG,404error,Don YOUNG,Donald Edwin YOUNG,Donald E YOUNG,Don Edwin YOUNG,Don E YOUNG,"YOUNG, Donald",404error,404error,D E YOUNG,"^YOUNG, D$","^YOUNG, D$","YOUNG, Don",404error,"Representative YOUNG($|,)",1
NA,9064,2017-03-01,2017,115,"Rogers, Mike","mike rogers|mike dennis rogers|mike d rogers|michael rogers|michael dennis rogers|michael d rogers|rogers, mike|^rogers, m$|rogers, michael|m d rogers","ROGERS, Mike Dennis",VA,Debt,1,NA,1,NA,NA,NA,Multiple Rogers' FOIA,NA,Mike,M,Michael,Dennis,D,ROGERS,MH11520301,20301,200,(AL-03),alabama,AL,House,020301.jpg,mike-dennis-rogers,3,Republican Party,0.457,0.352,0.8971760401300485,250,404error,Mike ROGERS,404error,Michael ROGERS,Mike Dennis ROGERS,Mike D ROGERS,Michael Dennis ROGERS,Michael D ROGERS,"ROGERS, Mike",404error,404error,M D ROGERS,"^ROGERS, M$","^ROGERS, M$","ROGERS, Michael",404error,NA,1
NA,9125,2017-03-07,2017,115,"Rogers, Mike","mike rogers|mike dennis rogers|mike d rogers|michael rogers|michael dennis rogers|michael d rogers|rogers, mike|^rogers, m$|rogers, michael|m d rogers","ROGERS, Mike Dennis",VA,gravemarker,1,NA,1,NA,NA,NA,Multiple Rogers' FOIA,NA,Mike,M,Michael,Dennis,D,ROGERS,MH11520301,20301,200,(AL-03),alabama,AL,House,020301.jpg,mike-dennis-rogers,3,Republican Party,0.457,0.352,0.8971760401300485,250,404error,Mike ROGERS,404error,Michael ROGERS,Mike Dennis ROGERS,Mike D ROGERS,Michael Dennis ROGERS,Michael D ROGERS,"ROGERS, Mike",404error,404error,M D ROGERS,"^ROGERS, M$","^ROGERS, M$","ROGERS, Michael",404error,NA,1
NA,9295,2017-03-17,2017,115,"Rogers, Mike","mike rogers|mike dennis rogers|mike d rogers|michael rogers|michael dennis rogers|michael d rogers|rogers, mike|^rogers, m$|rogers, michael|m d rogers","ROGERS, Mike Dennis",VA,Caregiver program,1,NA,1,NA,NA,NA,Multiple Rogers' FOIA,NA,Mike,M,Michael,Dennis,D,ROGERS,MH11520301,20301,200,(AL-03),alabama,AL,House,020301.jpg,mike-dennis-rogers,3,Republican Party,0.457,0.352,0.8971760401300485,250,404error,Mike ROGERS,404error,Michael ROGERS,Mike Dennis ROGERS,Mike D ROGERS,Michael Dennis ROGERS,Michael D ROGERS,"ROGERS, Mike",404error,404error,M D ROGERS,"^ROGERS, M$","^ROGERS, M$","ROGERS, Michael",404error,NA,1
NA,9583,2017-04-04,2017,115,"Rogers, M.","mike rogers|mike dennis rogers|mike d rogers|michael rogers|michael dennis rogers|michael d rogers|rogers, mike|^rogers, m$|rogers, michael|m d rogers","ROGERS, Mike Dennis",VA,GI Bill BAH,1,NA,1,NA,NA,NA,Multiple Rogers' FOIA,NA,Mike,M,Michael,Dennis,D,ROGERS,MH11520301,20301,200,(AL-03),alabama,AL,House,020301.jpg,mike-dennis-rogers,3,Republican Party,0.457,0.352,0.8971760401300485,250,404error,Mike ROGERS,404error,Michael ROGERS,Mike Dennis ROGERS,Mike D ROGERS,Michael Dennis ROGERS,Michael D ROGERS,"ROGERS, Mike",404error,404error,M D ROGERS,"^ROGERS, M$","^ROGERS, M$","ROGERS, Michael",404error,NA,1
NA,9596,2017-04-05,2017,115,Representative Davis,NA,,VA,claim denial without C&P exam,1,NA,1,NA,NA,NA,Multiple Davis' FOIA,NA,NA,NA,NA,NA,NA,NA,NA,NA,NA,NA,NA,NA,,NA,NA,NA,,NA,NA,NA,NA,NA,NA,NA,NA,NA,NA,NA,NA,NA,NA,NA,NA,NA,NA,NA,NA,NA,1
NA,9603,2017-04-05,2017,115,Representative Davis,NA,,VA,settlement payment,1,NA,1,NA,NA,NA,Multiple Davis' FOIA,NA,NA,NA,NA,NA,NA,NA,NA,NA,NA,NA,NA,NA,,NA,NA,NA,,NA,NA,NA,NA,NA,NA,NA,NA,NA,NA,NA,NA,NA,NA,NA,NA,NA,NA,NA,NA,NA,1
NA,9732,2017-04-13,2017,115,"Young, D.","david young|dave young|young, david|^young, d$|young, dave","YOUNG, David",VA,Letter to SecVA,NA,NA,NA,NA,NA,NA,Multiple Young's FOIA,NA,David,D,Dave,NA,NA,YOUNG,MH11521521,21521,200,(IA-03),iowa,IA,House,021521.jpg,david-young,3,Republican Party,-0.038,0.442,0.8883499369071857,250,404error,David YOUNG,404error,Dave YOUNG,404error,404error,404error,404error,"YOUNG, David",404error,404error,404error,"^YOUNG, D$","^YOUNG, D$","YOUNG, Dave",404error,NA,1
NA,9733,2017-04-13,2017,115,"Young, D.","donald young|donald edwin young|donald e young|don young|don edwin young|don e young|young, donald|^young, d$|young, don|d e young","YOUNG, Donald Edwin",VA,Letter to SecVA,NA,NA,NA,NA,NA,NA,Multiple Young's FOIA,NA,Donald,D,Don,Edwin,E,YOUNG,MH11514066,14066,200,(AK-01),alaska,AK,House,014066.jpg,donald-edwin-young,1,Republican Party,0.021,0.283,0.8016548697152663,250,404error,Donald YOUNG,404error,Don YOUNG,Donald Edwin YOUNG,Donald E YOUNG,Don Edwin YOUNG,Don E YOUNG,"YOUNG, Donald",404error,404error,D E YOUNG,"^YOUNG, D$","^YOUNG, D$","YOUNG, Don",404error,NA,1
NA,9743,2017-04-14,2017,115,"Rogers, M.","mike rogers|mike dennis rogers|mike d rogers|michael rogers|michael dennis rogers|michael d rogers|rogers, mike|^rogers, m$|rogers, michael|m d rogers","ROGERS, Mike Dennis",VA,caregiver program rebuttal for IQ 7782077,1,NA,2,NA,NA,NA,Multiple Rogers' FOIA,NA,Mike,M,Michael,Dennis,D,ROGERS,MH11520301,20301,200,(AL-03),alabama,AL,House,020301.jpg,mike-dennis-rogers,3,Republican Party,0.457,0.352,0.8971760401300485,250,404error,Mike ROGERS,404error,Michael ROGERS,Mike Dennis ROGERS,Mike D ROGERS,Michael Dennis ROGERS,Michael D ROGERS,"ROGERS, Mike",404error,404error,M D ROGERS,"^ROGERS, M$","^ROGERS, M$","ROGERS, Michael",404error,NA,1
NA,9826,2017-04-20,2017,115,"Rogers, M.","mike rogers|mike dennis rogers|mike d rogers|michael rogers|michael dennis rogers|michael d rogers|rogers, mike|^rogers, m$|rogers, michael|m d rogers","ROGERS, Mike Dennis",VA,involuntary commitment,1,NA,1,NA,NA,NA,Multiple Rogers' FOIA,NA,Mike,M,Michael,Dennis,D,ROGERS,MH11520301,20301,200,(AL-03),alabama,AL,House,020301.jpg,mike-dennis-rogers,3,Republican Party,0.457,0.352,0.8971760401300485,250,404error,Mike ROGERS,404error,Michael ROGERS,Mike Dennis ROGERS,Mike D ROGERS,Michael Dennis ROGERS,Michael D ROGERS,"ROGERS, Mike",404error,404error,M D ROGERS,"^ROGERS, M$","^ROGERS, M$","ROGERS, Michael",404error,NA,1
NA,10349,2017-06-02,2017,115,"Rogers, M.","mike rogers|mike dennis rogers|mike d rogers|michael rogers|michael dennis rogers|michael d rogers|rogers, mike|^rogers, m$|rogers, michael|m d rogers","ROGERS, Mike Dennis",VA,A&A,1,NA,1,NA,NA,NA,Multiple Rogers' FOIA,NA,Mike,M,Michael,Dennis,D,ROGERS,MH11520301,20301,200,(AL-03),alabama,AL,House,020301.jpg,mike-dennis-rogers,3,Republican Party,0.457,0.352,0.8971760401300485,250,404error,Mike ROGERS,404error,Michael ROGERS,Mike Dennis ROGERS,Mike D ROGERS,Michael Dennis ROGERS,Michael D ROGERS,"ROGERS, Mike",404error,404error,M D ROGERS,"^ROGERS, M$","^ROGERS, M$","ROGERS, Michael",404error,NA,1
NA,10618,2017-06-21,2017,115,"Rogers, M.","mike rogers|mike dennis rogers|mike d rogers|michael rogers|michael dennis rogers|michael d rogers|rogers, mike|^rogers, m$|rogers, michael|m d rogers","ROGERS, Mike Dennis",VA,spousal concerns,1,NA,1,NA,NA,NA,Multiple Rogers' FOIA,NA,Mike,M,Michael,Dennis,D,ROGERS,MH11520301,20301,200,(AL-03),alabama,AL,House,020301.jpg,mike-dennis-rogers,3,Republican Party,0.457,0.352,0.8971760401300485,250,404error,Mike ROGERS,404error,Michael ROGERS,Mike Dennis ROGERS,Mike D ROGERS,Michael Dennis ROGERS,Michael D ROGERS,"ROGERS, Mike",404error,404error,M D ROGERS,"^ROGERS, M$","^ROGERS, M$","ROGERS, Michael",404error,NA,1
NA,11311,2017-08-03,2017,115,"Young, D.","david young|dave young|young, david|^young, d$|young, dave","YOUNG, David",VA,RONA,NA,NA,NA,NA,NA,NA,Multiple Young's FOIA,NA,David,D,Dave,NA,NA,YOUNG,MH11521521,21521,200,(IA-03),iowa,IA,House,021521.jpg,david-young,3,Republican Party,-0.038,0.442,0.8883499369071857,250,404error,David YOUNG,404error,Dave YOUNG,404error,404error,404error,404error,"YOUNG, David",404error,404error,404error,"^YOUNG, D$","^YOUNG, D$","YOUNG, Dave",404error,NA,1
NA,11312,2017-08-03,2017,115,"Young, D.","donald young|donald edwin young|donald e young|don young|don edwin young|don e young|young, donald|^young, d$|young, don|d e young","YOUNG, Donald Edwin",VA,RONA,NA,NA,NA,NA,NA,NA,Multiple Young's FOIA,NA,Donald,D,Don,Edwin,E,YOUNG,MH11514066,14066,200,(AK-01),alaska,AK,House,014066.jpg,donald-edwin-young,1,Republican Party,0.021,0.283,0.8016548697152663,250,404error,Donald YOUNG,404error,Don YOUNG,Donald Edwin YOUNG,Donald E YOUNG,Don Edwin YOUNG,Don E YOUNG,"YOUNG, Donald",404error,404error,D E YOUNG,"^YOUNG, D$","^YOUNG, D$","YOUNG, Don",404error,NA,1
NA,11322,2017-08-03,2017,115,"Rogers, M.","mike rogers|mike dennis rogers|mike d rogers|michael rogers|michael dennis rogers|michael d rogers|rogers, mike|^rogers, m$|rogers, michael|m d rogers","ROGERS, Mike Dennis",VA,VHA employment termination,1,NA,1,NA,NA,NA,Multiple Rogers' FOIA,NA,Mike,M,Michael,Dennis,D,ROGERS,MH11520301,20301,200,(AL-03),alabama,AL,House,020301.jpg,mike-dennis-rogers,3,Republican Party,0.457,0.352,0.8971760401300485,250,404error,Mike ROGERS,404error,Michael ROGERS,Mike Dennis ROGERS,Mike D ROGERS,Michael Dennis ROGERS,Michael D ROGERS,"ROGERS, Mike",404error,404error,M D ROGERS,"^ROGERS, M$","^ROGERS, M$","ROGERS, Michael",404error,NA,1
NA,11892,2017-09-07,2017,115,"Rogers, M.","mike rogers|mike dennis rogers|mike d rogers|michael rogers|michael dennis rogers|michael d rogers|rogers, mike|^rogers, m$|rogers, michael|m d rogers","ROGERS, Mike Dennis",VA,termination,1,NA,1,NA,NA,NA,Multiple Rogers' FOIA,NA,Mike,M,Michael,Dennis,D,ROGERS,MH11520301,20301,200,(AL-03),alabama,AL,House,020301.jpg,mike-dennis-rogers,3,Republican Party,0.457,0.352,0.8971760401300485,250,404error,Mike ROGERS,404error,Michael ROGERS,Mike Dennis ROGERS,Mike D ROGERS,Michael Dennis ROGERS,Michael D ROGERS,"ROGERS, Mike",404error,404error,M D ROGERS,"^ROGERS, M$","^ROGERS, M$","ROGERS, Michael",404error,NA,1
NA,12027,2017-09-15,2017,115,Representative Davis. R,NA,,VA,Debt payment plan,1,NA,1,NA,NA,NA,Multiple Davis' FOIA,NA,NA,NA,NA,NA,NA,NA,NA,NA,NA,NA,NA,NA,,NA,NA,NA,,NA,NA,NA,NA,NA,NA,NA,NA,NA,NA,NA,NA,NA,NA,NA,NA,NA,NA,NA,NA,NA,1
NA,12060,2017-09-19,2017,115,"Young, D.","david young|dave young|young, david|^young, d$|young, dave","YOUNG, David",VA,Incorrect Pay,1,NA,1,NA,NA,NA,Multiple Young's FOIA,NA,David,D,Dave,NA,NA,YOUNG,MH11521521,21521,200,(IA-03),iowa,IA,House,021521.jpg,david-young,3,Republican Party,-0.038,0.442,0.8883499369071857,250,404error,David YOUNG,404error,Dave YOUNG,404error,404error,404error,404error,"YOUNG, David",404error,404error,404error,"^YOUNG, D$","^YOUNG, D$","YOUNG, Dave",404error,NA,1
NA,12061,2017-09-19,2017,115,"Young, D.","donald young|donald edwin young|donald e young|don young|don edwin young|don e young|young, donald|^young, d$|young, don|d e young","YOUNG, Donald Edwin",VA,Incorrect Pay,1,NA,1,NA,NA,NA,Multiple Young's FOIA,NA,Donald,D,Don,Edwin,E,YOUNG,MH11514066,14066,200,(AK-01),alaska,AK,House,014066.jpg,donald-edwin-young,1,Republican Party,0.021,0.283,0.8016548697152663,250,404error,Donald YOUNG,404error,Don YOUNG,Donald Edwin YOUNG,Donald E YOUNG,Don Edwin YOUNG,Don E YOUNG,"YOUNG, Donald",404error,404error,D E YOUNG,"^YOUNG, D$","^YOUNG, D$","YOUNG, Don",404error,NA,1
NA,12077,2017-09-20,2017,115,Representative Davis. R.,NA,,VA,care concerns,1,NA,1,NA,NA,NA,Multiple Davis' FOIA,NA,NA,NA,NA,NA,NA,NA,NA,NA,NA,NA,NA,NA,,NA,NA,NA,,NA,NA,NA,NA,NA,NA,NA,NA,NA,NA,NA,NA,NA,NA,NA,NA,NA,NA,NA,NA,NA,1
NA,12560,2017-10-19,2017,115,"Rogers, M.","mike rogers|mike dennis rogers|mike d rogers|michael rogers|michael dennis rogers|michael d rogers|rogers, mike|^rogers, m$|rogers, michael|m d rogers","ROGERS, Mike Dennis",VA,retro pay,1,NA,1,NA,NA,NA,Multiple Rogers' FOIA,NA,Mike,M,Michael,Dennis,D,ROGERS,MH11520301,20301,200,(AL-03),alabama,AL,House,020301.jpg,mike-dennis-rogers,3,Republican Party,0.457,0.352,0.8971760401300485,250,404error,Mike ROGERS,404error,Michael ROGERS,Mike Dennis ROGERS,Mike D ROGERS,Michael Dennis ROGERS,Michael D ROGERS,"ROGERS, Mike",404error,404error,M D ROGERS,"^ROGERS, M$","^ROGERS, M$","ROGERS, Michael",404error,NA,1
NA,12938,2017-11-14,2017,115,"Young, D.","david young|dave young|young, david|^young, d$|young, dave","YOUNG, David",VA,Bronze marker,1,NA,1,NA,NA,NA,Multiple Young's FOIA,NA,David,D,Dave,NA,NA,YOUNG,MH11521521,21521,200,(IA-03),iowa,IA,House,021521.jpg,david-young,3,Republican Party,-0.038,0.442,0.8883499369071857,250,404error,David YOUNG,404error,Dave YOUNG,404error,404error,404error,404error,"YOUNG, David",404error,404error,404error,"^YOUNG, D$","^YOUNG, D$","YOUNG, Dave",404error,NA,1
NA,12939,2017-11-14,2017,115,"Young, D.","donald young|donald edwin young|donald e young|don young|don edwin young|don e young|young, donald|^young, d$|young, don|d e young","YOUNG, Donald Edwin",VA,Bronze marker,1,NA,1,NA,NA,NA,Multiple Young's FOIA,NA,Donald,D,Don,Edwin,E,YOUNG,MH11514066,14066,200,(AK-01),alaska,AK,House,014066.jpg,donald-edwin-young,1,Republican Party,0.021,0.283,0.8016548697152663,250,404error,Donald YOUNG,404error,Don YOUNG,Donald Edwin YOUNG,Donald E YOUNG,Don Edwin YOUNG,Don E YOUNG,"YOUNG, Donald",404error,404error,D E YOUNG,"^YOUNG, D$","^YOUNG, D$","YOUNG, Don",404error,NA,1
NA,13348,2017-12-12,2017,115,"Young, D.","david young|dave young|young, david|^young, d$|young, dave","YOUNG, David",VA,Whistleblower protection,1,NA,2,NA,NA,NA,Multiple Young's FOIA,NA,David,D,Dave,NA,NA,YOUNG,MH11521521,21521,200,(IA-03),iowa,IA,House,021521.jpg,david-young,3,Republican Party,-0.038,0.442,0.8883499369071857,250,404error,David YOUNG,404error,Dave YOUNG,404error,404error,404error,404error,"YOUNG, David",404error,404error,404error,"^YOUNG, D$","^YOUNG, D$","YOUNG, Dave",404error,NA,1
NA,13349,2017-12-12,2017,115,"Young, D.","donald young|donald edwin young|donald e young|don young|don edwin young|don e young|young, donald|^young, d$|young, don|d e young","YOUNG, Donald Edwin",VA,Whistleblower protection,1,NA,2,NA,NA,NA,Multiple Young's FOIA,NA,Donald,D,Don,Edwin,E,YOUNG,MH11514066,14066,200,(AK-01),alaska,AK,House,014066.jpg,donald-edwin-young,1,Republican Party,0.021,0.283,0.8016548697152663,250,404error,Donald YOUNG,404error,Don YOUNG,Donald Edwin YOUNG,Donald E YOUNG,Don Edwin YOUNG,Don E YOUNG,"YOUNG, Donald",404error,404error,D E YOUNG,"^YOUNG, D$","^YOUNG, D$","YOUNG, Don",404error,NA,1
NA,13953,2018-01-30,2018,115,"Rogers, M.","mike rogers|mike dennis rogers|mike d rogers|michael rogers|michael dennis rogers|michael d rogers|rogers, mike|^rogers, m$|rogers, michael|m d rogers","ROGERS, Mike Dennis",VA,apportionment,1,NA,1,NA,NA,NA,Multiple Rogers' FOIA,NA,Mike,M,Michael,Dennis,D,ROGERS,MH11520301,20301,200,(AL-03),alabama,AL,House,020301.jpg,mike-dennis-rogers,3,Republican Party,0.457,0.352,0.8971760401300485,250,404error,Mike ROGERS,404error,Michael ROGERS,Mike Dennis ROGERS,Mike D ROGERS,Michael Dennis ROGERS,Michael D ROGERS,"ROGERS, Mike",404error,404error,M D ROGERS,"^ROGERS, M$","^ROGERS, M$","ROGERS, Michael",404error,NA,1
NA,14043,2018-02-05,2018,115,"Rogers, M.","mike rogers|mike dennis rogers|mike d rogers|michael rogers|michael dennis rogers|michael d rogers|rogers, mike|^rogers, m$|rogers, michael|m d rogers","ROGERS, Mike Dennis",VA,FOIA,1,NA,1,NA,NA,NA,Multiple Rogers' FOIA,NA,Mike,M,Michael,Dennis,D,ROGERS,MH11520301,20301,200,(AL-03),alabama,AL,House,020301.jpg,mike-dennis-rogers,3,Republican Party,0.457,0.352,0.8971760401300485,250,404error,Mike ROGERS,404error,Michael ROGERS,Mike Dennis ROGERS,Mike D ROGERS,Michael Dennis ROGERS,Michael D ROGERS,"ROGERS, Mike",404error,404error,M D ROGERS,"^ROGERS, M$","^ROGERS, M$","ROGERS, Michael",404error,NA,1
NA,14159,2018-02-09,2018,115,"Young, D.","david young|dave young|young, david|^young, d$|young, dave","YOUNG, David",VA,transfer of GI Bill,1,NA,1,NA,NA,NA,Multiple Young's FOIA,NA,David,D,Dave,NA,NA,YOUNG,MH11521521,21521,200,(IA-03),iowa,IA,House,021521.jpg,david-young,3,Republican Party,-0.038,0.442,0.8883499369071857,250,404error,David YOUNG,404error,Dave YOUNG,404error,404error,404error,404error,"YOUNG, David",404error,404error,404error,"^YOUNG, D$","^YOUNG, D$","YOUNG, Dave",404error,NA,1
NA,14160,2018-02-09,2018,115,"Young, D.","donald young|donald edwin young|donald e young|don young|don edwin young|don e young|young, donald|^young, d$|young, don|d e young","YOUNG, Donald Edwin",VA,transfer of GI Bill,1,NA,1,NA,NA,NA,Multiple Young's FOIA,NA,Donald,D,Don,Edwin,E,YOUNG,MH11514066,14066,200,(AK-01),alaska,AK,House,014066.jpg,donald-edwin-young,1,Republican Party,0.021,0.283,0.8016548697152663,250,404error,Donald YOUNG,404error,Don YOUNG,Donald Edwin YOUNG,Donald E YOUNG,Don Edwin YOUNG,Don E YOUNG,"YOUNG, Donald",404error,404error,D E YOUNG,"^YOUNG, D$","^YOUNG, D$","YOUNG, Don",404error,NA,1
NA,14486,2018-03-01,2018,115,"Young, D.","david young|dave young|young, david|^young, d$|young, dave","YOUNG, David",VA,debt,1,NA,1,NA,NA,NA,Multiple Young's FOIA,NA,David,D,Dave,NA,NA,YOUNG,MH11521521,21521,200,(IA-03),iowa,IA,House,021521.jpg,david-young,3,Republican Party,-0.038,0.442,0.8883499369071857,250,404error,David YOUNG,404error,Dave YOUNG,404error,404error,404error,404error,"YOUNG, David",404error,404error,404error,"^YOUNG, D$","^YOUNG, D$","YOUNG, Dave",404error,NA,1
NA,14487,2018-03-01,2018,115,"Young, D.","donald young|donald edwin young|donald e young|don young|don edwin young|don e young|young, donald|^young, d$|young, don|d e young","YOUNG, Donald Edwin",VA,debt,1,NA,1,NA,NA,NA,Multiple Young's FOIA,NA,Donald,D,Don,Edwin,E,YOUNG,MH11514066,14066,200,(AK-01),alaska,AK,House,014066.jpg,donald-edwin-young,1,Republican Party,0.021,0.283,0.8016548697152663,250,404error,Donald YOUNG,404error,Don YOUNG,Donald Edwin YOUNG,Donald E YOUNG,Don Edwin YOUNG,Don E YOUNG,"YOUNG, Donald",404error,404error,D E YOUNG,"^YOUNG, D$","^YOUNG, D$","YOUNG, Don",404error,NA,1
NA,14555,2018-03-05,2018,115,"Young, D.","david young|dave young|young, david|^young, d$|young, dave","YOUNG, David",VA,Former VHA employee pay issues,1,NA,1,NA,NA,NA,Multiple Young's FOIA,NA,David,D,Dave,NA,NA,YOUNG,MH11521521,21521,200,(IA-03),iowa,IA,House,021521.jpg,david-young,3,Republican Party,-0.038,0.442,0.8883499369071857,250,404error,David YOUNG,404error,Dave YOUNG,404error,404error,404error,404error,"YOUNG, David",404error,404error,404error,"^YOUNG, D$","^YOUNG, D$","YOUNG, Dave",404error,NA,1
NA,14556,2018-03-05,2018,115,"Young, D.","donald young|donald edwin young|donald e young|don young|don edwin young|don e young|young, donald|^young, d$|young, don|d e young","YOUNG, Donald Edwin",VA,Former VHA employee pay issues,1,NA,1,NA,NA,NA,Multiple Young's FOIA,NA,Donald,D,Don,Edwin,E,YOUNG,MH11514066,14066,200,(AK-01),alaska,AK,House,014066.jpg,donald-edwin-young,1,Republican Party,0.021,0.283,0.8016548697152663,250,404error,Donald YOUNG,404error,Don YOUNG,Donald Edwin YOUNG,Donald E YOUNG,Don Edwin YOUNG,Don E YOUNG,"YOUNG, Donald",404error,404error,D E YOUNG,"^YOUNG, D$","^YOUNG, D$","YOUNG, Don",404error,NA,1
NA,15043,2018-04-03,2018,115,"Young, D.","david young|dave young|young, david|^young, d$|young, dave","YOUNG, David",VA,SecVA e-mail address for constituent,NA,NA,NA,NA,NA,NA,Multiple Young's FOIA,NA,David,D,Dave,NA,NA,YOUNG,MH11521521,21521,200,(IA-03),iowa,IA,House,021521.jpg,david-young,3,Republican Party,-0.038,0.442,0.8883499369071857,250,404error,David YOUNG,404error,Dave YOUNG,404error,404error,404error,404error,"YOUNG, David",404error,404error,404error,"^YOUNG, D$","^YOUNG, D$","YOUNG, Dave",404error,NA,1
NA,15044,2018-04-03,2018,115,"Young, D.","donald young|donald edwin young|donald e young|don young|don edwin young|don e young|young, donald|^young, d$|young, don|d e young","YOUNG, Donald Edwin",VA,SecVA e-mail address for constituent,NA,NA,NA,NA,NA,NA,Multiple Young's FOIA,NA,Donald,D,Don,Edwin,E,YOUNG,MH11514066,14066,200,(AK-01),alaska,AK,House,014066.jpg,donald-edwin-young,1,Republican Party,0.021,0.283,0.8016548697152663,250,404error,Donald YOUNG,404error,Don YOUNG,Donald Edwin YOUNG,Donald E YOUNG,Don Edwin YOUNG,Don E YOUNG,"YOUNG, Donald",404error,404error,D E YOUNG,"^YOUNG, D$","^YOUNG, D$","YOUNG, Don",404error,NA,1
NA,15276,2018-04-18,2018,115,"Young, D.","david young|dave young|young, david|^young, d$|young, dave","YOUNG, David",VA,Eligibility for healthcare,1,NA,1,NA,NA,NA,Multiple Young's FOIA,NA,David,D,Dave,NA,NA,YOUNG,MH11521521,21521,200,(IA-03),iowa,IA,House,021521.jpg,david-young,3,Republican Party,-0.038,0.442,0.8883499369071857,250,404error,David YOUNG,404error,Dave YOUNG,404error,404error,404error,404error,"YOUNG, David",404error,404error,404error,"^YOUNG, D$","^YOUNG, D$","YOUNG, Dave",404error,NA,1
NA,15277,2018-04-18,2018,115,"Young, D.","donald young|donald edwin young|donald e young|don young|don edwin young|don e young|young, donald|^young, d$|young, don|d e young","YOUNG, Donald Edwin",VA,Eligibility for healthcare,1,NA,1,NA,NA,NA,Multiple Young's FOIA,NA,Donald,D,Don,Edwin,E,YOUNG,MH11514066,14066,200,(AK-01),alaska,AK,House,014066.jpg,donald-edwin-young,1,Republican Party,0.021,0.283,0.8016548697152663,250,404error,Donald YOUNG,404error,Don YOUNG,Donald Edwin YOUNG,Donald E YOUNG,Don Edwin YOUNG,Don E YOUNG,"YOUNG, Donald",404error,404error,D E YOUNG,"^YOUNG, D$","^YOUNG, D$","YOUNG, Don",404error,NA,1
NA,15700,2018-05-10,2018,115,"Young, D.","david young|dave young|young, david|^young, d$|young, dave","YOUNG, David",VA,Payment owed,1,NA,2,NA,NA,NA,Multiple Young's FOIA,NA,David,D,Dave,NA,NA,YOUNG,MH11521521,21521,200,(IA-03),iowa,IA,House,021521.jpg,david-young,3,Republican Party,-0.038,0.442,0.8883499369071857,250,404error,David YOUNG,404error,Dave YOUNG,404error,404error,404error,404error,"YOUNG, David",404error,404error,404error,"^YOUNG, D$","^YOUNG, D$","YOUNG, Dave",404error,NA,1
NA,15701,2018-05-10,2018,115,"Young, D.","donald young|donald edwin young|donald e young|don young|don edwin young|don e young|young, donald|^young, d$|young, don|d e young","YOUNG, Donald Edwin",VA,Payment owed,1,NA,2,NA,NA,NA,Multiple Young's FOIA,NA,Donald,D,Don,Edwin,E,YOUNG,MH11514066,14066,200,(AK-01),alaska,AK,House,014066.jpg,donald-edwin-young,1,Republican Party,0.021,0.283,0.8016548697152663,250,404error,Donald YOUNG,404error,Don YOUNG,Donald Edwin YOUNG,Donald E YOUNG,Don Edwin YOUNG,Don E YOUNG,"YOUNG, Donald",404error,404error,D E YOUNG,"^YOUNG, D$","^YOUNG, D$","YOUNG, Don",404error,NA,1
NA,15729,2018-05-14,2018,115,"Rogers, M.","mike rogers|mike dennis rogers|mike d rogers|michael rogers|michael dennis rogers|michael d rogers|rogers, mike|^rogers, m$|rogers, michael|m d rogers","ROGERS, Mike Dennis",VA,Employee issues,1,NA,1,NA,NA,NA,Multiple Rogers' FOIA,NA,Mike,M,Michael,Dennis,D,ROGERS,MH11520301,20301,200,(AL-03),alabama,AL,House,020301.jpg,mike-dennis-rogers,3,Republican Party,0.457,0.352,0.8971760401300485,250,404error,Mike ROGERS,404error,Michael ROGERS,Mike Dennis ROGERS,Mike D ROGERS,Michael Dennis ROGERS,Michael D ROGERS,"ROGERS, Mike",404error,404error,M D ROGERS,"^ROGERS, M$","^ROGERS, M$","ROGERS, Michael",404error,NA,1
NA,15923,2018-05-24,2018,115,"Rogers, M.","mike rogers|mike dennis rogers|mike d rogers|michael rogers|michael dennis rogers|michael d rogers|rogers, mike|^rogers, m$|rogers, michael|m d rogers","ROGERS, Mike Dennis",VA,apportionment,1,NA,1,NA,NA,NA,Multiple Rogers' FOIA,NA,Mike,M,Michael,Dennis,D,ROGERS,MH11520301,20301,200,(AL-03),alabama,AL,House,020301.jpg,mike-dennis-rogers,3,Republican Party,0.457,0.352,0.8971760401300485,250,404error,Mike ROGERS,404error,Michael ROGERS,Mike Dennis ROGERS,Mike D ROGERS,Michael Dennis ROGERS,Michael D ROGERS,"ROGERS, Mike",404error,404error,M D ROGERS,"^ROGERS, M$","^ROGERS, M$","ROGERS, Michael",404error,NA,1
NA,15946,2018-05-25,2018,115,"Young, D.","david young|dave young|young, david|^young, d$|young, dave","YOUNG, David",VA,f/u:  58425 (payment owed),1,NA,1,NA,NA,NA,Multiple Young's FOIA,NA,David,D,Dave,NA,NA,YOUNG,MH11521521,21521,200,(IA-03),iowa,IA,House,021521.jpg,david-young,3,Republican Party,-0.038,0.442,0.8883499369071857,250,404error,David YOUNG,404error,Dave YOUNG,404error,404error,404error,404error,"YOUNG, David",404error,404error,404error,"^YOUNG, D$","^YOUNG, D$","YOUNG, Dave",404error,NA,1
NA,15947,2018-05-25,2018,115,"Young, D.","donald young|donald edwin young|donald e young|don young|don edwin young|don e young|young, donald|^young, d$|young, don|d e young","YOUNG, Donald Edwin",VA,f/u:  58425 (payment owed),1,NA,1,NA,NA,NA,Multiple Young's FOIA,NA,Donald,D,Don,Edwin,E,YOUNG,MH11514066,14066,200,(AK-01),alaska,AK,House,014066.jpg,donald-edwin-young,1,Republican Party,0.021,0.283,0.8016548697152663,250,404error,Donald YOUNG,404error,Don YOUNG,Donald Edwin YOUNG,Donald E YOUNG,Don Edwin YOUNG,Don E YOUNG,"YOUNG, Donald",404error,404error,D E YOUNG,"^YOUNG, D$","^YOUNG, D$","YOUNG, Don",404error,NA,1
NA,16211,2018-06-13,2018,115,"Young, D.","david young|dave young|young, david|^young, d$|young, dave","YOUNG, David",VA,f/u:  58425 (payment owed),1,NA,1,NA,NA,NA,Multiple Young's FOIA,NA,David,D,Dave,NA,NA,YOUNG,MH11521521,21521,200,(IA-03),iowa,IA,House,021521.jpg,david-young,3,Republican Party,-0.038,0.442,0.8883499369071857,250,404error,David YOUNG,404error,Dave YOUNG,404error,404error,404error,404error,"YOUNG, David",404error,404error,404error,"^YOUNG, D$","^YOUNG, D$","YOUNG, Dave",404error,NA,1
NA,16212,2018-06-13,2018,115,"Young, D.","donald young|donald edwin young|donald e young|don young|don edwin young|don e young|young, donald|^young, d$|young, don|d e young","YOUNG, Donald Edwin",VA,f/u:  58425 (payment owed),1,NA,1,NA,NA,NA,Multiple Young's FOIA,NA,Donald,D,Don,Edwin,E,YOUNG,MH11514066,14066,200,(AK-01),alaska,AK,House,014066.jpg,donald-edwin-young,1,Republican Party,0.021,0.283,0.8016548697152663,250,404error,Donald YOUNG,404error,Don YOUNG,Donald Edwin YOUNG,Donald E YOUNG,Don Edwin YOUNG,Don E YOUNG,"YOUNG, Donald",404error,404error,D E YOUNG,"^YOUNG, D$","^YOUNG, D$","YOUNG, Don",404error,NA,1
NA,16325,2018-06-20,2018,115,"Rogers, M.","mike rogers|mike dennis rogers|mike d rogers|michael rogers|michael dennis rogers|michael d rogers|rogers, mike|^rogers, m$|rogers, michael|m d rogers","ROGERS, Mike Dennis",VA,Property tax exemption,1,NA,1,NA,NA,NA,Multiple Rogers' FOIA,NA,Mike,M,Michael,Dennis,D,ROGERS,MH11520301,20301,200,(AL-03),alabama,AL,House,020301.jpg,mike-dennis-rogers,3,Republican Party,0.457,0.352,0.8971760401300485,250,404error,Mike ROGERS,404error,Michael ROGERS,Mike Dennis ROGERS,Mike D ROGERS,Michael Dennis ROGERS,Michael D ROGERS,"ROGERS, Mike",404error,404error,M D ROGERS,"^ROGERS, M$","^ROGERS, M$","ROGERS, Michael",404error,NA,1
NA,16431,2018-06-26,2018,115,"Young, D.","david young|dave young|young, david|^young, d$|young, dave","YOUNG, David",VA,Records,1,NA,1,NA,NA,NA,Multiple Young's FOIA,NA,David,D,Dave,NA,NA,YOUNG,MH11521521,21521,200,(IA-03),iowa,IA,House,021521.jpg,david-young,3,Republican Party,-0.038,0.442,0.8883499369071857,250,404error,David YOUNG,404error,Dave YOUNG,404error,404error,404error,404error,"YOUNG, David",404error,404error,404error,"^YOUNG, D$","^YOUNG, D$","YOUNG, Dave",404error,NA,1
NA,16432,2018-06-26,2018,115,"Young, D.","donald young|donald edwin young|donald e young|don young|don edwin young|don e young|young, donald|^young, d$|young, don|d e young","YOUNG, Donald Edwin",VA,Records,1,NA,1,NA,NA,NA,Multiple Young's FOIA,NA,Donald,D,Don,Edwin,E,YOUNG,MH11514066,14066,200,(AK-01),alaska,AK,House,014066.jpg,donald-edwin-young,1,Republican Party,0.021,0.283,0.8016548697152663,250,404error,Donald YOUNG,404error,Don YOUNG,Donald Edwin YOUNG,Donald E YOUNG,Don Edwin YOUNG,Don E YOUNG,"YOUNG, Donald",404error,404error,D E YOUNG,"^YOUNG, D$","^YOUNG, D$","YOUNG, Don",404error,NA,1
NA,17640,2018-08-30,2018,115,"Young, D.","david young|dave young|young, david|^young, d$|young, dave","YOUNG, David",VA,Claim status,1,NA,1,NA,NA,NA,Multiple Young's FOIA,NA,David,D,Dave,NA,NA,YOUNG,MH11521521,21521,200,(IA-03),iowa,IA,House,021521.jpg,david-young,3,Republican Party,-0.038,0.442,0.8883499369071857,250,404error,David YOUNG,404error,Dave YOUNG,404error,404error,404error,404error,"YOUNG, David",404error,404error,404error,"^YOUNG, D$","^YOUNG, D$","YOUNG, Dave",404error,NA,1
NA,17641,2018-08-30,2018,115,"Young, D.","donald young|donald edwin young|donald e young|don young|don edwin young|don e young|young, donald|^young, d$|young, don|d e young","YOUNG, Donald Edwin",VA,Claim status,1,NA,1,NA,NA,NA,Multiple Young's FOIA,NA,Donald,D,Don,Edwin,E,YOUNG,MH11514066,14066,200,(AK-01),alaska,AK,House,014066.jpg,donald-edwin-young,1,Republican Party,0.021,0.283,0.8016548697152663,250,404error,Donald YOUNG,404error,Don YOUNG,Donald Edwin YOUNG,Donald E YOUNG,Don Edwin YOUNG,Don E YOUNG,"YOUNG, Donald",404error,404error,D E YOUNG,"^YOUNG, D$","^YOUNG, D$","YOUNG, Don",404error,NA,1
NA,17858,2018-09-13,2018,115,"Rogers, M.","mike rogers|mike dennis rogers|mike d rogers|michael rogers|michael dennis rogers|michael d rogers|rogers, mike|^rogers, m$|rogers, michael|m d rogers","ROGERS, Mike Dennis",VA,HR issue,1,NA,1,NA,NA,NA,Multiple Rogers' FOIA,NA,Mike,M,Michael,Dennis,D,ROGERS,MH11520301,20301,200,(AL-03),alabama,AL,House,020301.jpg,mike-dennis-rogers,3,Republican Party,0.457,0.352,0.8971760401300485,250,404error,Mike ROGERS,404error,Michael ROGERS,Mike Dennis ROGERS,Mike D ROGERS,Michael Dennis ROGERS,Michael D ROGERS,"ROGERS, Mike",404error,404error,M D ROGERS,"^ROGERS, M$","^ROGERS, M$","ROGERS, Michael",404error,NA,1
NA,18004,2018-09-21,2018,115,"Rogers, M.","mike rogers|mike dennis rogers|mike d rogers|michael rogers|michael dennis rogers|michael d rogers|rogers, mike|^rogers, m$|rogers, michael|m d rogers","ROGERS, Mike Dennis",VA,CAVAHCS health care concerns,1,NA,1,NA,NA,NA,Multiple Rogers' FOIA,NA,Mike,M,Michael,Dennis,D,ROGERS,MH11520301,20301,200,(AL-03),alabama,AL,House,020301.jpg,mike-dennis-rogers,3,Republican Party,0.457,0.352,0.8971760401300485,250,404error,Mike ROGERS,404error,Michael ROGERS,Mike Dennis ROGERS,Mike D ROGERS,Michael Dennis ROGERS,Michael D ROGERS,"ROGERS, Mike",404error,404error,M D ROGERS,"^ROGERS, M$","^ROGERS, M$","ROGERS, Michael",404error,NA,1
NA,18133,2018-09-27,2018,115,"Rogers, M.","mike rogers|mike dennis rogers|mike d rogers|michael rogers|michael dennis rogers|michael d rogers|rogers, mike|^rogers, m$|rogers, michael|m d rogers","ROGERS, Mike Dennis",VA,Policy,5,NA,2,NA,NA,NA,Multiple Rogers' FOIA,NA,Mike,M,Michael,Dennis,D,ROGERS,MH11520301,20301,200,(AL-03),alabama,AL,House,020301.jpg,mike-dennis-rogers,3,Republican Party,0.457,0.352,0.8971760401300485,250,404error,Mike ROGERS,404error,Michael ROGERS,Mike Dennis ROGERS,Mike D ROGERS,Michael Dennis ROGERS,Michael D ROGERS,"ROGERS, Mike",404error,404error,M D ROGERS,"^ROGERS, M$","^ROGERS, M$","ROGERS, Michael",404error,NA,1
NA,18150,2018-09-27,2018,115,"Rogers, M.","mike rogers|mike dennis rogers|mike d rogers|michael rogers|michael dennis rogers|michael d rogers|rogers, mike|^rogers, m$|rogers, michael|m d rogers","ROGERS, Mike Dennis",VA,Concerns about care at VAMC,1,NA,1,NA,NA,NA,Multiple Rogers' FOIA,NA,Mike,M,Michael,Dennis,D,ROGERS,MH11520301,20301,200,(AL-03),alabama,AL,House,020301.jpg,mike-dennis-rogers,3,Republican Party,0.457,0.352,0.8971760401300485,250,404error,Mike ROGERS,404error,Michael ROGERS,Mike Dennis ROGERS,Mike D ROGERS,Michael Dennis ROGERS,Michael D ROGERS,"ROGERS, Mike",404error,404error,M D ROGERS,"^ROGERS, M$","^ROGERS, M$","ROGERS, Michael",404error,NA,1
NA,18437,2018-10-12,2018,115,"Young, D.","david young|dave young|young, david|^young, d$|young, dave","YOUNG, David",VA,Claim for service connection,1,NA,1,NA,NA,NA,Multiple Young's FOIA,NA,David,D,Dave,NA,NA,YOUNG,MH11521521,21521,200,(IA-03),iowa,IA,House,021521.jpg,david-young,3,Republican Party,-0.038,0.442,0.8883499369071857,250,404error,David YOUNG,404error,Dave YOUNG,404error,404error,404error,404error,"YOUNG, David",404error,404error,404error,"^YOUNG, D$","^YOUNG, D$","YOUNG, Dave",404error,NA,1
NA,18438,2018-10-12,2018,115,"Young, D.","donald young|donald edwin young|donald e young|don young|don edwin young|don e young|young, donald|^young, d$|young, don|d e young","YOUNG, Donald Edwin",VA,Claim for service connection,1,NA,1,NA,NA,NA,Multiple Young's FOIA,NA,Donald,D,Don,Edwin,E,YOUNG,MH11514066,14066,200,(AK-01),alaska,AK,House,014066.jpg,donald-edwin-young,1,Republican Party,0.021,0.283,0.8016548697152663,250,404error,Donald YOUNG,404error,Don YOUNG,Donald Edwin YOUNG,Donald E YOUNG,Don Edwin YOUNG,Don E YOUNG,"YOUNG, Donald",404error,404error,D E YOUNG,"^YOUNG, D$","^YOUNG, D$","YOUNG, Don",404error,NA,1
NA,18446,2018-10-15,2018,115,"Rogers, M.","mike rogers|mike dennis rogers|mike d rogers|michael rogers|michael dennis rogers|michael d rogers|rogers, mike|^rogers, m$|rogers, michael|m d rogers","ROGERS, Mike Dennis",VA,Insurance,1,NA,1,NA,NA,NA,Multiple Rogers' FOIA,NA,Mike,M,Michael,Dennis,D,ROGERS,MH11520301,20301,200,(AL-03),alabama,AL,House,020301.jpg,mike-dennis-rogers,3,Republican Party,0.457,0.352,0.8971760401300485,250,404error,Mike ROGERS,404error,Michael ROGERS,Mike Dennis ROGERS,Mike D ROGERS,Michael Dennis ROGERS,Michael D ROGERS,"ROGERS, Mike",404error,404error,M D ROGERS,"^ROGERS, M$","^ROGERS, M$","ROGERS, Michael",404error,NA,1
NA,18483,2018-10-16,2018,115,"Rogers, M.","mike rogers|mike dennis rogers|mike d rogers|michael rogers|michael dennis rogers|michael d rogers|rogers, mike|^rogers, m$|rogers, michael|m d rogers","ROGERS, Mike Dennis",VA,life insurance,1,NA,1,NA,NA,NA,Multiple Rogers' FOIA,NA,Mike,M,Michael,Dennis,D,ROGERS,MH11520301,20301,200,(AL-03),alabama,AL,House,020301.jpg,mike-dennis-rogers,3,Republican Party,0.457,0.352,0.8971760401300485,250,404error,Mike ROGERS,404error,Michael ROGERS,Mike Dennis ROGERS,Mike D ROGERS,Michael Dennis ROGERS,Michael D ROGERS,"ROGERS, Mike",404error,404error,M D ROGERS,"^ROGERS, M$","^ROGERS, M$","ROGERS, Michael",404error,NA,1
NA,25262,2015-01-06,2015,114,"Young, D.","david young|dave young|young, david|^young, d$|young, dave","YOUNG, David",VA,Request for help with transferring medical records,1,NA,1,NA,NA,NA,Multiple Young's FOIA,NA,David,D,Dave,NA,NA,YOUNG,MH11421521,21521,200,(IA-03),iowa,IA,House,021521.jpg,david-young,3,Republican Party,-0.038,0.442,0.8799011552008048,251,404error,David YOUNG,404error,Dave YOUNG,404error,404error,404error,404error,"YOUNG, David",404error,404error,404error,"^YOUNG, D$","^YOUNG, D$","YOUNG, Dave",404error,NA,1
NA,25263,2015-01-06,2015,114,"Young, D.","donald young|donald edwin young|donald e young|don young|don edwin young|don e young|young, donald|^young, d$|young, don|d e young","YOUNG, Donald Edwin",VA,Request for help with transferring medical records,1,NA,1,NA,NA,NA,Multiple Young's FOIA,NA,Donald,D,Don,Edwin,E,YOUNG,MH11414066,14066,200,(AK-01),alaska,AK,House,014066.jpg,donald-edwin-young,1,Republican Party,0.021,0.283,0.8492065603662585,251,404error,Donald YOUNG,404error,Don YOUNG,Donald Edwin YOUNG,Donald E YOUNG,Don Edwin YOUNG,Don E YOUNG,"YOUNG, Donald",404error,404error,D E YOUNG,"^YOUNG, D$","^YOUNG, D$","YOUNG, Don",404error,NA,1
NA,25267,2015-01-07,2015,114,"Young, D.","david young|dave young|young, david|^young, d$|young, dave","YOUNG, David",VA,Addt'l info:  request for readmission to Anchorage VA domiciliary,1,NA,1,NA,NA,NA,Multiple Young's FOIA,NA,David,D,Dave,NA,NA,YOUNG,MH11421521,21521,200,(IA-03),iowa,IA,House,021521.jpg,david-young,3,Republican Party,-0.038,0.442,0.8799011552008048,251,404error,David YOUNG,404error,Dave YOUNG,404error,404error,404error,404error,"YOUNG, David",404error,404error,404error,"^YOUNG, D$","^YOUNG, D$","YOUNG, Dave",404error,NA,1
NA,25268,2015-01-07,2015,114,"Young, D.","donald young|donald edwin young|donald e young|don young|don edwin young|don e young|young, donald|^young, d$|young, don|d e young","YOUNG, Donald Edwin",VA,Addt'l info:  request for readmission to Anchorage VA domiciliary,1,NA,1,NA,NA,NA,Multiple Young's FOIA,NA,Donald,D,Don,Edwin,E,YOUNG,MH11414066,14066,200,(AK-01),alaska,AK,House,014066.jpg,donald-edwin-young,1,Republican Party,0.021,0.283,0.8492065603662585,251,404error,Donald YOUNG,404error,Don YOUNG,Donald Edwin YOUNG,Donald E YOUNG,Don Edwin YOUNG,Don E YOUNG,"YOUNG, Donald",404error,404error,D E YOUNG,"^YOUNG, D$","^YOUNG, D$","YOUNG, Don",404error,NA,1
NA,25270,2015-01-07,2015,114,"Young, D.","david young|dave young|young, david|^young, d$|young, dave","YOUNG, David",VA,Request for reimbursement of medical expenses for care,1,NA,1,NA,NA,NA,Multiple Young's FOIA,NA,David,D,Dave,NA,NA,YOUNG,MH11421521,21521,200,(IA-03),iowa,IA,House,021521.jpg,david-young,3,Republican Party,-0.038,0.442,0.8799011552008048,251,404error,David YOUNG,404error,Dave YOUNG,404error,404error,404error,404error,"YOUNG, David",404error,404error,404error,"^YOUNG, D$","^YOUNG, D$","YOUNG, Dave",404error,NA,1
NA,25271,2015-01-07,2015,114,"Young, D.","donald young|donald edwin young|donald e young|don young|don edwin young|don e young|young, donald|^young, d$|young, don|d e young","YOUNG, Donald Edwin",VA,Request for reimbursement of medical expenses for care,1,NA,1,NA,NA,NA,Multiple Young's FOIA,NA,Donald,D,Don,Edwin,E,YOUNG,MH11414066,14066,200,(AK-01),alaska,AK,House,014066.jpg,donald-edwin-young,1,Republican Party,0.021,0.283,0.8492065603662585,251,404error,Donald YOUNG,404error,Don YOUNG,Donald Edwin YOUNG,Donald E YOUNG,Don Edwin YOUNG,Don E YOUNG,"YOUNG, Donald",404error,404error,D E YOUNG,"^YOUNG, D$","^YOUNG, D$","YOUNG, Don",404error,NA,1
NA,25282,2015-01-08,2015,114,"Young, D.","david young|dave young|young, david|^young, d$|young, dave","YOUNG, David",VA,Further review regarding unpaid medical claims,1,NA,1,NA,NA,NA,Multiple Young's FOIA,NA,David,D,Dave,NA,NA,YOUNG,MH11421521,21521,200,(IA-03),iowa,IA,House,021521.jpg,david-young,3,Republican Party,-0.038,0.442,0.8799011552008048,251,404error,David YOUNG,404error,Dave YOUNG,404error,404error,404error,404error,"YOUNG, David",404error,404error,404error,"^YOUNG, D$","^YOUNG, D$","YOUNG, Dave",404error,NA,1
NA,25283,2015-01-08,2015,114,"Young, D.","donald young|donald edwin young|donald e young|don young|don edwin young|don e young|young, donald|^young, d$|young, don|d e young","YOUNG, Donald Edwin",VA,Further review regarding unpaid medical claims,1,NA,1,NA,NA,NA,Multiple Young's FOIA,NA,Donald,D,Don,Edwin,E,YOUNG,MH11414066,14066,200,(AK-01),alaska,AK,House,014066.jpg,donald-edwin-young,1,Republican Party,0.021,0.283,0.8492065603662585,251,404error,Donald YOUNG,404error,Don YOUNG,Donald Edwin YOUNG,Donald E YOUNG,Don Edwin YOUNG,Don E YOUNG,"YOUNG, Donald",404error,404error,D E YOUNG,"^YOUNG, D$","^YOUNG, D$","YOUNG, Don",404error,NA,1
NA,25364,2015-01-16,2015,114,"Young, D.","david young|dave young|young, david|^young, d$|young, dave","YOUNG, David",VA,Follow-up:  adaptive home and vehicle claims,1,NA,1,NA,NA,NA,Multiple Young's FOIA,NA,David,D,Dave,NA,NA,YOUNG,MH11421521,21521,200,(IA-03),iowa,IA,House,021521.jpg,david-young,3,Republican Party,-0.038,0.442,0.8799011552008048,251,404error,David YOUNG,404error,Dave YOUNG,404error,404error,404error,404error,"YOUNG, David",404error,404error,404error,"^YOUNG, D$","^YOUNG, D$","YOUNG, Dave",404error,NA,1
NA,25365,2015-01-16,2015,114,"Young, D.","donald young|donald edwin young|donald e young|don young|don edwin young|don e young|young, donald|^young, d$|young, don|d e young","YOUNG, Donald Edwin",VA,Follow-up:  adaptive home and vehicle claims,1,NA,1,NA,NA,NA,Multiple Young's FOIA,NA,Donald,D,Don,Edwin,E,YOUNG,MH11414066,14066,200,(AK-01),alaska,AK,House,014066.jpg,donald-edwin-young,1,Republican Party,0.021,0.283,0.8492065603662585,251,404error,Donald YOUNG,404error,Don YOUNG,Donald Edwin YOUNG,Donald E YOUNG,Don Edwin YOUNG,Don E YOUNG,"YOUNG, Donald",404error,404error,D E YOUNG,"^YOUNG, D$","^YOUNG, D$","YOUNG, Don",404error,NA,1
NA,25366,2015-01-16,2015,114,"Young, D.","david young|dave young|young, david|^young, d$|young, dave","YOUNG, David",VA,Follow-up:  beneficiary travel pay,1,NA,1,NA,NA,NA,Multiple Young's FOIA,NA,David,D,Dave,NA,NA,YOUNG,MH11421521,21521,200,(IA-03),iowa,IA,House,021521.jpg,david-young,3,Republican Party,-0.038,0.442,0.8799011552008048,251,404error,David YOUNG,404error,Dave YOUNG,404error,404error,404error,404error,"YOUNG, David",404error,404error,404error,"^YOUNG, D$","^YOUNG, D$","YOUNG, Dave",404error,NA,1
NA,25367,2015-01-16,2015,114,"Young, D.","donald young|donald edwin young|donald e young|don young|don edwin young|don e young|young, donald|^young, d$|young, don|d e young","YOUNG, Donald Edwin",VA,Follow-up:  beneficiary travel pay,1,NA,1,NA,NA,NA,Multiple Young's FOIA,NA,Donald,D,Don,Edwin,E,YOUNG,MH11414066,14066,200,(AK-01),alaska,AK,House,014066.jpg,donald-edwin-young,1,Republican Party,0.021,0.283,0.8492065603662585,251,404error,Donald YOUNG,404error,Don YOUNG,Donald Edwin YOUNG,Donald E YOUNG,Don Edwin YOUNG,Don E YOUNG,"YOUNG, Donald",404error,404error,D E YOUNG,"^YOUNG, D$","^YOUNG, D$","YOUNG, Don",404error,NA,1
NA,25385,2015-01-20,2015,114,"Young, D.","david young|dave young|young, david|^young, d$|young, dave","YOUNG, David",VA,Dependency Claim Issues,1,NA,1,NA,NA,NA,Multiple Young's FOIA,NA,David,D,Dave,NA,NA,YOUNG,MH11421521,21521,200,(IA-03),iowa,IA,House,021521.jpg,david-young,3,Republican Party,-0.038,0.442,0.8799011552008048,251,404error,David YOUNG,404error,Dave YOUNG,404error,404error,404error,404error,"YOUNG, David",404error,404error,404error,"^YOUNG, D$","^YOUNG, D$","YOUNG, Dave",404error,NA,1
NA,25386,2015-01-20,2015,114,"Young, D.","donald young|donald edwin young|donald e young|don young|don edwin young|don e young|young, donald|^young, d$|young, don|d e young","YOUNG, Donald Edwin",VA,Dependency Claim Issues,1,NA,1,NA,NA,NA,Multiple Young's FOIA,NA,Donald,D,Don,Edwin,E,YOUNG,MH11414066,14066,200,(AK-01),alaska,AK,House,014066.jpg,donald-edwin-young,1,Republican Party,0.021,0.283,0.8492065603662585,251,404error,Donald YOUNG,404error,Don YOUNG,Donald Edwin YOUNG,Donald E YOUNG,Don Edwin YOUNG,Don E YOUNG,"YOUNG, Donald",404error,404error,D E YOUNG,"^YOUNG, D$","^YOUNG, D$","YOUNG, Don",404error,NA,1
NA,25392,2015-01-21,2015,114,"Young, D.","david young|dave young|young, david|^young, d$|young, dave","YOUNG, David",VA,"Issues w/DFAS bill, VA laim status & VAMC treatment concerns",1,NA,1,NA,NA,NA,Multiple Young's FOIA,NA,David,D,Dave,NA,NA,YOUNG,MH11421521,21521,200,(IA-03),iowa,IA,House,021521.jpg,david-young,3,Republican Party,-0.038,0.442,0.8799011552008048,251,404error,David YOUNG,404error,Dave YOUNG,404error,404error,404error,404error,"YOUNG, David",404error,404error,404error,"^YOUNG, D$","^YOUNG, D$","YOUNG, Dave",404error,NA,1
NA,25393,2015-01-21,2015,114,"Young, D.","donald young|donald edwin young|donald e young|don young|don edwin young|don e young|young, donald|^young, d$|young, don|d e young","YOUNG, Donald Edwin",VA,"Issues w/DFAS bill, VA laim status & VAMC treatment concerns",1,NA,1,NA,NA,NA,Multiple Young's FOIA,NA,Donald,D,Don,Edwin,E,YOUNG,MH11414066,14066,200,(AK-01),alaska,AK,House,014066.jpg,donald-edwin-young,1,Republican Party,0.021,0.283,0.8492065603662585,251,404error,Donald YOUNG,404error,Don YOUNG,Donald Edwin YOUNG,Donald E YOUNG,Don Edwin YOUNG,Don E YOUNG,"YOUNG, Donald",404error,404error,D E YOUNG,"^YOUNG, D$","^YOUNG, D$","YOUNG, Don",404error,NA,1
NA,25409,2015-01-22,2015,114,"Young, D.","david young|dave young|young, david|^young, d$|young, dave","YOUNG, David",VA,Additional Information:  Healthcare Concerns,1,NA,1,NA,NA,NA,Multiple Young's FOIA,NA,David,D,Dave,NA,NA,YOUNG,MH11421521,21521,200,(IA-03),iowa,IA,House,021521.jpg,david-young,3,Republican Party,-0.038,0.442,0.8799011552008048,251,404error,David YOUNG,404error,Dave YOUNG,404error,404error,404error,404error,"YOUNG, David",404error,404error,404error,"^YOUNG, D$","^YOUNG, D$","YOUNG, Dave",404error,NA,1
NA,25410,2015-01-22,2015,114,"Young, D.","donald young|donald edwin young|donald e young|don young|don edwin young|don e young|young, donald|^young, d$|young, don|d e young","YOUNG, Donald Edwin",VA,Additional Information:  Healthcare Concerns,1,NA,1,NA,NA,NA,Multiple Young's FOIA,NA,Donald,D,Don,Edwin,E,YOUNG,MH11414066,14066,200,(AK-01),alaska,AK,House,014066.jpg,donald-edwin-young,1,Republican Party,0.021,0.283,0.8492065603662585,251,404error,Donald YOUNG,404error,Don YOUNG,Donald Edwin YOUNG,Donald E YOUNG,Don Edwin YOUNG,Don E YOUNG,"YOUNG, Donald",404error,404error,D E YOUNG,"^YOUNG, D$","^YOUNG, D$","YOUNG, Don",404error,NA,1
NA,25446,2015-01-23,2015,114,"Young, D.","david young|dave young|young, david|^young, d$|young, dave","YOUNG, David",VA,Addt'l info:  health care concerns,1,NA,1,NA,NA,NA,Multiple Young's FOIA,NA,David,D,Dave,NA,NA,YOUNG,MH11421521,21521,200,(IA-03),iowa,IA,House,021521.jpg,david-young,3,Republican Party,-0.038,0.442,0.8799011552008048,251,404error,David YOUNG,404error,Dave YOUNG,404error,404error,404error,404error,"YOUNG, David",404error,404error,404error,"^YOUNG, D$","^YOUNG, D$","YOUNG, Dave",404error,NA,1
NA,25447,2015-01-23,2015,114,"Young, D.","donald young|donald edwin young|donald e young|don young|don edwin young|don e young|young, donald|^young, d$|young, don|d e young","YOUNG, Donald Edwin",VA,Addt'l info:  health care concerns,1,NA,1,NA,NA,NA,Multiple Young's FOIA,NA,Donald,D,Don,Edwin,E,YOUNG,MH11414066,14066,200,(AK-01),alaska,AK,House,014066.jpg,donald-edwin-young,1,Republican Party,0.021,0.283,0.8492065603662585,251,404error,Donald YOUNG,404error,Don YOUNG,Donald Edwin YOUNG,Donald E YOUNG,Don Edwin YOUNG,Don E YOUNG,"YOUNG, Donald",404error,404error,D E YOUNG,"^YOUNG, D$","^YOUNG, D$","YOUNG, Don",404error,NA,1
NA,25506,2015-01-28,2015,114,"Young, D.","david young|dave young|young, david|^young, d$|young, dave","YOUNG, David",VA,Request for copy of hearing tests from RMC,1,NA,1,NA,NA,NA,Multiple Young's FOIA,NA,David,D,Dave,NA,NA,YOUNG,MH11421521,21521,200,(IA-03),iowa,IA,House,021521.jpg,david-young,3,Republican Party,-0.038,0.442,0.8799011552008048,251,404error,David YOUNG,404error,Dave YOUNG,404error,404error,404error,404error,"YOUNG, David",404error,404error,404error,"^YOUNG, D$","^YOUNG, D$","YOUNG, Dave",404error,NA,1
NA,25507,2015-01-28,2015,114,"Young, D.","donald young|donald edwin young|donald e young|don young|don edwin young|don e young|young, donald|^young, d$|young, don|d e young","YOUNG, Donald Edwin",VA,Request for copy of hearing tests from RMC,1,NA,1,NA,NA,NA,Multiple Young's FOIA,NA,Donald,D,Don,Edwin,E,YOUNG,MH11414066,14066,200,(AK-01),alaska,AK,House,014066.jpg,donald-edwin-young,1,Republican Party,0.021,0.283,0.8492065603662585,251,404error,Donald YOUNG,404error,Don YOUNG,Donald Edwin YOUNG,Donald E YOUNG,Don Edwin YOUNG,Don E YOUNG,"YOUNG, Donald",404error,404error,D E YOUNG,"^YOUNG, D$","^YOUNG, D$","YOUNG, Don",404error,NA,1
NA,25522,2015-01-28,2015,114,"Young, D.","david young|dave young|young, david|^young, d$|young, dave","YOUNG, David",VA,Addt'l info:  request for copy of hearing tests from RMC,1,NA,1,NA,NA,NA,Multiple Young's FOIA,NA,David,D,Dave,NA,NA,YOUNG,MH11421521,21521,200,(IA-03),iowa,IA,House,021521.jpg,david-young,3,Republican Party,-0.038,0.442,0.8799011552008048,251,404error,David YOUNG,404error,Dave YOUNG,404error,404error,404error,404error,"YOUNG, David",404error,404error,404error,"^YOUNG, D$","^YOUNG, D$","YOUNG, Dave",404error,NA,1
NA,25523,2015-01-28,2015,114,"Young, D.","donald young|donald edwin young|donald e young|don young|don edwin young|don e young|young, donald|^young, d$|young, don|d e young","YOUNG, Donald Edwin",VA,Addt'l info:  request for copy of hearing tests from RMC,1,NA,1,NA,NA,NA,Multiple Young's FOIA,NA,Donald,D,Don,Edwin,E,YOUNG,MH11414066,14066,200,(AK-01),alaska,AK,House,014066.jpg,donald-edwin-young,1,Republican Party,0.021,0.283,0.8492065603662585,251,404error,Donald YOUNG,404error,Don YOUNG,Donald Edwin YOUNG,Donald E YOUNG,Don Edwin YOUNG,Don E YOUNG,"YOUNG, Donald",404error,404error,D E YOUNG,"^YOUNG, D$","^YOUNG, D$","YOUNG, Don",404error,NA,1
NA,25538,2015-01-29,2015,114,"Young, D.","david young|dave young|young, david|^young, d$|young, dave","YOUNG, David",VA,Addt'l info:  health care concerns,1,NA,1,NA,NA,NA,Multiple Young's FOIA,NA,David,D,Dave,NA,NA,YOUNG,MH11421521,21521,200,(IA-03),iowa,IA,House,021521.jpg,david-young,3,Republican Party,-0.038,0.442,0.8799011552008048,251,404error,David YOUNG,404error,Dave YOUNG,404error,404error,404error,404error,"YOUNG, David",404error,404error,404error,"^YOUNG, D$","^YOUNG, D$","YOUNG, Dave",404error,NA,1
NA,25539,2015-01-29,2015,114,"Young, D.","donald young|donald edwin young|donald e young|don young|don edwin young|don e young|young, donald|^young, d$|young, don|d e young","YOUNG, Donald Edwin",VA,Addt'l info:  health care concerns,1,NA,1,NA,NA,NA,Multiple Young's FOIA,NA,Donald,D,Don,Edwin,E,YOUNG,MH11414066,14066,200,(AK-01),alaska,AK,House,014066.jpg,donald-edwin-young,1,Republican Party,0.021,0.283,0.8492065603662585,251,404error,Donald YOUNG,404error,Don YOUNG,Donald Edwin YOUNG,Donald E YOUNG,Don Edwin YOUNG,Don E YOUNG,"YOUNG, Donald",404error,404error,D E YOUNG,"^YOUNG, D$","^YOUNG, D$","YOUNG, Don",404error,NA,1
NA,25555,2015-01-30,2015,114,"Young, D.","david young|dave young|young, david|^young, d$|young, dave","YOUNG, David",VA,Request for expedited review of denied homeless Veteran's claim,1,NA,1,NA,NA,NA,Multiple Young's FOIA,NA,David,D,Dave,NA,NA,YOUNG,MH11421521,21521,200,(IA-03),iowa,IA,House,021521.jpg,david-young,3,Republican Party,-0.038,0.442,0.8799011552008048,251,404error,David YOUNG,404error,Dave YOUNG,404error,404error,404error,404error,"YOUNG, David",404error,404error,404error,"^YOUNG, D$","^YOUNG, D$","YOUNG, Dave",404error,NA,1
NA,25556,2015-01-30,2015,114,"Young, D.","donald young|donald edwin young|donald e young|don young|don edwin young|don e young|young, donald|^young, d$|young, don|d e young","YOUNG, Donald Edwin",VA,Request for expedited review of denied homeless Veteran's claim,1,NA,1,NA,NA,NA,Multiple Young's FOIA,NA,Donald,D,Don,Edwin,E,YOUNG,MH11414066,14066,200,(AK-01),alaska,AK,House,014066.jpg,donald-edwin-young,1,Republican Party,0.021,0.283,0.8492065603662585,251,404error,Donald YOUNG,404error,Don YOUNG,Donald Edwin YOUNG,Donald E YOUNG,Don Edwin YOUNG,Don E YOUNG,"YOUNG, Donald",404error,404error,D E YOUNG,"^YOUNG, D$","^YOUNG, D$","YOUNG, Don",404error,NA,1
NA,25621,2015-02-05,2015,114,"Young, D.","david young|dave young|young, david|^young, d$|young, dave","YOUNG, David",VA,VR&E issues,1,NA,1,NA,NA,NA,Multiple Young's FOIA,NA,David,D,Dave,NA,NA,YOUNG,MH11421521,21521,200,(IA-03),iowa,IA,House,021521.jpg,david-young,3,Republican Party,-0.038,0.442,0.8799011552008048,251,404error,David YOUNG,404error,Dave YOUNG,404error,404error,404error,404error,"YOUNG, David",404error,404error,404error,"^YOUNG, D$","^YOUNG, D$","YOUNG, Dave",404error,NA,1
NA,25622,2015-02-05,2015,114,"Young, D.","donald young|donald edwin young|donald e young|don young|don edwin young|don e young|young, donald|^young, d$|young, don|d e young","YOUNG, Donald Edwin",VA,VR&E issues,1,NA,1,NA,NA,NA,Multiple Young's FOIA,NA,Donald,D,Don,Edwin,E,YOUNG,MH11414066,14066,200,(AK-01),alaska,AK,House,014066.jpg,donald-edwin-young,1,Republican Party,0.021,0.283,0.8492065603662585,251,404error,Donald YOUNG,404error,Don YOUNG,Donald Edwin YOUNG,Donald E YOUNG,Don Edwin YOUNG,Don E YOUNG,"YOUNG, Donald",404error,404error,D E YOUNG,"^YOUNG, D$","^YOUNG, D$","YOUNG, Don",404error,NA,1
NA,25742,2015-02-12,2015,114,"Young, D.","david young|dave young|young, david|^young, d$|young, dave","YOUNG, David",VA,VHA employment issues,1,NA,1,NA,NA,NA,Multiple Young's FOIA,NA,David,D,Dave,NA,NA,YOUNG,MH11421521,21521,200,(IA-03),iowa,IA,House,021521.jpg,david-young,3,Republican Party,-0.038,0.442,0.8799011552008048,251,404error,David YOUNG,404error,Dave YOUNG,404error,404error,404error,404error,"YOUNG, David",404error,404error,404error,"^YOUNG, D$","^YOUNG, D$","YOUNG, Dave",404error,NA,1
NA,25743,2015-02-12,2015,114,"Young, D.","donald young|donald edwin young|donald e young|don young|don edwin young|don e young|young, donald|^young, d$|young, don|d e young","YOUNG, Donald Edwin",VA,VHA employment issues,1,NA,1,NA,NA,NA,Multiple Young's FOIA,NA,Donald,D,Don,Edwin,E,YOUNG,MH11414066,14066,200,(AK-01),alaska,AK,House,014066.jpg,donald-edwin-young,1,Republican Party,0.021,0.283,0.8492065603662585,251,404error,Donald YOUNG,404error,Don YOUNG,Donald Edwin YOUNG,Donald E YOUNG,Don Edwin YOUNG,Don E YOUNG,"YOUNG, Donald",404error,404error,D E YOUNG,"^YOUNG, D$","^YOUNG, D$","YOUNG, Don",404error,NA,1
NA,25794,2015-02-19,2015,114,"Young, D.","david young|dave young|young, david|^young, d$|young, dave","YOUNG, David",VA,Non-VA care billing expenses,1,NA,1,NA,NA,NA,Multiple Young's FOIA,NA,David,D,Dave,NA,NA,YOUNG,MH11421521,21521,200,(IA-03),iowa,IA,House,021521.jpg,david-young,3,Republican Party,-0.038,0.442,0.8799011552008048,251,404error,David YOUNG,404error,Dave YOUNG,404error,404error,404error,404error,"YOUNG, David",404error,404error,404error,"^YOUNG, D$","^YOUNG, D$","YOUNG, Dave",404error,NA,1
NA,25795,2015-02-19,2015,114,"Young, D.","donald young|donald edwin young|donald e young|don young|don edwin young|don e young|young, donald|^young, d$|young, don|d e young","YOUNG, Donald Edwin",VA,Non-VA care billing expenses,1,NA,1,NA,NA,NA,Multiple Young's FOIA,NA,Donald,D,Don,Edwin,E,YOUNG,MH11414066,14066,200,(AK-01),alaska,AK,House,014066.jpg,donald-edwin-young,1,Republican Party,0.021,0.283,0.8492065603662585,251,404error,Donald YOUNG,404error,Don YOUNG,Donald Edwin YOUNG,Donald E YOUNG,Don Edwin YOUNG,Don E YOUNG,"YOUNG, Donald",404error,404error,D E YOUNG,"^YOUNG, D$","^YOUNG, D$","YOUNG, Don",404error,NA,1
NA,25838,2015-02-20,2015,114,"Young, D.","david young|dave young|young, david|^young, d$|young, dave","YOUNG, David",VA,Follow-up:  request for copy of hearing tests from RMC,1,NA,1,NA,NA,NA,Multiple Young's FOIA,NA,David,D,Dave,NA,NA,YOUNG,MH11421521,21521,200,(IA-03),iowa,IA,House,021521.jpg,david-young,3,Republican Party,-0.038,0.442,0.8799011552008048,251,404error,David YOUNG,404error,Dave YOUNG,404error,404error,404error,404error,"YOUNG, David",404error,404error,404error,"^YOUNG, D$","^YOUNG, D$","YOUNG, Dave",404error,NA,1
NA,25839,2015-02-20,2015,114,"Young, D.","donald young|donald edwin young|donald e young|don young|don edwin young|don e young|young, donald|^young, d$|young, don|d e young","YOUNG, Donald Edwin",VA,Follow-up:  request for copy of hearing tests from RMC,1,NA,1,NA,NA,NA,Multiple Young's FOIA,NA,Donald,D,Don,Edwin,E,YOUNG,MH11414066,14066,200,(AK-01),alaska,AK,House,014066.jpg,donald-edwin-young,1,Republican Party,0.021,0.283,0.8492065603662585,251,404error,Donald YOUNG,404error,Don YOUNG,Donald Edwin YOUNG,Donald E YOUNG,Don Edwin YOUNG,Don E YOUNG,"YOUNG, Donald",404error,404error,D E YOUNG,"^YOUNG, D$","^YOUNG, D$","YOUNG, Don",404error,NA,1
NA,25853,2015-02-23,2015,114,"Young, D.","david young|dave young|young, david|^young, d$|young, dave","YOUNG, David",VA,Request for help getting SMR's (rec'd from Navy),1,NA,1,NA,NA,NA,Multiple Young's FOIA,NA,David,D,Dave,NA,NA,YOUNG,MH11421521,21521,200,(IA-03),iowa,IA,House,021521.jpg,david-young,3,Republican Party,-0.038,0.442,0.8799011552008048,251,404error,David YOUNG,404error,Dave YOUNG,404error,404error,404error,404error,"YOUNG, David",404error,404error,404error,"^YOUNG, D$","^YOUNG, D$","YOUNG, Dave",404error,NA,1
NA,25854,2015-02-23,2015,114,"Young, D.","donald young|donald edwin young|donald e young|don young|don edwin young|don e young|young, donald|^young, d$|young, don|d e young","YOUNG, Donald Edwin",VA,Request for help getting SMR's (rec'd from Navy),1,NA,1,NA,NA,NA,Multiple Young's FOIA,NA,Donald,D,Don,Edwin,E,YOUNG,MH11414066,14066,200,(AK-01),alaska,AK,House,014066.jpg,donald-edwin-young,1,Republican Party,0.021,0.283,0.8492065603662585,251,404error,Donald YOUNG,404error,Don YOUNG,Donald Edwin YOUNG,Donald E YOUNG,Don Edwin YOUNG,Don E YOUNG,"YOUNG, Donald",404error,404error,D E YOUNG,"^YOUNG, D$","^YOUNG, D$","YOUNG, Don",404error,NA,1
NA,25914,2015-02-26,2015,114,"Young, D.","david young|dave young|young, david|^young, d$|young, dave","YOUNG, David",VA,Certificate of Eligibility,1,NA,1,NA,NA,NA,Multiple Young's FOIA,NA,David,D,Dave,NA,NA,YOUNG,MH11421521,21521,200,(IA-03),iowa,IA,House,021521.jpg,david-young,3,Republican Party,-0.038,0.442,0.8799011552008048,251,404error,David YOUNG,404error,Dave YOUNG,404error,404error,404error,404error,"YOUNG, David",404error,404error,404error,"^YOUNG, D$","^YOUNG, D$","YOUNG, Dave",404error,NA,1
NA,25915,2015-02-26,2015,114,"Young, D.","donald young|donald edwin young|donald e young|don young|don edwin young|don e young|young, donald|^young, d$|young, don|d e young","YOUNG, Donald Edwin",VA,Certificate of Eligibility,1,NA,1,NA,NA,NA,Multiple Young's FOIA,NA,Donald,D,Don,Edwin,E,YOUNG,MH11414066,14066,200,(AK-01),alaska,AK,House,014066.jpg,donald-edwin-young,1,Republican Party,0.021,0.283,0.8492065603662585,251,404error,Donald YOUNG,404error,Don YOUNG,Donald Edwin YOUNG,Donald E YOUNG,Don Edwin YOUNG,Don E YOUNG,"YOUNG, Donald",404error,404error,D E YOUNG,"^YOUNG, D$","^YOUNG, D$","YOUNG, Don",404error,NA,1
NA,26184,2015-03-16,2015,114,"Young, D.","david young|dave young|young, david|^young, d$|young, dave","YOUNG, David",VA,Eligibility for compensation,1,NA,1,NA,NA,NA,Multiple Young's FOIA,NA,David,D,Dave,NA,NA,YOUNG,MH11421521,21521,200,(IA-03),iowa,IA,House,021521.jpg,david-young,3,Republican Party,-0.038,0.442,0.8799011552008048,251,404error,David YOUNG,404error,Dave YOUNG,404error,404error,404error,404error,"YOUNG, David",404error,404error,404error,"^YOUNG, D$","^YOUNG, D$","YOUNG, Dave",404error,NA,1
NA,26185,2015-03-16,2015,114,"Young, D.","donald young|donald edwin young|donald e young|don young|don edwin young|don e young|young, donald|^young, d$|young, don|d e young","YOUNG, Donald Edwin",VA,Eligibility for compensation,1,NA,1,NA,NA,NA,Multiple Young's FOIA,NA,Donald,D,Don,Edwin,E,YOUNG,MH11414066,14066,200,(AK-01),alaska,AK,House,014066.jpg,donald-edwin-young,1,Republican Party,0.021,0.283,0.8492065603662585,251,404error,Donald YOUNG,404error,Don YOUNG,Donald Edwin YOUNG,Donald E YOUNG,Don Edwin YOUNG,Don E YOUNG,"YOUNG, Donald",404error,404error,D E YOUNG,"^YOUNG, D$","^YOUNG, D$","YOUNG, Don",404error,NA,1
NA,26283,2015-03-24,2015,114,"Young, D.","david young|dave young|young, david|^young, d$|young, dave","YOUNG, David",VA,Follow-up:  medical care concerns,1,NA,1,NA,NA,NA,Multiple Young's FOIA,NA,David,D,Dave,NA,NA,YOUNG,MH11421521,21521,200,(IA-03),iowa,IA,House,021521.jpg,david-young,3,Republican Party,-0.038,0.442,0.8799011552008048,251,404error,David YOUNG,404error,Dave YOUNG,404error,404error,404error,404error,"YOUNG, David",404error,404error,404error,"^YOUNG, D$","^YOUNG, D$","YOUNG, Dave",404error,NA,1
NA,26284,2015-03-24,2015,114,"Young, D.","donald young|donald edwin young|donald e young|don young|don edwin young|don e young|young, donald|^young, d$|young, don|d e young","YOUNG, Donald Edwin",VA,Follow-up:  medical care concerns,1,NA,1,NA,NA,NA,Multiple Young's FOIA,NA,Donald,D,Don,Edwin,E,YOUNG,MH11414066,14066,200,(AK-01),alaska,AK,House,014066.jpg,donald-edwin-young,1,Republican Party,0.021,0.283,0.8492065603662585,251,404error,Donald YOUNG,404error,Don YOUNG,Donald Edwin YOUNG,Donald E YOUNG,Don Edwin YOUNG,Don E YOUNG,"YOUNG, Donald",404error,404error,D E YOUNG,"^YOUNG, D$","^YOUNG, D$","YOUNG, Don",404error,NA,1
NA,26288,2015-03-24,2015,114,"Young, D.","david young|dave young|young, david|^young, d$|young, dave","YOUNG, David",VA,Concerns about claim and non-VA emergency care billing,1,NA,1,NA,NA,NA,Multiple Young's FOIA,NA,David,D,Dave,NA,NA,YOUNG,MH11421521,21521,200,(IA-03),iowa,IA,House,021521.jpg,david-young,3,Republican Party,-0.038,0.442,0.8799011552008048,251,404error,David YOUNG,404error,Dave YOUNG,404error,404error,404error,404error,"YOUNG, David",404error,404error,404error,"^YOUNG, D$","^YOUNG, D$","YOUNG, Dave",404error,NA,1
NA,26289,2015-03-24,2015,114,"Young, D.","donald young|donald edwin young|donald e young|don young|don edwin young|don e young|young, donald|^young, d$|young, don|d e young","YOUNG, Donald Edwin",VA,Concerns about claim and non-VA emergency care billing,1,NA,1,NA,NA,NA,Multiple Young's FOIA,NA,Donald,D,Don,Edwin,E,YOUNG,MH11414066,14066,200,(AK-01),alaska,AK,House,014066.jpg,donald-edwin-young,1,Republican Party,0.021,0.283,0.8492065603662585,251,404error,Donald YOUNG,404error,Don YOUNG,Donald Edwin YOUNG,Donald E YOUNG,Don Edwin YOUNG,Don E YOUNG,"YOUNG, Donald",404error,404error,D E YOUNG,"^YOUNG, D$","^YOUNG, D$","YOUNG, Don",404error,NA,1
NA,26326,2015-03-25,2015,114,"Young, D.","david young|dave young|young, david|^young, d$|young, dave","YOUNG, David",VA,Addt'l info:  VR&E issues,1,NA,1,NA,NA,NA,Multiple Young's FOIA,NA,David,D,Dave,NA,NA,YOUNG,MH11421521,21521,200,(IA-03),iowa,IA,House,021521.jpg,david-young,3,Republican Party,-0.038,0.442,0.8799011552008048,251,404error,David YOUNG,404error,Dave YOUNG,404error,404error,404error,404error,"YOUNG, David",404error,404error,404error,"^YOUNG, D$","^YOUNG, D$","YOUNG, Dave",404error,NA,1
NA,26327,2015-03-25,2015,114,"Young, D.","donald young|donald edwin young|donald e young|don young|don edwin young|don e young|young, donald|^young, d$|young, don|d e young","YOUNG, Donald Edwin",VA,Addt'l info:  VR&E issues,1,NA,1,NA,NA,NA,Multiple Young's FOIA,NA,Donald,D,Don,Edwin,E,YOUNG,MH11414066,14066,200,(AK-01),alaska,AK,House,014066.jpg,donald-edwin-young,1,Republican Party,0.021,0.283,0.8492065603662585,251,404error,Donald YOUNG,404error,Don YOUNG,Donald Edwin YOUNG,Donald E YOUNG,Don Edwin YOUNG,Don E YOUNG,"YOUNG, Donald",404error,404error,D E YOUNG,"^YOUNG, D$","^YOUNG, D$","YOUNG, Don",404error,NA,1
NA,26369,2015-03-27,2015,114,"Young, D.","david young|dave young|young, david|^young, d$|young, dave","YOUNG, David",VA,ChampVA concerns,1,NA,1,NA,NA,NA,Multiple Young's FOIA,NA,David,D,Dave,NA,NA,YOUNG,MH11421521,21521,200,(IA-03),iowa,IA,House,021521.jpg,david-young,3,Republican Party,-0.038,0.442,0.8799011552008048,251,404error,David YOUNG,404error,Dave YOUNG,404error,404error,404error,404error,"YOUNG, David",404error,404error,404error,"^YOUNG, D$","^YOUNG, D$","YOUNG, Dave",404error,NA,1
NA,26370,2015-03-27,2015,114,"Young, D.","donald young|donald edwin young|donald e young|don young|don edwin young|don e young|young, donald|^young, d$|young, don|d e young","YOUNG, Donald Edwin",VA,ChampVA concerns,1,NA,1,NA,NA,NA,Multiple Young's FOIA,NA,Donald,D,Don,Edwin,E,YOUNG,MH11414066,14066,200,(AK-01),alaska,AK,House,014066.jpg,donald-edwin-young,1,Republican Party,0.021,0.283,0.8492065603662585,251,404error,Donald YOUNG,404error,Don YOUNG,Donald Edwin YOUNG,Donald E YOUNG,Don Edwin YOUNG,Don E YOUNG,"YOUNG, Donald",404error,404error,D E YOUNG,"^YOUNG, D$","^YOUNG, D$","YOUNG, Don",404error,NA,1
NA,26478,2015-04-09,2015,114,"Rogers, M.","mike rogers|mike dennis rogers|mike d rogers|michael rogers|michael dennis rogers|michael d rogers|rogers, mike|^rogers, m$|rogers, michael|m d rogers","ROGERS, Mike Dennis",VA,Dual Request:  Difficulties with medical appts. & supplies and claim issues,1,NA,1,NA,NA,NA,Multiple Rogers' FOIA,NA,Mike,M,Michael,Dennis,D,ROGERS,MH11420301,20301,200,(AL-03),alabama,AL,House,020301.jpg,mike-dennis-rogers,3,Republican Party,0.457,0.352,0.8839376217739167,251,404error,Mike ROGERS,404error,Michael ROGERS,Mike Dennis ROGERS,Mike D ROGERS,Michael Dennis ROGERS,Michael D ROGERS,"ROGERS, Mike",404error,404error,M D ROGERS,"^ROGERS, M$","^ROGERS, M$","ROGERS, Michael",404error,NA,1
NA,26581,2015-04-17,2015,114,"Young, D.","david young|dave young|young, david|^young, d$|young, dave","YOUNG, David",VA,Seeking reversal of LG decision,1,NA,1,NA,NA,NA,Multiple Young's FOIA,NA,David,D,Dave,NA,NA,YOUNG,MH11421521,21521,200,(IA-03),iowa,IA,House,021521.jpg,david-young,3,Republican Party,-0.038,0.442,0.8799011552008048,251,404error,David YOUNG,404error,Dave YOUNG,404error,404error,404error,404error,"YOUNG, David",404error,404error,404error,"^YOUNG, D$","^YOUNG, D$","YOUNG, Dave",404error,NA,1
NA,26582,2015-04-17,2015,114,"Young, D.","donald young|donald edwin young|donald e young|don young|don edwin young|don e young|young, donald|^young, d$|young, don|d e young","YOUNG, Donald Edwin",VA,Seeking reversal of LG decision,1,NA,1,NA,NA,NA,Multiple Young's FOIA,NA,Donald,D,Don,Edwin,E,YOUNG,MH11414066,14066,200,(AK-01),alaska,AK,House,014066.jpg,donald-edwin-young,1,Republican Party,0.021,0.283,0.8492065603662585,251,404error,Donald YOUNG,404error,Don YOUNG,Donald Edwin YOUNG,Donald E YOUNG,Don Edwin YOUNG,Don E YOUNG,"YOUNG, Donald",404error,404error,D E YOUNG,"^YOUNG, D$","^YOUNG, D$","YOUNG, Don",404error,NA,1
NA,26717,2015-04-27,2015,114,"Young, D.","david young|dave young|young, david|^young, d$|young, dave","YOUNG, David",VA,Follow-up:  VR&E issues,1,NA,1,NA,NA,NA,Multiple Young's FOIA,NA,David,D,Dave,NA,NA,YOUNG,MH11421521,21521,200,(IA-03),iowa,IA,House,021521.jpg,david-young,3,Republican Party,-0.038,0.442,0.8799011552008048,251,404error,David YOUNG,404error,Dave YOUNG,404error,404error,404error,404error,"YOUNG, David",404error,404error,404error,"^YOUNG, D$","^YOUNG, D$","YOUNG, Dave",404error,NA,1
NA,26718,2015-04-27,2015,114,"Young, D.","donald young|donald edwin young|donald e young|don young|don edwin young|don e young|young, donald|^young, d$|young, don|d e young","YOUNG, Donald Edwin",VA,Follow-up:  VR&E issues,1,NA,1,NA,NA,NA,Multiple Young's FOIA,NA,Donald,D,Don,Edwin,E,YOUNG,MH11414066,14066,200,(AK-01),alaska,AK,House,014066.jpg,donald-edwin-young,1,Republican Party,0.021,0.283,0.8492065603662585,251,404error,Donald YOUNG,404error,Don YOUNG,Donald Edwin YOUNG,Donald E YOUNG,Don Edwin YOUNG,Don E YOUNG,"YOUNG, Donald",404error,404error,D E YOUNG,"^YOUNG, D$","^YOUNG, D$","YOUNG, Don",404error,NA,1
NA,26726,2015-04-27,2015,114,"Young, D.","david young|dave young|young, david|^young, d$|young, dave","YOUNG, David",VA,Status of DRO request,1,NA,1,NA,NA,NA,Multiple Young's FOIA,NA,David,D,Dave,NA,NA,YOUNG,MH11421521,21521,200,(IA-03),iowa,IA,House,021521.jpg,david-young,3,Republican Party,-0.038,0.442,0.8799011552008048,251,404error,David YOUNG,404error,Dave YOUNG,404error,404error,404error,404error,"YOUNG, David",404error,404error,404error,"^YOUNG, D$","^YOUNG, D$","YOUNG, Dave",404error,NA,1
NA,26727,2015-04-27,2015,114,"Young, D.","donald young|donald edwin young|donald e young|don young|don edwin young|don e young|young, donald|^young, d$|young, don|d e young","YOUNG, Donald Edwin",VA,Status of DRO request,1,NA,1,NA,NA,NA,Multiple Young's FOIA,NA,Donald,D,Don,Edwin,E,YOUNG,MH11414066,14066,200,(AK-01),alaska,AK,House,014066.jpg,donald-edwin-young,1,Republican Party,0.021,0.283,0.8492065603662585,251,404error,Donald YOUNG,404error,Don YOUNG,Donald Edwin YOUNG,Donald E YOUNG,Don Edwin YOUNG,Don E YOUNG,"YOUNG, Donald",404error,404error,D E YOUNG,"^YOUNG, D$","^YOUNG, D$","YOUNG, Don",404error,NA,1
NA,26830,2015-05-05,2015,114,"Young, D.","david young|dave young|young, david|^young, d$|young, dave","YOUNG, David",VA,Follow-up: Dependency claim issues,1,NA,1,NA,NA,NA,Multiple Young's FOIA,NA,David,D,Dave,NA,NA,YOUNG,MH11421521,21521,200,(IA-03),iowa,IA,House,021521.jpg,david-young,3,Republican Party,-0.038,0.442,0.8799011552008048,251,404error,David YOUNG,404error,Dave YOUNG,404error,404error,404error,404error,"YOUNG, David",404error,404error,404error,"^YOUNG, D$","^YOUNG, D$","YOUNG, Dave",404error,NA,1
NA,26831,2015-05-05,2015,114,"Young, D.","donald young|donald edwin young|donald e young|don young|don edwin young|don e young|young, donald|^young, d$|young, don|d e young","YOUNG, Donald Edwin",VA,Follow-up: Dependency claim issues,1,NA,1,NA,NA,NA,Multiple Young's FOIA,NA,Donald,D,Don,Edwin,E,YOUNG,MH11414066,14066,200,(AK-01),alaska,AK,House,014066.jpg,donald-edwin-young,1,Republican Party,0.021,0.283,0.8492065603662585,251,404error,Donald YOUNG,404error,Don YOUNG,Donald Edwin YOUNG,Donald E YOUNG,Don Edwin YOUNG,Don E YOUNG,"YOUNG, Donald",404error,404error,D E YOUNG,"^YOUNG, D$","^YOUNG, D$","YOUNG, Don",404error,NA,1
NA,26945,2015-05-13,2015,114,"Young, D.","david young|dave young|young, david|^young, d$|young, dave","YOUNG, David",VA,RONA request,NA,NA,NA,NA,NA,NA,Multiple Young's FOIA,NA,David,D,Dave,NA,NA,YOUNG,MH11421521,21521,200,(IA-03),iowa,IA,House,021521.jpg,david-young,3,Republican Party,-0.038,0.442,0.8799011552008048,251,404error,David YOUNG,404error,Dave YOUNG,404error,404error,404error,404error,"YOUNG, David",404error,404error,404error,"^YOUNG, D$","^YOUNG, D$","YOUNG, Dave",404error,NA,1
NA,26946,2015-05-13,2015,114,"Young, D.","donald young|donald edwin young|donald e young|don young|don edwin young|don e young|young, donald|^young, d$|young, don|d e young","YOUNG, Donald Edwin",VA,RONA request,NA,NA,NA,NA,NA,NA,Multiple Young's FOIA,NA,Donald,D,Don,Edwin,E,YOUNG,MH11414066,14066,200,(AK-01),alaska,AK,House,014066.jpg,donald-edwin-young,1,Republican Party,0.021,0.283,0.8492065603662585,251,404error,Donald YOUNG,404error,Don YOUNG,Donald Edwin YOUNG,Donald E YOUNG,Don Edwin YOUNG,Don E YOUNG,"YOUNG, Donald",404error,404error,D E YOUNG,"^YOUNG, D$","^YOUNG, D$","YOUNG, Don",404error,NA,1
NA,26969,2015-05-14,2015,114,"Young, D.","david young|dave young|young, david|^young, d$|young, dave","YOUNG, David",VA,Follow-up:  Seeking reversal of LG decision,1,NA,1,NA,NA,NA,Multiple Young's FOIA,NA,David,D,Dave,NA,NA,YOUNG,MH11421521,21521,200,(IA-03),iowa,IA,House,021521.jpg,david-young,3,Republican Party,-0.038,0.442,0.8799011552008048,251,404error,David YOUNG,404error,Dave YOUNG,404error,404error,404error,404error,"YOUNG, David",404error,404error,404error,"^YOUNG, D$","^YOUNG, D$","YOUNG, Dave",404error,NA,1
NA,26970,2015-05-14,2015,114,"Young, D.","donald young|donald edwin young|donald e young|don young|don edwin young|don e young|young, donald|^young, d$|young, don|d e young","YOUNG, Donald Edwin",VA,Follow-up:  Seeking reversal of LG decision,1,NA,1,NA,NA,NA,Multiple Young's FOIA,NA,Donald,D,Don,Edwin,E,YOUNG,MH11414066,14066,200,(AK-01),alaska,AK,House,014066.jpg,donald-edwin-young,1,Republican Party,0.021,0.283,0.8492065603662585,251,404error,Donald YOUNG,404error,Don YOUNG,Donald Edwin YOUNG,Donald E YOUNG,Don Edwin YOUNG,Don E YOUNG,"YOUNG, Donald",404error,404error,D E YOUNG,"^YOUNG, D$","^YOUNG, D$","YOUNG, Don",404error,NA,1
NA,26979,2015-05-14,2015,114,"Rogers, M.","mike rogers|mike dennis rogers|mike d rogers|michael rogers|michael dennis rogers|michael d rogers|rogers, mike|^rogers, m$|rogers, michael|m d rogers","ROGERS, Mike Dennis",VA,Questions about health care deceased Veteran received and termination of mother's survivor benefits,1,NA,1,NA,NA,NA,Multiple Rogers' FOIA,NA,Mike,M,Michael,Dennis,D,ROGERS,MH11420301,20301,200,(AL-03),alabama,AL,House,020301.jpg,mike-dennis-rogers,3,Republican Party,0.457,0.352,0.8839376217739167,251,404error,Mike ROGERS,404error,Michael ROGERS,Mike Dennis ROGERS,Mike D ROGERS,Michael Dennis ROGERS,Michael D ROGERS,"ROGERS, Mike",404error,404error,M D ROGERS,"^ROGERS, M$","^ROGERS, M$","ROGERS, Michael",404error,NA,1
NA,27053,2015-05-20,2015,114,"Young, D.","david young|dave young|young, david|^young, d$|young, dave","YOUNG, David",VA,Follow-up:  VR&E issues,1,NA,1,NA,NA,NA,Multiple Young's FOIA,NA,David,D,Dave,NA,NA,YOUNG,MH11421521,21521,200,(IA-03),iowa,IA,House,021521.jpg,david-young,3,Republican Party,-0.038,0.442,0.8799011552008048,251,404error,David YOUNG,404error,Dave YOUNG,404error,404error,404error,404error,"YOUNG, David",404error,404error,404error,"^YOUNG, D$","^YOUNG, D$","YOUNG, Dave",404error,NA,1
NA,27054,2015-05-20,2015,114,"Young, D.","donald young|donald edwin young|donald e young|don young|don edwin young|don e young|young, donald|^young, d$|young, don|d e young","YOUNG, Donald Edwin",VA,Follow-up:  VR&E issues,1,NA,1,NA,NA,NA,Multiple Young's FOIA,NA,Donald,D,Don,Edwin,E,YOUNG,MH11414066,14066,200,(AK-01),alaska,AK,House,014066.jpg,donald-edwin-young,1,Republican Party,0.021,0.283,0.8492065603662585,251,404error,Donald YOUNG,404error,Don YOUNG,Donald Edwin YOUNG,Donald E YOUNG,Don Edwin YOUNG,Don E YOUNG,"YOUNG, Donald",404error,404error,D E YOUNG,"^YOUNG, D$","^YOUNG, D$","YOUNG, Don",404error,NA,1
NA,27095,2015-05-26,2015,114,"Young, D.","david young|dave young|young, david|^young, d$|young, dave","YOUNG, David",VA,Request for help in getting COE,1,NA,1,NA,NA,NA,Multiple Young's FOIA,NA,David,D,Dave,NA,NA,YOUNG,MH11421521,21521,200,(IA-03),iowa,IA,House,021521.jpg,david-young,3,Republican Party,-0.038,0.442,0.8799011552008048,251,404error,David YOUNG,404error,Dave YOUNG,404error,404error,404error,404error,"YOUNG, David",404error,404error,404error,"^YOUNG, D$","^YOUNG, D$","YOUNG, Dave",404error,NA,1
NA,27096,2015-05-26,2015,114,"Young, D.","donald young|donald edwin young|donald e young|don young|don edwin young|don e young|young, donald|^young, d$|young, don|d e young","YOUNG, Donald Edwin",VA,Request for help in getting COE,1,NA,1,NA,NA,NA,Multiple Young's FOIA,NA,Donald,D,Don,Edwin,E,YOUNG,MH11414066,14066,200,(AK-01),alaska,AK,House,014066.jpg,donald-edwin-young,1,Republican Party,0.021,0.283,0.8492065603662585,251,404error,Donald YOUNG,404error,Don YOUNG,Donald Edwin YOUNG,Donald E YOUNG,Don Edwin YOUNG,Don E YOUNG,"YOUNG, Donald",404error,404error,D E YOUNG,"^YOUNG, D$","^YOUNG, D$","YOUNG, Don",404error,NA,1
NA,27120,2015-05-27,2015,114,"Young, D.","david young|dave young|young, david|^young, d$|young, dave","YOUNG, David",VA,Follow-up:  Non-VA care billing expenses,1,NA,1,NA,NA,NA,Multiple Young's FOIA,NA,David,D,Dave,NA,NA,YOUNG,MH11421521,21521,200,(IA-03),iowa,IA,House,021521.jpg,david-young,3,Republican Party,-0.038,0.442,0.8799011552008048,251,404error,David YOUNG,404error,Dave YOUNG,404error,404error,404error,404error,"YOUNG, David",404error,404error,404error,"^YOUNG, D$","^YOUNG, D$","YOUNG, Dave",404error,NA,1
NA,27121,2015-05-27,2015,114,"Young, D.","donald young|donald edwin young|donald e young|don young|don edwin young|don e young|young, donald|^young, d$|young, don|d e young","YOUNG, Donald Edwin",VA,Follow-up:  Non-VA care billing expenses,1,NA,1,NA,NA,NA,Multiple Young's FOIA,NA,Donald,D,Don,Edwin,E,YOUNG,MH11414066,14066,200,(AK-01),alaska,AK,House,014066.jpg,donald-edwin-young,1,Republican Party,0.021,0.283,0.8492065603662585,251,404error,Donald YOUNG,404error,Don YOUNG,Donald Edwin YOUNG,Donald E YOUNG,Don Edwin YOUNG,Don E YOUNG,"YOUNG, Donald",404error,404error,D E YOUNG,"^YOUNG, D$","^YOUNG, D$","YOUNG, Don",404error,NA,1
NA,27429,2015-06-12,2015,114,"Young, D.","david young|dave young|young, david|^young, d$|young, dave","YOUNG, David",VA,Request for medical treatments,1,NA,1,NA,NA,NA,Multiple Young's FOIA,NA,David,D,Dave,NA,NA,YOUNG,MH11421521,21521,200,(IA-03),iowa,IA,House,021521.jpg,david-young,3,Republican Party,-0.038,0.442,0.8799011552008048,251,404error,David YOUNG,404error,Dave YOUNG,404error,404error,404error,404error,"YOUNG, David",404error,404error,404error,"^YOUNG, D$","^YOUNG, D$","YOUNG, Dave",404error,NA,1
NA,27430,2015-06-12,2015,114,"Young, D.","donald young|donald edwin young|donald e young|don young|don edwin young|don e young|young, donald|^young, d$|young, don|d e young","YOUNG, Donald Edwin",VA,Request for medical treatments,1,NA,1,NA,NA,NA,Multiple Young's FOIA,NA,Donald,D,Don,Edwin,E,YOUNG,MH11414066,14066,200,(AK-01),alaska,AK,House,014066.jpg,donald-edwin-young,1,Republican Party,0.021,0.283,0.8492065603662585,251,404error,Donald YOUNG,404error,Don YOUNG,Donald Edwin YOUNG,Donald E YOUNG,Don Edwin YOUNG,Don E YOUNG,"YOUNG, Donald",404error,404error,D E YOUNG,"^YOUNG, D$","^YOUNG, D$","YOUNG, Don",404error,NA,1
NA,27545,2015-06-22,2015,114,"Young, D.","david young|dave young|young, david|^young, d$|young, dave","YOUNG, David",VA,Request for waiver of overpayment,1,NA,1,NA,NA,NA,Multiple Young's FOIA,NA,David,D,Dave,NA,NA,YOUNG,MH11421521,21521,200,(IA-03),iowa,IA,House,021521.jpg,david-young,3,Republican Party,-0.038,0.442,0.8799011552008048,251,404error,David YOUNG,404error,Dave YOUNG,404error,404error,404error,404error,"YOUNG, David",404error,404error,404error,"^YOUNG, D$","^YOUNG, D$","YOUNG, Dave",404error,NA,1
NA,27546,2015-06-22,2015,114,"Young, D.","donald young|donald edwin young|donald e young|don young|don edwin young|don e young|young, donald|^young, d$|young, don|d e young","YOUNG, Donald Edwin",VA,Request for waiver of overpayment,1,NA,1,NA,NA,NA,Multiple Young's FOIA,NA,Donald,D,Don,Edwin,E,YOUNG,MH11414066,14066,200,(AK-01),alaska,AK,House,014066.jpg,donald-edwin-young,1,Republican Party,0.021,0.283,0.8492065603662585,251,404error,Donald YOUNG,404error,Don YOUNG,Donald Edwin YOUNG,Donald E YOUNG,Don Edwin YOUNG,Don E YOUNG,"YOUNG, Donald",404error,404error,D E YOUNG,"^YOUNG, D$","^YOUNG, D$","YOUNG, Don",404error,NA,1
NA,27611,2015-06-25,2015,114,"Young, D.","david young|dave young|young, david|^young, d$|young, dave","YOUNG, David",VA,Request for travel benefits and extension of medical appeal,1,NA,1,NA,NA,NA,Multiple Young's FOIA,NA,David,D,Dave,NA,NA,YOUNG,MH11421521,21521,200,(IA-03),iowa,IA,House,021521.jpg,david-young,3,Republican Party,-0.038,0.442,0.8799011552008048,251,404error,David YOUNG,404error,Dave YOUNG,404error,404error,404error,404error,"YOUNG, David",404error,404error,404error,"^YOUNG, D$","^YOUNG, D$","YOUNG, Dave",404error,NA,1
NA,27612,2015-06-25,2015,114,"Young, D.","donald young|donald edwin young|donald e young|don young|don edwin young|don e young|young, donald|^young, d$|young, don|d e young","YOUNG, Donald Edwin",VA,Request for travel benefits and extension of medical appeal,1,NA,1,NA,NA,NA,Multiple Young's FOIA,NA,Donald,D,Don,Edwin,E,YOUNG,MH11414066,14066,200,(AK-01),alaska,AK,House,014066.jpg,donald-edwin-young,1,Republican Party,0.021,0.283,0.8492065603662585,251,404error,Donald YOUNG,404error,Don YOUNG,Donald Edwin YOUNG,Donald E YOUNG,Don Edwin YOUNG,Don E YOUNG,"YOUNG, Donald",404error,404error,D E YOUNG,"^YOUNG, D$","^YOUNG, D$","YOUNG, Don",404error,NA,1
NA,27631,2015-06-26,2015,114,"Young, D.","david young|dave young|young, david|^young, d$|young, dave","YOUNG, David",VA,Addt'l info:  Request for travel benefits and extension of medical appeal,1,NA,1,NA,NA,NA,Multiple Young's FOIA,NA,David,D,Dave,NA,NA,YOUNG,MH11421521,21521,200,(IA-03),iowa,IA,House,021521.jpg,david-young,3,Republican Party,-0.038,0.442,0.8799011552008048,251,404error,David YOUNG,404error,Dave YOUNG,404error,404error,404error,404error,"YOUNG, David",404error,404error,404error,"^YOUNG, D$","^YOUNG, D$","YOUNG, Dave",404error,NA,1
NA,27632,2015-06-26,2015,114,"Young, D.","donald young|donald edwin young|donald e young|don young|don edwin young|don e young|young, donald|^young, d$|young, don|d e young","YOUNG, Donald Edwin",VA,Addt'l info:  Request for travel benefits and extension of medical appeal,1,NA,1,NA,NA,NA,Multiple Young's FOIA,NA,Donald,D,Don,Edwin,E,YOUNG,MH11414066,14066,200,(AK-01),alaska,AK,House,014066.jpg,donald-edwin-young,1,Republican Party,0.021,0.283,0.8492065603662585,251,404error,Donald YOUNG,404error,Don YOUNG,Donald Edwin YOUNG,Donald E YOUNG,Don Edwin YOUNG,Don E YOUNG,"YOUNG, Donald",404error,404error,D E YOUNG,"^YOUNG, D$","^YOUNG, D$","YOUNG, Don",404error,NA,1
NA,27679,2015-07-01,2015,114,"Young, D.","david young|dave young|young, david|^young, d$|young, dave","YOUNG, David",VA,Transferability of GI Benefits,1,NA,1,NA,NA,NA,Multiple Young's FOIA,NA,David,D,Dave,NA,NA,YOUNG,MH11421521,21521,200,(IA-03),iowa,IA,House,021521.jpg,david-young,3,Republican Party,-0.038,0.442,0.8799011552008048,251,404error,David YOUNG,404error,Dave YOUNG,404error,404error,404error,404error,"YOUNG, David",404error,404error,404error,"^YOUNG, D$","^YOUNG, D$","YOUNG, Dave",404error,NA,1
NA,27680,2015-07-01,2015,114,"Young, D.","donald young|donald edwin young|donald e young|don young|don edwin young|don e young|young, donald|^young, d$|young, don|d e young","YOUNG, Donald Edwin",VA,Transferability of GI Benefits,1,NA,1,NA,NA,NA,Multiple Young's FOIA,NA,Donald,D,Don,Edwin,E,YOUNG,MH11414066,14066,200,(AK-01),alaska,AK,House,014066.jpg,donald-edwin-young,1,Republican Party,0.021,0.283,0.8492065603662585,251,404error,Donald YOUNG,404error,Don YOUNG,Donald Edwin YOUNG,Donald E YOUNG,Don Edwin YOUNG,Don E YOUNG,"YOUNG, Donald",404error,404error,D E YOUNG,"^YOUNG, D$","^YOUNG, D$","YOUNG, Don",404error,NA,1
NA,27834,2015-07-13,2015,114,"Young, D.","david young|dave young|young, david|^young, d$|young, dave","YOUNG, David",VA,Debt Issue,1,NA,1,NA,NA,NA,Multiple Young's FOIA,NA,David,D,Dave,NA,NA,YOUNG,MH11421521,21521,200,(IA-03),iowa,IA,House,021521.jpg,david-young,3,Republican Party,-0.038,0.442,0.8799011552008048,251,404error,David YOUNG,404error,Dave YOUNG,404error,404error,404error,404error,"YOUNG, David",404error,404error,404error,"^YOUNG, D$","^YOUNG, D$","YOUNG, Dave",404error,NA,1
NA,27835,2015-07-13,2015,114,"Young, D.","donald young|donald edwin young|donald e young|don young|don edwin young|don e young|young, donald|^young, d$|young, don|d e young","YOUNG, Donald Edwin",VA,Debt Issue,1,NA,1,NA,NA,NA,Multiple Young's FOIA,NA,Donald,D,Don,Edwin,E,YOUNG,MH11414066,14066,200,(AK-01),alaska,AK,House,014066.jpg,donald-edwin-young,1,Republican Party,0.021,0.283,0.8492065603662585,251,404error,Donald YOUNG,404error,Don YOUNG,Donald Edwin YOUNG,Donald E YOUNG,Don Edwin YOUNG,Don E YOUNG,"YOUNG, Donald",404error,404error,D E YOUNG,"^YOUNG, D$","^YOUNG, D$","YOUNG, Don",404error,NA,1
NA,27851,2015-07-14,2015,114,"Young, D.","david young|dave young|young, david|^young, d$|young, dave","YOUNG, David",VA,Request for help in processing appeal,1,NA,1,NA,NA,NA,Multiple Young's FOIA,NA,David,D,Dave,NA,NA,YOUNG,MH11421521,21521,200,(IA-03),iowa,IA,House,021521.jpg,david-young,3,Republican Party,-0.038,0.442,0.8799011552008048,251,404error,David YOUNG,404error,Dave YOUNG,404error,404error,404error,404error,"YOUNG, David",404error,404error,404error,"^YOUNG, D$","^YOUNG, D$","YOUNG, Dave",404error,NA,1
NA,27852,2015-07-14,2015,114,"Young, D.","donald young|donald edwin young|donald e young|don young|don edwin young|don e young|young, donald|^young, d$|young, don|d e young","YOUNG, Donald Edwin",VA,Request for help in processing appeal,1,NA,1,NA,NA,NA,Multiple Young's FOIA,NA,Donald,D,Don,Edwin,E,YOUNG,MH11414066,14066,200,(AK-01),alaska,AK,House,014066.jpg,donald-edwin-young,1,Republican Party,0.021,0.283,0.8492065603662585,251,404error,Donald YOUNG,404error,Don YOUNG,Donald Edwin YOUNG,Donald E YOUNG,Don Edwin YOUNG,Don E YOUNG,"YOUNG, Donald",404error,404error,D E YOUNG,"^YOUNG, D$","^YOUNG, D$","YOUNG, Don",404error,NA,1
NA,27910,2015-07-17,2015,114,"Young, D.","david young|dave young|young, david|^young, d$|young, dave","YOUNG, David",VA,Appeal of VA denial (rec'd from Navy),1,NA,1,NA,NA,NA,Multiple Young's FOIA,NA,David,D,Dave,NA,NA,YOUNG,MH11421521,21521,200,(IA-03),iowa,IA,House,021521.jpg,david-young,3,Republican Party,-0.038,0.442,0.8799011552008048,251,404error,David YOUNG,404error,Dave YOUNG,404error,404error,404error,404error,"YOUNG, David",404error,404error,404error,"^YOUNG, D$","^YOUNG, D$","YOUNG, Dave",404error,NA,1
NA,27911,2015-07-17,2015,114,"Young, D.","donald young|donald edwin young|donald e young|don young|don edwin young|don e young|young, donald|^young, d$|young, don|d e young","YOUNG, Donald Edwin",VA,Appeal of VA denial (rec'd from Navy),1,NA,1,NA,NA,NA,Multiple Young's FOIA,NA,Donald,D,Don,Edwin,E,YOUNG,MH11414066,14066,200,(AK-01),alaska,AK,House,014066.jpg,donald-edwin-young,1,Republican Party,0.021,0.283,0.8492065603662585,251,404error,Donald YOUNG,404error,Don YOUNG,Donald Edwin YOUNG,Donald E YOUNG,Don Edwin YOUNG,Don E YOUNG,"YOUNG, Donald",404error,404error,D E YOUNG,"^YOUNG, D$","^YOUNG, D$","YOUNG, Don",404error,NA,1
NA,27945,2015-07-21,2015,114,"Young, D.","david young|dave young|young, david|^young, d$|young, dave","YOUNG, David",VA,Customer Feedback at VAMC,1,NA,1,NA,NA,NA,Multiple Young's FOIA,NA,David,D,Dave,NA,NA,YOUNG,MH11421521,21521,200,(IA-03),iowa,IA,House,021521.jpg,david-young,3,Republican Party,-0.038,0.442,0.8799011552008048,251,404error,David YOUNG,404error,Dave YOUNG,404error,404error,404error,404error,"YOUNG, David",404error,404error,404error,"^YOUNG, D$","^YOUNG, D$","YOUNG, Dave",404error,NA,1
NA,27946,2015-07-21,2015,114,"Young, D.","donald young|donald edwin young|donald e young|don young|don edwin young|don e young|young, donald|^young, d$|young, don|d e young","YOUNG, Donald Edwin",VA,Customer Feedback at VAMC,1,NA,1,NA,NA,NA,Multiple Young's FOIA,NA,Donald,D,Don,Edwin,E,YOUNG,MH11414066,14066,200,(AK-01),alaska,AK,House,014066.jpg,donald-edwin-young,1,Republican Party,0.021,0.283,0.8492065603662585,251,404error,Donald YOUNG,404error,Don YOUNG,Donald Edwin YOUNG,Donald E YOUNG,Don Edwin YOUNG,Don E YOUNG,"YOUNG, Donald",404error,404error,D E YOUNG,"^YOUNG, D$","^YOUNG, D$","YOUNG, Don",404error,NA,1
NA,27971,2015-07-23,2015,114,"Young, D.","david young|dave young|young, david|^young, d$|young, dave","YOUNG, David",VA,Follow-up:  Request for medical treatments,1,NA,1,NA,NA,NA,Multiple Young's FOIA,NA,David,D,Dave,NA,NA,YOUNG,MH11421521,21521,200,(IA-03),iowa,IA,House,021521.jpg,david-young,3,Republican Party,-0.038,0.442,0.8799011552008048,251,404error,David YOUNG,404error,Dave YOUNG,404error,404error,404error,404error,"YOUNG, David",404error,404error,404error,"^YOUNG, D$","^YOUNG, D$","YOUNG, Dave",404error,NA,1
NA,27972,2015-07-23,2015,114,"Young, D.","donald young|donald edwin young|donald e young|don young|don edwin young|don e young|young, donald|^young, d$|young, don|d e young","YOUNG, Donald Edwin",VA,Follow-up:  Request for medical treatments,1,NA,1,NA,NA,NA,Multiple Young's FOIA,NA,Donald,D,Don,Edwin,E,YOUNG,MH11414066,14066,200,(AK-01),alaska,AK,House,014066.jpg,donald-edwin-young,1,Republican Party,0.021,0.283,0.8492065603662585,251,404error,Donald YOUNG,404error,Don YOUNG,Donald Edwin YOUNG,Donald E YOUNG,Don Edwin YOUNG,Don E YOUNG,"YOUNG, Donald",404error,404error,D E YOUNG,"^YOUNG, D$","^YOUNG, D$","YOUNG, Don",404error,NA,1
NA,28033,2015-07-29,2015,114,"Young, D.","david young|dave young|young, david|^young, d$|young, dave","YOUNG, David",VA,Request for assistance with appeal,1,NA,1,NA,NA,NA,Multiple Young's FOIA,NA,David,D,Dave,NA,NA,YOUNG,MH11421521,21521,200,(IA-03),iowa,IA,House,021521.jpg,david-young,3,Republican Party,-0.038,0.442,0.8799011552008048,251,404error,David YOUNG,404error,Dave YOUNG,404error,404error,404error,404error,"YOUNG, David",404error,404error,404error,"^YOUNG, D$","^YOUNG, D$","YOUNG, Dave",404error,NA,1
NA,28034,2015-07-29,2015,114,"Young, D.","donald young|donald edwin young|donald e young|don young|don edwin young|don e young|young, donald|^young, d$|young, don|d e young","YOUNG, Donald Edwin",VA,Request for assistance with appeal,1,NA,1,NA,NA,NA,Multiple Young's FOIA,NA,Donald,D,Don,Edwin,E,YOUNG,MH11414066,14066,200,(AK-01),alaska,AK,House,014066.jpg,donald-edwin-young,1,Republican Party,0.021,0.283,0.8492065603662585,251,404error,Donald YOUNG,404error,Don YOUNG,Donald Edwin YOUNG,Donald E YOUNG,Don Edwin YOUNG,Don E YOUNG,"YOUNG, Donald",404error,404error,D E YOUNG,"^YOUNG, D$","^YOUNG, D$","YOUNG, Don",404error,NA,1
NA,28093,2015-08-05,2015,114,"Young, D.","david young|dave young|young, david|^young, d$|young, dave","YOUNG, David",VA,Request for help in receiving VA healthcare,1,NA,1,NA,NA,NA,Multiple Young's FOIA,NA,David,D,Dave,NA,NA,YOUNG,MH11421521,21521,200,(IA-03),iowa,IA,House,021521.jpg,david-young,3,Republican Party,-0.038,0.442,0.8799011552008048,251,404error,David YOUNG,404error,Dave YOUNG,404error,404error,404error,404error,"YOUNG, David",404error,404error,404error,"^YOUNG, D$","^YOUNG, D$","YOUNG, Dave",404error,NA,1
NA,28094,2015-08-05,2015,114,"Young, D.","donald young|donald edwin young|donald e young|don young|don edwin young|don e young|young, donald|^young, d$|young, don|d e young","YOUNG, Donald Edwin",VA,Request for help in receiving VA healthcare,1,NA,1,NA,NA,NA,Multiple Young's FOIA,NA,Donald,D,Don,Edwin,E,YOUNG,MH11414066,14066,200,(AK-01),alaska,AK,House,014066.jpg,donald-edwin-young,1,Republican Party,0.021,0.283,0.8492065603662585,251,404error,Donald YOUNG,404error,Don YOUNG,Donald Edwin YOUNG,Donald E YOUNG,Don Edwin YOUNG,Don E YOUNG,"YOUNG, Donald",404error,404error,D E YOUNG,"^YOUNG, D$","^YOUNG, D$","YOUNG, Don",404error,NA,1
NA,28114,2015-08-06,2015,114,"Young, D.","david young|dave young|young, david|^young, d$|young, dave","YOUNG, David",VA,Restoration of VA benefits,1,NA,1,NA,NA,NA,Multiple Young's FOIA,NA,David,D,Dave,NA,NA,YOUNG,MH11421521,21521,200,(IA-03),iowa,IA,House,021521.jpg,david-young,3,Republican Party,-0.038,0.442,0.8799011552008048,251,404error,David YOUNG,404error,Dave YOUNG,404error,404error,404error,404error,"YOUNG, David",404error,404error,404error,"^YOUNG, D$","^YOUNG, D$","YOUNG, Dave",404error,NA,1
NA,28115,2015-08-06,2015,114,"Young, D.","donald young|donald edwin young|donald e young|don young|don edwin young|don e young|young, donald|^young, d$|young, don|d e young","YOUNG, Donald Edwin",VA,Restoration of VA benefits,1,NA,1,NA,NA,NA,Multiple Young's FOIA,NA,Donald,D,Don,Edwin,E,YOUNG,MH11414066,14066,200,(AK-01),alaska,AK,House,014066.jpg,donald-edwin-young,1,Republican Party,0.021,0.283,0.8492065603662585,251,404error,Donald YOUNG,404error,Don YOUNG,Donald Edwin YOUNG,Donald E YOUNG,Don Edwin YOUNG,Don E YOUNG,"YOUNG, Donald",404error,404error,D E YOUNG,"^YOUNG, D$","^YOUNG, D$","YOUNG, Don",404error,NA,1
NA,28134,2015-08-07,2015,114,"Young, D.","david young|dave young|young, david|^young, d$|young, dave","YOUNG, David",VA,Non-VA emergency room bills,1,NA,1,NA,NA,NA,Multiple Young's FOIA,NA,David,D,Dave,NA,NA,YOUNG,MH11421521,21521,200,(IA-03),iowa,IA,House,021521.jpg,david-young,3,Republican Party,-0.038,0.442,0.8799011552008048,251,404error,David YOUNG,404error,Dave YOUNG,404error,404error,404error,404error,"YOUNG, David",404error,404error,404error,"^YOUNG, D$","^YOUNG, D$","YOUNG, Dave",404error,NA,1
NA,28135,2015-08-07,2015,114,"Young, D.","donald young|donald edwin young|donald e young|don young|don edwin young|don e young|young, donald|^young, d$|young, don|d e young","YOUNG, Donald Edwin",VA,Non-VA emergency room bills,1,NA,1,NA,NA,NA,Multiple Young's FOIA,NA,Donald,D,Don,Edwin,E,YOUNG,MH11414066,14066,200,(AK-01),alaska,AK,House,014066.jpg,donald-edwin-young,1,Republican Party,0.021,0.283,0.8492065603662585,251,404error,Donald YOUNG,404error,Don YOUNG,Donald Edwin YOUNG,Donald E YOUNG,Don Edwin YOUNG,Don E YOUNG,"YOUNG, Donald",404error,404error,D E YOUNG,"^YOUNG, D$","^YOUNG, D$","YOUNG, Don",404error,NA,1
NA,28157,2015-08-10,2015,114,"Young, D.","david young|dave young|young, david|^young, d$|young, dave","YOUNG, David",VA,Addtl:  NonVA emergency room bills,1,NA,1,NA,NA,NA,Multiple Young's FOIA,NA,David,D,Dave,NA,NA,YOUNG,MH11421521,21521,200,(IA-03),iowa,IA,House,021521.jpg,david-young,3,Republican Party,-0.038,0.442,0.8799011552008048,251,404error,David YOUNG,404error,Dave YOUNG,404error,404error,404error,404error,"YOUNG, David",404error,404error,404error,"^YOUNG, D$","^YOUNG, D$","YOUNG, Dave",404error,NA,1
NA,28158,2015-08-10,2015,114,"Young, D.","donald young|donald edwin young|donald e young|don young|don edwin young|don e young|young, donald|^young, d$|young, don|d e young","YOUNG, Donald Edwin",VA,Addtl:  NonVA emergency room bills,1,NA,1,NA,NA,NA,Multiple Young's FOIA,NA,Donald,D,Don,Edwin,E,YOUNG,MH11414066,14066,200,(AK-01),alaska,AK,House,014066.jpg,donald-edwin-young,1,Republican Party,0.021,0.283,0.8492065603662585,251,404error,Donald YOUNG,404error,Don YOUNG,Donald Edwin YOUNG,Donald E YOUNG,Don Edwin YOUNG,Don E YOUNG,"YOUNG, Donald",404error,404error,D E YOUNG,"^YOUNG, D$","^YOUNG, D$","YOUNG, Don",404error,NA,1
NA,28261,2015-08-17,2015,114,"Young, D.","david young|dave young|young, david|^young, d$|young, dave","YOUNG, David",VA,GI Bill concerns,1,NA,1,NA,NA,NA,Multiple Young's FOIA,NA,David,D,Dave,NA,NA,YOUNG,MH11421521,21521,200,(IA-03),iowa,IA,House,021521.jpg,david-young,3,Republican Party,-0.038,0.442,0.8799011552008048,251,404error,David YOUNG,404error,Dave YOUNG,404error,404error,404error,404error,"YOUNG, David",404error,404error,404error,"^YOUNG, D$","^YOUNG, D$","YOUNG, Dave",404error,NA,1
NA,28262,2015-08-17,2015,114,"Young, D.","donald young|donald edwin young|donald e young|don young|don edwin young|don e young|young, donald|^young, d$|young, don|d e young","YOUNG, Donald Edwin",VA,GI Bill concerns,1,NA,1,NA,NA,NA,Multiple Young's FOIA,NA,Donald,D,Don,Edwin,E,YOUNG,MH11414066,14066,200,(AK-01),alaska,AK,House,014066.jpg,donald-edwin-young,1,Republican Party,0.021,0.283,0.8492065603662585,251,404error,Donald YOUNG,404error,Don YOUNG,Donald Edwin YOUNG,Donald E YOUNG,Don Edwin YOUNG,Don E YOUNG,"YOUNG, Donald",404error,404error,D E YOUNG,"^YOUNG, D$","^YOUNG, D$","YOUNG, Don",404error,NA,1
NA,28402,2015-08-28,2015,114,"Young, D.","david young|dave young|young, david|^young, d$|young, dave","YOUNG, David",VA,Seeking VA payment for medical flight,1,NA,1,NA,NA,NA,Multiple Young's FOIA,NA,David,D,Dave,NA,NA,YOUNG,MH11421521,21521,200,(IA-03),iowa,IA,House,021521.jpg,david-young,3,Republican Party,-0.038,0.442,0.8799011552008048,251,404error,David YOUNG,404error,Dave YOUNG,404error,404error,404error,404error,"YOUNG, David",404error,404error,404error,"^YOUNG, D$","^YOUNG, D$","YOUNG, Dave",404error,NA,1
NA,28403,2015-08-28,2015,114,"Young, D.","donald young|donald edwin young|donald e young|don young|don edwin young|don e young|young, donald|^young, d$|young, don|d e young","YOUNG, Donald Edwin",VA,Seeking VA payment for medical flight,1,NA,1,NA,NA,NA,Multiple Young's FOIA,NA,Donald,D,Don,Edwin,E,YOUNG,MH11414066,14066,200,(AK-01),alaska,AK,House,014066.jpg,donald-edwin-young,1,Republican Party,0.021,0.283,0.8492065603662585,251,404error,Donald YOUNG,404error,Don YOUNG,Donald Edwin YOUNG,Donald E YOUNG,Don Edwin YOUNG,Don E YOUNG,"YOUNG, Donald",404error,404error,D E YOUNG,"^YOUNG, D$","^YOUNG, D$","YOUNG, Don",404error,NA,1
NA,28423,2015-08-31,2015,114,"Young, D.","david young|dave young|young, david|^young, d$|young, dave","YOUNG, David",VA,Seeking help with claim for VA disability benefits,1,NA,1,NA,NA,NA,Multiple Young's FOIA,NA,David,D,Dave,NA,NA,YOUNG,MH11421521,21521,200,(IA-03),iowa,IA,House,021521.jpg,david-young,3,Republican Party,-0.038,0.442,0.8799011552008048,251,404error,David YOUNG,404error,Dave YOUNG,404error,404error,404error,404error,"YOUNG, David",404error,404error,404error,"^YOUNG, D$","^YOUNG, D$","YOUNG, Dave",404error,NA,1
NA,28424,2015-08-31,2015,114,"Young, D.","donald young|donald edwin young|donald e young|don young|don edwin young|don e young|young, donald|^young, d$|young, don|d e young","YOUNG, Donald Edwin",VA,Seeking help with claim for VA disability benefits,1,NA,1,NA,NA,NA,Multiple Young's FOIA,NA,Donald,D,Don,Edwin,E,YOUNG,MH11414066,14066,200,(AK-01),alaska,AK,House,014066.jpg,donald-edwin-young,1,Republican Party,0.021,0.283,0.8492065603662585,251,404error,Donald YOUNG,404error,Don YOUNG,Donald Edwin YOUNG,Donald E YOUNG,Don Edwin YOUNG,Don E YOUNG,"YOUNG, Donald",404error,404error,D E YOUNG,"^YOUNG, D$","^YOUNG, D$","YOUNG, Don",404error,NA,1
NA,28486,2015-09-04,2015,114,"Young, D.","david young|dave young|young, david|^young, d$|young, dave","YOUNG, David",VA,Follow-up:  request for assistance with appeal,1,NA,1,NA,NA,NA,Multiple Young's FOIA,NA,David,D,Dave,NA,NA,YOUNG,MH11421521,21521,200,(IA-03),iowa,IA,House,021521.jpg,david-young,3,Republican Party,-0.038,0.442,0.8799011552008048,251,404error,David YOUNG,404error,Dave YOUNG,404error,404error,404error,404error,"YOUNG, David",404error,404error,404error,"^YOUNG, D$","^YOUNG, D$","YOUNG, Dave",404error,NA,1
NA,28487,2015-09-04,2015,114,"Young, D.","donald young|donald edwin young|donald e young|don young|don edwin young|don e young|young, donald|^young, d$|young, don|d e young","YOUNG, Donald Edwin",VA,Follow-up:  request for assistance with appeal,1,NA,1,NA,NA,NA,Multiple Young's FOIA,NA,Donald,D,Don,Edwin,E,YOUNG,MH11414066,14066,200,(AK-01),alaska,AK,House,014066.jpg,donald-edwin-young,1,Republican Party,0.021,0.283,0.8492065603662585,251,404error,Donald YOUNG,404error,Don YOUNG,Donald Edwin YOUNG,Donald E YOUNG,Don Edwin YOUNG,Don E YOUNG,"YOUNG, Donald",404error,404error,D E YOUNG,"^YOUNG, D$","^YOUNG, D$","YOUNG, Don",404error,NA,1
NA,28529,2015-09-10,2015,114,"Young, D.","david young|dave young|young, david|^young, d$|young, dave","YOUNG, David",VA,Seeking help in joining the Navy,1,NA,1,NA,NA,NA,Multiple Young's FOIA,NA,David,D,Dave,NA,NA,YOUNG,MH11421521,21521,200,(IA-03),iowa,IA,House,021521.jpg,david-young,3,Republican Party,-0.038,0.442,0.8799011552008048,251,404error,David YOUNG,404error,Dave YOUNG,404error,404error,404error,404error,"YOUNG, David",404error,404error,404error,"^YOUNG, D$","^YOUNG, D$","YOUNG, Dave",404error,NA,1
NA,28530,2015-09-10,2015,114,"Young, D.","donald young|donald edwin young|donald e young|don young|don edwin young|don e young|young, donald|^young, d$|young, don|d e young","YOUNG, Donald Edwin",VA,Seeking help in joining the Navy,1,NA,1,NA,NA,NA,Multiple Young's FOIA,NA,Donald,D,Don,Edwin,E,YOUNG,MH11414066,14066,200,(AK-01),alaska,AK,House,014066.jpg,donald-edwin-young,1,Republican Party,0.021,0.283,0.8492065603662585,251,404error,Donald YOUNG,404error,Don YOUNG,Donald Edwin YOUNG,Donald E YOUNG,Don Edwin YOUNG,Don E YOUNG,"YOUNG, Donald",404error,404error,D E YOUNG,"^YOUNG, D$","^YOUNG, D$","YOUNG, Don",404error,NA,1
NA,28615,2015-09-16,2015,114,"Young, D.","david young|dave young|young, david|^young, d$|young, dave","YOUNG, David",VA,Follow-up:  Request for medical treatments,1,NA,1,NA,NA,NA,Multiple Young's FOIA,NA,David,D,Dave,NA,NA,YOUNG,MH11421521,21521,200,(IA-03),iowa,IA,House,021521.jpg,david-young,3,Republican Party,-0.038,0.442,0.8799011552008048,251,404error,David YOUNG,404error,Dave YOUNG,404error,404error,404error,404error,"YOUNG, David",404error,404error,404error,"^YOUNG, D$","^YOUNG, D$","YOUNG, Dave",404error,NA,1
NA,28616,2015-09-16,2015,114,"Young, D.","donald young|donald edwin young|donald e young|don young|don edwin young|don e young|young, donald|^young, d$|young, don|d e young","YOUNG, Donald Edwin",VA,Follow-up:  Request for medical treatments,1,NA,1,NA,NA,NA,Multiple Young's FOIA,NA,Donald,D,Don,Edwin,E,YOUNG,MH11414066,14066,200,(AK-01),alaska,AK,House,014066.jpg,donald-edwin-young,1,Republican Party,0.021,0.283,0.8492065603662585,251,404error,Donald YOUNG,404error,Don YOUNG,Donald Edwin YOUNG,Donald E YOUNG,Don Edwin YOUNG,Don E YOUNG,"YOUNG, Donald",404error,404error,D E YOUNG,"^YOUNG, D$","^YOUNG, D$","YOUNG, Don",404error,NA,1
NA,28623,2015-09-16,2015,114,"Young, D.","david young|dave young|young, david|^young, d$|young, dave","YOUNG, David",VA,Denial of benefits,1,NA,1,NA,NA,NA,Multiple Young's FOIA,NA,David,D,Dave,NA,NA,YOUNG,MH11421521,21521,200,(IA-03),iowa,IA,House,021521.jpg,david-young,3,Republican Party,-0.038,0.442,0.8799011552008048,251,404error,David YOUNG,404error,Dave YOUNG,404error,404error,404error,404error,"YOUNG, David",404error,404error,404error,"^YOUNG, D$","^YOUNG, D$","YOUNG, Dave",404error,NA,1
NA,28624,2015-09-16,2015,114,"Young, D.","donald young|donald edwin young|donald e young|don young|don edwin young|don e young|young, donald|^young, d$|young, don|d e young","YOUNG, Donald Edwin",VA,Denial of benefits,1,NA,1,NA,NA,NA,Multiple Young's FOIA,NA,Donald,D,Don,Edwin,E,YOUNG,MH11414066,14066,200,(AK-01),alaska,AK,House,014066.jpg,donald-edwin-young,1,Republican Party,0.021,0.283,0.8492065603662585,251,404error,Donald YOUNG,404error,Don YOUNG,Donald Edwin YOUNG,Donald E YOUNG,Don Edwin YOUNG,Don E YOUNG,"YOUNG, Donald",404error,404error,D E YOUNG,"^YOUNG, D$","^YOUNG, D$","YOUNG, Don",404error,NA,1
NA,28707,2015-09-23,2015,114,"Young, D.","david young|dave young|young, david|^young, d$|young, dave","YOUNG, David",VA,Payment for noe emergent care,1,NA,1,NA,NA,NA,Multiple Young's FOIA,NA,David,D,Dave,NA,NA,YOUNG,MH11421521,21521,200,(IA-03),iowa,IA,House,021521.jpg,david-young,3,Republican Party,-0.038,0.442,0.8799011552008048,251,404error,David YOUNG,404error,Dave YOUNG,404error,404error,404error,404error,"YOUNG, David",404error,404error,404error,"^YOUNG, D$","^YOUNG, D$","YOUNG, Dave",404error,NA,1
NA,28708,2015-09-23,2015,114,"Young, D.","donald young|donald edwin young|donald e young|don young|don edwin young|don e young|young, donald|^young, d$|young, don|d e young","YOUNG, Donald Edwin",VA,Payment for noe emergent care,1,NA,1,NA,NA,NA,Multiple Young's FOIA,NA,Donald,D,Don,Edwin,E,YOUNG,MH11414066,14066,200,(AK-01),alaska,AK,House,014066.jpg,donald-edwin-young,1,Republican Party,0.021,0.283,0.8492065603662585,251,404error,Donald YOUNG,404error,Don YOUNG,Donald Edwin YOUNG,Donald E YOUNG,Don Edwin YOUNG,Don E YOUNG,"YOUNG, Donald",404error,404error,D E YOUNG,"^YOUNG, D$","^YOUNG, D$","YOUNG, Don",404error,NA,1
NA,28709,2015-09-23,2015,114,"Young, D.","david young|dave young|young, david|^young, d$|young, dave","YOUNG, David",VA,Assistance w/PTSD claim,1,NA,1,NA,NA,NA,Multiple Young's FOIA,NA,David,D,Dave,NA,NA,YOUNG,MH11421521,21521,200,(IA-03),iowa,IA,House,021521.jpg,david-young,3,Republican Party,-0.038,0.442,0.8799011552008048,251,404error,David YOUNG,404error,Dave YOUNG,404error,404error,404error,404error,"YOUNG, David",404error,404error,404error,"^YOUNG, D$","^YOUNG, D$","YOUNG, Dave",404error,NA,1
NA,28710,2015-09-23,2015,114,"Young, D.","donald young|donald edwin young|donald e young|don young|don edwin young|don e young|young, donald|^young, d$|young, don|d e young","YOUNG, Donald Edwin",VA,Assistance w/PTSD claim,1,NA,1,NA,NA,NA,Multiple Young's FOIA,NA,Donald,D,Don,Edwin,E,YOUNG,MH11414066,14066,200,(AK-01),alaska,AK,House,014066.jpg,donald-edwin-young,1,Republican Party,0.021,0.283,0.8492065603662585,251,404error,Donald YOUNG,404error,Don YOUNG,Donald Edwin YOUNG,Donald E YOUNG,Don Edwin YOUNG,Don E YOUNG,"YOUNG, Donald",404error,404error,D E YOUNG,"^YOUNG, D$","^YOUNG, D$","YOUNG, Don",404error,NA,1
NA,28720,2015-09-24,2015,114,"Young, D.","david young|dave young|young, david|^young, d$|young, dave","YOUNG, David",VA,Status of claim,1,NA,1,NA,NA,NA,Multiple Young's FOIA,NA,David,D,Dave,NA,NA,YOUNG,MH11421521,21521,200,(IA-03),iowa,IA,House,021521.jpg,david-young,3,Republican Party,-0.038,0.442,0.8799011552008048,251,404error,David YOUNG,404error,Dave YOUNG,404error,404error,404error,404error,"YOUNG, David",404error,404error,404error,"^YOUNG, D$","^YOUNG, D$","YOUNG, Dave",404error,NA,1
NA,28721,2015-09-24,2015,114,"Young, D.","donald young|donald edwin young|donald e young|don young|don edwin young|don e young|young, donald|^young, d$|young, don|d e young","YOUNG, Donald Edwin",VA,Status of claim,1,NA,1,NA,NA,NA,Multiple Young's FOIA,NA,Donald,D,Don,Edwin,E,YOUNG,MH11414066,14066,200,(AK-01),alaska,AK,House,014066.jpg,donald-edwin-young,1,Republican Party,0.021,0.283,0.8492065603662585,251,404error,Donald YOUNG,404error,Don YOUNG,Donald Edwin YOUNG,Donald E YOUNG,Don Edwin YOUNG,Don E YOUNG,"YOUNG, Donald",404error,404error,D E YOUNG,"^YOUNG, D$","^YOUNG, D$","YOUNG, Don",404error,NA,1
NA,28727,2015-09-24,2015,114,"Young, D.","david young|dave young|young, david|^young, d$|young, dave","YOUNG, David",VA,Transferability of GI Benefits,1,NA,1,NA,NA,NA,Multiple Young's FOIA,NA,David,D,Dave,NA,NA,YOUNG,MH11421521,21521,200,(IA-03),iowa,IA,House,021521.jpg,david-young,3,Republican Party,-0.038,0.442,0.8799011552008048,251,404error,David YOUNG,404error,Dave YOUNG,404error,404error,404error,404error,"YOUNG, David",404error,404error,404error,"^YOUNG, D$","^YOUNG, D$","YOUNG, Dave",404error,NA,1
NA,28728,2015-09-24,2015,114,"Young, D.","donald young|donald edwin young|donald e young|don young|don edwin young|don e young|young, donald|^young, d$|young, don|d e young","YOUNG, Donald Edwin",VA,Transferability of GI Benefits,1,NA,1,NA,NA,NA,Multiple Young's FOIA,NA,Donald,D,Don,Edwin,E,YOUNG,MH11414066,14066,200,(AK-01),alaska,AK,House,014066.jpg,donald-edwin-young,1,Republican Party,0.021,0.283,0.8492065603662585,251,404error,Donald YOUNG,404error,Don YOUNG,Donald Edwin YOUNG,Donald E YOUNG,Don Edwin YOUNG,Don E YOUNG,"YOUNG, Donald",404error,404error,D E YOUNG,"^YOUNG, D$","^YOUNG, D$","YOUNG, Don",404error,NA,1
NA,28779,2015-09-30,2015,114,"Young, D.","david young|dave young|young, david|^young, d$|young, dave","YOUNG, David",VA,Nonpayment of VA benefit,1,NA,1,NA,NA,NA,Multiple Young's FOIA,NA,David,D,Dave,NA,NA,YOUNG,MH11421521,21521,200,(IA-03),iowa,IA,House,021521.jpg,david-young,3,Republican Party,-0.038,0.442,0.8799011552008048,251,404error,David YOUNG,404error,Dave YOUNG,404error,404error,404error,404error,"YOUNG, David",404error,404error,404error,"^YOUNG, D$","^YOUNG, D$","YOUNG, Dave",404error,NA,1
NA,28780,2015-09-30,2015,114,"Young, D.","donald young|donald edwin young|donald e young|don young|don edwin young|don e young|young, donald|^young, d$|young, don|d e young","YOUNG, Donald Edwin",VA,Nonpayment of VA benefit,1,NA,1,NA,NA,NA,Multiple Young's FOIA,NA,Donald,D,Don,Edwin,E,YOUNG,MH11414066,14066,200,(AK-01),alaska,AK,House,014066.jpg,donald-edwin-young,1,Republican Party,0.021,0.283,0.8492065603662585,251,404error,Donald YOUNG,404error,Don YOUNG,Donald Edwin YOUNG,Donald E YOUNG,Don Edwin YOUNG,Don E YOUNG,"YOUNG, Donald",404error,404error,D E YOUNG,"^YOUNG, D$","^YOUNG, D$","YOUNG, Don",404error,NA,1
NA,28788,2015-09-30,2015,114,"Young, D.","david young|dave young|young, david|^young, d$|young, dave","YOUNG, David",VA,Claim Issues,1,NA,1,NA,NA,NA,Multiple Young's FOIA,NA,David,D,Dave,NA,NA,YOUNG,MH11421521,21521,200,(IA-03),iowa,IA,House,021521.jpg,david-young,3,Republican Party,-0.038,0.442,0.8799011552008048,251,404error,David YOUNG,404error,Dave YOUNG,404error,404error,404error,404error,"YOUNG, David",404error,404error,404error,"^YOUNG, D$","^YOUNG, D$","YOUNG, Dave",404error,NA,1
NA,28789,2015-09-30,2015,114,"Young, D.","donald young|donald edwin young|donald e young|don young|don edwin young|don e young|young, donald|^young, d$|young, don|d e young","YOUNG, Donald Edwin",VA,Claim Issues,1,NA,1,NA,NA,NA,Multiple Young's FOIA,NA,Donald,D,Don,Edwin,E,YOUNG,MH11414066,14066,200,(AK-01),alaska,AK,House,014066.jpg,donald-edwin-young,1,Republican Party,0.021,0.283,0.8492065603662585,251,404error,Donald YOUNG,404error,Don YOUNG,Donald Edwin YOUNG,Donald E YOUNG,Don Edwin YOUNG,Don E YOUNG,"YOUNG, Donald",404error,404error,D E YOUNG,"^YOUNG, D$","^YOUNG, D$","YOUNG, Don",404error,NA,1
NA,28822,2015-10-01,2015,114,"Young, D.","david young|dave young|young, david|^young, d$|young, dave","YOUNG, David",VA,Follow-up:  denial of benefits,1,NA,1,NA,NA,NA,Multiple Young's FOIA,NA,David,D,Dave,NA,NA,YOUNG,MH11421521,21521,200,(IA-03),iowa,IA,House,021521.jpg,david-young,3,Republican Party,-0.038,0.442,0.8799011552008048,251,404error,David YOUNG,404error,Dave YOUNG,404error,404error,404error,404error,"YOUNG, David",404error,404error,404error,"^YOUNG, D$","^YOUNG, D$","YOUNG, Dave",404error,NA,1
NA,28823,2015-10-01,2015,114,"Young, D.","donald young|donald edwin young|donald e young|don young|don edwin young|don e young|young, donald|^young, d$|young, don|d e young","YOUNG, Donald Edwin",VA,Follow-up:  denial of benefits,1,NA,1,NA,NA,NA,Multiple Young's FOIA,NA,Donald,D,Don,Edwin,E,YOUNG,MH11414066,14066,200,(AK-01),alaska,AK,House,014066.jpg,donald-edwin-young,1,Republican Party,0.021,0.283,0.8492065603662585,251,404error,Donald YOUNG,404error,Don YOUNG,Donald Edwin YOUNG,Donald E YOUNG,Don Edwin YOUNG,Don E YOUNG,"YOUNG, Donald",404error,404error,D E YOUNG,"^YOUNG, D$","^YOUNG, D$","YOUNG, Don",404error,NA,1
NA,28839,2015-10-05,2015,114,"Young, D.","david young|dave young|young, david|^young, d$|young, dave","YOUNG, David",VA,Seeking assistance in DIC appeal,1,NA,1,NA,NA,NA,Multiple Young's FOIA,NA,David,D,Dave,NA,NA,YOUNG,MH11421521,21521,200,(IA-03),iowa,IA,House,021521.jpg,david-young,3,Republican Party,-0.038,0.442,0.8799011552008048,251,404error,David YOUNG,404error,Dave YOUNG,404error,404error,404error,404error,"YOUNG, David",404error,404error,404error,"^YOUNG, D$","^YOUNG, D$","YOUNG, Dave",404error,NA,1
NA,28840,2015-10-05,2015,114,"Young, D.","donald young|donald edwin young|donald e young|don young|don edwin young|don e young|young, donald|^young, d$|young, don|d e young","YOUNG, Donald Edwin",VA,Seeking assistance in DIC appeal,1,NA,1,NA,NA,NA,Multiple Young's FOIA,NA,Donald,D,Don,Edwin,E,YOUNG,MH11414066,14066,200,(AK-01),alaska,AK,House,014066.jpg,donald-edwin-young,1,Republican Party,0.021,0.283,0.8492065603662585,251,404error,Donald YOUNG,404error,Don YOUNG,Donald Edwin YOUNG,Donald E YOUNG,Don Edwin YOUNG,Don E YOUNG,"YOUNG, Donald",404error,404error,D E YOUNG,"^YOUNG, D$","^YOUNG, D$","YOUNG, Don",404error,NA,1
NA,28894,2015-10-08,2015,114,"Young, D.","david young|dave young|young, david|^young, d$|young, dave","YOUNG, David",VA,VHA employment issues,1,NA,1,NA,NA,NA,Multiple Young's FOIA,NA,David,D,Dave,NA,NA,YOUNG,MH11421521,21521,200,(IA-03),iowa,IA,House,021521.jpg,david-young,3,Republican Party,-0.038,0.442,0.8799011552008048,251,404error,David YOUNG,404error,Dave YOUNG,404error,404error,404error,404error,"YOUNG, David",404error,404error,404error,"^YOUNG, D$","^YOUNG, D$","YOUNG, Dave",404error,NA,1
NA,28895,2015-10-08,2015,114,"Young, D.","donald young|donald edwin young|donald e young|don young|don edwin young|don e young|young, donald|^young, d$|young, don|d e young","YOUNG, Donald Edwin",VA,VHA employment issues,1,NA,1,NA,NA,NA,Multiple Young's FOIA,NA,Donald,D,Don,Edwin,E,YOUNG,MH11414066,14066,200,(AK-01),alaska,AK,House,014066.jpg,donald-edwin-young,1,Republican Party,0.021,0.283,0.8492065603662585,251,404error,Donald YOUNG,404error,Don YOUNG,Donald Edwin YOUNG,Donald E YOUNG,Don Edwin YOUNG,Don E YOUNG,"YOUNG, Donald",404error,404error,D E YOUNG,"^YOUNG, D$","^YOUNG, D$","YOUNG, Don",404error,NA,1
NA,28971,2015-10-15,2015,114,"Rogers, M.","mike rogers|mike dennis rogers|mike d rogers|michael rogers|michael dennis rogers|michael d rogers|rogers, mike|^rogers, m$|rogers, michael|m d rogers","ROGERS, Mike Dennis",VA,VHA employment issues,1,NA,1,NA,NA,NA,Multiple Rogers' FOIA,NA,Mike,M,Michael,Dennis,D,ROGERS,MH11420301,20301,200,(AL-03),alabama,AL,House,020301.jpg,mike-dennis-rogers,3,Republican Party,0.457,0.352,0.8839376217739167,251,404error,Mike ROGERS,404error,Michael ROGERS,Mike Dennis ROGERS,Mike D ROGERS,Michael Dennis ROGERS,Michael D ROGERS,"ROGERS, Mike",404error,404error,M D ROGERS,"^ROGERS, M$","^ROGERS, M$","ROGERS, Michael",404error,NA,1
NA,29082,2015-10-26,2015,114,"Young, D.","david young|dave young|young, david|^young, d$|young, dave","YOUNG, David",VA,Possible expansion of Fairbanks CBOC,5,1,3,facilities,NA,NA,Multiple Young's FOIA,NA,David,D,Dave,NA,NA,YOUNG,MH11421521,21521,200,(IA-03),iowa,IA,House,021521.jpg,david-young,3,Republican Party,-0.038,0.442,0.8799011552008048,251,404error,David YOUNG,404error,Dave YOUNG,404error,404error,404error,404error,"YOUNG, David",404error,404error,404error,"^YOUNG, D$","^YOUNG, D$","YOUNG, Dave",404error,NA,1
NA,29083,2015-10-26,2015,114,"Young, D.","donald young|donald edwin young|donald e young|don young|don edwin young|don e young|young, donald|^young, d$|young, don|d e young","YOUNG, Donald Edwin",VA,Possible expansion of Fairbanks CBOC,5,1,3,facilities,NA,NA,Multiple Young's FOIA,NA,Donald,D,Don,Edwin,E,YOUNG,MH11414066,14066,200,(AK-01),alaska,AK,House,014066.jpg,donald-edwin-young,1,Republican Party,0.021,0.283,0.8492065603662585,251,404error,Donald YOUNG,404error,Don YOUNG,Donald Edwin YOUNG,Donald E YOUNG,Don Edwin YOUNG,Don E YOUNG,"YOUNG, Donald",404error,404error,D E YOUNG,"^YOUNG, D$","^YOUNG, D$","YOUNG, Don",404error,NA,1
NA,29097,2015-10-26,2015,114,"Young, D.","david young|dave young|young, david|^young, d$|young, dave","YOUNG, David",VA,Follow-up:  denial of benefits,1,NA,1,NA,NA,NA,Multiple Young's FOIA,NA,David,D,Dave,NA,NA,YOUNG,MH11421521,21521,200,(IA-03),iowa,IA,House,021521.jpg,david-young,3,Republican Party,-0.038,0.442,0.8799011552008048,251,404error,David YOUNG,404error,Dave YOUNG,404error,404error,404error,404error,"YOUNG, David",404error,404error,404error,"^YOUNG, D$","^YOUNG, D$","YOUNG, Dave",404error,NA,1
NA,29098,2015-10-26,2015,114,"Young, D.","donald young|donald edwin young|donald e young|don young|don edwin young|don e young|young, donald|^young, d$|young, don|d e young","YOUNG, Donald Edwin",VA,Follow-up:  denial of benefits,1,NA,1,NA,NA,NA,Multiple Young's FOIA,NA,Donald,D,Don,Edwin,E,YOUNG,MH11414066,14066,200,(AK-01),alaska,AK,House,014066.jpg,donald-edwin-young,1,Republican Party,0.021,0.283,0.8492065603662585,251,404error,Donald YOUNG,404error,Don YOUNG,Donald Edwin YOUNG,Donald E YOUNG,Don Edwin YOUNG,Don E YOUNG,"YOUNG, Donald",404error,404error,D E YOUNG,"^YOUNG, D$","^YOUNG, D$","YOUNG, Don",404error,NA,1
NA,29116,2015-10-27,2015,114,"Young, D.","david young|dave young|young, david|^young, d$|young, dave","YOUNG, David",VA,Possible expansion of Fairbanks CBOC,NA,NA,NA,NA,NA,NA,Multiple Young's FOIA,NA,David,D,Dave,NA,NA,YOUNG,MH11421521,21521,200,(IA-03),iowa,IA,House,021521.jpg,david-young,3,Republican Party,-0.038,0.442,0.8799011552008048,251,404error,David YOUNG,404error,Dave YOUNG,404error,404error,404error,404error,"YOUNG, David",404error,404error,404error,"^YOUNG, D$","^YOUNG, D$","YOUNG, Dave",404error,NA,1
NA,29117,2015-10-27,2015,114,"Young, D.","donald young|donald edwin young|donald e young|don young|don edwin young|don e young|young, donald|^young, d$|young, don|d e young","YOUNG, Donald Edwin",VA,Possible expansion of Fairbanks CBOC,NA,NA,NA,NA,NA,NA,Multiple Young's FOIA,NA,Donald,D,Don,Edwin,E,YOUNG,MH11414066,14066,200,(AK-01),alaska,AK,House,014066.jpg,donald-edwin-young,1,Republican Party,0.021,0.283,0.8492065603662585,251,404error,Donald YOUNG,404error,Don YOUNG,Donald Edwin YOUNG,Donald E YOUNG,Don Edwin YOUNG,Don E YOUNG,"YOUNG, Donald",404error,404error,D E YOUNG,"^YOUNG, D$","^YOUNG, D$","YOUNG, Don",404error,NA,1
NA,29132,2015-10-28,2015,114,"Young, D.","david young|dave young|young, david|^young, d$|young, dave","YOUNG, David",VA,Request to cash out life insurance,1,NA,1,NA,NA,NA,Multiple Young's FOIA,NA,David,D,Dave,NA,NA,YOUNG,MH11421521,21521,200,(IA-03),iowa,IA,House,021521.jpg,david-young,3,Republican Party,-0.038,0.442,0.8799011552008048,251,404error,David YOUNG,404error,Dave YOUNG,404error,404error,404error,404error,"YOUNG, David",404error,404error,404error,"^YOUNG, D$","^YOUNG, D$","YOUNG, Dave",404error,NA,1
NA,29133,2015-10-28,2015,114,"Young, D.","donald young|donald edwin young|donald e young|don young|don edwin young|don e young|young, donald|^young, d$|young, don|d e young","YOUNG, Donald Edwin",VA,Request to cash out life insurance,1,NA,1,NA,NA,NA,Multiple Young's FOIA,NA,Donald,D,Don,Edwin,E,YOUNG,MH11414066,14066,200,(AK-01),alaska,AK,House,014066.jpg,donald-edwin-young,1,Republican Party,0.021,0.283,0.8492065603662585,251,404error,Donald YOUNG,404error,Don YOUNG,Donald Edwin YOUNG,Donald E YOUNG,Don Edwin YOUNG,Don E YOUNG,"YOUNG, Donald",404error,404error,D E YOUNG,"^YOUNG, D$","^YOUNG, D$","YOUNG, Don",404error,NA,1
NA,29134,2015-10-28,2015,114,"Young, D.","david young|dave young|young, david|^young, d$|young, dave","YOUNG, David",VA,Denial of payment of non-service connected emergency unauthorized medical care,1,NA,1,NA,NA,NA,Multiple Young's FOIA,NA,David,D,Dave,NA,NA,YOUNG,MH11421521,21521,200,(IA-03),iowa,IA,House,021521.jpg,david-young,3,Republican Party,-0.038,0.442,0.8799011552008048,251,404error,David YOUNG,404error,Dave YOUNG,404error,404error,404error,404error,"YOUNG, David",404error,404error,404error,"^YOUNG, D$","^YOUNG, D$","YOUNG, Dave",404error,NA,1
NA,29135,2015-10-28,2015,114,"Young, D.","donald young|donald edwin young|donald e young|don young|don edwin young|don e young|young, donald|^young, d$|young, don|d e young","YOUNG, Donald Edwin",VA,Denial of payment of non-service connected emergency unauthorized medical care,1,NA,1,NA,NA,NA,Multiple Young's FOIA,NA,Donald,D,Don,Edwin,E,YOUNG,MH11414066,14066,200,(AK-01),alaska,AK,House,014066.jpg,donald-edwin-young,1,Republican Party,0.021,0.283,0.8492065603662585,251,404error,Donald YOUNG,404error,Don YOUNG,Donald Edwin YOUNG,Donald E YOUNG,Don Edwin YOUNG,Don E YOUNG,"YOUNG, Donald",404error,404error,D E YOUNG,"^YOUNG, D$","^YOUNG, D$","YOUNG, Don",404error,NA,1
NA,29314,2015-11-09,2015,114,"Young, D.","david young|dave young|young, david|^young, d$|young, dave","YOUNG, David",VA,Request to restart VA compensation and provide back pay,1,NA,1,NA,NA,NA,Multiple Young's FOIA,NA,David,D,Dave,NA,NA,YOUNG,MH11421521,21521,200,(IA-03),iowa,IA,House,021521.jpg,david-young,3,Republican Party,-0.038,0.442,0.8799011552008048,251,404error,David YOUNG,404error,Dave YOUNG,404error,404error,404error,404error,"YOUNG, David",404error,404error,404error,"^YOUNG, D$","^YOUNG, D$","YOUNG, Dave",404error,NA,1
NA,29315,2015-11-09,2015,114,"Young, D.","donald young|donald edwin young|donald e young|don young|don edwin young|don e young|young, donald|^young, d$|young, don|d e young","YOUNG, Donald Edwin",VA,Request to restart VA compensation and provide back pay,1,NA,1,NA,NA,NA,Multiple Young's FOIA,NA,Donald,D,Don,Edwin,E,YOUNG,MH11414066,14066,200,(AK-01),alaska,AK,House,014066.jpg,donald-edwin-young,1,Republican Party,0.021,0.283,0.8492065603662585,251,404error,Donald YOUNG,404error,Don YOUNG,Donald Edwin YOUNG,Donald E YOUNG,Don Edwin YOUNG,Don E YOUNG,"YOUNG, Donald",404error,404error,D E YOUNG,"^YOUNG, D$","^YOUNG, D$","YOUNG, Don",404error,NA,1
NA,29571,2015-11-30,2015,114,"Young, D.","david young|dave young|young, david|^young, d$|young, dave","YOUNG, David",VA,Request for waiver for Veteran percentage enrollment requirements,1,NA,1,NA,NA,NA,Multiple Young's FOIA,NA,David,D,Dave,NA,NA,YOUNG,MH11421521,21521,200,(IA-03),iowa,IA,House,021521.jpg,david-young,3,Republican Party,-0.038,0.442,0.8799011552008048,251,404error,David YOUNG,404error,Dave YOUNG,404error,404error,404error,404error,"YOUNG, David",404error,404error,404error,"^YOUNG, D$","^YOUNG, D$","YOUNG, Dave",404error,NA,1
NA,29572,2015-11-30,2015,114,"Young, D.","donald young|donald edwin young|donald e young|don young|don edwin young|don e young|young, donald|^young, d$|young, don|d e young","YOUNG, Donald Edwin",VA,Request for waiver for Veteran percentage enrollment requirements,1,NA,1,NA,NA,NA,Multiple Young's FOIA,NA,Donald,D,Don,Edwin,E,YOUNG,MH11414066,14066,200,(AK-01),alaska,AK,House,014066.jpg,donald-edwin-young,1,Republican Party,0.021,0.283,0.8492065603662585,251,404error,Donald YOUNG,404error,Don YOUNG,Donald Edwin YOUNG,Donald E YOUNG,Don Edwin YOUNG,Don E YOUNG,"YOUNG, Donald",404error,404error,D E YOUNG,"^YOUNG, D$","^YOUNG, D$","YOUNG, Don",404error,NA,1
NA,29771,2015-12-15,2015,114,"Young, D.","david young|dave young|young, david|^young, d$|young, dave","YOUNG, David",VA,Request for copy of SMR's,1,NA,1,NA,NA,NA,Multiple Young's FOIA,NA,David,D,Dave,NA,NA,YOUNG,MH11421521,21521,200,(IA-03),iowa,IA,House,021521.jpg,david-young,3,Republican Party,-0.038,0.442,0.8799011552008048,251,404error,David YOUNG,404error,Dave YOUNG,404error,404error,404error,404error,"YOUNG, David",404error,404error,404error,"^YOUNG, D$","^YOUNG, D$","YOUNG, Dave",404error,NA,1
NA,29772,2015-12-15,2015,114,"Young, D.","donald young|donald edwin young|donald e young|don young|don edwin young|don e young|young, donald|^young, d$|young, don|d e young","YOUNG, Donald Edwin",VA,Request for copy of SMR's,1,NA,1,NA,NA,NA,Multiple Young's FOIA,NA,Donald,D,Don,Edwin,E,YOUNG,MH11414066,14066,200,(AK-01),alaska,AK,House,014066.jpg,donald-edwin-young,1,Republican Party,0.021,0.283,0.8492065603662585,251,404error,Donald YOUNG,404error,Don YOUNG,Donald Edwin YOUNG,Donald E YOUNG,Don Edwin YOUNG,Don E YOUNG,"YOUNG, Donald",404error,404error,D E YOUNG,"^YOUNG, D$","^YOUNG, D$","YOUNG, Don",404error,NA,1
NA,29779,2015-12-16,2015,114,"Young, D.","david young|dave young|young, david|^young, d$|young, dave","YOUNG, David",VA,Re-authorization through the Choice Program,1,NA,1,NA,NA,NA,Multiple Young's FOIA,NA,David,D,Dave,NA,NA,YOUNG,MH11421521,21521,200,(IA-03),iowa,IA,House,021521.jpg,david-young,3,Republican Party,-0.038,0.442,0.8799011552008048,251,404error,David YOUNG,404error,Dave YOUNG,404error,404error,404error,404error,"YOUNG, David",404error,404error,404error,"^YOUNG, D$","^YOUNG, D$","YOUNG, Dave",404error,NA,1
NA,29780,2015-12-16,2015,114,"Young, D.","donald young|donald edwin young|donald e young|don young|don edwin young|don e young|young, donald|^young, d$|young, don|d e young","YOUNG, Donald Edwin",VA,Re-authorization through the Choice Program,1,NA,1,NA,NA,NA,Multiple Young's FOIA,NA,Donald,D,Don,Edwin,E,YOUNG,MH11414066,14066,200,(AK-01),alaska,AK,House,014066.jpg,donald-edwin-young,1,Republican Party,0.021,0.283,0.8492065603662585,251,404error,Donald YOUNG,404error,Don YOUNG,Donald Edwin YOUNG,Donald E YOUNG,Don Edwin YOUNG,Don E YOUNG,"YOUNG, Donald",404error,404error,D E YOUNG,"^YOUNG, D$","^YOUNG, D$","YOUNG, Don",404error,NA,1
NA,29784,2015-12-16,2015,114,"Young, D.","david young|dave young|young, david|^young, d$|young, dave","YOUNG, David",VA,Correction of VA info on transferabilty of Post-9/11 GI Bill,1,NA,1,NA,NA,NA,Multiple Young's FOIA,NA,David,D,Dave,NA,NA,YOUNG,MH11421521,21521,200,(IA-03),iowa,IA,House,021521.jpg,david-young,3,Republican Party,-0.038,0.442,0.8799011552008048,251,404error,David YOUNG,404error,Dave YOUNG,404error,404error,404error,404error,"YOUNG, David",404error,404error,404error,"^YOUNG, D$","^YOUNG, D$","YOUNG, Dave",404error,NA,1
NA,29785,2015-12-16,2015,114,"Young, D.","donald young|donald edwin young|donald e young|don young|don edwin young|don e young|young, donald|^young, d$|young, don|d e young","YOUNG, Donald Edwin",VA,Correction of VA info on transferabilty of Post-9/11 GI Bill,1,NA,1,NA,NA,NA,Multiple Young's FOIA,NA,Donald,D,Don,Edwin,E,YOUNG,MH11414066,14066,200,(AK-01),alaska,AK,House,014066.jpg,donald-edwin-young,1,Republican Party,0.021,0.283,0.8492065603662585,251,404error,Donald YOUNG,404error,Don YOUNG,Donald Edwin YOUNG,Donald E YOUNG,Don Edwin YOUNG,Don E YOUNG,"YOUNG, Donald",404error,404error,D E YOUNG,"^YOUNG, D$","^YOUNG, D$","YOUNG, Don",404error,NA,1
NA,29789,2015-12-16,2015,114,"Young, D.","david young|dave young|young, david|^young, d$|young, dave","YOUNG, David",VA,Veterans Delta Dental Plan,1,NA,1,NA,NA,NA,Multiple Young's FOIA,NA,David,D,Dave,NA,NA,YOUNG,MH11421521,21521,200,(IA-03),iowa,IA,House,021521.jpg,david-young,3,Republican Party,-0.038,0.442,0.8799011552008048,251,404error,David YOUNG,404error,Dave YOUNG,404error,404error,404error,404error,"YOUNG, David",404error,404error,404error,"^YOUNG, D$","^YOUNG, D$","YOUNG, Dave",404error,NA,1
NA,29790,2015-12-16,2015,114,"Young, D.","donald young|donald edwin young|donald e young|don young|don edwin young|don e young|young, donald|^young, d$|young, don|d e young","YOUNG, Donald Edwin",VA,Veterans Delta Dental Plan,1,NA,1,NA,NA,NA,Multiple Young's FOIA,NA,Donald,D,Don,Edwin,E,YOUNG,MH11414066,14066,200,(AK-01),alaska,AK,House,014066.jpg,donald-edwin-young,1,Republican Party,0.021,0.283,0.8492065603662585,251,404error,Donald YOUNG,404error,Don YOUNG,Donald Edwin YOUNG,Donald E YOUNG,Don Edwin YOUNG,Don E YOUNG,"YOUNG, Donald",404error,404error,D E YOUNG,"^YOUNG, D$","^YOUNG, D$","YOUNG, Don",404error,NA,1
NA,29801,2015-12-17,2015,114,"Young, D.","david young|dave young|young, david|^young, d$|young, dave","YOUNG, David",VA,Addt'l info:  request for waiver for Veteran percentage enrollment requirements,1,NA,1,NA,NA,NA,Multiple Young's FOIA,NA,David,D,Dave,NA,NA,YOUNG,MH11421521,21521,200,(IA-03),iowa,IA,House,021521.jpg,david-young,3,Republican Party,-0.038,0.442,0.8799011552008048,251,404error,David YOUNG,404error,Dave YOUNG,404error,404error,404error,404error,"YOUNG, David",404error,404error,404error,"^YOUNG, D$","^YOUNG, D$","YOUNG, Dave",404error,NA,1
NA,29802,2015-12-17,2015,114,"Young, D.","donald young|donald edwin young|donald e young|don young|don edwin young|don e young|young, donald|^young, d$|young, don|d e young","YOUNG, Donald Edwin",VA,Addt'l info:  request for waiver for Veteran percentage enrollment requirements,1,NA,1,NA,NA,NA,Multiple Young's FOIA,NA,Donald,D,Don,Edwin,E,YOUNG,MH11414066,14066,200,(AK-01),alaska,AK,House,014066.jpg,donald-edwin-young,1,Republican Party,0.021,0.283,0.8492065603662585,251,404error,Donald YOUNG,404error,Don YOUNG,Donald Edwin YOUNG,Donald E YOUNG,Don Edwin YOUNG,Don E YOUNG,"YOUNG, Donald",404error,404error,D E YOUNG,"^YOUNG, D$","^YOUNG, D$","YOUNG, Don",404error,NA,1
NA,29838,2015-12-21,2015,114,"Young, D.","david young|dave young|young, david|^young, d$|young, dave","YOUNG, David",VA,Follow-up:  support for VA Alaska HCS Director position and notification process,NA,NA,NA,NA,NA,NA,Multiple Young's FOIA,NA,David,D,Dave,NA,NA,YOUNG,MH11421521,21521,200,(IA-03),iowa,IA,House,021521.jpg,david-young,3,Republican Party,-0.038,0.442,0.8799011552008048,251,404error,David YOUNG,404error,Dave YOUNG,404error,404error,404error,404error,"YOUNG, David",404error,404error,404error,"^YOUNG, D$","^YOUNG, D$","YOUNG, Dave",404error,NA,1
NA,29839,2015-12-21,2015,114,"Young, D.","donald young|donald edwin young|donald e young|don young|don edwin young|don e young|young, donald|^young, d$|young, don|d e young","YOUNG, Donald Edwin",VA,Follow-up:  support for VA Alaska HCS Director position and notification process,NA,NA,NA,NA,NA,NA,Multiple Young's FOIA,NA,Donald,D,Don,Edwin,E,YOUNG,MH11414066,14066,200,(AK-01),alaska,AK,House,014066.jpg,donald-edwin-young,1,Republican Party,0.021,0.283,0.8492065603662585,251,404error,Donald YOUNG,404error,Don YOUNG,Donald Edwin YOUNG,Donald E YOUNG,Don Edwin YOUNG,Don E YOUNG,"YOUNG, Donald",404error,404error,D E YOUNG,"^YOUNG, D$","^YOUNG, D$","YOUNG, Don",404error,NA,1
NA,29846,2015-12-21,2015,114,"Young, D.","david young|dave young|young, david|^young, d$|young, dave","YOUNG, David",VA,Further request to restart VA compensation and provide back pay,1,NA,1,NA,NA,NA,Multiple Young's FOIA,NA,David,D,Dave,NA,NA,YOUNG,MH11421521,21521,200,(IA-03),iowa,IA,House,021521.jpg,david-young,3,Republican Party,-0.038,0.442,0.8799011552008048,251,404error,David YOUNG,404error,Dave YOUNG,404error,404error,404error,404error,"YOUNG, David",404error,404error,404error,"^YOUNG, D$","^YOUNG, D$","YOUNG, Dave",404error,NA,1
NA,29847,2015-12-21,2015,114,"Young, D.","donald young|donald edwin young|donald e young|don young|don edwin young|don e young|young, donald|^young, d$|young, don|d e young","YOUNG, Donald Edwin",VA,Further request to restart VA compensation and provide back pay,1,NA,1,NA,NA,NA,Multiple Young's FOIA,NA,Donald,D,Don,Edwin,E,YOUNG,MH11414066,14066,200,(AK-01),alaska,AK,House,014066.jpg,donald-edwin-young,1,Republican Party,0.021,0.283,0.8492065603662585,251,404error,Donald YOUNG,404error,Don YOUNG,Donald Edwin YOUNG,Donald E YOUNG,Don Edwin YOUNG,Don E YOUNG,"YOUNG, Donald",404error,404error,D E YOUNG,"^YOUNG, D$","^YOUNG, D$","YOUNG, Don",404error,NA,1
NA,29917,2016-01-04,2016,114,"Young, D.","david young|dave young|young, david|^young, d$|young, dave","YOUNG, David",VA,Concerns about hiring practices at VA HCS in Anchorage,1,NA,1,NA,NA,NA,Multiple Young's FOIA,NA,David,D,Dave,NA,NA,YOUNG,MH11421521,21521,200,(IA-03),iowa,IA,House,021521.jpg,david-young,3,Republican Party,-0.038,0.442,0.8799011552008048,251,404error,David YOUNG,404error,Dave YOUNG,404error,404error,404error,404error,"YOUNG, David",404error,404error,404error,"^YOUNG, D$","^YOUNG, D$","YOUNG, Dave",404error,NA,1
NA,29918,2016-01-04,2016,114,"Young, D.","donald young|donald edwin young|donald e young|don young|don edwin young|don e young|young, donald|^young, d$|young, don|d e young","YOUNG, Donald Edwin",VA,Concerns about hiring practices at VA HCS in Anchorage,1,NA,1,NA,NA,NA,Multiple Young's FOIA,NA,Donald,D,Don,Edwin,E,YOUNG,MH11414066,14066,200,(AK-01),alaska,AK,House,014066.jpg,donald-edwin-young,1,Republican Party,0.021,0.283,0.8492065603662585,251,404error,Donald YOUNG,404error,Don YOUNG,Donald Edwin YOUNG,Donald E YOUNG,Don Edwin YOUNG,Don E YOUNG,"YOUNG, Donald",404error,404error,D E YOUNG,"^YOUNG, D$","^YOUNG, D$","YOUNG, Don",404error,NA,1
NA,29928,2016-01-05,2016,114,"Young, D.","david young|dave young|young, david|^young, d$|young, dave","YOUNG, David",VA,Pension Benefits,1,NA,1,NA,NA,NA,Multiple Young's FOIA,NA,David,D,Dave,NA,NA,YOUNG,MH11421521,21521,200,(IA-03),iowa,IA,House,021521.jpg,david-young,3,Republican Party,-0.038,0.442,0.8799011552008048,251,404error,David YOUNG,404error,Dave YOUNG,404error,404error,404error,404error,"YOUNG, David",404error,404error,404error,"^YOUNG, D$","^YOUNG, D$","YOUNG, Dave",404error,NA,1
NA,29929,2016-01-05,2016,114,"Young, D.","donald young|donald edwin young|donald e young|don young|don edwin young|don e young|young, donald|^young, d$|young, don|d e young","YOUNG, Donald Edwin",VA,Pension Benefits,1,NA,1,NA,NA,NA,Multiple Young's FOIA,NA,Donald,D,Don,Edwin,E,YOUNG,MH11414066,14066,200,(AK-01),alaska,AK,House,014066.jpg,donald-edwin-young,1,Republican Party,0.021,0.283,0.8492065603662585,251,404error,Donald YOUNG,404error,Don YOUNG,Donald Edwin YOUNG,Donald E YOUNG,Don Edwin YOUNG,Don E YOUNG,"YOUNG, Donald",404error,404error,D E YOUNG,"^YOUNG, D$","^YOUNG, D$","YOUNG, Don",404error,NA,1
NA,29936,2016-01-05,2016,114,"Young, D.","david young|dave young|young, david|^young, d$|young, dave","YOUNG, David",VA,Reimbursement for dental work related to cancer surgery,1,NA,1,NA,NA,NA,Multiple Young's FOIA,NA,David,D,Dave,NA,NA,YOUNG,MH11421521,21521,200,(IA-03),iowa,IA,House,021521.jpg,david-young,3,Republican Party,-0.038,0.442,0.8799011552008048,251,404error,David YOUNG,404error,Dave YOUNG,404error,404error,404error,404error,"YOUNG, David",404error,404error,404error,"^YOUNG, D$","^YOUNG, D$","YOUNG, Dave",404error,NA,1
NA,29937,2016-01-05,2016,114,"Young, D.","donald young|donald edwin young|donald e young|don young|don edwin young|don e young|young, donald|^young, d$|young, don|d e young","YOUNG, Donald Edwin",VA,Reimbursement for dental work related to cancer surgery,1,NA,1,NA,NA,NA,Multiple Young's FOIA,NA,Donald,D,Don,Edwin,E,YOUNG,MH11414066,14066,200,(AK-01),alaska,AK,House,014066.jpg,donald-edwin-young,1,Republican Party,0.021,0.283,0.8492065603662585,251,404error,Donald YOUNG,404error,Don YOUNG,Donald Edwin YOUNG,Donald E YOUNG,Don Edwin YOUNG,Don E YOUNG,"YOUNG, Donald",404error,404error,D E YOUNG,"^YOUNG, D$","^YOUNG, D$","YOUNG, Don",404error,NA,1
NA,29972,2016-01-07,2016,114,"Young, D.","david young|dave young|young, david|^young, d$|young, dave","YOUNG, David",VA,Denial letter Ed services,1,NA,1,NA,NA,NA,Multiple Young's FOIA,NA,David,D,Dave,NA,NA,YOUNG,MH11421521,21521,200,(IA-03),iowa,IA,House,021521.jpg,david-young,3,Republican Party,-0.038,0.442,0.8799011552008048,251,404error,David YOUNG,404error,Dave YOUNG,404error,404error,404error,404error,"YOUNG, David",404error,404error,404error,"^YOUNG, D$","^YOUNG, D$","YOUNG, Dave",404error,NA,1
NA,29973,2016-01-07,2016,114,"Young, D.","donald young|donald edwin young|donald e young|don young|don edwin young|don e young|young, donald|^young, d$|young, don|d e young","YOUNG, Donald Edwin",VA,Denial letter Ed services,1,NA,1,NA,NA,NA,Multiple Young's FOIA,NA,Donald,D,Don,Edwin,E,YOUNG,MH11414066,14066,200,(AK-01),alaska,AK,House,014066.jpg,donald-edwin-young,1,Republican Party,0.021,0.283,0.8492065603662585,251,404error,Donald YOUNG,404error,Don YOUNG,Donald Edwin YOUNG,Donald E YOUNG,Don Edwin YOUNG,Don E YOUNG,"YOUNG, Donald",404error,404error,D E YOUNG,"^YOUNG, D$","^YOUNG, D$","YOUNG, Don",404error,NA,1
NA,30226,2016-01-28,2016,114,"Young, D.","david young|dave young|young, david|^young, d$|young, dave","YOUNG, David",VA,VA disability checks,1,NA,1,NA,NA,NA,Multiple Young's FOIA,NA,David,D,Dave,NA,NA,YOUNG,MH11421521,21521,200,(IA-03),iowa,IA,House,021521.jpg,david-young,3,Republican Party,-0.038,0.442,0.8799011552008048,251,404error,David YOUNG,404error,Dave YOUNG,404error,404error,404error,404error,"YOUNG, David",404error,404error,404error,"^YOUNG, D$","^YOUNG, D$","YOUNG, Dave",404error,NA,1
NA,30227,2016-01-28,2016,114,"Young, D.","donald young|donald edwin young|donald e young|don young|don edwin young|don e young|young, donald|^young, d$|young, don|d e young","YOUNG, Donald Edwin",VA,VA disability checks,1,NA,1,NA,NA,NA,Multiple Young's FOIA,NA,Donald,D,Don,Edwin,E,YOUNG,MH11414066,14066,200,(AK-01),alaska,AK,House,014066.jpg,donald-edwin-young,1,Republican Party,0.021,0.283,0.8492065603662585,251,404error,Donald YOUNG,404error,Don YOUNG,Donald Edwin YOUNG,Donald E YOUNG,Don Edwin YOUNG,Don E YOUNG,"YOUNG, Donald",404error,404error,D E YOUNG,"^YOUNG, D$","^YOUNG, D$","YOUNG, Don",404error,NA,1
NA,30294,2016-02-02,2016,114,"Young, D.","david young|dave young|young, david|^young, d$|young, dave","YOUNG, David",VA,RONA request,NA,NA,NA,NA,NA,NA,Multiple Young's FOIA,NA,David,D,Dave,NA,NA,YOUNG,MH11421521,21521,200,(IA-03),iowa,IA,House,021521.jpg,david-young,3,Republican Party,-0.038,0.442,0.8799011552008048,251,404error,David YOUNG,404error,Dave YOUNG,404error,404error,404error,404error,"YOUNG, David",404error,404error,404error,"^YOUNG, D$","^YOUNG, D$","YOUNG, Dave",404error,NA,1
NA,30295,2016-02-02,2016,114,"Young, D.","donald young|donald edwin young|donald e young|don young|don edwin young|don e young|young, donald|^young, d$|young, don|d e young","YOUNG, Donald Edwin",VA,RONA request,NA,NA,NA,NA,NA,NA,Multiple Young's FOIA,NA,Donald,D,Don,Edwin,E,YOUNG,MH11414066,14066,200,(AK-01),alaska,AK,House,014066.jpg,donald-edwin-young,1,Republican Party,0.021,0.283,0.8492065603662585,251,404error,Donald YOUNG,404error,Don YOUNG,Donald Edwin YOUNG,Donald E YOUNG,Don Edwin YOUNG,Don E YOUNG,"YOUNG, Donald",404error,404error,D E YOUNG,"^YOUNG, D$","^YOUNG, D$","YOUNG, Don",404error,NA,1
NA,30392,2016-02-09,2016,114,"Young, D.","david young|dave young|young, david|^young, d$|young, dave","YOUNG, David",VA,GI Bill benefits and debt issues,1,NA,1,NA,NA,NA,Multiple Young's FOIA,NA,David,D,Dave,NA,NA,YOUNG,MH11421521,21521,200,(IA-03),iowa,IA,House,021521.jpg,david-young,3,Republican Party,-0.038,0.442,0.8799011552008048,251,404error,David YOUNG,404error,Dave YOUNG,404error,404error,404error,404error,"YOUNG, David",404error,404error,404error,"^YOUNG, D$","^YOUNG, D$","YOUNG, Dave",404error,NA,1
NA,30393,2016-02-09,2016,114,"Young, D.","donald young|donald edwin young|donald e young|don young|don edwin young|don e young|young, donald|^young, d$|young, don|d e young","YOUNG, Donald Edwin",VA,GI Bill benefits and debt issues,1,NA,1,NA,NA,NA,Multiple Young's FOIA,NA,Donald,D,Don,Edwin,E,YOUNG,MH11414066,14066,200,(AK-01),alaska,AK,House,014066.jpg,donald-edwin-young,1,Republican Party,0.021,0.283,0.8492065603662585,251,404error,Donald YOUNG,404error,Don YOUNG,Donald Edwin YOUNG,Donald E YOUNG,Don Edwin YOUNG,Don E YOUNG,"YOUNG, Donald",404error,404error,D E YOUNG,"^YOUNG, D$","^YOUNG, D$","YOUNG, Don",404error,NA,1
NA,30397,2016-02-09,2016,114,"Young, D.","david young|dave young|young, david|^young, d$|young, dave","YOUNG, David",VA,Follow-up:  reimbursement for dental work related to cancer surgery,1,NA,1,NA,NA,NA,Multiple Young's FOIA,NA,David,D,Dave,NA,NA,YOUNG,MH11421521,21521,200,(IA-03),iowa,IA,House,021521.jpg,david-young,3,Republican Party,-0.038,0.442,0.8799011552008048,251,404error,David YOUNG,404error,Dave YOUNG,404error,404error,404error,404error,"YOUNG, David",404error,404error,404error,"^YOUNG, D$","^YOUNG, D$","YOUNG, Dave",404error,NA,1
NA,30398,2016-02-09,2016,114,"Young, D.","donald young|donald edwin young|donald e young|don young|don edwin young|don e young|young, donald|^young, d$|young, don|d e young","YOUNG, Donald Edwin",VA,Follow-up:  reimbursement for dental work related to cancer surgery,1,NA,1,NA,NA,NA,Multiple Young's FOIA,NA,Donald,D,Don,Edwin,E,YOUNG,MH11414066,14066,200,(AK-01),alaska,AK,House,014066.jpg,donald-edwin-young,1,Republican Party,0.021,0.283,0.8492065603662585,251,404error,Donald YOUNG,404error,Don YOUNG,Donald Edwin YOUNG,Donald E YOUNG,Don Edwin YOUNG,Don E YOUNG,"YOUNG, Donald",404error,404error,D E YOUNG,"^YOUNG, D$","^YOUNG, D$","YOUNG, Don",404error,NA,1
NA,30428,2016-02-11,2016,114,"Rogers, M.","mike rogers|mike dennis rogers|mike d rogers|michael rogers|michael dennis rogers|michael d rogers|rogers, mike|^rogers, m$|rogers, michael|m d rogers","ROGERS, Mike Dennis",VA,Construction complaint against VA,1,2,3,NA,NA,NA,Multiple Rogers' FOIA,NA,Mike,M,Michael,Dennis,D,ROGERS,MH11420301,20301,200,(AL-03),alabama,AL,House,020301.jpg,mike-dennis-rogers,3,Republican Party,0.457,0.352,0.8839376217739167,251,404error,Mike ROGERS,404error,Michael ROGERS,Mike Dennis ROGERS,Mike D ROGERS,Michael Dennis ROGERS,Michael D ROGERS,"ROGERS, Mike",404error,404error,M D ROGERS,"^ROGERS, M$","^ROGERS, M$","ROGERS, Michael",404error,NA,1
NA,30499,2016-02-18,2016,114,"Rogers, M.","mike rogers|mike dennis rogers|mike d rogers|michael rogers|michael dennis rogers|michael d rogers|rogers, mike|^rogers, m$|rogers, michael|m d rogers","ROGERS, Mike Dennis",VA,Navy tort claim and VA appeal (rec'd from Navy),1,NA,1,NA,NA,NA,Multiple Rogers' FOIA,NA,Mike,M,Michael,Dennis,D,ROGERS,MH11420301,20301,200,(AL-03),alabama,AL,House,020301.jpg,mike-dennis-rogers,3,Republican Party,0.457,0.352,0.8839376217739167,251,404error,Mike ROGERS,404error,Michael ROGERS,Mike Dennis ROGERS,Mike D ROGERS,Michael Dennis ROGERS,Michael D ROGERS,"ROGERS, Mike",404error,404error,M D ROGERS,"^ROGERS, M$","^ROGERS, M$","ROGERS, Michael",404error,NA,1
NA,30583,2016-02-25,2016,114,"Rogers, M.","mike rogers|mike dennis rogers|mike d rogers|michael rogers|michael dennis rogers|michael d rogers|rogers, mike|^rogers, m$|rogers, michael|m d rogers","ROGERS, Mike Dennis",VA,Problems with Choice Program,1,NA,1,NA,NA,NA,Multiple Rogers' FOIA,NA,Mike,M,Michael,Dennis,D,ROGERS,MH11420301,20301,200,(AL-03),alabama,AL,House,020301.jpg,mike-dennis-rogers,3,Republican Party,0.457,0.352,0.8839376217739167,251,404error,Mike ROGERS,404error,Michael ROGERS,Mike Dennis ROGERS,Mike D ROGERS,Michael Dennis ROGERS,Michael D ROGERS,"ROGERS, Mike",404error,404error,M D ROGERS,"^ROGERS, M$","^ROGERS, M$","ROGERS, Michael",404error,NA,1
NA,30869,2016-03-16,2016,114,"Young, D.","david young|dave young|young, david|^young, d$|young, dave","YOUNG, David",VA,Billing issues,1,NA,1,NA,NA,NA,Multiple Young's FOIA,NA,David,D,Dave,NA,NA,YOUNG,MH11421521,21521,200,(IA-03),iowa,IA,House,021521.jpg,david-young,3,Republican Party,-0.038,0.442,0.8799011552008048,251,404error,David YOUNG,404error,Dave YOUNG,404error,404error,404error,404error,"YOUNG, David",404error,404error,404error,"^YOUNG, D$","^YOUNG, D$","YOUNG, Dave",404error,NA,1
NA,30870,2016-03-16,2016,114,"Young, D.","donald young|donald edwin young|donald e young|don young|don edwin young|don e young|young, donald|^young, d$|young, don|d e young","YOUNG, Donald Edwin",VA,Billing issues,1,NA,1,NA,NA,NA,Multiple Young's FOIA,NA,Donald,D,Don,Edwin,E,YOUNG,MH11414066,14066,200,(AK-01),alaska,AK,House,014066.jpg,donald-edwin-young,1,Republican Party,0.021,0.283,0.8492065603662585,251,404error,Donald YOUNG,404error,Don YOUNG,Donald Edwin YOUNG,Donald E YOUNG,Don Edwin YOUNG,Don E YOUNG,"YOUNG, Donald",404error,404error,D E YOUNG,"^YOUNG, D$","^YOUNG, D$","YOUNG, Don",404error,NA,1
NA,31065,2016-03-30,2016,114,"Young, D.","david young|dave young|young, david|^young, d$|young, dave","YOUNG, David",VA,Request for 1095-B,1,NA,1,NA,NA,NA,Multiple Young's FOIA,NA,David,D,Dave,NA,NA,YOUNG,MH11421521,21521,200,(IA-03),iowa,IA,House,021521.jpg,david-young,3,Republican Party,-0.038,0.442,0.8799011552008048,251,404error,David YOUNG,404error,Dave YOUNG,404error,404error,404error,404error,"YOUNG, David",404error,404error,404error,"^YOUNG, D$","^YOUNG, D$","YOUNG, Dave",404error,NA,1
NA,31066,2016-03-30,2016,114,"Young, D.","donald young|donald edwin young|donald e young|don young|don edwin young|don e young|young, donald|^young, d$|young, don|d e young","YOUNG, Donald Edwin",VA,Request for 1095-B,1,NA,1,NA,NA,NA,Multiple Young's FOIA,NA,Donald,D,Don,Edwin,E,YOUNG,MH11414066,14066,200,(AK-01),alaska,AK,House,014066.jpg,donald-edwin-young,1,Republican Party,0.021,0.283,0.8492065603662585,251,404error,Donald YOUNG,404error,Don YOUNG,Donald Edwin YOUNG,Donald E YOUNG,Don Edwin YOUNG,Don E YOUNG,"YOUNG, Donald",404error,404error,D E YOUNG,"^YOUNG, D$","^YOUNG, D$","YOUNG, Don",404error,NA,1
NA,31122,2016-04-04,2016,114,"Young, D.","david young|dave young|young, david|^young, d$|young, dave","YOUNG, David",VA,Follow-up:  request for 1095-B,1,NA,1,NA,NA,NA,Multiple Young's FOIA,NA,David,D,Dave,NA,NA,YOUNG,MH11421521,21521,200,(IA-03),iowa,IA,House,021521.jpg,david-young,3,Republican Party,-0.038,0.442,0.8799011552008048,251,404error,David YOUNG,404error,Dave YOUNG,404error,404error,404error,404error,"YOUNG, David",404error,404error,404error,"^YOUNG, D$","^YOUNG, D$","YOUNG, Dave",404error,NA,1
NA,31123,2016-04-04,2016,114,"Young, D.","donald young|donald edwin young|donald e young|don young|don edwin young|don e young|young, donald|^young, d$|young, don|d e young","YOUNG, Donald Edwin",VA,Follow-up:  request for 1095-B,1,NA,1,NA,NA,NA,Multiple Young's FOIA,NA,Donald,D,Don,Edwin,E,YOUNG,MH11414066,14066,200,(AK-01),alaska,AK,House,014066.jpg,donald-edwin-young,1,Republican Party,0.021,0.283,0.8492065603662585,251,404error,Donald YOUNG,404error,Don YOUNG,Donald Edwin YOUNG,Donald E YOUNG,Don Edwin YOUNG,Don E YOUNG,"YOUNG, Donald",404error,404error,D E YOUNG,"^YOUNG, D$","^YOUNG, D$","YOUNG, Don",404error,NA,1
NA,31198,2016-04-08,2016,114,"Rogers, M.","mike rogers|mike dennis rogers|mike d rogers|michael rogers|michael dennis rogers|michael d rogers|rogers, mike|^rogers, m$|rogers, michael|m d rogers","ROGERS, Mike Dennis",VA,Employment issues,1,NA,1,NA,NA,NA,Multiple Rogers' FOIA,NA,Mike,M,Michael,Dennis,D,ROGERS,MH11420301,20301,200,(AL-03),alabama,AL,House,020301.jpg,mike-dennis-rogers,3,Republican Party,0.457,0.352,0.8839376217739167,251,404error,Mike ROGERS,404error,Michael ROGERS,Mike Dennis ROGERS,Mike D ROGERS,Michael Dennis ROGERS,Michael D ROGERS,"ROGERS, Mike",404error,404error,M D ROGERS,"^ROGERS, M$","^ROGERS, M$","ROGERS, Michael",404error,NA,1
NA,31236,2016-04-12,2016,114,"Young, D.","david young|dave young|young, david|^young, d$|young, dave","YOUNG, David",VA,Denial of procedure through Choice,1,NA,1,NA,NA,NA,Multiple Young's FOIA,NA,David,D,Dave,NA,NA,YOUNG,MH11421521,21521,200,(IA-03),iowa,IA,House,021521.jpg,david-young,3,Republican Party,-0.038,0.442,0.8799011552008048,251,404error,David YOUNG,404error,Dave YOUNG,404error,404error,404error,404error,"YOUNG, David",404error,404error,404error,"^YOUNG, D$","^YOUNG, D$","YOUNG, Dave",404error,NA,1
NA,31237,2016-04-12,2016,114,"Young, D.","donald young|donald edwin young|donald e young|don young|don edwin young|don e young|young, donald|^young, d$|young, don|d e young","YOUNG, Donald Edwin",VA,Denial of procedure through Choice,1,NA,1,NA,NA,NA,Multiple Young's FOIA,NA,Donald,D,Don,Edwin,E,YOUNG,MH11414066,14066,200,(AK-01),alaska,AK,House,014066.jpg,donald-edwin-young,1,Republican Party,0.021,0.283,0.8492065603662585,251,404error,Donald YOUNG,404error,Don YOUNG,Donald Edwin YOUNG,Donald E YOUNG,Don Edwin YOUNG,Don E YOUNG,"YOUNG, Donald",404error,404error,D E YOUNG,"^YOUNG, D$","^YOUNG, D$","YOUNG, Don",404error,NA,1
NA,31277,2016-04-14,2016,114,"Rogers, M.","mike rogers|mike dennis rogers|mike d rogers|michael rogers|michael dennis rogers|michael d rogers|rogers, mike|^rogers, m$|rogers, michael|m d rogers","ROGERS, Mike Dennis",VA,VHA employment issues,1,NA,1,NA,NA,NA,Multiple Rogers' FOIA,NA,Mike,M,Michael,Dennis,D,ROGERS,MH11420301,20301,200,(AL-03),alabama,AL,House,020301.jpg,mike-dennis-rogers,3,Republican Party,0.457,0.352,0.8839376217739167,251,404error,Mike ROGERS,404error,Michael ROGERS,Mike Dennis ROGERS,Mike D ROGERS,Michael Dennis ROGERS,Michael D ROGERS,"ROGERS, Mike",404error,404error,M D ROGERS,"^ROGERS, M$","^ROGERS, M$","ROGERS, Michael",404error,NA,1
NA,31371,2016-04-22,2016,114,"Young, D.","david young|dave young|young, david|^young, d$|young, dave","YOUNG, David",VA,Non-VA emergency care billing,1,NA,1,NA,NA,NA,Multiple Young's FOIA,NA,David,D,Dave,NA,NA,YOUNG,MH11421521,21521,200,(IA-03),iowa,IA,House,021521.jpg,david-young,3,Republican Party,-0.038,0.442,0.8799011552008048,251,404error,David YOUNG,404error,Dave YOUNG,404error,404error,404error,404error,"YOUNG, David",404error,404error,404error,"^YOUNG, D$","^YOUNG, D$","YOUNG, Dave",404error,NA,1
NA,31372,2016-04-22,2016,114,"Young, D.","donald young|donald edwin young|donald e young|don young|don edwin young|don e young|young, donald|^young, d$|young, don|d e young","YOUNG, Donald Edwin",VA,Non-VA emergency care billing,1,NA,1,NA,NA,NA,Multiple Young's FOIA,NA,Donald,D,Don,Edwin,E,YOUNG,MH11414066,14066,200,(AK-01),alaska,AK,House,014066.jpg,donald-edwin-young,1,Republican Party,0.021,0.283,0.8492065603662585,251,404error,Donald YOUNG,404error,Don YOUNG,Donald Edwin YOUNG,Donald E YOUNG,Don Edwin YOUNG,Don E YOUNG,"YOUNG, Donald",404error,404error,D E YOUNG,"^YOUNG, D$","^YOUNG, D$","YOUNG, Don",404error,NA,1
NA,31430,2016-04-27,2016,114,"Young, D.","david young|dave young|young, david|^young, d$|young, dave","YOUNG, David",VA,Denial of payment for medical bills,1,NA,1,NA,NA,NA,Multiple Young's FOIA,NA,David,D,Dave,NA,NA,YOUNG,MH11421521,21521,200,(IA-03),iowa,IA,House,021521.jpg,david-young,3,Republican Party,-0.038,0.442,0.8799011552008048,251,404error,David YOUNG,404error,Dave YOUNG,404error,404error,404error,404error,"YOUNG, David",404error,404error,404error,"^YOUNG, D$","^YOUNG, D$","YOUNG, Dave",404error,NA,1
NA,31431,2016-04-27,2016,114,"Young, D.","donald young|donald edwin young|donald e young|don young|don edwin young|don e young|young, donald|^young, d$|young, don|d e young","YOUNG, Donald Edwin",VA,Denial of payment for medical bills,1,NA,1,NA,NA,NA,Multiple Young's FOIA,NA,Donald,D,Don,Edwin,E,YOUNG,MH11414066,14066,200,(AK-01),alaska,AK,House,014066.jpg,donald-edwin-young,1,Republican Party,0.021,0.283,0.8492065603662585,251,404error,Donald YOUNG,404error,Don YOUNG,Donald Edwin YOUNG,Donald E YOUNG,Don Edwin YOUNG,Don E YOUNG,"YOUNG, Donald",404error,404error,D E YOUNG,"^YOUNG, D$","^YOUNG, D$","YOUNG, Don",404error,NA,1
NA,31502,2016-05-03,2016,114,"Young, D.","david young|dave young|young, david|^young, d$|young, dave","YOUNG, David",VA,Dependency claim,1,NA,1,NA,NA,NA,Multiple Young's FOIA,NA,David,D,Dave,NA,NA,YOUNG,MH11421521,21521,200,(IA-03),iowa,IA,House,021521.jpg,david-young,3,Republican Party,-0.038,0.442,0.8799011552008048,251,404error,David YOUNG,404error,Dave YOUNG,404error,404error,404error,404error,"YOUNG, David",404error,404error,404error,"^YOUNG, D$","^YOUNG, D$","YOUNG, Dave",404error,NA,1
NA,31503,2016-05-03,2016,114,"Young, D.","donald young|donald edwin young|donald e young|don young|don edwin young|don e young|young, donald|^young, d$|young, don|d e young","YOUNG, Donald Edwin",VA,Dependency claim,1,NA,1,NA,NA,NA,Multiple Young's FOIA,NA,Donald,D,Don,Edwin,E,YOUNG,MH11414066,14066,200,(AK-01),alaska,AK,House,014066.jpg,donald-edwin-young,1,Republican Party,0.021,0.283,0.8492065603662585,251,404error,Donald YOUNG,404error,Don YOUNG,Donald Edwin YOUNG,Donald E YOUNG,Don Edwin YOUNG,Don E YOUNG,"YOUNG, Donald",404error,404error,D E YOUNG,"^YOUNG, D$","^YOUNG, D$","YOUNG, Don",404error,NA,1
NA,31564,2016-05-05,2016,114,"Young, D.","david young|dave young|young, david|^young, d$|young, dave","YOUNG, David",VA,Request for VAMC records,1,NA,1,NA,NA,NA,Multiple Young's FOIA,NA,David,D,Dave,NA,NA,YOUNG,MH11421521,21521,200,(IA-03),iowa,IA,House,021521.jpg,david-young,3,Republican Party,-0.038,0.442,0.8799011552008048,251,404error,David YOUNG,404error,Dave YOUNG,404error,404error,404error,404error,"YOUNG, David",404error,404error,404error,"^YOUNG, D$","^YOUNG, D$","YOUNG, Dave",404error,NA,1
NA,31565,2016-05-05,2016,114,"Young, D.","donald young|donald edwin young|donald e young|don young|don edwin young|don e young|young, donald|^young, d$|young, don|d e young","YOUNG, Donald Edwin",VA,Request for VAMC records,1,NA,1,NA,NA,NA,Multiple Young's FOIA,NA,Donald,D,Don,Edwin,E,YOUNG,MH11414066,14066,200,(AK-01),alaska,AK,House,014066.jpg,donald-edwin-young,1,Republican Party,0.021,0.283,0.8492065603662585,251,404error,Donald YOUNG,404error,Don YOUNG,Donald Edwin YOUNG,Donald E YOUNG,Don Edwin YOUNG,Don E YOUNG,"YOUNG, Donald",404error,404error,D E YOUNG,"^YOUNG, D$","^YOUNG, D$","YOUNG, Don",404error,NA,1
NA,31877,2016-05-31,2016,114,"Young, D.","david young|dave young|young, david|^young, d$|young, dave","YOUNG, David",VA,F/U-denial of procedure thru Choice,1,NA,1,NA,NA,NA,Multiple Young's FOIA,NA,David,D,Dave,NA,NA,YOUNG,MH11421521,21521,200,(IA-03),iowa,IA,House,021521.jpg,david-young,3,Republican Party,-0.038,0.442,0.8799011552008048,251,404error,David YOUNG,404error,Dave YOUNG,404error,404error,404error,404error,"YOUNG, David",404error,404error,404error,"^YOUNG, D$","^YOUNG, D$","YOUNG, Dave",404error,NA,1
NA,31878,2016-05-31,2016,114,"Young, D.","donald young|donald edwin young|donald e young|don young|don edwin young|don e young|young, donald|^young, d$|young, don|d e young","YOUNG, Donald Edwin",VA,F/U-denial of procedure thru Choice,1,NA,1,NA,NA,NA,Multiple Young's FOIA,NA,Donald,D,Don,Edwin,E,YOUNG,MH11414066,14066,200,(AK-01),alaska,AK,House,014066.jpg,donald-edwin-young,1,Republican Party,0.021,0.283,0.8492065603662585,251,404error,Donald YOUNG,404error,Don YOUNG,Donald Edwin YOUNG,Donald E YOUNG,Don Edwin YOUNG,Don E YOUNG,"YOUNG, Donald",404error,404error,D E YOUNG,"^YOUNG, D$","^YOUNG, D$","YOUNG, Don",404error,NA,1
NA,31879,2016-05-31,2016,114,"Young, D.","david young|dave young|young, david|^young, d$|young, dave","YOUNG, David",VA,F/U-denial of bills,1,NA,1,NA,NA,NA,Multiple Young's FOIA,NA,David,D,Dave,NA,NA,YOUNG,MH11421521,21521,200,(IA-03),iowa,IA,House,021521.jpg,david-young,3,Republican Party,-0.038,0.442,0.8799011552008048,251,404error,David YOUNG,404error,Dave YOUNG,404error,404error,404error,404error,"YOUNG, David",404error,404error,404error,"^YOUNG, D$","^YOUNG, D$","YOUNG, Dave",404error,NA,1
NA,31880,2016-05-31,2016,114,"Young, D.","donald young|donald edwin young|donald e young|don young|don edwin young|don e young|young, donald|^young, d$|young, don|d e young","YOUNG, Donald Edwin",VA,F/U-denial of bills,1,NA,1,NA,NA,NA,Multiple Young's FOIA,NA,Donald,D,Don,Edwin,E,YOUNG,MH11414066,14066,200,(AK-01),alaska,AK,House,014066.jpg,donald-edwin-young,1,Republican Party,0.021,0.283,0.8492065603662585,251,404error,Donald YOUNG,404error,Don YOUNG,Donald Edwin YOUNG,Donald E YOUNG,Don Edwin YOUNG,Don E YOUNG,"YOUNG, Donald",404error,404error,D E YOUNG,"^YOUNG, D$","^YOUNG, D$","YOUNG, Don",404error,NA,1
NA,31986,2016-06-07,2016,114,"Young, D.","david young|dave young|young, david|^young, d$|young, dave","YOUNG, David",VA,Claim for Veteran overseas,1,NA,1,NA,NA,NA,Multiple Young's FOIA,NA,David,D,Dave,NA,NA,YOUNG,MH11421521,21521,200,(IA-03),iowa,IA,House,021521.jpg,david-young,3,Republican Party,-0.038,0.442,0.8799011552008048,251,404error,David YOUNG,404error,Dave YOUNG,404error,404error,404error,404error,"YOUNG, David",404error,404error,404error,"^YOUNG, D$","^YOUNG, D$","YOUNG, Dave",404error,NA,1
NA,31987,2016-06-07,2016,114,"Young, D.","donald young|donald edwin young|donald e young|don young|don edwin young|don e young|young, donald|^young, d$|young, don|d e young","YOUNG, Donald Edwin",VA,Claim for Veteran overseas,1,NA,1,NA,NA,NA,Multiple Young's FOIA,NA,Donald,D,Don,Edwin,E,YOUNG,MH11414066,14066,200,(AK-01),alaska,AK,House,014066.jpg,donald-edwin-young,1,Republican Party,0.021,0.283,0.8492065603662585,251,404error,Donald YOUNG,404error,Don YOUNG,Donald Edwin YOUNG,Donald E YOUNG,Don Edwin YOUNG,Don E YOUNG,"YOUNG, Donald",404error,404error,D E YOUNG,"^YOUNG, D$","^YOUNG, D$","YOUNG, Don",404error,NA,1
NA,31990,2016-06-07,2016,114,"Young, D.","david young|dave young|young, david|^young, d$|young, dave","YOUNG, David",VA,Follow-up:  request for VAMC records,1,NA,1,NA,NA,NA,Multiple Young's FOIA,NA,David,D,Dave,NA,NA,YOUNG,MH11421521,21521,200,(IA-03),iowa,IA,House,021521.jpg,david-young,3,Republican Party,-0.038,0.442,0.8799011552008048,251,404error,David YOUNG,404error,Dave YOUNG,404error,404error,404error,404error,"YOUNG, David",404error,404error,404error,"^YOUNG, D$","^YOUNG, D$","YOUNG, Dave",404error,NA,1
NA,31991,2016-06-07,2016,114,"Young, D.","donald young|donald edwin young|donald e young|don young|don edwin young|don e young|young, donald|^young, d$|young, don|d e young","YOUNG, Donald Edwin",VA,Follow-up:  request for VAMC records,1,NA,1,NA,NA,NA,Multiple Young's FOIA,NA,Donald,D,Don,Edwin,E,YOUNG,MH11414066,14066,200,(AK-01),alaska,AK,House,014066.jpg,donald-edwin-young,1,Republican Party,0.021,0.283,0.8492065603662585,251,404error,Donald YOUNG,404error,Don YOUNG,Donald Edwin YOUNG,Donald E YOUNG,Don Edwin YOUNG,Don E YOUNG,"YOUNG, Donald",404error,404error,D E YOUNG,"^YOUNG, D$","^YOUNG, D$","YOUNG, Don",404error,NA,1
NA,32170,2016-06-17,2016,114,"Young, D.","david young|dave young|young, david|^young, d$|young, dave","YOUNG, David",VA,Medical billing/debt issues,1,NA,1,NA,NA,NA,Multiple Young's FOIA,NA,David,D,Dave,NA,NA,YOUNG,MH11421521,21521,200,(IA-03),iowa,IA,House,021521.jpg,david-young,3,Republican Party,-0.038,0.442,0.8799011552008048,251,404error,David YOUNG,404error,Dave YOUNG,404error,404error,404error,404error,"YOUNG, David",404error,404error,404error,"^YOUNG, D$","^YOUNG, D$","YOUNG, Dave",404error,NA,1
NA,32171,2016-06-17,2016,114,"Young, D.","donald young|donald edwin young|donald e young|don young|don edwin young|don e young|young, donald|^young, d$|young, don|d e young","YOUNG, Donald Edwin",VA,Medical billing/debt issues,1,NA,1,NA,NA,NA,Multiple Young's FOIA,NA,Donald,D,Don,Edwin,E,YOUNG,MH11414066,14066,200,(AK-01),alaska,AK,House,014066.jpg,donald-edwin-young,1,Republican Party,0.021,0.283,0.8492065603662585,251,404error,Donald YOUNG,404error,Don YOUNG,Donald Edwin YOUNG,Donald E YOUNG,Don Edwin YOUNG,Don E YOUNG,"YOUNG, Donald",404error,404error,D E YOUNG,"^YOUNG, D$","^YOUNG, D$","YOUNG, Don",404error,NA,1
NA,32189,2016-06-20,2016,114,"Rogers, M.","mike rogers|mike dennis rogers|mike d rogers|michael rogers|michael dennis rogers|michael d rogers|rogers, mike|^rogers, m$|rogers, michael|m d rogers","ROGERS, Mike Dennis",VA,Seeking physical rehab at VA facility,1,NA,1,NA,NA,NA,Multiple Rogers' FOIA,NA,Mike,M,Michael,Dennis,D,ROGERS,MH11420301,20301,200,(AL-03),alabama,AL,House,020301.jpg,mike-dennis-rogers,3,Republican Party,0.457,0.352,0.8839376217739167,251,404error,Mike ROGERS,404error,Michael ROGERS,Mike Dennis ROGERS,Mike D ROGERS,Michael Dennis ROGERS,Michael D ROGERS,"ROGERS, Mike",404error,404error,M D ROGERS,"^ROGERS, M$","^ROGERS, M$","ROGERS, Michael",404error,NA,1
NA,32372,2016-06-30,2016,114,"Young, D.","david young|dave young|young, david|^young, d$|young, dave","YOUNG, David",VA,RONA request,NA,NA,NA,NA,NA,NA,Multiple Young's FOIA,NA,David,D,Dave,NA,NA,YOUNG,MH11421521,21521,200,(IA-03),iowa,IA,House,021521.jpg,david-young,3,Republican Party,-0.038,0.442,0.8799011552008048,251,404error,David YOUNG,404error,Dave YOUNG,404error,404error,404error,404error,"YOUNG, David",404error,404error,404error,"^YOUNG, D$","^YOUNG, D$","YOUNG, Dave",404error,NA,1
NA,32373,2016-06-30,2016,114,"Young, D.","donald young|donald edwin young|donald e young|don young|don edwin young|don e young|young, donald|^young, d$|young, don|d e young","YOUNG, Donald Edwin",VA,RONA request,NA,NA,NA,NA,NA,NA,Multiple Young's FOIA,NA,Donald,D,Don,Edwin,E,YOUNG,MH11414066,14066,200,(AK-01),alaska,AK,House,014066.jpg,donald-edwin-young,1,Republican Party,0.021,0.283,0.8492065603662585,251,404error,Donald YOUNG,404error,Don YOUNG,Donald Edwin YOUNG,Donald E YOUNG,Don Edwin YOUNG,Don E YOUNG,"YOUNG, Donald",404error,404error,D E YOUNG,"^YOUNG, D$","^YOUNG, D$","YOUNG, Don",404error,NA,1
NA,32477,2016-07-11,2016,114,"Young, D.","david young|dave young|young, david|^young, d$|young, dave","YOUNG, David",VA,Follow-up:  medical/billing debt issues,1,NA,1,NA,NA,NA,Multiple Young's FOIA,NA,David,D,Dave,NA,NA,YOUNG,MH11421521,21521,200,(IA-03),iowa,IA,House,021521.jpg,david-young,3,Republican Party,-0.038,0.442,0.8799011552008048,251,404error,David YOUNG,404error,Dave YOUNG,404error,404error,404error,404error,"YOUNG, David",404error,404error,404error,"^YOUNG, D$","^YOUNG, D$","YOUNG, Dave",404error,NA,1
NA,32478,2016-07-11,2016,114,"Young, D.","donald young|donald edwin young|donald e young|don young|don edwin young|don e young|young, donald|^young, d$|young, don|d e young","YOUNG, Donald Edwin",VA,Follow-up:  medical/billing debt issues,1,NA,1,NA,NA,NA,Multiple Young's FOIA,NA,Donald,D,Don,Edwin,E,YOUNG,MH11414066,14066,200,(AK-01),alaska,AK,House,014066.jpg,donald-edwin-young,1,Republican Party,0.021,0.283,0.8492065603662585,251,404error,Donald YOUNG,404error,Don YOUNG,Donald Edwin YOUNG,Donald E YOUNG,Don Edwin YOUNG,Don E YOUNG,"YOUNG, Donald",404error,404error,D E YOUNG,"^YOUNG, D$","^YOUNG, D$","YOUNG, Don",404error,NA,1
NA,32582,2016-07-14,2016,114,"Young, D.","david young|dave young|young, david|^young, d$|young, dave","YOUNG, David",VA,Follow-up:  request for VAMC records,1,NA,1,NA,NA,NA,Multiple Young's FOIA,NA,David,D,Dave,NA,NA,YOUNG,MH11421521,21521,200,(IA-03),iowa,IA,House,021521.jpg,david-young,3,Republican Party,-0.038,0.442,0.8799011552008048,251,404error,David YOUNG,404error,Dave YOUNG,404error,404error,404error,404error,"YOUNG, David",404error,404error,404error,"^YOUNG, D$","^YOUNG, D$","YOUNG, Dave",404error,NA,1
NA,32583,2016-07-14,2016,114,"Young, D.","donald young|donald edwin young|donald e young|don young|don edwin young|don e young|young, donald|^young, d$|young, don|d e young","YOUNG, Donald Edwin",VA,Follow-up:  request for VAMC records,1,NA,1,NA,NA,NA,Multiple Young's FOIA,NA,Donald,D,Don,Edwin,E,YOUNG,MH11414066,14066,200,(AK-01),alaska,AK,House,014066.jpg,donald-edwin-young,1,Republican Party,0.021,0.283,0.8492065603662585,251,404error,Donald YOUNG,404error,Don YOUNG,Donald Edwin YOUNG,Donald E YOUNG,Don Edwin YOUNG,Don E YOUNG,"YOUNG, Donald",404error,404error,D E YOUNG,"^YOUNG, D$","^YOUNG, D$","YOUNG, Don",404error,NA,1
NA,33036,2016-08-16,2016,114,"Rogers, M.","mike rogers|mike dennis rogers|mike d rogers|michael rogers|michael dennis rogers|michael d rogers|rogers, mike|^rogers, m$|rogers, michael|m d rogers","ROGERS, Mike Dennis",VA,Applying vet's preference to real estate company hiring,1,NA,1,NA,NA,NA,Multiple Rogers' FOIA,NA,Mike,M,Michael,Dennis,D,ROGERS,MH11420301,20301,200,(AL-03),alabama,AL,House,020301.jpg,mike-dennis-rogers,3,Republican Party,0.457,0.352,0.8839376217739167,251,404error,Mike ROGERS,404error,Michael ROGERS,Mike Dennis ROGERS,Mike D ROGERS,Michael Dennis ROGERS,Michael D ROGERS,"ROGERS, Mike",404error,404error,M D ROGERS,"^ROGERS, M$","^ROGERS, M$","ROGERS, Michael",404error,NA,1
NA,33131,2016-08-22,2016,114,"Young, D.","david young|dave young|young, david|^young, d$|young, dave","YOUNG, David",VA,Status of OIG Hotline case,1,NA,1,NA,NA,NA,Multiple Young's FOIA,NA,David,D,Dave,NA,NA,YOUNG,MH11421521,21521,200,(IA-03),iowa,IA,House,021521.jpg,david-young,3,Republican Party,-0.038,0.442,0.8799011552008048,251,404error,David YOUNG,404error,Dave YOUNG,404error,404error,404error,404error,"YOUNG, David",404error,404error,404error,"^YOUNG, D$","^YOUNG, D$","YOUNG, Dave",404error,NA,1
NA,33132,2016-08-22,2016,114,"Young, D.","donald young|donald edwin young|donald e young|don young|don edwin young|don e young|young, donald|^young, d$|young, don|d e young","YOUNG, Donald Edwin",VA,Status of OIG Hotline case,1,NA,1,NA,NA,NA,Multiple Young's FOIA,NA,Donald,D,Don,Edwin,E,YOUNG,MH11414066,14066,200,(AK-01),alaska,AK,House,014066.jpg,donald-edwin-young,1,Republican Party,0.021,0.283,0.8492065603662585,251,404error,Donald YOUNG,404error,Don YOUNG,Donald Edwin YOUNG,Donald E YOUNG,Don Edwin YOUNG,Don E YOUNG,"YOUNG, Donald",404error,404error,D E YOUNG,"^YOUNG, D$","^YOUNG, D$","YOUNG, Don",404error,NA,1
NA,33178,2016-08-25,2016,114,"Young, D.","david young|dave young|young, david|^young, d$|young, dave","YOUNG, David",VA,High interest rate on va debt,1,NA,1,NA,NA,NA,Multiple Young's FOIA,NA,David,D,Dave,NA,NA,YOUNG,MH11421521,21521,200,(IA-03),iowa,IA,House,021521.jpg,david-young,3,Republican Party,-0.038,0.442,0.8799011552008048,251,404error,David YOUNG,404error,Dave YOUNG,404error,404error,404error,404error,"YOUNG, David",404error,404error,404error,"^YOUNG, D$","^YOUNG, D$","YOUNG, Dave",404error,NA,1
NA,33179,2016-08-25,2016,114,"Young, D.","donald young|donald edwin young|donald e young|don young|don edwin young|don e young|young, donald|^young, d$|young, don|d e young","YOUNG, Donald Edwin",VA,High interest rate on va debt,1,NA,1,NA,NA,NA,Multiple Young's FOIA,NA,Donald,D,Don,Edwin,E,YOUNG,MH11414066,14066,200,(AK-01),alaska,AK,House,014066.jpg,donald-edwin-young,1,Republican Party,0.021,0.283,0.8492065603662585,251,404error,Donald YOUNG,404error,Don YOUNG,Donald Edwin YOUNG,Donald E YOUNG,Don Edwin YOUNG,Don E YOUNG,"YOUNG, Donald",404error,404error,D E YOUNG,"^YOUNG, D$","^YOUNG, D$","YOUNG, Don",404error,NA,1
NA,33265,2016-09-01,2016,114,"Young, D.","david young|dave young|young, david|^young, d$|young, dave","YOUNG, David",VA,Concerns about crisis line,NA,NA,NA,NA,NA,NA,Multiple Young's FOIA,NA,David,D,Dave,NA,NA,YOUNG,MH11421521,21521,200,(IA-03),iowa,IA,House,021521.jpg,david-young,3,Republican Party,-0.038,0.442,0.8799011552008048,251,404error,David YOUNG,404error,Dave YOUNG,404error,404error,404error,404error,"YOUNG, David",404error,404error,404error,"^YOUNG, D$","^YOUNG, D$","YOUNG, Dave",404error,NA,1
NA,33266,2016-09-01,2016,114,"Young, D.","donald young|donald edwin young|donald e young|don young|don edwin young|don e young|young, donald|^young, d$|young, don|d e young","YOUNG, Donald Edwin",VA,Concerns about crisis line,NA,NA,NA,NA,NA,NA,Multiple Young's FOIA,NA,Donald,D,Don,Edwin,E,YOUNG,MH11414066,14066,200,(AK-01),alaska,AK,House,014066.jpg,donald-edwin-young,1,Republican Party,0.021,0.283,0.8492065603662585,251,404error,Donald YOUNG,404error,Don YOUNG,Donald Edwin YOUNG,Donald E YOUNG,Don Edwin YOUNG,Don E YOUNG,"YOUNG, Donald",404error,404error,D E YOUNG,"^YOUNG, D$","^YOUNG, D$","YOUNG, Don",404error,NA,1
NA,33644,2016-09-29,2016,114,"Rogers, M.","mike rogers|mike dennis rogers|mike d rogers|michael rogers|michael dennis rogers|michael d rogers|rogers, mike|^rogers, m$|rogers, michael|m d rogers","ROGERS, Mike Dennis",VA,SBP/DIC issues (rec'd from DFAS),1,NA,1,NA,NA,NA,Multiple Rogers' FOIA,NA,Mike,M,Michael,Dennis,D,ROGERS,MH11420301,20301,200,(AL-03),alabama,AL,House,020301.jpg,mike-dennis-rogers,3,Republican Party,0.457,0.352,0.8839376217739167,251,404error,Mike ROGERS,404error,Michael ROGERS,Mike Dennis ROGERS,Mike D ROGERS,Michael Dennis ROGERS,Michael D ROGERS,"ROGERS, Mike",404error,404error,M D ROGERS,"^ROGERS, M$","^ROGERS, M$","ROGERS, Michael",404error,NA,1
NA,33718,2016-10-05,2016,114,"Young, D.","david young|dave young|young, david|^young, d$|young, dave","YOUNG, David",VA,Disability claim concerns (rec'd from Army),1,NA,1,NA,NA,NA,Multiple Young's FOIA,NA,David,D,Dave,NA,NA,YOUNG,MH11421521,21521,200,(IA-03),iowa,IA,House,021521.jpg,david-young,3,Republican Party,-0.038,0.442,0.8799011552008048,251,404error,David YOUNG,404error,Dave YOUNG,404error,404error,404error,404error,"YOUNG, David",404error,404error,404error,"^YOUNG, D$","^YOUNG, D$","YOUNG, Dave",404error,NA,1
NA,33719,2016-10-05,2016,114,"Young, D.","donald young|donald edwin young|donald e young|don young|don edwin young|don e young|young, donald|^young, d$|young, don|d e young","YOUNG, Donald Edwin",VA,Disability claim concerns (rec'd from Army),1,NA,1,NA,NA,NA,Multiple Young's FOIA,NA,Donald,D,Don,Edwin,E,YOUNG,MH11414066,14066,200,(AK-01),alaska,AK,House,014066.jpg,donald-edwin-young,1,Republican Party,0.021,0.283,0.8492065603662585,251,404error,Donald YOUNG,404error,Don YOUNG,Donald Edwin YOUNG,Donald E YOUNG,Don Edwin YOUNG,Don E YOUNG,"YOUNG, Donald",404error,404error,D E YOUNG,"^YOUNG, D$","^YOUNG, D$","YOUNG, Don",404error,NA,1
NA,34087,2016-11-03,2016,114,"Rogers, M.","mike rogers|mike dennis rogers|mike d rogers|michael rogers|michael dennis rogers|michael d rogers|rogers, mike|^rogers, m$|rogers, michael|m d rogers","ROGERS, Mike Dennis",VA,Saturday premium pay,1,NA,1,NA,NA,NA,Multiple Rogers' FOIA,NA,Mike,M,Michael,Dennis,D,ROGERS,MH11420301,20301,200,(AL-03),alabama,AL,House,020301.jpg,mike-dennis-rogers,3,Republican Party,0.457,0.352,0.8839376217739167,251,404error,Mike ROGERS,404error,Michael ROGERS,Mike Dennis ROGERS,Mike D ROGERS,Michael Dennis ROGERS,Michael D ROGERS,"ROGERS, Mike",404error,404error,M D ROGERS,"^ROGERS, M$","^ROGERS, M$","ROGERS, Michael",404error,NA,1
NA,34089,2016-11-03,2016,114,"Rogers, M.","mike rogers|mike dennis rogers|mike d rogers|michael rogers|michael dennis rogers|michael d rogers|rogers, mike|^rogers, m$|rogers, michael|m d rogers","ROGERS, Mike Dennis",VA,Saturday premium pay,1,NA,1,NA,NA,NA,Multiple Rogers' FOIA,NA,Mike,M,Michael,Dennis,D,ROGERS,MH11420301,20301,200,(AL-03),alabama,AL,House,020301.jpg,mike-dennis-rogers,3,Republican Party,0.457,0.352,0.8839376217739167,251,404error,Mike ROGERS,404error,Michael ROGERS,Mike Dennis ROGERS,Mike D ROGERS,Michael Dennis ROGERS,Michael D ROGERS,"ROGERS, Mike",404error,404error,M D ROGERS,"^ROGERS, M$","^ROGERS, M$","ROGERS, Michael",404error,NA,1
NA,34125,2016-11-07,2016,114,"Young, D.","david young|dave young|young, david|^young, d$|young, dave","YOUNG, David",VA,Status of appeal,1,NA,1,NA,NA,NA,Multiple Young's FOIA,NA,David,D,Dave,NA,NA,YOUNG,MH11421521,21521,200,(IA-03),iowa,IA,House,021521.jpg,david-young,3,Republican Party,-0.038,0.442,0.8799011552008048,251,404error,David YOUNG,404error,Dave YOUNG,404error,404error,404error,404error,"YOUNG, David",404error,404error,404error,"^YOUNG, D$","^YOUNG, D$","YOUNG, Dave",404error,NA,1
NA,34126,2016-11-07,2016,114,"Young, D.","donald young|donald edwin young|donald e young|don young|don edwin young|don e young|young, donald|^young, d$|young, don|d e young","YOUNG, Donald Edwin",VA,Status of appeal,1,NA,1,NA,NA,NA,Multiple Young's FOIA,NA,Donald,D,Don,Edwin,E,YOUNG,MH11414066,14066,200,(AK-01),alaska,AK,House,014066.jpg,donald-edwin-young,1,Republican Party,0.021,0.283,0.8492065603662585,251,404error,Donald YOUNG,404error,Don YOUNG,Donald Edwin YOUNG,Donald E YOUNG,Don Edwin YOUNG,Don E YOUNG,"YOUNG, Donald",404error,404error,D E YOUNG,"^YOUNG, D$","^YOUNG, D$","YOUNG, Don",404error,NA,1
NA,34259,2016-11-21,2016,114,"Rogers, M.","mike rogers|mike dennis rogers|mike d rogers|michael rogers|michael dennis rogers|michael d rogers|rogers, mike|^rogers, m$|rogers, michael|m d rogers","ROGERS, Mike Dennis",VA,Time-sensitive Choice concerns,1,NA,1,NA,NA,NA,Multiple Rogers' FOIA,NA,Mike,M,Michael,Dennis,D,ROGERS,MH11420301,20301,200,(AL-03),alabama,AL,House,020301.jpg,mike-dennis-rogers,3,Republican Party,0.457,0.352,0.8839376217739167,251,404error,Mike ROGERS,404error,Michael ROGERS,Mike Dennis ROGERS,Mike D ROGERS,Michael Dennis ROGERS,Michael D ROGERS,"ROGERS, Mike",404error,404error,M D ROGERS,"^ROGERS, M$","^ROGERS, M$","ROGERS, Michael",404error,NA,1
NA,34266,2016-11-21,2016,114,"Rogers, M.","mike rogers|mike dennis rogers|mike d rogers|michael rogers|michael dennis rogers|michael d rogers|rogers, mike|^rogers, m$|rogers, michael|m d rogers","ROGERS, Mike Dennis",VA,Employment issues with contractor providing exam services,1,1,2,NA,NA,NA,Multiple Rogers' FOIA,NA,Mike,M,Michael,Dennis,D,ROGERS,MH11420301,20301,200,(AL-03),alabama,AL,House,020301.jpg,mike-dennis-rogers,3,Republican Party,0.457,0.352,0.8839376217739167,251,404error,Mike ROGERS,404error,Michael ROGERS,Mike Dennis ROGERS,Mike D ROGERS,Michael Dennis ROGERS,Michael D ROGERS,"ROGERS, Mike",404error,404error,M D ROGERS,"^ROGERS, M$","^ROGERS, M$","ROGERS, Michael",404error,NA,1
NA,34345,2016-11-30,2016,114,"Rogers, M.","mike rogers|mike dennis rogers|mike d rogers|michael rogers|michael dennis rogers|michael d rogers|rogers, mike|^rogers, m$|rogers, michael|m d rogers","ROGERS, Mike Dennis",VA,Request for burial flag (rec'd from Air Force),1,NA,1,NA,NA,NA,Multiple Rogers' FOIA,NA,Mike,M,Michael,Dennis,D,ROGERS,MH11420301,20301,200,(AL-03),alabama,AL,House,020301.jpg,mike-dennis-rogers,3,Republican Party,0.457,0.352,0.8839376217739167,251,404error,Mike ROGERS,404error,Michael ROGERS,Mike Dennis ROGERS,Mike D ROGERS,Michael Dennis ROGERS,Michael D ROGERS,"ROGERS, Mike",404error,404error,M D ROGERS,"^ROGERS, M$","^ROGERS, M$","ROGERS, Michael",404error,NA,1
NA,34457,2016-12-06,2016,114,Representative Davis. R.,NA,,VA,Claim status,1,NA,1,NA,NA,NA,Multiple Davis' FOIA,NA,NA,NA,NA,NA,NA,NA,NA,NA,NA,NA,NA,NA,,NA,NA,NA,,NA,NA,NA,NA,NA,NA,NA,NA,NA,NA,NA,NA,NA,NA,NA,NA,NA,NA,NA,NA,NA,1
NA,34518,2016-12-07,2016,114,"Young, D.","david young|dave young|young, david|^young, d$|young, dave","YOUNG, David",VA,Accreditation request,1,NA,1,NA,NA,NA,Multiple Young's FOIA,NA,David,D,Dave,NA,NA,YOUNG,MH11421521,21521,200,(IA-03),iowa,IA,House,021521.jpg,david-young,3,Republican Party,-0.038,0.442,0.8799011552008048,251,404error,David YOUNG,404error,Dave YOUNG,404error,404error,404error,404error,"YOUNG, David",404error,404error,404error,"^YOUNG, D$","^YOUNG, D$","YOUNG, Dave",404error,NA,1
NA,34519,2016-12-07,2016,114,"Young, D.","donald young|donald edwin young|donald e young|don young|don edwin young|don e young|young, donald|^young, d$|young, don|d e young","YOUNG, Donald Edwin",VA,Accreditation request,1,NA,1,NA,NA,NA,Multiple Young's FOIA,NA,Donald,D,Don,Edwin,E,YOUNG,MH11414066,14066,200,(AK-01),alaska,AK,House,014066.jpg,donald-edwin-young,1,Republican Party,0.021,0.283,0.8492065603662585,251,404error,Donald YOUNG,404error,Don YOUNG,Donald Edwin YOUNG,Donald E YOUNG,Don Edwin YOUNG,Don E YOUNG,"YOUNG, Donald",404error,404error,D E YOUNG,"^YOUNG, D$","^YOUNG, D$","YOUNG, Don",404error,NA,1
NA,34525,2016-12-07,2016,114,"Rogers, M.","mike rogers|mike dennis rogers|mike d rogers|michael rogers|michael dennis rogers|michael d rogers|rogers, mike|^rogers, m$|rogers, michael|m d rogers","ROGERS, Mike Dennis",VA,Claim for service connection,1,NA,1,NA,NA,NA,Multiple Rogers' FOIA,NA,Mike,M,Michael,Dennis,D,ROGERS,MH11420301,20301,200,(AL-03),alabama,AL,House,020301.jpg,mike-dennis-rogers,3,Republican Party,0.457,0.352,0.8839376217739167,251,404error,Mike ROGERS,404error,Michael ROGERS,Mike Dennis ROGERS,Mike D ROGERS,Michael Dennis ROGERS,Michael D ROGERS,"ROGERS, Mike",404error,404error,M D ROGERS,"^ROGERS, M$","^ROGERS, M$","ROGERS, Michael",404error,NA,1
NA,34535,2016-12-08,2016,114,"Young, D.","david young|dave young|young, david|^young, d$|young, dave","YOUNG, David",VA,Post 911 GI Bill issues,1,NA,1,NA,NA,NA,Multiple Young's FOIA,NA,David,D,Dave,NA,NA,YOUNG,MH11421521,21521,200,(IA-03),iowa,IA,House,021521.jpg,david-young,3,Republican Party,-0.038,0.442,0.8799011552008048,251,404error,David YOUNG,404error,Dave YOUNG,404error,404error,404error,404error,"YOUNG, David",404error,404error,404error,"^YOUNG, D$","^YOUNG, D$","YOUNG, Dave",404error,NA,1
NA,34536,2016-12-08,2016,114,"Young, D.","donald young|donald edwin young|donald e young|don young|don edwin young|don e young|young, donald|^young, d$|young, don|d e young","YOUNG, Donald Edwin",VA,Post 911 GI Bill issues,1,NA,1,NA,NA,NA,Multiple Young's FOIA,NA,Donald,D,Don,Edwin,E,YOUNG,MH11414066,14066,200,(AK-01),alaska,AK,House,014066.jpg,donald-edwin-young,1,Republican Party,0.021,0.283,0.8492065603662585,251,404error,Donald YOUNG,404error,Don YOUNG,Donald Edwin YOUNG,Donald E YOUNG,Don Edwin YOUNG,Don E YOUNG,"YOUNG, Donald",404error,404error,D E YOUNG,"^YOUNG, D$","^YOUNG, D$","YOUNG, Don",404error,NA,1
NA,36283,2008-10-01,2008,110,"Rogers, M. (MI)",NA,,VA,Request for reduction in amount paid monthly for overpayment,1,NA,1,NA,NA,NA,Multiple Rogers' FOIA,NA,NA,NA,NA,NA,NA,NA,NA,NA,NA,NA,NA,NA,,NA,NA,NA,,NA,NA,NA,NA,NA,NA,NA,NA,NA,NA,NA,NA,NA,NA,NA,NA,NA,NA,NA,NA,NA,1
NA,37422,2008-01-15,2008,110,"Rogers, M.","mike rogers|mike dennis rogers|mike d rogers|michael rogers|michael dennis rogers|michael d rogers|rogers, mike|^rogers, m$|rogers, michael|m d rogers","ROGERS, Mike Dennis",VA,Tort - Wrongful death claim,1,NA,2,NA,NA,NA,Multiple Rogers' FOIA,NA,Mike,M,Michael,Dennis,D,ROGERS,MH11020301,20301,200,(AL-03),alabama,AL,House,020301.jpg,mike-dennis-rogers,3,Republican Party,0.457,0.352,0.8184463465050734,206,404error,Mike ROGERS,404error,Michael ROGERS,Mike Dennis ROGERS,Mike D ROGERS,Michael Dennis ROGERS,Michael D ROGERS,"ROGERS, Mike",404error,404error,M D ROGERS,"^ROGERS, M$","^ROGERS, M$","ROGERS, Michael",404error,NA,1
NA,37423,2008-01-15,2008,110,"Rogers, M.","mike rogers|mike j rogers|michael rogers|michael j rogers|rogers, mike|^rogers, m$|rogers, michael|m j rogers","ROGERS, Mike",VA,Tort - Wrongful death claim,1,NA,2,NA,NA,NA,Multiple Rogers' FOIA,NA,Mike,M,Michael,NA,J,ROGERS,MH11020120,20120,200,(MI-08),michigan,MI,House,020120.jpg,mike-rogers,8,Republican Party,0.098,0.4,0.826,206,404error,Mike ROGERS,404error,Michael ROGERS,404error,Mike J ROGERS,404error,Michael J ROGERS,"ROGERS, Mike",404error,404error,M J ROGERS,"^ROGERS, M$","^ROGERS, M$","ROGERS, Michael",404error,NA,1
NA,38654,2008-03-12,2008,110,"Rogers, M.","mike rogers|mike dennis rogers|mike d rogers|michael rogers|michael dennis rogers|michael d rogers|rogers, mike|^rogers, m$|rogers, michael|m d rogers","ROGERS, Mike Dennis",VA,Complimentary Letter,NA,NA,NA,NA,NA,NA,Multiple Rogers' FOIA,NA,Mike,M,Michael,Dennis,D,ROGERS,MH11020301,20301,200,(AL-03),alabama,AL,House,020301.jpg,mike-dennis-rogers,3,Republican Party,0.457,0.352,0.8184463465050734,206,404error,Mike ROGERS,404error,Michael ROGERS,Mike Dennis ROGERS,Mike D ROGERS,Michael Dennis ROGERS,Michael D ROGERS,"ROGERS, Mike",404error,404error,M D ROGERS,"^ROGERS, M$","^ROGERS, M$","ROGERS, Michael",404error,NA,1
NA,38655,2008-03-12,2008,110,"Rogers, M.","mike rogers|mike j rogers|michael rogers|michael j rogers|rogers, mike|^rogers, m$|rogers, michael|m j rogers","ROGERS, Mike",VA,Complimentary Letter,NA,NA,NA,NA,NA,NA,Multiple Rogers' FOIA,NA,Mike,M,Michael,NA,J,ROGERS,MH11020120,20120,200,(MI-08),michigan,MI,House,020120.jpg,mike-rogers,8,Republican Party,0.098,0.4,0.826,206,404error,Mike ROGERS,404error,Michael ROGERS,404error,Mike J ROGERS,404error,Michael J ROGERS,"ROGERS, Mike",404error,404error,M J ROGERS,"^ROGERS, M$","^ROGERS, M$","ROGERS, Michael",404error,NA,1
NA,41248,2008-07-19,2008,110,"Miller, Gary","gary miller|gary g miller|miller, gary|^miller, g$|^miller, na$|g g miller","MILLER, Gary G.",VA,Status of appeal,1,NA,1,NA,NA,NA,Multiple Miller's FOIA,NA,Gary,G,NA,G,G,MILLER,MH11029905,29905,200,(CA-42),california,CA,House,029905.jpg,gary-g-miller,42,Republican Party,0.222,0.478,0.833,206,404error,Gary MILLER,404error,404error,Gary G MILLER,Gary G MILLER,404error,404error,"MILLER, Gary",404error,404error,G G MILLER,"^MILLER, G$","^MILLER, NA$",404error,404error,NA,1
NA,41249,2008-07-19,2008,110,"Miller, Gary","gary miller|gary g miller|miller, gary|^miller, g$|^miller, na$|g g miller","MILLER, Gary G.",VA,Request for insurance proceeds,1,NA,1,NA,NA,NA,Multiple Miller's FOIA,NA,Gary,G,NA,G,G,MILLER,MH11029905,29905,200,(CA-42),california,CA,House,029905.jpg,gary-g-miller,42,Republican Party,0.222,0.478,0.833,206,404error,Gary MILLER,404error,404error,Gary G MILLER,Gary G MILLER,404error,404error,"MILLER, Gary",404error,404error,G G MILLER,"^MILLER, G$","^MILLER, NA$",404error,404error,NA,1
NA,48028,2013-01-10,2013,113,"Miller, G.","gary miller|gary g miller|miller, gary|^miller, g$|^miller, na$|g g miller","MILLER, Gary G.",VA,RONA request,NA,NA,NA,NA,NA,NA,Multiple Miller's FOIA,NA,Gary,G,NA,G,G,MILLER,MH11329905,29905,200,(CA-31),california,CA,House,029905.jpg,gary-g-miller,31,Republican Party,0.222,0.478,0.886,240,404error,Gary MILLER,404error,404error,Gary G MILLER,Gary G MILLER,404error,404error,"MILLER, Gary",404error,404error,G G MILLER,"^MILLER, G$","^MILLER, NA$",404error,404error,NA,1
NA,48029,2013-01-10,2013,113,"Miller, G.","george miller|miller, george|^miller, g$|^miller, na$","MILLER, George",VA,RONA request,NA,NA,NA,NA,NA,NA,Multiple Miller's FOIA,NA,George,G,NA,NA,NA,MILLER,MH11314256,14256,100,(CA-11),california,CA,House,014256.jpg,george-miller,11,Democratic Party,-0.398,-0.552,0.86,204,404error,George MILLER,404error,404error,404error,404error,404error,404error,"MILLER, George",404error,404error,404error,"^MILLER, G$","^MILLER, NA$",404error,404error,NA,1
NA,48055,2013-01-14,2013,113,"Young, D.","donald young|donald edwin young|donald e young|don young|don edwin young|don e young|young, donald|^young, d$|young, don|d e young","YOUNG, Donald Edwin",VA,swith Rx meds,1,NA,1,NA,NA,NA,Multiple Young's FOIA,NA,Donald,D,Don,Edwin,E,YOUNG,MH11314066,14066,200,(AK-01),alaska,AK,House,014066.jpg,donald-edwin-young,1,Republican Party,0.021,0.283,0.7909409226845764,240,404error,Donald YOUNG,404error,Don YOUNG,Donald Edwin YOUNG,Donald E YOUNG,Don Edwin YOUNG,Don E YOUNG,"YOUNG, Donald",404error,404error,D E YOUNG,"^YOUNG, D$","^YOUNG, D$","YOUNG, Don",404error,NA,1
NA,48331,2013-02-14,2013,113,"Young, D.","donald young|donald edwin young|donald e young|don young|don edwin young|don e young|young, donald|^young, d$|young, don|d e young","YOUNG, Donald Edwin",VA,Request for help in getting a liver transplant,1,NA,1,NA,NA,NA,Multiple Young's FOIA,NA,Donald,D,Don,Edwin,E,YOUNG,MH11314066,14066,200,(AK-01),alaska,AK,House,014066.jpg,donald-edwin-young,1,Republican Party,0.021,0.283,0.7909409226845764,240,404error,Donald YOUNG,404error,Don YOUNG,Donald Edwin YOUNG,Donald E YOUNG,Don Edwin YOUNG,Don E YOUNG,"YOUNG, Donald",404error,404error,D E YOUNG,"^YOUNG, D$","^YOUNG, D$","YOUNG, Don",404error,NA,1
NA,48380,2013-02-20,2013,113,"Young, D.","donald young|donald edwin young|donald e young|don young|don edwin young|don e young|young, donald|^young, d$|young, don|d e young","YOUNG, Donald Edwin",VA,Status of VA rating,1,NA,1,NA,NA,NA,Multiple Young's FOIA,NA,Donald,D,Don,Edwin,E,YOUNG,MH11314066,14066,200,(AK-01),alaska,AK,House,014066.jpg,donald-edwin-young,1,Republican Party,0.021,0.283,0.7909409226845764,240,404error,Donald YOUNG,404error,Don YOUNG,Donald Edwin YOUNG,Donald E YOUNG,Don Edwin YOUNG,Don E YOUNG,"YOUNG, Donald",404error,404error,D E YOUNG,"^YOUNG, D$","^YOUNG, D$","YOUNG, Don",404error,NA,1
NA,48528,2013-03-07,2013,113,"Miller, G.","gary miller|gary g miller|miller, gary|^miller, g$|^miller, na$|g g miller","MILLER, Gary G.",VA,VA legal issues,1,NA,1,NA,NA,NA,Multiple Miller's FOIA,NA,Gary,G,NA,G,G,MILLER,MH11329905,29905,200,(CA-31),california,CA,House,029905.jpg,gary-g-miller,31,Republican Party,0.222,0.478,0.886,240,404error,Gary MILLER,404error,404error,Gary G MILLER,Gary G MILLER,404error,404error,"MILLER, Gary",404error,404error,G G MILLER,"^MILLER, G$","^MILLER, NA$",404error,404error,NA,1
NA,48529,2013-03-07,2013,113,"Miller, G.","george miller|miller, george|^miller, g$|^miller, na$","MILLER, George",VA,VA legal issues,1,NA,1,NA,NA,NA,Multiple Miller's FOIA,NA,George,G,NA,NA,NA,MILLER,MH11314256,14256,100,(CA-11),california,CA,House,014256.jpg,george-miller,11,Democratic Party,-0.398,-0.552,0.86,204,404error,George MILLER,404error,404error,404error,404error,404error,404error,"MILLER, George",404error,404error,404error,"^MILLER, G$","^MILLER, NA$",404error,404error,NA,1
NA,48542,2013-03-07,2013,113,"Young, D.","donald young|donald edwin young|donald e young|don young|don edwin young|don e young|young, donald|^young, d$|young, don|d e young","YOUNG, Donald Edwin",VA,Request for help with disability claim,1,NA,1,NA,NA,NA,Multiple Young's FOIA,NA,Donald,D,Don,Edwin,E,YOUNG,MH11314066,14066,200,(AK-01),alaska,AK,House,014066.jpg,donald-edwin-young,1,Republican Party,0.021,0.283,0.7909409226845764,240,404error,Donald YOUNG,404error,Don YOUNG,Donald Edwin YOUNG,Donald E YOUNG,Don Edwin YOUNG,Don E YOUNG,"YOUNG, Donald",404error,404error,D E YOUNG,"^YOUNG, D$","^YOUNG, D$","YOUNG, Don",404error,NA,1
NA,48547,2013-03-11,2013,113,"Young, D.","donald young|donald edwin young|donald e young|don young|don edwin young|don e young|young, donald|^young, d$|young, don|d e young","YOUNG, Donald Edwin",VA,Seeking Medical Board/VA disability rating,1,NA,1,NA,NA,NA,Multiple Young's FOIA,NA,Donald,D,Don,Edwin,E,YOUNG,MH11314066,14066,200,(AK-01),alaska,AK,House,014066.jpg,donald-edwin-young,1,Republican Party,0.021,0.283,0.7909409226845764,240,404error,Donald YOUNG,404error,Don YOUNG,Donald Edwin YOUNG,Donald E YOUNG,Don Edwin YOUNG,Don E YOUNG,"YOUNG, Donald",404error,404error,D E YOUNG,"^YOUNG, D$","^YOUNG, D$","YOUNG, Don",404error,NA,1
NA,48567,2013-03-12,2013,113,"Young, D.","donald young|donald edwin young|donald e young|don young|don edwin young|don e young|young, donald|^young, d$|young, don|d e young","YOUNG, Donald Edwin",VA,Request to expedite claim,1,NA,1,NA,NA,NA,Multiple Young's FOIA,NA,Donald,D,Don,Edwin,E,YOUNG,MH11314066,14066,200,(AK-01),alaska,AK,House,014066.jpg,donald-edwin-young,1,Republican Party,0.021,0.283,0.7909409226845764,240,404error,Donald YOUNG,404error,Don YOUNG,Donald Edwin YOUNG,Donald E YOUNG,Don Edwin YOUNG,Don E YOUNG,"YOUNG, Donald",404error,404error,D E YOUNG,"^YOUNG, D$","^YOUNG, D$","YOUNG, Don",404error,NA,1
NA,48627,2013-03-18,2013,113,"Young, D.","donald young|donald edwin young|donald e young|don young|don edwin young|don e young|young, donald|^young, d$|young, don|d e young","YOUNG, Donald Edwin",VA,Educational benefits overpayment,1,NA,1,NA,NA,NA,Multiple Young's FOIA,NA,Donald,D,Don,Edwin,E,YOUNG,MH11314066,14066,200,(AK-01),alaska,AK,House,014066.jpg,donald-edwin-young,1,Republican Party,0.021,0.283,0.7909409226845764,240,404error,Donald YOUNG,404error,Don YOUNG,Donald Edwin YOUNG,Donald E YOUNG,Don Edwin YOUNG,Don E YOUNG,"YOUNG, Donald",404error,404error,D E YOUNG,"^YOUNG, D$","^YOUNG, D$","YOUNG, Don",404error,NA,1
NA,48637,2013-03-18,2013,113,"Young, D.","donald young|donald edwin young|donald e young|don young|don edwin young|don e young|young, donald|^young, d$|young, don|d e young","YOUNG, Donald Edwin",VA,Eligibility for CRSC,1,NA,1,NA,NA,NA,Multiple Young's FOIA,NA,Donald,D,Don,Edwin,E,YOUNG,MH11314066,14066,200,(AK-01),alaska,AK,House,014066.jpg,donald-edwin-young,1,Republican Party,0.021,0.283,0.7909409226845764,240,404error,Donald YOUNG,404error,Don YOUNG,Donald Edwin YOUNG,Donald E YOUNG,Don Edwin YOUNG,Don E YOUNG,"YOUNG, Donald",404error,404error,D E YOUNG,"^YOUNG, D$","^YOUNG, D$","YOUNG, Don",404error,NA,1
NA,48690,2013-03-21,2013,113,"Young, D.","donald young|donald edwin young|donald e young|don young|don edwin young|don e young|young, donald|^young, d$|young, don|d e young","YOUNG, Donald Edwin",VA,Follow-up:  concerns about father's medical treatment at VA,1,NA,1,NA,NA,NA,Multiple Young's FOIA,NA,Donald,D,Don,Edwin,E,YOUNG,MH11314066,14066,200,(AK-01),alaska,AK,House,014066.jpg,donald-edwin-young,1,Republican Party,0.021,0.283,0.7909409226845764,240,404error,Donald YOUNG,404error,Don YOUNG,Donald Edwin YOUNG,Donald E YOUNG,Don Edwin YOUNG,Don E YOUNG,"YOUNG, Donald",404error,404error,D E YOUNG,"^YOUNG, D$","^YOUNG, D$","YOUNG, Don",404error,NA,1
NA,48729,2013-03-26,2013,113,"Young, D.","donald young|donald edwin young|donald e young|don young|don edwin young|don e young|young, donald|^young, d$|young, don|d e young","YOUNG, Donald Edwin",VA,Addt'l info:  request for help in getting a liver transplant,1,NA,1,NA,NA,NA,Multiple Young's FOIA,NA,Donald,D,Don,Edwin,E,YOUNG,MH11314066,14066,200,(AK-01),alaska,AK,House,014066.jpg,donald-edwin-young,1,Republican Party,0.021,0.283,0.7909409226845764,240,404error,Donald YOUNG,404error,Don YOUNG,Donald Edwin YOUNG,Donald E YOUNG,Don Edwin YOUNG,Don E YOUNG,"YOUNG, Donald",404error,404error,D E YOUNG,"^YOUNG, D$","^YOUNG, D$","YOUNG, Don",404error,NA,1
NA,48753,2013-03-27,2013,113,"Young, D.","donald young|donald edwin young|donald e young|don young|don edwin young|don e young|young, donald|^young, d$|young, don|d e young","YOUNG, Donald Edwin",VA,Life insurance benefits,1,NA,1,NA,NA,NA,Multiple Young's FOIA,NA,Donald,D,Don,Edwin,E,YOUNG,MH11314066,14066,200,(AK-01),alaska,AK,House,014066.jpg,donald-edwin-young,1,Republican Party,0.021,0.283,0.7909409226845764,240,404error,Donald YOUNG,404error,Don YOUNG,Donald Edwin YOUNG,Donald E YOUNG,Don Edwin YOUNG,Don E YOUNG,"YOUNG, Donald",404error,404error,D E YOUNG,"^YOUNG, D$","^YOUNG, D$","YOUNG, Don",404error,NA,1
NA,48958,2013-04-19,2013,113,"Young, D.","donald young|donald edwin young|donald e young|don young|don edwin young|don e young|young, donald|^young, d$|young, don|d e young","YOUNG, Donald Edwin",VA,Pension debt issues,1,NA,1,NA,NA,NA,Multiple Young's FOIA,NA,Donald,D,Don,Edwin,E,YOUNG,MH11314066,14066,200,(AK-01),alaska,AK,House,014066.jpg,donald-edwin-young,1,Republican Party,0.021,0.283,0.7909409226845764,240,404error,Donald YOUNG,404error,Don YOUNG,Donald Edwin YOUNG,Donald E YOUNG,Don Edwin YOUNG,Don E YOUNG,"YOUNG, Donald",404error,404error,D E YOUNG,"^YOUNG, D$","^YOUNG, D$","YOUNG, Don",404error,NA,1
NA,48960,2013-04-19,2013,113,"Young, D.","donald young|donald edwin young|donald e young|don young|don edwin young|don e young|young, donald|^young, d$|young, don|d e young","YOUNG, Donald Edwin",VA,Post-9/11 GI Bill benefits,1,NA,1,NA,NA,NA,Multiple Young's FOIA,NA,Donald,D,Don,Edwin,E,YOUNG,MH11314066,14066,200,(AK-01),alaska,AK,House,014066.jpg,donald-edwin-young,1,Republican Party,0.021,0.283,0.7909409226845764,240,404error,Donald YOUNG,404error,Don YOUNG,Donald Edwin YOUNG,Donald E YOUNG,Don Edwin YOUNG,Don E YOUNG,"YOUNG, Donald",404error,404error,D E YOUNG,"^YOUNG, D$","^YOUNG, D$","YOUNG, Don",404error,NA,1
NA,49077,2013-05-03,2013,113,"Miller, G.","gary miller|gary g miller|miller, gary|^miller, g$|^miller, na$|g g miller","MILLER, Gary G.",VA,Seeking admittance into VAMC,1,NA,1,NA,NA,NA,Multiple Miller's FOIA,NA,Gary,G,NA,G,G,MILLER,MH11329905,29905,200,(CA-31),california,CA,House,029905.jpg,gary-g-miller,31,Republican Party,0.222,0.478,0.886,240,404error,Gary MILLER,404error,404error,Gary G MILLER,Gary G MILLER,404error,404error,"MILLER, Gary",404error,404error,G G MILLER,"^MILLER, G$","^MILLER, NA$",404error,404error,NA,1
NA,49078,2013-05-03,2013,113,"Miller, G.","george miller|miller, george|^miller, g$|^miller, na$","MILLER, George",VA,Seeking admittance into VAMC,1,NA,1,NA,NA,NA,Multiple Miller's FOIA,NA,George,G,NA,NA,NA,MILLER,MH11314256,14256,100,(CA-11),california,CA,House,014256.jpg,george-miller,11,Democratic Party,-0.398,-0.552,0.86,204,404error,George MILLER,404error,404error,404error,404error,404error,404error,"MILLER, George",404error,404error,404error,"^MILLER, G$","^MILLER, NA$",404error,404error,NA,1
NA,49110,2013-05-07,2013,113,"Rogers, M.","mike rogers|mike dennis rogers|mike d rogers|michael rogers|michael dennis rogers|michael d rogers|rogers, mike|^rogers, m$|rogers, michael|m d rogers","ROGERS, Mike Dennis",VA,Request to expedite treatments for Veteran,1,NA,1,NA,NA,NA,Multiple Rogers' FOIA,NA,Mike,M,Michael,Dennis,D,ROGERS,MH11320301,20301,200,(AL-03),alabama,AL,House,020301.jpg,mike-dennis-rogers,3,Republican Party,0.457,0.352,0.8730249492549379,240,404error,Mike ROGERS,404error,Michael ROGERS,Mike Dennis ROGERS,Mike D ROGERS,Michael Dennis ROGERS,Michael D ROGERS,"ROGERS, Mike",404error,404error,M D ROGERS,"^ROGERS, M$","^ROGERS, M$","ROGERS, Michael",404error,NA,1
NA,49111,2013-05-07,2013,113,"Rogers, M.","mike rogers|mike j rogers|michael rogers|michael j rogers|rogers, mike|^rogers, m$|rogers, michael|m j rogers","ROGERS, Mike",VA,Request to expedite treatments for Veteran,1,NA,1,NA,NA,NA,Multiple Rogers' FOIA,NA,Mike,M,Michael,NA,J,ROGERS,MH11320120,20120,200,(MI-08),michigan,MI,House,020120.jpg,mike-rogers,8,Republican Party,0.098,0.4,0.898,240,404error,Mike ROGERS,404error,Michael ROGERS,404error,Mike J ROGERS,404error,Michael J ROGERS,"ROGERS, Mike",404error,404error,M J ROGERS,"^ROGERS, M$","^ROGERS, M$","ROGERS, Michael",404error,NA,1
NA,49119,2013-05-07,2013,113,"Young, D.","donald young|donald edwin young|donald e young|don young|don edwin young|don e young|young, donald|^young, d$|young, don|d e young","YOUNG, Donald Edwin",VA,Status of BDD claim,1,NA,1,NA,NA,NA,Multiple Young's FOIA,NA,Donald,D,Don,Edwin,E,YOUNG,MH11314066,14066,200,(AK-01),alaska,AK,House,014066.jpg,donald-edwin-young,1,Republican Party,0.021,0.283,0.7909409226845764,240,404error,Donald YOUNG,404error,Don YOUNG,Donald Edwin YOUNG,Donald E YOUNG,Don Edwin YOUNG,Don E YOUNG,"YOUNG, Donald",404error,404error,D E YOUNG,"^YOUNG, D$","^YOUNG, D$","YOUNG, Don",404error,NA,1
NA,49125,2013-05-08,2013,113,"Young, D.","donald young|donald edwin young|donald e young|don young|don edwin young|don e young|young, donald|^young, d$|young, don|d e young","YOUNG, Donald Edwin",VA,Status of claim,1,NA,1,NA,NA,NA,Multiple Young's FOIA,NA,Donald,D,Don,Edwin,E,YOUNG,MH11314066,14066,200,(AK-01),alaska,AK,House,014066.jpg,donald-edwin-young,1,Republican Party,0.021,0.283,0.7909409226845764,240,404error,Donald YOUNG,404error,Don YOUNG,Donald Edwin YOUNG,Donald E YOUNG,Don Edwin YOUNG,Don E YOUNG,"YOUNG, Donald",404error,404error,D E YOUNG,"^YOUNG, D$","^YOUNG, D$","YOUNG, Don",404error,NA,1
NA,49139,2013-05-10,2013,113,"Young, D.","donald young|donald edwin young|donald e young|don young|don edwin young|don e young|young, donald|^young, d$|young, don|d e young","YOUNG, Donald Edwin",VA,Request for help with VA debt,1,NA,1,NA,NA,NA,Multiple Young's FOIA,NA,Donald,D,Don,Edwin,E,YOUNG,MH11314066,14066,200,(AK-01),alaska,AK,House,014066.jpg,donald-edwin-young,1,Republican Party,0.021,0.283,0.7909409226845764,240,404error,Donald YOUNG,404error,Don YOUNG,Donald Edwin YOUNG,Donald E YOUNG,Don Edwin YOUNG,Don E YOUNG,"YOUNG, Donald",404error,404error,D E YOUNG,"^YOUNG, D$","^YOUNG, D$","YOUNG, Don",404error,NA,1
NA,49140,2013-05-10,2013,113,"Young, D.","donald young|donald edwin young|donald e young|don young|don edwin young|don e young|young, donald|^young, d$|young, don|d e young","YOUNG, Donald Edwin",VA,Request for completion of IDES claim,1,NA,1,NA,NA,NA,Multiple Young's FOIA,NA,Donald,D,Don,Edwin,E,YOUNG,MH11314066,14066,200,(AK-01),alaska,AK,House,014066.jpg,donald-edwin-young,1,Republican Party,0.021,0.283,0.7909409226845764,240,404error,Donald YOUNG,404error,Don YOUNG,Donald Edwin YOUNG,Donald E YOUNG,Don Edwin YOUNG,Don E YOUNG,"YOUNG, Donald",404error,404error,D E YOUNG,"^YOUNG, D$","^YOUNG, D$","YOUNG, Don",404error,NA,1
NA,49269,2013-05-23,2013,113,"Rogers, M. (MI)",NA,,VA,Concerns about Civil Service letter provided by VA,1,NA,2,NA,NA,NA,Multiple Rogers' FOIA,NA,NA,NA,NA,NA,NA,NA,NA,NA,NA,NA,NA,NA,,NA,NA,NA,,NA,NA,NA,NA,NA,NA,NA,NA,NA,NA,NA,NA,NA,NA,NA,NA,NA,NA,NA,NA,NA,1
NA,49416,2013-06-10,2013,113,"Young, D.","donald young|donald edwin young|donald e young|don young|don edwin young|don e young|young, donald|^young, d$|young, don|d e young","YOUNG, Donald Edwin",VA,F/U-Request for help in getting a liver transplant,1,NA,1,NA,NA,NA,Multiple Young's FOIA,NA,Donald,D,Don,Edwin,E,YOUNG,MH11314066,14066,200,(AK-01),alaska,AK,House,014066.jpg,donald-edwin-young,1,Republican Party,0.021,0.283,0.7909409226845764,240,404error,Donald YOUNG,404error,Don YOUNG,Donald Edwin YOUNG,Donald E YOUNG,Don Edwin YOUNG,Don E YOUNG,"YOUNG, Donald",404error,404error,D E YOUNG,"^YOUNG, D$","^YOUNG, D$","YOUNG, Don",404error,NA,1
NA,49596,2013-06-25,2013,113,"Rogers, M. (AL)",NA,,VA,Status of claim (referred from Army),1,NA,1,NA,NA,NA,Multiple Rogers' FOIA,NA,NA,NA,NA,NA,NA,NA,NA,NA,NA,NA,NA,NA,,NA,NA,NA,,NA,NA,NA,NA,NA,NA,NA,NA,NA,NA,NA,NA,NA,NA,NA,NA,NA,NA,NA,NA,NA,1
NA,49667,2013-07-02,2013,113,"Young, D.","donald young|donald edwin young|donald e young|don young|don edwin young|don e young|young, donald|^young, d$|young, don|d e young","YOUNG, Donald Edwin",VA,Seeking flag for deceased father,1,NA,1,NA,NA,NA,Multiple Young's FOIA,NA,Donald,D,Don,Edwin,E,YOUNG,MH11314066,14066,200,(AK-01),alaska,AK,House,014066.jpg,donald-edwin-young,1,Republican Party,0.021,0.283,0.7909409226845764,240,404error,Donald YOUNG,404error,Don YOUNG,Donald Edwin YOUNG,Donald E YOUNG,Don Edwin YOUNG,Don E YOUNG,"YOUNG, Donald",404error,404error,D E YOUNG,"^YOUNG, D$","^YOUNG, D$","YOUNG, Don",404error,NA,1
NA,49701,2013-07-08,2013,113,"Young, D.","donald young|donald edwin young|donald e young|don young|don edwin young|don e young|young, donald|^young, d$|young, don|d e young","YOUNG, Donald Edwin",VA,Seeking a Veterans Benefits Before Delivery Discharge Rating,1,NA,1,NA,NA,NA,Multiple Young's FOIA,NA,Donald,D,Don,Edwin,E,YOUNG,MH11314066,14066,200,(AK-01),alaska,AK,House,014066.jpg,donald-edwin-young,1,Republican Party,0.021,0.283,0.7909409226845764,240,404error,Donald YOUNG,404error,Don YOUNG,Donald Edwin YOUNG,Donald E YOUNG,Don Edwin YOUNG,Don E YOUNG,"YOUNG, Donald",404error,404error,D E YOUNG,"^YOUNG, D$","^YOUNG, D$","YOUNG, Don",404error,NA,1
NA,49748,2013-07-12,2013,113,"Young, D.","donald young|donald edwin young|donald e young|don young|don edwin young|don e young|young, donald|^young, d$|young, don|d e young","YOUNG, Donald Edwin",VA,Follow-up:  request for help in getting a liver transplant,1,NA,1,NA,NA,NA,Multiple Young's FOIA,NA,Donald,D,Don,Edwin,E,YOUNG,MH11314066,14066,200,(AK-01),alaska,AK,House,014066.jpg,donald-edwin-young,1,Republican Party,0.021,0.283,0.7909409226845764,240,404error,Donald YOUNG,404error,Don YOUNG,Donald Edwin YOUNG,Donald E YOUNG,Don Edwin YOUNG,Don E YOUNG,"YOUNG, Donald",404error,404error,D E YOUNG,"^YOUNG, D$","^YOUNG, D$","YOUNG, Don",404error,NA,1
NA,49749,2013-07-12,2013,113,"Young, D.","donald young|donald edwin young|donald e young|don young|don edwin young|don e young|young, donald|^young, d$|young, don|d e young","YOUNG, Donald Edwin",VA,Follow-up:  status of BDD claim,1,NA,1,NA,NA,NA,Multiple Young's FOIA,NA,Donald,D,Don,Edwin,E,YOUNG,MH11314066,14066,200,(AK-01),alaska,AK,House,014066.jpg,donald-edwin-young,1,Republican Party,0.021,0.283,0.7909409226845764,240,404error,Donald YOUNG,404error,Don YOUNG,Donald Edwin YOUNG,Donald E YOUNG,Don Edwin YOUNG,Don E YOUNG,"YOUNG, Donald",404error,404error,D E YOUNG,"^YOUNG, D$","^YOUNG, D$","YOUNG, Don",404error,NA,1
NA,49757,2013-07-15,2013,113,"Young, D.","donald young|donald edwin young|donald e young|don young|don edwin young|don e young|young, donald|^young, d$|young, don|d e young","YOUNG, Donald Edwin",VA,Follow-up:  pension debt issues,1,NA,1,NA,NA,NA,Multiple Young's FOIA,NA,Donald,D,Don,Edwin,E,YOUNG,MH11314066,14066,200,(AK-01),alaska,AK,House,014066.jpg,donald-edwin-young,1,Republican Party,0.021,0.283,0.7909409226845764,240,404error,Donald YOUNG,404error,Don YOUNG,Donald Edwin YOUNG,Donald E YOUNG,Don Edwin YOUNG,Don E YOUNG,"YOUNG, Donald",404error,404error,D E YOUNG,"^YOUNG, D$","^YOUNG, D$","YOUNG, Don",404error,NA,1
NA,49825,2013-07-18,2013,113,"Miller, G.","gary miller|gary g miller|miller, gary|^miller, g$|^miller, na$|g g miller","MILLER, Gary G.",VA,Status of disability rating,1,NA,1,NA,NA,NA,Multiple Miller's FOIA,NA,Gary,G,NA,G,G,MILLER,MH11329905,29905,200,(CA-31),california,CA,House,029905.jpg,gary-g-miller,31,Republican Party,0.222,0.478,0.886,240,404error,Gary MILLER,404error,404error,Gary G MILLER,Gary G MILLER,404error,404error,"MILLER, Gary",404error,404error,G G MILLER,"^MILLER, G$","^MILLER, NA$",404error,404error,NA,1
NA,49826,2013-07-18,2013,113,"Miller, G.","george miller|miller, george|^miller, g$|^miller, na$","MILLER, George",VA,Status of disability rating,1,NA,1,NA,NA,NA,Multiple Miller's FOIA,NA,George,G,NA,NA,NA,MILLER,MH11314256,14256,100,(CA-11),california,CA,House,014256.jpg,george-miller,11,Democratic Party,-0.398,-0.552,0.86,204,404error,George MILLER,404error,404error,404error,404error,404error,404error,"MILLER, George",404error,404error,404error,"^MILLER, G$","^MILLER, NA$",404error,404error,NA,1
NA,49860,2013-07-24,2013,113,"Young, D.","donald young|donald edwin young|donald e young|don young|don edwin young|don e young|young, donald|^young, d$|young, don|d e young","YOUNG, Donald Edwin",VA,Agent Orange disability claim issues,1,NA,1,NA,NA,NA,Multiple Young's FOIA,NA,Donald,D,Don,Edwin,E,YOUNG,MH11314066,14066,200,(AK-01),alaska,AK,House,014066.jpg,donald-edwin-young,1,Republican Party,0.021,0.283,0.7909409226845764,240,404error,Donald YOUNG,404error,Don YOUNG,Donald Edwin YOUNG,Donald E YOUNG,Don Edwin YOUNG,Don E YOUNG,"YOUNG, Donald",404error,404error,D E YOUNG,"^YOUNG, D$","^YOUNG, D$","YOUNG, Don",404error,NA,1
NA,49911,2013-07-29,2013,113,"Young, D.","donald young|donald edwin young|donald e young|don young|don edwin young|don e young|young, donald|^young, d$|young, don|d e young","YOUNG, Donald Edwin",VA,Disability claim issues,1,NA,1,NA,NA,NA,Multiple Young's FOIA,NA,Donald,D,Don,Edwin,E,YOUNG,MH11314066,14066,200,(AK-01),alaska,AK,House,014066.jpg,donald-edwin-young,1,Republican Party,0.021,0.283,0.7909409226845764,240,404error,Donald YOUNG,404error,Don YOUNG,Donald Edwin YOUNG,Donald E YOUNG,Don Edwin YOUNG,Don E YOUNG,"YOUNG, Donald",404error,404error,D E YOUNG,"^YOUNG, D$","^YOUNG, D$","YOUNG, Don",404error,NA,1
NA,49923,2013-07-29,2013,113,"Miller, G.","gary miller|gary g miller|miller, gary|^miller, g$|^miller, na$|g g miller","MILLER, Gary G.",VA,Concerns regarding  Prosthetic Services at the Loma Linda VAMC,1,NA,1,NA,NA,NA,Multiple Miller's FOIA,NA,Gary,G,NA,G,G,MILLER,MH11329905,29905,200,(CA-31),california,CA,House,029905.jpg,gary-g-miller,31,Republican Party,0.222,0.478,0.886,240,404error,Gary MILLER,404error,404error,Gary G MILLER,Gary G MILLER,404error,404error,"MILLER, Gary",404error,404error,G G MILLER,"^MILLER, G$","^MILLER, NA$",404error,404error,NA,1
NA,49924,2013-07-29,2013,113,"Miller, G.","george miller|miller, george|^miller, g$|^miller, na$","MILLER, George",VA,Concerns regarding  Prosthetic Services at the Loma Linda VAMC,1,NA,1,NA,NA,NA,Multiple Miller's FOIA,NA,George,G,NA,NA,NA,MILLER,MH11314256,14256,100,(CA-11),california,CA,House,014256.jpg,george-miller,11,Democratic Party,-0.398,-0.552,0.86,204,404error,George MILLER,404error,404error,404error,404error,404error,404error,"MILLER, George",404error,404error,404error,"^MILLER, G$","^MILLER, NA$",404error,404error,NA,1
NA,50062,2013-08-14,2013,113,"Young, D.","donald young|donald edwin young|donald e young|don young|don edwin young|don e young|young, donald|^young, d$|young, don|d e young","YOUNG, Donald Edwin",VA,Status of IDES claim,1,NA,1,NA,NA,NA,Multiple Young's FOIA,NA,Donald,D,Don,Edwin,E,YOUNG,MH11314066,14066,200,(AK-01),alaska,AK,House,014066.jpg,donald-edwin-young,1,Republican Party,0.021,0.283,0.7909409226845764,240,404error,Donald YOUNG,404error,Don YOUNG,Donald Edwin YOUNG,Donald E YOUNG,Don Edwin YOUNG,Don E YOUNG,"YOUNG, Donald",404error,404error,D E YOUNG,"^YOUNG, D$","^YOUNG, D$","YOUNG, Don",404error,NA,1
NA,50105,2013-08-20,2013,113,"Young, D.","donald young|donald edwin young|donald e young|don young|don edwin young|don e young|young, donald|^young, d$|young, don|d e young","YOUNG, Donald Edwin",VA,Request for help with mother's aid and attendance claim,1,NA,1,NA,NA,NA,Multiple Young's FOIA,NA,Donald,D,Don,Edwin,E,YOUNG,MH11314066,14066,200,(AK-01),alaska,AK,House,014066.jpg,donald-edwin-young,1,Republican Party,0.021,0.283,0.7909409226845764,240,404error,Donald YOUNG,404error,Don YOUNG,Donald Edwin YOUNG,Donald E YOUNG,Don Edwin YOUNG,Don E YOUNG,"YOUNG, Donald",404error,404error,D E YOUNG,"^YOUNG, D$","^YOUNG, D$","YOUNG, Don",404error,NA,1
NA,50233,2013-09-03,2013,113,"Young, D.","donald young|donald edwin young|donald e young|don young|don edwin young|don e young|young, donald|^young, d$|young, don|d e young","YOUNG, Donald Edwin",VA,VA educational benefits debt,1,NA,1,NA,NA,NA,Multiple Young's FOIA,NA,Donald,D,Don,Edwin,E,YOUNG,MH11314066,14066,200,(AK-01),alaska,AK,House,014066.jpg,donald-edwin-young,1,Republican Party,0.021,0.283,0.7909409226845764,240,404error,Donald YOUNG,404error,Don YOUNG,Donald Edwin YOUNG,Donald E YOUNG,Don Edwin YOUNG,Don E YOUNG,"YOUNG, Donald",404error,404error,D E YOUNG,"^YOUNG, D$","^YOUNG, D$","YOUNG, Don",404error,NA,1
NA,50362,2013-09-17,2013,113,"Young, D.","donald young|donald edwin young|donald e young|don young|don edwin young|don e young|young, donald|^young, d$|young, don|d e young","YOUNG, Donald Edwin",VA,Status of appeal,1,NA,1,NA,NA,NA,Multiple Young's FOIA,NA,Donald,D,Don,Edwin,E,YOUNG,MH11314066,14066,200,(AK-01),alaska,AK,House,014066.jpg,donald-edwin-young,1,Republican Party,0.021,0.283,0.7909409226845764,240,404error,Donald YOUNG,404error,Don YOUNG,Donald Edwin YOUNG,Donald E YOUNG,Don Edwin YOUNG,Don E YOUNG,"YOUNG, Donald",404error,404error,D E YOUNG,"^YOUNG, D$","^YOUNG, D$","YOUNG, Don",404error,NA,1
NA,50417,2013-09-24,2013,113,"Young, D.","donald young|donald edwin young|donald e young|don young|don edwin young|don e young|young, donald|^young, d$|young, don|d e young","YOUNG, Donald Edwin",VA,VA health care debt,1,NA,1,NA,NA,NA,Multiple Young's FOIA,NA,Donald,D,Don,Edwin,E,YOUNG,MH11314066,14066,200,(AK-01),alaska,AK,House,014066.jpg,donald-edwin-young,1,Republican Party,0.021,0.283,0.7909409226845764,240,404error,Donald YOUNG,404error,Don YOUNG,Donald Edwin YOUNG,Donald E YOUNG,Don Edwin YOUNG,Don E YOUNG,"YOUNG, Donald",404error,404error,D E YOUNG,"^YOUNG, D$","^YOUNG, D$","YOUNG, Don",404error,NA,1
NA,50489,2013-10-02,2013,113,"Rogers, M. (AL)",NA,,VA,Concerns about non-receipt of pain medication,1,NA,1,NA,NA,NA,Multiple Rogers' FOIA,NA,NA,NA,NA,NA,NA,NA,NA,NA,NA,NA,NA,NA,,NA,NA,NA,,NA,NA,NA,NA,NA,NA,NA,NA,NA,NA,NA,NA,NA,NA,NA,NA,NA,NA,NA,NA,NA,1
NA,50800,2013-11-12,2013,113,"Rogers, M. (AL)",NA,,VA,VA home loan issues,1,NA,1,NA,NA,NA,Multiple Rogers' FOIA,NA,NA,NA,NA,NA,NA,NA,NA,NA,NA,NA,NA,NA,,NA,NA,NA,,NA,NA,NA,NA,NA,NA,NA,NA,NA,NA,NA,NA,NA,NA,NA,NA,NA,NA,NA,NA,NA,1
NA,50929,2013-11-22,2013,113,"Young, D.","donald young|donald edwin young|donald e young|don young|don edwin young|don e young|young, donald|^young, d$|young, don|d e young","YOUNG, Donald Edwin",VA,Request for help with IDES claim,1,NA,1,NA,NA,NA,Multiple Young's FOIA,NA,Donald,D,Don,Edwin,E,YOUNG,MH11314066,14066,200,(AK-01),alaska,AK,House,014066.jpg,donald-edwin-young,1,Republican Party,0.021,0.283,0.7909409226845764,240,404error,Donald YOUNG,404error,Don YOUNG,Donald Edwin YOUNG,Donald E YOUNG,Don Edwin YOUNG,Don E YOUNG,"YOUNG, Donald",404error,404error,D E YOUNG,"^YOUNG, D$","^YOUNG, D$","YOUNG, Don",404error,NA,1
NA,51109,2013-12-17,2013,113,"Young, D.","donald young|donald edwin young|donald e young|don young|don edwin young|don e young|young, donald|^young, d$|young, don|d e young","YOUNG, Donald Edwin",VA,Concerns about termination of end-of-life care for Veteran and help with disability claim,1,NA,1,NA,NA,NA,Multiple Young's FOIA,NA,Donald,D,Don,Edwin,E,YOUNG,MH11314066,14066,200,(AK-01),alaska,AK,House,014066.jpg,donald-edwin-young,1,Republican Party,0.021,0.283,0.7909409226845764,240,404error,Donald YOUNG,404error,Don YOUNG,Donald Edwin YOUNG,Donald E YOUNG,Don Edwin YOUNG,Don E YOUNG,"YOUNG, Donald",404error,404error,D E YOUNG,"^YOUNG, D$","^YOUNG, D$","YOUNG, Don",404error,NA,1
NA,51214,2014-01-06,2014,113,"Young, D.","donald young|donald edwin young|donald e young|don young|don edwin young|don e young|young, donald|^young, d$|young, don|d e young","YOUNG, Donald Edwin",VA,Status of retroactive pay,1,NA,1,NA,NA,NA,Multiple Young's FOIA,NA,Donald,D,Don,Edwin,E,YOUNG,MH11314066,14066,200,(AK-01),alaska,AK,House,014066.jpg,donald-edwin-young,1,Republican Party,0.021,0.283,0.7909409226845764,240,404error,Donald YOUNG,404error,Don YOUNG,Donald Edwin YOUNG,Donald E YOUNG,Don Edwin YOUNG,Don E YOUNG,"YOUNG, Donald",404error,404error,D E YOUNG,"^YOUNG, D$","^YOUNG, D$","YOUNG, Don",404error,NA,1
NA,51237,2014-01-09,2014,113,"Miller, Gary G.","gary miller|gary g miller|miller, gary|^miller, g$|^miller, na$|g g miller","MILLER, Gary G.",VA,Emploment issues,1,NA,1,NA,NA,NA,Multiple Miller's FOIA,NA,Gary,G,NA,G,G,MILLER,MH11329905,29905,200,(CA-31),california,CA,House,029905.jpg,gary-g-miller,31,Republican Party,0.222,0.478,0.886,240,404error,Gary MILLER,404error,404error,Gary G MILLER,Gary G MILLER,404error,404error,"MILLER, Gary",404error,404error,G G MILLER,"^MILLER, G$","^MILLER, NA$",404error,404error,NA,1
NA,51243,2014-01-10,2014,113,"Young, D.","donald young|donald edwin young|donald e young|don young|don edwin young|don e young|young, donald|^young, d$|young, don|d e young","YOUNG, Donald Edwin",VA,DIC appeal,1,NA,1,NA,NA,NA,Multiple Young's FOIA,NA,Donald,D,Don,Edwin,E,YOUNG,MH11314066,14066,200,(AK-01),alaska,AK,House,014066.jpg,donald-edwin-young,1,Republican Party,0.021,0.283,0.7909409226845764,240,404error,Donald YOUNG,404error,Don YOUNG,Donald Edwin YOUNG,Donald E YOUNG,Don Edwin YOUNG,Don E YOUNG,"YOUNG, Donald",404error,404error,D E YOUNG,"^YOUNG, D$","^YOUNG, D$","YOUNG, Don",404error,NA,1
NA,51325,2014-01-22,2014,113,"Young, D.","donald young|donald edwin young|donald e young|don young|don edwin young|don e young|young, donald|^young, d$|young, don|d e young","YOUNG, Donald Edwin",VA,Seeking VA Payment for an Outstanding Bill,1,NA,1,NA,NA,NA,Multiple Young's FOIA,NA,Donald,D,Don,Edwin,E,YOUNG,MH11314066,14066,200,(AK-01),alaska,AK,House,014066.jpg,donald-edwin-young,1,Republican Party,0.021,0.283,0.7909409226845764,240,404error,Donald YOUNG,404error,Don YOUNG,Donald Edwin YOUNG,Donald E YOUNG,Don Edwin YOUNG,Don E YOUNG,"YOUNG, Donald",404error,404error,D E YOUNG,"^YOUNG, D$","^YOUNG, D$","YOUNG, Don",404error,NA,1
NA,51364,2014-01-27,2014,113,"Young, D.","donald young|donald edwin young|donald e young|don young|don edwin young|don e young|young, donald|^young, d$|young, don|d e young","YOUNG, Donald Edwin",VA,Addt'l info:  seeking VA payment for an outstanding bill,1,NA,1,NA,NA,NA,Multiple Young's FOIA,NA,Donald,D,Don,Edwin,E,YOUNG,MH11314066,14066,200,(AK-01),alaska,AK,House,014066.jpg,donald-edwin-young,1,Republican Party,0.021,0.283,0.7909409226845764,240,404error,Donald YOUNG,404error,Don YOUNG,Donald Edwin YOUNG,Donald E YOUNG,Don Edwin YOUNG,Don E YOUNG,"YOUNG, Donald",404error,404error,D E YOUNG,"^YOUNG, D$","^YOUNG, D$","YOUNG, Don",404error,NA,1
NA,51454,2014-02-05,2014,113,"Miller, G.","gary miller|gary g miller|miller, gary|^miller, g$|^miller, na$|g g miller","MILLER, Gary G.",VA,VHA employment issues,1,NA,1,NA,NA,NA,Multiple Miller's FOIA,NA,Gary,G,NA,G,G,MILLER,MH11329905,29905,200,(CA-31),california,CA,House,029905.jpg,gary-g-miller,31,Republican Party,0.222,0.478,0.886,240,404error,Gary MILLER,404error,404error,Gary G MILLER,Gary G MILLER,404error,404error,"MILLER, Gary",404error,404error,G G MILLER,"^MILLER, G$","^MILLER, NA$",404error,404error,NA,1
NA,51455,2014-02-05,2014,113,"Miller, G.","george miller|miller, george|^miller, g$|^miller, na$","MILLER, George",VA,VHA employment issues,1,NA,1,NA,NA,NA,Multiple Miller's FOIA,NA,George,G,NA,NA,NA,MILLER,MH11314256,14256,100,(CA-11),california,CA,House,014256.jpg,george-miller,11,Democratic Party,-0.398,-0.552,0.86,204,404error,George MILLER,404error,404error,404error,404error,404error,404error,"MILLER, George",404error,404error,404error,"^MILLER, G$","^MILLER, NA$",404error,404error,NA,1
NA,51538,2014-02-14,2014,113,"Young, D.","donald young|donald edwin young|donald e young|don young|don edwin young|don e young|young, donald|^young, d$|young, don|d e young","YOUNG, Donald Edwin",VA,Decrease of rating,1,NA,1,NA,NA,NA,Multiple Young's FOIA,NA,Donald,D,Don,Edwin,E,YOUNG,MH11314066,14066,200,(AK-01),alaska,AK,House,014066.jpg,donald-edwin-young,1,Republican Party,0.021,0.283,0.7909409226845764,240,404error,Donald YOUNG,404error,Don YOUNG,Donald Edwin YOUNG,Donald E YOUNG,Don Edwin YOUNG,Don E YOUNG,"YOUNG, Donald",404error,404error,D E YOUNG,"^YOUNG, D$","^YOUNG, D$","YOUNG, Don",404error,NA,1
NA,51676,2014-02-28,2014,113,"Young, D.","donald young|donald edwin young|donald e young|don young|don edwin young|don e young|young, donald|^young, d$|young, don|d e young","YOUNG, Donald Edwin",VA,Life insurance eligibility,1,NA,1,NA,NA,NA,Multiple Young's FOIA,NA,Donald,D,Don,Edwin,E,YOUNG,MH11314066,14066,200,(AK-01),alaska,AK,House,014066.jpg,donald-edwin-young,1,Republican Party,0.021,0.283,0.7909409226845764,240,404error,Donald YOUNG,404error,Don YOUNG,Donald Edwin YOUNG,Donald E YOUNG,Don Edwin YOUNG,Don E YOUNG,"YOUNG, Donald",404error,404error,D E YOUNG,"^YOUNG, D$","^YOUNG, D$","YOUNG, Don",404error,NA,1
NA,51701,2014-03-05,2014,113,"Young, D.","donald young|donald edwin young|donald e young|don young|don edwin young|don e young|young, donald|^young, d$|young, don|d e young","YOUNG, Donald Edwin",VA,Follow-up:  status of retroactive pay,1,NA,1,NA,NA,NA,Multiple Young's FOIA,NA,Donald,D,Don,Edwin,E,YOUNG,MH11314066,14066,200,(AK-01),alaska,AK,House,014066.jpg,donald-edwin-young,1,Republican Party,0.021,0.283,0.7909409226845764,240,404error,Donald YOUNG,404error,Don YOUNG,Donald Edwin YOUNG,Donald E YOUNG,Don Edwin YOUNG,Don E YOUNG,"YOUNG, Donald",404error,404error,D E YOUNG,"^YOUNG, D$","^YOUNG, D$","YOUNG, Don",404error,NA,1
NA,51795,2014-03-13,2014,113,"Young, D.","donald young|donald edwin young|donald e young|don young|don edwin young|don e young|young, donald|^young, d$|young, don|d e young","YOUNG, Donald Edwin",VA,Status of DES Claim,1,NA,1,NA,NA,NA,Multiple Young's FOIA,NA,Donald,D,Don,Edwin,E,YOUNG,MH11314066,14066,200,(AK-01),alaska,AK,House,014066.jpg,donald-edwin-young,1,Republican Party,0.021,0.283,0.7909409226845764,240,404error,Donald YOUNG,404error,Don YOUNG,Donald Edwin YOUNG,Donald E YOUNG,Don Edwin YOUNG,Don E YOUNG,"YOUNG, Donald",404error,404error,D E YOUNG,"^YOUNG, D$","^YOUNG, D$","YOUNG, Don",404error,NA,1
NA,51861,2014-03-20,2014,113,"Young, D.","donald young|donald edwin young|donald e young|don young|don edwin young|don e young|young, donald|^young, d$|young, don|d e young","YOUNG, Donald Edwin",VA,Request for help with VT&E,1,NA,1,NA,NA,NA,Multiple Young's FOIA,NA,Donald,D,Don,Edwin,E,YOUNG,MH11314066,14066,200,(AK-01),alaska,AK,House,014066.jpg,donald-edwin-young,1,Republican Party,0.021,0.283,0.7909409226845764,240,404error,Donald YOUNG,404error,Don YOUNG,Donald Edwin YOUNG,Donald E YOUNG,Don Edwin YOUNG,Don E YOUNG,"YOUNG, Donald",404error,404error,D E YOUNG,"^YOUNG, D$","^YOUNG, D$","YOUNG, Don",404error,NA,1
NA,51893,2014-03-24,2014,113,"Young, D.","donald young|donald edwin young|donald e young|don young|don edwin young|don e young|young, donald|^young, d$|young, don|d e young","YOUNG, Donald Edwin",VA,Non-VA emergency billing question,1,NA,1,NA,NA,NA,Multiple Young's FOIA,NA,Donald,D,Don,Edwin,E,YOUNG,MH11314066,14066,200,(AK-01),alaska,AK,House,014066.jpg,donald-edwin-young,1,Republican Party,0.021,0.283,0.7909409226845764,240,404error,Donald YOUNG,404error,Don YOUNG,Donald Edwin YOUNG,Donald E YOUNG,Don Edwin YOUNG,Don E YOUNG,"YOUNG, Donald",404error,404error,D E YOUNG,"^YOUNG, D$","^YOUNG, D$","YOUNG, Don",404error,NA,1
NA,51922,2014-03-26,2014,113,"Young, D.","donald young|donald edwin young|donald e young|don young|don edwin young|don e young|young, donald|^young, d$|young, don|d e young","YOUNG, Donald Edwin",VA,Status of DES Claim,1,NA,1,NA,NA,NA,Multiple Young's FOIA,NA,Donald,D,Don,Edwin,E,YOUNG,MH11314066,14066,200,(AK-01),alaska,AK,House,014066.jpg,donald-edwin-young,1,Republican Party,0.021,0.283,0.7909409226845764,240,404error,Donald YOUNG,404error,Don YOUNG,Donald Edwin YOUNG,Donald E YOUNG,Don Edwin YOUNG,Don E YOUNG,"YOUNG, Donald",404error,404error,D E YOUNG,"^YOUNG, D$","^YOUNG, D$","YOUNG, Don",404error,NA,1
NA,51955,2014-03-28,2014,113,"Young, D.","donald young|donald edwin young|donald e young|don young|don edwin young|don e young|young, donald|^young, d$|young, don|d e young","YOUNG, Donald Edwin",VA,Eligibility for VA Loan Guaranty benefits,1,NA,1,NA,NA,NA,Multiple Young's FOIA,NA,Donald,D,Don,Edwin,E,YOUNG,MH11314066,14066,200,(AK-01),alaska,AK,House,014066.jpg,donald-edwin-young,1,Republican Party,0.021,0.283,0.7909409226845764,240,404error,Donald YOUNG,404error,Don YOUNG,Donald Edwin YOUNG,Donald E YOUNG,Don Edwin YOUNG,Don E YOUNG,"YOUNG, Donald",404error,404error,D E YOUNG,"^YOUNG, D$","^YOUNG, D$","YOUNG, Don",404error,NA,1
NA,51984,2014-04-01,2014,113,"Young, D.","donald young|donald edwin young|donald e young|don young|don edwin young|don e young|young, donald|^young, d$|young, don|d e young","YOUNG, Donald Edwin",VA,Request for VA approval of end-of-life care,1,NA,1,NA,NA,NA,Multiple Young's FOIA,NA,Donald,D,Don,Edwin,E,YOUNG,MH11314066,14066,200,(AK-01),alaska,AK,House,014066.jpg,donald-edwin-young,1,Republican Party,0.021,0.283,0.7909409226845764,240,404error,Donald YOUNG,404error,Don YOUNG,Donald Edwin YOUNG,Donald E YOUNG,Don Edwin YOUNG,Don E YOUNG,"YOUNG, Donald",404error,404error,D E YOUNG,"^YOUNG, D$","^YOUNG, D$","YOUNG, Don",404error,NA,1
NA,52023,2014-04-04,2014,113,"Young, D.","donald young|donald edwin young|donald e young|don young|don edwin young|don e young|young, donald|^young, d$|young, don|d e young","YOUNG, Donald Edwin",VA,Assistance with dental care,1,NA,1,NA,NA,NA,Multiple Young's FOIA,NA,Donald,D,Don,Edwin,E,YOUNG,MH11314066,14066,200,(AK-01),alaska,AK,House,014066.jpg,donald-edwin-young,1,Republican Party,0.021,0.283,0.7909409226845764,240,404error,Donald YOUNG,404error,Don YOUNG,Donald Edwin YOUNG,Donald E YOUNG,Don Edwin YOUNG,Don E YOUNG,"YOUNG, Donald",404error,404error,D E YOUNG,"^YOUNG, D$","^YOUNG, D$","YOUNG, Don",404error,NA,1
NA,52171,2014-04-21,2014,113,"Young, D.","donald young|donald edwin young|donald e young|don young|don edwin young|don e young|young, donald|^young, d$|young, don|d e young","YOUNG, Donald Edwin",VA,VHA employment issues,1,NA,1,NA,NA,NA,Multiple Young's FOIA,NA,Donald,D,Don,Edwin,E,YOUNG,MH11314066,14066,200,(AK-01),alaska,AK,House,014066.jpg,donald-edwin-young,1,Republican Party,0.021,0.283,0.7909409226845764,240,404error,Donald YOUNG,404error,Don YOUNG,Donald Edwin YOUNG,Donald E YOUNG,Don Edwin YOUNG,Don E YOUNG,"YOUNG, Donald",404error,404error,D E YOUNG,"^YOUNG, D$","^YOUNG, D$","YOUNG, Don",404error,NA,1
NA,52174,2014-04-21,2014,113,"Young, D.","donald young|donald edwin young|donald e young|don young|don edwin young|don e young|young, donald|^young, d$|young, don|d e young","YOUNG, Donald Edwin",VA,VHA employment issues,1,NA,1,NA,NA,NA,Multiple Young's FOIA,NA,Donald,D,Don,Edwin,E,YOUNG,MH11314066,14066,200,(AK-01),alaska,AK,House,014066.jpg,donald-edwin-young,1,Republican Party,0.021,0.283,0.7909409226845764,240,404error,Donald YOUNG,404error,Don YOUNG,Donald Edwin YOUNG,Donald E YOUNG,Don Edwin YOUNG,Don E YOUNG,"YOUNG, Donald",404error,404error,D E YOUNG,"^YOUNG, D$","^YOUNG, D$","YOUNG, Don",404error,NA,1
NA,52257,2014-04-29,2014,113,"Young, D.","donald young|donald edwin young|donald e young|don young|don edwin young|don e young|young, donald|^young, d$|young, don|d e young","YOUNG, Donald Edwin",VA,Follow-up:  seeking VA payment for an outstanding bill,1,NA,1,NA,NA,NA,Multiple Young's FOIA,NA,Donald,D,Don,Edwin,E,YOUNG,MH11314066,14066,200,(AK-01),alaska,AK,House,014066.jpg,donald-edwin-young,1,Republican Party,0.021,0.283,0.7909409226845764,240,404error,Donald YOUNG,404error,Don YOUNG,Donald Edwin YOUNG,Donald E YOUNG,Don Edwin YOUNG,Don E YOUNG,"YOUNG, Donald",404error,404error,D E YOUNG,"^YOUNG, D$","^YOUNG, D$","YOUNG, Don",404error,NA,1
NA,52262,2014-04-29,2014,113,"Young, D.","donald young|donald edwin young|donald e young|don young|don edwin young|don e young|young, donald|^young, d$|young, don|d e young","YOUNG, Donald Edwin",VA,Follow-up further on payment of outstanding bills to contractor,2,1,3,NA,NA,NA,Multiple Young's FOIA,NA,Donald,D,Don,Edwin,E,YOUNG,MH11314066,14066,200,(AK-01),alaska,AK,House,014066.jpg,donald-edwin-young,1,Republican Party,0.021,0.283,0.7909409226845764,240,404error,Donald YOUNG,404error,Don YOUNG,Donald Edwin YOUNG,Donald E YOUNG,Don Edwin YOUNG,Don E YOUNG,"YOUNG, Donald",404error,404error,D E YOUNG,"^YOUNG, D$","^YOUNG, D$","YOUNG, Don",404error,NA,1
NA,52335,2014-05-06,2014,113,"Young, D.","donald young|donald edwin young|donald e young|don young|don edwin young|don e young|young, donald|^young, d$|young, don|d e young","YOUNG, Donald Edwin",VA,Request for help with claim,1,NA,1,NA,NA,NA,Multiple Young's FOIA,NA,Donald,D,Don,Edwin,E,YOUNG,MH11314066,14066,200,(AK-01),alaska,AK,House,014066.jpg,donald-edwin-young,1,Republican Party,0.021,0.283,0.7909409226845764,240,404error,Donald YOUNG,404error,Don YOUNG,Donald Edwin YOUNG,Donald E YOUNG,Don Edwin YOUNG,Don E YOUNG,"YOUNG, Donald",404error,404error,D E YOUNG,"^YOUNG, D$","^YOUNG, D$","YOUNG, Don",404error,NA,1
NA,52350,2014-05-07,2014,113,"Rogers, M.","mike rogers|mike dennis rogers|mike d rogers|michael rogers|michael dennis rogers|michael d rogers|rogers, mike|^rogers, m$|rogers, michael|m d rogers","ROGERS, Mike Dennis",VA,Request for full military funeral honors,1,NA,1,NA,NA,NA,Multiple Rogers' FOIA,NA,Mike,M,Michael,Dennis,D,ROGERS,MH11320301,20301,200,(AL-03),alabama,AL,House,020301.jpg,mike-dennis-rogers,3,Republican Party,0.457,0.352,0.8730249492549379,240,404error,Mike ROGERS,404error,Michael ROGERS,Mike Dennis ROGERS,Mike D ROGERS,Michael Dennis ROGERS,Michael D ROGERS,"ROGERS, Mike",404error,404error,M D ROGERS,"^ROGERS, M$","^ROGERS, M$","ROGERS, Michael",404error,NA,1
NA,52351,2014-05-07,2014,113,"Rogers, M.","mike rogers|mike j rogers|michael rogers|michael j rogers|rogers, mike|^rogers, m$|rogers, michael|m j rogers","ROGERS, Mike",VA,Request for full military funeral honors,1,NA,1,NA,NA,NA,Multiple Rogers' FOIA,NA,Mike,M,Michael,NA,J,ROGERS,MH11320120,20120,200,(MI-08),michigan,MI,House,020120.jpg,mike-rogers,8,Republican Party,0.098,0.4,0.898,240,404error,Mike ROGERS,404error,Michael ROGERS,404error,Mike J ROGERS,404error,Michael J ROGERS,"ROGERS, Mike",404error,404error,M J ROGERS,"^ROGERS, M$","^ROGERS, M$","ROGERS, Michael",404error,NA,1
NA,52389,2014-05-12,2014,113,"Young, D.","donald young|donald edwin young|donald e young|don young|don edwin young|don e young|young, donald|^young, d$|young, don|d e young","YOUNG, Donald Edwin",VA,GI Bill benefits,1,NA,1,NA,NA,NA,Multiple Young's FOIA,NA,Donald,D,Don,Edwin,E,YOUNG,MH11314066,14066,200,(AK-01),alaska,AK,House,014066.jpg,donald-edwin-young,1,Republican Party,0.021,0.283,0.7909409226845764,240,404error,Donald YOUNG,404error,Don YOUNG,Donald Edwin YOUNG,Donald E YOUNG,Don Edwin YOUNG,Don E YOUNG,"YOUNG, Donald",404error,404error,D E YOUNG,"^YOUNG, D$","^YOUNG, D$","YOUNG, Don",404error,NA,1
NA,52468,2014-05-19,2014,113,"Young, D.","donald young|donald edwin young|donald e young|don young|don edwin young|don e young|young, donald|^young, d$|young, don|d e young","YOUNG, Donald Edwin",VA,VA Home Loan debt issues,1,NA,1,NA,NA,NA,Multiple Young's FOIA,NA,Donald,D,Don,Edwin,E,YOUNG,MH11314066,14066,200,(AK-01),alaska,AK,House,014066.jpg,donald-edwin-young,1,Republican Party,0.021,0.283,0.7909409226845764,240,404error,Donald YOUNG,404error,Don YOUNG,Donald Edwin YOUNG,Donald E YOUNG,Don Edwin YOUNG,Don E YOUNG,"YOUNG, Donald",404error,404error,D E YOUNG,"^YOUNG, D$","^YOUNG, D$","YOUNG, Don",404error,NA,1
NA,52469,2014-05-19,2014,113,"Young, D.","donald young|donald edwin young|donald e young|don young|don edwin young|don e young|young, donald|^young, d$|young, don|d e young","YOUNG, Donald Edwin",VA,Addt'l info:  VHA employment issues,1,NA,1,NA,NA,NA,Multiple Young's FOIA,NA,Donald,D,Don,Edwin,E,YOUNG,MH11314066,14066,200,(AK-01),alaska,AK,House,014066.jpg,donald-edwin-young,1,Republican Party,0.021,0.283,0.7909409226845764,240,404error,Donald YOUNG,404error,Don YOUNG,Donald Edwin YOUNG,Donald E YOUNG,Don Edwin YOUNG,Don E YOUNG,"YOUNG, Donald",404error,404error,D E YOUNG,"^YOUNG, D$","^YOUNG, D$","YOUNG, Don",404error,NA,1
NA,52477,2014-05-20,2014,113,"Young, D.","donald young|donald edwin young|donald e young|don young|don edwin young|don e young|young, donald|^young, d$|young, don|d e young","YOUNG, Donald Edwin",VA,Health care and disability claim concerns,1,NA,1,NA,NA,NA,Multiple Young's FOIA,NA,Donald,D,Don,Edwin,E,YOUNG,MH11314066,14066,200,(AK-01),alaska,AK,House,014066.jpg,donald-edwin-young,1,Republican Party,0.021,0.283,0.7909409226845764,240,404error,Donald YOUNG,404error,Don YOUNG,Donald Edwin YOUNG,Donald E YOUNG,Don Edwin YOUNG,Don E YOUNG,"YOUNG, Donald",404error,404error,D E YOUNG,"^YOUNG, D$","^YOUNG, D$","YOUNG, Don",404error,NA,1
NA,52501,2014-05-21,2014,113,"Young, D.","donald young|donald edwin young|donald e young|don young|don edwin young|don e young|young, donald|^young, d$|young, don|d e young","YOUNG, Donald Edwin",VA,Status of claim,1,NA,1,NA,NA,NA,Multiple Young's FOIA,NA,Donald,D,Don,Edwin,E,YOUNG,MH11314066,14066,200,(AK-01),alaska,AK,House,014066.jpg,donald-edwin-young,1,Republican Party,0.021,0.283,0.7909409226845764,240,404error,Donald YOUNG,404error,Don YOUNG,Donald Edwin YOUNG,Donald E YOUNG,Don Edwin YOUNG,Don E YOUNG,"YOUNG, Donald",404error,404error,D E YOUNG,"^YOUNG, D$","^YOUNG, D$","YOUNG, Don",404error,NA,1
NA,52502,2014-05-21,2014,113,"Young, D.","donald young|donald edwin young|donald e young|don young|don edwin young|don e young|young, donald|^young, d$|young, don|d e young","YOUNG, Donald Edwin",VA,Caregiver's Application Status,1,2,2,NA,NA,NA,Multiple Young's FOIA,NA,Donald,D,Don,Edwin,E,YOUNG,MH11314066,14066,200,(AK-01),alaska,AK,House,014066.jpg,donald-edwin-young,1,Republican Party,0.021,0.283,0.7909409226845764,240,404error,Donald YOUNG,404error,Don YOUNG,Donald Edwin YOUNG,Donald E YOUNG,Don Edwin YOUNG,Don E YOUNG,"YOUNG, Donald",404error,404error,D E YOUNG,"^YOUNG, D$","^YOUNG, D$","YOUNG, Don",404error,NA,1
NA,52525,2014-05-22,2014,113,"Young, D.","donald young|donald edwin young|donald e young|don young|don edwin young|don e young|young, donald|^young, d$|young, don|d e young","YOUNG, Donald Edwin",VA,Follow-up:  non-VA emergency billing question,1,NA,1,NA,NA,NA,Multiple Young's FOIA,NA,Donald,D,Don,Edwin,E,YOUNG,MH11314066,14066,200,(AK-01),alaska,AK,House,014066.jpg,donald-edwin-young,1,Republican Party,0.021,0.283,0.7909409226845764,240,404error,Donald YOUNG,404error,Don YOUNG,Donald Edwin YOUNG,Donald E YOUNG,Don Edwin YOUNG,Don E YOUNG,"YOUNG, Donald",404error,404error,D E YOUNG,"^YOUNG, D$","^YOUNG, D$","YOUNG, Don",404error,NA,1
NA,52526,2014-05-22,2014,113,"Young, D.","donald young|donald edwin young|donald e young|don young|don edwin young|don e young|young, donald|^young, d$|young, don|d e young","YOUNG, Donald Edwin",VA,Status of IDES claim,1,NA,1,NA,NA,NA,Multiple Young's FOIA,NA,Donald,D,Don,Edwin,E,YOUNG,MH11314066,14066,200,(AK-01),alaska,AK,House,014066.jpg,donald-edwin-young,1,Republican Party,0.021,0.283,0.7909409226845764,240,404error,Donald YOUNG,404error,Don YOUNG,Donald Edwin YOUNG,Donald E YOUNG,Don Edwin YOUNG,Don E YOUNG,"YOUNG, Donald",404error,404error,D E YOUNG,"^YOUNG, D$","^YOUNG, D$","YOUNG, Don",404error,NA,1
NA,52565,2014-05-27,2014,113,"Young, D.","donald young|donald edwin young|donald e young|don young|don edwin young|don e young|young, donald|^young, d$|young, don|d e young","YOUNG, Donald Edwin",VA,Status of IDES claim,1,NA,1,NA,NA,NA,Multiple Young's FOIA,NA,Donald,D,Don,Edwin,E,YOUNG,MH11314066,14066,200,(AK-01),alaska,AK,House,014066.jpg,donald-edwin-young,1,Republican Party,0.021,0.283,0.7909409226845764,240,404error,Donald YOUNG,404error,Don YOUNG,Donald Edwin YOUNG,Donald E YOUNG,Don Edwin YOUNG,Don E YOUNG,"YOUNG, Donald",404error,404error,D E YOUNG,"^YOUNG, D$","^YOUNG, D$","YOUNG, Don",404error,NA,1
NA,52566,2014-05-27,2014,113,"Young, D.","donald young|donald edwin young|donald e young|don young|don edwin young|don e young|young, donald|^young, d$|young, don|d e young","YOUNG, Donald Edwin",VA,Request for medical care,1,NA,1,NA,NA,NA,Multiple Young's FOIA,NA,Donald,D,Don,Edwin,E,YOUNG,MH11314066,14066,200,(AK-01),alaska,AK,House,014066.jpg,donald-edwin-young,1,Republican Party,0.021,0.283,0.7909409226845764,240,404error,Donald YOUNG,404error,Don YOUNG,Donald Edwin YOUNG,Donald E YOUNG,Don Edwin YOUNG,Don E YOUNG,"YOUNG, Donald",404error,404error,D E YOUNG,"^YOUNG, D$","^YOUNG, D$","YOUNG, Don",404error,NA,1
NA,52584,2014-05-27,2014,113,"Young, D.","donald young|donald edwin young|donald e young|don young|don edwin young|don e young|young, donald|^young, d$|young, don|d e young","YOUNG, Donald Edwin",VA,Follow-up:  request for help with claim,1,NA,1,NA,NA,NA,Multiple Young's FOIA,NA,Donald,D,Don,Edwin,E,YOUNG,MH11314066,14066,200,(AK-01),alaska,AK,House,014066.jpg,donald-edwin-young,1,Republican Party,0.021,0.283,0.7909409226845764,240,404error,Donald YOUNG,404error,Don YOUNG,Donald Edwin YOUNG,Donald E YOUNG,Don Edwin YOUNG,Don E YOUNG,"YOUNG, Donald",404error,404error,D E YOUNG,"^YOUNG, D$","^YOUNG, D$","YOUNG, Don",404error,NA,1
NA,52612,2014-05-29,2014,113,"Young, D.","donald young|donald edwin young|donald e young|don young|don edwin young|don e young|young, donald|^young, d$|young, don|d e young","YOUNG, Donald Edwin",VA,Status of appeal and claim,1,NA,1,NA,NA,NA,Multiple Young's FOIA,NA,Donald,D,Don,Edwin,E,YOUNG,MH11314066,14066,200,(AK-01),alaska,AK,House,014066.jpg,donald-edwin-young,1,Republican Party,0.021,0.283,0.7909409226845764,240,404error,Donald YOUNG,404error,Don YOUNG,Donald Edwin YOUNG,Donald E YOUNG,Don Edwin YOUNG,Don E YOUNG,"YOUNG, Donald",404error,404error,D E YOUNG,"^YOUNG, D$","^YOUNG, D$","YOUNG, Don",404error,NA,1
NA,52620,2014-05-29,2014,113,"Young, D.","donald young|donald edwin young|donald e young|don young|don edwin young|don e young|young, donald|^young, d$|young, don|d e young","YOUNG, Donald Edwin",VA,Means test for health care,1,NA,1,NA,NA,NA,Multiple Young's FOIA,NA,Donald,D,Don,Edwin,E,YOUNG,MH11314066,14066,200,(AK-01),alaska,AK,House,014066.jpg,donald-edwin-young,1,Republican Party,0.021,0.283,0.7909409226845764,240,404error,Donald YOUNG,404error,Don YOUNG,Donald Edwin YOUNG,Donald E YOUNG,Don Edwin YOUNG,Don E YOUNG,"YOUNG, Donald",404error,404error,D E YOUNG,"^YOUNG, D$","^YOUNG, D$","YOUNG, Don",404error,NA,1
NA,52656,2014-06-02,2014,113,"Young, D.","donald young|donald edwin young|donald e young|don young|don edwin young|don e young|young, donald|^young, d$|young, don|d e young","YOUNG, Donald Edwin",VA,Request to expedite IDES claim,1,NA,1,NA,NA,NA,Multiple Young's FOIA,NA,Donald,D,Don,Edwin,E,YOUNG,MH11314066,14066,200,(AK-01),alaska,AK,House,014066.jpg,donald-edwin-young,1,Republican Party,0.021,0.283,0.7909409226845764,240,404error,Donald YOUNG,404error,Don YOUNG,Donald Edwin YOUNG,Donald E YOUNG,Don Edwin YOUNG,Don E YOUNG,"YOUNG, Donald",404error,404error,D E YOUNG,"^YOUNG, D$","^YOUNG, D$","YOUNG, Don",404error,NA,1
NA,52657,2014-06-02,2014,113,"Young, D.","donald young|donald edwin young|donald e young|don young|don edwin young|don e young|young, donald|^young, d$|young, don|d e young","YOUNG, Donald Edwin",VA,Addt'l info:  seeking VA payment for an outstanding bill,1,NA,1,NA,NA,NA,Multiple Young's FOIA,NA,Donald,D,Don,Edwin,E,YOUNG,MH11314066,14066,200,(AK-01),alaska,AK,House,014066.jpg,donald-edwin-young,1,Republican Party,0.021,0.283,0.7909409226845764,240,404error,Donald YOUNG,404error,Don YOUNG,Donald Edwin YOUNG,Donald E YOUNG,Don Edwin YOUNG,Don E YOUNG,"YOUNG, Donald",404error,404error,D E YOUNG,"^YOUNG, D$","^YOUNG, D$","YOUNG, Don",404error,NA,1
NA,52969,2014-06-24,2014,113,"Young, D.","donald young|donald edwin young|donald e young|don young|don edwin young|don e young|young, donald|^young, d$|young, don|d e young","YOUNG, Donald Edwin",VA,Request for assistance with mother's VA survivor benefits,1,NA,1,NA,NA,NA,Multiple Young's FOIA,NA,Donald,D,Don,Edwin,E,YOUNG,MH11314066,14066,200,(AK-01),alaska,AK,House,014066.jpg,donald-edwin-young,1,Republican Party,0.021,0.283,0.7909409226845764,240,404error,Donald YOUNG,404error,Don YOUNG,Donald Edwin YOUNG,Donald E YOUNG,Don Edwin YOUNG,Don E YOUNG,"YOUNG, Donald",404error,404error,D E YOUNG,"^YOUNG, D$","^YOUNG, D$","YOUNG, Don",404error,NA,1
NA,53074,2014-06-30,2014,113,"Rogers, M.","mike rogers|mike dennis rogers|mike d rogers|michael rogers|michael dennis rogers|michael d rogers|rogers, mike|^rogers, m$|rogers, michael|m d rogers","ROGERS, Mike Dennis",VA,VA health care concerns,1,NA,1,NA,NA,NA,Multiple Rogers' FOIA,NA,Mike,M,Michael,Dennis,D,ROGERS,MH11320301,20301,200,(AL-03),alabama,AL,House,020301.jpg,mike-dennis-rogers,3,Republican Party,0.457,0.352,0.8730249492549379,240,404error,Mike ROGERS,404error,Michael ROGERS,Mike Dennis ROGERS,Mike D ROGERS,Michael Dennis ROGERS,Michael D ROGERS,"ROGERS, Mike",404error,404error,M D ROGERS,"^ROGERS, M$","^ROGERS, M$","ROGERS, Michael",404error,NA,1
NA,53075,2014-06-30,2014,113,"Rogers, M.","mike rogers|mike j rogers|michael rogers|michael j rogers|rogers, mike|^rogers, m$|rogers, michael|m j rogers","ROGERS, Mike",VA,VA health care concerns,1,NA,1,NA,NA,NA,Multiple Rogers' FOIA,NA,Mike,M,Michael,NA,J,ROGERS,MH11320120,20120,200,(MI-08),michigan,MI,House,020120.jpg,mike-rogers,8,Republican Party,0.098,0.4,0.898,240,404error,Mike ROGERS,404error,Michael ROGERS,404error,Mike J ROGERS,404error,Michael J ROGERS,"ROGERS, Mike",404error,404error,M J ROGERS,"^ROGERS, M$","^ROGERS, M$","ROGERS, Michael",404error,NA,1
NA,53091,2014-07-01,2014,113,"Young, D.","donald young|donald edwin young|donald e young|don young|don edwin young|don e young|young, donald|^young, d$|young, don|d e young","YOUNG, Donald Edwin",VA,Rebuttal of life insurance denial,1,NA,1,NA,NA,NA,Multiple Young's FOIA,NA,Donald,D,Don,Edwin,E,YOUNG,MH11314066,14066,200,(AK-01),alaska,AK,House,014066.jpg,donald-edwin-young,1,Republican Party,0.021,0.283,0.7909409226845764,240,404error,Donald YOUNG,404error,Don YOUNG,Donald Edwin YOUNG,Donald E YOUNG,Don Edwin YOUNG,Don E YOUNG,"YOUNG, Donald",404error,404error,D E YOUNG,"^YOUNG, D$","^YOUNG, D$","YOUNG, Don",404error,NA,1
NA,53131,2014-07-03,2014,113,"Rogers, M. (AL)",NA,,VA,Eligibility for VA health care (rec'd from Marine Corps),1,NA,1,NA,NA,NA,Multiple Rogers' FOIA,NA,NA,NA,NA,NA,NA,NA,NA,NA,NA,NA,NA,NA,,NA,NA,NA,,NA,NA,NA,NA,NA,NA,NA,NA,NA,NA,NA,NA,NA,NA,NA,NA,NA,NA,NA,NA,NA,1
NA,53160,2014-07-08,2014,113,"Young, D.","donald young|donald edwin young|donald e young|don young|don edwin young|don e young|young, donald|^young, d$|young, don|d e young","YOUNG, Donald Edwin",VA,Request for waiver of medical debt,1,NA,1,NA,NA,NA,Multiple Young's FOIA,NA,Donald,D,Don,Edwin,E,YOUNG,MH11314066,14066,200,(AK-01),alaska,AK,House,014066.jpg,donald-edwin-young,1,Republican Party,0.021,0.283,0.7909409226845764,240,404error,Donald YOUNG,404error,Don YOUNG,Donald Edwin YOUNG,Donald E YOUNG,Don Edwin YOUNG,Don E YOUNG,"YOUNG, Donald",404error,404error,D E YOUNG,"^YOUNG, D$","^YOUNG, D$","YOUNG, Don",404error,NA,1
NA,53217,2014-07-10,2014,113,"Young, D.","donald young|donald edwin young|donald e young|don young|don edwin young|don e young|young, donald|^young, d$|young, don|d e young","YOUNG, Donald Edwin",VA,Folllow-up:  Request for medical care,1,NA,1,NA,NA,NA,Multiple Young's FOIA,NA,Donald,D,Don,Edwin,E,YOUNG,MH11314066,14066,200,(AK-01),alaska,AK,House,014066.jpg,donald-edwin-young,1,Republican Party,0.021,0.283,0.7909409226845764,240,404error,Donald YOUNG,404error,Don YOUNG,Donald Edwin YOUNG,Donald E YOUNG,Don Edwin YOUNG,Don E YOUNG,"YOUNG, Donald",404error,404error,D E YOUNG,"^YOUNG, D$","^YOUNG, D$","YOUNG, Don",404error,NA,1
NA,53218,2014-07-10,2014,113,"Young, D.","donald young|donald edwin young|donald e young|don young|don edwin young|don e young|young, donald|^young, d$|young, don|d e young","YOUNG, Donald Edwin",VA,F/U-Status of appeal and claim,1,NA,1,NA,NA,NA,Multiple Young's FOIA,NA,Donald,D,Don,Edwin,E,YOUNG,MH11314066,14066,200,(AK-01),alaska,AK,House,014066.jpg,donald-edwin-young,1,Republican Party,0.021,0.283,0.7909409226845764,240,404error,Donald YOUNG,404error,Don YOUNG,Donald Edwin YOUNG,Donald E YOUNG,Don Edwin YOUNG,Don E YOUNG,"YOUNG, Donald",404error,404error,D E YOUNG,"^YOUNG, D$","^YOUNG, D$","YOUNG, Don",404error,NA,1
NA,53219,2014-07-10,2014,113,"Young, D.","donald young|donald edwin young|donald e young|don young|don edwin young|don e young|young, donald|^young, d$|young, don|d e young","YOUNG, Donald Edwin",VA,Expedite VA Payment for an Outstanding Bill,1,NA,1,NA,NA,NA,Multiple Young's FOIA,NA,Donald,D,Don,Edwin,E,YOUNG,MH11314066,14066,200,(AK-01),alaska,AK,House,014066.jpg,donald-edwin-young,1,Republican Party,0.021,0.283,0.7909409226845764,240,404error,Donald YOUNG,404error,Don YOUNG,Donald Edwin YOUNG,Donald E YOUNG,Don Edwin YOUNG,Don E YOUNG,"YOUNG, Donald",404error,404error,D E YOUNG,"^YOUNG, D$","^YOUNG, D$","YOUNG, Don",404error,NA,1
NA,53479,2014-07-17,2014,113,"Young, D.","donald young|donald edwin young|donald e young|don young|don edwin young|don e young|young, donald|^young, d$|young, don|d e young","YOUNG, Donald Edwin",VA,F/U Status of Claim,1,NA,1,NA,NA,NA,Multiple Young's FOIA,NA,Donald,D,Don,Edwin,E,YOUNG,MH11314066,14066,200,(AK-01),alaska,AK,House,014066.jpg,donald-edwin-young,1,Republican Party,0.021,0.283,0.7909409226845764,240,404error,Donald YOUNG,404error,Don YOUNG,Donald Edwin YOUNG,Donald E YOUNG,Don Edwin YOUNG,Don E YOUNG,"YOUNG, Donald",404error,404error,D E YOUNG,"^YOUNG, D$","^YOUNG, D$","YOUNG, Don",404error,NA,1
NA,53480,2014-07-17,2014,113,"Young, D.","donald young|donald edwin young|donald e young|don young|don edwin young|don e young|young, donald|^young, d$|young, don|d e young","YOUNG, Donald Edwin",VA,F/U Entitlement to a COE for HLG,1,NA,1,NA,NA,NA,Multiple Young's FOIA,NA,Donald,D,Don,Edwin,E,YOUNG,MH11314066,14066,200,(AK-01),alaska,AK,House,014066.jpg,donald-edwin-young,1,Republican Party,0.021,0.283,0.7909409226845764,240,404error,Donald YOUNG,404error,Don YOUNG,Donald Edwin YOUNG,Donald E YOUNG,Don Edwin YOUNG,Don E YOUNG,"YOUNG, Donald",404error,404error,D E YOUNG,"^YOUNG, D$","^YOUNG, D$","YOUNG, Don",404error,NA,1
NA,53515,2014-07-18,2014,113,"Young, D.","donald young|donald edwin young|donald e young|don young|don edwin young|don e young|young, donald|^young, d$|young, don|d e young","YOUNG, Donald Edwin",VA,F/U--Healthcare and Disability claim issues,1,NA,1,NA,NA,NA,Multiple Young's FOIA,NA,Donald,D,Don,Edwin,E,YOUNG,MH11314066,14066,200,(AK-01),alaska,AK,House,014066.jpg,donald-edwin-young,1,Republican Party,0.021,0.283,0.7909409226845764,240,404error,Donald YOUNG,404error,Don YOUNG,Donald Edwin YOUNG,Donald E YOUNG,Don Edwin YOUNG,Don E YOUNG,"YOUNG, Donald",404error,404error,D E YOUNG,"^YOUNG, D$","^YOUNG, D$","YOUNG, Don",404error,NA,1
NA,53561,2014-07-23,2014,113,"Young, D.","donald young|donald edwin young|donald e young|don young|don edwin young|don e young|young, donald|^young, d$|young, don|d e young","YOUNG, Donald Edwin",VA,Follow-up:  status of claim,1,NA,1,NA,NA,NA,Multiple Young's FOIA,NA,Donald,D,Don,Edwin,E,YOUNG,MH11314066,14066,200,(AK-01),alaska,AK,House,014066.jpg,donald-edwin-young,1,Republican Party,0.021,0.283,0.7909409226845764,240,404error,Donald YOUNG,404error,Don YOUNG,Donald Edwin YOUNG,Donald E YOUNG,Don Edwin YOUNG,Don E YOUNG,"YOUNG, Donald",404error,404error,D E YOUNG,"^YOUNG, D$","^YOUNG, D$","YOUNG, Don",404error,NA,1
NA,53581,2014-07-23,2014,113,"Rogers, M. (AL)",NA,,VA,Request for Navy review of health care needs,1,NA,1,NA,NA,NA,Multiple Rogers' FOIA,NA,NA,NA,NA,NA,NA,NA,NA,NA,NA,NA,NA,NA,,NA,NA,NA,,NA,NA,NA,NA,NA,NA,NA,NA,NA,NA,NA,NA,NA,NA,NA,NA,NA,NA,NA,NA,NA,1
NA,53586,2014-07-24,2014,113,"Young, D.","donald young|donald edwin young|donald e young|don young|don edwin young|don e young|young, donald|^young, d$|young, don|d e young","YOUNG, Donald Edwin",VA,Concerns regarding care received from the Alaska Regional Healthcare System,1,NA,1,NA,NA,NA,Multiple Young's FOIA,NA,Donald,D,Don,Edwin,E,YOUNG,MH11314066,14066,200,(AK-01),alaska,AK,House,014066.jpg,donald-edwin-young,1,Republican Party,0.021,0.283,0.7909409226845764,240,404error,Donald YOUNG,404error,Don YOUNG,Donald Edwin YOUNG,Donald E YOUNG,Don Edwin YOUNG,Don E YOUNG,"YOUNG, Donald",404error,404error,D E YOUNG,"^YOUNG, D$","^YOUNG, D$","YOUNG, Don",404error,NA,1
NA,53592,2014-07-24,2014,113,"Young, D.","donald young|donald edwin young|donald e young|don young|don edwin young|don e young|young, donald|^young, d$|young, don|d e young","YOUNG, Donald Edwin",VA,Status of Claim,1,NA,1,NA,NA,NA,Multiple Young's FOIA,NA,Donald,D,Don,Edwin,E,YOUNG,MH11314066,14066,200,(AK-01),alaska,AK,House,014066.jpg,donald-edwin-young,1,Republican Party,0.021,0.283,0.7909409226845764,240,404error,Donald YOUNG,404error,Don YOUNG,Donald Edwin YOUNG,Donald E YOUNG,Don Edwin YOUNG,Don E YOUNG,"YOUNG, Donald",404error,404error,D E YOUNG,"^YOUNG, D$","^YOUNG, D$","YOUNG, Don",404error,NA,1
NA,53692,2014-07-30,2014,113,"Young, D.","donald young|donald edwin young|donald e young|don young|don edwin young|don e young|young, donald|^young, d$|young, don|d e young","YOUNG, Donald Edwin",VA,Request for immediate assistance with SSVF grant,1,3,3,NA,NA,NA,Multiple Young's FOIA,NA,Donald,D,Don,Edwin,E,YOUNG,MH11314066,14066,200,(AK-01),alaska,AK,House,014066.jpg,donald-edwin-young,1,Republican Party,0.021,0.283,0.7909409226845764,240,404error,Donald YOUNG,404error,Don YOUNG,Donald Edwin YOUNG,Donald E YOUNG,Don Edwin YOUNG,Don E YOUNG,"YOUNG, Donald",404error,404error,D E YOUNG,"^YOUNG, D$","^YOUNG, D$","YOUNG, Don",404error,NA,1
NA,53694,2014-07-30,2014,113,"Young, D.","donald young|donald edwin young|donald e young|don young|don edwin young|don e young|young, donald|^young, d$|young, don|d e young","YOUNG, Donald Edwin",VA,Request for investigation into 3rd party billing inefficiencies,1,NA,1,NA,NA,NA,Multiple Young's FOIA,NA,Donald,D,Don,Edwin,E,YOUNG,MH11314066,14066,200,(AK-01),alaska,AK,House,014066.jpg,donald-edwin-young,1,Republican Party,0.021,0.283,0.7909409226845764,240,404error,Donald YOUNG,404error,Don YOUNG,Donald Edwin YOUNG,Donald E YOUNG,Don Edwin YOUNG,Don E YOUNG,"YOUNG, Donald",404error,404error,D E YOUNG,"^YOUNG, D$","^YOUNG, D$","YOUNG, Don",404error,NA,1
NA,53754,2014-08-01,2014,113,"Rogers, M. (AL)",NA,,VA,VA health care eligibility,1,NA,1,NA,NA,NA,Multiple Rogers' FOIA,NA,NA,NA,NA,NA,NA,NA,NA,NA,NA,NA,NA,NA,,NA,NA,NA,,NA,NA,NA,NA,NA,NA,NA,NA,NA,NA,NA,NA,NA,NA,NA,NA,NA,NA,NA,NA,NA,1
NA,53808,2014-08-06,2014,113,"Rogers, M. (AL)",NA,,VA,VAMC billing issue,1,NA,1,NA,NA,NA,Multiple Rogers' FOIA,NA,NA,NA,NA,NA,NA,NA,NA,NA,NA,NA,NA,NA,,NA,NA,NA,,NA,NA,NA,NA,NA,NA,NA,NA,NA,NA,NA,NA,NA,NA,NA,NA,NA,NA,NA,NA,NA,1
NA,53812,2014-08-07,2014,113,"Young, D.","donald young|donald edwin young|donald e young|don young|don edwin young|don e young|young, donald|^young, d$|young, don|d e young","YOUNG, Donald Edwin",VA,Status of DIC claim,1,NA,1,NA,NA,NA,Multiple Young's FOIA,NA,Donald,D,Don,Edwin,E,YOUNG,MH11314066,14066,200,(AK-01),alaska,AK,House,014066.jpg,donald-edwin-young,1,Republican Party,0.021,0.283,0.7909409226845764,240,404error,Donald YOUNG,404error,Don YOUNG,Donald Edwin YOUNG,Donald E YOUNG,Don Edwin YOUNG,Don E YOUNG,"YOUNG, Donald",404error,404error,D E YOUNG,"^YOUNG, D$","^YOUNG, D$","YOUNG, Don",404error,NA,1
NA,54064,2014-08-25,2014,113,"Young, D.","donald young|donald edwin young|donald e young|don young|don edwin young|don e young|young, donald|^young, d$|young, don|d e young","YOUNG, Donald Edwin",VA,Request for help with medication,1,NA,1,NA,NA,NA,Multiple Young's FOIA,NA,Donald,D,Don,Edwin,E,YOUNG,MH11314066,14066,200,(AK-01),alaska,AK,House,014066.jpg,donald-edwin-young,1,Republican Party,0.021,0.283,0.7909409226845764,240,404error,Donald YOUNG,404error,Don YOUNG,Donald Edwin YOUNG,Donald E YOUNG,Don Edwin YOUNG,Don E YOUNG,"YOUNG, Donald",404error,404error,D E YOUNG,"^YOUNG, D$","^YOUNG, D$","YOUNG, Don",404error,NA,1
NA,54161,2014-09-03,2014,113,"Rogers, M. (MI)",NA,,VA,Status of OIG complaint regarding health care,1,NA,1,NA,NA,NA,Multiple Rogers' FOIA,NA,NA,NA,NA,NA,NA,NA,NA,NA,NA,NA,NA,NA,,NA,NA,NA,,NA,NA,NA,NA,NA,NA,NA,NA,NA,NA,NA,NA,NA,NA,NA,NA,NA,NA,NA,NA,NA,1
NA,54374,2014-09-22,2014,113,"Rogers, M. (MI)",NA,,VA,Fee basis payment issues,1,NA,1,NA,NA,NA,Multiple Rogers' FOIA,NA,NA,NA,NA,NA,NA,NA,NA,NA,NA,NA,NA,NA,,NA,NA,NA,,NA,NA,NA,NA,NA,NA,NA,NA,NA,NA,NA,NA,NA,NA,NA,NA,NA,NA,NA,NA,NA,1
NA,54432,2014-09-29,2014,113,"Young, D.","donald young|donald edwin young|donald e young|don young|don edwin young|don e young|young, donald|^young, d$|young, don|d e young","YOUNG, Donald Edwin",VA,Assistance with claim,1,NA,1,NA,NA,NA,Multiple Young's FOIA,NA,Donald,D,Don,Edwin,E,YOUNG,MH11314066,14066,200,(AK-01),alaska,AK,House,014066.jpg,donald-edwin-young,1,Republican Party,0.021,0.283,0.7909409226845764,240,404error,Donald YOUNG,404error,Don YOUNG,Donald Edwin YOUNG,Donald E YOUNG,Don Edwin YOUNG,Don E YOUNG,"YOUNG, Donald",404error,404error,D E YOUNG,"^YOUNG, D$","^YOUNG, D$","YOUNG, Don",404error,NA,1
NA,54605,2014-10-10,2014,113,"Young, D.","donald young|donald edwin young|donald e young|don young|don edwin young|don e young|young, donald|^young, d$|young, don|d e young","YOUNG, Donald Edwin",VA,Health care concerns,1,NA,1,NA,NA,NA,Multiple Young's FOIA,NA,Donald,D,Don,Edwin,E,YOUNG,MH11314066,14066,200,(AK-01),alaska,AK,House,014066.jpg,donald-edwin-young,1,Republican Party,0.021,0.283,0.7909409226845764,240,404error,Donald YOUNG,404error,Don YOUNG,Donald Edwin YOUNG,Donald E YOUNG,Don Edwin YOUNG,Don E YOUNG,"YOUNG, Donald",404error,404error,D E YOUNG,"^YOUNG, D$","^YOUNG, D$","YOUNG, Don",404error,NA,1
NA,54612,2014-10-10,2014,113,"Young, Don","donald young|donald edwin young|donald e young|don young|don edwin young|don e young|young, donald|^young, d$|young, don|d e young","YOUNG, Donald Edwin",VA,HLG Issues,1,NA,1,NA,NA,NA,Multiple Young's FOIA,NA,Donald,D,Don,Edwin,E,YOUNG,MH11314066,14066,200,(AK-01),alaska,AK,House,014066.jpg,donald-edwin-young,1,Republican Party,0.021,0.283,0.7909409226845764,240,404error,Donald YOUNG,404error,Don YOUNG,Donald Edwin YOUNG,Donald E YOUNG,Don Edwin YOUNG,Don E YOUNG,"YOUNG, Donald",404error,404error,D E YOUNG,"^YOUNG, D$","^YOUNG, D$","YOUNG, Don",404error,NA,1
NA,54707,2014-10-20,2014,113,"Rogers, M.","mike rogers|mike dennis rogers|mike d rogers|michael rogers|michael dennis rogers|michael d rogers|rogers, mike|^rogers, m$|rogers, michael|m d rogers","ROGERS, Mike Dennis",VA,VA healthcare issues,1,NA,1,NA,NA,NA,Multiple Rogers' FOIA,NA,Mike,M,Michael,Dennis,D,ROGERS,MH11320301,20301,200,(AL-03),alabama,AL,House,020301.jpg,mike-dennis-rogers,3,Republican Party,0.457,0.352,0.8730249492549379,240,404error,Mike ROGERS,404error,Michael ROGERS,Mike Dennis ROGERS,Mike D ROGERS,Michael Dennis ROGERS,Michael D ROGERS,"ROGERS, Mike",404error,404error,M D ROGERS,"^ROGERS, M$","^ROGERS, M$","ROGERS, Michael",404error,NA,1
NA,54708,2014-10-20,2014,113,"Rogers, M.","mike rogers|mike j rogers|michael rogers|michael j rogers|rogers, mike|^rogers, m$|rogers, michael|m j rogers","ROGERS, Mike",VA,VA healthcare issues,1,NA,1,NA,NA,NA,Multiple Rogers' FOIA,NA,Mike,M,Michael,NA,J,ROGERS,MH11320120,20120,200,(MI-08),michigan,MI,House,020120.jpg,mike-rogers,8,Republican Party,0.098,0.4,0.898,240,404error,Mike ROGERS,404error,Michael ROGERS,404error,Mike J ROGERS,404error,Michael J ROGERS,"ROGERS, Mike",404error,404error,M J ROGERS,"^ROGERS, M$","^ROGERS, M$","ROGERS, Michael",404error,NA,1
NA,54709,2014-10-20,2014,113,"Rogers, M.","mike rogers|mike dennis rogers|mike d rogers|michael rogers|michael dennis rogers|michael d rogers|rogers, mike|^rogers, m$|rogers, michael|m d rogers","ROGERS, Mike Dennis",VA,VA healthcare issues,1,NA,1,NA,NA,NA,Multiple Rogers' FOIA,NA,Mike,M,Michael,Dennis,D,ROGERS,MH11320301,20301,200,(AL-03),alabama,AL,House,020301.jpg,mike-dennis-rogers,3,Republican Party,0.457,0.352,0.8730249492549379,240,404error,Mike ROGERS,404error,Michael ROGERS,Mike Dennis ROGERS,Mike D ROGERS,Michael Dennis ROGERS,Michael D ROGERS,"ROGERS, Mike",404error,404error,M D ROGERS,"^ROGERS, M$","^ROGERS, M$","ROGERS, Michael",404error,NA,1
NA,54710,2014-10-20,2014,113,"Rogers, M.","mike rogers|mike j rogers|michael rogers|michael j rogers|rogers, mike|^rogers, m$|rogers, michael|m j rogers","ROGERS, Mike",VA,VA healthcare issues,1,NA,1,NA,NA,NA,Multiple Rogers' FOIA,NA,Mike,M,Michael,NA,J,ROGERS,MH11320120,20120,200,(MI-08),michigan,MI,House,020120.jpg,mike-rogers,8,Republican Party,0.098,0.4,0.898,240,404error,Mike ROGERS,404error,Michael ROGERS,404error,Mike J ROGERS,404error,Michael J ROGERS,"ROGERS, Mike",404error,404error,M J ROGERS,"^ROGERS, M$","^ROGERS, M$","ROGERS, Michael",404error,NA,1
NA,54746,2014-10-23,2014,113,"Young, D.","donald young|donald edwin young|donald e young|don young|don edwin young|don e young|young, donald|^young, d$|young, don|d e young","YOUNG, Donald Edwin",VA,Request to expedite appeal,1,NA,1,NA,NA,NA,Multiple Young's FOIA,NA,Donald,D,Don,Edwin,E,YOUNG,MH11314066,14066,200,(AK-01),alaska,AK,House,014066.jpg,donald-edwin-young,1,Republican Party,0.021,0.283,0.7909409226845764,240,404error,Donald YOUNG,404error,Don YOUNG,Donald Edwin YOUNG,Donald E YOUNG,Don Edwin YOUNG,Don E YOUNG,"YOUNG, Donald",404error,404error,D E YOUNG,"^YOUNG, D$","^YOUNG, D$","YOUNG, Don",404error,NA,1
NA,54912,2014-11-07,2014,113,"Young, D.","donald young|donald edwin young|donald e young|don young|don edwin young|don e young|young, donald|^young, d$|young, don|d e young","YOUNG, Donald Edwin",VA,Request to expedite claims for adaptive vehicle and caregiver assistance,1,NA,1,NA,NA,NA,Multiple Young's FOIA,NA,Donald,D,Don,Edwin,E,YOUNG,MH11314066,14066,200,(AK-01),alaska,AK,House,014066.jpg,donald-edwin-young,1,Republican Party,0.021,0.283,0.7909409226845764,240,404error,Donald YOUNG,404error,Don YOUNG,Donald Edwin YOUNG,Donald E YOUNG,Don Edwin YOUNG,Don E YOUNG,"YOUNG, Donald",404error,404error,D E YOUNG,"^YOUNG, D$","^YOUNG, D$","YOUNG, Don",404error,NA,1
NA,54921,2014-11-10,2014,113,"Rogers, M. (AL)",NA,,VA,Why can't VA's HR use RO letter as a veteran's preference letter,1,NA,1,NA,NA,NA,Multiple Rogers' FOIA,NA,NA,NA,NA,NA,NA,NA,NA,NA,NA,NA,NA,NA,,NA,NA,NA,,NA,NA,NA,NA,NA,NA,NA,NA,NA,NA,NA,NA,NA,NA,NA,NA,NA,NA,NA,NA,NA,1
NA,54946,2014-11-13,2014,113,"Young, Don","donald young|donald edwin young|donald e young|don young|don edwin young|don e young|young, donald|^young, d$|young, don|d e young","YOUNG, Donald Edwin",VA,Seeking help in getting approval for surgery,1,NA,1,NA,NA,NA,Multiple Young's FOIA,NA,Donald,D,Don,Edwin,E,YOUNG,MH11314066,14066,200,(AK-01),alaska,AK,House,014066.jpg,donald-edwin-young,1,Republican Party,0.021,0.283,0.7909409226845764,240,404error,Donald YOUNG,404error,Don YOUNG,Donald Edwin YOUNG,Donald E YOUNG,Don Edwin YOUNG,Don E YOUNG,"YOUNG, Donald",404error,404error,D E YOUNG,"^YOUNG, D$","^YOUNG, D$","YOUNG, Don",404error,NA,1
NA,55031,2014-11-20,2014,113,"Rogers, M. (AL)",NA,,VA,Request for help in obtaining Combat Infantry Badge,1,NA,1,NA,NA,NA,Multiple Rogers' FOIA,NA,NA,NA,NA,NA,NA,NA,NA,NA,NA,NA,NA,NA,,NA,NA,NA,,NA,NA,NA,NA,NA,NA,NA,NA,NA,NA,NA,NA,NA,NA,NA,NA,NA,NA,NA,NA,NA,1
NA,55035,2014-11-20,2014,113,"Young, D.","donald young|donald edwin young|donald e young|don young|don edwin young|don e young|young, donald|^young, d$|young, don|d e young","YOUNG, Donald Edwin",VA,VA home loan issues,1,NA,1,NA,NA,NA,Multiple Young's FOIA,NA,Donald,D,Don,Edwin,E,YOUNG,MH11314066,14066,200,(AK-01),alaska,AK,House,014066.jpg,donald-edwin-young,1,Republican Party,0.021,0.283,0.7909409226845764,240,404error,Donald YOUNG,404error,Don YOUNG,Donald Edwin YOUNG,Donald E YOUNG,Don Edwin YOUNG,Don E YOUNG,"YOUNG, Donald",404error,404error,D E YOUNG,"^YOUNG, D$","^YOUNG, D$","YOUNG, Don",404error,NA,1
NA,55084,2014-11-25,2014,113,"Young, D.","donald young|donald edwin young|donald e young|don young|don edwin young|don e young|young, donald|^young, d$|young, don|d e young","YOUNG, Donald Edwin",VA,Request for IDEO brace,1,NA,1,NA,NA,NA,Multiple Young's FOIA,NA,Donald,D,Don,Edwin,E,YOUNG,MH11314066,14066,200,(AK-01),alaska,AK,House,014066.jpg,donald-edwin-young,1,Republican Party,0.021,0.283,0.7909409226845764,240,404error,Donald YOUNG,404error,Don YOUNG,Donald Edwin YOUNG,Donald E YOUNG,Don Edwin YOUNG,Don E YOUNG,"YOUNG, Donald",404error,404error,D E YOUNG,"^YOUNG, D$","^YOUNG, D$","YOUNG, Don",404error,NA,1
NA,55094,2014-11-26,2014,113,"Young, D.","donald young|donald edwin young|donald e young|don young|don edwin young|don e young|young, donald|^young, d$|young, don|d e young","YOUNG, Donald Edwin",VA,Eligibility for dental care,1,NA,1,NA,NA,NA,Multiple Young's FOIA,NA,Donald,D,Don,Edwin,E,YOUNG,MH11314066,14066,200,(AK-01),alaska,AK,House,014066.jpg,donald-edwin-young,1,Republican Party,0.021,0.283,0.7909409226845764,240,404error,Donald YOUNG,404error,Don YOUNG,Donald Edwin YOUNG,Donald E YOUNG,Don Edwin YOUNG,Don E YOUNG,"YOUNG, Donald",404error,404error,D E YOUNG,"^YOUNG, D$","^YOUNG, D$","YOUNG, Don",404error,NA,1
NA,55166,2014-12-04,2014,113,"Young, D.","donald young|donald edwin young|donald e young|don young|don edwin young|don e young|young, donald|^young, d$|young, don|d e young","YOUNG, Donald Edwin",VA,Security access at VA clinic,1,NA,1,NA,NA,NA,Multiple Young's FOIA,NA,Donald,D,Don,Edwin,E,YOUNG,MH11314066,14066,200,(AK-01),alaska,AK,House,014066.jpg,donald-edwin-young,1,Republican Party,0.021,0.283,0.7909409226845764,240,404error,Donald YOUNG,404error,Don YOUNG,Donald Edwin YOUNG,Donald E YOUNG,Don Edwin YOUNG,Don E YOUNG,"YOUNG, Donald",404error,404error,D E YOUNG,"^YOUNG, D$","^YOUNG, D$","YOUNG, Don",404error,NA,1
NA,55232,2014-12-11,2014,113,"Young, D.","donald young|donald edwin young|donald e young|don young|don edwin young|don e young|young, donald|^young, d$|young, don|d e young","YOUNG, Donald Edwin",VA,Follow-up:  Status of Claim,1,NA,1,NA,NA,NA,Multiple Young's FOIA,NA,Donald,D,Don,Edwin,E,YOUNG,MH11314066,14066,200,(AK-01),alaska,AK,House,014066.jpg,donald-edwin-young,1,Republican Party,0.021,0.283,0.7909409226845764,240,404error,Donald YOUNG,404error,Don YOUNG,Donald Edwin YOUNG,Donald E YOUNG,Don Edwin YOUNG,Don E YOUNG,"YOUNG, Donald",404error,404error,D E YOUNG,"^YOUNG, D$","^YOUNG, D$","YOUNG, Don",404error,NA,1
NA,55233,2014-12-11,2014,113,"Young, D.","donald young|donald edwin young|donald e young|don young|don edwin young|don e young|young, donald|^young, d$|young, don|d e young","YOUNG, Donald Edwin",VA,Follow-up:  Concerns regarding care received from the Alaska Regional Healthcare System,1,NA,1,NA,NA,NA,Multiple Young's FOIA,NA,Donald,D,Don,Edwin,E,YOUNG,MH11314066,14066,200,(AK-01),alaska,AK,House,014066.jpg,donald-edwin-young,1,Republican Party,0.021,0.283,0.7909409226845764,240,404error,Donald YOUNG,404error,Don YOUNG,Donald Edwin YOUNG,Donald E YOUNG,Don Edwin YOUNG,Don E YOUNG,"YOUNG, Donald",404error,404error,D E YOUNG,"^YOUNG, D$","^YOUNG, D$","YOUNG, Don",404error,NA,1
NA,55234,2014-12-11,2014,113,"Young, D.","donald young|donald edwin young|donald e young|don young|don edwin young|don e young|young, donald|^young, d$|young, don|d e young","YOUNG, Donald Edwin",VA,Request for readmission to the Anchorage VA domiciliary,1,NA,1,NA,NA,NA,Multiple Young's FOIA,NA,Donald,D,Don,Edwin,E,YOUNG,MH11314066,14066,200,(AK-01),alaska,AK,House,014066.jpg,donald-edwin-young,1,Republican Party,0.021,0.283,0.7909409226845764,240,404error,Donald YOUNG,404error,Don YOUNG,Donald Edwin YOUNG,Donald E YOUNG,Don Edwin YOUNG,Don E YOUNG,"YOUNG, Donald",404error,404error,D E YOUNG,"^YOUNG, D$","^YOUNG, D$","YOUNG, Don",404error,NA,1
NA,55235,2014-12-11,2014,113,"Young, D.","donald young|donald edwin young|donald e young|don young|don edwin young|don e young|young, donald|^young, d$|young, don|d e young","YOUNG, Donald Edwin",VA,Payment for non-VA Care,1,NA,1,NA,NA,NA,Multiple Young's FOIA,NA,Donald,D,Don,Edwin,E,YOUNG,MH11314066,14066,200,(AK-01),alaska,AK,House,014066.jpg,donald-edwin-young,1,Republican Party,0.021,0.283,0.7909409226845764,240,404error,Donald YOUNG,404error,Don YOUNG,Donald Edwin YOUNG,Donald E YOUNG,Don Edwin YOUNG,Don E YOUNG,"YOUNG, Donald",404error,404error,D E YOUNG,"^YOUNG, D$","^YOUNG, D$","YOUNG, Don",404error,NA,1
NA,55236,2014-12-11,2014,113,"Young, D.","donald young|donald edwin young|donald e young|don young|don edwin young|don e young|young, donald|^young, d$|young, don|d e young","YOUNG, Donald Edwin",VA,Alleged Privacy Violation by a VHA Employee,1,NA,1,NA,NA,NA,Multiple Young's FOIA,NA,Donald,D,Don,Edwin,E,YOUNG,MH11314066,14066,200,(AK-01),alaska,AK,House,014066.jpg,donald-edwin-young,1,Republican Party,0.021,0.283,0.7909409226845764,240,404error,Donald YOUNG,404error,Don YOUNG,Donald Edwin YOUNG,Donald E YOUNG,Don Edwin YOUNG,Don E YOUNG,"YOUNG, Donald",404error,404error,D E YOUNG,"^YOUNG, D$","^YOUNG, D$","YOUNG, Don",404error,NA,1
NA,55240,2014-12-11,2014,113,"Young, D.","donald young|donald edwin young|donald e young|don young|don edwin young|don e young|young, donald|^young, d$|young, don|d e young","YOUNG, Donald Edwin",VA,Follow-up:  seeking help in getting approval for surgery,1,NA,1,NA,NA,NA,Multiple Young's FOIA,NA,Donald,D,Don,Edwin,E,YOUNG,MH11314066,14066,200,(AK-01),alaska,AK,House,014066.jpg,donald-edwin-young,1,Republican Party,0.021,0.283,0.7909409226845764,240,404error,Donald YOUNG,404error,Don YOUNG,Donald Edwin YOUNG,Donald E YOUNG,Don Edwin YOUNG,Don E YOUNG,"YOUNG, Donald",404error,404error,D E YOUNG,"^YOUNG, D$","^YOUNG, D$","YOUNG, Don",404error,NA,1
NA,55244,2014-12-11,2014,113,"Young, D.","donald young|donald edwin young|donald e young|don young|don edwin young|don e young|young, donald|^young, d$|young, don|d e young","YOUNG, Donald Edwin",VA,Request to expedite appeal,1,NA,1,NA,NA,NA,Multiple Young's FOIA,NA,Donald,D,Don,Edwin,E,YOUNG,MH11314066,14066,200,(AK-01),alaska,AK,House,014066.jpg,donald-edwin-young,1,Republican Party,0.021,0.283,0.7909409226845764,240,404error,Donald YOUNG,404error,Don YOUNG,Donald Edwin YOUNG,Donald E YOUNG,Don Edwin YOUNG,Don E YOUNG,"YOUNG, Donald",404error,404error,D E YOUNG,"^YOUNG, D$","^YOUNG, D$","YOUNG, Don",404error,NA,1
NA,55253,2014-12-12,2014,113,"Young, D.","donald young|donald edwin young|donald e young|don young|don edwin young|don e young|young, donald|^young, d$|young, don|d e young","YOUNG, Donald Edwin",VA,Follow-up further on payment of outstanding bills to contractor,2,1,3,NA,NA,NA,Multiple Young's FOIA,NA,Donald,D,Don,Edwin,E,YOUNG,MH11314066,14066,200,(AK-01),alaska,AK,House,014066.jpg,donald-edwin-young,1,Republican Party,0.021,0.283,0.7909409226845764,240,404error,Donald YOUNG,404error,Don YOUNG,Donald Edwin YOUNG,Donald E YOUNG,Don Edwin YOUNG,Don E YOUNG,"YOUNG, Donald",404error,404error,D E YOUNG,"^YOUNG, D$","^YOUNG, D$","YOUNG, Don",404error,NA,1
NA,60860,2011-01-21,2011,112,"Rogers, M.","mike rogers|mike dennis rogers|mike d rogers|michael rogers|michael dennis rogers|michael d rogers|rogers, mike|^rogers, m$|rogers, michael|m d rogers","ROGERS, Mike Dennis",VA,Request for meeting with VAMC director about transportation issues at the facility,1,NA,1,NA,NA,NA,Multiple Rogers' FOIA,NA,Mike,M,Michael,Dennis,D,ROGERS,MH11220301,20301,200,(AL-03),alabama,AL,House,020301.jpg,mike-dennis-rogers,3,Republican Party,0.457,0.352,0.8960280474438822,245,404error,Mike ROGERS,404error,Michael ROGERS,Mike Dennis ROGERS,Mike D ROGERS,Michael Dennis ROGERS,Michael D ROGERS,"ROGERS, Mike",404error,404error,M D ROGERS,"^ROGERS, M$","^ROGERS, M$","ROGERS, Michael",404error,NA,1
NA,60861,2011-01-21,2011,112,"Rogers, M.","mike rogers|mike j rogers|michael rogers|michael j rogers|rogers, mike|^rogers, m$|rogers, michael|m j rogers","ROGERS, Mike",VA,Request for meeting with VAMC director about transportation issues at the facility,1,NA,1,NA,NA,NA,Multiple Rogers' FOIA,NA,Mike,M,Michael,NA,J,ROGERS,MH11220120,20120,200,(MI-08),michigan,MI,House,020120.jpg,mike-rogers,8,Republican Party,0.098,0.4,0.887,245,404error,Mike ROGERS,404error,Michael ROGERS,404error,Mike J ROGERS,404error,Michael J ROGERS,"ROGERS, Mike",404error,404error,M J ROGERS,"^ROGERS, M$","^ROGERS, M$","ROGERS, Michael",404error,NA,1
NA,61062,2011-02-09,2011,112,"Young, D.","donald young|donald edwin young|donald e young|don young|don edwin young|don e young|young, donald|^young, d$|young, don|d e young","YOUNG, Donald Edwin",VA,Follow-up:  non-VA emergency medical care billing issues,1,NA,1,NA,NA,NA,Multiple Young's FOIA,NA,Donald,D,Don,Edwin,E,YOUNG,MH11214066,14066,200,(AK-01),alaska,AK,House,014066.jpg,donald-edwin-young,1,Republican Party,0.021,0.283,0.7476532479937525,245,404error,Donald YOUNG,404error,Don YOUNG,Donald Edwin YOUNG,Donald E YOUNG,Don Edwin YOUNG,Don E YOUNG,"YOUNG, Donald",404error,404error,D E YOUNG,"^YOUNG, D$","^YOUNG, D$","YOUNG, Don",404error,NA,1
NA,61144,2011-02-16,2011,112,"Young, D.","donald young|donald edwin young|donald e young|don young|don edwin young|don e young|young, donald|^young, d$|young, don|d e young","YOUNG, Donald Edwin",VA,VHA employment issues,1,NA,1,NA,NA,NA,Multiple Young's FOIA,NA,Donald,D,Don,Edwin,E,YOUNG,MH11214066,14066,200,(AK-01),alaska,AK,House,014066.jpg,donald-edwin-young,1,Republican Party,0.021,0.283,0.7476532479937525,245,404error,Donald YOUNG,404error,Don YOUNG,Donald Edwin YOUNG,Donald E YOUNG,Don Edwin YOUNG,Don E YOUNG,"YOUNG, Donald",404error,404error,D E YOUNG,"^YOUNG, D$","^YOUNG, D$","YOUNG, Don",404error,NA,1
NA,61442,2011-03-16,2011,112,"Miller, G.","gary miller|gary g miller|miller, gary|^miller, g$|^miller, na$|g g miller","MILLER, Gary G.",VA,Status of Appeal,1,NA,1,NA,NA,NA,Multiple Miller's FOIA,NA,Gary,G,NA,G,G,MILLER,MH11229905,29905,200,(CA-42),california,CA,House,029905.jpg,gary-g-miller,42,Republican Party,0.222,0.478,0.883,245,404error,Gary MILLER,404error,404error,Gary G MILLER,Gary G MILLER,404error,404error,"MILLER, Gary",404error,404error,G G MILLER,"^MILLER, G$","^MILLER, NA$",404error,404error,NA,1
NA,61443,2011-03-16,2011,112,"Miller, G.","george miller|miller, george|^miller, g$|^miller, na$","MILLER, George",VA,Status of Appeal,1,NA,1,NA,NA,NA,Multiple Miller's FOIA,NA,George,G,NA,NA,NA,MILLER,MH11214256,14256,100,(CA-07),california,CA,House,014256.jpg,george-miller,7,Democratic Party,-0.398,-0.552,0.864,200,404error,George MILLER,404error,404error,404error,404error,404error,404error,"MILLER, George",404error,404error,404error,"^MILLER, G$","^MILLER, NA$",404error,404error,NA,1
NA,61445,2011-03-16,2011,112,"Miller, G.","gary miller|gary g miller|miller, gary|^miller, g$|^miller, na$|g g miller","MILLER, Gary G.",VA,Contract Issue,2,1,2,NA,NA,NA,Multiple Miller's FOIA,NA,Gary,G,NA,G,G,MILLER,MH11229905,29905,200,(CA-42),california,CA,House,029905.jpg,gary-g-miller,42,Republican Party,0.222,0.478,0.883,245,404error,Gary MILLER,404error,404error,Gary G MILLER,Gary G MILLER,404error,404error,"MILLER, Gary",404error,404error,G G MILLER,"^MILLER, G$","^MILLER, NA$",404error,404error,NA,1
NA,61446,2011-03-16,2011,112,"Miller, G.","george miller|miller, george|^miller, g$|^miller, na$","MILLER, George",VA,Contract Issue,2,1,2,NA,NA,NA,Multiple Miller's FOIA,NA,George,G,NA,NA,NA,MILLER,MH11214256,14256,100,(CA-07),california,CA,House,014256.jpg,george-miller,7,Democratic Party,-0.398,-0.552,0.864,200,404error,George MILLER,404error,404error,404error,404error,404error,404error,"MILLER, George",404error,404error,404error,"^MILLER, G$","^MILLER, NA$",404error,404error,NA,1
NA,61726,2011-04-08,2011,112,"Young, D.","donald young|donald edwin young|donald e young|don young|don edwin young|don e young|young, donald|^young, d$|young, don|d e young","YOUNG, Donald Edwin",VA,Status of appeal,1,NA,1,NA,NA,NA,Multiple Young's FOIA,NA,Donald,D,Don,Edwin,E,YOUNG,MH11214066,14066,200,(AK-01),alaska,AK,House,014066.jpg,donald-edwin-young,1,Republican Party,0.021,0.283,0.7476532479937525,245,404error,Donald YOUNG,404error,Don YOUNG,Donald Edwin YOUNG,Donald E YOUNG,Don Edwin YOUNG,Don E YOUNG,"YOUNG, Donald",404error,404error,D E YOUNG,"^YOUNG, D$","^YOUNG, D$","YOUNG, Don",404error,NA,1
NA,61795,2011-04-15,2011,112,"Rogers, M. (AL)",NA,,VA,Transferability of GI Bill benefits to dependents,1,NA,1,NA,NA,NA,Multiple Rogers' FOIA,NA,NA,NA,NA,NA,NA,NA,NA,NA,NA,NA,NA,NA,,NA,NA,NA,,NA,NA,NA,NA,NA,NA,NA,NA,NA,NA,NA,NA,NA,NA,NA,NA,NA,NA,NA,NA,NA,1
NA,61865,2011-04-22,2011,112,"Young, D.","donald young|donald edwin young|donald e young|don young|don edwin young|don e young|young, donald|^young, d$|young, don|d e young","YOUNG, Donald Edwin",VA,Follow-up:  VHA employment issues,1,NA,1,NA,NA,NA,Multiple Young's FOIA,NA,Donald,D,Don,Edwin,E,YOUNG,MH11214066,14066,200,(AK-01),alaska,AK,House,014066.jpg,donald-edwin-young,1,Republican Party,0.021,0.283,0.7476532479937525,245,404error,Donald YOUNG,404error,Don YOUNG,Donald Edwin YOUNG,Donald E YOUNG,Don Edwin YOUNG,Don E YOUNG,"YOUNG, Donald",404error,404error,D E YOUNG,"^YOUNG, D$","^YOUNG, D$","YOUNG, Don",404error,NA,1
NA,61917,2011-04-28,2011,112,"Rogers, M. (MI)",NA,,VA,RONA request,NA,NA,NA,NA,NA,NA,Multiple Rogers' FOIA,NA,NA,NA,NA,NA,NA,NA,NA,NA,NA,NA,NA,NA,,NA,NA,NA,,NA,NA,NA,NA,NA,NA,NA,NA,NA,NA,NA,NA,NA,NA,NA,NA,NA,NA,NA,NA,NA,1
NA,61945,2011-05-03,2011,112,"Miller, G.","gary miller|gary g miller|miller, gary|^miller, g$|^miller, na$|g g miller","MILLER, Gary G.",VA,Request for reimbursement for medical expenses incurred at a non-VA clinic,1,NA,1,NA,NA,NA,Multiple Miller's FOIA,NA,Gary,G,NA,G,G,MILLER,MH11229905,29905,200,(CA-42),california,CA,House,029905.jpg,gary-g-miller,42,Republican Party,0.222,0.478,0.883,245,404error,Gary MILLER,404error,404error,Gary G MILLER,Gary G MILLER,404error,404error,"MILLER, Gary",404error,404error,G G MILLER,"^MILLER, G$","^MILLER, NA$",404error,404error,NA,1
NA,61946,2011-05-03,2011,112,"Miller, G.","george miller|miller, george|^miller, g$|^miller, na$","MILLER, George",VA,Request for reimbursement for medical expenses incurred at a non-VA clinic,1,NA,1,NA,NA,NA,Multiple Miller's FOIA,NA,George,G,NA,NA,NA,MILLER,MH11214256,14256,100,(CA-07),california,CA,House,014256.jpg,george-miller,7,Democratic Party,-0.398,-0.552,0.864,200,404error,George MILLER,404error,404error,404error,404error,404error,404error,"MILLER, George",404error,404error,404error,"^MILLER, G$","^MILLER, NA$",404error,404error,NA,1
NA,62104,2011-05-19,2011,112,"Young, D.","donald young|donald edwin young|donald e young|don young|don edwin young|don e young|young, donald|^young, d$|young, don|d e young","YOUNG, Donald Edwin",VA,Follow-up:  VHA employment issues,1,NA,1,NA,NA,NA,Multiple Young's FOIA,NA,Donald,D,Don,Edwin,E,YOUNG,MH11214066,14066,200,(AK-01),alaska,AK,House,014066.jpg,donald-edwin-young,1,Republican Party,0.021,0.283,0.7476532479937525,245,404error,Donald YOUNG,404error,Don YOUNG,Donald Edwin YOUNG,Donald E YOUNG,Don Edwin YOUNG,Don E YOUNG,"YOUNG, Donald",404error,404error,D E YOUNG,"^YOUNG, D$","^YOUNG, D$","YOUNG, Don",404error,NA,1
NA,62205,2011-06-02,2011,112,"Rogers, M. (AL)",NA,,VA,VHA employment issues,1,NA,1,NA,NA,NA,Multiple Rogers' FOIA,NA,NA,NA,NA,NA,NA,NA,NA,NA,NA,NA,NA,NA,,NA,NA,NA,,NA,NA,NA,NA,NA,NA,NA,NA,NA,NA,NA,NA,NA,NA,NA,NA,NA,NA,NA,NA,NA,1
NA,62272,2011-06-08,2011,112,"Miller, G.","gary miller|gary g miller|miller, gary|^miller, g$|^miller, na$|g g miller","MILLER, Gary G.",VA,Claim for VA survivor benefits,1,NA,1,NA,NA,NA,Multiple Miller's FOIA,NA,Gary,G,NA,G,G,MILLER,MH11229905,29905,200,(CA-42),california,CA,House,029905.jpg,gary-g-miller,42,Republican Party,0.222,0.478,0.883,245,404error,Gary MILLER,404error,404error,Gary G MILLER,Gary G MILLER,404error,404error,"MILLER, Gary",404error,404error,G G MILLER,"^MILLER, G$","^MILLER, NA$",404error,404error,NA,1
NA,62273,2011-06-08,2011,112,"Miller, G.","george miller|miller, george|^miller, g$|^miller, na$","MILLER, George",VA,Claim for VA survivor benefits,1,NA,1,NA,NA,NA,Multiple Miller's FOIA,NA,George,G,NA,NA,NA,MILLER,MH11214256,14256,100,(CA-07),california,CA,House,014256.jpg,george-miller,7,Democratic Party,-0.398,-0.552,0.864,200,404error,George MILLER,404error,404error,404error,404error,404error,404error,"MILLER, George",404error,404error,404error,"^MILLER, G$","^MILLER, NA$",404error,404error,NA,1
NA,62414,2011-06-22,2011,112,"Young, D.","donald young|donald edwin young|donald e young|don young|don edwin young|don e young|young, donald|^young, d$|young, don|d e young","YOUNG, Donald Edwin",VA,Follow-up:  VHA employment issues,1,NA,1,NA,NA,NA,Multiple Young's FOIA,NA,Donald,D,Don,Edwin,E,YOUNG,MH11214066,14066,200,(AK-01),alaska,AK,House,014066.jpg,donald-edwin-young,1,Republican Party,0.021,0.283,0.7476532479937525,245,404error,Donald YOUNG,404error,Don YOUNG,Donald Edwin YOUNG,Donald E YOUNG,Don Edwin YOUNG,Don E YOUNG,"YOUNG, Donald",404error,404error,D E YOUNG,"^YOUNG, D$","^YOUNG, D$","YOUNG, Don",404error,NA,1
NA,62888,2011-08-08,2011,112,"Rogers, M. (AL)",NA,,VA,VAMC employment issues,1,NA,1,NA,NA,NA,Multiple Rogers' FOIA,NA,NA,NA,NA,NA,NA,NA,NA,NA,NA,NA,NA,NA,,NA,NA,NA,,NA,NA,NA,NA,NA,NA,NA,NA,NA,NA,NA,NA,NA,NA,NA,NA,NA,NA,NA,NA,NA,1
NA,62971,2011-08-17,2011,112,"Young, D.","donald young|donald edwin young|donald e young|don young|don edwin young|don e young|young, donald|^young, d$|young, don|d e young","YOUNG, Donald Edwin",VA,Request to know why veterans are not given preference to VA-owned homes,1,NA,1,NA,NA,NA,Multiple Young's FOIA,NA,Donald,D,Don,Edwin,E,YOUNG,MH11214066,14066,200,(AK-01),alaska,AK,House,014066.jpg,donald-edwin-young,1,Republican Party,0.021,0.283,0.7476532479937525,245,404error,Donald YOUNG,404error,Don YOUNG,Donald Edwin YOUNG,Donald E YOUNG,Don Edwin YOUNG,Don E YOUNG,"YOUNG, Donald",404error,404error,D E YOUNG,"^YOUNG, D$","^YOUNG, D$","YOUNG, Don",404error,NA,1
NA,63014,2011-08-18,2011,112,"Young, D.","donald young|donald edwin young|donald e young|don young|don edwin young|don e young|young, donald|^young, d$|young, don|d e young","YOUNG, Donald Edwin",VA,Follow-up:  non-VA emergency medical care billing issues,1,NA,1,NA,NA,NA,Multiple Young's FOIA,NA,Donald,D,Don,Edwin,E,YOUNG,MH11214066,14066,200,(AK-01),alaska,AK,House,014066.jpg,donald-edwin-young,1,Republican Party,0.021,0.283,0.7476532479937525,245,404error,Donald YOUNG,404error,Don YOUNG,Donald Edwin YOUNG,Donald E YOUNG,Don Edwin YOUNG,Don E YOUNG,"YOUNG, Donald",404error,404error,D E YOUNG,"^YOUNG, D$","^YOUNG, D$","YOUNG, Don",404error,NA,1
NA,63015,2011-08-18,2011,112,"Young, D.","donald young|donald edwin young|donald e young|don young|don edwin young|don e young|young, donald|^young, d$|young, don|d e young","YOUNG, Donald Edwin",VA,Follow-up:  VHA employment issues,1,NA,1,NA,NA,NA,Multiple Young's FOIA,NA,Donald,D,Don,Edwin,E,YOUNG,MH11214066,14066,200,(AK-01),alaska,AK,House,014066.jpg,donald-edwin-young,1,Republican Party,0.021,0.283,0.7476532479937525,245,404error,Donald YOUNG,404error,Don YOUNG,Donald Edwin YOUNG,Donald E YOUNG,Don Edwin YOUNG,Don E YOUNG,"YOUNG, Donald",404error,404error,D E YOUNG,"^YOUNG, D$","^YOUNG, D$","YOUNG, Don",404error,NA,1
NA,63088,2011-08-25,2011,112,"Rogers, M. (AL)",NA,,VA,Army College Fund issues,1,NA,1,NA,NA,NA,Multiple Rogers' FOIA,NA,NA,NA,NA,NA,NA,NA,NA,NA,NA,NA,NA,NA,,NA,NA,NA,,NA,NA,NA,NA,NA,NA,NA,NA,NA,NA,NA,NA,NA,NA,NA,NA,NA,NA,NA,NA,NA,1
NA,63106,2011-08-26,2011,112,"Rogers, M. (AL)",NA,,VA,Request for help in getting Legion of Honor medal for father,1,NA,1,NA,NA,NA,Multiple Rogers' FOIA,NA,NA,NA,NA,NA,NA,NA,NA,NA,NA,NA,NA,NA,,NA,NA,NA,,NA,NA,NA,NA,NA,NA,NA,NA,NA,NA,NA,NA,NA,NA,NA,NA,NA,NA,NA,NA,NA,1
NA,63150,2011-08-30,2011,112,"Young, D.","donald young|donald edwin young|donald e young|don young|don edwin young|don e young|young, donald|^young, d$|young, don|d e young","YOUNG, Donald Edwin",VA,Assistance with listing small business on VetBiz,2,1,2,NA,NA,NA,Multiple Young's FOIA,NA,Donald,D,Don,Edwin,E,YOUNG,MH11214066,14066,200,(AK-01),alaska,AK,House,014066.jpg,donald-edwin-young,1,Republican Party,0.021,0.283,0.7476532479937525,245,404error,Donald YOUNG,404error,Don YOUNG,Donald Edwin YOUNG,Donald E YOUNG,Don Edwin YOUNG,Don E YOUNG,"YOUNG, Donald",404error,404error,D E YOUNG,"^YOUNG, D$","^YOUNG, D$","YOUNG, Don",404error,NA,1
NA,63153,2011-08-31,2011,112,"Young, D.","donald young|donald edwin young|donald e young|don young|don edwin young|don e young|young, donald|^young, d$|young, don|d e young","YOUNG, Donald Edwin",VA,Follow-up:  request to know why veterans are not given preference in the purchase of VA homes,1,NA,1,NA,NA,NA,Multiple Young's FOIA,NA,Donald,D,Don,Edwin,E,YOUNG,MH11214066,14066,200,(AK-01),alaska,AK,House,014066.jpg,donald-edwin-young,1,Republican Party,0.021,0.283,0.7476532479937525,245,404error,Donald YOUNG,404error,Don YOUNG,Donald Edwin YOUNG,Donald E YOUNG,Don Edwin YOUNG,Don E YOUNG,"YOUNG, Donald",404error,404error,D E YOUNG,"^YOUNG, D$","^YOUNG, D$","YOUNG, Don",404error,NA,1
NA,63340,2011-09-22,2011,112,"Miller, Gary","gary miller|gary g miller|miller, gary|^miller, g$|^miller, na$|g g miller","MILLER, Gary G.",VA,Contracting Issues,2,1,2,NA,NA,NA,Multiple Miller's FOIA,NA,Gary,G,NA,G,G,MILLER,MH11229905,29905,200,(CA-42),california,CA,House,029905.jpg,gary-g-miller,42,Republican Party,0.222,0.478,0.883,245,404error,Gary MILLER,404error,404error,Gary G MILLER,Gary G MILLER,404error,404error,"MILLER, Gary",404error,404error,G G MILLER,"^MILLER, G$","^MILLER, NA$",404error,404error,NA,1
NA,63409,2011-09-28,2011,112,"Young, D.","donald young|donald edwin young|donald e young|don young|don edwin young|don e young|young, donald|^young, d$|young, don|d e young","YOUNG, Donald Edwin",VA,Follow-up:  non-VA emergency medical care billing issues and request for copy of OCLA practices for responding to congressional inquiries,1,NA,1,NA,NA,NA,Multiple Young's FOIA,NA,Donald,D,Don,Edwin,E,YOUNG,MH11214066,14066,200,(AK-01),alaska,AK,House,014066.jpg,donald-edwin-young,1,Republican Party,0.021,0.283,0.7476532479937525,245,404error,Donald YOUNG,404error,Don YOUNG,Donald Edwin YOUNG,Donald E YOUNG,Don Edwin YOUNG,Don E YOUNG,"YOUNG, Donald",404error,404error,D E YOUNG,"^YOUNG, D$","^YOUNG, D$","YOUNG, Don",404error,NA,1
NA,63410,2011-09-28,2011,112,"Young, D.","donald young|donald edwin young|donald e young|don young|don edwin young|don e young|young, donald|^young, d$|young, don|d e young","YOUNG, Donald Edwin",VA,Follow-up:  VHA employment issues and request for copy of OCLA practices for responding to congressional inquiries,1,NA,1,NA,NA,NA,Multiple Young's FOIA,NA,Donald,D,Don,Edwin,E,YOUNG,MH11214066,14066,200,(AK-01),alaska,AK,House,014066.jpg,donald-edwin-young,1,Republican Party,0.021,0.283,0.7476532479937525,245,404error,Donald YOUNG,404error,Don YOUNG,Donald Edwin YOUNG,Donald E YOUNG,Don Edwin YOUNG,Don E YOUNG,"YOUNG, Donald",404error,404error,D E YOUNG,"^YOUNG, D$","^YOUNG, D$","YOUNG, Don",404error,NA,1
NA,63425,2011-09-30,2011,112,"Rogers, M. (AL)",NA,,VA,Request to expedite request for reconsideration of inclusion in the VA Vetbiz Verification Program,2,1,2,NA,NA,NA,Multiple Rogers' FOIA,NA,NA,NA,NA,NA,NA,NA,NA,NA,NA,NA,NA,NA,,NA,NA,NA,,NA,NA,NA,NA,NA,NA,NA,NA,NA,NA,NA,NA,NA,NA,NA,NA,NA,NA,NA,NA,NA,1
NA,63846,2011-11-10,2011,112,"Rogers, Mike","mike rogers|mike dennis rogers|mike d rogers|michael rogers|michael dennis rogers|michael d rogers|rogers, mike|^rogers, m$|rogers, michael|m d rogers","ROGERS, Mike Dennis",VA,Entilement to Post 9/11 GI Bill Benefits,1,NA,1,NA,NA,NA,Multiple Rogers' FOIA,NA,Mike,M,Michael,Dennis,D,ROGERS,MH11220301,20301,200,(AL-03),alabama,AL,House,020301.jpg,mike-dennis-rogers,3,Republican Party,0.457,0.352,0.8960280474438822,245,404error,Mike ROGERS,404error,Michael ROGERS,Mike Dennis ROGERS,Mike D ROGERS,Michael Dennis ROGERS,Michael D ROGERS,"ROGERS, Mike",404error,404error,M D ROGERS,"^ROGERS, M$","^ROGERS, M$","ROGERS, Michael",404error,NA,1
NA,63847,2011-11-10,2011,112,"Rogers, Mike","mike rogers|mike j rogers|michael rogers|michael j rogers|rogers, mike|^rogers, m$|rogers, michael|m j rogers","ROGERS, Mike",VA,Entilement to Post 9/11 GI Bill Benefits,1,NA,1,NA,NA,NA,Multiple Rogers' FOIA,NA,Mike,M,Michael,NA,J,ROGERS,MH11220120,20120,200,(MI-08),michigan,MI,House,020120.jpg,mike-rogers,8,Republican Party,0.098,0.4,0.887,245,404error,Mike ROGERS,404error,Michael ROGERS,404error,Mike J ROGERS,404error,Michael J ROGERS,"ROGERS, Mike",404error,404error,M J ROGERS,"^ROGERS, M$","^ROGERS, M$","ROGERS, Michael",404error,NA,1
NA,63905,2011-11-17,2011,112,"Rogers, M. (AL)",NA,,VA,Wants VA to cover cost of physical therapy exam to re-enter the military,1,NA,1,NA,NA,NA,Multiple Rogers' FOIA,NA,NA,NA,NA,NA,NA,NA,NA,NA,NA,NA,NA,NA,,NA,NA,NA,,NA,NA,NA,NA,NA,NA,NA,NA,NA,NA,NA,NA,NA,NA,NA,NA,NA,NA,NA,NA,NA,1
NA,64097,2011-12-05,2011,112,"Young, D.","donald young|donald edwin young|donald e young|don young|don edwin young|don e young|young, donald|^young, d$|young, don|d e young","YOUNG, Donald Edwin",VA,Status of claim,1,NA,1,NA,NA,NA,Multiple Young's FOIA,NA,Donald,D,Don,Edwin,E,YOUNG,MH11214066,14066,200,(AK-01),alaska,AK,House,014066.jpg,donald-edwin-young,1,Republican Party,0.021,0.283,0.7476532479937525,245,404error,Donald YOUNG,404error,Don YOUNG,Donald Edwin YOUNG,Donald E YOUNG,Don Edwin YOUNG,Don E YOUNG,"YOUNG, Donald",404error,404error,D E YOUNG,"^YOUNG, D$","^YOUNG, D$","YOUNG, Don",404error,NA,1
NA,64304,2011-12-28,2011,112,"Young, D.","donald young|donald edwin young|donald e young|don young|don edwin young|don e young|young, donald|^young, d$|young, don|d e young","YOUNG, Donald Edwin",VA,Status of claim,1,NA,1,NA,NA,NA,Multiple Young's FOIA,NA,Donald,D,Don,Edwin,E,YOUNG,MH11214066,14066,200,(AK-01),alaska,AK,House,014066.jpg,donald-edwin-young,1,Republican Party,0.021,0.283,0.7476532479937525,245,404error,Donald YOUNG,404error,Don YOUNG,Donald Edwin YOUNG,Donald E YOUNG,Don Edwin YOUNG,Don E YOUNG,"YOUNG, Donald",404error,404error,D E YOUNG,"^YOUNG, D$","^YOUNG, D$","YOUNG, Don",404error,NA,1
NA,64758,2012-02-09,2012,112,"Young, D.","donald young|donald edwin young|donald e young|don young|don edwin young|don e young|young, donald|^young, d$|young, don|d e young","YOUNG, Donald Edwin",VA,Status of appeal,1,NA,1,NA,NA,NA,Multiple Young's FOIA,NA,Donald,D,Don,Edwin,E,YOUNG,MH11214066,14066,200,(AK-01),alaska,AK,House,014066.jpg,donald-edwin-young,1,Republican Party,0.021,0.283,0.7476532479937525,245,404error,Donald YOUNG,404error,Don YOUNG,Donald Edwin YOUNG,Donald E YOUNG,Don Edwin YOUNG,Don E YOUNG,"YOUNG, Donald",404error,404error,D E YOUNG,"^YOUNG, D$","^YOUNG, D$","YOUNG, Don",404error,NA,1
NA,64837,2012-02-15,2012,112,"Young, D.","donald young|donald edwin young|donald e young|don young|don edwin young|don e young|young, donald|^young, d$|young, don|d e young","YOUNG, Donald Edwin",VA,Status of Disability Evaluation System claim,1,NA,1,NA,NA,NA,Multiple Young's FOIA,NA,Donald,D,Don,Edwin,E,YOUNG,MH11214066,14066,200,(AK-01),alaska,AK,House,014066.jpg,donald-edwin-young,1,Republican Party,0.021,0.283,0.7476532479937525,245,404error,Donald YOUNG,404error,Don YOUNG,Donald Edwin YOUNG,Donald E YOUNG,Don Edwin YOUNG,Don E YOUNG,"YOUNG, Donald",404error,404error,D E YOUNG,"^YOUNG, D$","^YOUNG, D$","YOUNG, Don",404error,NA,1
NA,64847,2012-02-16,2012,112,"Young, D.","donald young|donald edwin young|donald e young|don young|don edwin young|don e young|young, donald|^young, d$|young, don|d e young","YOUNG, Donald Edwin",VA,Status of VA DES claim,1,NA,1,NA,NA,NA,Multiple Young's FOIA,NA,Donald,D,Don,Edwin,E,YOUNG,MH11214066,14066,200,(AK-01),alaska,AK,House,014066.jpg,donald-edwin-young,1,Republican Party,0.021,0.283,0.7476532479937525,245,404error,Donald YOUNG,404error,Don YOUNG,Donald Edwin YOUNG,Donald E YOUNG,Don Edwin YOUNG,Don E YOUNG,"YOUNG, Donald",404error,404error,D E YOUNG,"^YOUNG, D$","^YOUNG, D$","YOUNG, Don",404error,NA,1
NA,64860,2012-02-16,2012,112,"Young, D.","donald young|donald edwin young|donald e young|don young|don edwin young|don e young|young, donald|^young, d$|young, don|d e young","YOUNG, Donald Edwin",VA,Request for help with enrollment in the VA health care system,1,NA,1,NA,NA,NA,Multiple Young's FOIA,NA,Donald,D,Don,Edwin,E,YOUNG,MH11214066,14066,200,(AK-01),alaska,AK,House,014066.jpg,donald-edwin-young,1,Republican Party,0.021,0.283,0.7476532479937525,245,404error,Donald YOUNG,404error,Don YOUNG,Donald Edwin YOUNG,Donald E YOUNG,Don Edwin YOUNG,Don E YOUNG,"YOUNG, Donald",404error,404error,D E YOUNG,"^YOUNG, D$","^YOUNG, D$","YOUNG, Don",404error,NA,1
NA,64885,2012-02-21,2012,112,"Rogers, M. (AL)",NA,,VA,VHA employment issues,1,NA,1,NA,NA,NA,Multiple Rogers' FOIA,NA,NA,NA,NA,NA,NA,NA,NA,NA,NA,NA,NA,NA,,NA,NA,NA,,NA,NA,NA,NA,NA,NA,NA,NA,NA,NA,NA,NA,NA,NA,NA,NA,NA,NA,NA,NA,NA,1
NA,65017,2012-03-02,2012,112,"Young, D.","donald young|donald edwin young|donald e young|don young|don edwin young|don e young|young, donald|^young, d$|young, don|d e young","YOUNG, Donald Edwin",VA,Status of DES claim,1,NA,1,NA,NA,NA,Multiple Young's FOIA,NA,Donald,D,Don,Edwin,E,YOUNG,MH11214066,14066,200,(AK-01),alaska,AK,House,014066.jpg,donald-edwin-young,1,Republican Party,0.021,0.283,0.7476532479937525,245,404error,Donald YOUNG,404error,Don YOUNG,Donald Edwin YOUNG,Donald E YOUNG,Don Edwin YOUNG,Don E YOUNG,"YOUNG, Donald",404error,404error,D E YOUNG,"^YOUNG, D$","^YOUNG, D$","YOUNG, Don",404error,NA,1
NA,65165,2012-03-19,2012,112,"Rogers, M. (AL)",NA,,VA,Request for VACO explanation of denial of claim,1,NA,1,NA,NA,NA,Multiple Rogers' FOIA,NA,NA,NA,NA,NA,NA,NA,NA,NA,NA,NA,NA,NA,,NA,NA,NA,,NA,NA,NA,NA,NA,NA,NA,NA,NA,NA,NA,NA,NA,NA,NA,NA,NA,NA,NA,NA,NA,1
NA,65311,2012-04-04,2012,112,"Miller, G.","gary miller|gary g miller|miller, gary|^miller, g$|^miller, na$|g g miller","MILLER, Gary G.",VA,Request for a copy of the most recent issued award letter,1,NA,1,NA,NA,NA,Multiple Miller's FOIA,NA,Gary,G,NA,G,G,MILLER,MH11229905,29905,200,(CA-42),california,CA,House,029905.jpg,gary-g-miller,42,Republican Party,0.222,0.478,0.883,245,404error,Gary MILLER,404error,404error,Gary G MILLER,Gary G MILLER,404error,404error,"MILLER, Gary",404error,404error,G G MILLER,"^MILLER, G$","^MILLER, NA$",404error,404error,NA,1
NA,65312,2012-04-04,2012,112,"Miller, G.","george miller|miller, george|^miller, g$|^miller, na$","MILLER, George",VA,Request for a copy of the most recent issued award letter,1,NA,1,NA,NA,NA,Multiple Miller's FOIA,NA,George,G,NA,NA,NA,MILLER,MH11214256,14256,100,(CA-07),california,CA,House,014256.jpg,george-miller,7,Democratic Party,-0.398,-0.552,0.864,200,404error,George MILLER,404error,404error,404error,404error,404error,404error,"MILLER, George",404error,404error,404error,"^MILLER, G$","^MILLER, NA$",404error,404error,NA,1
NA,65322,2012-04-04,2012,112,"Young, D.","donald young|donald edwin young|donald e young|don young|don edwin young|don e young|young, donald|^young, d$|young, don|d e young","YOUNG, Donald Edwin",VA,VA overpayment issues,1,NA,1,NA,NA,NA,Multiple Young's FOIA,NA,Donald,D,Don,Edwin,E,YOUNG,MH11214066,14066,200,(AK-01),alaska,AK,House,014066.jpg,donald-edwin-young,1,Republican Party,0.021,0.283,0.7476532479937525,245,404error,Donald YOUNG,404error,Don YOUNG,Donald Edwin YOUNG,Donald E YOUNG,Don Edwin YOUNG,Don E YOUNG,"YOUNG, Donald",404error,404error,D E YOUNG,"^YOUNG, D$","^YOUNG, D$","YOUNG, Don",404error,NA,1
NA,65364,2012-04-10,2012,112,"Rogers, M. (MI)",NA,,VA,Request for VA to remove information from Veteran's credit history,1,NA,1,NA,NA,NA,Multiple Rogers' FOIA,NA,NA,NA,NA,NA,NA,NA,NA,NA,NA,NA,NA,NA,,NA,NA,NA,,NA,NA,NA,NA,NA,NA,NA,NA,NA,NA,NA,NA,NA,NA,NA,NA,NA,NA,NA,NA,NA,1
NA,65653,2012-05-10,2012,112,"Young, D.","donald young|donald edwin young|donald e young|don young|don edwin young|don e young|young, donald|^young, d$|young, don|d e young","YOUNG, Donald Edwin",VA,Follow-up:  VA overpayment issues,1,NA,1,NA,NA,NA,Multiple Young's FOIA,NA,Donald,D,Don,Edwin,E,YOUNG,MH11214066,14066,200,(AK-01),alaska,AK,House,014066.jpg,donald-edwin-young,1,Republican Party,0.021,0.283,0.7476532479937525,245,404error,Donald YOUNG,404error,Don YOUNG,Donald Edwin YOUNG,Donald E YOUNG,Don Edwin YOUNG,Don E YOUNG,"YOUNG, Donald",404error,404error,D E YOUNG,"^YOUNG, D$","^YOUNG, D$","YOUNG, Don",404error,NA,1
NA,65690,2012-05-16,2012,112,"Rogers, M.","mike rogers|mike dennis rogers|mike d rogers|michael rogers|michael dennis rogers|michael d rogers|rogers, mike|^rogers, m$|rogers, michael|m d rogers","ROGERS, Mike Dennis",VA,Complaint against the Montgomery VARO regarding the handling of claim,1,NA,1,NA,NA,NA,Multiple Rogers' FOIA,NA,Mike,M,Michael,Dennis,D,ROGERS,MH11220301,20301,200,(AL-03),alabama,AL,House,020301.jpg,mike-dennis-rogers,3,Republican Party,0.457,0.352,0.8960280474438822,245,404error,Mike ROGERS,404error,Michael ROGERS,Mike Dennis ROGERS,Mike D ROGERS,Michael Dennis ROGERS,Michael D ROGERS,"ROGERS, Mike",404error,404error,M D ROGERS,"^ROGERS, M$","^ROGERS, M$","ROGERS, Michael",404error,NA,1
NA,65691,2012-05-16,2012,112,"Rogers, M.","mike rogers|mike j rogers|michael rogers|michael j rogers|rogers, mike|^rogers, m$|rogers, michael|m j rogers","ROGERS, Mike",VA,Complaint against the Montgomery VARO regarding the handling of claim,1,NA,1,NA,NA,NA,Multiple Rogers' FOIA,NA,Mike,M,Michael,NA,J,ROGERS,MH11220120,20120,200,(MI-08),michigan,MI,House,020120.jpg,mike-rogers,8,Republican Party,0.098,0.4,0.887,245,404error,Mike ROGERS,404error,Michael ROGERS,404error,Mike J ROGERS,404error,Michael J ROGERS,"ROGERS, Mike",404error,404error,M J ROGERS,"^ROGERS, M$","^ROGERS, M$","ROGERS, Michael",404error,NA,1
NA,66072,2012-06-21,2012,112,"Miller, G.","gary miller|gary g miller|miller, gary|^miller, g$|^miller, na$|g g miller","MILLER, Gary G.",VA,SBP issues,1,NA,1,NA,NA,NA,Multiple Miller's FOIA,NA,Gary,G,NA,G,G,MILLER,MH11229905,29905,200,(CA-42),california,CA,House,029905.jpg,gary-g-miller,42,Republican Party,0.222,0.478,0.883,245,404error,Gary MILLER,404error,404error,Gary G MILLER,Gary G MILLER,404error,404error,"MILLER, Gary",404error,404error,G G MILLER,"^MILLER, G$","^MILLER, NA$",404error,404error,NA,1
NA,66073,2012-06-21,2012,112,"Miller, G.","george miller|miller, george|^miller, g$|^miller, na$","MILLER, George",VA,SBP issues,1,NA,1,NA,NA,NA,Multiple Miller's FOIA,NA,George,G,NA,NA,NA,MILLER,MH11214256,14256,100,(CA-07),california,CA,House,014256.jpg,george-miller,7,Democratic Party,-0.398,-0.552,0.864,200,404error,George MILLER,404error,404error,404error,404error,404error,404error,"MILLER, George",404error,404error,404error,"^MILLER, G$","^MILLER, NA$",404error,404error,NA,1
NA,66246,2012-07-10,2012,112,"Rogers, M.","mike rogers|mike dennis rogers|mike d rogers|michael rogers|michael dennis rogers|michael d rogers|rogers, mike|^rogers, m$|rogers, michael|m d rogers","ROGERS, Mike Dennis",VA,Ch. 35 eligibility,1,NA,1,NA,NA,NA,Multiple Rogers' FOIA,NA,Mike,M,Michael,Dennis,D,ROGERS,MH11220301,20301,200,(AL-03),alabama,AL,House,020301.jpg,mike-dennis-rogers,3,Republican Party,0.457,0.352,0.8960280474438822,245,404error,Mike ROGERS,404error,Michael ROGERS,Mike Dennis ROGERS,Mike D ROGERS,Michael Dennis ROGERS,Michael D ROGERS,"ROGERS, Mike",404error,404error,M D ROGERS,"^ROGERS, M$","^ROGERS, M$","ROGERS, Michael",404error,NA,1
NA,66247,2012-07-10,2012,112,"Rogers, M.","mike rogers|mike j rogers|michael rogers|michael j rogers|rogers, mike|^rogers, m$|rogers, michael|m j rogers","ROGERS, Mike",VA,Ch. 35 eligibility,1,NA,1,NA,NA,NA,Multiple Rogers' FOIA,NA,Mike,M,Michael,NA,J,ROGERS,MH11220120,20120,200,(MI-08),michigan,MI,House,020120.jpg,mike-rogers,8,Republican Party,0.098,0.4,0.887,245,404error,Mike ROGERS,404error,Michael ROGERS,404error,Mike J ROGERS,404error,Michael J ROGERS,"ROGERS, Mike",404error,404error,M J ROGERS,"^ROGERS, M$","^ROGERS, M$","ROGERS, Michael",404error,NA,1
NA,66341,2012-07-19,2012,112,"Rogers, M.","mike rogers|mike dennis rogers|mike d rogers|michael rogers|michael dennis rogers|michael d rogers|rogers, mike|^rogers, m$|rogers, michael|m d rogers","ROGERS, Mike Dennis",VA,Medical billing issues,1,NA,1,NA,NA,NA,Multiple Rogers' FOIA,NA,Mike,M,Michael,Dennis,D,ROGERS,MH11220301,20301,200,(AL-03),alabama,AL,House,020301.jpg,mike-dennis-rogers,3,Republican Party,0.457,0.352,0.8960280474438822,245,404error,Mike ROGERS,404error,Michael ROGERS,Mike Dennis ROGERS,Mike D ROGERS,Michael Dennis ROGERS,Michael D ROGERS,"ROGERS, Mike",404error,404error,M D ROGERS,"^ROGERS, M$","^ROGERS, M$","ROGERS, Michael",404error,NA,1
NA,66342,2012-07-19,2012,112,"Rogers, M.","mike rogers|mike j rogers|michael rogers|michael j rogers|rogers, mike|^rogers, m$|rogers, michael|m j rogers","ROGERS, Mike",VA,Medical billing issues,1,NA,1,NA,NA,NA,Multiple Rogers' FOIA,NA,Mike,M,Michael,NA,J,ROGERS,MH11220120,20120,200,(MI-08),michigan,MI,House,020120.jpg,mike-rogers,8,Republican Party,0.098,0.4,0.887,245,404error,Mike ROGERS,404error,Michael ROGERS,404error,Mike J ROGERS,404error,Michael J ROGERS,"ROGERS, Mike",404error,404error,M J ROGERS,"^ROGERS, M$","^ROGERS, M$","ROGERS, Michael",404error,NA,1
NA,66399,2012-07-25,2012,112,"Miller, G.","gary miller|gary g miller|miller, gary|^miller, g$|^miller, na$|g g miller","MILLER, Gary G.",VA,Status of Appeal,1,NA,1,NA,NA,NA,Multiple Miller's FOIA,NA,Gary,G,NA,G,G,MILLER,MH11229905,29905,200,(CA-42),california,CA,House,029905.jpg,gary-g-miller,42,Republican Party,0.222,0.478,0.883,245,404error,Gary MILLER,404error,404error,Gary G MILLER,Gary G MILLER,404error,404error,"MILLER, Gary",404error,404error,G G MILLER,"^MILLER, G$","^MILLER, NA$",404error,404error,NA,1
NA,66400,2012-07-25,2012,112,"Miller, G.","george miller|miller, george|^miller, g$|^miller, na$","MILLER, George",VA,Status of Appeal,1,NA,1,NA,NA,NA,Multiple Miller's FOIA,NA,George,G,NA,NA,NA,MILLER,MH11214256,14256,100,(CA-07),california,CA,House,014256.jpg,george-miller,7,Democratic Party,-0.398,-0.552,0.864,200,404error,George MILLER,404error,404error,404error,404error,404error,404error,"MILLER, George",404error,404error,404error,"^MILLER, G$","^MILLER, NA$",404error,404error,NA,1
NA,66413,2012-07-25,2012,112,"Rogers, M.","mike rogers|mike dennis rogers|mike d rogers|michael rogers|michael dennis rogers|michael d rogers|rogers, mike|^rogers, m$|rogers, michael|m d rogers","ROGERS, Mike Dennis",VA,Seeking to become a vendor for prosthetics,2,1,2,NA,NA,NA,Multiple Rogers' FOIA,NA,Mike,M,Michael,Dennis,D,ROGERS,MH11220301,20301,200,(AL-03),alabama,AL,House,020301.jpg,mike-dennis-rogers,3,Republican Party,0.457,0.352,0.8960280474438822,245,404error,Mike ROGERS,404error,Michael ROGERS,Mike Dennis ROGERS,Mike D ROGERS,Michael Dennis ROGERS,Michael D ROGERS,"ROGERS, Mike",404error,404error,M D ROGERS,"^ROGERS, M$","^ROGERS, M$","ROGERS, Michael",404error,NA,1
NA,66414,2012-07-25,2012,112,"Rogers, M.","mike rogers|mike j rogers|michael rogers|michael j rogers|rogers, mike|^rogers, m$|rogers, michael|m j rogers","ROGERS, Mike",VA,Seeking to become a vendor for prosthetics,2,1,2,NA,NA,NA,Multiple Rogers' FOIA,NA,Mike,M,Michael,NA,J,ROGERS,MH11220120,20120,200,(MI-08),michigan,MI,House,020120.jpg,mike-rogers,8,Republican Party,0.098,0.4,0.887,245,404error,Mike ROGERS,404error,Michael ROGERS,404error,Mike J ROGERS,404error,Michael J ROGERS,"ROGERS, Mike",404error,404error,M J ROGERS,"^ROGERS, M$","^ROGERS, M$","ROGERS, Michael",404error,NA,1
NA,66490,2012-08-03,2012,112,"Young, D.","donald young|donald edwin young|donald e young|don young|don edwin young|don e young|young, donald|^young, d$|young, don|d e young","YOUNG, Donald Edwin",VA,"Request for change of Dr., timely receipt of medications, and oversight of VA healthcare",1,NA,1,NA,NA,NA,Multiple Young's FOIA,NA,Donald,D,Don,Edwin,E,YOUNG,MH11214066,14066,200,(AK-01),alaska,AK,House,014066.jpg,donald-edwin-young,1,Republican Party,0.021,0.283,0.7476532479937525,245,404error,Donald YOUNG,404error,Don YOUNG,Donald Edwin YOUNG,Donald E YOUNG,Don Edwin YOUNG,Don E YOUNG,"YOUNG, Donald",404error,404error,D E YOUNG,"^YOUNG, D$","^YOUNG, D$","YOUNG, Don",404error,NA,1
NA,66610,2012-08-16,2012,112,"Young, Don","donald young|donald edwin young|donald e young|don young|don edwin young|don e young|young, donald|^young, d$|young, don|d e young","YOUNG, Donald Edwin",VA,Seeking help in getting husband moved from an assisted living facility back to his home in Alaska,1,NA,1,NA,NA,NA,Multiple Young's FOIA,NA,Donald,D,Don,Edwin,E,YOUNG,MH11214066,14066,200,(AK-01),alaska,AK,House,014066.jpg,donald-edwin-young,1,Republican Party,0.021,0.283,0.7476532479937525,245,404error,Donald YOUNG,404error,Don YOUNG,Donald Edwin YOUNG,Donald E YOUNG,Don Edwin YOUNG,Don E YOUNG,"YOUNG, Donald",404error,404error,D E YOUNG,"^YOUNG, D$","^YOUNG, D$","YOUNG, Don",404error,NA,1
NA,66611,2012-08-16,2012,112,"Young, Don","donald young|donald edwin young|donald e young|don young|don edwin young|don e young|young, donald|^young, d$|young, don|d e young","YOUNG, Donald Edwin",VA,Status of Claim,1,NA,1,NA,NA,NA,Multiple Young's FOIA,NA,Donald,D,Don,Edwin,E,YOUNG,MH11214066,14066,200,(AK-01),alaska,AK,House,014066.jpg,donald-edwin-young,1,Republican Party,0.021,0.283,0.7476532479937525,245,404error,Donald YOUNG,404error,Don YOUNG,Donald Edwin YOUNG,Donald E YOUNG,Don Edwin YOUNG,Don E YOUNG,"YOUNG, Donald",404error,404error,D E YOUNG,"^YOUNG, D$","^YOUNG, D$","YOUNG, Don",404error,NA,1
NA,66620,2012-08-16,2012,112,"Rogers, M.","mike rogers|mike dennis rogers|mike d rogers|michael rogers|michael dennis rogers|michael d rogers|rogers, mike|^rogers, m$|rogers, michael|m d rogers","ROGERS, Mike Dennis",VA,Request for copy of SMR's,1,NA,1,NA,NA,NA,Multiple Rogers' FOIA,NA,Mike,M,Michael,Dennis,D,ROGERS,MH11220301,20301,200,(AL-03),alabama,AL,House,020301.jpg,mike-dennis-rogers,3,Republican Party,0.457,0.352,0.8960280474438822,245,404error,Mike ROGERS,404error,Michael ROGERS,Mike Dennis ROGERS,Mike D ROGERS,Michael Dennis ROGERS,Michael D ROGERS,"ROGERS, Mike",404error,404error,M D ROGERS,"^ROGERS, M$","^ROGERS, M$","ROGERS, Michael",404error,NA,1
NA,66621,2012-08-16,2012,112,"Rogers, M.","mike rogers|mike j rogers|michael rogers|michael j rogers|rogers, mike|^rogers, m$|rogers, michael|m j rogers","ROGERS, Mike",VA,Request for copy of SMR's,1,NA,1,NA,NA,NA,Multiple Rogers' FOIA,NA,Mike,M,Michael,NA,J,ROGERS,MH11220120,20120,200,(MI-08),michigan,MI,House,020120.jpg,mike-rogers,8,Republican Party,0.098,0.4,0.887,245,404error,Mike ROGERS,404error,Michael ROGERS,404error,Mike J ROGERS,404error,Michael J ROGERS,"ROGERS, Mike",404error,404error,M J ROGERS,"^ROGERS, M$","^ROGERS, M$","ROGERS, Michael",404error,NA,1
NA,66647,2012-08-20,2012,112,"Rogers, M. (AL)",NA,,VA,NSC pension claim,1,NA,1,NA,NA,NA,Multiple Rogers' FOIA,NA,NA,NA,NA,NA,NA,NA,NA,NA,NA,NA,NA,NA,,NA,NA,NA,,NA,NA,NA,NA,NA,NA,NA,NA,NA,NA,NA,NA,NA,NA,NA,NA,NA,NA,NA,NA,NA,1
NA,66691,2012-08-22,2012,112,"Young, D.","donald young|donald edwin young|donald e young|don young|don edwin young|don e young|young, donald|^young, d$|young, don|d e young","YOUNG, Donald Edwin",VA,Status of DES claim at VARO Seattle,1,NA,1,NA,NA,NA,Multiple Young's FOIA,NA,Donald,D,Don,Edwin,E,YOUNG,MH11214066,14066,200,(AK-01),alaska,AK,House,014066.jpg,donald-edwin-young,1,Republican Party,0.021,0.283,0.7476532479937525,245,404error,Donald YOUNG,404error,Don YOUNG,Donald Edwin YOUNG,Donald E YOUNG,Don Edwin YOUNG,Don E YOUNG,"YOUNG, Donald",404error,404error,D E YOUNG,"^YOUNG, D$","^YOUNG, D$","YOUNG, Don",404error,NA,1
NA,66731,2012-08-27,2012,112,"Young, D.","donald young|donald edwin young|donald e young|don young|don edwin young|don e young|young, donald|^young, d$|young, don|d e young","YOUNG, Donald Edwin",VA,Debt Issues,1,NA,1,NA,NA,NA,Multiple Young's FOIA,NA,Donald,D,Don,Edwin,E,YOUNG,MH11214066,14066,200,(AK-01),alaska,AK,House,014066.jpg,donald-edwin-young,1,Republican Party,0.021,0.283,0.7476532479937525,245,404error,Donald YOUNG,404error,Don YOUNG,Donald Edwin YOUNG,Donald E YOUNG,Don Edwin YOUNG,Don E YOUNG,"YOUNG, Donald",404error,404error,D E YOUNG,"^YOUNG, D$","^YOUNG, D$","YOUNG, Don",404error,NA,1
NA,66740,2012-08-28,2012,112,"Young, D.","donald young|donald edwin young|donald e young|don young|don edwin young|don e young|young, donald|^young, d$|young, don|d e young","YOUNG, Donald Edwin",VA,Status of Appeal,1,NA,1,NA,NA,NA,Multiple Young's FOIA,NA,Donald,D,Don,Edwin,E,YOUNG,MH11214066,14066,200,(AK-01),alaska,AK,House,014066.jpg,donald-edwin-young,1,Republican Party,0.021,0.283,0.7476532479937525,245,404error,Donald YOUNG,404error,Don YOUNG,Donald Edwin YOUNG,Donald E YOUNG,Don Edwin YOUNG,Don E YOUNG,"YOUNG, Donald",404error,404error,D E YOUNG,"^YOUNG, D$","^YOUNG, D$","YOUNG, Don",404error,NA,1
NA,66766,2012-08-30,2012,112,"Young, D.","donald young|donald edwin young|donald e young|don young|don edwin young|don e young|young, donald|^young, d$|young, don|d e young","YOUNG, Donald Edwin",VA,Status of Claim,1,NA,1,NA,NA,NA,Multiple Young's FOIA,NA,Donald,D,Don,Edwin,E,YOUNG,MH11214066,14066,200,(AK-01),alaska,AK,House,014066.jpg,donald-edwin-young,1,Republican Party,0.021,0.283,0.7476532479937525,245,404error,Donald YOUNG,404error,Don YOUNG,Donald Edwin YOUNG,Donald E YOUNG,Don Edwin YOUNG,Don E YOUNG,"YOUNG, Donald",404error,404error,D E YOUNG,"^YOUNG, D$","^YOUNG, D$","YOUNG, Don",404error,NA,1
NA,66839,2012-09-06,2012,112,"Young, D.","donald young|donald edwin young|donald e young|don young|don edwin young|don e young|young, donald|^young, d$|young, don|d e young","YOUNG, Donald Edwin",VA,Status of appeals,1,NA,1,NA,NA,NA,Multiple Young's FOIA,NA,Donald,D,Don,Edwin,E,YOUNG,MH11214066,14066,200,(AK-01),alaska,AK,House,014066.jpg,donald-edwin-young,1,Republican Party,0.021,0.283,0.7476532479937525,245,404error,Donald YOUNG,404error,Don YOUNG,Donald Edwin YOUNG,Donald E YOUNG,Don Edwin YOUNG,Don E YOUNG,"YOUNG, Donald",404error,404error,D E YOUNG,"^YOUNG, D$","^YOUNG, D$","YOUNG, Don",404error,NA,1
NA,66859,2012-09-07,2012,112,"Young, D.","donald young|donald edwin young|donald e young|don young|don edwin young|don e young|young, donald|^young, d$|young, don|d e young","YOUNG, Donald Edwin",VA,Reinstatement of pension benefits,1,NA,1,NA,NA,NA,Multiple Young's FOIA,NA,Donald,D,Don,Edwin,E,YOUNG,MH11214066,14066,200,(AK-01),alaska,AK,House,014066.jpg,donald-edwin-young,1,Republican Party,0.021,0.283,0.7476532479937525,245,404error,Donald YOUNG,404error,Don YOUNG,Donald Edwin YOUNG,Donald E YOUNG,Don Edwin YOUNG,Don E YOUNG,"YOUNG, Donald",404error,404error,D E YOUNG,"^YOUNG, D$","^YOUNG, D$","YOUNG, Don",404error,NA,1
NA,66913,2012-09-13,2012,112,"Rogers, M. (AL)",NA,,VA,Requesting Assistance with reinstating SBP,1,NA,1,NA,NA,NA,Multiple Rogers' FOIA,NA,NA,NA,NA,NA,NA,NA,NA,NA,NA,NA,NA,NA,,NA,NA,NA,,NA,NA,NA,NA,NA,NA,NA,NA,NA,NA,NA,NA,NA,NA,NA,NA,NA,NA,NA,NA,NA,1
NA,66995,2012-09-20,2012,112,"Young, D.","donald young|donald edwin young|donald e young|don young|don edwin young|don e young|young, donald|^young, d$|young, don|d e young","YOUNG, Donald Edwin",VA,Concerns regarding brother's care at the VA Long Beach Care Center,1,NA,1,NA,NA,NA,Multiple Young's FOIA,NA,Donald,D,Don,Edwin,E,YOUNG,MH11214066,14066,200,(AK-01),alaska,AK,House,014066.jpg,donald-edwin-young,1,Republican Party,0.021,0.283,0.7476532479937525,245,404error,Donald YOUNG,404error,Don YOUNG,Donald Edwin YOUNG,Donald E YOUNG,Don Edwin YOUNG,Don E YOUNG,"YOUNG, Donald",404error,404error,D E YOUNG,"^YOUNG, D$","^YOUNG, D$","YOUNG, Don",404error,NA,1
NA,67062,2012-09-27,2012,112,"Young, D.","donald young|donald edwin young|donald e young|don young|don edwin young|don e young|young, donald|^young, d$|young, don|d e young","YOUNG, Donald Edwin",VA,Reinstatement of pension benefits,1,NA,1,NA,NA,NA,Multiple Young's FOIA,NA,Donald,D,Don,Edwin,E,YOUNG,MH11214066,14066,200,(AK-01),alaska,AK,House,014066.jpg,donald-edwin-young,1,Republican Party,0.021,0.283,0.7476532479937525,245,404error,Donald YOUNG,404error,Don YOUNG,Donald Edwin YOUNG,Donald E YOUNG,Don Edwin YOUNG,Don E YOUNG,"YOUNG, Donald",404error,404error,D E YOUNG,"^YOUNG, D$","^YOUNG, D$","YOUNG, Don",404error,NA,1
NA,67077,2012-10-01,2012,112,"Young, D.","donald young|donald edwin young|donald e young|don young|don edwin young|don e young|young, donald|^young, d$|young, don|d e young","YOUNG, Donald Edwin",VA,Concerns regarding nonreceipt of GI Bill tuition payment,1,NA,1,NA,NA,NA,Multiple Young's FOIA,NA,Donald,D,Don,Edwin,E,YOUNG,MH11214066,14066,200,(AK-01),alaska,AK,House,014066.jpg,donald-edwin-young,1,Republican Party,0.021,0.283,0.7476532479937525,245,404error,Donald YOUNG,404error,Don YOUNG,Donald Edwin YOUNG,Donald E YOUNG,Don Edwin YOUNG,Don E YOUNG,"YOUNG, Donald",404error,404error,D E YOUNG,"^YOUNG, D$","^YOUNG, D$","YOUNG, Don",404error,NA,1
NA,67170,2012-10-09,2012,112,"Rogers, M. (AL)",NA,,VA,Request for help in obtaining Army enlistment bonus,1,NA,1,NA,NA,NA,Multiple Rogers' FOIA,NA,NA,NA,NA,NA,NA,NA,NA,NA,NA,NA,NA,NA,,NA,NA,NA,,NA,NA,NA,NA,NA,NA,NA,NA,NA,NA,NA,NA,NA,NA,NA,NA,NA,NA,NA,NA,NA,1
NA,67256,2012-10-18,2012,112,"Young, Don","donald young|donald edwin young|donald e young|don young|don edwin young|don e young|young, donald|^young, d$|young, don|d e young","YOUNG, Donald Edwin",VA,(e-mail) VRAP eligibility,1,NA,1,NA,NA,NA,Multiple Young's FOIA,NA,Donald,D,Don,Edwin,E,YOUNG,MH11214066,14066,200,(AK-01),alaska,AK,House,014066.jpg,donald-edwin-young,1,Republican Party,0.021,0.283,0.7476532479937525,245,404error,Donald YOUNG,404error,Don YOUNG,Donald Edwin YOUNG,Donald E YOUNG,Don Edwin YOUNG,Don E YOUNG,"YOUNG, Donald",404error,404error,D E YOUNG,"^YOUNG, D$","^YOUNG, D$","YOUNG, Don",404error,NA,1
NA,67257,2012-10-18,2012,112,"Young, Don","donald young|donald edwin young|donald e young|don young|don edwin young|don e young|young, donald|^young, d$|young, don|d e young","YOUNG, Donald Edwin",VA,(E-mail) F/U-Concerns regarding nonreceipt of GI Bill tuition payment,1,NA,1,NA,NA,NA,Multiple Young's FOIA,NA,Donald,D,Don,Edwin,E,YOUNG,MH11214066,14066,200,(AK-01),alaska,AK,House,014066.jpg,donald-edwin-young,1,Republican Party,0.021,0.283,0.7476532479937525,245,404error,Donald YOUNG,404error,Don YOUNG,Donald Edwin YOUNG,Donald E YOUNG,Don Edwin YOUNG,Don E YOUNG,"YOUNG, Donald",404error,404error,D E YOUNG,"^YOUNG, D$","^YOUNG, D$","YOUNG, Don",404error,NA,1
NA,67323,2012-10-24,2012,112,"Young, D.","donald young|donald edwin young|donald e young|don young|don edwin young|don e young|young, donald|^young, d$|young, don|d e young","YOUNG, Donald Edwin",VA,VA Debt Issues,1,NA,1,NA,NA,NA,Multiple Young's FOIA,NA,Donald,D,Don,Edwin,E,YOUNG,MH11214066,14066,200,(AK-01),alaska,AK,House,014066.jpg,donald-edwin-young,1,Republican Party,0.021,0.283,0.7476532479937525,245,404error,Donald YOUNG,404error,Don YOUNG,Donald Edwin YOUNG,Donald E YOUNG,Don Edwin YOUNG,Don E YOUNG,"YOUNG, Donald",404error,404error,D E YOUNG,"^YOUNG, D$","^YOUNG, D$","YOUNG, Don",404error,NA,1
NA,67325,2012-10-24,2012,112,"Young, D.","donald young|donald edwin young|donald e young|don young|don edwin young|don e young|young, donald|^young, d$|young, don|d e young","YOUNG, Donald Edwin",VA,Additional concerns regarding nonreceipt of GI Benefits,1,NA,1,NA,NA,NA,Multiple Young's FOIA,NA,Donald,D,Don,Edwin,E,YOUNG,MH11214066,14066,200,(AK-01),alaska,AK,House,014066.jpg,donald-edwin-young,1,Republican Party,0.021,0.283,0.7476532479937525,245,404error,Donald YOUNG,404error,Don YOUNG,Donald Edwin YOUNG,Donald E YOUNG,Don Edwin YOUNG,Don E YOUNG,"YOUNG, Donald",404error,404error,D E YOUNG,"^YOUNG, D$","^YOUNG, D$","YOUNG, Don",404error,NA,1
NA,67340,2012-10-25,2012,112,"Young, D.","donald young|donald edwin young|donald e young|don young|don edwin young|don e young|young, donald|^young, d$|young, don|d e young","YOUNG, Donald Edwin",VA,Medical Billing Issue,1,NA,1,NA,NA,NA,Multiple Young's FOIA,NA,Donald,D,Don,Edwin,E,YOUNG,MH11214066,14066,200,(AK-01),alaska,AK,House,014066.jpg,donald-edwin-young,1,Republican Party,0.021,0.283,0.7476532479937525,245,404error,Donald YOUNG,404error,Don YOUNG,Donald Edwin YOUNG,Donald E YOUNG,Don Edwin YOUNG,Don E YOUNG,"YOUNG, Donald",404error,404error,D E YOUNG,"^YOUNG, D$","^YOUNG, D$","YOUNG, Don",404error,NA,1
NA,67407,2012-11-05,2012,112,"Young, Don","donald young|donald edwin young|donald e young|don young|don edwin young|don e young|young, donald|^young, d$|young, don|d e young","YOUNG, Donald Edwin",VA,Seeking help in getting veteran placed in an Alaska VA health facility,1,NA,1,NA,NA,NA,Multiple Young's FOIA,NA,Donald,D,Don,Edwin,E,YOUNG,MH11214066,14066,200,(AK-01),alaska,AK,House,014066.jpg,donald-edwin-young,1,Republican Party,0.021,0.283,0.7476532479937525,245,404error,Donald YOUNG,404error,Don YOUNG,Donald Edwin YOUNG,Donald E YOUNG,Don Edwin YOUNG,Don E YOUNG,"YOUNG, Donald",404error,404error,D E YOUNG,"^YOUNG, D$","^YOUNG, D$","YOUNG, Don",404error,NA,1
NA,67408,2012-11-05,2012,112,"Young, Don","donald young|donald edwin young|donald e young|don young|don edwin young|don e young|young, donald|^young, d$|young, don|d e young","YOUNG, Donald Edwin",VA,F/U:  VA Debt Issues,1,NA,1,NA,NA,NA,Multiple Young's FOIA,NA,Donald,D,Don,Edwin,E,YOUNG,MH11214066,14066,200,(AK-01),alaska,AK,House,014066.jpg,donald-edwin-young,1,Republican Party,0.021,0.283,0.7476532479937525,245,404error,Donald YOUNG,404error,Don YOUNG,Donald Edwin YOUNG,Donald E YOUNG,Don Edwin YOUNG,Don E YOUNG,"YOUNG, Donald",404error,404error,D E YOUNG,"^YOUNG, D$","^YOUNG, D$","YOUNG, Don",404error,NA,1
NA,67536,2012-11-21,2012,112,"Young, Don","donald young|donald edwin young|donald e young|don young|don edwin young|don e young|young, donald|^young, d$|young, don|d e young","YOUNG, Donald Edwin",VA,F/U status of appeal,1,NA,1,NA,NA,NA,Multiple Young's FOIA,NA,Donald,D,Don,Edwin,E,YOUNG,MH11214066,14066,200,(AK-01),alaska,AK,House,014066.jpg,donald-edwin-young,1,Republican Party,0.021,0.283,0.7476532479937525,245,404error,Donald YOUNG,404error,Don YOUNG,Donald Edwin YOUNG,Donald E YOUNG,Don Edwin YOUNG,Don E YOUNG,"YOUNG, Donald",404error,404error,D E YOUNG,"^YOUNG, D$","^YOUNG, D$","YOUNG, Don",404error,NA,1
NA,67544,2012-11-21,2012,112,"Miller, G.","gary miller|gary g miller|miller, gary|^miller, g$|^miller, na$|g g miller","MILLER, Gary G.",VA,VHA employment issues,1,NA,1,NA,NA,NA,Multiple Miller's FOIA,NA,Gary,G,NA,G,G,MILLER,MH11229905,29905,200,(CA-42),california,CA,House,029905.jpg,gary-g-miller,42,Republican Party,0.222,0.478,0.883,245,404error,Gary MILLER,404error,404error,Gary G MILLER,Gary G MILLER,404error,404error,"MILLER, Gary",404error,404error,G G MILLER,"^MILLER, G$","^MILLER, NA$",404error,404error,NA,1
NA,67545,2012-11-21,2012,112,"Miller, G.","george miller|miller, george|^miller, g$|^miller, na$","MILLER, George",VA,VHA employment issues,1,NA,1,NA,NA,NA,Multiple Miller's FOIA,NA,George,G,NA,NA,NA,MILLER,MH11214256,14256,100,(CA-07),california,CA,House,014256.jpg,george-miller,7,Democratic Party,-0.398,-0.552,0.864,200,404error,George MILLER,404error,404error,404error,404error,404error,404error,"MILLER, George",404error,404error,404error,"^MILLER, G$","^MILLER, NA$",404error,404error,NA,1
NA,67591,2012-11-28,2012,112,"Rogers, M. (AL)",NA,,VA,Request for help with VARO Montgomery,1,NA,1,NA,NA,NA,Multiple Rogers' FOIA,NA,NA,NA,NA,NA,NA,NA,NA,NA,NA,NA,NA,NA,,NA,NA,NA,,NA,NA,NA,NA,NA,NA,NA,NA,NA,NA,NA,NA,NA,NA,NA,NA,NA,NA,NA,NA,NA,1
NA,67611,2012-11-30,2012,112,"Young, D.","donald young|donald edwin young|donald e young|don young|don edwin young|don e young|young, donald|^young, d$|young, don|d e young","YOUNG, Donald Edwin",VA,Concerns about father's medical care at VA,1,NA,1,NA,NA,NA,Multiple Young's FOIA,NA,Donald,D,Don,Edwin,E,YOUNG,MH11214066,14066,200,(AK-01),alaska,AK,House,014066.jpg,donald-edwin-young,1,Republican Party,0.021,0.283,0.7476532479937525,245,404error,Donald YOUNG,404error,Don YOUNG,Donald Edwin YOUNG,Donald E YOUNG,Don Edwin YOUNG,Don E YOUNG,"YOUNG, Donald",404error,404error,D E YOUNG,"^YOUNG, D$","^YOUNG, D$","YOUNG, Don",404error,NA,1
NA,75233,2009-03-16,2009,111,"Rogers, M. (AL)",NA,,VA,Delays in processing A&A claim,1,NA,1,NA,NA,NA,Multiple Rogers' FOIA,NA,NA,NA,NA,NA,NA,NA,NA,NA,NA,NA,NA,NA,,NA,NA,NA,,NA,NA,NA,NA,NA,NA,NA,NA,NA,NA,NA,NA,NA,NA,NA,NA,NA,NA,NA,NA,NA,1
NA,75437,2009-03-31,2009,111,"Young, D.","donald young|donald edwin young|donald e young|don young|don edwin young|don e young|young, donald|^young, d$|young, don|d e young","YOUNG, Donald Edwin",VA,Status of appeal,1,NA,1,NA,NA,NA,Multiple Young's FOIA,NA,Donald,D,Don,Edwin,E,YOUNG,MH11114066,14066,200,(AK-01),alaska,AK,House,014066.jpg,donald-edwin-young,1,Republican Party,0.021,0.283,0.5590061709205599,183,404error,Donald YOUNG,404error,Don YOUNG,Donald Edwin YOUNG,Donald E YOUNG,Don Edwin YOUNG,Don E YOUNG,"YOUNG, Donald",404error,404error,D E YOUNG,"^YOUNG, D$","^YOUNG, D$","YOUNG, Don",404error,NA,1
NA,75604,2009-04-15,2009,111,"Miller, G.","gary miller|gary g miller|miller, gary|^miller, g$|^miller, na$|g g miller","MILLER, Gary G.",VA,Status of appeal,1,NA,1,NA,NA,NA,Multiple Miller's FOIA,NA,Gary,G,NA,G,G,MILLER,MH11129905,29905,200,(CA-42),california,CA,House,029905.jpg,gary-g-miller,42,Republican Party,0.222,0.478,0.828,183,404error,Gary MILLER,404error,404error,Gary G MILLER,Gary G MILLER,404error,404error,"MILLER, Gary",404error,404error,G G MILLER,"^MILLER, G$","^MILLER, NA$",404error,404error,NA,1
NA,75605,2009-04-15,2009,111,"Miller, G.","george miller|miller, george|^miller, g$|^miller, na$","MILLER, George",VA,Status of appeal,1,NA,1,NA,NA,NA,Multiple Miller's FOIA,NA,George,G,NA,NA,NA,MILLER,MH11114256,14256,100,(CA-07),california,CA,House,014256.jpg,george-miller,7,Democratic Party,-0.398,-0.552,0.944,263,404error,George MILLER,404error,404error,404error,404error,404error,404error,"MILLER, George",404error,404error,404error,"^MILLER, G$","^MILLER, NA$",404error,404error,NA,1
NA,75635,2009-04-17,2009,111,"Rogers, M. (AL)",NA,,VA,Concerns about OIF/OEF preference in the processing of VA disability claims,1,NA,1,NA,NA,NA,Multiple Rogers' FOIA,NA,NA,NA,NA,NA,NA,NA,NA,NA,NA,NA,NA,NA,,NA,NA,NA,,NA,NA,NA,NA,NA,NA,NA,NA,NA,NA,NA,NA,NA,NA,NA,NA,NA,NA,NA,NA,NA,1
NA,77541,2009-09-14,2009,111,"Miller, G.","gary miller|gary g miller|miller, gary|^miller, g$|^miller, na$|g g miller","MILLER, Gary G.",VA,Appeal status,1,NA,1,NA,NA,NA,Multiple Miller's FOIA,NA,Gary,G,NA,G,G,MILLER,MH11129905,29905,200,(CA-42),california,CA,House,029905.jpg,gary-g-miller,42,Republican Party,0.222,0.478,0.828,183,404error,Gary MILLER,404error,404error,Gary G MILLER,Gary G MILLER,404error,404error,"MILLER, Gary",404error,404error,G G MILLER,"^MILLER, G$","^MILLER, NA$",404error,404error,NA,1
NA,77542,2009-09-14,2009,111,"Miller, G.","george miller|miller, george|^miller, g$|^miller, na$","MILLER, George",VA,Appeal status,1,NA,1,NA,NA,NA,Multiple Miller's FOIA,NA,George,G,NA,NA,NA,MILLER,MH11114256,14256,100,(CA-07),california,CA,House,014256.jpg,george-miller,7,Democratic Party,-0.398,-0.552,0.944,263,404error,George MILLER,404error,404error,404error,404error,404error,404error,"MILLER, George",404error,404error,404error,"^MILLER, G$","^MILLER, NA$",404error,404error,NA,1
NA,77764,2009-09-28,2009,111,"Miller, G.","gary miller|gary g miller|miller, gary|^miller, g$|^miller, na$|g g miller","MILLER, Gary G.",VA,Seeking assistance for employment/ position,1,NA,1,NA,NA,NA,Multiple Miller's FOIA,NA,Gary,G,NA,G,G,MILLER,MH11129905,29905,200,(CA-42),california,CA,House,029905.jpg,gary-g-miller,42,Republican Party,0.222,0.478,0.828,183,404error,Gary MILLER,404error,404error,Gary G MILLER,Gary G MILLER,404error,404error,"MILLER, Gary",404error,404error,G G MILLER,"^MILLER, G$","^MILLER, NA$",404error,404error,NA,1
NA,77765,2009-09-28,2009,111,"Miller, G.","george miller|miller, george|^miller, g$|^miller, na$","MILLER, George",VA,Seeking assistance for employment/ position,1,NA,1,NA,NA,NA,Multiple Miller's FOIA,NA,George,G,NA,NA,NA,MILLER,MH11114256,14256,100,(CA-07),california,CA,House,014256.jpg,george-miller,7,Democratic Party,-0.398,-0.552,0.944,263,404error,George MILLER,404error,404error,404error,404error,404error,404error,"MILLER, George",404error,404error,404error,"^MILLER, G$","^MILLER, NA$",404error,404error,NA,1
NA,77841,2009-10-02,2009,111,"Miller, G.","gary miller|gary g miller|miller, gary|^miller, g$|^miller, na$|g g miller","MILLER, Gary G.",VA,Missing medical records,1,NA,1,NA,NA,NA,Multiple Miller's FOIA,NA,Gary,G,NA,G,G,MILLER,MH11129905,29905,200,(CA-42),california,CA,House,029905.jpg,gary-g-miller,42,Republican Party,0.222,0.478,0.828,183,404error,Gary MILLER,404error,404error,Gary G MILLER,Gary G MILLER,404error,404error,"MILLER, Gary",404error,404error,G G MILLER,"^MILLER, G$","^MILLER, NA$",404error,404error,NA,1
NA,77842,2009-10-02,2009,111,"Miller, G.","george miller|miller, george|^miller, g$|^miller, na$","MILLER, George",VA,Missing medical records,1,NA,1,NA,NA,NA,Multiple Miller's FOIA,NA,George,G,NA,NA,NA,MILLER,MH11114256,14256,100,(CA-07),california,CA,House,014256.jpg,george-miller,7,Democratic Party,-0.398,-0.552,0.944,263,404error,George MILLER,404error,404error,404error,404error,404error,404error,"MILLER, George",404error,404error,404error,"^MILLER, G$","^MILLER, NA$",404error,404error,NA,1
NA,77943,2009-10-09,2009,111,"Rogers, M (AL)",NA,,VA,Follow-up:  flag replacement request and location of veteran's appeal,1,NA,1,NA,NA,NA,Multiple Rogers' FOIA,NA,NA,NA,NA,NA,NA,NA,NA,NA,NA,NA,NA,NA,,NA,NA,NA,,NA,NA,NA,NA,NA,NA,NA,NA,NA,NA,NA,NA,NA,NA,NA,NA,NA,NA,NA,NA,NA,1
NA,78316,2009-11-06,2009,111,"Miller, G.","gary miller|gary g miller|miller, gary|^miller, g$|^miller, na$|g g miller","MILLER, Gary G.",VA,Status of Filipino Veterans Equity Compensation Fund claim,1,NA,1,NA,NA,NA,Multiple Miller's FOIA,NA,Gary,G,NA,G,G,MILLER,MH11129905,29905,200,(CA-42),california,CA,House,029905.jpg,gary-g-miller,42,Republican Party,0.222,0.478,0.828,183,404error,Gary MILLER,404error,404error,Gary G MILLER,Gary G MILLER,404error,404error,"MILLER, Gary",404error,404error,G G MILLER,"^MILLER, G$","^MILLER, NA$",404error,404error,NA,1
NA,78317,2009-11-06,2009,111,"Miller, G.","george miller|miller, george|^miller, g$|^miller, na$","MILLER, George",VA,Status of Filipino Veterans Equity Compensation Fund claim,1,NA,1,NA,NA,NA,Multiple Miller's FOIA,NA,George,G,NA,NA,NA,MILLER,MH11114256,14256,100,(CA-07),california,CA,House,014256.jpg,george-miller,7,Democratic Party,-0.398,-0.552,0.944,263,404error,George MILLER,404error,404error,404error,404error,404error,404error,"MILLER, George",404error,404error,404error,"^MILLER, G$","^MILLER, NA$",404error,404error,NA,1
NA,78801,2009-12-17,2009,111,"Miller, G.","gary miller|gary g miller|miller, gary|^miller, g$|^miller, na$|g g miller","MILLER, Gary G.",VA,Request to know if VA benefits are available for Women Accepted for Volunteer Emergency Service (WAVES),1,NA,1,NA,NA,NA,Multiple Miller's FOIA,NA,Gary,G,NA,G,G,MILLER,MH11129905,29905,200,(CA-42),california,CA,House,029905.jpg,gary-g-miller,42,Republican Party,0.222,0.478,0.828,183,404error,Gary MILLER,404error,404error,Gary G MILLER,Gary G MILLER,404error,404error,"MILLER, Gary",404error,404error,G G MILLER,"^MILLER, G$","^MILLER, NA$",404error,404error,NA,1
NA,78802,2009-12-17,2009,111,"Miller, G.","george miller|miller, george|^miller, g$|^miller, na$","MILLER, George",VA,Request to know if VA benefits are available for Women Accepted for Volunteer Emergency Service (WAVES),1,NA,1,NA,NA,NA,Multiple Miller's FOIA,NA,George,G,NA,NA,NA,MILLER,MH11114256,14256,100,(CA-07),california,CA,House,014256.jpg,george-miller,7,Democratic Party,-0.398,-0.552,0.944,263,404error,George MILLER,404error,404error,404error,404error,404error,404error,"MILLER, George",404error,404error,404error,"^MILLER, G$","^MILLER, NA$",404error,404error,NA,1
NA,79814,2010-03-16,2010,111,"Young, D.","donald young|donald edwin young|donald e young|don young|don edwin young|don e young|young, donald|^young, d$|young, don|d e young","YOUNG, Donald Edwin",VA,Request for fee basis authorization for chemotherapy treatment,1,NA,1,NA,NA,NA,Multiple Young's FOIA,NA,Donald,D,Don,Edwin,E,YOUNG,MH11114066,14066,200,(AK-01),alaska,AK,House,014066.jpg,donald-edwin-young,1,Republican Party,0.021,0.283,0.5590061709205599,183,404error,Donald YOUNG,404error,Don YOUNG,Donald Edwin YOUNG,Donald E YOUNG,Don Edwin YOUNG,Don E YOUNG,"YOUNG, Donald",404error,404error,D E YOUNG,"^YOUNG, D$","^YOUNG, D$","YOUNG, Don",404error,NA,1
NA,79987,2010-03-29,2010,111,"Young, D.","donald young|donald edwin young|donald e young|don young|don edwin young|don e young|young, donald|^young, d$|young, don|d e young","YOUNG, Donald Edwin",VA,Questions about VA chiropractic care,1,NA,1,NA,NA,NA,Multiple Young's FOIA,NA,Donald,D,Don,Edwin,E,YOUNG,MH11114066,14066,200,(AK-01),alaska,AK,House,014066.jpg,donald-edwin-young,1,Republican Party,0.021,0.283,0.5590061709205599,183,404error,Donald YOUNG,404error,Don YOUNG,Donald Edwin YOUNG,Donald E YOUNG,Don Edwin YOUNG,Don E YOUNG,"YOUNG, Donald",404error,404error,D E YOUNG,"^YOUNG, D$","^YOUNG, D$","YOUNG, Don",404error,NA,1
NA,80101,2010-04-07,2010,111,"Rogers, M.","mike rogers|mike dennis rogers|mike d rogers|michael rogers|michael dennis rogers|michael d rogers|rogers, mike|^rogers, m$|rogers, michael|m d rogers","ROGERS, Mike Dennis",VA,Request for medical records from 1975,1,NA,1,NA,NA,NA,Multiple Rogers' FOIA,NA,Mike,M,Michael,Dennis,D,ROGERS,MH11120301,20301,200,(AL-03),alabama,AL,House,020301.jpg,mike-dennis-rogers,3,Republican Party,0.457,0.352,0.82153345777213,183,404error,Mike ROGERS,404error,Michael ROGERS,Mike Dennis ROGERS,Mike D ROGERS,Michael Dennis ROGERS,Michael D ROGERS,"ROGERS, Mike",404error,404error,M D ROGERS,"^ROGERS, M$","^ROGERS, M$","ROGERS, Michael",404error,NA,1
NA,80102,2010-04-07,2010,111,"Rogers, M.","mike rogers|mike j rogers|michael rogers|michael j rogers|rogers, mike|^rogers, m$|rogers, michael|m j rogers","ROGERS, Mike",VA,Request for medical records from 1975,1,NA,1,NA,NA,NA,Multiple Rogers' FOIA,NA,Mike,M,Michael,NA,J,ROGERS,MH11120120,20120,200,(MI-08),michigan,MI,House,020120.jpg,mike-rogers,8,Republican Party,0.098,0.4,0.832,183,404error,Mike ROGERS,404error,Michael ROGERS,404error,Mike J ROGERS,404error,Michael J ROGERS,"ROGERS, Mike",404error,404error,M J ROGERS,"^ROGERS, M$","^ROGERS, M$","ROGERS, Michael",404error,NA,1
NA,80125,2010-04-08,2010,111,"Miller, G.","gary miller|gary g miller|miller, gary|^miller, g$|^miller, na$|g g miller","MILLER, Gary G.",VA,Employment issues,1,NA,1,NA,NA,NA,Multiple Miller's FOIA,NA,Gary,G,NA,G,G,MILLER,MH11129905,29905,200,(CA-42),california,CA,House,029905.jpg,gary-g-miller,42,Republican Party,0.222,0.478,0.828,183,404error,Gary MILLER,404error,404error,Gary G MILLER,Gary G MILLER,404error,404error,"MILLER, Gary",404error,404error,G G MILLER,"^MILLER, G$","^MILLER, NA$",404error,404error,NA,1
NA,80126,2010-04-08,2010,111,"Miller, G.","george miller|miller, george|^miller, g$|^miller, na$","MILLER, George",VA,Employment issues,1,NA,1,NA,NA,NA,Multiple Miller's FOIA,NA,George,G,NA,NA,NA,MILLER,MH11114256,14256,100,(CA-07),california,CA,House,014256.jpg,george-miller,7,Democratic Party,-0.398,-0.552,0.944,263,404error,George MILLER,404error,404error,404error,404error,404error,404error,"MILLER, George",404error,404error,404error,"^MILLER, G$","^MILLER, NA$",404error,404error,NA,1
NA,80222,2010-04-15,2010,111,"Young, D.","donald young|donald edwin young|donald e young|don young|don edwin young|don e young|young, donald|^young, d$|young, don|d e young","YOUNG, Donald Edwin",VA,Requesting assistance with VA appeal,1,NA,1,NA,NA,NA,Multiple Young's FOIA,NA,Donald,D,Don,Edwin,E,YOUNG,MH11114066,14066,200,(AK-01),alaska,AK,House,014066.jpg,donald-edwin-young,1,Republican Party,0.021,0.283,0.5590061709205599,183,404error,Donald YOUNG,404error,Don YOUNG,Donald Edwin YOUNG,Donald E YOUNG,Don Edwin YOUNG,Don E YOUNG,"YOUNG, Donald",404error,404error,D E YOUNG,"^YOUNG, D$","^YOUNG, D$","YOUNG, Don",404error,NA,1
NA,80689,2010-05-18,2010,111,"Young, D.","donald young|donald edwin young|donald e young|don young|don edwin young|don e young|young, donald|^young, d$|young, don|d e young","YOUNG, Donald Edwin",VA,Follow up: Requesting assistance with VA appeal,1,NA,1,NA,NA,NA,Multiple Young's FOIA,NA,Donald,D,Don,Edwin,E,YOUNG,MH11114066,14066,200,(AK-01),alaska,AK,House,014066.jpg,donald-edwin-young,1,Republican Party,0.021,0.283,0.5590061709205599,183,404error,Donald YOUNG,404error,Don YOUNG,Donald Edwin YOUNG,Donald E YOUNG,Don Edwin YOUNG,Don E YOUNG,"YOUNG, Donald",404error,404error,D E YOUNG,"^YOUNG, D$","^YOUNG, D$","YOUNG, Don",404error,NA,1
NA,80853,2010-06-01,2010,111,"Rogers, M. (AL)",NA,,VA,Urgent request for help in locating missing brother,1,NA,1,NA,NA,NA,Multiple Rogers' FOIA,NA,NA,NA,NA,NA,NA,NA,NA,NA,NA,NA,NA,NA,,NA,NA,NA,,NA,NA,NA,NA,NA,NA,NA,NA,NA,NA,NA,NA,NA,NA,NA,NA,NA,NA,NA,NA,NA,1
NA,80973,2010-06-10,2010,111,"Rogers, M. (AL)",NA,,VA,Bid specifications for headstones at national cemeteries,2,NA,3,NA,NA,NA,Multiple Rogers' FOIA,NA,NA,NA,NA,NA,NA,NA,NA,NA,NA,NA,NA,NA,,NA,NA,NA,,NA,NA,NA,NA,NA,NA,NA,NA,NA,NA,NA,NA,NA,NA,NA,NA,NA,NA,NA,NA,NA,1
NA,81184,2010-06-25,2010,111,"Miller, G.","gary miller|gary g miller|miller, gary|^miller, g$|^miller, na$|g g miller","MILLER, Gary G.",VA,Complaint about letter of recommendation,1,NA,1,NA,NA,NA,Multiple Miller's FOIA,NA,Gary,G,NA,G,G,MILLER,MH11129905,29905,200,(CA-42),california,CA,House,029905.jpg,gary-g-miller,42,Republican Party,0.222,0.478,0.828,183,404error,Gary MILLER,404error,404error,Gary G MILLER,Gary G MILLER,404error,404error,"MILLER, Gary",404error,404error,G G MILLER,"^MILLER, G$","^MILLER, NA$",404error,404error,NA,1
NA,81185,2010-06-25,2010,111,"Miller, G.","george miller|miller, george|^miller, g$|^miller, na$","MILLER, George",VA,Complaint about letter of recommendation,1,NA,1,NA,NA,NA,Multiple Miller's FOIA,NA,George,G,NA,NA,NA,MILLER,MH11114256,14256,100,(CA-07),california,CA,House,014256.jpg,george-miller,7,Democratic Party,-0.398,-0.552,0.944,263,404error,George MILLER,404error,404error,404error,404error,404error,404error,"MILLER, George",404error,404error,404error,"^MILLER, G$","^MILLER, NA$",404error,404error,NA,1
NA,81328,2010-07-08,2010,111,"Rogers, M. (AL)",NA,,VA,Accrued benefits claim,1,NA,1,NA,NA,NA,Multiple Rogers' FOIA,NA,NA,NA,NA,NA,NA,NA,NA,NA,NA,NA,NA,NA,,NA,NA,NA,,NA,NA,NA,NA,NA,NA,NA,NA,NA,NA,NA,NA,NA,NA,NA,NA,NA,NA,NA,NA,NA,1
NA,82069,2010-08-26,2010,111,"Miller, G.","gary miller|gary g miller|miller, gary|^miller, g$|^miller, na$|g g miller","MILLER, Gary G.",VA,Injured by foot surgery at VA facility,1,NA,1,NA,NA,NA,Multiple Miller's FOIA,NA,Gary,G,NA,G,G,MILLER,MH11129905,29905,200,(CA-42),california,CA,House,029905.jpg,gary-g-miller,42,Republican Party,0.222,0.478,0.828,183,404error,Gary MILLER,404error,404error,Gary G MILLER,Gary G MILLER,404error,404error,"MILLER, Gary",404error,404error,G G MILLER,"^MILLER, G$","^MILLER, NA$",404error,404error,NA,1
NA,82070,2010-08-26,2010,111,"Miller, G.","george miller|miller, george|^miller, g$|^miller, na$","MILLER, George",VA,Injured by foot surgery at VA facility,1,NA,1,NA,NA,NA,Multiple Miller's FOIA,NA,George,G,NA,NA,NA,MILLER,MH11114256,14256,100,(CA-07),california,CA,House,014256.jpg,george-miller,7,Democratic Party,-0.398,-0.552,0.944,263,404error,George MILLER,404error,404error,404error,404error,404error,404error,"MILLER, George",404error,404error,404error,"^MILLER, G$","^MILLER, NA$",404error,404error,NA,1
NA,82125,2010-08-31,2010,111,"Rogers, M.","mike rogers|mike dennis rogers|mike d rogers|michael rogers|michael dennis rogers|michael d rogers|rogers, mike|^rogers, m$|rogers, michael|m d rogers","ROGERS, Mike Dennis",VA,accrued benefits,1,NA,1,NA,NA,NA,Multiple Rogers' FOIA,NA,Mike,M,Michael,Dennis,D,ROGERS,MH11120301,20301,200,(AL-03),alabama,AL,House,020301.jpg,mike-dennis-rogers,3,Republican Party,0.457,0.352,0.82153345777213,183,404error,Mike ROGERS,404error,Michael ROGERS,Mike Dennis ROGERS,Mike D ROGERS,Michael Dennis ROGERS,Michael D ROGERS,"ROGERS, Mike",404error,404error,M D ROGERS,"^ROGERS, M$","^ROGERS, M$","ROGERS, Michael",404error,NA,1
NA,82126,2010-08-31,2010,111,"Rogers, M.","mike rogers|mike j rogers|michael rogers|michael j rogers|rogers, mike|^rogers, m$|rogers, michael|m j rogers","ROGERS, Mike",VA,accrued benefits,1,NA,1,NA,NA,NA,Multiple Rogers' FOIA,NA,Mike,M,Michael,NA,J,ROGERS,MH11120120,20120,200,(MI-08),michigan,MI,House,020120.jpg,mike-rogers,8,Republican Party,0.098,0.4,0.832,183,404error,Mike ROGERS,404error,Michael ROGERS,404error,Mike J ROGERS,404error,Michael J ROGERS,"ROGERS, Mike",404error,404error,M J ROGERS,"^ROGERS, M$","^ROGERS, M$","ROGERS, Michael",404error,NA,1
NA,82144,2010-09-01,2010,111,"Rogers, M.","mike rogers|mike dennis rogers|mike d rogers|michael rogers|michael dennis rogers|michael d rogers|rogers, mike|^rogers, m$|rogers, michael|m d rogers","ROGERS, Mike Dennis",VA,status of appeal,1,NA,1,NA,NA,NA,Multiple Rogers' FOIA,NA,Mike,M,Michael,Dennis,D,ROGERS,MH11120301,20301,200,(AL-03),alabama,AL,House,020301.jpg,mike-dennis-rogers,3,Republican Party,0.457,0.352,0.82153345777213,183,404error,Mike ROGERS,404error,Michael ROGERS,Mike Dennis ROGERS,Mike D ROGERS,Michael Dennis ROGERS,Michael D ROGERS,"ROGERS, Mike",404error,404error,M D ROGERS,"^ROGERS, M$","^ROGERS, M$","ROGERS, Michael",404error,NA,1
NA,82145,2010-09-01,2010,111,"Rogers, M.","mike rogers|mike j rogers|michael rogers|michael j rogers|rogers, mike|^rogers, m$|rogers, michael|m j rogers","ROGERS, Mike",VA,status of appeal,1,NA,1,NA,NA,NA,Multiple Rogers' FOIA,NA,Mike,M,Michael,NA,J,ROGERS,MH11120120,20120,200,(MI-08),michigan,MI,House,020120.jpg,mike-rogers,8,Republican Party,0.098,0.4,0.832,183,404error,Mike ROGERS,404error,Michael ROGERS,404error,Mike J ROGERS,404error,Michael J ROGERS,"ROGERS, Mike",404error,404error,M J ROGERS,"^ROGERS, M$","^ROGERS, M$","ROGERS, Michael",404error,NA,1
NA,82476,2010-09-27,2010,111,"Rogers, M.","mike rogers|mike dennis rogers|mike d rogers|michael rogers|michael dennis rogers|michael d rogers|rogers, mike|^rogers, m$|rogers, michael|m d rogers","ROGERS, Mike Dennis",VA,Status of claim,1,NA,1,NA,NA,NA,Multiple Rogers' FOIA,NA,Mike,M,Michael,Dennis,D,ROGERS,MH11120301,20301,200,(AL-03),alabama,AL,House,020301.jpg,mike-dennis-rogers,3,Republican Party,0.457,0.352,0.82153345777213,183,404error,Mike ROGERS,404error,Michael ROGERS,Mike Dennis ROGERS,Mike D ROGERS,Michael Dennis ROGERS,Michael D ROGERS,"ROGERS, Mike",404error,404error,M D ROGERS,"^ROGERS, M$","^ROGERS, M$","ROGERS, Michael",404error,NA,1
NA,82477,2010-09-27,2010,111,"Rogers, M.","mike rogers|mike j rogers|michael rogers|michael j rogers|rogers, mike|^rogers, m$|rogers, michael|m j rogers","ROGERS, Mike",VA,Status of claim,1,NA,1,NA,NA,NA,Multiple Rogers' FOIA,NA,Mike,M,Michael,NA,J,ROGERS,MH11120120,20120,200,(MI-08),michigan,MI,House,020120.jpg,mike-rogers,8,Republican Party,0.098,0.4,0.832,183,404error,Mike ROGERS,404error,Michael ROGERS,404error,Mike J ROGERS,404error,Michael J ROGERS,"ROGERS, Mike",404error,404error,M J ROGERS,"^ROGERS, M$","^ROGERS, M$","ROGERS, Michael",404error,NA,1
NA,82532,2010-09-30,2010,111,"Miller, G.","gary miller|gary g miller|miller, gary|^miller, g$|^miller, na$|g g miller","MILLER, Gary G.",VA,status of A&A claim,1,NA,1,NA,NA,NA,Multiple Miller's FOIA,NA,Gary,G,NA,G,G,MILLER,MH11129905,29905,200,(CA-42),california,CA,House,029905.jpg,gary-g-miller,42,Republican Party,0.222,0.478,0.828,183,404error,Gary MILLER,404error,404error,Gary G MILLER,Gary G MILLER,404error,404error,"MILLER, Gary",404error,404error,G G MILLER,"^MILLER, G$","^MILLER, NA$",404error,404error,NA,1
NA,82533,2010-09-30,2010,111,"Miller, G.","george miller|miller, george|^miller, g$|^miller, na$","MILLER, George",VA,status of A&A claim,1,NA,1,NA,NA,NA,Multiple Miller's FOIA,NA,George,G,NA,NA,NA,MILLER,MH11114256,14256,100,(CA-07),california,CA,House,014256.jpg,george-miller,7,Democratic Party,-0.398,-0.552,0.944,263,404error,George MILLER,404error,404error,404error,404error,404error,404error,"MILLER, George",404error,404error,404error,"^MILLER, G$","^MILLER, NA$",404error,404error,NA,1
NA,82867,2010-11-02,2010,111,"Rogers, M.","mike rogers|mike dennis rogers|mike d rogers|michael rogers|michael dennis rogers|michael d rogers|rogers, mike|^rogers, m$|rogers, michael|m d rogers","ROGERS, Mike Dennis",VA,patient care VAMC Muskegee,1,NA,1,NA,NA,NA,Multiple Rogers' FOIA,NA,Mike,M,Michael,Dennis,D,ROGERS,MH11120301,20301,200,(AL-03),alabama,AL,House,020301.jpg,mike-dennis-rogers,3,Republican Party,0.457,0.352,0.82153345777213,183,404error,Mike ROGERS,404error,Michael ROGERS,Mike Dennis ROGERS,Mike D ROGERS,Michael Dennis ROGERS,Michael D ROGERS,"ROGERS, Mike",404error,404error,M D ROGERS,"^ROGERS, M$","^ROGERS, M$","ROGERS, Michael",404error,NA,1
NA,82868,2010-11-02,2010,111,"Rogers, M.","mike rogers|mike j rogers|michael rogers|michael j rogers|rogers, mike|^rogers, m$|rogers, michael|m j rogers","ROGERS, Mike",VA,patient care VAMC Muskegee,1,NA,1,NA,NA,NA,Multiple Rogers' FOIA,NA,Mike,M,Michael,NA,J,ROGERS,MH11120120,20120,200,(MI-08),michigan,MI,House,020120.jpg,mike-rogers,8,Republican Party,0.098,0.4,0.832,183,404error,Mike ROGERS,404error,Michael ROGERS,404error,Mike J ROGERS,404error,Michael J ROGERS,"ROGERS, Mike",404error,404error,M J ROGERS,"^ROGERS, M$","^ROGERS, M$","ROGERS, Michael",404error,NA,1
NA,83219,2010-12-07,2010,111,"Rogers, M.","mike rogers|mike dennis rogers|mike d rogers|michael rogers|michael dennis rogers|michael d rogers|rogers, mike|^rogers, m$|rogers, michael|m d rogers","ROGERS, Mike Dennis",VA,Employment issues,1,NA,1,NA,NA,NA,Multiple Rogers' FOIA,NA,Mike,M,Michael,Dennis,D,ROGERS,MH11120301,20301,200,(AL-03),alabama,AL,House,020301.jpg,mike-dennis-rogers,3,Republican Party,0.457,0.352,0.82153345777213,183,404error,Mike ROGERS,404error,Michael ROGERS,Mike Dennis ROGERS,Mike D ROGERS,Michael Dennis ROGERS,Michael D ROGERS,"ROGERS, Mike",404error,404error,M D ROGERS,"^ROGERS, M$","^ROGERS, M$","ROGERS, Michael",404error,NA,1
NA,83220,2010-12-07,2010,111,"Rogers, M.","mike rogers|mike j rogers|michael rogers|michael j rogers|rogers, mike|^rogers, m$|rogers, michael|m j rogers","ROGERS, Mike",VA,Employment issues,1,NA,1,NA,NA,NA,Multiple Rogers' FOIA,NA,Mike,M,Michael,NA,J,ROGERS,MH11120120,20120,200,(MI-08),michigan,MI,House,020120.jpg,mike-rogers,8,Republican Party,0.098,0.4,0.832,183,404error,Mike ROGERS,404error,Michael ROGERS,404error,Mike J ROGERS,404error,Michael J ROGERS,"ROGERS, Mike",404error,404error,M J ROGERS,"^ROGERS, M$","^ROGERS, M$","ROGERS, Michael",404error,NA,1
NA,83282,2010-12-13,2010,111,"Young, D.","donald young|donald edwin young|donald e young|don young|don edwin young|don e young|young, donald|^young, d$|young, don|d e young","YOUNG, Donald Edwin",VA,Non-VA emergency medical care payment issue,1,NA,1,NA,NA,NA,Multiple Young's FOIA,NA,Donald,D,Don,Edwin,E,YOUNG,MH11114066,14066,200,(AK-01),alaska,AK,House,014066.jpg,donald-edwin-young,1,Republican Party,0.021,0.283,0.5590061709205599,183,404error,Donald YOUNG,404error,Don YOUNG,Donald Edwin YOUNG,Donald E YOUNG,Don Edwin YOUNG,Don E YOUNG,"YOUNG, Donald",404error,404error,D E YOUNG,"^YOUNG, D$","^YOUNG, D$","YOUNG, Don",404error,NA,1
