agency,bioname,DATE,SUBJECT,TYPE,ALT_TYPE,POLICY_EVENT,EVENT_NAME,EVENT_DATE,NOTES,n
DOE_FERC,"ROBERTS, Charles Patrick (Pat)",2006-05-03,"US Senator Pat Roberts forwards comments of a constituent re dock construction issue at Bella Terra Villas at the Lake of the Ozarks, Missouri under P-459.",1,NA,NA,NA,NA,bad files,2
DOE_FERC,"ROBERTS, Charles Patrick (Pat)",2006-05-03,"US Senator Pat Roberts forwards comments of a constituent re dock construction issue at Bella Terra Villas at the Lake of the Ozarks, Missouri under P-459.",1,NA,NA,NA,NA,NA,2
DOE_FERC,"KERRY, John Forbes",2006-05-17,"US Senator John Kerry forwards a correspondence from an individual re concerns about the proposed Compressor Station in Methuan, MA under PF05-17.",1,NA,NA,NA,NA,bad files,2
DOE_FERC,"KERRY, John Forbes",2006-05-17,"US Senator John Kerry forwards a correspondence from an individual re concerns about the proposed Compressor Station in Methuan, MA under PF05-17.",1,NA,NA,NA,NA,NA,2
DOE_FERC,"REID, Harry",2006-09-07,US Senator Harry Reid forwards a letter on behalf of his constituent regarding restoration at the Klamath River salmon populations under P-2082.,1,NA,NA,NA,NA,NA,2
DOE_FERC,"REID, Harry",2006-09-07,US Senator Harry Reid forwards a letter on behalf of his constituent regarding restoration at the Klamath River salmon populations under P-2082.,1,NA,NA,NA,NA,bad files NA,2
DOE_FERC,"COCHRAN, William Thad",2006-09-29,US Senator Thad Cochran submits a letter from Gulf South Pipeline to landowners as more information re their proposal to construct and operate a new natural gas pipeline in central Mississippi and western Alabama under PF06-31.,NA,NA,NA,NA,NA,bad files NA,2
DOE_FERC,"COCHRAN, William Thad",2006-09-29,US Senator Thad Cochran submits a letter from Gulf South Pipeline to landowners as more information re their proposal to construct and operate a new natural gas pipeline in central Mississippi and western Alabama under PF06-31.,NA,NA,NA,NA,NA,NA,2
DOL_MSHA,"MILLER, George",2007-01-03,Request All Documents Received from Sandia on Lightning Study; Sago/Darby Mine,5,NA,information,Sandia on Lightning Study; Sago/Darby Mine,NA,resulted in MINER Act,2
DOL_MSHA,"MILLER, George",2007-01-03,Request All Documents Received from Sandia on Lightning Study; Sago/Darby Mine,NA,NA,NA,NA,NA,NA,2
DOL_MSHA,"RAHALL, Nick Joe, II",2007-01-09,Employment With MSHA,1,NA,NA,NA,NA,NA,2
DOL_MSHA,"RAHALL, Nick Joe, II",2007-01-09,Employment With MSHA,NA,NA,NA,NA,NA,NA,2
DOL_MSHA,"SHIMKUS, John M.",2007-01-10,Timely Job Transfer,1,NA,NA,NA,NA,NA,2
DOL_MSHA,"SHIMKUS, John M.",2007-01-10,Timely Job Transfer,NA,NA,NA,NA,NA,NA,2
DOL_MSHA,"GRAHAM, Lindsey O.",2007-01-25,Employment With MSHA Issues,1,NA,NA,NA,NA,NA,2
DOL_MSHA,"GRAHAM, Lindsey O.",2007-01-25,Employment With MSHA Issues,NA,NA,NA,NA,NA,NA,2
DOL_MSHA,"MIKULSKI, Barbara Ann",2007-01-29,MSHA Issue,1,NA,NA,NA,NA,NA,2
DOL_MSHA,"MIKULSKI, Barbara Ann",2007-01-29,MSHA Issue,NA,NA,NA,NA,NA,NA,2
DOL_MSHA,"SHIMKUS, John M.",2007-01-30,Request to Expedite a MSHA Job Transfer,1,NA,NA,NA,NA,NA,2
DOL_MSHA,"SHIMKUS, John M.",2007-01-30,Request to Expedite a MSHA Job Transfer,NA,NA,NA,NA,NA,NA,2
DOL_MSHA,"MILLER, George",2007-02-01,Implementing the MINER Act/What Are Your Plans to Accelerate & Improve the Laws?,5,NA,legislation,MINER Act,past,NA,2
DOL_MSHA,"MILLER, George",2007-02-01,Implementing the MINER Act/What Are Your Plans to Accelerate & Improve the Laws?,NA,NA,NA,NA,NA,NA,2
DOL_MSHA,"SHIMKUS, John M.",2007-02-05,Duty Transfer Within MSHA Issue,1,NA,NA,NA,NA,NA,2
DOL_MSHA,"SHIMKUS, John M.",2007-02-05,Duty Transfer Within MSHA Issue,NA,NA,NA,NA,NA,NA,2
DOL_MSHA,"SHIMKUS, John M.",2007-02-07,Duty Transfer Within MSHA lssue/2nd Letter,1,NA,NA,NA,NA,NA,2
DOL_MSHA,"SHIMKUS, John M.",2007-02-07,Duty Transfer Within MSHA lssue/2nd Letter,NA,NA,NA,NA,NA,NA,2
DOL_MSHA,"BUNNING, James Paul David",2007-02-13,MSHA Personnel Complaint-Kentucky,1,NA,NA,NA,NA,NA,2
DOL_MSHA,"BUNNING, James Paul David",2007-02-13,MSHA Personnel Complaint-Kentucky,NA,NA,NA,NA,NA,NA,2
DOL_MSHA,"MILLER, George",2007-02-13,Request You Move Fast to Deal With Serious Danger to Underground Coal Miners,5,NA,NA,NA,NA,NA,2
DOL_MSHA,"MILLER, George",2007-02-13,Request You Move Fast to Deal With Serious Danger to Underground Coal Miners,NA,NA,NA,NA,NA,NA,2
DOL_MSHA,"LEAHY, Patrick Joseph",2007-02-15,Violations by MSHA Investigators,2,1,NA,NA,NA,could be a company's violations?,2
DOL_MSHA,"LEAHY, Patrick Joseph",2007-02-15,Violations by MSHA Investigators,NA,NA,NA,NA,NA,NA,2
DOL_MSHA,"BYRD, Robert Carlyle",2007-02-20,"Request $299,836M for MSHA to Hire & Train Inspectors/ $1.5Mfor NTTC",3,5,budget allocation,NA,NA,NTTC is federally funded but housed in non-profit university. Seems to be advocating for funding for them,2
DOL_MSHA,"BYRD, Robert Carlyle",2007-02-20,"Request $299,836M for MSHA to Hire & Train Inspectors/ $1.5Mfor NTTC",NA,NA,NA,NA,NA,NA,2
DOL_MSHA,"HARKIN, Thomas Richard (Tom)",2007-03-02,Questions for the Record/2/28/07 Labor-HHS Approp. Subcom. Hearing,5,NA,hearing,Labor-HHS Approp. Subcom. Hearing,2007-02-28,NA,2
DOL_MSHA,"HARKIN, Thomas Richard (Tom)",2007-03-02,Questions for the Record/2/28/07 Labor-HHS Approp. Subcom. Hearing,NA,NA,NA,NA,NA,NA,2
DOL_MSHA,"MILLER, George",2007-03-09,Appeals Court Rejected Rules MSHA Issued to Protect Workers from Diesel Exposure,5,NA,lawsuit; rule,Appeals Court Rejected Rules,NA,NA,2
DOL_MSHA,"MILLER, George",2007-03-09,Appeals Court Rejected Rules MSHA Issued to Protect Workers from Diesel Exposure,NA,NA,NA,NA,NA,NA,2
DOL_MSHA,"SPECTER, Arlen",2007-03-15,Priorities for Implementing the MINER Act,5,NA,legislation; budget allocation,MINER Act,past,from Appropriations - budget,2
DOL_MSHA,"SPECTER, Arlen",2007-03-15,Priorities for Implementing the MINER Act,NA,NA,NA,NA,NA,NA,2
DOL_MSHA,"GORDON, Barton Jennings",2007-03-16,Copy of DOL's Policy on Editing & Release of Scientific Reports/Publications,5,NA,information,NA,NA,NA,2
DOL_MSHA,"GORDON, Barton Jennings",2007-03-16,Copy of DOL's Policy on Editing & Release of Scientific Reports/Publications,NA,NA,NA,NA,NA,NA,2
DOL_MSHA,"MILLER, Brad",2007-03-16,Copy of DOL's Policy on Editing & Release of Scientific Reports/Publications,5,NA,information,NA,NA,NA,2
DOL_MSHA,"MILLER, Brad",2007-03-16,Copy of DOL's Policy on Editing & Release of Scientific Reports/Publications,NA,NA,NA,NA,NA,NA,2
DOL_MSHA,"MILLER, George",2007-03-16,"Urge DOL, Take Action to Require Use of Chambers In Underground Mines/MINER Act",5,NA,legislation,MINER ACT,past,NA,2
DOL_MSHA,"MILLER, George",2007-03-16,"Urge DOL, Take Action to Require Use of Chambers in Underground Mines/MINER Act",5,NA,legislation,MINER ACT,past,NA,2
DOL_MSHA,"MILLER, George",2007-03-16,"Urge DOL, Take Action to Require Use of Chambers In Underground Mines/MINER Act",NA,NA,NA,NA,NA,NA,2
DOL_MSHA,"MILLER, George",2007-03-16,"Urge DOL, Take Action to Require Use of Chambers in Underground Mines/MINER Act",NA,NA,NA,NA,NA,NA,2
DOL_MSHA,"SMITH, Gordon Harold",2007-03-16,Difficulties With MSHA,1,NA,NA,NA,NA,NA,2
DOL_MSHA,"SMITH, Gordon Harold",2007-03-16,Difficulties With MSHA,NA,NA,NA,NA,NA,NA,2
DOL_MSHA,"WELCH, Peter",2007-03-21,Gavel Mines/Violations & Citations Complaint,2,NA,enforcement,NA,NA,NA,2
DOL_MSHA,"WELCH, Peter",2007-03-21,Gavel Mines/Violations & Citations Complaint,NA,NA,NA,NA,NA,NA,2
DOL_MSHA,"MURRAY, Patty",2007-03-22,Questions from the Hill Pertaining to MSHA,5,NA,information,NA,NA,NA,2
DOL_MSHA,"MURRAY, Patty",2007-03-22,Questions from the Hill Pertaining to MSHA,NA,NA,NA,NA,NA,NA,2
DOL_MSHA,"BYRD, Robert Carlyle",2007-03-27,Developed an Underground Monitoring Sys that Measures Roof Collapses in Mines,1,3,NA,NA,NA,no indication who is performing research,2
DOL_MSHA,"BYRD, Robert Carlyle",2007-03-27,Developed an Underground Monitoring Sys that Measures Roof Collapses in Mines,NA,NA,NA,NA,NA,NA,2
DOL_MSHA,"BYRD, Robert Carlyle",2007-04-19,What Corrective Actions is MSHA Implementing to Address Mine Safety Problems?,5,4,NA,NA,NA,NA,2
DOL_MSHA,"BYRD, Robert Carlyle",2007-04-19,What Corrective Actions is MSHA Implementing to Address Mine Safety Problems?,NA,NA,NA,NA,NA,NA,2
DOL_MSHA,"RAHALL, Nick Joe, II",2007-04-19,What Corrective Actions is MSHA Implementing to Address Mine Safety Problems?,5,4,NA,NA,NA,NA,2
DOL_MSHA,"RAHALL, Nick Joe, II",2007-04-19,What Corrective Actions is MSHA Implementing to Address Mine Safety Problems?,NA,NA,NA,NA,NA,NA,2
DOL_MSHA,"ROCKEFELLER, John Davison IV (Jay)",2007-04-19,What Corrective Actions is MSHA Implementing to Address Mine Safety Problems?,5,4,NA,NA,NA,NA,2
DOL_MSHA,"ROCKEFELLER, John Davison IV (Jay)",2007-04-19,What Corrective Actions is MSHA Implementing to Address Mine Safety Problems?,NA,NA,NA,NA,NA,NA,2
DOL_MSHA,"COLLINS, Susan Margaret",2007-04-26,Request Clarification on MSHA's Standards On Mine ID Registrations,2,1,NA,NA,NA,NA,2
DOL_MSHA,"COLLINS, Susan Margaret",2007-04-26,Request Clarification on MSHA's Standards On Mine ID Registrations,NA,NA,NA,NA,NA,NA,2
DOE_FERC,"COLLINS, Susan Margaret",2007-04-30,US Senator Susan M Collins provides comments on behalf of a constituent expressing concerns re a proposed liquefied natural gas terminal in Washington County under CP07-38.,1,NA,NA,NA,NA,bad files NA,2
DOE_FERC,"COLLINS, Susan Margaret",2007-04-30,US Senator Susan M Collins provides comments on behalf of a constituent expressing concerns re a proposed liquefied natural gas terminal in Washington County under CP07-38.,1,NA,NA,NA,NA,NA,2
DOT_FAA,"ANDREWS, Robert Ernest",2007-05-04,Concerned about the public meetings FAA held regarding its plans for New York/New Jersey/Philadelphia airspace redesign,4,NA,NA,NA,NA,NA,2
DOT_FAA,"ANDREWS, Robert Ernest",2007-05-04,Concerned about the public meetings FAA held regarding its plans for New York/New Jersey/Philadelphia airspace redesign,5,NA,NA,NA,NA,NA,2
DOT_FAA,"LAUTENBERG, Frank Raleigh",2007-05-04,Concerned about the public meetings FAA held regarding its plans for New York/New Jersey/Philadelphia airspace redesign,4,NA,NA,NA,NA,NA,2
DOT_FAA,"LAUTENBERG, Frank Raleigh",2007-05-04,Concerned about the public meetings FAA held regarding its plans for New York/New Jersey/Philadelphia airspace redesign,5,NA,NA,NA,NA,NA,2
DOT_FAA,"MENENDEZ, Robert",2007-05-04,Concerned about the public meetings FAA held regarding its plans for New York/New Jersey/Philadelphia airspace redesign,4,NA,NA,NA,NA,NA,2
DOT_FAA,"MENENDEZ, Robert",2007-05-04,Concerned about the public meetings FAA held regarding its plans for New York/New Jersey/Philadelphia airspace redesign,5,NA,NA,NA,NA,NA,2
DOL_MSHA,"RAMSTAD, James (Jim)",2007-05-14,Services for MSHA,1,NA,NA,NA,NA,NA,2
DOL_MSHA,"RAMSTAD, James (Jim)",2007-05-14,Services for MSHA,NA,NA,NA,NA,NA,NA,2
DOL_MSHA,"OBERSTAR, James Louis",2007-05-31,Concern About the Efficiency of the A-76 Study Regarding,1,5,NA,Competitive Souring Initiative (A-76),NA,seems to be about study itself as well as individuals,3
DOL_MSHA,"OBERSTAR, James Louis",2007-05-31,Concern About the Efficiency of the A-76 Study Regarding,1,4,NA,Competitive Souring Initiative (A-76),NA,NA,3
DOL_MSHA,"OBERSTAR, James Louis",2007-05-31,Concern About the Efficiency of the A-76 Study Regarding,NA,NA,NA,NA,NA,NA,3
DOL_MSHA,"LUGAR, Richard Green",2007-06-11,MSHA Employee Who Has Been Affected by the Competitive,1,NA,NA,Competitive Souring Initiative (A-76),NA,NA,2
DOL_MSHA,"LUGAR, Richard Green",2007-06-11,MSHA Employee Who Has Been Affected by the Competitive Souring Initiative (A-76),1,NA,NA,Competitive Souring Initiative (A-76),NA,NA,2
DOL_MSHA,"LUGAR, Richard Green",2007-06-11,MSHA Employee Who Has Been Affected by the Competitive,NA,NA,NA,NA,NA,NA,2
DOL_MSHA,"LUGAR, Richard Green",2007-06-11,MSHA Employee Who Has Been Affected by the Competitive Souring Initiative (A-76),NA,NA,NA,NA,NA,NA,2
DOE_FERC,"LUGAR, Richard Green",2007-06-13,"Comments on US Senator Richard Lugar on behalf of a constituent expressing concerns with the proposed Rockies Express, LLC natural gas pipeline under CP07-208.",1,NA,NA,NA,NA,bad files NA,2
DOE_FERC,"LUGAR, Richard Green",2007-06-13,"Comments on US Senator Richard Lugar on behalf of a constituent expressing concerns with the proposed Rockies Express, LLC natural gas pipeline under CP07-208.",1,2,NA,NA,NA,NA,2
DOE_FERC,"CALVERT, Ken",2007-06-14,Congressman Ken Calvert forwards question from his constituent for FERC's review and response concerning the LEAPS Project under P-11858.,1,NA,NA,NA,NA,bad files NA,2
DOE_FERC,"CALVERT, Ken",2007-06-14,Congressman Ken Calvert forwards question from his constituent for FERC's review and response concerning the LEAPS Project under P-11858.,1,NA,NA,NA,NA,NA,2
DOE_FERC,"CASEY, Robert (Bob), Jr.",2007-06-14,Senator Robert P Casey forwards comments on behalf of individuals re a cat walk being closed at the Conowingo Program Project under P-405.,1,NA,NA,NA,NA,bad files NA,2
DOE_FERC,"CASEY, Robert (Bob), Jr.",2007-06-14,Senator Robert P Casey forwards comments on behalf of individuals re a cat walk being closed at the Conowingo Program Project under P-405.,1,NA,NA,NA,NA,NA,2
DOL_MSHA,"BYRD, Robert Carlyle",2007-06-20,Additional Questions On the Implementation of the MINER Act,5,NA,information; legislation; budget allocation,MINER Act,past,information as well as budget allocation (appropriations),3
DOL_MSHA,"BYRD, Robert Carlyle",2007-06-20,Additional Questions On the Implementation of the MINER Act,5,NA,information; legislation; budget allocation,MINER Act,past,NA,3
DOL_MSHA,"BYRD, Robert Carlyle",2007-06-20,Implementation of the MINER Act,5,NA,legislation,MINER Act,past,NA,2
DOL_MSHA,"BYRD, Robert Carlyle",2007-06-20,Additional Questions On the Implementation of the MINER Act,NA,NA,NA,NA,NA,NA,3
DOL_MSHA,"BYRD, Robert Carlyle",2007-06-20,Implementation of the MINER Act,NA,NA,NA,NA,NA,NA,2
DOL_MSHA,"MILLER, George",2007-06-26,Request Information On Matters Involving OMB Review of MSHA Activities,5,NA,information,OMB Review,NA,NA,2
DOL_MSHA,"MILLER, George",2007-06-26,Request Information On Matters Involving OMB Review of MSHA Activities,NA,NA,NA,NA,NA,NA,2
DOT_FAA,"CLINTON, Hillary Rodham",2007-07-06,"Concerned about FAA's intention not to hold a public hearing on the New York/New Jersey/Philadelphia Airspace Redesign project to address noise concerns in Floral Park and Nassau County, New York",4,NA,NA,NA,NA,NA,2
DOT_FAA,"CLINTON, Hillary Rodham",2007-07-06,"Concerned about FAA's intention not to hold a public hearing on the New York/New Jersey/Philadelphia Airspace Redesign project to address noise concerns in Floral Park and Nassau County, New York",5,NA,NA,NA,NA,NA,2
DOT_FAA,"McCARTHY, Carolyn",2007-07-06,"Concerned about FAA's intention not to hold a public hearing on the New York/New Jersey/Philadelphia Airspace Redesign project to address noise concerns in Floral Park and Nassau County, New York",4,NA,NA,NA,NA,NA,2
DOT_FAA,"McCARTHY, Carolyn",2007-07-06,"Concerned about FAA's intention not to hold a public hearing on the New York/New Jersey/Philadelphia Airspace Redesign project to address noise concerns in Floral Park and Nassau County, New York",5,NA,NA,NA,NA,NA,2
DOL_MSHA,"MIKULSKI, Barbara Ann",2007-07-06,NA,1,NA,NA,NA,NA,NA,2
DOL_MSHA,"MIKULSKI, Barbara Ann",2007-07-06,NA,NA,NA,NA,NA,NA,NA,2
DOL_MSHA,"WYDEN, Ronald Lee",2007-07-10,Difficulties with MSHA,1,NA,NA,NA,NA,NA,2
DOL_MSHA,"WYDEN, Ronald Lee",2007-07-10,Difficulties with MSHA,NA,NA,NA,NA,NA,NA,2
DOL_MSHA,"BYRD, Robert Carlyle",2007-07-24,Support Funds for the Mine Safety Training Programs at the College's Academy,3,NA,grant,Mine Safety Training Program,NA,NA,2
DOL_MSHA,"BYRD, Robert Carlyle",2007-07-24,Support Funds for the Mine Safety Training Programs at the College's Academy,NA,NA,NA,NA,NA,NA,2
DOL_MSHA,"MILLER, George",2007-07-24,ETS Concerns the Sealing of Abandoned Areas of Underground Coal Mines/MINER Act,5,NA,legislation; rule,MINER Act,past,"also deals with rule, but cannot tell if future or past",2
DOL_MSHA,"MILLER, George",2007-07-24,ETS Concerns the Sealing of Abandoned Areas of Underground Coal Mines/MINER Act,NA,NA,NA,NA,NA,NA,2
DOL_MSHA,"ROGERS, Harold Dallas (Hal)",2007-07-25,Employment with MSHA,1,NA,NA,NA,NA,NA,2
DOL_MSHA,"ROGERS, Harold Dallas (Hal)",2007-07-25,Employment with MSHA,NA,NA,NA,NA,NA,NA,2
DOL_MSHA,"WELCH, Peter",2007-08-06,"Follow-up on Staffs Initial Inquiry of April 19, 2007",5,NA,information,NA,2007-04-19,NA,2
DOL_MSHA,"WELCH, Peter",2007-08-06,"Follow-up on Staffs Initial Inquiry of April 19, 2007",NA,NA,NA,NA,NA,NA,2
DOL_MSHA,"RAHALL, Nick Joe, II",2007-08-07,Credit to his retirement account,1,NA,NA,NA,NA,NA,2
DOL_MSHA,"RAHALL, Nick Joe, II",2007-08-07,Credit to his retirement account,NA,NA,NA,NA,NA,NA,2
DOL_MSHA,"SMITH, Gordon Harold",2007-08-08,Inspection of Mine,2,1,enforcement,NA,NA,ambiguous who is being advocated for,2
DOL_MSHA,"SMITH, Gordon Harold",2007-08-08,Inspection of Mine,NA,NA,NA,NA,NA,NA,2
DOL_MSHA,"RAHALL, Nick Joe, II",2007-08-13,Efforts to obtain a position with your administration in VW Area,1,NA,NA,NA,NA,NA,2
DOL_MSHA,"RAHALL, Nick Joe, II",2007-08-13,Efforts to obtain a position with your administration in VW Area,NA,NA,NA,NA,NA,NA,2
DOL_MSHA,"TIBERI, Patrick (Pat)",2007-08-13,Humiliated & Unprofessional Removed from His Job,1,NA,NA,NA,NA,NA,2
DOL_MSHA,"TIBERI, Patrick (Pat)",2007-08-13,MSHA Employer Claims He was Humiliated & Unprofessional Removed from His Job,1,NA,NA,NA,NA,NA,2
DOL_MSHA,"TIBERI, Patrick (Pat)",2007-08-13,Humiliated & Unprofessional Removed from His Job,NA,NA,NA,NA,NA,NA,2
DOL_MSHA,"TIBERI, Patrick (Pat)",2007-08-13,MSHA Employer Claims He was Humiliated & Unprofessional Removed from His Job,NA,NA,NA,NA,NA,NA,2
DOL_MSHA,"KENNEDY, Edward Moore (Ted)",2007-08-23,Request Documents & Information Concerning Crandall Canyon Mine in Utah Events,5,NA,disaster; information,Crandall Canyon Mine,NA,NA,2
DOL_MSHA,"KENNEDY, Edward Moore (Ted)",2007-08-23,Request Documents & Information Concerning Crandall Canyon Mine in Utah Events,NA,NA,NA,NA,NA,NA,2
DOL_MSHA,"MILLER, George",2007-08-24,Request Accounting All Emergency Response Plans (ERP) Currently Approved by MSHA,5,NA,disaster,Crandall Canyon Mine,NA,NA,2
DOL_MSHA,"MILLER, George",2007-08-24,Request Accounting All Emergency Response Plans (ERP) Currently Approved by MSHA,NA,NA,NA,NA,NA,NA,2
DOL_MSHA,"ENZI, Michael B.",2007-08-27,Request Apprised of Schedule of Review on Crandall Canyon Mine Tragedy,5,2,disaster; information,NA,NA,NA,2
DOL_MSHA,"ENZI, Michael B.",2007-08-27,Request Apprised of Schedule of Review on Crandall Canyon Mine Tragedy,NA,NA,NA,NA,NA,NA,2
DOL_MSHA,"HATCH, Orrin Grant",2007-08-27,Request Apprised of Schedule of Review on Crandall Canyon Mine Tragedy,5,2,disaster; information,NA,NA,NA,2
DOL_MSHA,"HATCH, Orrin Grant",2007-08-27,Request Apprised of Schedule of Review on Crandall Canyon Mine Tragedy,NA,NA,NA,NA,NA,NA,2
DOL_MSHA,"ISAKSON, Johnny",2007-08-27,Request Apprised of Schedule of Review on Crandall Canyon Mine Tragedy,5,2,disaster; information,NA,NA,NA,2
DOL_MSHA,"ISAKSON, Johnny",2007-08-27,Request Apprised of Schedule of Review on Crandall Canyon Mine Tragedy,NA,NA,NA,NA,NA,NA,2
DOL_MSHA,"HARKIN, Thomas Richard (Tom)",2007-08-29,"Hearing on ""Utah Mine disaster & Preventing Future Tragedies""",5,NA,hearing,NA,NA,NA,2
DOL_MSHA,"HARKIN, Thomas Richard (Tom)",2007-08-29,"Hearing on ""Utah Mine disaster & Preventing Future Tragedies""",NA,NA,NA,NA,NA,NA,2
DOL_MSHA,"SPECTER, Arlen",2007-08-29,"Hearing on ""Utah Mine disaster & Preventing Future Tragedies""",5,NA,hearing,NA,NA,NA,2
DOL_MSHA,"SPECTER, Arlen",2007-08-29,"Hearing on ""Utah Mine disaster & Preventing Future Tragedies""",NA,NA,NA,NA,NA,NA,2
DOL_MSHA,"KENNEDY, Edward Moore (Ted)",2007-09-13,Request Documents & Information Concerning Crandall Canyon,5,NA,disaster; information,Crandall Canyon Mine,NA,NA,2
DOL_MSHA,"KENNEDY, Edward Moore (Ted)",2007-09-13,Request Documents & Information Concerning Crandall Canyon,NA,NA,NA,NA,NA,NA,2
DOL_MSHA,"MURRAY, Patty",2007-09-13,Request Documents & Information Concerning Crandall Canyon,5,NA,disaster; information,Crandall Canyon Mine,NA,NA,2
DOL_MSHA,"MURRAY, Patty",2007-09-13,Request Documents & Information Concerning Crandall Canyon,NA,NA,NA,NA,NA,NA,2
DOL_MSHA,"BYRD, Robert Carlyle",2007-09-14,"DOL Hiring ""Contract Employees"" to Replace Vacant Positions of MSHA Employees",1,NA,NA,NA,NA,might be related to A-76 initiative,3
DOL_MSHA,"BYRD, Robert Carlyle",2007-09-14,"DOL Hiring ""Contract Employees"" to Replace Vacant Positions of MSHA Employees",1,NA,NA,NA,NA,NA,3
DOL_MSHA,"BYRD, Robert Carlyle",2007-09-14,"DOL Hiring ""Contract Employees"" to Replace Vacant Positions of MSHA Employees",NA,NA,NA,NA,NA,NA,3
DOL_MSHA,"TIBERI, Patrick (Pat)",2007-09-19,MSHA Employer Claims He was Humiliated & Unprofessional Removed from his Job,1,NA,NA,NA,NA,NA,2
DOL_MSHA,"TIBERI, Patrick (Pat)",2007-09-19,MSHA Employer Claims He was Humiliated & Unprofessional Removed from his Job,NA,NA,NA,NA,NA,NA,2
DOL_MSHA,"RAHALL, Nick Joe, II",2007-09-20,Death in Mountaineer IIWV Mine Which MSHA Failed to Properly Inspect/Why?,2,5,enforcement; disaster,NA,NA,unsure if advocating for mine,2
DOL_MSHA,"RAHALL, Nick Joe, II",2007-09-20,Death in Mountaineer II WV Mine Which MSHA Failed to Properly Inspect/Why?,2,5,enforcement; disaster,NA,NA,NA,2
DOL_MSHA,"RAHALL, Nick Joe, II",2007-09-20,Death in Mountaineer IIWV Mine Which MSHA Failed to Properly Inspect/Why?,NA,NA,NA,NA,NA,NA,2
DOL_MSHA,"RAHALL, Nick Joe, II",2007-09-20,Death in Mountaineer II WV Mine Which MSHA Failed to Properly Inspect/Why?,NA,NA,NA,NA,NA,NA,2
DOL_MSHA,"WEBB, James H. (Jim)",2007-09-21,"Underground Miner Tracking, IRT Crandall Canyon Mine",1,5,NA,NA,NA,ambiguous why (b)(6) - developed product?,3
DOL_MSHA,"WEBB, James H. (Jim)",2007-09-21,"Underground Miner Tracking, IRT Crandall Canyon Mine",1,5,NA,NA,NA,NA,3
DOL_MSHA,"WEBB, James H. (Jim)",2007-09-21,"Underground Miner Tracking, IRT Crandall Canyon Mine",NA,NA,NA,NA,NA,NA,3
DOL_MSHA,"CHAMBLISS, Saxby",2007-09-26,Safety Systems to Track Trapped Miners in an Event of an Explosion,1,4,NA,NA,NA,NA,2
DOL_MSHA,"CHAMBLISS, Saxby",2007-09-26,Safety Systems to Track Trapped Miners in an Event of an Explosion,NA,NA,NA,NA,NA,NA,2
DOL_MSHA,"PELOSI, Nancy",2007-09-28,Emergency Temporary Standard (ETS) Under the MSHA Act,5,NA,NA,Emergency Temporary Standard (ETS) Under the MSHA Act,past,NA,2
DOL_MSHA,"PELOSI, Nancy",2007-09-28,Emergency Temporary Standard (ETS) Under the MSHA Act,NA,NA,NA,NA,NA,NA,2
DOL_MSHA,"TIBERI, Patrick (Pat)",2007-10-05,MSHA Employee Claims He Was Humiliated & Removed from His Job/Unsatisfied w/RepI,1,NA,NA,NA,NA,NA,2
DOL_MSHA,"TIBERI, Patrick (Pat)",2007-10-05,MSHA Employee Claims He Was Humiliated & Removed from His Job/Unsatisfied w/RepI,NA,NA,NA,NA,NA,NA,2
DOL_MSHA,"CASEY, Robert (Bob), Jr.",2007-10-10,Request MSHA to Inspect Every Mine at Least Four (4) Times Per Year,5,4,NA,NA,NA,NA,2
DOL_MSHA,"CASEY, Robert (Bob), Jr.",2007-10-10,Request MSHA to Inspect Every Mine at Least Four (4) Times Per Year,NA,NA,NA,NA,NA,NA,2
DOL_MSHA,"McCONNELL, Addison Mitchell (Mitch)",2007-10-10,Black Lung Benefits/Follow-Up- Kentucky,1,NA,NA,Black Lung Benefits,NA,NA,2
DOL_MSHA,"McCONNELL, Addison Mitchell (Mitch)",2007-10-10,He Has a Mine Safety Product/Request a Meeting With MSHA Officials-Kentucky,1,2,NA,NA,NA,NA,3
DOL_MSHA,"McCONNELL, Addison Mitchell (Mitch)",2007-10-10,He Has a Mine Safety Product/Request a Meeting With MSHA Officials-Kentucky,1,2,NA,NA,NA,"may refer to cases 89-96, unclear if individual or company",3
DOL_MSHA,"McCONNELL, Addison Mitchell (Mitch)",2007-10-10,Black Lung Benefits/Follow-Up- Kentucky,NA,NA,NA,NA,NA,NA,2
DOL_MSHA,"McCONNELL, Addison Mitchell (Mitch)",2007-10-10,He Has a Mine Safety Product/Request a Meeting With MSHA Officials-Kentucky,NA,NA,NA,NA,NA,NA,3
DOL_MSHA,"KENNEDY, Edward Moore (Ted)",2007-10-11,Status of Mine Inspections & Conflicting Testimony Before Cong. Committees,5,NA,hearing,NA,NA,NA,2
DOL_MSHA,"KENNEDY, Edward Moore (Ted)",2007-10-11,Status of Mine Inspections & Conflicting Testimony Before Cong. Committees,NA,NA,NA,NA,NA,NA,2
DOL_MSHA,"MURRAY, Patty",2007-10-11,Status of Mine Inspections & Conflicting Testimony Before Cong. Committees,5,NA,hearing,NA,NA,NA,2
DOL_MSHA,"MURRAY, Patty",2007-10-11,Status of Mine Inspections & Conflicting Testimony Before Cong. Committees,NA,NA,NA,NA,NA,NA,2
DOL_MSHA,"SPECTER, Arlen",2007-10-11,MSHA and Federal Jurisdiction in the state re: Privately Owned Property,2,5,NA,NA,NA,privately owned property probably a 2,2
DOL_MSHA,"SPECTER, Arlen",2007-10-11,MSHA and Federal Jurisdiction in the state re: Privately Owned Property,NA,NA,NA,NA,NA,NA,2
DOL_MSHA,"RAHALL, Nick Joe, II",2007-10-16,Would like to be reinstated as a Federal Mine Inspector,1,NA,NA,NA,NA,NA,2
DOL_MSHA,"RAHALL, Nick Joe, II",2007-10-16,Would like to be reinstated as a Federal Mine Inspector,NA,NA,NA,NA,NA,NA,2
DOL_MSHA,"CASEY, Robert (Bob), Jr.",2007-10-19,Wrongfully Terminated by Supervisor,1,NA,NA,NA,NA,NA,2
DOL_MSHA,"CASEY, Robert (Bob), Jr.",2007-10-19,Wrongfully Terminated by Supervisor,NA,NA,NA,NA,NA,NA,2
DOL_MSHA,"KENNEDY, Edward Moore (Ted)",2007-10-26,Additional Questions from the HELP Cmte on 10/2/2007 About Mine Safety Disasters,5,NA,NA,NA,2007-10-02,NA,2
DOL_MSHA,"KENNEDY, Edward Moore (Ted)",2007-10-26,Additional Questions from the HELP Cmte on 10/2/2007 About Mine Safety Disasters,NA,NA,NA,NA,NA,NA,2
DOL_MSHA,"WALSH, James T.",2007-11-07,MSHA Shutdown Order Complaint,2,NA,NA,NA,NA,NA,2
DOL_MSHA,"WALSH, James T.",2007-11-07,MSHA Shutdown Order Complaint,NA,NA,NA,NA,NA,NA,2
DOL_MSHA,"REHBERG, Denny",2007-11-21,"OCIA-lverson, Kristine",2,NA,enforcement,NA,NA,could be company complaint,2
DOL_MSHA,"REHBERG, Denny",2007-11-21,"OCIA-lverson, Kristine",2,NA,enforcement,NA,NA,NA,2
DOD_DeCA,"MURTHA, John Patrick, Jr.",2007-11-27,WANTS HIS PRODUCT ENER-GEL INSOLES SOLD IN CMSYS,2,NA,contract,NA,NA,NA,2
DOD_DeCA,"MURTHA, John Patrick, Jr.",2007-11-27,WANTS HIS PRODUCT ENER-GEL INSOLES SOLD IN CMSYS,NA,NA,NA,NA,NA,NA,2
DOL_SOL,"CORNYN, John",2007-11-28,Support Community-Based Job Training Grant for Education,3,0,NA,NA,NA,NA,2
DOL_SOL,"CORNYN, John",2007-11-28,Support Community-Based Job Training Grant for Education,3,NA,NA,NA,NA,NA,2
DOL_MSHA,"WEBB, James H. (Jim)",2008-01-04,Would Like the National Security Investigation On Her Current Activities Halted,2,1,investigation,National Security Investigation,NA,unknown if individual or company,2
DOL_MSHA,"WEBB, James H. (Jim)",2008-01-04,Would Like the National Security Investigation On Her Current Activities Halted,NA,NA,NA,NA,NA,NA,2
DOE_FERC,"ALEXANDER, Rodney",2008-01-10,Congressman Rodney Alexander forwards a constituent service form concening Gulf South project under CP07-398.,1,NA,NA,NA,NA,bad files NA,2
DOE_FERC,"ALEXANDER, Rodney",2008-01-10,Congressman Rodney Alexander forwards a constituent service form concening Gulf South project under CP07-398.,1,NA,NA,NA,NA,Not able to read the correspondence,2
DOL_MSHA,"BYRD, Robert Carlyle",2008-01-15,JJHWsj^Bniuredat_ QQ^fNeeds Invest Report/FOIA,5,1,NA,NA,NA,from committee but might be constituent?,2
DOL_MSHA,"BYRD, Robert Carlyle",2008-01-15,JJHWsj^Bniuredat_ QQ^fNeeds Invest Report/FOIA,NA,NA,NA,NA,NA,NA,2
DOL_MSHA,"SHELBY, Richard C.",2008-01-15,White Paper On a New Emergency Response Plan for the Mining Community,5,NA,information,White Paper On a New Emergency Response Plan,NA,NA,2
DOL_MSHA,"SHELBY, Richard C.",2008-01-15,White Paper On a New Emergency Response Plan for the Mining Community,NA,NA,NA,NA,NA,NA,2
DOL_MSHA,"YOUNG, Donald Edwin",2008-01-15,Issue,1,NA,NA,NA,NA,NA,2
DOL_MSHA,"YOUNG, Donald Edwin",2008-01-15,Issue,NA,NA,NA,NA,NA,NA,2
DOD_OSDJS,"PELOSI, Nancy",2008-01-25,CONGRESSIONAL  TRAVEL REQUEST  TO ITALY AND  SOUTHWEST  ASIA,6,NA,NA,NA,NA,NA,2
DOD_OSDJS,"PELOSI, Nancy",2008-01-25,CONGRESSIONAL  TRAVEL REQUEST  TO ITALY AND  SOUTHWEST  ASIA,NA,NA,NA,NA,NA,NA,2
DOL_MSHA,"SALAZAR, John",2008-01-30,MSHA/lntentionally Manipulate Dust Testing Complaint,2,1,enforcement,NA,NA,NA,2
DOL_MSHA,"SALAZAR, John",2008-01-30,MSHA/lntentionally Manipulate Dust Testing Complaint,NA,NA,NA,NA,NA,NA,2
DOL_MSHA,"RAHALL, Nick Joe, II",2008-02-06,Nitrogen Generators that Can Address Concerns About Methane Mine Seals Build Up,2,1,NA,NA,NA,"most likely an operator, MSHA published infomation on this but could just be citizen question",2
DOL_MSHA,"RAHALL, Nick Joe, II",2008-02-06,Nitrogen Generators that Can Address Concerns About Methane Mine Seals Build Up,NA,NA,NA,NA,NA,NA,2
DOL_MSHA,"BYRD, Robert Carlyle",2008-02-11,"Request a Status Report on the Consolidated Appropriations Act, 2008/3 Projects",5,1,information,"Consolidated Appropriations Act, 2008",past,seems more like policy information,2
DOL_MSHA,"BYRD, Robert Carlyle",2008-02-11,"Request a Status Report on the Consolidated Appropriations Act, 2008/3 Projects",NA,NA,NA,NA,NA,NA,2
DOL_MSHA,"COLLINS, Susan Margaret",2008-02-11,Nation's Readiness to Protect the People of the U.S. from Nuclear Terrorism,5,NA,NA,NA,NA,NA,2
DOL_MSHA,"COLLINS, Susan Margaret",2008-02-11,Nation's Readiness to Protect the People of the U.S. from Nuclear Terrorism,NA,NA,NA,NA,NA,NA,2
DOL_MSHA,"LIEBERMAN, Joseph I.",2008-02-11,Nation's Readiness to Protect the People of the U.S. from Nuclear Terrorism,5,NA,NA,NA,NA,NA,2
DOL_MSHA,"LIEBERMAN, Joseph I.",2008-02-11,Nation's Readiness to Protect the People of the U.S. from Nuclear Terrorism,NA,NA,NA,NA,NA,NA,2
DOL_MSHA,"COSTELLO, Jerry Francis",2008-03-06,Review the Decision to_____ Relocate 2PositionsjuK Leave the Levels,5,4,NA,NA,NA,"redacted might point to 2, but seems policy",2
DOL_MSHA,"COSTELLO, Jerry Francis",2008-03-06,Review the Decision to_____ Relocate 2PositionsjuK Leave the Levels,NA,NA,NA,NA,NA,NA,2
DOL_MSHA,"McHUGH, John Michael",2008-03-11,Difficulties He & His Company Has Encountered Since MSHA Inspection,2,NA,enforcement,NA,NA,NA,2
DOL_MSHA,"McHUGH, John Michael",2008-03-11,Difficulties He & His Company Has Encountered Since MSHA Inspection,NA,NA,NA,NA,NA,NA,2
DOL_MSHA,"KENNEDY, Edward Moore (Ted)",2008-03-18,"Report on the August 6, 2007 Disaster at Crandall Canyon Mine Findings",5,NA,information; disaster,NA,NA,NA,2
DOL_MSHA,"KENNEDY, Edward Moore (Ted)",2008-03-18,"Report on the August 6, 2007 Disaster at Crandall Canyon Mine Findings",NA,NA,NA,NA,NA,NA,2
DOE_FERC,"SHUSTER, William (Bill)",2008-03-19,US Representative Bill Shuster forwards communications from an individual re the Steckman Ridge Storage Project  under CP08-15.,1,NA,NA,NA,NA,bad files NA,2
DOE_FERC,"SHUSTER, William (Bill)",2008-03-19,US Representative Bill Shuster forwards communications from an individual re the Steckman Ridge Storage Project  under CP08-15.,1,NA,NA,NA,NA,NA,2
DOL_MSHA,"McCONNELL, Addison Mitchell (Mitch)",2008-03-31,Exposure to Noise While Working as a Mine Inspector/Disagrees w/MSHA-Kentucky,1,NA,NA,NA,NA,NA,2
DOL_MSHA,"McCONNELL, Addison Mitchell (Mitch)",2008-03-31,Exposure to Noise While Working as a Mine Inspector/Disagrees w/MSHA-Kentucky,NA,NA,NA,NA,NA,NA,2
DOL_MSHA,"DURBIN, Richard Joseph",2008-04-08,Request His Options Regarding Disability from DOL/MSHA Employee,1,NA,NA,NA,NA,NA,2
DOL_MSHA,"DURBIN, Richard Joseph",2008-04-08,Request His Options Regarding Disability from DOL/MSHA Employee,NA,NA,NA,NA,NA,NA,2
DOL_MSHA,"STEVENS, Theodore Fulton (Ted)",2008-04-08,MSHA Citations Complaint,2,NA,enforcement,NA,NA,NA,2
DOL_MSHA,"STEVENS, Theodore Fulton (Ted)",2008-04-08,MSHA Citations Complaint,NA,NA,NA,NA,NA,NA,2
DOE_FERC,"COLLINS, Susan Margaret",2008-04-28,Comments of US Senator Susan Collins on behalf of a constituent expressing concerns re Florida Energy and Light under P-2671.,1,NA,NA,NA,NA,bad files NA,2
DOE_FERC,"COLLINS, Susan Margaret",2008-04-28,Comments of US Senator Susan Collins on behalf of a constituent expressing concerns re Florida Energy and Light under P-2671.,1,NA,NA,NA,NA,Not sure what name to give for Congressman. Letter has been signed by Staff Assitant to Senator.,2
DOL_MSHA,"BENNETT, Robert",2008-05-08,"Policy Changes for MSHA Inspections; Restore Rights to ""Conference Citations""",5,4,enforcement,NA,NA,about the policy itself,2
DOL_MSHA,"BENNETT, Robert",2008-05-08,"Policy Changes for MSHA Inspections; Restore Rights to ""Conference Citations""",NA,NA,NA,NA,NA,NA,2
DOL_MSHA,"TOWNS, Edolphus",2008-05-20,Preparations for Upcoming Transition/How is DOL Preparing to Brief Incoming Adm?,5,NA,NA,Presidential Transition Act,NA,"original legislation (1963) in past, but transition itself is in future. interesting case",2
DOL_MSHA,"TOWNS, Edolphus",2008-05-20,Preparations for Upcoming Transition/How is DOL Preparing to Brief Incoming Adm?,NA,NA,NA,NA,NA,NA,2
DOL_MSHA,"SESSIONS, Jefferson Beauregard III (Jeff)",2008-05-22,MSHA Work Place Safety,2,1,NA,NA,NA,NA,2
DOL_MSHA,"SESSIONS, Jefferson Beauregard III (Jeff)",2008-05-22,MSHA Work Place Safety,NA,NA,NA,NA,NA,NA,2
DOL_MSHA,"STEVENS, Theodore Fulton (Ted)",2008-05-28,Why Underground Mines Aren't Required to Have Air Holes in the Shafts?,5,4,NA,NA,NA,NA,2
DOL_MSHA,"STEVENS, Theodore Fulton (Ted)",2008-05-28,Why Underground Mines Aren't Required to Have Air Holes in the Shafts?,NA,NA,NA,NA,NA,NA,2
DOE_FERC,"COLLINS, Susan Margaret",2008-06-03,Comments of US Senator Susan M Collins on behalf of a constituent re the Fort Halifax Dam under P-2552.,1,NA,NA,NA,NA,bad files NA,2
DOE_FERC,"COLLINS, Susan Margaret",2008-06-03,Comments of US Senator Susan M Collins on behalf of a constituent re the Fort Halifax Dam under P-2552.,2,NA,NA,NA,NA,NA,2
DHHS_CMS,"MARTINEZ, Melquiades R. (Mel)",2008-06-06,MEDICAID WAIVER AND DIVERSION PROGRAM,3,2,NA,NA,NA,NA,2
DHHS_CMS,"MARTINEZ, Melquiades R. (Mel)",2008-06-06,MEDICAID WAIVER AND DIVERSION PROGRAM,3,3,NA,NA,NA,NA,2
DOL_MSHA,"COLE, Tom",2008-06-10,MSHA Inspection & Fines of a Recent Gravel & Stone Mining Operation Visit,2,NA,enforcement,NA,NA,NA,2
DOL_MSHA,"COLE, Tom",2008-06-10,MSHA Inspection & Fines of a Recent Gravel & Stone Mining Operation Visit,NA,NA,NA,NA,NA,NA,2
DOL_MSHA,"MILLER, George",2008-06-11,GAO Completed Audit of DOL Implementation of the MINER Act of 2006 Disturbing,5,NA,legislation,MINER Act,past,NA,2
DOL_MSHA,"MILLER, George",2008-06-11,GAO Completed Audit of DOL Implementation of the MINER Act of 2006 Disturbing,NA,NA,NA,NA,NA,NA,2
DOL_MSHA,"MILLER, George",2008-06-19,Questions Regarding Final Rule of the MINER Act of 2006,1,NA,rule; legislation,Final Rule of the MINER Act,past,NA,2
DOL_MSHA,"MILLER, George",2008-06-19,Questions Regarding Final Rule of the MINER Act of 2006,NA,NA,NA,NA,NA,NA,2
DHHS_CMS,"REED, John F. (Jack)",2008-06-23,"Co-signed by Sen. Sheldon Whitehouse, regarding Rhode Island",0,NA,NA,NA,NA,NA,2
DHHS_CMS,"REED, John F. (Jack)",2008-06-23,"Co-signed by Sen. Sheldon Whitehouse, regarding Rhode Island",3,0,NA,NA,NA,NA,2
DOE_FERC,"SHUSTER, William (Bill)",2008-07-14,US Representative Bill Shuster forwards comments from his constituents re PA General Electric under CP08-15.,1,NA,NA,NA,NA,bad files NA,2
DOE_FERC,"SHUSTER, William (Bill)",2008-07-14,US Representative Bill Shuster forwards comments from his constituents re PA General Electric under CP08-15.,1,NA,NA,NA,NA,NA,2
DOL_MSHA,"CASEY, Robert (Bob), Jr.",2008-07-25,Regarding Overtime Pay He Feels He is Eligible For/MSHA Employee,1,NA,NA,NA,NA,NA,2
DOL_MSHA,"CASEY, Robert (Bob), Jr.",2008-07-25,Regarding Overtime Pay He Feels He is Eligible For/MSHA Employee,NA,NA,NA,NA,NA,NA,2
DOL_MSHA,"STUPAK, Bart T.",2008-07-28,Local 4950 when might they expect a wrriten answer?,3,NA,NA,NA,NA,NA,2
DOL_MSHA,"STUPAK, Bart T.",2008-07-28,Local 4950 when might they expect a wrriten answer?,NA,NA,NA,NA,NA,NA,2
DOL_MSHA,"RAHALL, Nick Joe, II",2008-08-04,Concernig His Interest in Obtaining Employment in,1,NA,NA,NA,NA,NA,2
DOL_MSHA,"RAHALL, Nick Joe, II",2008-08-04,Concernig His Interest in Obtaining Employment in,NA,NA,NA,NA,NA,NA,2
DOL_MSHA,"COBURN, Thomas Allen",2008-08-26,List of All Continuing Earmarks Defined as Funded in Last 3 of Last 5 FY Years,5,NA,information; earmark,List of All Continuing Earmarks,NA,NA,2
DOL_MSHA,"COBURN, Thomas Allen",2008-08-26,List of All Continuing Earmarks Defined as Funded in Last 3 of Last 5 FY Years,NA,NA,NA,NA,NA,NA,2
DHHS_CMS,"BUNNING, James Paul David",2008-09-16,ASC PAYMENT,2,1,NA,NA,NA,NA,2
DHHS_CMS,"BUNNING, James Paul David",2008-09-16,ASC PAYMENT,1,2,NA,NA,NA,NA,2
DOL_MSHA,"BYRD, Robert Carlyle",2008-09-16,Proposed Change in the Way MSHA Determines the Severity of Health Risks to Miner,1,5,NA,NA,NA,NA,2
DOL_MSHA,"BYRD, Robert Carlyle",2008-09-16,Proposed Change in the Way MSHA Determines the Severity of Health Risks to Miner,NA,NA,NA,NA,NA,NA,2
DHHS_CMS,"STARK, Fortney Hillman (Pete), Jr.",2008-09-16,MEDICARE ADVANTAGE PLANS AND PART D DRUGS PLANS,1,NA,NA,NA,NA,NA,2
DHHS_CMS,"STARK, Fortney Hillman (Pete), Jr.",2008-09-16,MEDICARE ADVANTAGE PLANS AND PART D DRUGS PLANS,5,NA,NA,NA,NA,NA,2
DOJ_EOIR,"CONYERS, John, Jr.",2008-09-23,(Fax) Ltr advising that the AG's decision to overturn Matter of A-T- demonstrates a thoughtful approach to issues of violence against women and looks forward to supporting such policies and activities on the part of the Department (workflow 1460572),5,NA,decision,Matter of A-T-,09-22-2008,NA,2
DOJ_EOIR,"CONYERS, John, Jr.",2008-09-23,(Fax) Ltr advising that the AG's decision to overturn Matter of A-T- demonstrates a thoughtful approach to issues of violence against women and looks forward to supporting such policies and activities on the part of the Department (workflow 1460572),5,NA,decision,Matter of A-T-,09-22-2018,NA,2
DOJ_EOIR,"LOFGREN, Zoe",2008-09-23,(Fax) Ltr advising that the AG's decision to overturn Matter of A-T- demonstrates a thoughtful approach to issues of violence against women and looks forward to supporting such policies and activities on the part of the Department (workflow 1460572),5,NA,decision,Matter of A-T-,09-22-2008,NA,2
DOJ_EOIR,"LOFGREN, Zoe",2008-09-23,(Fax) Ltr advising that the AG's decision to overturn Matter of A-T- demonstrates a thoughtful approach to issues of violence against women and looks forward to supporting such policies and activities on the part of the Department (workflow 1460572),5,NA,decision,Matter of A-T-,09-22-2018,NA,2
DHHS_CMS,"McCAUL, Michael T.",2008-09-23,"Alternate Delivery Site for Inpatient Services, Texas",2,3,NA,NA,NA,NA,2
DHHS_CMS,"McCAUL, Michael T.",2008-09-23,"Alternate Delivery Site for Inpatient Services, Texas",1,2,NA,NA,NA,NA,2
DHHS_CMS,"KANJORSKI, Paul E.",2008-10-21,OXYGEN PAYMENTS FROM MEDICARE.,1,2,NA,NA,NA,NA,2
DHHS_CMS,"KANJORSKI, Paul E.",2008-10-21,OXYGEN PAYMENTS FROM MEDICARE.,1,NA,NA,NA,NA,NA,2
DHHS_CMS,"WALSH, James T.",2008-10-29,PROPOSED REGULATION,5,4,rule,NA,NA,NA,2
DHHS_CMS,"WALSH, James T.",2008-10-29,PROPOSED REGULATION,5,4,rule,NA,future,NA,2
DOE_FERC,"WU, David",2008-10-29,Comments of US Representative David Wu expressing concerns re the proposed Bradwood Landing LNG terminal under CP06-365 et al.,NA,NA,NA,NA,NA,No letter attached,2
DOE_FERC,"WU, David",2008-10-29,Comments of US Representative David Wu expressing concerns re the proposed Bradwood Landing LNG terminal under CP06-365 et al.,NA,NA,NA,NA,NA,NA,2
DOE_FERC,"McHUGH, John Michael",2008-11-10,US Representative John M McHugh forwards comments on behalf of an individual re concerns that the Hudson River - Black River Water regulating District is not managing water levels on Great Lake Sacandaga under P-12252.,1,NA,NA,NA,NA,bad files NA,2
DOE_FERC,"McHUGH, John Michael",2008-11-10,US Representative John M McHugh forwards comments on behalf of an individual re concerns that the Hudson River - Black River Water regulating District is not managing water levels on Great Lake Sacandaga under P-12252.,1,NA,NA,NA,NA,NA,2
DOE_FERC,"HALL, Ralph Moody",2008-11-25,US Representative Ralph Hall provides comments concerning the project which was built by Gulf Crossing under CP08-6.,NA,NA,NA,NA,NA,bad files NA,2
DOE_FERC,"HALL, Ralph Moody",2008-11-25,US Representative Ralph Hall provides comments concerning the project which was built by Gulf Crossing under CP08-6.,1,NA,NA,NA,NA,NA,2
DOE_FERC,"HUTCHISON, Kathryn Ann Bailey (Kay)",2008-12-02,United States Senator Kay Bailey Hutchison provides comments on behalf of her constituent re Gulf Crossing pipeline construction etc under CP08-6.,1,NA,NA,NA,NA,bad files NA,2
DOE_FERC,"HUTCHISON, Kathryn Ann Bailey (Kay)",2008-12-02,United States Senator Kay Bailey Hutchison provides comments on behalf of her constituent re Gulf Crossing pipeline construction etc under CP08-6.,1,NA,NA,NA,NA,NA,2
DOE_FERC,"BAIRD, Brian",2008-12-11,Comments of Brian Baird on behalf of a constituent expressing concerns re FERC and his perception that a violation of the Americans with Disability Act occurred with an agreement FERC had proposed with PacifiCorp under P-935 et al.,1,4,NA,NA,NA,bad files NA,2
DOE_FERC,"BAIRD, Brian",2008-12-11,Comments of Brian Baird on behalf of a constituent expressing concerns re FERC and his perception that a violation of the Americans with Disability Act occurred with an agreement FERC had proposed with PacifiCorp under P-935 et al.,1,4,NA,NA,NA,NA,2
DOL_SOL,"WEBB, James H. (Jim)",2008-12-29,PERM Labor Certification,2,NA,NA,NA,NA,NA,2
DOL_SOL,"WEBB, James H. (Jim)",2008-12-29,PERM Labor Certification,2,1,NA,NA,NA,NA,2
DOE_FERC,"FOXX, Virginia Ann",2009-01-07,Comments of US Representative Virginia Foxx on behalf of a constituent expressing concerns with new operating guidelines for the Yadkin Project under P-2197.,1,NA,NA,NA,NA,bad files NA,2
DOE_FERC,"FOXX, Virginia Ann",2009-01-07,Comments of US Representative Virginia Foxx on behalf of a constituent expressing concerns with new operating guidelines for the Yadkin Project under P-2197.,1,NA,NA,NA,NA,NA,2
DHHS_CMS,"BUCHANAN, Vernon G.",2009-01-16,MANATEE MEDICAL SOCIETY,4,NA,NA,NA,NA,NA,2
DHHS_CMS,"BUCHANAN, Vernon G.",2009-01-16,MANATEE MEDICAL SOCIETY,4,3,NA,NA,NA,NA,2
DOL_MSHA,"BYRD, Robert Carlyle",2009-01-22,Investigation & Analysis of thejismaw,2,NA,investigation,NA,NA,NA,2
DOL_MSHA,"BYRD, Robert Carlyle",2009-01-22,Investigation & Analysis of thejismaw,NA,NA,NA,NA,NA,NA,2
DOL_MSHA,"WEBB, James H. (Jim)",2009-01-27,Reinstate Grade Classified as Mine Inspector GS-12-10 for Retirement Purposes,1,NA,NA,NA,NA,NA,2
DOL_MSHA,"WEBB, James H. (Jim)",2009-01-27,Reinstate Grade Classified as Mine Inspector GS-12-10 for Retirement Purposes,NA,NA,NA,NA,NA,NA,2
DOL_MSHA,"WOLF, Frank Rudolph",2009-01-28,Suggestion on Safety in the Mines,5,4,NA,NA,NA,NA,2
DOL_MSHA,"WOLF, Frank Rudolph",2009-01-28,Suggestion on Safety in the Mines,NA,NA,NA,NA,NA,NA,2
DHHS_CMS,"JOHANNS, Mike",2009-03-06,Medicare reimbursement checks.,1,2,NA,NA,NA,NA,2
DHHS_CMS,"JOHANNS, Mike",2009-03-06,Medicare reimbursement checks.,1,NA,NA,NA,NA,NA,2
DOD_OIG,"KERRY, John Forbes",2009-03-17,NA,5,NA,information,NA,NA,NA,2
DOD_OIG,"KERRY, John Forbes",2009-03-17,NA,0,NA,NA,NA,NA,NA,2
DHHS_CMS,"CRENSHAW, Ander",2009-03-18,UNITED HEALTH CARE INDEPENDENT AGENT/MEDICARE PAYMENT.,2,2,NA,NA,NA,NA,2
DHHS_CMS,"CRENSHAW, Ander",2009-03-18,UNITED HEALTH CARE INDEPENDENT AGENT/MEDICARE PAYMENT.,1,2,NA,NA,NA,NA,2
DHHS_CMS,"BROWN, Sherrod",2009-03-25,Diagnostic Arthroscopy Letter,5,NA,NA,NA,NA,NA,2
DHHS_CMS,"BROWN, Sherrod",2009-03-25,Diagnostic Arthroscopy Letter,5,4,NA,NA,NA,NA,2
DHHS_CMS,"SESSIONS, Pete",2009-03-30,Medicare coverage Durable Medical Equipment,1,NA,NA,NA,NA,NA,2
DHHS_CMS,"SESSIONS, Pete",2009-03-30,Medicare coverage Durable Medical Equipment,1,2,NA,NA,NA,NA,2
DHHS_CMS,"FEINGOLD, Russell Dana",2009-03-31,Medicare Advantage Commissions,2,4,NA,NA,NA,NA,2
DHHS_CMS,"FEINGOLD, Russell Dana",2009-03-31,Medicare Advantage Commissions,2,NA,NA,NA,NA,NA,2
DHHS_CMS,"GORDON, Barton Jennings",2009-03-31,CYTOLOGY PROFICIENCY TESTING,5,4,NA,NA,NA,NA,2
DHHS_CMS,"GORDON, Barton Jennings",2009-03-31,CYTOLOGY PROFICIENCY TESTING,5,NA,NA,NA,NA,NA,2
DHHS_CMS,"INOUYE, Daniel Ken",2009-03-31,Medicare Contractor - Palmetto,2,3,NA,NA,NA,NA,2
DHHS_CMS,"INOUYE, Daniel Ken",2009-03-31,Medicare Contractor - Palmetto,2,NA,NA,NA,NA,NA,2
DHHS_CMS,"RUPPERSBERGER, C. A. (Dutch)",2009-03-31,"Congress passed HR 6331/CPT codes 93307, 93320, 93325",5,NA,legislation,HR 6331,NA,NA,2
DHHS_CMS,"RUPPERSBERGER, C. A. (Dutch)",2009-03-31,"Congress passed HR 6331/CPT codes 93307, 93320, 93325",5,NA,legislation,"Congress passed HR 6331/CPT codes 93307, 93320, 93325",NA,NA,2
DHHS_CMS,"SOUDER, Mark Edward",2009-04-09,Reimbursement for diagnostic arthroscopy performe,2,2,NA,NA,NA,NA,3
DHHS_CMS,"SOUDER, Mark Edward",2009-04-09,Reimbursement for diagnostic arthroscopy performe,2,1,NA,NA,NA,NA,3
DHHS_CMS,"SOUDER, Mark Edward",2009-04-09,Reimbursement for diagnostic arthroscopy performe,4,5,NA,NA,NA,NA,3
DHHS_CMS,"VELÁZQUEZ, Nydia M.",2009-04-16,DMEPOS Accreditaion requirements,2,5,NA,NA,NA,NA,2
DHHS_CMS,"VELÁZQUEZ, Nydia M.",2009-04-16,DMEPOS Accreditaion requirements,2,4,NA,NA,NA,NA,2
DHHS_CMS,"SUTTON, Betty",2009-04-17,"Ltr signed by 83 members co-addressed to CMS' Charlene Frizzera and Nancy-Ann Min DeParle, regarding the Centers for Medicare and Medicaid Services (CMS), interim final rule on the Durable Medical Equipment (DME) Competitive Bidding Program. Deeply concerned that CMS has rushed implementation of this rule counter to Congress' intent when it delayed the competitive bidding program as part of the Medicare Improvements for Patients and Providers Act of 2008.",5,NA,rule; legislation,interim final rule on the Durable Medical Equipment (DME) Competitive Bidding Program; Medicare Improvements for Patients and Providers Act of 2008,NA,NA,2
DHHS_CMS,"SUTTON, Betty",2009-04-17,"Ltr signed by 83 members co-addressed to CMS' Charlene Frizzera and Nancy-Ann Min DeParle, regarding the Centers for Medicare and Medicaid Services (CMS), interim final rule on the Durable Medical Equipment (DME) Competitive Bidding Program. Deeply concerned that CMS has rushed implementation of this rule counter to Congress' intent when it delayed the competitive bidding program as part of the Medicare Improvements for Patients and Providers Act of 2008.",5,NA,rule; legislation,interim final rule on the Durable Medical Equipment (DME) Competitive Bidding Program; Medicare Improvements for Patients and Providers Act of 2008.,NA,NA,2
DOL_MSHA,"BYRD, Robert Carlyle",2009-04-21,Need for Emergency Evacuation Plan for those Living Neaifl3B^l,1,3,NA,NA,NA,"from West Virginia, likely advocating for constituents in district. see 245",2
DOL_MSHA,"BYRD, Robert Carlyle",2009-04-21,Need for Emergency Evacuation Plan for those Living Neaifl3B^l,NA,NA,NA,NA,NA,NA,2
DOL_MSHA,"BYRD, Robert Carlyle",2009-04-29,MSHA Issue,3,NA,NA,NA,NA,NA,2
DOL_MSHA,"BYRD, Robert Carlyle",2009-04-29,MSHA Issue,NA,NA,NA,NA,NA,NA,2
DHHS_CMS,"LINCOLN, Blanche Lambert",2009-04-29,ARRA Payments,5,2,legislation,ARRA,NA,NA,2
DHHS_CMS,"LINCOLN, Blanche Lambert",2009-04-29,ARRA Payments,5,4,legislation,American Recovery and Reinvestment Act,NA,NA,2
DOL_MSHA,"DAVIS, Lincoln",2009-05-05,MSHA Inspection Complaint,2,NA,enforcement,NA,NA,NA,2
DOL_MSHA,"DAVIS, Lincoln",2009-05-05,MSHA Inspection Complaint,NA,NA,NA,NA,NA,NA,2
DHHS_CMS,"BROWN, Henry Edward, Jr.",2009-05-06,Military/Veteran Studies,1,NA,NA,NA,NA,NA,2
DHHS_CMS,"BROWN, Henry Edward, Jr.",2009-05-06,Military/Veteran Studies,5,1,NA,NA,NA,NA,2
DOL_MSHA,"TURNER, Michael R.",2009-05-20,"Concerning Unwanted Surge in MSHA Inspections, Violations/Citations",2,NA,enforcement,NA,NA,NA,2
DOL_MSHA,"TURNER, Michael R.",2009-05-20,"Concerning Unwanted Surge in MSHA Inspections, Violations/Citations",NA,NA,NA,NA,NA,NA,2
DHHS_CMS,"GRASSLEY, Charles Ernest",2009-06-03,Medicare Quality Improvement Organization (QIO),0,NA,NA,NA,NA,NA,2
DHHS_CMS,"GRASSLEY, Charles Ernest",2009-06-03,Medicare Quality Improvement Organization (QIO),3,2,NA,NA,NA,NA,2
DHHS_CMS,"WYDEN, Ronald Lee",2009-06-03,Oregon Laborers -Retiree Drug Subsidy,2,3,NA,NA,NA,NA,2
DHHS_CMS,"WYDEN, Ronald Lee",2009-06-03,Oregon Laborers -Retiree Drug Subsidy,3,2,NA,NA,NA,NA,2
DOL_MSHA,"BROWN, Sherrod",2009-06-09,"Concerning Unwanted Surge in MSHA Inspections, Violations/Citations",2,NA,enforcement,NA,NA,NA,2
DOL_MSHA,"BROWN, Sherrod",2009-06-09,"Concerning Unwanted Surge in MSHA Inspections, Violations/Citations",NA,NA,NA,NA,NA,NA,2
DHHS_CMS,"CARDOZA, Dennis A.",2009-06-17,Outstanding Medicare payment to the Nursing Home.,1,2,NA,NA,NA,NA,2
DHHS_CMS,"CARDOZA, Dennis A.",2009-06-17,Outstanding Medicare payment to the Nursing Home.,2,1,NA,NA,NA,NA,2
DOL_MSHA,"BROUN, Paul C., Jr.",2009-06-22,Regarding MSHA's Fines & Inspections,2,NA,enforcement,NA,NA,NA,2
DOL_MSHA,"BROUN, Paul C., Jr.",2009-06-22,Regarding MSHA's Fines & Inspections,NA,NA,NA,NA,NA,NA,2
DOL_MSHA,"ALEXANDER, Lamar",2009-06-24,Harassment by MSHA Inspector & Citations Complaint,2,1,enforcement,NA,NA,NA,2
DOL_MSHA,"ALEXANDER, Lamar",2009-06-24,Harassment by MSHA Inspector & Citations Complaint,NA,NA,NA,NA,NA,NA,2
DHHS_CMS,"VISCLOSKY, Peter",2009-06-25,Proposed Rule for Reimbursement for SNFs,2,4,NA,NA,NA,NA,2
DHHS_CMS,"VISCLOSKY, Peter",2009-06-25,Proposed Rule for Reimbursement for SNFs,2,4,rule,Proposed Rule for Reimbursement for SNFs,future,NA,2
DOL_MSHA,"MINNICK, Walt",2009-06-29,MSHA Inspections & Citations Complaint,2,1,enforcement,NA,NA,NA,2
DOL_MSHA,"MINNICK, Walt",2009-06-29,MSHA Inspections & Citations Complaint,NA,NA,NA,NA,NA,NA,2
DHHS_CMS,"JENKINS, Lynn",2009-06-30,"New Metropolitan Statistical Area (MSA) for Manhattan, KS.",5,3,NA,NA,NA,NA,2
DHHS_CMS,"JENKINS, Lynn",2009-06-30,"New Metropolitan Statistical Area (MSA) for Manhattan, KS.",3,NA,NA,NA,NA,NA,2
DOL_MSHA,"BYRD, Robert Carlyle",2009-07-14,Working Conditions in,1,4,NA,NA,NA,NA,2
DOL_MSHA,"BYRD, Robert Carlyle",2009-07-14,Working Conditions in,NA,NA,NA,NA,NA,NA,2
DOL_MSHA,"DENT, Charles W.",2009-07-15,MSHA/Unpaid Delinquent Debt,2,1,NA,NA,NA,NA,2
DOL_MSHA,"DENT, Charles W.",2009-07-15,MSHA/Unpaid Delinquent Debt,NA,NA,NA,NA,NA,NA,2
DOL_MSHA,"DAHLKEMPER, Kathleen A. (Kathy)",2009-07-27,MSHA Inspector Harassing Small Family Businesses & Unfair Fines & Treatment,2,4,enforcement,NA,NA,small family businesseS could be considered an industry,2
DOL_MSHA,"DAHLKEMPER, Kathleen A. (Kathy)",2009-07-27,MSHA Inspector Harassing Small Family Businesses & Unfair Fines & Treatment,NA,NA,NA,NA,NA,NA,2
DHHS_CMS,"COLLINS, Susan Margaret",2009-07-29,Medicare billing inquiry complaint,1,NA,NA,NA,NA,NA,2
DHHS_CMS,"COLLINS, Susan Margaret",2009-07-29,Medicare billing inquiry complaint,1,2,NA,NA,NA,NA,2
DOL_MSHA,"FILNER, Bob",2009-08-03,Recommend Expanding the Strategic Plan Under USERRA & Reducing Pending Claims,5,NA,legislation,Uniformed Services Employment and Reemployment Rights Act,past,NA,2
DOL_MSHA,"FILNER, Bob",2009-08-03,Recommend Expanding the Strategic Plan Under USERRA & Reducing Pending Claims,NA,NA,NA,NA,NA,NA,2
DOL_MSHA,"BYRD, Robert Carlyle",2009-08-04,Hazards Of Mountaintop Removal (MTR) Mining,1,4,NA,NA,NA,from constituent - concerns or policy suggestion?,2
DOL_MSHA,"BYRD, Robert Carlyle",2009-08-04,Hazards Of Mountaintop Removal (MTR) Mining,NA,NA,NA,NA,NA,NA,2
DOL_MSHA,"DIAZ-BALART, Lincoln",2009-08-14,Regarding Number of MSHA Citations Issue,2,NA,enforcement,NA,NA,NA,2
DOL_MSHA,"DIAZ-BALART, Lincoln",2009-08-14,Regarding Number of MSHA Citations Issue,NA,NA,NA,NA,NA,NA,2
DOL_MSHA,"WOOLSEY, Lynn C.",2009-08-21,Comments on Developing Department's Strategic Planning Process,5,NA,NA,NA,NA,NA,2
DOL_MSHA,"WOOLSEY, Lynn C.",2009-08-21,Comments on Developing Department's Strategic Planning Process,NA,NA,NA,NA,NA,NA,2
DHHS_CMS,"KOHL, Herbert H.",2009-08-26,Proposed CMS cuts to Radiation Oncology.,5,4,NA,NA,NA,NA,2
DHHS_CMS,"KOHL, Herbert H.",2009-08-26,Proposed CMS cuts to Radiation Oncology.,5,NA,NA,NA,NA,NA,2
DHHS_CMS,"McMAHON, Michael E.",2009-08-26,[HIGH PRIORITY] Writing to urge the Department to protect people with developmental disabilities by rescinding the IGT/reimbursement cap on public facilities and by keeping New York State's prior agreement embodied in its Federally-approved Medicaid Plan firmly intact.,5,NA,NA,NA,NA,NA,2
DHHS_CMS,"McMAHON, Michael E.",2009-08-26,[HIGH PRIORITY] Writing to urge the Department to protect people with developmental disabilities by rescinding the IGT/reimbursement cap on public facilities and by keeping New York State's prior agreement embodied in its Federally-approved Medicaid Plan firmly intact.,5,3,NA,NA,NA,NA,2
DOL_MSHA,"BYRD, Robert Carlyle",2009-09-01,Unresolved Payroll Issue/MSHA Employee,1,NA,NA,NA,NA,NA,2
DOL_MSHA,"BYRD, Robert Carlyle",2009-09-01,Unresolved Payroll Issue/MSHA Employee,NA,NA,NA,NA,NA,NA,2
DOL_MSHA,"DENT, Charles W.",2009-09-08,MSHA/Delinquent Debt Issue,2,1,NA,NA,NA,NA,2
DOL_MSHA,"DENT, Charles W.",2009-09-08,MSHA/Delinquent Debt Issue,NA,NA,NA,NA,NA,NA,2
DHHS_CMS,"GRASSLEY, Charles Ernest",2009-09-10,Quality Improvement Organization,0,NA,NA,NA,NA,NA,2
DHHS_CMS,"GRASSLEY, Charles Ernest",2009-09-10,Quality Improvement Organization,3,5,NA,NA,NA,NA,2
DOL_MSHA,"RAHALL, Nick Joe, II",2009-09-18,EPA Review of Coal Mining Permits in West Virginia & Appalachian Region,5,4,information; decision; permit,EPA Review of Coal Mining Permits,NA,really interesting: cross-agency,2
DOL_MSHA,"RAHALL, Nick Joe, II",2009-09-18,EPA Review of Coal Mining Permits in West Virginia & Appalachian Region,NA,NA,NA,NA,NA,NA,2
DOL_MSHA,"McCAIN, John Sidney, III",2009-10-01,"Problem With the MSHA, jQBBailing to Lockout & Tagout Issue",2,NA,NA,NA,NA,NA,2
DOL_MSHA,"McCAIN, John Sidney, III",2009-10-01,"Problem With the MSHA, jQBBailing to Lockout & Tagout Issue",NA,NA,NA,NA,NA,NA,2
DHHS_CMS,"RYAN, Timothy J.",2009-10-02,"[HIGH PRIORITY] - Expresses concern with substantial medicare payment cuts for portable x-ray services contained in CMS' 2010 proposed medicare payment policies under the Physician Fee Schedule. Asks that CMS exclude suppliers of portable x-ray services from the proposed CY 2010 Physician Fee Schedule assumption and assign more appropriate payments for these services, including the setup required for each portable x-ray and other diagnostic services.",4,5,rule,substantial medicare payment cuts for portable x-ray services contained in CMS' 2010 proposed medicare payment policies under the Physician Fee Schedule,future,NA,2
DHHS_CMS,"RYAN, Timothy J.",2009-10-02,"[HIGH PRIORITY] - Expresses concern with substantial medicare payment cuts for portable x-ray services contained in CMS' 2010 proposed medicare payment policies under the Physician Fee Schedule. Asks that CMS exclude suppliers of portable x-ray services from the proposed CY 2010 Physician Fee Schedule assumption and assign more appropriate payments for these services, including the setup required for each portable x-ray and other diagnostic services.",4,5,rule,medicare payment cuts for portable x-ray services contained in CMS' 2010 proposed medicare payment policies under the Physician Fee Schedule,future,NA,2
EPA,"KLOBUCHAR, Amy",2009-10-06,WATERSENSE LABEL,2,5,NA,NA,NA,"NA",2
EPA,"KLOBUCHAR, Amy",2009-10-06,WATERSENSE LABEL,5,1,NA,NA,NA,"NA",2
DHHS_CMS,"ROONEY, Thomas J.",2009-10-06,[HIGH PRIORITY] Express grave concerns with the 19 percent overall cut in medicare reimbursement for radiation oncology service contained in the CY 2010 Physician Fee Schedule Proposed Rule.,5,4,rule,the 19 percent overall cut in medicare reimbursement for radiation oncology service contained in the CY 2010 Physician Fee Schedule Proposed Rule,future,NA,2
DHHS_CMS,"ROONEY, Thomas J.",2009-10-06,[HIGH PRIORITY] Express grave concerns with the 19 percent overall cut in medicare reimbursement for radiation oncology service contained in the CY 2010 Physician Fee Schedule Proposed Rule.,4,5,rule,cut in medicare reimbursement for radiation oncology service contained in the CY 2010 Physician Fee Schedule Proposed Rule,future,NA,2
DOL_MSHA,"WAMP, Zachary Paul",2009-10-06,Request Uniform Enforcement & Issurance of Citations by MSHA Standards,5,2,enforcement,NA,NA,"seems more like policy appeal than specific company, even though constituent",2
DOL_MSHA,"WAMP, Zachary Paul",2009-10-06,Request Uniform Enforcement & Issurance of Citations by MSHA Standards,NA,NA,NA,NA,NA,NA,2
DHHS_CMS,"CAMP, David Lee",2009-10-08,"[HIGH PRIORITY] - Ref: 100220091055 - Thanks for recent response regarding CMS' apparent selective investigation of Medicare Advantage Plans and the subsequent gag order prohibiting any MA plan from communicating with its enrollees about pending health care legislation. They feel while CMS may have the right to investigate Humana, particularly disturbing is CMS' determination that all medicare plans were guilty by association. Respectively urge the Secretary to abide by findings and repeal CMS' gag order immediately.",5,NA,investigation,"CMS' apparent selective investigation of Medicare Advantage Plans, including Humana",NA,NA,2
DHHS_CMS,"CAMP, David Lee",2009-10-08,"[HIGH PRIORITY] - Ref: 100220091055 - Thanks for recent response regarding CMS' apparent selective investigation of Medicare Advantage Plans and the subsequent gag order prohibiting any MA plan from communicating with its enrollees about pending health care legislation. They feel while CMS may have the right to investigate Humana, particularly disturbing is CMS' determination that all medicare plans were guilty by association. Respectively urge the Secretary to abide by findings and repeal CMS' gag order immediately.",5,NA,investigation,"CMS' apparent selective investigation of Medicare Advantage Plans and the subsequent gag order prohibiting any MA plan from communicating with its enrollees about pending health care legislation. They feel while CMS may have the right to investigate Humana, particularly disturbing is CMS' determination that all medicare plans were guilty by association.",NA,NA,2
DHHS_CMS,"GONZALEZ, Charles A.",2009-10-09,[HIGH PRIORITY] Writes regarding the proposed rule on medicare reimbursement rates for radiation therapy and cancer care and express concern that CMS proposed revision to the Physican Fee Schedule related to Medicare Part B for Calendar Year 2010.,5,4,rule,proposed rule on medicare reimbursement rates for radiation therapy and cancer care,future,NA,2
DHHS_CMS,"GONZALEZ, Charles A.",2009-10-09,[HIGH PRIORITY] Writes regarding the proposed rule on medicare reimbursement rates for radiation therapy and cancer care and express concern that CMS proposed revision to the Physican Fee Schedule related to Medicare Part B for Calendar Year 2010.,4,5,rule,proposed rule on medicare reimbursement rates for radiation therapy and cancer care and express concern that CMS proposed revision to the Physican Fee Schedule related to Medicare Part B for Calendar Year 2010.,future,NA,2
DOL_MSHA,"COCHRAN, William Thad",2009-10-19,MSHA/lnspectlons; Citations & Fines Complaint,2,NA,NA,NA,NA,NA,2
DOL_MSHA,"COCHRAN, William Thad",2009-10-19,MSHA/lnspectlons; Citations & Fines Complaint,NA,NA,NA,NA,NA,NA,2
DHHS_CMS,"EDWARDS, Thomas Chester (Chet)",2009-10-21,Skilled Nursing Facility at Hillcrest Baptist Medical Center,3,2,NA,NA,NA,NA,2
DHHS_CMS,"EDWARDS, Thomas Chester (Chet)",2009-10-21,Skilled Nursing Facility at Hillcrest Baptist Medical Center,3,NA,NA,NA,NA,NA,2
DOL_MSHA,"DAVIS, Lincoln",2009-10-27,Regarding Excessive Citations & Penalties Against the E5EflB,2,4,enforcement,NA,NA,NA,2
DOL_MSHA,"DAVIS, Lincoln",2009-10-27,Regarding Excessive Citations & Penalties Against the E5EflB,NA,NA,NA,NA,NA,NA,2
DHHS_CMS,"POSEY, Bill",2009-11-05,Seeking to be reimbursed for eye surgery,1,NA,NA,NA,NA,NA,2
DHHS_CMS,"POSEY, Bill",2009-11-05,Seeking to be reimbursed for eye surgery,1,2,NA,NA,NA,NA,2
DHHS_CMS,"MERKLEY, Jeff",2009-11-13,CMS/Noridian Administrative Service.,5,NA,NA,NA,NA,NA,2
DHHS_CMS,"MERKLEY, Jeff",2009-11-13,CMS/Noridian Administrative Service.,2,1,NA,NA,NA,NA,2
DHHS_CMS,"BRADY, Kevin Patrick",2009-11-16,Medicare fraud/Non-emergency ambulance transports.,1,5,NA,NA,NA,NA,2
DHHS_CMS,"BRADY, Kevin Patrick",2009-11-16,Medicare fraud/Non-emergency ambulance transports.,1,NA,NA,NA,NA,NA,2
DHHS_NIH,"HODES, Paul",2009-11-18,Rep Hodes urges HHS to provide constitutes more comprehensive info about the risks and benefits of (Breast Cancer) Mammography Screening RE: AHRQ/US Preventative Services Task Force (USPSTF) Recommendations on Mammograms.,5,1,NA,NA,NA,NA,2
DHHS_NIH,"HODES, Paul",2009-11-18,Rep Hodes urges HHS to provide constitutes more comprehensive info about the risks and benefits of (Breast Cancer) Mammography Screening RE: AHRQ/US Preventative Services Task Force (USPSTF) Recommendations on Mammograms.,5,NA,NA,NA,NA,NA,2
DOL_MSHA,"LUGAR, Richard Green",2009-11-18,Citations to the Mining Industry Issues in Mines,4,2,enforcement,Citations to the Mining Industry,NA,NA,2
DOL_MSHA,"LUGAR, Richard Green",2009-11-18,Citations to the Mining Industry Issues in Mines,NA,NA,NA,NA,NA,NA,2
DOL_MSHA,"BYRD, Robert Carlyle",2009-11-25,Why Wasn't Strong Enforcement Leveled Aoainst Before This Accident?,1,NA,enforcement; disaster,NA,NA,seems like a constituent complaint letter,2
DOL_MSHA,"BYRD, Robert Carlyle",2009-11-25,Why Wasn't Strong Enforcement Leveled Aoainst Before This Accident?,NA,NA,NA,NA,NA,NA,2
DOL_MSHA,"JOHANNS, Mike",2009-12-03,Reconsider Proposed MSHA Penalty,2,NA,enforcement,NA,NA,NA,2
DOL_MSHA,"JOHANNS, Mike",2009-12-03,Reconsider Proposed MSHA Penalty,NA,NA,NA,NA,NA,NA,2
DHHS_CMS,"DUNCAN, John J., Jr.",2009-12-16,Medicare reimbursement Relative Value Unites,1,NA,NA,NA,NA,NA,2
DHHS_CMS,"DUNCAN, John J., Jr.",2009-12-16,Medicare reimbursement Relative Value Unites,5,NA,NA,NA,NA,NA,2
DOL_MSHA,"GIFFORDS, Gabrielle",2009-12-18,Clarification About the Evaluation Criteria &,5,4,information,NA,NA,NA,2
DOL_MSHA,"GIFFORDS, Gabrielle",2009-12-18,Clarification About the Evaluation Criteria &,NA,NA,NA,NA,NA,NA,2
DHHS_CMS,"CUMMINGS, Elijah Eugene",2009-12-22,CYLEX,2,5,NA,NA,NA,NA,2
DHHS_CMS,"CUMMINGS, Elijah Eugene",2009-12-22,CYLEX,5,NA,NA,NA,NA,NA,2
DOL_MSHA,"McCASKILL, Claire",2009-12-22,Complaint About MSHA Inspection/Request for Reinspection,2,NA,enforcement,NA,NA,NA,2
DOL_MSHA,"McCASKILL, Claire",2009-12-22,Complaint About MSHA Inspection/Request for Reinspection,NA,NA,NA,NA,NA,NA,2
DOL_MSHA,"GONZALEZ, Charles A.",2009-12-28,Concern Regarding Labor Rights in Mexico,1,NA,NA,NA,NA,"seems like constituent concern, but international",2
DOL_MSHA,"GONZALEZ, Charles A.",2009-12-28,Concern Regarding Labor Rights in Mexico,NA,NA,NA,NA,NA,NA,2
DOL_MSHA,"VELÁZQUEZ, Nydia M.",2009-12-28,Concern Regarding Labor Rights in Mexico,1,NA,NA,NA,NA,"seems like constituent concern, but international",2
DOL_MSHA,"VELÁZQUEZ, Nydia M.",2009-12-28,Concern Regarding Labor Rights in Mexico,NA,NA,NA,NA,NA,NA,2
DHHS_CMS,"HERGER, Walter William (Wally)",2009-12-29,Allogeneic stem cell transplantation for myelodysplastic syn,1,2,NA,NA,NA,NA,2
DHHS_CMS,"HERGER, Walter William (Wally)",2009-12-29,Allogeneic stem cell transplantation for myelodysplastic syn,1,NA,NA,NA,NA,NA,2
DOL_MSHA,"FORTENBERRY, Jeff",2010-01-08,Complaint About MSHA Inspection,2,NA,enforcement,NA,NA,NA,2
DOL_MSHA,"FORTENBERRY, Jeff",2010-01-08,Complaint About MSHA Inspection,NA,NA,NA,NA,NA,NA,2
DOE_FERC,"NELSON, Clarence William (Bill)",2010-01-13,US Senator Bill Nelson on behalf of his constituents submits correspondence that involves the Jackson Bluff Spillway Project under P-2891.,1,NA,NA,NA,NA,bad files NA,2
DOE_FERC,"NELSON, Clarence William (Bill)",2010-01-13,US Senator Bill Nelson on behalf of his constituents submits correspondence that involves the Jackson Bluff Spillway Project under P-2891.,1,NA,NA,NA,NA,Not sure if anti business should be City of Tallahassee,2
DHHS_CMS,"BAUCUS, Max Sieben",2010-01-25,"[HIGH PRIORITY] - They write the Secretary regarding the Jan. 1, 2010 deadline for pharmacy suppliers of medicare durable medical equipment, prosthetics, orthotics, and supplies to obtain accreditation in order to continue providing these medical supplies and equipment to medicare beneficiaries. Request using discretion in implementing the accreditation requirement for pharmacies in a manner that preserves beneficiaries' acces to medical supplies and equipment.",4,5,NA,NA,NA,NA,2
DHHS_CMS,"BAUCUS, Max Sieben",2010-01-25,"[HIGH PRIORITY] - They write the Secretary regarding the Jan. 1, 2010 deadline for pharmacy suppliers of medicare durable medical equipment, prosthetics, orthotics, and supplies to obtain accreditation in order to continue providing these medical supplies and equipment to medicare beneficiaries. Request using discretion in implementing the accreditation requirement for pharmacies in a manner that preserves beneficiaries' acces to medical supplies and equipment.",4,NA,rule,"deadline for pharmacy suppliers of medicare durable medical equipment, prosthetics, orthotics, and supplies to obtain accreditation in order to continue providing these medical supplies and equipment to medicare beneficiaries",2010-01-01,NA,2
DOL_MSHA,"ROCKEFELLER, John Davison IV (Jay)",2010-01-25,DOL Actions to Improve Black Lung Program & Respond to GAO Report,5,NA,information,Black Lung Program,NA,NA,2
DOL_MSHA,"ROCKEFELLER, John Davison IV (Jay)",2010-01-25,DOL Actions to Improve Black Lung Program & Respond to GAO Report,NA,NA,NA,NA,NA,NA,2
DHHS_CMS,"UDALL, Thomas (Tom)",2010-01-26,Problem with Medicare reimbursement,1,NA,NA,NA,NA,NA,2
DHHS_CMS,"UDALL, Thomas (Tom)",2010-01-26,Problem with Medicare reimbursement,1,2,NA,NA,NA,NA,2
DOL_MSHA,"WICKER, Roger F.",2010-01-26,Support Appeal of Exponentially Raised Fines for Minor MSHA Violations,2,4,enforcement,NA,NA,NA,2
DOL_MSHA,"WICKER, Roger F.",2010-01-26,Support Appeal of Exponentially Raised Fines for Minor MSHA Violations,NA,NA,NA,NA,NA,NA,2
DHHS_CMS,"UDALL, Thomas (Tom)",2010-02-02,Express concern about Medicare Fraud,1,NA,NA,NA,NA,NA,2
DHHS_CMS,"UDALL, Thomas (Tom)",2010-02-02,Express concern about Medicare Fraud,5,1,NA,NA,NA,NA,2
DOL_MSHA,"MINNICK, Walt",2010-03-01,Recent Activities of the Mine Safety & Health Adminstration (MSHA) Inspectors,2,4,NA,NA,NA,could be industry-wide experience,2
DOL_MSHA,"MINNICK, Walt",2010-03-01,Recent Activities of the Mine Safety & Health Adminstration (MSHA) Inspectors,NA,NA,NA,NA,NA,NA,2
DOL_MSHA,"SCHOCK, Aaron",2010-03-01,Recent Activities of the Mine Safety & Health Adminstration (MSHA) Inspectors,2,4,NA,NA,NA,could be industry-wide experience,2
DOL_MSHA,"SCHOCK, Aaron",2010-03-01,Recent Activities of the Mine Safety & Health Adminstration (MSHA) Inspectors,NA,NA,NA,NA,NA,NA,2
DHHS_CMS,"NELSON, Earl Benjamin (Ben)",2010-03-04,Physician Supervision Requirement,5,4,NA,NA,NA,NA,2
DHHS_CMS,"NELSON, Earl Benjamin (Ben)",2010-03-04,Physician Supervision Requirement,4,5,rule,Physician Supervision Requirement,NA,NA,2
DOL_MSHA,"SCHOCK, Aaron",2010-03-12,Issue involving the Safe Operation of New Mining Equipment for IBM QsBI,2,NA,NA,IBM,NA,major company,2
DOL_MSHA,"SCHOCK, Aaron",2010-03-12,Issue involving the Safe Operation of New Mining Equipment for IBM QsBI,NA,NA,NA,NA,NA,NA,2
DOL_MSHA,"WEXLER, Robert",2010-03-15,Former Employee/Concerning a Debt He Owes for Over-Payment of Annual Leave,1,NA,NA,NA,NA,NA,2
DOL_MSHA,"WEXLER, Robert",2010-03-15,Former Employee/Concerning a Debt He Owes for Over-Payment of Annual Leave,NA,NA,NA,NA,NA,NA,2
DOL_MSHA,"McCONNELL, Addison Mitchell (Mitch)",2010-03-18,MSHA Fines Will Put Company Out of Business,2,NA,enforcement,NA,NA,NA,2
DOL_MSHA,"McCONNELL, Addison Mitchell (Mitch)",2010-03-18,MSHA Fines Will Put Company Out of Business,NA,NA,NA,NA,NA,NA,2
DOL_MSHA,"CHAMBLISS, Saxby",2010-03-25,Closing of Small Mines Program/Concerns About MSHA's,4,2,NA,Small Mines Program,NA,similar to small businesses case - would apply to entire section of industry,2
DOL_MSHA,"CHAMBLISS, Saxby",2010-03-25,Closing of Small Mines Program/Concerns About MSHA's,NA,NA,NA,NA,NA,NA,2
DOL_MSHA,"BROWN, Sherrod",2010-03-29,Concerns About Increase in MSHA Citations and Penalties,2,NA,enforcement,NA,NA,NA,2
DOL_MSHA,"BROWN, Sherrod",2010-03-29,Concerns About Increase in MSHA Citations and Penalties,NA,NA,NA,NA,NA,NA,2
DHHS_CMS,"BAUCUS, Max Sieben",2010-03-31,"[HIGH PRIORITY] - 37 Senators write regarding the adoption and meaningful use of health information technology (HIT) by health care providers. They are encouraged by CMS' proposed rule requiring hospitals and eligible professionals to satisfy specified objectives in order to be considered a 'meaningful user' to receive incentive payments. They are concerned however that despite legislative intent, outpatient physicians practicing adjacent to hospitals were excluded from HIT incentive eligibility, making it more challenging for these providers to receive the HIT incentives.",5,4,rule,CMS' proposed rule requiring hospitals and eligible professionals to satisfy specified objectives in order to be considered a 'meaningful user' to receive incentive payments,future,NA,2
DHHS_CMS,"BAUCUS, Max Sieben",2010-03-31,"[HIGH PRIORITY] - 37 Senators write regarding the adoption and meaningful use of health information technology (HIT) by health care providers. They are encouraged by CMS' proposed rule requiring hospitals and eligible professionals to satisfy specified objectives in order to be considered a 'meaningful user' to receive incentive payments. They are concerned however that despite legislative intent, outpatient physicians practicing adjacent to hospitals were excluded from HIT incentive eligibility, making it more challenging for these providers to receive the HIT incentives.",5,4,rule,proposed rule requiring hospitals and eligible professionals to satisfy specified objectives in order to be considered a 'meaningful user' to receive incentive payments,NA,NA,2
DOL_SOL,"GRASSLEY, Charles Ernest",2010-04-01,Support for OSHA's Voluntary Protection Program (VPP),2,NA,NA,NA,NA,NA,2
DOL_SOL,"GRASSLEY, Charles Ernest",2010-04-01,Support for OSHA's Voluntary Protection Program (VPP),2,1,NA,NA,NA,NA,2
DOL_MSHA,"JOHANNS, Mike",2010-04-01,Assistance in Resolving a Disturbing MSHA Inspection,2,NA,enforcement,NA,NA,NA,2
DOL_MSHA,"JOHANNS, Mike",2010-04-01,Assistance in Resolving a Disturbing MSHA Inspection,NA,NA,NA,NA,NA,NA,2
DHHS_CMS,"WARNER, Mark",2010-04-02,"[HIGH PRIORITY] - With the passage of the historic, comprehensive health care reform legislation to provide health coverage to millions of uninsured Americans, urges the Secretary to begin developing a detailed roadmap to delivering the most effective and efficient reform and to provide frequent communication and updates to Congress and the public.",5,NA,legislation,Affordable Care Act,NA,NA,2
DHHS_CMS,"WARNER, Mark",2010-04-02,"[HIGH PRIORITY] - With the passage of the historic, comprehensive health care reform legislation to provide health coverage to millions of uninsured Americans, urges the Secretary to begin developing a detailed roadmap to delivering the most effective and efficient reform and to provide frequent communication and updates to Congress and the public.",5,NA,legislation,Patient Protection and Affordable Care Act,NA,NA,2
DOL_MSHA,"CAPITO, Shelley Moore",2010-04-09,West Virginia Mine Explosion,5,NA,disaster,NA,NA,NA,2
DOL_MSHA,"CAPITO, Shelley Moore",2010-04-09,West Virginia Mine Explosion,NA,NA,NA,NA,NA,NA,2
DOL_MSHA,"ROCKEFELLER, John Davison IV (Jay)",2010-04-12,West Virginia Mine Explosion,5,NA,disaster,NA,NA,NA,2
DOL_MSHA,"ROCKEFELLER, John Davison IV (Jay)",2010-04-12,West Virginia Mine Explosion,NA,NA,NA,NA,NA,NA,2
DOL_MSHA,"JOHANNS, Mike",2010-04-14,MSHA Inspectlons/Regarding the Way MSHA is Running the Inspections & Standards,2,4,enforcement,NA,NA,NA,2
DOL_MSHA,"JOHANNS, Mike",2010-04-14,MSHA Inspectlons/Regarding the Way MSHA is Running the Inspections & Standards,NA,NA,NA,NA,NA,NA,2
DOL_MSHA,"MILLER, George",2010-04-19,Request OIG Review How MSHA's Criteria for Placing a Mine in Pattern Violations?,2,4,investigation,NA,NA,affects whole industry,2
DOL_MSHA,"MILLER, George",2010-04-19,Request OIG Review How MSHA's Criteria for Placing a Mine in Pattern Violations?,NA,NA,NA,NA,NA,NA,2
DHHS_CMS,"MIKULSKI, Barbara Ann",2010-04-21,Express Concerns Over The Proposed Bundled Payment System and How It May Negatively Affect Beneficiaries,5,NA,NA,NA,NA,NA,2
DHHS_CMS,"MIKULSKI, Barbara Ann",2010-04-21,Express Concerns Over The Proposed Bundled Payment System and How It May Negatively Affect Beneficiaries,5,4,NA,NA,NA,NA,2
DOL_MSHA,"SUTTON, Betty",2010-04-26,Application for Funding Thru NIOSH for Miner Safety System,3,2,grant,Funding Thru NIOSH for Miner Safety System,NA,"looked into grants, research grants can be offered to public/nonprofit or private universities or labs. subject does not specify",2
DOL_MSHA,"SUTTON, Betty",2010-04-26,Application for Funding Thru NIOSH for Miner Safety System,NA,NA,NA,NA,NA,NA,2
DHHS_CMS,"VAN HOLLEN, Christopher",2010-04-27,"[HIGH PRIORITY] - Writes expressing concerns that recent regulations regarding certified electronic health records that were promulgated by CMS and the Office of the National Coordinator for Health Information Technology, do not establish adequate data and structural integrity protections as we move from the paper-based medical records to electronic health records. Deeply feels that the development of a comprehensive and interoperable HIT system will help reduce medical errors and lower health care costs.",5,NA,rule,recent regulations regarding certified electronic health records,NA,NA,2
DHHS_CMS,"VAN HOLLEN, Christopher",2010-04-27,"[HIGH PRIORITY] - Writes expressing concerns that recent regulations regarding certified electronic health records that were promulgated by CMS and the Office of the National Coordinator for Health Information Technology, do not establish adequate data and structural integrity protections as we move from the paper-based medical records to electronic health records. Deeply feels that the development of a comprehensive and interoperable HIT system will help reduce medical errors and lower health care costs.",5,NA,rule,recent regulations regarding certified electronic health records that were promulgated by CMS and the Office of the National Coordinator for Health Information Technology,NA,NA,2
DOL_MSHA,"BYRD, Robert Carlyle",2010-04-28,Need for Emergency Evacuation Plan For Those Living Near KHa,3,5,NA,NA,NA,see 189,2
DOL_MSHA,"BYRD, Robert Carlyle",2010-04-28,Need for Emergency Evacuation Plan For Those Living Near KHa,NA,NA,NA,NA,NA,NA,2
DHHS_CMS,"MIKULSKI, Barbara Ann",2010-04-29,2011 Physician Fee Schedule (PFS) to Stop Physician Self-Referrals,5,NA,NA,NA,NA,NA,2
DHHS_CMS,"MIKULSKI, Barbara Ann",2010-04-29,2011 Physician Fee Schedule (PFS) to Stop Physician Self-Referrals,5,NA,rule,2011 Physician Fee Schedule (PFS) to Stop Physician Self-Referrals,NA,NA,2
DOL_MSHA,"MORAN, Jerry",2010-05-05,Regarding the Increase in MSHA Citations from Previous Years/4 Questions,4,5,enforcement; information,NA,NA,NA,2
DOL_MSHA,"MORAN, Jerry",2010-05-05,Regarding the Increase in MSHA Citations from Previous Years/4 Questions,NA,NA,NA,NA,NA,NA,2
DHHS_CMS,"DeLAURO, Rosa L.",2010-05-11,"Personally thanks the Secretary and staff for extraordinary commitment, dedication, and expertise throughout the health care reform debate. Feels The Patient Protection and Affordable Care Act is a historical achievement for which too many Americans have been waiting decades.",6,5,legislation,Patient Protection and Affordable Care Act,NA,NA,2
DHHS_CMS,"DeLAURO, Rosa L.",2010-05-11,"Personally thanks the Secretary and staff for extraordinary commitment, dedication, and expertise throughout the health care reform debate. Feels The Patient Protection and Affordable Care Act is a historical achievement for which too many Americans have been waiting decades.",5,6,legislation,Patient Protection and Affordable Care Act,NA,NA,2
DHHS_CMS,"VITTER, David",2010-05-11,"[HIGH PRIORITY] - He reminds that Section 2713 of the Patient Protection and Affordable Care Act included a provision effectively requiring the federal government to set aside the November 2009 U. S. Preventive Service Task Force recommendations related to breast cancer screening and mammography. He requests that the Agency for Healthcare Research and Quality (AHRQ) to remove the November 2009 recommendations from its website and that they, and all other HHS components, immediately cease all promotion of the impugned recommendations.",5,NA,legislation,Section 2713 of the Patient Protection and Affordable Care Act,NA,NA,2
DHHS_CMS,"VITTER, David",2010-05-11,"[HIGH PRIORITY] - He reminds that Section 2713 of the Patient Protection and Affordable Care Act included a provision effectively requiring the federal government to set aside the November 2009 U. S. Preventive Service Task Force recommendations related to breast cancer screening and mammography. He requests that the Agency for Healthcare Research and Quality (AHRQ) to remove the November 2009 recommendations from its website and that they, and all other HHS components, immediately cease all promotion of the impugned recommendations.",5,NA,legislation,Section 2713 of the Patient Protection and Affordable Care Act included a provision effectively requiring the federal government to set aside the November 2009 U. S. Preventive Service Task Force recommendations related to breast cancer screening and mammography,NA,NA,2
DOE_FERC,"WILSON, Addison Graves (Joe)",2010-05-18,Comments of US Representative Joe Wilson on behalf of his constituent expressing concerns re relicensing of the Saluda Hydro Project under P-516.,1,NA,NA,NA,NA,bad files NA,2
DOE_FERC,"WILSON, Addison Graves (Joe)",2010-05-18,Comments of US Representative Joe Wilson on behalf of his constituent expressing concerns re relicensing of the Saluda Hydro Project under P-516.,1,NA,NA,NA,NA,NA,2
DOL_MSHA,"BAIRD, Brian",2010-05-19,"Request Meeting w/MSHA Office in n^^BIDiscuss $10,104in Penalties",2,NA,enforcement,NA,NA,NA,2
DOL_MSHA,"BAIRD, Brian",2010-05-19,"Request Meeting w/MSHA Office in n^^BIDiscuss $10,104in Penalties",NA,NA,NA,NA,NA,NA,2
DHHS_CMS,"CAMP, David Lee",2010-05-26,"[HIGH PRIORITY] - They are deeply concerned about CMS mailer to medicare enrollees under the guise of informing seniors about changes in medicare resulting from the Patient Protection and Affordable Care Act and the Health Care and Education Reconciliation Act (PPACA). Feel that the content violates the prohibition on federal agencies using appropriated funds for disseminating propaganda. They have requested GAO review of mailer. NLT Friday, May 28, 2010, HHS' intended course of action and explanation for such actions.",5,NA,information; legislation,CMS mailer to medicare enrollees under the guise of informing seniors about changes in medicare resulting from the Patient Protection and Affordable Care Act and the Health Care and Education Reconciliation Act (PPACA),NA,NA,2
DHHS_CMS,"CAMP, David Lee",2010-05-26,"[HIGH PRIORITY] - They are deeply concerned about CMS mailer to medicare enrollees under the guise of informing seniors about changes in medicare resulting from the Patient Protection and Affordable Care Act and the Health Care and Education Reconciliation Act (PPACA). Feel that the content violates the prohibition on federal agencies using appropriated funds for disseminating propaganda. They have requested GAO review of mailer. NLT Friday, May 28, 2010, HHS' intended course of action and explanation for such actions.",5,NA,NA,NA,NA,NA,2
DHHS_CMS,"BAUCUS, Max Sieben",2010-06-02,"[HIGH PRIORITY] - They write regarding the Medicare Drug, Improvement, and Modernization Act, which included requirements to increase the transparency surrounding the states' use of Medicaid Disproportionate Share Hospital (DSH) payments. The Department issued the DSH Audit and Reporting Rule in order to tell states how to audit and report on their use of medicaid DSH. They are concerned that changes that Rule made could be devastating for several hospitals in the State of Montana.",5,4,rule; legislation,"DSH Audit and Reporting Rule; Medicare Drug, Improvement, and Modernization Act",NA,NA,2
DHHS_CMS,"BAUCUS, Max Sieben",2010-06-02,"[HIGH PRIORITY] - They write regarding the Medicare Drug, Improvement, and Modernization Act, which included requirements to increase the transparency surrounding the states' use of Medicaid Disproportionate Share Hospital (DSH) payments. The Department issued the DSH Audit and Reporting Rule in order to tell states how to audit and report on their use of medicaid DSH. They are concerned that changes that Rule made could be devastating for several hospitals in the State of Montana.",4,3,legislation; rule,"Medicare Drug, Improvement, and Modernization Act; DSH Audit and Reporting Rule",NA,NA,2
DOL_MSHA,"ROCKEFELLER, John Davison IV (Jay)",2010-06-08,Suggestions to Improve Regulatory Compliance & Conditions in Nation's Coal Mines,5,4,NA,NA,NA,NA,2
DOL_MSHA,"ROCKEFELLER, John Davison IV (Jay)",2010-06-08,Suggestions to Improve Regulatory Compliance & Conditions in Nation's Coal Mines,NA,NA,NA,NA,NA,NA,2
DHHS_CMS,"WELCH, Peter",2010-06-09,"[HIGH PRIORITY] - Sixty-five (65) members express their disappointment related to the Notice of Proposed Rule Making by CMS on Section 4101 of the American Recovery and Reinvestment Act. While they strongly support the use of Electronic Health Records in physician's offices, they have significant concerns that the proposed measures for meaningful use of this technology by physicians and hospitals fall short of the intended goal.",5,NA,rule; legislation,Notice of Proposed Rule Making by CMS on Section 4101 of the American Recovery and Reinvestment Act,NA,NA,2
DHHS_CMS,"WELCH, Peter",2010-06-09,"[HIGH PRIORITY] - Sixty-five (65) members express their disappointment related to the Notice of Proposed Rule Making by CMS on Section 4101 of the American Recovery and Reinvestment Act. While they strongly support the use of Electronic Health Records in physician's offices, they have significant concerns that the proposed measures for meaningful use of this technology by physicians and hospitals fall short of the intended goal.",5,NA,rule; legislation,Notice of Proposed Rule Making by CMS on Section 4101 of the American Recovery and Reinvestment Act,future,NA,2
DHHS_CMS,"MATSUI, Doris",2010-06-10,National Coverage Decision (NCD) for Myelodysplastic Syndromes (MDS),5,NA,NA,NA,NA,NA,2
DHHS_CMS,"MATSUI, Doris",2010-06-10,National Coverage Decision (NCD) for Myelodysplastic Syndromes (MDS),5,4,NA,NA,NA,NA,2
DOL_MSHA,"PRYOR, Mark",2010-06-10,Retirees' Attempt to Return to Duty w/DOL as a MSHA Inspector/lnvestigator,1,NA,NA,NA,NA,NA,2
DOL_MSHA,"PRYOR, Mark",2010-06-10,Retirees' Attempt to Return to Duty w/DOL as a MSHA Inspector/lnvestigator,NA,NA,NA,NA,NA,NA,2
DHHS_CMS,"BARTON, Joe Linus",2010-06-14,"[HIGH PRIORITY] - They request information regarding two recent reports from CMS on the cost of the Patient Protection and Affordable Care Act, and the Health Care and Education Reconciliation Act of 2010. Of particular interest is the report issued on April 22, 2010, by the Chief Actuary entitled, 'Estimated Financial Effects of the Patient Protection and Affordable Care Act, as amended. Concerned that information in reports was not released publicly before final passage of legislation.",5,NA,information; legislation,"information regarding two recent reports from CMS on the cost of the Patient Protection and Affordable Care Act, and the Health Care and Education Reconciliation Act of 2010. Of particular interest is the report issued on April 22, 2010, by the Chief Actuary entitled, 'Estimated Financial Effects of the Patient Protection and Affordable Care Act, as amended",2010-04-22,NA,2
DHHS_CMS,"BARTON, Joe Linus",2010-06-14,[HIGH PRIORITY] - Three (3) members request a substantive briefing on efforts to implement new rules for group health plans and health insurance coverage in this group and individual markets as required by the health care law. They are specifically concerned over New York Times report that the Department will propose regulations that determine how a plan will become and remain 'grandfathered' and therefore subject to limited provisions of the law.,5,NA,meeting; information; rule; legislation,request a substantive briefing on efforts to implement new rules for group health plans and health insurance coverage in this group and individual markets as required by the health care law. They are specifically concerned over New York Times report that the Department will propose regulations that determine how a plan will become and remain 'grandfathered' and therefore subject to limited provisions of the law.,NA,NA,2
DHHS_CMS,"BARTON, Joe Linus",2010-06-14,[HIGH PRIORITY] - Three (3) members request a substantive briefing on efforts to implement new rules for group health plans and health insurance coverage in this group and individual markets as required by the health care law. They are specifically concerned over New York Times report that the Department will propose regulations that determine how a plan will become and remain 'grandfathered' and therefore subject to limited provisions of the law.,4,5,rule; legislation; media,request a substantive briefing on efforts to implement new rules for group health plans and health insurance coverage in this group and individual markets as required by the health care law. They are specifically concerned over New York Times report that the Department will propose regulations that determine how a plan will become and remain 'grandfathered' and therefore subject to limited provisions of the law.,future,NA,2
DHHS_CMS,"BARTON, Joe Linus",2010-06-14,"[HIGH PRIORITY] - They request information regarding two recent reports from CMS on the cost of the Patient Protection and Affordable Care Act, and the Health Care and Education Reconciliation Act of 2010. Of particular interest is the report issued on April 22, 2010, by the Chief Actuary entitled, 'Estimated Financial Effects of the Patient Protection and Affordable Care Act, as amended. Concerned that information in reports was not released publicly before final passage of legislation.",5,NA,information; legislation,"request information regarding two recent reports from CMS on the cost of the Patient Protection and Affordable Care Act, and the Health Care and Education Reconciliation Act of 2010. Of particular interest is the report issued on April 22, 2010, by the Chief Actuary entitled, 'Estimated Financial Effects of the Patient Protection and Affordable Care Act, as amended",2010-04-22,NA,2
DOL_MSHA,"BYRD, Robert Carlyle",2010-06-15,"Concerning the Mining Disaster in Montcoal, WVA that Killed 28 Minnere",2,4,disaster,NA,NA,"strange that constituent is company, but could be asking questions?",2
DOL_MSHA,"BYRD, Robert Carlyle",2010-06-15,"Concerning the Mining Disaster in Montcoal, WVA that Killed 28 Minnere",NA,NA,NA,NA,NA,NA,2
DHHS_CMS,"HODES, Paul",2010-06-15,Information requirements on the Medicare enrollment form.,1,5,NA,NA,NA,NA,2
DHHS_CMS,"HODES, Paul",2010-06-15,Information requirements on the Medicare enrollment form.,1,3,NA,NA,NA,NA,2
DOL_MSHA,"BYRD, Robert Carlyle",2010-06-21,West Virginia Mine Explosion,2,4,disaster,NA,NA,"strange that constituent is company, but could be asking questions?",2
DOL_MSHA,"BYRD, Robert Carlyle",2010-06-21,West Virginia Mine Explosion,NA,NA,NA,NA,NA,NA,2
DHHS_CMS,"COLLINS, Susan Margaret",2010-06-25,Concerned About Medicare Denying Payment on All Medicare clients since March 2010,5,1,NA,NA,NA,NA,2
DHHS_CMS,"COLLINS, Susan Margaret",2010-06-25,Concerned About Medicare Denying Payment on All Medicare clients since March 2010,2,3,NA,NA,NA,NA,2
DHHS_CMS,"LUGAR, Richard Green",2010-06-25,Proposed Change to Medicare for Gastroparesis.,5,1,NA,NA,NA,NA,2
DHHS_CMS,"LUGAR, Richard Green",2010-06-25,Proposed Change to Medicare for Gastroparesis.,5,4,NA,NA,NA,NA,2
DHHS_CMS,"SHELBY, Richard C.",2010-06-25,Federal Laws Governing the Disclosure of Privacy Information On Medicare Surveys.,1,NA,NA,NA,NA,NA,2
DHHS_CMS,"SHELBY, Richard C.",2010-06-25,Federal Laws Governing the Disclosure of Privacy Information On Medicare Surveys.,1,5,NA,NA,NA,NA,2
DHHS_CMS,"STUPAK, Bart T.",2010-06-25,Re: Medicare Payments.,1,2,NA,NA,NA,NA,2
DHHS_CMS,"STUPAK, Bart T.",2010-06-25,Re: Medicare Payments.,1,NA,NA,NA,NA,NA,2
DHHS_CMS,"MARKEY, Edward John",2010-06-29,Writes to Convey Strong Interest in Continuing to Work Closely with CMS to ensure that the Independence at Home Demo,5,NA,NA,NA,NA,NA,2
DHHS_CMS,"MARKEY, Edward John",2010-06-29,Writes to Convey Strong Interest in Continuing to Work Closely with CMS to ensure that the Independence at Home Demo,5,2,NA,NA,NA,NA,2
DHHS_CMS,"MILLER, Jefferson B. (Jeff)",2010-06-29,Provider Enrollment Chain and Owership System (PECOS).,2,4,NA,NA,NA,NA,2
DHHS_CMS,"MILLER, Jefferson B. (Jeff)",2010-06-29,Provider Enrollment Chain and Owership System (PECOS).,5,4,NA,NA,NA,NA,2
DOL_MSHA,"ENZI, Michael B.",2010-06-30,Concern About Two Recent Inspector General Reports,5,NA,information,NA,NA,NA,2
DOL_MSHA,"ENZI, Michael B.",2010-06-30,Concern About Two Recent Inspector General Reports,NA,NA,NA,NA,NA,NA,2
DHHS_CMS,"REID, Harry",2010-07-07,Anti-Markup Rule in the 2011 Physician Fee Schedule,5,4,rule,Anti-Markup Rule in the 2011 Physician Fee Schedule,future,NA,2
DHHS_CMS,"REID, Harry",2010-07-07,Anti-Markup Rule in the 2011 Physician Fee Schedule,5,NA,rule,Anti-Markup Rule in the 2011 Physician Fee Schedule,future,NA,2
DOL_MSHA,"McCASKILL, Claire",2010-07-09,Request List of All Contracts Used by DOL During FY 2009 to Response to Congress,5,NA,information; decision; contract,Request List of All Contracts,NA,NA,2
DOL_MSHA,"McCASKILL, Claire",2010-07-09,Request List of All Contracts Used by DOL During FY 2009 to Response to Congress,NA,NA,NA,NA,NA,NA,2
DOE_FERC,"REID, Harry",2010-07-14,US Senator Harry Reid submits letter on behalf of his constituent re the Ruby Pipeline LLC Project under CP09-54.,1,NA,NA,NA,NA,bad files NA,2
DOE_FERC,"REID, Harry",2010-07-14,US Senator Harry Reid submits letter on behalf of his constituent re the Ruby Pipeline LLC Project under CP09-54.,1,NA,NA,NA,NA,"descriptive project, is that ok?",2
DHHS_CMS,"COCHRAN, William Thad",2010-07-16,Reinstatement Of DMEPOS Supplier Exception,2,4,NA,NA,NA,NA,2
DHHS_CMS,"COCHRAN, William Thad",2010-07-16,Reinstatement Of DMEPOS Supplier Exception,4,2,NA,NA,NA,NA,2
DHHS_CMS,"BAYH, Evan",2010-07-21,"Inquires about the process with will govern the distribution of $100,000,000 in the Patient Protection and Affordable Care Act.   Endorses the funding needs of Wishard Memorial Hospital in Indianapolis, Indiana",3,5,legislation; budget allocation,"Inquires about the process with will govern the distribution of $100,000,000 in the Patient Protection and Affordable Care Act.   Endorses the funding needs of Wishard Memorial Hospital in Indianapolis, Indiana",NA,NA,2
DHHS_CMS,"BAYH, Evan",2010-07-21,"Inquires about the process with will govern the distribution of $100,000,000 in the Patient Protection and Affordable Care Act.   Endorses the funding needs of Wishard Memorial Hospital in Indianapolis, Indiana",3,5,legislation; information,"Inquires about the process with will govern the distribution of $100,000,000 in the Patient Protection and Affordable Care Ac",future,NA,2
DOL_MSHA,"GRASSLEY, Charles Ernest",2010-07-21,Levied on Metal & Nonmetal Mines by MSHA,4,5,enforcement,NA,NA,"missing info, but sounds like enforcement",2
DOL_MSHA,"GRASSLEY, Charles Ernest",2010-07-21,Levied on Metal & Nonmetal Mines by MSHA,NA,NA,NA,NA,NA,NA,2
DOL_MSHA,"SESSIONS, Jefferson Beauregard III (Jeff)",2010-07-22,Black Lung Benefits for Deceased,1,5,NA,NA,NA,could be for individual or policy in general,2
DOL_MSHA,"SESSIONS, Jefferson Beauregard III (Jeff)",2010-07-22,Black Lung Benefits for Deceased,NA,NA,NA,NA,NA,NA,2
DHHS_CMS,"GRAVES, Samuel",2010-07-23,Seeking Medicare approved suppliers,2,1,NA,NA,NA,NA,2
DHHS_CMS,"GRAVES, Samuel",2010-07-23,Seeking Medicare approved suppliers,1,NA,NA,NA,NA,NA,2
DOL_MSHA,"CAPITO, Shelley Moore",2010-07-26,Applied for MSHA Job Announcement,1,NA,NA,NA,NA,NA,2
DOL_MSHA,"CAPITO, Shelley Moore",2010-07-26,Applied for MSHA Job Announcement,NA,NA,NA,NA,NA,NA,2
DHHS_CMS,"CORNYN, John",2010-07-26,Pancreatic Islet Auto-Transplantation as a Adjunct to Total Pancreatectomy,1,NA,NA,NA,NA,NA,2
DHHS_CMS,"CORNYN, John",2010-07-26,Pancreatic Islet Auto-Transplantation as a Adjunct to Total Pancreatectomy,0,NA,NA,NA,NA,NA,2
DOL_MSHA,"SCHRADER, Kurt",2010-07-29,MSHA's Noise Standards for Drilling Operator Machines & MSHA Citations,1,2,enforcement,NA,NA,unsure if individual miner or company's citation challenge,2
DOL_MSHA,"SCHRADER, Kurt",2010-07-29,MSHA's Noise Standards for Drilling Operator Machines & MSHA Citations,NA,NA,NA,NA,NA,NA,2
DOL_MSHA,"THUNE, John",2010-07-29,Regarding MSHA Inspections & Citations,2,1,enforcement,NA,NA,NA,2
DOL_MSHA,"THUNE, John",2010-07-29,Regarding MSHA Inspections & Citations,NA,NA,NA,NA,NA,NA,2
DOL_MSHA,"LUGAR, Richard Green",2010-08-02,Regarding Past Due MSHA Account & Would Like Your Assistance,1,NA,NA,NA,NA,NA,2
DOL_MSHA,"LUGAR, Richard Green",2010-08-02,Regarding Past Due MSHA Account & Would Like Your Assistance,NA,NA,NA,NA,NA,NA,2
DHHS_CMS,"KIRK, Mark Steven",2010-08-10,National Coverage Determination For A Preshyopia-Correcting Intraocular Lens,5,NA,NA,NA,NA,NA,2
DHHS_CMS,"KIRK, Mark Steven",2010-08-10,National Coverage Determination For A Preshyopia-Correcting Intraocular Lens,4,NA,NA,NA,NA,NA,2
DOL_MSHA,"McCONNELL, Addison Mitchell (Mitch)",2010-08-17,Concerned w/MSHA's Inspections of Certain Mines in KY & Unfair MSHA Inspectors,2,1,enforcement,NA,NA,"likely a mine's complaint, but could be citizen complaint",2
DOL_MSHA,"McCONNELL, Addison Mitchell (Mitch)",2010-08-17,Concerned w/MSHA's Inspections of Certain Mines in KY & Unfair MSHA Inspectors,NA,NA,NA,NA,NA,NA,2
DOL_MSHA,"GILLIBRAND, Kirsten",2010-08-19,Regarding MSHA Inspections & Citations,2,NA,enforcement,NA,NA,NA,2
DOL_MSHA,"GILLIBRAND, Kirsten",2010-08-19,Regarding MSHA Inspections & Citations,NA,NA,NA,NA,NA,NA,2
DHHS_CMS,"MICA, John L.",2010-08-20,Medicare/Medicaid Payments Not Received,2,1,NA,NA,NA,NA,2
DHHS_CMS,"MICA, John L.",2010-08-20,Medicare/Medicaid Payments Not Received,1,2,NA,NA,NA,NA,2
DOE_FERC,"GRAHAM, Lindsey O.",2010-08-23,Comments of US Senator Lindsey O Graham on behalf of a constituent expressing concerns re the rule curve etc under P-1267.,1,NA,NA,NA,NA,bad files NA,2
DOE_FERC,"GRAHAM, Lindsey O.",2010-08-23,Comments of US Senator Lindsey O Graham on behalf of a constituent expressing concerns re the rule curve etc under P-1267.,1,NA,NA,NA,NA,Hard to recognize from attached letter,2
DOE_FERC,"DeMINT, James W.",2010-08-24,"US Senator Jim DeMint submits letter on behalf of his constituent about changing the ""rule curve"" in the license agreement under P-1267.",1,NA,NA,NA,NA,bad files NA,2
DOE_FERC,"DeMINT, James W.",2010-08-24,"US Senator Jim DeMint submits letter on behalf of his constituent about changing the ""rule curve"" in the license agreement under P-1267.",2,NA,NA,NA,NA,Unsure if county can stay as a business but they are operator in licence agreement,2
DHHS_CMS,"GILLIBRAND, Kirsten",2010-09-01,Proposed Changes to the Hospital Outpatient Prospective Payment System and CY 2011 Payment Rates,5,NA,NA,NA,NA,NA,2
DHHS_CMS,"GILLIBRAND, Kirsten",2010-09-01,Proposed Changes to the Hospital Outpatient Prospective Payment System and CY 2011 Payment Rates,4,5,rule,Proposed Changes to the Hospital Outpatient Prospective Payment System and CY 2011 Payment Rates,future,NA,2
DHHS_CMS,"GRASSLEY, Charles Ernest",2010-09-14,Requesting A Nomination Hearing for the Committee on Finance,6,5,hearing,nomination hearing,future,NA,2
DHHS_CMS,"GRASSLEY, Charles Ernest",2010-09-14,Requesting A Nomination Hearing for the Committee on Finance,6,5,NA,NA,NA,NA,2
EPA,"KAGEN, Steven",2010-09-15,LEAD IN AMMUNITION AND FISHING TACKLE,5,"NA",NA,NA,NA,I'M ASSUMING KAGEN IS IN FAVOR OF LEAD REGULATIONS BUT NOT ENOUGH INFO TO DETERMINE A POLICY EVENT,2
EPA,"KAGEN, Steven",2010-09-15,LEAD IN AMMUNITION AND FISHING TACKLE,5,"NA",NA,NA,NA,"NA",2
DHHS_CMS,"GRASSLEY, Charles Ernest",2010-09-16,"[HIGH PRIORITY]--URGENT RESPONSE--- {x-ref 040620101031} Follow up to previous correspondence.  Requests NLT Sept. 21, 2010, a full response to questions raised in referenced April 5, 2010 letter regarding pharmacy fraud within the Medicare program.",5,NA,information,"questions raised in referenced April 5, 2010 letter regarding pharmacy fraud within the Medicare program",NA,NA,2
DHHS_CMS,"GRASSLEY, Charles Ernest",2010-09-16,"[HIGH PRIORITY]--URGENT RESPONSE--- {x-ref 040620101031} Follow up to previous correspondence.  Requests NLT Sept. 21, 2010, a full response to questions raised in referenced April 5, 2010 letter regarding pharmacy fraud within the Medicare program.",5,NA,NA,NA,NA,NA,2
DHHS_CMS,"GRAHAM, Lindsey O.",2010-09-20,Constituent is Billed for Services that are Supposed to be Covered by Social Security but have Not Yet Been Paid.,1,NA,NA,NA,NA,NA,2
DHHS_CMS,"GRAHAM, Lindsey O.",2010-09-20,Constituent is Billed for Services that are Supposed to be Covered by Social Security but have Not Yet Been Paid.,1,2,NA,NA,NA,NA,2
DHHS_CMS,"ISRAEL, Steve",2010-09-23,Forwards 160 constituent letters opposing cuts to Cancer Care in the Prooposed 2011 Medicare Physician Fee Schedule,1,4,NA,NA,NA,interesting,2
DHHS_CMS,"ISRAEL, Steve",2010-09-23,Forwards 160 constituent letters opposing cuts to Cancer Care in the Prooposed 2011 Medicare Physician Fee Schedule,2,4,rule,cuts to Cancer Care in the Prooposed 2011 Medicare Physician Fee Schedule,future,NA,2
DHHS_CMS,"KOHL, Herbert H.",2010-09-23,Regarding Proposed Payment Policies Rehabilitation Services,5,4,NA,NA,NA,NA,2
DHHS_CMS,"KOHL, Herbert H.",2010-09-23,Regarding Proposed Payment Policies Rehabilitation Services,4,5,NA,NA,NA,NA,2
DOL_MSHA,"ROCKEFELLER, John Davison IV (Jay)",2010-09-23,Support Mine Safety Grant Application,3,NA,grant,Mine Emergency Prevention Through Advanced Ventilation Training,NA,NA,2
DOL_MSHA,"ROCKEFELLER, John Davison IV (Jay)",2010-09-23,Support Mine Safety Grant Application,NA,NA,NA,NA,NA,NA,2
DHHS_CMS,"BENNET, Michael F.",2010-09-29,Medicare Home Health PPS for the 2011 Proposed Rule,5,NA,rule,Medicare Home Health PPS for the 2011 Proposed Rule,NA,NA,2
DHHS_CMS,"BENNET, Michael F.",2010-09-29,Medicare Home Health PPS for the 2011 Proposed Rule,5,4,rule,Medicare Home Health PPS for the 2011 Proposed Rule,future,NA,2
DHHS_CMS,"ISAKSON, Johnny",2010-10-04,Concerns on Average Costs and Medicare Allowable Amounts for Major Replacement Surgeries in Major Metropolitan Areas.,1,5,NA,NA,NA,NA,2
DHHS_CMS,"ISAKSON, Johnny",2010-10-04,Concerns on Average Costs and Medicare Allowable Amounts for Major Replacement Surgeries in Major Metropolitan Areas.,5,NA,NA,NA,NA,NA,2
DOL_MSHA,"SESTAK, Joe",2010-10-06,Complaint Of A MSHA,2,NA,NA,NA,NA,NA,2
DOL_MSHA,"SESTAK, Joe",2010-10-06,Complaint Of A MSHA,NA,NA,NA,NA,NA,NA,2
DOL_MSHA,"LUNGREN, Daniel Edward",2010-10-08,Retaliation for Disclosing the Vacates of Valid Citations,1,NA,enforcement,NA,NA,likely a single employee whistleblower,2
DOL_MSHA,"LUNGREN, Daniel Edward",2010-10-08,Retaliation for Disclosing the Vacates of Valid Citations,NA,NA,NA,NA,NA,NA,2
DHHS_CMS,"SPRATT, John McKee, Jr.",2010-10-29,"Durable Medical Equipment, Prosthetics, Orthotics & Supplies  (DMEPOS) Supplier Number",2,NA,NA,NA,NA,NA,2
DHHS_CMS,"SPRATT, John McKee, Jr.",2010-10-29,"Durable Medical Equipment, Prosthetics, Orthotics & Supplies  (DMEPOS) Supplier Number",2,3,NA,NA,NA,NA,2
DOD_OIG,"SNYDER, Victor F.",2010-11-02,NA,1,2,NA,NA,NA,NA,2
DOD_OIG,"SNYDER, Victor F.",2010-11-02,NA,5,NA,investigation,NA,NA,NA,2
DHHS_CMS,"SNOWE, Olympia Jean",2010-11-09,Rural Community Hospital Demonstration Program,5,NA,NA,NA,NA,NA,2
DHHS_CMS,"SNOWE, Olympia Jean",2010-11-09,Rural Community Hospital Demonstration Program,5,4,NA,NA,NA,NA,2
DOL_MSHA,"McCASKILL, Claire",2010-11-10,Regarding MSHA Citation on Air Quality Testing Complaint,2,1,enforcement,NA,NA,could be more likely to be an individual,2
DOL_MSHA,"McCASKILL, Claire",2010-11-10,Regarding MSHA Citation on Air Quality Testing Complaint,NA,NA,NA,NA,NA,NA,2
DOL_MSHA,"COLE, Tom",2010-11-16,Complaint of Inconsistencies in MSHA's Inspections,4,2,enforcement,NA,NA,NA,2
DOL_MSHA,"COLE, Tom",2010-11-16,Complaint of Inconsistencies in MSHA's Inspections,NA,NA,NA,NA,NA,NA,2
DOL_MSHA,"STEARNS, Clifford Bundy",2010-11-16,MSHA Complaint/MSHA's New Directives & Tactics to Enforce Its Regulations,2,4,enforcement,NA,NA,NA,2
DOL_MSHA,"STEARNS, Clifford Bundy",2010-11-16,MSHA Complaint/MSHA's New Directives & Tactics to Enforce Its Regulations,NA,NA,NA,NA,NA,NA,2
DHHS_CMS,"HINOJOSA, Rubén",2010-11-19,Enrollment Cancellation in the AARP Medicare Rx Program,1,NA,NA,NA,NA,NA,2
DHHS_CMS,"HINOJOSA, Rubén",2010-11-19,Enrollment Cancellation in the AARP Medicare Rx Program,1,2,NA,NA,NA,NA,2
DOL_MSHA,"REHBERG, Denny",2010-11-23,Request Records of Action Taken That Resulted in Inclement Against,5,4,information,NA,NA,incomplete information,2
DOL_MSHA,"REHBERG, Denny",2010-11-23,Request Records of Action Taken That Resulted in Inclement Against,NA,NA,NA,NA,NA,NA,2
DHHS_CMS,"SNOWE, Olympia Jean",2010-11-23,H.R. 3590 Patient Protection and Affordable Care Act,1,5,legislation,H.R. 3590 Patient Protection and Affordable Care Act,NA,NA,2
DHHS_CMS,"SNOWE, Olympia Jean",2010-11-23,H.R. 3590 Patient Protection and Affordable Care Act,5,1,legislation,H.R. 3590 Patient Protection and Affordable Care Act,NA,NA,2
DOL_MSHA,"STEARNS, Clifford Bundy",2010-12-13,MSHA Complaint/ Investigate Statements,4,2,investigation,NA,NA,NA,2
DOL_MSHA,"STEARNS, Clifford Bundy",2010-12-13,MSHA Complaint/ Investigate Statements,NA,NA,NA,NA,NA,NA,2
DHHS_CMS,"AKAKA, Daniel Kahikina",2010-12-14,Implementing Significant Reform to the Payment System for Kidney Dialysis Services,1,2,NA,NA,NA,NA,2
DHHS_CMS,"AKAKA, Daniel Kahikina",2010-12-14,Implementing Significant Reform to the Payment System for Kidney Dialysis Services,2,4,NA,NA,NA,NA,2
DOE_FERC,"MIKULSKI, Barbara Ann",2010-12-14,United States Senator Barbara A Mikulski submits letter requesting consideration of attachment under EC10-68.,NA,NA,NA,NA,NA,bad files NA,2
DOE_FERC,"MIKULSKI, Barbara Ann",2010-12-14,United States Senator Barbara A Mikulski submits letter requesting consideration of attachment under EC10-68.,1,NA,NA,NA,NA,Neutral letter,2
DHHS_CMS,"VAN HOLLEN, Christopher",2010-12-15,Face-to Face Encounters and Hospice Services.,4,5,NA,NA,NA,NA,2
DHHS_CMS,"VAN HOLLEN, Christopher",2010-12-15,Face-to Face Encounters and Hospice Services.,5,4,NA,NA,NA,NA,2
DOL_MSHA,"CONRAD, Kent",2010-12-21,Regarding Approval from MSHA on Bobcat Engines Used in Loaders for Mining Proces,4,2,NA,NA,NA,change that affects entire industry,2
DOL_MSHA,"CONRAD, Kent",2010-12-21,Regarding Approval from MSHA on Bobcat Engines Used in Loaders for Mining Proces,NA,NA,NA,NA,NA,NA,2
DHHS_CMS,"JOHANNS, Mike",2010-12-21,Del (7)- 2011 Final Rule for Home Health or Hospice Benefits.,5,NA,rule,2011 Final Rule for Home Health and Hospice Benefits,NA,NA,2
DHHS_CMS,"JOHANNS, Mike",2010-12-21,Del (7)- 2011 Final Rule for Home Health or Hospice Benefits.,4,5,rule,2011 Final Rule for Home Health or Hospice Benefits,NA,NA,2
DHHS_CMS,"CHAMBLISS, Saxby",2010-12-28,Concerns Regarding Oxygen Assistance Under Medicare.,1,NA,NA,NA,NA,NA,2
DHHS_CMS,"CHAMBLISS, Saxby",2010-12-28,Concerns Regarding Oxygen Assistance Under Medicare.,1,5,NA,NA,NA,NA,2
DOL_MSHA,"ROCKEFELLER, John Davison IV (Jay)",2010-12-29,Update & Status on MSHA Investigation on Mine Safety Issue,4,5,investigation,NA,NA,NA,2
DOL_MSHA,"ROCKEFELLER, John Davison IV (Jay)",2010-12-29,Update & Status on MSHA Investigation on Mine Safety Issue,NA,NA,NA,NA,NA,NA,2
DOL_MSHA,"COLLINS, Susan Margaret",2011-01-07,Unfairly Targeted by Inspectors,2,4,enforcement,NA,NA,NA,2
DOL_MSHA,"COLLINS, Susan Margaret",2011-01-07,Unfairly Targeted by Inspectors,NA,NA,NA,NA,NA,NA,2
DHHS_CMS,"LANDRIEU, Mary L.",2011-01-10,Termination Notification Long Term Acute Care Hospitals.,5,3,NA,NA,NA,NA,2
DHHS_CMS,"LANDRIEU, Mary L.",2011-01-10,Termination Notification Long Term Acute Care Hospitals.,5,4,NA,NA,NA,NA,2
DHHS_CMS,"KOHL, Herbert H.",2011-01-19,New CMS Regulations.,5,4,rule,NA,NA,NA,2
DHHS_CMS,"KOHL, Herbert H.",2011-01-19,New CMS Regulations.,5,1,rule,NA,NA,NA,2
DHHS_CMS,"SNOWE, Olympia Jean",2011-01-31,Medicare Insurance Premiums,5,1,NA,NA,NA,NA,2
DHHS_CMS,"SNOWE, Olympia Jean",2011-01-31,Medicare Insurance Premiums,1,NA,NA,NA,NA,NA,2
DHHS_CMS,"MIKULSKI, Barbara Ann",2011-02-03,Reverse Physician Signature Requirement.,4,2,rule,Physician Signature Requirement,NA,NA,2
DHHS_CMS,"MIKULSKI, Barbara Ann",2011-02-03,Reverse Physician Signature Requirement.,4,2,rule,Physician Signature Requirement.,NA,NA,2
DOL_MSHA,"OWENS, William",2011-02-03,Concerning The Use Of Her Signature On Safety Documents At MSHA,1,2,NA,NA,NA,NA,2
DOL_MSHA,"OWENS, William",2011-02-03,Concerning The Use Of Her Signature On Safety Documents At MSHA,NA,NA,NA,NA,NA,NA,2
DHHS_CMS,"CANTOR, Eric",2011-02-09,Seeks Assistance in Appealing to CMS to Resolve an Issue Regarding Reimbursement For Physician Services,2,1,NA,NA,NA,NA,2
DHHS_CMS,"CANTOR, Eric",2011-02-09,Seeks Assistance in Appealing to CMS to Resolve an Issue Regarding Reimbursement For Physician Services,2,3,NA,NA,NA,NA,2
DHHS_CMS,"HATCH, Orrin Grant",2011-02-11,"[HIGH PRIORITY] - As Ranking Member of the Committee on Finance, feels it is a part of his responsibility to conduct vigorous oversight of the Patient Protection and Affordable Car",5,NA,legislation,Affordable Care Act,NA,NA,2
DHHS_CMS,"HATCH, Orrin Grant",2011-02-11,"[HIGH PRIORITY] - As Ranking Member of the Committee on Finance, feels it is a part of his responsibility to conduct vigorous oversight of the Patient Protection and Affordable Car",5,NA,legislation,Patient Protection and Affordable Care Act,NA,NA,2
DOL_MSHA,"COLLINS, Susan Margaret",2011-02-16,Complaint with Demands of MSHA Inspection of Facility,2,NA,enforcement,NA,NA,NA,2
DOL_MSHA,"COLLINS, Susan Margaret",2011-02-16,Complaint with Demands of MSHA Inspection of Facility,NA,NA,NA,NA,NA,NA,2
DHHS_CMS,"JOHNSON, Ron",2011-02-16,Cong. Del (3) - Organ Procurement Organization - OSF St. Anthony Medical Center's Waiver Request,3,NA,NA,NA,NA,NA,2
DHHS_CMS,"JOHNSON, Ron",2011-02-16,Cong. Del (3) - Organ Procurement Organization - OSF St. Anthony Medical Center's Waiver Request,3,2,NA,NA,NA,NA,2
DOD_OIG,"GRASSLEY, Charles Ernest",2011-02-23,NA,5,NA,budget allocation,NA,NA,NA,2
DOD_OIG,"GRASSLEY, Charles Ernest",2011-02-23,NA,5,NA,information,NA,NA,NA,2
DHHS_CMS,"JOHNSON, Hank",2011-02-24,Assistance With Medicare Reinstatement.,1,NA,NA,NA,NA,NA,2
DHHS_CMS,"JOHNSON, Hank",2011-02-24,Assistance With Medicare Reinstatement.,2,3,NA,NA,NA,NA,2
DHHS_CMS,"REID, Harry",2011-02-24,Concerned About Face To Face Encounters,2,4,NA,NA,NA,NA,2
DHHS_CMS,"REID, Harry",2011-02-24,Concerned About Face To Face Encounters,4,2,NA,NA,NA,NA,2
DHHS_CMS,"ROSS, Dennis",2011-02-28,Disenrollment from Medicare Part D Program.,1,NA,NA,NA,NA,NA,2
DHHS_CMS,"ROSS, Dennis",2011-02-28,Disenrollment from Medicare Part D Program.,1,2,NA,NA,NA,NA,2
DHHS_CMS,"WOLF, Frank Rudolph",2011-03-07,Health Care Law,5,1,NA,NA,NA,NA,2
DHHS_CMS,"WOLF, Frank Rudolph",2011-03-07,Health Care Law,1,5,NA,NA,NA,NA,2
DOL_MSHA,"LUNGREN, Daniel Edward",2011-03-09,Follow Up on Retaliation for Disclosing the Vacates of Valid Citations,1,NA,NA,NA,NA,see 270,2
DOL_MSHA,"LUNGREN, Daniel Edward",2011-03-09,Follow Up on Retaliation for Disclosing the Vacates of Valid Citations,NA,NA,NA,NA,NA,NA,2
DOL_MSHA,"SNOWE, Olympia Jean",2011-03-09,Fines Imposed on his Granite Quarry Business,2,NA,enforcement,NA,NA,NA,2
DOL_MSHA,"SNOWE, Olympia Jean",2011-03-09,Fines Imposed on his Granite Quarry Business,NA,NA,NA,NA,NA,NA,2
DHHS_CMS,"BOUSTANY, Charles W.",2011-03-10,"[HIGH PRIORITY] - Two (2) members write expressing serious concerns regarding the findings of Ernst & Young's recent independent audit of HHS' FY 2010 financial statements, contracted through HHS' Office of the Inspector General (OIG). Audit revealed significant shortcomings throughout the Department. They are troubled by shortcomings that point to apparent mishandling of taxpayer dollars and seeks to better understand what the Department is doing to correct the problems.",5,NA,information,"findings of Ernst & Young's recent independent audit of HHS' FY 2010 financial statements, contracted through HHS' Office of the Inspector General (OIG)",NA,NA,2
DHHS_CMS,"BOUSTANY, Charles W.",2011-03-10,"[HIGH PRIORITY] - Two (2) members write expressing serious concerns regarding the findings of Ernst & Young's recent independent audit of HHS' FY 2010 financial statements, contracted through HHS' Office of the Inspector General (OIG). Audit revealed significant shortcomings throughout the Department. They are troubled by shortcomings that point to apparent mishandling of taxpayer dollars and seeks to better understand what the Department is doing to correct the problems.",5,NA,information,findings of Ernst & Young's recent independent audit of HHS' FY 2010 financial statements,NA,NA,2
DOL_MSHA,"ROCKEFELLER, John Davison IV (Jay)",2011-03-10,Regarding Mine Rescue Team Initiative Through The FY 2011 Appropriations Process,5,NA,budget allocation,Mine Rescue Team Initiative,NA,NA,2
DOL_MSHA,"ROCKEFELLER, John Davison IV (Jay)",2011-03-10,Regarding Mine Rescue Team Initiative Through The FY 2011 Appropriations Process,NA,NA,NA,NA,NA,NA,2
DOD_OIG,"WOLF, Frank Rudolph",2011-03-10,NA,0,NA,NA,NA,NA,NA,2
DOD_OIG,"WOLF, Frank Rudolph",2011-03-10,NA,1,NA,NA,NA,NA,NA,2
DOE_FERC,"KOHL, Herbert H.",2011-03-15,US Senator Herb Kohl submits letter on behalf of his constituent regarding questions about the enforcement of environmental laws etc.,1,NA,NA,NA,NA,badfiles NA,2
DOE_FERC,"KOHL, Herbert H.",2011-03-15,US Senator Herb Kohl submits letter on behalf of his constituent regarding questions about the enforcement of environmental laws etc.,1,NA,NA,NA,NA,NA,2
DOL_MSHA,"LUETKEMEYER, Blaine",2011-03-17,Concerns Involving Frequent Inspections Being Carried Out By (MSHA),4,NA,enforcement,NA,NA,NA,2
DOL_MSHA,"LUETKEMEYER, Blaine",2011-03-17,Concerns Involving Frequent Inspections Being Carried Out By (MSHA),NA,NA,NA,NA,NA,NA,2
DHHS_CMS,"BLUMENTHAL, Richard",2011-03-18,Prescriptions Covered Under the Medicare Part D Program Through a Point-of-Sale Notice,1,NA,NA,NA,NA,NA,2
DHHS_CMS,"BLUMENTHAL, Richard",2011-03-18,Prescriptions Covered Under the Medicare Part D Program Through a Point-of-Sale Notice,5,1,NA,NA,NA,NA,2
DOL_MSHA,"HERRERA BEUTLER, Jaime",2011-03-18,Concern Regarding Increased,4,NA,enforcement,NA,NA,NA,2
DOL_MSHA,"HERRERA BEUTLER, Jaime",2011-03-18,Concern Regarding Increased,NA,NA,NA,NA,NA,NA,2
DHHS_CMS,"CANTOR, Eric",2011-03-23,Medical Practice Has Not Received Payment Due to PECOS Problems.,2,NA,NA,NA,NA,NA,2
DHHS_CMS,"CANTOR, Eric",2011-03-23,Medical Practice Has Not Received Payment Due to PECOS Problems.,2,3,NA,NA,NA,NA,2
DOL_MSHA,"BLACK, Diane",2011-03-24,MSHA Citations Complaint,2,NA,enforcement,NA,NA,NA,2
DOL_MSHA,"BLACK, Diane",2011-03-24,MSHA Citations Complaint,NA,NA,NA,NA,NA,NA,2
DHHS_CMS,"JOHANNS, Mike",2011-03-25,Medicare Reimbursement for Hospitals.,5,4,NA,NA,NA,NA,2
DHHS_CMS,"JOHANNS, Mike",2011-03-25,Medicare Reimbursement for Hospitals.,4,3,NA,NA,NA,NA,2
DHHS_CMS,"ENSIGN, John Eric",2011-03-30,"[HIGH PRIORITY] - Reiterates interest in obtaining detailed information from the Department and its Center for Consumer Information and Insurance Oversight (CCIIO) regarding the criteria used to grant waivers to the annual limit requirements under the Patient Protection and Affordable Care Act. Questions why some applicants may be granted waivers while others may not. Requests in electronic format, by April 13, 2011, information relative to this issue.",5,NA,information; legislation,criteria used to grant waivers to the annual limit requirements under the Patient Protection and Affordable Care Act,NA,NA,2
DHHS_CMS,"ENSIGN, John Eric",2011-03-30,"[HIGH PRIORITY] - Reiterates interest in obtaining detailed information from the Department and its Center for Consumer Information and Insurance Oversight (CCIIO) regarding the criteria used to grant waivers to the annual limit requirements under the Patient Protection and Affordable Care Act. Questions why some applicants may be granted waivers while others may not. Requests in electronic format, by April 13, 2011, information relative to this issue.",5,NA,information; legislation,information from the Department and its Center for Consumer Information and Insurance Oversight (CCIIO) regarding the criteria used to grant waivers to the annual limit requirements under the Patient Protection and Affordable Care Act,NA,NA,2
DHHS_CMS,"CASTOR, Kathy",2011-03-31,Concerns Regarding Medicare Claims Received for Services Not Rendered.,1,2,NA,NA,NA,NA,2
DHHS_CMS,"CASTOR, Kathy",2011-03-31,Concerns Regarding Medicare Claims Received for Services Not Rendered.,2,1,NA,NA,NA,NA,2
DHHS_CMS,"MICA, John L.",2011-03-31,(TEST FOLDER TEST FOLDER )Seeks assistance with coverage of self injectable drugs,0,NA,NA,NA,NA,NA,2
DHHS_CMS,"MICA, John L.",2011-03-31,(TEST FOLDER TEST FOLDER )Seeks assistance with coverage of self injectable drugs,1,NA,NA,NA,NA,NA,2
DOD_OIG,"GRASSLEY, Charles Ernest",2011-04-06,NA,0,NA,NA,NA,NA,NA,2
DOD_OIG,"GRASSLEY, Charles Ernest",2011-04-06,NA,5,NA,information,NA,NA,NA,2
DOL_MSHA,"PAUL, Rand",2011-04-06,MSHA Issue/Wrongfully Terminated,1,NA,NA,NA,NA,NA,2
DOL_MSHA,"PAUL, Rand",2011-04-06,MSHA Issue/Wrongfully Terminated,NA,NA,NA,NA,NA,NA,2
DOL_MSHA,"THUNE, John",2011-04-06,Update on Memorandum of Understanding (MOU) for Railroad Regulations,5,2,information; decision,Memorandum of Understanding (MOU) for Railroad Regulations,NA,MOU is agreement between parties?; since federal agency it might be a 5 or 2?,2
DOL_MSHA,"THUNE, John",2011-04-06,Update on Memorandum of Understanding (MOU) for Railroad Regulations,NA,NA,NA,NA,NA,NA,2
DHHS_CMS,"DEUTCH, Theodore E. (Ted)",2011-04-08,"Concerns Regarding Medicare Claims, Audits, and Payments.",2,1,NA,NA,NA,NA,2
DHHS_CMS,"DEUTCH, Theodore E. (Ted)",2011-04-08,"Concerns Regarding Medicare Claims, Audits, and Payments.",1,2,NA,NA,NA,NA,2
DOL_MSHA,"RAHALL, Nick Joe, II",2011-04-08,Mine Safety and Health Inspections,4,2,enforcement,NA,NA,NA,2
DOL_MSHA,"RAHALL, Nick Joe, II",2011-04-08,Mine Safety and Health Inspections,NA,NA,NA,NA,NA,NA,2
DOL_MSHA,"COLLINS, Susan Margaret",2011-04-12,Fines Levied Against Him By Officials At DOL MSHA,2,1,enforcement,NA,NA,NA,2
DOL_MSHA,"COLLINS, Susan Margaret",2011-04-12,Fines Levied Against Him By Officials At DOL MSHA,NA,NA,NA,NA,NA,NA,2
DOE_FERC,"OWENS, William",2011-04-15,US Representative Bill Owens submits correspondence from constituent concerning the price and fees of Suburban propane.,1,NA,NA,NA,NA,badfiles NA,2
DOE_FERC,"OWENS, William",2011-04-15,US Representative Bill Owens submits correspondence from constituent concerning the price and fees of Suburban propane.,1,NA,NA,NA,NA,NA,2
DOL_MSHA,"SESSIONS, Jefferson Beauregard III (Jeff)",2011-04-19,Regular Appropriations of Non-ARRA Discretionary Funds Not Related to Stimulus,5,NA,budget allocation,Non-ARRA Discretionary Funds,NA,NA,2
DOL_MSHA,"SESSIONS, Jefferson Beauregard III (Jeff)",2011-04-19,Regular Appropriations of Non-ARRA Discretionary Funds Not Related to Stimulus,NA,NA,NA,NA,NA,NA,2
DOL_MSHA,"BENNET, Michael F.",2011-04-22,Complaint Against MSHA,2,1,NA,NA,NA,NA,2
DOL_MSHA,"BENNET, Michael F.",2011-04-22,Complaint Against MSHA,NA,NA,NA,NA,NA,NA,2
DOL_MSHA,"ENZI, Michael B.",2011-04-22,Questions for the Record 3/31/2011 Hearing: Improving Safety at Dangerous Mines,5,NA,hearing,Hearing: Improving Safety at Dangerous Mines,2001-03-31,NA,2
DOL_MSHA,"ENZI, Michael B.",2011-04-22,Questions for the Record 3/31/2011 Hearing: Improving Safety at Dangerous Mines,NA,NA,NA,NA,NA,NA,2
DOL_MSHA,"PAUL, Rand",2011-04-22,Questions for the Record 3/31/2011 Hearing: Improving Safety at Dangerous Mines,5,NA,hearing,Hearing: Improving Safety at Dangerous Mines,2001-03-31,NA,2
DOL_MSHA,"PAUL, Rand",2011-04-22,Questions for the Record 3/31/2011 Hearing: Improving Safety at Dangerous Mines,NA,NA,NA,NA,NA,NA,2
DOL_MSHA,"TOOMEY, Patrick Joseph",2011-04-22,MSHA Proposal RIN 1219-AB75 Causing Severe,1,5,rule,Proposal RIN 1219-AB75,future,constituent comment on rule? rule is about examinations of work areas (enforcement),2
DOL_MSHA,"TOOMEY, Patrick Joseph",2011-04-22,MSHA Proposal RIN 1219-AB75 Causing Severe,NA,NA,NA,NA,NA,NA,2
DHHS_CMS,"ANDREWS, Robert Ernest",2011-04-26,"[HIGH PRIORITY] - Supporter of the Patient Protection and Affordable Care Act (PPACA) and who voted for its passage, now expresses concern about language that was inserted at the last minute into the final bill that has created a big problem in his district and all over the United States; the Medical Loss Ratio requirement.",5,NA,legislation,Medical Loss Ratio requirement in the Patient Protection and Affordable Care Act,NA,NA,2
DHHS_CMS,"ANDREWS, Robert Ernest",2011-04-26,"[HIGH PRIORITY] - Supporter of the Patient Protection and Affordable Care Act (PPACA) and who voted for its passage, now expresses concern about language that was inserted at the last minute into the final bill that has created a big problem in his district and all over the United States; the Medical Loss Ratio requirement.",5,4,legislation,Medical Loss Ratio requirement in the Affordable Care Act,NA,NA,2
DHHS_CMS,"BARTLETT, Roscoe Gardner",2011-05-02,Concerns Regarding Medicare Secondary Payer Recovery Contractor (MSPRC).,2,1,NA,NA,NA,NA,2
DHHS_CMS,"BARTLETT, Roscoe Gardner",2011-05-02,Concerns Regarding Medicare Secondary Payer Recovery Contractor (MSPRC).,2,4,NA,NA,NA,NA,2
DOE_FERC,"INHOFE, James Mountain",2011-05-02,Comments of US Senator James M Inhofe expressing concerns re the application to construct a commercial boat dock under P-1494.,NA,NA,NA,NA,NA,badfiles NA,2
DOE_FERC,"INHOFE, James Mountain",2011-05-02,Comments of US Senator James M Inhofe expressing concerns re the application to construct a commercial boat dock under P-1494.,1,NA,NA,NA,NA,NA,2
DOL_MSHA,"CONRAD, Kent",2011-05-05,MSHA Citation Complaint,2,NA,enforcement,NA,NA,NA,2
DOL_MSHA,"CONRAD, Kent",2011-05-05,MSHA Citation Complaint,NA,NA,NA,NA,NA,NA,2
DOL_MSHA,"JOHNSON, Timothy Peter (Tim)",2011-05-12,Regarding Unfair Citations from MSHA Inspections,2,NA,enforcement,NA,NA,NA,2
DOL_MSHA,"JOHNSON, Timothy Peter (Tim)",2011-05-12,Regarding Unfair Citations from MSHA Inspections,NA,NA,NA,NA,NA,NA,2
DOL_MSHA,"JOHNSON, Timothy V.",2011-05-12,Unfair Citations from MSHA Inspectors,2,4,enforcement,NA,NA,NA,2
DOL_MSHA,"JOHNSON, Timothy V.",2011-05-12,Unfair Citations from MSHA Inspectors,NA,NA,NA,NA,NA,NA,2
DHHS_CMS,"KOHL, Herbert H.",2011-05-16,Medicare Electronic Prescriptions,2,1,NA,NA,NA,NA,2
DHHS_CMS,"KOHL, Herbert H.",2011-05-16,Medicare Electronic Prescriptions,2,3,NA,NA,NA,NA,2
DOL_MSHA,"TESTER, Jon",2011-05-16,Consistency In Implementing MSHA's Rules of Significant & Substantial Violations,4,NA,enforcement,NA,NA,NA,2
DOL_MSHA,"TESTER, Jon",2011-05-16,Consistency In Implementing MSHA's Rules of Significant & Substantial Violations,NA,NA,NA,NA,NA,NA,2
DOL_MSHA,"LATHAM, Thomas",2011-05-17,Appeal MSHA Fines,2,NA,enforcement,NA,NA,NA,2
DOL_MSHA,"LATHAM, Thomas",2011-05-17,Appeal MSHA Fines,NA,NA,NA,NA,NA,NA,2
DHHS_CMS,"RIBBLE, Reid",2011-05-18,"Medicare Hospice Concurrent Care Demonstration, Section 3140 of P.L. 111-148",5,4,legislation,"Medicare Hospice Concurrent Care Demonstration, Section 3140 of P.L. 111-148",NA,NA,2
DHHS_CMS,"RIBBLE, Reid",2011-05-18,"Medicare Hospice Concurrent Care Demonstration, Section 3140 of P.L. 111-148",5,NA,legislation,"Medicare Hospice Concurrent Care Demonstration, Section 3140 of P.L. 111-148",NA,NA,2
DHHS_CMS,"ROCKEFELLER, John Davison IV (Jay)",2011-05-20,[HIGH PRIORITY] - He expresses strong support for the consumer protections included in the proposed rule governing student health insurance coverage under the Patient Protection and Affordable Care Act which includes coverage for pre-existing conditions and dropping coverage when a student gets sick because of an untentional mistake on an application. Also urges addressing the fact that many school health facilities only accept a school-sponsored insurance plan which may force students to obtain health care elsewhere or pay out-of-pocket costs for services.,5,NA,rule; legislation,consumer protections included in the proposed rule governing student health insurance coverage under the Patient Protection and Affordable Care Act,future,NA,2
DHHS_CMS,"ROCKEFELLER, John Davison IV (Jay)",2011-05-20,[HIGH PRIORITY] - He expresses strong support for the consumer protections included in the proposed rule governing student health insurance coverage under the Patient Protection and Affordable Care Act which includes coverage for pre-existing conditions and dropping coverage when a student gets sick because of an untentional mistake on an application. Also urges addressing the fact that many school health facilities only accept a school-sponsored insurance plan which may force students to obtain health care elsewhere or pay out-of-pocket costs for services.,5,NA,rule; legislation,proposed rule governing student health insurance coverage under the Patient Protection and Affordable Care Act,NA,NA,2
DOL_MSHA,"JOHNSON, Timothy Peter (Tim)",2011-05-24,MSHA Inspection & Citations Inquiry,5,2,information; enforcement,NA,NA,NA,2
DOL_MSHA,"JOHNSON, Timothy Peter (Tim)",2011-05-24,MSHA Inspection & Citations Inquiry,NA,NA,NA,NA,NA,NA,2
DOL_MSHA,"PAUL, Rand",2011-05-25,Questions to Comments in Hearing on Coal Mine Respirable Dust Regulation Changes,5,NA,hearing,Hearing on Coal Mine Respirable Dust Regulation Changes,NA,NA,2
DOL_MSHA,"PAUL, Rand",2011-05-25,Questions to Comments in Hearing on Coal Mine Respirable Dust Regulation Changes,NA,NA,NA,NA,NA,NA,2
DHHS_CMS,"CRAPO, Michael Dean",2011-05-31,Skilled Nursing Facility (SNF) Prospective Payment System (PPS) for Fiscal Year 2012 Proposed Rule,5,4,rule,Skilled Nursing Facility (SNF) Prospective Payment System (PPS) for Fiscal Year 2012 Proposed Rule,future,NA,2
DHHS_CMS,"CRAPO, Michael Dean",2011-05-31,Skilled Nursing Facility (SNF) Prospective Payment System (PPS) for Fiscal Year 2012 Proposed Rule,4,5,rule,Skilled Nursing Facility (SNF) Prospective Payment System (PPS) for Fiscal Year 2012 Proposed Rule,future,NA,2
DOL_MSHA,"MANCHIN, Joe, III",2011-05-31,"Safety Procedures in Mammoth Coal #2 Gas Mine, Operated by Massey Energy",5,2,information; investigation,NA,see 251 and 252,from WV,2
DOL_MSHA,"MANCHIN, Joe, III",2011-05-31,"Safety Procedures in Mammoth Coal #2 Gas Mine, Operated by Massey Energy",NA,NA,NA,NA,NA,NA,2
DOL_MSHA,"TOOMEY, Patrick Joseph",2011-06-02,MSHA Proposal RIN 1219-AB75 Causing Severe Economic Hardship,1,5,rule,Proposal RIN 1219-AB75,"see 299, this one sounds more like a constituent",NA,2
DOL_MSHA,"TOOMEY, Patrick Joseph",2011-06-02,MSHA Proposal RIN 1219-AB75 Causing Severe Economic Hardship,NA,NA,NA,NA,NA,NA,2
DHHS_CMS,"BROWN, Sherrod",2011-06-06,Request CMS to Investigate the Ramifications of URL Pharma's Massive Price Increase of Colcrys - The Branded Version of Colchicine.,5,NA,investigation,Request CMS to Investigate the Ramifications of URL Pharma's Massive Price Increase of Colcrys - The Branded Version of Colchicine.,future,NA,2
DHHS_CMS,"BROWN, Sherrod",2011-06-06,Request CMS to Investigate the Ramifications of URL Pharma's Massive Price Increase of Colcrys - The Branded Version of Colchicine.,5,NA,NA,NA,NA,NA,2
DOD_OIG,"KINGSTON, Jack",2011-06-08,NA,1,2,NA,NA,NA,NA,2
DOD_OIG,"KINGSTON, Jack",2011-06-08,NA,1,NA,NA,NA,NA,NA,2
DOD_OIG,"WEBB, James H. (Jim)",2011-06-08,NA,1,2,NA,NA,NA,NA,2
DOD_OIG,"WEBB, James H. (Jim)",2011-06-08,NA,1,NA,NA,NA,NA,NA,2
DHHS_CMS,"ANDREWS, Robert Ernest",2011-06-09,Requesting CMS Make the Imputed Floor Policy Permanent in the FY 2012 IPPS Final Rule,5,NA,rule,Requesting CMS Make the Imputed Floor Policy Permanent in the FY 2012 IPPS Final Rule,future,NA,2
DHHS_CMS,"ANDREWS, Robert Ernest",2011-06-09,Stimulated Labs Will Allow Health Care Providers to Practice Life-Saving Techniques,4,5,NA,NA,NA,NA,2
DHHS_CMS,"ANDREWS, Robert Ernest",2011-06-09,The Imputed Floor Policy Permanent in the FY 2012 IPPS Final Rule,5,NA,rule,The Imputed Floor Policy Permanent in the FY 2012 IPPS Final Rule,NA,NA,2
DHHS_CMS,"ANDREWS, Robert Ernest",2011-06-09,The Imputed Floor Policy Permanent in the FY 2012 IPPS Final Rule,4,5,rule,The Imputed Floor Policy Permanent in the FY 2012 IPPS Final Rule,NA,NA,2
DHHS_CMS,"ANDREWS, Robert Ernest",2011-06-09,Stimulated Labs Will Allow Health Care Providers to Practice Life-Saving Techniques,5,4,NA,NA,NA,NA,2
DHHS_CMS,"ANDREWS, Robert Ernest",2011-06-09,Requesting CMS Make the Imputed Floor Policy Permanent in the FY 2012 IPPS Final Rule,4,5,rule,Requesting CMS Make the Imputed Floor Policy Permanent in the FY 2012 IPPS Final Rule,future,NA,2
DOL_MSHA,"ROCKEFELLER, John Davison IV (Jay)",2011-06-09,Concerns Regarding Safety Violations At Gas Mine,2,5,enforcement,NA,NA,"could be specific mine (WV), advocating for or against?",2
DOL_MSHA,"ROCKEFELLER, John Davison IV (Jay)",2011-06-09,Concerns Regarding Safety Violations At Gas Mine,NA,NA,NA,NA,NA,NA,2
DHHS_CMS,"KERRY, John Forbes",2011-06-13,"Regarding the Medicare Shared Savings Program, Accountable Care Organization",3,5,NA,NA,NA,NA,2
DHHS_CMS,"KERRY, John Forbes",2011-06-13,"Regarding the Medicare Shared Savings Program, Accountable Care Organization",5,NA,NA,NA,NA,NA,2
DHHS_CMS,"SESSIONS, Jefferson Beauregard III (Jeff)",2011-06-13,Medicare/MSPRC,2,1,NA,NA,NA,NA,2
DHHS_CMS,"SESSIONS, Jefferson Beauregard III (Jeff)",2011-06-13,Medicare/MSPRC,2,3,NA,NA,NA,NA,2
DOL_MSHA,"MILLER, George",2011-06-14,Flame Resistent Clothing (FRC),1,2,NA,NA,NA,sounds like a product/research,2
DOL_MSHA,"MILLER, George",2011-06-14,Flame Resistent Clothing (FRC),NA,NA,NA,NA,NA,NA,2
DHHS_CMS,"RUBIO, Marco",2011-06-20,Expresses Concern Regarding Medicare Reimbursement Reduction for Skilled Nursing Facilities (SNFs).,5,4,NA,NA,NA,NA,2
DHHS_CMS,"RUBIO, Marco",2011-06-20,Expresses Concern Regarding Medicare Reimbursement Reduction for Skilled Nursing Facilities (SNFs).,4,5,rule,Medicare Reimbursement Reduction for Skilled Nursing Facilities (SNFs),NA,NA,2
DOL_MSHA,"LAMBORN, Doug",2011-06-22,Concerning A DOL Contract Past Due Account,2,NA,decision; contract,Government Leasing Company; DOL Contract,NA,NA,2
DOL_MSHA,"LAMBORN, Doug",2011-06-22,Concerning A DOL Contract Past Due Account,NA,NA,NA,NA,NA,NA,2
DHHS_CMS,"WILSON, Addison Graves (Joe)",2011-06-28,Concerns Regarding Medicare Health Outcomes Survey.,1,2,NA,NA,NA,NA,2
DHHS_CMS,"WILSON, Addison Graves (Joe)",2011-06-28,Concerns Regarding Medicare Health Outcomes Survey.,1,NA,NA,NA,NA,NA,2
DOL_MSHA,"GOODLATTE, Robert William",2011-06-30,Seeking MSHA Approval To Operate Gold Mine Facility,2,NA,decision; permit,NA,NA,NA,2
DOL_MSHA,"GOODLATTE, Robert William",2011-06-30,Seeking MSHA Approval To Operate Gold Mine Facility,NA,NA,NA,NA,NA,NA,2
DHHS_CMS,"KIND, Ron",2011-07-01,Issues Regarding Phase II of the Geographic Adjustment in Medicare Payment CMS Should Consider,5,NA,NA,NA,NA,NA,2
DHHS_CMS,"KIND, Ron",2011-07-01,Issues Regarding Phase II of the Geographic Adjustment in Medicare Payment CMS Should Consider,5,4,NA,NA,NA,NA,2
DHHS_CMS,"OWENS, William",2011-07-01,Writer Encourages Benefits of Farmer Cooperative Health Care Plans,5,4,NA,NA,NA,NA,2
DHHS_CMS,"OWENS, William",2011-07-01,Writer Encourages Benefits of Farmer Cooperative Health Care Plans,1,5,NA,NA,NA,NA,2
DOL_MSHA,"UDALL, Mark",2011-07-01,Request Records Concerning Dealth ofGSDSfliHH Under FOIA,1,NA,NA,NA,NA,NA,2
DOL_MSHA,"UDALL, Mark",2011-07-01,Request Records Concerning Dealth ofGSDSfliHH Under FOIA,NA,NA,NA,NA,NA,NA,2
DOL_SOL,"MIKULSKI, Barbara Ann",2011-07-06,Oppose Child Labor Rule Prohibiting Youth Workers from Using Patient Lifts,5,1,rule,Child Labor Rule Prohibiting Youth Workers from Using Patient Lifts,NA,NA,2
DOL_SOL,"MIKULSKI, Barbara Ann",2011-07-06,Oppose Child Labor Rule Prohibiting Youth Workers from Using Patient Lifts,1,5,NA,NA,NA,NA,2
DHHS_CMS,"REHBERG, Denny",2011-07-11,"[HIGH PRIORITY] - Thanks for cooperation thus far in providing subcommittee with documents related to the development of the CLASS Act. After a preliminary review of the documents, several items are still missing. Requests ASAP, additional documents as indicated in letter. Asks the Secretary to uphold the Administration's pledge to be the most transparent in history and disclose the bill language.",5,NA,information; legislation,documents related to the development of the CLASS Act,NA,NA,2
DHHS_CMS,"REHBERG, Denny",2011-07-11,"[HIGH PRIORITY] - Thanks for cooperation thus far in providing subcommittee with documents related to the development of the CLASS Act. After a preliminary review of the documents, several items are still missing. Requests ASAP, additional documents as indicated in letter. Asks the Secretary to uphold the Administration's pledge to be the most transparent in history and disclose the bill language.",5,NA,legislation; information,documents related to the development of the CLASS Act,NA,NA,2
DOL_MSHA,"GUTHRIE, Brett",2011-07-13,Regulations for Rock Dust Sampling Performed by MSHA Inspectors,4,3,NA,Regulations for Rock Dust Sampling,NA,on behalf of Kentucky - likely to abide by regulations,2
DOL_MSHA,"GUTHRIE, Brett",2011-07-13,Regulations for Rock Dust Sampling Performed by MSHA Inspectors,NA,NA,NA,NA,NA,NA,2
DOL_MSHA,"HERGER, Walter William (Wally)",2011-07-13,MSHA's Courtesy Mine Inspections and Citations,4,NA,enforcement,NA,NA,refers to courtesy of notifying mines that inspector will be coming for tasks that do not deal with enforcement. could be a specific company's complaint but does not state company,2
DOL_MSHA,"HERGER, Walter William (Wally)",2011-07-13,MSHA's Courtesy Mine Inspections and Citations,NA,NA,NA,NA,NA,NA,2
DHHS_CMS,"MIKULSKI, Barbara Ann",2011-07-13,Urges CMS to Withdraw Proposed Rule for the FY 2012 Skilled Nursing Facility Prospective Payment System,5,NA,rule,Withdraw Proposed Rule for the FY 2012 Skilled Nursing Facility Prospective Payment System,NA,NA,2
DHHS_CMS,"MIKULSKI, Barbara Ann",2011-07-13,Urges CMS to Withdraw Proposed Rule for the FY 2012 Skilled Nursing Facility Prospective Payment System,5,NA,rule,Proposed Rule for the FY 2012 Skilled Nursing Facility Prospective Payment System,NA,NA,2
DHHS_CMS,"WYDEN, Ronald Lee",2011-07-14,[High Priority] -- Urges the Secretary to allow stand-alone vision plans to qualify as meeting the pediatric vision care component of the essential health benefits package (EHBP) for health insurance offered both inside and outside of the new health insurance exchanges created under the patient Protection and Affordable Care Act (PPACA),5,NA,legislation,patient Protection and Affordable Care Act (PPACA),NA,NA,2
DHHS_CMS,"WYDEN, Ronald Lee",2011-07-14,[High Priority] -- Urges the Secretary to allow stand-alone vision plans to qualify as meeting the pediatric vision care component of the essential health benefits package (EHBP) for health insurance offered both inside and outside of the new health insurance exchanges created under the patient Protection and Affordable Care Act (PPACA),5,NA,legislation,Patient Protection and Affordable Care Act (PPACA),NA,NA,2
DHHS_CMS,"ISRAEL, Steve",2011-07-15,write in regard to the study 'Medicare Atpical Antipsychotic Drug Claims for Elderly Nursing Home Residents',5,NA,information,the study 'Medicare Atpical Antipsychotic Drug Claims for Elderly Nursing Home Residents',NA,NA,2
DHHS_CMS,"ISRAEL, Steve",2011-07-15,write in regard to the study 'Medicare Atpical Antipsychotic Drug Claims for Elderly Nursing Home Residents',5,NA,information,write in regard to the study 'Medicare Atpical Antipsychotic Drug Claims for Elderly Nursing Home Residents',NA,NA,2
DHHS_CMS,"KIRK, Mark Steven",2011-07-18,Congressional Delegation (12) - CMS' Determination Decision Affecting Illinois' Medicaid Program,3,5,NA,NA,NA,NA,2
DHHS_CMS,"KIRK, Mark Steven",2011-07-18,Congressional Delegation (12) - CMS' Determination Decision Affecting Illinois' Medicaid Program,5,3,decision,CMS' Determination Decision Affecting Illinois' Medicaid Program,NA,NA,2
DOL_MSHA,"PRYOR, Mark",2011-07-20,Regarding His Placement Due to Permanent Disability (MSHA Employee),1,NA,NA,NA,NA,NA,2
DOL_MSHA,"PRYOR, Mark",2011-07-20,Regarding His Placement Due to Permanent Disability (MSHA Employee),NA,NA,NA,NA,NA,NA,2
DHHS_CMS,"HANNA, Richard",2011-07-21,"[High Priority] -- Ltr co-addressed to CMS/Donald Berwick to express his concern with the recent proposal regulation regarding Medicaid Home and Community-Based Services (HCBS) waivers [76 Federal Register 21311 (April 15, 2011)] and the adverse impact these proposals could have on his constituents with the most significant disabilities served by community rehabilitation programs (CRPs).",5,NA,rule,recent proposal regulation regarding Medicaid Home and Community-Based Services (HCBS) waivers [76 Federal Register 21311],2011-04-15,NA,2
DHHS_CMS,"HANNA, Richard",2011-07-21,"[High Priority] -- Ltr co-addressed to CMS/Donald Berwick to express his concern with the recent proposal regulation regarding Medicaid Home and Community-Based Services (HCBS) waivers [76 Federal Register 21311 (April 15, 2011)] and the adverse impact these proposals could have on his constituents with the most significant disabilities served by community rehabilitation programs (CRPs).",5,4,rule,recent proposal regulation regarding Medicaid Home and Community-Based Services (HCBS) waivers [76 Federal Register 21311],2011-04-15,NA,2
DOE_FERC,"BINGAMAN, Jesse Francis, Jr. (Jeff)",2011-07-28,Comments of US Senator Jeff Bingaman re a natural gas company's attemp to expropriate private property for an improper purpose under color of a certificate of public convenience etc under CP64-97.,NA,NA,NA,NA,NA,badfiles NA,2
DOE_FERC,"BINGAMAN, Jesse Francis, Jr. (Jeff)",2011-07-28,Comments of US Senator Jeff Bingaman re a natural gas company's attemp to expropriate private property for an improper purpose under color of a certificate of public convenience etc under CP64-97.,NA,NA,NA,NA,NA,NA,2
DOL_MSHA,"ISAKSON, Johnny",2011-07-28,MHSA Inspections & Excessive Penalities Complaint,2,4,enforcement,NA,NA,sounds like a single company,2
DOL_MSHA,"ISAKSON, Johnny",2011-07-28,MHSA Inspections & Excessive Penalities Complaint,NA,NA,NA,NA,NA,NA,2
DOL_MSHA,"LEE, Mike",2011-07-28,Concerns Regarding Mine Rescue Team,5,4,NA,NA,NA,"see 286, could be related to budget or just policy related concerns?",2
DOL_MSHA,"LEE, Mike",2011-07-28,Concerns Regarding Mine Rescue Team,NA,NA,NA,NA,NA,NA,2
DOL_MSHA,"GRASSLEY, Charles Ernest",2011-08-04,Regarding Questions About MSHA Treatment of Sand and Gravel Pit Operators,4,NA,information,NA,NA,"could not find what treatment refers to, but seems like a 4",2
DOL_MSHA,"GRASSLEY, Charles Ernest",2011-08-04,Regarding Questions About MSHA Treatment of Sand and Gravel Pit Operators,NA,NA,NA,NA,NA,NA,2
DOL_MSHA,"JOHANNS, Mike",2011-08-04,Regarding Questions About MSHA Treatment of Sand and Gravel Pit Operators,4,NA,information,NA,NA,"could not find what treatment refers to, but seems like a 4",2
DOL_MSHA,"JOHANNS, Mike",2011-08-04,Regarding Questions About MSHA Treatment of Sand and Gravel Pit Operators,NA,NA,NA,NA,NA,NA,2
DHHS_CMS,"WHITFIELD, Wayne Edward (Ed)",2011-08-05,Concerns Regarding Proposed Medicare Inpatient Prospective Payment System (IPPS).,5,NA,rule,Proposed Medicare Inpatient prospective Payment System (IPPS),future,NA,2
DHHS_CMS,"WHITFIELD, Wayne Edward (Ed)",2011-08-05,Concerns Regarding Proposed Medicare Inpatient Prospective Payment System (IPPS).,4,5,rule,Proposed Medicare Inpatient Prospective Payment System (IPPS),future,NA,2
DOL_MSHA,"DUFFY, Sean",2011-08-08,Regulatory Oversight Concern of Mining Company,2,1,enforcement,NA,NA,NA,2
DOL_MSHA,"DUFFY, Sean",2011-08-08,Regulatory Oversight Concern of Mining Company,NA,NA,NA,NA,NA,NA,2
DOL_MSHA,"RAHALL, Nick Joe, II",2011-08-08,Law Requiring Equipment to Automatically De-Energized on High Level of Methane,5,NA,legislation,Law Requiring Equipment to Automatically De-Energized on High Level of Methane,NA,"likely refers to a WV law (from WV), seems like a recommendation? or information?",2
DOL_MSHA,"RAHALL, Nick Joe, II",2011-08-08,Law Requiring Equipment to Automatically De-Energized on High Level of Methane,NA,NA,NA,NA,NA,NA,2
DHHS_CMS,"LANKFORD, James",2011-08-09,Concerns Regarding Federal Waiver Application Approval.,3,1,NA,NA,NA,NA,2
DHHS_CMS,"LANKFORD, James",2011-08-09,Concerns Regarding Federal Waiver Application Approval.,1,2,NA,NA,NA,NA,2
DHHS_CMS,"STARK, Fortney Hillman (Pete), Jr.",2011-08-12,Conditions of Participation (CoPs) for Community Mental Health Centers; Proposed Rule - CMS-3202-P,5,NA,rule,Conditions of Participation (CoPs) for Community Mental Health Centers; Proposed Rule - CMS-3202-P,NA,NA,2
DHHS_CMS,"STARK, Fortney Hillman (Pete), Jr.",2011-08-12,Conditions of Participation (CoPs) for Community Mental Health Centers; Proposed Rule - CMS-3202-P,4,5,rule,Conditions of Participation (CoPs) for Community Mental Health Centers; Proposed Rule - CMS-3202-P,future,NA,2
DOL_MSHA,"BOOZMAN, John",2011-08-15,MSHA Case Dropped/ Default Judgment,5,NA,decision,Default Judgment,NA,NA,2
DOL_MSHA,"BOOZMAN, John",2011-08-15,MSHA Case Dropped/ Default Judgment,NA,NA,NA,NA,NA,NA,2
DOL_MSHA,"CONRAD, Kent",2011-08-15,Regarding MSHA Citations,2,NA,enforcement,NA,NA,NA,2
DOL_MSHA,"CONRAD, Kent",2011-08-15,Regarding MSHA Citations,NA,NA,NA,NA,NA,NA,2
DOL_MSHA,"GRASSLEY, Charles Ernest",2011-08-15,MSHA Citations,2,NA,enforcement,NA,NA,NA,2
DOL_MSHA,"GRASSLEY, Charles Ernest",2011-08-15,MSHA Citations,NA,NA,NA,NA,NA,NA,2
DHHS_CMS,"KUCINICH, Dennis",2011-08-17,URGENT - Regarding Three Large Scale and Tragic Problems in the Medicaid Information Technology System (MITS),5,1,NA,NA,NA,NA,2
DHHS_CMS,"KUCINICH, Dennis",2011-08-17,URGENT - Regarding Three Large Scale and Tragic Problems in the Medicaid Information Technology System (MITS),5,2,NA,NA,NA,NA,2
DOL_MSHA,"GRIFFITH, H. Morgan",2011-08-19,Complaint About MSHA's Regarding Job Application,1,NA,NA,NA,NA,NA,2
DOL_MSHA,"GRIFFITH, H. Morgan",2011-08-19,Complaint About MSHA's Regarding Job Application,NA,NA,NA,NA,NA,NA,2
DOL_MSHA,"KLINE, John",2011-08-19,OSHA's Regulatory Proposal to Alter Existing Crystalline Silica Standards,5,NA,rule,OSHA's Regulatory Proposal to Alter Existing Crystalline Silica Standards,future,NPRM published 2013,2
DOL_MSHA,"KLINE, John",2011-08-19,OSHA's Regulatory Proposal to Alter Existing Crystalline Silica Standards,NA,NA,NA,NA,NA,NA,2
DHHS_CMS,"GRIJALVA, Raúl M.",2011-08-22,Regarding By Signing Medicare Op-Out Affidavit Prohibits Providing Care to Medicare Bene Who Pays Directly for Services,1,2,NA,NA,NA,NA,2
DHHS_CMS,"GRIJALVA, Raúl M.",2011-08-22,Regarding By Signing Medicare Op-Out Affidavit Prohibits Providing Care to Medicare Bene Who Pays Directly for Services,2,1,NA,NA,NA,NA,2
DOL_MSHA,"JOHNSON, Timothy Peter (Tim)",2011-08-29,Enforcement of MSHA Regulations,4,2,enforcement,NA,NA,sounds more industry-wide concern,2
DOL_MSHA,"JOHNSON, Timothy Peter (Tim)",2011-08-29,Enforcement of MSHA Regulations,NA,NA,NA,NA,NA,NA,2
DOL_MSHA,"RAHALL, Nick Joe, II",2011-08-30,MSHA Issues,2,1,NA,NA,NA,NA,2
DOL_MSHA,"RAHALL, Nick Joe, II",2011-08-30,MSHA Issues,NA,NA,NA,NA,NA,NA,2
DOL_MSHA,"MANCHIN, Joe, III",2011-09-02,Concern About The Law That Requires Equipment To Be Automatically De-Energized,1,NA,legislation,NA,NA,"sounds like constituent concern, but see 326",2
DOL_MSHA,"MANCHIN, Joe, III",2011-09-02,Concern About The Law That Requires Equipment To Be Automatically De-Energized,NA,NA,NA,NA,NA,NA,2
DHHS_CMS,"VISCLOSKY, Peter",2011-09-02,Concerns Regarding Medicare Reimbursement Reduction for Skilled Nursing Facilities.,5,4,NA,NA,NA,NA,2
DHHS_CMS,"VISCLOSKY, Peter",2011-09-02,Concerns Regarding Medicare Reimbursement Reduction for Skilled Nursing Facilities.,4,5,rule,Medicare Reimbursement Reduction for Skilled Nursing Facilities,NA,NA,2
DOL_MSHA,"RAHALL, Nick Joe, II",2011-09-06,Discriminatory Hiring Practices,1,NA,NA,NA,NA,NA,2
DOL_MSHA,"RAHALL, Nick Joe, II",2011-09-06,Discriminatory Hiring Practices,NA,NA,NA,NA,NA,NA,2
DHHS_CMS,"KING, Peter T.",2011-09-09,Concerns About Joint Application to be Designated HOspital Engagement Contractor (HEP),2,NA,NA,NA,NA,NA,2
DHHS_CMS,"KING, Peter T.",2011-09-09,Concerns About Joint Application to be Designated HOspital Engagement Contractor (HEP),2,5,NA,NA,NA,NA,2
DOL_MSHA,"ISAKSON, Johnny",2011-09-13,Follow-up to Complaint About MSHA Inspections and Penalties,2,4,enforcement,NA,NA,see 324,2
DOL_MSHA,"ISAKSON, Johnny",2011-09-13,Follow-up to Complaint About MSHA Inspections and Penalties,NA,NA,NA,NA,NA,NA,2
DHHS_CMS,"McCAUL, Michael T.",2011-09-14,Concerns Regarding Reprocesssing Claims and Overpayment.,1,2,NA,NA,NA,NA,2
DHHS_CMS,"McCAUL, Michael T.",2011-09-14,Concerns Regarding Reprocesssing Claims and Overpayment.,2,3,NA,NA,NA,NA,2
DOL_MSHA,"CHAMBLISS, Saxby",2011-09-23,Complaint About MSHA Inspectors,2,NA,enforcement,NA,NA,NA,2
DOL_MSHA,"CHAMBLISS, Saxby",2011-09-23,Complaint About MSHA Inspectors,NA,NA,NA,NA,NA,NA,2
DHHS_CMS,"BRALEY, Bruce",2011-09-26,Iowa State Plan Amendment IA-11-016,3,NA,NA,NA,NA,NA,2
DHHS_CMS,"BRALEY, Bruce",2011-09-26,Iowa State Plan Amendment IA-11-016,3,5,NA,NA,NA,NA,2
DHHS_CMS,"COATS, Daniel Ray",2011-10-03,"Urge CMS to Delay Implementation of the Rule Requiring that Physicians Ordering Home Health Care be Enrolled in the PECOS Data Base Until January 1, 2011",4,5,rule,Rule Requiring that Physicians ordering Home health Care be Enrolled in the PECOS data Base,future,NA,2
DHHS_CMS,"COATS, Daniel Ray",2011-10-03,Urge CMS to Delay Implementation of the Rule Requiring that Physicians Ordering Home Health Care be Enrolled in the PECOS Data Base,4,5,rule,Rule Requiring that Physicians ordering Home health Care be Enrolled in the PECOS data Base,future,NA,2
DHHS_CMS,"COATS, Daniel Ray",2011-10-03,Urge CMS to Delay Implementation of the Rule Requiring that Physicians Ordering Home Health Care be Enrolled in the PECOS Data Base,4,5,rule,Delay Implementation of the Rule Requiring that Physicians Ordering Home Health Care be Enrolled in the PECOS Data Base,future,NA,2
DHHS_CMS,"COATS, Daniel Ray",2011-10-03,"Urge CMS to Delay Implementation of the Rule Requiring that Physicians Ordering Home Health Care be Enrolled in the PECOS Data Base Until January 1, 2011",4,5,rule,Delay Implementation of the Rule Requiring that Physicians Ordering Home Health Care be Enrolled in the PECOS Data Base,future,NA,2
DHHS_CMS,"McCONNELL, Addison Mitchell (Mitch)",2011-10-03,Concerns Regarding Providing Handouts to Patients in Order to Comply with the Meaningful Use Criteria.,5,NA,NA,NA,NA,NA,2
DHHS_CMS,"McCONNELL, Addison Mitchell (Mitch)",2011-10-03,Concerns Regarding Providing Handouts to Patients in Order to Comply with the Meaningful Use Criteria.,5,1,NA,NA,NA,NA,2
DHHS_CMS,"PASCRELL, William J., Jr.",2011-10-04,"[HIGH PRIORITY] - In letter co-addressed to CMS' Dr. Richard J. Gilfillan, inquiring about the implementation in Section 10308 of the Affordable Care Act, specifically on the timeline for implementation of this required and separately tested pilot model, and reminds of implementation deadline of January 1, 2013. Bundled payment arrangements for new provider types.",5,NA,legislation,"Section 10308 of the Affordable Care Act,",NA,NA,2
DHHS_CMS,"PASCRELL, William J., Jr.",2011-10-04,"[HIGH PRIORITY] - In letter co-addressed to CMS' Dr. Richard J. Gilfillan, inquiring about the implementation in Section 10308 of the Affordable Care Act, specifically on the timeline for implementation of this required and separately tested pilot model, and reminds of implementation deadline of January 1, 2013. Bundled payment arrangements for new provider types.",5,NA,information; legislation,inquiring about the implementation in Section 10308 of the Affordable Care Act,NA,NA,2
DHHS_CMS,"BROWN, Sherrod",2011-10-05,Support of the Ohio Children's Hospital Solutions for Patient Safety's (OCHSPS) Application to Serve as a Patient Safety Hospital Engagement Contractor,3,NA,NA,NA,NA,NA,2
DHHS_CMS,"BROWN, Sherrod",2011-10-05,Support of the Ohio Children's Hospital Solutions for Patient Safety's (OCHSPS) Application to Serve as a Patient Safety Hospital Engagement Contractor,3,2,NA,NA,NA,NA,2
DHHS_CMS,"MANCHIN, Joe, III",2011-10-06,Requesting Assistance With her Billings Issues with Medicare.,1,NA,NA,NA,NA,NA,2
DHHS_CMS,"MANCHIN, Joe, III",2011-10-06,Requesting Assistance With her Billings Issues with Medicare.,1,2,NA,NA,NA,NA,2
DHHS_CMS,"VAN HOLLEN, Christopher",2011-10-07,Costs of Reprocessing Medicare Claims,5,1,NA,NA,NA,NA,2
DHHS_CMS,"VAN HOLLEN, Christopher",2011-10-07,Costs of Reprocessing Medicare Claims,5,2,NA,NA,NA,NA,2
DOL_MSHA,"JOHNSON, Timothy Peter (Tim)",2011-10-12,MSHA/Fines Assessed Against His Company Are Unfair & May Affect His Business,2,NA,enforcement,NA,NA,NA,2
DOL_MSHA,"JOHNSON, Timothy Peter (Tim)",2011-10-12,MSHA/Fines Assessed Against His Company Are Unfair & May Affect His Business,NA,NA,NA,NA,NA,NA,2
DHHS_CMS,"CLARKE, Yvette Diane",2011-11-01,"[High Priority] --Under the minimum coverage provision or individual mandate of the Patient Protection and Affordable Care Act (PPACA), individuals will now be required to purchase health insurance.  Unfortunately in its current form, members of the Christian Science Church and others who practice a spiritual approach to health care will run the risk of being mandated to purchase a plan that may not cover even minimal aspects of the healing services on which they rely along with traditional care.  Would appreciate your consideration of this request and look forward to your timely response on what steps you will take to accommodate Americans who rely upon spiritual care for their health and well-being.",5,NA,legislation,minimum coverage provision or individual mandate of the Patient Protection and Affordable Care Act (PPACA),NA,NA,2
DHHS_CMS,"CLARKE, Yvette Diane",2011-11-01,"[High Priority] --Under the minimum coverage provision or individual mandate of the Patient Protection and Affordable Care Act (PPACA), individuals will now be required to purchase health insurance.  Unfortunately in its current form, members of the Christian Science Church and others who practice a spiritual approach to health care will run the risk of being mandated to purchase a plan that may not cover even minimal aspects of the healing services on which they rely along with traditional care.  Would appreciate your consideration of this request and look forward to your timely response on what steps you will take to accommodate Americans who rely upon spiritual care for their health and well-being.",5,NA,legislation,NA,NA,NA,2
DOL_MSHA,"HINCHEY, Maurice Dunlea",2011-11-02,Unfair Fines & Penalties Imposed On Their Industry By MSHA,4,NA,enforcement,NA,NA,explicitly industry,2
DOL_MSHA,"HINCHEY, Maurice Dunlea",2011-11-02,Unfair Fines & Penalties Imposed On Their Industry By MSHA,NA,NA,NA,NA,NA,NA,2
DHHS_CMS,"HASTINGS, Richard Norman (Doc)",2011-11-14,Regarding The Negotiation Process for Reimbursement of Funds to Medicare.,1,NA,NA,NA,NA,NA,2
DHHS_CMS,"HASTINGS, Richard Norman (Doc)",2011-11-14,Regarding The Negotiation Process for Reimbursement of Funds to Medicare.,2,1,NA,NA,NA,NA,2
DOL_MSHA,"JOHANNS, Mike",2011-11-14,Regarding The Lack Of Consistency In MSHA Inspection &,4,NA,enforcement,NA,NA,"see 287, etc.",2
DOL_MSHA,"JOHANNS, Mike",2011-11-14,Regarding The Lack Of Consistency In MSHA Inspection &,NA,NA,NA,NA,NA,NA,2
DOL_MSHA,"THUNE, John",2011-11-14,Regarding The Lack Of Consistency In MSHA Inspection &,4,NA,enforcement,NA,NA,"see 287, etc.",2
DOL_MSHA,"THUNE, John",2011-11-14,Regarding The Lack Of Consistency In MSHA Inspection &,NA,NA,NA,NA,NA,NA,2
DHHS_CMS,"CORNYN, John",2011-11-17,Regarding Reimbursement from the ERRP Program,2,1,NA,NA,NA,NA,2
DHHS_CMS,"CORNYN, John",2011-11-17,Regarding Reimbursement from the ERRP Program,4,2,NA,NA,NA,NA,2
DHHS_CMS,"SHULER, Heath",2011-11-21,Writer Concerns Are About The Humans Costs Economic Consequences Of Diabetes and Prediabetes Epidemic are Devastating.,5,NA,NA,NA,NA,NA,2
DHHS_CMS,"SHULER, Heath",2011-11-21,Writer Concerns Are About The Humans Costs Economic Consequences Of Diabetes and Prediabetes Epidemic are Devastating.,5,1,NA,NA,NA,NA,2
DHHS_CMS,"SMITH, Adam",2011-11-21,Regarding the Medicare Competitive Bid Process,2,NA,NA,NA,NA,NA,2
DHHS_CMS,"SMITH, Adam",2011-11-21,Regarding the Medicare Competitive Bid Process,2,1,NA,NA,NA,NA,2
DHHS_CMS,"CORNYN, John",2011-11-22,Urges CMS to Make No Changes In Reviewing Codes17311 and 17312 or the Reimbursement Rates for Mohs Micrographic Surgery,5,NA,NA,NA,NA,NA,2
DHHS_CMS,"CORNYN, John",2011-11-22,Urges CMS to Make No Changes In Reviewing Codes17311 and 17312 or the Reimbursement Rates for Mohs Micrographic Surgery,4,5,NA,NA,NA,NA,2
DHHS_CMS,"CAPPS, Lois",2011-11-28,Regarding Medicare Enrollment,1,NA,NA,NA,NA,NA,2
DHHS_CMS,"CAPPS, Lois",2011-11-28,Regarding Medicare Enrollment,1,2,NA,NA,NA,NA,2
DOL_MSHA,"HURT, Robert",2011-11-29,Concerns About Practices of MSHA Inspectors,4,NA,enforcement,NA,NA,NA,2
DOL_MSHA,"HURT, Robert",2011-11-29,Concerns About MSHA Inspector's Enforcement Efforts,4,NA,enforcement,NA,NA,NA,2
DOL_MSHA,"HURT, Robert",2011-11-29,Concerns About Practices of MSHA Inspectors,NA,NA,NA,NA,NA,NA,2
DOL_MSHA,"HURT, Robert",2011-11-29,Concerns About MSHA Inspector's Enforcement Efforts,NA,NA,NA,NA,NA,NA,2
DOL_MSHA,"ROE, David P. (Phil)",2011-11-29,Concerns About MSHA Inspector's Enforcement Efforts,4,NA,enforcement,NA,NA,NA,2
DOL_MSHA,"ROE, David P. (Phil)",2011-11-29,Concerns About MSHA Inspector's Enforcement Efforts,NA,NA,NA,NA,NA,NA,2
DOL_MSHA,"SHULER, Heath",2011-11-29,Concerns About Practices of MSHA Inspectors,4,NA,enforcement,NA,NA,NA,2
DOL_MSHA,"SHULER, Heath",2011-11-29,Concerns About Practices of MSHA Inspectors,NA,NA,NA,NA,NA,NA,2
DOL_MSHA,"KLINE, John",2011-11-30,Request Review of Technical Reports & Protocols for Drafting and Transmittal,5,NA,information,Request Review of Technical Reports,NA,NA,2
DOL_MSHA,"KLINE, John",2011-11-30,Request Review of Technical Reports & Protocols for Drafting and Transmittal,NA,NA,NA,NA,NA,NA,2
DHHS_CMS,"SPEIER, Karen Lorraine Jacqueline (Jackie)",2011-12-01,Regarding Payment Policy to Eliminate Payment for the Delivery of Intra-Operative Radiation Therapy (IORT),5,NA,NA,NA,NA,NA,2
DHHS_CMS,"SPEIER, Karen Lorraine Jacqueline (Jackie)",2011-12-01,Regarding Payment Policy to Eliminate Payment for the Delivery of Intra-Operative Radiation Therapy (IORT),5,4,NA,NA,NA,NA,2
DOL_MSHA,"HANNA, Richard",2011-12-02,MSHA Violations,2,NA,enforcement,NA,NA,NA,2
DOL_MSHA,"HANNA, Richard",2011-12-02,MSHA Violations,NA,NA,NA,NA,NA,NA,2
DHHS_CMS,"HERGER, Walter William (Wally)",2011-12-09,Concerns Regarding Medicare Insurance Billing and Processing.,1,NA,NA,NA,NA,NA,2
DHHS_CMS,"HERGER, Walter William (Wally)",2011-12-09,Concerns Regarding Medicare Insurance Billing and Processing.,1,2,NA,NA,NA,NA,2
DHHS_CMS,"GRASSLEY, Charles Ernest",2011-12-13,Regarding The Centers for Medicare and Medicaid Services Proposed Rules Regarding State-Wide-Exchanges.,5,NA,rule,proposed Rules Regarding State-Wide- Exchanges,future,NA,2
DHHS_CMS,"GRASSLEY, Charles Ernest",2011-12-13,Regarding The Centers for Medicare and Medicaid Services Proposed Rules Regarding State-Wide-Exchanges.,5,4,rule,Regarding The Centers for Medicare and Medicaid Services Proposed Rules Regarding State-Wide-Exchanges.,NA,NA,2
DOL_MSHA,"LATHAM, Thomas",2011-12-14,Problem Regarding Payment of Fine,2,NA,enforcement,NA,NA,NA,2
DOL_MSHA,"LATHAM, Thomas",2011-12-14,Problem Regarding Payment of Fine,NA,NA,NA,NA,NA,NA,2
DHHS_CMS,"KOHL, Herbert H.",2011-12-16,To Careful Review the Proposed Wavier and Remain Firm on granting Waviers of Maintenance of Effort.,0,NA,NA,NA,NA,NA,2
DHHS_CMS,"KOHL, Herbert H.",2011-12-16,To Careful Review the Proposed Wavier and Remain Firm on granting Waviers of Maintenance of Effort.,5,3,NA,NA,NA,NA,2
DHHS_CMS,"SNOWE, Olympia Jean",2011-12-20,Re: Intensive Behavioral Therapy For Obesity.,5,NA,decision,Re: Intensive Behavioral Therapy For Obesity.,NA,NA,3
DHHS_CMS,"SNOWE, Olympia Jean",2011-12-20,Re: Intensive Behavioral Therapy For Obesity.,5,NA,NA,NA,NA,NA,3
DHHS_CMS,"SNOWE, Olympia Jean",2011-12-20,Re: Intensive Behavioral Therapy For Obesity.,5,4,NA,NA,NA,NA,3
DOL_MSHA,"YOUNG, Donald Edwin",2011-12-21,Requesting Assistance With Rules For A Small Mine With No Employees,2,NA,NA,NA,NA,interesting case,2
DOL_MSHA,"YOUNG, Donald Edwin",2011-12-21,Requesting Assistance With Rules For A Small Mine With No Employees,NA,NA,NA,NA,NA,NA,2
DHHS_CMS,"JACKSON, Jesse L., Jr.",2011-12-22,Concerns Regarding Medicare Advantage Contract Language Between CMS and the Subcontracting Insurance Companies.,5,NA,NA,NA,NA,NA,2
DHHS_CMS,"JACKSON, Jesse L., Jr.",2011-12-22,Concerns Regarding Medicare Advantage Contract Language Between CMS and the Subcontracting Insurance Companies.,5,4,NA,NA,NA,NA,2
DHHS_CMS,"JENKINS, Lynn",2011-12-22,Inpatient Rehabilitation Facilities Payment Regulations.,5,4,rule,Inpatient Rehabilitation Facilities Payment Regulations.,NA,NA,2
DHHS_CMS,"JENKINS, Lynn",2011-12-22,Inpatient Rehabilitation Facilities Payment Regulations.,4,5,rule,Inpatient Rehabilitation Facilities Payment Regulations.,NA,NA,2
DOL_MSHA,"MERKLEY, Jeff",2012-01-03,"Inconsistencies in MSHA Inspections, Fining, and Enforcement",4,NA,enforcement,NA,NA,NA,2
DOL_MSHA,"MERKLEY, Jeff",2012-01-03,"Inconsistencies in MSHA Inspections, Fining, and Enforcement",NA,NA,NA,NA,NA,NA,2
DOL_MSHA,"SHIMKUS, John M.",2012-01-09,Regarding A Potential Safety Violation At,2,NA,enforcement,NA,NA,NA,2
DOL_MSHA,"SHIMKUS, John M.",2012-01-09,Regarding A Potential Safety Violation At,NA,NA,NA,NA,NA,NA,2
DOL_MSHA,"COATS, Daniel Ray",2012-01-11,MSHA Citations Complaint & Wrongful Use of Authority by MSHA Inspectors,2,4,enforcement,NA,NA,NA,2
DOL_MSHA,"COATS, Daniel Ray",2012-01-11,MSHA Citations Complaint & Wrongful Use of Authority by MSHA Inspectors,NA,NA,NA,NA,NA,NA,2
DHHS_CMS,"LIEBERMAN, Joseph I.",2012-01-11,Concerns About Reports of Denied Federal Coverage for Male Patients Who have Breast Cancer,1,5,NA,NA,NA,NA,2
DHHS_CMS,"LIEBERMAN, Joseph I.",2012-01-11,Concerns About Reports of Denied Federal Coverage for Male Patients Who have Breast Cancer,1,NA,NA,NA,NA,NA,2
DOL_MSHA,"SHIMKUS, John M.",2012-01-11,Corcerning A Potenial Safety Violation At,2,NA,enforcement,NA,NA,NA,2
DOL_MSHA,"SHIMKUS, John M.",2012-01-11,Corcerning A Potenial Safety Violation At,NA,NA,NA,NA,NA,NA,2
DHHS_CMS,"BOSWELL, Leonard L.",2012-01-17,Concerns Regarding Medical Billing Issues.,1,NA,NA,NA,NA,NA,2
DHHS_CMS,"BOSWELL, Leonard L.",2012-01-17,Concerns Regarding Medical Billing Issues.,1,2,NA,NA,NA,NA,2
DOL_MSHA,"VAN HOLLEN, Christopher",2012-01-17,Application for MSHA Position,1,NA,NA,NA,NA,NA,2
DOL_MSHA,"VAN HOLLEN, Christopher",2012-01-17,Application for MSHA Position,NA,NA,NA,NA,NA,NA,2
DHHS_CMS,"BAUCUS, Max Sieben",2012-01-18,"Concerned About Patient Safety, Doctors Using Ipads and Smart Phones While With Patient",1,5,NA,NA,NA,NA,2
DHHS_CMS,"BAUCUS, Max Sieben",2012-01-18,"Concerned About Patient Safety, Doctors Using Ipads and Smart Phones While With Patient",1,6,NA,NA,NA,NA,2
DHHS_CMS,"COATS, Daniel Ray",2012-02-01,CMS Ruling For Covering Obesity Behavioral And Nutritional Counseling.,5,NA,NA,NA,NA,NA,2
DHHS_CMS,"COATS, Daniel Ray",2012-02-01,CMS Ruling For Covering Obesity Behavioral And Nutritional Counseling.,5,4,NA,NA,NA,NA,2
DHHS_CMS,"WEBB, James H. (Jim)",2012-02-10,Writes in Regarding To Custome Fabricated Orap Appliances To Treat Airway Collapsibility,5,2,NA,NA,NA,NA,2
DHHS_CMS,"WEBB, James H. (Jim)",2012-02-10,Writes in Regarding To Custome Fabricated Orap Appliances To Treat Airway Collapsibility,5,NA,NA,NA,NA,NA,2
DHHS_CMS,"VISCLOSKY, Peter",2012-02-13,Regarding a Modification of Single Dose Vial Policy.,5,NA,NA,NA,NA,NA,2
DHHS_CMS,"VISCLOSKY, Peter",2012-02-13,Regarding a Modification of Single Dose Vial Policy.,5,4,NA,NA,NA,NA,2
DHHS_CMS,"HARKIN, Thomas Richard (Tom)",2012-02-15,Writes In Support of Community Health Center Innovation Challenge Grant Application,3,2,NA,NA,NA,NA,2
DHHS_CMS,"HARKIN, Thomas Richard (Tom)",2012-02-15,Writes In Support of Community Health Center Innovation Challenge Grant Application,3,NA,NA,NA,NA,NA,2
DHHS_CMS,"TOWNS, Edolphus",2012-02-15,"Writer Has Concerns About The Two-Phase, Three Year Demonstraiton Project Annouced By CMs On November 15, 2011",5,NA,NA,NA,NA,NA,2
DHHS_CMS,"TOWNS, Edolphus",2012-02-15,"Writer Has Concerns About The Two-Phase, Three Year Demonstraiton Project Annouced By CMs On November 15, 2011",5,1,NA,NA,NA,NA,2
DOL_MSHA,"HUELSKAMP, Tim",2012-02-16,Inspection of Gravel Pits Operated by Counties,3,4,enforcement,NA,NA,"interesting, may refer to a specific county or county pits as an ""industry""",2
DOL_MSHA,"HUELSKAMP, Tim",2012-02-16,Inspection of Gravel Pits Operated by Counties,NA,NA,NA,NA,NA,NA,2
DHHS_CMS,"SHAHEEN, Jeanne",2012-02-21,CMS Has Somehow Located About $30 Billion to Pay Incentives to Physicians and Health Care Facilities to Switch to Electronic Health Records,5,NA,NA,NA,NA,NA,2
DHHS_CMS,"SHAHEEN, Jeanne",2012-02-21,CMS Has Somehow Located About $30 Billion to Pay Incentives to Physicians and Health Care Facilities to Switch to Electronic Health Records,4,NA,NA,NA,NA,NA,2
DHHS_CMS,"GILLIBRAND, Kirsten",2012-02-23,(Grant Support) -- Writes in support of the application submitted by Valley Health Services in collaboration with Herkimer Community College for funding from the Heatlh Care Innovation Challenge Grant Program through the Department of Health and Human Services.,3,2,NA,NA,NA,NA,2
DHHS_CMS,"GILLIBRAND, Kirsten",2012-02-23,(Grant Support) -- Writes in support of the application submitted by Valley Health Services in collaboration with Herkimer Community College for funding from the Heatlh Care Innovation Challenge Grant Program through the Department of Health and Human Services.,3,NA,NA,NA,NA,NA,2
DHHS_CMS,"REYES, Silvestre",2012-02-24,Seeks Clarity Regarding Exemptions To Recent Contraceptive Coverage Ruling.,5,NA,information; rule,Seeks clarity regarding exemptions to recent contraceptive coverage ruling.,NA,NA,2
DHHS_CMS,"REYES, Silvestre",2012-02-24,Seeks Clarity Regarding Exemptions To Recent Contraceptive Coverage Ruling.,5,NA,NA,NA,NA,NA,2
DHHS_CMS,"KOHL, Herbert H.",2012-02-27,Protest Of Transfer Of Wisconsin Medicare Part B Contract From Wisconsin Physician Services (WPS) To National Government Service (NGS).,5,NA,NA,NA,NA,NA,2
DHHS_CMS,"KOHL, Herbert H.",2012-02-27,Protest Of Transfer Of Wisconsin Medicare Part B Contract From Wisconsin Physician Services (WPS) To National Government Service (NGS).,2,5,NA,NA,NA,NA,2
DOL_MSHA,"COSTELLO, Jerry Francis",2012-02-28,Regarding His Difficulty In Securing A Coal Mine Electrical Card,1,NA,NA,NA,NA,NA,2
DOL_MSHA,"COSTELLO, Jerry Francis",2012-02-28,Regarding His Difficulty In Securing A Coal Mine Electrical Card,NA,NA,NA,NA,NA,NA,2
DHHS_CMS,"KYL, Jon Llewellyn",2012-02-28,Fowards letter from American Society of Interventional Pain Physicians Regarding Single Dose Vial Policy.,3,4,NA,NA,NA,NA,2
DHHS_CMS,"KYL, Jon Llewellyn",2012-02-28,Fowards letter from American Society of Interventional Pain Physicians Regarding Single Dose Vial Policy.,4,2,NA,NA,NA,NA,2
DHHS_CMS,"CAMP, David Lee",2012-03-02,"Forwards copy of letter to Treasury Secretary Timothy Geithner regarding the projected 30 percent increase in spending for subsidies (premium tax credits), in health insurance exchanges, which were created in the health care reform law.",5,NA,budget allocation; legislation,"projected 30 percent increase in spending for subsidies (premium tax credits), in health insurance exchanges, which were created in the Affordable Care Act",NA,NA,2
DHHS_CMS,"CAMP, David Lee",2012-03-02,"Forwards copy of letter to Treasury Secretary Timothy Geithner regarding the projected 30 percent increase in spending for subsidies (premium tax credits), in health insurance exchanges, which were created in the health care reform law.",5,NA,NA,NA,NA,NA,2
DHHS_CMS,"McMORRIS RODGERS, Cathy",2012-03-06,Medicare Billing Issues with Noridian for His Healthcare Facility,2,NA,NA,NA,NA,NA,2
DHHS_CMS,"McMORRIS RODGERS, Cathy",2012-03-06,Medicare Billing Issues with Noridian for His Healthcare Facility,2,3,NA,NA,NA,NA,2
DHHS_CMS,"HATCH, Orrin Grant",2012-03-08,"[High Priority] - They write requesting an update on the financial status of the medicaid program. Report is due on January 1 of every year, and therefore, missed statutory deadline by more than 60-days. Would like to know rationale why HHS missed the deadline.",5,NA,information,"They write requesting an update on the financial status of the medicaid program. Report is due on January 1 of every year, and therefore, missed statutory deadline by more than 60-days. Would like to know rationale why HHS missed the deadline",NA,NA,2
DHHS_CMS,"HATCH, Orrin Grant",2012-03-08,"[High Priority] - They write requesting an update on the financial status of the medicaid program. Report is due on January 1 of every year, and therefore, missed statutory deadline by more than 60-days. Would like to know rationale why HHS missed the deadline.",5,NA,information,requesting an update on the financial status of the medicaid program,NA,NA,2
DOL_MSHA,"AKIN, W. Todd",2012-03-23,Complaint About MSHA Inspection,2,NA,enforcement,NA,NA,NA,2
DOL_MSHA,"AKIN, W. Todd",2012-03-23,Complaint About MSHA Inspection,NA,NA,NA,NA,NA,NA,2
DHHS_CMS,"MEEKS, Gregory W.",2012-03-27,Concerns About Multiviz Health Services' Application for CMS's Health Care Innovation Challange Grant Program,2,3,NA,NA,NA,NA,2
DHHS_CMS,"MEEKS, Gregory W.",2012-03-27,Concerns About Multiviz Health Services' Application for CMS's Health Care Innovation Challange Grant Program,2,NA,NA,NA,NA,NA,2
DHHS_CMS,"TIPTON, Scott",2012-04-10,Concerns Regarding Medicare's Non-Coverage of Anesthesia Services.,1,NA,NA,NA,NA,NA,2
DHHS_CMS,"TIPTON, Scott",2012-04-10,Concerns Regarding Medicare's Non-Coverage of Anesthesia Services.,1,2,NA,NA,NA,NA,2
DHHS_CMS,"MURPHY, Christopher",2012-04-12,Urges deferring full implementation of the 25% rules in the April rulemaking to provide regulatory stability for the long term care hospitals (LTCH) industry while Congress continues to work toward resolving these issues.,4,NA,rule,deferring full implementation of the 25% rules in the April rulemaking to provide regulatory stability for the long term care hospitals (LTCH) industry,NA,NA,2
DHHS_CMS,"MURPHY, Christopher",2012-04-12,Urges deferring full implementation of the 25% rules in the April rulemaking to provide regulatory stability for the long term care hospitals (LTCH) industry while Congress continues to work toward resolving these issues.,4,NA,rule,Urges deferring full implementation of the 25% rules in the April rulemaking to provide regulatory stability for the long term care hospitals (LTCH) industry while Congress continues to work toward resolving these issues.,NA,NA,2
DHHS_CMS,"HERGER, Walter William (Wally)",2012-04-13,Regarding Medi-Cal Administrative Activities Program Reimbursement Funds,3,3,NA,NA,NA,NA,2
DHHS_CMS,"HERGER, Walter William (Wally)",2012-04-13,Regarding Medi-Cal Administrative Activities Program Reimbursement Funds,3,2,NA,NA,NA,NA,2
DOL_MSHA,"COBURN, Thomas Allen",2012-04-16,Provide Total Cost of Agency Travel Related to Conferences,5,NA,invite,NA,NA,related to conferences -- junkets??,2
DOL_MSHA,"COBURN, Thomas Allen",2012-04-16,Provide Total Cost of Agency Travel Related to Conferences,NA,NA,NA,NA,NA,NA,2
DHHS_CMS,"WARNER, Mark",2012-04-16,[High Priority] - Requests partial delay of the full implementation of the Medicare 25% rule for long term hospitals through one additional hospital cost reporting period. Feels additional time would give Congress an opportunity to better consider the effects of the rule while seeking alternatives to consider later this year.,4,5,rule,partial delay of the full implementation of the Medicare 25% rule for long term hospitals,NA,NA,2
DHHS_CMS,"WARNER, Mark",2012-04-16,[High Priority] - Requests partial delay of the full implementation of the Medicare 25% rule for long term hospitals through one additional hospital cost reporting period. Feels additional time would give Congress an opportunity to better consider the effects of the rule while seeking alternatives to consider later this year.,4,NA,rule,Requests partial delay of the full implementation of the Medicare 25% rule for long term hospitals through one additional hospital cost reporting period,future,NA,2
DHHS_CMS,"HOYER, Steny Hamilton",2012-04-18,Regarding the Procurement Practices of the Center for Medicare and Medicaid Services.Solicitation Number (RFP)-CMS-2011-0021,5,2,NA,NA,NA,NA,2
DHHS_CMS,"HOYER, Steny Hamilton",2012-04-18,Regarding the Procurement Practices of the Center for Medicare and Medicaid Services.Solicitation Number (RFP)-CMS-2011-0021,5,NA,NA,NA,NA,NA,2
DHHS_CMS,"ISAKSON, Johnny",2012-04-19,Regarding Medicare Policies and Procedures.,1,2,NA,NA,NA,NA,2
DHHS_CMS,"ISAKSON, Johnny",2012-04-19,Regarding Medicare Policies and Procedures.,1,NA,NA,NA,NA,NA,2
DHHS_CMS,"JOHNSON, Bill",2012-04-23,Competitive Bidding/DME for Salem Community Hospital - Issues with Late Bid,2,NA,NA,NA,NA,NA,2
DHHS_CMS,"JOHNSON, Bill",2012-04-23,Competitive Bidding/DME for Salem Community Hospital - Issues with Late Bid,3,NA,NA,NA,NA,NA,2
DHHS_CMS,"BLACKBURN, Marsha",2012-05-04,Ten members of Congress express their views regarding the guidance that will be issued by CMS regarding the three-year minimum lifetime requirement (MLR) included in the recently revised definition of durable medical equipment (DME). Encouraged by CMS' decision to issue guidance clarifying the final rule's grandfathering provision and are hopeful that this guidance will ensure that critical modified or upgraded medical devices from the DME category are subject to the grandfathering provision including products that maintain and/or build upon the core clinical technology of existing DME products.,5,4,rule,guidance that will be issued by CMS regarding the three-year minimum lifetime requirement (MLR) included in the recently revised definition of durable medical equipment (DME),future,NA,2
DHHS_CMS,"BLACKBURN, Marsha",2012-05-04,Ten members of Congress express their views regarding the guidance that will be issued by CMS regarding the three-year minimum lifetime requirement (MLR) included in the recently revised definition of durable medical equipment (DME). Encouraged by CMS' decision to issue guidance clarifying the final rule's grandfathering provision and are hopeful that this guidance will ensure that critical modified or upgraded medical devices from the DME category are subject to the grandfathering provision including products that maintain and/or build upon the core clinical technology of existing DME products.,4,5,rule,guidance that will be issued by CMS regarding the three-year minimum lifetime requirement (MLR) included in the recently revised definition of durable medical equipment (DME),future,NA,2
DHHS_CMS,"McCAIN, John Sidney, III",2012-05-07,(b)(6),1,9,NA,NA,NA,NA,2
DHHS_CMS,"McCAIN, John Sidney, III",2012-05-07,(b)(6),1,0,NA,NA,NA,NA,2
DOL_MSHA,"AMODEI, Mark E.",2012-05-11,Requests Under FOIA Mining Accident Report When Injured On the Job,1,NA,NA,NA,NA,NA,2
DOL_MSHA,"AMODEI, Mark E.",2012-05-11,Requests Under FOIA Mining Accident Report When Injured On the Job,NA,NA,NA,NA,NA,NA,2
DHHS_CMS,"DUFFY, Sean",2012-05-11,Writes regarding the Centers for Medicare and Medicaid Services (CMS) guidelines that took effect in January 2010 on the use of single dose vials and unintended consequences this policy is having on physicians across the country.,4,NA,rule,Centers for Medicare and Medicaid Services (CMS) guidelines that took effect in January 2010 on the use of single dose vials and unintended consequences this policy is having on physicians across the country,NA,NA,2
DHHS_CMS,"DUFFY, Sean",2012-05-11,Writes regarding the Centers for Medicare and Medicaid Services (CMS) guidelines that took effect in January 2010 on the use of single dose vials and unintended consequences this policy is having on physicians across the country.,4,NA,rule,guidelines that took effect in January 2010 on the use of single dose vials and unintended consequences this policy is having on physicians across the country,past,NA,2
DOL_SOL,"BACHUS, Spencer T., III",2012-05-14,Constituent Oppose DOL Rule To Undo Companionship Exemption Under FLSA,2,1,NA,NA,NA,NA,2
DOL_SOL,"BACHUS, Spencer T., III",2012-05-14,Constituent Oppose DOL Rule To Undo Companionship Exemption Under FLSA,1,2,NA,NA,NA,NA,2
DOL_MSHA,"BOREN, Daniel David",2012-05-14,Request Status Of Civil Service Retirement Benefits from MSHA Office,1,NA,NA,NA,NA,NA,2
DOL_MSHA,"BOREN, Daniel David",2012-05-14,Request Status Of Civil Service Retirement Benefits from MSHA Office,NA,NA,NA,NA,NA,NA,2
DHHS_CMS,"VAN HOLLEN, Christopher",2012-05-14,Issues with the Competitive Bidding Process for DME,2,NA,NA,NA,NA,NA,2
DHHS_CMS,"VAN HOLLEN, Christopher",2012-05-14,Issues with the Competitive Bidding Process for DME,2,4,NA,NA,NA,NA,2
DHHS_CMS,"ROCKEFELLER, John Davison IV (Jay)",2012-05-16,Cong. Del. (5) - Concerns Regarding the Implementation of CMS's Final Rule And Its Impact on West Virginia's Critical Access Hospitals (CAHs),5,4,rule,Implementation of CMS's Final Rule And Its Impact on West Virginia's Critical Access Hospitals (CAHs),NA,NA,2
DHHS_CMS,"ROCKEFELLER, John Davison IV (Jay)",2012-05-16,Cong. Del. (5) - Concerns Regarding the Implementation of CMS's Final Rule And Its Impact on West Virginia's Critical Access Hospitals (CAHs),4,3,rule,Implementation of CMS's Final Rule And Its Impact on West Virginia's Critical Access Hospitals (CAHs),NA,NA,2
DHHS_CMS,"ALEXANDER, Lamar",2012-05-17,Writer Has Questions Regarding PCIP,1,2,NA,NA,NA,NA,2
DHHS_CMS,"ALEXANDER, Lamar",2012-05-17,Writer Has Questions Regarding PCIP,1,NA,NA,NA,NA,NA,2
DHHS_CMS,"CASTOR, Kathy",2012-05-17,Concerns About the Competitive Bidding Process for Durable Medical Equipment Providers,5,4,NA,NA,NA,NA,2
DHHS_CMS,"CASTOR, Kathy",2012-05-17,Seeks Assistance with Recovering Monies from Medicare Secondary Payer Division,2,1,NA,NA,NA,NA,2
DHHS_CMS,"CASTOR, Kathy",2012-05-17,Seeks Assistance with Recovering Monies from Medicare Secondary Payer Division,1,2,NA,NA,NA,NA,2
DHHS_CMS,"CASTOR, Kathy",2012-05-17,Concerns About the Competitive Bidding Process for Durable Medical Equipment Providers,4,2,NA,NA,NA,NA,2
DHHS_CMS,"CASTOR, Kathy",2012-05-22,Seeks Assistance Resolving Medicare Duplicate Billing,1,NA,NA,NA,NA,NA,2
DHHS_CMS,"CASTOR, Kathy",2012-05-22,Seeks Assistance Resolving Medicare Duplicate Billing,1,2,NA,NA,NA,NA,2
DOL_MSHA,"MERKLEY, Jeff",2012-05-23,Complaints on MSHA Inspectors in Oregon,4,3,enforcement,NA,NA,"could be considered a 3 since advocating for ""state"" (from OR)",2
DOL_MSHA,"MERKLEY, Jeff",2012-05-23,Complaints on MSHA Inspectors in Oregon,NA,NA,NA,NA,NA,NA,2
DOL_MSHA,"GRASSLEY, Charles Ernest",2012-05-25,Concerns About MSHA Safety Environment At The,2,5,NA,NA,NA,name redacted: could be a mine or MSHA workplace?,2
DOL_MSHA,"GRASSLEY, Charles Ernest",2012-05-25,Concerns About MSHA Safety Environment At The,NA,NA,NA,NA,NA,NA,2
DHHS_CMS,"WEBB, James H. (Jim)",2012-06-05,Medicare Billing/Billing Concerns.,1,NA,NA,NA,NA,NA,2
DHHS_CMS,"WEBB, James H. (Jim)",2012-06-05,Medicare Billing/Billing Concerns.,1,2,NA,NA,NA,NA,2
DHHS_CMS,"WITTMAN, Robert J.",2012-06-05,Possible Medicare Fraud Payment Made to Willis Eyecare By Medicare.,1,5,NA,NA,NA,NA,2
DHHS_CMS,"WITTMAN, Robert J.",2012-06-05,Possible Medicare Fraud Payment Made to Willis Eyecare By Medicare.,1,2,NA,NA,NA,NA,2
DHHS_CMS,"BROWN, Sherrod",2012-06-06,Ohio's 1115 Medicaid State Waiver Application,3,NA,NA,NA,NA,NA,2
DHHS_CMS,"BROWN, Sherrod",2012-06-06,Ohio's 1115 Medicaid State Waiver Application,5,3,NA,NA,NA,NA,2
DHHS_CMS,"HOLT, Rush",2012-06-07,Request that Based Upon the Additional Information Provider Herein The Proposed Revocation of Accurate Labs License and Withholding of Medicare and Medicaid Payment Be Reconsidered,2,3,NA,NA,NA,NA,2
DHHS_CMS,"HOLT, Rush",2012-06-07,Proposed Sanctions For Improper Proficiency Testing Referrals.,2,5,NA,NA,NA,NA,2
DHHS_CMS,"HOLT, Rush",2012-06-07,Proposed Sanctions For Improper Proficiency Testing Referrals.,2,3,NA,NA,NA,NA,2
DHHS_CMS,"HOLT, Rush",2012-06-07,Request that Based Upon the Additional Information Provider Herein The Proposed Revocation of Accurate Labs License and Withholding of Medicare and Medicaid Payment Be Reconsidered,2,NA,NA,NA,NA,NA,2
DHHS_CMS,"KYL, Jon Llewellyn",2012-06-08,RE: Denial Of Application For LaPaz Regional Hospital.,2,3,NA,NA,NA,NA,2
DHHS_CMS,"KYL, Jon Llewellyn",2012-06-08,RE: Denial Of Application For LaPaz Regional Hospital.,3,NA,NA,NA,NA,NA,2
DHHS_CMS,"CORNYN, John",2012-06-11,Writes to express concern regarding the proposed Fiscal Year (FY) 2013 Medicare Update rule for long-term care hospitals (LTCHs),5,4,rule,proposed Fiscal Year (FY) 2013 Medicare Update rule for long-term care hospitals (LTCHs),future,NA,2
DHHS_CMS,"CORNYN, John",2012-06-11,Writes to express concern regarding the proposed Fiscal Year (FY) 2013 Medicare Update rule for long-term care hospitals (LTCHs),5,4,rule,proposed Fiscal Year (FY) 2013 Medicare Update rule for long-term care hospitals (LTCHs),NA,NA,2
DHHS_CMS,"BINGAMAN, Jesse Francis, Jr. (Jeff)",2012-06-12,Regarding the Final Regulations Governing Medicaid Eligibility Under the Affordable Care Act and Exchange Eligibility Determinations .,5,NA,rule; legislation,Final Regulations Governing Medicaid Eligibility Under the Affordable Care Act,NA,NA,2
DHHS_CMS,"BINGAMAN, Jesse Francis, Jr. (Jeff)",2012-06-12,Regarding the Final Regulations Governing Medicaid Eligibility Under the Affordable Care Act and Exchange Eligibility Determinations .,5,NA,rule; legislation,Regarding the Final Regulations Governing Medicaid Eligibility Under the Affordable Care Act and Exchange Eligibility Determinations .,NA,NA,2
DHHS_CMS,"GILLIBRAND, Kirsten",2012-06-12,Concerns Regarding Cooperate to Bring the Facility into Compliance and is Seeking and Abeyance of Fines for 90-Day Period to Allow Him to Address.,2,NA,NA,NA,NA,NA,2
DHHS_CMS,"GILLIBRAND, Kirsten",2012-06-12,Concerns Regarding Cooperate to Bring the Facility into Compliance and is Seeking and Abeyance of Fines for 90-Day Period to Allow Him to Address.,2,3,NA,NA,NA,NA,2
DHHS_CMS,"PALAZZO, Steven",2012-06-14,"Reactivation of DMEPOS # 4893600002, Orginal Date 12/30/2003",0,NA,NA,NA,NA,NA,2
DHHS_CMS,"PALAZZO, Steven",2012-06-14,"Reactivation of DMEPOS # 4893600002, Orginal Date 12/30/2003",2,3,NA,NA,NA,NA,2
DHHS_CMS,"PAUL, Rand",2012-06-14,Writes regarding the CMS guideline on the use of single dose vials and the unintended consequences this policy is having on physician across the country.  Asks that CMS modify this requirement.,5,4,rule,CMS guideline on the use of single dose vials and the unintended consequences this policy is having on physician across the country,NA,NA,2
DHHS_CMS,"PAUL, Rand",2012-06-14,Writes regarding the CMS guideline on the use of single dose vials and the unintended consequences this policy is having on physician across the country.  Asks that CMS modify this requirement.,5,4,rule,Writes regarding the CMS guideline on the use of single dose vials and the unintended consequences this policy is having on physician across the country,NA,NA,2
DHHS_CMS,"COBURN, Thomas Allen",2012-06-21,Vertos Medical Coverage Issue Involving CPT Coding Process,2,NA,NA,NA,NA,NA,2
DHHS_CMS,"COBURN, Thomas Allen",2012-06-21,Vertos Medical Coverage Issue Involving CPT Coding Process,2,1,NA,NA,NA,NA,2
DHHS_CMS,"LIEBERMAN, Joseph I.",2012-06-23,Ask CMS to Rescind Policies and Restore Direct Medicare Reimbursement of CRNA Chronic Pain Care Services in the Interest of Patient Access to Care.,4,5,NA,NA,NA,NA,2
DHHS_CMS,"LIEBERMAN, Joseph I.",2012-06-23,Ask CMS to Rescind Policies and Restore Direct Medicare Reimbursement of CRNA Chronic Pain Care Services in the Interest of Patient Access to Care.,5,4,NA,NA,NA,NA,2
DHHS_CMS,"BROWN, Sherrod",2012-06-25,FY 2013 Proposed Inpatient Prospective Payment System (IPPS) Rule.,5,NA,rule,FY 2013 Proposed Inpatient Prospective Payment System (IPPS) Rule.,NA,NA,2
DHHS_CMS,"BROWN, Sherrod",2012-06-25,FY 2013 Proposed Inpatient Prospective Payment System (IPPS) Rule.,5,4,rule,FY 2013 Proposed Inpatient Prospective Payment System (IPPS) Rule,future,NA,2
DHHS_CMS,"TONKO, Paul",2012-06-26,"Albany County Nursing Home, New Regulation to Install Sprinkler System By 2013 (In Nursing Homes)",3,NA,NA,NA,NA,NA,2
DHHS_CMS,"TONKO, Paul",2012-06-26,"Albany County Nursing Home, New Regulation to Install Sprinkler System By 2013 (In Nursing Homes)",2,4,NA,NA,NA,NA,2
DOL_MSHA,"MURKOWSKI, Lisa",2012-06-27,invite You To Alaska To Join In A Discussion Of MSHA's Activities With Miners,5,NA,invite,Discussion Of MSHA's Activities With Miners,NA,relates most closely to policy,2
DOL_MSHA,"MURKOWSKI, Lisa",2012-06-27,invite You To Alaska To Join In A Discussion Of MSHA's Activities With Miners,NA,NA,NA,NA,NA,NA,2
DHHS_CMS,"NOEM, Kristi",2012-06-29,Medicare Coverage and Billing Issue,1,NA,NA,NA,NA,NA,2
DHHS_CMS,"NOEM, Kristi",2012-06-29,Medicare Coverage and Billing Issue,1,2,NA,NA,NA,NA,2
DOL_MSHA,"JOHNSON, Timothy Peter (Tim)",2012-07-02,Regarding Unfair Citations From MSHA Inspections,2,NA,enforcement,NA,NA,NA,2
DOL_MSHA,"JOHNSON, Timothy Peter (Tim)",2012-07-02,Regarding Unfair Citations From MSHA Inspections,NA,NA,NA,NA,NA,NA,2
DOL_MSHA,"BACHUS, Spencer T., III",2012-07-03,MSHA Employee Seeking Health Benefits For His Family,1,NA,NA,NA,NA,NA,2
DOL_MSHA,"BACHUS, Spencer T., III",2012-07-03,MSHA Employee Seeking Health Benefits For His Family,NA,NA,NA,NA,NA,NA,2
DOL_MSHA,"MANCHIN, Joe, III",2012-07-05,DOL's Internal Review Of MSHA's Actions At The Upper Big Branch Mine Disaster,3,NA,information,NA,NA,NA,2
DOL_MSHA,"MANCHIN, Joe, III",2012-07-05,DOL's Internal Review Of MSHA's Actions At The Upper Big Branch Mine Disaster,NA,NA,NA,NA,NA,NA,2
DHHS_CMS,"TESTER, Jon",2012-07-12,Concerns Regarding Graduate Medical Education (GME) Slots Redistributed by Section 5503 Affordable Care Act Can Be Utilized.,5,NA,legislation,Concerns Regarding Graduate Medical Education (GME) Slots Redistributed by Section 5503 Affordable Care Act Can Be Utilized.,NA,NA,2
DHHS_CMS,"TESTER, Jon",2012-07-12,Concerns Regarding Graduate Medical Education (GME) Slots Redistributed by Section 5503 Affordable Care Act Can Be Utilized.,5,4,legislation,Concerns Regarding Graduate Medical Education (GME) Slots Redistributed by Section 5503 Affordable Care Act Can Be Utilized.,NA,NA,2
DHHS_CMS,"HASTINGS, Richard Norman (Doc)",2012-07-16,Reimbursement Policy for Chronic Pain Management Services Provided By CRNAs,5,4,NA,NA,NA,NA,2
DHHS_CMS,"HASTINGS, Richard Norman (Doc)",2012-07-16,Reimbursement Policy for Chronic Pain Management Services Provided By CRNAs,4,5,NA,NA,NA,NA,2
DHHS_CMS,"BRALEY, Bruce",2012-07-24,Reimbursement Policy for Chronic Pain Management Services Provided By CRNAs,5,4,NA,NA,NA,NA,2
DHHS_CMS,"BRALEY, Bruce",2012-07-24,Reimbursement Policy for Chronic Pain Management Services Provided By CRNAs,4,5,NA,NA,NA,NA,2
DHHS_CMS,"FORBES, J. Randy",2012-07-24,Medicare Reimbursement/Refund.,2,1,NA,NA,NA,NA,2
DHHS_CMS,"FORBES, J. Randy",2012-07-24,Medicare Reimbursement/Refund.,1,2,NA,NA,NA,NA,2
DHHS_CMS,"MIKULSKI, Barbara Ann",2012-08-06,"Concerns Regarding the Effect that Certain Provisions in the Patient Protection and Affordable Care Act (PPACA) Will Have on Their Company, DRD Pool Management.",2,NA,NA,NA,NA,NA,2
DHHS_CMS,"MIKULSKI, Barbara Ann",2012-08-06,"Concerns Regarding the Effect that Certain Provisions in the Patient Protection and Affordable Care Act (PPACA) Will Have on Their Company, DRD Pool Management.",2,4,legislation,Patient Protection and Affordable Care Act,NA,NA,2
DHHS_CMS,"JOHNSON, Ron",2012-08-13,"Recent reports have raised considerable concerns about a new program at the Department, The Center for Medicaid and Medicaid Innovation (CMMI) was established by the patient Protection and Affordable Care Act (PPACA) and is tasked with identifying new ways to improve and transform Medicare, Medicaid, and the Children's Health Insurance Program.  To date, CMMI has awarded nearly $123 millin in Health Care Innovation Insurance Program.  It is unclear how CMMI chose the grant recipients or how it calculated potential savings.  To that end, he request that the Secretary provide the following information: 1) Copies of all applications for the Health Care Innovation Challenge reviewed for the May 2012 award; 2) A full and complete explanation of how the application review teams were assembled; etc.  Please provide electronic copies of the requested information as soon as possible, but no later than August 17, 2012.",5,NA,NA,NA,NA,NA,2
DHHS_CMS,"JOHNSON, Ron",2012-08-13,"Recent reports have raised considerable concerns about a new program at the Department, The Center for Medicaid and Medicaid Innovation (CMMI) was established by the patient Protection and Affordable Care Act (PPACA) and is tasked with identifying new ways to improve and transform Medicare, Medicaid, and the Children's Health Insurance Program.  To date, CMMI has awarded nearly $123 millin in Health Care Innovation Insurance Program.  It is unclear how CMMI chose the grant recipients or how it calculated potential savings.  To that end, he request that the Secretary provide the following information: 1) Copies of all applications for the Health Care Innovation Challenge reviewed for the May 2012 award; 2) A full and complete explanation of how the application review teams were assembled; etc.  Please provide electronic copies of the requested information as soon as possible, but no later than August 17, 2012.",5,NA,legislation; grant,Affordable Care Act; CMMI grants,NA,NA,2
DOJ_ENRD,"NELSON, Clarence William (Bill)",2012-08-14,Writes on behalf of his constituent (b)(6) re: assistance in obtaining compensation from DOJ in Rogers v. U.S. case (Legacy Trail).,1,NA,NA,NA,NA,NA,2
DOJ_ENRD,"NELSON, Clarence William (Bill)",2012-08-14,Writes on behalf of his constituent (b)(6) re: assistance in obtaining compensation from DOJ in Rogers v. U.S. case (Legacy Trail).,1,NA,NA,NA,NA,Why did this Congressman write five times at the same time?,2
DHHS_CMS,"HANNA, Richard",2012-08-20,"Has Received Over 200 CMS Summary Notices in the Week of August 13, 2012.",1,NA,NA,NA,NA,NA,2
DHHS_CMS,"HANNA, Richard",2012-08-20,"Has Received Over 200 CMS Summary Notices in the Week of August 13, 2012.",1,2,NA,NA,NA,NA,2
DHHS_CMS,"UPTON, Frederick Stephen",2012-08-20,Writes to Follow Up on Requests made to HHS Regarding the Supreme Court Decision and its Interaction with the 2014 Implementation of the State Exchanges and Medicaid Expansions.,5,NA,lawsuit; legislation,Affordable Care Act; National Federation of Independent Business v. Sebelius,NA,NA,2
DHHS_CMS,"UPTON, Frederick Stephen",2012-08-20,Writes to Follow Up on Requests made to HHS Regarding the Supreme Court Decision and its Interaction with the 2014 Implementation of the State Exchanges and Medicaid Expansions.,5,NA,legislation; lawsuit,Supreme Court Decision and its Interaction with the 2014 Implementation of the State Exchanges and Medicaid Expansions; Affordable Care Act,NA,NA,2
DHHS_CMS,"CROWLEY, Joseph",2012-08-23,(CONG DEL 89) Concerned with Critical Provision that will Affect Acess to Family Planning Services and ask That the Final Regulation Make Explicitly Clear That Section 1927.,5,NA,rule,Concerned with Critical Provision that will Affect Acess to Family Planning Services and ask That the Final Regulation Make Explicitly Clear That Section 1927,NA,NA,2
DHHS_CMS,"CROWLEY, Joseph",2012-08-23,(CONG DEL 89) Concerned with Critical Provision that will Affect Acess to Family Planning Services and ask That the Final Regulation Make Explicitly Clear That Section 1927.,5,NA,rule,Concerned with Critical Provision that will Affect Access to Family Planning Services and ask That the Final Regulation Make Explicitly Clear That Section 1927,NA,NA,2
DHHS_CMS,"KERRY, John Forbes",2012-08-23,(CONG DEL 2 ) Express Concern Regarding Changes to Medicare Part D Reimbursement for Intradialytic parenteral Therapy (IDPN) and intraperitoneal Nutrition (IPN),5,NA,NA,NA,NA,NA,2
DHHS_CMS,"KERRY, John Forbes",2012-08-23,(CONG DEL 2 ) Express Concern Regarding Changes to Medicare Part D Reimbursement for Intradialytic parenteral Therapy (IDPN) and intraperitoneal Nutrition (IPN),5,4,NA,NA,NA,NA,2
DHHS_CMS,"DOGGETT, Lloyd Alton, II",2012-08-28,(CONG DEL 2) Great Interest in the Implementation of the Texas Healthcare Transformation and Quality Improvement Program. for the 1115 Medicaid Waiver Process.,3,5,NA,NA,NA,NA,2
DHHS_CMS,"DOGGETT, Lloyd Alton, II",2012-08-28,(CONG DEL 2) Great Interest in the Implementation of the Texas Healthcare Transformation and Quality Improvement Program. for the 1115 Medicaid Waiver Process.,3,NA,NA,NA,NA,NA,2
DHHS_CMS,"SMITH, Adam",2012-08-28,Change In Policy For Delay In Kyphoplasty Treatment .,1,5,NA,NA,NA,NA,2
DHHS_CMS,"SMITH, Adam",2012-08-28,Change In Policy For Delay In Kyphoplasty Treatment .,1,2,NA,NA,NA,NA,2
DOL_MSHA,"JOHNSON, Timothy Peter (Tim)",2012-09-27,Sites For Employment & Training,2,5,information,NA,NA,"ambiguous, but most likely company's question about training regs",2
DOL_MSHA,"JOHNSON, Timothy Peter (Tim)",2012-09-27,Sites For Employment & Training,NA,NA,NA,NA,NA,NA,2
DHHS_CMS,"McCAUL, Michael T.",2012-09-27,Concerns Regarding Medicare Limits on Therapy Services.,1,NA,NA,NA,NA,NA,2
DHHS_CMS,"McCAUL, Michael T.",2012-09-27,Concerns Regarding Medicare Limits on Therapy Services.,1,2,NA,NA,NA,NA,2
DHHS_CMS,"RIBBLE, Reid",2012-09-27,Life Safety Code,2,3,NA,NA,NA,NA,2
DHHS_CMS,"RIBBLE, Reid",2012-09-27,Life Safety Code,0,NA,NA,NA,NA,NA,2
DHHS_CMS,"McCARTHY, Carolyn",2012-09-28,Requests Consideration of Support Letters and Executive Summaries for Catholic Health Services of Long Island's (CHS) Grant Application fwith CMMI,2,3,NA,NA,NA,NA,2
DHHS_CMS,"McCARTHY, Carolyn",2012-09-28,Requests Consideration of Support Letters and Executive Summaries for Catholic Health Services of Long Island's (CHS) Grant Application fwith CMMI,3,NA,NA,NA,NA,NA,2
DHHS_ACF,"BOOZMAN, John",2012-10-02,Grant support - Congressional - Head Start - CAPCA NA Prep for Sig,3,1,grant,CAPCA,NA,NA,2
DHHS_ACF,"BOOZMAN, John",2012-10-02,Grant support - Congressional - Head Start - CAPCA NA Prep for Sig,3,1,grant,CAPCA,NA,might be duplicate,2
DHHS_CMS,"MURPHY, Timothy",2012-10-09,Concerns Regarding Medical Coverage,1,5,NA,NA,NA,NA,2
DHHS_CMS,"MURPHY, Timothy",2012-10-09,Concerns Regarding Medical Coverage,1,NA,NA,NA,NA,NA,2
DHHS_CMS,"CASEY, Robert (Bob), Jr.",2012-10-10,Regarding Their Claim Were Not Paid by the Facility They Provider Service to.,2,3,NA,NA,NA,NA,2
DHHS_CMS,"CASEY, Robert (Bob), Jr.",2012-10-10,Regarding Their Claim Were Not Paid by the Facility They Provider Service to.,1,NA,NA,NA,NA,NA,2
DHHS_CMS,"GRAVES, Samuel",2012-10-12,Writes Regarding Denial of Services By UMR/Missouri Consolidated Health Plan,1,2,NA,NA,NA,NA,2
DHHS_CMS,"GRAVES, Samuel",2012-10-12,Writes Regarding Denial of Services By UMR/Missouri Consolidated Health Plan,1,NA,NA,NA,NA,NA,2
DHHS_CMS,"HIGGINS, Brian",2012-10-12,Questions Regarding Medicare Set-Aside,1,NA,NA,NA,NA,NA,2
DHHS_CMS,"HIGGINS, Brian",2012-10-12,Questions Regarding Medicare Set-Aside,5,1,NA,NA,NA,NA,2
DHHS_CMS,"GARRETT, Scott",2012-10-18,Medicare Lien,1,2,NA,NA,NA,NA,2
DHHS_CMS,"GARRETT, Scott",2012-10-18,Medicare Lien,1,NA,NA,NA,NA,NA,2
DHHS_CMS,"POE, Ted",2012-10-22,Awaiting Payment For Medicare Claim Filed In July,1,NA,NA,NA,NA,NA,2
DHHS_CMS,"POE, Ted",2012-10-22,Awaiting Payment For Medicare Claim Filed In July,1,2,NA,NA,NA,NA,2
DOL_MSHA,"RAHALL, Nick Joe, II",2012-10-22,Effort To Receive Payment For Estimate On Car Damaged By MSHA Employee,1,NA,NA,NA,NA,NA,2
DOL_MSHA,"RAHALL, Nick Joe, II",2012-10-22,Effort To Receive Payment For Estimate On Car Damaged By MSHA Employee,NA,NA,NA,NA,NA,NA,2
DHHS_CMS,"SCHAKOWSKY, Janice D.",2012-10-25,***** TEST- Urges the inlusion of pediatric vision services as an essential health benefit as part of ACA,5,0,NA,NA,NA,test ??,2
DHHS_CMS,"SCHAKOWSKY, Janice D.",2012-10-25,***** TEST- Urges the inlusion of pediatric vision services as an essential health benefit as part of ACA,5,NA,NA,NA,NA,NA,2
DHHS_CMS,"UPTON, Frederick Stephen",2012-10-31,Clinical Lab Fee Schedule to the Physician Fee Schedule CY 2013,5,NA,NA,NA,NA,NA,2
DHHS_CMS,"UPTON, Frederick Stephen",2012-10-31,Clinical Lab Fee Schedule to the Physician Fee Schedule CY 2013,4,5,rule,Clinical Lab Fee Schedule to the Physician Fee Schedule CY 2013,future,NA,2
DOD_OIG,"GRASSLEY, Charles Ernest",2012-11-06,NA,1,NA,NA,NA,NA,NA,2
DOD_OIG,"GRASSLEY, Charles Ernest",2012-11-06,NA,5,NA,defense-strategic,NA,NA,NA,2
DHHS_CMS,"McMORRIS RODGERS, Cathy",2012-11-06,Concerns With Medicare Coverage of His Diabetes Testing Supplies,1,NA,NA,NA,NA,NA,2
DHHS_CMS,"McMORRIS RODGERS, Cathy",2012-11-06,Concerns With Medicare Coverage of His Diabetes Testing Supplies,1,2,NA,NA,NA,NA,2
DOL_MSHA,"REHBERG, Denny",2012-11-08,Follow-up Regarding Unfair Citations Issued By MSHA,4,2,enforcement,NA,NA,see 380,2
DOL_MSHA,"REHBERG, Denny",2012-11-08,Follow-up Regarding Unfair Citations Issued By MSHA,NA,NA,NA,NA,NA,NA,2
DOL_MSHA,"ROCKEFELLER, John Davison IV (Jay)",2012-11-08,Support Underground Mine Rescue and Escape Teams,5,NA,NA,Underground Mine Rescue and Escape Teams,NA,*rescue teams relates to MINER Act,2
DOL_MSHA,"ROCKEFELLER, John Davison IV (Jay)",2012-11-08,Support Underground Mine Rescue and Escape Teams,NA,NA,NA,NA,NA,NA,2
DOD_OIG,"GRASSLEY, Charles Ernest",2012-11-15,NA,5,NA,investigation; oversight,NA,NA,NA,2
DOD_OIG,"GRASSLEY, Charles Ernest",2012-11-15,NA,5,NA,budget allocation,NA,NA,NA,2
DHHS_CMS,"HALL, Ralph Moody",2012-11-16,Seeks Assistance Understanding Why He Owes Medicare,1,NA,NA,NA,NA,NA,2
DHHS_CMS,"HALL, Ralph Moody",2012-11-16,Seeks Assistance Understanding Why He Owes Medicare,1,2,NA,NA,NA,NA,2
DHHS_CMS,"MICHAUD, Michael H.",2012-11-20,Log/Clear - Medicare payment for chronic pain management services furnished by Certified Registered Nurse Anesthetists (CRNAs).,5,4,NA,NA,NA,NA,2
DHHS_CMS,"MICHAUD, Michael H.",2012-11-20,Log/Clear - Medicare payment for chronic pain management services furnished by Certified Registered Nurse Anesthetists (CRNAs).,4,5,NA,NA,NA,NA,2
DHHS_CMS,"TIBERI, Patrick (Pat)",2012-11-27,Medicare Policy Having A Doctor Present For Allergies Injection.,1,NA,NA,NA,NA,NA,2
DHHS_CMS,"TIBERI, Patrick (Pat)",2012-11-27,Medicare Policy Having A Doctor Present For Allergies Injection.,1,2,NA,NA,NA,NA,2
DOL_MSHA,"HERGER, Walter William (Wally)",2012-12-04,Regarding His Concern That MSHA Is Relaxing Its Focus On Safety,5,NA,NA,NA,NA,NA,2
DOL_MSHA,"HERGER, Walter William (Wally)",2012-12-04,Regarding His Concern That MSHA Is Relaxing Its Focus On Safety,NA,NA,NA,NA,NA,NA,2
DHHS_CMS,"CORKER, Robert (Bob)",2012-12-06,Competitive Bidding Congressional Inquiry.,2,4,NA,NA,NA,NA,2
DHHS_CMS,"CORKER, Robert (Bob)",2012-12-06,Competitive Bidding Congressional Inquiry.,2,5,NA,NA,NA,NA,2
DOL_MSHA,"BUCSHON, Larry",2012-12-12,Complaint About MSHA Fines and Violations,2,NA,enforcement,NA,NA,NA,2
DOL_MSHA,"BUCSHON, Larry",2012-12-12,Complaint About MSHA Fines and Violations,NA,NA,NA,NA,NA,NA,2
DOL_MSHA,"RAHALL, Nick Joe, II",2012-12-12,Harassment Claim by MSHA Employee,1,NA,NA,NA,NA,NA,2
DOL_MSHA,"RAHALL, Nick Joe, II",2012-12-12,Harassment Claim by MSHA Employee,NA,NA,NA,NA,NA,NA,2
DOL_MSHA,"RAHALL, Nick Joe, II",2012-12-17,Emergency Assistance Program for Retraining of Coal Miners,2,3,grant,NA,NA,"see 62 and 63, most likely refers to a grant program (couldn't find under exact name), sounds like company",2
DOL_MSHA,"RAHALL, Nick Joe, II",2012-12-17,Emergency Assistance Program for Retraining of Coal Miners,NA,NA,NA,NA,NA,NA,2
DHHS_CMS,"ROGERS, Harold Dallas (Hal)",2012-12-18,"Requesting a Demonstration of CMS's Predictive Analytic Tool,",5,6,NA,NA,NA,NA,2
DHHS_CMS,"ROGERS, Harold Dallas (Hal)",2012-12-18,"Requesting a Demonstration of CMS's Predictive Analytic Tool,",5,2,NA,NA,NA,NA,2
DHHS_CMS,"KAPTUR, Marcia Carolyn (Marcy)",2012-12-19,Questions Regarding The Affordable Health Care Act (AHCA),1,5,legislation,Affordable Health Care Act (AHCA),NA,NA,2
DHHS_CMS,"KAPTUR, Marcia Carolyn (Marcy)",2012-12-19,Questions Regarding The Affordable Health Care Act (AHCA),1,NA,NA,NA,NA,NA,2
DHHS_CMS,"LoBIONDO, Frank A.",2012-12-19,Regarding his Cpmplaint About the Business Practice of Novitas Solutions,1,2,NA,NA,NA,NA,2
DHHS_CMS,"LoBIONDO, Frank A.",2012-12-19,Regarding his Cpmplaint About the Business Practice of Novitas Solutions,1,NA,NA,NA,NA,NA,2
DHHS_CMS,"MATSUI, Doris",2012-12-21,"Re: Wijit Inc. (Unique Lever Driving and Braking System for Manual Wheelchairs), Medicare Billing Codes. Review the Wijit Product and changing their billing from E0988 to E2227.",2,5,NA,NA,NA,NA,2
DHHS_CMS,"MATSUI, Doris",2012-12-21,"Re: Wijit Inc. (Unique Lever Driving and Braking System for Manual Wheelchairs), Medicare Billing Codes. Review the Wijit Product and changing their billing from E0988 to E2227.",2,NA,NA,NA,NA,NA,2
DOL_MSHA,"GRIFFITH, H. Morgan",2012-12-26,Unfair Hiring Practices Of MSHA Supervisors,1,NA,NA,NA,NA,NA,2
DOL_MSHA,"GRIFFITH, H. Morgan",2012-12-26,Unfair Hiring Practices Of MSHA Supervisors,NA,NA,NA,NA,NA,NA,2
DHHS_CMS,"McCONNELL, Addison Mitchell (Mitch)",2012-12-26,Regarding Section 1115 Medicaid Waiver to Impose a Cancellation fee or a Reservation fee on Medicaid Beneficiaries,5,NA,NA,NA,NA,NA,2
DHHS_CMS,"McCONNELL, Addison Mitchell (Mitch)",2012-12-26,Regarding Section 1115 Medicaid Waiver to Impose a Cancellation fee or a Reservation fee on Medicaid Beneficiaries,5,3,NA,NA,NA,NA,2
DHHS_CMS,"COONS, Christopher A.",2012-12-27,CMS-1590-FC 2013 Medicare Physician Fee Schedule Final Rule. Nerve Conduction Studies/EMG Value.,5,NA,rule,CMS-1590-FC 2013 Medicare Physician Fee Schedule Final Rule. Nerve Conduction Studies/EMG Value.,NA,NA,2
DHHS_CMS,"COONS, Christopher A.",2012-12-27,CMS-1590-FC 2013 Medicare Physician Fee Schedule Final Rule. Nerve Conduction Studies/EMG Value.,4,5,rule,CMS-1590-FC 2013 Medicare Physician Fee Schedule Final Rule,NA,NA,2
DOL_MSHA,"MANCHIN, Joe, III",2013-01-14,Concern About The Potential Movement Of Their Office In,3,6,NA,NA,NA,"could relate to office relocating in WV (in state), or could be unrelated 6",2
DOL_MSHA,"MANCHIN, Joe, III",2013-01-14,Concern About The Potential Movement Of Their Office In,NA,NA,NA,NA,NA,NA,2
DHHS_CMS,"KLOBUCHAR, Amy",2013-01-15,Concerns About the Reimbursement Reductions for Electrodiagnostic Tests in the 2013 Medicare Physician Fee Schedule Final Rule.,5,NA,rule,Concerns About the Reimbursement Reductions for Electrodiagnostic Tests in the 2013 Medicare Physician Fee Schedule Final Rule.,NA,NA,2
DHHS_CMS,"KLOBUCHAR, Amy",2013-01-15,Concerns About the Reimbursement Reductions for Electrodiagnostic Tests in the 2013 Medicare Physician Fee Schedule Final Rule.,4,5,rule,Concerns About the Reimbursement Reductions for Electrodiagnostic Tests in the 2013 Medicare Physician Fee Schedule Final Rule.,NA,NA,2
DHHS_CMS,"SESSIONS, Jefferson Beauregard III (Jeff)",2013-01-16,Recovery Audit Contractor (RAC) Program Affecting Hospitals.,4,5,NA,NA,NA,NA,2
DHHS_CMS,"SESSIONS, Jefferson Beauregard III (Jeff)",2013-01-16,Express Concerns Regarding the Recovery Audit Program.,2,4,NA,NA,NA,NA,2
DHHS_CMS,"SESSIONS, Jefferson Beauregard III (Jeff)",2013-01-16,Express Concerns Regarding the Reimbursement Cuts to Needle EMg and NCV.,5,NA,NA,NA,NA,NA,2
DHHS_CMS,"SESSIONS, Jefferson Beauregard III (Jeff)",2013-01-16,Express Concerns Regarding the Reimbursement Cuts to Needle EMg and NCV.,4,5,NA,NA,NA,NA,2
DHHS_CMS,"SESSIONS, Jefferson Beauregard III (Jeff)",2013-01-16,Express Concerns Regarding the Recovery Audit Program.,5,4,NA,NA,NA,NA,2
DHHS_CMS,"SESSIONS, Jefferson Beauregard III (Jeff)",2013-01-16,Recovery Audit Contractor (RAC) Program Affecting Hospitals.,4,NA,NA,NA,NA,NA,2
DHHS_CMS,"SESSIONS, Jefferson Beauregard III (Jeff)",2013-01-16,Concerns Regarding the New Medicare Chronic Pain Regulation.,5,4,rule,Concerns Regarding the New Medicare Chronic Pain Regulation.,NA,NA,2
DHHS_CMS,"SESSIONS, Jefferson Beauregard III (Jeff)",2013-01-16,Concerns Regarding the New Medicare Chronic Pain Regulation.,5,5,rule,Concerns Regarding the New Medicare Chronic Pain Regulation.,NA,NA,2
DHHS_CMS,"CASTOR, Kathy",2013-01-17,Forwards information regarding Florida's Hospital Association Analysis relating Florida's Agency for Health Care Administration's flawed Estimated Medicaid Expansion Costs,5,NA,NA,NA,NA,NA,2
DHHS_CMS,"CASTOR, Kathy",2013-01-17,Forwards information regarding Florida's Hospital Association Analysis relating Florida's Agency for Health Care Administration's flawed Estimated Medicaid Expansion Costs,4,5,NA,NA,NA,NA,2
DHHS_CMS,"SESSIONS, Jefferson Beauregard III (Jeff)",2013-01-18,New Medicare Chronic Pain Regulation.,5,NA,rule,New Medicare Chronic Pain Regulation,NA,NA,2
DHHS_CMS,"SESSIONS, Jefferson Beauregard III (Jeff)",2013-01-18,New Medicare Chronic Pain Regulation.,5,4,rule,New Medicare Chronic Pain Regulation.,NA,NA,2
DOL_MSHA,"MIKULSKI, Barbara Ann",2013-01-25,Requesting Information On The Impact Of Sequestration,5,NA,information; budget allocation,Sequestration,NA,appropriations: budget sequestration?,2
DOL_MSHA,"MIKULSKI, Barbara Ann",2013-01-25,Requesting Information On The Impact Of Sequestration,NA,NA,NA,NA,NA,NA,2
DHHS_CMS,"FORBES, J. Randy",2013-02-01,Medicare billing issues,1,NA,NA,NA,NA,NA,2
DHHS_CMS,"FORBES, J. Randy",2013-02-01,Medicare billing issues,1,2,NA,NA,NA,NA,2
DHHS_CMS,"McCONNELL, Addison Mitchell (Mitch)",2013-02-01,Writes concerning Humana / TanBerk Health Care Facility.,1,2,NA,NA,NA,NA,2
DHHS_CMS,"McCONNELL, Addison Mitchell (Mitch)",2013-02-01,Writes concerning Humana / TanBerk Health Care Facility.,2,1,NA,NA,NA,NA,2
DHHS_CMS,"REED, John F. (Jack)",2013-02-05,Proposed Changes To Payment Policies For 2013.,5,NA,NA,NA,NA,NA,2
DHHS_CMS,"REED, John F. (Jack)",2013-02-05,Proposed Changes To Payment Policies For 2013.,4,5,NA,NA,NA,NA,2
DOL_MSHA,"BARR, Garland H. (Andy) IV",2013-02-06,MSHA Efforts To Adapt To Recent Decline In Mine Production & Jobs,5,4,NA,Decline In Mine Production & Jobs,NA,NA,2
DOL_MSHA,"BARR, Garland H. (Andy) IV",2013-02-06,MSHA Efforts To Adapt To Recent Decline In Mine Production & Jobs,NA,NA,NA,NA,NA,NA,2
DOL_MSHA,"MIKULSKI, Barbara Ann",2013-02-07,Alleges Being Denied Fair Compensation & Equal Treatment,1,NA,NA,NA,NA,NA,2
DOL_MSHA,"MIKULSKI, Barbara Ann",2013-02-07,Alleges Being Denied Fair Compensation & Equal Treatment,NA,NA,NA,NA,NA,NA,2
DHHS_CMS,"DUFFY, Sean",2013-02-08,Medicare Set-Aside / Reimbursement Concerns.,1,NA,NA,NA,NA,NA,2
DHHS_CMS,"DUFFY, Sean",2013-02-08,Medicare Set-Aside / Reimbursement Concerns.,1,2,NA,NA,NA,NA,2
DOL_MSHA,"CLEAVER, Emanuel, II",2013-02-11,MSHA Fines and Penalties,2,NA,enforcement,NA,NA,NA,2
DOL_MSHA,"CLEAVER, Emanuel, II",2013-02-11,MSHA Fines and Penalties,NA,NA,NA,NA,NA,NA,2
DOL_MSHA,"INHOFE, James Mountain",2013-02-27,Petition For Modification Of The Mandatory Standard Submitted To MSHA,2,4,rule,NA,NA,"could also be a 1, relates to comments on mandatory standards",2
DOL_MSHA,"INHOFE, James Mountain",2013-02-27,Petition For Modification Of The Mandatory Standard Submitted To MSHA,NA,NA,NA,NA,NA,NA,2
DOL_MSHA,"McCASKILL, Claire",2013-02-27,MSHA Fines & Penalties,2,NA,enforcement,NA,NA,NA,2
DOL_MSHA,"McCASKILL, Claire",2013-02-27,MSHA Fines & Penalties,NA,NA,NA,NA,NA,NA,2
DOL_MSHA,"RAHALL, Nick Joe, II",2013-02-27,Delay in Retirement from MSHA,1,NA,NA,NA,NA,NA,2
DOL_MSHA,"RAHALL, Nick Joe, II",2013-02-27,Delay in Retirement from MSHA,NA,NA,NA,NA,NA,NA,2
DHHS_CMS,"MURRAY, Patty",2013-03-05,Regarding an Impending Decision by the CMS About Possible Reclassification of Manuel Wheelchair Currently Classified in the K0009 Category.,5,NA,decision,impending Decision by the CMS About the Possible Reclassification of Manual Wheelchairs Currently Classified in K0009 Category,future,NA,2
DHHS_CMS,"MURRAY, Patty",2013-03-05,Regarding an Impending Decision by the CMS About Possible Reclassification of Manuel Wheelchair Currently Classified in the K0009 Category.,5,NA,decision,Impending Decision by the CMS About the Possible Reclassification of Manual Wheelchairs Currently Classified in K0009 Category,future,NA,2
DHHS_CMS,"BLUNT, Roy",2013-03-07,RE: Reimbursement For Medicare Services.,2,3,NA,NA,NA,NA,2
DHHS_CMS,"BLUNT, Roy",2013-03-07,RE: Reimbursement For Medicare Services.,1,2,NA,NA,NA,NA,2
DHHS_CMS,"BRADY, Robert A.",2013-03-11,Writes Concerning Issues with Medicare MSPRC / Final Conditional Payment Letter,1,2,NA,NA,NA,NA,2
DHHS_CMS,"BRADY, Robert A.",2013-03-11,Writes Concerning Issues with Medicare MSPRC / Final Conditional Payment Letter,2,1,NA,NA,NA,NA,2
DHHS_CMS,"WYDEN, Ronald Lee",2013-03-15,Senator Wyden's Request for CMS to implement a Project to Test the Delivery of Concurrent Care to Beneficiaries Receiving Hospice Care Under the Medicare Program.,5,NA,NA,NA,NA,NA,2
DHHS_CMS,"WYDEN, Ronald Lee",2013-03-15,Senator Wyden's Request for CMS to implement a Project to Test the Delivery of Concurrent Care to Beneficiaries Receiving Hospice Care Under the Medicare Program.,5,2,NA,NA,NA,NA,2
DHHS_CMS,"McCONNELL, Addison Mitchell (Mitch)",2013-03-19,Medicare Patients With Electronic  Prescription.,1,5,NA,NA,NA,NA,2
DHHS_CMS,"McCONNELL, Addison Mitchell (Mitch)",2013-03-19,Medicare Patients With Electronic  Prescription.,1,NA,NA,NA,NA,NA,2
DOL_MSHA,"GOSAR, Paul",2013-03-22,"MSHA - Suiter, Carianna",2,NA,enforcement,NA,NA,NA,2
DOL_MSHA,"GOSAR, Paul",2013-03-22,"MSHA - Suiter, Carianna",NA,NA,NA,NA,NA,NA,2
DOL_MSHA,"RAHALL, Nick Joe, II",2013-03-22,"MSHA - Suiter, Carrianna",4,2,enforcement,NA,NA,NA,2
DOL_MSHA,"RAHALL, Nick Joe, II",2013-03-22,"MSHA - Suiter, Carrianna",NA,NA,NA,NA,NA,NA,2
DOL_MSHA,"HAGAN, Kay",2013-03-25,OCIA,1,NA,NA,NA,NA,NA,2
DOL_MSHA,"HAGAN, Kay",2013-03-25,OCIA,NA,NA,NA,NA,NA,NA,2
DOL_MSHA,"REID, Harry",2013-03-25,"Suiter, Carrianna-MSHA",4,5,investigation,NA,NA,"seems more like a 4 than 5, applying to an industry",2
DOL_MSHA,"REID, Harry",2013-03-25,"Suiter, Carrianna-MSHA",NA,NA,NA,NA,NA,NA,2
DHHS_CMS,"MENENDEZ, Robert",2013-03-26,Concern Regarding Electronic Funds Transfer,1,2,NA,NA,NA,NA,2
DHHS_CMS,"MENENDEZ, Robert",2013-03-26,Concern Regarding Electronic Funds Transfer,2,3,NA,NA,NA,NA,2
DHHS_CMS,"DENT, Charles W.",2013-04-01,Concers Regarding the Patient Protection and Affordable Care Act.,1,5,legislation,Affordable Care Act,NA,NA,2
DHHS_CMS,"DENT, Charles W.",2013-04-01,Concers Regarding the Patient Protection and Affordable Care Act.,1,5,NA,Affordable Care Act,NA,NA,2
DOL_MSHA,"MANCHIN, Joe, III",2013-04-01,MSHA,1,NA,NA,NA,NA,NA,2
DOL_MSHA,"MANCHIN, Joe, III",2013-04-01,MSHA,NA,NA,NA,NA,NA,NA,2
DHHS_CMS,"SCHUMER, Charles Ellis (Chuck)",2013-04-03,Concerns About The Reclasification Of Complex Rehab Technology (CRT) Manual Wheelchair Products Currently Coded Under K0009,5,NA,decision,Reclasification Of Complex Rehab Technology (CRT) Manual Wheelchair Products Currently Coded Under K0009,NA,NA,2
DHHS_CMS,"SCHUMER, Charles Ellis (Chuck)",2013-04-03,Concerns About The Reclasification Of Complex Rehab Technology (CRT) Manual Wheelchair Products Currently Coded Under K0009,5,4,NA,NA,NA,NA,2
DOL_MSHA,"BURR, Richard M.",2013-04-05,"MSHA-Suiter, Carrianna",1,NA,NA,NA,NA,NA,2
DOL_MSHA,"BURR, Richard M.",2013-04-05,"MSHA-Suiter, Carrianna",NA,NA,NA,NA,NA,NA,2
DOL_MSHA,"WARNER, Mark",2013-04-05,OCIA - Kennedy,1,NA,NA,NA,NA,NA,2
DOL_MSHA,"WARNER, Mark",2013-04-05,OCIA - Kennedy,NA,NA,NA,NA,NA,NA,2
DOL_MSHA,"MULLIN, Markwayne",2013-04-08,Children from Working in Family Owned Mines,5,NA,NA,NA,NA,NA,2
DOL_MSHA,"MULLIN, Markwayne",2013-04-08,Children from Working in Family Owned Mines,NA,NA,NA,NA,NA,NA,2
DOL_MSHA,"BLUNT, Roy",2013-04-09,MSHA Fines & Penalties,2,NA,enforcement,NA,NA,NA,2
DOL_MSHA,"BLUNT, Roy",2013-04-09,MSHA Fines & Penalties,NA,NA,NA,NA,NA,NA,2
DOL_MSHA,"POSEY, Bill",2013-04-09,OCIA - DOL,1,NA,NA,NA,NA,NA,2
DOL_MSHA,"POSEY, Bill",2013-04-09,OCIA - DOL,NA,NA,NA,NA,NA,NA,2
DOL_MSHA,"BOOZMAN, John",2013-04-10,Fine From MSHA For Use Of Screening Equipment For Gravel Cleaning,2,NA,enforcement,NA,NA,NA,2
DOL_MSHA,"BOOZMAN, John",2013-04-10,Fine From MSHA For Use Of Screening Equipment For Gravel Cleaning,NA,NA,NA,NA,NA,NA,2
DOL_OWCP,"GILLIBRAND, Kirsten",2013-04-11,Former Employee Seeks Compensation from EEOICPA for Extensive Nuclear Exposure,1,NA,NA,NA,NA,Not sure if we are missing members or need to investigate why a name isn't attached to this,2
DOL_OWCP,"GILLIBRAND, Kirsten",2013-04-11,Former Employee Seeks Compensation from EEOICPA for Extensive Nuclear Exposure,1,NA,NA,NA,NA,NA,2
DOL_MSHA,"LEE, Mike",2013-04-18,Complaint Regarding the Conduct of MSHA Inspector Q3ES1,2,1,enforcement,NA,NA,could be 2 or 1,2
DOL_MSHA,"LEE, Mike",2013-04-18,Complaint Regarding the Conduct of MSHA Inspector Q3ES1,NA,NA,NA,NA,NA,NA,2
DOL_MSHA,"BUCSHON, Larry",2013-04-19,DOL Proposed Rule Lowering Miners* Exposure To Respirable Coal Mine Dust,5,NA,rule,Respirable Coal Mine Dust Rule,future,NA,2
DOL_MSHA,"BUCSHON, Larry",2013-04-19,DOL Proposed Rule Lowering Miners* Exposure To Respirable Coal Mine Dust,NA,NA,NA,NA,NA,NA,2
DOL_MSHA,"GALLEGO, Pete P.",2013-04-26,MSHA/Sand & Gravel Plant Inspection & Fines Issue,2,NA,enforcement,NA,NA,seems like a 2 issue,2
DOL_MSHA,"GALLEGO, Pete P.",2013-04-26,MSHA/Sand & Gravel Plant Inspection & Fines Issue,NA,NA,NA,NA,NA,NA,2
DHS_HQ,"HIGGINS, Brian",2013-04-26,Write in opposition of a conducting a study to see whether fees should be assessed on passengers and pedestrians crossing in the U.S. at land crossings.,"NA","NA","NA","NA","NA","NA",2
DHS_HQ,"HIGGINS, Brian",2013-04-26,Write in opposition of a conducting a study to see whether fees should be assessed on passengers and pedestrians crossing in the U.S. at land crossings.,5,"NA","NA","NA","NA","NA",2
DHHS_CMS,"BERA, Ami",2013-05-01,Ltr co-addressed to Attorney General/Eric Holder urging the Department of Justice and the Department of Health and Human Services to open an investigation into the allegations that mental health providers in Nevada are transporting vulnerable individuals with serious mental illnesses across state lines.,5,1,NA,NA,NA,NA,2
DHHS_CMS,"BERA, Ami",2013-05-01,Ltr co-addressed to Attorney General/Eric Holder urging the Department of Justice and the Department of Health and Human Services to open an investigation into the allegations that mental health providers in Nevada are transporting vulnerable individuals with serious mental illnesses across state lines.,5,1,investigation,open an investigation into the allegations that mental health providers in Nevada are transporting vulnerable individuals with serious mental illnesses across state lines,future,NA,2
DHHS_CMS,"WENSTRUP, Brad",2013-05-07,"Concerns Regarding MSPRC,,,",1,5,NA,NA,NA,NA,2
DHHS_CMS,"WENSTRUP, Brad",2013-05-07,"Concerns Regarding MSPRC,,,",1,NA,NA,NA,NA,NA,2
DHHS_CMS,"GRAYSON, Alan",2013-05-09,Request Information Regarding Doctors Receiving Medicare Reimbursements in Florida's 9th Congressional District.,1,5,NA,NA,NA,NA,2
DHHS_CMS,"GRAYSON, Alan",2013-05-09,Request Information Regarding Doctors Receiving Medicare Reimbursements in Florida's 9th Congressional District.,1,2,NA,NA,NA,NA,2
DHHS_CMS,"CAPUANO, Michael Everett",2013-05-21,Disproportionate Share Hospital (DHS).,3,2,NA,NA,NA,NA,2
DHHS_CMS,"CAPUANO, Michael Everett",2013-05-21,Disproportionate Share Hospital (DHS).,5,3,NA,NA,NA,NA,2
DOL_MSHA,"TOOMEY, Patrick Joseph",2013-05-21,MSHA Inspection Complaint,2,NA,enforcement,NA,NA,NA,2
DOL_MSHA,"TOOMEY, Patrick Joseph",2013-05-21,MSHA Inspection Complaint,NA,NA,NA,NA,NA,NA,2
DHHS_CMS,"CLAY, William Lacy, Jr.",2013-05-24,billing for medicare and medicaid for lab work.,1,NA,NA,NA,NA,NA,2
DHHS_CMS,"CLAY, William Lacy, Jr.",2013-05-24,billing for medicare and medicaid for lab work.,1,2,NA,NA,NA,NA,2
DHS_HQ,"HOEVEN, John",2013-05-24,Write to express opposition to the proposal to conduct a study on implementing a fee on those coming into the U.S. at land crossings.,"NA","NA","NA","NA","NA","NA",2
DHS_HQ,"HOEVEN, John",2013-05-24,Write to express opposition to the proposal to conduct a study on implementing a fee on those coming into the U.S. at land crossings.,5,"NA","NA","NA","NA","NA",2
DHHS_CMS,"BONNER, Jr., Josiah Robins (Jo)",2013-06-03,"Writes on behalf of constituent, who is seeking any information on any grant opportunities for the Washington County Economic Development Initiative.",3,1,NA,NA,NA,NA,2
DHHS_CMS,"BONNER, Jr., Josiah Robins (Jo)",2013-06-03,"Writes on behalf of constituent, who is seeking any information on any grant opportunities for the Washington County Economic Development Initiative.",3,2,NA,NA,NA,NA,2
DOL_MSHA,"TIPTON, Scott",2013-06-04,Results of All Testing Done for PCBS on Electrical Equipment Under FOIA,5,NA,information,PCBS on Electrical Equipment,NA,NA,2
DOL_MSHA,"TIPTON, Scott",2013-06-04,Results of All Testing Done for PCBS on Electrical Equipment Under FOIA,NA,NA,NA,NA,NA,NA,2
DHHS_CMS,"ALEXANDER, Lamar",2013-06-06,[Oversight Letter] - They call attention to recent news report that California may be concealing the details of contracts awarded using federal dollars to establish and run its Affordable Care Act health insurance exchange.,5,NA,media,recent news report that California may be concealing the details of contracts awarded using federal dollars to establish and run its Affordable Care Act health insurance exchange,NA,NA,2
DHHS_CMS,"ALEXANDER, Lamar",2013-06-06,[Oversight Letter] - They call attention to recent news report that California may be concealing the details of contracts awarded using federal dollars to establish and run its Affordable Care Act health insurance exchange.,5,NA,media,recent news report that California may be concealing the details of contracts awarded using federal dollars to establish and run its Affordable Care Act health insurance exchange.,NA,NA,2
DHHS_CMS,"NELSON, Clarence William (Bill)",2013-06-06,CBIC Competitive Bidding Contract,2,4,NA,NA,NA,NA,2
DHHS_CMS,"NELSON, Clarence William (Bill)",2013-06-06,CBIC Competitive Bidding Contract,2,5,NA,NA,NA,NA,2
DHHS_CMS,"McCAIN, John Sidney, III",2013-06-07,New HCPCS Billing Code Describing The BiOM On The Fee Schedule.,5,NA,NA,NA,NA,NA,2
DHHS_CMS,"McCAIN, John Sidney, III",2013-06-07,New HCPCS Billing Code Describing The BiOM On The Fee Schedule.,5,4,NA,NA,NA,NA,2
DOL_MSHA,"PEARCE, Stevan",2013-06-13,OCIA,5,4,rule; legislation,Private Employers To Engage In Drug Testing,future,"did some research into this, Pearce began legislation for drug tests for unemployment benefits, ended in DOL rule under Trump",2
DOL_MSHA,"PEARCE, Stevan",2013-06-13,OCIA,NA,NA,NA,NA,NA,NA,2
DOL_MSHA,"GRIFFITH, H. Morgan",2013-06-17,DOL Proposed Rule Lowering Miners Exposure To Respirable Coal Mine Dust,5,NA,rule,Respirable Coal Mine Dust Rule,future,NA,2
DOL_MSHA,"GRIFFITH, H. Morgan",2013-06-17,DOL Proposed Rule Lowering Miners Exposure To Respirable Coal Mine Dust,NA,NA,NA,NA,NA,NA,2
DOL_OSHA,"PERRY, Scott",2013-06-17,York Area Labor Management Council U.S. House of Representatives Harwood Grant Application Letter of Support - York Area Labor Management Council,3,NA,NA,NA,NA,NA,2
DOL_OSHA,"PERRY, Scott",2013-06-17,York Area Labor Management Council U.S. House of Representatives Harwood Grant Application Letter of Support - York Area Labor Management Council,2,3,NA,NA,NA,NA,2
VA,"TOOMEY, Patrick Joseph",2013-06-19,status of claim,1,NA,NA,NA,NA,NA,2
VA,"TOOMEY, Patrick Joseph",2013-06-19,status of claim,NA,NA,NA,NA,NA,NA,2
DHHS_CMS,"CASEY, Robert (Bob), Jr.",2013-06-20,MEDICARE DEMPOS COMPETITIVE BIDDING DEMONSTRATION,2,4,NA,NA,NA,NA,2
DHHS_CMS,"CASEY, Robert (Bob), Jr.",2013-06-20,MEDICARE DEMPOS COMPETITIVE BIDDING DEMONSTRATION,5,2,NA,NA,NA,NA,2
DOL_MSHA,"KINGSTON, Jack",2013-07-02,MSHA Violations & Citations Complaint,2,NA,enforcement,NA,NA,NA,2
DOL_MSHA,"KINGSTON, Jack",2013-07-02,MSHA Violations & Citations Complaint,NA,NA,NA,NA,NA,NA,2
DHHS_CMS,"GOSAR, Paul",2013-07-09,Regarding La Paz Regional Hospital Being Awarded CAH Status.,2,3,NA,NA,NA,NA,2
DHHS_CMS,"GOSAR, Paul",2013-07-09,Regarding La Paz Regional Hospital Being Awarded CAH Status.,3,NA,NA,NA,NA,NA,2
DHHS_CMS,"FARENTHOLD, Blake",2013-07-16,Medicare Reduction for Dialysis Payments.,5,NA,NA,NA,NA,NA,2
DHHS_CMS,"FARENTHOLD, Blake",2013-07-16,Medicare Reduction for Dialysis Payments.,5,4,NA,NA,NA,NA,2
DHHS_CMS,"UPTON, Frederick Stephen",2013-07-17,"[OVERSIGHT LETTER] -- Pursuant to Rules X and XI of the United States House of Representatives, the Committee on Energy and Commerce is investigating the Secretary's decision to disregard the requirement under the patient protection and Affordable Care Act (PPACA) to verify income and health insurance status of individuals applying for federal subsidies to support enrollment under the law's health insurance exchanges.  In order to understand the status of PPACA implementation, and how, eligibility for exchanges will be verified, please provide information and documents no later than July 17, 2013.",5,NA,legislation; information,Patient Protection and Affordable Care Act,NA,NA,2
DHHS_CMS,"UPTON, Frederick Stephen",2013-07-17,"[OVERSIGHT LETTER] -- Pursuant to Rules X and XI of the United States House of Representatives, the Committee on Energy and Commerce is investigating the Secretary's decision to disregard the requirement under the patient protection and Affordable Care Act (PPACA) to verify income and health insurance status of individuals applying for federal subsidies to support enrollment under the law's health insurance exchanges.  In order to understand the status of PPACA implementation, and how, eligibility for exchanges will be verified, please provide information and documents no later than July 17, 2013.",5,NA,legislation,Patient Protection and Affordable Care Act,NA,NA,2
DOL_MSHA,"MURRAY, Patty",2013-07-19,Death on Job Site,2,1,NA,NA,NA,"could be about complying with reporting regulation, or a private issue",2
DOL_MSHA,"MURRAY, Patty",2013-07-19,Death on Job Site,NA,NA,NA,NA,NA,NA,2
DOL_MSHA,"BEGICH, Mark",2013-07-23,MSHA Complaint,2,1,NA,NA,NA,too ambiguous,2
DOL_MSHA,"BEGICH, Mark",2013-07-23,MSHA Complaint,NA,NA,NA,NA,NA,NA,2
DHHS_CMS,"REED, Thomas W. II",2013-07-26,Preliminary coding decision by CMS to dent a new level II Healthcare Common Procedure Coding System.,5,NA,decision,Preliminary coding decision by CMS to dent a new level II Healthcare Common Procedure Coding System.,NA,NA,2
DHHS_CMS,"REED, Thomas W. II",2013-07-26,Preliminary coding decision by CMS to dent a new level II Healthcare Common Procedure Coding System.,5,NA,NA,NA,NA,NA,2
DHHS_CMS,"RUNYAN, Jon",2013-07-26,Hospital Inpatient Prospective Payment Systems Proposed Rule,5,NA,rule,Hospital Inpatient Prospective Payment Systems Proposed Rule,NA,NA,2
DHHS_CMS,"RUNYAN, Jon",2013-07-26,Hospital Inpatient Prospective Payment Systems Proposed Rule,4,5,rule,Hospital Inpatient Prospective Payment Systems Proposed Rule,future,NA,2
DHHS_CMS,"CORNYN, John",2013-07-31,"Westbury Community Hospital In Houston, Texas Dispute With Centers For Medicare And Medicaid Services.",2,NA,NA,NA,NA,NA,2
DHHS_CMS,"CORNYN, John",2013-07-31,"Westbury Community Hospital In Houston, Texas Dispute With Centers For Medicare And Medicaid Services.",2,3,NA,NA,NA,NA,2
DOL_MSHA,"BARLETTA, Lou",2013-08-01,MSHA Employee ^m>roblems or^pproval of Leave,1,NA,NA,NA,NA,NA,2
DOL_MSHA,"BARLETTA, Lou",2013-08-01,MSHA Employee ^m>roblems or^pproval of Leave,NA,NA,NA,NA,NA,NA,2
DHHS_CMS,"COLLINS, Susan Margaret",2013-08-01,Request that CMS send a Representative to Attend a Series of Public Outreach Events from the Maine Bureau of Insurance re: Implementation of PPACA.,3,5,NA,NA,NA,NA,2
DHHS_CMS,"COLLINS, Susan Margaret",2013-08-01,Request that CMS send a Representative to Attend a Series of Public Outreach Events from the Maine Bureau of Insurance re: Implementation of PPACA.,3,NA,NA,NA,NA,NA,2
DHHS_CMS,"GOODLATTE, Robert William",2013-08-01,Seeks Assistance re: Medicare Home Health Services under Medicare Advantage Plan,1,2,NA,NA,NA,NA,2
DHHS_CMS,"GOODLATTE, Robert William",2013-08-01,Seeks Assistance re: Medicare Home Health Services under Medicare Advantage Plan,1,NA,NA,NA,NA,NA,2
DHHS_CMS,"SMITH, Lamar Seeligson",2013-08-01,FOIA request: Contract between CMS and MAXIMUS Federal Services.,1,5,NA,NA,NA,NA,2
DHHS_CMS,"SMITH, Lamar Seeligson",2013-08-01,FOIA request: Contract between CMS and MAXIMUS Federal Services.,1,NA,NA,NA,NA,NA,2
DHHS_CMS,"HARKIN, Thomas Richard (Tom)",2013-08-02,Tobacco cessation treatment coverage under the Affordable Care Act.,5,NA,legislation,Tobacco cessation treatment coverage under the Affordable Care Act.,NA,NA,2
DHHS_CMS,"HARKIN, Thomas Richard (Tom)",2013-08-02,Tobacco cessation treatment coverage under the Affordable Care Act.,1,5,legislation,Affordable Care Act,NA,NA,2
DHHS_CMS,"CASEY, Robert (Bob), Jr.",2013-08-06,"Requesting That Their MA# be Expedited Due to Shoprite Opening on August 1, 2013",1,2,NA,NA,NA,NA,2
DHHS_CMS,"CASEY, Robert (Bob), Jr.",2013-08-06,"Requesting That Their MA# be Expedited Due to Shoprite Opening on August 1, 2013",1,NA,NA,NA,NA,NA,2
DHHS_CMS,"ALEXANDER, Lamar",2013-08-12,(Grant Support) -- Writes to express support for the application submitted by Cherokee Health Systems (CHS) for a Center for Medicare and Medicaid Services Innovation Award grant.,2,3,NA,NA,NA,NA,2
DHHS_CMS,"ALEXANDER, Lamar",2013-08-12,(Grant Support) -- Writes to express support for the application submitted by Cherokee Health Systems (CHS) for a Center for Medicare and Medicaid Services Innovation Award grant.,3,NA,NA,NA,NA,NA,2
DHHS_CMS,"MIKULSKI, Barbara Ann",2013-08-12,Ltr co-addressed to NIH/Francis Collins to ask for continued support and expansion of the 'Entrepreneur-in-Residence' (EIR) program.,5,NA,NA,NA,NA,NA,2
DHHS_CMS,"MIKULSKI, Barbara Ann",2013-08-12,Ltr co-addressed to NIH/Francis Collins to ask for continued support and expansion of the 'Entrepreneur-in-Residence' (EIR) program.,5,2,NA,NA,NA,NA,2
DOL_MSHA,"BARTON, Joe Linus",2013-08-14,Harassment In The Workplace,1,NA,NA,NA,NA,NA,2
DOL_MSHA,"BARTON, Joe Linus",2013-08-14,Harassment In The Workplace,NA,NA,NA,NA,NA,NA,2
DHHS_CMS,"BILIRAKIS, Gus",2013-08-15,"On behalf of constituent, requesting a deadline waiver to submit application for CMS Healthcare Innovation Awards Round Two",2,3,NA,NA,NA,NA,2
DHHS_CMS,"BILIRAKIS, Gus",2013-08-15,"On behalf of constituent, requesting a deadline waiver to submit application for CMS Healthcare Innovation Awards Round Two",1,3,NA,NA,NA,NA,2
DHHS_CMS,"LOEBSACK, Dave",2013-08-19,Questions and Comments about the Accountable Care Organization / Beneficiary Declining to Share Personal Health Information,1,2,NA,NA,NA,NA,2
DHHS_CMS,"LOEBSACK, Dave",2013-08-19,Questions and Comments about the Accountable Care Organization / Beneficiary Declining to Share Personal Health Information,1,3,NA,NA,NA,NA,2
DHHS_CMS,"SHUSTER, William (Bill)",2013-08-20,Concerns Regarding the Implementation of the Affordable Care Act.,5,1,legislation,Affordable Care Act,NA,NA,2
DHHS_CMS,"SHUSTER, William (Bill)",2013-08-20,Concerns Regarding the Implementation of the Affordable Care Act.,5,1,legislation,NA,NA,NA,2
DOL_MSHA,"UDALL, Thomas (Tom)",2013-08-23,Oppose Funding Cuts for MSHA State Grants Program,5,NA,grant,NA,NA,NA,2
DOL_MSHA,"UDALL, Thomas (Tom)",2013-08-23,Oppose Funding Cuts for MSHA State Grants Program,NA,NA,NA,NA,NA,NA,2
DHHS_CMS,"CANTOR, Eric",2013-08-26,Writing on Behalf of a Doctor's Concerns With Meaningful Use Core Measures,2,4,NA,NA,NA,NA,2
DHHS_CMS,"CANTOR, Eric",2013-08-26,Writing on Behalf of a Doctor's Concerns With Meaningful Use Core Measures,2,1,NA,NA,NA,NA,2
DHHS_CMS,"ANDREWS, Robert Ernest",2013-08-29,Proposed Rule on the End-Stage Renal Disease,5,NA,rule,Proposed Rule on the End-Stage Renal Disease,future,NA,2
DHHS_CMS,"ANDREWS, Robert Ernest",2013-08-29,Proposed Rule on the End-Stage Renal Disease,4,5,rule,Proposed Rule on the End-Stage Renal Disease,future,NA,2
DHHS_CMS,"GRASSLEY, Charles Ernest",2013-09-04,End Stage Renal Disease Prospective Payment System for FY 2014,5,NA,NA,NA,NA,NA,2
DHHS_CMS,"GRASSLEY, Charles Ernest",2013-09-04,End Stage Renal Disease Prospective Payment System for FY 2014,4,5,rule,End Stage Renal Disease Prospective Payment System for FY 2014,future,NA,2
DHHS_CMS,"GRIFFIN, Tim",2013-09-04,Concerns About Availability Of Medicare Services For U.S. Citizens Permanently Living Or Retired Abroad.,5,1,NA,NA,NA,NA,2
DHHS_CMS,"GRIFFIN, Tim",2013-09-04,Concerns About Availability Of Medicare Services For U.S. Citizens Permanently Living Or Retired Abroad.,5,NA,NA,NA,NA,NA,2
DOL_MSHA,"ROCKEFELLER, John Davison IV (Jay)",2013-09-06,Concerns Regarding the Use of Dust Scrubbers On Continuous Miners,5,NA,NA,Use of Dust Scrubbers On Continuous Miners,NA,might be related to 331,2
DOL_MSHA,"ROCKEFELLER, John Davison IV (Jay)",2013-09-06,Concerns Regarding the Use of Dust Scrubbers On Continuous Miners,NA,NA,NA,NA,NA,NA,2
DHHS_CMS,"ROCKEFELLER, John Davison IV (Jay)",2013-09-10,Expresses concern and requests assistance in rectifyiing situation with one of West Virginia's Navigator Grants program.,3,NA,NA,NA,NA,NA,2
DHHS_CMS,"ROCKEFELLER, John Davison IV (Jay)",2013-09-10,Expresses concern and requests assistance in rectifyiing situation with one of West Virginia's Navigator Grants program.,3,2,NA,NA,NA,NA,2
DHHS_CMS,"SCHNEIDER, Brad",2013-09-17,Problems Receiveing Marketplace ID After Taking The Test.,1,NA,NA,NA,NA,NA,2
DHHS_CMS,"SCHNEIDER, Brad",2013-09-17,Problems Receiveing Marketplace ID After Taking The Test.,2,NA,NA,NA,NA,NA,2
DHHS_CMS,"McDERMOTT, James A.",2013-09-18,Two Proposals Within CMS-1601-P.,5,NA,rule,Two Proposals Within CMS-1601-P.,NA,NA,2
DHHS_CMS,"McDERMOTT, James A.",2013-09-18,Two Proposals Within CMS-1601-P.,5,NA,rule,CMS-1601-P,NA,NA,2
DOL_MSHA,"BUCSHON, Larry",2013-09-24,DOL Proposed Rule Lowering Miners' Exposure To Respirable Coal Mine Dust,5,NA,rule,Respirable Coal Mine Dust Rule,future,NA,2
DOL_MSHA,"BUCSHON, Larry",2013-09-24,DOL Proposed Rule Lowering Miners' Exposure To Respirable Coal Mine Dust,NA,NA,NA,NA,NA,NA,2
DHHS_CMS,"McCONNELL, Addison Mitchell (Mitch)",2013-09-25,2014 Home Health Prospective Payment System Proposed Rule.,5,NA,rule,2014 Home Health Prospective Payment System Proposed Rule.,NA,NA,2
DHHS_CMS,"McCONNELL, Addison Mitchell (Mitch)",2013-09-25,2014 Home Health Prospective Payment System Proposed Rule.,5,NA,rule,2014 Home Health Prospective Payment System Proposed Rule.,future,NA,2
DOL_MSHA,"ROGERS, Harold Dallas (Hal)",2013-10-17,Grant Two Waivers In Addition To National Emergency Grant Funding (NEG),3,NA,grant,Eastern Kentucky Concentrated Employment Prgm. (EKCEP); Two Waivers In Addition To National Emergency Grant Funding (NEG),NA,nonprofit and federally funded,2
DOL_MSHA,"ROGERS, Harold Dallas (Hal)",2013-10-17,Grant Two Waivers In Addition To National Emergency Grant Funding (NEG),NA,NA,NA,NA,NA,NA,2
DHHS_CMS,"McCONNELL, Addison Mitchell (Mitch)",2013-10-18,Concerns Regarding the 2014 Home Health Prospective Payment System Proposed Rule's Implementation of Home Health Payment Rebasing.,5,NA,rule,2014 Home Health Prospective Payment System Proposed Rule's Implementation of Home Health Payment Rebasing,future,NA,2
DHHS_CMS,"McCONNELL, Addison Mitchell (Mitch)",2013-10-18,Concerns Regarding the 2014 Home Health Prospective Payment System Proposed Rule's Implementation of Home Health Payment Rebasing.,5,NA,rule,Concerns Regarding the 2014 Home Health Prospective Payment System Proposed Rule's Implementation of Home Health Payment Rebasing.,NA,NA,2
DHHS_CMS,"BROOKS, Mo",2013-10-21,Suspension of Medicare Payment Delayed,1,NA,NA,NA,NA,NA,2
DHHS_CMS,"BROOKS, Mo",2013-10-21,Suspension of Medicare Payment Delayed,1,2,NA,NA,NA,NA,2
DHHS_CMS,"SHERMAN, Brad",2013-10-23,Writing on Behalf of a Constituent's Denied Medicare Payment,1,NA,NA,NA,NA,NA,2
DHHS_CMS,"SHERMAN, Brad",2013-10-23,Writing on Behalf of a Constituent's Denied Medicare Payment,1,2,NA,NA,NA,NA,2
DHHS_CMS,"FRANKEN, Al",2013-10-29,Strongly Supported Provisions In The Affordable Care Act (ACA) Aimed For Medicare Beneficiaries.,5,NA,legislation,Affordable Care Act (ACA),NA,NA,2
DHHS_CMS,"FRANKEN, Al",2013-10-29,Strongly Supported Provisions In The Affordable Care Act (ACA) Aimed For Medicare Beneficiaries.,5,NA,legislation,Affordable Care Act,NA,NA,2
DHHS_CMS,"SWALWELL, Eric",2013-10-31,"FY2014 Medicare Inpatient Prospective Payment System (IPPS) Final Rule - Anticipated CMS Guidance on ""Two Midnights"".",5,NA,rule,"FY2014 Medicare Inpatient Prospective Payment System (IPPS) Final Rule - Anticipated CMS Guidance on ""Two Midnights"".",NA,NA,2
DHHS_CMS,"SWALWELL, Eric",2013-10-31,"FY2014 Medicare Inpatient Prospective Payment System (IPPS) Final Rule - Anticipated CMS Guidance on ""Two Midnights"".",4,5,rule,"FY2014 Medicare Inpatient Prospective Payment System (IPPS) Final Rule - Anticipated CMS Guidance on ""Two Midnights"".",future,NA,2
DHHS_CMS,"KLOBUCHAR, Amy",2013-11-05,MNSure is an example of how consumers will enjoy greater choice and value as a result of the ACA.,5,3,NA,NA,NA,NA,2
DHHS_CMS,"KLOBUCHAR, Amy",2013-11-05,MNSure is an example of how consumers will enjoy greater choice and value as a result of the ACA.,3,5,NA,NA,NA,NA,2
DOL_MSHA,"LIPINSKI, Daniel",2013-11-06,(bi(6;^,2,1,NA,NA,NA,no subject,2
DOL_MSHA,"LIPINSKI, Daniel",2013-11-06,(bi(6;^,NA,NA,NA,NA,NA,NA,2
DHHS_CMS,"ANDREWS, Robert Ernest",2013-11-08,Asking CMS Exempt Food Served at Events Connected to Continuing Medical Education (CME) From the Reporting Requirements in CMS Final Rule on Transpency Reports & Reporting,5,NA,rule,Asking CMS Exempt Food Served at Events Connected to Continuing Medical Education (CME) From the Reporting Requirements in CMS Final Rule on Transpency Reports & Reporting,NA,NA,2
DHHS_CMS,"ANDREWS, Robert Ernest",2013-11-08,Asking CMS Exempt Food Served at Events Connected to Continuing Medical Education (CME) From the Reporting Requirements in CMS Final Rule on Transpency Reports & Reporting,4,5,rule,Asking CMS Exempt Food Served at Events Connected to Continuing Medical Education (CME) From the Reporting Requirements in CMS Final Rule on Transpency Reports & Reporting,future,NA,2
DHHS_CMS,"MANCHIN, Joe, III",2013-11-13,Health Care Innovation Awards HCIA Grant Program.,5,4,NA,NA,NA,NA,2
DHHS_CMS,"MANCHIN, Joe, III",2013-11-13,Health Care Innovation Awards HCIA Grant Program.,5,3,NA,NA,NA,NA,2
DHHS_CMS,"PRICE, David Eugene",2013-11-13,Regarding Denial Authorization for Durable Medical Equipment,1,2,NA,NA,NA,NA,2
DHHS_CMS,"PRICE, David Eugene",2013-11-13,Regarding Denial Authorization for Durable Medical Equipment,2,1,NA,NA,NA,NA,2
DHHS_CMS,"VARGAS, Juan",2013-11-13,Medicare Hospital Outpatient Prospective Payment System Rule (IPPS). Final Anticipated.CMS Guidance on Two Midnight,5,NA,rule,Medicare Hospital Outpatient Prospective Payment System Rule (IPPS). Final Anticipated.CMS Guidance on Two Midnight,NA,NA,2
DHHS_CMS,"VARGAS, Juan",2013-11-13,Medicare Hospital Outpatient Prospective Payment System Rule (IPPS). Final Anticipated.CMS Guidance on Two Midnight,4,5,rule,Medicare Hospital Outpatient Prospective Payment System Rule (IPPS). Final Anticipated.CMS Guidance on Two Midnight,future,NA,2
DHHS_CMS,"WARNER, Mark",2013-11-13,ACA--Not Giveing a Single Affordable Chance to Replace It,1,5,NA,NA,NA,NA,2
DHHS_CMS,"WARNER, Mark",2013-11-13,ACA--Not Giveing a Single Affordable Chance to Replace It,1,NA,NA,NA,NA,NA,2
DOL_MSHA,"BARTON, Joe Linus",2013-11-15,Complaint of Harassment in the Workplace,1,NA,NA,NA,NA,NA,2
DOL_MSHA,"BARTON, Joe Linus",2013-11-15,Complaint of Harassment in the Workplace,NA,NA,NA,NA,NA,NA,2
DOL_MSHA,"RAHALL, Nick Joe, II",2013-11-15,(b)(6),2,1,NA,NA,NA,no subject,2
DOL_MSHA,"RAHALL, Nick Joe, II",2013-11-15,(b)(6),NA,NA,NA,NA,NA,NA,2
DHHS_CMS,"HATCH, Orrin Grant",2013-11-19,"[Oversight Letter] -- Writes seeking information about the various types of testing which were utilized to ensure that the healthcare.gov website and underlying system (hereinafter collectively referred to as 'website') met all Federal privacy and security standards before going live on October 1, 2013.",5,NA,information,"information about the various types of testing which were utilized to ensure that the healthcare.gov website and underlying system (hereinafter collectively referred to as 'website') met all Federal privacy and security standards before going live on October 1, 2013.",NA,NA,2
DHHS_CMS,"HATCH, Orrin Grant",2013-11-19,"[Oversight Letter] -- Writes seeking information about the various types of testing which were utilized to ensure that the healthcare.gov website and underlying system (hereinafter collectively referred to as 'website') met all Federal privacy and security standards before going live on October 1, 2013.",5,NA,information,"information about the various types of testing which were utilized to ensure that the healthcare.gov website and underlying system (hereinafter collectively referred to as 'website') met all Federal privacy and security standards before going live on October 1, 2013",NA,NA,2
DHS_HQ,"COBURN, Thomas Allen",2013-11-21,Write regarding concerns with OIG recommendations that have not been implemented.,"NA","NA","NA","NA","NA","NA",2
DHS_HQ,"COBURN, Thomas Allen",2013-11-21,Write regarding concerns with OIG recommendations that have not been implemented.,5,"NA","NA","NA","NA","NA",2
DHHS_CMS,"GRASSLEY, Charles Ernest",2013-11-21,Proposed 2014 Hospital Outpatient Proposed Payment System - HOPPS,5,NA,NA,NA,NA,NA,2
DHHS_CMS,"GRASSLEY, Charles Ernest",2013-11-21,Proposed 2014 Hospital Outpatient Proposed Payment System - HOPPS,4,5,rule,Proposed 2014 Hospital Outpatient Proposed Payment System - HOPPS,future,NA,2
DHHS_CMS,"HELLER, Dean",2013-11-25,Concerns Regarding Privacy Concerns with HealthCare.gov.,5,1,NA,NA,NA,NA,2
DHHS_CMS,"HELLER, Dean",2013-11-25,Concerns Regarding Privacy Concerns with HealthCare.gov.,5,NA,NA,NA,NA,NA,2
DHHS_CMS,"KIRK, Mark Steven",2013-11-25,Concerns Regarding Medicare Coverage for Nursing Skilled Cares,1,NA,NA,NA,NA,NA,2
DHHS_CMS,"KIRK, Mark Steven",2013-11-25,Concerns Regarding Medicare Coverage for Nursing Skilled Cares,1,4,NA,NA,NA,NA,2
DOL_MSHA,"ROGERS, Harold Dallas (Hal)",2013-11-25,Request Updated Information About Operations 8> Practices In MSHA Districts 6 & 7,5,4,information,Operations 8> Practices In MSHA Districts 6 & 7,NA,"unsure if operations like industry or operations in terms of districts; in state, could be a 3",2
DOL_MSHA,"ROGERS, Harold Dallas (Hal)",2013-11-25,Request Updated Information About Operations 8> Practices In MSHA Districts 6 & 7,NA,NA,NA,NA,NA,NA,2
VA,"WARNER, Mark",2013-11-25,independent practice,1,NA,NA,NA,NA,NA,2
VA,"WARNER, Mark",2013-11-25,independent practice,NA,NA,NA,NA,NA,NA,2
DHHS_CMS,"CARPER, Thomas Richard",2013-11-27,Medicare Payment Rule For Hospital Outpatient Services To Bundle Payments For The Treatment Of Wound CArd.,5,NA,rule,Medicare Payment Rule For Hospital Outpatient Services To Bundle Payments For The Treatment Of Wound CArd.,NA,NA,2
DHHS_CMS,"CARPER, Thomas Richard",2013-11-27,Medicare Payment Rule For Hospital Outpatient Services To Bundle Payments For The Treatment Of Wound CArd.,4,5,rule,Medicare Payment Rule For Hospital Outpatient Services To Bundle Payments For The Treatment Of Wound CArd.,NA,NA,2
DOL_MSHA,"RAHALL, Nick Joe, II",2013-12-03,Funding To Support Mine Safety Skills Training Programs For Underground Miners,5,NA,earmark,"see 381, 266",NA,NA,2
DOL_MSHA,"RAHALL, Nick Joe, II",2013-12-03,Funding To Support Mine Safety Skills Training Programs For Underground Miners,NA,NA,NA,NA,NA,NA,2
DOL_MSHA,"RAHALL, Nick Joe, II",2013-12-05,Requests Assistance To Be Reinstated Back To Job,1,NA,NA,NA,NA,NA,2
DOL_MSHA,"RAHALL, Nick Joe, II",2013-12-05,Requests Assistance To Be Reinstated Back To Job,NA,NA,NA,NA,NA,NA,2
DHHS_CMS,"JOHNSON, Bill",2013-12-18,On behalf of constituents in Eastern and Southeastern Ohio who have serious concerns that the defective healthcare.gov marketplace is impeding the ability of health insurance agents and brokers to assist and provide services to their clients.,1,4,NA,NA,NA,NA,2
DHHS_CMS,"JOHNSON, Bill",2013-12-18,On behalf of constituents in Eastern and Southeastern Ohio who have serious concerns that the defective healthcare.gov marketplace is impeding the ability of health insurance agents and brokers to assist and provide services to their clients.,4,1,NA,NA,NA,NA,2
DHHS_CMS,"SLAUGHTER, Louise McIntosh",2013-12-19,CMMI Innovation Award Letters Round II,0,NA,NA,NA,NA,NA,2
DHHS_CMS,"SLAUGHTER, Louise McIntosh",2013-12-19,CMMI Innovation Award Letters Round II,5,3,NA,NA,NA,NA,2
DOL_MSHA,"GRAVES, Samuel",2013-12-20,Occupational Exposure to Respirable Crystalline Silica,5,NA,rule,Docket No. OSHA-2010- 0034,future,see 331,2
DOL_MSHA,"GRAVES, Samuel",2013-12-20,Occupational Exposure to Respirable Crystalline Silica,NA,NA,NA,NA,NA,NA,2
DOL_MSHA,"RISCH, James",2013-12-20,Occupational Exposure to Respirable Crystalline Silica,5,NA,rule,Docket No. OSHA-2010- 0034,future,see 331,2
DOL_MSHA,"RISCH, James",2013-12-20,Occupational Exposure to Respirable Crystalline Silica,NA,NA,NA,NA,NA,NA,2
DHHS_CMS,"COLLINS, Susan Margaret",2013-12-23,Re:  Report of the Treasury Inspector General for Tax Administration on ACA Premium Tax Credit Fraud,5,NA,information,Report of the Treasury Inspector General for Tax Administration on ACA Premium Tax Credit Fraud,NA,NA,2
DHHS_CMS,"COLLINS, Susan Margaret",2013-12-23,Re:  Report of the Treasury Inspector General for Tax Administration on ACA Premium Tax Credit Fraud,5,NA,information,report of the Treasury Inspector General for Tax Administration on ACA Premium Tax Credit Fraud,NA,NA,2
DHHS_CMS,"FRANKEN, Al",2013-12-30,"Thanks the Secretary for her efforts to provide comprehensive, affordable health coverage for all Americans through the implementation of the Affordable Care Act.  As the Secretary's continue to implement the Affordable Care Act, hope that she will work with the state of Minnesota to make sure that this additional flexibility functions as it is intended in the context of Minnesota's unique health insurance market.",6,5,legislation,Affordable Care Act,NA,NA,2
DHHS_CMS,"FRANKEN, Al",2013-12-30,"Thanks the Secretary for her efforts to provide comprehensive, affordable health coverage for all Americans through the implementation of the Affordable Care Act.  As the Secretary's continue to implement the Affordable Care Act, hope that she will work with the state of Minnesota to make sure that this additional flexibility functions as it is intended in the context of Minnesota's unique health insurance market.",5,6,legislation,Affordable Care Act,NA,NA,2
DHHS_CMS,"GRAVES, Tom",2013-12-30,Competitive Bidding,4,2,NA,NA,NA,NA,2
DHHS_CMS,"GRAVES, Tom",2013-12-30,Competitive Bidding,4,5,NA,NA,NA,NA,2
DHHS_CMS,"TOOMEY, Patrick Joseph",2013-12-30,Request Additional Clarification as to Why His Appeal to CMS EHR Ruling was Denial,1,2,NA,NA,NA,NA,2
DHHS_CMS,"TOOMEY, Patrick Joseph",2013-12-30,Request Additional Clarification as to Why His Appeal to CMS EHR Ruling was Denial,2,1,NA,NA,NA,NA,2
DHHS_CMS,"BLUMENTHAL, Richard",2014-01-01,Concerns Regarding the Current CY 2014 Reimbursement Rates.,5,NA,NA,NA,NA,NA,2
DHHS_CMS,"BLUMENTHAL, Richard",2014-01-01,Concerns Regarding the Current CY 2014 Reimbursement Rates.,4,5,NA,NA,NA,NA,2
DHHS_CMS,"GRASSLEY, Charles Ernest",2014-01-01,(50 State Medicaid Termination Policies),5,NA,NA,NA,NA,NA,2
DHHS_CMS,"GRASSLEY, Charles Ernest",2014-01-01,50 State Medicaid Termination Policies),5,NA,NA,NA,NA,NA,2
DHHS_CMS,"GRASSLEY, Charles Ernest",2014-01-01,"When our Government allows Doctors who have been Criminally Convicted and Terminated under State Medicaid Programs to Provide Srvices under Medicare, it Exposes the Elderly",0,NA,NA,NA,NA,NA,2
DHHS_CMS,"GRASSLEY, Charles Ernest",2014-01-01,"When our Government allows Doctors who have been Criminally Convicted and Terminated under State Medicaid Programs to Provide Srvices under Medicare, it Exposes the Elderly",5,NA,NA,NA,NA,NA,2
DHHS_CMS,"GRASSLEY, Charles Ernest",2014-01-01,50 State Medicaid Termination Policies),0,NA,NA,NA,NA,NA,2
DHHS_CMS,"GRASSLEY, Charles Ernest",2014-01-01,(50 State Medicaid Termination Policies),0,NA,NA,NA,NA,NA,2
DHHS_CMS,"ISRAEL, Steve",2014-01-01,Concerns Regarding Medicare Physican Fee for 2014,5,NA,NA,NA,NA,NA,2
DHHS_CMS,"ISRAEL, Steve",2014-01-01,Concerns Regarding Medicare Physican Fee for 2014,4,5,NA,NA,NA,NA,2
DHHS_CMS,"MAFFEI, Daniel B.",2014-01-01,Centers for Medicare and Medicaid (CMS) Composite Distinct Status Cayyga County Nursing Home and Mercy Health and Rebabilitation Center Nursing Home Company,2,3,NA,NA,NA,NA,2
DHHS_CMS,"MAFFEI, Daniel B.",2014-01-01,Centers for Medicare and Medicaid (CMS) Composite Distinct Status Cayyga County Nursing Home and Mercy Health and Rebabilitation Center Nursing Home Company,3,2,NA,NA,NA,NA,2
DHHS_CMS,"MURPHY, Patrick",2014-01-01,Concerns Regarding Password has been Rejected.,1,NA,NA,NA,NA,NA,2
DHHS_CMS,"MURPHY, Patrick",2014-01-01,Concerns Regarding Password has been Rejected.,1,2,NA,NA,NA,NA,2
DHHS_CMS,"GRIFFITH, H. Morgan",2014-01-02,Issues with the Health Care Website.,1,NA,NA,NA,NA,NA,2
DHHS_CMS,"GRIFFITH, H. Morgan",2014-01-02,Issues with the Health Care Website.,1,5,NA,NA,NA,NA,2
DHHS_CMS,"SINEMA, Kyrsten",2014-01-02,Writes to express concern with a current proposal in the Department's Fiscal Year 2014 Budget that would cut Medicare payments on behalf of seniors who are unable to meet their cost-sharing obligations to hospitals.,5,NA,budget allocation,proposal in the Department's Fiscal Year 2014 Budget that would cut Medicare payments on behalf of seniors who are unable to meet their cost-sharing obligations to hospitals,future,NA,2
DHHS_CMS,"SINEMA, Kyrsten",2014-01-02,Writes to express concern with a current proposal in the Department's Fiscal Year 2014 Budget that would cut Medicare payments on behalf of seniors who are unable to meet their cost-sharing obligations to hospitals.,5,NA,budget allocation,current proposal in the Department's Fiscal Year 2014 Budget that would cut Medicare payments on behalf of seniors who are unable to meet their cost-sharing obligations to hospitals,future,NA,2
DHHS_CMS,"ESHOO, Anna Georges",2014-01-07,Pervenio Lung Cancer Assay,1,2,NA,NA,NA,NA,2
DHHS_CMS,"ESHOO, Anna Georges",2014-01-07,Pervenio Lung Cancer Assay,0,NA,NA,NA,NA,NA,2
DHHS_CMS,"KUSTER, Ann McLane",2014-01-09,Concerns About the Availibility of Coverage Without Cost-Sharing.,5,NA,NA,NA,NA,NA,2
DHHS_CMS,"KUSTER, Ann McLane",2014-01-09,Concerns About the Availibility of Coverage Without Cost-Sharing.,1,NA,NA,NA,NA,NA,2
DOL_MSHA,"KING, Angus Stanley, Jr.",2014-01-14,Fines The Mine & Safety Health Administration Enforced Against The Company,2,NA,enforcement,NA,NA,NA,2
DOL_MSHA,"KING, Angus Stanley, Jr.",2014-01-14,Fines The Mine & Safety Health Administration Enforced Against The Company,NA,NA,NA,NA,NA,NA,2
DHHS_CMS,"TURNER, Michael R.",2014-01-15,Medicare's Policy on Prescription Drug Coverage,5,1,NA,NA,NA,NA,2
DHHS_CMS,"TURNER, Michael R.",2014-01-15,Medicare's Policy on Prescription Drug Coverage,1,NA,NA,NA,NA,NA,2
DHHS_CMS,"CORKER, Robert (Bob)",2014-01-17,Medicare Electronic Health Records (EHR) Incentive Program,2,5,NA,NA,NA,NA,2
DHHS_CMS,"CORKER, Robert (Bob)",2014-01-17,Medicare Electronic Health Records (EHR) Incentive Program,4,5,NA,NA,NA,NA,2
DHHS_CMS,"UPTON, Frederick Stephen",2014-01-17,Re: 2013 Physician Quality Reporting System (PQRS) Incentive,2,5,NA,NA,NA,NA,2
DHHS_CMS,"UPTON, Frederick Stephen",2014-01-17,Re: 2013 Physician Quality Reporting System (PQRS) Incentive,2,4,NA,NA,NA,NA,2
DHHS_CMS,"SANFORD, Mark",2014-01-21,Supplemental Medicare (Medigap) Policy.,5,NA,NA,NA,NA,NA,2
DHHS_CMS,"SANFORD, Mark",2014-01-21,Supplemental Medicare (Medigap) Policy.,1,NA,NA,NA,NA,NA,2
DHHS_CMS,"ROYCE, Edward Randall",2014-01-24,Deeply troubled by recent reports that dozens of Russian diplomats and their dependents apparently engaged in systemic medicaid fraud while in the United States. Requests further information about matter.,5,NA,NA,NA,NA,NA,2
DHHS_CMS,"ROYCE, Edward Randall",2014-01-24,Deeply troubled by recent reports that dozens of Russian diplomats and their dependents apparently engaged in systemic medicaid fraud while in the United States. Requests further information about matter.,5,NA,information,recent reports that dozens of Russian diplomats and their dependents apparently engaged in systemic medicaid fraud while in the United States,NA,NA,2
DHHS_CMS,"CROWLEY, Joseph",2014-01-27,Concerns Regarding Significant Changes for Long Term Care,1,5,NA,NA,NA,NA,2
DHHS_CMS,"CROWLEY, Joseph",2014-01-27,Concerns Regarding Significant Changes for Long Term Care,5,1,NA,NA,NA,NA,2
DHHS_CMS,"GRAYSON, Alan",2014-01-27,Regarding Delay in Processing of Medicare Claims.,1,NA,NA,NA,NA,NA,2
DHHS_CMS,"GRAYSON, Alan",2014-01-27,Regarding Delay in Processing of Medicare Claims.,1,2,NA,NA,NA,NA,2
DHHS_CMS,"KILDEE, Dan",2014-01-27,Concerns Regarding Medicare Enrollment,1,NA,NA,NA,NA,NA,2
DHHS_CMS,"KILDEE, Dan",2014-01-27,Concerns Regarding Medicare Enrollment,1,2,NA,NA,NA,NA,2
DHHS_CMS,"LANKFORD, James",2014-01-27,Medicare DSH,5,NA,NA,NA,NA,NA,2
DHHS_CMS,"LANKFORD, James",2014-01-27,Medicare DSH,5,3,NA,NA,NA,NA,2
DHHS_CMS,"SESSIONS, Jefferson Beauregard III (Jeff)",2014-01-27,Concerns Regarding Physician Payments,1,2,NA,NA,NA,NA,2
DHHS_CMS,"SESSIONS, Jefferson Beauregard III (Jeff)",2014-01-27,Concerns Regarding Physician Payment,1,2,NA,NA,NA,NA,2
DHHS_CMS,"SESSIONS, Jefferson Beauregard III (Jeff)",2014-01-27,Concerns Regarding Home Health Aide Coverage,1,NA,NA,NA,NA,NA,2
DHHS_CMS,"SESSIONS, Jefferson Beauregard III (Jeff)",2014-01-27,Concerns Regarding Home Health Aide Coverage,1,2,NA,NA,NA,NA,2
DHHS_CMS,"SESSIONS, Jefferson Beauregard III (Jeff)",2014-01-27,Concerns Regarding Physician Payment,2,1,NA,NA,NA,NA,2
DHHS_CMS,"SESSIONS, Jefferson Beauregard III (Jeff)",2014-01-27,Concerns Regarding Physician Payments,2,1,NA,NA,NA,NA,2
DHHS_CMS,"VITTER, David",2014-01-27,Write In Regarding CY2014 Final Rules for Physician,5,4,rule,CY2014 Final Rules for Physician,NA,NA,2
DHHS_CMS,"VITTER, David",2014-01-27,Write In Regarding CY2014 Final Rules for Physician,4,5,rule,CY2014 Final Rules for Physician,NA,NA,2
DHHS_CMS,"McCONNELL, Addison Mitchell (Mitch)",2014-01-28,(x Ref. 112020134092): Follow up letter re: Issues with Medicare Claims.,1,NA,NA,NA,NA,NA,2
DHHS_CMS,"McCONNELL, Addison Mitchell (Mitch)",2014-01-28,(x Ref. 112020134092): Follow up letter re: Issues with Medicare Claims.,1,2,NA,NA,NA,NA,2
DHHS_CMS,"GARCIA, Joe",2014-01-29,"Concerns Regarding Enrollment,",1,NA,NA,NA,NA,NA,2
DHHS_CMS,"GARCIA, Joe",2014-01-29,"Concerns Regarding Enrollment,",1,2,NA,NA,NA,NA,2
DHHS_CMS,"GARRETT, Scott",2014-01-29,Reimbursement For Doctor Service.,1,2,NA,NA,NA,NA,2
DHHS_CMS,"GARRETT, Scott",2014-01-29,Reimbursement For Doctor Service.,1,NA,NA,NA,NA,NA,2
DHHS_CMS,"SESSIONS, Jefferson Beauregard III (Jeff)",2014-01-29,Concerns Regarding Medicaid Home and Community Base Services Programs,1,5,NA,NA,NA,NA,2
DHHS_CMS,"SESSIONS, Jefferson Beauregard III (Jeff)",2014-01-29,Concerns Regarding Medicaid Home and Community Base Services Programs,1,NA,NA,NA,NA,NA,2
DHHS_CMS,"SHAHEEN, Jeanne",2014-02-04,Letter to Senator Shaheen on Network Adequacy,5,1,NA,NA,NA,NA,2
DHHS_CMS,"SHAHEEN, Jeanne",2014-02-04,Letter to Senator Shaheen on Network Adequacy,1,5,NA,NA,NA,NA,2
DHHS_CMS,"BAUCUS, Max Sieben",2014-02-05,CONG DEL 2:Concerns re: Medicare's Conditions for Participation & its conditions of payment for Critical Access Hospitals (CAHs)/Clarify the Guidance issued on the CAH 96 Hour Rule,4,5,rule,Guidance issued on the CAH 96 Hour Rule,NA,NA,2
DHHS_CMS,"BAUCUS, Max Sieben",2014-02-05,CONG DEL 2:Concerns re: Medicare's Conditions for Participation & its conditions of payment for Critical Access Hospitals (CAHs)/Clarify the Guidance issued on the CAH 96 Hour Rule,4,5,rule,Medicare's Conditions for Participation & its conditions of payment for Critical Access Hospitals (CAHs)/Clarify the Guidance issued on the CAH 96 Hour Rule,NA,NA,2
DHHS_CMS,"CANTOR, Eric",2014-02-06,Concerns Regarding Medicare Enrollment,1,NA,NA,NA,NA,NA,2
DHHS_CMS,"CANTOR, Eric",2014-02-06,Concerns Regarding Medicare Enrollment,1,2,NA,NA,NA,NA,2
DHHS_CMS,"DOGGETT, Lloyd Alton, II",2014-02-06,(Ref. 103020134074): Status of Enrollment in the Federally Facilitated Marketplace in Texas / Six Inquiries including Specific October 29 Q's with no response,5,1,NA,NA,NA,NA,2
DHHS_CMS,"DOGGETT, Lloyd Alton, II",2014-02-06,(Ref. 103020134074): Status of Enrollment in the Federally Facilitated Marketplace in Texas / Six Inquiries including Specific October 29 Q's with no response,5,NA,NA,NA,NA,NA,2
DHHS_CMS,"JEFFRIES, Hakeem",2014-02-07,RE: New York's 1115 Medicaid Wavier.,5,3,NA,NA,NA,NA,2
DHHS_CMS,"JEFFRIES, Hakeem",2014-02-07,RE: New York's 1115 Medicaid Wavier.,3,5,NA,NA,NA,NA,2
DOL_MSHA,"ROCKEFELLER, John Davison IV (Jay)",2014-02-07,DOL MSHA Awarded Five-Year Contract for Action Facilities Management (AFM),2,NA,decision; contract,Action Facilities Management (AFM),NA,NA,2
DOL_MSHA,"ROCKEFELLER, John Davison IV (Jay)",2014-02-07,DOL MSHA Awarded Five-Year Contract for Action Facilities Management (AFM),NA,NA,NA,NA,NA,NA,2
DHHS_CMS,"MANCHIN, Joe, III",2014-02-10,Concerns Regarding Reimbursement for Rendered Services,2,1,NA,NA,NA,NA,2
DHHS_CMS,"MANCHIN, Joe, III",2014-02-10,Concerns Regarding Reimbursement for Rendered Services,2,3,NA,NA,NA,NA,2
DHHS_CMS,"REED, John F. (Jack)",2014-02-10,CMS proposed rule to make certain changes to the Medicare Part D drug benefit program.,1,5,rule,CMS proposed rule to make certain changes to the Medicare Part D drug benefit program.,NA,NA,2
DHHS_CMS,"REED, John F. (Jack)",2014-02-10,CMS proposed rule to make certain changes to the Medicare Part D drug benefit program.,5,NA,rule,CMS proposed rule to make certain changes to the Medicare Part D drug benefit program.,future,NA,2
DHS_HQ,"CASEY, Robert (Bob), Jr.",2014-02-11,Writes regarding the relocation of the chemical 4.Methylcyclohexanemethanol (MCHM) from West Virginia to Pennsylvania.,5,"NA","NA","NA","NA","NA",2
DHS_HQ,"CASEY, Robert (Bob), Jr.",2014-02-11,Writes regarding the relocation of the chemical 4.Methylcyclohexanemethanol (MCHM) from West Virginia to Pennsylvania.,"NA","NA","NA","NA","NA","NA",2
DHHS_CMS,"ROGERS, Mike",2014-02-11,Concerns Regarding Medicare Part D with Preferred Network .,1,NA,NA,NA,NA,NA,2
DHHS_CMS,"ROGERS, Mike",2014-02-11,Concerns Regarding Medicare Part D with Preferred Network .,5,1,NA,NA,NA,NA,2
DHHS_CMS,"ROGERS, Mike Dennis",2014-02-11,Concerns Regarding Medicare Part D with Preferred Network .,1,NA,NA,NA,NA,NA,2
DHHS_CMS,"ROGERS, Mike Dennis",2014-02-11,Concerns Regarding Medicare Part D with Preferred Network .,5,1,NA,NA,NA,NA,2
DHHS_CMS,"COLLINS, Susan Margaret",2014-02-14,Request Clarification of the Medicare Policy to Payment for Diabetes Test Strips and Supplies for Gestational Diabetes Patients,5,1,NA,NA,NA,NA,2
DHHS_CMS,"COLLINS, Susan Margaret",2014-02-14,Request Clarification of the Medicare Policy to Payment for Diabetes Test Strips and Supplies for Gestational Diabetes Patients,5,4,NA,NA,NA,NA,2
DHHS_CMS,"BROWN, Corrine",2014-02-19,Express concerns,1,0,NA,NA,NA,NA,2
DHHS_CMS,"BROWN, Corrine",2014-02-19,Express concerns,1,NA,NA,NA,NA,NA,2
DHHS_CMS,"CASSIDY, Bill",2014-02-19,Inquires about how the Department will implement and develop comparative effectiveness research (CER) through ACA policies.  Requests additional information.,5,NA,legislation; information,Inquires about how the Department will implement and develop comparative effectiveness research (CER) through ACA policies.  Requests additional information.,future,NA,2
DHHS_CMS,"CASSIDY, Bill",2014-02-19,Inquires about how the Department will implement and develop comparative effectiveness research (CER) through ACA policies.  Requests additional information.,5,NA,information; legislation,Inquires about how the Department will implement and develop comparative effectiveness research (CER) through ACA policies.  Requests additional information.,future,NA,2
DHHS_CMS,"FRANKEN, Al",2014-02-19,Expresses concerns regarding the proposed rule titled Basic Health Program:  Proposed Federal funding Methodology for Program Year 2015.,5,NA,rule,proposed rule titled Basic Health Program:  Proposed Federal funding Methodology for Program Year 2015,future,NA,2
DHHS_CMS,"FRANKEN, Al",2014-02-19,Concerns regarding proposed rule titled Basic Health Program:  Proposed Federal Funding Methodology for Program Year 2015,5,NA,rule,proposed rule titled Basic Health Program:  Proposed Federal funding Methodology for Program Year 2015,future,NA,2
DHHS_CMS,"FRANKEN, Al",2014-02-19,Concerns regarding proposed rule titled Basic Health Program:  Proposed Federal Funding Methodology for Program Year 2015,5,NA,rule,proposed rule titled Basic Health Program:  Proposed Federal Funding Methodology for Program Year 2015,future,NA,2
DHHS_CMS,"FRANKEN, Al",2014-02-19,Expresses concerns regarding the proposed rule titled Basic Health Program:  Proposed Federal funding Methodology for Program Year 2015.,5,NA,rule,proposed rule titled Basic Health Program:  Proposed Federal Funding Methodology for Program Year 2015,future,NA,2
DHHS_CMS,"PASCRELL, William J., Jr.",2014-02-19,Express Concerns About Impact of Recent Changes to Medicare Inpatient Fee for Service Disproportionate Share DSH Payment Policy,5,NA,NA,NA,NA,NA,2
DHHS_CMS,"PASCRELL, William J., Jr.",2014-02-19,Express Concerns About Impact of Recent Changes to Medicare Inpatient Fee for Service Disproportionate Share DSH Payment Policy,5,4,NA,NA,NA,NA,2
DHHS_CMS,"BARLETTA, Lou",2014-02-20,Electronic Health Records (EHR) Incentive Prograom.,5,4,NA,NA,NA,NA,2
DHHS_CMS,"BARLETTA, Lou",2014-02-20,Electronic Health Records (EHR) Incentive Prograom.,4,5,NA,NA,NA,NA,2
DHHS_CMS,"CANTOR, Eric",2014-02-20,Status Of Application For Medicare Number.,2,3,NA,NA,NA,NA,2
DHHS_CMS,"CANTOR, Eric",2014-02-20,Status Of Application For Medicare Number.,2,1,NA,NA,NA,NA,2
DHHS_CMS,"GRAVES, Tom",2014-02-20,Express Concern Regarding Pending Charges From two Providers ever used.,1,NA,NA,NA,NA,NA,2
DHHS_CMS,"GRAVES, Tom",2014-02-20,Express Concern Regarding Pending Charges From two Providers ever used.,1,2,NA,NA,NA,NA,2
DHHS_CMS,"FATTAH, Chaka",2014-02-21,BetterLiving/Better Health Request Medicare/ Medicaid Assisted,1,2,NA,NA,NA,NA,2
DHHS_CMS,"FATTAH, Chaka",2014-02-21,BetterLiving/Better Health Request Medicare/ Medicaid Assisted,2,NA,NA,NA,NA,NA,2
DHHS_CMS,"GOODLATTE, Robert William",2014-02-21,Regarding Theirs Thought About Commuity Pharmacy,2,1,NA,NA,NA,NA,2
DHHS_CMS,"GOODLATTE, Robert William",2014-02-21,Regarding Theirs Thought About Commuity Pharmacy,1,2,NA,NA,NA,NA,2
DHS_HQ,"ROBERTS, Charles Patrick (Pat)",2014-02-25,Write to conduct a briefing regarding CBP stops and searches of general aviation aircraft and poses a few questions to be answered before a briefing takes place.,5,"NA",meeting; information,"NA","NA","NA",2
DHS_HQ,"ROBERTS, Charles Patrick (Pat)",2014-02-25,Write to conduct a briefing regarding CBP stops and searches of general aviation aircraft and poses a few questions to be answered before a briefing takes place.,5,"NA",meeting,"NA","NA","NA",2
DHHS_CMS,"CALVERT, Ken",2014-02-26,Gallant  Medical Supply Inc Not Being Properly Licensed.,5,2,NA,NA,NA,NA,2
DHHS_CMS,"CALVERT, Ken",2014-02-26,Gallant  Medical Supply Inc Not Being Properly Licensed.,2,5,NA,NA,NA,NA,2
DHS_HQ,"SMITH, Lamar Seeligson",2014-02-27,"Requests answers to follow up questions after the Homeland Security Committee hearing regarding the vital need to achieve and maintain operational control of the border, and the detention and removal of criminal immigrants from communities.",5,"NA",HEARING,"NA","NA","NA",2
DHS_HQ,"SMITH, Lamar Seeligson",2014-02-27,"Requests answers to follow up questions after the Homeland Security Committee hearing regarding the vital need to achieve and maintain operational control of the border, and the detention and removal of criminal immigrants from communities.",5,"NA",HEARING,"NA","NA",follow up,2
DHHS_CMS,"WARNER, Mark",2014-03-05,VISTA members received word today that the health coverage that they receive as part of their service does not meet the individual mandate provision of the Affordable Care Act.,2,1,NA,NA,NA,NA,2
DHHS_CMS,"WARNER, Mark",2014-03-05,VISTA members received word today that the health coverage that they receive as part of their service does not meet the individual mandate provision of the Affordable Care Act.,1,NA,NA,NA,NA,NA,2
DHHS_CMS,"LEVIN, Sander Martin",2014-03-06,Medicare Adventage (MA),5,1,NA,NA,NA,NA,2
DHHS_CMS,"LEVIN, Sander Martin",2014-03-06,Medicare Adventage (MA),1,5,NA,NA,NA,NA,2
DOL_MSHA,"GRIFFIN, Tim",2014-03-07,Requests MSHA Review Proposal To Establish 'Good Faith' Inspections,5,4,NA,Proposal To Establish 'Good Faith' Inspections,NA,"couldn't find a rule, unsure if just a single concern",2
DOL_MSHA,"GRIFFIN, Tim",2014-03-07,Requests MSHA Review Proposal To Establish 'Good Faith' Inspections,NA,NA,NA,NA,NA,NA,2
DOL_MSHA,"MILLER, George",2014-03-07,OALJs* Proposed Rule On Discovery Of Nontestifying Experts' Opinions,5,NA,rule,Discovery Of Nontestifying Experts' Opinions,future,"seems to be related more to PALJ, might have just sent copy to MSHA",2
DOL_MSHA,"MILLER, George",2014-03-07,OALJs* Proposed Rule On Discovery Of Nontestifying Experts' Opinions,NA,NA,NA,NA,NA,NA,2
DOL_MSHA,"ROCKEFELLER, John Davison IV (Jay)",2014-03-07,OALJs* Proposed Rule On Discovery Of Nontestifying Experts' Opinions,5,NA,rule,Discovery Of Nontestifying Experts' Opinions,future,"seems to be related more to PALJ, might have just sent copy to MSHA",2
DOL_MSHA,"ROCKEFELLER, John Davison IV (Jay)",2014-03-07,OALJs* Proposed Rule On Discovery Of Nontestifying Experts' Opinions,NA,NA,NA,NA,NA,NA,2
DHHS_CMS,"SARBANES, John",2014-03-10,Proposed Charges To Mediicare and Medicaid Part C And D,5,1,NA,NA,NA,NA,2
DHHS_CMS,"SARBANES, John",2014-03-10,Proposed Charges To Mediicare and Medicaid Part C And D,5,NA,NA,NA,NA,NA,2
DHHS_CMS,"INHOFE, James Mountain",2014-03-11,Express Concern About the Rule Published In The federal Register-----CMS Part D Rule,5,NA,rule,CMS Part D Rule,NA,NA,2
DHHS_CMS,"INHOFE, James Mountain",2014-03-11,Express Concern About the Rule Published In The federal Register-----CMS Part D Rule,5,4,rule,Express Concern About the Rule Published In The federal Register-----CMS Part D Rule,NA,NA,2
DHHS_CMS,"RUBIO, Marco",2014-03-11,Request that HHS rescind the Medicare Part D proposed rule entitled 'Medicare Advantage and Prescription Drug Benefit Programs for Contract Year 2015,5,NA,rule,Medicare Part D proposed rule entitled 'Medicare Advantage and Prescription Drug Benefit Programs for Contract Year 2015,NA,NA,2
DHHS_CMS,"RUBIO, Marco",2014-03-11,Request that HHS rescind the Medicare Part D proposed rule entitled 'Medicare Advantage and Prescription Drug Benefit Programs for Contract Year 2015,5,4,rule,Request that HHS rescind the Medicare Part D proposed rule entitled 'Medicare Advantage and Prescription Drug Benefit Programs for Contract Year 2015,future,NA,2
DHHS_CMS,"WAXMAN, Henry Arnold",2014-03-11,Proposed Rule for Medicare Advantage and Prescription Drugs Benefit Programs,5,NA,rule,Proposed Rule for Medicare Advantage and Prescription Drugs Benefit Programs,future,NA,2
DHHS_CMS,"WAXMAN, Henry Arnold",2014-03-11,Proposed Rule for Medicare Advantage and Prescription Drugs Benefit Programs,5,4,rule,Proposed Rule for Medicare Advantage and Prescription Drugs Benefit Programs,future,NA,2
DHHS_CMS,"BLUNT, Roy",2014-03-12,Requesting Assistance with Medical Supply,1,NA,NA,NA,NA,NA,2
DHHS_CMS,"BLUNT, Roy",2014-03-12,Requesting Assistance with Medical Supply,1,2,NA,NA,NA,NA,2
DHHS_CMS,"CARTWRIGHT, Matt",2014-03-12,Concerns Regarding Medicare Billing,1,NA,NA,NA,NA,NA,2
DHHS_CMS,"CARTWRIGHT, Matt",2014-03-12,Concerns Regarding Medicare Billing,1,2,NA,NA,NA,NA,2
DHHS_CMS,"BACHUS, Spencer T., III",2014-03-14,concerns about immunosuppressive drug covered by Medicare and how CMS policies may affect ESRD patients.,5,NA,NA,NA,NA,NA,2
DHHS_CMS,"BACHUS, Spencer T., III",2014-03-14,concerns about immunosuppressive drug covered by Medicare and how CMS policies may affect ESRD patients.,2,4,NA,NA,NA,NA,2
DOL_MSHA,"ENZI, Michael B.",2014-03-14,Seeking Reports Or Updates Concerning (I3IEHHHI,1,2,NA,NA,NA,too ambiguous,2
DOL_MSHA,"ENZI, Michael B.",2014-03-14,Seeking Reports Or Updates Concerning (I3IEHHHI,NA,NA,NA,NA,NA,NA,2
DHHS_CMS,"HANNA, Richard",2014-03-17,Concerns Regarding Medicare Regulation Pharmacy Mail Order,1,2,NA,NA,NA,NA,2
DHHS_CMS,"HANNA, Richard",2014-03-17,Concerns Regarding Medicare Regulation Pharmacy Mail Order,2,4,rule,Medicare Regulation Pharmacy Mail Order,NA,NA,2
DHHS_CMS,"ELLMERS, Renee",2014-03-18,Draft Local Coverage Determination-Drugs of Abuse Testing (DL34398),5,NA,NA,NA,NA,NA,2
DHHS_CMS,"ELLMERS, Renee",2014-03-18,Draft Local Coverage Determination-Drugs of Abuse Testing (DL34398),5,4,NA,NA,NA,NA,2
DHHS_CMS,"HURT, Robert",2014-03-18,Concerns Regarding MSPRC Appeal,1,NA,NA,NA,NA,NA,2
DHHS_CMS,"HURT, Robert",2014-03-18,Concerns Regarding MSPRC Appeal,1,2,NA,NA,NA,NA,2
DHHS_CMS,"ISRAEL, Steve",2014-03-19,Meaningful Use EHR Audits,5,4,NA,NA,NA,NA,2
DHHS_CMS,"ISRAEL, Steve",2014-03-19,Meaningful Use EHR Audits,2,3,NA,NA,NA,NA,2
DHHS_CMS,"GOSAR, Paul",2014-03-20,Regarding Medicare Reimbursement for Medications,1,NA,NA,NA,NA,NA,2
DHHS_CMS,"GOSAR, Paul",2014-03-20,Regarding Medicare Reimbursement for Medications,1,2,NA,NA,NA,NA,2
DHHS_CMS,"MURPHY, Timothy",2014-03-20,Local Coverage Determination L27350 On Outpatient Sleep Studies.,5,NA,NA,NA,NA,NA,2
DHHS_CMS,"MURPHY, Timothy",2014-03-20,Local Coverage Determination L27350 On Outpatient Sleep Studies.,5,4,NA,NA,NA,NA,2
DHHS_CMS,"CHAMBLISS, Saxby",2014-03-24,Concerns Regarding Durable Medical Equipment (DME),1,2,NA,NA,NA,NA,2
DHHS_CMS,"CHAMBLISS, Saxby",2014-03-24,Concerns Regarding Durable Medical Equipment (DME),2,1,NA,NA,NA,NA,2
DHHS_CMS,"WARNER, Mark",2014-03-25,Grant Application For MD Associates,2,3,NA,NA,NA,NA,2
DHHS_CMS,"WARNER, Mark",2014-03-25,Grant Application For MD Associates,2,NA,NA,NA,NA,NA,2
DHHS_CMS,"BASS, Karen",2014-03-26,Suggestion Regarding Ways to Provide Health Care Information to Those who Need Coverage Under the Affordable Care Act.,5,1,NA,NA,NA,NA,2
DHHS_CMS,"BASS, Karen",2014-03-26,Suggestion Regarding Ways to Provide Health Care Information to Those who Need Coverage Under the Affordable Care Act.,5,NA,legislation,Affordable Care Act,NA,NA,2
DHHS_CMS,"RUIZ, Raul",2014-03-26,"They are concerned about individuals who have made good-faith efforts to enroll in health insurance plans before the March 31, 2014 deadline, but were confused or unable to do so because of problems they encountered in the signup process under the Affordable Care Act.",5,1,legislation,Affordable Care Act,NA,NA,2
DHHS_CMS,"RUIZ, Raul",2014-03-26,"They are concerned about individuals who have made good-faith efforts to enroll in health insurance plans before the March 31, 2014 deadline, but were confused or unable to do so because of problems they encountered in the signup process under the Affordable Care Act.",5,NA,legislation,Affordable Care Act,NA,NA,2
DOL_MSHA,"ALEXANDER, Lamar",2014-03-27,Safety Inspector Complaint,2,NA,enforcement,NA,NA,NA,2
DOL_MSHA,"ALEXANDER, Lamar",2014-03-27,Safety Inspector Complaint,NA,NA,NA,NA,NA,NA,2
DHHS_CMS,"RAHALL, Nick Joe, II",2014-03-28,Concerns regarding proposed changes to the maximum out-of-pocket limit for pediatric dental services under the ACA.,5,NA,NA,NA,NA,NA,2
DHHS_CMS,"RAHALL, Nick Joe, II",2014-03-28,Concerns regarding proposed changes to the maximum out-of-pocket limit for pediatric dental services under the ACA.,2,4,legislation,Concerns regarding proposed changes to the maximum out-of-pocket limit for pediatric dental services under the ACA.,NA,NA,2
DHHS_CMS,"ROSKAM, Peter",2014-03-28,Marketplace Exchange Application # 174054099 re: Tax Credit Appeal,1,NA,NA,NA,NA,NA,2
DHHS_CMS,"ROSKAM, Peter",2014-03-28,Marketplace Exchange Application # 174054099 re: Tax Credit Appeal,1,2,NA,NA,NA,NA,2
DHHS_CMS,"ROYCE, Edward Randall",2014-03-28,Part D (IRMAA) Billing  And  Payment Issues.,1,2,NA,NA,NA,NA,2
DHHS_CMS,"ROYCE, Edward Randall",2014-03-28,Part D (IRMAA) Billing  And  Payment Issues.,1,NA,NA,NA,NA,NA,2
DHS_HQ,"WARNER, Mark",2014-03-28,Expresses concern abou the March 24th shooting on Naval Station Norfolk that killed Petty Officer Mark Mayo. Requests a briefing on the questions he poses in the letter regarding the safety and effectiveness of the TWIC program.,5,"NA",meeting,"NA","NA","NA",2
DHS_HQ,"WARNER, Mark",2014-03-28,Expresses concern abou the March 24th shooting on Naval Station Norfolk that killed Petty Officer Mark Mayo. Requests a briefing on the questions he poses in the letter regarding the safety and effectiveness of the TWIC program.,5,"NA",hearing,"NA","NA","NA",2
DHHS_CMS,"CARTWRIGHT, Matt",2014-03-31,Concerns Regarding Medicare Payments,1,2,NA,NA,NA,NA,2
DHHS_CMS,"CARTWRIGHT, Matt",2014-03-31,Concerns Regarding Medicare Payments,1,NA,NA,NA,NA,NA,2
DHHS_CMS,"RANGEL, Charles B.",2014-03-31,Regarding the January 13 Follow Up letter Regarding New York Delegation Concerning Low Income Medicare Advantage Plans,5,NA,NA,NA,NA,NA,2
DHHS_CMS,"RANGEL, Charles B.",2014-03-31,Regarding the January 13 Follow Up letter Regarding New York Delegation Concerning Low Income Medicare Advantage Plans,5,3,NA,NA,NA,NA,2
DHHS_CMS,"SCHUMER, Charles Ellis (Chuck)",2014-03-31,Concerns Regarding New York Medicare Advantage Plan,5,3,NA,NA,NA,NA,2
DHHS_CMS,"SCHUMER, Charles Ellis (Chuck)",2014-03-31,Concerns Regarding New York Medicare Advantage Plan,5,1,NA,NA,NA,NA,2
DHHS_CMS,"MANCHIN, Joe, III",2014-04-01,"(CONG DEL 2): Status of Preferred Networks in Medicare Part D Plans / Urgent need to Advance the Proposed ""any willing provider"" rule update.",5,4,rule,"Proposed ""any willing provider"" rule update",NA,NA,2
DHHS_CMS,"MANCHIN, Joe, III",2014-04-01,"(CONG DEL 2): Status of Preferred Networks in Medicare Part D Plans / Urgent need to Advance the Proposed ""any willing provider"" rule update.",5,4,rule,"Status of Preferred Networks in Medicare Part D Plans / Urgent need to Advance the Proposed ""any willing provider"" rule update",NA,NA,2
DHHS_CMS,"BURR, Richard M.",2014-04-02,Write to Express my Significant Concern With Respect to The Draft Local Coverage Determination Issued By Palmetto GBA for Drugs Abuse Testing,5,NA,NA,NA,NA,NA,2
DHHS_CMS,"BURR, Richard M.",2014-04-02,Write to Express my Significant Concern With Respect to The Draft Local Coverage Determination Issued By Palmetto GBA for Drugs Abuse Testing,5,4,NA,NA,NA,NA,2
DOL_MSHA,"HEINRICH, Martin",2014-04-02,Missed Inspections By MSHA At The,2,5,enforcement,NA,NA,"seems unlikely that mine would write about missed inspection, and DOE might be referring to missed inspections on a greater scale?",2
DOL_MSHA,"HEINRICH, Martin",2014-04-02,Missed Inspections By MSHA At The,NA,NA,NA,NA,NA,NA,2
DHHS_CMS,"McCASKILL, Claire",2014-04-02,Regarding The Centers for Medicare and Medicaid Services (CMS) Anticipated Finalization of the Federal Upper limit (FUL) for Multiple Source Drugs 2014,5,NA,NA,NA,NA,NA,2
DHHS_CMS,"McCASKILL, Claire",2014-04-02,Regarding The Centers for Medicare and Medicaid Services (CMS) Anticipated Finalization of the Federal Upper limit (FUL) for Multiple Source Drugs 2014,4,5,NA,NA,NA,NA,2
DHHS_CMS,"McDERMOTT, James A.",2014-04-02,"[Reference 120620131041 - clearance] Followup to December 5, 2013 letter, seeking legal clarification on certain issues related to delivery system reform encouraged by the Affordable Care Act. Reminds of request by February 1, 2014, but has not received response nor telephone call apprising of matter.",5,NA,information; legislation,legal clarification on certain issues related to delivery system reform encouraged by the Affordable Care Act,NA,NA,2
DHHS_CMS,"McDERMOTT, James A.",2014-04-02,"[Reference 120620131041 - clearance] Followup to December 5, 2013 letter, seeking legal clarification on certain issues related to delivery system reform encouraged by the Affordable Care Act. Reminds of request by February 1, 2014, but has not received response nor telephone call apprising of matter.",5,NA,NA,NA,NA,NA,2
DOL_MSHA,"UDALL, Thomas (Tom)",2014-04-02,Missed Inspections By MSHA At The,2,5,enforcement,NA,NA,"seems unlikely that mine would write about missed inspection, and DOE might be referring to missed inspections on a greater scale?",2
DOL_MSHA,"UDALL, Thomas (Tom)",2014-04-02,Missed Inspections By MSHA At The,NA,NA,NA,NA,NA,NA,2
DHHS_CMS,"VITTER, David",2014-04-02,Write Will Real Urgency and Passion Regarding a Proposed CM Rule that Will Dramatically Degrade Many American life CMS-1526-F,5,NA,rule,CMS-1526-F,future,NA,2
DHHS_CMS,"VITTER, David",2014-04-02,Write Will Real Urgency and Passion Regarding a Proposed CM Rule that Will Dramatically Degrade Many American life CMS-1526-F,5,4,rule,Proposed CM Rule that Will Dramatically Degrade Many American life CMS-1526-F,future,NA,2
DHHS_CMS,"CASSIDY, Bill",2014-04-03,Forwards series of questions regarding Healthcare.gov enrollment in Louisiana which will impact on the cost of health plans in the exchange.,1,2,NA,NA,NA,NA,2
DHHS_CMS,"CASSIDY, Bill",2014-04-03,Forwards series of questions regarding Healthcare.gov enrollment in Louisiana which will impact on the cost of health plans in the exchange.,1,4,NA,NA,NA,NA,2
DHHS_CMS,"NELSON, Clarence William (Bill)",2014-04-03,Writing to Express Concerns Following the Recent Finding By the Inspector General on the Quality of Care in Skilled Nursing,5,NA,NA,NA,NA,NA,2
DHHS_CMS,"NELSON, Clarence William (Bill)",2014-04-03,Writing to Express Concerns Following the Recent Finding By the Inspector General on the Quality of Care in Skilled Nursing,5,NA,information,Writing to Express Concerns Following the Recent Finding By the Inspector General on the Quality of Care in Skilled Nursing,NA,NA,2
DHHS_CMS,"WARREN, Elizabeth",2014-04-03,Proposal in the 2015 Call Letter Regarding Diagnoses Made in the House.,5,NA,NA,NA,NA,NA,2
DHHS_CMS,"WARREN, Elizabeth",2014-04-03,Proposal in the 2015 Call Letter Regarding Diagnoses Made in the House.,5,4,NA,NA,NA,NA,2
DHHS_CMS,"KELLY, Mike",2014-04-04,Concerns Regarding Policies in the Medicare Part C&D Proposed rule From January,5,NA,rule,Medicare Part C&D Proposed rule,past,NA,2
DHHS_CMS,"KELLY, Mike",2014-04-04,Concerns Regarding Policies in the Medicare Part C&D Proposed rule From January,5,4,rule,Concerns Regarding Policies in the Medicare Part C&D Proposed rule From January,NA,NA,2
DHHS_CMS,"MEADOWS, Mark",2014-04-04,Concerns Regarding an Overpayment Appeal,1,NA,NA,NA,NA,NA,2
DHHS_CMS,"MEADOWS, Mark",2014-04-04,Concerns Regarding an Overpayment Appeal,1,2,NA,NA,NA,NA,2
DHHS_CMS,"WARNER, Mark",2014-04-04,Medicare Enrollment Applicant to It Medicare Administrative Contractor (MAC),2,4,NA,NA,NA,NA,2
DHHS_CMS,"WARNER, Mark",2014-04-04,Medicare Enrollment Applicant to It Medicare Administrative Contractor (MAC),1,2,NA,NA,NA,NA,2
DHHS_CMS,"ALEXANDER, Lamar",2014-04-07,(CONG DEL:7):Concerns Regarding the Guidance Released by the Center for Consumer Information and Insurance Oversight (CCIIO) for a Speical En,5,NA,NA,NA,NA,NA,2
DHHS_CMS,"ALEXANDER, Lamar",2014-04-07,(CONG DEL:7):Concerns Regarding the Guidance Released by the Center for Consumer Information and Insurance Oversight (CCIIO) for a Speical En,5,4,NA,NA,NA,NA,2
DOL_MSHA,"TOOMEY, Patrick Joseph",2014-04-07,"Secretary of Labor, MSHA R3H",2,1,NA,NA,NA,ambiguous/no subject,2
DOL_MSHA,"TOOMEY, Patrick Joseph",2014-04-07,"Secretary of Labor, MSHA R3H",NA,NA,NA,NA,NA,NA,2
DHHS_CMS,"SESSIONS, Jefferson Beauregard III (Jeff)",2014-04-09,Concerns Regarding Medicare Secondary Payer Recovery (MSPR),1,NA,NA,NA,NA,NA,2
DHHS_CMS,"SESSIONS, Jefferson Beauregard III (Jeff)",2014-04-09,Concerns Regarding Medicare Secondary Payer Recovery (MSPR),1,2,NA,NA,NA,NA,2
DOL_MSHA,"MANCHIN, Joe, III",2014-04-11,Seeking Unused Leave Payment,1,NA,NA,NA,NA,NA,2
DOL_MSHA,"MANCHIN, Joe, III",2014-04-11,Seeking Unused Leave Payment,NA,NA,NA,NA,NA,NA,2
DHHS_CMS,"WARNER, Mark",2014-04-18,Concerns Regaring Medicare Payment,1,NA,NA,NA,NA,NA,2
DHHS_CMS,"WARNER, Mark",2014-04-18,Concerns Regaring Medicare Payment,1,2,NA,NA,NA,NA,2
DOL_MSHA,"BLUMENTHAL, Richard",2014-04-21,Seek to Support Agency Efforts to Promote Effective Enforcement of Laws &Regs,5,NA,NA,NA,NA,NA,2
DOL_MSHA,"BLUMENTHAL, Richard",2014-04-21,Seek to Support Agency Efforts to Promote Effective Enforcement of Laws &Regs,NA,NA,NA,NA,NA,NA,2
DHHS_CMS,"CONNOLLY, Gerald E. (Gerry)",2014-04-23,Concern With Center for Medicare and Medicaid Serivices (CMS) Intent to Recomplete the Contract for It Healthcare Quality Information System,5,4,NA,NA,NA,NA,2
DHHS_CMS,"CONNOLLY, Gerald E. (Gerry)",2014-04-23,Concern With Center for Medicare and Medicaid Serivices (CMS) Intent to Recomplete the Contract for It Healthcare Quality Information System,5,NA,NA,NA,NA,NA,2
DHHS_CMS,"WARNER, Mark",2014-04-23,Conerns Regarding Contraceptive Coverage Under the ACA.,1,5,NA,NA,NA,NA,2
DHHS_CMS,"WARNER, Mark",2014-04-23,Conerns Regarding Contraceptive Coverage Under the ACA.,1,NA,NA,NA,NA,NA,2
DHHS_CMS,"WARREN, Elizabeth",2014-04-23,Express Concerns About Closure of North Adam Regional Hospital.,3,NA,NA,NA,NA,NA,2
DHHS_CMS,"WARREN, Elizabeth",2014-04-23,Express Concerns About Closure of North Adam Regional Hospital.,3,5,NA,NA,NA,NA,2
DHHS_CMS,"BLACK, Diane",2014-04-24,Concerns Medicare Fraud,1,NA,NA,NA,NA,NA,2
DHHS_CMS,"BLACK, Diane",2014-04-24,Concerns Medicare Fraud,5,1,NA,NA,NA,NA,2
DHHS_CMS,"COOPER, James Hayes Shofner",2014-04-28,Expressed Concern regarding The FY 2015 Hospital Wage Index,5,NA,NA,NA,NA,NA,2
DHHS_CMS,"COOPER, James Hayes Shofner",2014-04-28,Expressed Concern regarding The FY 2015 Hospital Wage Index,4,5,NA,NA,NA,NA,2
DHHS_CMS,"NELSON, Clarence William (Bill)",2014-04-28,Write to Comments on Proposed Rule on the Emergency Preparedness Requirement as Part of Medicare's Conditions of Participation,5,NA,rule,Proposed Rule on the Emergency Preparedness Requirement as Part of Medicare's Conditions of Participation,future,NA,2
DHHS_CMS,"NELSON, Clarence William (Bill)",2014-04-28,Write to Comments on Proposed Rule on the Emergency Preparedness Requirement as Part of Medicare's Conditions of Participation,5,4,rule,Proposed Rule on the Emergency Preparedness Requirement as Part of Medicare's Conditions of Participation,future,NA,2
DHHS_CMS,"WITTMAN, Robert J.",2014-04-28,Concerns Regardeing Obtaining Payment For Services Rendered.,2,1,NA,NA,NA,NA,2
DHHS_CMS,"WITTMAN, Robert J.",2014-04-28,Concerns Regardeing Obtaining Payment For Services Rendered.,2,3,NA,NA,NA,NA,2
DHHS_CMS,"POE, Ted",2014-04-29,Concerns Regarding Heathcare .Gov and the PPO Plan,5,1,NA,NA,NA,NA,2
DHHS_CMS,"POE, Ted",2014-04-29,Concerns Regarding Heathcare .Gov and the PPO Plan,1,NA,NA,NA,NA,NA,2
DHHS_CMS,"WARNER, Mark",2014-04-29,Concern Regarding Durable Medical Equipment (DME) Providers with Medicare Contracts to Supply DME / Wheelchair Repairs,5,NA,NA,NA,NA,NA,2
DHHS_CMS,"WARNER, Mark",2014-04-29,Concern Regarding Durable Medical Equipment (DME) Providers with Medicare Contracts to Supply DME / Wheelchair Repairs,4,2,NA,NA,NA,NA,2
DHHS_CMS,"GRIMM, Michael G.",2014-05-08,"Concerns Regarding a Dr Practive and his Account,",2,1,NA,NA,NA,NA,2
DHHS_CMS,"GRIMM, Michael G.",2014-05-08,"Concerns Regarding a Dr Practive and his Account,",1,2,NA,NA,NA,NA,2
DHHS_CMS,"BROWN, Sherrod",2014-05-09,Urges CMS to Restore 2013 Reimbursement Rate for the remainder of 2014 and Delay the Implementation of any Future Cuts to Interventional Pain Treatments,5,NA,NA,NA,NA,NA,2
DHHS_CMS,"BROWN, Sherrod",2014-05-09,Urges CMS to Restore 2013 Reimbursement Rate for the remainder of 2014 and Delay the Implementation of any Future Cuts to Interventional Pain Treatments,4,5,rule,Urges CMS to Restore 2013 Reimbursement Rate for the remainder of 2014 and Delay the Implementation of any Future Cuts to Interventional Pain Treatments,NA,NA,2
DHHS_CMS,"LANDRIEU, Mary L.",2014-05-09,CMS Discretion Over Graduate Medical Education (GME) Payment Rates for Facilities Impacted by Ongoing Effects of Natural Disasters / Our Lady of the Lake Regional Medical Center (OLOL),4,2,NA,NA,NA,NA,2
DHHS_CMS,"LANDRIEU, Mary L.",2014-05-09,CMS Discretion Over Graduate Medical Education (GME) Payment Rates for Facilities Impacted by Ongoing Effects of Natural Disasters / Our Lady of the Lake Regional Medical Center (OLOL),3,4,NA,NA,NA,NA,2
DHHS_CMS,"KAINE, Timothy Michael (Tim)",2014-05-12,Concerns regarding the availability of Special Enrollment Periods (SEP) for certain individuals in states that have no expanded Medicaid.,5,NA,NA,NA,NA,NA,2
DHHS_CMS,"KAINE, Timothy Michael (Tim)",2014-05-12,Concerns regarding the availability of Special Enrollment Periods (SEP) for certain individuals in states that have no expanded Medicaid.,5,1,NA,NA,NA,NA,2
DHHS_CMS,"MANCHIN, Joe, III",2014-05-13,Concerns Regarding Emergency Room Spending on Oral Health Care Problems and Cost in West Virginia.,5,NA,NA,NA,NA,NA,2
DHHS_CMS,"MANCHIN, Joe, III",2014-05-13,Concerns Regarding Emergency Room Spending on Oral Health Care Problems and Cost in West Virginia.,5,3,NA,NA,NA,NA,2
DHHS_CMS,"McCONNELL, Addison Mitchell (Mitch)",2014-05-20,Concerns Regarding Claims Reimbursement,1,2,NA,NA,NA,NA,2
DHHS_CMS,"McCONNELL, Addison Mitchell (Mitch)",2014-05-20,Concerns Regarding Claims Reimbursement,2,3,NA,NA,NA,NA,2
DHHS_CMS,"MICHAUD, Michael H.",2014-05-20,We Write to Urge the Immediated Extension of the Multi-Payer Advanced Primary Care Practice (MAPCP) Demonstration,5,NA,NA,NA,NA,NA,2
DHHS_CMS,"MICHAUD, Michael H.",2014-05-20,We Write to Urge the Immediated Extension of the Multi-Payer Advanced Primary Care Practice (MAPCP) Demonstration,5,2,NA,NA,NA,NA,2
DHHS_CMS,"BROWN, Corrine",2014-05-21,Concerns regarding an Issues With Flordia Medicaid Waiver Program,1,5,NA,NA,NA,NA,2
DHHS_CMS,"BROWN, Corrine",2014-05-21,Concerns regarding an Issues With Flordia Medicaid Waiver Program,3,5,NA,NA,NA,NA,2
DHHS_CMS,"THUNE, John",2014-05-21,Write Regarding the Advanced Notices of Proposed Rule Making Recently Issused by Center For Medicaid and Medicare (CMS),5,NA,rule,NA,NA,NA,2
DHHS_CMS,"THUNE, John",2014-05-21,Write Regarding the Advanced Notices of Proposed Rule Making Recently Issused by Center For Medicaid and Medicare (CMS),5,4,rule,NA,NA,NA,2
DHHS_CMS,"UPTON, Frederick Stephen",2014-05-21,Seeking the Information About CMS Activity related to Some Backlog of Medicaid Recent Applicants Following Recent Comments Made by Health and Human Services (DHHS),5,NA,NA,NA,NA,NA,2
DHHS_CMS,"UPTON, Frederick Stephen",2014-05-21,Seeking the Information About CMS Activity related to Some Backlog of Medicaid Recent Applicants Following Recent Comments Made by Health and Human Services (DHHS),5,NA,information,Seeking the Information About CMS Activity related to Some Backlog of Medicaid Recent Applicants Following Recent Comments Made by Health and Human Services (DHHS),NA,NA,2
DHHS_CMS,"CARDIN, Benjamin Louis",2014-05-27,CMS-4159-F Medicare Programs: Contract Year 2015 Policy and Technical Changes to the Medicare Advantage and the Medicare Prescription Drugs Programs,5,NA,rule,CMS-4159-F,NA,NA,2
DHHS_CMS,"CARDIN, Benjamin Louis",2014-05-27,CMS-4159-F Medicare Programs: Contract Year 2015 Policy and Technical Changes to the Medicare Advantage and the Medicare Prescription Drugs Programs,5,4,rule,CMS-4159-F Medicare Programs: Contract Year 2015 Policy and Technical Changes to the Medicare Advantage and the Medicare Prescription Drugs Programs,future,NA,2
DHHS_CMS,"GUTHRIE, Brett",2014-05-27,Concerns Regarding Electronic Medical Record,2,3,NA,NA,NA,NA,2
DHHS_CMS,"GUTHRIE, Brett",2014-05-27,Concerns Regarding Electronic Medical Record,4,2,NA,NA,NA,NA,2
DHHS_CMS,"BENNET, Michael F.",2014-05-29,"As the ACA is implemented, urges consideration of designating the Colorado Clean Claims Task Force as a national pilot program",3,5,NA,NA,NA,NA,2
DHHS_CMS,"BENNET, Michael F.",2014-05-29,"As the ACA is implemented, urges consideration of designating the Colorado Clean Claims Task Force as a national pilot program",3,NA,NA,NA,NA,NA,2
DHHS_CMS,"McMORRIS RODGERS, Cathy",2014-05-29,Writing Regards To The Hospital Outpatients Prospective Program Payment System (HOPPS) Final Rule,5,NA,rule,Hospital Outpatients Prospective Program Payment System (HOPPS) Final Rule,NA,NA,2
DHHS_CMS,"McMORRIS RODGERS, Cathy",2014-05-29,Writing Regards To The Hospital Outpatients Prospective Program Payment System (HOPPS) Final Rule,4,5,rule,Hospital Outpatients Prospective Program Payment System (HOPPS) Final Rule,NA,NA,2
DHS_HQ,"DUNCAN, Jeff",2014-05-30,Requests a review of the Department's training capabilities and encourages the consolidation of the various training facilities.,5,"NA",facilities,"NA","NA","NA",2
DHS_HQ,"DUNCAN, Jeff",2014-05-30,Requests a review of the Department's training capabilities and encourages the consolidation of the various training facilities.,"NA","NA","NA","NA","NA","NA",2
DHHS_CMS,"GRASSLEY, Charles Ernest",2014-06-03,"Industry's Efforts In The Approval Of The ""L Code"" Billing Code.",5,4,NA,NA,NA,NA,2
DHHS_CMS,"GRASSLEY, Charles Ernest",2014-06-03,"Industry's Efforts In The Approval Of The ""L Code"" Billing Code.",4,5,NA,NA,NA,NA,2
DOL_MSHA,"HARKIN, Thomas Richard (Tom)",2014-06-03,My Strongest Support As You Move Forward Implementing The Respirable Dust Rule,5,NA,rule,Respirable Coal Mine Dust Rule,past,"rule published may 1, but see 470",2
DOL_MSHA,"HARKIN, Thomas Richard (Tom)",2014-06-03,My Strongest Support As You Move Forward Implementing The Respirable Dust Rule,NA,NA,NA,NA,NA,NA,2
DHHS_CMS,"BOXER, Barbara",2014-06-04,Writing on Behalf of Constituent's Concerns With Medicare Reimbursement,1,NA,NA,NA,NA,NA,2
DHHS_CMS,"BOXER, Barbara",2014-06-04,Writing on Behalf of Constituent's Concerns With Medicare Reimbursement,1,2,NA,NA,NA,NA,2
DHHS_CMS,"MIKULSKI, Barbara Ann",2014-06-04,Medicare Recovery Audit Contractor.,2,4,NA,NA,NA,NA,2
DHHS_CMS,"MIKULSKI, Barbara Ann",2014-06-04,Medicare Recovery Audit Contractor.,2,1,NA,NA,NA,NA,2
DHHS_CMS,"DIAZ-BALART, Mario",2014-06-06,(Written in Spanish) - Marketplace Insurance CoventryOne Issues,1,NA,NA,NA,NA,NA,2
DHHS_CMS,"DIAZ-BALART, Mario",2014-06-06,(Written in Spanish) - Marketplace Insurance CoventryOne Issues,1,NA,NA,NA,NA,interesting,2
DHHS_CMS,"PITTENGER, Robert",2014-06-06,CMS' Oversight of Improper Payments made on behalf of Deceased Beneficiaries in 2011 / Ref. October 2013 Report from OIG re: $23 Million in services to deceased beneficiaries.,5,NA,information,October 2013 Report from OIG re: $23 Million in services to deceased beneficiaries,past,NA,2
DHHS_CMS,"PITTENGER, Robert",2014-06-06,CMS' Oversight of Improper Payments made on behalf of Deceased Beneficiaries in 2011 / Ref. October 2013 Report from OIG re: $23 Million in services to deceased beneficiaries.,5,NA,information,October 2013 Report from OIG re: $23 Million in services to deceased beneficiaries,NA,NA,2
DOL_MSHA,"BROWN, Sherrod",2014-06-09,"Respirable Coal Mine Dust Final Rule Published by DOL on April 23,2014",5,NA,rule,Respirable Coal Mine Dust Rule,past,NA,2
DOL_MSHA,"BROWN, Sherrod",2014-06-09,"Respirable Coal Mine Dust Final Rule Published by DOL on April 23,2014",NA,NA,NA,NA,NA,NA,2
DHHS_CMS,"GABBARD, Tulsi",2014-06-11,Assistance Regarding Medicare Termination Letter,1,NA,NA,NA,NA,NA,2
DHHS_CMS,"GABBARD, Tulsi",2014-06-11,Assistance Regarding Medicare Termination Letter,1,2,NA,NA,NA,NA,2
DHHS_CMS,"MIKULSKI, Barbara Ann",2014-06-16,Regarding Changes in Vacuum Assited Minimally Invasive Breast Biology CPT Codes and Reimbursements,5,NA,NA,NA,NA,NA,2
DHHS_CMS,"MIKULSKI, Barbara Ann",2014-06-16,Regarding Changes in Vacuum Assited Minimally Invasive Breast Biology CPT Codes and Reimbursements,4,5,NA,NA,NA,NA,2
DHHS_CMS,"NELSON, Clarence William (Bill)",2014-06-16,We Write to You In Support of Processing Advance Care Planning in Step 3 of the Meaningful use Electronic Health Record (EHR) Incentive Program .,5,NA,NA,NA,NA,NA,2
DHHS_CMS,"NELSON, Clarence William (Bill)",2014-06-16,We Write to You In Support of Processing Advance Care Planning in Step 3 of the Meaningful use Electronic Health Record (EHR) Incentive Program .,5,4,NA,NA,NA,NA,2
DHHS_CMS,"WARNER, Mark",2014-06-17,Concerns Regarding Acquisition Grants,5,NA,NA,NA,NA,NA,2
DHHS_CMS,"WARNER, Mark",2014-06-17,Concerns Regarding Acquisition Grants,5,3,NA,NA,NA,NA,2
DHHS_CMS,"McCONNELL, Addison Mitchell (Mitch)",2014-06-18,RE: McConnell Highland Regional Medical Center (HRMC) / LTCH.,3,1,NA,NA,NA,NA,2
DHHS_CMS,"McCONNELL, Addison Mitchell (Mitch)",2014-06-18,RE: McConnell Highland Regional Medical Center (HRMC) / LTCH.,3,NA,NA,NA,NA,NA,2
DHHS_CMS,"CAMP, David Lee",2014-06-24,Meanful use EHR,2,3,NA,NA,NA,NA,2
DHHS_CMS,"CAMP, David Lee",2014-06-24,Meanful use EHR,4,2,NA,NA,NA,NA,2
DHHS_CMS,"POE, Ted",2014-06-24,Concerns Regarding Claim Being Denied,1,NA,NA,NA,NA,NA,2
DHHS_CMS,"POE, Ted",2014-06-24,Concerns Regarding Claim Being Denied,1,2,NA,NA,NA,NA,2
DHHS_CMS,"WHITEHOUSE, Sheldon",2014-06-24,Concerns Regarding Health Reform,5,1,NA,NA,NA,NA,2
DHHS_CMS,"WHITEHOUSE, Sheldon",2014-06-24,Concerns Regarding Health Reform,1,2,NA,NA,NA,NA,2
DOL_MSHA,"ADERHOLT, Robert",2014-06-25,MSHA Employee Inquiry About A Student Loan Repayment/Forgivensss Program,1,NA,NA,NA,NA,"interesting, this is now a current issue",2
DOL_MSHA,"ADERHOLT, Robert",2014-06-25,MSHA Employee Inquiry About A Student Loan Repayment/Forgivensss Program,NA,NA,NA,NA,NA,NA,2
DHHS_CMS,"CANTOR, Eric",2014-06-25,Concerns Regarding Deactived From Medcare Program.,1,NA,NA,NA,NA,NA,2
DHHS_CMS,"CANTOR, Eric",2014-06-25,Concerns Regarding Deactived From Medcare Program.,2,1,NA,NA,NA,NA,2
DHHS_CMS,"BLACK, Diane",2014-06-27,Regarding Medicare Severity Diagnosis Related Groups (MS-DRGs) in the Fiscal Year 2015 Prospective Payment Systems (IPPS Proposed Rule,5,NA,rule,Fiscal Year 2015 Prospective Payment Systems (IPPS Proposed Rule,future,NA,2
DHHS_CMS,"BLACK, Diane",2014-06-27,Regarding Medicare Severity Diagnosis Related Groups (MS-DRGs) in the Fiscal Year 2015 Prospective Payment Systems (IPPS Proposed Rule,4,5,rule,Medicare Severity Diagnosis Related Groups (MS-DRGs) in the Fiscal Year 2015 Prospective Payment Systems (IPPS Proposed Rule,future,NA,2
DHHS_CMS,"SHUSTER, William (Bill)",2014-06-27,Does Not understand What Information was Needed To Comply With the Core Measure-15 Protected the Electronic Health Information,2,5,NA,NA,NA,NA,2
DHHS_CMS,"SHUSTER, William (Bill)",2014-06-27,Does Not understand What Information was Needed To Comply With the Core Measure-15 Protected the Electronic Health Information,5,2,NA,NA,NA,NA,2
DHHS_CMS,"WEBSTER, Daniel A.",2014-06-27,Unintended Consequences of the Hospital Readmission Reduction Program (HRRP) and Ask That You Consider Adjustments to the Program.,5,NA,NA,NA,NA,NA,2
DHHS_CMS,"WEBSTER, Daniel A.",2014-06-27,Unintended Consequences of the Hospital Readmission Reduction Program (HRRP) and Ask That You Consider Adjustments to the Program.,4,5,NA,NA,NA,NA,2
DHHS_CMS,"GIBSON, Christopher",2014-07-01,Writing on Behalf of Two Hospitals - HealthAlliance Hospital - Broadway Campus and HealthAlliance Hospital - Mary Avenue Campus Regarding Medicare Wage Index Policies,2,NA,NA,NA,NA,NA,2
DHHS_CMS,"GIBSON, Christopher",2014-07-01,Wrtiting on Behalf of a Constituent's Medicare Claim That Has Been Denied,1,2,NA,NA,NA,NA,2
DHHS_CMS,"GIBSON, Christopher",2014-07-01,Wrtiting on Behalf of a Constituent's Medicare Claim That Has Been Denied,1,NA,NA,NA,NA,NA,2
DHHS_CMS,"GIBSON, Christopher",2014-07-01,Writing on Behalf of Two Hospitals - HealthAlliance Hospital - Broadway Campus and HealthAlliance Hospital - Mary Avenue Campus Regarding Medicare Wage Index Policies,3,NA,NA,NA,NA,NA,2
DHHS_CMS,"KLOBUCHAR, Amy",2014-07-01,Medicare Program: Prospective Payment Systems,5,NA,NA,NA,NA,NA,2
DHHS_CMS,"KLOBUCHAR, Amy",2014-07-01,Medicare Program: Prospective Payment Systems,5,4,NA,NA,NA,NA,2
DHHS_CMS,"VITTER, David",2014-07-01,Third party payments for non-profit charity organizations used by Medicare to the new exchange plans.,5,NA,NA,NA,NA,NA,2
DHHS_CMS,"VITTER, David",2014-07-01,Third party payments for non-profit charity organizations used by Medicare to the new exchange plans.,5,3,NA,NA,NA,NA,2
DHHS_CMS,"LANDRIEU, Mary L.",2014-07-03,"CMS and the Central Louisiana Home Health Care, LLC",2,5,NA,NA,NA,NA,2
DHHS_CMS,"LANDRIEU, Mary L.",2014-07-03,"CMS and the Central Louisiana Home Health Care, LLC",3,NA,NA,NA,NA,NA,2
DHHS_CMS,"SHELBY, Richard C.",2014-07-07,Mercy Medical Pace Program,1,NA,NA,NA,NA,NA,2
DHHS_CMS,"SHELBY, Richard C.",2014-07-07,Mercy Medical Pace Program,3,NA,NA,NA,NA,NA,2
DHHS_CMS,"TONKO, Paul",2014-07-07,Concerns Regarding Medical Coverage for Services,1,2,NA,NA,NA,NA,2
DHHS_CMS,"TONKO, Paul",2014-07-07,Concerns Regarding Medical Coverage for Services,1,NA,NA,NA,NA,NA,2
DHHS_CMS,"WARNER, Mark",2014-07-07,Provider Issues,1,NA,NA,NA,NA,NA,2
DHHS_CMS,"WARNER, Mark",2014-07-07,Provider Issues,2,1,NA,NA,NA,NA,2
DHHS_CMS,"LOEBSACK, Dave",2014-07-08,"Appealed to United Healthcare re: notice citing that practice had been ""terminated without cause""",1,2,NA,NA,NA,NA,2
DHHS_CMS,"LOEBSACK, Dave",2014-07-08,"Appealed to United Healthcare re: notice citing that practice had been ""terminated without cause""",2,3,NA,NA,NA,NA,2
DHHS_CMS,"ISAKSON, Johnny",2014-07-10,Proposed Inpatient Prospective Payment System (IPPS) Rules for 2015,5,NA,rule,Proposed Inpatient Prospective Payment System (IPPS) Rules for 2015,future,NA,2
DHHS_CMS,"ISAKSON, Johnny",2014-07-10,Proposed Inpatient Prospective Payment System (IPPS) Rules for 2015,4,5,rule,Proposed Inpatient Prospective Payment System (IPPS) Rules for 2015,future,NA,2
DHHS_CMS,"BLUMENTHAL, Richard",2014-07-14,CMS-1607-P Medicare Program Hospital Inpatient Prospective Payment System for Acute Care Hospital and Long Terms Care,5,NA,rule,CMS-1607-P Medicare Program Hospital Inpatient Prospective Payment System for Acute Care Hospital and Long Terms Care,NA,NA,2
DHHS_CMS,"BLUMENTHAL, Richard",2014-07-14,CMS-1607-P Medicare Program Hospital Inpatient Prospective Payment System for Acute Care Hospital and Long Terms Care,4,5,rule,CMS-1607-P Medicare Program Hospital Inpatient Prospective Payment System for Acute Care Hospital and Long Terms Care,NA,NA,2
DHHS_CMS,"FORBES, J. Randy",2014-07-14,Concerns Regarding Medicare Supplies,1,NA,NA,NA,NA,NA,2
DHHS_CMS,"FORBES, J. Randy",2014-07-14,Concerns Regarding Medicare Supplies,1,2,NA,NA,NA,NA,2
DHHS_CMS,"BLUNT, Roy",2014-07-16,Medicare Set Aside.,1,2,NA,NA,NA,NA,2
DHHS_CMS,"BLUNT, Roy",2014-07-16,Medicare Set Aside.,1,NA,NA,NA,NA,NA,2
DHHS_CMS,"WEBSTER, Daniel A.",2014-07-18,DMEPOS Competitive Bidding Program.,5,2,NA,NA,NA,NA,2
DHHS_CMS,"WEBSTER, Daniel A.",2014-07-18,DMEPOS Competitive Bidding Program.,5,4,NA,NA,NA,NA,2
DHHS_CMS,"GARRETT, Scott",2014-07-21,Recovery Audit Contractor (RAC) Program,5,2,NA,NA,NA,NA,2
DHHS_CMS,"GARRETT, Scott",2014-07-21,Recovery Audit Contractor (RAC) Program,4,5,NA,NA,NA,NA,2
DHHS_CMS,"GOODLATTE, Robert William",2014-07-21,Regarding the Difficulty he is Experiencing with an Audit Conducted by the Recovery Audit Contractor,1,2,NA,NA,NA,NA,2
DHHS_CMS,"GOODLATTE, Robert William",2014-07-21,Regarding the Difficulty he is Experiencing with an Audit Conducted by the Recovery Audit Contractor,2,3,NA,NA,NA,NA,2
DHHS_CMS,"GRIFFITH, H. Morgan",2014-07-21,Re: email sent from www.MyMedicare.gov / Newsletters about Preventive Service,0,NA,NA,NA,NA,NA,2
DHHS_CMS,"GRIFFITH, H. Morgan",2014-07-21,Re: email sent from www.MyMedicare.gov / Newsletters about Preventive Service,1,NA,NA,NA,NA,NA,2
DOL_MSHA,"MANCHIN, Joe, III",2014-07-21,NA,NA,NA,NA,NA,NA,no subject,2
DOL_MSHA,"MANCHIN, Joe, III",2014-07-21,NA,NA,NA,NA,NA,NA,NA,2
DHHS_CMS,"SMITH, Christopher Henry",2014-07-21,Concerns Regarding the Pace Program,5,1,NA,NA,NA,NA,2
DHHS_CMS,"SMITH, Christopher Henry",2014-07-21,Concerns Regarding the Pace Program,5,NA,NA,NA,NA,NA,2
DHHS_CMS,"UDALL, Mark",2014-07-21,Medicare And Medical EHR Incentive Program,5,2,NA,NA,NA,NA,2
DHHS_CMS,"UDALL, Mark",2014-07-21,Medicare And Medical EHR Incentive Program,4,5,NA,NA,NA,NA,2
DHHS_CMS,"SCHOCK, Aaron",2014-07-24,Concerns With (CMS) Center For Medicare and Medicaid Services Ability to Rapidly Reimburse New Innovative Technologies Within Medicare's Reimbursement System,5,NA,NA,NA,NA,NA,2
DHHS_CMS,"SCHOCK, Aaron",2014-07-24,Concerns With (CMS) Center For Medicare and Medicaid Services Ability to Rapidly Reimburse New Innovative Technologies Within Medicare's Reimbursement System,5,4,NA,NA,NA,NA,2
DHHS_CMS,"BLUMENTHAL, Richard",2014-07-25,Issues with Adequate Reimbursement for New and Innovative Antibiotic Products,5,NA,NA,NA,NA,NA,2
DHHS_CMS,"BLUMENTHAL, Richard",2014-07-25,Issues with Adequate Reimbursement for New and Innovative Antibiotic Products,4,5,NA,NA,NA,NA,2
DHHS_CMS,"MENENDEZ, Robert",2014-07-29,Concerns Regarding DMEPOS Competitive Bidding Round 2 Recompete,5,2,NA,NA,NA,NA,2
DHHS_CMS,"MENENDEZ, Robert",2014-07-29,Concerns Regarding DMEPOS Competitive Bidding Round 2 Recompete,4,5,NA,NA,NA,NA,2
DHHS_CMS,"HATCH, Orrin Grant",2014-07-31,"(CONG DEL 5): Response by August 22, 2014 re: the report on Healthcare.gov Contracting issues released today by GAO / Contract Oversight and Management for the Federally Facilitated Marketplace (FFM)",5,NA,information,report on Healthcare.gov Contracting issues released today by GAO,NA,NA,2
DHHS_CMS,"HATCH, Orrin Grant",2014-07-31,"(CONG DEL 5): Response by August 22, 2014 re: the report on Healthcare.gov Contracting issues released today by GAO / Contract Oversight and Management for the Federally Facilitated Marketplace (FFM)",5,NA,information,report on Healthcare.gov Contracting issues released today by GAO / Contract Oversight and Management for the Federally Facilitated Marketplace (FFM),2014-07-31,NA,2
DHHS_CMS,"McCAIN, John Sidney, III",2014-07-31,"Urges Medicare reimbursement fee be established and for coverage of iWalk, Inc.'s BiOM Ankle & Foot System.",2,NA,NA,NA,NA,NA,2
DHHS_CMS,"McCAIN, John Sidney, III",2014-07-31,"Urges Medicare reimbursement fee be established and for coverage of iWalk, Inc.'s BiOM Ankle & Foot System.",5,2,NA,NA,NA,NA,2
DHHS_CMS,"PAULSEN, Erik",2014-07-31,(CONG Del 7) Re: Cuts to the Reimbursement Rates for Nerve Conduction Studies (NCS) and Electromyography (EMG) Neuromuscular Diagnostic Tests in the 2013 Medicare Physician Fee Schedule Final Rule.,5,NA,rule,2013 Medicare Physician Fee Schedule Final Rule,past,NA,2
DHHS_CMS,"PAULSEN, Erik",2014-07-31,(CONG Del 7) Re: Cuts to the Reimbursement Rates for Nerve Conduction Studies (NCS) and Electromyography (EMG) Neuromuscular Diagnostic Tests in the 2013 Medicare Physician Fee Schedule Final Rule.,4,5,rule,Cuts to the Reimbursement Rates for Nerve Conduction Studies (NCS) and Electromyography (EMG) Neuromuscular Diagnostic Tests in the 2013 Medicare Physician Fee Schedule Final Rule.,NA,NA,2
DHHS_CMS,"ALEXANDER, Lamar",2014-08-05,Concerns Regarding An Extension in the Rehabilitation Facility,1,NA,NA,NA,NA,NA,2
DHHS_CMS,"ALEXANDER, Lamar",2014-08-05,Concerns Regarding An Extension in the Rehabilitation Facility,2,3,NA,NA,NA,NA,2
DHHS_CMS,"DEUTCH, Theodore E. (Ted)",2014-08-05,Concerning Change Of Address To Medicare.,1,NA,NA,NA,NA,NA,2
DHHS_CMS,"DEUTCH, Theodore E. (Ted)",2014-08-05,Concerns Regarding Address Changes,1,NA,NA,NA,NA,NA,2
DHHS_CMS,"DEUTCH, Theodore E. (Ted)",2014-08-05,Concerning Change Of Address To Medicare.,1,2,NA,NA,NA,NA,2
DHHS_CMS,"DEUTCH, Theodore E. (Ted)",2014-08-05,Concerns Regarding Address Changes,1,2,NA,NA,NA,NA,2
DHHS_CMS,"HIRONO, Mazie",2014-08-05,Concerns Regarding Medicare Payment,1,NA,NA,NA,NA,NA,2
DHHS_CMS,"HIRONO, Mazie",2014-08-05,Concerns Regarding Medicare Payment,1,2,NA,NA,NA,NA,2
DHHS_CMS,"MENENDEZ, Robert",2014-08-05,Concerns Regarding The Medical Center's Lung Transplants Program,5,NA,NA,NA,NA,NA,2
DHHS_CMS,"MENENDEZ, Robert",2014-08-05,Concerns Regarding The Medical Center's Lung Transplants Program,5,2,NA,NA,NA,NA,2
DHHS_CMS,"MURPHY, Timothy",2014-08-05,Concerned that CMS has Delayed Implementing Sereval Aspects of the SMART ACT,5,NA,legislation,SMART Act,NA,NA,2
DHHS_CMS,"MURPHY, Timothy",2014-08-05,Concerned that CMS has Delayed Implementing Sereval Aspects of the SMART ACT,5,NA,legislation,SMART ACT,NA,NA,2
DHHS_CMS,"UDALL, Thomas (Tom)",2014-08-06,"Four Members of the New Mexico Congressional Delegation deeply concerned about attaxhed letter from New Mexico Auditor Hector Balderas outling serious concerns with last year's sudden disruption of a vast majority of the state's behavorial health services, which was primarily based on a report that had not uncovered credible allegations of fraud. Problems stem from the fact that the New Mexico Human Services Department suspended Medicaid payments to 15 nonprofit behavorial health providers due to so-called 'credible allegations of fraud.'",3,5,NA,NA,NA,NA,2
DHHS_CMS,"UDALL, Thomas (Tom)",2014-08-06,"Four Members of the New Mexico Congressional Delegation deeply concerned about attaxhed letter from New Mexico Auditor Hector Balderas outling serious concerns with last year's sudden disruption of a vast majority of the state's behavorial health services, which was primarily based on a report that had not uncovered credible allegations of fraud. Problems stem from the fact that the New Mexico Human Services Department suspended Medicaid payments to 15 nonprofit behavorial health providers due to so-called 'credible allegations of fraud.'",5,NA,NA,NA,NA,NA,2
DHHS_CMS,"WITTMAN, Robert J.",2014-08-06,Dropped Medicaid/Medicaid Audit Concerns.,1,2,NA,NA,NA,NA,2
DHHS_CMS,"WITTMAN, Robert J.",2014-08-06,Dropped Medicaid/Medicaid Audit Concerns.,1,NA,NA,NA,NA,NA,2
DHHS_CMS,"PAYNE, Donald, Jr.",2014-08-07,Requesting your assistance with an issue related to the Medical Center Lung Transplant Program.,1,NA,NA,NA,NA,NA,2
DHHS_CMS,"PAYNE, Donald, Jr.",2014-08-07,Requesting your assistance with an issue related to the Medical Center Lung Transplant Program.,5,1,NA,NA,NA,NA,2
DHHS_CMS,"CICILLINE, David N.",2014-08-08,Write to ask that the Center for Medicare and Medicaid Services (CMS) Consider Extending an Exiting Harpship Excecption for the Upcoming Electronic Health Records incentive Program,4,2,NA,NA,NA,NA,2
DHHS_CMS,"CICILLINE, David N.",2014-08-08,Write to ask that the Center for Medicare and Medicaid Services (CMS) Consider Extending an Exiting Harpship Excecption for the Upcoming Electronic Health Records incentive Program,2,4,NA,NA,NA,NA,2
DHHS_CMS,"CAPPS, Lois",2014-08-12,Electronic Health Records Implementation,5,4,NA,NA,NA,NA,2
DHHS_CMS,"CAPPS, Lois",2014-08-12,Electronic Health Records Implementation,4,5,NA,NA,NA,NA,2
DHHS_CMS,"REED, Thomas W. II",2014-08-13,(Del Cong)  Expressed Concerns Regarding the 2015 Proposed Home Health Prospective Payment System (HHPPS) Rule by (CMS) Which will be Finalized in the Coming Month,5,NA,rule,2015 Proposed Home Health Prospective Payment System (HHPPS) Rule,future,NA,2
DHHS_CMS,"REED, Thomas W. II",2014-08-13,(Del Cong)  Expressed Concerns Regarding the 2015 Proposed Home Health Prospective Payment System (HHPPS) Rule by (CMS) Which will be Finalized in the Coming Month,5,NA,rule,NA,NA,NA,2
EPA,"GOODLATTE, Robert William",2014-08-15,EPA'S PROPOSED RULE ON THE PERFORMANCE FOR NEW RESIDENTIAL WOOD HEATERS,4,"NA",NA,NA,NA,"NA",2
EPA,"GOODLATTE, Robert William",2014-08-15,EPA'S PROPOSED RULE ON THE PERFORMANCE FOR NEW RESIDENTIAL WOOD HEATERS,4,NA,NA,NA,NA,"NA",2
DHHS_CMS,"GOODLATTE, Robert William",2014-08-20,"Across the Commonwealth of Virginia and specifically in the Sixth Congressional District, individuals have seen an increase in health insurance costs as the Patient Protection and Affordable Care Act (PPACA) has been implemented.",5,NA,legislation,Patient Protection and Affordable Care Act (PPACA),NA,NA,2
DHHS_CMS,"GOODLATTE, Robert William",2014-08-20,"Across the Commonwealth of Virginia and specifically in the Sixth Congressional District, individuals have seen an increase in health insurance costs as the Patient Protection and Affordable Care Act (PPACA) has been implemented.",4,NA,legislation,Patient Protection and Affordable Care Act (PPACA),NA,NA,2
DHHS_CMS,"ISRAEL, Steve",2014-08-20,Concerns Regarding the New York State's Vital Access Program (VAP) funding for Visiting Nursing Associated of Long Island (VNALI),3,5,NA,NA,NA,NA,2
DHHS_CMS,"ISRAEL, Steve",2014-08-20,Concerns Regarding the New York State's Vital Access Program (VAP) funding for Visiting Nursing Associated of Long Island (VNALI),3,NA,NA,NA,NA,NA,2
DOL_MSHA,"MIKULSKI, Barbara Ann",2014-08-20,Alleges Inequality In Pay & Requests Assistance With Case,1,NA,lawsuit,NA,NA,also see 478 and 488,2
DOL_MSHA,"MIKULSKI, Barbara Ann",2014-08-20,Alleges Inequality In Pay & Requests Assistance With Case,NA,NA,NA,NA,NA,NA,2
DHHS_CMS,"WYDEN, Ronald Lee",2014-08-21,Balance billing of a Senior Advantage member,1,2,NA,NA,NA,NA,2
DHHS_CMS,"WYDEN, Ronald Lee",2014-08-21,Balance billing of a Senior Advantage member,1,NA,NA,NA,NA,NA,2
DHHS_CMS,"BARRASSO, John A.",2014-08-27,"(CONG DEL 2): Request response by Sept 9 re: Enrollment in the Health Insurance Exchanges Update / (4) Question/Infomation (Breakdown A's based on the state, medal level and age of the enrollees)",5,NA,NA,NA,NA,NA,2
DHHS_CMS,"BARRASSO, John A.",2014-08-27,"(CONG DEL 2): Request response by Sept 9 re: Enrollment in the Health Insurance Exchanges Update / (4) Question/Infomation (Breakdown A's based on the state, medal level and age of the enrollees)",5,NA,information,"Enrollment in the Health Insurance Exchanges Update / (4) Question/Infomation (Breakdown A's based on the state, medal level and age of the enrollees)",NA,NA,2
DHHS_CMS,"McKINLEY, David",2014-09-02,CMS -1614-P Baha Proposed Rule.,5,NA,rule,CMS -1614-P Baha Proposed Rule.,future,NA,2
DHHS_CMS,"McKINLEY, David",2014-09-02,CMS -1614-P Baha Proposed Rule.,5,4,rule,CMS -1614-P Baha Proposed Rule.,future,NA,2
DHHS_CMS,"BROWNLEY, Julia",2014-09-09,Community-Based Care Transition Program CT-0912-0063: Ventura County Care Transitions Community Partnerships Lead CBO Ventura County Area Agency on Aging.,3,NA,NA,NA,NA,NA,2
DHHS_CMS,"BROWNLEY, Julia",2014-09-09,Community-Based Care Transition Program CT-0912-0063: Ventura County Care Transitions Community Partnerships Lead CBO Ventura County Area Agency on Aging.,3,5,NA,NA,NA,NA,2
DHHS_CMS,"GRASSLEY, Charles Ernest",2014-09-09,Writing on Behalf of a Constituent's Concerns About the Fingerprinting Requirements of a Provider of DME,2,1,NA,NA,NA,NA,2
DHHS_CMS,"GRASSLEY, Charles Ernest",2014-09-09,Writing on Behalf of a Constituent's Concerns About the Fingerprinting Requirements of a Provider of DME,1,2,NA,NA,NA,NA,2
DOD_OIG,"GRASSLEY, Charles Ernest",2014-09-09,NA,5,NA,information,NA,NA,NA,2
DOD_OIG,"GRASSLEY, Charles Ernest",2014-09-09,NA,5,NA,oversight,NA,NA,NA,2
DOL_MSHA,"RAHALL, Nick Joe, II",2014-09-11,Support Application To Serve As Superintendent For Mine Health and Safety,5,NA,Superintendent For Mine Health and Safety,NA,NA,more related to 5s than a 1 since within administration,2
DOL_MSHA,"RAHALL, Nick Joe, II",2014-09-11,Support Application To Serve As Superintendent For Mine Health and Safety,NA,NA,NA,NA,NA,NA,2
DHHS_CMS,"ENGEL, Eliot Lance",2014-09-12,Writes regarding CMS' intended issuance of $1.25 billion disallowance of NY Medicaid funds for SFY 2010-2011. Concerns regarding the impact of this disallowance on persons with developmental disabilities.,5,NA,NA,NA,NA,NA,2
DHHS_CMS,"ENGEL, Eliot Lance",2014-09-12,Writes regarding CMS' intended issuance of $1.25 billion disallowance of NY Medicaid funds for SFY 2010-2011. Concerns regarding the impact of this disallowance on persons with developmental disabilities.,5,3,NA,NA,NA,NA,2
DHHS_CMS,"FLAKE, Jeff",2014-09-15,Writing Regarding Provision Contained in the Center For Medicare and Medicaid Services (CMS) Physician Fee Schedule Proposed For 2015,5,NA,rule,Provision Contained in the Center For Medicare and Medicaid Services (CMS) Physician Fee Schedule Proposed For 2015,future,NA,2
DHHS_CMS,"FLAKE, Jeff",2014-09-15,Writing Regarding Provision Contained in the Center For Medicare and Medicaid Services (CMS) Physician Fee Schedule Proposed For 2015,4,5,rule,Provision Contained in the Center For Medicare and Medicaid Services (CMS) Physician Fee Schedule Proposed For 2015,future,NA,2
DHHS_CMS,"SCOTT, Tim",2014-09-18,Concerns With The Local Coverage Determination (LCD) For Mohs Micrographic Surgery (MMS),1,NA,NA,NA,NA,NA,2
DHHS_CMS,"SCOTT, Tim",2014-09-18,Concerns With The Local Coverage Determination (LCD) For Mohs Micrographic Surgery (MMS),2,4,NA,NA,NA,NA,2
DHHS_CMS,"TIBERI, Patrick (Pat)",2014-09-18,Writing Express Concern With The Electronic Health Record (EHR) Meaningful Use Program.,5,NA,NA,NA,NA,NA,2
DHHS_CMS,"TIBERI, Patrick (Pat)",2014-09-18,Writing Express Concern With The Electronic Health Record (EHR) Meaningful Use Program.,5,4,NA,NA,NA,NA,2
DHHS_CMS,"DENT, Charles W.",2014-09-19,Request for Support From CMS,1,NA,NA,NA,NA,NA,2
DHHS_CMS,"DENT, Charles W.",2014-09-19,Request for Support From CMS,1,2,NA,NA,NA,NA,2
DHHS_CMS,"SCOTT, Austin",2014-09-19,Writing on Behalf of a Constituent's Denied Medicare Enrollment Application,1,NA,NA,NA,NA,NA,2
DHHS_CMS,"SCOTT, Austin",2014-09-19,Writing on Behalf of a Constituent's Denied Medicare Enrollment Application,1,2,NA,NA,NA,NA,2
DHHS_CMS,"HONDA, Mike",2014-09-22,Regarding Durable Medical Equipment Medicare Administrative Contractor (DME MAC) Actions Concerning Speech Generating Devices (SGDs),5,2,NA,NA,NA,NA,2
DHHS_CMS,"HONDA, Mike",2014-09-22,Regarding Durable Medical Equipment Medicare Administrative Contractor (DME MAC) Actions Concerning Speech Generating Devices (SGDs),5,NA,NA,NA,NA,NA,2
DHHS_CMS,"NELSON, Clarence William (Bill)",2014-09-23,Regarding Medicare Fraud,1,NA,NA,NA,NA,NA,2
DHHS_CMS,"NELSON, Clarence William (Bill)",2014-09-23,Regarding Medicare Fraud,1,5,NA,NA,NA,NA,2
DHHS_CMS,"BLUMENAUER, Earl",2014-09-24,The Centers for Medicare and Medicaids Services (CMS) Currently Does Not Reimburse Medicare Provider For Having Such Conversations With Their Patients,4,5,NA,NA,NA,NA,2
DHHS_CMS,"BLUMENAUER, Earl",2014-09-24,The Centers for Medicare and Medicaids Services (CMS) Currently Does Not Reimburse Medicare Provider For Having Such Conversations With Their Patients,2,4,NA,NA,NA,NA,2
DHHS_CMS,"CARTWRIGHT, Matt",2014-09-24,Medicare Denied Ambulance Services,1,NA,NA,NA,NA,NA,2
DHHS_CMS,"CARTWRIGHT, Matt",2014-09-24,Medicare Denied Ambulance Services,1,2,NA,NA,NA,NA,2
DHHS_CMS,"SIRES, Albio",2014-09-24,Regarding Confirmation of Received Documents.,1,0,NA,NA,NA,NA,2
DHHS_CMS,"SIRES, Albio",2014-09-24,Regarding Confirmation of Received Documents.,1,2,NA,NA,NA,NA,2
DHHS_CMS,"SANFORD, Mark",2014-09-29,Diabetic Medical Supplies,1,NA,NA,NA,NA,NA,2
DHHS_CMS,"SANFORD, Mark",2014-09-29,Diabetic Medical Supplies,1,2,NA,NA,NA,NA,2
DHHS_CMS,"DOGGETT, Lloyd Alton, II",2014-09-30,"Followup to conversation seeking information regarding two Washington-area contactors, Cognosante and SRA International,  that CMS awarded millions of dollars to perform enrollment assistance.  Urges the [Secretary's] personal review of documents in order to determine the cost-effectiveness of the Enrollment Assistance Program (EAP)",5,2,NA,NA,NA,NA,2
DHHS_CMS,"DOGGETT, Lloyd Alton, II",2014-09-30,"Followup to conversation seeking information regarding two Washington-area contactors, Cognosante and SRA International,  that CMS awarded millions of dollars to perform enrollment assistance.  Urges the [Secretary's] personal review of documents in order to determine the cost-effectiveness of the Enrollment Assistance Program (EAP)",2,4,NA,NA,NA,NA,2
DHHS_CMS,"GARRETT, Scott",2014-10-02,Questions Regarding the Employer Mandate and the Affordable Care Act.,5,4,NA,NA,NA,NA,2
DHHS_CMS,"GARRETT, Scott",2014-10-02,Questions Regarding the Employer Mandate and the Affordable Care Act.,2,1,NA,NA,NA,NA,2
DHHS_CMS,"WARNER, Mark",2014-10-02,Inquires if Gender Reassignment Surgery is Covered Under Obamacare.,5,1,legislation,Affordable Care Act,NA,NA,2
DHHS_CMS,"WARNER, Mark",2014-10-02,Inquires if Gender Reassignment Surgery is Covered Under Obamacare.,5,NA,legislation,Affordable Care Act,NA,NA,2
DHHS_CMS,"SINEMA, Kyrsten",2014-10-03,Email - Letter co-addressed to Jeh Johnson (Homeland Security) - Writes to request information and action regarding the growing threat of cyber-attacks against healthcare networks and hospital systems.,5,NA,information,growing threat of cyber-attacks against healthcare networks and hospital systems,NA,NA,2
DHHS_CMS,"SINEMA, Kyrsten",2014-10-03,Email - Letter co-addressed to Jeh Johnson (Homeland Security) - Writes to request information and action regarding the growing threat of cyber-attacks against healthcare networks and hospital systems.,5,NA,information,Writes to request information and action regarding the growing threat of cyber-attacks against healthcare networks and hospital systems.,NA,NA,2
DOL_MSHA,"MIKULSKI, Barbara Ann",2014-10-07,Alleges Inequality In Pay,1,NA,lawsuit,NA,NA,NA,2
DOL_MSHA,"MIKULSKI, Barbara Ann",2014-10-07,Alleges Inequality In Pay,NA,NA,NA,NA,NA,NA,2
DHHS_CMS,"SHELBY, Richard C.",2014-10-07,Cababa Government Benefit Administrators.,2,5,NA,NA,NA,NA,2
DHHS_CMS,"SHELBY, Richard C.",2014-10-07,Cababa Government Benefit Administrators.,0,NA,NA,NA,NA,NA,2
DHHS_CMS,"McCONNELL, Addison Mitchell (Mitch)",2014-10-09,Regarding the Proposed Rule for the CY 2015 Medicare Physician Fee Schedule,5,4,rule,Proposed Rule for the CY 2015 Medicare Physician Fee Schedule,future,NA,2
DHHS_CMS,"McCONNELL, Addison Mitchell (Mitch)",2014-10-09,Regarding the Proposed Rule for the CY 2015 Medicare Physician Fee Schedule,5,NA,rule,Proposed Rule for the CY 2015 Medicare Physician Fee Schedule,future,NA,2
DHHS_CMS,"SESSIONS, Jefferson Beauregard III (Jeff)",2014-10-09,Issues with Verification and the Healthcare Marketplace.,1,2,NA,NA,NA,NA,2
DHHS_CMS,"SESSIONS, Jefferson Beauregard III (Jeff)",2014-10-09,Issues with Verification and the Healthcare Marketplace.,2,1,NA,NA,NA,NA,2
DOL_MSHA,"CAPITO, Shelley Moore",2014-10-10,Certification for MSHA GS-6 Level Position,1,NA,NA,NA,NA,NA,2
DOL_MSHA,"CAPITO, Shelley Moore",2014-10-10,Certification for MSHA GS-6 Level Position,NA,NA,NA,NA,NA,NA,2
DOL_MSHA,"UDALL, Thomas (Tom)",2014-10-14,Complaint Against MSHA & Requests OIG To Investigate,5,NA,investigation,NA,NA,"does not name a constituent type, seems like his request",2
DOL_MSHA,"UDALL, Thomas (Tom)",2014-10-14,Complaint Against MSHA & Requests OIG To Investigate,NA,NA,NA,NA,NA,NA,2
DOL_MSHA,"SESSIONS, Jefferson Beauregard III (Jeff)",2014-10-16,Hostile Work Environment Complaint,1,NA,NA,NA,NA,NA,2
DOL_MSHA,"SESSIONS, Jefferson Beauregard III (Jeff)",2014-10-16,Hostile Work Environment Complaint,NA,NA,NA,NA,NA,NA,2
DHHS_CMS,"CARPER, Thomas Richard",2014-10-20,"(CONG DEL 2): Oversight - CMS Quarterly Rpt on Actions to Combat Waste, Fraud and Abuse in Medicare Part D Prescription Drug Program (Part D) / Updates re: Key Program Integrity Metrics.",5,NA,NA,NA,NA,NA,2
DHHS_CMS,"CARPER, Thomas Richard",2014-10-20,"(CONG DEL 2): Oversight - CMS Quarterly Rpt on Actions to Combat Waste, Fraud and Abuse in Medicare Part D Prescription Drug Program (Part D) / Updates re: Key Program Integrity Metrics.",5,NA,information,"CMS Quarterly Rpt on Actions to Combat Waste, Fraud and Abuse in Medicare Part D Prescription Drug Program",NA,NA,2
DHHS_CMS,"MURPHY, Timothy",2014-10-20,Writes Regarding The (HBCS) Home and Base Community Serivce under Section (1915) of the Social Security . Act,5,NA,legislation,Home and Base Community Service under Section (1915) of the Social Security Act,NA,NA,2
DHHS_CMS,"MURPHY, Timothy",2014-10-20,Writes Regarding The (HBCS) Home and Base Community Serivce under Section (1915) of the Social Security . Act,5,4,legislation,Home and Base Community Serivce under Section (1915) of the Social Security . Act,NA,NA,2
DHHS_CMS,"POE, Ted",2014-10-20,Concern Regarding Dr Cover under the Marketplace Insurance Plan,1,NA,NA,NA,NA,NA,2
DHHS_CMS,"POE, Ted",2014-10-20,Concern Regarding Dr Cover under the Marketplace Insurance Plan,1,2,NA,NA,NA,NA,2
DHHS_CMS,"WARNER, Mark",2014-10-20,Concerns Regarding Pharmacauetical Companies Having Control with Cost of Drugs and the Unfair of Prices,1,5,NA,NA,NA,NA,2
DHHS_CMS,"WARNER, Mark",2014-10-20,Concerns Regarding Pharmacauetical Companies Having Control with Cost of Drugs and the Unfair of Prices,1,NA,NA,NA,NA,NA,2
DHHS_CMS,"GARRETT, Scott",2014-10-21,Concerns Regarding being Billed for Services that were Never Received.,1,2,NA,NA,NA,NA,2
DHHS_CMS,"GARRETT, Scott",2014-10-21,Concerned Bills are not being Processed and Paid by Medicare.,1,2,NA,NA,NA,NA,2
DHHS_CMS,"GARRETT, Scott",2014-10-21,Concerns Regarding Reimbursement Rate for 78815 and A4641,2,1,NA,NA,NA,NA,2
DHHS_CMS,"GARRETT, Scott",2014-10-21,Concerns Regarding Reimbursement Rate for 78815 and A4641,2,4,NA,NA,NA,NA,2
DHHS_CMS,"GARRETT, Scott",2014-10-21,Concerned Bills are not being Processed and Paid by Medicare.,1,NA,NA,NA,NA,NA,2
DHHS_CMS,"GARRETT, Scott",2014-10-21,Concerns Regarding being Billed for Services that were Never Received.,1,NA,NA,NA,NA,NA,2
DHHS_CMS,"GRIFFIN, Tim",2014-10-21,Updated Committee (AMC RUC) Recommeded Changes to The Current Procedural Terminology (CPT) Medical Code Set,5,NA,NA,NA,NA,NA,2
DHHS_CMS,"GRIFFIN, Tim",2014-10-21,RE: CY 2015 Physician Fee Schedule (PFS) Final Rule (Radiation Oncology).Updated Committee (AMC RUC) Recommeded Changes to The Current Procedural Terminology (CPT) Medical Code Set.,5,NA,rule,CY 2015 Physician Fee Schedule (PFS) Final Rule (Radiation Oncology),NA,NA,2
DHHS_CMS,"GRIFFIN, Tim",2014-10-21,RE: CY 2015 Physician Fee Schedule (PFS) Final Rule (Radiation Oncology).Updated Committee (AMC RUC) Recommeded Changes to The Current Procedural Terminology (CPT) Medical Code Set.,4,5,rule,CY 2015 Physician Fee Schedule (PFS) Final Rule (Radiation Oncology),NA,NA,2
DHHS_CMS,"GRIFFIN, Tim",2014-10-21,Updated Committee (AMC RUC) Recommeded Changes to The Current Procedural Terminology (CPT) Medical Code Set,5,4,NA,NA,NA,NA,2
DHHS_CMS,"GOSAR, Paul",2014-10-22,CMS (Medicare) Has Mandated Competitive Bidding Prices To Rural Areas.,5,NA,NA,NA,NA,NA,2
DHHS_CMS,"GOSAR, Paul",2014-10-22,Concerns with access to Medicare products in rural areas,5,1,NA,NA,NA,NA,2
DHHS_CMS,"GOSAR, Paul",2014-10-22,CMS (Medicare) Has Mandated Competitive Bidding Prices To Rural Areas.,5,4,NA,NA,NA,NA,2
DHHS_CMS,"GOSAR, Paul",2014-10-22,Concerns with access to Medicare products in rural areas,5,NA,NA,NA,NA,NA,2
DHHS_CMS,"LUJAN GRISHAM, Michelle",2014-10-23,Regarding Billing Codes for Preventive Services. X-REF#092620141006,5,2,NA,NA,NA,NA,2
DHHS_CMS,"LUJAN GRISHAM, Michelle",2014-10-23,Regarding Billing Codes for Preventive Services. X-REF#092620141006,5,4,NA,NA,NA,NA,2
DHHS_CMS,"SESSIONS, Jefferson Beauregard III (Jeff)",2014-10-23,Concerns Regarding Patients and Meaningful Use.,2,3,NA,NA,NA,NA,2
DHHS_CMS,"SESSIONS, Jefferson Beauregard III (Jeff)",2014-10-23,Concerns Regarding Patients and Meaningful Use.,5,4,NA,NA,NA,NA,2
DOL_MSHA,"MIKULSKI, Barbara Ann",2014-10-30,Allegations Of Unequal Treatment & Discrimination,1,NA,NA,NA,NA,NA,2
DOL_MSHA,"MIKULSKI, Barbara Ann",2014-10-30,Allegations Of Unequal Treatment & Discrimination,NA,NA,NA,NA,NA,NA,2
DHHS_CMS,"SEWELL, Terri",2014-11-03,"Inquiry on Champion Home Care, LLC",2,5,NA,NA,NA,NA,2
DHHS_CMS,"SEWELL, Terri",2014-11-03,"Inquiry on Champion Home Care, LLC",2,NA,NA,NA,NA,NA,2
DHHS_CMS,"WARNER, Mark",2014-11-04,Regarding the Latest Guidelines on How to Rebate Money from Insurance Carriers that Fail to Reach the Medical Loss Ration (MLR) Standards.,5,NA,NA,NA,NA,NA,2
DHHS_CMS,"WARNER, Mark",2014-11-04,Regarding the Latest Guidelines on How to Rebate Money from Insurance Carriers that Fail to Reach the Medical Loss Ration (MLR) Standards.,5,4,NA,NA,NA,NA,2
DHHS_CMS,"NEAL, Richard Edmund",2014-11-10,Clarification on ACA Section 1341; Transitional Reinsurance Fee and a Self Insured Trust,5,NA,legislation,Section 1341 of the Affordable Care Act,NA,NA,2
DHHS_CMS,"NEAL, Richard Edmund",2014-11-10,Clarification on ACA Section 1341; Transitional Reinsurance Fee and a Self Insured Trust,5,NA,legislation,Clarification on ACA Section 1341; Transitional Reinsurance Fee and a Self Insured Trust,NA,NA,2
DHHS_CMS,"BENISHEK, Dan",2014-11-12,Medicare Payment/Billing Issue,1,NA,NA,NA,NA,NA,2
DHHS_CMS,"BENISHEK, Dan",2014-11-12,Medicare Payment/Billing Issue,1,2,NA,NA,NA,NA,2
DHHS_CMS,"CARTWRIGHT, Matt",2014-11-12,Outstanding Billing Concerns From Services Done At St. Luke's Hospital In June 2014.,2,1,NA,NA,NA,NA,3
DHHS_CMS,"CARTWRIGHT, Matt",2014-11-12,Outstanding Billing Concerns From Services Done At St. Luke's Hospital In June 2014.,2,NA,NA,NA,NA,NA,3
DHHS_CMS,"CARTWRIGHT, Matt",2014-11-12,Outstanding Billing Concerns From Services Done At St. Luke's Hospital In June 2014.,1,3,NA,NA,NA,NA,3
DHHS_CMS,"CAMPBELL, John (of California)",2014-11-14,Orange County Care Transitions Partmership - AppealTo CMS.,3,NA,NA,NA,NA,NA,2
DHHS_CMS,"CAMPBELL, John (of California)",2014-11-14,Orange County Care Transitions Partmership - AppealTo CMS.,3,2,NA,NA,NA,NA,2
DHHS_CMS,"WILSON, Addison Graves (Joe)",2014-11-14,Concerns Regarding 340b.,4,2,NA,NA,NA,NA,2
DHHS_CMS,"WILSON, Addison Graves (Joe)",2014-11-14,Concerns Regarding 340b.,5,NA,NA,NA,NA,NA,2
DHHS_CMS,"GRIFFITH, H. Morgan",2014-11-18,Concerns with monthly penalty for Part D,5,1,NA,NA,NA,NA,2
DHHS_CMS,"GRIFFITH, H. Morgan",2014-11-18,Concerns with monthly penalty for Part D,1,5,NA,NA,NA,NA,2
DHHS_CMS,"SÁNCHEZ, Linda T.",2014-11-20,Writing to Express Concern About An Anomaly in the Meaningful Difference Regulation for Medicare Part D Beneficiaries that may Limit Access for Low Incomes,5,NA,rule,Anomaly in the Meaningful Difference Regulation for Medicare Part D Beneficiaries that may Limit Access for Low Incomes,NA,NA,2
DHHS_CMS,"SÁNCHEZ, Linda T.",2014-11-20,Writing to Express Concern About An Anomaly in the Meaningful Difference Regulation for Medicare Part D Beneficiaries that may Limit Access for Low Incomes,5,NA,rule,Writing to Express Concern About An Anomaly in the Meaningful Difference Regulation for Medicare Part D Beneficiaries that may Limit Access for Low Incomes,NA,NA,2
DOD_OIG,"HOLDING, George E.B.",2014-11-21,NA,5,NA,investigation,NA,NA,NA,2
DOD_OIG,"HOLDING, George E.B.",2014-11-21,NA,1,NA,NA,NA,NA,NA,2
DOD_OIG,"GRASSLEY, Charles Ernest",2014-11-24,NA,5,NA,information,NA,NA,NA,2
DOD_OIG,"GRASSLEY, Charles Ernest",2014-11-24,NA,1,NA,NA,NA,NA,NA,2
DHHS_CMS,"OWENS, William",2014-11-24,DEL (16) CONG: New York Vital Access Provider (VAP) Funds and Hospital Inpatient and Outpatient Upper Payment Limit (UPL),5,3,NA,NA,NA,NA,2
DHHS_CMS,"OWENS, William",2014-11-24,DEL (16) CONG: New York Vital Access Provider (VAP) Funds and Hospital Inpatient and Outpatient Upper Payment Limit (UPL),5,4,NA,NA,NA,NA,2
DHHS_CMS,"RYAN, Paul D.",2014-11-24,ACA R&B Solutions navigator grant.,2,NA,NA,NA,NA,NA,2
DHHS_CMS,"RYAN, Paul D.",2014-11-24,ACA R&B Solutions navigator grant.,2,3,NA,NA,NA,NA,2
DHHS_CMS,"ALEXANDER, Lamar",2014-12-02,"Request Provider Number , Was asked For Additional Inforamation. Still Waiting For Provider""s Number.",2,3,NA,NA,NA,NA,2
DHHS_CMS,"ALEXANDER, Lamar",2014-12-02,"Request Provider Number , Was asked For Additional Inforamation. Still Waiting For Provider""s Number.",2,1,NA,NA,NA,NA,2
DHHS_CMS,"FORBES, J. Randy",2014-12-02,New Medicare Procedures Request Individual To Be In The Store While Diabetes Test Strips Order Being Filled.,1,NA,NA,NA,NA,NA,2
DHHS_CMS,"FORBES, J. Randy",2014-12-02,New Medicare Procedures Request Individual To Be In The Store While Diabetes Test Strips Order Being Filled.,1,4,NA,NA,NA,NA,2
DHHS_CMS,"GRAVES, Tom",2014-12-03,Concerns over audits promted by chages in DME policy,4,2,NA,NA,NA,NA,2
DHHS_CMS,"GRAVES, Tom",2014-12-03,Concerns over audits promted by chages in DME policy,2,4,NA,NA,NA,NA,2
DOL_MSHA,"GIBSON, Christopher",2014-12-04,Issue with MSHA on Unpaid Health Insurance Premiums & Not Offered COBRA,1,NA,NA,NA,NA,NA,2
DOL_MSHA,"GIBSON, Christopher",2014-12-04,Issue with MSHA on Unpaid Health Insurance Premiums & Not Offered COBRA,NA,NA,NA,NA,NA,NA,2
DHHS_CMS,"JOHNSON, Sam",2014-12-04,Issues with Medicare claim/billing,1,NA,NA,NA,NA,NA,2
DHHS_CMS,"JOHNSON, Sam",2014-12-04,Issues with Medicare claim/billing,1,2,NA,NA,NA,NA,2
DHHS_CMS,"GRAVES, Tom",2014-12-05,Concerned about penalty for drug plan,5,NA,NA,NA,NA,NA,2
DHHS_CMS,"GRAVES, Tom",2014-12-05,Concerned about penalty for drug plan,5,1,NA,NA,NA,NA,2
DHHS_CMS,"DENHAM, Jeff",2014-12-09,Concerns Regarding Medicare Billing Issues,1,NA,NA,NA,NA,NA,2
DHHS_CMS,"DENHAM, Jeff",2014-12-09,Concerns Regarding Medicare Billing Issues,1,2,NA,NA,NA,NA,2
DOL_MSHA,"SESSIONS, Jefferson Beauregard III (Jeff)",2014-12-22,Hostile Work Environment Complalnt/Second Request,1,NA,NA,NA,NA,NA,2
DOL_MSHA,"SESSIONS, Jefferson Beauregard III (Jeff)",2014-12-22,Hostile Work Environment Complalnt/Second Request,NA,NA,NA,NA,NA,NA,2
DHHS_CMS,"DOGGETT, Lloyd Alton, II",2014-12-29,Regarding 60-Day Special Enrollment Period to be Triggered When a Taxpayer Making a Shared Responsibility Payment Files for 2014 Federal Income Tax Return After Open Enrollment Ends,5,NA,NA,NA,NA,NA,2
DHHS_CMS,"DOGGETT, Lloyd Alton, II",2014-12-29,Regarding 60-Day Special Enrollment Period to be Triggered When a Taxpayer Making a Shared Responsibility Payment Files for 2014 Federal Income Tax Return After Open Enrollment Ends,1,5,NA,NA,NA,NA,2
DHHS_CMS,"GRASSLEY, Charles Ernest",2015-01-13,"(Response by January 27, 2015): concerning CoOportunity's Failure / New Loan Program to fund Consumer Operated and Oriented Plans, or co-ops. (7) Questions about how CMS administered the co-op funding",5,NA,NA,NA,NA,NA,2
DHHS_CMS,"GRASSLEY, Charles Ernest",2015-01-13,"(Response by January 27, 2015): concerning CoOportunity's Failure / New Loan Program to fund Consumer Operated and Oriented Plans, or co-ops. (7) Questions about how CMS administered the co-op funding",5,NA,information,Questions about how CMS administered the co-op funding,NA,NA,2
DHHS_CMS,"TOOMEY, Patrick Joseph",2015-01-16,Writes regarding federal regulations for resident in a Skilled Nursing Facility,1,2,NA,NA,NA,NA,2
DHHS_CMS,"TOOMEY, Patrick Joseph",2015-01-16,Writes regarding federal regulations for resident in a Skilled Nursing Facility,1,4,NA,NA,NA,NA,2
DHHS_CMS,"RUBIO, Marco",2015-01-22,Concern Medicare And QIOs Coverage/Payment.,1,2,NA,NA,NA,NA,2
DHHS_CMS,"RUBIO, Marco",2015-01-22,Concern Medicare And QIOs Coverage/Payment.,1,NA,NA,NA,NA,NA,2
DHHS_CMS,"BENISHEK, Dan",2015-01-23,Writes regarding Medicare Payment for Pharmacy,1,2,NA,NA,NA,NA,2
DHHS_CMS,"BENISHEK, Dan",2015-01-23,Writes regarding Medicare Payment for Pharmacy,2,1,NA,NA,NA,NA,2
DHHS_CMS,"PALLONE, Frank, Jr.",2015-01-26,Writes in regards to experiencing difficult with obtaining reimbursement for ABBA Transportation services that he provided to eligible patients,2,1,NA,NA,NA,NA,2
DHHS_CMS,"PALLONE, Frank, Jr.",2015-01-26,Writes in regards to experiencing difficult with obtaining reimbursement for ABBA Transportation services that he provided to eligible patients,2,NA,NA,NA,NA,NA,2
DHHS_CMS,"BROOKS, Susan",2015-01-27,Writes to express her concerns about the recent guidance from CMS to State Survey Agency re: the use of waived blood glucose monitoring systems (BGMS) in hospitals.,5,NA,rule,recent guidance from CMS to State Survey Agency re: the use of waived blood glucose monitoring systems (BGMS) in hospitals,NA,NA,2
DHHS_CMS,"BROOKS, Susan",2015-01-27,Writes to express her concerns about the recent guidance from CMS to State Survey Agency re: the use of waived blood glucose monitoring systems (BGMS) in hospitals.,5,NA,NA,NA,NA,NA,2
DHHS_CMS,"BARRASSO, John A.",2015-01-28,PCIP Claim - Fremont Therapy Group,2,NA,NA,NA,NA,NA,2
DHHS_CMS,"BARRASSO, John A.",2015-01-28,PCIP Claim - Fremont Therapy Group,2,1,NA,NA,NA,NA,2
DHHS_CMS,"CARPER, Thomas Richard",2015-01-28,Writing in Support for the Application Submitted by Health Partners Delmarva LLC to CMS for the Transforming Clinical Practice Initiative Grant,3,NA,NA,NA,NA,NA,2
DHHS_CMS,"CARPER, Thomas Richard",2015-01-28,Writing in Support for the Application Submitted by Health Partners Delmarva LLC to CMS for the Transforming Clinical Practice Initiative Grant,2,NA,NA,NA,NA,NA,2
DHHS_CMS,"DEUTCH, Theodore E. (Ted)",2015-01-28,Regarding an Update Concerning Social Security Numbers Being Removed from Medicare Beneficiary Cards,5,NA,NA,NA,NA,NA,2
DHHS_CMS,"DEUTCH, Theodore E. (Ted)",2015-01-28,Regarding an Update Concerning Social Security Numbers Being Removed from Medicare Beneficiary Cards,5,1,NA,NA,NA,NA,2
DHHS_CMS,"MENENDEZ, Robert",2015-01-29,Wills Eye Hospital: The Classification Of Specialty Eye Hospitals For Medicare Hospital Reimbursements.,4,5,NA,NA,NA,NA,2
DHHS_CMS,"MENENDEZ, Robert",2015-01-29,Wills Eye Hospital: The Classification Of Specialty Eye Hospitals For Medicare Hospital Reimbursements.,3,NA,NA,NA,NA,NA,2
DHHS_CMS,"BLACK, Diane",2015-02-06,ACO Proposed Rule - Writing to urge HHS in its finalization to the Proposed Rule to strike balance when encouraging organizations to take on escalating levels of financial risk.,5,4,rule,ACO Proposed Rule,NA,NA,2
DHHS_CMS,"BLACK, Diane",2015-02-06,ACO Proposed Rule - Writing to urge HHS in its finalization to the Proposed Rule to strike balance when encouraging organizations to take on escalating levels of financial risk.,5,4,rule,ACO Proposed Rule,future,NA,2
DHHS_CMS,"JOHNSON, Hank",2015-02-10,Writes regarding an ongoing issue concerning alleged inaccuracies in pricing for 2014's SLCSP.,1,NA,NA,NA,NA,NA,2
DHHS_CMS,"JOHNSON, Hank",2015-02-10,Writes regarding an ongoing issue concerning alleged inaccuracies in pricing for 2014's SLCSP.,2,4,NA,NA,NA,NA,2
DOL_MSHA,"MIKULSKI, Barbara Ann",2015-02-10,Inequality In Pay & Requests Assistance With Case,1,NA,lawsuit,NA,NA,NA,2
DOL_MSHA,"MIKULSKI, Barbara Ann",2015-02-10,Inequality In Pay & Requests Assistance With Case,NA,NA,NA,NA,NA,NA,2
DHHS_CMS,"GOODLATTE, Robert William",2015-02-13,"Forwards copy of letter to IRS Commissioner John Koskinen, regarding individuals wanting to join a Health Care Sharing Ministry to comply with the Affordable Care Act's individual mandate.",5,1,NA,NA,NA,NA,2
DHHS_CMS,"GOODLATTE, Robert William",2015-02-13,"Forwards copy of letter to IRS Commissioner John Koskinen, regarding individuals wanting to join a Health Care Sharing Ministry to comply with the Affordable Care Act's individual mandate.",1,3,NA,NA,NA,NA,2
DHHS_CMS,"CUMMINGS, Elijah Eugene",2015-02-18,Concerns Rearding Harassed,1,0,NA,NA,NA,NA,2
DHHS_CMS,"CUMMINGS, Elijah Eugene",2015-02-18,Concerns Rearding Harassed,1,NA,NA,NA,NA,NA,2
DHHS_CMS,"FLAKE, Jeff",2015-02-20,Medicare Advantage (MA),5,NA,NA,NA,NA,NA,2
DHHS_CMS,"FLAKE, Jeff",2015-02-20,Medicare Advantage (MA),5,1,NA,NA,NA,NA,2
DHHS_CMS,"CHABOT, Steve",2015-02-25,"E-mail - Expresses deep concern over mistakes in the President's health care law in the sending of incorrect tax information to 800,000 Americans, causing 50,000 individuals who have already completed there tax returns to re-file and making 750,000 Americans wait for their correct information before they can file. Of particular concern is small business owners who utilized the Small Business Health Options Program (SHOP) health insurance exchanges.",4,5,legislation,Affordable Care Act,NA,NA,2
DHHS_CMS,"CHABOT, Steve",2015-02-25,"E-mail - Expresses deep concern over mistakes in the President's health care law in the sending of incorrect tax information to 800,000 Americans, causing 50,000 individuals who have already completed there tax returns to re-file and making 750,000 Americans wait for their correct information before they can file. Of particular concern is small business owners who utilized the Small Business Health Options Program (SHOP) health insurance exchanges.",4,5,NA,NA,NA,NA,2
DOL_MSHA,"JENKINS, Evan H.",2015-02-25,Retaliation From MSHA Complaint,2,NA,enforcement,NA,NA,NA,2
DOL_MSHA,"JENKINS, Evan H.",2015-02-25,Retaliation From MSHA Complaint,NA,NA,NA,NA,NA,NA,2
DHHS_CMS,"LaMALFA, Doug",2015-02-26,"Issue with Payment / Overpayment Request from CMS on September 13, 2013",1,NA,NA,NA,NA,NA,2
DHHS_CMS,"LaMALFA, Doug",2015-02-26,"Issue with Payment / Overpayment Request from CMS on September 13, 2013",1,2,NA,NA,NA,NA,2
DHHS_CMS,"PETERS, Scott",2015-02-26,Writes regarding CMS has initiated a 5-Star Rating System for Dialysis Facilities. (Ref# 022620154067),5,NA,NA,NA,NA,NA,2
DHHS_CMS,"PETERS, Scott",2015-02-26,Writes regarding CMS has initiated a 5-Star Rating System for Dialysis Facilities. (Ref# 022620154067),4,5,NA,NA,NA,NA,2
DHHS_CMS,"SESSIONS, Pete",2015-02-26,Urges CMS to consider options to ensure that Physicians are being afforded due process rights.,5,NA,NA,NA,NA,NA,2
DHHS_CMS,"SESSIONS, Pete",2015-02-26,Urges CMS to consider options to ensure that Physicians are being afforded due process rights.,4,NA,NA,NA,NA,NA,2
DHHS_CMS,"ADERHOLT, Robert",2015-03-03,Writes in support for the Alabama Physician Allicance Practice Transformation Network for the Practice Transformation Network Grant Program.,3,2,NA,NA,NA,NA,2
DHHS_CMS,"ADERHOLT, Robert",2015-03-03,Writes in support for the Alabama Physician Allicance Practice Transformation Network for the Practice Transformation Network Grant Program.,2,3,NA,NA,NA,NA,2
DHHS_CMS,"GREEN, Al",2015-03-06,Companion DX Reference Lab: Reinstatment Of The Upgade Registry.,5,NA,NA,NA,NA,NA,2
DHHS_CMS,"GREEN, Al",2015-03-06,Companion DX Reference Lab: Reinstatment Of The Upgade Registry.,5,2,NA,NA,NA,NA,2
DOL_MSHA,"THOMPSON, Glenn",2015-03-06,riniigjjontractors wIITWot Wear Hard Hats Because Of Their Religious Beliefs,1,4,NA,NA,NA,"like a constituent group (like Jews, Muslims, Sikhs?)",2
DOL_MSHA,"THOMPSON, Glenn",2015-03-06,riniigjjontractors wIITWot Wear Hard Hats Because Of Their Religious Beliefs,NA,NA,NA,NA,NA,NA,2
DHHS_CMS,"CLYBURN, James Enos",2015-03-09,Writes regarding the excluded Medicaid fee for services inpatient and outpatient cost in the unreimbursed cost pool.,1,5,NA,NA,NA,NA,2
DHHS_CMS,"CLYBURN, James Enos",2015-03-09,Writes regarding the excluded Medicaid fee for services inpatient and outpatient cost in the unreimbursed cost pool.,5,NA,NA,NA,NA,NA,2
DHHS_CMS,"SCHUMER, Charles Ellis (Chuck)",2015-03-10,He urges CMS to work with the New York State Department of Health to approve pending State Plan Amendments (SPA) designed to allow a temporary increase in Medicaid funding thru the VAP Program.,3,5,NA,NA,NA,NA,2
DHHS_CMS,"SCHUMER, Charles Ellis (Chuck)",2015-03-10,He urges CMS to work with the New York State Department of Health to approve pending State Plan Amendments (SPA) designed to allow a temporary increase in Medicaid funding thru the VAP Program.,3,NA,NA,NA,NA,NA,2
DOL_MSHA,"TOOMEY, Patrick Joseph",2015-03-10,Incorrectly Disqualified From Obtaining Employment With MSHA,1,NA,NA,NA,NA,NA,2
DOL_MSHA,"TOOMEY, Patrick Joseph",2015-03-10,Incorrectly Disqualified From Obtaining Employment With MSHA,NA,NA,NA,NA,NA,NA,2
DHHS_CMS,"GOODLATTE, Robert William",2015-03-11,Writes regarding the difficulty he is experiencing obtaining approval for his medical supplies.,2,1,NA,NA,NA,NA,2
DHHS_CMS,"GOODLATTE, Robert William",2015-03-11,Writes regarding the difficulty he is experiencing obtaining approval for his medical supplies.,1,2,NA,NA,NA,NA,2
DHHS_CMS,"CARTWRIGHT, Matt",2015-03-17,Denying Claims re: C2C Solutions Inc,2,1,NA,NA,NA,NA,2
DHHS_CMS,"CARTWRIGHT, Matt",2015-03-17,Denying Claims re: C2C Solutions Inc,2,NA,NA,NA,NA,NA,2
DHHS_CMS,"ROBY, Martha",2015-03-19,Writes regarding overpayment for Hospice CAP,1,NA,NA,NA,NA,NA,2
DHHS_CMS,"ROBY, Martha",2015-03-19,Writes regarding overpayment for Hospice CAP,1,2,NA,NA,NA,NA,2
DHHS_CMS,"McCAIN, John Sidney, III",2015-03-20,Concerns Regarding Cut to Medicare Advantage Programs,1,5,NA,NA,NA,NA,2
DHHS_CMS,"McCAIN, John Sidney, III",2015-03-20,Concerns Regarding Cut to Medicare Advantage Programs,1,4,NA,NA,NA,NA,2
DHHS_CMS,"HEITKAMP, Mary Kathryn (Heidi)",2015-03-23,Concerns regarding Scheduled Changes to the Definition of the Small Group Market under ACA / Small Business Health Options Program (SHOP),5,4,legislation,Affordable Care Act,NA,NA,2
DHHS_CMS,"HEITKAMP, Mary Kathryn (Heidi)",2015-03-23,Concerns regarding Scheduled Changes to the Definition of the Small Group Market under ACA / Small Business Health Options Program (SHOP),5,4,NA,NA,NA,NA,2
DHHS_CMS,"FEINSTEIN, Dianne",2015-03-24,Writes to raise concerns about Medicare reimbursement policy for free-standing stereostatic radiosurgery (Gamma Knife) facilities in the United States.,5,4,NA,NA,NA,NA,2
DHHS_CMS,"FEINSTEIN, Dianne",2015-03-24,Writes to raise concerns about Medicare reimbursement policy for free-standing stereostatic radiosurgery (Gamma Knife) facilities in the United States.,4,5,NA,NA,NA,NA,2
DHHS_CMS,"CASEY, Robert (Bob), Jr.",2015-03-25,1095-A Tax Forms,1,5,NA,NA,NA,NA,2
DHHS_CMS,"CASEY, Robert (Bob), Jr.",2015-03-25,1095-A Tax Forms,1,NA,NA,NA,NA,NA,2
DHHS_CMS,"McCAIN, John Sidney, III",2015-03-25,Concerns Regarding Cut to Medicare Advantage Programs,1,NA,NA,NA,NA,NA,3
DHHS_CMS,"McCAIN, John Sidney, III",2015-03-25,Concerns Regarding Cut to Medicare Advantage Programs,5,1,NA,NA,NA,NA,3
DHHS_CMS,"McCAIN, John Sidney, III",2015-03-25,Concerns Regarding Cut to Medicare Advantage Programs,1,2,NA,NA,NA,NA,3
DHS_HQ,"BISHOP, Robert (Rob)",2015-03-27,Requests documentation regarding the Department's ability to secure the Southern border in conjunction with the Department of the Interior.,5,"NA",information,"NA","NA","NA",2
DHS_HQ,"BISHOP, Robert (Rob)",2015-03-27,Requests documentation regarding the Department's ability to secure the Southern border in conjunction with the Department of the Interior.,"NA","NA","NA","NA","NA","NA",2
DHHS_CMS,"SARBANES, John",2015-03-30,Expressed Concerns About Medicare Coverage for Drug Testing,1,NA,NA,NA,NA,NA,2
DHHS_CMS,"SARBANES, John",2015-03-30,Expressed Concerns About Medicare Coverage for Drug Testing,1,2,NA,NA,NA,NA,2
DHHS_CMS,"BLUNT, Roy",2015-03-31,Concerns Regarding Negative Payment Adjustment to Their Medicare Physician Payment Fee,2,1,NA,NA,NA,NA,2
DHHS_CMS,"BLUNT, Roy",2015-03-31,Concerns Regarding Negative Payment Adjustment to Their Medicare Physician Payment Fee,2,3,NA,NA,NA,NA,2
DHHS_CMS,"ROBY, Martha",2015-03-31,EHR-Incentive-Program-Payment and Ajustment Reconsideration,2,3,NA,NA,NA,NA,2
DHHS_CMS,"ROBY, Martha",2015-03-31,EHR-Incentive-Program-Payment and Ajustment Reconsideration,2,4,NA,NA,NA,NA,2
DHHS_CMS,"SENSENBRENNER, Frank James, Jr.",2015-03-31,Concerns Regarding Applicantion for Reimbursement,1,NA,NA,NA,NA,NA,2
DHHS_CMS,"SENSENBRENNER, Frank James, Jr.",2015-03-31,Concerns Regarding Applicantion for Reimbursement,1,2,NA,NA,NA,NA,2
DHHS_CMS,"GREEN, Al",2015-04-02,"Writes regarding Novitas Audit and Suspension of the Companion Dx ""Upgrade"" Registry.",2,5,NA,NA,NA,NA,2
DHHS_CMS,"GREEN, Al",2015-04-02,"Writes regarding Novitas Audit and Suspension of the Companion Dx ""Upgrade"" Registry.",2,4,NA,NA,NA,NA,2
DOL_MSHA,"JENKINS, Evan H.",2015-04-02,Disabled Veteran Reinstatement at MSHA Under Veterans Preference,1,NA,NA,NA,NA,NA,2
DOL_MSHA,"JENKINS, Evan H.",2015-04-02,Disabled Veteran Reinstatement at MSHA Under Veterans Preference,NA,NA,NA,NA,NA,NA,2
DOL_MSHA,"McGOVERN, James P.",2015-04-02,Concerns About MSHA Inspector Frequent Visits To Company,2,NA,enforcement,NA,NA,NA,2
DOL_MSHA,"McGOVERN, James P.",2015-04-02,Concerns About MSHA Inspector Frequent Visits To Company,NA,NA,NA,NA,NA,NA,2
DOL_SOL,"REID, Harry",2015-04-06,Oppose DOL's Re-Proposal to Redefine the Term Fiduciary for Purposes of ERISA,5,NA,rule,Oppose DOL's Re-Proposal to Redefine the Term Fiduciary for Purposes of ERISA,NA,NA,2
DOL_SOL,"REID, Harry",2015-04-06,Oppose DOL's Re-Proposal to Redefine the Term Fiduciary for Purposes of ERISA,1,5,NA,NA,NA,NA,2
DHHS_CMS,"THOMPSON, Bennie",2015-04-06,Writes having a hard time getting Medicare number for Sincere Home Care.,2,1,NA,NA,NA,NA,2
DHHS_CMS,"THOMPSON, Bennie",2015-04-06,Writes having a hard time getting Medicare number for Sincere Home Care.,2,NA,NA,NA,NA,NA,2
DHHS_CMS,"SARBANES, John",2015-04-07,Concerns for drug testing polices being implemented by a Medicare Administrative Contractor,5,NA,NA,NA,NA,NA,2
DHHS_CMS,"SARBANES, John",2015-04-07,Concerns for drug testing polices being implemented by a Medicare Administrative Contractor,5,1,NA,NA,NA,NA,2
DOL_MSHA,"MARINO, Thomas A.",2015-04-10,Seeks Assistance With Fine Being Imposed On His Company,2,NA,enforcement,NA,NA,NA,2
DOL_MSHA,"MARINO, Thomas A.",2015-04-10,Seeks Assistance With Fine Being Imposed On His Company,NA,NA,NA,NA,NA,NA,2
DHHS_CMS,"McCONNELL, Addison Mitchell (Mitch)",2015-04-14,Writes regarding the difficulty she is having with processing her claims for oxygen.,1,NA,NA,NA,NA,NA,2
DHHS_CMS,"McCONNELL, Addison Mitchell (Mitch)",2015-04-14,Writes regarding the difficulty she is having with processing her claims for oxygen.,1,2,NA,NA,NA,NA,2
DOL_MSHA,"FLAKE, Jeff",2015-04-15,Citations For Failure To Submit A Safety,2,NA,enforcement,NA,NA,NA,2
DOL_MSHA,"FLAKE, Jeff",2015-04-15,Citations For Failure To Submit A Safety,NA,NA,NA,NA,NA,NA,2
NARA,"BOOKER, Cory Anthony",2015-04-16,"DD214, Army, ssn (b)(6)",1,NA,NA,NA,NA,NA,2
NARA,"BOOKER, Cory Anthony",2015-04-16,"DD214, Army, ssn (b)(6)",1,NA,NA,NA,NA,"she only has member 1 copy, needs member 3",2
DHHS_CMS,"MURPHY, Patrick",2015-04-20,Regarding Medicare payment,1,NA,NA,NA,NA,NA,2
DHHS_CMS,"MURPHY, Patrick",2015-04-20,Regarding Medicare payment,1,2,NA,NA,NA,NA,2
DHHS_CMS,"HATCH, Orrin Grant",2015-04-21,"Oversight letter with 15 Qs on current IT acquisitions, including modernization and enhancement projects, IT budgeting, and agency IT acquisition policies.",5,NA,information,"current IT acquisitions, including modernization and enhancement projects, IT budgeting, and agency IT acquisition policies",NA,NA,2
DHHS_CMS,"HATCH, Orrin Grant",2015-04-21,"Oversight letter with 15 Qs on current IT acquisitions, including modernization and enhancement projects, IT budgeting, and agency IT acquisition policies.",5,NA,NA,NA,NA,NA,2
DHHS_CMS,"ALEXANDER, Lamar",2015-04-22,Regarding having problems getting re-enrolled in Medicare.,1,NA,NA,NA,NA,NA,2
DHHS_CMS,"ALEXANDER, Lamar",2015-04-22,Regarding having problems getting re-enrolled in Medicare.,1,2,NA,NA,NA,NA,2
DHHS_CMS,"WARNER, Mark",2015-04-22,Additional Information regarding Novitas in evaluating the value of Pharmacogenomic Testing in the Elderly Population. (X-ref 032420154090),5,2,NA,NA,NA,NA,2
DHHS_CMS,"WARNER, Mark",2015-04-22,Additional Information regarding Novitas in evaluating the value of Pharmacogenomic Testing in the Elderly Population. (X-ref 032420154090),5,NA,NA,NA,NA,NA,2
DHHS_CMS,"ISSA, Darrell",2015-04-24,"Writes on behalf of Organogenesis company regarding 2016 Hospital Outpatient Payment System (HOPPS) proposed rule, they believe inappropriately limit patient access to skin substitutes.",2,4,rule,Organogenesis company regarding 2016 Hospital Outpatient Payment System (HOPPS) proposed rule,NA,NA,2
DHHS_CMS,"ISSA, Darrell",2015-04-24,"Writes on behalf of Organogenesis company regarding 2016 Hospital Outpatient Payment System (HOPPS) proposed rule, they believe inappropriately limit patient access to skin substitutes.",2,4,rule,2016 Hospital Outpatient Payment System (HOPPS) proposed rule,future,NA,2
DHHS_CMS,"McCAIN, John Sidney, III",2015-04-24,Concerned about the Medicare Advantage Plan program budget cuts.,5,1,NA,NA,NA,NA,2
DHHS_CMS,"McCAIN, John Sidney, III",2015-04-24,Concerned about the Medicare Advantage Plan program budget cuts.,5,NA,budget allocation,Medicare Advantage Plan program budget cuts,NA,NA,2
DHHS_CMS,"ROSS, Dennis",2015-04-24,"Writes regarding Dr. Goodwin began employment with Central Florida Orthopaedic Surgery Assoc. on 1-1-15, upon his emploent they were unable to use the PECOS system to update his Medicare Application.",2,1,NA,NA,NA,NA,2
DHHS_CMS,"ROSS, Dennis",2015-04-24,"Writes regarding Dr. Goodwin began employment with Central Florida Orthopaedic Surgery Assoc. on 1-1-15, upon his emploent they were unable to use the PECOS system to update his Medicare Application.",1,2,NA,NA,NA,NA,2
DHHS_CMS,"GIBSON, Christopher",2015-05-01,Richmondville EMS (NY): Concerns With Decreased Revenues.,2,NA,NA,NA,NA,NA,2
DHHS_CMS,"GIBSON, Christopher",2015-05-01,Richmondville EMS (NY): Concerns With Decreased Revenues.,2,3,NA,NA,NA,NA,2
DHHS_CMS,"HEINRICH, Martin",2015-05-01,Requesting Medicare To Review It's Regulations Concerning Prior Authorization.,2,4,NA,NA,NA,NA,2
DHHS_CMS,"HEINRICH, Martin",2015-05-01,Requesting Medicare To Review It's Regulations Concerning Prior Authorization.,1,4,NA,NA,NA,NA,2
DHHS_CMS,"MEADOWS, Mark",2015-05-04,Requesting a stop on the collection action by Pioneer Credit on behalf of CMS and a waiver of the balance being claimed by CMS.,1,NA,NA,NA,NA,NA,2
DHHS_CMS,"MEADOWS, Mark",2015-05-04,Requesting a stop on the collection action by Pioneer Credit on behalf of CMS and a waiver of the balance being claimed by CMS.,1,2,NA,NA,NA,NA,2
DHHS_CMS,"ALEXANDER, Lamar",2015-05-05,Regarding Medicare Meaningful Use Audits.,2,3,NA,NA,NA,NA,2
DHHS_CMS,"ALEXANDER, Lamar",2015-05-05,Regarding Medicare Meaningful Use Audits.,4,5,NA,NA,NA,NA,2
DHHS_CMS,"GIBSON, Christopher",2015-05-05,Concerns regarding the Donut Hole.,1,5,NA,NA,NA,NA,2
DHHS_CMS,"GIBSON, Christopher",2015-05-05,Concerns regarding the Donut Hole.,1,NA,NA,NA,NA,NA,2
DHHS_CMS,"GARRETT, Scott",2015-05-07,"Sussex County, NJ: Only Has One Dialysis Center For Patients To Go.",3,NA,NA,NA,NA,NA,2
DHHS_CMS,"GARRETT, Scott",2015-05-07,"Sussex County, NJ: Only Has One Dialysis Center For Patients To Go.",1,5,NA,NA,NA,NA,2
DHHS_CMS,"MANCHIN, Joe, III",2015-05-11,Concerns Regarding Claims Payment,1,NA,NA,NA,NA,NA,2
DHHS_CMS,"MANCHIN, Joe, III",2015-05-11,Concerns Regarding Claims Payment,1,2,NA,NA,NA,NA,2
DHHS_CMS,"WESTERMAN, Bruce Eugene",2015-05-13,Urgent - Requesting State-by-State estimates of cost of the ACA Medicaid Expansion.,5,NA,information,State-by-State estimates of cost of the ACA Medicaid Expansion,NA,NA,2
DHHS_CMS,"WESTERMAN, Bruce Eugene",2015-05-13,Urgent - Requesting State-by-State estimates of cost of the ACA Medicaid Expansion.,5,NA,information; legislation,Requesting State-by-State estimates of cost of the ACA Medicaid Expansion,NA,NA,2
DHHS_CMS,"LOEBSACK, Dave",2015-05-15,Section 1115 Waiver Application From The State Of Iowa For The Proposed Medicaid,3,5,NA,NA,NA,NA,2
DHHS_CMS,"LOEBSACK, Dave",2015-05-15,Section 1115 Waiver Application From The State Of Iowa For The Proposed Medicaid,3,NA,NA,NA,NA,NA,2
DHHS_CMS,"CHAFFETZ, Jason",2015-05-26,"(NO INCOMING): Follow up request to the House Oversight and Government Reform Committee's February 11, 2015 hearing on GAO's High-Risk List.",5,NA,hearing,GAO's High-Risk List,2015-02-11,NA,2
DHHS_CMS,"CHAFFETZ, Jason",2015-05-26,"(NO INCOMING): Follow up request to the House Oversight and Government Reform Committee's February 11, 2015 hearing on GAO's High-Risk List.",5,NA,hearing,House Oversight and Government Reform Committee's hearing on GAO's High-Risk List,2015-02-11,NA,2
DHHS_CMS,"SHELBY, Richard C.",2015-05-27,"Writing regarding the Alabama Pain Center, LLC. (APC); X-ref 050420154028",2,5,NA,NA,NA,NA,2
DHHS_CMS,"SHELBY, Richard C.",2015-05-27,"Writing regarding the Alabama Pain Center, LLC. (APC); X-ref 050420154028",2,3,NA,NA,NA,NA,2
DHHS_CMS,"HARRIS, Andy",2015-05-28,Medicare Coverage of Honey-Impregnated Wound Dressings,5,NA,NA,NA,NA,NA,2
DHHS_CMS,"HARRIS, Andy",2015-05-28,Medicare Coverage of Honey-Impregnated Wound Dressings,4,5,NA,NA,NA,NA,2
DHHS_CMS,"HUDSON, Richard",2015-05-28,"Error That Had Occured When Calculating The Premium Tax Credit In The Premium Tax Creidt, Creating A Payback Of The Total Credit In The Amount Of $8,640.00",2,1,NA,NA,NA,NA,2
DHHS_CMS,"HUDSON, Richard",2015-05-28,"Error That Had Occured When Calculating The Premium Tax Credit In The Premium Tax Creidt, Creating A Payback Of The Total Credit In The Amount Of $8,640.00",1,NA,NA,NA,NA,NA,2
DHHS_CMS,"LANCE, Leonard",2015-05-28,"Regarding CMS Methodology for Reimbursing for ""Patches"" used in Glaucoma Drain Implants Procedures.",5,NA,NA,NA,NA,NA,2
DHHS_CMS,"LANCE, Leonard",2015-05-28,"Regarding CMS Methodology for Reimbursing for ""Patches"" used in Glaucoma Drain Implants Procedures.",4,5,NA,NA,NA,NA,2
DOL_SOL,"ROBY, Martha",2015-06-01,Support American Apprenticeship Initiative Grant Application For Funding,3,2,NA,NA,NA,NA,2
DOL_SOL,"ROBY, Martha",2015-06-01,Support American Apprenticeship Initiative Grant Application For Funding,3,NA,NA,NA,NA,NA,2
DHHS_CMS,"TURNER, Michael R.",2015-06-03,Issues with Ohio Pre-Existing Condition Insurance Plan.,1,3,NA,NA,NA,NA,2
DHHS_CMS,"TURNER, Michael R.",2015-06-03,Issues with Ohio Pre-Existing Condition Insurance Plan.,1,NA,NA,NA,NA,NA,2
DHHS_CMS,"HUDSON, Richard",2015-06-04,"RE: CMS And Contractor, Advancemed.",2,5,NA,NA,NA,NA,2
DHHS_CMS,"HUDSON, Richard",2015-06-04,"RE: CMS And Contractor, Advancemed.",5,NA,NA,NA,NA,NA,2
DHHS_CMS,"ROBY, Martha",2015-06-05,Regarding Overpayment for Hospice CAP,1,2,NA,NA,NA,NA,2
DHHS_CMS,"ROBY, Martha",2015-06-05,Regarding Overpayment for Hospice CAP,1,NA,NA,NA,NA,NA,2
DHHS_CMS,"THOMPSON, Michael",2015-06-05,Writes regarding relocated practice to the same town but different location and his Medicare claims were denied.,1,2,NA,NA,NA,NA,2
DHHS_CMS,"THOMPSON, Michael",2015-06-05,Writes regarding relocated practice to the same town but different location and his Medicare claims were denied.,2,1,NA,NA,NA,NA,2
DHHS_CMS,"REID, Harry",2015-06-10,Urges CMS to work with all relevant stakeholders to fully implement the Frontier Community Integration Project (FCHIP).,4,5,NA,NA,NA,NA,2
DHHS_CMS,"REID, Harry",2015-06-10,Urges CMS to work with all relevant stakeholders to fully implement the Frontier Community Integration Project (FCHIP).,5,2,NA,NA,NA,NA,2
NARA,"RUIZ, Raul",2015-06-15,"personnel and medical records, ssn (b)(6)",1,NA,NA,NA,NA,"received in May, e-mailed Shelley May 5, 2015 for service branch, she never got back to me",2
NARA,"RUIZ, Raul",2015-06-15,"personnel and medical records, ssn (b)(6)",1,NA,NA,NA,NA,"received in April, e-mailed Shelley on April 28, 2015 for service branch, she never got back to me",2
DOD_OIG,"GRASSLEY, Charles Ernest",2015-06-16,NA,0,NA,NA,NA,NA,NA,2
DOD_OIG,"GRASSLEY, Charles Ernest",2015-06-16,NA,2,NA,NA,NA,NA,NA,2
DHHS_CMS,"GRASSLEY, Charles Ernest",2015-06-17,"Troubled to see IG report, CMS Internal Controls did Not Effectively Ensure Accuracy of Aggregate Financial Assistance Payments made to QHPs.",5,NA,information,IG report,past,NA,2
DHHS_CMS,"GRASSLEY, Charles Ernest",2015-06-17,"Troubled to see IG report, CMS Internal Controls did Not Effectively Ensure Accuracy of Aggregate Financial Assistance Payments made to QHPs.",5,NA,information,"Troubled to see IG report, CMS Internal Controls did Not Effectively Ensure Accuracy of Aggregate Financial Assistance Payments made to QHPs.",NA,NA,2
NARA,"BENNET, Michael F.",2015-06-19,"DD214, Air Force, ssn (b)(6)",1,NA,NA,NA,NA,"Senator's office had already entered the request via evetrecs, I added the signed release and notified Rita and Kimberly",2
NARA,"BENNET, Michael F.",2015-06-19,"DD214, Air Force, ssn (b)(6)",1,NA,NA,NA,NA,follow up to 2-12312012948 and 2-18878844317,2
DHHS_CMS,"PALLONE, Frank, Jr.",2015-06-22,"Urges HHS to finalize to a proposed regulation, Assuring Access to Medicaid Services.",5,NA,rule,"proposed regulation, Assuring Access to Medicaid Services",future,NA,2
DHHS_CMS,"PALLONE, Frank, Jr.",2015-06-22,"Urges HHS to finalize to a proposed regulation, Assuring Access to Medicaid Services.",5,4,rule,"finalize to a proposed regulation, Assuring Access to Medicaid Services",future,NA,2
DHHS_CMS,"YARMUTH, John",2015-06-22,"Concerns Regarding Medicare Reimbursement,",1,NA,NA,NA,NA,NA,2
DHHS_CMS,"YARMUTH, John",2015-06-22,"Concerns Regarding Medicare Reimbursement,",1,2,NA,NA,NA,NA,2
DHHS_CMS,"KENNEDY, Joseph P. III",2015-06-23,"Requests update on HHS/CMS investigation into Universal Health Services, a mental health provider, due to patient safety violations and allegations of fraud. Requests CMS's plans for dealing w/ UHS.",5,NA,investigation; enforcement,Universal Health Services,NA,NA,2
DHHS_CMS,"KENNEDY, Joseph P. III",2015-06-23,"Requests update on HHS/CMS investigation into Universal Health Services, a mental health provider, due to patient safety violations and allegations of fraud. Requests CMS's plans for dealing w/ UHS.",5,NA,investigation,"HHS/CMS investigation into Universal Health Services, a mental health provider, due to patient safety violations and allegations of fraud",NA,NA,2
DHHS_CMS,"GUINTA, Frank",2015-06-24,Concerns With the Federal Exchange Marketplace In New Hampshire.,5,1,NA,NA,NA,NA,2
DHHS_CMS,"GUINTA, Frank",2015-06-24,Concerns With the Federal Exchange Marketplace In New Hampshire.,5,3,NA,NA,NA,NA,2
DHHS_CMS,"RICE, Kathleen Maura",2015-07-01,Long Beach Hospital: CMS Denied A Waiver Related To The Electrical System Not Being Hospital -Grade.,3,2,NA,NA,NA,NA,2
DHHS_CMS,"RICE, Kathleen Maura",2015-07-01,Long Beach Hospital: CMS Denied A Waiver Related To The Electrical System Not Being Hospital -Grade.,3,NA,NA,NA,NA,NA,2
DHHS_CMS,"ABRAHAM, Ralph",2015-07-08,West Carroll Health Systems - re: Reinstate the Medicare re-enrollment billing privileges,2,3,NA,NA,NA,NA,2
DHHS_CMS,"ABRAHAM, Ralph",2015-07-08,West Carroll Health Systems - re: Reinstate the Medicare re-enrollment billing privileges,2,NA,NA,NA,NA,NA,2
DHHS_CMS,"FEINSTEIN, Dianne",2015-07-09,Requesting CMS examine the criteria for defining an Institution for Mental Disease as it pertains to the Medicaid prohibition of federal payments to IMD exclusion.,5,NA,NA,NA,NA,NA,2
DHHS_CMS,"FEINSTEIN, Dianne",2015-07-09,Requesting CMS examine the criteria for defining an Institution for Mental Disease as it pertains to the Medicaid prohibition of federal payments to IMD exclusion.,5,4,NA,NA,NA,NA,2
DHHS_CMS,"McCONNELL, Addison Mitchell (Mitch)",2015-07-13,2ND NOTICE REGARING THE ABOVE CONSTITUTION,0,NA,NA,NA,NA,NA,2
DHHS_CMS,"McCONNELL, Addison Mitchell (Mitch)",2015-07-13,2ND NOTICE REGARING THE ABOVE CONSTITUTION,1,0,NA,NA,NA,NA,2
NARA,"TIPTON, Scott",2015-07-13,"DD214, OMPF and medical records, Army, (b)(6)",1,NA,NA,NA,NA,I advised Doug to go to the VA for the medical records,2
NARA,"TIPTON, Scott",2015-07-13,"DD214, OMPF and medical records, Army, (b)(6)",1,NA,NA,NA,NA,NA,2
DOL_MSHA,"KILMER, Derek",2015-07-16,Business Was Shut Down After Safety Inspection,2,NA,enforcement,NA,NA,NA,2
DOL_MSHA,"KILMER, Derek",2015-07-16,Business Was Shut Down After Safety Inspection,NA,NA,NA,NA,NA,NA,2
DHHS_CMS,"McCAIN, John Sidney, III",2015-07-21,Regarding dispute that Cochise Regional Hospital has with Medicare regarding Conditions of Participation (COPs).,3,2,NA,NA,NA,NA,2
DHHS_CMS,"McCAIN, John Sidney, III",2015-07-21,Regarding dispute that Cochise Regional Hospital has with Medicare regarding Conditions of Participation (COPs).,3,NA,NA,NA,NA,NA,2
DOE_FERC,"MURPHY, Timothy",2015-07-21,Comments of U.S. Representative Tim Murphy re the Rover Pipeline Project under CP15-93.,NA,NA,NA,NA,NA,BAD FILES NA,2
DOE_FERC,"MURPHY, Timothy",2015-07-21,Comments of U.S. Representative Tim Murphy re the Rover Pipeline Project under CP15-93.,2,NA,NA,NA,NA,NA,2
DHHS_CMS,"LOUDERMILK, Barry D.",2015-07-22,"Urgent - Regarding the Medicare Revalidation Application Process - Applied in April 2015, and the status is still pending, Medicare owes him $80,000.00, which is needed ASAP to keep his business open.",2,1,NA,NA,NA,NA,2
DHHS_CMS,"LOUDERMILK, Barry D.",2015-07-22,"Urgent - Regarding the Medicare Revalidation Application Process - Applied in April 2015, and the status is still pending, Medicare owes him $80,000.00, which is needed ASAP to keep his business open.",2,NA,NA,NA,NA,NA,2
DHHS_CMS,"WESTERMAN, Bruce Eugene",2015-07-23,Concerns Regarding Claims Being Denied. and Audited,1,NA,NA,NA,NA,NA,2
DHHS_CMS,"WESTERMAN, Bruce Eugene",2015-07-23,Concerns Regarding Claims Being Denied. and Audited,1,2,NA,NA,NA,NA,2
DHHS_CMS,"WESTERMAN, Bruce Eugene",2015-07-24,Denial And Audits.,2,1,NA,NA,NA,NA,2
DHHS_CMS,"WESTERMAN, Bruce Eugene",2015-07-24,Denial And Audits.,1,2,NA,NA,NA,NA,2
DHHS_CMS,"WYDEN, Ronald Lee",2015-07-27,Seeks delay in implementation date of new payment changes in the 2016 Hospice final rule.,5,NA,decision; rule,delay in implementation date of new payment changes in the 2016 Hospice final rule,future,NA,2
DHHS_CMS,"WYDEN, Ronald Lee",2015-07-27,Seeks delay in implementation date of new payment changes in the 2016 Hospice final rule.,4,5,rule,Seeks delay in implementation date of new payment changes in the 2016 Hospice final rule.,future,NA,2
DHHS_CMS,"ADERHOLT, Robert",2015-07-28,Concerns Regarding Billing Issues from UAB Hospital,1,NA,NA,NA,NA,NA,2
DHHS_CMS,"ADERHOLT, Robert",2015-07-28,Concerns Regarding Billing Issues from UAB Hospital,1,2,NA,NA,NA,NA,2
DOD_OIG,"GRASSLEY, Charles Ernest",2015-08-03,NA,5,NA,investigation,NA,NA,NA,4
DOD_OIG,"GRASSLEY, Charles Ernest",2015-08-03,NA,5,NA,infromation,NA,NA,NA,4
DOD_OIG,"GRASSLEY, Charles Ernest",2015-08-03,NA,1,NA,NA,NA,NA,NA,4
DOD_OIG,"GRASSLEY, Charles Ernest",2015-08-03,NA,5,NA,information,NA,NA,NA,4
DHHS_CMS,"BISHOP, Sanford Dixon, Jr.",2015-08-04,Additional Information Submitted Regarding Issues with Cost of Marketplace Health Insurance.,1,NA,NA,NA,NA,NA,2
DHHS_CMS,"BISHOP, Sanford Dixon, Jr.",2015-08-04,Additional Information Submitted Regarding Issues with Cost of Marketplace Health Insurance.,1,5,NA,NA,NA,NA,2
DHHS_CMS,"DIAZ-BALART, Mario",2015-08-04,Concerns with Two Midnights rule,5,NA,rule,Two Midnights Rule,NA,NA,2
DHHS_CMS,"DIAZ-BALART, Mario",2015-08-04,Concerns with Two Midnights rule,5,NA,rule,two midnights rule,NA,NA,2
DHHS_CMS,"ALEXANDER, Lamar",2015-08-05,Regarding non payments from Medicare.,1,2,NA,NA,NA,NA,2
DHHS_CMS,"ALEXANDER, Lamar",2015-08-05,Regarding non payments from Medicare.,1,NA,NA,NA,NA,NA,2
DHHS_CMS,"SCHUMER, Charles Ellis (Chuck)",2015-08-06,Urges CMS to work with the New York State Department of Health to approve the pending State Plan Amendments (SPA) designed to resolve the upper payment limit restrictions.,3,5,NA,NA,NA,NA,2
DHHS_CMS,"SCHUMER, Charles Ellis (Chuck)",2015-08-06,Urges CMS to work with the New York State Department of Health to approve the pending State Plan Amendments (SPA) designed to resolve the upper payment limit restrictions.,3,NA,NA,NA,NA,NA,2
DHHS_CMS,"WARREN, Elizabeth",2015-08-06,Writing with regards to the CMS payment methodology for skin substitutes that is defined annually in the Hospital Outpatient Prospective Payment System (HOPPS) proposed rule.,5,NA,rule,Hospital Outpatient Prospective Payment System (HOPPS) proposed rule,NA,NA,2
DHHS_CMS,"WARREN, Elizabeth",2015-08-06,Writing with regards to the CMS payment methodology for skin substitutes that is defined annually in the Hospital Outpatient Prospective Payment System (HOPPS) proposed rule.,4,5,rule,CMS payment methodology for skin substitutes that is defined annually in the Hospital Outpatient Prospective Payment System (HOPPS) proposed rule,NA,NA,2
DOL_MSHA,"REID, Harry",2015-08-11,Allegations of Unequal Treatment & Discrimination,1,NA,NA,NA,NA,NA,2
DOL_MSHA,"REID, Harry",2015-08-11,Allegations of Unequal Treatment & Discrimination,NA,NA,NA,NA,NA,NA,2
DHHS_CMS,"RICE, Kathleen Maura",2015-08-11,Regarding Reimbursement Check from Medicare.,1,NA,NA,NA,NA,NA,2
DHHS_CMS,"RICE, Kathleen Maura",2015-08-11,Regarding Reimbursement Check from Medicare.,1,2,NA,NA,NA,NA,2
DOT_FHWA,"BLUMENTHAL, Richard",2015-08-12,Urging the Secretary to Continue Supporting the Cross Sound Enhancement Project as Part of the U.S. Maritime Administration's America's Marine Highways Funding Program (3 Cosigners) NA NA NA NA NA NA NA NA NA NA,3,5,"NA","NA","NA","NA",2
DOT_FHWA,"BLUMENTHAL, Richard",2015-08-12,Urging the Secretary to Continue Supporting the Cross Sound Enhancement Project as Part of the U.S. Maritime Administration's America's Marine Highways Funding Program (3 Cosigners) NA NA NA NA NA NA NA NA NA NA,5,3,"NA","NA","NA","NA",2
DHHS_CMS,"HARRIS, Andy",2015-08-12,Regarding their Medicare Advantage Prescription Drug Application,2,NA,NA,NA,NA,NA,2
DHHS_CMS,"HARRIS, Andy",2015-08-12,Regarding their Medicare Advantage Prescription Drug Application,1,NA,NA,NA,NA,NA,2
DHHS_CMS,"TOOMEY, Patrick Joseph",2015-08-12,"Urges CMS to review 12/14 FAQ & issue clarification that accessories used w/ complex rehab power & manual wheelchairs are paid at the fee sched amount, not DME competitive bidding price.",5,NA,NA,NA,NA,NA,2
DHHS_CMS,"TOOMEY, Patrick Joseph",2015-08-12,"Urges CMS to review 12/14 FAQ & issue clarification that accessories used w/ complex rehab power & manual wheelchairs are paid at the fee sched amount, not DME competitive bidding price.",5,4,NA,NA,NA,NA,2
DOT_FHWA,"BLUMENTHAL, Richard",2015-08-14,"Concerned about a miscommunication between FHWA and City of New Haven, Conneticut NA NA NA NA NA NA NA NA NA NA",3,"NA","NA","NA","NA","NA",2
DOT_FHWA,"BLUMENTHAL, Richard",2015-08-14,"Concerned about a miscommunication between FHWA and City of New Haven, Conneticut NA NA NA NA NA NA NA NA NA NA",3,5,"NA","NA","NA","NA",2
DOL_MSHA,"WARNER, Mark",2015-08-14,Complaint About MSHA Inspector Driving a Foreign Made Vehicle,2,1,NA,NA,NA,strange,2
DOL_MSHA,"WARNER, Mark",2015-08-14,Complaint About MSHA Inspector Driving a Foreign Made Vehicle,NA,NA,NA,NA,NA,NA,2
DHHS_CMS,"ISAKSON, Johnny",2015-08-17,"ICD-9 Procedure Code (Pharmaceuticals, Implantation of Chemotherapeutic Agent: Brian Wafer Chemotherapy; Interstitial/Intracavitary) did not transition to the draft ICD-10 code set.",5,NA,NA,NA,NA,NA,2
DHHS_CMS,"ISAKSON, Johnny",2015-08-17,"ICD-9 Procedure Code (Pharmaceuticals, Implantation of Chemotherapeutic Agent: Brian Wafer Chemotherapy; Interstitial/Intracavitary) did not transition to the draft ICD-10 code set.",5,4,NA,NA,NA,NA,2
DHHS_CMS,"GRIJALVA, Raúl M.",2015-08-24,Regarding Denial of Provider Transaction Access Number (PTAN) because she does not have a Master Degree.,2,1,NA,NA,NA,NA,2
DHHS_CMS,"GRIJALVA, Raúl M.",2015-08-24,Regarding Denial of Provider Transaction Access Number (PTAN) because she does not have a Master Degree.,1,2,NA,NA,NA,NA,2
DHHS_CMS,"BURR, Richard M.",2015-08-27,Writing on behalf of his constituents regarding their concerns with the announcement that CMS will apply Competitive Bidding Program (CBP) pricing to Complex Rehabilitation Technology (CRT).,2,1,NA,NA,NA,NA,2
DHHS_CMS,"BURR, Richard M.",2015-08-27,Writing on behalf of his constituents regarding their concerns with the announcement that CMS will apply Competitive Bidding Program (CBP) pricing to Complex Rehabilitation Technology (CRT).,1,4,NA,NA,NA,NA,2
DHHS_CMS,"WYDEN, Ronald Lee",2015-08-31,Writes about the Medicare Shared Savings Program (MSSP) and the need to establish a financial benchmark methodology that provides better incentives for providers in states with low beneficiary cost.,5,NA,NA,NA,NA,NA,2
DHHS_CMS,"WYDEN, Ronald Lee",2015-08-31,Writes about the Medicare Shared Savings Program (MSSP) and the need to establish a financial benchmark methodology that provides better incentives for providers in states with low beneficiary cost.,4,5,NA,NA,NA,NA,2
DOL_MSHA,"WALBERG, Tim",2015-09-03,Thank You For Testifying & Request MSHA Provide Analysis Of Legislation,5,NA,legislation; hearing,NA,NA,NA,2
DOL_MSHA,"WALBERG, Tim",2015-09-03,Thank You For Testifying & Request MSHA Provide Analysis Of Legislation,NA,NA,NA,NA,NA,NA,2
DHHS_CMS,"BURR, Richard M.",2015-09-10,Writing to Urge CMS to Reconsider the Proposed Cuts to Radiation Therapy in the 2016 Physician Fee Schedule Final Rule.,5,NA,rule,Proposed Cuts to Radiation Therapy in the 2016 Physician Fee Schedule Final Rule,NA,NA,2
DHHS_CMS,"BURR, Richard M.",2015-09-10,Writing to Urge CMS to Reconsider the Proposed Cuts to Radiation Therapy in the 2016 Physician Fee Schedule Final Rule.,4,5,rule,Proposed Cuts to Radiation Therapy in the 2016 Physician Fee Schedule Final Rule,future,NA,2
DHHS_CMS,"PAULSEN, Erik",2015-09-10,Concerns re: a proposed draft Local Coverage Determination (LCD) for lower limb prostheses (DL33787),5,4,NA,NA,NA,NA,2
DHHS_CMS,"PAULSEN, Erik",2015-09-10,Concerns re: a proposed draft Local Coverage Determination (LCD) for lower limb prostheses (DL33787),5,NA,NA,NA,NA,NA,2
DHHS_CMS,"ISRAEL, Steve",2015-09-11,Writing on behalf Summit Express Medical Supply.,2,NA,NA,NA,NA,NA,2
DHHS_CMS,"ISRAEL, Steve",2015-09-11,Writing on behalf Summit Express Medical Supply.,1,NA,NA,NA,NA,NA,2
DOL_MSHA,"KAINE, Timothy Michael (Tim)",2015-09-11,Complaint About MSHA Inspector Driving a Foreign Made Vehicle,2,1,NA,NA,NA,see 512,2
DOL_MSHA,"KAINE, Timothy Michael (Tim)",2015-09-11,Complaint About MSHA Inspector Driving a Foreign Made Vehicle,NA,NA,NA,NA,NA,NA,2
DOT_FHWA,"BOXER, Barbara",2015-09-14,[PRIORITY - FOR S1 SIGNATURE] Expressing Support for Access to the Funds and Expertise Necessary to Repair and Rebuild the Collapsed Tex Wash Bridge (20 Cosigners) NA NA NA NA NA NA NA NA NA NA,5,3,"NA","NA","NA","NA",2
DOT_FHWA,"BOXER, Barbara",2015-09-14,[PRIORITY - FOR S1 SIGNATURE] Expressing Support for Access to the Funds and Expertise Necessary to Repair and Rebuild the Collapsed Tex Wash Bridge (20 Cosigners) NA NA NA NA NA NA NA NA NA NA,3,5,"NA","NA","NA","NA",2
DOT_FHWA,"FEINSTEIN, Dianne",2015-09-14,[PRIORITY - FOR S1 SIGNATURE] Expressing Support for Access to the Funds and Expertise Necessary to Repair and Rebuild the Collapsed Tex Wash Bridge (20 Cosigners) NA NA NA NA NA NA NA NA NA NA,5,3,"NA","NA","NA","NA",2
DOT_FHWA,"FEINSTEIN, Dianne",2015-09-14,[PRIORITY - FOR S1 SIGNATURE] Expressing Support for Access to the Funds and Expertise Necessary to Repair and Rebuild the Collapsed Tex Wash Bridge (20 Cosigners) NA NA NA NA NA NA NA NA NA NA,3,5,"NA","NA","NA","NA",2
DHHS_CMS,"RICE, Kathleen Maura",2015-09-17,Writing to request that CMS issue a National Coverage Determination increasing coverage of Diabetes Test Strips.,5,NA,NA,NA,NA,NA,2
DHHS_CMS,"RICE, Kathleen Maura",2015-09-17,Writing to request that CMS issue a National Coverage Determination increasing coverage of Diabetes Test Strips.,4,5,NA,NA,NA,NA,2
DHHS_CMS,"WHITFIELD, Wayne Edward (Ed)",2015-09-17,Regarding Denial of Coverage Services by Medicare Advantage (MA) Plan in Kentucky.,1,2,NA,NA,NA,NA,2
DHHS_CMS,"WHITFIELD, Wayne Edward (Ed)",2015-09-17,Regarding Denial of Coverage Services by Medicare Advantage (MA) Plan in Kentucky.,5,1,NA,NA,NA,NA,2
DHHS_CMS,"BOEHNER, John Andrew",2015-09-23,Regarding the State of Ohio Transition Plan to ensure compliance with the Final Home and Community Base Service Rule.,3,5,rule,Final Home and Community Base Service Rule,NA,NA,2
DHHS_CMS,"BOEHNER, John Andrew",2015-09-23,Regarding the State of Ohio Transition Plan to ensure compliance with the Final Home and Community Base Service Rule.,3,5,NA,NA,NA,NA,2
DHHS_CMS,"RICE, Kathleen Maura",2015-09-23,Requesting CMS assistance to receive payment for services rendered to Medicaid.,2,NA,NA,NA,NA,NA,2
DHHS_CMS,"RICE, Kathleen Maura",2015-09-23,Requesting CMS assistance to receive payment for services rendered to Medicaid.,2,3,NA,NA,NA,NA,2
DHHS_CMS,"WITTMAN, Robert J.",2015-09-23,Regarding Medical Supply Questions.,1,2,NA,NA,NA,NA,2
DHHS_CMS,"WITTMAN, Robert J.",2015-09-23,Regarding Medical Supply Questions.,1,NA,NA,NA,NA,NA,2
DOE_FERC,"BARLETTA, Lou",2015-09-25,U.S. Representative Lou Barletta submits comments on behalf of his constituent regarding the proposed new Central Pipeline North under CP15-138.,1,NA,NA,NA,NA,BAD FILES NA,2
DOE_FERC,"BARLETTA, Lou",2015-09-25,U.S. Representative Lou Barletta submits comments on behalf of his constituent regarding the proposed new Central Pipeline North under CP15-138.,1,NA,NA,NA,NA,NA,2
DHHS_CMS,"SWALWELL, Eric",2015-09-30,Regarding Personnel Issue,1,5,NA,NA,NA,NA,2
DHHS_CMS,"SWALWELL, Eric",2015-09-30,Regarding Personnel Issue,1,NA,NA,NA,NA,NA,2
DOL_MSHA,"THOMPSON, Glenn",2015-09-30,MSHA Violations & Fines,2,NA,enforcement,NA,NA,NA,2
DOL_MSHA,"THOMPSON, Glenn",2015-09-30,MSHA Violations & Fines,NA,NA,NA,NA,NA,NA,2
DOL_MSHA,"DelBENE, Suzan K.",2015-10-05,Company Facing Shutdown Due To Overzealous Enforcement By MSHA,2,NA,enforcement,NA,NA,NA,2
DOL_MSHA,"DelBENE, Suzan K.",2015-10-05,Company Facing Shutdown Due To Overzealous Enforcement By MSHA,NA,NA,NA,NA,NA,NA,2
DOL_MSHA,"ROGERS, Harold Dallas (Hal)",2015-10-05,MSHA To Provide The Results Of Studies Examining Interaction Of Rock Dust & CPDM,5,NA,information,Rock Dust & CPDM,NA,NA,2
DOL_MSHA,"ROGERS, Harold Dallas (Hal)",2015-10-05,MSHA To Provide The Results Of Studies Examining Interaction Of Rock Dust & CPDM,NA,NA,NA,NA,NA,NA,2
DOL_MSHA,"SHUSTER, William (Bill)",2015-10-07,Regarding Her Harassment Claim Against MSHA,1,NA,NA,NA,NA,NA,2
DOL_MSHA,"SHUSTER, William (Bill)",2015-10-07,Regarding Her Harassment Claim Against MSHA,NA,NA,NA,NA,NA,NA,2
DOL_MSHA,"HERRERA BEUTLER, Jaime",2015-10-08,Company Facing Shutdown Due To Overzealous Enforcement By MSHA,2,NA,enforcement,NA,NA,NA,2
DOL_MSHA,"HERRERA BEUTLER, Jaime",2015-10-08,Company Facing Shutdown Due To Overzealous Enforcement By MSHA,NA,NA,NA,NA,NA,NA,2
DOL_MSHA,"MANCHIN, Joe, III",2015-10-15,Assistance for Exposure To Petroleum Lubricant With Amine Compounds,1,NA,NA,NA,NA,NA,2
DOL_MSHA,"MANCHIN, Joe, III",2015-10-15,Assistance for Exposure To Petroleum Lubricant With Amine Compounds,NA,NA,NA,NA,NA,NA,2
DOL_MSHA,"THUNE, John",2015-10-15,Questions Regarding Medical Requirements For Mine Safety Inspectors,5,NA,information,NA,NA,standards/action plan published 2017,2
DOL_MSHA,"THUNE, John",2015-10-15,Questions Regarding Medical Requirements For Mine Safety Inspectors,NA,NA,NA,NA,NA,NA,2
DOL_MSHA,"ROE, David P. (Phil)",2015-10-22,MSHA Inspection Complaint,2,NA,enforcement,NA,NA,NA,2
DOL_MSHA,"ROE, David P. (Phil)",2015-10-22,MSHA Inspection Complaint,NA,NA,NA,NA,NA,NA,2
DOL_MSHA,"BENNET, Michael F.",2015-10-28,Under FOIA,1,NA,NA,NA,NA,NA,2
DOL_MSHA,"BENNET, Michael F.",2015-10-28,Under FOIA,NA,NA,NA,NA,NA,NA,2
DOL_MSHA,"CAPITO, Shelley Moore",2015-11-02,Follow Up on Certification for MSHA GS-6 Level Position,1,NA,NA,NA,NA,NA,2
DOL_MSHA,"CAPITO, Shelley Moore",2015-11-02,Follow Up on Certification for MSHA GS-6 Level Position,NA,NA,NA,NA,NA,NA,2
DOL_MSHA,"DelBENE, Suzan K.",2015-11-05,Follow Up Status on Company Facing Shutdown Due To Ovetzealous Enforcement,2,NA,enforcement,NA,NA,NA,2
DOL_MSHA,"DelBENE, Suzan K.",2015-11-05,Follow Up Status on Company Facing Shutdown Due To Ovetzealous Enforcement,NA,NA,NA,NA,NA,NA,2
DOL_MSHA,"ADERHOLT, Robert",2015-11-09,NA,3,NA,NA,NA,NA,NA,2
DOL_MSHA,"ADERHOLT, Robert",2015-11-09,NA,NA,NA,NA,NA,NA,NA,2
DOE_FERC,"GOODLATTE, Robert William",2015-11-18,US Representative Bob Goodlatte forwards comments on behalf of his constituent re the proposed Atlantic Coast Pipeline Project under CP15-554.,1,NA,NA,NA,NA,BAD FILES NA,2
DOE_FERC,"GOODLATTE, Robert William",2015-11-18,US Representative Bob Goodlatte forwards comments on behalf of his constituent re the proposed Atlantic Coast Pipeline Project under CP15-554.,1,NA,NA,NA,NA,NA,2
DHHS_CMS,"HATCH, Orrin Grant",2016-01-06,Regarding the Medicare Payment System for Clinical Laboratory Services / Section 216,5,NA,NA,NA,NA,NA,2
DHHS_CMS,"HATCH, Orrin Grant",2016-01-06,Regarding the Medicare Payment System for Clinical Laboratory Services / Section 216,4,5,NA,NA,NA,NA,2
DHHS_CMS,"BRADY, Kevin Patrick",2016-01-14,[Oversight] - Congessional Delegation (6) Writes re: Basic Health Program (BHP) Funding,5,NA,budget allocation,Basic Health Program (BHP) Funding,NA,NA,2
DHHS_CMS,"BRADY, Kevin Patrick",2016-01-14,[Oversight] - Congessional Delegation (6) Writes re: Basic Health Program (BHP) Funding,5,NA,NA,NA,NA,NA,2
FCC,"NELSON, Clarence William (Bill)",2016-01-14,Human Resources,5,2,NA,NA,NA,"NA",2
FCC,"NELSON, Clarence William (Bill)",2016-01-14,Human Resources,5,2,NA,NA,NA,NA,2
DHHS_CMS,"BROWN, Sherrod",2016-01-15,Congressional Delegation (15) - Comments re: proposed rule implementing Section 1557 of the Affordable Care Act (ACA),5,NA,rule; legislation,proposed rule implementing Section 1557 of the Affordable Care Act (ACA),future,NA,2
DHHS_CMS,"BROWN, Sherrod",2016-01-15,Congressional Delegation (15) - Comments re: proposed rule implementing Section 1557 of the Affordable Care Act (ACA),5,4,rule; legislation,proposed rule implementing Section 1557 of the Affordable Care Act (ACA),future,NA,2
DHHS_CMS,"CLARK, Katherine M.",2016-01-19,Writes re: the 2012 national meningitis outbreak among patients who received contaminated steroid injections from the now-bankrupt New England Compounding Center (NECC),5,NA,enforcement,New England Compounding Center,past,NA,2
DHHS_CMS,"CLARK, Katherine M.",2016-01-19,Writes re: the 2012 national meningitis outbreak among patients who received contaminated steroid injections from the now-bankrupt New England Compounding Center (NECC),5,NA,NA,NA,NA,NA,2
DHHS_CMS,"GRAVES, Samuel",2016-01-20,Regarding Immediate Release of Critical Access Hospital EHR Incentive Payment.,2,3,NA,NA,NA,NA,2
DHHS_CMS,"GRAVES, Samuel",2016-01-20,Regarding Immediate Release of Critical Access Hospital EHR Incentive Payment.,3,2,NA,NA,NA,NA,2
DOL_MSHA,"COLLINS, Susan Margaret",2016-01-27,TAA Certification,1,NA,NA,Trade Adjustment Assistance Program,NA,related to unemployment/benefits,2
DOL_MSHA,"COLLINS, Susan Margaret",2016-01-27,TAA Certification,NA,NA,NA,NA,NA,NA,2
DOL_MSHA,"ZINKE, Ryan",2016-02-01,Expedite Amendment to SPE's Ventilation Plan,2,NA,NA,ventilation plan,NA,"in CFR, but company's correspondence",2
DOL_MSHA,"ZINKE, Ryan",2016-02-01,Expedite Amendment to SPE's Ventilation Plan,NA,NA,NA,NA,NA,NA,2
DHHS_CMS,"SCHAKOWSKY, Janice D.",2016-02-03,Request for Comments on Methods to Assuring Access to Covered Medicaid Services (CMS-2328) & the Request for Information (RFI) on Data Metrics & Alternative Process for Access to Care (CMS-2328-NC),5,NA,rule,CMS-2328 & CMS-2328-NC,NA,NA,2
DHHS_CMS,"SCHAKOWSKY, Janice D.",2016-02-03,Request for Comments on Methods to Assuring Access to Covered Medicaid Services (CMS-2328) & the Request for Information (RFI) on Data Metrics & Alternative Process for Access to Care (CMS-2328-NC),5,NA,rule,Request for Comments on Methods to Assuring Access to Covered Medicaid Services (CMS-2328) & the Request for Information (RFI) on Data Metrics & Alternative Process for Access to Care (CMS-2328-NC),NA,NA,2
DHHS_CMS,"PELOSI, Nancy",2016-02-08,Data matching enrollment requirements under the Affordable Care Act.,5,NA,legislation,Affordable Care Act,NA,NA,2
DHHS_CMS,"PELOSI, Nancy",2016-02-08,Data matching enrollment requirements under the Affordable Care Act.,5,1,NA,NA,NA,NA,2
DHHS_CMS,"LoBIONDO, Frank A.",2016-02-10,Regarding his Pending Medicare EHR bonus Payment for 2014,2,1,NA,NA,NA,NA,2
DHHS_CMS,"LoBIONDO, Frank A.",2016-02-10,Regarding his Pending Medicare EHR bonus Payment for 2014,1,2,NA,NA,NA,NA,2
NARA,"RUIZ, Raul",2016-02-12,"OMPF and medical records, Army, ssn (b)(6)",1,NA,NA,NA,NA,NA,2
NARA,"RUIZ, Raul",2016-02-12,"OMPF and medical records, Army, ssn (b)(6)",1,NA,NA,NA,NA,"Congressional add-on to veteran's own request, SR 2-191371872931",2
DHHS_CMS,"CARPER, Thomas Richard",2016-02-16,"Request response to questions regarding use of psychotropic drugs to treat infants and children by April 15, 2016",5,NA,information,questions regarding use of psychotropic drugs to treat infants and children,NA,NA,2
DHHS_CMS,"CARPER, Thomas Richard",2016-02-16,"Request response to questions regarding use of psychotropic drugs to treat infants and children by April 15, 2016",5,NA,NA,NA,NA,NA,2
DHHS_CMS,"FLAKE, Jeff",2016-02-16,2017 Advanced Notice of Methodological Changes for Medicare Advantage (MA) within Arizona,5,NA,NA,NA,NA,NA,2
DHHS_CMS,"FLAKE, Jeff",2016-02-16,2017 Advanced Notice of Methodological Changes for Medicare Advantage (MA) within Arizona,5,3,NA,NA,NA,NA,2
DHHS_CMS,"BLACK, Diane",2016-02-18,OVERSIGHT: Follow-up to hearing on the FY17 Budget Request on the Recovery Audit Contractor Program.,5,NA,hearing; budget allocation,hearing on the FY17 Budget Request on the Recovery Audit Contractor Program,NA,NA,2
DHHS_CMS,"BLACK, Diane",2016-02-18,[Oversight] - Follow-up to a hearing re: Affordable Care Act Tax Credits Verification,5,NA,hearing; legislation,hearing re: Affordable Care Act Tax Credits Verification,NA,NA,2
DHHS_CMS,"BLACK, Diane",2016-02-18,[Oversight] - Follow-up to a hearing re: Affordable Care Act Tax Credits Verification,5,NA,hearing; legislation,Follow-up to a hearing re: Affordable Care Act Tax Credits Verification,past,NA,2
DHHS_CMS,"BLACK, Diane",2016-02-18,OVERSIGHT: Follow-up to hearing on the FY17 Budget Request on the Recovery Audit Contractor Program.,5,NA,hearing,Follow-up to hearing on the FY17 Budget Request on the Recovery Audit Contractor Program,past,NA,2
DHHS_CMS,"MENENDEZ, Robert",2016-02-19,"FYI - Regarding Pres. Obama's FY2017 Budget Proposal to help End Homeless, especially for those with Developmental Disabilities.",5,NA,budget allocation,"Pres. Obama's FY2017 Budget Proposal to help End Homeless, especially for those with Developmental Disabilities",future,NA,2
DHHS_CMS,"MENENDEZ, Robert",2016-02-19,"FYI - Regarding Pres. Obama's FY2017 Budget Proposal to help End Homeless, especially for those with Developmental Disabilities.",5,NA,NA,NA,NA,NA,2
DHHS_CMS,"COLE, Tom",2016-02-22,"Cole Letter to SMB re: Operational & Management Problems at IHS Facilities in the Great Plains, including Rosebud & Winnebago.",5,NA,facilities,"Operational & Management Problems at IHS Facilities in the Great Plains, including Rosebud & Winnebago",NA,NA,2
DHHS_CMS,"COLE, Tom",2016-02-22,"Cole Letter to SMB re: Operational & Management Problems at IHS Facilities in the Great Plains, including Rosebud & Winnebago.",5,3,facilities,"Operational & Management Problems at IHS Facilities in the Great Plains, including Rosebud & Winnebago",NA,NA,2
DHHS_CMS,"GUTHRIE, Brett",2016-02-22,(CONG DEL 308): 2017 Advance Notice and Draft Call Letter for Medicare Advantage Coverage and Part D / Payment and Regulatory Policies for 2017,5,NA,rule,2017 Advance Notice and Draft Call Letter for Medicare Advantage Coverage and Part D / Payment and Regulatory Policies for 2017,future,NA,2
DHHS_CMS,"GUTHRIE, Brett",2016-02-22,(CONG DEL 308): 2017 Advance Notice and Draft Call Letter for Medicare Advantage Coverage and Part D / Payment and Regulatory Policies for 2017,5,NA,rule,2017 Advance Notice and Draft Call Letter for Medicare Advantage Coverage and Part D / Payment and Regulatory Policies for 2017,NA,NA,2
DHHS_CMS,"WARNER, Mark",2016-02-24,Billing instructions for accessories for Group 3 Power Wheelchairs / Adjusted fee schedule based on Competitive Bidding Rates for these accessories.,5,NA,NA,NA,NA,NA,2
DHHS_CMS,"WARNER, Mark",2016-02-24,Billing instructions for accessories for Group 3 Power Wheelchairs / Adjusted fee schedule based on Competitive Bidding Rates for these accessories.,4,5,NA,NA,NA,NA,2
DOL_MSHA,"BALDWIN, Tammy",2016-02-25,Assistance With MSHA's Handling of Fly Rock Incident,1,2,disaster,NA,NA,"fly rock is a type of accident, could be mine or miner seeking help",2
DOL_MSHA,"BALDWIN, Tammy",2016-02-25,Assistance With MSHA's Handling of Fly Rock Incident,NA,NA,NA,NA,NA,NA,2
DHHS_CMS,"POMPEO, Mike",2016-02-26,Requesting answers to questions from the Kansas Coalition about CMS' regulations 485.610(c) and 485.610(d) as it relates to their planned merger.,3,5,rule,CMS' regulations 485.610(c) and 485.610(d),NA,NA,2
DHHS_CMS,"POMPEO, Mike",2016-02-26,Requesting answers to questions from the Kansas Coalition about CMS' regulations 485.610(c) and 485.610(d) as it relates to their planned merger.,3,4,NA,NA,NA,NA,2
DOE_FERC,"BARLETTA, Lou",2016-03-01,U.S. Representative Lou Barletta submits comments on behalf of his constituent regarding the Atlantic Sunrise Pipeline Project under CP15-138.,1,NA,NA,NA,NA,BAD FILES NA,2
DOE_FERC,"BARLETTA, Lou",2016-03-01,U.S. Representative Lou Barletta submits comments on behalf of his constituent regarding the Atlantic Sunrise Pipeline Project under CP15-138.,1,NA,NA,NA,NA,NA,2
DOE_FERC,"KATKO, John",2016-03-02,Comments of U.S. Representative John Katko on behalf of his constituent re the water level matter on Black Lake under P-2713.,1,NA,NA,NA,NA,NA,2
DOE_FERC,"KATKO, John",2016-03-02,Comments of U.S. Representative John Katko on behalf of his constituent re the water level matter on Black Lake under P-2713.,1,NA,NA,NA,NA,BAD FILES NA,2
DHHS_CMS,"TSONGAS, Nicola S. (Niki)",2016-03-02,DELE (2) CONG: Medical Compression Systems: Intermittent Pneumatic Compression Devices (IPCDs).,5,NA,NA,NA,NA,NA,2
DHHS_CMS,"TSONGAS, Nicola S. (Niki)",2016-03-02,DELE (2) CONG: Medical Compression Systems: Intermittent Pneumatic Compression Devices (IPCDs).,5,4,NA,NA,NA,NA,2
DHHS_CMS,"HILL, French",2016-03-03,Golden Fleece ACA Tax Credit.,6,NA,legislation,Affordable Care Act,NA,NA,2
DHHS_CMS,"HILL, French",2016-03-03,Golden Fleece ACA Tax Credit.,6,NA,NA,NA,NA,NA,2
DOD_DeCA,"BOXER, Barbara",2016-03-04,8 SENATORS CONCERED ABOUT THE CONVERSION OF DeCA EMPLOYEES,1,5,NA,NA,NA,NA,2
DOD_DeCA,"BOXER, Barbara",2016-03-04,8 SENATORS CONCERED ABOUT THE CONVERSION OF DeCA EMPLOYEES,NA,NA,NA,NA,NA,NA,2
DOD_DeCA,"CARDIN, Benjamin Louis",2016-03-04,8 SENATORS CONCERED ABOUT THE CONVERSION OF DeCA EMPLOYEES,1,5,NA,NA,NA,NA,2
DOD_DeCA,"CARDIN, Benjamin Louis",2016-03-04,8 SENATORS CONCERED ABOUT THE CONVERSION OF DeCA EMPLOYEES,NA,NA,NA,NA,NA,NA,2
DOD_DeCA,"CARPER, Thomas Richard",2016-03-04,8 SENATORS CONCERED ABOUT THE CONVERSION OF DeCA EMPLOYEES,1,5,NA,NA,NA,NA,2
DOD_DeCA,"CARPER, Thomas Richard",2016-03-04,8 SENATORS CONCERED ABOUT THE CONVERSION OF DeCA EMPLOYEES,NA,NA,NA,NA,NA,NA,2
DOD_DeCA,"CASEY, Robert (Bob), Jr.",2016-03-04,8 SENATORS CONCERED ABOUT THE CONVERSION OF DeCA EMPLOYEES,1,5,NA,NA,NA,NA,2
DOD_DeCA,"CASEY, Robert (Bob), Jr.",2016-03-04,8 SENATORS CONCERED ABOUT THE CONVERSION OF DeCA EMPLOYEES,NA,NA,NA,NA,NA,NA,2
DOD_DeCA,"COONS, Christopher A.",2016-03-04,8 SENATORS CONCERED ABOUT THE CONVERSION OF DeCA EMPLOYEES,1,5,NA,NA,NA,NA,2
DOD_DeCA,"COONS, Christopher A.",2016-03-04,8 SENATORS CONCERED ABOUT THE CONVERSION OF DeCA EMPLOYEES,NA,NA,NA,NA,NA,NA,2
DHHS_CMS,"DeFAZIO, Peter Anthony",2016-03-04,"The FAST Act - Fixing America's Surface Transportation Act - A law President Obama signed on December 4, 2015 -- Sherrod Brown cosigned letter",5,NA,legislation,FAST Act - Fixing America's Surface Transportation Act,2015-12-04,NA,2
DHHS_CMS,"DeFAZIO, Peter Anthony",2016-03-04,"The FAST Act - Fixing America's Surface Transportation Act - A law President Obama signed on December 4, 2015 -- Sherrod Brown cosigned letter",5,NA,legislation,Fixing America's Surface Transportation Act,2015-12-04,NA,2
DOD_DeCA,"MARKEY, Edward John",2016-03-04,8 SENATORS CONCERED ABOUT THE CONVERSION OF DeCA EMPLOYEES,1,5,NA,NA,NA,NA,2
DOD_DeCA,"MARKEY, Edward John",2016-03-04,8 SENATORS CONCERED ABOUT THE CONVERSION OF DeCA EMPLOYEES,NA,NA,NA,NA,NA,NA,2
DOD_DeCA,"MENENDEZ, Robert",2016-03-04,8 SENATORS CONCERED ABOUT THE CONVERSION OF DeCA EMPLOYEES,1,5,NA,NA,NA,NA,2
DOD_DeCA,"MENENDEZ, Robert",2016-03-04,8 SENATORS CONCERED ABOUT THE CONVERSION OF DeCA EMPLOYEES,NA,NA,NA,NA,NA,NA,2
DOD_DeCA,"MIKULSKI, Barbara Ann",2016-03-04,8 SENATORS CONCERED ABOUT THE CONVERSION OF DeCA EMPLOYEES,1,5,NA,NA,NA,NA,2
DOD_DeCA,"MIKULSKI, Barbara Ann",2016-03-04,8 SENATORS CONCERED ABOUT THE CONVERSION OF DeCA EMPLOYEES,NA,NA,NA,NA,NA,NA,2
DOD_DeCA,"MURRAY, Patty",2016-03-04,8 SENATORS CONCERED ABOUT THE CONVERSION OF DeCA EMPLOYEES,1,5,NA,NA,NA,NA,2
DOD_DeCA,"MURRAY, Patty",2016-03-04,8 SENATORS CONCERED ABOUT THE CONVERSION OF DeCA EMPLOYEES,NA,NA,NA,NA,NA,NA,2
DHHS_CMS,"HATCH, Orrin Grant",2016-03-08,"[Oversight] - Co-addressed to The Honorable Jacob Lew, Department of Treasury Secretary re: the Transitional Reinsurance Program created under Section 1341 of ObamaCare, which Congress created to limit the insurance industry's exposure to high cost care",5,4,legislation,Transitional Reinsurance Program created under Section 1341 of ObamaCare,past,NA,2
DHHS_CMS,"HATCH, Orrin Grant",2016-03-08,"[Oversight] - Co-addressed to The Honorable Jacob Lew, Department of Treasury Secretary re: the Transitional Reinsurance Program created under Section 1341 of ObamaCare, which Congress created to limit the insurance industry's exposure to high cost care",5,NA,legislation,Transitional Reinsurance Program created under Section 1341 of the Affordable Care Act,NA,NA,2
DOD_DeCA,"FORBES, J. Randy",2016-03-09,WANTS HIS APPLICATION TO BE A FOOD RECIPIENT EXPEDITED.,1,NA,NA,NA,NA,NA,2
DOD_DeCA,"FORBES, J. Randy",2016-03-09,WANTS HIS APPLICATION TO BE A FOOD RECIPIENT EXPEDITED.,NA,NA,NA,NA,NA,NA,2
DHHS_CMS,"CAPITO, Shelley Moore",2016-03-16,Write today to express concerns regarding changes the Centers for Medicare and Medicaid Services (CMS) proposed in their 2017 Advance Notice,5,NA,rule,2017 Advanced Notice,NA,NA,2
DHHS_CMS,"CAPITO, Shelley Moore",2016-03-16,Write today to express concerns regarding changes the Centers for Medicare and Medicaid Services (CMS) proposed in their 2017 Advance Notice,5,4,NA,NA,NA,NA,2
DHHS_CMS,"PELOSI, Nancy",2016-03-16,"Pleasure to meet you and Senator Schumer on January 26,2016. Many thanks for your continued leadership at the Department of Health and Human Services.",6,NA,meeting,NA,2016-01-26,NA,2
DHHS_CMS,"PELOSI, Nancy",2016-03-16,"Pleasure to meet you and Senator Schumer on January 26,2016. Many thanks for your continued leadership at the Department of Health and Human Services.",6,NA,NA,NA,NA,NA,2
DHHS_CMS,"ABRAHAM, Ralph",2016-03-17,Regarding Medicare Payments,2,1,NA,NA,NA,NA,2
DHHS_CMS,"ABRAHAM, Ralph",2016-03-17,Regarding Medicare Payments,1,5,NA,NA,NA,NA,2
DHHS_CMS,"KIRK, Mark Steven",2016-03-17,"Congressional Delegation (13) - Writes re: concern for the proposed payment cut to Medicare Advantage (MA) Retiree Coverage, also referred to as Employer Group Waiver Plans, included in CMS 2017 Advance Notice",5,NA,rule,proposed payment cut to Medicare Advantage (MA) Retiree Coverage included in CMS 2017 Advance Notice,future,NA,2
DHHS_CMS,"KIRK, Mark Steven",2016-03-17,"Congressional Delegation (13) - Writes re: concern for the proposed payment cut to Medicare Advantage (MA) Retiree Coverage, also referred to as Employer Group Waiver Plans, included in CMS 2017 Advance Notice",5,4,rule,"proposed payment cut to Medicare Advantage (MA) Retiree Coverage, also referred to as Employer Group Waiver Plans, included in CMS 2017 Advance Notice",future,NA,2
DHHS_CMS,"TOOMEY, Patrick Joseph",2016-03-21,2017 Advance Notice/ Medicare Advantage.,5,NA,rule,2017 Advance Notice/ Medicare Advantage.,future,NA,2
DHHS_CMS,"TOOMEY, Patrick Joseph",2016-03-21,2017 Advance Notice/ Medicare Advantage.,5,4,NA,NA,NA,NA,2
DHHS_CMS,"UPTON, Frederick Stephen",2016-03-23,"[Oversight] - Co-addressed to Andy Slavitt, CMS Acting Administrator re: the Transitional Reinsurance Program established under Section 1341 of the Patient Protection and Affordable Care Act (PPACA)",5,NA,legislation,Transitional Reinsurance Program established under Section 1341 of the Patient Protection and Affordable Care Act (PPACA),past,NA,2
DHHS_CMS,"UPTON, Frederick Stephen",2016-03-23,"[Oversight] - Co-addressed to Andy Slavitt, CMS Acting Administrator re: the Transitional Reinsurance Program established under Section 1341 of the Patient Protection and Affordable Care Act (PPACA)",5,NA,legislation,Transitional Reinsurance Program established under Section 1341 of the Patient Protection and Affordable Care Act (PPACA),NA,NA,2
DHHS_CMS,"HURD, William Ballard",2016-03-24,Congressional Delegation (10) - Writes expressing concerns re: the proposed 2.5% payment cut to Medicare Advantage (MA) Retiree Coverage (also referred to as Employer Group Waiver Plans) included in CMS 2017 Advance Notice,5,NA,rule,proposed 2.5% payment cut to Medicare Advantage (MA) Retiree Coverage (also referred to as Employer Group Waiver Plans) included in CMS 2017 Advance Notice,future,NA,2
DHHS_CMS,"HURD, William Ballard",2016-03-24,Congressional Delegation (10) - Writes expressing concerns re: the proposed 2.5% payment cut to Medicare Advantage (MA) Retiree Coverage (also referred to as Employer Group Waiver Plans) included in CMS 2017 Advance Notice,5,4,rule,proposed 2.5% payment cut to Medicare Advantage (MA) Retiree Coverage (also referred to as Employer Group Waiver Plans) included in CMS 2017 Advance Notice,NA,NA,2
DHHS_CMS,"COLE, Tom",2016-03-28,Urges CMS to calculate and post a fair and appropriate reimbursement for BiOM ankle-foot system as soon as possible.,5,NA,decision,calculate and post a fair and appropriate reimbursement for BiOM ankle-foot system as soon as possible,future,NA,2
DHHS_CMS,"COLE, Tom",2016-03-28,Urges CMS to calculate and post a fair and appropriate reimbursement for BiOM ankle-foot system as soon as possible.,5,4,NA,NA,NA,NA,2
DHHS_CMS,"GRASSLEY, Charles Ernest",2016-03-29,(CONG DEL 6): 2016 Interim Final Medicare Physician Fee Schedule (MPFS) - Lower Reimbursement Rates for Glaucoma and Retinal Detachment Surgery.,4,5,rule,2016 Interim Final Medicare Physician Fee Schedule (MPFS) - Lower Reimbursement Rates for Glaucoma and Retinal Detachment Surgery,NA,NA,2
DHHS_CMS,"GRASSLEY, Charles Ernest",2016-03-29,(CONG DEL 6): 2016 Interim Final Medicare Physician Fee Schedule (MPFS) - Lower Reimbursement Rates for Glaucoma and Retinal Detachment Surgery.,5,5,rule,2016 Interim Final Medicare Physician Fee Schedule (MPFS) - Lower Reimbursement Rates for Glaucoma and Retinal Detachment Surgery,NA,NA,2
DHHS_CMS,"HASTINGS, Alcee Lamar",2016-03-29,"Medicare Claim Reimbursement in the total amount of $3,488.42.",1,2,NA,NA,NA,NA,2
DHHS_CMS,"HASTINGS, Alcee Lamar",2016-03-29,"Medicare Claim Reimbursement in the total amount of $3,488.42.",1,NA,NA,NA,NA,NA,2
DHHS_CMS,"BROWN, Sherrod",2016-03-30,Prematurity Guidelines Letter -- Letter signed by 11 Senators - Congressional Delegation,5,NA,rule,Prematurity Guidelines,NA,NA,2
DHHS_CMS,"BROWN, Sherrod",2016-03-30,Prematurity Guidelines Letter -- Letter signed by 11 Senators - Congressional Delegation,5,NA,NA,NA,NA,NA,2
DHHS_CMS,"PERRY, Scott",2016-03-30,Medicare And Retired People Concerns.,1,5,NA,NA,NA,NA,2
DHHS_CMS,"PERRY, Scott",2016-03-30,Medicare And Retired People Concerns.,1,NA,NA,NA,NA,NA,2
DHHS_CMS,"BLACK, Diane",2016-04-07,Sexton :Primary Care Associates Inquiry,2,NA,NA,NA,NA,NA,2
DHHS_CMS,"BLACK, Diane",2016-04-07,Sexton :Primary Care Associates Inquiry,2,1,NA,NA,NA,NA,2
DOL_MSHA,"CAPITO, Shelley Moore",2016-04-08,Support Application for Position At R*SI{iJlB8flflr,1,NA,NA,NA,NA,NA,2
DOL_MSHA,"CAPITO, Shelley Moore",2016-04-08,Support Application for Position At R*SI{iJlB8flflr,NA,NA,NA,NA,NA,NA,2
DOT_FHWA,"WHITEHOUSE, Sheldon",2016-04-08,Expressing Concerns Regarding the Blackstone River Visitor Center Adjacent to the Interstate Route 295 Rest Area NA NA NA NA NA NA NA NA NA NA,5,3,"NA","NA","NA","NA",2
DOT_FHWA,"WHITEHOUSE, Sheldon",2016-04-08,Expressing Concerns Regarding the Blackstone River Visitor Center Adjacent to the Interstate Route 295 Rest Area NA NA NA NA NA NA NA NA NA NA,5,"NA","NA","NA","NA","NA",2
NARA,"RUIZ, Raul",2016-04-21,"OMPF and medical records, Army, ssn (b)(6)",1,NA,NA,NA,NA,NA,2
NARA,"RUIZ, Raul",2016-04-21,"OMPF and medical records, Army, ssn (b)(6)",1,NA,NA,NA,NA,follow up to SR 2-18828566245,2
DOT_FHWA,"BOXER, Barbara",2016-04-25,"Final Report to Congress Regarding Comprehensive Truck Size and Weight Limits Study, Section 32801 NA NA NA NA NA NA NA NA NA NA",5,"NA",REPORT,"Final Report to Congress Regarding Comprehensive Truck Size and Weight Limits Study, Section 32801","NA","NA",2
DOT_FHWA,"BOXER, Barbara",2016-04-25,"Final Report to Congress Regarding Comprehensive Truck Size and Weight Limits Study, Section 32801 NA NA NA NA NA NA NA NA NA NA",5,4,REPORT,"Final Report to Congress Regarding Comprehensive Truck Size and Weight Limits Study, Section 32801","NA","NA",2
DOT_FHWA,"COCHRAN, William Thad",2016-04-25,"Final Report to Congress Regarding Comprehensive Truck Size and Weight Limits Study, Section 32801 NA NA NA NA NA NA NA NA NA NA",5,"NA",REPORT,"Final Report to Congress Regarding Comprehensive Truck Size and Weight Limits Study, Section 32801","NA","NA",2
DOT_FHWA,"COCHRAN, William Thad",2016-04-25,"Final Report to Congress Regarding Comprehensive Truck Size and Weight Limits Study, Section 32801 NA NA NA NA NA NA NA NA NA NA",5,4,REPORT,"Final Report to Congress Regarding Comprehensive Truck Size and Weight Limits Study, Section 32801","NA","NA",2
DHHS_CMS,"HOEVEN, John",2016-04-25,Thank you letter regarding Skilled Nursing Care Center Survey process,6,5,NA,NA,NA,NA,2
DHHS_CMS,"HOEVEN, John",2016-04-25,Thank you letter regarding Skilled Nursing Care Center Survey process,6,NA,NA,NA,NA,NA,2
DOT_FHWA,"NELSON, Clarence William (Bill)",2016-04-25,"Final Report to Congress Regarding Comprehensive Truck Size and Weight Limits Study, Section 32801 NA NA NA NA NA NA NA NA NA NA",5,"NA",REPORT,"Final Report to Congress Regarding Comprehensive Truck Size and Weight Limits Study, Section 32801","NA","NA",2
DOT_FHWA,"NELSON, Clarence William (Bill)",2016-04-25,"Final Report to Congress Regarding Comprehensive Truck Size and Weight Limits Study, Section 32801 NA NA NA NA NA NA NA NA NA NA",5,4,REPORT,"Final Report to Congress Regarding Comprehensive Truck Size and Weight Limits Study, Section 32801","NA","NA",2
DHHS_CMS,"JACKSON LEE, Sheila",2016-04-26,"Requests Assistance with Recovery of Funds from Palmetto GBA in the amount of $9,371.93",1,NA,NA,NA,NA,NA,2
DHHS_CMS,"JACKSON LEE, Sheila",2016-04-26,"Requests Assistance with Recovery of Funds from Palmetto GBA in the amount of $9,371.93",1,2,NA,NA,NA,NA,2
DHHS_CMS,"THUNE, John",2016-04-28,(CONG DEL 6): Requests HHS's technical assistance on enclosed draft legislation on Meaningful Use Program for EHR.,5,NA,legislation,draft legislation on Meaningful Use Program for EHR,future,NA,2
DHHS_CMS,"THUNE, John",2016-04-28,(CONG DEL 6): Requests HHS's technical assistance on enclosed draft legislation on Meaningful Use Program for EHR.,5,NA,legislation,Requests HHS's technical assistance on enclosed draft legislation on Meaningful Use Program for EHR,future,NA,2
DHHS_CMS,"GRASSLEY, Charles Ernest",2016-04-29,Writes with concerns regarding the Medicare Part B Drug Payment Proposed Model.,5,4,rule,Medicare Part B Drug Payment Proposed Model,future,NA,2
DHHS_CMS,"GRASSLEY, Charles Ernest",2016-04-29,Writes with concerns regarding the Medicare Part B Drug Payment Proposed Model.,5,4,NA,NA,NA,NA,2
DHHS_CMS,"COURTNEY, Joe",2016-05-05,Concerns re: Observation Coding/Two Midnight Rule,5,4,rule,Observation Coding/Two Midnight Rule,NA,NA,2
DHHS_CMS,"COURTNEY, Joe",2016-05-05,Concerns re: Observation Coding/Two Midnight Rule,4,5,rule,Observation Coding/Two Midnight Rule,NA,NA,2
DHHS_CMS,"McCONNELL, Addison Mitchell (Mitch)",2016-05-05,CMS Proposed Draft Local Coverage Determination (LCD) For Lower Limb Prosthesis .,5,NA,NA,NA,NA,NA,2
DHHS_CMS,"McCONNELL, Addison Mitchell (Mitch)",2016-05-05,CMS Proposed Draft Local Coverage Determination (LCD) For Lower Limb Prosthesis .,4,5,NA,NA,NA,NA,2
DOL_MSHA,"REED, Thomas W. II",2016-05-05,"MSHA/lnspections, Citations, Fines & Penalities Increase During The Past Year",2,1,enforcement,NA,NA,"about a 4, but sounds like either an individual or mine complaint",2
DOL_MSHA,"REED, Thomas W. II",2016-05-05,"MSHA/lnspections, Citations, Fines & Penalities Increase During The Past Year",NA,NA,NA,NA,NA,NA,2
DHHS_CMS,"DeGETTE, Diana",2016-05-09,Part B Drug Payment Rule,5,4,rule,Part B Drug Payment Rule,future,NA,2
DHHS_CMS,"DeGETTE, Diana",2016-05-09,Part B Drug Payment Rule,5,4,rule,Part B Drug Payment Rule,NA,NA,2
DHHS_CMS,"GARRETT, Scott",2016-05-11,Follow-up regarding his 2014 Meaningful Use Incentive Payment from Medicare; X-ref. #040420164058; constituent has not received a response as of today.,2,1,NA,NA,NA,NA,2
DHHS_CMS,"GARRETT, Scott",2016-05-11,Follow-up regarding his 2014 Meaningful Use Incentive Payment from Medicare; X-ref. #040420164058; constituent has not received a response as of today.,1,2,NA,NA,NA,NA,2
DOL_MSHA,"GRIFFITH, H. Morgan",2016-05-12,Request Desk Audit Regarding Pay Grade,1,NA,NA,Pay Grade,NA,could be a 5 but DOL employee,2
DOL_MSHA,"GRIFFITH, H. Morgan",2016-05-12,Request Desk Audit Regarding Pay Grade,NA,NA,NA,NA,NA,NA,2
DHHS_CMS,"JOHNSON, Sam",2016-05-12,"Concern Regarding Coverage for Medical Equipment 9 Sleep Apnea Machine,",1,NA,NA,NA,NA,NA,2
DHHS_CMS,"JOHNSON, Sam",2016-05-12,"Concern Regarding Coverage for Medical Equipment 9 Sleep Apnea Machine,",1,2,NA,NA,NA,NA,2
DHHS_CMS,"PETERS, Gary C.",2016-05-13,Regarding the Medicare Part B Model,5,4,rule,Medicare Part B Model,future,NA,2
DHHS_CMS,"PETERS, Gary C.",2016-05-13,Regarding the Medicare Part B Model,5,4,NA,NA,NA,NA,2
DHHS_CMS,"SANCHEZ, Loretta",2016-05-13,CMS Part B Drug Letter .,5,0,rule,CMS Part B Drug,future,NA,2
DHHS_CMS,"SANCHEZ, Loretta",2016-05-13,CMS Part B Drug Letter .,5,4,NA,NA,NA,NA,2
DHHS_CMS,"DOGGETT, Lloyd Alton, II",2016-05-17,Coverage Of Omni Pod Insulin Pump.,1,NA,NA,NA,NA,NA,2
DHHS_CMS,"DOGGETT, Lloyd Alton, II",2016-05-17,Coverage Of Omni Pod Insulin Pump.,1,2,NA,NA,NA,NA,2
DHHS_CMS,"ROTHFUS, Keith",2016-05-17,Concerns Regarding Medical Coverage ( Marketplace),1,5,NA,NA,NA,NA,2
DHHS_CMS,"ROTHFUS, Keith",2016-05-17,Concerns Regarding Medical Coverage ( Marketplace),1,NA,NA,NA,NA,NA,2
DHHS_CMS,"UPTON, Frederick Stephen",2016-05-17,Oversight Letter - The Transitional Reinsurance Program under the Patient Protection and Affordable Care Act.,5,NA,legislation,Patient Protection and Affordable Care Act,NA,NA,2
DHHS_CMS,"UPTON, Frederick Stephen",2016-05-17,Oversight Letter - The Transitional Reinsurance Program under the Patient Protection and Affordable Care Act.,5,NA,legislation,Transitional Reinsurance Program under the Patient Protection and Affordable Care Act.,NA,NA,2
DHHS_CMS,"CHAFFETZ, Jason",2016-05-18,[Oversight] - Writes re: subpoena related to Consumer Operated and Oriented Plans (CO-OPs) established under the Patient Protection and Affordable Care Act (PPACA),5,NA,legislation,Patient Protection and Affordable Care Act (PPACA),NA,NA,2
DHHS_CMS,"CHAFFETZ, Jason",2016-05-18,[Oversight] - Writes re: subpoena related to Consumer Operated and Oriented Plans (CO-OPs) established under the Patient Protection and Affordable Care Act (PPACA),5,NA,NA,NA,NA,NA,2
DHHS_CMS,"NEAL, Richard Edmund",2016-05-19,Regarding the Medicare Part B Drug Payment Model,5,4,rule,Medicare Part B Drug Payment Model,future,NA,2
DHHS_CMS,"NEAL, Richard Edmund",2016-05-19,Regarding the Medicare Part B Drug Payment Model,5,NA,NA,NA,NA,NA,2
DHHS_CMS,"KIRKPATRICK, Ann",2016-05-20,Concerns re: potential changes in health insurance options for constituents in Arizona; United Healthcare has announced its decision to exit the Affordable Care Act marketplace in Arizona,5,1,NA,NA,NA,NA,2
DHHS_CMS,"KIRKPATRICK, Ann",2016-05-20,Concerns re: potential changes in health insurance options for constituents in Arizona; United Healthcare has announced its decision to exit the Affordable Care Act marketplace in Arizona,5,NA,NA,NA,NA,NA,2
DHHS_CMS,"BECERRA, Xavier",2016-05-23,Concerns for Medicares's reimbursement for interpretations Of hospitall emergency room X-ray,1,5,NA,NA,NA,NA,2
DHHS_CMS,"BECERRA, Xavier",2016-05-23,Concerns for Medicares's reimbursement for interpretations Of hospitall emergency room X-ray,4,5,NA,NA,NA,NA,2
DHHS_CMS,"BURR, Richard M.",2016-05-24,Writes regarding concerns for proposed changes for drugs covered by Part b Medicare,5,4,rule,Medicare Part B Drug Payment Model,future,NA,2
DHHS_CMS,"BURR, Richard M.",2016-05-24,Writes regarding concerns for proposed changes for drugs covered by Part b Medicare,5,4,rule,proposed changes for drugs covered by Part b Medicare,future,NA,2
DHHS_CMS,"BURR, Richard M.",2016-05-24,Concerns regarding proposed changes for drugs covered by Medicare Part B,5,4,rule,proposed changes for drugs covered by Part b Medicare,future,NA,2
DHHS_CMS,"BURR, Richard M.",2016-05-24,Concerns regarding proposed changes for drugs covered by Medicare Part B,5,4,rule,proposed changes for drugs covered by Medicare Part B,future,NA,2
DHHS_CMS,"BURR, Richard M.",2016-05-24,Concerns for proposed changes covering drugs by Medicare Part B,5,4,rule,proposed changes for drugs covered by Medicare Part B,future,NA,2
DHHS_CMS,"BURR, Richard M.",2016-05-24,Concerns for proposed changes covering drugs by Medicare Part B,5,4,rule,proposed changes covering drugs by Medicare Part B,future,NA,2
DHHS_CMS,"BURR, Richard M.",2016-05-24,Writes about concerns for proposed changes for drugs covered by Medicare Part B,5,4,rule,proposed changes covering drugs by Medicare Part B,future,NA,2
DHHS_CMS,"BURR, Richard M.",2016-05-24,Writes about concerns for proposed changes for drugs covered by Medicare Part B,5,4,rule,proposed changes for drugs covered by Medicare Part B,future,NA,2
DOL_MSHA,"WARNER, Mark",2016-05-25,OSHA's Occupational Exposure To Respirable Crystalline Silica Proposed Rule,5,NA,rule,Respirable Crystalline Silica Proposed Rule,past,published in past (2013) but says proposed rule,2
DOL_MSHA,"WARNER, Mark",2016-05-25,OSHA's Occupational Exposure To Respirable Crystalline Silica Proposed Rule,NA,NA,NA,NA,NA,NA,2
DHHS_CMS,"CORNYN, John",2016-05-27,"Request information on the Graduate Medical Education (GME) program, specific to hospitals starting a ""new"" teaching program.",5,3,information,"Request information on the Graduate Medical Education (GME) program, specific to hospitals starting a ""new"" teaching program.",NA,NA,2
DHHS_CMS,"CORNYN, John",2016-05-27,"Request information on the Graduate Medical Education (GME) program, specific to hospitals starting a ""new"" teaching program.",5,NA,NA,NA,NA,NA,2
DHHS_CMS,"McCAIN, John Sidney, III",2016-06-06,Concerns Regarding the Current Stated Policy in Supplemental Oxygen Qualification.,1,NA,NA,NA,NA,NA,2
DHHS_CMS,"McCAIN, John Sidney, III",2016-06-06,Concerns Regarding the Current Stated Policy in Supplemental Oxygen Qualification.,1,2,NA,NA,NA,NA,2
DHHS_CMS,"BURR, Richard M.",2016-06-08,Concerns for proposed changes to drugs covered under Medicare Part B,5,NA,NA,NA,NA,NA,2
DHHS_CMS,"BURR, Richard M.",2016-06-08,Concerns about proposed changes to drugs covered by Medicare Part B,5,NA,rule,proposed changes to drugs covered by Medicare Part B,future,NA,2
DHHS_CMS,"BURR, Richard M.",2016-06-08,Concerns for proposed changes to drugs covered under Medicare Part B,5,NA,rule,proposed changes to drugs covered under Medicare Part B,future,NA,2
DHHS_CMS,"BURR, Richard M.",2016-06-08,Concerns about proposed changes to drugs covered by Medicare Part B,2,4,NA,NA,NA,NA,2
DHHS_CMS,"GRASSLEY, Charles Ernest",2016-06-09,[DEL 13] - Writes to express concerns with CMS's current methodology for calculating for geographic practice cost indexes,5,NA,NA,NA,NA,NA,2
DHHS_CMS,"GRASSLEY, Charles Ernest",2016-06-09,[DEL 13] - Writes to express concerns with CMS's current methodology for calculating for geographic practice cost indexes,4,5,NA,NA,NA,NA,2
DOT_FHWA,"SHAHEEN, Jeanne",2016-06-09,"Concerns surrounding the Broad Street Parkway transportation project in Nashua, New Hampshire NA NA NA NA NA NA NA NA NA NA",5,3,"NA","NA","NA","NA",2
DOT_FHWA,"SHAHEEN, Jeanne",2016-06-09,"Concerns surrounding the Broad Street Parkway transportation project in Nashua, New Hampshire NA NA NA NA NA NA NA NA NA NA",5,"NA","NA","NA","NA","NA",2
DHHS_CMS,"JACKSON LEE, Sheila",2016-06-15,Assistance with payment recovery form CMS contractor Palmetto GBA,1,2,NA,NA,NA,NA,2
DHHS_CMS,"JACKSON LEE, Sheila",2016-06-15,Assistance with payment recovery form CMS contractor Palmetto GBA,1,NA,NA,NA,NA,NA,2
NARA,"BOOKER, Cory Anthony",2016-06-16,"DD214, Army, ssn (b)(6)",1,NA,NA,NA,NA,"entered as SR 2-19800151993, but later couldn't find it in CMRS",2
NARA,"BOOKER, Cory Anthony",2016-06-16,"DD214, Army, ssn (b)(6)",1,NA,NA,NA,NA,NA,2
DOL_MSHA,"WENSTRUP, Brad",2016-06-16,Concern Regarding Transferring Mine Fees to Employees of the Mine,4,1,NA,NA,NA,could be an individual miner complaint,2
DOL_MSHA,"WENSTRUP, Brad",2016-06-16,Concern Regarding Transferring Mine Fees to Employees of the Mine,NA,NA,NA,NA,NA,NA,2
DOL_MSHA,"BALDWIN, Tammy",2016-06-20,Follow Up on Assistance With MSHA's Handling of Fly Rock Incident,1,2,disaster,NA,NA,see 537,2
DOL_MSHA,"BALDWIN, Tammy",2016-06-20,Follow Up on Assistance With MSHA's Handling of Fly Rock Incident,NA,NA,NA,NA,NA,NA,2
DHHS_CMS,"ABRAHAM, Ralph",2016-06-21,Medicare's Proposal Pharmacy Benefit Managers (PBMs)/Part D Fee.,2,5,NA,NA,NA,NA,2
DHHS_CMS,"ABRAHAM, Ralph",2016-06-21,Medicare's Proposal Pharmacy Benefit Managers (PBMs)/Part D Fee.,4,5,NA,NA,NA,NA,2
DHHS_CMS,"HATCH, Orrin Grant",2016-06-21,Oversight - request for briefing on questionable assumptions in the 2014 and 2015 Social Security trustee reports,5,NA,information,2014 and 2015 Social Security trustee reports,NA,NA,2
DHHS_CMS,"HATCH, Orrin Grant",2016-06-21,Oversight - request for briefing on questionable assumptions in the 2014 and 2015 Social Security trustee reports,5,NA,information,request for briefing on questionable assumptions in the 2014 and 2015 Social Security trustee reports,NA,NA,2
DHHS_CMS,"SCOTT, Austin",2016-06-21,Requests assistance for physician selected for meaningful use audit,2,NA,NA,NA,NA,NA,2
DHHS_CMS,"SCOTT, Austin",2016-06-21,Requests assistance for physician selected for meaningful use audit,2,1,NA,NA,NA,NA,2
DHHS_CMS,"ADAMS, Alma",2016-06-22,Writes in about concerns for Medicare's competitive bidding process - involving a company based on North Carolina,2,NA,NA,NA,NA,NA,2
DHHS_CMS,"ADAMS, Alma",2016-06-22,Writes in about concerns for Medicare's competitive bidding process - involving a company based on North Carolina,2,4,NA,NA,NA,NA,2
DHHS_CMS,"ISRAEL, Steve",2016-07-11,Concerns for changes to methodology for disproportionate share hospitals,5,NA,NA,NA,NA,NA,2
DHHS_CMS,"ISRAEL, Steve",2016-07-11,Concerns for changes to methodology for disproportionate share hospitals,4,5,NA,NA,NA,NA,2
DHHS_CMS,"KLOBUCHAR, Amy",2016-07-20,Concerned with the FY 2017 Medicare Inpatient Prospective Payment System (IPPS) proposed rule; Payment under the Disproportionate Share Hospital (DSH) Program.,5,NA,rule,FY 2017 Medicare Inpatient Prospective Payment System (IPPS) proposed rule,NA,NA,2
DHHS_CMS,"KLOBUCHAR, Amy",2016-07-20,Concerned with the FY 2017 Medicare Inpatient Prospective Payment System (IPPS) proposed rule; Payment under the Disproportionate Share Hospital (DSH) Program.,4,5,rule,FY 2017 Medicare Inpatient Prospective Payment System (IPPS) proposed rule; Payment under the Disproportionate Share Hospital (DSH) Program.,future,NA,2
DHHS_CMS,"SEWELL, Terri",2016-07-20,Invitation for the Secretary to visit for a tour of rural hospitals and clinics in Alabama's 7th District during October or November of this year,5,NA,invite,tour of rural hospitals and clinics in Alabama's 7th District during October or November of this year,NA,NA,2
DHHS_CMS,"SEWELL, Terri",2016-07-20,Invitation for the Secretary to visit for a tour of rural hospitals and clinics in Alabama's 7th District during October or November of this year,5,NA,invite,Invitation for the Secretary to visit for a tour of rural hospitals and clinics in Alabama's 7th District during October or November of this year,future,NA,2
DOI_SOL,"ZINKE, Ryan",2016-07-22,Blackfeet Tribe Water Rights Settlement,5,3,lawsuit,Blackfeet Tribe Water Rights Settlement,NA,*related to legislation (2016 Blackfeet Water Rights Settlement Act),2
DOI_SOL,"ZINKE, Ryan",2016-07-22,Blackfeet Tribe Water Rights Settlement,5,NA,lawsuit,Blackfeet Tribe Water Rights Settlement,NA,see 117,2
DHHS_CMS,"McCAUL, Michael T.",2016-07-28,Regarding Medicare Billing,1,NA,NA,NA,NA,NA,2
DHHS_CMS,"McCAUL, Michael T.",2016-07-28,Regarding Medicare Billing,1,2,NA,NA,NA,NA,2
DHHS_CMS,"FLAKE, Jeff",2016-08-02,Writing the Center for Medicare and Medicaid Center (CMS) Proposed Rule on the Merit-Based Incentive Payment System (MIPS) and Alternative Payment Model (APM),5,NA,rule,Proposed Rule on the Merit-Based Incentive Payment System (MIPS) and Alternative Payment Model (APM),future,NA,2
DHHS_CMS,"FLAKE, Jeff",2016-08-02,Writing the Center for Medicare and Medicaid Center (CMS) Proposed Rule on the Merit-Based Incentive Payment System (MIPS) and Alternative Payment Model (APM),5,4,rule,Proposed Rule on the Merit-Based Incentive Payment System (MIPS) and Alternative Payment Model (APM),future,NA,2
DHHS_CMS,"RUBIO, Marco",2016-08-03,Seeks assistance with Medicaid-DME,1,NA,NA,NA,NA,NA,2
DHHS_CMS,"RUBIO, Marco",2016-08-03,Seeks assistance with Medicaid-DME,1,2,NA,NA,NA,NA,2
DHHS_CMS,"PALAZZO, Steven",2016-08-10,Reinstate Medicare Number.,1,2,NA,NA,NA,NA,2
DHHS_CMS,"PALAZZO, Steven",2016-08-10,Reinstate Medicare Number.,2,3,NA,NA,NA,NA,2
DHHS_CMS,"SMITH, Christopher Henry",2016-08-16,Re Antibiotic Stewardship Program.,2,3,NA,NA,NA,NA,2
DHHS_CMS,"SMITH, Christopher Henry",2016-08-16,Re Antibiotic Stewardship Program.,5,NA,NA,NA,NA,NA,2
DHHS_CMS,"RUBIO, Marco",2016-08-22,Regarding an issue with reinstating his enrollment as a provider.,2,3,NA,NA,NA,NA,2
DHHS_CMS,"RUBIO, Marco",2016-08-22,Regarding an issue with reinstating his enrollment as a provider.,2,1,NA,NA,NA,NA,2
DHHS_CMS,"POE, Ted",2016-08-29,Seeks assistance with National Provider identifier Number,2,1,NA,NA,NA,NA,2
DHHS_CMS,"POE, Ted",2016-08-29,Seeks assistance with National Provider identifier Number,2,3,NA,NA,NA,NA,2
DHHS_CMS,"UPTON, Frederick Stephen",2016-09-01,"[Oversight] - Writes requesting information on the Department's handling of potential violations of the federal Anti-Deficiency Act (ADA), including several violations reported in the Department's 2015 financial audit",5,NA,information,Department's handling of potential violations of the federal Anti-Deficiency Act (ADA),NA,NA,2
DHHS_CMS,"UPTON, Frederick Stephen",2016-09-01,"[Oversight] - Writes requesting information on the Department's handling of potential violations of the federal Anti-Deficiency Act (ADA), including several violations reported in the Department's 2015 financial audit",5,NA,information; legislation,"requesting information on the Department's handling of potential violations of the federal Anti-Deficiency Act (ADA), including several violations reported in the Department's 2015 financial audit",NA,NA,2
DHHS_CMS,"YOUNG, David",2016-09-07,CMS-5517-P Medicare Access and CHIP Reauthorization Act of 2015,5,NA,legislation,Medicare Access and CHIP Reauthorization Act of 2015,NA,NA,2
DHHS_CMS,"YOUNG, David",2016-09-07,CMS-5517-P Medicare Access and CHIP Reauthorization Act of 2015,5,4,rule; legislation,CMS-5517-P Medicare Access and CHIP Reauthorization Act of 2015,NA,NA,2
DHHS_CMS,"SINEMA, Kyrsten",2016-09-09,Concerns with Medicare Part B payment Model,5,NA,NA,NA,NA,NA,2
DHHS_CMS,"SINEMA, Kyrsten",2016-09-09,Concerns with Medicare Part B payment Model,5,4,rule,Medicare Part B payment Model,NA,NA,2
DOL_MSHA,"GRIFFITH, H. Morgan",2016-09-13,Request To Be Put Back On Full Time Duty & Second Opinion Evaluation,1,NA,NA,NA,NA,NA,2
DOL_MSHA,"GRIFFITH, H. Morgan",2016-09-13,Request To Be Put Back On Full Time Duty & Second Opinion Evaluation,NA,NA,NA,NA,NA,NA,2
DHHS_CMS,"CASEY, Robert (Bob), Jr.",2016-09-14,"Grant Support - The Grand View Healthcare Partnership (GVHP), based in Bucks County, Pennsylvania, submits an application to CMS' Comprehensive Primary Care Plus program",3,2,NA,NA,NA,NA,2
DHHS_CMS,"CASEY, Robert (Bob), Jr.",2016-09-14,"Grant Support - The Grand View Healthcare Partnership (GVHP), based in Bucks County, Pennsylvania, submits an application to CMS' Comprehensive Primary Care Plus program",3,NA,NA,NA,NA,NA,2
DHHS_CMS,"PALAZZO, Steven",2016-09-14,Regarding billing issue,1,NA,NA,NA,NA,NA,2
DHHS_CMS,"PALAZZO, Steven",2016-09-14,Regarding billing issue,1,2,NA,NA,NA,NA,2
DHHS_CMS,"KILMER, Derek",2016-09-19,DMEPOS Documentation Requirements,2,5,NA,NA,NA,NA,2
DHHS_CMS,"KILMER, Derek",2016-09-19,DMEPOS Documentation Requirements,2,3,NA,NA,NA,NA,2
DHHS_CMS,"UPTON, Frederick Stephen",2016-09-20,Oversight - 5 Members - Patient Protection and Affordable Care Act (PPACA),5,NA,legislation,Patient Protection and Affordable Care Act (PPACA),NA,NA,2
DHHS_CMS,"UPTON, Frederick Stephen",2016-09-20,Upton (co-addressed to Treasury Sec Lew and Labor Sec Perez) concerned abt provisions affecting fixed indemnity health plans under the tri-Departments' proposed Ex-pat/Excepted Benefits rule.,5,NA,rule,proposed Ex-pat/Excepted Benefits rule,NA,NA,2
DHHS_CMS,"UPTON, Frederick Stephen",2016-09-20,Upton (co-addressed to Treasury Sec Lew and Labor Sec Perez) concerned abt provisions affecting fixed indemnity health plans under the tri-Departments' proposed Ex-pat/Excepted Benefits rule.,5,NA,rule,provisions affecting fixed indemnity health plans under the tri-Departments' proposed Ex-pat/Excepted Benefits rule,NA,NA,2
DHHS_CMS,"UPTON, Frederick Stephen",2016-09-20,Oversight - 5 Members - Patient Protection and Affordable Care Act (PPACA),5,NA,legislation,Patient Protection and Affordable Care Act,NA,NA,2
DHHS_CMS,"BENNET, Michael F.",2016-09-21,Bennet urges HHS to conduct outreach to states on using Section 1332 federal waivers to lower out of pocket costs for Colorado's families.,5,3,NA,NA,NA,NA,2
DHHS_CMS,"BENNET, Michael F.",2016-09-21,Bennet urges HHS to conduct outreach to states on using Section 1332 federal waivers to lower out of pocket costs for Colorado's families.,5,NA,NA,NA,NA,NA,2
DOL_MSHA,"GUINTA, Frank",2016-09-21,Concerns About MSHA's Q3@^HTelocation Site,1,NA,NA,NA,NA,NA,2
DOL_MSHA,"GUINTA, Frank",2016-09-21,Concerns About MSHA's Q3@^HTelocation Site,NA,NA,NA,NA,NA,NA,2
DOL_MSHA,"PALMER, Gary James",2016-09-21,Concerns About MSHA's Consolidation,1,NA,NA,NA,NA,NA,2
DOL_MSHA,"PALMER, Gary James",2016-09-21,Concerns About MSHA's Q3Ki^^^Closlng/ Consolidation,1,NA,NA,NA,NA,NA,2
DOL_MSHA,"PALMER, Gary James",2016-09-21,Concerns About MSHA's Consolidation,NA,NA,NA,NA,NA,NA,2
DOL_MSHA,"PALMER, Gary James",2016-09-21,Concerns About MSHA's Q3Ki^^^Closlng/ Consolidation,NA,NA,NA,NA,NA,NA,2
DHHS_CMS,"ABRAHAM, Ralph",2016-09-23,"Concerns for notice in March 2016 regarding the suspension of Medicare payments to his practice, Diagnostic Pain Management",2,NA,NA,NA,NA,NA,2
DHHS_CMS,"ABRAHAM, Ralph",2016-09-23,"Concerns for notice in March 2016 regarding the suspension of Medicare payments to his practice, Diagnostic Pain Management",2,1,NA,NA,NA,NA,2
DOT_FHWA,"CANTWELL, Maria E.",2016-09-23,[PRIORITY - FOR S1 SIGNATURE]Urging the Secretary to Expeditiously Approve Emergency Relief (ER) Program Funding Requested by the State of Washington to Make Emergency Repairs to the Chamber Way Bridge Overpass (3 Cosigners) NA NA NA NA NA NA NA NA NA NA,3,1,"NA","NA","NA","NA",2
DOT_FHWA,"CANTWELL, Maria E.",2016-09-23,[PRIORITY - FOR S1 SIGNATURE]Urging the Secretary to Expeditiously Approve Emergency Relief (ER) Program Funding Requested by the State of Washington to Make Emergency Repairs to the Chamber Way Bridge Overpass (3 Cosigners) NA NA NA NA NA NA NA NA NA NA,5,3,"NA","NA","NA","NA",2
DHHS_CMS,"CARDIN, Benjamin Louis",2016-09-23,Extend the Medicaid Emergency Psychiatric Demonstration,5,NA,NA,NA,NA,NA,2
DHHS_CMS,"CARDIN, Benjamin Louis",2016-09-23,Extend the Medicaid Emergency Psychiatric Demonstration,5,2,NA,NA,NA,NA,2
DOT_FHWA,"MURRAY, Patty",2016-09-23,[PRIORITY - FOR S1 SIGNATURE]Urging the Secretary to Expeditiously Approve Emergency Relief (ER) Program Funding Requested by the State of Washington to Make Emergency Repairs to the Chamber Way Bridge Overpass (3 Cosigners) NA NA NA NA NA NA NA NA NA NA,3,1,"NA","NA","NA","NA",2
DOT_FHWA,"MURRAY, Patty",2016-09-23,[PRIORITY - FOR S1 SIGNATURE]Urging the Secretary to Expeditiously Approve Emergency Relief (ER) Program Funding Requested by the State of Washington to Make Emergency Repairs to the Chamber Way Bridge Overpass (3 Cosigners) NA NA NA NA NA NA NA NA NA NA,5,3,"NA","NA","NA","NA",2
DHHS_CMS,"YOHO, Ted",2016-09-23,Regarding Medicare Penalty,1,2,NA,NA,NA,NA,2
DHHS_CMS,"YOHO, Ted",2016-09-23,Regarding Medicare Penalty,1,NA,NA,NA,NA,NA,2
DHHS_CMS,"DIAZ-BALART, Mario",2016-09-27,Concerns Regarding Molina Healthcare,5,1,NA,NA,NA,NA,2
DHHS_CMS,"DIAZ-BALART, Mario",2016-09-27,Concerns Regarding Molina Healthcare,1,NA,NA,NA,NA,NA,2
DHHS_CMS,"WARNER, Mark",2016-09-28,Concerns Regarding Cost of Saline in Hospitals.,1,3,NA,NA,NA,NA,2
DHHS_CMS,"WARNER, Mark",2016-09-28,Concerns Regarding Cost of Saline in Hospitals.,1,2,NA,NA,NA,NA,2
DHHS_CMS,"GILLIBRAND, Kirsten",2016-09-29,Gillibrand & Schumer support Brookhaven Hospital's appeal of CMS's determination to withhold their 2013 Meaningful Use incentive payment.,3,2,NA,NA,NA,NA,2
DHHS_CMS,"GILLIBRAND, Kirsten",2016-09-29,Gillibrand & Schumer support Brookhaven Hospital's appeal of CMS's determination to withhold their 2013 Meaningful Use incentive payment.,3,NA,NA,NA,NA,NA,2
DHHS_CMS,"HATCH, Orrin Grant",2016-09-29,Hatch OVERSIGHT: Names of CO-OPs CMS withholding funding for; amount & type of funding withheld; rationale for withholding; rationale for not withholding funding for other failed CO-OPs; etc.,5,NA,information,NA,NA,NA,2
DHHS_CMS,"HATCH, Orrin Grant",2016-09-29,Hatch OVERSIGHT: Names of CO-OPs CMS withholding funding for; amount & type of funding withheld; rationale for withholding; rationale for not withholding funding for other failed CO-OPs; etc.,5,NA,NA,NA,NA,NA,2
DHHS_CMS,"PORTMAN, Robert Jones (Rob)",2016-09-29,"[Oversight] - Co-addressed to Honorable Andy Slavitt, CMS Acting Administrator re: Reviewing the CO-OPs program established by the Patient Protection and Affordable Care Act (ACA); requesting additional information in connection with this investigation",5,NA,legislation; information,CO-OPs program established by the Patient Protection and Affordable Care Act (ACA),NA,NA,2
DHHS_CMS,"PORTMAN, Robert Jones (Rob)",2016-09-29,"[Oversight] - Co-addressed to Honorable Andy Slavitt, CMS Acting Administrator re: Reviewing the CO-OPs program established by the Patient Protection and Affordable Care Act (ACA); requesting additional information in connection with this investigation",5,NA,information; investigation; legislation,Reviewing the CO-OPs program established by the Patient Protection and Affordable Care Act (ACA); requesting additional information in connection with this investigation,NA,NA,2
DHHS_CMS,"VISCLOSKY, Peter",2016-09-29,Writing on Behalf of a Constituent's Concerns Regarding Medicare Coverage for Omni Pod Insulin Pumps,1,NA,NA,NA,NA,NA,2
DHHS_CMS,"VISCLOSKY, Peter",2016-09-29,Writing on Behalf of a Constituent's Concerns Regarding Medicare Coverage for Omni Pod Insulin Pumps,2,4,NA,NA,NA,NA,2
DHHS_CMS,"BURR, Richard M.",2016-10-04,"Regarding the use of ""Incident to"" Billing Practices as Finalized by CMS Physician Fee Schedule Rule of December 2013.",5,NA,rule,CMS Physician Fee Schedule Rule of December 2013,past,NA,2
DHHS_CMS,"BURR, Richard M.",2016-10-04,"Regarding the use of ""Incident to"" Billing Practices as Finalized by CMS Physician Fee Schedule Rule of December 2013.",5,4,rule,"Regarding the use of ""Incident to"" Billing Practices as Finalized by CMS Physician Fee Schedule Rule of December 2013.",past,NA,2
DHHS_CMS,"GARRETT, Scott",2016-10-05,Issues With Tax Identification Number,1,2,NA,NA,NA,NA,2
DHHS_CMS,"GARRETT, Scott",2016-10-05,Issues With Tax Identification Number,1,NA,NA,NA,NA,NA,2
DHHS_CMS,"SESSIONS, Jefferson Beauregard III (Jeff)",2016-10-05,Writing to Express Strong Concerns Regarding Cancer Experiment,5,1,NA,NA,NA,NA,2
DHHS_CMS,"SESSIONS, Jefferson Beauregard III (Jeff)",2016-10-05,Writing to Express Strong Concerns Regarding Cancer Experiment,5,NA,NA,NA,NA,NA,2
DHHS_CMS,"JOHNSON, Ron",2016-10-07,Requests/comments on proposal to remove pain management dimension from Hospital Consumer Assesment of Health Care Systems HCAHPS,5,NA,NA,NA,NA,NA,2
DHHS_CMS,"JOHNSON, Ron",2016-10-07,Requests/comments on proposal to remove pain management dimension from Hospital Consumer Assesment of Health Care Systems HCAHPS,5,4,NA,NA,NA,NA,2
DHHS_CMS,"WALDEN, Greg",2016-10-07,Delegation writes in on concerns with electronic diagnostic billing practicies,5,NA,NA,NA,NA,NA,2
DHHS_CMS,"WALDEN, Greg",2016-10-07,Delegation writes in on concerns with electronic diagnostic billing practicies,5,4,NA,NA,NA,NA,2
DHHS_CMS,"REID, Harry",2016-10-11,"Expresses support for the DHHS proposed rule entitled ""Compliance with Title X Requirements by Project Recipients in Selecting Subrecipients""",5,NA,rule,"proposed rule entitled ""Compliance with Title X Requirements by Project Recipients in Selecting Subrecipients""",future,NA,2
DHHS_CMS,"REID, Harry",2016-10-11,"Expresses support for the DHHS proposed rule entitled ""Compliance with Title X Requirements by Project Recipients in Selecting Subrecipients""",5,NA,rule,"proposed rule entitled ""Compliance with Title X Requirements by Project Recipients in Selecting Subrecipients""",NA,NA,2
DHHS_CMS,"GRAHAM, Lindsey O.",2016-10-12,Express Concerns Regarding an Reimbursement From Medicare,1,NA,NA,NA,NA,NA,2
DHHS_CMS,"GRAHAM, Lindsey O.",2016-10-12,Express Concerns Regarding an Reimbursement From Medicare,1,2,NA,NA,NA,NA,2
DHHS_CMS,"HATCH, Orrin Grant",2016-10-12,"Hatch & Wyden Comments on proposed MACRA Rule: small practice viability (including virtual groups), Advancing Care Info flexibility, facilitating APM opportunities, data access & timely feedback.",5,4,rule,proposed MACRA Rule,future,NA,2
DHHS_CMS,"HATCH, Orrin Grant",2016-10-12,"Hatch & Wyden Comments on proposed MACRA Rule: small practice viability (including virtual groups), Advancing Care Info flexibility, facilitating APM opportunities, data access & timely feedback.",4,5,rule; legislation,"proposed MACRA Rule: small practice viability (including virtual groups), Advancing Care Info flexibility, facilitating APM opportunities, data access & timely feedback",NA,NA,2
DHHS_CMS,"HARRIS, Andy",2016-10-13,Issues with Meaningful Use Bonus Refund,1,2,NA,NA,NA,NA,2
DHHS_CMS,"HARRIS, Andy",2016-10-13,Issues with Meaningful Use Bonus Refund,2,1,NA,NA,NA,NA,2
DHHS_CMS,"KIND, Ron",2016-10-13,"Ron Kind+Matsui: Urges CMS to reevaluate a provision in the 2014 Hospital OPPS Final Rule that alters Medicare's ""packaged payment"" policy for drugs in outpatient",5,NA,rule,2014 Hospital Outpatient Prospective Payment System (OPPS) Final Rule,NA,NA,2
DHHS_CMS,"KIND, Ron",2016-10-13,"Ron Kind+Matsui: Urges CMS to reevaluate a provision in the 2014 Hospital OPPS Final Rule that alters Medicare's ""packaged payment"" policy for drugs in outpatient",5,4,rule,"provision in the 2014 Hospital OPPS Final Rule that alters Medicare's ""packaged payment"" policy for drugs in outpatient",past,NA,2
DHHS_CMS,"BLUNT, Roy",2016-10-14,Blunt urges CMS to release information immediately for the Missouri Marketplace: health insurance premium rates and the list of participating health plans for benefit year 2017.,5,NA,NA,NA,NA,NA,2
DHHS_CMS,"BLUNT, Roy",2016-10-14,Blunt urges CMS to release information immediately for the Missouri Marketplace: health insurance premium rates and the list of participating health plans for benefit year 2017.,5,3,NA,NA,NA,NA,2
DHHS_CMS,"BURR, Richard M.",2016-10-18,Regarding Medicare Payment,1,0,NA,NA,NA,NA,2
DHHS_CMS,"BURR, Richard M.",2016-10-18,Regarding Medicare Payment,1,NA,NA,NA,NA,NA,2
DHHS_CMS,"JOHNSON, Ron",2016-10-20,"Johnson re: Section 603 Bipartisan Budget Act on Medicare payment for services furnished by certain off-campus outpatient dept of a provider (off-campus “provider-based dept,"" PBDs)",5,NA,legislation,Section 603 Bipartisan Budget Act,NA,NA,2
DHHS_CMS,"JOHNSON, Ron",2016-10-20,"Johnson re: Section 603 Bipartisan Budget Act on Medicare payment for services furnished by certain off-campus outpatient dept of a provider (off-campus “provider-based dept,"" PBDs)",5,4,legislation,"Section 603 Bipartisan Budget Act on Medicare payment for services furnished by certain off-campus outpatient dept of a provider (off-campus “provider-based dept,"" PBDs)",NA,NA,2
DHHS_CMS,"SCHUMER, Charles Ellis (Chuck)",2016-10-21,Schumer on Volume Decrease Adjustments - guidance form CMS to National Government Contractors on this issue,4,5,rule,guidance form CMS to National Government Contractors on volume decrease adjustments,NA,NA,2
DHHS_CMS,"SCHUMER, Charles Ellis (Chuck)",2016-10-21,Schumer on Volume Decrease Adjustments - guidance form CMS to National Government Contractors on this issue,5,NA,NA,NA,NA,NA,2
DHS_HQ,"CRUZ, Rafael Edward (Ted)",2016-10-24,Requests the Department designate the death of a Border Patrol Agent a line of duty fatality.,5,"NA","NA","NA","NA",personnel,2
DHS_HQ,"CRUZ, Rafael Edward (Ted)",2016-10-24,Requests the Department designate the death of a Border Patrol Agent a line of duty fatality.,"NA","NA","NA","NA","NA","NA",2
DHHS_CMS,"McCONNELL, Addison Mitchell (Mitch)",2016-10-25,Concerns Implementation of Bipartisan Budget Act - Section 603 Medicaid,5,NA,legislation,Bipartisan Budget Act - Section 603 Medicaid,NA,NA,2
DHHS_CMS,"McCONNELL, Addison Mitchell (Mitch)",2016-10-25,Concerns Implementation of Bipartisan Budget Act - Section 603 Medicaid,5,NA,legislation,Implementation of Bipartisan Budget Act - Section 603 Medicaid,NA,NA,2
DHHS_CMS,"REED, Thomas W. II",2016-10-25,Regarding the Decision fo the Centers for Medicare and Medicaid Services (CMS) to Instruct its Medicare Administrative Contractors (MAC) to Seek Recoupment for Payments,5,4,decision,Decision of CMS to Instruct its Medicare Administrative Contractors (MAC) to Seek Recoupment for Payments,NA,NA,3
DHHS_CMS,"REED, Thomas W. II",2016-10-25,Regarding the Decision fo the Centers for Medicare and Medicaid Services (CMS) to Instruct its Medicare Administrative Contractors (MAC) to Seek Recoupment for Payments,5,NA,decision,Decision of CMS to Instruct its Medicare Administrative Contractors (MAC) to Seek Recoupment for Payments,NA,NA,3
DHHS_CMS,"REED, Thomas W. II",2016-10-25,Regarding the Decision fo the Centers for Medicare and Medicaid Services (CMS) to Instruct its Medicare Administrative Contractors (MAC) to Seek Recoupment for Payments,5,NA,NA,NA,NA,NA,3
DHHS_CMS,"RICE, Kathleen Maura",2016-10-26,Regarding Medicare Payment for Infusion Therapy.,1,NA,NA,NA,NA,NA,2
DHHS_CMS,"RICE, Kathleen Maura",2016-10-26,Regarding Medicare Payment for Infusion Therapy.,1,2,NA,NA,NA,NA,2
DHHS_CMS,"HATCH, Orrin Grant",2016-10-27,Hatch-Wyden [co-addressed to Andy Slavitt] Chronic Care legislation update and inclusion of proposed policies from the Congressional Chronic Care Working Group in proposed PFS rule.,5,NA,legislation; rule,Chronic Care legislation; proposed PFS rule,NA,NA,2
DHHS_CMS,"HATCH, Orrin Grant",2016-10-27,Hatch-Wyden [co-addressed to Andy Slavitt] Chronic Care legislation update and inclusion of proposed policies from the Congressional Chronic Care Working Group in proposed PFS rule.,5,NA,rule; legislation,Chronic Care legislation update and inclusion of proposed policies from the Congressional Chronic Care Working Group in proposed PFS rule,future,NA,2
DOD_DeCA,"McSALLY, Martha",2016-10-27,CANNED GOODS PLACED OUTSIDE IN THE HEAT W/TEMPS EXCEEDING 100 AND THEN PLACED BACK IN CMSY FOR RESALE/OLDER EGGS BEING PLACED IN NEWER CARTONS,1,NA,NA,NA,NA,NA,2
DOD_DeCA,"McSALLY, Martha",2016-10-27,CANNED GOODS PLACED OUTSIDE IN THE HEAT W/TEMPS EXCEEDING 100 AND THEN PLACED BACK IN CMSY FOR RESALE/OLDER EGGS BEING PLACED IN NEWER CARTONS,NA,NA,NA,NA,NA,NA,2
DOD_DeCA,"MURKOWSKI, Lisa",2016-10-28,OFFERED BUYOUT/RETIREMENT PACKAGE THEN IT WAS RESCINDED. WOULD LIKE RECONSIDERATION.,1,NA,NA,NA,NA,NA,2
DOD_DeCA,"MURKOWSKI, Lisa",2016-10-28,OFFERED BUYOUT/RETIREMENT PACKAGE THEN IT WAS RESCINDED. WOULD LIKE RECONSIDERATION.,NA,NA,NA,NA,NA,NA,2
DHHS_CMS,"RUBIO, Marco",2016-10-31,Express Concerns About Medicare Certification for His Apex Home Care.,1,2,NA,NA,NA,NA,2
DHHS_CMS,"RUBIO, Marco",2016-10-31,Express Concerns About Medicare Certification for His Apex Home Care.,2,1,NA,NA,NA,NA,2
DOD_DeCA,"PERDUE, David Alfred, Jr.",2016-11-03,WANTS LETTER OF REPRIMAND REMOVED FROM HER FILE,1,NA,NA,NA,NA,NA,2
DOD_DeCA,"PERDUE, David Alfred, Jr.",2016-11-03,WANTS LETTER OF REPRIMAND REMOVED FROM HER FILE,NA,NA,NA,NA,NA,NA,2
DHHS_CMS,"McCOLLUM, Betty",2016-11-04,(CONG DEL 2): CMS proposed rule regarding changes to the Medicaid Disproportionate Share Hospital (DSH) payment program,5,4,rule,CMS proposed rule regarding changes to the Medicaid Disproportionate Share Hospital (DSH) payment program,NA,NA,2
DHHS_CMS,"McCOLLUM, Betty",2016-11-04,(CONG DEL 2): CMS proposed rule regarding changes to the Medicaid Disproportionate Share Hospital (DSH) payment program,4,5,rule,CMS proposed rule regarding changes to the Medicaid Disproportionate Share Hospital (DSH) payment program,future,NA,2
VA,"MIKULSKI, Barbara Ann",2016-11-16,follow-up,1,NA,NA,NA,NA,NA,2
VA,"MIKULSKI, Barbara Ann",2016-11-16,follow-up,NA,NA,NA,NA,NA,NA,2
NARA,"INHOFE, James Mountain",2016-11-21,"DD214, Army, ssn (b)(6)",1,NA,NA,NA,NA,Congressional add-on to SR 2-19840239649,2
NARA,"INHOFE, James Mountain",2016-11-21,"DD214, Army, ssn (b)(6)",1,NA,NA,NA,NA,NA,2
DHHS_CMS,"SMITH, Christopher Henry",2016-11-22,"(2 Cong DEL) Writing to Express Support For Center For Medicare an Medicaid Services (CMS) Regulations Updated Published In the Federal Register on August 16,2016 (CMS-4168-p Medicare Programs,",5,NA,rule,proposed rule for PACE (CMS-4168-p),2016-08-16,NA,2
DHHS_CMS,"SMITH, Christopher Henry",2016-11-22,"(2 Cong DEL) Writing to Express Support For Center For Medicare an Medicaid Services (CMS) Regulations Updated Published In the Federal Register on August 16,2016 (CMS-4168-p Medicare Programs,",5,NA,rule,proposed rule for PACE (CMS-4168-p),NA,NA,2
DOD_DeCA,"TILLIS, Thomas Roland (Thom)",2016-11-25,WANTS CART PUSHER POSITION TO COMMISSARIES BROUGHT BACK. GARRISON FEELS BAGGERS ARE ABUSED AND PROGRAM NOT BEING RUN PROPERLY. INSTALLATION RESPONDED ON 1-05-2017,1,NA,NA,NA,NA,NA,2
DOD_DeCA,"TILLIS, Thomas Roland (Thom)",2016-11-25,WANTS CART PUSHER POSITION TO COMMISSARIES BROUGHT BACK. GARRISON FEELS BAGGERS ARE ABUSED AND PROGRAM NOT BEING RUN PROPERLY. INSTALLATION RESPONDED ON 1-05-2017,NA,NA,NA,NA,NA,NA,2
DHHS_CMS,"CICILLINE, David N.",2016-11-28,Certified Community Behavioral Health Clinics (CCBHC) grant program,5,2,NA,NA,NA,NA,2
DHHS_CMS,"CICILLINE, David N.",2016-11-28,Certified Community Behavioral Health Clinics (CCBHC) grant program,5,NA,NA,NA,NA,NA,2
DHHS_CMS,"LoBIONDO, Frank A.",2016-11-30,Concerns Regarding Medicare Settlement,1,2,NA,NA,NA,NA,2
DHHS_CMS,"LoBIONDO, Frank A.",2016-11-30,Concerns Regarding Medicare Settlement,1,NA,NA,NA,NA,NA,2
DHHS_CMS,"COONS, Christopher A.",2016-12-01,Coons +5 Cites work of Vision to Learn non-profit and problems obtaining Medicaid reimbursement. Requests HHS work w/ nonprofits & states to improve access to vision services for low-income children.,5,3,NA,NA,NA,NA,2
DHHS_CMS,"COONS, Christopher A.",2016-12-01,Coons +5 Cites work of Vision to Learn non-profit and problems obtaining Medicaid reimbursement. Requests HHS work w/ nonprofits & states to improve access to vision services for low-income children.,3,NA,NA,NA,NA,NA,2
DHHS_CMS,"HIRONO, Mazie",2016-12-02,Hirono requests assistance with an ongoing issue impacting the ability of children in low-income communities in Hawaii to access vision services; Vision to Learn (VTL) and Medicaid reimbursement,5,3,NA,NA,NA,NA,2
DHHS_CMS,"HIRONO, Mazie",2016-12-02,Hirono requests assistance with an ongoing issue impacting the ability of children in low-income communities in Hawaii to access vision services; Vision to Learn (VTL) and Medicaid reimbursement,5,NA,NA,NA,NA,NA,2
DHHS_CMS,"LOUDERMILK, Barry D.",2016-12-05,Concerns Regarding Medicare Decision,1,NA,NA,NA,NA,NA,2
DHHS_CMS,"LOUDERMILK, Barry D.",2016-12-05,Concerns Regarding Medicare Decision,1,2,NA,NA,NA,NA,2
DHHS_CMS,"COTTON, Tom",2016-12-07,Regarding reimbursement for Medical Supplies and why does it take 30-60 to process for his reimbursement,1,NA,NA,NA,NA,NA,2
DHHS_CMS,"COTTON, Tom",2016-12-07,Regarding reimbursement for Medical Supplies and why does it take 30-60 to process for his reimbursement,1,2,NA,NA,NA,NA,2
DHHS_CMS,"GILLIBRAND, Kirsten",2016-12-07,Grant Support - Writes in support of the application submitted by the Medical Associates of the Hudson Valley (MAHV) for participation in the CMS CPC+ Program through HHS,2,3,NA,NA,NA,NA,2
DHHS_CMS,"GILLIBRAND, Kirsten",2016-12-07,Grant Support - Writes in support of the application submitted by the Medical Associates of the Hudson Valley (MAHV) for participation in the CMS CPC+ Program through HHS,2,NA,NA,NA,NA,NA,2
DHHS_CMS,"KING, Angus Stanley, Jr.",2016-12-07,Writing to Inquire About Medicare Billing Rule as They Pertain to Contracts Supplies Under the Medicare National Mail Order Competitive Bid Program for Diabetic Testing Supplies (DTS),4,5,information; rule,Medicare billing rule,NA,NA,2
DHHS_CMS,"KING, Angus Stanley, Jr.",2016-12-07,Writing to Inquire About Medicare Billing Rule as They Pertain to Contracts Supplies Under the Medicare National Mail Order Competitive Bid Program for Diabetic Testing Supplies (DTS),4,5,information; rule,Writing to Inquire About Medicare Billing Rule as They Pertain to Contracts Supplies Under the Medicare National Mail Order Competitive Bid Program for Diabetic Testing Supplies (DTS),NA,NA,2
DHHS_CMS,"WARNER, Mark",2016-12-07,Regarding Help for reimbursement for Home Medical equipment Products.,1,NA,NA,NA,NA,NA,2
DHHS_CMS,"WARNER, Mark",2016-12-07,Concerns Regarding Medicare Reimbursement for Home Medical Equipment (HME) Products,1,NA,NA,NA,NA,NA,2
DHHS_CMS,"WARNER, Mark",2016-12-07,Concerns Regarding Medicare Reimbursement for home Equipment (HME) Products,1,NA,NA,NA,NA,NA,2
DHHS_CMS,"WARNER, Mark",2016-12-07,Concerns Regarding Medicare Reimbursement for home Equipment (HME) Products,2,4,NA,NA,NA,NA,2
DHHS_CMS,"WARNER, Mark",2016-12-07,Concerns Regarding Medicare Reimbursement for Home Medical Equipment (HME) Products,2,4,NA,NA,NA,NA,2
DHHS_CMS,"WARNER, Mark",2016-12-07,Regarding Help for reimbursement for Home Medical equipment Products.,2,4,NA,NA,NA,NA,2
DOT_FHWA,"BLUMENTHAL, Richard",2016-12-12,[PILOT][MPO Extension] Metropolitan Planning Organization Coordination and Planning Area Reform Notice of Proposed Rulemaking [Docket No. FHWA-2016-0016; FHWA RIN 2125-AF68; FTA RIN 2132-AB28] to extend the comment period for the proposed coordination rule frfom 60 days to at least 180 days. NA NA NA NA NA NA NA NA NA NA,5,3,RULE,Metropolitan Planning Organization Coordination and Planning Area Reform Notice of Proposed Rulemaking [Docket No. FHWA-2016-0016; FHWA RIN 2125-AF68; FTA RIN 2132-AB28] to extend the comment period for the proposed coordination rule frfom 60 days to at least 180 days,future,"NA",2
DOT_FHWA,"BLUMENTHAL, Richard",2016-12-12,[PILOT][MPO Extension] Metropolitan Planning Organization Coordination and Planning Area Reform Notice of Proposed Rulemaking [Docket No. FHWA-2016-0016; FHWA RIN 2125-AF68; FTA RIN 2132-AB28] to extend the comment period for the proposed coordination rule frfom 60 days to at least 180 days. NA NA NA NA NA NA NA NA NA NA,5,"NA",RULE,Metropolitan Planning Organization Coordination and Planning Area Reform Notice of Proposed Rulemaking [Docket No. FHWA-2016-0016; FHWA RIN 2125-AF68; FTA RIN 2132-AB28] to extend the comment period for the proposed coordination rule frfom 60 days to at least 180 days,"NA","NA",2
NARA,"BOOKER, Cory Anthony",2016-12-15,"DD214, Army, ssn (b)(6)",1,NA,NA,NA,NA,"follow up to SR 2-20095977410, 13075 added to the case, along with a note, but technician still closed without action",2
NARA,"BOOKER, Cory Anthony",2016-12-15,"DD214, Army, ssn (b)(6)",1,NA,NA,NA,NA,NA,2
DHHS_CMS,"FEINSTEIN, Dianne",2016-12-15,Feinstein-Lompoc Valley Med Center is awaiting CMS Certification for their acute care level inpatient opioid addiction center. Issue has been ongoing for 2 years and center is facing financial impact.,2,3,NA,NA,NA,NA,2
DHHS_CMS,"FEINSTEIN, Dianne",2016-12-15,Feinstein-Lompoc Valley Med Center is awaiting CMS Certification for their acute care level inpatient opioid addiction center. Issue has been ongoing for 2 years and center is facing financial impact.,3,NA,NA,NA,NA,NA,2
DHHS_CMS,"RUBIO, Marco",2016-12-22,Regarding unpaid Medicare Claims,1,2,NA,NA,NA,NA,2
DHHS_CMS,"RUBIO, Marco",2016-12-22,Regarding unpaid Medicare Claims,1,NA,NA,NA,NA,NA,2
DOL_MSHA,"CASEY, Robert (Bob), Jr.",2016-12-23,Impact on Black Lung Disability Trust Fund; Progressive Massive Fibrosis (PMF),5,NA,NA,Black Lung Disability Trust Fund,NA,NA,2
DOL_MSHA,"CASEY, Robert (Bob), Jr.",2016-12-23,Impact on Black Lung Disability Trust Fund; Progressive Massive Fibrosis (PMF),NA,NA,NA,NA,NA,NA,2
DOL_MSHA,"SCOTT, Robert C.",2016-12-23,Impact on Black Lung Disability Trust Fund; Progressive Massive Fibrosis (PMF),5,NA,NA,Black Lung Disability Trust Fund,NA,NA,2
DOL_MSHA,"SCOTT, Robert C.",2016-12-23,Impact on Black Lung Disability Trust Fund; Progressive Massive Fibrosis (PMF),NA,NA,NA,NA,NA,NA,2
DHHS_CMS,"RUBIO, Marco",2017-01-03,"Regarding the ""Focused Ultrasound"" and the Progress of this new Procedure.",1,5,NA,NA,NA,NA,2
DHHS_CMS,"RUBIO, Marco",2017-01-03,"Regarding the ""Focused Ultrasound"" and the Progress of this new Procedure.",1,2,NA,NA,NA,NA,2
DHHS_CMS,"HARRIS, Andy",2017-01-11,Member was penalized 2% for not meeting CMS established quality measures,2,1,NA,NA,NA,NA,2
DHHS_CMS,"HARRIS, Andy",2017-01-11,Member was penalized 2% for not meeting CMS established quality measures,1,NA,NA,NA,NA,NA,2
DOD_DeCA,"FARENTHOLD, Blake",2017-01-13,FEELS SHE IS BEING TREATED POORY AND DICRIMINATED AGAINST BY MGMGT AND OTHER STAFF.N2,1,NA,NA,NA,NA,NA,2
DOD_DeCA,"FARENTHOLD, Blake",2017-01-13,FEELS SHE IS BEING TREATED POORY AND DICRIMINATED AGAINST BY MGMGT AND OTHER STAFF.N2,NA,NA,NA,NA,NA,NA,2
DOD_DeCA,"MURRAY, Patty",2017-01-17,"ASSISTANT HEAD BAGGER CLAIMS HOSTILE WORK ENVIRONMENT, THEFT, ETC. -TRANS BACK TO ARMY OLA - RESPONSE SIGNED BY JBL GARRISON CDR",1,NA,NA,NA,NA,NA,2
DOD_DeCA,"MURRAY, Patty",2017-01-17,"ASSISTANT HEAD BAGGER CLAIMS HOSTILE WORK ENVIRONMENT, THEFT, ETC. -TRANS BACK TO ARMY OLA - RESPONSE SIGNED BY JBL GARRISON CDR",NA,NA,NA,NA,NA,NA,2
DHHS_CMS,"RUBIO, Marco",2017-01-17,Regarding Medicare Billing,1,NA,NA,NA,NA,NA,2
DHHS_CMS,"RUBIO, Marco",2017-01-17,Regarding Medicare Billing,1,2,NA,NA,NA,NA,2
DHHS_CMS,"YARMUTH, John",2017-01-17,Issues With CPT Code for a Medical Procedures,1,NA,NA,NA,NA,NA,2
DHHS_CMS,"YARMUTH, John",2017-01-17,Issues With CPT Code for a Medical Procedures,1,2,NA,NA,NA,NA,2
DOE_FERC,"CARTWRIGHT, Matt",2017-01-25,U.S. Representative Matt Cartwright submits comments re the PennEast Pipeline Project under CP15-558.,NA,NA,NA,NA,NA,BAD FILES NA,2
DOE_FERC,"CARTWRIGHT, Matt",2017-01-25,U.S. Representative Matt Cartwright submits comments re the PennEast Pipeline Project under CP15-558.,1,NA,NA,NA,NA,NA,2
DOD_DeCA,"LaMALFA, Doug",2017-01-30,PRODUCT REPLACED IN THE STORES BY ANOTHER VENDOR. FEELS DATA WASN'T ACCURATELY INTERPRETED,2,NA,contract,NA,NA,NA,2
DOD_DeCA,"LaMALFA, Doug",2017-01-30,PRODUCT REPLACED IN THE STORES BY ANOTHER VENDOR. FEELS DATA WASN'T ACCURATELY INTERPRETED,NA,NA,NA,NA,NA,NA,2
DOD_DeCA,"ISAKSON, Johnny",2017-02-01,HOSTILE WORK ENVIRONMENT - EEO CASE,1,NA,NA,NA,NA,NA,2
DOD_DeCA,"ISAKSON, Johnny",2017-02-01,HOSTILE WORK ENVIRONMENT - EEO CASE,NA,NA,NA,NA,NA,NA,2
NARA,"DESAULNIER, Mark James",2017-02-08,"DD214, Army, ssn (b)(6)",1,NA,NA,NA,NA,Congressional add-on to SR 2-20403054855,2
NARA,"DESAULNIER, Mark James",2017-02-08,"DD214, Army, ssn (b)(6)",1,NA,NA,NA,NA,NA,2
DOL_MSHA,"ADERHOLT, Robert",2017-02-09,MSHA Employees Are Concerned That The njCT*^B miT&niHMay Be Closed,1,NA,NA,NA,NA,group of employees,2
DOL_MSHA,"ADERHOLT, Robert",2017-02-09,MSHA Employees Are Concerned That The njCT*^B miT&niHMay Be Closed,NA,NA,NA,NA,NA,NA,2
DOL_MSHA,"ADERHOLT, Robert",2017-02-14,Regarding Potential Closure of the (1SHI«IMSHA,1,5,NA,NA,NA,other cases were employee concerns,2
DOL_MSHA,"ADERHOLT, Robert",2017-02-14,Regarding Potential Closure of the (1SHI«IMSHA,NA,NA,NA,NA,NA,NA,2
NARA,"DAINES, Steve",2017-02-14,"OMPF and medical records, Army, ssn (b)(6)",1,NA,NA,NA,NA,"complaint following SR 2-20321118765, medals were sent but OMPF and medical records never were",2
NARA,"DAINES, Steve",2017-02-14,"OMPF and medical records, Army, ssn (b)(6)",1,NA,NA,NA,NA,"complaint following SR 2-20321118672, medals were sent but OMPF and medical records never were",2
DOL_MSHA,"PALMER, Gary James",2017-02-14,Regarding Potential Closure of the (1SHI«IMSHA,1,5,NA,NA,NA,other cases were employee concerns,2
DOL_MSHA,"PALMER, Gary James",2017-02-14,Regarding Potential Closure of the (1SHI«IMSHA,NA,NA,NA,NA,NA,NA,2
DHHS_CMS,"SMITH, Lamar Seeligson",2017-02-14,Issues With Payment and Physician Quality Reporting System (PQRS),2,3,NA,NA,NA,NA,2
DHHS_CMS,"SMITH, Lamar Seeligson",2017-02-14,Issues With Payment and Physician Quality Reporting System (PQRS),2,4,NA,NA,NA,NA,2
DOL_OSHA,"BALDWIN, Tammy",2017-02-17,"NA Mid-America Steel Drum Co, Inc., Investigate Mishandling of Chemical & Hazardous Waste/ Whistleblower",1,0,NA,NA,NA,NA,2
DOL_OSHA,"BALDWIN, Tammy",2017-02-17,"NA Mid-America Steel Drum Co, Inc., Investigate Mishandling of Chemical & Hazardous Waste/ Whistleblower",1,5,NA,NA,NA,NA,2
DOL_OSHA,"MOORE, Gwendolynne S. (Gwen)",2017-02-17,"NA Mid-America Steel Drum Co, Inc., Investigate Mishandling of Chemical & Hazardous Waste/ Whistleblower",1,0,NA,NA,NA,NA,2
DOL_OSHA,"MOORE, Gwendolynne S. (Gwen)",2017-02-17,"NA Mid-America Steel Drum Co, Inc., Investigate Mishandling of Chemical & Hazardous Waste/ Whistleblower",1,5,NA,NA,NA,NA,2
DHHS_CMS,"GOSAR, Paul",2017-02-22,Regarding Pain Med Specialist,1,NA,NA,NA,NA,NA,2
DHHS_CMS,"GOSAR, Paul",2017-02-22,Regarding Pain Med Specialist,1,2,NA,NA,NA,NA,2
DHHS_CMS,"JOHNSON, Sam",2017-02-22,Regarding Billing Issue with Medicare,1,NA,NA,NA,NA,NA,2
DHHS_CMS,"JOHNSON, Sam",2017-02-22,Regarding Billing Issue with Medicare,1,2,NA,NA,NA,NA,2
DHHS_CMS,"SCHUMER, Charles Ellis (Chuck)",2017-03-06,Solution to cut cost on Medicare Electronic billing,5,1,NA,NA,NA,NA,2
DHHS_CMS,"SCHUMER, Charles Ellis (Chuck)",2017-03-06,Solution to cut cost on Medicare Electronic billing,1,2,NA,NA,NA,NA,2
DHHS_CMS,"WALKER, Bradley Mark",2017-03-07,MACRA New Payment Plan.,2,5,NA,NA,NA,NA,2
DHHS_CMS,"WALKER, Bradley Mark",2017-03-07,MACRA New Payment Plan.,5,NA,NA,NA,NA,NA,2
DHHS_CMS,"MAST, Brian Jeffery",2017-03-20,Issues With Enrollment Application,1,NA,NA,NA,NA,NA,2
DHHS_CMS,"MAST, Brian Jeffery",2017-03-20,Issues With Enrollment Application,1,2,NA,NA,NA,NA,2
DHHS_CMS,"MALONEY, Carolyn Bosher",2017-03-21,Regarding The Withholding Of Medicare Payments.,1,NA,NA,NA,NA,NA,2
DHHS_CMS,"MALONEY, Carolyn Bosher",2017-03-21,Regarding The Withholding Of Medicare Payments.,1,2,NA,NA,NA,NA,2
DHHS_CMS,"MENENDEZ, Robert",2017-03-22,(CONG DEL - 14): Permanent Extension of the Imputed Floor Wage Index in the upcoming FY 2018 Inpatient Prospective Payment (IPPS) Rule.,5,NA,rule,FY 2018 Inpatient Prospective Payment (IPPS) Rule,future,NA,2
DHHS_CMS,"MENENDEZ, Robert",2017-03-22,(CONG DEL - 14): Permanent Extension of the Imputed Floor Wage Index in the upcoming FY 2018 Inpatient Prospective Payment (IPPS) Rule.,5,4,rule,FY 2018 Inpatient Prospective Payment (IPPS) Rule,future,NA,2
DHHS_CMS,"GRASSLEY, Charles Ernest",2017-03-24,Sen. Grassley - Regarding the Rural community Hospital (RCH) Demonstration Program,5,NA,NA,NA,NA,NA,2
DHHS_CMS,"GRASSLEY, Charles Ernest",2017-03-24,Sen. Grassley - Regarding the Rural community Hospital (RCH) Demonstration Program,5,4,NA,NA,NA,NA,2
DHHS_CMS,"MURRAY, Patty",2017-03-24,"Murray-Pallone provide comments on proposed Market Stabilization rule including, proposals to shorten OE period, change actuarial value, change essential community provider standard, etc.",5,NA,rule,proposed Market Stabilization rule,future,NA,2
DHHS_CMS,"MURRAY, Patty",2017-03-24,"Murray-Pallone provide comments on proposed Market Stabilization rule including, proposals to shorten OE period, change actuarial value, change essential community provider standard, etc.",5,NA,rule,proposed Market Stabilization rule,f,NA,2
DHHS_CMS,"DENHAM, Jeff",2017-03-30,Subject: Medicare Billing Problem,1,NA,NA,NA,NA,NA,2
DHHS_CMS,"DENHAM, Jeff",2017-03-30,Subject: Medicare Billing Problem,1,2,NA,NA,NA,NA,2
DHHS_CMS,"LEVIN, Sander Martin",2017-03-31,New SWIFT Document 033120174041,1,0,NA,NA,NA,NA,2
DHHS_CMS,"LEVIN, Sander Martin",2017-03-31,New SWIFT Document 033120174041,0,NA,NA,NA,NA,NA,2
DHHS_CMS,"NELSON, Clarence William (Bill)",2017-04-03,"Concerns Regarding the Overly Aggressive Audits Being Conducted By Safeguard services, The Zone program integrity Provider in the Area",2,1,NA,NA,NA,NA,2
DHHS_CMS,"NELSON, Clarence William (Bill)",2017-04-03,"Concerns Regarding the Overly Aggressive Audits Being Conducted By Safeguard services, The Zone program integrity Provider in the Area",2,4,NA,NA,NA,NA,2
DHHS_CMS,"CASEY, Robert (Bob), Jr.",2017-04-04,"OVERSIGHT -- Delegation (21) Senators - RE: Affordable Care Act (ACA) - Request info no later than April 6, 2017",5,NA,legislation; information,Affordable Care Act,NA,NA,2
DHHS_CMS,"CASEY, Robert (Bob), Jr.",2017-04-04,"OVERSIGHT -- Delegation (21) Senators - RE: Affordable Care Act (ACA) - Request info no later than April 6, 2017",5,NA,information; legislation,Affordable Care Act,NA,NA,2
DHHS_CMS,"SMITH, Jason",2017-04-04,Regarding Application Status to be a Medicare Provider,2,3,NA,NA,NA,NA,2
DHHS_CMS,"SMITH, Jason",2017-04-04,Regarding Application Status to be a Medicare Provider,2,1,NA,NA,NA,NA,2
DHHS_CMS,"GOSAR, Paul",2017-04-06,"Regarding Follow-up to his Feb. 22, 2017 letter",1,0,NA,NA,NA,NA,2
DHHS_CMS,"GOSAR, Paul",2017-04-06,"Regarding Follow-up to his Feb. 22, 2017 letter",0,NA,NA,NA,NA,NA,2
DHHS_CMS,"COTTON, Tom",2017-04-07,Regarding Medicare Payment,1,NA,NA,NA,NA,NA,2
DHHS_CMS,"COTTON, Tom",2017-04-07,Regarding Medicare Payment,1,2,NA,NA,NA,NA,2
DOE_FERC,"McHENRY, Patrick T.",2017-04-13,Congressman Patrick McHenry submits the comments of a constituent regarding the square footage of a dock on a FERC regulated impoundment.,1,NA,NA,NA,NA,BAD FILES NA,2
DOE_FERC,"McHENRY, Patrick T.",2017-04-13,Congressman Patrick McHenry submits the comments of a constituent regarding the square footage of a dock on a FERC regulated impoundment.,2,NA,NA,NA,NA,NA,2
DHHS_CMS,"DURBIN, Richard Joseph",2017-04-18,Durbin makes recommendations on CMS's Request for Information on pediatric alternative payment models (APMs) for Medicaid & CHIP. Shares priorities for addressing childhood trauma thru APMs.,5,NA,NA,NA,NA,NA,2
DHHS_CMS,"DURBIN, Richard Joseph",2017-04-18,Durbin makes recommendations on CMS's Request for Information on pediatric alternative payment models (APMs) for Medicaid & CHIP. Shares priorities for addressing childhood trauma thru APMs.,5,4,NA,NA,NA,NA,2
NARA,"BOOKER, Cory Anthony",2017-04-19,"DD214 and OMPF, Army, ssn (b)(6)",1,NA,NA,NA,NA,Congressional addon to SR 2-20445523455,2
NARA,"BOOKER, Cory Anthony",2017-04-19,"DD214 and OMPF, Army, ssn (b)(6)",1,NA,NA,NA,NA,follow up to SR 2-20336616677,2
DOE_FERC,"ISAKSON, Johnny",2017-04-25,US Senator Johnny Isakson forwards comments on behalf of his constituent re the Wallace Dam Project under P-2413.,1,NA,NA,NA,NA,BAD FILES NA,2
DOE_FERC,"ISAKSON, Johnny",2017-04-25,US Senator Johnny Isakson forwards comments on behalf of his constituent re the Wallace Dam Project under P-2413.,2,NA,NA,NA,NA,NA,2
DHHS_CMS,"SCOTT, David",2017-05-03,Reimbursement Concerns.,1,NA,NA,NA,NA,NA,2
DHHS_CMS,"SCOTT, David",2017-05-03,Reimbursement Concerns.,1,2,NA,NA,NA,NA,2
DOE_FERC,"RASKIN, Jamie Ben",2017-05-04,US Representative Jamie Raskin submits comments on behalf of his constituent re the Atlantic Coast Pipeline Project under CP15-554.,1,NA,NA,NA,NA,BAD FILES NA,2
DOE_FERC,"RASKIN, Jamie Ben",2017-05-04,US Representative Jamie Raskin submits comments on behalf of his constituent re the Atlantic Coast Pipeline Project under CP15-554.,1,NA,NA,NA,NA,NA,2
DOL_MSHA,"JOHNSON, Bill",2017-05-08,Forced Into Retirement Investigation Into niinsift MSHAnansn,1,NA,NA,NA,NA,"employee, but investigation?",2
DOL_MSHA,"JOHNSON, Bill",2017-05-08,Forced Into Retirement Investigation Into niinsift MSHAnansn,NA,NA,NA,NA,NA,NA,2
DHHS_CMS,"ROBERTS, Charles Patrick (Pat)",2017-05-08,Sen Roberts+9 Request separate codes & payment rates for biosimilars to reflect complexity & differences btwn Biosimilars. Concerned abt payment policy in final 2016 Medicare Physician Fee Schedule.,5,NA,NA,NA,NA,NA,2
DHHS_CMS,"ROBERTS, Charles Patrick (Pat)",2017-05-08,Sen Roberts+9 Request separate codes & payment rates for biosimilars to reflect complexity & differences btwn Biosimilars. Concerned abt payment policy in final 2016 Medicare Physician Fee Schedule.,4,5,rule,payment policy for biosimilars in final 2016 Medicare Physician Fee Schedule,NA,NA,2
DHHS_CMS,"SCOTT, Austin",2017-05-09,Urge CMS to review latest pricing tables as it relates to Durable Medical Equipment (DME) rates.,5,NA,NA,NA,NA,NA,2
DHHS_CMS,"SCOTT, Austin",2017-05-09,Urge CMS to review latest pricing tables as it relates to Durable Medical Equipment (DME) rates.,4,5,NA,NA,NA,NA,2
DHHS_CMS,"ALEXANDER, Lamar",2017-05-10,Regarding 10% Medicare Imposed Penalty.,1,2,NA,NA,NA,NA,2
DHHS_CMS,"ALEXANDER, Lamar",2017-05-10,Regarding 10% Medicare Imposed Penalty.,1,NA,NA,NA,NA,NA,2
DHHS_CMS,"BROWN, Sherrod",2017-05-10,"Sen Brown+22 urge POTUS to end opioid epidemic by strengthening substance abuse treatment protections and ceasing action to repeal ACA, unless such protections are guraranteed. WH Case ID#PR-000194",5,NA,legislation,ACA,NA,NA,2
DHHS_CMS,"BROWN, Sherrod",2017-05-10,"Sen Brown+22 urge POTUS to end opioid epidemic by strengthening substance abuse treatment protections and ceasing action to repeal ACA, unless such protections are guraranteed. WH Case ID#PR-000194",5,NA,legislation,A,NA,NA,2
DHHS_CMS,"MURRAY, Patty",2017-05-11,"Oversight - {21 Senators} Grave concerns about plans for enforcement of Section 1557 of the ACA which prohibits health care discrimination on the basis of race, color, national origin, sex, age or disability",5,NA,legislation,Section 1557 of the ACA,NA,NA,2
DHHS_CMS,"MURRAY, Patty",2017-05-11,"Oversight - {21 Senators} Grave concerns about plans for enforcement of Section 1557 of the ACA which prohibits health care discrimination on the basis of race, color, national origin, sex, age or disability",5,NA,legislation,enforcement of Section 1557 of the Affordable Care Act,NA,NA,2
DHHS_CMS,"CARTER, John R.",2017-05-16,Regarding his disenrollment from Medicare and his request for reconsideration - Please expedite.,1,NA,NA,NA,NA,NA,2
DHHS_CMS,"CARTER, John R.",2017-05-16,Regarding his disenrollment from Medicare and his request for reconsideration - Please expedite.,1,2,NA,NA,NA,NA,2
DHHS_CMS,"HUIZENGA, Bill",2017-05-16,"Rep Huizenga of MI following up on his constituent, Access Health Plan's, request for per se recognition under the ACA, relating to minimum essential coverage. (Fortenbacher X-Ref SPS00374755)",3,NA,NA,NA,NA,NA,2
DHHS_CMS,"HUIZENGA, Bill",2017-05-16,"Rep Huizenga of MI following up on his constituent, Access Health Plan's, request for per se recognition under the ACA, relating to minimum essential coverage. (Fortenbacher X-Ref SPS00374755)",2,NA,NA,NA,NA,NA,2
DHHS_CMS,"KATKO, John",2017-05-18,Request for Reconsideration of Revocation of Medicare Billing Privileges,2,1,NA,NA,NA,NA,2
DHHS_CMS,"KATKO, John",2017-05-18,Request for Reconsideration of Revocation of Medicare Billing Privileges,2,3,NA,NA,NA,NA,2
DOL_MSHA,"FOXX, Virginia Ann",2017-05-22,MSHA Fines & Penalties Complaint,2,NA,enforcement,NA,NA,NA,2
DOL_MSHA,"FOXX, Virginia Ann",2017-05-22,MSHA Fines & Penalties Complaint,NA,NA,NA,NA,NA,NA,2
DOL_MSHA,"GRIFFITH, H. Morgan",2017-05-26,Desk Audit Request/He Has Doubts As To Whether An Audit Was Actually Performed,1,NA,NA,NA,NA,see 541,2
DOL_MSHA,"GRIFFITH, H. Morgan",2017-05-26,Desk Audit Request/He Has Doubts As To Whether An Audit Was Actually Performed,NA,NA,NA,NA,NA,NA,2
DOL_MSHA,"BURR, Richard M.",2017-05-28,MSHA's Civil Penalty Against Him Due To Role In Job Injury,2,1,enforcement,NA,NA,could be an individual's penalty? seems just like mine on website,2
DOL_MSHA,"BURR, Richard M.",2017-05-28,MSHA's Civil Penalty Against Him Due To Role In Job Injury,NA,NA,NA,NA,NA,NA,2
DHHS_CMS,"NELSON, Clarence William (Bill)",2017-05-31,Zika Budget Cuts,5,NA,budget allocation,Zika Budget Cuts,NA,NA,2
DHHS_CMS,"NELSON, Clarence William (Bill)",2017-05-31,Zika Budget Cuts,5,NA,NA,NA,NA,NA,2
DHHS_CMS,"COMSTOCK, Barbara J.",2017-06-01,Request CMS to timely review the plan of correction provided to CMS regarding their most recent survey of the Five Star Home Health Care.,2,NA,NA,NA,NA,NA,2
DHHS_CMS,"COMSTOCK, Barbara J.",2017-06-01,Request CMS to timely review the plan of correction provided to CMS regarding their most recent survey of the Five Star Home Health Care.,5,4,NA,NA,NA,NA,2
DOE_FERC,"GARRETT, Thomas Alexander Jr.",2017-06-05,US Representative Thomas A. Garrett forwards comments on behalf of his constituent re the Smith Mountain Project under P-2210.,1,NA,NA,NA,NA,NA,2
DOE_FERC,"GARRETT, Thomas Alexander Jr.",2017-06-05,US Representative Thomas A. Garrett forwards comments on behalf of his constituent re the Smith Mountain Project under P-2210.,1,NA,NA,NA,NA,BAD LINKS NA,2
DHHS_CMS,"YARMUTH, John",2017-06-15,"Yarmuth requests an update on the status of KY's 1115 waiver application, & timing of HHS's decision. He is concerned with several aspects of the waiver request.",5,NA,information,"requests an update on the status of KY's 1115 waiver application, & timing of HHS's decision",NA,NA,2
DHHS_CMS,"YARMUTH, John",2017-06-15,"Yarmuth requests an update on the status of KY's 1115 waiver application, & timing of HHS's decision. He is concerned with several aspects of the waiver request.",5,NA,NA,NA,NA,NA,2
DHHS_CMS,"MORAN, Jerry",2017-06-22,Regarding a request for reduction in their Civil Money Penalty (CMP),1,NA,NA,NA,NA,NA,2
DHHS_CMS,"MORAN, Jerry",2017-06-22,Regarding a request for reduction in their Civil Money Penalty (CMP),2,1,NA,NA,NA,NA,2
DOL_MSHA,"SHELBY, Richard C.",2017-06-23,Proposed Request for Reasonable Accommodations Due to Disability,1,NA,NA,NA,NA,NA,2
DOL_MSHA,"SHELBY, Richard C.",2017-06-23,Proposed Request for Reasonable Accommodations Due to Disability,NA,NA,NA,NA,NA,NA,2
DHHS_CMS,"KUSTOFF, David",2017-06-29,Regarding the revoking of his individual Medicare billing privileges,2,1,NA,NA,NA,NA,2
DHHS_CMS,"KUSTOFF, David",2017-06-29,Regarding the revoking of his individual Medicare billing privileges,1,2,NA,NA,NA,NA,2
DHHS_CMS,"ROGERS, Mike Dennis",2017-06-29,Regarding Inactive Provider Number,1,2,NA,NA,NA,NA,2
DHHS_CMS,"ROGERS, Mike Dennis",2017-06-29,Regarding Inactive Provider Number,2,3,NA,NA,NA,NA,2
DHHS_CMS,"RUBIO, Marco",2017-06-30,Regarding ZPIC audit.,1,2,NA,NA,NA,NA,2
DHHS_CMS,"RUBIO, Marco",2017-06-30,Regarding ZPIC audit.,2,3,NA,NA,NA,NA,2
DHHS_CMS,"ALEXANDER, Lamar",2017-07-07,Writing that CMS Delay in Proposal included in the FY 2018 Hospital Inpatient Payment System (IPPS) Proposals Rule to Reallocate Medicare Disproportionate Share Hospital (DSH) Hospital Payments,5,NA,rule,Delay in Proposal included in the FY 2018 Hospital Inpatient Payment System (IPPS) Proposals Rule to Reallocate Medicare Disproportionate Share Hospital (DSH) Hospital Payments,NA,NA,2
DHHS_CMS,"ALEXANDER, Lamar",2017-07-07,Writing that CMS Delay in Proposal included in the FY 2018 Hospital Inpatient Payment System (IPPS) Proposals Rule to Reallocate Medicare Disproportionate Share Hospital (DSH) Hospital Payments,5,NA,rule,Proposal included in the FY 2018 Hospital Inpatient Payment System (IPPS) Proposals Rule to Reallocate Medicare Disproportionate Share Hospital (DSH) Hospital Payments,NA,NA,2
DHHS_CMS,"ALEXANDER, Lamar",2017-07-07,"Sen. Alexander writing that CMS Delay in Proposal included in the FY 2018 IPPS Proposals Rule to Reallocate Medicare DSH Hospital Payments, S-10",5,NA,rule,"Proposal included in the FY 2018 IPPS Proposals Rule to Reallocate Medicare DSH Hospital Payments, S-10",NA,NA,2
DHHS_CMS,"ALEXANDER, Lamar",2017-07-07,"Sen. Alexander writing that CMS Delay in Proposal included in the FY 2018 IPPS Proposals Rule to Reallocate Medicare DSH Hospital Payments, S-10",4,5,rule,FY 2018 IPPS Proposals Rule to Reallocate Medicare DSH Hospital Payments,future,NA,2
DHHS_CMS,"ADAMS, Alma",2017-07-11,Regarding how he can be removed from the OIG's Exclusion List.,1,NA,NA,NA,NA,NA,2
DHHS_CMS,"ADAMS, Alma",2017-07-11,Regarding how he can be removed from the OIG's Exclusion List.,1,2,NA,NA,NA,NA,2
DHHS_CMS,"HATCH, Orrin Grant",2017-07-12,Hatch-Grassley re: 5/17 IG report on EHR incentive payments. Concerned that CMS isn't doing enough to recover identified inappropriate payments. Asks questions abt CMS's action to address IG findings.,5,NA,information,IG report on EHR incentive payments,past,NA,2
DHHS_CMS,"HATCH, Orrin Grant",2017-07-12,Hatch-Grassley re: 5/17 IG report on EHR incentive payments. Concerned that CMS isn't doing enough to recover identified inappropriate payments. Asks questions abt CMS's action to address IG findings.,5,NA,information,IG report on EHR incentive payments,2017-05-17,NA,2
DOL_MSHA,"ROGERS, Harold Dallas (Hal)",2017-07-12,Expedite Completion of Investigation for Equipment & Employees Back to Work,1,NA,investigation,NA,NA,NA,2
DOL_MSHA,"ROGERS, Harold Dallas (Hal)",2017-07-12,Expedite Completion of Investigation for Equipment & Employees Back to Work,NA,NA,NA,NA,NA,NA,2
DHHS_CMS,"WYDEN, Ronald Lee",2017-07-13,"Wyden seeks documents and CMS's rationale for permitting Puerto Rico to be eligible for the ""double county bonus"" under Medicare Advantage in 2018 when CMS said in '17 there was no statutory auth.",5,NA,information,NA,NA,NA,2
DHHS_CMS,"WYDEN, Ronald Lee",2017-07-13,"Wyden seeks documents and CMS's rationale for permitting Puerto Rico to be eligible for the ""double county bonus"" under Medicare Advantage in 2018 when CMS said in '17 there was no statutory auth.",5,NA,NA,NA,NA,NA,2
DOE_FERC,"GOODLATTE, Robert William",2017-07-14,US Representative Bob Goodlatte forwards comments on behalf of his constituents re the Atlantic Coast Pipeline Project under CP15-554.,2,NA,NA,NA,NA,NA,2
DOE_FERC,"GOODLATTE, Robert William",2017-07-14,US Representative Bob Goodlatte forwards comments on behalf of his constituents re the Atlantic Coast Pipeline Project under CP15-554.,1,NA,NA,NA,NA,BAD FILES NA,2
DOL_OSHA,"MCEACHIN, Aston Donald",2017-07-18,NA U.S. House of Representatives Hazardous Working Conditions Westhampton South Post Office,5,1,NA,NA,NA,NA,2
DOL_OSHA,"MCEACHIN, Aston Donald",2017-07-18,NA U.S. House of Representatives Hazardous Working Conditions Westhampton South Post Office,1,5,NA,NA,NA,NA,2
DOL_MSHA,"McMORRIS RODGERS, Cathy",2017-07-21,Inquiry Into a Fair and Thorough Investigation on his Case by MSHA,2,1,investigation,NA,NA,unsure about investigation vs. enforcement,2
DOL_MSHA,"McMORRIS RODGERS, Cathy",2017-07-21,Inquiry Into a Fair and Thorough Investigation on his Case by MSHA,NA,NA,NA,NA,NA,NA,2
DOL_MSHA,"McKINLEY, David",2017-07-25,Ratio of Inspectors Exceeds Operating Mlnes/Reallgn MSHA Resources,5,4,NA,MSHA Resources,NA,NA,2
DOL_MSHA,"McKINLEY, David",2017-07-25,Ratio of Inspectors Exceeds Operating Mlnes/Reallgn MSHA Resources,NA,NA,NA,NA,NA,NA,2
DOL_MSHA,"ROGERS, Harold Dallas (Hal)",2017-07-25,Ratio of Inspectors Exceeds Operating Mlnes/Reallgn MSHA Resources,5,4,NA,MSHA Resources,NA,NA,2
DOL_MSHA,"ROGERS, Harold Dallas (Hal)",2017-07-25,Ratio of Inspectors Exceeds Operating Mlnes/Reallgn MSHA Resources,NA,NA,NA,NA,NA,NA,2
DHHS_CMS,"DONNELLY, Joe",2017-07-31,HOLD Sen Donnelly (IN) re: concerned with the Administration's refusal to commit to making CSR payments and the overall impact on IN and the entire health care system,5,NA,NA,NA,NA,NA,2
DHHS_CMS,"DONNELLY, Joe",2017-07-31,HOLD Sen Donnelly (IN) re: concerned with the Administration's refusal to commit to making CSR payments and the overall impact on IN and the entire health care system,5,4,NA,NA,NA,NA,2
DHHS_CMS,"GOHMERT, Louie",2017-08-01,Concerns Regarding Humana and Medicare Advantage Plans.,1,5,NA,NA,NA,NA,2
DHHS_CMS,"GOHMERT, Louie",2017-08-01,Concerns Regarding Humana and Medicare Advantage Plans.,1,6,NA,NA,NA,NA,2
DHHS_CMS,"GRAVES, Tom",2017-08-10,Inquiry concerning what laws are in place regarding physical restraint to nursing home patients.,1,5,NA,NA,NA,NA,2
DHHS_CMS,"GRAVES, Tom",2017-08-10,Inquiry concerning what laws are in place regarding physical restraint to nursing home patients.,1,NA,NA,NA,NA,NA,2
DOL_MSHA,"SHELBY, Richard C.",2017-08-10,"Exhausted All Sick Leave Due to Disability, Request to Use Administrative Leave",1,NA,NA,NA,NA,NA,2
DOL_MSHA,"SHELBY, Richard C.",2017-08-10,"Exhausted All Sick Leave Due to Disability, Request to Use Administrative Leave",NA,NA,NA,NA,NA,NA,2
DHHS_CMS,"CASEY, Robert (Bob), Jr.",2017-08-11,OVERSIGHT --Ref: 00376887 to April 4 and June 30 letters requesting information regarding the Administration ongoing efforts to undermine and sabotage the Affordable Care Act (ACA) through executive action. July 12 letter didn't respond to request.,5,NA,information; legislation,information regarding the Administration ongoing efforts to undermine and sabotage the Affordable Care Act (ACA) through executive action,NA,NA,2
DHHS_CMS,"CASEY, Robert (Bob), Jr.",2017-08-11,OVERSIGHT --Ref: 00376887 to April 4 and June 30 letters requesting information regarding the Administration ongoing efforts to undermine and sabotage the Affordable Care Act (ACA) through executive action. July 12 letter didn't respond to request.,5,NA,legislation,Affordable Care Act,NA,NA,2
DOL_MSHA,"SHUSTER, William (Bill)",2017-08-13,"MSHA Increased Fine From $1,080 (o $2,500 After Appeal Dropped",2,NA,enforcement,NA,NA,NA,2
DOL_MSHA,"SHUSTER, William (Bill)",2017-08-13,"MSHA Increased Fine From $1,080 (o $2,500 After Appeal Dropped",NA,NA,NA,NA,NA,NA,2
DHHS_CMS,"PASCRELL, William J., Jr.",2017-08-15,"Pascrell concerned abt ""applicable laboratory"" definition under Clinical Lab Fee Schedule. Asks Sec to consider concerns of labs & forwards 2015 Congressional sign-on letter raising this issue.",5,4,NA,NA,NA,NA,2
DHHS_CMS,"PASCRELL, William J., Jr.",2017-08-15,"Pascrell concerned abt ""applicable laboratory"" definition under Clinical Lab Fee Schedule. Asks Sec to consider concerns of labs & forwards 2015 Congressional sign-on letter raising this issue.",4,NA,rule,"""applicable laboratory"" definition under Clinical Lab Fee Schedule",NA,NA,2
DHHS_CMS,"BARLETTA, Lou",2017-08-16,"Rep Barletta requests reconsideration of Obama-era decision that states determine whether Accident & Health insurance policies are excepted benefits, & thus exempt from ACA requirements.",5,NA,decision,"reconsideration of Obama-era decision that states determine whether Accident & Health insurance policies are excepted benefits, & thus exempt from ACA requirements",NA,NA,2
DHHS_CMS,"BARLETTA, Lou",2017-08-16,"Rep Barletta requests reconsideration of Obama-era decision that states determine whether Accident & Health insurance policies are excepted benefits, & thus exempt from ACA requirements.",5,NA,NA,NA,NA,NA,2
DOE_FERC,"YOUNG, Todd",2017-08-18,US Senator Todd Young submits comments on behalf of his constituent re Panhandle Eastern Pipeline Company.,1,4,NA,NA,NA,BAD FILES NA,2
DOE_FERC,"YOUNG, Todd",2017-08-18,US Senator Todd Young submits comments on behalf of his constituent re Panhandle Eastern Pipeline Company.,1,4,NA,NA,NA,NA,2
VA,"MOOLENAAR, John",2017-08-23,non-payment,2,1,NA,NA,NA,NA,2
VA,"MOOLENAAR, John",2017-08-23,non-payment,1,2,NA,NA,NA,NA,2
DHHS_CMS,"RUBIO, Marco",2017-08-28,Regarding the lack of payment from WellCare on over 36 claims,1,NA,NA,NA,NA,NA,2
DHHS_CMS,"RUBIO, Marco",2017-08-28,Regarding the lack of payment from WellCare on over 36 claims,2,3,NA,NA,NA,NA,2
DHHS_CMS,"GRAVES, Tom",2017-09-06,Concerns Regarding Reinstated Medicare Provider Number,2,3,NA,NA,NA,NA,2
DHHS_CMS,"GRAVES, Tom",2017-09-06,Concerns Regarding Reinstated Medicare Provider Number,2,1,NA,NA,NA,NA,2
DOL_OSHA,"CASTOR, Kathy",2017-09-07,Big Bend Power Plant TECO Considerations for OSHA Safety Review of TECO Accident at Big Bend Plant,2,5,NA,NA,NA,NA,2
DOL_OSHA,"CASTOR, Kathy",2017-09-07,Big Bend Power Plant TECO Considerations for OSHA Safety Review of TECO Accident at Big Bend Plant,2,NA,NA,NA,NA,NA,2
DHHS_CMS,"JOHNSON, Bill",2017-09-08,Rep Bill Johnson concerned abt CMS's 340B provision in the proposed OPPS rule. Asks CMS to consider carefully the comments from Ohio safety net hospitals describing the detrimental impact.,5,3,rule,CMS's 340B provision in the proposed OPPS rule,NA,NA,2
DHHS_CMS,"JOHNSON, Bill",2017-09-08,Rep Bill Johnson concerned abt CMS's 340B provision in the proposed OPPS rule. Asks CMS to consider carefully the comments from Ohio safety net hospitals describing the detrimental impact.,4,5,rule,CMS's 340B provision in the proposed OPPS rule,NA,NA,2
DHHS_CMS,"LEVIN, Sander Martin",2017-09-08,Levin is concerned abt the Administrations recent cuts in funding for Navigators and the impact on the upcoming Open Enrollment for the Exchanges.,5,NA,budget allocation,Navigators,NA,NA,2
DHHS_CMS,"LEVIN, Sander Martin",2017-09-08,Levin is concerned abt the Administrations recent cuts in funding for Navigators and the impact on the upcoming Open Enrollment for the Exchanges.,5,4,NA,NA,NA,NA,2
DOL_MSHA,"MANCHIN, Joe, III",2017-09-08,Mine Safety Health Administration Compliance Assistance Initiative/ CAP,5,NA,NA,Compliance Assistance Initiative,NA,addresses increased injuries and fatalities,2
DOL_MSHA,"MANCHIN, Joe, III",2017-09-08,Mine Safety Health Administration Compliance Assistance Initiative/ CAP,NA,NA,NA,NA,NA,NA,2
DOT_FHWA,"KLOBUCHAR, Amy",2017-09-12,"Urging the Secretary to Fund Projects Like the Greater Minnesota Gateway Highway 10/169 Corridor in Anoka County, Minnesota (2 Cosigners) NA NA NA NA NA NA NA NA NA NA",5,3,"NA","NA","NA","NA",2
DOT_FHWA,"KLOBUCHAR, Amy",2017-09-12,"Urging the Secretary to Fund Projects Like the Greater Minnesota Gateway Highway 10/169 Corridor in Anoka County, Minnesota (2 Cosigners) NA NA NA NA NA NA NA NA NA NA",3,5,"NA","NA","NA","NA",2
DHHS_CMS,"PORTMAN, Robert Jones (Rob)",2017-09-12,Fairfield Medical Care Emergency Room,1,3,NA,NA,NA,NA,2
DHHS_CMS,"PORTMAN, Robert Jones (Rob)",2017-09-12,Fairfield Medical Care Emergency Room,1,2,NA,NA,NA,NA,2
DHHS_CMS,"DOGGETT, Lloyd Alton, II",2017-09-13,Doggett+8 seek information abt CMS's agreement (and the process) w/ Novartis to only reimburse for the Kymriah treatment ($475K cost) if a Medicare bene responds w/in the first month of treatment.,5,NA,information,CMS's agreement (and the process) w/ Novartis to only reimburse for the Kymriah treatment ($475K cost) if a Medicare bene responds w/in the first month of treatment,NA,NA,2
DHHS_CMS,"DOGGETT, Lloyd Alton, II",2017-09-13,Doggett+8 seek information abt CMS's agreement (and the process) w/ Novartis to only reimburse for the Kymriah treatment ($475K cost) if a Medicare bene responds w/in the first month of treatment.,5,4,NA,NA,NA,NA,2
DHHS_CMS,"STRANGE, Luther  Johnson, III",2017-09-14,Regarding Medicare rejecting claims,1,NA,NA,NA,NA,NA,2
DHHS_CMS,"STRANGE, Luther  Johnson, III",2017-09-14,Regarding Medicare rejecting claims,1,2,NA,NA,NA,NA,2
DHHS_CMS,"BASS, Karen",2017-09-18,"Regarding an issue she is having with Medicare contract company, Dexcom",1,NA,NA,NA,NA,NA,2
DHHS_CMS,"BASS, Karen",2017-09-18,"Regarding an issue she is having with Medicare contract company, Dexcom",1,2,NA,NA,NA,NA,2
DHHS_CMS,"MANCHIN, Joe, III",2017-09-18,Regarding reinstating his Medicare billing privileges.,1,NA,NA,NA,NA,NA,2
DHHS_CMS,"MANCHIN, Joe, III",2017-09-18,Regarding reinstating his Medicare billing privileges.,2,1,NA,NA,NA,NA,2
DHHS_CMS,"WARREN, Elizabeth",2017-09-18,"Sen Warren+12 concerned abt PPACA repeal. Also conducted a review of public comments on CCIIO's Request for Info, reducing burden and stabilizing insurance health insurance markets WH Case#PR-011706.",5,NA,legislation,Affordable Care Act,NA,NA,2
DHHS_CMS,"WARREN, Elizabeth",2017-09-18,"Sen Warren+12 concerned abt PPACA repeal. Also conducted a review of public comments on CCIIO's Request for Info, reducing burden and stabilizing insurance health insurance markets WH Case#PR-011706.",5,NA,legislation,Patient Protection and Affordable Care Act,NA,NA,2
DOL_MSHA,"COMER, James",2017-09-20,Experiencing An Internal Work Transfer Difficulty,1,NA,NA,NA,NA,NA,2
DOL_MSHA,"COMER, James",2017-09-20,Experiencing An Internal Work Transfer Difficulty,NA,NA,NA,NA,NA,NA,2
DOE_FERC,"JOHNSON, Mike",2017-09-21,Member of Congress Mike Johnson submits comments re the letter of response from Sabine River Authority under P-2305.,NA,NA,NA,NA,NA,BAD FILES NA,2
DOE_FERC,"JOHNSON, Mike",2017-09-21,Member of Congress Mike Johnson submits comments re the letter of response from Sabine River Authority under P-2305.,1,NA,NA,NA,NA,NA,2
DHHS_CMS,"MANCHIN, Joe, III",2017-09-21,"Manchin&Capito urge CMS and SSA to continue working to resolve former coal miners' Medicare enrollment delays and late enrollment penalties. Affects Patriot Coal, Walter Energy & Alpha Nat Res miners.",5,1,NA,NA,NA,NA,2
DHHS_CMS,"MANCHIN, Joe, III",2017-09-21,"Manchin&Capito urge CMS and SSA to continue working to resolve former coal miners' Medicare enrollment delays and late enrollment penalties. Affects Patriot Coal, Walter Energy & Alpha Nat Res miners.",5,NA,NA,NA,NA,NA,2
DOL_MSHA,"CASEY, Robert (Bob), Jr.",2017-09-22,Investigation & Enforcement Information Related to,5,NA,investigation; enforcement; information,NA,NA,"might need more infomation, lots of potential policy events",2
DOL_MSHA,"CASEY, Robert (Bob), Jr.",2017-09-22,Investigation & Enforcement Information Related to,NA,NA,NA,NA,NA,NA,2
DOL_MSHA,"MURRAY, Patty",2017-09-22,Investigation & Enforcement Information Related to,5,NA,investigation; enforcement; information,NA,NA,"might need more infomation, lots of potential policy events",2
DOL_MSHA,"MURRAY, Patty",2017-09-22,Investigation & Enforcement Information Related to,NA,NA,NA,NA,NA,NA,2
DOL_MSHA,"WHITEHOUSE, Sheldon",2017-09-22,Investigation & Enforcement Information Related to,5,NA,investigation; enforcement; information,NA,NA,"might need more infomation, lots of potential policy events",2
DOL_MSHA,"WHITEHOUSE, Sheldon",2017-09-22,Investigation & Enforcement Information Related to,NA,NA,NA,NA,NA,NA,2
DOL_MSHA,"REED, Thomas W. II",2017-09-28,MSHA/lnspection/Vlolations/Fines/lssues With New Inspector 8 His Jurisdiction,2,NA,enforcement,NA,NA,NA,2
DOL_MSHA,"REED, Thomas W. II",2017-09-28,MSHA/lnspection/Vlolations/Fines/lssues With New Inspector 8 His Jurisdiction,NA,NA,NA,NA,NA,NA,2
DHHS_CMS,"HEITKAMP, Mary Kathryn (Heidi)",2017-10-02,Heitkamp seeks to understand how HHS made the decision to cut Navigator funding and how the Dept intends to address the impacts of the cuts.,5,NA,information; budget allocation; decision,how HHS made the decision to cut Navigator funding,NA,NA,2
DHHS_CMS,"HEITKAMP, Mary Kathryn (Heidi)",2017-10-02,Heitkamp seeks to understand how HHS made the decision to cut Navigator funding and how the Dept intends to address the impacts of the cuts.,5,NA,information; budget allocation,how HHS made the decision to cut Navigator funding and how the Dept intends to address the impacts of the cuts,NA,NA,2
DOD_DeCA,"COONS, Christopher A.",2017-10-03,PERSONNEL AND PAY ISSUES FROM EMPLOYEMENT WHILE IN GERMANY,1,NA,NA,NA,NA,NA,2
DOD_DeCA,"COONS, Christopher A.",2017-10-03,PERSONNEL AND PAY ISSUES FROM EMPLOYEMENT WHILE IN GERMANY,NA,NA,NA,NA,NA,NA,2
DOD_DeCA,"RUTHERFORD, John Henry",2017-10-04,UNPROFESSIONAL MANAGEMENT/UNFAIR TREATMENT,1,NA,NA,NA,NA,NA,2
DOD_DeCA,"RUTHERFORD, John Henry",2017-10-04,UNPROFESSIONAL MANAGEMENT/UNFAIR TREATMENT,NA,NA,NA,NA,NA,NA,2
DHHS_CMS,"McCOLLUM, Betty",2017-10-05,"Rep McCollum+4 appreciate the Administration's approval of Minnesota's 1332 waiver, but strongly oppose funding cuts to MN's Basic Health Plan.",5,3,NA,NA,NA,NA,2
DHHS_CMS,"McCOLLUM, Betty",2017-10-05,"Rep McCollum+4 appreciate the Administration's approval of Minnesota's 1332 waiver, but strongly oppose funding cuts to MN's Basic Health Plan.",5,NA,NA,NA,NA,NA,2
NARA,"HUDSON, Richard",2017-10-06,"medals, Navy, ssn (b)(6)",1,NA,NA,NA,NA,follow up to SR 2-20576040175,2
NARA,"HUDSON, Richard",2017-10-06,"medals, Army Air Force, ssn (b)(6)",1,NA,NA,NA,NA,NA,2
NARA,"HUDSON, Richard",2017-10-06,"medals, Navy, ssn (b)(6)",1,NA,NA,NA,NA,NA,2
NARA,"HUDSON, Richard",2017-10-06,"medals, Army Air Force, ssn (b)(6)",1,NA,NA,NA,NA,follow up to SR 2-18912797885,2
NARA,"BOOKER, Cory Anthony",2017-10-11,"DD214, Army, ssn (b)(6)",1,NA,NA,NA,NA,NA,2
NARA,"BOOKER, Cory Anthony",2017-10-11,"DD214, Army, ssn (b)(6)",1,NA,NA,NA,NA,follow up to SR 2-20028603926,2
NARA,"BISHOP, Sanford Dixon, Jr.",2017-10-12,"OMPF and medical records, Army, ssn (b)(6)",1,NA,NA,NA,NA,follow up to SR 2-19810222415,2
NARA,"BISHOP, Sanford Dixon, Jr.",2017-10-12,"OMPF and medical records, Army, ssn (b)(6)",1,NA,NA,NA,NA,NA,2
DOL_MSHA,"KIND, Ron",2017-10-12,Inquiry Into The Denial of FOIA Request,1,NA,NA,NA,NA,NA,2
DOL_MSHA,"KIND, Ron",2017-10-12,Inquiry Into The Denial of FOIA Request,NA,NA,NA,NA,NA,NA,2
DHHS_CMS,"KAPTUR, Marcia Carolyn (Marcy)",2017-10-13,"Kaptur+3 concerned abt cuts to Navigator funding, Open Enrollment (OE) advertising, HC.gov maintenance outages & HHS regional directors lack of participation in OE events.",5,NA,budget allocation,cuts to Navigator funding,NA,NA,2
DHHS_CMS,"KAPTUR, Marcia Carolyn (Marcy)",2017-10-13,"Kaptur+3 concerned abt cuts to Navigator funding, Open Enrollment (OE) advertising, HC.gov maintenance outages & HHS regional directors lack of participation in OE events.",5,NA,NA,NA,NA,NA,2
DHHS_CMS,"ALLEN, Rick W.",2017-10-16,Concerns Regarding Compensation for Obamacare Compared To licensed health Insurance Agents,5,4,NA,NA,NA,NA,2
DHHS_CMS,"ALLEN, Rick W.",2017-10-16,Concerns Regarding Compensation for Obamacare Compared To licensed health Insurance Agents,1,2,NA,NA,NA,NA,2
VA,"NEWHOUSE, Daniel Milton",2017-10-16,non-payment,2,1,NA,NA,NA,NA,2
VA,"NEWHOUSE, Daniel Milton",2017-10-16,non-payment,1,2,NA,NA,NA,NA,2
DHHS_CMS,"HATCH, Orrin Grant",2017-10-18,Hatch & Wyden seek information about CMS's requirements for nursing homes and other similar facilities involving emergency preparedness and response. Asks several detailed questions.,5,4,information,Requirement For Emergency  Preparedness and response for nursing Home and Other Familiar Services,NA,NA,2
DHHS_CMS,"HATCH, Orrin Grant",2017-10-18,Hatch & Wyden seek information about CMS's requirements for nursing homes and other similar facilities involving emergency preparedness and response. Asks several detailed questions.,5,4,information,information about CMS's requirements for nursing homes and other similar facilities involving emergency preparedness and response,NA,NA,2
VA,"SCHUMER, Charles Ellis (Chuck)",2017-10-23,A&A,1,NA,NA,NA,NA,NA,2
VA,"SCHUMER, Charles Ellis (Chuck)",2017-10-23,A&A,NA,NA,NA,NA,NA,NA,2
DOL_MSHA,"GRIFFITH, H. Morgan",2017-10-24,Placed On Light Duty Without Explanation,1,NA,NA,NA,NA,NA,2
DOL_MSHA,"GRIFFITH, H. Morgan",2017-10-24,Placed On Light Duty Without Explanation,NA,NA,NA,NA,NA,NA,2
DHHS_CMS,"CAPITO, Shelley Moore",2017-10-25,"Capito asks CMS to clarify the End-Stage Renal disease rule so that it is clear Medicare covers and pays for hemodialysis more than 3 times a week, which can be medically necessary.",5,NA,rule,End-Stage Renal disease rule,NA,NA,2
DHHS_CMS,"CAPITO, Shelley Moore",2017-10-25,"Capito asks CMS to clarify the End-Stage Renal disease rule so that it is clear Medicare covers and pays for hemodialysis more than 3 times a week, which can be medically necessary.",5,4,rule,End-Stage Renal disease rule,NA,NA,2
DOD_DeCA,"GALLAGHER, Michael",2017-10-26,MOC IS REQUESTING CONSUMPTION DATA FOR DA FOR FY 17 - RTD ARMY DOES NOT PURCHASE ITEMS FOR TROOPS FROM CMSY,5,NA,report,NA,NA,NA,2
DOD_DeCA,"GALLAGHER, Michael",2017-10-26,MOC IS REQUESTING CONSUMPTION DATA FOR DA FOR FY 17 - RTD ARMY DOES NOT PURCHASE ITEMS FOR TROOPS FROM CMSY,NA,NA,NA,NA,NA,NA,2
DHHS_CMS,"PASCRELL, William J., Jr.",2017-11-09,"Pascrell urges CMS to expand the universe of labs required to report or at least allow labs that fall outside the definition of ""applicable laboratory"" to voluntarily report data.",5,NA,NA,NA,NA,NA,2
DHHS_CMS,"PASCRELL, William J., Jr.",2017-11-09,"Pascrell urges CMS to expand the universe of labs required to report or at least allow labs that fall outside the definition of ""applicable laboratory"" to voluntarily report data.",5,4,NA,NA,NA,NA,2
DOL_MSHA,"GRIFFITH, H. Morgan",2017-11-16,Follow-Up/ Placed On Light Duty Without Explanation,1,NA,NA,NA,NA,NA,2
DOL_MSHA,"GRIFFITH, H. Morgan",2017-11-16,Follow-Up/ Placed On Light Duty Without Explanation,NA,NA,NA,NA,NA,NA,2
NARA,"LAWSON, Alfred Jr.",2017-11-17,"OMPF and medical records, Army, ssn (b)(6)",1,NA,NA,NA,NA,follow up to SR 2-20818561695,2
NARA,"LAWSON, Alfred Jr.",2017-11-17,"OMPF and medical records, Army, ssn (b)(6)",1,NA,NA,NA,NA,follow up to SR 2-20367734861,2
NARA,"BISHOP, Sanford Dixon, Jr.",2017-11-20,"medical records, Army, ssn (b)(6)",1,NA,NA,NA,NA,Congressional add-on to SR 2-21090641289 (which is his own request for OMPF and medical records),2
NARA,"BISHOP, Sanford Dixon, Jr.",2017-11-20,"medical records, Army, ssn (b)(6)",1,NA,NA,NA,NA,NA,2
DOT_FHWA,"MURKOWSKI, Lisa",2017-11-27,"Letter Addressed to Secretary Chao, Secretary Zinke, and Secretary Perdue Urging Coordinated Assistance to Actively Support the Selection of the Juneau Creek Alternative as the Final Preferred Alternative for the Bypass and Take All Necessary Steps Needed to Allow the Bypass to be Constructed (4 Cosigners) NA NA NA NA NA NA NA NA NA NA",5,3,"NA","NA","NA","NA",2
DOT_FHWA,"MURKOWSKI, Lisa",2017-11-27,"Letter Addressed to Secretary Chao, Secretary Zinke, and Secretary Perdue Urging Coordinated Assistance to Actively Support the Selection of the Juneau Creek Alternative as the Final Preferred Alternative for the Bypass and Take All Necessary Steps Needed to Allow the Bypass to be Constructed (4 Cosigners) NA NA NA NA NA NA NA NA NA NA",3,5,"NA","NA","NA","NA",2
DHHS_CMS,"TOOMEY, Patrick Joseph",2017-11-28,Regarding Coverage of Prescriptions due to a rule in the Affordable Care Act.,5,1,rule; legislation,Coverage of Prescriptions due to a rule in the Affordable Care Act,NA,NA,2
DHHS_CMS,"TOOMEY, Patrick Joseph",2017-11-28,Regarding Coverage of Prescriptions due to a rule in the Affordable Care Act.,1,NA,NA,NA,NA,NA,2
DHHS_CMS,"FASO, John J.",2017-11-29,Faso - Follow-up to previous group letter [123 signers] regarding SNF Requirements of Participation for Skilled Nursing Facilities/Nursing Facilities (SNF/NF),5,4,rule,SNF Requirements of Participation for Skilled Nursing Facilities,NA,NA,2
DHHS_CMS,"FASO, John J.",2017-11-29,Faso - Follow-up to previous group letter [123 signers] regarding SNF Requirements of Participation for Skilled Nursing Facilities/Nursing Facilities (SNF/NF),5,4,NA,SNF Requirements of Participation for Skilled Nursing Facilities,NA,NA,2
DHHS_CMS,"ROSKAM, Peter",2017-11-29,Roskam concerned that HCBS rule limits living & vocational options for individuals w/ develop. disabilities & obstructs individ choice. Asks CMS to ensure 1915(c) permits best setting for individuals.,5,NA,NA,HCBS rule,NA,NA,2
DHHS_CMS,"ROSKAM, Peter",2017-11-29,Roskam concerned that HCBS rule limits living & vocational options for individuals w/ develop. disabilities & obstructs individ choice. Asks CMS to ensure 1915(c) permits best setting for individuals.,5,4,rule,HCBS rule,NA,NA,2
DHHS_CMS,"INHOFE, James Mountain",2017-11-30,"Inhofe asks CMS to work w/ Oklahoma Health Care Auth to resolve the issues involving supplemental funding for state medical schools under OK's 1115, and approve the waiver by 12/31.",3,5,NA,NA,NA,NA,2
DHHS_CMS,"INHOFE, James Mountain",2017-11-30,"Inhofe asks CMS to work w/ Oklahoma Health Care Auth to resolve the issues involving supplemental funding for state medical schools under OK's 1115, and approve the waiver by 12/31.",3,NA,NA,NA,NA,NA,2
DOL_MSHA,"CAPITO, Shelley Moore",2017-12-05,Inspectors Unable to Meet Medical Standards/Concerned about Losing Jobs,1,NA,NA,NA,NA,see 522; group of employees within MSHA (but probably not a union?),2
DOL_MSHA,"CAPITO, Shelley Moore",2017-12-05,Inspectors Unable to Meet Medical Standards/Concerned about Losing Jobs,NA,NA,NA,NA,NA,NA,2
DHHS_CMS,"KENNEDY, Joseph P. III",2017-12-05,Kennedy: MHPAEA requires states to review mental health benefits in Medicaid mngd care & alternative benefit plans & document compliance w/ the law. Seeks list of States CMS gave extensions to & dates,5,NA,legislation; information,states given extension for compliance with MHPAEA,NA,NA,2
DHHS_CMS,"KENNEDY, Joseph P. III",2017-12-05,Kennedy: MHPAEA requires states to review mental health benefits in Medicaid mngd care & alternative benefit plans & document compliance w/ the law. Seeks list of States CMS gave extensions to & dates,5,NA,information; legislation,MHPAEA requires states to review mental health benefits in Medicaid mngd care & alternative benefit plans & document compliance w/ the law. Seeks list of States CMS gave extensions to & dates,NA,NA,2
DOT_FHWA,"BENNET, Michael F.",2017-12-07,Supports the Letter submitted by the City and County of Denver's(Denver) Request to Remove the NHS Designation on Pena Boulevard East of E-470 to the Denver International Airport (DEN) Terminal (Pena East) NA NA NA NA NA NA NA NA NA NA,3,"NA","NA","NA","NA","NA",2
DOT_FHWA,"BENNET, Michael F.",2017-12-07,Supports the Letter submitted by the City and County of Denver's(Denver) Request to Remove the NHS Designation on Pena Boulevard East of E-470 to the Denver International Airport (DEN) Terminal (Pena East) NA NA NA NA NA NA NA NA NA NA,3,"NA",NA,"NA","NA","NA",2
DOT_FHWA,"GARDNER, Cory",2017-12-07,Supports the Letter submitted by the City and County of Denver's(Denver) Request to Remove the NHS Designation on Pena Boulevard East of E-470 to the Denver International Airport (DEN) Terminal (Pena East) NA NA NA NA NA NA NA NA NA NA,3,"NA","NA","NA","NA","NA",2
DOT_FHWA,"GARDNER, Cory",2017-12-07,Supports the Letter submitted by the City and County of Denver's(Denver) Request to Remove the NHS Designation on Pena Boulevard East of E-470 to the Denver International Airport (DEN) Terminal (Pena East) NA NA NA NA NA NA NA NA NA NA,3,"NA",NA,"NA","NA","NA",2
DOE_FERC,"FEINSTEIN, Dianne",2017-12-15,Senator Dianne Feinstein submits a letter from Bradley Bartz regarding ABC Solar Incorporated for FERC's review and response.,NA,NA,NA,NA,NA,BAD FILES NA,2
DOE_FERC,"FEINSTEIN, Dianne",2017-12-15,Senator Dianne Feinstein submits a letter from Bradley Bartz regarding ABC Solar Incorporated for FERC's review and response.,2,NA,NA,NA,NA,NA,2
DOL_MSHA,"CASEY, Robert (Bob), Jr.",2017-12-22,Oppose Reexamination of The Respirable Dust Rule As Reflected In Unified Agenda,5,NA,rule,Respirable Dust Rule,past,"past rule, but future revisions",2
DOL_MSHA,"CASEY, Robert (Bob), Jr.",2017-12-22,Oppose Reexamination of The Respirable Dust Rule As Reflected In Unified Agenda,NA,NA,NA,NA,NA,NA,2
DOL_MSHA,"KAINE, Timothy Michael (Tim)",2017-12-22,Oppose Reexamination of The Respirable Dust Rule As Reflected In Unified Agenda,5,NA,rule,Respirable Dust Rule,past,"past rule, but future revisions",2
DOL_MSHA,"KAINE, Timothy Michael (Tim)",2017-12-22,Oppose Reexamination of The Respirable Dust Rule As Reflected In Unified Agenda,NA,NA,NA,NA,NA,NA,2
DOL_MSHA,"MANCHIN, Joe, III",2017-12-22,Oppose Reexamination of The Respirable Dust Rule As Reflected In Unified Agenda,5,NA,rule,Respirable Dust Rule,past,"past rule, but future revisions",2
DOL_MSHA,"MANCHIN, Joe, III",2017-12-22,Oppose Reexamination of The Respirable Dust Rule As Reflected In Unified Agenda,NA,NA,NA,NA,NA,NA,2
DOL_MSHA,"CAPITO, Shelley Moore",2017-12-26,Retrospective Study of Respirable Coal Mine Dust Rule; Concern about Rule,5,NA,information; rule,Respirable Dust Rule,past,NA,2
DOL_MSHA,"CAPITO, Shelley Moore",2017-12-26,Retrospective Study of Respirable Coal Mine Dust Rule; Concern about Rule,NA,NA,NA,NA,NA,NA,2
DOE_FERC,"DENT, Charles W.",2017-12-28,Congressman Charles W. Dent forwards a letter re the Atlantic Sunrise Pipeline Project under CP15-138.,NA,NA,NA,NA,NA,BAD FILES NA,2
DOE_FERC,"DENT, Charles W.",2017-12-28,Congressman Charles W. Dent forwards a letter re the Atlantic Sunrise Pipeline Project under CP15-138.,2,NA,NA,NA,NA,NA,2
DOD_DeCA,"McSALLY, Martha",2018-01-09,FORMER EMPLOYEE REQUESTED FORM 8 AND STILL HAS NOT RECEIVED IT,1,NA,NA,NA,NA,NA,2
DOD_DeCA,"McSALLY, Martha",2018-01-09,FORMER EMPLOYEE REQUESTED FORM 8 AND STILL HAS NOT RECEIVED IT,NA,NA,NA,NA,NA,NA,2
DOD_DeCA,"NELSON, Clarence William (Bill)",2018-01-18,"NEW STORE HAS REDUCED SERVICES FROM OLD SERVICES, IE TABLE AND CHAIRS, DELI, ETC.",1,NA,NA,NA,NA,NA,2
DOD_DeCA,"NELSON, Clarence William (Bill)",2018-01-18,"NEW STORE HAS REDUCED SERVICES FROM OLD SERVICES, IE TABLE AND CHAIRS, DELI, ETC.",NA,NA,NA,NA,NA,NA,2
DOE_FERC,"CUELLAR, Henry",2018-01-23,Congressman Henry Cuellar submits an inquiry re the Public Utility Regulatory Policy Act.,5,4,NA,NA,NA,BAD FILES NA,2
DOE_FERC,"CUELLAR, Henry",2018-01-23,Congressman Henry Cuellar submits an inquiry re the Public Utility Regulatory Policy Act.,1,4,NA,NA,NA,NA,2
NARA,"BOOKER, Cory Anthony",2018-01-24,"DD214, Army, ssn (b)(6)",1,NA,NA,NA,NA,NA,3
NARA,"BOOKER, Cory Anthony",2018-01-24,"DD214, Army, ssn (b)(6)",1,NA,NA,NA,NA,Congressional add-on to SR 2-21299444825,3
NARA,"BOOKER, Cory Anthony",2018-01-24,"DD214, Army, ssn (b)(6)",1,NA,NA,NA,NA,Congressional add-on to SR 2-21268063695,3
DOD_DeCA,"COMSTOCK, Barbara J.",2018-01-24,CMSY NOT PROPERLY STOCKED.,1,NA,NA,NA,NA,NA,2
DOD_DeCA,"COMSTOCK, Barbara J.",2018-01-24,CMSY NOT PROPERLY STOCKED.,NA,NA,NA,NA,NA,NA,2
DOD_DeCA,"LOUDERMILK, Barry D.",2018-02-15,MOC REQUESTING CRITERIA FOR BASES GETTING FULL COMMISSARY; NUMBER OF PERSONNEL AT BASE FOR CMSY,1,5,NA,NA,NA,NA,2
DOD_DeCA,"LOUDERMILK, Barry D.",2018-02-15,MOC REQUESTING CRITERIA FOR BASES GETTING FULL COMMISSARY; NUMBER OF PERSONNEL AT BASE FOR CMSY,NA,NA,NA,NA,NA,NA,2
DOE_FERC,"HICE, Jody Brownlow",2018-02-23,Congressman Jody Hice submits comments re the Privacy Act Release Form etc. under P-2413.,NA,NA,NA,NA,NA,BAD FILES NA,2
DOE_FERC,"HICE, Jody Brownlow",2018-02-23,Congressman Jody Hice submits comments re the Privacy Act Release Form etc. under P-2413.,2,NA,NA,NA,NA,Paul Maynard - ProBusiness Employee,2
DOD_USACE,"CLARK, Katherine M.",2018-03-19,Routine Mr. Clark - Louisiana Dept. of Transportation & Development - Houma Navigation Canal Deepening Study USACE-CW Civil Works,3,NA,NA,NA,NA,NA,2
DOD_USACE,"CLARK, Katherine M.",2018-03-19,Routine Mr. Clark - Louisiana Dept. of Transportation & Development - Houma Navigation Canal Deepening Study USACE-CW Civil Works,5,NA,oversight,NA,NA,NA,2
VA,"LEWIS, Jason Mark",2018-05-29,VIC,1,NA,NA,NA,NA,NA,2
VA,"LEWIS, Jason Mark",2018-05-29,VIC,NA,NA,NA,NA,NA,NA,2
VA,"LEWIS, John R.",2018-05-29,VIC,1,NA,NA,NA,NA,NA,2
VA,"LEWIS, John R.",2018-05-29,VIC,NA,NA,NA,NA,NA,NA,2
DOE_FERC,"SMUCKER, Lloyd K.",2018-05-31,U.S. Representative Lloyd Smucker submits letter on behalf of Mr. Erik Armstrong re the Atlantic Sunrise Pipeline Project under CP15-138.,3,NA,NA,NA,NA,BAD FILES NA,2
DOE_FERC,"SMUCKER, Lloyd K.",2018-05-31,U.S. Representative Lloyd Smucker submits letter on behalf of Mr. Erik Armstrong re the Atlantic Sunrise Pipeline Project under CP15-138.,1,NA,NA,NA,NA,NA,2
VA,"LEWIS, Jason Mark",2018-08-01,f/u:  VIC,NA,NA,NA,NA,NA,NA,2
VA,"LEWIS, Jason Mark",2018-08-01,f/u:  VIC,1,NA,NA,NA,NA,NA,2
VA,"LEWIS, John R.",2018-08-01,f/u:  VIC,NA,NA,NA,NA,NA,NA,2
VA,"LEWIS, John R.",2018-08-01,f/u:  VIC,1,NA,NA,NA,NA,NA,2
DOE_FERC,"WILSON, Addison Graves (Joe)",2018-09-10,United States Congressman Joe Wilson submits comments re Mr. Wesley S. Wilson under P-516.,NA,NA,NA,NA,NA,BAD FILES NA,2
DOE_FERC,"WILSON, Addison Graves (Joe)",2018-09-10,United States Congressman Joe Wilson submits comments re Mr. Wesley S. Wilson under P-516.,2,NA,NA,NA,NA,NA,2
DOD_OIG,"THORNBERRY, William McClellan (Mac)",2018-09-28,NA,5,NA,information,NA,NA,NA,2
DOD_OIG,"THORNBERRY, William McClellan (Mac)",2018-09-28,NA,1,NA,NA,NA,NA,NA,2
NARA,"TIPTON, Scott",2019-03-29,"DD214, Army, ssn (b)(6)",1,NA,NA,NA,NA,follow up to SR 2-21007422210 they never received the response,2
NARA,"TIPTON, Scott",2019-03-29,"DD214, Army, ssn (b)(6)",1,NA,NA,NA,NA,NA,2
